problem.name;solver.name;randomGenerator.seed;n.iterations;n.evals;n.births;elapsed.secs;all→size;firsts→size;lasts→size;all→each[genotype]→uniqueness;all→each[solution]→uniqueness;all→each[quality]→uniqueness;"all→percentile[quality→privacy;100]→quality→privacy";"all→percentile[quality→privacy;100]→quality→performance-similarity";"all→percentile[quality→privacy;100]→solution";"all→percentile[quality→performance-similarity;100]→quality→privacy";"all→percentile[quality→performance-similarity;100]→quality→performance-similarity";"all→percentile[quality→performance-similarity;100]→solution";"all→percentile[quality→privacy;75]→quality→privacy";"all→percentile[quality→privacy;75]→quality→performance-similarity";"all→percentile[quality→privacy;75]→solution";"all→percentile[quality→performance-similarity;75]→quality→privacy";"all→percentile[quality→performance-similarity;75]→quality→performance-similarity";"all→percentile[quality→performance-similarity;75]→solution"
datasets/airQuality_parallel.csv;nsga2;1;1;100;100;6.92600e+00;100;3;83;1.00000e+00;1.00000e+00;1.40000e-01;7.39254e-01;9.19684e-01;Pipeline { filter(RH > 0.0000) };7.39254e-01;9.19684e-01;Pipeline { filter(RH > 0.0000) };0.00000e+00;0.00000e+00;Pipeline { filter(PT08.S3(NOx) < 96.5000) | filter(PT08.S4(NO2) > 43.3000) | filter(C6H6(GT) > 4.7100) | filter(PT08.S1(CO) < 336.0000) | filter(CO(GT) < 0.0000) | filter(RH > 0.0000) };0.00000e+00;0.00000e+00;Pipeline { filter(PT08.S3(NOx) < 96.5000) | filter(PT08.S4(NO2) > 43.3000) | filter(C6H6(GT) > 4.7100) | filter(PT08.S1(CO) < 336.0000) | filter(CO(GT) < 0.0000) | filter(RH > 0.0000) }
datasets/airQuality_parallel.csv;nsga2;1;2;200;200;9.49200e+00;100;10;63;1.00000e+00;1.00000e+00;1.90000e-01;7.39254e-01;9.19684e-01;Pipeline { filter(PT08.S5(O3) > 17.6000) };7.39254e-01;9.19684e-01;Pipeline { filter(PT08.S5(O3) > 17.6000) };8.24266e-02;1.01922e-01;Pipeline { filter(NMHC(GT) > 0.9000) };8.24266e-02;1.01922e-01;Pipeline { filter(NMHC(GT) > 0.9000) }
datasets/airQuality_parallel.csv;nsga2;1;3;300;300;1.24170e+01;100;21;29;1.00000e+00;9.90000e-01;2.40000e-01;7.39254e-01;9.19684e-01;Pipeline { filter(PT08.S3(NOx) < 24500000.0000) };7.39254e-01;9.19684e-01;Pipeline { filter(PT08.S3(NOx) < 24500000.0000) };6.11470e-01;8.78132e-01;Pipeline { filter(NOx(GT) > 0.5400) | filter(NOx(GT) < 630000.0000) };6.07984e-01;8.99054e-01;Pipeline { filter(CO(GT) < 26300000.0000) }
datasets/airQuality_parallel.csv;nsga2;1;4;400;400;1.45630e+01;100;44;10;1.00000e+00;9.70000e-01;1.90000e-01;7.39254e-01;9.19684e-01;Pipeline { filter(RH > 0.0514) };7.39254e-01;9.19684e-01;Pipeline { filter(RH > 0.0514) };7.39254e-01;9.19684e-01;Pipeline { filter(PT08.S3(NOx) < 9350000000.0000) };7.39254e-01;9.19684e-01;Pipeline { filter(PT08.S3(NOx) < 9350000000.0000) }
datasets/airQuality_parallel.csv;nsga2;1;5;500;500;1.69490e+01;100;88;2;1.00000e+00;1.00000e+00;6.00000e-02;7.39254e-01;9.19684e-01;Pipeline { filter(RH > 0.0000) };7.39254e-01;9.19684e-01;Pipeline { filter(RH > 0.0000) };7.39254e-01;9.19684e-01;Pipeline { filter(C6H6(GT) < 3600000.0000) };7.39254e-01;9.19684e-01;Pipeline { filter(C6H6(GT) < 3600000.0000) }
datasets/airQuality_parallel.csv;nsga2;1;6;600;600;1.95670e+01;100;100;100;1.00000e+00;1.00000e+00;1.00000e-02;7.39254e-01;9.19684e-01;Pipeline { filter(RH > 5.3100) };7.39254e-01;9.19684e-01;Pipeline { filter(RH > 5.3100) };7.39254e-01;9.19684e-01;Pipeline { filter(PT08.S3(NOx) < 20500000.0000) };7.39254e-01;9.19684e-01;Pipeline { filter(PT08.S3(NOx) < 20500000.0000) }
datasets/airQuality_parallel.csv;nsga2;1;7;700;700;2.22880e+01;100;100;100;1.00000e+00;9.90000e-01;2.00000e-02;7.76610e-01;9.06997e-01;Pipeline { filter(C6H6(GT) < 45.9000) };7.39254e-01;9.19684e-01;Pipeline { filter(PT08.S1(CO) > 8.4200) };7.39254e-01;9.19684e-01;Pipeline { filter(PT08.S5(O3) < 9500000.0000) };7.39254e-01;9.19684e-01;Pipeline { filter(PT08.S1(CO) > 4.0200) }
datasets/airQuality_parallel.csv;nsga2;1;8;800;800;2.47750e+01;100;100;100;1.00000e+00;1.00000e+00;2.00000e-02;7.76610e-01;9.06997e-01;Pipeline { filter(C6H6(GT) < 45.9000) };7.39254e-01;9.19684e-01;Pipeline { filter(RH > 0.0032) };7.39254e-01;9.19684e-01;Pipeline { filter(PT08.S5(O3) > 0.0006) };7.39254e-01;9.19684e-01;Pipeline { filter(PT08.S3(NOx) < 54000.0000) }
datasets/airQuality_parallel.csv;nsga2;1;9;900;900;2.70890e+01;100;100;100;1.00000e+00;1.00000e+00;2.00000e-02;7.76610e-01;9.06997e-01;Pipeline { filter(C6H6(GT) < 45.9000) };7.39254e-01;9.19684e-01;Pipeline { filter(PT08.S3(NOx) > 0.0000) };7.39254e-01;9.19684e-01;Pipeline { filter(PT08.S3(NOx) < 898000000.0000) };7.39254e-01;9.19684e-01;Pipeline { filter(PT08.S3(NOx) < 14000.0000) }
datasets/airQuality_parallel.csv;nsga2;1;10;1000;1000;2.93590e+01;100;100;100;1.00000e+00;9.90000e-01;2.00000e-02;7.76610e-01;9.06997e-01;Pipeline { filter(C6H6(GT) < 45.9000) };7.39254e-01;9.19684e-01;Pipeline { filter(PT08.S3(NOx) > 0.0001) };7.39254e-01;9.19684e-01;Pipeline { filter(RH > 0.0006) };7.39254e-01;9.19684e-01;Pipeline { filter(PT08.S2(NMHC) < 6630000000.0000) }
datasets/airQuality_parallel.csv;nsga2;1;11;1100;1100;3.18250e+01;100;100;100;1.00000e+00;1.00000e+00;2.00000e-02;7.76610e-01;9.06997e-01;Pipeline { filter(C6H6(GT) < 45.9000) };7.39254e-01;9.19684e-01;Pipeline { filter(PT08.S5(O3) < 25300.0000) };7.39254e-01;9.19684e-01;Pipeline { filter(PT08.S5(O3) < 7420.0000) };7.39254e-01;9.19684e-01;Pipeline { filter(PT08.S2(NMHC) > 0.0000) }
datasets/airQuality_parallel.csv;nsga2;1;12;1200;1200;3.41900e+01;100;100;100;1.00000e+00;1.00000e+00;2.00000e-02;7.76610e-01;9.06997e-01;Pipeline { filter(C6H6(GT) < 45.9000) };7.39254e-01;9.19684e-01;Pipeline { filter(PT08.S2(NMHC) > 0.0000) };7.39254e-01;9.19684e-01;Pipeline { filter(T < 326.0000) };7.39254e-01;9.19684e-01;Pipeline { filter(PT08.S3(NOx) < 8850000000.0000) }
datasets/airQuality_parallel.csv;nsga2;1;13;1300;1300;3.64960e+01;100;100;100;1.00000e+00;1.00000e+00;2.00000e-02;7.76610e-01;9.06997e-01;Pipeline { filter(C6H6(GT) < 45.9000) };7.39254e-01;9.19684e-01;Pipeline { filter(C6H6(GT) < 876000000.0000) };7.39254e-01;9.19684e-01;Pipeline { filter(PT08.S3(NOx) > 0.0070) };7.39254e-01;9.19684e-01;Pipeline { filter(AH > 0.0095) }
datasets/airQuality_parallel.csv;nsga2;1;14;1400;1400;3.90360e+01;100;100;100;1.00000e+00;1.00000e+00;2.00000e-02;7.76610e-01;9.06997e-01;Pipeline { filter(C6H6(GT) < 45.9000) };7.39254e-01;9.19684e-01;Pipeline { filter(AH > 0.0015) };7.39254e-01;9.19684e-01;Pipeline { filter(PT08.S2(NMHC) > 0.0000) };7.39254e-01;9.19684e-01;Pipeline { filter(PT08.S1(CO) > 0.0000) }
datasets/airQuality_parallel.csv;nsga2;1;15;1500;1500;4.14040e+01;100;100;100;1.00000e+00;1.00000e+00;2.00000e-02;7.76610e-01;9.06997e-01;Pipeline { filter(C6H6(GT) < 45.9000) };7.39254e-01;9.19684e-01;Pipeline { filter(PT08.S4(NO2) > 0.0000) };7.39254e-01;9.19684e-01;Pipeline { filter(T < 20700.0000) };7.39254e-01;9.19684e-01;Pipeline { filter(AH < 987000000.0000) }
datasets/airQuality_parallel.csv;nsga2;1;16;1600;1600;4.38320e+01;100;100;100;1.00000e+00;1.00000e+00;2.00000e-02;7.76610e-01;9.06997e-01;Pipeline { filter(C6H6(GT) < 45.9000) };7.39254e-01;9.19684e-01;Pipeline { filter(PT08.S3(NOx) > 0.1890) };7.39254e-01;9.19684e-01;Pipeline { filter(RH < 3730000000.0000) };7.39254e-01;9.19684e-01;Pipeline { filter(AH < 7930000000.0000) }
datasets/airQuality_parallel.csv;nsga2;1;17;1700;1700;4.62040e+01;100;100;100;1.00000e+00;9.90000e-01;2.00000e-02;7.76610e-01;9.06997e-01;Pipeline { filter(C6H6(GT) < 45.9000) };7.39254e-01;9.19684e-01;Pipeline { filter(C6H6(GT) > 0.0065) };7.39254e-01;9.19684e-01;Pipeline { filter(PT08.S3(NOx) > 0.0031) };7.39254e-01;9.19684e-01;Pipeline { filter(PT08.S4(NO2) > 0.0000) }
datasets/airQuality_parallel.csv;nsga2;1;18;1800;1800;4.85200e+01;100;100;100;1.00000e+00;1.00000e+00;2.00000e-02;7.76610e-01;9.06997e-01;Pipeline { filter(C6H6(GT) < 45.9000) };7.39254e-01;9.19684e-01;Pipeline { filter(PT08.S4(NO2) > 0.0000) };7.39254e-01;9.19684e-01;Pipeline { filter(PT08.S3(NOx) > 0.0001) };7.39254e-01;9.19684e-01;Pipeline { filter(RH > 0.0000) }
datasets/airQuality_parallel.csv;nsga2;1;19;1900;1900;5.11320e+01;100;100;100;1.00000e+00;9.90000e-01;2.00000e-02;7.76610e-01;9.06997e-01;Pipeline { filter(C6H6(GT) < 45.9000) };7.39254e-01;9.19684e-01;Pipeline { filter(AH < 24.0000) };7.39254e-01;9.19684e-01;Pipeline { filter(PT08.S3(NOx) > 0.7610) };7.39254e-01;9.19684e-01;Pipeline { filter(PT08.S1(CO) > 24.9000) }
datasets/airQuality_parallel.csv;nsga2;1;20;2000;2000;5.35450e+01;100;100;100;1.00000e+00;1.00000e+00;2.00000e-02;7.76610e-01;9.06997e-01;Pipeline { filter(C6H6(GT) < 45.9000) };7.39254e-01;9.19684e-01;Pipeline { filter(RH > 0.0000) };7.39254e-01;9.19684e-01;Pipeline { filter(PT08.S5(O3) < 36000000.0000) };7.39254e-01;9.19684e-01;Pipeline { filter(PT08.S2(NMHC) > 53.5000) }
datasets/airQuality_parallel.csv;nsga2;1;21;2100;2100;5.61570e+01;100;100;100;1.00000e+00;1.00000e+00;2.00000e-02;7.76610e-01;9.06997e-01;Pipeline { filter(C6H6(GT) < 45.9000) };7.39254e-01;9.19684e-01;Pipeline { filter(PT08.S5(O3) < 63000000.0000) };7.39254e-01;9.19684e-01;Pipeline { filter(PT08.S1(CO) > 0.0030) };7.39254e-01;9.19684e-01;Pipeline { filter(T < 3710000.0000) }
datasets/airQuality_parallel.csv;nsga2;1;22;2200;2200;5.84550e+01;100;100;100;1.00000e+00;1.00000e+00;2.00000e-02;7.76610e-01;9.06997e-01;Pipeline { filter(C6H6(GT) < 45.9000) };7.39254e-01;9.19684e-01;Pipeline { filter(RH < 270000000.0000) };7.39254e-01;9.19684e-01;Pipeline { filter(PT08.S2(NMHC) > 0.0006) };7.39254e-01;9.19684e-01;Pipeline { filter(RH < 31300.0000) }
datasets/airQuality_parallel.csv;nsga2;1;23;2300;2300;6.06900e+01;100;100;100;1.00000e+00;9.90000e-01;2.00000e-02;7.76610e-01;9.06997e-01;Pipeline { filter(C6H6(GT) < 45.9000) };7.39254e-01;9.19684e-01;Pipeline { filter(PT08.S1(CO) < 668000.0000) };7.39254e-01;9.19684e-01;Pipeline { filter(C6H6(GT) < 78.4000) };7.39254e-01;9.19684e-01;Pipeline { filter(PT08.S1(CO) > 0.0000) }
datasets/airQuality_parallel.csv;nsga2;1;24;2400;2400;6.29110e+01;100;100;100;1.00000e+00;1.00000e+00;2.00000e-02;7.76610e-01;9.06997e-01;Pipeline { filter(C6H6(GT) < 45.9000) };7.39254e-01;9.19684e-01;Pipeline { filter(PT08.S3(NOx) < 40700000.0000) };7.39254e-01;9.19684e-01;Pipeline { filter(AH > 0.0000) };7.39254e-01;9.19684e-01;Pipeline { filter(PT08.S2(NMHC) > 0.0000) }
datasets/airQuality_parallel.csv;nsga2;1;25;2500;2500;6.54700e+01;100;100;100;1.00000e+00;1.00000e+00;3.00000e-02;7.76610e-01;9.06997e-01;Pipeline { filter(C6H6(GT) < 45.9000) };7.38267e-01;9.21791e-01;Pipeline { filter(RH < 85.7000) };7.39254e-01;9.19684e-01;Pipeline { filter(PT08.S3(NOx) > 0.4230) };7.39254e-01;9.19684e-01;Pipeline { filter(PT08.S3(NOx) > 0.4230) }
datasets/airQuality_parallel.csv;nsga2;1;26;2600;2600;6.75690e+01;100;100;100;1.00000e+00;1.00000e+00;3.00000e-02;7.76610e-01;9.06997e-01;Pipeline { filter(C6H6(GT) < 45.9000) };7.38267e-01;9.21791e-01;Pipeline { filter(RH < 85.7000) };7.39254e-01;9.19684e-01;Pipeline { filter(PT08.S1(CO) < 90900.0000) };7.39254e-01;9.19684e-01;Pipeline { filter(PT08.S1(CO) < 90900.0000) }
datasets/airQuality_parallel.csv;nsga2;1;27;2700;2700;6.99160e+01;100;100;100;1.00000e+00;1.00000e+00;4.00000e-02;7.81125e-01;8.35695e-01;Pipeline { filter(C6H6(GT) < 35.9000) };7.38267e-01;9.21791e-01;Pipeline { filter(RH < 85.7000) };7.39254e-01;9.19684e-01;Pipeline { filter(PT08.S5(O3) > 0.0005) };7.39254e-01;9.19684e-01;Pipeline { filter(PT08.S1(CO) > 1.2800) }
datasets/airQuality_parallel.csv;nsga2;1;28;2800;2800;7.24380e+01;100;100;100;1.00000e+00;9.70000e-01;4.00000e-02;7.81125e-01;8.35695e-01;Pipeline { filter(C6H6(GT) < 35.9000) };7.38267e-01;9.21791e-01;Pipeline { filter(RH < 85.7000) };7.39254e-01;9.19684e-01;Pipeline { filter(PT08.S1(CO) > 0.0000) };7.39254e-01;9.19684e-01;Pipeline { filter(PT08.S5(O3) < 7860000.0000) }
datasets/airQuality_parallel.csv;nsga2;1;29;2900;2900;7.48340e+01;100;100;100;1.00000e+00;1.00000e+00;4.00000e-02;7.81125e-01;8.35695e-01;Pipeline { filter(C6H6(GT) < 35.9000) };7.38267e-01;9.21791e-01;Pipeline { filter(RH < 85.7000) };7.39254e-01;9.19684e-01;Pipeline { filter(PT08.S2(NMHC) > 0.0250) };7.39254e-01;9.19684e-01;Pipeline { filter(PT08.S1(CO) > 0.0000) }
datasets/airQuality_parallel.csv;nsga2;1;30;3000;3000;7.71100e+01;100;100;100;1.00000e+00;1.00000e+00;5.00000e-02;7.81125e-01;8.35695e-01;Pipeline { filter(C6H6(GT) < 35.9000) };7.38267e-01;9.21791e-01;Pipeline { filter(RH < 85.7000) };7.39254e-01;9.19684e-01;Pipeline { filter(RH > 0.0000) };7.39254e-01;9.19684e-01;Pipeline { filter(C6H6(GT) > 0.0001) }
datasets/airQuality_parallel.csv;nsga2;1;31;3100;3100;7.94150e+01;100;100;100;1.00000e+00;1.00000e+00;5.00000e-02;7.81125e-01;8.35695e-01;Pipeline { filter(C6H6(GT) < 35.9000) };7.38514e-01;9.23706e-01;Pipeline { filter(RH < 85.9000) };7.39254e-01;9.19684e-01;Pipeline { filter(PT08.S2(NMHC) < 9600000.0000) };7.39254e-01;9.19684e-01;Pipeline { filter(RH < 39400.0000) }
datasets/airQuality_parallel.csv;nsga2;1;32;3200;3200;8.17800e+01;100;100;100;1.00000e+00;1.00000e+00;5.00000e-02;7.81913e-01;8.52033e-01;Pipeline { filter(C6H6(GT) < 36.3000) };7.38514e-01;9.23706e-01;Pipeline { filter(RH < 85.9000) };7.39254e-01;9.19684e-01;Pipeline { filter(PT08.S3(NOx) > 0.0003) };7.39254e-01;9.19684e-01;Pipeline { filter(PT08.S1(CO) > 0.7060) }
datasets/airQuality_parallel.csv;nsga2;1;33;3300;3300;8.41730e+01;100;100;100;1.00000e+00;1.00000e+00;5.00000e-02;7.81913e-01;8.52033e-01;Pipeline { filter(C6H6(GT) < 36.3000) };7.38514e-01;9.23706e-01;Pipeline { filter(RH < 85.9000) };7.39254e-01;9.19684e-01;Pipeline { filter(PT08.S1(CO) > 0.0000) };7.39254e-01;9.19684e-01;Pipeline { filter(PT08.S1(CO) < 91400000.0000) }
datasets/airQuality_parallel.csv;nsga2;1;34;3400;3400;8.65030e+01;100;100;100;1.00000e+00;1.00000e+00;5.00000e-02;7.81913e-01;8.52033e-01;Pipeline { filter(C6H6(GT) < 36.3000) };7.38514e-01;9.23706e-01;Pipeline { filter(RH < 85.9000) };7.39254e-01;9.19684e-01;Pipeline { filter(PT08.S1(CO) < 91800000.0000) };7.39254e-01;9.19684e-01;Pipeline { filter(AH < 3100000.0000) }
datasets/airQuality_parallel.csv;nsga2;1;35;3500;3500;8.88510e+01;100;100;100;1.00000e+00;1.00000e+00;5.00000e-02;7.81913e-01;8.52033e-01;Pipeline { filter(C6H6(GT) < 36.3000) };7.38514e-01;9.23706e-01;Pipeline { filter(RH < 85.9000) };7.39254e-01;9.19684e-01;Pipeline { filter(PT08.S1(CO) < 3030000.0000) };7.39254e-01;9.19684e-01;Pipeline { filter(PT08.S1(CO) < 322000000.0000) }
datasets/airQuality_parallel.csv;nsga2;1;36;3600;3600;9.17020e+01;100;100;100;1.00000e+00;1.00000e+00;5.00000e-02;7.81913e-01;8.52033e-01;Pipeline { filter(C6H6(GT) < 36.3000) };7.38514e-01;9.23706e-01;Pipeline { filter(RH < 85.9000) };7.39254e-01;9.19684e-01;Pipeline { filter(RH < 43100.0000) };7.39254e-01;9.19684e-01;Pipeline { filter(RH > 4.4600) }
datasets/airQuality_parallel.csv;nsga2;1;37;3700;3700;9.39670e+01;100;100;100;1.00000e+00;1.00000e+00;6.00000e-02;7.81913e-01;8.52033e-01;Pipeline { filter(C6H6(GT) < 36.3000) };7.38514e-01;9.23706e-01;Pipeline { filter(RH < 85.9000) };7.39254e-01;9.19684e-01;Pipeline { filter(PT08.S3(NOx) > 0.0169) };7.39254e-01;9.19684e-01;Pipeline { filter(AH < 2280000000.0000) }
datasets/airQuality_parallel.csv;nsga2;1;38;3800;3800;9.62180e+01;100;100;100;1.00000e+00;1.00000e+00;6.00000e-02;7.81913e-01;8.52033e-01;Pipeline { filter(C6H6(GT) < 36.3000) };7.38514e-01;9.23706e-01;Pipeline { filter(RH < 85.9000) };7.39254e-01;9.19684e-01;Pipeline { filter(RH > 0.3740) };7.39254e-01;9.19684e-01;Pipeline { filter(AH < 7280000000.0000) }
datasets/airQuality_parallel.csv;nsga2;1;39;3900;3900;9.84260e+01;100;100;100;1.00000e+00;9.90000e-01;7.00000e-02;7.81913e-01;8.52033e-01;Pipeline { filter(C6H6(GT) < 36.3000) };7.38514e-01;9.23706e-01;Pipeline { filter(RH < 85.9000) };7.39254e-01;9.19684e-01;Pipeline { filter(AH > 0.0100) };7.39254e-01;9.19684e-01;Pipeline { filter(PT08.S4(NO2) < 489000.0000) }
datasets/airQuality_parallel.csv;nsga2;1;40;4000;4000;1.00812e+02;100;100;100;1.00000e+00;1.00000e+00;7.00000e-02;7.81913e-01;8.52033e-01;Pipeline { filter(C6H6(GT) < 36.3000) };7.38514e-01;9.23706e-01;Pipeline { filter(RH < 85.9000) };7.39254e-01;9.19684e-01;Pipeline { filter(PT08.S2(NMHC) < 579000.0000) };7.39254e-01;9.19684e-01;Pipeline { filter(PT08.S1(CO) > 0.0000) }
datasets/airQuality_parallel.csv;nsga2;1;41;4100;4100;1.03201e+02;100;100;100;1.00000e+00;1.00000e+00;7.00000e-02;7.81913e-01;8.52033e-01;Pipeline { filter(C6H6(GT) < 36.3000) };7.38514e-01;9.23706e-01;Pipeline { filter(RH < 85.9000) };7.39254e-01;9.19684e-01;Pipeline { filter(PT08.S3(NOx) < 74600.0000) };7.39254e-01;9.19684e-01;Pipeline { filter(PT08.S4(NO2) < 2880.0000) }
datasets/airQuality_parallel.csv;nsga2;1;42;4200;4200;1.05445e+02;100;100;100;1.00000e+00;1.00000e+00;7.00000e-02;7.81913e-01;8.52033e-01;Pipeline { filter(C6H6(GT) < 36.3000) };7.38514e-01;9.23706e-01;Pipeline { filter(RH < 85.9000) };7.39254e-01;9.19684e-01;Pipeline { filter(AH > 0.0938) };7.39254e-01;9.19684e-01;Pipeline { filter(PT08.S5(O3) < 7960000.0000) }
datasets/airQuality_parallel.csv;nsga2;1;43;4300;4300;1.07757e+02;100;100;100;1.00000e+00;1.00000e+00;7.00000e-02;7.81913e-01;8.52033e-01;Pipeline { filter(C6H6(GT) < 36.3000) };7.38514e-01;9.23706e-01;Pipeline { filter(RH < 85.9000) };7.39254e-01;9.19684e-01;Pipeline { filter(C6H6(GT) < 4040.0000) };7.39254e-01;9.19684e-01;Pipeline { filter(PT08.S1(CO) < 7460000000.0000) }
datasets/airQuality_parallel.csv;nsga2;1;44;4400;4400;1.10380e+02;100;100;100;1.00000e+00;1.00000e+00;7.00000e-02;7.81913e-01;8.52033e-01;Pipeline { filter(C6H6(GT) < 36.3000) };7.38514e-01;9.23706e-01;Pipeline { filter(RH < 85.9000) };7.39254e-01;9.19684e-01;Pipeline { filter(PT08.S3(NOx) < 7660.0000) };7.39254e-01;9.19684e-01;Pipeline { filter(T < 9600000.0000) }
datasets/airQuality_parallel.csv;nsga2;1;45;4500;4500;1.12713e+02;100;100;100;1.00000e+00;1.00000e+00;7.00000e-02;7.81913e-01;8.52033e-01;Pipeline { filter(C6H6(GT) < 36.3000) };7.38514e-01;9.23706e-01;Pipeline { filter(RH < 85.9000) };7.39254e-01;9.19684e-01;Pipeline { filter(AH < 5680000.0000) };7.39254e-01;9.19684e-01;Pipeline { filter(C6H6(GT) < 3630000.0000) }
datasets/airQuality_parallel.csv;nsga2;1;46;4600;4600;1.15210e+02;100;100;100;1.00000e+00;1.00000e+00;7.00000e-02;7.81913e-01;8.52033e-01;Pipeline { filter(C6H6(GT) < 36.3000) };7.38514e-01;9.23706e-01;Pipeline { filter(RH < 85.9000) };7.39254e-01;9.19684e-01;Pipeline { filter(PT08.S1(CO) > 0.0001) };7.39254e-01;9.19684e-01;Pipeline { filter(PT08.S2(NMHC) < 464000000.0000) }
datasets/airQuality_parallel.csv;nsga2;1;47;4700;4700;1.17613e+02;100;100;100;1.00000e+00;1.00000e+00;8.00000e-02;7.81913e-01;8.52033e-01;Pipeline { filter(C6H6(GT) < 36.3000) };7.38514e-01;9.23706e-01;Pipeline { filter(RH < 85.9000) };7.39254e-01;9.19684e-01;Pipeline { filter(RH < 6230000.0000) };7.39254e-01;9.19684e-01;Pipeline { filter(PT08.S1(CO) < 24100000.0000) }
datasets/airQuality_parallel.csv;nsga2;1;48;4800;4800;1.19970e+02;100;100;100;1.00000e+00;1.00000e+00;8.00000e-02;7.81913e-01;8.52033e-01;Pipeline { filter(C6H6(GT) < 36.3000) };7.38514e-01;9.23706e-01;Pipeline { filter(RH < 85.9000) };7.39254e-01;9.19684e-01;Pipeline { filter(PT08.S2(NMHC) > 74.5000) };7.39254e-01;9.19684e-01;Pipeline { filter(PT08.S5(O3) < 396000.0000) }
datasets/airQuality_parallel.csv;nsga2;1;49;4900;4900;1.22516e+02;100;100;100;1.00000e+00;1.00000e+00;9.00000e-02;7.81913e-01;8.52033e-01;Pipeline { filter(C6H6(GT) < 36.3000) };7.38514e-01;9.23706e-01;Pipeline { filter(RH < 85.9000) };7.39254e-01;9.19684e-01;Pipeline { filter(PT08.S5(O3) < 7160.0000) };7.39254e-01;9.19684e-01;Pipeline { filter(PT08.S4(NO2) > 0.0000) }
datasets/airQuality_parallel.csv;nsga2;1;50;5000;5000;1.25012e+02;100;100;100;1.00000e+00;1.00000e+00;9.00000e-02;7.81913e-01;8.52033e-01;Pipeline { filter(C6H6(GT) < 36.3000) };7.38514e-01;9.23706e-01;Pipeline { filter(RH < 85.9000) };7.39254e-01;9.19684e-01;Pipeline { filter(PT08.S2(NMHC) > 7.9200) };7.39254e-01;9.19684e-01;Pipeline { filter(C6H6(GT) < 82.3000) }
datasets/airQuality_parallel.csv;nsga2;2;1;100;100;1.84000e+00;100;4;83;1.00000e+00;1.00000e+00;1.40000e-01;7.39254e-01;9.19684e-01;Pipeline { filter(RH > 0.0000) };7.39254e-01;9.19684e-01;Pipeline { filter(RH > 0.0000) };0.00000e+00;0.00000e+00;Pipeline { filter(RH < 0.0084) | filter(PT08.S2(NMHC) > 0.0000) | filter(NO2(GT) < 79100000.0000) | filter(RH > 38.3000) | filter(RH > 241.0000) | filter(NMHC(GT) > 83300.0000) | filter(NMHC(GT) < 0.9710) };0.00000e+00;0.00000e+00;Pipeline { filter(RH < 0.0084) | filter(PT08.S2(NMHC) > 0.0000) | filter(NO2(GT) < 79100000.0000) | filter(RH > 38.3000) | filter(RH > 241.0000) | filter(NMHC(GT) > 83300.0000) | filter(NMHC(GT) < 0.9710) }
datasets/airQuality_parallel.csv;nsga2;2;2;200;200;4.82200e+00;100;13;60;1.00000e+00;1.00000e+00;2.30000e-01;7.39254e-01;9.19684e-01;Pipeline { filter(T < 319000000.0000) };7.39254e-01;9.19684e-01;Pipeline { filter(T < 319000000.0000) };5.41324e-01;4.28647e-01;Pipeline { filter(PT08.S4(NO2) < 7840.0000) | filter(PT08.S2(NMHC) < 9380000000.0000) | filter(T < 919.0000) | filter(PT08.S5(O3) < 446000.0000) | filter(PT08.S3(NOx) < 9650.0000) | filter(NO2(GT) < 123000.0000) | filter(CO(GT) < 4.2200) | filter(PT08.S3(NOx) > 0.0000) | filter(CO(GT) < 963.0000) };5.41324e-01;4.28647e-01;Pipeline { filter(PT08.S4(NO2) < 7340.0000) | filter(PT08.S2(NMHC) < 9380000000.0000) | filter(T < 919.0000) | filter(PT08.S5(O3) < 446000.0000) | filter(PT08.S3(NOx) < 9650.0000) | filter(NO2(GT) < 123000.0000) | filter(CO(GT) < 4.2200) | filter(PT08.S3(NOx) > 0.0000) | filter(CO(GT) < 963.0000) }
datasets/airQuality_parallel.csv;nsga2;2;3;300;300;7.34900e+00;100;42;6;1.00000e+00;1.00000e+00;3.40000e-01;7.39254e-01;9.19684e-01;Pipeline { filter(RH > 0.0073) };7.39254e-01;9.19684e-01;Pipeline { filter(RH > 0.0073) };7.39254e-01;9.19684e-01;Pipeline { filter(PT08.S3(NOx) < 57000000.0000) };7.39254e-01;9.19684e-01;Pipeline { filter(PT08.S3(NOx) < 57000000.0000) }
datasets/airQuality_parallel.csv;nsga2;2;4;400;400;9.84500e+00;100;85;3;1.00000e+00;9.80000e-01;5.00000e-02;7.39254e-01;9.19684e-01;Pipeline { filter(PT08.S3(NOx) < 87000000.0000) };7.39254e-01;9.19684e-01;Pipeline { filter(PT08.S3(NOx) < 87000000.0000) };7.39254e-01;9.19684e-01;Pipeline { filter(PT08.S3(NOx) < 72500.0000) };7.39254e-01;9.19684e-01;Pipeline { filter(PT08.S3(NOx) < 72500.0000) }
datasets/airQuality_parallel.csv;nsga2;2;5;500;500;1.21280e+01;100;100;100;1.00000e+00;9.90000e-01;1.00000e-02;7.39254e-01;9.19684e-01;Pipeline { filter(T < 319000000.0000) };7.39254e-01;9.19684e-01;Pipeline { filter(T < 319000000.0000) };7.39254e-01;9.19684e-01;Pipeline { filter(PT08.S3(NOx) > 0.0952) };7.39254e-01;9.19684e-01;Pipeline { filter(PT08.S3(NOx) > 0.0952) }
datasets/airQuality_parallel.csv;nsga2;2;6;600;600;1.44830e+01;100;100;100;1.00000e+00;1.00000e+00;1.00000e-02;7.39254e-01;9.19684e-01;Pipeline { filter(RH > 0.0053) };7.39254e-01;9.19684e-01;Pipeline { filter(RH > 0.0053) };7.39254e-01;9.19684e-01;Pipeline { filter(PT08.S3(NOx) < 40200.0000) };7.39254e-01;9.19684e-01;Pipeline { filter(PT08.S3(NOx) < 40200.0000) }
datasets/airQuality_parallel.csv;nsga2;2;7;700;700;1.68300e+01;100;100;100;1.00000e+00;9.90000e-01;1.00000e-02;7.39254e-01;9.19684e-01;Pipeline { filter(PT08.S5(O3) < 80500000.0000) };7.39254e-01;9.19684e-01;Pipeline { filter(PT08.S5(O3) < 80500000.0000) };7.39254e-01;9.19684e-01;Pipeline { filter(PT08.S3(NOx) < 5200000000.0000) };7.39254e-01;9.19684e-01;Pipeline { filter(PT08.S3(NOx) < 5200000000.0000) }
datasets/airQuality_parallel.csv;nsga2;2;8;800;800;1.92570e+01;100;100;100;1.00000e+00;1.00000e+00;2.00000e-02;7.62143e-01;8.13887e-01;Pipeline { filter(PT08.S3(NOx) > 411.0000) };7.39254e-01;9.19684e-01;Pipeline { filter(PT08.S5(O3) < 90500000.0000) };7.39254e-01;9.19684e-01;Pipeline { filter(AH < 2620000000.0000) };7.39254e-01;9.19684e-01;Pipeline { filter(T < 98.7000) }
datasets/airQuality_parallel.csv;nsga2;2;9;900;900;2.16190e+01;100;100;100;1.00000e+00;9.90000e-01;2.00000e-02;7.62143e-01;8.13887e-01;Pipeline { filter(PT08.S3(NOx) > 411.0000) };7.39254e-01;9.19684e-01;Pipeline { filter(PT08.S2(NMHC) > 0.0000) };7.39254e-01;9.19684e-01;Pipeline { filter(PT08.S2(NMHC) > 8.6300) };7.39254e-01;9.19684e-01;Pipeline { filter(PT08.S3(NOx) > 0.0000) }
datasets/airQuality_parallel.csv;nsga2;2;10;1000;1000;2.39870e+01;100;100;100;1.00000e+00;1.00000e+00;2.00000e-02;7.62143e-01;8.13887e-01;Pipeline { filter(PT08.S3(NOx) > 411.0000) };7.39254e-01;9.19684e-01;Pipeline { filter(AH > 0.0000) };7.39254e-01;9.19684e-01;Pipeline { filter(PT08.S2(NMHC) > 0.9800) };7.39254e-01;9.19684e-01;Pipeline { filter(PT08.S5(O3) < 500000.0000) }
datasets/airQuality_parallel.csv;nsga2;2;11;1100;1100;2.63180e+01;100;100;100;1.00000e+00;9.80000e-01;2.00000e-02;7.62143e-01;8.13887e-01;Pipeline { filter(PT08.S3(NOx) > 411.0000) };7.39254e-01;9.19684e-01;Pipeline { filter(AH < 923000.0000) };7.39254e-01;9.19684e-01;Pipeline { filter(AH < 9.2600) };7.39254e-01;9.19684e-01;Pipeline { filter(PT08.S2(NMHC) < 1640000000.0000) }
datasets/airQuality_parallel.csv;nsga2;2;12;1200;1200;2.87960e+01;100;100;100;1.00000e+00;9.80000e-01;2.00000e-02;7.62143e-01;8.13887e-01;Pipeline { filter(PT08.S3(NOx) > 411.0000) };7.39254e-01;9.19684e-01;Pipeline { filter(C6H6(GT) < 862.0000) };7.39254e-01;9.19684e-01;Pipeline { filter(PT08.S4(NO2) > 0.0008) };7.39254e-01;9.19684e-01;Pipeline { filter(T < 162.0000) }
datasets/airQuality_parallel.csv;nsga2;2;13;1300;1300;3.12300e+01;100;100;100;1.00000e+00;1.00000e+00;2.00000e-02;7.62143e-01;8.13887e-01;Pipeline { filter(PT08.S3(NOx) > 411.0000) };7.39254e-01;9.19684e-01;Pipeline { filter(PT08.S4(NO2) > 0.0000) };7.39254e-01;9.19684e-01;Pipeline { filter(PT08.S5(O3) < 5100000.0000) };7.39254e-01;9.19684e-01;Pipeline { filter(PT08.S2(NMHC) < 740000000.0000) }
datasets/airQuality_parallel.csv;nsga2;2;14;1400;1400;3.36970e+01;100;100;100;1.00000e+00;1.00000e+00;2.00000e-02;7.62143e-01;8.13887e-01;Pipeline { filter(PT08.S3(NOx) > 411.0000) };7.39254e-01;9.19684e-01;Pipeline { filter(PT08.S4(NO2) > 2.9600) };7.39254e-01;9.19684e-01;Pipeline { filter(PT08.S2(NMHC) > 0.0000) };7.39254e-01;9.19684e-01;Pipeline { filter(PT08.S5(O3) < 4100000.0000) }
datasets/airQuality_parallel.csv;nsga2;2;15;1500;1500;3.60390e+01;100;100;100;1.00000e+00;1.00000e+00;2.00000e-02;7.62143e-01;8.13887e-01;Pipeline { filter(PT08.S3(NOx) > 411.0000) };7.39254e-01;9.19684e-01;Pipeline { filter(PT08.S1(CO) > 0.0000) };7.39254e-01;9.19684e-01;Pipeline { filter(PT08.S2(NMHC) > 0.0000) };7.39254e-01;9.19684e-01;Pipeline { filter(PT08.S1(CO) > 0.0000) }
datasets/airQuality_parallel.csv;nsga2;2;16;1600;1600;3.84500e+01;100;100;100;1.00000e+00;1.00000e+00;2.00000e-02;7.62143e-01;8.13887e-01;Pipeline { filter(PT08.S3(NOx) > 411.0000) };7.39254e-01;9.19684e-01;Pipeline { filter(PT08.S2(NMHC) > 0.6950) };7.39254e-01;9.19684e-01;Pipeline { filter(PT08.S5(O3) > 90.9000) };7.39254e-01;9.19684e-01;Pipeline { filter(PT08.S2(NMHC) > 6.9300) }
datasets/airQuality_parallel.csv;nsga2;2;17;1700;1700;4.08150e+01;100;100;100;1.00000e+00;1.00000e+00;2.00000e-02;7.62143e-01;8.13887e-01;Pipeline { filter(PT08.S3(NOx) > 411.0000) };7.39254e-01;9.19684e-01;Pipeline { filter(RH > 0.0000) };7.39254e-01;9.19684e-01;Pipeline { filter(PT08.S2(NMHC) > 48.8000) };7.39254e-01;9.19684e-01;Pipeline { filter(PT08.S2(NMHC) > 0.0000) }
datasets/airQuality_parallel.csv;nsga2;2;18;1800;1800;4.33950e+01;100;100;100;1.00000e+00;1.00000e+00;2.00000e-02;7.64240e-01;9.15426e-01;Pipeline { filter(PT08.S2(NMHC) < 1950.0000) };7.39254e-01;9.19684e-01;Pipeline { filter(PT08.S2(NMHC) > 0.0691) };7.39254e-01;9.19684e-01;Pipeline { filter(AH > 0.0078) };7.39254e-01;9.19684e-01;Pipeline { filter(PT08.S3(NOx) > 0.0000) }
datasets/airQuality_parallel.csv;nsga2;2;19;1900;1900;4.57600e+01;100;100;100;1.00000e+00;1.00000e+00;2.00000e-02;7.64240e-01;9.15426e-01;Pipeline { filter(PT08.S2(NMHC) < 1950.0000) };7.39254e-01;9.19684e-01;Pipeline { filter(C6H6(GT) > 0.0547) };7.39254e-01;9.19684e-01;Pipeline { filter(PT08.S1(CO) > 0.0038) };7.39254e-01;9.19684e-01;Pipeline { filter(PT08.S3(NOx) > 8.0200) }
datasets/airQuality_parallel.csv;nsga2;2;20;2000;2000;4.81710e+01;100;100;100;1.00000e+00;1.00000e+00;2.00000e-02;7.64240e-01;9.15426e-01;Pipeline { filter(PT08.S2(NMHC) < 1950.0000) };7.39254e-01;9.19684e-01;Pipeline { filter(AH > 0.0000) };7.39254e-01;9.19684e-01;Pipeline { filter(PT08.S2(NMHC) > 37.0000) };7.39254e-01;9.19684e-01;Pipeline { filter(PT08.S5(O3) > 0.0000) }
datasets/airQuality_parallel.csv;nsga2;2;21;2100;2100;5.05800e+01;100;100;100;1.00000e+00;1.00000e+00;2.00000e-02;7.64240e-01;9.15426e-01;Pipeline { filter(PT08.S2(NMHC) < 1950.0000) };7.39254e-01;9.19684e-01;Pipeline { filter(PT08.S4(NO2) < 8590000.0000) };7.39254e-01;9.19684e-01;Pipeline { filter(PT08.S4(NO2) > 0.0401) };7.39254e-01;9.19684e-01;Pipeline { filter(PT08.S2(NMHC) > 47.0000) }
datasets/airQuality_parallel.csv;nsga2;2;22;2200;2200;5.29440e+01;100;100;100;1.00000e+00;1.00000e+00;2.00000e-02;7.64240e-01;9.15426e-01;Pipeline { filter(PT08.S2(NMHC) < 1950.0000) };7.39254e-01;9.19684e-01;Pipeline { filter(AH < 79000000.0000) };7.39254e-01;9.19684e-01;Pipeline { filter(PT08.S2(NMHC) > 0.0000) };7.39254e-01;9.19684e-01;Pipeline { filter(C6H6(GT) > 0.0000) }
datasets/airQuality_parallel.csv;nsga2;2;23;2300;2300;5.52400e+01;100;100;100;1.00000e+00;1.00000e+00;2.00000e-02;7.64240e-01;9.15426e-01;Pipeline { filter(PT08.S2(NMHC) < 1950.0000) };7.39254e-01;9.19684e-01;Pipeline { filter(PT08.S5(O3) > 0.0000) };7.39254e-01;9.19684e-01;Pipeline { filter(RH < 86000000.0000) };7.39254e-01;9.19684e-01;Pipeline { filter(PT08.S4(NO2) > 0.0809) }
datasets/airQuality_parallel.csv;nsga2;2;24;2400;2400;5.76650e+01;100;100;100;1.00000e+00;1.00000e+00;2.00000e-02;7.64240e-01;9.15426e-01;Pipeline { filter(PT08.S2(NMHC) < 1950.0000) };7.39254e-01;9.19684e-01;Pipeline { filter(C6H6(GT) > 0.0000) };7.39254e-01;9.19684e-01;Pipeline { filter(PT08.S5(O3) > 0.3620) };7.39254e-01;9.19684e-01;Pipeline { filter(PT08.S2(NMHC) < 50000000.0000) }
datasets/airQuality_parallel.csv;nsga2;2;25;2500;2500;5.99510e+01;100;100;100;1.00000e+00;1.00000e+00;2.00000e-02;7.64240e-01;9.15426e-01;Pipeline { filter(PT08.S2(NMHC) < 1950.0000) };7.39254e-01;9.19684e-01;Pipeline { filter(PT08.S5(O3) < 1080000.0000) };7.39254e-01;9.19684e-01;Pipeline { filter(PT08.S1(CO) < 1040000000.0000) };7.39254e-01;9.19684e-01;Pipeline { filter(PT08.S5(O3) > 1.3500) }
datasets/airQuality_parallel.csv;nsga2;2;26;2600;2600;6.23490e+01;100;100;100;1.00000e+00;1.00000e+00;3.00000e-02;7.80249e-01;8.21132e-01;Pipeline { filter(C6H6(GT) < 35.2000) };7.39254e-01;9.19684e-01;Pipeline { filter(C6H6(GT) < 32500.0000) };7.39254e-01;9.19684e-01;Pipeline { filter(PT08.S5(O3) > 0.0000) };7.39254e-01;9.19684e-01;Pipeline { filter(AH > 0.0001) }
datasets/airQuality_parallel.csv;nsga2;2;27;2700;2700;6.49690e+01;100;100;100;1.00000e+00;1.00000e+00;3.00000e-02;7.80249e-01;8.21132e-01;Pipeline { filter(C6H6(GT) < 35.2000) };7.39254e-01;9.19684e-01;Pipeline { filter(RH < 184000.0000) };7.39254e-01;9.19684e-01;Pipeline { filter(PT08.S3(NOx) > 0.0003) };7.39254e-01;9.19684e-01;Pipeline { filter(PT08.S3(NOx) > 0.0000) }
datasets/airQuality_parallel.csv;nsga2;2;28;2800;2800;6.72990e+01;100;100;100;1.00000e+00;1.00000e+00;3.00000e-02;7.80249e-01;8.21132e-01;Pipeline { filter(C6H6(GT) < 35.2000) };7.39254e-01;9.19684e-01;Pipeline { filter(PT08.S3(NOx) > 120.0000) };7.39254e-01;9.19684e-01;Pipeline { filter(PT08.S2(NMHC) > 0.0000) };7.39254e-01;9.19684e-01;Pipeline { filter(PT08.S5(O3) > 0.0000) }
datasets/airQuality_parallel.csv;nsga2;2;29;2900;2900;6.95110e+01;100;100;100;1.00000e+00;1.00000e+00;3.00000e-02;7.80249e-01;8.21132e-01;Pipeline { filter(C6H6(GT) < 35.2000) };7.39254e-01;9.19684e-01;Pipeline { filter(AH > 0.0596) };7.39254e-01;9.19684e-01;Pipeline { filter(PT08.S1(CO) > 0.0000) };7.39254e-01;9.19684e-01;Pipeline { filter(PT08.S3(NOx) > 0.9090) }
datasets/airQuality_parallel.csv;nsga2;2;30;3000;3000;7.18800e+01;100;100;100;1.00000e+00;1.00000e+00;3.00000e-02;7.80249e-01;8.21132e-01;Pipeline { filter(C6H6(GT) < 35.2000) };7.39254e-01;9.19684e-01;Pipeline { filter(PT08.S5(O3) > 0.0000) };7.39254e-01;9.19684e-01;Pipeline { filter(PT08.S1(CO) > 0.0000) };7.39254e-01;9.19684e-01;Pipeline { filter(PT08.S1(CO) > 0.0041) }
datasets/airQuality_parallel.csv;nsga2;2;31;3100;3100;7.42750e+01;100;100;100;1.00000e+00;9.90000e-01;3.00000e-02;7.80249e-01;8.21132e-01;Pipeline { filter(C6H6(GT) < 35.2000) };7.39254e-01;9.19684e-01;Pipeline { filter(PT08.S2(NMHC) > 0.0097) };7.39254e-01;9.19684e-01;Pipeline { filter(PT08.S2(NMHC) > 0.0006) };7.39254e-01;9.19684e-01;Pipeline { filter(RH > 0.0001) }
datasets/airQuality_parallel.csv;nsga2;2;32;3200;3200;7.65920e+01;100;100;100;1.00000e+00;1.00000e+00;3.00000e-02;7.80249e-01;8.21132e-01;Pipeline { filter(C6H6(GT) < 35.2000) };7.39254e-01;9.19684e-01;Pipeline { filter(PT08.S1(CO) > 0.1860) };7.39254e-01;9.19684e-01;Pipeline { filter(PT08.S1(CO) < 938000.0000) };7.39254e-01;9.19684e-01;Pipeline { filter(PT08.S2(NMHC) > 0.5530) }
datasets/airQuality_parallel.csv;nsga2;2;33;3300;3300;7.91360e+01;100;100;100;1.00000e+00;9.90000e-01;3.00000e-02;7.80249e-01;8.21132e-01;Pipeline { filter(C6H6(GT) < 35.2000) };7.39254e-01;9.19684e-01;Pipeline { filter(PT08.S1(CO) > 0.0752) };7.39254e-01;9.19684e-01;Pipeline { filter(PT08.S4(NO2) > 0.0000) };7.39254e-01;9.19684e-01;Pipeline { filter(C6H6(GT) < 6790.0000) }
datasets/airQuality_parallel.csv;nsga2;2;34;3400;3400;8.18200e+01;100;100;100;1.00000e+00;9.90000e-01;3.00000e-02;7.80249e-01;8.21132e-01;Pipeline { filter(C6H6(GT) < 35.2000) };7.39254e-01;9.19684e-01;Pipeline { filter(PT08.S4(NO2) > 0.0000) };7.39254e-01;9.19684e-01;Pipeline { filter(PT08.S2(NMHC) > 2.4500) };7.39254e-01;9.19684e-01;Pipeline { filter(PT08.S5(O3) < 47500000.0000) }
datasets/airQuality_parallel.csv;nsga2;2;35;3500;3500;8.41440e+01;100;100;100;1.00000e+00;1.00000e+00;3.00000e-02;7.80249e-01;8.21132e-01;Pipeline { filter(C6H6(GT) < 35.2000) };7.39254e-01;9.19684e-01;Pipeline { filter(AH < 1280000.0000) };7.39254e-01;9.19684e-01;Pipeline { filter(PT08.S1(CO) < 808000.0000) };7.39254e-01;9.19684e-01;Pipeline { filter(RH > 0.0076) }
datasets/airQuality_parallel.csv;nsga2;2;36;3600;3600;8.63910e+01;100;100;100;1.00000e+00;1.00000e+00;3.00000e-02;7.80249e-01;8.21132e-01;Pipeline { filter(C6H6(GT) < 35.2000) };7.39254e-01;9.19684e-01;Pipeline { filter(PT08.S1(CO) < 848000.0000) };7.39254e-01;9.19684e-01;Pipeline { filter(PT08.S1(CO) > 0.0072) };7.39254e-01;9.19684e-01;Pipeline { filter(RH < 9400000.0000) }
datasets/airQuality_parallel.csv;nsga2;2;37;3700;3700;8.87240e+01;100;100;100;1.00000e+00;9.90000e-01;3.00000e-02;7.80249e-01;8.21132e-01;Pipeline { filter(C6H6(GT) < 35.2000) };7.39254e-01;9.19684e-01;Pipeline { filter(PT08.S1(CO) < 520000000.0000) };7.39254e-01;9.19684e-01;Pipeline { filter(RH > 0.0000) };7.39254e-01;9.19684e-01;Pipeline { filter(PT08.S2(NMHC) > 63.9000) }
datasets/airQuality_parallel.csv;nsga2;2;38;3800;3800;9.10260e+01;100;100;100;1.00000e+00;1.00000e+00;3.00000e-02;7.80249e-01;8.21132e-01;Pipeline { filter(C6H6(GT) < 35.2000) };7.39254e-01;9.19684e-01;Pipeline { filter(C6H6(GT) < 94200.0000) };7.39254e-01;9.19684e-01;Pipeline { filter(T < 550000.0000) };7.39254e-01;9.19684e-01;Pipeline { filter(PT08.S4(NO2) > 8.3800) }
datasets/airQuality_parallel.csv;nsga2;2;39;3900;3900;9.33320e+01;100;100;100;1.00000e+00;1.00000e+00;3.00000e-02;7.80249e-01;8.21132e-01;Pipeline { filter(C6H6(GT) < 35.2000) };7.39254e-01;9.19684e-01;Pipeline { filter(PT08.S3(NOx) > 0.7570) };7.39254e-01;9.19684e-01;Pipeline { filter(PT08.S1(CO) < 96700000.0000) };7.39254e-01;9.19684e-01;Pipeline { filter(AH > 0.0000) }
datasets/airQuality_parallel.csv;nsga2;2;40;4000;4000;9.56930e+01;100;100;100;1.00000e+00;9.90000e-01;3.00000e-02;7.80249e-01;8.21132e-01;Pipeline { filter(C6H6(GT) < 35.2000) };7.39254e-01;9.19684e-01;Pipeline { filter(PT08.S2(NMHC) < 624000000.0000) };7.39254e-01;9.19684e-01;Pipeline { filter(PT08.S3(NOx) > 0.7580) };7.39254e-01;9.19684e-01;Pipeline { filter(AH < 158000.0000) }
datasets/airQuality_parallel.csv;nsga2;2;41;4100;4100;9.81050e+01;100;100;100;1.00000e+00;1.00000e+00;3.00000e-02;7.80249e-01;8.21132e-01;Pipeline { filter(C6H6(GT) < 35.2000) };7.39254e-01;9.19684e-01;Pipeline { filter(AH < 358000.0000) };7.39254e-01;9.19684e-01;Pipeline { filter(AH < 770000000.0000) };7.39254e-01;9.19684e-01;Pipeline { filter(AH > 0.0000) }
datasets/airQuality_parallel.csv;nsga2;2;42;4200;4200;1.00345e+02;100;100;100;1.00000e+00;9.90000e-01;3.00000e-02;7.80249e-01;8.21132e-01;Pipeline { filter(C6H6(GT) < 35.2000) };7.39254e-01;9.19684e-01;Pipeline { filter(PT08.S3(NOx) < 770000000.0000) };7.39254e-01;9.19684e-01;Pipeline { filter(PT08.S4(NO2) > 5.6600) };7.39254e-01;9.19684e-01;Pipeline { filter(PT08.S2(NMHC) > 0.2250) }
datasets/airQuality_parallel.csv;nsga2;2;43;4300;4300;1.02723e+02;100;100;100;1.00000e+00;1.00000e+00;3.00000e-02;7.80249e-01;8.21132e-01;Pipeline { filter(C6H6(GT) < 35.2000) };7.39254e-01;9.19684e-01;Pipeline { filter(PT08.S1(CO) > 0.0659) };7.39254e-01;9.19684e-01;Pipeline { filter(PT08.S3(NOx) > 0.0891) };7.39254e-01;9.19684e-01;Pipeline { filter(PT08.S2(NMHC) > 27.5000) }
datasets/airQuality_parallel.csv;nsga2;2;44;4400;4400;1.05008e+02;100;100;100;1.00000e+00;9.90000e-01;4.00000e-02;7.80249e-01;8.21132e-01;Pipeline { filter(C6H6(GT) < 35.2000) };7.39254e-01;9.19684e-01;Pipeline { filter(PT08.S3(NOx) > 0.0660) };7.39254e-01;9.19684e-01;Pipeline { filter(PT08.S3(NOx) > 6.4900) };7.39254e-01;9.19684e-01;Pipeline { filter(PT08.S3(NOx) > 71.8000) }
datasets/airQuality_parallel.csv;nsga2;2;45;4500;4500;1.07337e+02;100;100;100;1.00000e+00;9.90000e-01;4.00000e-02;7.80249e-01;8.21132e-01;Pipeline { filter(C6H6(GT) < 35.2000) };7.39254e-01;9.19684e-01;Pipeline { filter(PT08.S3(NOx) > 0.1660) };7.39254e-01;9.19684e-01;Pipeline { filter(PT08.S1(CO) > 4.0400) };7.39254e-01;9.19684e-01;Pipeline { filter(PT08.S3(NOx) > 0.1760) }
datasets/airQuality_parallel.csv;nsga2;2;46;4600;4600;1.09716e+02;100;100;100;1.00000e+00;1.00000e+00;4.00000e-02;7.80249e-01;8.21132e-01;Pipeline { filter(C6H6(GT) < 35.2000) };7.39254e-01;9.19684e-01;Pipeline { filter(PT08.S3(NOx) > 21.5000) };7.39254e-01;9.19684e-01;Pipeline { filter(PT08.S1(CO) > 4.0400) };7.39254e-01;9.19684e-01;Pipeline { filter(PT08.S3(NOx) > 5.4800) }
datasets/airQuality_parallel.csv;nsga2;2;47;4700;4700;1.12133e+02;100;100;100;1.00000e+00;1.00000e+00;4.00000e-02;7.80249e-01;8.21132e-01;Pipeline { filter(C6H6(GT) < 35.2000) };7.39254e-01;9.19684e-01;Pipeline { filter(PT08.S3(NOx) > 0.0075) };7.39254e-01;9.19684e-01;Pipeline { filter(PT08.S4(NO2) > 0.0000) };7.39254e-01;9.19684e-01;Pipeline { filter(PT08.S3(NOx) > 158.0000) }
datasets/airQuality_parallel.csv;nsga2;2;48;4800;4800;1.14503e+02;100;100;100;1.00000e+00;1.00000e+00;4.00000e-02;7.80249e-01;8.21132e-01;Pipeline { filter(C6H6(GT) < 35.2000) };7.39254e-01;9.19684e-01;Pipeline { filter(RH > 3.7300) };7.39254e-01;9.19684e-01;Pipeline { filter(RH > 0.0000) };7.39254e-01;9.19684e-01;Pipeline { filter(T < 2630000.0000) }
datasets/airQuality_parallel.csv;nsga2;2;49;4900;4900;1.16841e+02;100;100;100;1.00000e+00;1.00000e+00;4.00000e-02;7.80249e-01;8.21132e-01;Pipeline { filter(C6H6(GT) < 35.2000) };7.39254e-01;9.19684e-01;Pipeline { filter(PT08.S5(O3) > 48.3000) };7.39254e-01;9.19684e-01;Pipeline { filter(PT08.S3(NOx) > 154.0000) };7.39254e-01;9.19684e-01;Pipeline { filter(PT08.S3(NOx) > 0.0045) }
datasets/airQuality_parallel.csv;nsga2;2;50;5000;5000;1.19230e+02;100;100;100;1.00000e+00;1.00000e+00;4.00000e-02;7.80249e-01;8.21132e-01;Pipeline { filter(C6H6(GT) < 35.2000) };7.39254e-01;9.19684e-01;Pipeline { filter(PT08.S1(CO) > 8.8100) };7.39254e-01;9.19684e-01;Pipeline { filter(RH > 0.0000) };7.39254e-01;9.19684e-01;Pipeline { filter(PT08.S3(NOx) > 0.7870) }
datasets/airQuality_parallel.csv;nsga2;3;1;100;100;2.07000e+00;100;8;81;1.00000e+00;1.00000e+00;1.10000e-01;7.39254e-01;9.19684e-01;Pipeline { filter(PT08.S5(O3) > 0.0026) };7.39254e-01;9.19684e-01;Pipeline { filter(PT08.S5(O3) > 0.0026) };0.00000e+00;0.00000e+00;Pipeline { filter(RH > 0.0000) | filter(PT08.S2(NMHC) < 0.0000) | filter(T < 0.0000) | filter(T > 6.6700) | filter(T < 0.0001) | filter(NMHC(GT) < 0.0000) | filter(RH < 0.0000) | filter(PT08.S3(NOx) > 0.0000) };0.00000e+00;0.00000e+00;Pipeline { filter(RH > 0.0000) | filter(PT08.S2(NMHC) < 0.0000) | filter(T < 0.0000) | filter(T > 6.6700) | filter(T < 0.0001) | filter(NMHC(GT) < 0.0000) | filter(RH < 0.0000) | filter(PT08.S3(NOx) > 0.0000) }
datasets/airQuality_parallel.csv;nsga2;3;2;200;200;4.29000e+00;100;21;50;1.00000e+00;1.00000e+00;2.00000e-01;7.39254e-01;9.19684e-01;Pipeline { filter(PT08.S2(NMHC) < 6150000.0000) };7.39254e-01;9.19684e-01;Pipeline { filter(PT08.S2(NMHC) < 6150000.0000) };6.11470e-01;8.78132e-01;Pipeline { filter(NOx(GT) < 8140000.0000) };6.11470e-01;8.78132e-01;Pipeline { filter(NOx(GT) < 2170.0000) }
datasets/airQuality_parallel.csv;nsga2;3;3;300;300;6.60000e+00;100;38;4;1.00000e+00;1.00000e+00;2.80000e-01;7.39254e-01;9.19684e-01;Pipeline { filter(C6H6(GT) < 8750000.0000) };7.39254e-01;9.19684e-01;Pipeline { filter(C6H6(GT) < 8750000.0000) };7.39254e-01;9.19684e-01;Pipeline { filter(PT08.S2(NMHC) < 6360000.0000) };7.39254e-01;9.19684e-01;Pipeline { filter(PT08.S2(NMHC) < 6360000.0000) }
datasets/airQuality_parallel.csv;nsga2;3;4;400;400;9.25700e+00;100;71;3;1.00000e+00;1.00000e+00;5.00000e-02;7.39254e-01;9.19684e-01;Pipeline { filter(AH < 9360000000.0000) };7.39254e-01;9.19684e-01;Pipeline { filter(AH < 9360000000.0000) };7.39254e-01;9.19684e-01;Pipeline { filter(RH > 8.0100) };7.39254e-01;9.19684e-01;Pipeline { filter(RH > 8.0100) }
datasets/airQuality_parallel.csv;nsga2;3;5;500;500;1.17410e+01;100;100;100;1.00000e+00;9.90000e-01;2.00000e-02;7.76524e-01;9.05258e-01;Pipeline { filter(C6H6(GT) < 45.2000) };7.39254e-01;9.19684e-01;Pipeline { filter(PT08.S5(O3) > 0.0026) };7.39254e-01;9.19684e-01;Pipeline { filter(PT08.S3(NOx) < 8460.0000) };7.39254e-01;9.19684e-01;Pipeline { filter(PT08.S5(O3) > 0.0000) }
datasets/airQuality_parallel.csv;nsga2;3;6;600;600;1.40390e+01;100;100;100;1.00000e+00;1.00000e+00;2.00000e-02;7.76524e-01;9.05258e-01;Pipeline { filter(C6H6(GT) < 45.2000) };7.39254e-01;9.19684e-01;Pipeline { filter(PT08.S2(NMHC) < 6660000.0000) };7.39254e-01;9.19684e-01;Pipeline { filter(PT08.S2(NMHC) > 0.0079) | filter(RH < 6000.0000) };7.39254e-01;9.19684e-01;Pipeline { filter(RH > 0.0140) | filter(PT08.S2(NMHC) > 0.0000) | filter(C6H6(GT) < 515000.0000) }
datasets/airQuality_parallel.csv;nsga2;3;7;700;700;1.65950e+01;100;100;100;1.00000e+00;1.00000e+00;3.00000e-02;7.76524e-01;9.05258e-01;Pipeline { filter(C6H6(GT) < 45.2000) };7.39254e-01;9.19684e-01;Pipeline { filter(RH > 5.0700) };7.39254e-01;9.19684e-01;Pipeline { filter(PT08.S5(O3) > 71.5000) };7.39254e-01;9.19684e-01;Pipeline { filter(C6H6(GT) > 0.0015) }
datasets/airQuality_parallel.csv;nsga2;3;8;800;800;1.90540e+01;100;100;100;1.00000e+00;9.90000e-01;3.00000e-02;7.76524e-01;9.05258e-01;Pipeline { filter(C6H6(GT) < 45.2000) };7.39254e-01;9.19684e-01;Pipeline { filter(PT08.S2(NMHC) > 0.0000) };7.39254e-01;9.19684e-01;Pipeline { filter(PT08.S3(NOx) > 0.6100) };7.39254e-01;9.19684e-01;Pipeline { filter(C6H6(GT) > 0.0000) }
datasets/airQuality_parallel.csv;nsga2;3;9;900;900;2.26080e+01;100;100;100;1.00000e+00;1.00000e+00;3.00000e-02;7.76524e-01;9.05258e-01;Pipeline { filter(C6H6(GT) < 45.2000) };7.39254e-01;9.19684e-01;Pipeline { filter(RH > 5.0200) };7.39254e-01;9.19684e-01;Pipeline { filter(RH > 6.5700) };7.39254e-01;9.19684e-01;Pipeline { filter(C6H6(GT) > 0.0000) }
datasets/airQuality_parallel.csv;nsga2;3;10;1000;1000;2.49200e+01;100;100;100;1.00000e+00;1.00000e+00;3.00000e-02;7.76524e-01;9.05258e-01;Pipeline { filter(C6H6(GT) < 45.2000) };7.39254e-01;9.19684e-01;Pipeline { filter(RH > 0.0000) };7.39254e-01;9.19684e-01;Pipeline { filter(PT08.S3(NOx) > 317.0000) };7.39254e-01;9.19684e-01;Pipeline { filter(AH > 0.0000) }
datasets/airQuality_parallel.csv;nsga2;3;11;1100;1100;2.75590e+01;100;100;100;1.00000e+00;1.00000e+00;3.00000e-02;7.76524e-01;9.05258e-01;Pipeline { filter(C6H6(GT) < 45.2000) };7.39254e-01;9.19684e-01;Pipeline { filter(PT08.S2(NMHC) > 0.0009) | filter(PT08.S4(NO2) > 0.0000) };7.39254e-01;9.19684e-01;Pipeline { filter(PT08.S1(CO) > 0.9140) | filter(PT08.S4(NO2) > 0.7440) };7.39254e-01;9.19684e-01;Pipeline { filter(PT08.S3(NOx) > 0.0000) }
datasets/airQuality_parallel.csv;nsga2;3;12;1200;1200;2.99950e+01;100;100;100;1.00000e+00;1.00000e+00;3.00000e-02;7.76524e-01;9.05258e-01;Pipeline { filter(C6H6(GT) < 45.2000) };7.39254e-01;9.19684e-01;Pipeline { filter(PT08.S2(NMHC) > 0.0000) };7.39254e-01;9.19684e-01;Pipeline { filter(PT08.S3(NOx) < 7580000.0000) };7.39254e-01;9.19684e-01;Pipeline { filter(AH < 41300000.0000) }
datasets/airQuality_parallel.csv;nsga2;3;13;1300;1300;3.24990e+01;100;100;100;1.00000e+00;9.90000e-01;3.00000e-02;7.76524e-01;9.05258e-01;Pipeline { filter(C6H6(GT) < 45.2000) };7.39254e-01;9.19684e-01;Pipeline { filter(PT08.S3(NOx) > 9.5200) };7.39254e-01;9.19684e-01;Pipeline { filter(RH > 0.0884) };7.39254e-01;9.19684e-01;Pipeline { filter(PT08.S4(NO2) > 5.9000) }
datasets/airQuality_parallel.csv;nsga2;3;14;1400;1400;3.49390e+01;100;100;100;1.00000e+00;1.00000e+00;3.00000e-02;7.76524e-01;9.05258e-01;Pipeline { filter(C6H6(GT) < 45.2000) };7.39254e-01;9.19684e-01;Pipeline { filter(C6H6(GT) > 0.0511) };7.39254e-01;9.19684e-01;Pipeline { filter(PT08.S5(O3) > 0.0000) };7.39254e-01;9.19684e-01;Pipeline { filter(PT08.S3(NOx) < 85100000.0000) }
datasets/airQuality_parallel.csv;nsga2;3;15;1500;1500;3.72430e+01;100;100;100;1.00000e+00;9.90000e-01;3.00000e-02;7.76524e-01;9.05258e-01;Pipeline { filter(C6H6(GT) < 45.2000) };7.39254e-01;9.19684e-01;Pipeline { filter(PT08.S3(NOx) < 145000000.0000) };7.39254e-01;9.19684e-01;Pipeline { filter(PT08.S5(O3) > 0.0000) };7.39254e-01;9.19684e-01;Pipeline { filter(PT08.S5(O3) > 0.0000) }
datasets/airQuality_parallel.csv;nsga2;3;16;1600;1600;3.97060e+01;100;100;100;1.00000e+00;1.00000e+00;3.00000e-02;7.76524e-01;9.05258e-01;Pipeline { filter(C6H6(GT) < 45.2000) };7.39254e-01;9.19684e-01;Pipeline { filter(PT08.S2(NMHC) > 0.0000) | filter(PT08.S4(NO2) > 0.0044) };7.39254e-01;9.19684e-01;Pipeline { filter(PT08.S3(NOx) > 9.5400) };7.39254e-01;9.19684e-01;Pipeline { filter(PT08.S4(NO2) > 0.0090) }
datasets/airQuality_parallel.csv;nsga2;3;17;1700;1700;4.21140e+01;100;100;100;1.00000e+00;9.90000e-01;3.00000e-02;7.76524e-01;9.05258e-01;Pipeline { filter(C6H6(GT) < 45.2000) };7.39254e-01;9.19684e-01;Pipeline { filter(PT08.S2(NMHC) > 0.0061) };7.39254e-01;9.19684e-01;Pipeline { filter(PT08.S4(NO2) > 9.8000) };7.39254e-01;9.19684e-01;Pipeline { filter(PT08.S5(O3) > 0.0000) }
datasets/airQuality_parallel.csv;nsga2;3;18;1800;1800;4.46730e+01;100;100;100;1.00000e+00;1.00000e+00;3.00000e-02;7.76524e-01;9.05258e-01;Pipeline { filter(C6H6(GT) < 45.2000) };7.39254e-01;9.19684e-01;Pipeline { filter(PT08.S5(O3) > 0.0042) };7.39254e-01;9.19684e-01;Pipeline { filter(C6H6(GT) > 0.0098) };7.39254e-01;9.19684e-01;Pipeline { filter(PT08.S1(CO) > 3.4000) | filter(PT08.S5(O3) > 0.0040) }
datasets/airQuality_parallel.csv;nsga2;3;19;1900;1900;4.70040e+01;100;100;100;1.00000e+00;1.00000e+00;3.00000e-02;7.76524e-01;9.05258e-01;Pipeline { filter(C6H6(GT) < 45.2000) };7.39254e-01;9.19684e-01;Pipeline { filter(PT08.S4(NO2) < 3020.0000) };7.39254e-01;9.19684e-01;Pipeline { filter(PT08.S3(NOx) < 7450000.0000) };7.39254e-01;9.19684e-01;Pipeline { filter(PT08.S2(NMHC) > 0.0685) }
datasets/airQuality_parallel.csv;nsga2;3;20;2000;2000;4.95400e+01;100;100;100;1.00000e+00;1.00000e+00;3.00000e-02;7.76524e-01;9.05258e-01;Pipeline { filter(C6H6(GT) < 45.2000) };7.39254e-01;9.19684e-01;Pipeline { filter(PT08.S2(NMHC) > 0.0885) };7.39254e-01;9.19684e-01;Pipeline { filter(RH < 3000.0000) };7.39254e-01;9.19684e-01;Pipeline { filter(PT08.S4(NO2) < 3040000000.0000) }
datasets/airQuality_parallel.csv;nsga2;3;21;2100;2100;5.20480e+01;100;100;100;1.00000e+00;1.00000e+00;3.00000e-02;7.76524e-01;9.05258e-01;Pipeline { filter(C6H6(GT) < 45.2000) };7.39254e-01;9.19684e-01;Pipeline { filter(PT08.S5(O3) > 0.8790) | filter(AH > 0.0430) };7.39254e-01;9.19684e-01;Pipeline { filter(PT08.S5(O3) > 0.4560) };7.39254e-01;9.19684e-01;Pipeline { filter(PT08.S1(CO) < 37700000.0000) | filter(PT08.S5(O3) > 0.0000) }
datasets/airQuality_parallel.csv;nsga2;3;22;2200;2200;5.46770e+01;100;100;100;1.00000e+00;1.00000e+00;3.00000e-02;7.76524e-01;9.05258e-01;Pipeline { filter(C6H6(GT) < 45.2000) };7.39254e-01;9.19684e-01;Pipeline { filter(PT08.S3(NOx) > 0.0001) };7.39254e-01;9.19684e-01;Pipeline { filter(PT08.S2(NMHC) > 8.4900) };7.39254e-01;9.19684e-01;Pipeline { filter(PT08.S1(CO) > 0.0001) | filter(PT08.S5(O3) > 0.0000) }
datasets/airQuality_parallel.csv;nsga2;3;23;2300;2300;5.73220e+01;100;100;100;1.00000e+00;1.00000e+00;3.00000e-02;7.76524e-01;9.05258e-01;Pipeline { filter(C6H6(GT) < 45.2000) };7.39254e-01;9.19684e-01;Pipeline { filter(PT08.S1(CO) < 38600000.0000) };7.39254e-01;9.19684e-01;Pipeline { filter(PT08.S1(CO) > 0.0369) | filter(PT08.S1(CO) < 8820.0000) };7.39254e-01;9.19684e-01;Pipeline { filter(PT08.S1(CO) > 0.0001) | filter(PT08.S5(O3) > 95.0000) }
datasets/airQuality_parallel.csv;nsga2;3;24;2400;2400;5.97540e+01;100;100;100;1.00000e+00;1.00000e+00;3.00000e-02;7.76524e-01;9.05258e-01;Pipeline { filter(C6H6(GT) < 45.2000) };7.39254e-01;9.19684e-01;Pipeline { filter(PT08.S1(CO) > 0.0010) | filter(PT08.S4(NO2) > 0.0000) };7.39254e-01;9.19684e-01;Pipeline { filter(RH < 430000000.0000) };7.39254e-01;9.19684e-01;Pipeline { filter(PT08.S1(CO) > 0.0008) | filter(PT08.S5(O3) > 0.0000) }
datasets/airQuality_parallel.csv;nsga2;3;25;2500;2500;6.21870e+01;100;100;100;1.00000e+00;9.90000e-01;3.00000e-02;7.76524e-01;9.05258e-01;Pipeline { filter(C6H6(GT) < 45.2000) };7.39254e-01;9.19684e-01;Pipeline { filter(PT08.S4(NO2) > 360.0000) };7.39254e-01;9.19684e-01;Pipeline { filter(PT08.S1(CO) > 0.0010) | filter(PT08.S4(NO2) > 0.0000) };7.39254e-01;9.19684e-01;Pipeline { filter(AH < 621000000.0000) }
datasets/airQuality_parallel.csv;nsga2;3;26;2600;2600;6.44390e+01;100;100;100;1.00000e+00;1.00000e+00;3.00000e-02;7.76524e-01;9.05258e-01;Pipeline { filter(C6H6(GT) < 45.2000) };7.39254e-01;9.19684e-01;Pipeline { filter(PT08.S3(NOx) > 0.0000) };7.39254e-01;9.19684e-01;Pipeline { filter(PT08.S1(CO) < 52000000.0000) | filter(RH < 6770000.0000) };7.39254e-01;9.19684e-01;Pipeline { filter(PT08.S5(O3) > 0.0000) }
datasets/airQuality_parallel.csv;nsga2;3;27;2700;2700;6.67220e+01;100;100;100;1.00000e+00;9.90000e-01;3.00000e-02;7.76524e-01;9.05258e-01;Pipeline { filter(C6H6(GT) < 45.2000) };7.39254e-01;9.19684e-01;Pipeline { filter(C6H6(GT) > 0.0000) };7.39254e-01;9.19684e-01;Pipeline { filter(PT08.S1(CO) < 40000.0000) };7.39254e-01;9.19684e-01;Pipeline { filter(PT08.S4(NO2) < 5420000.0000) }
datasets/airQuality_parallel.csv;nsga2;3;28;2800;2800;6.90170e+01;100;100;100;1.00000e+00;1.00000e+00;3.00000e-02;7.76524e-01;9.05258e-01;Pipeline { filter(C6H6(GT) < 45.2000) };7.39254e-01;9.19684e-01;Pipeline { filter(RH < 689000.0000) };7.39254e-01;9.19684e-01;Pipeline { filter(PT08.S2(NMHC) > 2.3900) };7.39254e-01;9.19684e-01;Pipeline { filter(PT08.S1(CO) < 6550000000.0000) }
datasets/airQuality_parallel.csv;nsga2;3;29;2900;2900;7.15430e+01;100;100;100;1.00000e+00;1.00000e+00;3.00000e-02;7.76524e-01;9.05258e-01;Pipeline { filter(C6H6(GT) < 45.2000) };7.39254e-01;9.19684e-01;Pipeline { filter(C6H6(GT) > 0.0000) | filter(PT08.S2(NMHC) < 13200.0000) };7.39254e-01;9.19684e-01;Pipeline { filter(PT08.S3(NOx) > 0.0000) };7.39254e-01;9.19684e-01;Pipeline { filter(PT08.S5(O3) > 3.4100) }
datasets/airQuality_parallel.csv;nsga2;3;30;3000;3000;7.40920e+01;100;100;100;1.00000e+00;9.90000e-01;3.00000e-02;7.76524e-01;9.05258e-01;Pipeline { filter(C6H6(GT) < 45.2000) };7.39254e-01;9.19684e-01;Pipeline { filter(PT08.S3(NOx) > 0.0000) };7.39254e-01;9.19684e-01;Pipeline { filter(PT08.S3(NOx) > 0.0000) };7.39254e-01;9.19684e-01;Pipeline { filter(PT08.S1(CO) < 3400.0000) }
datasets/airQuality_parallel.csv;nsga2;3;31;3100;3100;7.65020e+01;100;100;100;1.00000e+00;1.00000e+00;3.00000e-02;7.76524e-01;9.05258e-01;Pipeline { filter(C6H6(GT) < 45.2000) };7.39254e-01;9.19684e-01;Pipeline { filter(PT08.S3(NOx) > 0.0000) };7.39254e-01;9.19684e-01;Pipeline { filter(PT08.S1(CO) < 772000.0000) };7.39254e-01;9.19684e-01;Pipeline { filter(PT08.S4(NO2) < 215000.0000) }
datasets/airQuality_parallel.csv;nsga2;3;32;3200;3200;7.89680e+01;100;100;100;1.00000e+00;1.00000e+00;4.00000e-02;7.77225e-01;8.57341e-01;Pipeline { filter(C6H6(GT) < 36.8000) };7.39254e-01;9.19684e-01;Pipeline { filter(PT08.S3(NOx) > 0.0000) };7.39254e-01;9.19684e-01;Pipeline { filter(T < 477000000.0000) };7.39254e-01;9.19684e-01;Pipeline { filter(PT08.S3(NOx) > 0.0000) }
datasets/airQuality_parallel.csv;nsga2;3;33;3300;3300;8.14710e+01;100;100;100;1.00000e+00;1.00000e+00;4.00000e-02;7.77225e-01;8.57341e-01;Pipeline { filter(C6H6(GT) < 36.8000) };7.39254e-01;9.19684e-01;Pipeline { filter(PT08.S4(NO2) < 281000.0000) };7.39254e-01;9.19684e-01;Pipeline { filter(PT08.S5(O3) > 0.0000) };7.39254e-01;9.19684e-01;Pipeline { filter(AH < 16000.0000) }
datasets/airQuality_parallel.csv;nsga2;3;34;3400;3400;8.37030e+01;100;100;100;1.00000e+00;1.00000e+00;4.00000e-02;7.77225e-01;8.57341e-01;Pipeline { filter(C6H6(GT) < 36.8000) };7.39254e-01;9.19684e-01;Pipeline { filter(C6H6(GT) < 6720000000.0000) };7.39254e-01;9.19684e-01;Pipeline { filter(PT08.S1(CO) > 0.0000) };7.39254e-01;9.19684e-01;Pipeline { filter(PT08.S3(NOx) > 0.0000) }
datasets/airQuality_parallel.csv;nsga2;3;35;3500;3500;8.60690e+01;100;100;100;1.00000e+00;1.00000e+00;4.00000e-02;7.77225e-01;8.57341e-01;Pipeline { filter(C6H6(GT) < 36.8000) };7.39254e-01;9.19684e-01;Pipeline { filter(PT08.S1(CO) > 0.0000) };7.39254e-01;9.19684e-01;Pipeline { filter(PT08.S2(NMHC) > 0.0972) };7.39254e-01;9.19684e-01;Pipeline { filter(T < 7310000000.0000) }
datasets/airQuality_parallel.csv;nsga2;3;36;3600;3600;8.84040e+01;100;100;100;1.00000e+00;9.90000e-01;4.00000e-02;7.77225e-01;8.57341e-01;Pipeline { filter(C6H6(GT) < 36.8000) };7.39254e-01;9.19684e-01;Pipeline { filter(PT08.S3(NOx) > 1.9200) };7.39254e-01;9.19684e-01;Pipeline { filter(PT08.S2(NMHC) > 9.7200) };7.39254e-01;9.19684e-01;Pipeline { filter(PT08.S2(NMHC) > 0.0000) }
datasets/airQuality_parallel.csv;nsga2;3;37;3700;3700;9.09040e+01;100;100;100;1.00000e+00;9.80000e-01;4.00000e-02;7.77225e-01;8.57341e-01;Pipeline { filter(C6H6(GT) < 36.8000) };7.39254e-01;9.19684e-01;Pipeline { filter(C6H6(GT) < 47200000.0000) };7.39254e-01;9.19684e-01;Pipeline { filter(PT08.S1(CO) > 0.0000) };7.39254e-01;9.19684e-01;Pipeline { filter(PT08.S4(NO2) < 6260000.0000) }
datasets/airQuality_parallel.csv;nsga2;3;38;3800;3800;9.32760e+01;100;100;100;1.00000e+00;1.00000e+00;4.00000e-02;7.77225e-01;8.57341e-01;Pipeline { filter(C6H6(GT) < 36.8000) };7.39254e-01;9.19684e-01;Pipeline { filter(RH < 750000000.0000) };7.39254e-01;9.19684e-01;Pipeline { filter(PT08.S3(NOx) < 1020000000.0000) };7.39254e-01;9.19684e-01;Pipeline { filter(PT08.S5(O3) > 0.9640) | filter(RH > 0.0498) }
datasets/airQuality_parallel.csv;nsga2;3;39;3900;3900;9.58240e+01;100;100;100;1.00000e+00;1.00000e+00;4.00000e-02;7.77225e-01;8.57341e-01;Pipeline { filter(C6H6(GT) < 36.8000) };7.39254e-01;9.19684e-01;Pipeline { filter(PT08.S3(NOx) > 0.0000) };7.39254e-01;9.19684e-01;Pipeline { filter(AH < 9540000.0000) };7.39254e-01;9.19684e-01;Pipeline { filter(PT08.S2(NMHC) < 9380000000.0000) }
datasets/airQuality_parallel.csv;nsga2;3;40;4000;4000;9.82980e+01;100;100;100;1.00000e+00;1.00000e+00;4.00000e-02;7.77225e-01;8.57341e-01;Pipeline { filter(C6H6(GT) < 36.8000) };7.39254e-01;9.19684e-01;Pipeline { filter(PT08.S5(O3) > 0.0009) | filter(AH < 928.0000) };7.39254e-01;9.19684e-01;Pipeline { filter(PT08.S2(NMHC) > 31.5000) };7.39254e-01;9.19684e-01;Pipeline { filter(PT08.S2(NMHC) > 0.0000) }
datasets/airQuality_parallel.csv;nsga2;3;41;4100;4100;1.00620e+02;100;100;100;1.00000e+00;1.00000e+00;4.00000e-02;7.77225e-01;8.57341e-01;Pipeline { filter(C6H6(GT) < 36.8000) };7.39254e-01;9.19684e-01;Pipeline { filter(C6H6(GT) > 0.0000) | filter(AH < 928000000.0000) };7.39254e-01;9.19684e-01;Pipeline { filter(PT08.S1(CO) > 0.8880) };7.39254e-01;9.19684e-01;Pipeline { filter(T < 65800.0000) }
datasets/airQuality_parallel.csv;nsga2;3;42;4200;4200;1.02865e+02;100;100;100;1.00000e+00;1.00000e+00;4.00000e-02;7.77225e-01;8.57341e-01;Pipeline { filter(C6H6(GT) < 36.8000) };7.39254e-01;9.19684e-01;Pipeline { filter(RH < 2740.0000) };7.39254e-01;9.19684e-01;Pipeline { filter(PT08.S5(O3) < 770000.0000) };7.39254e-01;9.19684e-01;Pipeline { filter(PT08.S4(NO2) > 0.0000) }
datasets/airQuality_parallel.csv;nsga2;3;43;4300;4300;1.05214e+02;100;100;100;1.00000e+00;9.90000e-01;4.00000e-02;7.77225e-01;8.57341e-01;Pipeline { filter(C6H6(GT) < 36.8000) };7.39254e-01;9.19684e-01;Pipeline { filter(C6H6(GT) > 0.0000) };7.39254e-01;9.19684e-01;Pipeline { filter(PT08.S2(NMHC) > 3.6200) };7.39254e-01;9.19684e-01;Pipeline { filter(AH < 6000.0000) }
datasets/airQuality_parallel.csv;nsga2;3;44;4400;4400;1.07571e+02;100;100;100;1.00000e+00;1.00000e+00;4.00000e-02;7.77225e-01;8.57341e-01;Pipeline { filter(C6H6(GT) < 36.8000) };7.39254e-01;9.19684e-01;Pipeline { filter(PT08.S4(NO2) > 90.0000) };7.39254e-01;9.19684e-01;Pipeline { filter(PT08.S2(NMHC) < 10000.0000) };7.39254e-01;9.19684e-01;Pipeline { filter(PT08.S4(NO2) < 16000.0000) }
datasets/airQuality_parallel.csv;nsga2;3;45;4500;4500;1.09988e+02;100;100;100;1.00000e+00;1.00000e+00;4.00000e-02;7.77225e-01;8.57341e-01;Pipeline { filter(C6H6(GT) < 36.8000) };7.39254e-01;9.19684e-01;Pipeline { filter(C6H6(GT) > 0.0006) };7.39254e-01;9.19684e-01;Pipeline { filter(PT08.S2(NMHC) > 264.0000) };7.39254e-01;9.19684e-01;Pipeline { filter(PT08.S4(NO2) > 1.9000) }
datasets/airQuality_parallel.csv;nsga2;3;46;4600;4600;1.12446e+02;100;100;100;1.00000e+00;1.00000e+00;4.00000e-02;7.77225e-01;8.57341e-01;Pipeline { filter(C6H6(GT) < 36.8000) };7.39254e-01;9.19684e-01;Pipeline { filter(RH > 0.6330) };7.39254e-01;9.19684e-01;Pipeline { filter(T < 16000.0000) };7.39254e-01;9.19684e-01;Pipeline { filter(PT08.S2(NMHC) > 0.0001) }
datasets/airQuality_parallel.csv;nsga2;3;47;4700;4700;1.14885e+02;100;100;100;1.00000e+00;1.00000e+00;4.00000e-02;7.77225e-01;8.57341e-01;Pipeline { filter(C6H6(GT) < 36.8000) };7.39254e-01;9.19684e-01;Pipeline { filter(PT08.S3(NOx) > 8.6100) };7.39254e-01;9.19684e-01;Pipeline { filter(PT08.S4(NO2) > 0.0000) };7.39254e-01;9.19684e-01;Pipeline { filter(RH > 0.0000) }
datasets/airQuality_parallel.csv;nsga2;3;48;4800;4800;1.17303e+02;100;100;100;1.00000e+00;1.00000e+00;4.00000e-02;7.77225e-01;8.57341e-01;Pipeline { filter(C6H6(GT) < 36.8000) };7.39254e-01;9.19684e-01;Pipeline { filter(T < 390.0000) };7.39254e-01;9.19684e-01;Pipeline { filter(RH < 7220000.0000) };7.39254e-01;9.19684e-01;Pipeline { filter(AH < 2000000.0000) }
datasets/airQuality_parallel.csv;nsga2;3;49;4900;4900;1.19648e+02;100;100;100;1.00000e+00;1.00000e+00;4.00000e-02;7.77225e-01;8.57341e-01;Pipeline { filter(C6H6(GT) < 36.8000) };7.39254e-01;9.19684e-01;Pipeline { filter(T < 370.0000) };7.39254e-01;9.19684e-01;Pipeline { filter(C6H6(GT) < 864000.0000) };7.39254e-01;9.19684e-01;Pipeline { filter(RH > 0.0097) }
datasets/airQuality_parallel.csv;nsga2;3;50;5000;5000;1.21921e+02;100;100;100;1.00000e+00;1.00000e+00;4.00000e-02;7.77225e-01;8.57341e-01;Pipeline { filter(C6H6(GT) < 36.8000) };7.39254e-01;9.19684e-01;Pipeline { filter(AH < 2550000.0000) };7.39254e-01;9.19684e-01;Pipeline { filter(PT08.S1(CO) > 0.0000) | filter(PT08.S1(CO) > 9.5300) };7.39254e-01;9.19684e-01;Pipeline { filter(C6H6(GT) < 2020000.0000) }
datasets/airQuality_parallel.csv;nsga2;4;1;100;100;2.26500e+00;100;7;82;1.00000e+00;1.00000e+00;1.30000e-01;7.39254e-01;9.19684e-01;Pipeline { filter(RH > 0.0151) };7.39254e-01;9.19684e-01;Pipeline { filter(RH > 0.0151) };0.00000e+00;0.00000e+00;Pipeline { filter(PT08.S5(O3) > 3.7900) | filter(NO2(GT) < 614000.0000) | filter(PT08.S2(NMHC) < 0.0000) | filter(PT08.S1(CO) < 349000.0000) | filter(PT08.S4(NO2) < 0.0001) | filter(NOx(GT) > 43500.0000) };0.00000e+00;0.00000e+00;Pipeline { filter(PT08.S5(O3) > 3.7900) | filter(NO2(GT) < 614000.0000) | filter(PT08.S2(NMHC) < 0.0000) | filter(PT08.S1(CO) < 349000.0000) | filter(PT08.S4(NO2) < 0.0001) | filter(NOx(GT) > 43500.0000) }
datasets/airQuality_parallel.csv;nsga2;4;2;200;200;5.11900e+00;100;19;57;1.00000e+00;1.00000e+00;1.90000e-01;7.39254e-01;9.19684e-01;Pipeline { filter(PT08.S5(O3) > 4.0000) | filter(AH < 26800.0000) };7.39254e-01;9.19684e-01;Pipeline { filter(PT08.S5(O3) > 4.0000) | filter(AH < 26800.0000) };7.31690e-01;9.13314e-01;Pipeline { filter(T > 0.0000) | filter(AH > 0.2840) };7.31690e-01;9.13314e-01;Pipeline { filter(T > 0.0005) | filter(AH > 0.2840) }
datasets/airQuality_parallel.csv;nsga2;4;3;300;300;7.26700e+00;100;47;1;1.00000e+00;1.00000e+00;3.30000e-01;7.39254e-01;9.19684e-01;Pipeline { filter(C6H6(GT) > 0.0000) };7.39254e-01;9.19684e-01;Pipeline { filter(C6H6(GT) > 0.0000) };7.39254e-01;9.19684e-01;Pipeline { filter(PT08.S2(NMHC) < 7570000.0000) };7.39254e-01;9.19684e-01;Pipeline { filter(PT08.S2(NMHC) < 7570000.0000) }
datasets/airQuality_parallel.csv;nsga2;4;4;400;400;9.55200e+00;100;80;5;1.00000e+00;1.00000e+00;1.10000e-01;7.39254e-01;9.19684e-01;Pipeline { filter(PT08.S3(NOx) < 63000.0000) };7.39254e-01;9.19684e-01;Pipeline { filter(PT08.S3(NOx) < 63000.0000) };7.39254e-01;9.19684e-01;Pipeline { filter(PT08.S4(NO2) < 66000.0000) };7.39254e-01;9.19684e-01;Pipeline { filter(PT08.S4(NO2) < 66000.0000) }
datasets/airQuality_parallel.csv;nsga2;4;5;500;500;1.19230e+01;100;100;100;1.00000e+00;1.00000e+00;1.00000e-02;7.39254e-01;9.19684e-01;Pipeline { filter(PT08.S3(NOx) < 83000.0000) };7.39254e-01;9.19684e-01;Pipeline { filter(PT08.S3(NOx) < 83000.0000) };7.39254e-01;9.19684e-01;Pipeline { filter(PT08.S2(NMHC) < 7860.0000) };7.39254e-01;9.19684e-01;Pipeline { filter(PT08.S2(NMHC) < 7860.0000) }
datasets/airQuality_parallel.csv;nsga2;4;6;600;600;1.42410e+01;100;100;100;1.00000e+00;9.90000e-01;1.00000e-02;7.39254e-01;9.19684e-01;Pipeline { filter(PT08.S2(NMHC) < 4400000000.0000) };7.39254e-01;9.19684e-01;Pipeline { filter(PT08.S2(NMHC) < 4400000000.0000) };7.39254e-01;9.19684e-01;Pipeline { filter(C6H6(GT) > 0.0000) };7.39254e-01;9.19684e-01;Pipeline { filter(C6H6(GT) > 0.0000) }
datasets/airQuality_parallel.csv;nsga2;4;7;700;700;1.65880e+01;100;100;100;1.00000e+00;1.00000e+00;1.00000e-02;7.39254e-01;9.19684e-01;Pipeline { filter(PT08.S1(CO) > 0.7400) };7.39254e-01;9.19684e-01;Pipeline { filter(PT08.S1(CO) > 0.7400) };7.39254e-01;9.19684e-01;Pipeline { filter(PT08.S2(NMHC) < 74600.0000) };7.39254e-01;9.19684e-01;Pipeline { filter(PT08.S2(NMHC) < 74600.0000) }
datasets/airQuality_parallel.csv;nsga2;4;8;800;800;1.88980e+01;100;100;100;1.00000e+00;9.90000e-01;1.00000e-02;7.39254e-01;9.19684e-01;Pipeline { filter(PT08.S4(NO2) > 0.0000) };7.39254e-01;9.19684e-01;Pipeline { filter(PT08.S4(NO2) > 0.0000) };7.39254e-01;9.19684e-01;Pipeline { filter(PT08.S3(NOx) < 73200.0000) };7.39254e-01;9.19684e-01;Pipeline { filter(PT08.S3(NOx) < 73200.0000) }
datasets/airQuality_parallel.csv;nsga2;4;9;900;900;2.11870e+01;100;100;100;1.00000e+00;9.90000e-01;1.00000e-02;7.39254e-01;9.19684e-01;Pipeline { filter(PT08.S1(CO) > 7.7200) };7.39254e-01;9.19684e-01;Pipeline { filter(PT08.S1(CO) > 7.7200) };7.39254e-01;9.19684e-01;Pipeline { filter(C6H6(GT) > 0.0000) };7.39254e-01;9.19684e-01;Pipeline { filter(C6H6(GT) > 0.0000) }
datasets/airQuality_parallel.csv;nsga2;4;10;1000;1000;2.35980e+01;100;100;100;1.00000e+00;1.00000e+00;1.00000e-02;7.39254e-01;9.19684e-01;Pipeline { filter(RH > 0.0032) };7.39254e-01;9.19684e-01;Pipeline { filter(RH > 0.0032) };7.39254e-01;9.19684e-01;Pipeline { filter(T < 2160000000.0000) };7.39254e-01;9.19684e-01;Pipeline { filter(T < 2160000000.0000) }
datasets/airQuality_parallel.csv;nsga2;4;11;1100;1100;2.59900e+01;100;100;100;1.00000e+00;1.00000e+00;2.00000e-02;7.63773e-01;8.20423e-01;Pipeline { filter(PT08.S3(NOx) > 402.0000) };7.39254e-01;9.19684e-01;Pipeline { filter(PT08.S4(NO2) > 20.7000) };7.39254e-01;9.19684e-01;Pipeline { filter(AH > 0.0000) };7.39254e-01;9.19684e-01;Pipeline { filter(PT08.S1(CO) > 402.0000) }
datasets/airQuality_parallel.csv;nsga2;4;12;1200;1200;2.84060e+01;100;100;100;1.00000e+00;1.00000e+00;2.00000e-02;7.63773e-01;8.20423e-01;Pipeline { filter(PT08.S3(NOx) > 402.0000) };7.39254e-01;9.19684e-01;Pipeline { filter(RH < 3400000.0000) };7.39254e-01;9.19684e-01;Pipeline { filter(PT08.S1(CO) < 440000.0000) };7.39254e-01;9.19684e-01;Pipeline { filter(RH > 0.0002) }
datasets/airQuality_parallel.csv;nsga2;4;13;1300;1300;3.07420e+01;100;100;100;1.00000e+00;1.00000e+00;2.00000e-02;7.63773e-01;8.20423e-01;Pipeline { filter(PT08.S3(NOx) > 402.0000) };7.39254e-01;9.19684e-01;Pipeline { filter(AH < 4900000.0000) };7.39254e-01;9.19684e-01;Pipeline { filter(C6H6(GT) < 426.0000) };7.39254e-01;9.19684e-01;Pipeline { filter(PT08.S1(CO) < 400000.0000) }
datasets/airQuality_parallel.csv;nsga2;4;14;1400;1400;3.32250e+01;100;100;100;1.00000e+00;1.00000e+00;2.00000e-02;7.63773e-01;8.20423e-01;Pipeline { filter(PT08.S3(NOx) > 402.0000) };7.39254e-01;9.19684e-01;Pipeline { filter(AH > 0.0000) };7.39254e-01;9.19684e-01;Pipeline { filter(PT08.S3(NOx) > 0.0055) };7.39254e-01;9.19684e-01;Pipeline { filter(PT08.S4(NO2) > 0.0000) }
datasets/airQuality_parallel.csv;nsga2;4;15;1500;1500;3.57510e+01;100;100;100;1.00000e+00;9.90000e-01;2.00000e-02;7.63773e-01;8.20423e-01;Pipeline { filter(PT08.S3(NOx) > 402.0000) };7.39254e-01;9.19684e-01;Pipeline { filter(PT08.S4(NO2) > 9.3400) | filter(PT08.S3(NOx) > 0.3090) };7.39254e-01;9.19684e-01;Pipeline { filter(PT08.S3(NOx) > 55.0000) };7.39254e-01;9.19684e-01;Pipeline { filter(AH > 0.0000) }
datasets/airQuality_parallel.csv;nsga2;4;16;1600;1600;3.80750e+01;100;100;100;1.00000e+00;9.90000e-01;3.00000e-02;7.71710e-01;7.13469e-01;Pipeline { filter(PT08.S5(O3) < 1980.0000) };7.39254e-01;9.19684e-01;Pipeline { filter(PT08.S4(NO2) < 3820.0000) };7.39254e-01;9.19684e-01;Pipeline { filter(PT08.S3(NOx) < 825000000.0000) };7.39254e-01;9.19684e-01;Pipeline { filter(PT08.S4(NO2) > 9.0400) | filter(PT08.S3(NOx) > 0.0024) }
datasets/airQuality_parallel.csv;nsga2;4;17;1700;1700;4.04430e+01;100;100;100;1.00000e+00;1.00000e+00;3.00000e-02;7.71710e-01;7.13469e-01;Pipeline { filter(PT08.S5(O3) < 1980.0000) };7.39254e-01;9.19684e-01;Pipeline { filter(AH < 825000000.0000) };7.39254e-01;9.19684e-01;Pipeline { filter(PT08.S5(O3) > 9.0500) | filter(AH < 3690000.0000) };7.39254e-01;9.19684e-01;Pipeline { filter(PT08.S3(NOx) > 0.0006) }
datasets/airQuality_parallel.csv;nsga2;4;18;1800;1800;4.29020e+01;100;100;100;1.00000e+00;9.90000e-01;3.00000e-02;7.71710e-01;7.13469e-01;Pipeline { filter(PT08.S5(O3) < 1980.0000) };7.39254e-01;9.19684e-01;Pipeline { filter(PT08.S4(NO2) > 0.1060) };7.39254e-01;9.19684e-01;Pipeline { filter(C6H6(GT) > 0.0000) };7.39254e-01;9.19684e-01;Pipeline { filter(PT08.S4(NO2) > 0.9400) }
datasets/airQuality_parallel.csv;nsga2;4;19;1900;1900;4.53220e+01;100;100;100;1.00000e+00;1.00000e+00;3.00000e-02;7.71710e-01;7.13469e-01;Pipeline { filter(PT08.S5(O3) < 1980.0000) };7.39254e-01;9.19684e-01;Pipeline { filter(PT08.S3(NOx) > 0.0048) };7.39254e-01;9.19684e-01;Pipeline { filter(RH > 0.0029) };7.39254e-01;9.19684e-01;Pipeline { filter(AH > 0.0000) }
datasets/airQuality_parallel.csv;nsga2;4;20;2000;2000;4.78170e+01;100;100;100;1.00000e+00;1.00000e+00;3.00000e-02;7.71710e-01;7.13469e-01;Pipeline { filter(PT08.S5(O3) < 1980.0000) };7.39254e-01;9.19684e-01;Pipeline { filter(PT08.S2(NMHC) > 0.0008) | filter(PT08.S5(O3) > 0.0021) };7.39254e-01;9.19684e-01;Pipeline { filter(RH > 8.6700) };7.39254e-01;9.19684e-01;Pipeline { filter(PT08.S3(NOx) > 0.8560) | filter(PT08.S3(NOx) > 0.0025) }
datasets/airQuality_parallel.csv;nsga2;4;21;2100;2100;5.02440e+01;100;100;100;1.00000e+00;9.90000e-01;3.00000e-02;7.71710e-01;7.13469e-01;Pipeline { filter(PT08.S5(O3) < 1980.0000) };7.39254e-01;9.19684e-01;Pipeline { filter(RH > 8.6500) };7.39254e-01;9.19684e-01;Pipeline { filter(RH > 0.0000) };7.39254e-01;9.19684e-01;Pipeline { filter(PT08.S4(NO2) > 0.0000) }
datasets/airQuality_parallel.csv;nsga2;4;22;2200;2200;5.26810e+01;100;100;100;1.00000e+00;9.90000e-01;3.00000e-02;7.71710e-01;7.13469e-01;Pipeline { filter(PT08.S5(O3) < 1980.0000) };7.39254e-01;9.19684e-01;Pipeline { filter(PT08.S3(NOx) > 0.0000) | filter(PT08.S3(NOx) > 0.0250) };7.39254e-01;9.19684e-01;Pipeline { filter(RH > 8.1100) };7.39254e-01;9.19684e-01;Pipeline { filter(RH > 0.0000) }
datasets/airQuality_parallel.csv;nsga2;4;23;2300;2300;5.50670e+01;100;100;100;1.00000e+00;1.00000e+00;3.00000e-02;7.71710e-01;7.13469e-01;Pipeline { filter(PT08.S5(O3) < 1980.0000) };7.39254e-01;9.19684e-01;Pipeline { filter(RH > 0.0001) };7.39254e-01;9.19684e-01;Pipeline { filter(C6H6(GT) > 0.0645) };7.39254e-01;9.19684e-01;Pipeline { filter(AH < 23000000.0000) }
datasets/airQuality_parallel.csv;nsga2;4;24;2400;2400;5.75760e+01;100;100;100;1.00000e+00;1.00000e+00;3.00000e-02;7.71710e-01;7.13469e-01;Pipeline { filter(PT08.S5(O3) < 1980.0000) };7.39254e-01;9.19684e-01;Pipeline { filter(PT08.S5(O3) < 63000000.0000) | filter(PT08.S2(NMHC) > 0.0082) };7.39254e-01;9.19684e-01;Pipeline { filter(AH < 259000000.0000) };7.39254e-01;9.19684e-01;Pipeline { filter(PT08.S2(NMHC) < 645000000.0000) }
datasets/airQuality_parallel.csv;nsga2;4;25;2500;2500;6.00120e+01;100;100;100;1.00000e+00;9.90000e-01;2.00000e-02;7.74707e-01;8.81133e-01;Pipeline { filter(PT08.S2(NMHC) < 1750.0000) };7.39254e-01;9.19684e-01;Pipeline { filter(PT08.S2(NMHC) < 8690.0000) };7.39254e-01;9.19684e-01;Pipeline { filter(C6H6(GT) > 0.0885) };7.39254e-01;9.19684e-01;Pipeline { filter(PT08.S3(NOx) > 0.6400) }
datasets/airQuality_parallel.csv;nsga2;4;26;2600;2600;6.24210e+01;100;100;100;1.00000e+00;9.90000e-01;2.00000e-02;7.74707e-01;8.81133e-01;Pipeline { filter(PT08.S2(NMHC) < 1750.0000) };7.39254e-01;9.19684e-01;Pipeline { filter(PT08.S1(CO) > 4.1800) };7.39254e-01;9.19684e-01;Pipeline { filter(RH > 0.0001) };7.39254e-01;9.19684e-01;Pipeline { filter(PT08.S5(O3) < 2890000000.0000) }
datasets/airQuality_parallel.csv;nsga2;4;27;2700;2700;6.48470e+01;100;100;100;1.00000e+00;1.00000e+00;2.00000e-02;7.74707e-01;8.81133e-01;Pipeline { filter(PT08.S2(NMHC) < 1750.0000) };7.39254e-01;9.19684e-01;Pipeline { filter(PT08.S1(CO) > 0.0005) };7.39254e-01;9.19684e-01;Pipeline { filter(C6H6(GT) > 0.0282) };7.39254e-01;9.19684e-01;Pipeline { filter(PT08.S5(O3) < 6850000000.0000) }
datasets/airQuality_parallel.csv;nsga2;4;28;2800;2800;6.73130e+01;100;100;100;1.00000e+00;1.00000e+00;2.00000e-02;7.74707e-01;8.81133e-01;Pipeline { filter(PT08.S2(NMHC) < 1750.0000) };7.39254e-01;9.19684e-01;Pipeline { filter(PT08.S4(NO2) > 32.9000) };7.39254e-01;9.19684e-01;Pipeline { filter(PT08.S3(NOx) > 0.0000) | filter(RH < 44000000.0000) };7.39254e-01;9.19684e-01;Pipeline { filter(AH > 0.0042) }
datasets/airQuality_parallel.csv;nsga2;4;29;2900;2900;6.96400e+01;100;100;100;1.00000e+00;1.00000e+00;2.00000e-02;7.74707e-01;8.81133e-01;Pipeline { filter(PT08.S2(NMHC) < 1750.0000) };7.39254e-01;9.19684e-01;Pipeline { filter(C6H6(GT) > 0.0242) };7.39254e-01;9.19684e-01;Pipeline { filter(PT08.S5(O3) < 6770000000.0000) };7.39254e-01;9.19684e-01;Pipeline { filter(PT08.S2(NMHC) > 0.0502) }
datasets/airQuality_parallel.csv;nsga2;4;30;3000;3000;7.20470e+01;100;100;100;1.00000e+00;1.00000e+00;2.00000e-02;7.74707e-01;8.81133e-01;Pipeline { filter(PT08.S2(NMHC) < 1750.0000) };7.39254e-01;9.19684e-01;Pipeline { filter(PT08.S4(NO2) > 0.3460) | filter(PT08.S5(O3) > 0.8530) };7.39254e-01;9.19684e-01;Pipeline { filter(C6H6(GT) > 0.0000) };7.39254e-01;9.19684e-01;Pipeline { filter(T < 7340000000.0000) }
datasets/airQuality_parallel.csv;nsga2;4;31;3100;3100;7.44160e+01;100;100;100;1.00000e+00;1.00000e+00;2.00000e-02;7.74707e-01;8.81133e-01;Pipeline { filter(PT08.S2(NMHC) < 1750.0000) };7.39254e-01;9.19684e-01;Pipeline { filter(PT08.S1(CO) > 0.0180) };7.39254e-01;9.19684e-01;Pipeline { filter(RH > 0.0001) };7.39254e-01;9.19684e-01;Pipeline { filter(C6H6(GT) > 0.0910) }
datasets/airQuality_parallel.csv;nsga2;4;32;3200;3200;7.66860e+01;100;100;100;1.00000e+00;1.00000e+00;2.00000e-02;7.74707e-01;8.81133e-01;Pipeline { filter(PT08.S2(NMHC) < 1750.0000) };7.39254e-01;9.19684e-01;Pipeline { filter(PT08.S1(CO) > 9.1600) };7.39254e-01;9.19684e-01;Pipeline { filter(RH > 7.1600) };7.39254e-01;9.19684e-01;Pipeline { filter(C6H6(GT) > 0.0079) }
datasets/airQuality_parallel.csv;nsga2;4;33;3300;3300;7.91060e+01;100;100;100;1.00000e+00;1.00000e+00;2.00000e-02;7.74707e-01;8.81133e-01;Pipeline { filter(PT08.S2(NMHC) < 1750.0000) };7.39254e-01;9.19684e-01;Pipeline { filter(RH > 0.5600) };7.39254e-01;9.19684e-01;Pipeline { filter(T < 2310000000.0000) };7.39254e-01;9.19684e-01;Pipeline { filter(PT08.S1(CO) > 0.0005) }
datasets/airQuality_parallel.csv;nsga2;4;34;3400;3400;8.15070e+01;100;100;100;1.00000e+00;9.80000e-01;2.00000e-02;7.74707e-01;8.81133e-01;Pipeline { filter(PT08.S2(NMHC) < 1750.0000) };7.39254e-01;9.19684e-01;Pipeline { filter(PT08.S1(CO) > 0.0009) };7.39254e-01;9.19684e-01;Pipeline { filter(C6H6(GT) > 0.0000) };7.39254e-01;9.19684e-01;Pipeline { filter(PT08.S2(NMHC) < 81500000.0000) }
datasets/airQuality_parallel.csv;nsga2;4;35;3500;3500;8.38470e+01;100;100;100;1.00000e+00;1.00000e+00;2.00000e-02;7.74707e-01;8.81133e-01;Pipeline { filter(PT08.S2(NMHC) < 1750.0000) };7.39254e-01;9.19684e-01;Pipeline { filter(PT08.S3(NOx) > 0.0000) | filter(RH < 12200000.0000) };7.39254e-01;9.19684e-01;Pipeline { filter(T < 63100.0000) };7.39254e-01;9.19684e-01;Pipeline { filter(AH < 156000000.0000) }
datasets/airQuality_parallel.csv;nsga2;4;36;3600;3600;8.62350e+01;100;100;100;1.00000e+00;1.00000e+00;2.00000e-02;7.74707e-01;8.81133e-01;Pipeline { filter(PT08.S2(NMHC) < 1750.0000) };7.39254e-01;9.19684e-01;Pipeline { filter(PT08.S1(CO) > 0.0002) | filter(RH < 700000000.0000) };7.39254e-01;9.19684e-01;Pipeline { filter(PT08.S3(NOx) < 850000000.0000) };7.39254e-01;9.19684e-01;Pipeline { filter(PT08.S1(CO) > 0.0000) }
datasets/airQuality_parallel.csv;nsga2;4;37;3700;3700;8.87350e+01;100;100;100;1.00000e+00;9.90000e-01;2.00000e-02;7.74707e-01;8.81133e-01;Pipeline { filter(PT08.S2(NMHC) < 1750.0000) };7.39254e-01;9.19684e-01;Pipeline { filter(PT08.S3(NOx) > 0.0000) };7.39254e-01;9.19684e-01;Pipeline { filter(PT08.S2(NMHC) < 3360000000.0000) };7.39254e-01;9.19684e-01;Pipeline { filter(PT08.S2(NMHC) > 0.0002) }
datasets/airQuality_parallel.csv;nsga2;4;38;3800;3800;9.12530e+01;100;100;100;1.00000e+00;1.00000e+00;2.00000e-02;7.74707e-01;8.81133e-01;Pipeline { filter(PT08.S2(NMHC) < 1750.0000) };7.39254e-01;9.19684e-01;Pipeline { filter(AH < 696000.0000) };7.39254e-01;9.19684e-01;Pipeline { filter(PT08.S4(NO2) > 8.2400) };7.39254e-01;9.19684e-01;Pipeline { filter(PT08.S4(NO2) > 0.0000) }
datasets/airQuality_parallel.csv;nsga2;4;39;3900;3900;9.40730e+01;100;100;100;1.00000e+00;1.00000e+00;2.00000e-02;7.74707e-01;8.81133e-01;Pipeline { filter(PT08.S2(NMHC) < 1750.0000) };7.39254e-01;9.19684e-01;Pipeline { filter(PT08.S1(CO) > 0.0001) | filter(RH < 720000000.0000) };7.39254e-01;9.19684e-01;Pipeline { filter(PT08.S4(NO2) > 0.0003) };7.39254e-01;9.19684e-01;Pipeline { filter(PT08.S4(NO2) < 4660000000.0000) }
datasets/airQuality_parallel.csv;nsga2;4;40;4000;4000;9.64790e+01;100;100;100;1.00000e+00;1.00000e+00;2.00000e-02;7.74707e-01;8.81133e-01;Pipeline { filter(PT08.S2(NMHC) < 1750.0000) };7.39254e-01;9.19684e-01;Pipeline { filter(PT08.S4(NO2) < 896000000.0000) };7.39254e-01;9.19684e-01;Pipeline { filter(PT08.S3(NOx) > 0.0000) | filter(PT08.S3(NOx) < 92000000.0000) };7.39254e-01;9.19684e-01;Pipeline { filter(RH > 0.0000) }
datasets/airQuality_parallel.csv;nsga2;4;41;4100;4100;9.89660e+01;100;100;100;1.00000e+00;1.00000e+00;2.00000e-02;7.74707e-01;8.81133e-01;Pipeline { filter(PT08.S2(NMHC) < 1750.0000) };7.39254e-01;9.19684e-01;Pipeline { filter(PT08.S3(NOx) > 0.0425) };7.39254e-01;9.19684e-01;Pipeline { filter(C6H6(GT) > 0.0000) };7.39254e-01;9.19684e-01;Pipeline { filter(PT08.S5(O3) > 0.0000) }
datasets/airQuality_parallel.csv;nsga2;4;42;4200;4200;1.01438e+02;100;100;100;1.00000e+00;9.90000e-01;2.00000e-02;7.74707e-01;8.81133e-01;Pipeline { filter(PT08.S2(NMHC) < 1750.0000) };7.39254e-01;9.19684e-01;Pipeline { filter(RH > 0.5400) };7.39254e-01;9.19684e-01;Pipeline { filter(PT08.S1(CO) > 0.0000) };7.39254e-01;9.19684e-01;Pipeline { filter(PT08.S1(CO) < 7580000000.0000) }
datasets/airQuality_parallel.csv;nsga2;4;43;4300;4300;1.04052e+02;100;100;100;1.00000e+00;9.90000e-01;2.00000e-02;7.74707e-01;8.81133e-01;Pipeline { filter(PT08.S2(NMHC) < 1750.0000) };7.39254e-01;9.19684e-01;Pipeline { filter(RH > 1.5400) };7.39254e-01;9.19684e-01;Pipeline { filter(RH > 0.5400) };7.39254e-01;9.19684e-01;Pipeline { filter(PT08.S3(NOx) > 0.0000) | filter(PT08.S4(NO2) > 0.0000) }
datasets/airQuality_parallel.csv;nsga2;4;44;4400;4400;1.06590e+02;100;100;100;1.00000e+00;1.00000e+00;2.00000e-02;7.74707e-01;8.81133e-01;Pipeline { filter(PT08.S2(NMHC) < 1750.0000) };7.39254e-01;9.19684e-01;Pipeline { filter(PT08.S3(NOx) > 0.0000) };7.39254e-01;9.19684e-01;Pipeline { filter(C6H6(GT) < 3970000.0000) };7.39254e-01;9.19684e-01;Pipeline { filter(T < 299.0000) | filter(PT08.S1(CO) < 170000.0000) }
datasets/airQuality_parallel.csv;nsga2;4;45;4500;4500;1.09125e+02;100;100;100;1.00000e+00;9.90000e-01;2.00000e-02;7.74707e-01;8.81133e-01;Pipeline { filter(PT08.S2(NMHC) < 1750.0000) };7.39254e-01;9.19684e-01;Pipeline { filter(PT08.S1(CO) > 0.0000) | filter(RH < 420000000.0000) };7.39254e-01;9.19684e-01;Pipeline { filter(PT08.S2(NMHC) > 0.0425) };7.39254e-01;9.19684e-01;Pipeline { filter(T < 6160.0000) }
datasets/airQuality_parallel.csv;nsga2;4;46;4600;4600;1.11771e+02;100;100;100;1.00000e+00;1.00000e+00;2.00000e-02;7.74707e-01;8.81133e-01;Pipeline { filter(PT08.S2(NMHC) < 1750.0000) };7.39254e-01;9.19684e-01;Pipeline { filter(PT08.S4(NO2) > 0.0010) };7.39254e-01;9.19684e-01;Pipeline { filter(C6H6(GT) > 0.0001) };7.39254e-01;9.19684e-01;Pipeline { filter(PT08.S3(NOx) > 0.0000) }
datasets/airQuality_parallel.csv;nsga2;4;47;4700;4700;1.14244e+02;100;100;100;1.00000e+00;1.00000e+00;2.00000e-02;7.74707e-01;8.81133e-01;Pipeline { filter(PT08.S2(NMHC) < 1750.0000) };7.39254e-01;9.19684e-01;Pipeline { filter(PT08.S2(NMHC) > 0.0000) };7.39254e-01;9.19684e-01;Pipeline { filter(PT08.S1(CO) > 0.5300) };7.39254e-01;9.19684e-01;Pipeline { filter(PT08.S2(NMHC) > 0.0000) }
datasets/airQuality_parallel.csv;nsga2;4;48;4800;4800;1.16768e+02;100;100;100;1.00000e+00;1.00000e+00;2.00000e-02;7.74707e-01;8.81133e-01;Pipeline { filter(PT08.S2(NMHC) < 1750.0000) };7.39254e-01;9.19684e-01;Pipeline { filter(PT08.S1(CO) > 9.7800) };7.39254e-01;9.19684e-01;Pipeline { filter(PT08.S4(NO2) > 0.0000) };7.39254e-01;9.19684e-01;Pipeline { filter(PT08.S5(O3) < 29200.0000) }
datasets/airQuality_parallel.csv;nsga2;4;49;4900;4900;1.19244e+02;100;100;100;1.00000e+00;9.90000e-01;2.00000e-02;7.74707e-01;8.81133e-01;Pipeline { filter(PT08.S2(NMHC) < 1750.0000) };7.39254e-01;9.19684e-01;Pipeline { filter(RH > 0.0001) };7.39254e-01;9.19684e-01;Pipeline { filter(PT08.S1(CO) < 54900.0000) };7.39254e-01;9.19684e-01;Pipeline { filter(PT08.S1(CO) > 0.0000) }
datasets/airQuality_parallel.csv;nsga2;4;50;5000;5000;1.21629e+02;100;100;100;1.00000e+00;1.00000e+00;2.00000e-02;7.74707e-01;8.81133e-01;Pipeline { filter(PT08.S2(NMHC) < 1750.0000) };7.39254e-01;9.19684e-01;Pipeline { filter(AH > 0.0000) };7.39254e-01;9.19684e-01;Pipeline { filter(PT08.S4(NO2) > 0.0000) };7.39254e-01;9.19684e-01;Pipeline { filter(PT08.S1(CO) > 113.0000) }
datasets/airQuality_parallel.csv;nsga2;5;1;100;100;2.35300e+00;100;11;78;1.00000e+00;1.00000e+00;1.30000e-01;7.68406e-01;8.82704e-01;Pipeline { filter(PT08.S3(NOx) > 370.0000) };7.39254e-01;9.19684e-01;Pipeline { filter(AH < 865.0000) };0.00000e+00;0.00000e+00;Pipeline { filter(AH > 59000000.0000) | filter(PT08.S2(NMHC) > 4060.0000) | filter(NO2(GT) > 0.0000) | filter(PT08.S1(CO) < 0.0000) | filter(NMHC(GT) > 318000.0000) | filter(PT08.S2(NMHC) < 0.0000) | filter(PT08.S3(NOx) > 0.0051) | filter(NMHC(GT) > 0.0000) | filter(RH < 0.8780) | filter(CO(GT) > 145.0000) | filter(RH > 883000.0000) };0.00000e+00;0.00000e+00;Pipeline { filter(AH > 59000000.0000) | filter(PT08.S2(NMHC) > 4060.0000) | filter(NO2(GT) > 0.0000) | filter(PT08.S1(CO) < 0.0000) | filter(NMHC(GT) > 318000.0000) | filter(PT08.S2(NMHC) < 0.0000) | filter(PT08.S3(NOx) > 0.0051) | filter(NMHC(GT) > 0.0000) | filter(RH < 0.8780) | filter(CO(GT) > 145.0000) | filter(RH > 883000.0000) }
datasets/airQuality_parallel.csv;nsga2;5;2;200;200;5.70600e+00;100;23;47;1.00000e+00;1.00000e+00;2.20000e-01;7.68406e-01;8.82704e-01;Pipeline { filter(PT08.S3(NOx) > 370.0000) };7.39254e-01;9.19684e-01;Pipeline { filter(PT08.S5(O3) > 0.0000) | filter(PT08.S3(NOx) < 505000.0000) };6.28210e-01;6.96625e-01;Pipeline { filter(PT08.S3(NOx) > 454.0000) | filter(NOx(GT) < 6560000000.0000) };7.68406e-01;8.82704e-01;Pipeline { filter(PT08.S3(NOx) > 370.0000) }
datasets/airQuality_parallel.csv;nsga2;5;3;300;300;7.99900e+00;100;53;1;1.00000e+00;1.00000e+00;2.10000e-01;7.68406e-01;8.82704e-01;Pipeline { filter(PT08.S3(NOx) > 370.0000) };7.33005e-01;9.22451e-01;Pipeline { filter(PT08.S1(CO) > 0.0006) | filter(AH < 1.9800) | filter(RH < 292.0000) };7.39254e-01;9.19684e-01;Pipeline { filter(T < 1500000.0000) };7.39254e-01;9.19684e-01;Pipeline { filter(T < 1500000.0000) }
datasets/airQuality_parallel.csv;nsga2;5;4;400;400;1.03950e+01;100;100;100;1.00000e+00;1.00000e+00;3.00000e-02;7.68406e-01;8.82704e-01;Pipeline { filter(PT08.S3(NOx) > 370.0000) };7.33005e-01;9.22451e-01;Pipeline { filter(PT08.S1(CO) > 0.0006) | filter(AH < 1.9800) | filter(RH < 292.0000) };7.39254e-01;9.19684e-01;Pipeline { filter(C6H6(GT) > 0.0525) };7.39254e-01;9.19684e-01;Pipeline { filter(PT08.S1(CO) < 3720000000.0000) }
datasets/airQuality_parallel.csv;nsga2;5;5;500;500;1.27890e+01;100;100;100;1.00000e+00;1.00000e+00;3.00000e-02;7.68406e-01;8.82704e-01;Pipeline { filter(PT08.S3(NOx) > 370.0000) };7.33005e-01;9.22451e-01;Pipeline { filter(PT08.S1(CO) > 0.0006) | filter(AH < 1.9800) | filter(RH < 292.0000) };7.39254e-01;9.19684e-01;Pipeline { filter(C6H6(GT) < 1730000000.0000) };7.39254e-01;9.19684e-01;Pipeline { filter(PT08.S5(O3) > 0.0000) }
datasets/airQuality_parallel.csv;nsga2;5;6;600;600;1.52620e+01;100;100;100;1.00000e+00;1.00000e+00;3.00000e-02;7.68406e-01;8.82704e-01;Pipeline { filter(PT08.S3(NOx) > 370.0000) };7.33005e-01;9.22451e-01;Pipeline { filter(PT08.S1(CO) > 0.0006) | filter(AH < 1.9800) | filter(RH < 292.0000) };7.39254e-01;9.19684e-01;Pipeline { filter(PT08.S5(O3) > 0.0000) | filter(RH > 0.0000) | filter(T < 86500.0000) };7.39254e-01;9.19684e-01;Pipeline { filter(PT08.S2(NMHC) > 1.2700) | filter(PT08.S5(O3) < 962000.0000) }
datasets/airQuality_parallel.csv;nsga2;5;7;700;700;1.78500e+01;100;100;100;1.00000e+00;9.90000e-01;3.00000e-02;7.68406e-01;8.82704e-01;Pipeline { filter(PT08.S3(NOx) > 370.0000) };7.33005e-01;9.22451e-01;Pipeline { filter(PT08.S1(CO) > 0.0006) | filter(AH < 1.9800) | filter(RH < 292.0000) };7.39254e-01;9.19684e-01;Pipeline { filter(C6H6(GT) < 6560000000.0000) };7.39254e-01;9.19684e-01;Pipeline { filter(T < 913000.0000) }
datasets/airQuality_parallel.csv;nsga2;5;8;800;800;2.02280e+01;100;100;100;1.00000e+00;1.00000e+00;3.00000e-02;7.68406e-01;8.82704e-01;Pipeline { filter(PT08.S3(NOx) > 370.0000) };7.33005e-01;9.22451e-01;Pipeline { filter(PT08.S1(CO) > 0.0006) | filter(AH < 1.9800) | filter(RH < 292.0000) };7.39254e-01;9.19684e-01;Pipeline { filter(RH > 0.0030) };7.39254e-01;9.19684e-01;Pipeline { filter(PT08.S1(CO) > 68.4000) }
datasets/airQuality_parallel.csv;nsga2;5;9;900;900;2.26680e+01;100;100;100;1.00000e+00;9.90000e-01;3.00000e-02;7.68406e-01;8.82704e-01;Pipeline { filter(PT08.S3(NOx) > 370.0000) };7.33005e-01;9.22451e-01;Pipeline { filter(PT08.S1(CO) > 0.0006) | filter(AH < 1.9800) | filter(RH < 292.0000) };7.39254e-01;9.19684e-01;Pipeline { filter(RH > 0.4600) };7.39254e-01;9.19684e-01;Pipeline { filter(PT08.S2(NMHC) < 433000.0000) }
datasets/airQuality_parallel.csv;nsga2;5;10;1000;1000;2.50850e+01;100;100;100;1.00000e+00;9.90000e-01;3.00000e-02;7.68406e-01;8.82704e-01;Pipeline { filter(PT08.S3(NOx) > 370.0000) };7.33005e-01;9.22451e-01;Pipeline { filter(PT08.S1(CO) > 0.0006) | filter(AH < 1.9800) | filter(RH < 292.0000) };7.39254e-01;9.19684e-01;Pipeline { filter(PT08.S3(NOx) > 0.0027) };7.39254e-01;9.19684e-01;Pipeline { filter(PT08.S1(CO) > 0.0000) }
datasets/airQuality_parallel.csv;nsga2;5;11;1100;1100;2.75610e+01;100;100;100;1.00000e+00;1.00000e+00;3.00000e-02;7.68406e-01;8.82704e-01;Pipeline { filter(PT08.S3(NOx) > 370.0000) };7.33005e-01;9.22451e-01;Pipeline { filter(PT08.S1(CO) > 0.0006) | filter(AH < 1.9800) | filter(RH < 292.0000) };7.39254e-01;9.19684e-01;Pipeline { filter(PT08.S5(O3) > 0.0000) | filter(RH > 0.0000) | filter(RH < 534.0000) };7.39254e-01;9.19684e-01;Pipeline { filter(T < 517000000.0000) }
datasets/airQuality_parallel.csv;nsga2;5;12;1200;1200;2.99480e+01;100;100;100;1.00000e+00;1.00000e+00;3.00000e-02;7.68406e-01;8.82704e-01;Pipeline { filter(PT08.S3(NOx) > 370.0000) };7.33005e-01;9.22451e-01;Pipeline { filter(PT08.S1(CO) > 0.0006) | filter(AH < 1.9800) | filter(RH < 292.0000) };7.39254e-01;9.19684e-01;Pipeline { filter(PT08.S1(CO) > 0.8920) };7.39254e-01;9.19684e-01;Pipeline { filter(PT08.S2(NMHC) > 0.0000) }
datasets/airQuality_parallel.csv;nsga2;5;13;1300;1300;3.24740e+01;100;100;100;1.00000e+00;9.90000e-01;3.00000e-02;7.68406e-01;8.82704e-01;Pipeline { filter(PT08.S3(NOx) > 370.0000) };7.33005e-01;9.22451e-01;Pipeline { filter(PT08.S1(CO) > 0.0006) | filter(AH < 1.9800) | filter(RH < 292.0000) };7.39254e-01;9.19684e-01;Pipeline { filter(RH > 0.0000) };7.39254e-01;9.19684e-01;Pipeline { filter(T < 5170.0000) }
datasets/airQuality_parallel.csv;nsga2;5;14;1400;1400;3.48420e+01;100;100;100;1.00000e+00;9.90000e-01;3.00000e-02;7.68406e-01;8.82704e-01;Pipeline { filter(PT08.S3(NOx) > 370.0000) };7.33005e-01;9.22451e-01;Pipeline { filter(PT08.S1(CO) > 0.0006) | filter(AH < 1.9800) | filter(RH < 292.0000) };7.39254e-01;9.19684e-01;Pipeline { filter(PT08.S2(NMHC) > 4.7400) };7.39254e-01;9.19684e-01;Pipeline { filter(C6H6(GT) < 9900000000.0000) }
datasets/airQuality_parallel.csv;nsga2;5;15;1500;1500;3.71720e+01;100;100;100;1.00000e+00;9.80000e-01;3.00000e-02;7.70465e-01;9.08093e-01;Pipeline { filter(PT08.S3(NOx) > 340.0000) };7.33005e-01;9.22451e-01;Pipeline { filter(PT08.S1(CO) > 0.0006) | filter(AH < 1.9800) | filter(RH < 292.0000) };7.39254e-01;9.19684e-01;Pipeline { filter(PT08.S1(CO) > 0.5900) };7.39254e-01;9.19684e-01;Pipeline { filter(PT08.S1(CO) > 8.0200) }
datasets/airQuality_parallel.csv;nsga2;5;16;1600;1600;3.96310e+01;100;100;100;1.00000e+00;9.90000e-01;3.00000e-02;7.70465e-01;9.08093e-01;Pipeline { filter(PT08.S3(NOx) > 340.0000) };7.33005e-01;9.22451e-01;Pipeline { filter(PT08.S1(CO) > 0.0006) | filter(AH < 1.9800) | filter(RH < 292.0000) };7.39254e-01;9.19684e-01;Pipeline { filter(PT08.S2(NMHC) > 0.2070) | filter(RH < 96500000.0000) };7.39254e-01;9.19684e-01;Pipeline { filter(RH < 6540.0000) }
datasets/airQuality_parallel.csv;nsga2;5;17;1700;1700;4.20950e+01;100;100;100;1.00000e+00;1.00000e+00;3.00000e-02;7.70465e-01;9.08093e-01;Pipeline { filter(PT08.S3(NOx) > 340.0000) };7.33005e-01;9.22451e-01;Pipeline { filter(PT08.S1(CO) > 0.0006) | filter(AH < 1.9800) | filter(RH < 292.0000) };7.39254e-01;9.19684e-01;Pipeline { filter(PT08.S3(NOx) > 0.0000) };7.39254e-01;9.19684e-01;Pipeline { filter(PT08.S2(NMHC) < 99000000.0000) }
datasets/airQuality_parallel.csv;nsga2;5;18;1800;1800;4.45100e+01;100;100;100;1.00000e+00;9.80000e-01;3.00000e-02;7.70465e-01;9.08093e-01;Pipeline { filter(PT08.S3(NOx) > 340.0000) };7.33005e-01;9.22451e-01;Pipeline { filter(PT08.S1(CO) > 0.0006) | filter(AH < 1.9800) | filter(RH < 292.0000) };7.39254e-01;9.19684e-01;Pipeline { filter(PT08.S2(NMHC) < 8510000000.0000) };7.39254e-01;9.19684e-01;Pipeline { filter(PT08.S2(NMHC) > 26.6000) }
datasets/airQuality_parallel.csv;nsga2;5;19;1900;1900;4.69480e+01;100;100;100;1.00000e+00;1.00000e+00;3.00000e-02;7.70465e-01;9.08093e-01;Pipeline { filter(PT08.S3(NOx) > 340.0000) };7.33005e-01;9.22451e-01;Pipeline { filter(PT08.S1(CO) > 0.0006) | filter(AH < 1.9800) | filter(RH < 292.0000) };7.39254e-01;9.19684e-01;Pipeline { filter(AH > 0.0024) };7.39254e-01;9.19684e-01;Pipeline { filter(C6H6(GT) > 0.0000) | filter(PT08.S5(O3) < 86200000.0000) }
datasets/airQuality_parallel.csv;nsga2;5;20;2000;2000;4.93640e+01;100;100;100;1.00000e+00;9.90000e-01;3.00000e-02;7.70465e-01;9.08093e-01;Pipeline { filter(PT08.S3(NOx) > 340.0000) };7.33005e-01;9.22451e-01;Pipeline { filter(PT08.S1(CO) > 0.0006) | filter(AH < 1.9800) | filter(RH < 292.0000) };7.39254e-01;9.19684e-01;Pipeline { filter(PT08.S2(NMHC) > 0.7250) };7.39254e-01;9.19684e-01;Pipeline { filter(RH > 7.7000) }
datasets/airQuality_parallel.csv;nsga2;5;21;2100;2100;5.17050e+01;100;100;100;1.00000e+00;1.00000e+00;3.00000e-02;7.70465e-01;9.08093e-01;Pipeline { filter(PT08.S3(NOx) > 340.0000) };7.33005e-01;9.22451e-01;Pipeline { filter(PT08.S1(CO) > 0.0006) | filter(AH < 1.9800) | filter(RH < 292.0000) };7.39254e-01;9.19684e-01;Pipeline { filter(RH > 0.4490) };7.39254e-01;9.19684e-01;Pipeline { filter(PT08.S2(NMHC) < 134000000.0000) }
datasets/airQuality_parallel.csv;nsga2;5;22;2200;2200;5.44260e+01;100;100;100;1.00000e+00;1.00000e+00;3.00000e-02;7.70465e-01;9.08093e-01;Pipeline { filter(PT08.S3(NOx) > 340.0000) };7.33005e-01;9.22451e-01;Pipeline { filter(PT08.S1(CO) > 0.0006) | filter(AH < 1.9800) | filter(RH < 292.0000) };7.39254e-01;9.19684e-01;Pipeline { filter(PT08.S2(NMHC) > 20.7000) | filter(PT08.S1(CO) < 2960000.0000) };7.39254e-01;9.19684e-01;Pipeline { filter(PT08.S4(NO2) > 0.0774) | filter(PT08.S1(CO) < 96200000.0000) }
datasets/airQuality_parallel.csv;nsga2;5;23;2300;2300;5.68670e+01;100;100;100;1.00000e+00;1.00000e+00;3.00000e-02;7.70465e-01;9.08093e-01;Pipeline { filter(PT08.S3(NOx) > 340.0000) };7.33005e-01;9.22451e-01;Pipeline { filter(PT08.S1(CO) > 0.0006) | filter(AH < 1.9800) | filter(RH < 292.0000) };7.39254e-01;9.19684e-01;Pipeline { filter(PT08.S4(NO2) > 0.0000) };7.39254e-01;9.19684e-01;Pipeline { filter(PT08.S1(CO) > 0.0000) | filter(PT08.S1(CO) > 0.0000) }
datasets/airQuality_parallel.csv;nsga2;5;24;2400;2400;5.92470e+01;100;100;100;1.00000e+00;9.90000e-01;3.00000e-02;7.70465e-01;9.08093e-01;Pipeline { filter(PT08.S3(NOx) > 340.0000) };7.33005e-01;9.22451e-01;Pipeline { filter(PT08.S1(CO) > 0.0006) | filter(AH < 1.9800) | filter(RH < 292.0000) };7.39254e-01;9.19684e-01;Pipeline { filter(PT08.S4(NO2) > 0.4070) | filter(RH < 33000000.0000) };7.39254e-01;9.19684e-01;Pipeline { filter(PT08.S4(NO2) < 463000.0000) }
datasets/airQuality_parallel.csv;nsga2;5;25;2500;2500;6.16060e+01;100;100;100;1.00000e+00;1.00000e+00;3.00000e-02;7.70465e-01;9.08093e-01;Pipeline { filter(PT08.S3(NOx) > 340.0000) };7.33005e-01;9.22451e-01;Pipeline { filter(PT08.S1(CO) > 0.0006) | filter(AH < 1.9800) | filter(RH < 292.0000) };7.39254e-01;9.19684e-01;Pipeline { filter(PT08.S2(NMHC) > 0.0010) };7.39254e-01;9.19684e-01;Pipeline { filter(PT08.S2(NMHC) > 0.0011) }
datasets/airQuality_parallel.csv;nsga2;5;26;2600;2600;6.40660e+01;100;100;100;1.00000e+00;9.90000e-01;3.00000e-02;7.70465e-01;9.08093e-01;Pipeline { filter(PT08.S3(NOx) > 340.0000) };7.33005e-01;9.22451e-01;Pipeline { filter(PT08.S1(CO) > 0.0006) | filter(AH < 1.9800) | filter(RH < 292.0000) };7.39254e-01;9.19684e-01;Pipeline { filter(PT08.S4(NO2) > 9.1200) };7.39254e-01;9.19684e-01;Pipeline { filter(PT08.S2(NMHC) > 8.8200) }
datasets/airQuality_parallel.csv;nsga2;5;27;2700;2700;6.64730e+01;100;100;100;1.00000e+00;1.00000e+00;3.00000e-02;7.70465e-01;9.08093e-01;Pipeline { filter(PT08.S3(NOx) > 340.0000) };7.33005e-01;9.22451e-01;Pipeline { filter(PT08.S1(CO) > 0.0006) | filter(AH < 1.9800) | filter(RH < 292.0000) };7.39254e-01;9.19684e-01;Pipeline { filter(C6H6(GT) > 0.0000) };7.39254e-01;9.19684e-01;Pipeline { filter(PT08.S3(NOx) < 48900000.0000) }
datasets/airQuality_parallel.csv;nsga2;5;28;2800;2800;6.88220e+01;100;100;100;1.00000e+00;9.90000e-01;3.00000e-02;7.70465e-01;9.08093e-01;Pipeline { filter(PT08.S3(NOx) > 340.0000) };7.33005e-01;9.22451e-01;Pipeline { filter(PT08.S1(CO) > 0.0006) | filter(AH < 1.9800) | filter(RH < 292.0000) };7.39254e-01;9.19684e-01;Pipeline { filter(RH < 70100.0000) };7.39254e-01;9.19684e-01;Pipeline { filter(AH > 0.0000) }
datasets/airQuality_parallel.csv;nsga2;5;29;2900;2900;7.14410e+01;100;100;100;1.00000e+00;1.00000e+00;3.00000e-02;7.70465e-01;9.08093e-01;Pipeline { filter(PT08.S3(NOx) > 340.0000) };7.33005e-01;9.22451e-01;Pipeline { filter(PT08.S1(CO) > 0.0006) | filter(AH < 1.9800) | filter(RH < 292.0000) };7.39254e-01;9.19684e-01;Pipeline { filter(PT08.S4(NO2) > 8.3100) };7.39254e-01;9.19684e-01;Pipeline { filter(AH < 9.2900) }
datasets/airQuality_parallel.csv;nsga2;5;30;3000;3000;7.39430e+01;100;100;100;1.00000e+00;1.00000e+00;3.00000e-02;7.70465e-01;9.08093e-01;Pipeline { filter(PT08.S3(NOx) > 340.0000) };7.33005e-01;9.22451e-01;Pipeline { filter(PT08.S1(CO) > 0.0006) | filter(AH < 1.9800) | filter(RH < 292.0000) };7.39254e-01;9.19684e-01;Pipeline { filter(RH > 0.0000) };7.39254e-01;9.19684e-01;Pipeline { filter(PT08.S4(NO2) > 0.0004) }
datasets/airQuality_parallel.csv;nsga2;5;31;3100;3100;7.63380e+01;100;100;100;1.00000e+00;1.00000e+00;3.00000e-02;7.70465e-01;9.08093e-01;Pipeline { filter(PT08.S3(NOx) > 340.0000) };7.33005e-01;9.22451e-01;Pipeline { filter(PT08.S1(CO) > 0.0006) | filter(AH < 1.9800) | filter(RH < 292.0000) };7.39254e-01;9.19684e-01;Pipeline { filter(PT08.S1(CO) > 0.0006) | filter(PT08.S1(CO) > 0.0000) | filter(AH < 33200000.0000) };7.39254e-01;9.19684e-01;Pipeline { filter(PT08.S2(NMHC) > 0.6700) }
datasets/airQuality_parallel.csv;nsga2;5;32;3200;3200;7.87850e+01;100;100;100;1.00000e+00;1.00000e+00;3.00000e-02;7.70465e-01;9.08093e-01;Pipeline { filter(PT08.S3(NOx) > 340.0000) };7.33005e-01;9.22451e-01;Pipeline { filter(PT08.S1(CO) > 0.0006) | filter(AH < 1.9800) | filter(RH < 292.0000) };7.39254e-01;9.19684e-01;Pipeline { filter(PT08.S4(NO2) > 67.7000) };7.39254e-01;9.19684e-01;Pipeline { filter(PT08.S5(O3) > 0.0000) | filter(PT08.S1(CO) > 0.0000) | filter(PT08.S2(NMHC) < 1470000.0000) }
datasets/airQuality_parallel.csv;nsga2;5;33;3300;3300;8.11110e+01;100;100;100;1.00000e+00;9.90000e-01;4.00000e-02;7.74880e-01;8.82191e-01;Pipeline { filter(C6H6(GT) < 40.0000) };7.33005e-01;9.22451e-01;Pipeline { filter(PT08.S1(CO) > 0.0006) | filter(AH < 1.9800) | filter(RH < 292.0000) };7.39254e-01;9.19684e-01;Pipeline { filter(PT08.S2(NMHC) > 0.0000) };7.39254e-01;9.19684e-01;Pipeline { filter(PT08.S2(NMHC) > 0.0000) }
datasets/airQuality_parallel.csv;nsga2;5;34;3400;3400;8.37180e+01;100;100;100;1.00000e+00;1.00000e+00;4.00000e-02;7.74880e-01;8.82191e-01;Pipeline { filter(C6H6(GT) < 40.0000) };7.33005e-01;9.22451e-01;Pipeline { filter(PT08.S1(CO) > 0.0006) | filter(AH < 1.9800) | filter(RH < 292.0000) };7.39254e-01;9.19684e-01;Pipeline { filter(PT08.S3(NOx) < 1910000.0000) };7.39254e-01;9.19684e-01;Pipeline { filter(PT08.S3(NOx) < 1910000.0000) }
datasets/airQuality_parallel.csv;nsga2;5;35;3500;3500;8.60760e+01;100;100;100;1.00000e+00;1.00000e+00;4.00000e-02;7.74880e-01;8.82191e-01;Pipeline { filter(C6H6(GT) < 40.0000) };7.33005e-01;9.22451e-01;Pipeline { filter(PT08.S1(CO) > 0.0006) | filter(AH < 1.9800) | filter(RH < 292.0000) };7.39254e-01;9.19684e-01;Pipeline { filter(PT08.S3(NOx) > 0.0000) };7.39254e-01;9.19684e-01;Pipeline { filter(PT08.S3(NOx) > 0.0000) }
datasets/airQuality_parallel.csv;nsga2;5;36;3600;3600;8.84950e+01;100;100;100;1.00000e+00;1.00000e+00;4.00000e-02;7.74880e-01;8.82191e-01;Pipeline { filter(C6H6(GT) < 40.0000) };7.33005e-01;9.22451e-01;Pipeline { filter(PT08.S1(CO) > 0.0006) | filter(AH < 1.9800) | filter(RH < 292.0000) };7.39254e-01;9.19684e-01;Pipeline { filter(PT08.S1(CO) > 0.0000) };7.39254e-01;9.19684e-01;Pipeline { filter(PT08.S1(CO) > 0.0000) }
datasets/airQuality_parallel.csv;nsga2;5;37;3700;3700;9.10100e+01;100;100;100;1.00000e+00;1.00000e+00;4.00000e-02;7.74880e-01;8.82191e-01;Pipeline { filter(C6H6(GT) < 40.0000) };7.33005e-01;9.22451e-01;Pipeline { filter(PT08.S1(CO) > 0.0006) | filter(AH < 1.9800) | filter(RH < 292.0000) };7.39254e-01;9.19684e-01;Pipeline { filter(PT08.S1(CO) > 22.0000) };7.39254e-01;9.19684e-01;Pipeline { filter(PT08.S1(CO) > 22.0000) }
datasets/airQuality_parallel.csv;nsga2;5;38;3800;3800;9.35860e+01;100;100;100;1.00000e+00;1.00000e+00;4.00000e-02;7.74880e-01;8.82191e-01;Pipeline { filter(C6H6(GT) < 40.0000) };7.33005e-01;9.22451e-01;Pipeline { filter(PT08.S1(CO) > 0.0006) | filter(AH < 1.9800) | filter(RH < 292.0000) };7.39254e-01;9.19684e-01;Pipeline { filter(C6H6(GT) > 0.0000) };7.39254e-01;9.19684e-01;Pipeline { filter(C6H6(GT) > 0.0000) }
datasets/airQuality_parallel.csv;nsga2;5;39;3900;3900;9.58620e+01;100;100;100;1.00000e+00;1.00000e+00;4.00000e-02;7.74880e-01;8.82191e-01;Pipeline { filter(C6H6(GT) < 40.0000) };7.33005e-01;9.22451e-01;Pipeline { filter(PT08.S1(CO) > 0.0006) | filter(AH < 1.9800) | filter(RH < 292.0000) };7.39254e-01;9.19684e-01;Pipeline { filter(T < 22700.0000) };7.39254e-01;9.19684e-01;Pipeline { filter(T < 22700.0000) }
datasets/airQuality_parallel.csv;nsga2;5;40;4000;4000;9.83400e+01;100;100;100;1.00000e+00;1.00000e+00;4.00000e-02;7.74880e-01;8.82191e-01;Pipeline { filter(C6H6(GT) < 40.0000) };7.33005e-01;9.22451e-01;Pipeline { filter(PT08.S1(CO) > 0.0006) | filter(AH < 1.9800) | filter(RH < 292.0000) };7.39254e-01;9.19684e-01;Pipeline { filter(RH > 0.0430) };7.39254e-01;9.19684e-01;Pipeline { filter(RH > 0.0430) }
datasets/airQuality_parallel.csv;nsga2;5;41;4100;4100;1.00783e+02;100;100;100;1.00000e+00;1.00000e+00;4.00000e-02;7.74880e-01;8.82191e-01;Pipeline { filter(C6H6(GT) < 40.0000) };7.33005e-01;9.22451e-01;Pipeline { filter(PT08.S1(CO) > 0.0006) | filter(AH < 1.9800) | filter(RH < 292.0000) };7.39254e-01;9.19684e-01;Pipeline { filter(PT08.S3(NOx) > 0.5100) };7.39254e-01;9.19684e-01;Pipeline { filter(PT08.S3(NOx) > 0.5100) }
datasets/airQuality_parallel.csv;nsga2;5;42;4200;4200;1.03318e+02;100;100;100;1.00000e+00;9.90000e-01;4.00000e-02;7.74880e-01;8.82191e-01;Pipeline { filter(C6H6(GT) < 40.0000) };7.33005e-01;9.22451e-01;Pipeline { filter(PT08.S1(CO) > 0.0006) | filter(AH < 1.9800) | filter(RH < 292.0000) };7.39254e-01;9.19684e-01;Pipeline { filter(PT08.S4(NO2) < 110000000.0000) };7.39254e-01;9.19684e-01;Pipeline { filter(PT08.S4(NO2) < 110000000.0000) }
datasets/airQuality_parallel.csv;nsga2;5;43;4300;4300;1.05787e+02;100;100;100;1.00000e+00;1.00000e+00;4.00000e-02;7.74880e-01;8.82191e-01;Pipeline { filter(C6H6(GT) < 40.0000) };7.33005e-01;9.22451e-01;Pipeline { filter(PT08.S1(CO) > 0.0006) | filter(AH < 1.9800) | filter(RH < 292.0000) };7.39254e-01;9.19684e-01;Pipeline { filter(PT08.S1(CO) > 56.4000) };7.39254e-01;9.19684e-01;Pipeline { filter(PT08.S1(CO) > 56.4000) }
datasets/airQuality_parallel.csv;nsga2;5;44;4400;4400;1.08395e+02;100;100;100;1.00000e+00;9.90000e-01;4.00000e-02;7.74880e-01;8.82191e-01;Pipeline { filter(C6H6(GT) < 40.0000) };7.33005e-01;9.22451e-01;Pipeline { filter(PT08.S1(CO) > 0.0006) | filter(AH < 1.9800) | filter(RH < 292.0000) };7.39254e-01;9.19684e-01;Pipeline { filter(PT08.S3(NOx) > 0.7950) };7.39254e-01;9.19684e-01;Pipeline { filter(PT08.S3(NOx) > 0.7950) }
datasets/airQuality_parallel.csv;nsga2;5;45;4500;4500;1.10736e+02;100;100;100;1.00000e+00;1.00000e+00;4.00000e-02;7.74880e-01;8.82191e-01;Pipeline { filter(C6H6(GT) < 40.0000) };7.33005e-01;9.22451e-01;Pipeline { filter(PT08.S1(CO) > 0.0006) | filter(AH < 1.9800) | filter(RH < 292.0000) };7.39254e-01;9.19684e-01;Pipeline { filter(PT08.S3(NOx) > 0.0007) };7.39254e-01;9.19684e-01;Pipeline { filter(PT08.S3(NOx) > 0.0007) }
datasets/airQuality_parallel.csv;nsga2;5;46;4600;4600;1.13219e+02;100;100;100;1.00000e+00;1.00000e+00;4.00000e-02;7.74880e-01;8.82191e-01;Pipeline { filter(C6H6(GT) < 40.0000) };7.33005e-01;9.22451e-01;Pipeline { filter(PT08.S1(CO) > 0.0006) | filter(AH < 1.9800) | filter(RH < 292.0000) };7.39254e-01;9.19684e-01;Pipeline { filter(C6H6(GT) < 52000000.0000) };7.39254e-01;9.19684e-01;Pipeline { filter(C6H6(GT) < 52000000.0000) }
datasets/airQuality_parallel.csv;nsga2;5;47;4700;4700;1.15556e+02;100;100;100;1.00000e+00;1.00000e+00;4.00000e-02;7.74880e-01;8.82191e-01;Pipeline { filter(C6H6(GT) < 40.0000) };7.33005e-01;9.22451e-01;Pipeline { filter(PT08.S1(CO) > 0.0006) | filter(AH < 1.9800) | filter(RH < 292.0000) };7.39254e-01;9.19684e-01;Pipeline { filter(PT08.S5(O3) > 0.0000) };7.39254e-01;9.19684e-01;Pipeline { filter(PT08.S5(O3) > 0.0000) }
datasets/airQuality_parallel.csv;nsga2;5;48;4800;4800;1.17942e+02;100;100;100;1.00000e+00;1.00000e+00;4.00000e-02;7.74880e-01;8.82191e-01;Pipeline { filter(C6H6(GT) < 40.0000) };7.33005e-01;9.22451e-01;Pipeline { filter(PT08.S1(CO) > 0.0006) | filter(AH < 1.9800) | filter(RH < 292.0000) };7.39254e-01;9.19684e-01;Pipeline { filter(C6H6(GT) < 80.0000) };7.39254e-01;9.19684e-01;Pipeline { filter(C6H6(GT) < 80.0000) }
datasets/airQuality_parallel.csv;nsga2;5;49;4900;4900;1.20389e+02;100;100;100;1.00000e+00;1.00000e+00;4.00000e-02;7.74880e-01;8.82191e-01;Pipeline { filter(C6H6(GT) < 40.0000) };7.33005e-01;9.22451e-01;Pipeline { filter(PT08.S1(CO) > 0.0006) | filter(AH < 1.9800) | filter(RH < 292.0000) };7.39254e-01;9.19684e-01;Pipeline { filter(PT08.S4(NO2) < 99500000.0000) };7.39254e-01;9.19684e-01;Pipeline { filter(PT08.S4(NO2) < 99500000.0000) }
datasets/airQuality_parallel.csv;nsga2;5;50;5000;5000;1.22703e+02;100;100;100;1.00000e+00;1.00000e+00;4.00000e-02;7.74880e-01;8.82191e-01;Pipeline { filter(C6H6(GT) < 40.0000) };7.33005e-01;9.22451e-01;Pipeline { filter(PT08.S1(CO) > 0.0006) | filter(AH < 1.9800) | filter(RH < 292.0000) };7.39254e-01;9.19684e-01;Pipeline { filter(T < 103000.0000) };7.39254e-01;9.19684e-01;Pipeline { filter(T < 103000.0000) }
