problem.name;solver.name;randomGenerator.seed;n.iterations;n.evals;n.births;elapsed.secs;all→size;firsts→size;lasts→size;all→each[genotype]→uniqueness;all→each[solution]→uniqueness;all→each[quality]→uniqueness;"all→percentile[quality→privacy;100]→quality→privacy";"all→percentile[quality→privacy;100]→quality→results-similarity";"all→percentile[quality→privacy;100]→quality→performance-similarity";"all→percentile[quality→privacy;100]→solution";"all→percentile[quality→results-similarity;100]→quality→privacy";"all→percentile[quality→results-similarity;100]→quality→results-similarity";"all→percentile[quality→results-similarity;100]→quality→performance-similarity";"all→percentile[quality→results-similarity;100]→solution";"all→percentile[quality→performance-similarity;100]→quality→privacy";"all→percentile[quality→performance-similarity;100]→quality→results-similarity";"all→percentile[quality→performance-similarity;100]→quality→performance-similarity";"all→percentile[quality→performance-similarity;100]→solution";"all→percentile[quality→privacy;75]→quality→privacy";"all→percentile[quality→privacy;75]→quality→results-similarity";"all→percentile[quality→privacy;75]→quality→performance-similarity";"all→percentile[quality→privacy;75]→solution";"all→percentile[quality→results-similarity;75]→quality→privacy";"all→percentile[quality→results-similarity;75]→quality→results-similarity";"all→percentile[quality→results-similarity;75]→quality→performance-similarity";"all→percentile[quality→results-similarity;75]→solution";"all→percentile[quality→performance-similarity;75]→quality→privacy";"all→percentile[quality→performance-similarity;75]→quality→results-similarity";"all→percentile[quality→performance-similarity;75]→quality→performance-similarity";"all→percentile[quality→performance-similarity;75]→solution"
datasets/geolife_60mins.csv;nsga2;1;1;100;100;5.93400e+00;100;2;34;9.60000e-01;9.60000e-01;6.70000e-01;9.53630e-01;6.18047e-03;7.49382e-01;Pipeline { map_aggregate(attribute=avg_Y, function=avg, window=7) | map_aggregate(attribute=avg_X, function=max, window=5) | map_noise(attribute=avg_X, percentage=0.01) | map_noise(attribute=avg_X, percentage=0.25) | map_aggregate(attribute=avg_Y, function=max, window=6) | filter(avg_X > 0.0000) | map_noise(attribute=avg_Y, percentage=0.10) };9.26721e-01;1.00000e+00;8.99166e-01;Pipeline { filter(avg_Y < 165000.0000) };9.26721e-01;1.00000e+00;8.99166e-01;Pipeline { filter(avg_Y < 165000.0000) };6.12092e-01;9.69751e-01;8.06956e-01;Pipeline { map_duplicate(probability=0.50) };6.35824e-01;1.36947e-01;6.72890e-01;Pipeline { filter(avg_X > 0.0001) | map_noise(attribute=avg_Y, percentage=0.05) | map_noise(attribute=avg_Y, percentage=0.05) | map_duplicate(probability=0.60) | map_noise(attribute=avg_X, percentage=0.01) | map_aggregate(attribute=avg_X, function=avg, window=5) | filter(avg_X > 0.0043) | filter(avg_X > 154.0000) | map_noise(attribute=avg_Y, percentage=0.10) };5.96838e-01;5.04968e-02;6.85532e-01;Pipeline { map_noise(attribute=avg_Y, percentage=0.10) | map_duplicate(probability=0.50) | map_aggregate(attribute=avg_Y, function=max, window=3) | map_aggregate(attribute=avg_Y, function=max, window=10) | map_aggregate(attribute=avg_Y, function=avg, window=9) | map_noise(attribute=avg_Y, percentage=0.25) | map_aggregate(attribute=avg_X, function=avg, window=3) | map_aggregate(attribute=avg_X, function=min, window=6) | filter(avg_Y > 9.7600) }
datasets/geolife_60mins.csv;nsga2;1;2;200;200;9.81700e+00;100;8;5;9.60000e-01;9.60000e-01;1.00000e+00;9.54995e-01;5.12006e-03;7.49474e-01;Pipeline { map_aggregate(attribute=avg_Y, function=avg, window=7) | map_aggregate(attribute=avg_X, function=max, window=5) | map_noise(attribute=avg_X, percentage=0.01) | map_noise(attribute=avg_X, percentage=0.25) | map_aggregate(attribute=avg_Y, function=avg, window=4) | filter(avg_X > 0.0000) | map_noise(attribute=avg_Y, percentage=0.10) };4.59304e-01;1.00000e+00;7.13554e-01;Pipeline { map_duplicate(probability=1.00) };8.34730e-01;9.89289e-01;9.16663e-01;Pipeline { map_duplicate(probability=0.10) };9.17285e-01;1.32539e-01;7.66452e-01;Pipeline { map_noise(attribute=avg_Y, percentage=0.25) };6.23320e-01;6.20228e-01;5.95892e-01;Pipeline { map_duplicate(probability=0.30) | map_duplicate(probability=0.40) | filter(avg_X > 0.5510) | map_aggregate(attribute=avg_Y, function=avg, window=5) | filter(avg_Y > 0.0000) };8.81142e-01;4.48027e-01;7.69122e-01;Pipeline { map_aggregate(attribute=avg_X, function=min, window=7) }
datasets/geolife_60mins.csv;nsga2;1;3;300;300;1.50880e+01;100;14;8;9.60000e-01;9.60000e-01;9.70000e-01;9.55475e-01;3.17965e-03;7.49432e-01;Pipeline { map_aggregate(attribute=avg_Y, function=avg, window=7) | map_aggregate(attribute=avg_X, function=max, window=5) | map_noise(attribute=avg_X, percentage=0.01) | map_noise(attribute=avg_X, percentage=0.25) | map_aggregate(attribute=avg_Y, function=avg, window=4) | filter(avg_X > 0.0000) | map_noise(attribute=avg_Y, percentage=0.10) };4.59304e-01;1.00000e+00;7.13554e-01;Pipeline { map_duplicate(probability=1.00) };9.20761e-01;1.00000e+00;9.51434e-01;Pipeline { filter(avg_Y < 765000.0000) };9.24046e-01;3.43703e-01;7.74326e-01;Pipeline { map_aggregate(attribute=avg_Y, function=min, window=7) };4.34833e-01;9.67722e-01;5.22543e-01;Pipeline { filter(avg_X > 0.0210) | filter(avg_Y > 52.9000) | map_duplicate(probability=0.80) | map_duplicate(probability=0.40) };8.84471e-01;6.06201e-01;7.90780e-01;Pipeline { map_aggregate(attribute=avg_X, function=min, window=3) | map_noise(attribute=avg_Y, percentage=0.01) }
datasets/geolife_60mins.csv;nsga2;1;4;400;400;1.99370e+01;100;12;19;9.80000e-01;9.70000e-01;9.40000e-01;9.56488e-01;1.67936e-02;7.49714e-01;Pipeline { map_aggregate(attribute=avg_Y, function=avg, window=7) | map_aggregate(attribute=avg_X, function=max, window=5) | map_noise(attribute=avg_X, percentage=0.01) | map_noise(attribute=avg_X, percentage=0.10) | map_aggregate(attribute=avg_Y, function=avg, window=4) | filter(avg_X > 0.0000) | map_noise(attribute=avg_Y, percentage=0.10) };4.59304e-01;1.00000e+00;7.13554e-01;Pipeline { map_duplicate(probability=1.00) };9.24811e-01;1.00000e+00;9.70329e-01;Pipeline { filter(avg_Y < 965000.0000) };9.53248e-01;7.39502e-03;7.49830e-01;Pipeline { map_aggregate(attribute=avg_Y, function=avg, window=7) | map_aggregate(attribute=avg_X, function=max, window=5) | map_noise(attribute=avg_X, percentage=0.01) | map_noise(attribute=avg_X, percentage=0.25) | map_aggregate(attribute=avg_Y, function=max, window=6) | filter(avg_X > 2.3400) | map_noise(attribute=avg_Y, percentage=0.10) };6.56425e-01;9.73354e-01;8.30155e-01;Pipeline { map_duplicate(probability=0.40) };9.35455e-01;5.62090e-01;8.06141e-01;Pipeline { map_aggregate(attribute=avg_X, function=max, window=3) }
datasets/geolife_60mins.csv;nsga2;1;5;500;500;2.52590e+01;100;18;5;9.80000e-01;9.80000e-01;8.50000e-01;9.60757e-01;1.50545e-01;6.02313e-01;Pipeline { map_aggregate(attribute=avg_Y, function=avg, window=7) | map_aggregate(attribute=avg_X, function=max, window=5) | map_aggregate(attribute=avg_X, function=avg, window=3) | map_aggregate(attribute=avg_Y, function=min, window=6) | map_aggregate(attribute=avg_Y, function=min, window=5) | filter(avg_Y > 81.4000) | map_duplicate(probability=0.30) };4.59304e-01;1.00000e+00;7.13554e-01;Pipeline { map_duplicate(probability=1.00) };9.18608e-01;1.00000e+00;1.00000e+00;Pipeline { filter(avg_Y < 96500000.0000) };9.54754e-01;1.80995e-02;7.50233e-01;Pipeline { map_aggregate(attribute=avg_Y, function=avg, window=7) | map_aggregate(attribute=avg_X, function=max, window=5) | map_noise(attribute=avg_X, percentage=0.01) | map_noise(attribute=avg_Y, percentage=0.10) | map_aggregate(attribute=avg_Y, function=max, window=6) | filter(avg_X > 2.3500) | map_noise(attribute=avg_Y, percentage=0.10) };9.25085e-01;1.00000e+00;9.47812e-01;Pipeline { filter(avg_Y < 725000.0000) };9.26629e-01;1.00000e+00;8.85427e-01;Pipeline { filter(avg_X > 58.2000) }
datasets/geolife_60mins.csv;nsga2;1;6;600;600;3.03470e+01;100;24;4;9.90000e-01;9.90000e-01;8.20000e-01;9.67624e-01;2.00176e-01;6.04432e-01;Pipeline { map_aggregate(attribute=avg_Y, function=avg, window=7) | map_aggregate(attribute=avg_X, function=max, window=5) | map_aggregate(attribute=avg_X, function=avg, window=3) | map_aggregate(attribute=avg_Y, function=min, window=6) | map_aggregate(attribute=avg_X, function=min, window=5) | filter(avg_Y > 81.4000) | map_duplicate(probability=0.30) };8.77344e-01;1.00000e+00;8.28148e-01;Pipeline { filter(avg_Y > 0.4050) };9.18608e-01;1.00000e+00;1.00000e+00;Pipeline { filter(avg_Y < 96500000.0000) };9.55744e-01;4.25155e-03;7.57571e-01;Pipeline { map_aggregate(attribute=avg_Y, function=avg, window=7) | map_aggregate(attribute=avg_X, function=max, window=5) | map_noise(attribute=avg_Y, percentage=0.05) | map_noise(attribute=avg_X, percentage=0.25) | map_aggregate(attribute=avg_Y, function=max, window=6) | filter(avg_X < 1750000000.0000) | map_noise(attribute=avg_Y, percentage=0.10) };9.27224e-01;1.00000e+00;8.99482e-01;Pipeline { filter(avg_Y < 167000.0000) };9.26629e-01;1.00000e+00;8.85427e-01;Pipeline { filter(avg_X > 0.4050) }
datasets/geolife_60mins.csv;nsga2;1;7;700;700;3.47020e+01;100;32;11;1.00000e+00;1.00000e+00;9.20000e-01;9.67624e-01;2.00176e-01;6.04432e-01;Pipeline { map_aggregate(attribute=avg_Y, function=avg, window=7) | map_aggregate(attribute=avg_X, function=max, window=5) | map_aggregate(attribute=avg_X, function=avg, window=3) | map_aggregate(attribute=avg_Y, function=min, window=6) | map_aggregate(attribute=avg_X, function=min, window=5) | filter(avg_Y > 81.4000) | map_duplicate(probability=0.30) };9.00582e-01;1.00000e+00;9.24115e-01;Pipeline { filter(avg_X < 765000.0000) };9.18608e-01;1.00000e+00;1.00000e+00;Pipeline { filter(avg_Y < 2240000000.0000) };9.56452e-01;1.56223e-02;7.49858e-01;Pipeline { map_aggregate(attribute=avg_Y, function=avg, window=7) | map_aggregate(attribute=avg_X, function=max, window=5) | map_noise(attribute=avg_X, percentage=0.01) | map_noise(attribute=avg_X, percentage=0.10) | map_aggregate(attribute=avg_Y, function=avg, window=4) | filter(avg_X > 0.0000) | map_noise(attribute=avg_Y, percentage=0.10) };9.35455e-01;5.62090e-01;8.06141e-01;Pipeline { map_aggregate(attribute=avg_X, function=max, window=3) };9.38597e-01;3.62108e-01;7.81875e-01;Pipeline { map_aggregate(attribute=avg_X, function=max, window=5) }
datasets/geolife_60mins.csv;nsga2;1;8;800;800;3.92400e+01;100;45;20;1.00000e+00;1.00000e+00;8.50000e-01;9.70888e-01;1.54013e-01;6.12101e-01;Pipeline { map_aggregate(attribute=avg_Y, function=avg, window=7) | map_aggregate(attribute=avg_X, function=max, window=5) | map_aggregate(attribute=avg_X, function=avg, window=3) | map_aggregate(attribute=avg_Y, function=min, window=6) | map_aggregate(attribute=avg_Y, function=avg, window=3) | filter(avg_Y > 81.4000) | map_duplicate(probability=0.30) };9.27346e-01;1.00000e+00;8.99619e-01;Pipeline { filter(avg_Y < 168000.0000) };9.18608e-01;1.00000e+00;1.00000e+00;Pipeline { filter(avg_Y < 9970000.0000) };9.57321e-01;1.78827e-04;7.54707e-01;Pipeline { map_aggregate(attribute=avg_Y, function=avg, window=7) | map_aggregate(attribute=avg_X, function=max, window=5) | map_noise(attribute=avg_X, percentage=0.05) | map_aggregate(attribute=avg_X, function=max, window=8) | map_aggregate(attribute=avg_X, function=avg, window=4) | filter(avg_X > 0.0000) | map_noise(attribute=avg_Y, percentage=0.10) };9.33520e-01;6.16036e-01;7.84189e-01;Pipeline { map_aggregate(attribute=avg_X, function=max, window=3) | map_aggregate(attribute=avg_X, function=min, window=5) };9.35455e-01;5.62090e-01;8.06141e-01;Pipeline { map_aggregate(attribute=avg_X, function=max, window=3) }
datasets/geolife_60mins.csv;nsga2;1;9;900;900;4.35320e+01;100;60;40;1.00000e+00;1.00000e+00;7.60000e-01;9.71104e-01;2.48812e-02;6.14439e-01;Pipeline { map_aggregate(attribute=avg_Y, function=avg, window=7) | map_aggregate(attribute=avg_X, function=max, window=5) | map_noise(attribute=avg_Y, percentage=0.05) | map_aggregate(attribute=avg_Y, function=min, window=6) | map_aggregate(attribute=avg_Y, function=avg, window=5) | filter(avg_Y > 81.4000) | map_duplicate(probability=0.30) };9.24586e-01;1.00000e+00;9.62947e-01;Pipeline { filter(avg_Y < 962000.0000) };9.18608e-01;1.00000e+00;1.00000e+00;Pipeline { filter(avg_Y < 2440000000.0000) };9.57625e-01;2.49132e-03;7.57478e-01;Pipeline { map_aggregate(attribute=avg_Y, function=avg, window=7) | map_aggregate(attribute=avg_X, function=max, window=5) | map_aggregate(attribute=avg_X, function=avg, window=3) | map_aggregate(attribute=avg_Y, function=min, window=6) | map_noise(attribute=avg_Y, percentage=0.10) | map_noise(attribute=avg_Y, percentage=0.25) | map_noise(attribute=avg_X, percentage=0.25) };9.18608e-01;1.00000e+00;1.00000e+00;Pipeline { filter(avg_X < 2040000000.0000) };9.24586e-01;1.00000e+00;9.62947e-01;Pipeline { filter(avg_Y < 962000.0000) }
datasets/geolife_60mins.csv;nsga2;1;10;1000;1000;4.73580e+01;100;63;37;1.00000e+00;1.00000e+00;6.50000e-01;9.71104e-01;2.48812e-02;6.14439e-01;Pipeline { map_aggregate(attribute=avg_Y, function=avg, window=7) | map_aggregate(attribute=avg_X, function=max, window=5) | map_noise(attribute=avg_Y, percentage=0.05) | map_aggregate(attribute=avg_Y, function=min, window=6) | map_aggregate(attribute=avg_Y, function=avg, window=5) | filter(avg_Y > 81.4000) | map_duplicate(probability=0.30) };9.25374e-01;1.00000e+00;9.47784e-01;Pipeline { filter(avg_Y < 698000.0000) };9.18608e-01;1.00000e+00;1.00000e+00;Pipeline { filter(avg_Y < 2740000000.0000) };9.57928e-01;1.18306e-01;7.52323e-01;Pipeline { map_aggregate(attribute=avg_Y, function=avg, window=9) | map_aggregate(attribute=avg_X, function=max, window=5) | map_noise(attribute=avg_X, percentage=0.01) | map_noise(attribute=avg_X, percentage=0.01) | map_aggregate(attribute=avg_Y, function=max, window=6) | filter(avg_X > 0.0000) | map_aggregate(attribute=avg_Y, function=avg, window=7) };9.18608e-01;1.00000e+00;1.00000e+00;Pipeline { filter(avg_X < 240000000.0000) };9.18608e-01;1.00000e+00;1.00000e+00;Pipeline { filter(avg_Y < 2450000000.0000) }
datasets/geolife_60mins.csv;nsga2;1;11;1100;1100;5.09980e+01;100;82;18;1.00000e+00;1.00000e+00;4.70000e-01;9.73950e-01;3.98354e-02;6.11799e-01;Pipeline { map_aggregate(attribute=avg_Y, function=avg, window=7) | map_aggregate(attribute=avg_X, function=max, window=5) | map_noise(attribute=avg_X, percentage=0.10) | map_aggregate(attribute=avg_Y, function=min, window=6) | map_aggregate(attribute=avg_Y, function=avg, window=9) | filter(avg_Y > 81.4000) | map_duplicate(probability=0.30) };9.25374e-01;1.00000e+00;9.47784e-01;Pipeline { filter(avg_Y < 698000.0000) };9.18608e-01;1.00000e+00;1.00000e+00;Pipeline { filter(avg_Y < 96500000.0000) };9.42546e-01;2.29401e-01;7.69310e-01;Pipeline { map_aggregate(attribute=avg_X, function=max, window=7) | map_noise(attribute=avg_Y, percentage=0.01) };9.18608e-01;1.00000e+00;1.00000e+00;Pipeline { filter(avg_X < 9640000000.0000) };9.18608e-01;1.00000e+00;1.00000e+00;Pipeline { filter(avg_Y < 96700000.0000) }
datasets/geolife_60mins.csv;nsga2;1;12;1200;1200;5.38520e+01;100;100;100;1.00000e+00;1.00000e+00;3.10000e-01;9.74301e-01;4.08632e-02;6.12472e-01;Pipeline { map_aggregate(attribute=avg_Y, function=avg, window=7) | map_aggregate(attribute=avg_X, function=max, window=5) | map_noise(attribute=avg_X, percentage=0.10) | map_aggregate(attribute=avg_Y, function=min, window=6) | map_aggregate(attribute=avg_Y, function=avg, window=9) | filter(avg_Y > 41.4000) | map_duplicate(probability=0.30) };9.30906e-01;1.00000e+00;9.44433e-01;Pipeline { filter(avg_Y < 663000.0000) };9.18608e-01;1.00000e+00;1.00000e+00;Pipeline { filter(avg_Y < 650000000.0000) };9.31462e-01;1.00000e+00;9.44064e-01;Pipeline { filter(avg_Y < 635000.0000) };9.18608e-01;1.00000e+00;1.00000e+00;Pipeline { filter(avg_Y < 2040000000.0000) };9.18608e-01;1.00000e+00;1.00000e+00;Pipeline { filter(avg_X < 7840000000.0000) }
datasets/geolife_60mins.csv;nsga2;1;13;1300;1300;5.67730e+01;100;100;100;1.00000e+00;1.00000e+00;3.10000e-01;9.74301e-01;4.08632e-02;6.12472e-01;Pipeline { map_aggregate(attribute=avg_Y, function=avg, window=7) | map_aggregate(attribute=avg_X, function=max, window=5) | map_noise(attribute=avg_X, percentage=0.10) | map_aggregate(attribute=avg_Y, function=min, window=6) | map_aggregate(attribute=avg_Y, function=avg, window=9) | filter(avg_Y > 41.4000) | map_duplicate(probability=0.30) };9.25380e-01;1.00000e+00;9.47790e-01;Pipeline { filter(avg_Y < 715000.0000) };9.18608e-01;1.00000e+00;1.00000e+00;Pipeline { filter(avg_X < 6250000000.0000) };9.31462e-01;1.00000e+00;9.44064e-01;Pipeline { filter(avg_Y < 625000.0000) };9.18608e-01;1.00000e+00;1.00000e+00;Pipeline { filter(avg_Y < 6980000.0000) };9.18608e-01;1.00000e+00;1.00000e+00;Pipeline { filter(avg_X < 7400000.0000) }
datasets/geolife_60mins.csv;nsga2;1;14;1400;1400;5.98750e+01;100;100;100;1.00000e+00;1.00000e+00;3.30000e-01;9.74301e-01;4.08632e-02;6.12472e-01;Pipeline { map_aggregate(attribute=avg_Y, function=avg, window=7) | map_aggregate(attribute=avg_X, function=max, window=5) | map_noise(attribute=avg_X, percentage=0.10) | map_aggregate(attribute=avg_Y, function=min, window=6) | map_aggregate(attribute=avg_Y, function=avg, window=9) | filter(avg_Y > 41.4000) | map_duplicate(probability=0.30) };9.18779e-01;1.00000e+00;9.98643e-01;Pipeline { filter(avg_Y < 2670000.0000) };9.18608e-01;1.00000e+00;1.00000e+00;Pipeline { filter(avg_Y < 23900000.0000) };9.34045e-01;1.00000e+00;9.21060e-01;Pipeline { filter(avg_Y < 369000.0000) };9.18608e-01;1.00000e+00;1.00000e+00;Pipeline { filter(avg_Y < 79400000.0000) };9.18608e-01;1.00000e+00;1.00000e+00;Pipeline { filter(avg_Y < 490000000.0000) }
datasets/geolife_60mins.csv;nsga2;1;15;1500;1500;6.29820e+01;100;100;100;1.00000e+00;1.00000e+00;3.60000e-01;9.74301e-01;4.08632e-02;6.12472e-01;Pipeline { map_aggregate(attribute=avg_Y, function=avg, window=7) | map_aggregate(attribute=avg_X, function=max, window=5) | map_noise(attribute=avg_X, percentage=0.10) | map_aggregate(attribute=avg_Y, function=min, window=6) | map_aggregate(attribute=avg_Y, function=avg, window=9) | filter(avg_Y > 41.4000) | map_duplicate(probability=0.30) };9.19790e-01;1.00000e+00;9.84704e-01;Pipeline { filter(avg_Y < 2240000.0000) };9.18608e-01;1.00000e+00;1.00000e+00;Pipeline { filter(avg_Y < 2500000000.0000) };9.35455e-01;5.62090e-01;8.06141e-01;Pipeline { map_aggregate(attribute=avg_X, function=max, window=3) };9.18608e-01;1.00000e+00;1.00000e+00;Pipeline { filter(avg_Y < 5710000.0000) };9.18608e-01;1.00000e+00;1.00000e+00;Pipeline { filter(avg_X < 6300000000.0000) }
datasets/geolife_60mins.csv;nsga2;1;16;1600;1600;6.60390e+01;100;100;100;1.00000e+00;1.00000e+00;3.70000e-01;9.78168e-01;2.43334e-02;6.13828e-01;Pipeline { map_aggregate(attribute=avg_Y, function=avg, window=4) | map_aggregate(attribute=avg_X, function=max, window=5) | map_noise(attribute=avg_Y, percentage=0.05) | map_aggregate(attribute=avg_Y, function=min, window=6) | map_aggregate(attribute=avg_Y, function=avg, window=5) | filter(avg_Y > 81.3000) | map_duplicate(probability=0.30) };9.18779e-01;1.00000e+00;9.99137e-01;Pipeline { filter(avg_X < 2550000.0000) };9.18608e-01;1.00000e+00;1.00000e+00;Pipeline { filter(avg_Y < 670000000.0000) };9.37575e-01;4.98114e-01;7.95760e-01;Pipeline { map_aggregate(attribute=avg_X, function=max, window=3) | map_noise(attribute=avg_Y, percentage=0.01) };9.18608e-01;1.00000e+00;1.00000e+00;Pipeline { filter(avg_Y < 766000000.0000) };9.18608e-01;1.00000e+00;1.00000e+00;Pipeline { filter(avg_Y < 2570000000.0000) }
datasets/geolife_60mins.csv;nsga2;1;17;1700;1700;6.88900e+01;100;100;100;1.00000e+00;1.00000e+00;4.10000e-01;9.78168e-01;2.43334e-02;6.13828e-01;Pipeline { map_aggregate(attribute=avg_Y, function=avg, window=4) | map_aggregate(attribute=avg_X, function=max, window=5) | map_noise(attribute=avg_Y, percentage=0.05) | map_aggregate(attribute=avg_Y, function=min, window=6) | map_aggregate(attribute=avg_Y, function=avg, window=5) | filter(avg_Y > 81.3000) | map_duplicate(probability=0.30) };9.18771e-01;1.00000e+00;9.99657e-01;Pipeline { filter(avg_X < 4100000.0000) };9.18608e-01;1.00000e+00;1.00000e+00;Pipeline { filter(avg_Y < 39000000.0000) };9.40754e-01;3.02253e-01;7.75944e-01;Pipeline { map_aggregate(attribute=avg_X, function=max, window=3) | map_aggregate(attribute=avg_X, function=max, window=4) };9.18608e-01;1.00000e+00;1.00000e+00;Pipeline { filter(avg_Y < 17900000.0000) };9.18608e-01;1.00000e+00;1.00000e+00;Pipeline { filter(avg_X < 480000000.0000) }
datasets/geolife_60mins.csv;nsga2;1;18;1800;1800;7.19150e+01;100;100;100;1.00000e+00;1.00000e+00;4.60000e-01;9.78168e-01;2.43334e-02;6.13828e-01;Pipeline { map_aggregate(attribute=avg_Y, function=avg, window=4) | map_aggregate(attribute=avg_X, function=max, window=5) | map_noise(attribute=avg_Y, percentage=0.05) | map_aggregate(attribute=avg_Y, function=min, window=6) | map_aggregate(attribute=avg_Y, function=avg, window=5) | filter(avg_Y > 81.3000) | map_duplicate(probability=0.30) };9.19790e-01;1.00000e+00;9.84704e-01;Pipeline { filter(avg_Y < 2240000.0000) };9.18608e-01;1.00000e+00;1.00000e+00;Pipeline { filter(avg_X < 52100000.0000) };9.58342e-01;2.06021e-01;7.65036e-01;Pipeline { map_aggregate(attribute=avg_X, function=max, window=6) | map_aggregate(attribute=avg_Y, function=avg, window=3) };9.18608e-01;1.00000e+00;1.00000e+00;Pipeline { filter(avg_Y < 64300000.0000) };9.18608e-01;1.00000e+00;1.00000e+00;Pipeline { filter(avg_Y < 89900000.0000) }
datasets/geolife_60mins.csv;nsga2;1;19;1900;1900;7.52000e+01;100;100;100;1.00000e+00;1.00000e+00;4.80000e-01;9.79891e-01;3.70646e-02;6.10797e-01;Pipeline { map_aggregate(attribute=avg_Y, function=avg, window=5) | map_aggregate(attribute=avg_X, function=max, window=5) | map_noise(attribute=avg_X, percentage=0.10) | map_aggregate(attribute=avg_Y, function=min, window=6) | map_aggregate(attribute=avg_Y, function=avg, window=9) | filter(avg_Y > 41.4000) | map_duplicate(probability=0.30) };9.18771e-01;1.00000e+00;9.99657e-01;Pipeline { filter(avg_X < 4100000.0000) };9.18608e-01;1.00000e+00;1.00000e+00;Pipeline { filter(avg_X < 340000000.0000) };9.65023e-01;1.53599e-01;6.25517e-01;Pipeline { map_aggregate(attribute=avg_X, function=max, window=5) | map_aggregate(attribute=avg_X, function=max, window=3) | map_aggregate(attribute=avg_X, function=avg, window=3) | map_aggregate(attribute=avg_X, function=min, window=6) | map_aggregate(attribute=avg_Y, function=min, window=5) | filter(avg_Y > 81.4000) | map_duplicate(probability=0.30) };9.18608e-01;1.00000e+00;1.00000e+00;Pipeline { filter(avg_X < 9200000000.0000) };9.18608e-01;1.00000e+00;1.00000e+00;Pipeline { filter(avg_Y < 208000000.0000) }
datasets/geolife_60mins.csv;nsga2;1;20;2000;2000;7.83360e+01;100;100;100;1.00000e+00;1.00000e+00;4.80000e-01;9.79891e-01;3.70646e-02;6.10797e-01;Pipeline { map_aggregate(attribute=avg_Y, function=avg, window=5) | map_aggregate(attribute=avg_X, function=max, window=5) | map_noise(attribute=avg_X, percentage=0.10) | map_aggregate(attribute=avg_Y, function=min, window=6) | map_aggregate(attribute=avg_Y, function=avg, window=9) | filter(avg_Y > 41.4000) | map_duplicate(probability=0.30) };9.19790e-01;1.00000e+00;9.84704e-01;Pipeline { filter(avg_Y < 2240000.0000) };9.18608e-01;1.00000e+00;1.00000e+00;Pipeline { filter(avg_Y < 809000000.0000) };9.65145e-01;1.20774e-01;6.25262e-01;Pipeline { map_aggregate(attribute=avg_X, function=max, window=5) | map_aggregate(attribute=avg_X, function=max, window=5) | map_aggregate(attribute=avg_X, function=avg, window=3) | map_aggregate(attribute=avg_X, function=min, window=6) | map_aggregate(attribute=avg_Y, function=min, window=5) | filter(avg_Y > 81.4000) | map_duplicate(probability=0.30) };9.18608e-01;1.00000e+00;1.00000e+00;Pipeline { filter(avg_X < 1550000000.0000) };9.18608e-01;1.00000e+00;1.00000e+00;Pipeline { filter(avg_Y < 416000000.0000) }
datasets/geolife_60mins.csv;nsga2;1;21;2100;2100;8.17400e+01;100;100;100;1.00000e+00;1.00000e+00;4.00000e-01;9.79891e-01;3.70646e-02;6.10797e-01;Pipeline { map_aggregate(attribute=avg_Y, function=avg, window=5) | map_aggregate(attribute=avg_X, function=max, window=5) | map_noise(attribute=avg_X, percentage=0.10) | map_aggregate(attribute=avg_Y, function=min, window=6) | map_aggregate(attribute=avg_Y, function=avg, window=9) | filter(avg_Y > 41.4000) | map_duplicate(probability=0.30) };9.19829e-01;1.00000e+00;9.84340e-01;Pipeline { filter(avg_Y < 1630000.0000) };9.18608e-01;1.00000e+00;1.00000e+00;Pipeline { filter(avg_Y < 2890000000.0000) };9.38597e-01;3.62108e-01;7.81875e-01;Pipeline { map_aggregate(attribute=avg_X, function=max, window=3) | map_aggregate(attribute=avg_X, function=max, window=3) };9.18608e-01;1.00000e+00;1.00000e+00;Pipeline { filter(avg_Y < 15500000.0000) };9.18608e-01;1.00000e+00;1.00000e+00;Pipeline { filter(avg_X < 3510000000.0000) }
datasets/geolife_60mins.csv;nsga2;1;22;2200;2200;8.48080e+01;100;100;100;1.00000e+00;9.90000e-01;4.30000e-01;9.79891e-01;3.70646e-02;6.10797e-01;Pipeline { map_aggregate(attribute=avg_Y, function=avg, window=5) | map_aggregate(attribute=avg_X, function=max, window=5) | map_noise(attribute=avg_X, percentage=0.10) | map_aggregate(attribute=avg_Y, function=min, window=6) | map_aggregate(attribute=avg_Y, function=avg, window=9) | filter(avg_Y > 41.4000) | map_duplicate(probability=0.30) };9.18771e-01;1.00000e+00;9.99657e-01;Pipeline { filter(avg_X < 4100000.0000) };9.18608e-01;1.00000e+00;1.00000e+00;Pipeline { filter(avg_X < 14000000.0000) };9.40754e-01;3.02253e-01;7.75944e-01;Pipeline { map_aggregate(attribute=avg_X, function=max, window=3) | map_aggregate(attribute=avg_X, function=max, window=4) };9.18608e-01;1.00000e+00;1.00000e+00;Pipeline { filter(avg_Y < 107000000.0000) };9.18608e-01;1.00000e+00;1.00000e+00;Pipeline { filter(avg_X < 1740000000.0000) }
datasets/geolife_60mins.csv;nsga2;1;23;2300;2300;8.77730e+01;100;100;100;1.00000e+00;1.00000e+00;4.60000e-01;9.79891e-01;3.70646e-02;6.10797e-01;Pipeline { map_aggregate(attribute=avg_Y, function=avg, window=5) | map_aggregate(attribute=avg_X, function=max, window=5) | map_noise(attribute=avg_X, percentage=0.10) | map_aggregate(attribute=avg_Y, function=min, window=6) | map_aggregate(attribute=avg_Y, function=avg, window=9) | filter(avg_Y > 41.4000) | map_duplicate(probability=0.30) };9.19829e-01;1.00000e+00;9.84340e-01;Pipeline { filter(avg_Y < 1630000.0000) };9.18608e-01;1.00000e+00;1.00000e+00;Pipeline { filter(avg_Y < 160000000.0000) };9.41898e-01;2.68672e-01;7.73042e-01;Pipeline { map_aggregate(attribute=avg_X, function=max, window=6) | map_noise(attribute=avg_Y, percentage=0.01) };9.18608e-01;1.00000e+00;1.00000e+00;Pipeline { filter(avg_Y < 269000000.0000) };9.18608e-01;1.00000e+00;1.00000e+00;Pipeline { filter(avg_Y < 6360000000.0000) }
datasets/geolife_60mins.csv;nsga2;1;24;2400;2400;9.06510e+01;100;100;100;1.00000e+00;1.00000e+00;4.90000e-01;9.79891e-01;3.70646e-02;6.10797e-01;Pipeline { map_aggregate(attribute=avg_Y, function=avg, window=5) | map_aggregate(attribute=avg_X, function=max, window=5) | map_noise(attribute=avg_X, percentage=0.10) | map_aggregate(attribute=avg_Y, function=min, window=6) | map_aggregate(attribute=avg_Y, function=avg, window=9) | filter(avg_Y > 41.4000) | map_duplicate(probability=0.30) };9.18771e-01;1.00000e+00;9.99657e-01;Pipeline { filter(avg_X < 4400000.0000) };9.18608e-01;1.00000e+00;1.00000e+00;Pipeline { filter(avg_X < 6160000.0000) };9.58396e-01;3.12007e-01;7.72415e-01;Pipeline { map_aggregate(attribute=avg_X, function=max, window=4) | map_aggregate(attribute=avg_Y, function=avg, window=3) };9.18608e-01;1.00000e+00;1.00000e+00;Pipeline { filter(avg_X < 845000000.0000) };9.18608e-01;1.00000e+00;1.00000e+00;Pipeline { filter(avg_X < 57000000.0000) }
datasets/geolife_60mins.csv;nsga2;1;25;2500;2500;9.39030e+01;100;100;100;1.00000e+00;1.00000e+00;5.10000e-01;9.80520e-01;1.18085e-01;6.15762e-01;Pipeline { map_aggregate(attribute=avg_X, function=max, window=5) | map_aggregate(attribute=avg_X, function=max, window=5) | map_aggregate(attribute=avg_Y, function=min, window=3) | map_aggregate(attribute=avg_X, function=min, window=4) | map_aggregate(attribute=avg_Y, function=min, window=5) | filter(avg_Y > 81.4000) | map_duplicate(probability=0.30) };9.19829e-01;1.00000e+00;9.84340e-01;Pipeline { filter(avg_Y < 1630000.0000) };9.18608e-01;1.00000e+00;1.00000e+00;Pipeline { filter(avg_Y < 4280000000.0000) };9.65023e-01;1.53599e-01;6.25517e-01;Pipeline { map_aggregate(attribute=avg_X, function=max, window=5) | map_aggregate(attribute=avg_X, function=max, window=3) | map_aggregate(attribute=avg_X, function=avg, window=3) | map_aggregate(attribute=avg_X, function=min, window=6) | map_aggregate(attribute=avg_Y, function=min, window=5) | filter(avg_Y > 81.4000) | map_duplicate(probability=0.30) };9.18608e-01;1.00000e+00;1.00000e+00;Pipeline { filter(avg_X < 33900000.0000) };9.18608e-01;1.00000e+00;1.00000e+00;Pipeline { filter(avg_X < 550000000.0000) }
datasets/geolife_60mins.csv;nsga2;1;26;2600;2600;9.69790e+01;100;100;100;1.00000e+00;1.00000e+00;5.20000e-01;9.80520e-01;1.18085e-01;6.15762e-01;Pipeline { map_aggregate(attribute=avg_X, function=max, window=5) | map_aggregate(attribute=avg_X, function=max, window=5) | map_aggregate(attribute=avg_Y, function=min, window=3) | map_aggregate(attribute=avg_X, function=min, window=4) | map_aggregate(attribute=avg_Y, function=min, window=5) | filter(avg_Y > 81.4000) | map_duplicate(probability=0.30) };9.18771e-01;1.00000e+00;9.99657e-01;Pipeline { filter(avg_X < 3160000.0000) };9.18608e-01;1.00000e+00;1.00000e+00;Pipeline { filter(avg_Y < 3780000.0000) };9.65145e-01;1.20774e-01;6.25262e-01;Pipeline { map_aggregate(attribute=avg_X, function=max, window=5) | map_aggregate(attribute=avg_X, function=max, window=5) | map_aggregate(attribute=avg_X, function=avg, window=3) | map_aggregate(attribute=avg_X, function=min, window=6) | map_aggregate(attribute=avg_Y, function=min, window=5) | filter(avg_Y > 81.4000) | map_duplicate(probability=0.30) };9.18608e-01;1.00000e+00;1.00000e+00;Pipeline { filter(avg_Y < 250000000.0000) };9.18608e-01;1.00000e+00;1.00000e+00;Pipeline { filter(avg_Y < 82800000.0000) }
datasets/geolife_60mins.csv;nsga2;1;27;2700;2700;1.00047e+02;100;100;100;1.00000e+00;1.00000e+00;5.70000e-01;9.80520e-01;1.18085e-01;6.15762e-01;Pipeline { map_aggregate(attribute=avg_X, function=max, window=5) | map_aggregate(attribute=avg_X, function=max, window=5) | map_aggregate(attribute=avg_Y, function=min, window=3) | map_aggregate(attribute=avg_X, function=min, window=4) | map_aggregate(attribute=avg_Y, function=min, window=5) | filter(avg_Y > 81.4000) | map_duplicate(probability=0.30) };9.19829e-01;1.00000e+00;9.84340e-01;Pipeline { filter(avg_Y < 1730000.0000) };9.18608e-01;1.00000e+00;1.00000e+00;Pipeline { filter(avg_Y < 5050000000.0000) };9.66685e-01;2.81756e-01;5.85816e-01;Pipeline { map_aggregate(attribute=avg_Y, function=avg, window=4) | map_aggregate(attribute=avg_X, function=max, window=5) | map_aggregate(attribute=avg_X, function=min, window=9) | map_aggregate(attribute=avg_Y, function=min, window=6) | map_aggregate(attribute=avg_X, function=min, window=5) | filter(avg_Y > 0.0000) | map_duplicate(probability=0.30) };9.18608e-01;1.00000e+00;1.00000e+00;Pipeline { filter(avg_Y < 76500000.0000) };9.18608e-01;1.00000e+00;1.00000e+00;Pipeline { filter(avg_Y < 50400000.0000) }
datasets/geolife_60mins.csv;nsga2;1;28;2800;2800;1.03550e+02;100;100;100;1.00000e+00;1.00000e+00;5.60000e-01;9.80574e-01;1.51029e-01;6.14168e-01;Pipeline { map_aggregate(attribute=avg_X, function=max, window=5) | map_aggregate(attribute=avg_X, function=avg, window=5) | map_aggregate(attribute=avg_Y, function=min, window=3) | map_aggregate(attribute=avg_X, function=min, window=6) | map_aggregate(attribute=avg_Y, function=min, window=5) | filter(avg_Y > 81.4000) | map_duplicate(probability=0.30) };9.19829e-01;1.00000e+00;9.84340e-01;Pipeline { filter(avg_Y < 1730000.0000) };9.18608e-01;1.00000e+00;1.00000e+00;Pipeline { filter(avg_Y < 257000000.0000) };9.65335e-01;7.49289e-02;6.25679e-01;Pipeline { map_aggregate(attribute=avg_X, function=max, window=5) | map_aggregate(attribute=avg_X, function=max, window=5) | map_aggregate(attribute=avg_X, function=max, window=7) | map_aggregate(attribute=avg_X, function=min, window=6) | map_aggregate(attribute=avg_Y, function=min, window=5) | filter(avg_Y > 81.4000) | map_duplicate(probability=0.30) };9.18608e-01;1.00000e+00;1.00000e+00;Pipeline { filter(avg_Y < 3780000.0000) };9.18608e-01;1.00000e+00;1.00000e+00;Pipeline { filter(avg_X < 620000000.0000) }
datasets/geolife_60mins.csv;nsga2;1;29;2900;2900;1.07226e+02;100;100;100;1.00000e+00;1.00000e+00;6.70000e-01;9.80574e-01;1.51029e-01;6.14168e-01;Pipeline { map_aggregate(attribute=avg_X, function=max, window=5) | map_aggregate(attribute=avg_X, function=avg, window=5) | map_aggregate(attribute=avg_Y, function=min, window=3) | map_aggregate(attribute=avg_X, function=min, window=6) | map_aggregate(attribute=avg_Y, function=min, window=5) | filter(avg_Y > 81.4000) | map_duplicate(probability=0.30) };9.18771e-01;1.00000e+00;9.99657e-01;Pipeline { filter(avg_X < 2850000.0000) };9.18608e-01;1.00000e+00;1.00000e+00;Pipeline { filter(avg_Y < 5050000000.0000) };9.67737e-01;1.58221e-01;6.11568e-01;Pipeline { map_aggregate(attribute=avg_Y, function=avg, window=7) | map_aggregate(attribute=avg_X, function=max, window=5) | map_aggregate(attribute=avg_X, function=min, window=3) | map_aggregate(attribute=avg_Y, function=min, window=6) | map_aggregate(attribute=avg_X, function=max, window=3) | filter(avg_Y > 81.4000) | map_duplicate(probability=0.30) };9.18608e-01;1.00000e+00;1.00000e+00;Pipeline { filter(avg_X < 78000000.0000) };9.18608e-01;1.00000e+00;1.00000e+00;Pipeline { filter(avg_Y < 257000000.0000) }
datasets/geolife_60mins.csv;nsga2;1;30;3000;3000;1.10423e+02;100;100;100;1.00000e+00;1.00000e+00;7.30000e-01;9.82781e-01;1.07474e-01;6.15197e-01;Pipeline { map_aggregate(attribute=avg_X, function=max, window=6) | map_aggregate(attribute=avg_X, function=max, window=5) | map_aggregate(attribute=avg_Y, function=min, window=3) | map_aggregate(attribute=avg_X, function=min, window=4) | map_aggregate(attribute=avg_Y, function=min, window=5) | filter(avg_Y > 81.4000) | map_duplicate(probability=0.30) };9.19829e-01;1.00000e+00;9.84340e-01;Pipeline { filter(avg_Y < 1780000.0000) };9.18608e-01;1.00000e+00;1.00000e+00;Pipeline { filter(avg_X < 278000000.0000) };9.69077e-01;2.58570e-01;6.01588e-01;Pipeline { map_aggregate(attribute=avg_Y, function=avg, window=4) | map_aggregate(attribute=avg_X, function=max, window=5) | map_aggregate(attribute=avg_X, function=min, window=3) | map_aggregate(attribute=avg_Y, function=min, window=6) | map_aggregate(attribute=avg_X, function=min, window=5) | filter(avg_Y > 0.0000) | map_duplicate(probability=0.30) };9.18608e-01;1.00000e+00;1.00000e+00;Pipeline { filter(avg_Y < 5150000000.0000) };9.18779e-01;1.00000e+00;9.99137e-01;Pipeline { filter(avg_X < 2640000.0000) }
datasets/geolife_60mins.csv;nsga2;1;31;3100;3100;1.14012e+02;100;100;100;1.00000e+00;1.00000e+00;7.80000e-01;9.82781e-01;1.07474e-01;6.15197e-01;Pipeline { map_aggregate(attribute=avg_X, function=max, window=6) | map_aggregate(attribute=avg_X, function=max, window=5) | map_aggregate(attribute=avg_Y, function=min, window=3) | map_aggregate(attribute=avg_X, function=min, window=4) | map_aggregate(attribute=avg_Y, function=min, window=5) | filter(avg_Y > 81.4000) | map_duplicate(probability=0.30) };9.18771e-01;1.00000e+00;9.99657e-01;Pipeline { filter(avg_X < 3270000.0000) };9.18608e-01;1.00000e+00;1.00000e+00;Pipeline { filter(avg_Y < 78300000.0000) };9.69550e-01;1.90377e-01;6.11159e-01;Pipeline { map_aggregate(attribute=avg_Y, function=avg, window=7) | map_aggregate(attribute=avg_X, function=max, window=5) | map_aggregate(attribute=avg_X, function=min, window=3) | map_aggregate(attribute=avg_Y, function=min, window=6) | map_noise(attribute=avg_Y, percentage=0.01) | filter(avg_Y > 0.0465) | map_duplicate(probability=0.30) };9.18608e-01;1.00000e+00;1.00000e+00;Pipeline { filter(avg_Y < 6260000.0000) };9.19829e-01;1.00000e+00;9.84340e-01;Pipeline { filter(avg_Y < 1750000.0000) }
datasets/geolife_60mins.csv;nsga2;1;32;3200;3200;1.17834e+02;100;100;100;1.00000e+00;1.00000e+00;8.10000e-01;9.83250e-01;1.03210e-01;6.19619e-01;Pipeline { map_aggregate(attribute=avg_X, function=max, window=8) | map_aggregate(attribute=avg_X, function=max, window=5) | map_aggregate(attribute=avg_X, function=min, window=4) | map_aggregate(attribute=avg_Y, function=min, window=6) | map_aggregate(attribute=avg_X, function=min, window=5) | filter(avg_Y > 0.0000) | map_duplicate(probability=0.30) };9.19829e-01;1.00000e+00;9.84340e-01;Pipeline { filter(avg_Y < 1750000.0000) };9.18608e-01;1.00000e+00;1.00000e+00;Pipeline { filter(avg_Y < 8050000000.0000) };9.69658e-01;2.90466e-01;5.55045e-01;Pipeline { map_aggregate(attribute=avg_Y, function=avg, window=8) | map_aggregate(attribute=avg_X, function=max, window=5) | map_aggregate(attribute=avg_X, function=min, window=9) | map_aggregate(attribute=avg_Y, function=min, window=6) | map_aggregate(attribute=avg_X, function=min, window=5) | filter(avg_Y > 36200.0000) | map_duplicate(probability=0.30) };9.19790e-01;1.00000e+00;9.84704e-01;Pipeline { filter(avg_Y < 2240000.0000) };9.20129e-01;1.00000e+00;9.82994e-01;Pipeline { filter(avg_Y < 1340000.0000) }
datasets/geolife_60mins.csv;nsga2;1;33;3300;3300;1.22163e+02;100;100;100;1.00000e+00;1.00000e+00;8.60000e-01;9.86100e-01;1.03185e-01;6.19923e-01;Pipeline { map_aggregate(attribute=avg_X, function=max, window=8) | map_aggregate(attribute=avg_X, function=max, window=5) | map_aggregate(attribute=avg_X, function=min, window=4) | map_aggregate(attribute=avg_Y, function=min, window=6) | map_aggregate(attribute=avg_X, function=min, window=5) | filter(avg_Y > 0.0005) | map_duplicate(probability=0.30) };9.18771e-01;1.00000e+00;9.99657e-01;Pipeline { filter(avg_X < 3270000.0000) };9.18608e-01;1.00000e+00;1.00000e+00;Pipeline { filter(avg_Y < 12500000.0000) };9.70865e-01;2.89008e-01;5.60423e-01;Pipeline { map_aggregate(attribute=avg_Y, function=avg, window=8) | map_aggregate(attribute=avg_X, function=max, window=5) | map_aggregate(attribute=avg_X, function=min, window=9) | map_aggregate(attribute=avg_Y, function=min, window=6) | map_aggregate(attribute=avg_X, function=min, window=5) | filter(avg_Y > 846.0000) | map_duplicate(probability=0.30) };9.18608e-01;1.00000e+00;1.00000e+00;Pipeline { filter(avg_Y < 12500000.0000) };9.30946e-01;1.00000e+00;9.44285e-01;Pipeline { filter(avg_Y < 662000.0000) }
datasets/geolife_60mins.csv;nsga2;1;34;3400;3400;1.26718e+02;100;100;100;1.00000e+00;1.00000e+00;8.80000e-01;9.86100e-01;1.03185e-01;6.19923e-01;Pipeline { map_aggregate(attribute=avg_X, function=max, window=8) | map_aggregate(attribute=avg_X, function=max, window=5) | map_aggregate(attribute=avg_X, function=min, window=4) | map_aggregate(attribute=avg_Y, function=min, window=6) | map_aggregate(attribute=avg_X, function=min, window=5) | filter(avg_Y > 0.0005) | map_duplicate(probability=0.30) };9.19829e-01;1.00000e+00;9.84340e-01;Pipeline { filter(avg_Y < 1740000.0000) };9.18608e-01;1.00000e+00;1.00000e+00;Pipeline { filter(avg_Y < 12500000.0000) };9.72171e-01;2.89385e-01;5.55917e-01;Pipeline { map_aggregate(attribute=avg_Y, function=avg, window=8) | map_aggregate(attribute=avg_X, function=max, window=5) | map_aggregate(attribute=avg_X, function=min, window=9) | map_aggregate(attribute=avg_Y, function=min, window=6) | map_aggregate(attribute=avg_X, function=min, window=5) | filter(avg_Y > 30200.0000) | map_duplicate(probability=0.30) };9.25600e-01;1.00000e+00;9.75070e-01;Pipeline { filter(avg_Y < 1030000.0000) };9.31496e-01;1.00000e+00;9.44247e-01;Pipeline { filter(avg_Y < 645000.0000) }
datasets/geolife_60mins.csv;nsga2;1;35;3500;3500;1.31070e+02;100;100;100;1.00000e+00;1.00000e+00;8.20000e-01;9.86100e-01;1.03185e-01;6.19923e-01;Pipeline { map_aggregate(attribute=avg_X, function=max, window=8) | map_aggregate(attribute=avg_X, function=max, window=5) | map_aggregate(attribute=avg_X, function=min, window=4) | map_aggregate(attribute=avg_Y, function=min, window=6) | map_aggregate(attribute=avg_X, function=min, window=5) | filter(avg_Y > 0.0005) | map_duplicate(probability=0.30) };9.30946e-01;1.00000e+00;9.44285e-01;Pipeline { filter(avg_Y < 662000.0000) };9.18608e-01;1.00000e+00;1.00000e+00;Pipeline { filter(avg_X < 9440000000.0000) };9.71576e-01;2.77595e-01;5.72831e-01;Pipeline { map_aggregate(attribute=avg_Y, function=avg, window=8) | map_aggregate(attribute=avg_X, function=max, window=5) | map_aggregate(attribute=avg_X, function=min, window=6) | map_aggregate(attribute=avg_Y, function=min, window=6) | map_aggregate(attribute=avg_X, function=min, window=5) | filter(avg_Y > 0.0000) | map_duplicate(probability=0.30) };9.35440e-01;1.00000e+00;9.24838e-01;Pipeline { filter(avg_Y < 378000.0000) };9.20482e-01;1.00000e+00;9.81159e-01;Pipeline { filter(avg_Y < 1240000.0000) }
datasets/geolife_60mins.csv;nsga2;1;36;3600;3600;1.34933e+02;100;100;100;1.00000e+00;9.90000e-01;7.40000e-01;9.86691e-01;1.61850e-01;6.21303e-01;Pipeline { map_aggregate(attribute=avg_X, function=max, window=3) | map_aggregate(attribute=avg_X, function=max, window=5) | map_aggregate(attribute=avg_Y, function=min, window=3) | map_aggregate(attribute=avg_X, function=min, window=4) | map_aggregate(attribute=avg_Y, function=min, window=4) | filter(avg_Y > 81.4000) | map_duplicate(probability=0.30) };9.19829e-01;1.00000e+00;9.84340e-01;Pipeline { filter(avg_Y < 1790000.0000) };9.18608e-01;1.00000e+00;1.00000e+00;Pipeline { filter(avg_Y < 9440000000.0000) };9.67444e-01;2.64186e-01;5.97999e-01;Pipeline { map_aggregate(attribute=avg_Y, function=avg, window=4) | map_aggregate(attribute=avg_X, function=max, window=5) | map_aggregate(attribute=avg_X, function=min, window=4) | map_aggregate(attribute=avg_Y, function=min, window=6) | map_aggregate(attribute=avg_X, function=min, window=5) | filter(avg_Y > 0.0000) | map_duplicate(probability=0.30) };9.33978e-01;1.00000e+00;9.43602e-01;Pipeline { filter(avg_Y < 600000.0000) };9.19790e-01;1.00000e+00;9.84704e-01;Pipeline { filter(avg_Y < 2240000.0000) }
datasets/geolife_60mins.csv;nsga2;1;37;3700;3700;1.39023e+02;100;81;19;1.00000e+00;9.80000e-01;6.60000e-01;9.87754e-01;1.09522e-01;6.93435e-01;Pipeline { filter(avg_Y > 9.1200) | map_aggregate(attribute=avg_Y, function=min, window=10) | map_aggregate(attribute=avg_X, function=max, window=10) | map_aggregate(attribute=avg_Y, function=max, window=6) | map_duplicate(probability=0.10) | filter(avg_X > 3.4700) };9.19007e-01;1.00000e+00;9.96862e-01;Pipeline { filter(avg_Y < 2500000.0000) };9.18608e-01;1.00000e+00;1.00000e+00;Pipeline { filter(avg_X < 3270000000.0000) };9.61511e-01;1.93323e-01;6.27068e-01;Pipeline { map_aggregate(attribute=avg_X, function=max, window=4) | map_noise(attribute=avg_X, percentage=0.01) | map_aggregate(attribute=avg_X, function=avg, window=3) | map_aggregate(attribute=avg_X, function=min, window=6) | map_aggregate(attribute=avg_Y, function=min, window=5) | filter(avg_Y > 67.3000) | map_duplicate(probability=0.30) };9.30919e-01;1.00000e+00;9.44671e-01;Pipeline { filter(avg_Y < 666000.0000) };9.18779e-01;1.00000e+00;9.99137e-01;Pipeline { filter(avg_X < 2580000.0000) }
datasets/geolife_60mins.csv;nsga2;1;38;3800;3800;1.42405e+02;100;100;100;1.00000e+00;9.90000e-01;4.70000e-01;9.87754e-01;1.09522e-01;6.93435e-01;Pipeline { filter(avg_Y > 9.1200) | map_aggregate(attribute=avg_Y, function=min, window=10) | map_aggregate(attribute=avg_X, function=max, window=10) | map_aggregate(attribute=avg_Y, function=max, window=6) | map_duplicate(probability=0.10) | filter(avg_X > 3.4700) };9.19829e-01;1.00000e+00;9.84340e-01;Pipeline { filter(avg_Y < 1740000.0000) };9.18608e-01;1.00000e+00;1.00000e+00;Pipeline { filter(avg_Y < 7320000.0000) };9.38922e-01;4.02427e-01;7.85308e-01;Pipeline { map_noise(attribute=avg_Y, percentage=0.01) | map_aggregate(attribute=avg_X, function=max, window=4) };9.33978e-01;1.00000e+00;9.43602e-01;Pipeline { filter(avg_Y < 600000.0000) };9.18608e-01;1.00000e+00;1.00000e+00;Pipeline { filter(avg_Y < 91400000.0000) }
datasets/geolife_60mins.csv;nsga2;1;39;3900;3900;1.45586e+02;100;100;100;1.00000e+00;9.90000e-01;4.90000e-01;9.87754e-01;1.09522e-01;6.93435e-01;Pipeline { filter(avg_Y > 9.1200) | map_aggregate(attribute=avg_Y, function=min, window=10) | map_aggregate(attribute=avg_X, function=max, window=10) | map_aggregate(attribute=avg_Y, function=max, window=6) | map_duplicate(probability=0.10) | filter(avg_X > 3.4700) };9.18771e-01;1.00000e+00;9.99657e-01;Pipeline { filter(avg_X < 3270000.0000) };9.18608e-01;1.00000e+00;1.00000e+00;Pipeline { filter(avg_X < 240000000.0000) };9.40754e-01;3.02253e-01;7.75944e-01;Pipeline { map_aggregate(attribute=avg_X, function=max, window=3) | map_aggregate(attribute=avg_X, function=max, window=4) };9.34891e-01;1.00000e+00;9.29218e-01;Pipeline { filter(avg_Y < 442000.0000) };9.18608e-01;1.00000e+00;1.00000e+00;Pipeline { filter(avg_X < 8710000000.0000) }
datasets/geolife_60mins.csv;nsga2;1;40;4000;4000;1.48449e+02;100;100;100;1.00000e+00;9.90000e-01;4.90000e-01;9.87754e-01;1.09522e-01;6.93435e-01;Pipeline { filter(avg_Y > 9.1200) | map_aggregate(attribute=avg_Y, function=min, window=10) | map_aggregate(attribute=avg_X, function=max, window=10) | map_aggregate(attribute=avg_Y, function=max, window=6) | map_duplicate(probability=0.10) | filter(avg_X > 3.4700) };9.19829e-01;1.00000e+00;9.84340e-01;Pipeline { filter(avg_Y < 1790000.0000) };9.18608e-01;1.00000e+00;1.00000e+00;Pipeline { filter(avg_X < 7000000.0000) };9.40754e-01;3.02253e-01;7.75944e-01;Pipeline { map_aggregate(attribute=avg_X, function=max, window=6) };9.34891e-01;1.00000e+00;9.29218e-01;Pipeline { filter(avg_Y < 442000.0000) };9.18608e-01;1.00000e+00;1.00000e+00;Pipeline { filter(avg_Y < 5600000.0000) }
datasets/geolife_60mins.csv;nsga2;1;41;4100;4100;1.51292e+02;100;100;100;1.00000e+00;9.80000e-01;5.10000e-01;9.87754e-01;1.09522e-01;6.93435e-01;Pipeline { filter(avg_Y > 9.1200) | map_aggregate(attribute=avg_Y, function=min, window=10) | map_aggregate(attribute=avg_X, function=max, window=10) | map_aggregate(attribute=avg_Y, function=max, window=6) | map_duplicate(probability=0.10) | filter(avg_X > 3.4700) };9.18771e-01;1.00000e+00;9.99657e-01;Pipeline { filter(avg_X < 3570000.0000) };9.18608e-01;1.00000e+00;1.00000e+00;Pipeline { filter(avg_X < 2240000000.0000) };9.41898e-01;2.68672e-01;7.73042e-01;Pipeline { map_aggregate(attribute=avg_X, function=max, window=6) | map_noise(attribute=avg_Y, percentage=0.01) };9.34891e-01;1.00000e+00;9.29218e-01;Pipeline { filter(avg_Y < 442000.0000) };9.18608e-01;1.00000e+00;1.00000e+00;Pipeline { filter(avg_X < 5100000.0000) }
datasets/geolife_60mins.csv;nsga2;1;42;4200;4200;1.54485e+02;100;100;100;1.00000e+00;1.00000e+00;5.50000e-01;9.87754e-01;1.09522e-01;6.93435e-01;Pipeline { filter(avg_Y > 9.1200) | map_aggregate(attribute=avg_Y, function=min, window=10) | map_aggregate(attribute=avg_X, function=max, window=10) | map_aggregate(attribute=avg_Y, function=max, window=6) | map_duplicate(probability=0.10) | filter(avg_X > 3.4700) };9.19829e-01;1.00000e+00;9.84340e-01;Pipeline { filter(avg_Y < 1740000.0000) };9.18608e-01;1.00000e+00;1.00000e+00;Pipeline { filter(avg_X < 9320000.0000) };9.58396e-01;3.12007e-01;7.72415e-01;Pipeline { map_aggregate(attribute=avg_X, function=max, window=4) | map_aggregate(attribute=avg_Y, function=avg, window=3) };9.34891e-01;1.00000e+00;9.29218e-01;Pipeline { filter(avg_Y < 442000.0000) };9.18608e-01;1.00000e+00;1.00000e+00;Pipeline { filter(avg_Y < 5230000.0000) }
datasets/geolife_60mins.csv;nsga2;1;43;4300;4300;1.57864e+02;100;100;100;1.00000e+00;1.00000e+00;4.30000e-01;9.88831e-01;3.00552e-01;6.94507e-01;Pipeline { filter(avg_Y > 9.1700) | map_aggregate(attribute=avg_Y, function=min, window=6) | map_aggregate(attribute=avg_X, function=max, window=3) | map_aggregate(attribute=avg_Y, function=max, window=6) | filter(avg_Y > 0.0010) | filter(avg_X > 0.0110) | map_duplicate(probability=0.10) };9.18771e-01;1.00000e+00;9.99657e-01;Pipeline { filter(avg_X < 3570000.0000) };9.18608e-01;1.00000e+00;1.00000e+00;Pipeline { filter(avg_Y < 5700000.0000) };9.33978e-01;1.00000e+00;9.43602e-01;Pipeline { filter(avg_Y < 600000.0000) };9.34891e-01;1.00000e+00;9.29218e-01;Pipeline { filter(avg_Y < 442000.0000) };9.18608e-01;1.00000e+00;1.00000e+00;Pipeline { filter(avg_X < 44400000.0000) }
datasets/geolife_60mins.csv;nsga2;1;44;4400;4400;1.61046e+02;100;100;100;1.00000e+00;1.00000e+00;4.70000e-01;9.90551e-01;2.86582e-01;6.86842e-01;Pipeline { filter(avg_Y > 9.1700) | map_aggregate(attribute=avg_Y, function=min, window=6) | map_aggregate(attribute=avg_X, function=max, window=3) | map_aggregate(attribute=avg_X, function=min, window=4) | filter(avg_Y > 0.0010) | filter(avg_X > 0.0110) | map_duplicate(probability=0.10) };9.19829e-01;1.00000e+00;9.84340e-01;Pipeline { filter(avg_Y < 1720000.0000) };9.18608e-01;1.00000e+00;1.00000e+00;Pipeline { filter(avg_Y < 471000000.0000) };9.37575e-01;4.98114e-01;7.95760e-01;Pipeline { map_aggregate(attribute=avg_X, function=max, window=3) | map_noise(attribute=avg_Y, percentage=0.01) };9.33978e-01;1.00000e+00;9.43602e-01;Pipeline { filter(avg_Y < 600000.0000) };9.18608e-01;1.00000e+00;1.00000e+00;Pipeline { filter(avg_X < 93500000.0000) }
datasets/geolife_60mins.csv;nsga2;1;45;4500;4500;1.63948e+02;100;100;100;1.00000e+00;1.00000e+00;5.10000e-01;9.90551e-01;2.86582e-01;6.86842e-01;Pipeline { filter(avg_Y > 9.1700) | map_aggregate(attribute=avg_Y, function=min, window=6) | map_aggregate(attribute=avg_X, function=max, window=3) | map_aggregate(attribute=avg_X, function=min, window=4) | filter(avg_Y > 0.0010) | filter(avg_X > 0.0110) | map_duplicate(probability=0.10) };9.18771e-01;1.00000e+00;9.99657e-01;Pipeline { filter(avg_X < 3250000.0000) };9.18608e-01;1.00000e+00;1.00000e+00;Pipeline { filter(avg_Y < 66300000.0000) };9.40754e-01;3.02253e-01;7.75944e-01;Pipeline { map_aggregate(attribute=avg_X, function=max, window=6) };9.33978e-01;1.00000e+00;9.43602e-01;Pipeline { filter(avg_Y < 600000.0000) };9.18608e-01;1.00000e+00;1.00000e+00;Pipeline { filter(avg_X < 458000000.0000) }
datasets/geolife_60mins.csv;nsga2;1;46;4600;4600;1.67018e+02;100;100;100;1.00000e+00;1.00000e+00;5.30000e-01;9.90634e-01;2.86445e-01;6.86931e-01;Pipeline { filter(avg_Y > 9.1700) | map_aggregate(attribute=avg_Y, function=min, window=6) | map_aggregate(attribute=avg_X, function=max, window=3) | map_aggregate(attribute=avg_X, function=min, window=4) | filter(avg_Y > 0.0000) | filter(avg_X > 0.0110) | map_duplicate(probability=0.10) };9.19829e-01;1.00000e+00;9.84340e-01;Pipeline { filter(avg_Y < 1740000.0000) };9.18608e-01;1.00000e+00;1.00000e+00;Pipeline { filter(avg_X < 678000000.0000) };9.40754e-01;3.02253e-01;7.75944e-01;Pipeline { map_aggregate(attribute=avg_X, function=max, window=3) | map_aggregate(attribute=avg_X, function=max, window=4) };9.33978e-01;1.00000e+00;9.43602e-01;Pipeline { filter(avg_Y < 600000.0000) };9.18608e-01;1.00000e+00;1.00000e+00;Pipeline { filter(avg_X < 9230000.0000) }
datasets/geolife_60mins.csv;nsga2;1;47;4700;4700;1.70398e+02;100;100;100;1.00000e+00;1.00000e+00;5.60000e-01;9.90634e-01;2.86445e-01;6.86931e-01;Pipeline { filter(avg_Y > 9.1700) | map_aggregate(attribute=avg_Y, function=min, window=6) | map_aggregate(attribute=avg_X, function=max, window=3) | map_aggregate(attribute=avg_X, function=min, window=4) | filter(avg_Y > 0.0000) | filter(avg_X > 0.0110) | map_duplicate(probability=0.10) };9.19829e-01;1.00000e+00;9.84340e-01;Pipeline { filter(avg_Y < 1740000.0000) };9.18608e-01;1.00000e+00;1.00000e+00;Pipeline { filter(avg_Y < 7270000.0000) };9.43892e-01;5.83081e-01;6.92238e-01;Pipeline { filter(avg_Y > 2.1700) | map_aggregate(attribute=avg_Y, function=min, window=6) | map_aggregate(attribute=avg_Y, function=max, window=9) | map_aggregate(attribute=avg_Y, function=max, window=6) | map_duplicate(probability=0.10) | filter(avg_Y > 3.4700) };9.34891e-01;1.00000e+00;9.29218e-01;Pipeline { filter(avg_Y < 442000.0000) };9.18608e-01;1.00000e+00;1.00000e+00;Pipeline { filter(avg_Y < 7240000.0000) }
datasets/geolife_60mins.csv;nsga2;1;48;4800;4800;1.73719e+02;100;100;100;1.00000e+00;1.00000e+00;6.20000e-01;9.90634e-01;2.86445e-01;6.86931e-01;Pipeline { filter(avg_Y > 9.1700) | map_aggregate(attribute=avg_Y, function=min, window=6) | map_aggregate(attribute=avg_X, function=max, window=3) | map_aggregate(attribute=avg_X, function=min, window=4) | filter(avg_Y > 0.0000) | filter(avg_X > 0.0110) | map_duplicate(probability=0.10) };9.18771e-01;1.00000e+00;9.99657e-01;Pipeline { filter(avg_X < 3770000.0000) };9.18608e-01;1.00000e+00;1.00000e+00;Pipeline { filter(avg_X < 42200000.0000) };9.50576e-01;3.26531e-01;7.69954e-01;Pipeline { map_aggregate(attribute=avg_X, function=max, window=3) | map_aggregate(attribute=avg_Y, function=min, window=4) };9.34891e-01;1.00000e+00;9.29218e-01;Pipeline { filter(avg_Y < 442000.0000) };9.18608e-01;1.00000e+00;1.00000e+00;Pipeline { filter(avg_X < 79100000.0000) }
datasets/geolife_60mins.csv;nsga2;1;49;4900;4900;1.77082e+02;100;100;100;1.00000e+00;1.00000e+00;6.80000e-01;9.90634e-01;2.86445e-01;6.86931e-01;Pipeline { filter(avg_Y > 9.1700) | map_aggregate(attribute=avg_Y, function=min, window=6) | map_aggregate(attribute=avg_X, function=max, window=3) | map_aggregate(attribute=avg_X, function=min, window=4) | filter(avg_Y > 0.0000) | filter(avg_X > 0.0110) | map_duplicate(probability=0.10) };9.19829e-01;1.00000e+00;9.84340e-01;Pipeline { filter(avg_Y < 1670000.0000) };9.18608e-01;1.00000e+00;1.00000e+00;Pipeline { filter(avg_X < 7470000000.0000) };9.54723e-01;4.66438e-01;7.02533e-01;Pipeline { filter(avg_Y > 9.1700) | map_aggregate(attribute=avg_Y, function=min, window=10) | map_aggregate(attribute=avg_Y, function=max, window=10) | map_aggregate(attribute=avg_Y, function=max, window=6) | map_duplicate(probability=0.10) | filter(avg_Y > 0.0000) };9.21238e-01;1.00000e+00;9.79602e-01;Pipeline { filter(avg_Y < 1230000.0000) };9.18771e-01;1.00000e+00;9.99657e-01;Pipeline { filter(avg_X < 3770000.0000) }
datasets/geolife_60mins.csv;nsga2;1;50;5000;5000;1.80381e+02;100;100;100;1.00000e+00;9.90000e-01;7.30000e-01;9.90634e-01;2.86445e-01;6.86931e-01;Pipeline { filter(avg_Y > 9.1700) | map_aggregate(attribute=avg_Y, function=min, window=6) | map_aggregate(attribute=avg_X, function=max, window=3) | map_aggregate(attribute=avg_X, function=min, window=4) | filter(avg_Y > 0.0000) | filter(avg_X > 0.0110) | map_duplicate(probability=0.10) };9.18771e-01;1.00000e+00;9.99657e-01;Pipeline { filter(avg_X < 3770000.0000) };9.18608e-01;1.00000e+00;1.00000e+00;Pipeline { filter(avg_X < 5110000000.0000) };9.58404e-01;4.17073e-01;7.05640e-01;Pipeline { filter(avg_Y > 9.1700) | map_aggregate(attribute=avg_Y, function=min, window=10) | map_aggregate(attribute=avg_Y, function=max, window=5) | map_aggregate(attribute=avg_Y, function=max, window=6) | map_duplicate(probability=0.10) | filter(avg_Y > 0.0000) };9.25549e-01;1.00000e+00;9.75241e-01;Pipeline { filter(avg_Y < 1090000.0000) };9.19429e-01;1.00000e+00;9.86898e-01;Pipeline { filter(avg_Y < 2340000.0000) }
datasets/geolife_60mins.csv;nsga2;2;1;100;100;6.97100e+00;100;6;39;9.90000e-01;9.90000e-01;6.20000e-01;9.43540e-01;1.75623e-01;7.65385e-01;Pipeline { map_aggregate(attribute=avg_X, function=max, window=10) };9.26629e-01;1.00000e+00;8.85427e-01;Pipeline { filter(avg_X > 7.3000) };9.18608e-01;1.00000e+00;1.00000e+00;Pipeline { filter(avg_X < 9200000000.0000) };6.75275e-01;9.70102e-01;7.82032e-01;Pipeline { map_duplicate(probability=0.50) | filter(avg_X > 0.0000) };9.24028e-01;2.09688e-01;7.69239e-01;Pipeline { map_noise(attribute=avg_X, percentage=0.05) };9.28238e-01;1.14304e-01;7.37117e-01;Pipeline { map_noise(attribute=avg_X, percentage=0.10) | filter(avg_X > 0.0000) }
datasets/geolife_60mins.csv;nsga2;2;2;200;200;1.07920e+01;100;9;3;9.90000e-01;9.90000e-01;9.60000e-01;9.43540e-01;1.75623e-01;7.65385e-01;Pipeline { map_aggregate(attribute=avg_X, function=max, window=10) };4.59304e-01;1.00000e+00;7.13554e-01;Pipeline { map_duplicate(probability=1.00) };9.18608e-01;1.00000e+00;1.00000e+00;Pipeline { filter(avg_X < 9200000000.0000) };9.19799e-01;3.13443e-01;7.63863e-01;Pipeline { map_aggregate(attribute=avg_X, function=avg, window=7) | map_aggregate(attribute=avg_X, function=max, window=4) | filter(avg_Y < 137000000.0000) | map_aggregate(attribute=avg_X, function=max, window=5) | map_aggregate(attribute=avg_X, function=max, window=6) };8.92382e-01;5.79257e-01;8.16504e-01;Pipeline { map_aggregate(attribute=avg_Y, function=max, window=4) };9.18031e-01;2.80075e-01;7.77675e-01;Pipeline { map_noise(attribute=avg_Y, percentage=0.10) }
datasets/geolife_60mins.csv;nsga2;2;3;300;300;1.60860e+01;100;25;4;9.90000e-01;9.80000e-01;8.50000e-01;9.60836e-01;5.82866e-02;7.57123e-01;Pipeline { map_aggregate(attribute=avg_Y, function=avg, window=5) | map_aggregate(attribute=avg_X, function=max, window=4) | filter(avg_Y < 337000000.0000) | map_aggregate(attribute=avg_X, function=max, window=5) | map_aggregate(attribute=avg_X, function=max, window=8) };4.59304e-01;1.00000e+00;7.13554e-01;Pipeline { map_duplicate(probability=1.00) };9.18608e-01;1.00000e+00;1.00000e+00;Pipeline { filter(avg_X < 9200000000.0000) };9.26629e-01;1.00000e+00;8.85427e-01;Pipeline { filter(avg_X > 2.0900) };6.12764e-01;9.71632e-01;8.09220e-01;Pipeline { map_duplicate(probability=0.50) };8.89492e-01;5.14417e-01;8.05225e-01;Pipeline { map_aggregate(attribute=avg_Y, function=max, window=5) }
datasets/geolife_60mins.csv;nsga2;2;4;400;400;1.98010e+01;100;51;14;1.00000e+00;9.80000e-01;5.50000e-01;9.61059e-01;7.84346e-02;7.56665e-01;Pipeline { map_aggregate(attribute=avg_Y, function=avg, window=5) | map_aggregate(attribute=avg_X, function=max, window=4) | filter(avg_Y < 337000000.0000) | map_aggregate(attribute=avg_X, function=avg, window=3) | map_aggregate(attribute=avg_X, function=max, window=8) };4.59304e-01;1.00000e+00;7.13554e-01;Pipeline { map_duplicate(probability=1.00) };9.18608e-01;1.00000e+00;1.00000e+00;Pipeline { filter(avg_X < 6200000000.0000) };9.29374e-01;5.74312e-01;7.39285e-01;Pipeline { filter(avg_Y < 6290000000.0000) | filter(avg_X > 0.0003) | map_aggregate(attribute=avg_Y, function=avg, window=7) };9.26629e-01;1.00000e+00;8.85427e-01;Pipeline { filter(avg_X > 0.6090) };9.26629e-01;1.00000e+00;8.85427e-01;Pipeline { filter(avg_X > 0.0005) }
datasets/geolife_60mins.csv;nsga2;2;5;500;500;2.31660e+01;100;84;16;1.00000e+00;9.80000e-01;3.50000e-01;9.61148e-01;8.86364e-02;7.57669e-01;Pipeline { map_aggregate(attribute=avg_Y, function=avg, window=5) | map_aggregate(attribute=avg_Y, function=max, window=4) | filter(avg_Y < 337000000.0000) | map_aggregate(attribute=avg_X, function=max, window=5) | map_aggregate(attribute=avg_X, function=max, window=6) };9.25495e-01;1.00000e+00;8.84713e-01;Pipeline { filter(avg_X > 20900.0000) };9.18608e-01;1.00000e+00;1.00000e+00;Pipeline { filter(avg_X < 9600000000.0000) };9.26730e-01;4.37045e-01;7.60306e-01;Pipeline { filter(avg_X > 0.0000) | filter(avg_Y < 373000000.0000) | filter(avg_X > 41.1000) | map_aggregate(attribute=avg_X, function=max, window=4) };9.26629e-01;1.00000e+00;8.85427e-01;Pipeline { filter(avg_X > 7.4600) };9.26629e-01;1.00000e+00;8.85427e-01;Pipeline { filter(avg_X > 0.0000) }
datasets/geolife_60mins.csv;nsga2;2;6;600;600;2.64120e+01;100;38;62;1.00000e+00;1.00000e+00;3.30000e-01;9.61148e-01;8.86364e-02;7.57669e-01;Pipeline { map_aggregate(attribute=avg_Y, function=avg, window=5) | map_aggregate(attribute=avg_Y, function=max, window=4) | filter(avg_Y < 337000000.0000) | map_aggregate(attribute=avg_X, function=max, window=5) | map_aggregate(attribute=avg_X, function=max, window=6) };9.22919e-01;1.00000e+00;9.54125e-01;Pipeline { filter(avg_Y < 920000.0000) };9.18608e-01;1.00000e+00;1.00000e+00;Pipeline { filter(avg_X < 9200000000.0000) };9.29531e-01;5.39833e-01;7.47556e-01;Pipeline { filter(avg_Y < 629000.0000) | filter(avg_X > 0.0003) | map_aggregate(attribute=avg_X, function=avg, window=7) };9.26629e-01;1.00000e+00;8.85427e-01;Pipeline { filter(avg_X > 0.0000) };9.33585e-01;1.00000e+00;9.42327e-01;Pipeline { filter(avg_Y < 555000.0000) }
datasets/geolife_60mins.csv;nsga2;2;7;700;700;2.97000e+01;100;54;46;1.00000e+00;1.00000e+00;3.70000e-01;9.61148e-01;8.86364e-02;7.57669e-01;Pipeline { map_aggregate(attribute=avg_Y, function=avg, window=5) | map_aggregate(attribute=avg_Y, function=max, window=4) | filter(avg_Y < 337000000.0000) | map_aggregate(attribute=avg_X, function=max, window=5) | map_aggregate(attribute=avg_X, function=max, window=6) };9.26629e-01;1.00000e+00;8.85427e-01;Pipeline { filter(avg_X > 9.1500) };9.18608e-01;1.00000e+00;1.00000e+00;Pipeline { filter(avg_X < 5080000.0000) };9.33585e-01;1.00000e+00;9.42327e-01;Pipeline { filter(avg_Y < 555000.0000) };9.17287e-01;1.00000e+00;9.69365e-01;Pipeline { filter(avg_X < 1100000.0000) };9.18608e-01;1.00000e+00;1.00000e+00;Pipeline { filter(avg_X < 4130000000.0000) }
datasets/geolife_60mins.csv;nsga2;2;8;800;800;3.27340e+01;100;84;16;1.00000e+00;1.00000e+00;2.90000e-01;9.61148e-01;8.86364e-02;7.57669e-01;Pipeline { map_aggregate(attribute=avg_Y, function=avg, window=5) | map_aggregate(attribute=avg_Y, function=max, window=4) | filter(avg_Y < 337000000.0000) | map_aggregate(attribute=avg_X, function=max, window=5) | map_aggregate(attribute=avg_X, function=max, window=6) };9.26629e-01;1.00000e+00;8.85427e-01;Pipeline { filter(avg_X > 0.0019) };9.18608e-01;1.00000e+00;1.00000e+00;Pipeline { filter(avg_X < 3600000000.0000) };9.26629e-01;1.00000e+00;8.85427e-01;Pipeline { filter(avg_X > 0.0019) };9.18608e-01;1.00000e+00;1.00000e+00;Pipeline { filter(avg_X < 9600000000.0000) };9.18608e-01;1.00000e+00;1.00000e+00;Pipeline { filter(avg_X < 3740000000.0000) }
datasets/geolife_60mins.csv;nsga2;2;9;900;900;3.53670e+01;100;100;100;1.00000e+00;1.00000e+00;1.30000e-01;9.61148e-01;8.86364e-02;7.57669e-01;Pipeline { map_aggregate(attribute=avg_Y, function=avg, window=5) | map_aggregate(attribute=avg_Y, function=max, window=4) | filter(avg_Y < 337000000.0000) | map_aggregate(attribute=avg_X, function=max, window=5) | map_aggregate(attribute=avg_X, function=max, window=6) };9.18779e-01;1.00000e+00;9.99137e-01;Pipeline { filter(avg_X < 2570000.0000) };9.18608e-01;1.00000e+00;1.00000e+00;Pipeline { filter(avg_X < 360000000.0000) };9.18608e-01;1.00000e+00;1.00000e+00;Pipeline { filter(avg_X < 153000000.0000) };9.18608e-01;1.00000e+00;1.00000e+00;Pipeline { filter(avg_Y < 300000000.0000) };9.18608e-01;1.00000e+00;1.00000e+00;Pipeline { filter(avg_X < 460000000.0000) }
datasets/geolife_60mins.csv;nsga2;2;10;1000;1000;3.83130e+01;100;100;100;1.00000e+00;1.00000e+00;1.30000e-01;9.61148e-01;8.86364e-02;7.57669e-01;Pipeline { map_aggregate(attribute=avg_Y, function=avg, window=5) | map_aggregate(attribute=avg_Y, function=max, window=4) | filter(avg_Y < 337000000.0000) | map_aggregate(attribute=avg_X, function=max, window=5) | map_aggregate(attribute=avg_X, function=max, window=6) };9.18771e-01;1.00000e+00;9.99657e-01;Pipeline { filter(avg_X < 3900000.0000) };9.18608e-01;1.00000e+00;1.00000e+00;Pipeline { filter(avg_X < 3210000000.0000) };9.18608e-01;1.00000e+00;1.00000e+00;Pipeline { filter(avg_X < 560000000.0000) };9.18608e-01;1.00000e+00;1.00000e+00;Pipeline { filter(avg_Y < 5000000000.0000) };9.18608e-01;1.00000e+00;1.00000e+00;Pipeline { filter(avg_X < 1540000000.0000) }
datasets/geolife_60mins.csv;nsga2;2;11;1100;1100;4.11600e+01;100;100;100;1.00000e+00;1.00000e+00;1.30000e-01;9.61148e-01;8.86364e-02;7.57669e-01;Pipeline { map_aggregate(attribute=avg_Y, function=avg, window=5) | map_aggregate(attribute=avg_Y, function=max, window=4) | filter(avg_Y < 337000000.0000) | map_aggregate(attribute=avg_X, function=max, window=5) | map_aggregate(attribute=avg_X, function=max, window=6) };9.18779e-01;1.00000e+00;9.99137e-01;Pipeline { filter(avg_X < 2570000.0000) };9.18608e-01;1.00000e+00;1.00000e+00;Pipeline { filter(avg_X < 500000000.0000) };9.18608e-01;1.00000e+00;1.00000e+00;Pipeline { filter(avg_X < 1900000000.0000) };9.18608e-01;1.00000e+00;1.00000e+00;Pipeline { filter(avg_X < 5700000000.0000) };9.18608e-01;1.00000e+00;1.00000e+00;Pipeline { filter(avg_Y < 100000000.0000) }
datasets/geolife_60mins.csv;nsga2;2;12;1200;1200;4.41870e+01;100;100;100;1.00000e+00;1.00000e+00;1.30000e-01;9.61148e-01;8.86364e-02;7.57669e-01;Pipeline { map_aggregate(attribute=avg_Y, function=avg, window=5) | map_aggregate(attribute=avg_Y, function=max, window=4) | filter(avg_Y < 337000000.0000) | map_aggregate(attribute=avg_X, function=max, window=5) | map_aggregate(attribute=avg_X, function=max, window=6) };9.18771e-01;1.00000e+00;9.99657e-01;Pipeline { filter(avg_X < 3900000.0000) };9.18608e-01;1.00000e+00;1.00000e+00;Pipeline { filter(avg_Y < 8600000.0000) };9.18608e-01;1.00000e+00;1.00000e+00;Pipeline { filter(avg_X < 154000000.0000) };9.18608e-01;1.00000e+00;1.00000e+00;Pipeline { filter(avg_X < 9900000000.0000) };9.18608e-01;1.00000e+00;1.00000e+00;Pipeline { filter(avg_Y < 59600000.0000) }
datasets/geolife_60mins.csv;nsga2;2;13;1300;1300;4.69040e+01;100;100;100;1.00000e+00;1.00000e+00;1.30000e-01;9.61148e-01;8.86364e-02;7.57669e-01;Pipeline { map_aggregate(attribute=avg_Y, function=avg, window=5) | map_aggregate(attribute=avg_Y, function=max, window=4) | filter(avg_Y < 337000000.0000) | map_aggregate(attribute=avg_X, function=max, window=5) | map_aggregate(attribute=avg_X, function=max, window=6) };9.18779e-01;1.00000e+00;9.99137e-01;Pipeline { filter(avg_X < 2570000.0000) };9.18608e-01;1.00000e+00;1.00000e+00;Pipeline { filter(avg_X < 3690000000.0000) };9.18608e-01;1.00000e+00;1.00000e+00;Pipeline { filter(avg_Y < 2920000000.0000) };9.18608e-01;1.00000e+00;1.00000e+00;Pipeline { filter(avg_X < 76000000.0000) };9.18608e-01;1.00000e+00;1.00000e+00;Pipeline { filter(avg_Y < 227000000.0000) }
datasets/geolife_60mins.csv;nsga2;2;14;1400;1400;4.96220e+01;100;100;100;1.00000e+00;1.00000e+00;1.40000e-01;9.61148e-01;8.86364e-02;7.57669e-01;Pipeline { map_aggregate(attribute=avg_Y, function=avg, window=5) | map_aggregate(attribute=avg_Y, function=max, window=4) | filter(avg_Y < 337000000.0000) | map_aggregate(attribute=avg_X, function=max, window=5) | map_aggregate(attribute=avg_X, function=max, window=6) };9.18771e-01;1.00000e+00;9.99657e-01;Pipeline { filter(avg_X < 3900000.0000) };9.18608e-01;1.00000e+00;1.00000e+00;Pipeline { filter(avg_X < 500000000.0000) };9.18608e-01;1.00000e+00;1.00000e+00;Pipeline { filter(avg_X < 987000000.0000) };9.18608e-01;1.00000e+00;1.00000e+00;Pipeline { filter(avg_X < 96700000.0000) };9.18608e-01;1.00000e+00;1.00000e+00;Pipeline { filter(avg_X < 125000000.0000) }
datasets/geolife_60mins.csv;nsga2;2;15;1500;1500;5.21510e+01;100;100;100;1.00000e+00;1.00000e+00;1.50000e-01;9.61148e-01;8.86364e-02;7.57669e-01;Pipeline { map_aggregate(attribute=avg_Y, function=avg, window=5) | map_aggregate(attribute=avg_Y, function=max, window=4) | filter(avg_Y < 337000000.0000) | map_aggregate(attribute=avg_X, function=max, window=5) | map_aggregate(attribute=avg_X, function=max, window=6) };9.18779e-01;1.00000e+00;9.99137e-01;Pipeline { filter(avg_X < 2570000.0000) };9.18608e-01;1.00000e+00;1.00000e+00;Pipeline { filter(avg_X < 261000000.0000) };9.18608e-01;1.00000e+00;1.00000e+00;Pipeline { filter(avg_Y < 284000000.0000) };9.18608e-01;1.00000e+00;1.00000e+00;Pipeline { filter(avg_X < 5740000.0000) };9.18608e-01;1.00000e+00;1.00000e+00;Pipeline { filter(avg_Y < 2240000000.0000) }
datasets/geolife_60mins.csv;nsga2;2;16;1600;1600;5.46730e+01;100;100;100;1.00000e+00;1.00000e+00;1.50000e-01;9.61148e-01;8.86364e-02;7.57669e-01;Pipeline { map_aggregate(attribute=avg_Y, function=avg, window=5) | map_aggregate(attribute=avg_Y, function=max, window=4) | filter(avg_Y < 337000000.0000) | map_aggregate(attribute=avg_X, function=max, window=5) | map_aggregate(attribute=avg_X, function=max, window=6) };9.18771e-01;1.00000e+00;9.99657e-01;Pipeline { filter(avg_X < 3900000.0000) };9.18608e-01;1.00000e+00;1.00000e+00;Pipeline { filter(avg_X < 3690000000.0000) };9.18608e-01;1.00000e+00;1.00000e+00;Pipeline { filter(avg_X < 105000000.0000) };9.18608e-01;1.00000e+00;1.00000e+00;Pipeline { filter(avg_Y < 4400000000.0000) };9.18608e-01;1.00000e+00;1.00000e+00;Pipeline { filter(avg_X < 920000000.0000) }
datasets/geolife_60mins.csv;nsga2;2;17;1700;1700;5.74070e+01;100;100;100;1.00000e+00;1.00000e+00;1.50000e-01;9.61148e-01;8.86364e-02;7.57669e-01;Pipeline { map_aggregate(attribute=avg_Y, function=avg, window=5) | map_aggregate(attribute=avg_Y, function=max, window=4) | filter(avg_Y < 337000000.0000) | map_aggregate(attribute=avg_X, function=max, window=5) | map_aggregate(attribute=avg_X, function=max, window=6) };9.20482e-01;1.00000e+00;9.81159e-01;Pipeline { filter(avg_Y < 1240000.0000) };9.18608e-01;1.00000e+00;1.00000e+00;Pipeline { filter(avg_X < 5530000.0000) };9.18608e-01;1.00000e+00;1.00000e+00;Pipeline { filter(avg_X < 800000000.0000) };9.18608e-01;1.00000e+00;1.00000e+00;Pipeline { filter(avg_Y < 37000000.0000) };9.18608e-01;1.00000e+00;1.00000e+00;Pipeline { filter(avg_X < 3290000000.0000) }
datasets/geolife_60mins.csv;nsga2;2;18;1800;1800;5.99780e+01;100;100;100;1.00000e+00;1.00000e+00;1.60000e-01;9.61148e-01;8.86364e-02;7.57669e-01;Pipeline { map_aggregate(attribute=avg_Y, function=avg, window=5) | map_aggregate(attribute=avg_Y, function=max, window=4) | filter(avg_Y < 337000000.0000) | map_aggregate(attribute=avg_X, function=max, window=5) | map_aggregate(attribute=avg_X, function=max, window=6) };9.18771e-01;1.00000e+00;9.99657e-01;Pipeline { filter(avg_X < 3840000.0000) };9.18608e-01;1.00000e+00;1.00000e+00;Pipeline { filter(avg_Y < 8340000.0000) };9.18608e-01;1.00000e+00;1.00000e+00;Pipeline { filter(avg_Y < 312000000.0000) };9.18608e-01;1.00000e+00;1.00000e+00;Pipeline { filter(avg_X < 12300000.0000) };9.18608e-01;1.00000e+00;1.00000e+00;Pipeline { filter(avg_X < 5570000.0000) }
datasets/geolife_60mins.csv;nsga2;2;19;1900;1900;6.27760e+01;100;100;100;1.00000e+00;1.00000e+00;1.60000e-01;9.61148e-01;8.86364e-02;7.57669e-01;Pipeline { map_aggregate(attribute=avg_Y, function=avg, window=5) | map_aggregate(attribute=avg_Y, function=max, window=4) | filter(avg_Y < 337000000.0000) | map_aggregate(attribute=avg_X, function=max, window=5) | map_aggregate(attribute=avg_X, function=max, window=6) };9.18771e-01;1.00000e+00;9.99657e-01;Pipeline { filter(avg_X < 3750000.0000) };9.18608e-01;1.00000e+00;1.00000e+00;Pipeline { filter(avg_X < 384000000.0000) };9.18608e-01;1.00000e+00;1.00000e+00;Pipeline { filter(avg_X < 4820000000.0000) };9.18608e-01;1.00000e+00;1.00000e+00;Pipeline { filter(avg_Y < 320000000.0000) };9.18608e-01;1.00000e+00;1.00000e+00;Pipeline { filter(avg_Y < 3120000.0000) }
datasets/geolife_60mins.csv;nsga2;2;20;2000;2000;6.54990e+01;100;100;100;1.00000e+00;1.00000e+00;1.60000e-01;9.61148e-01;8.86364e-02;7.57669e-01;Pipeline { map_aggregate(attribute=avg_Y, function=avg, window=5) | map_aggregate(attribute=avg_Y, function=max, window=4) | filter(avg_Y < 337000000.0000) | map_aggregate(attribute=avg_X, function=max, window=5) | map_aggregate(attribute=avg_X, function=max, window=6) };9.18771e-01;1.00000e+00;9.99657e-01;Pipeline { filter(avg_X < 3700000.0000) };9.18608e-01;1.00000e+00;1.00000e+00;Pipeline { filter(avg_X < 37500000.0000) };9.18608e-01;1.00000e+00;1.00000e+00;Pipeline { filter(avg_Y < 2620000000.0000) };9.18608e-01;1.00000e+00;1.00000e+00;Pipeline { filter(avg_X < 6780000000.0000) };9.18608e-01;1.00000e+00;1.00000e+00;Pipeline { filter(avg_X < 978000000.0000) }
datasets/geolife_60mins.csv;nsga2;2;21;2100;2100;6.90860e+01;100;100;100;1.00000e+00;1.00000e+00;1.80000e-01;9.61433e-01;1.14709e-01;7.57908e-01;Pipeline { map_aggregate(attribute=avg_Y, function=avg, window=5) | map_aggregate(attribute=avg_X, function=max, window=6) | filter(avg_Y < 337000000.0000) | map_aggregate(attribute=avg_Y, function=min, window=8) | map_noise(attribute=avg_X, percentage=0.01) };9.18771e-01;1.00000e+00;9.99657e-01;Pipeline { filter(avg_X < 4130000.0000) };9.18608e-01;1.00000e+00;1.00000e+00;Pipeline { filter(avg_Y < 37300000.0000) };9.18608e-01;1.00000e+00;1.00000e+00;Pipeline { filter(avg_Y < 8340000.0000) };9.18608e-01;1.00000e+00;1.00000e+00;Pipeline { filter(avg_Y < 5430000.0000) };9.18608e-01;1.00000e+00;1.00000e+00;Pipeline { filter(avg_X < 5590000.0000) }
datasets/geolife_60mins.csv;nsga2;2;22;2200;2200;7.19810e+01;100;100;100;1.00000e+00;1.00000e+00;2.20000e-01;9.61433e-01;1.14709e-01;7.57908e-01;Pipeline { map_aggregate(attribute=avg_Y, function=avg, window=5) | map_aggregate(attribute=avg_X, function=max, window=6) | filter(avg_Y < 337000000.0000) | map_aggregate(attribute=avg_Y, function=min, window=8) | map_noise(attribute=avg_X, percentage=0.01) };9.33116e-01;1.00000e+00;9.43632e-01;Pipeline { filter(avg_Y < 612000.0000) };9.18608e-01;1.00000e+00;1.00000e+00;Pipeline { filter(avg_Y < 6930000000.0000) };9.18608e-01;1.00000e+00;1.00000e+00;Pipeline { filter(avg_Y < 6930000000.0000) };9.18608e-01;1.00000e+00;1.00000e+00;Pipeline { filter(avg_X < 7900000000.0000) };9.18608e-01;1.00000e+00;1.00000e+00;Pipeline { filter(avg_Y < 7340000.0000) }
datasets/geolife_60mins.csv;nsga2;2;23;2300;2300;7.43560e+01;100;100;100;1.00000e+00;1.00000e+00;2.20000e-01;9.61433e-01;1.14709e-01;7.57908e-01;Pipeline { map_aggregate(attribute=avg_Y, function=avg, window=5) | map_aggregate(attribute=avg_X, function=max, window=6) | filter(avg_Y < 337000000.0000) | map_aggregate(attribute=avg_Y, function=min, window=8) | map_noise(attribute=avg_X, percentage=0.01) };9.18771e-01;1.00000e+00;9.99657e-01;Pipeline { filter(avg_X < 3640000.0000) };9.18608e-01;1.00000e+00;1.00000e+00;Pipeline { filter(avg_X < 6970000000.0000) };9.18771e-01;1.00000e+00;9.99657e-01;Pipeline { filter(avg_X < 3700000.0000) };9.18608e-01;1.00000e+00;1.00000e+00;Pipeline { filter(avg_X < 79100000.0000) };9.18608e-01;1.00000e+00;1.00000e+00;Pipeline { filter(avg_Y < 5990000000.0000) }
datasets/geolife_60mins.csv;nsga2;2;24;2400;2400;7.70790e+01;100;100;100;1.00000e+00;1.00000e+00;2.20000e-01;9.61478e-01;1.23785e-01;7.58474e-01;Pipeline { map_aggregate(attribute=avg_Y, function=avg, window=5) | map_aggregate(attribute=avg_X, function=max, window=6) | filter(avg_Y < 6260000000.0000) | map_aggregate(attribute=avg_Y, function=min, window=8) | map_noise(attribute=avg_X, percentage=0.01) };9.18771e-01;1.00000e+00;9.99657e-01;Pipeline { filter(avg_X < 3120000.0000) };9.18608e-01;1.00000e+00;1.00000e+00;Pipeline { filter(avg_X < 5500000.0000) };9.18771e-01;1.00000e+00;9.99657e-01;Pipeline { filter(avg_X < 3120000.0000) };9.18608e-01;1.00000e+00;1.00000e+00;Pipeline { filter(avg_X < 374000000.0000) };9.18608e-01;1.00000e+00;1.00000e+00;Pipeline { filter(avg_Y < 6970000000.0000) }
datasets/geolife_60mins.csv;nsga2;2;25;2500;2500;7.98820e+01;100;100;100;1.00000e+00;1.00000e+00;2.30000e-01;9.61478e-01;1.23785e-01;7.58474e-01;Pipeline { map_aggregate(attribute=avg_Y, function=avg, window=5) | map_aggregate(attribute=avg_X, function=max, window=6) | filter(avg_Y < 6260000000.0000) | map_aggregate(attribute=avg_Y, function=min, window=8) | map_noise(attribute=avg_X, percentage=0.01) };9.19832e-01;1.00000e+00;9.84327e-01;Pipeline { filter(avg_Y < 1400000.0000) };9.18608e-01;1.00000e+00;1.00000e+00;Pipeline { filter(avg_Y < 62000000.0000) };9.18779e-01;1.00000e+00;9.99137e-01;Pipeline { filter(avg_X < 2400000.0000) };9.18608e-01;1.00000e+00;1.00000e+00;Pipeline { filter(avg_Y < 5530000000.0000) };9.18608e-01;1.00000e+00;1.00000e+00;Pipeline { filter(avg_Y < 50500000.0000) }
datasets/geolife_60mins.csv;nsga2;2;26;2600;2600;8.28230e+01;100;100;100;1.00000e+00;1.00000e+00;2.50000e-01;9.62133e-01;8.34276e-02;7.59740e-01;Pipeline { map_aggregate(attribute=avg_Y, function=avg, window=5) | map_aggregate(attribute=avg_X, function=max, window=6) | filter(avg_Y < 6260000000.0000) | map_aggregate(attribute=avg_Y, function=min, window=8) | map_noise(attribute=avg_Y, percentage=0.05) };9.18771e-01;1.00000e+00;9.99657e-01;Pipeline { filter(avg_X < 2800000.0000) };9.18608e-01;1.00000e+00;1.00000e+00;Pipeline { filter(avg_X < 391000000.0000) };9.19782e-01;1.00000e+00;9.84700e-01;Pipeline { filter(avg_Y < 2130000.0000) };9.18608e-01;1.00000e+00;1.00000e+00;Pipeline { filter(avg_Y < 90500000.0000) };9.18608e-01;1.00000e+00;1.00000e+00;Pipeline { filter(avg_X < 89200000.0000) }
datasets/geolife_60mins.csv;nsga2;2;27;2700;2700;8.57360e+01;100;100;100;1.00000e+00;1.00000e+00;2.60000e-01;9.62133e-01;8.34276e-02;7.59740e-01;Pipeline { map_aggregate(attribute=avg_Y, function=avg, window=5) | map_aggregate(attribute=avg_X, function=max, window=6) | filter(avg_Y < 6260000000.0000) | map_aggregate(attribute=avg_Y, function=min, window=8) | map_noise(attribute=avg_Y, percentage=0.05) };9.18779e-01;1.00000e+00;9.99137e-01;Pipeline { filter(avg_X < 2330000.0000) };9.18608e-01;1.00000e+00;1.00000e+00;Pipeline { filter(avg_X < 634000000.0000) };9.19782e-01;1.00000e+00;9.84700e-01;Pipeline { filter(avg_Y < 2130000.0000) };9.18608e-01;1.00000e+00;1.00000e+00;Pipeline { filter(avg_Y < 6940000000.0000) };9.18608e-01;1.00000e+00;1.00000e+00;Pipeline { filter(avg_X < 14400000.0000) }
datasets/geolife_60mins.csv;nsga2;2;28;2800;2800;8.82430e+01;100;100;100;1.00000e+00;1.00000e+00;2.80000e-01;9.62133e-01;8.34276e-02;7.59740e-01;Pipeline { map_aggregate(attribute=avg_Y, function=avg, window=5) | map_aggregate(attribute=avg_X, function=max, window=6) | filter(avg_Y < 6260000000.0000) | map_aggregate(attribute=avg_Y, function=min, window=8) | map_noise(attribute=avg_Y, percentage=0.05) };9.18771e-01;1.00000e+00;9.99657e-01;Pipeline { filter(avg_X < 2800000.0000) };9.18608e-01;1.00000e+00;1.00000e+00;Pipeline { filter(avg_X < 78400000.0000) };9.19832e-01;1.00000e+00;9.84327e-01;Pipeline { filter(avg_Y < 1400000.0000) };9.18608e-01;1.00000e+00;1.00000e+00;Pipeline { filter(avg_Y < 348000000.0000) };9.18608e-01;1.00000e+00;1.00000e+00;Pipeline { filter(avg_Y < 92500000.0000) }
datasets/geolife_60mins.csv;nsga2;2;29;2900;2900;9.35330e+01;100;100;100;1.00000e+00;1.00000e+00;2.80000e-01;9.62133e-01;8.34276e-02;7.59740e-01;Pipeline { map_aggregate(attribute=avg_Y, function=avg, window=5) | map_aggregate(attribute=avg_X, function=max, window=6) | filter(avg_Y < 6260000000.0000) | map_aggregate(attribute=avg_Y, function=min, window=8) | map_noise(attribute=avg_Y, percentage=0.05) };9.18771e-01;1.00000e+00;9.99657e-01;Pipeline { filter(avg_X < 3240000.0000) };9.18608e-01;1.00000e+00;1.00000e+00;Pipeline { filter(avg_Y < 987000000.0000) };9.19832e-01;1.00000e+00;9.84327e-01;Pipeline { filter(avg_Y < 1400000.0000) };9.18608e-01;1.00000e+00;1.00000e+00;Pipeline { filter(avg_X < 398000000.0000) };9.18608e-01;1.00000e+00;1.00000e+00;Pipeline { filter(avg_Y < 32800000.0000) }
datasets/geolife_60mins.csv;nsga2;2;30;3000;3000;9.62370e+01;100;100;100;1.00000e+00;1.00000e+00;3.10000e-01;9.62133e-01;8.34276e-02;7.59740e-01;Pipeline { map_aggregate(attribute=avg_Y, function=avg, window=5) | map_aggregate(attribute=avg_X, function=max, window=6) | filter(avg_Y < 6260000000.0000) | map_aggregate(attribute=avg_Y, function=min, window=8) | map_noise(attribute=avg_Y, percentage=0.05) };9.18771e-01;1.00000e+00;9.99657e-01;Pipeline { filter(avg_X < 4330000.0000) };9.18608e-01;1.00000e+00;1.00000e+00;Pipeline { filter(avg_Y < 78900000.0000) };9.27365e-01;1.00000e+00;9.46654e-01;Pipeline { filter(avg_Y < 678000.0000) };9.18608e-01;1.00000e+00;1.00000e+00;Pipeline { filter(avg_Y < 8700000000.0000) };9.18608e-01;1.00000e+00;1.00000e+00;Pipeline { filter(avg_X < 78400000.0000) }
datasets/geolife_60mins.csv;nsga2;2;31;3100;3100;9.92250e+01;100;100;100;1.00000e+00;1.00000e+00;3.20000e-01;9.62230e-01;8.93173e-02;7.60338e-01;Pipeline { map_aggregate(attribute=avg_Y, function=avg, window=5) | map_aggregate(attribute=avg_X, function=max, window=6) | filter(avg_Y < 7260000000.0000) | map_aggregate(attribute=avg_Y, function=min, window=8) | map_noise(attribute=avg_Y, percentage=0.05) };9.19829e-01;1.00000e+00;9.84340e-01;Pipeline { filter(avg_Y < 1730000.0000) };9.18608e-01;1.00000e+00;1.00000e+00;Pipeline { filter(avg_Y < 328000000.0000) };9.27365e-01;1.00000e+00;9.46654e-01;Pipeline { filter(avg_Y < 678000.0000) };9.18608e-01;1.00000e+00;1.00000e+00;Pipeline { filter(avg_X < 7420000000.0000) };9.18608e-01;1.00000e+00;1.00000e+00;Pipeline { filter(avg_Y < 987000000.0000) }
datasets/geolife_60mins.csv;nsga2;2;32;3200;3200;1.02193e+02;100;100;100;1.00000e+00;1.00000e+00;3.30000e-01;9.62230e-01;8.93173e-02;7.60338e-01;Pipeline { map_aggregate(attribute=avg_Y, function=avg, window=5) | map_aggregate(attribute=avg_X, function=max, window=6) | filter(avg_Y < 7260000000.0000) | map_aggregate(attribute=avg_Y, function=min, window=8) | map_noise(attribute=avg_Y, percentage=0.05) };9.18771e-01;1.00000e+00;9.99657e-01;Pipeline { filter(avg_X < 4330000.0000) };9.18608e-01;1.00000e+00;1.00000e+00;Pipeline { filter(avg_X < 7360000000.0000) };9.27852e-01;1.00000e+00;9.46503e-01;Pipeline { filter(avg_Y < 675000.0000) };9.18608e-01;1.00000e+00;1.00000e+00;Pipeline { filter(avg_X < 871000000.0000) };9.18608e-01;1.00000e+00;1.00000e+00;Pipeline { filter(avg_Y < 234000000.0000) }
datasets/geolife_60mins.csv;nsga2;2;33;3300;3300;1.05261e+02;100;100;100;1.00000e+00;1.00000e+00;3.70000e-01;9.62273e-01;1.60890e-01;7.45076e-01;Pipeline { map_aggregate(attribute=avg_Y, function=avg, window=5) | map_aggregate(attribute=avg_Y, function=min, window=6) | filter(avg_Y < 347000000.0000) | map_aggregate(attribute=avg_X, function=max, window=9) | map_aggregate(attribute=avg_X, function=min, window=9) };9.19829e-01;1.00000e+00;9.84340e-01;Pipeline { filter(avg_Y < 1730000.0000) };9.18608e-01;1.00000e+00;1.00000e+00;Pipeline { filter(avg_X < 234000000.0000) };9.36775e-01;1.00000e+00;9.28061e-01;Pipeline { filter(avg_Y < 403000.0000) };9.18608e-01;1.00000e+00;1.00000e+00;Pipeline { filter(avg_Y < 7690000.0000) };9.18608e-01;1.00000e+00;1.00000e+00;Pipeline { filter(avg_Y < 96300000.0000) }
datasets/geolife_60mins.csv;nsga2;2;34;3400;3400;1.08169e+02;100;100;100;1.00000e+00;1.00000e+00;4.20000e-01;9.62273e-01;1.60890e-01;7.45076e-01;Pipeline { map_aggregate(attribute=avg_Y, function=avg, window=5) | map_aggregate(attribute=avg_Y, function=min, window=6) | filter(avg_Y < 347000000.0000) | map_aggregate(attribute=avg_X, function=max, window=9) | map_aggregate(attribute=avg_X, function=min, window=9) };9.18771e-01;1.00000e+00;9.99657e-01;Pipeline { filter(avg_X < 3230000.0000) };9.18608e-01;1.00000e+00;1.00000e+00;Pipeline { filter(avg_Y < 1620000000.0000) };9.54824e-01;3.00334e-01;7.14221e-01;Pipeline { map_aggregate(attribute=avg_Y, function=avg, window=5) | map_aggregate(attribute=avg_Y, function=max, window=3) | filter(avg_Y < 347000000.0000) | map_aggregate(attribute=avg_X, function=max, window=5) | map_aggregate(attribute=avg_X, function=min, window=9) };9.18608e-01;1.00000e+00;1.00000e+00;Pipeline { filter(avg_X < 981000000.0000) };9.18608e-01;1.00000e+00;1.00000e+00;Pipeline { filter(avg_Y < 628000000.0000) }
datasets/geolife_60mins.csv;nsga2;2;35;3500;3500;1.11077e+02;100;100;100;1.00000e+00;1.00000e+00;4.60000e-01;9.62273e-01;1.60890e-01;7.45076e-01;Pipeline { map_aggregate(attribute=avg_Y, function=avg, window=5) | map_aggregate(attribute=avg_Y, function=min, window=6) | filter(avg_Y < 347000000.0000) | map_aggregate(attribute=avg_X, function=max, window=9) | map_aggregate(attribute=avg_X, function=min, window=9) };9.19829e-01;1.00000e+00;9.84340e-01;Pipeline { filter(avg_Y < 1730000.0000) };9.18608e-01;1.00000e+00;1.00000e+00;Pipeline { filter(avg_X < 77600000.0000) };9.60199e-01;1.55150e-01;7.63188e-01;Pipeline { map_aggregate(attribute=avg_Y, function=avg, window=6) | map_aggregate(attribute=avg_Y, function=avg, window=3) | filter(avg_Y < 737000000.0000) | map_aggregate(attribute=avg_X, function=max, window=5) | map_noise(attribute=avg_X, percentage=0.01) };9.18608e-01;1.00000e+00;1.00000e+00;Pipeline { filter(avg_X < 954000000.0000) };9.18608e-01;1.00000e+00;1.00000e+00;Pipeline { filter(avg_X < 51600000.0000) }
datasets/geolife_60mins.csv;nsga2;2;36;3600;3600;1.13975e+02;100;100;100;1.00000e+00;1.00000e+00;4.60000e-01;9.62273e-01;1.60890e-01;7.45076e-01;Pipeline { map_aggregate(attribute=avg_Y, function=avg, window=5) | map_aggregate(attribute=avg_Y, function=min, window=6) | filter(avg_Y < 347000000.0000) | map_aggregate(attribute=avg_X, function=max, window=9) | map_aggregate(attribute=avg_X, function=min, window=9) };9.18771e-01;1.00000e+00;9.99657e-01;Pipeline { filter(avg_X < 4290000.0000) };9.18608e-01;1.00000e+00;1.00000e+00;Pipeline { filter(avg_X < 4040000000.0000) };9.60207e-01;1.48796e-01;7.61561e-01;Pipeline { map_aggregate(attribute=avg_Y, function=avg, window=6) | map_aggregate(attribute=avg_Y, function=avg, window=3) | filter(avg_Y < 337000000.0000) | map_aggregate(attribute=avg_X, function=max, window=5) | map_noise(attribute=avg_X, percentage=0.01) };9.18608e-01;1.00000e+00;1.00000e+00;Pipeline { filter(avg_Y < 8630000.0000) };9.18608e-01;1.00000e+00;1.00000e+00;Pipeline { filter(avg_Y < 3270000000.0000) }
datasets/geolife_60mins.csv;nsga2;2;37;3700;3700;1.17144e+02;100;100;100;1.00000e+00;1.00000e+00;4.80000e-01;9.62273e-01;1.60890e-01;7.45076e-01;Pipeline { map_aggregate(attribute=avg_Y, function=avg, window=5) | map_aggregate(attribute=avg_Y, function=min, window=6) | filter(avg_Y < 347000000.0000) | map_aggregate(attribute=avg_X, function=max, window=9) | map_aggregate(attribute=avg_X, function=min, window=9) };9.19829e-01;1.00000e+00;9.84340e-01;Pipeline { filter(avg_Y < 1730000.0000) };9.18608e-01;1.00000e+00;1.00000e+00;Pipeline { filter(avg_X < 1620000000.0000) };9.60501e-01;1.29295e-01;7.61235e-01;Pipeline { map_aggregate(attribute=avg_Y, function=avg, window=5) | map_aggregate(attribute=avg_X, function=max, window=6) | filter(avg_Y < 6260000000.0000) | map_aggregate(attribute=avg_Y, function=avg, window=6) | map_noise(attribute=avg_X, percentage=0.01) };9.18608e-01;1.00000e+00;1.00000e+00;Pipeline { filter(avg_Y < 15500000.0000) };9.18608e-01;1.00000e+00;1.00000e+00;Pipeline { filter(avg_X < 794000000.0000) }
datasets/geolife_60mins.csv;nsga2;2;38;3800;3800;1.20221e+02;100;100;100;1.00000e+00;1.00000e+00;4.90000e-01;9.62273e-01;1.60890e-01;7.45076e-01;Pipeline { map_aggregate(attribute=avg_Y, function=avg, window=5) | map_aggregate(attribute=avg_Y, function=min, window=6) | filter(avg_Y < 347000000.0000) | map_aggregate(attribute=avg_X, function=max, window=9) | map_aggregate(attribute=avg_X, function=min, window=9) };9.27852e-01;1.00000e+00;9.46503e-01;Pipeline { filter(avg_Y < 676000.0000) };9.18608e-01;1.00000e+00;1.00000e+00;Pipeline { filter(avg_X < 201000000.0000) };9.60501e-01;1.29295e-01;7.61235e-01;Pipeline { map_aggregate(attribute=avg_Y, function=avg, window=5) | map_aggregate(attribute=avg_X, function=max, window=6) | filter(avg_Y < 6260000000.0000) | map_aggregate(attribute=avg_Y, function=avg, window=6) | map_noise(attribute=avg_X, percentage=0.01) };9.18608e-01;1.00000e+00;1.00000e+00;Pipeline { filter(avg_X < 55400000.0000) };9.18608e-01;1.00000e+00;1.00000e+00;Pipeline { filter(avg_X < 1800000000.0000) }
datasets/geolife_60mins.csv;nsga2;2;39;3900;3900;1.23422e+02;100;100;100;1.00000e+00;1.00000e+00;4.10000e-01;9.62370e-01;1.52743e-01;7.40016e-01;Pipeline { map_aggregate(attribute=avg_Y, function=avg, window=5) | map_aggregate(attribute=avg_Y, function=avg, window=10) | filter(avg_Y < 347000000.0000) | map_aggregate(attribute=avg_X, function=max, window=9) | map_aggregate(attribute=avg_X, function=min, window=9) };9.19829e-01;1.00000e+00;9.84340e-01;Pipeline { filter(avg_Y < 1730000.0000) };9.18608e-01;1.00000e+00;1.00000e+00;Pipeline { filter(avg_X < 1890000000.0000) };9.59225e-01;1.68288e-01;7.65968e-01;Pipeline { map_aggregate(attribute=avg_Y, function=avg, window=3) | map_aggregate(attribute=avg_Y, function=avg, window=3) | filter(avg_X < 15400000.0000) | map_aggregate(attribute=avg_X, function=max, window=5) | map_noise(attribute=avg_X, percentage=0.01) };9.18608e-01;1.00000e+00;1.00000e+00;Pipeline { filter(avg_Y < 3240000.0000) };9.18608e-01;1.00000e+00;1.00000e+00;Pipeline { filter(avg_X < 8620000000.0000) }
datasets/geolife_60mins.csv;nsga2;2;40;4000;4000;1.26508e+02;100;100;100;1.00000e+00;1.00000e+00;4.30000e-01;9.62370e-01;1.52743e-01;7.40016e-01;Pipeline { map_aggregate(attribute=avg_Y, function=avg, window=5) | map_aggregate(attribute=avg_Y, function=avg, window=10) | filter(avg_Y < 347000000.0000) | map_aggregate(attribute=avg_X, function=max, window=9) | map_aggregate(attribute=avg_X, function=min, window=9) };9.27852e-01;1.00000e+00;9.46503e-01;Pipeline { filter(avg_Y < 676000.0000) };9.18608e-01;1.00000e+00;1.00000e+00;Pipeline { filter(avg_Y < 55400000.0000) };9.59306e-01;1.75258e-01;7.65690e-01;Pipeline { map_aggregate(attribute=avg_Y, function=avg, window=3) | map_aggregate(attribute=avg_Y, function=avg, window=3) | filter(avg_Y < 15400000.0000) | map_aggregate(attribute=avg_X, function=max, window=5) | map_noise(attribute=avg_X, percentage=0.01) };9.18608e-01;1.00000e+00;1.00000e+00;Pipeline { filter(avg_Y < 994000000.0000) };9.18608e-01;1.00000e+00;1.00000e+00;Pipeline { filter(avg_Y < 8250000.0000) }
datasets/geolife_60mins.csv;nsga2;2;41;4100;4100;1.29596e+02;100;100;100;1.00000e+00;1.00000e+00;4.50000e-01;9.62370e-01;1.52743e-01;7.40016e-01;Pipeline { map_aggregate(attribute=avg_Y, function=avg, window=5) | map_aggregate(attribute=avg_Y, function=avg, window=10) | filter(avg_Y < 347000000.0000) | map_aggregate(attribute=avg_X, function=max, window=9) | map_aggregate(attribute=avg_X, function=min, window=9) };9.19829e-01;1.00000e+00;9.84340e-01;Pipeline { filter(avg_Y < 1730000.0000) };9.18608e-01;1.00000e+00;1.00000e+00;Pipeline { filter(avg_Y < 1680000000.0000) };9.59306e-01;1.75258e-01;7.65690e-01;Pipeline { map_aggregate(attribute=avg_Y, function=avg, window=3) | map_aggregate(attribute=avg_Y, function=avg, window=3) | filter(avg_Y < 15400000.0000) | map_aggregate(attribute=avg_X, function=max, window=5) | map_noise(attribute=avg_X, percentage=0.01) };9.18608e-01;1.00000e+00;1.00000e+00;Pipeline { filter(avg_X < 299000000.0000) };9.18608e-01;1.00000e+00;1.00000e+00;Pipeline { filter(avg_Y < 5340000.0000) }
datasets/geolife_60mins.csv;nsga2;2;42;4200;4200;1.33074e+02;100;100;100;1.00000e+00;1.00000e+00;4.20000e-01;9.62370e-01;1.52743e-01;7.40016e-01;Pipeline { map_aggregate(attribute=avg_Y, function=avg, window=5) | map_aggregate(attribute=avg_Y, function=avg, window=10) | filter(avg_Y < 347000000.0000) | map_aggregate(attribute=avg_X, function=max, window=9) | map_aggregate(attribute=avg_X, function=min, window=9) };9.27852e-01;1.00000e+00;9.46503e-01;Pipeline { filter(avg_Y < 676000.0000) };9.18608e-01;1.00000e+00;1.00000e+00;Pipeline { filter(avg_X < 862000000.0000) };9.59386e-01;1.61204e-01;7.63552e-01;Pipeline { map_aggregate(attribute=avg_Y, function=avg, window=3) | map_aggregate(attribute=avg_Y, function=avg, window=3) | filter(avg_X < 15900000.0000) | map_aggregate(attribute=avg_X, function=max, window=5) | map_noise(attribute=avg_X, percentage=0.01) };9.18608e-01;1.00000e+00;1.00000e+00;Pipeline { filter(avg_Y < 3100000000.0000) };9.18608e-01;1.00000e+00;1.00000e+00;Pipeline { filter(avg_Y < 797000000.0000) }
datasets/geolife_60mins.csv;nsga2;2;43;4300;4300;1.36026e+02;100;100;100;1.00000e+00;1.00000e+00;3.80000e-01;9.64061e-01;2.53262e-01;7.54169e-01;Pipeline { map_aggregate(attribute=avg_Y, function=avg, window=5) | map_aggregate(attribute=avg_Y, function=max, window=6) | filter(avg_Y < 337000000.0000) | map_aggregate(attribute=avg_Y, function=min, window=10) | map_aggregate(attribute=avg_X, function=max, window=4) };9.19829e-01;1.00000e+00;9.84340e-01;Pipeline { filter(avg_Y < 1730000.0000) };9.18608e-01;1.00000e+00;1.00000e+00;Pipeline { filter(avg_Y < 183000000.0000) };9.58094e-01;2.69906e-01;7.03834e-01;Pipeline { map_aggregate(attribute=avg_Y, function=avg, window=7) | map_aggregate(attribute=avg_Y, function=min, window=6) | filter(avg_X < 347000000.0000) | map_aggregate(attribute=avg_X, function=max, window=5) | map_aggregate(attribute=avg_X, function=min, window=9) };9.18608e-01;1.00000e+00;1.00000e+00;Pipeline { filter(avg_X < 201000000.0000) };9.18608e-01;1.00000e+00;1.00000e+00;Pipeline { filter(avg_Y < 2390000000.0000) }
datasets/geolife_60mins.csv;nsga2;2;44;4400;4400;1.38921e+02;100;100;100;1.00000e+00;1.00000e+00;4.20000e-01;9.64061e-01;2.53262e-01;7.54169e-01;Pipeline { map_aggregate(attribute=avg_Y, function=avg, window=5) | map_aggregate(attribute=avg_Y, function=max, window=6) | filter(avg_Y < 337000000.0000) | map_aggregate(attribute=avg_Y, function=min, window=10) | map_aggregate(attribute=avg_X, function=max, window=4) };9.27852e-01;1.00000e+00;9.46503e-01;Pipeline { filter(avg_Y < 676000.0000) };9.18608e-01;1.00000e+00;1.00000e+00;Pipeline { filter(avg_Y < 910000000.0000) };9.57720e-01;2.77792e-01;6.96763e-01;Pipeline { map_aggregate(attribute=avg_Y, function=avg, window=7) | map_aggregate(attribute=avg_Y, function=avg, window=6) | filter(avg_X < 347000000.0000) | map_aggregate(attribute=avg_X, function=max, window=5) | map_aggregate(attribute=avg_X, function=min, window=9) };9.18608e-01;1.00000e+00;1.00000e+00;Pipeline { filter(avg_X < 1890000000.0000) };9.18608e-01;1.00000e+00;1.00000e+00;Pipeline { filter(avg_X < 34400000.0000) }
datasets/geolife_60mins.csv;nsga2;2;45;4500;4500;1.42143e+02;100;100;100;1.00000e+00;1.00000e+00;4.40000e-01;9.64061e-01;2.53262e-01;7.54169e-01;Pipeline { map_aggregate(attribute=avg_Y, function=avg, window=5) | map_aggregate(attribute=avg_Y, function=max, window=6) | filter(avg_Y < 337000000.0000) | map_aggregate(attribute=avg_Y, function=min, window=10) | map_aggregate(attribute=avg_X, function=max, window=4) };9.19829e-01;1.00000e+00;9.84340e-01;Pipeline { filter(avg_Y < 1730000.0000) };9.18608e-01;1.00000e+00;1.00000e+00;Pipeline { filter(avg_Y < 1230000000.0000) };9.58094e-01;2.69906e-01;7.03834e-01;Pipeline { map_aggregate(attribute=avg_Y, function=avg, window=7) | map_aggregate(attribute=avg_Y, function=min, window=6) | filter(avg_X < 341000000.0000) | map_aggregate(attribute=avg_X, function=max, window=5) | map_aggregate(attribute=avg_X, function=min, window=9) };9.18608e-01;1.00000e+00;1.00000e+00;Pipeline { filter(avg_Y < 1230000000.0000) };9.18608e-01;1.00000e+00;1.00000e+00;Pipeline { filter(avg_Y < 1780000000.0000) }
datasets/geolife_60mins.csv;nsga2;2;46;4600;4600;1.45381e+02;100;100;100;1.00000e+00;1.00000e+00;4.60000e-01;9.64061e-01;2.53262e-01;7.54169e-01;Pipeline { map_aggregate(attribute=avg_Y, function=avg, window=5) | map_aggregate(attribute=avg_Y, function=max, window=6) | filter(avg_Y < 337000000.0000) | map_aggregate(attribute=avg_Y, function=min, window=10) | map_aggregate(attribute=avg_X, function=max, window=4) };9.27852e-01;1.00000e+00;9.46503e-01;Pipeline { filter(avg_Y < 676000.0000) };9.18608e-01;1.00000e+00;1.00000e+00;Pipeline { filter(avg_X < 9680000000.0000) };9.58094e-01;2.69906e-01;7.03834e-01;Pipeline { map_aggregate(attribute=avg_Y, function=avg, window=7) | map_aggregate(attribute=avg_Y, function=min, window=6) | filter(avg_X < 381000000.0000) | map_aggregate(attribute=avg_X, function=max, window=5) | map_aggregate(attribute=avg_X, function=min, window=9) };9.18608e-01;1.00000e+00;1.00000e+00;Pipeline { filter(avg_X < 9680000000.0000) };9.18608e-01;1.00000e+00;1.00000e+00;Pipeline { filter(avg_X < 10000000.0000) }
datasets/geolife_60mins.csv;nsga2;2;47;4700;4700;1.48425e+02;100;100;100;1.00000e+00;1.00000e+00;4.80000e-01;9.64061e-01;2.53262e-01;7.54169e-01;Pipeline { map_aggregate(attribute=avg_Y, function=avg, window=5) | map_aggregate(attribute=avg_Y, function=max, window=6) | filter(avg_Y < 337000000.0000) | map_aggregate(attribute=avg_Y, function=min, window=10) | map_aggregate(attribute=avg_X, function=max, window=4) };9.19829e-01;1.00000e+00;9.84340e-01;Pipeline { filter(avg_Y < 1730000.0000) };9.18608e-01;1.00000e+00;1.00000e+00;Pipeline { filter(avg_X < 2080000000.0000) };9.58094e-01;2.69906e-01;7.03834e-01;Pipeline { map_aggregate(attribute=avg_Y, function=avg, window=7) | map_aggregate(attribute=avg_Y, function=min, window=6) | filter(avg_X < 340000000.0000) | map_aggregate(attribute=avg_X, function=max, window=5) | map_aggregate(attribute=avg_X, function=min, window=9) };9.36894e-01;1.00000e+00;9.28479e-01;Pipeline { filter(avg_Y < 419000.0000) };9.18608e-01;1.00000e+00;1.00000e+00;Pipeline { filter(avg_Y < 6040000.0000) }
datasets/geolife_60mins.csv;nsga2;2;48;4800;4800;1.51427e+02;100;100;100;1.00000e+00;1.00000e+00;4.50000e-01;9.64061e-01;2.53262e-01;7.54169e-01;Pipeline { map_aggregate(attribute=avg_Y, function=avg, window=5) | map_aggregate(attribute=avg_Y, function=max, window=6) | filter(avg_Y < 337000000.0000) | map_aggregate(attribute=avg_Y, function=min, window=10) | map_aggregate(attribute=avg_X, function=max, window=4) };9.27852e-01;1.00000e+00;9.46503e-01;Pipeline { filter(avg_Y < 676000.0000) };9.18608e-01;1.00000e+00;1.00000e+00;Pipeline { filter(avg_Y < 1070000000.0000) };9.58336e-01;3.09488e-01;6.84026e-01;Pipeline { map_aggregate(attribute=avg_Y, function=avg, window=5) | map_aggregate(attribute=avg_Y, function=min, window=6) | filter(avg_Y < 397000000.0000) | map_aggregate(attribute=avg_X, function=max, window=3) | map_aggregate(attribute=avg_X, function=min, window=7) };9.36894e-01;1.00000e+00;9.28479e-01;Pipeline { filter(avg_Y < 419000.0000) };9.18608e-01;1.00000e+00;1.00000e+00;Pipeline { filter(avg_Y < 3240000.0000) }
datasets/geolife_60mins.csv;nsga2;2;49;4900;4900;1.54195e+02;100;100;100;1.00000e+00;1.00000e+00;4.50000e-01;9.64061e-01;2.53262e-01;7.54169e-01;Pipeline { map_aggregate(attribute=avg_Y, function=avg, window=5) | map_aggregate(attribute=avg_Y, function=max, window=6) | filter(avg_Y < 337000000.0000) | map_aggregate(attribute=avg_Y, function=min, window=10) | map_aggregate(attribute=avg_X, function=max, window=4) };9.19829e-01;1.00000e+00;9.84340e-01;Pipeline { filter(avg_Y < 1730000.0000) };9.18608e-01;1.00000e+00;1.00000e+00;Pipeline { filter(avg_X < 10000000.0000) };9.56234e-01;3.29221e-01;6.84810e-01;Pipeline { map_aggregate(attribute=avg_Y, function=avg, window=5) | map_aggregate(attribute=avg_Y, function=min, window=4) | filter(avg_Y < 397000000.0000) | map_aggregate(attribute=avg_X, function=max, window=3) | map_aggregate(attribute=avg_X, function=min, window=7) };9.26707e-01;1.00000e+00;9.78508e-01;Pipeline { filter(avg_Y < 1130000.0000) };9.18608e-01;1.00000e+00;1.00000e+00;Pipeline { filter(avg_Y < 8100000.0000) }
datasets/geolife_60mins.csv;nsga2;2;50;5000;5000;1.57527e+02;100;100;100;1.00000e+00;1.00000e+00;4.70000e-01;9.64061e-01;2.53262e-01;7.54169e-01;Pipeline { map_aggregate(attribute=avg_Y, function=avg, window=5) | map_aggregate(attribute=avg_Y, function=max, window=6) | filter(avg_Y < 337000000.0000) | map_aggregate(attribute=avg_Y, function=min, window=10) | map_aggregate(attribute=avg_X, function=max, window=4) };9.27852e-01;1.00000e+00;9.46503e-01;Pipeline { filter(avg_Y < 676000.0000) };9.18608e-01;1.00000e+00;1.00000e+00;Pipeline { filter(avg_X < 6870000000.0000) };9.58336e-01;3.09488e-01;6.84026e-01;Pipeline { map_aggregate(attribute=avg_Y, function=avg, window=5) | map_aggregate(attribute=avg_Y, function=min, window=6) | filter(avg_X < 997000000.0000) | map_aggregate(attribute=avg_X, function=max, window=3) | map_aggregate(attribute=avg_X, function=min, window=7) };9.26707e-01;1.00000e+00;9.78508e-01;Pipeline { filter(avg_Y < 1110000.0000) };9.18608e-01;1.00000e+00;1.00000e+00;Pipeline { filter(avg_Y < 6680000000.0000) }
datasets/geolife_60mins.csv;nsga2;3;1;100;100;5.99900e+00;100;7;32;9.90000e-01;9.90000e-01;6.70000e-01;9.41597e-01;2.56966e-01;7.71763e-01;Pipeline { map_aggregate(attribute=avg_X, function=max, window=7) };4.59304e-01;1.00000e+00;7.13554e-01;Pipeline { map_duplicate(probability=1.00) };8.35280e-01;9.90593e-01;9.19491e-01;Pipeline { map_duplicate(probability=0.10) };7.14767e-01;2.34212e-02;5.91459e-01;Pipeline { map_aggregate(attribute=avg_Y, function=avg, window=9) | map_noise(attribute=avg_Y, percentage=0.05) | map_duplicate(probability=0.50) | map_aggregate(attribute=avg_Y, function=avg, window=3) | map_aggregate(attribute=avg_X, function=max, window=3) | map_duplicate(probability=0.10) | filter(avg_Y > 34.7000) | map_noise(attribute=avg_Y, percentage=0.25) | filter(avg_Y > 0.0001) | map_aggregate(attribute=avg_X, function=max, window=7) };1.67383e-01;2.91841e-01;0.00000e+00;Pipeline { map_duplicate(probability=0.60) | filter(avg_X > 11700.0000) | map_noise(attribute=avg_X, percentage=0.01) | map_duplicate(probability=1.00) | map_noise(attribute=avg_X, percentage=0.05) | map_duplicate(probability=0.90) | map_noise(attribute=avg_Y, percentage=0.01) };8.70241e-01;3.96282e-01;7.13905e-01;Pipeline { map_noise(attribute=avg_Y, percentage=0.10) | filter(avg_Y < 12700000.0000) | filter(avg_Y > 0.0000) | map_aggregate(attribute=avg_Y, function=avg, window=7) }
datasets/geolife_60mins.csv;nsga2;3;2;200;200;1.13650e+01;100;19;3;9.90000e-01;9.90000e-01;9.20000e-01;9.59677e-01;4.34562e-02;7.54816e-01;Pipeline { map_aggregate(attribute=avg_X, function=max, window=5) | map_aggregate(attribute=avg_X, function=max, window=10) | map_noise(attribute=avg_Y, percentage=0.05) | filter(avg_X > 4.7800) | map_aggregate(attribute=avg_Y, function=avg, window=10) };4.59304e-01;1.00000e+00;7.13554e-01;Pipeline { map_duplicate(probability=1.00) };9.18608e-01;1.00000e+00;1.00000e+00;Pipeline { filter(avg_X < 5830000.0000) };9.25042e-01;1.99795e-01;7.68223e-01;Pipeline { map_noise(attribute=avg_X, percentage=0.05) };6.11881e-01;9.71117e-01;8.06577e-01;Pipeline { map_duplicate(probability=0.50) };9.27735e-01;5.82409e-01;8.01413e-01;Pipeline { map_aggregate(attribute=avg_Y, function=min, window=3) }
datasets/geolife_60mins.csv;nsga2;3;3;300;300;1.67400e+01;100;28;4;9.90000e-01;9.90000e-01;7.70000e-01;9.59677e-01;4.34562e-02;7.54816e-01;Pipeline { map_aggregate(attribute=avg_X, function=max, window=5) | map_aggregate(attribute=avg_X, function=max, window=10) | map_noise(attribute=avg_Y, percentage=0.05) | filter(avg_X > 4.7800) | map_aggregate(attribute=avg_Y, function=avg, window=10) };4.59304e-01;1.00000e+00;7.13554e-01;Pipeline { map_duplicate(probability=1.00) };9.18608e-01;1.00000e+00;1.00000e+00;Pipeline { filter(avg_X < 5830000.0000) };9.26629e-01;1.00000e+00;8.85427e-01;Pipeline { filter(avg_X > 0.0654) };9.26629e-01;1.00000e+00;8.85427e-01;Pipeline { filter(avg_X > 0.0001) | filter(avg_X > 0.0000) | filter(avg_X < 355000000.0000) };9.26541e-01;1.00000e+00;8.85287e-01;Pipeline { filter(avg_X > 0.0001) | filter(avg_X > 12300.0000) | filter(avg_X < 355000000.0000) }
datasets/geolife_60mins.csv;nsga2;3;4;400;400;2.13340e+01;100;51;2;1.00000e+00;1.00000e+00;5.90000e-01;9.60229e-01;5.23909e-02;7.56333e-01;Pipeline { map_aggregate(attribute=avg_X, function=max, window=5) | map_aggregate(attribute=avg_X, function=max, window=10) | map_noise(attribute=avg_X, percentage=0.01) | filter(avg_X > 4.7800) | map_aggregate(attribute=avg_Y, function=avg, window=10) };9.21168e-01;1.00000e+00;8.75727e-01;Pipeline { filter(avg_X > 147000.0000) };9.18608e-01;1.00000e+00;1.00000e+00;Pipeline { filter(avg_X < 441000000.0000) };9.27735e-01;5.82409e-01;8.01413e-01;Pipeline { map_aggregate(attribute=avg_Y, function=min, window=3) };9.26629e-01;1.00000e+00;8.85427e-01;Pipeline { filter(avg_X > 0.0654) };9.26629e-01;1.00000e+00;8.85427e-01;Pipeline { filter(avg_X > 0.0001) | filter(avg_X > 0.0001) | filter(avg_X < 355000000.0000) }
datasets/geolife_60mins.csv;nsga2;3;5;500;500;2.44810e+01;100;85;15;1.00000e+00;1.00000e+00;2.50000e-01;9.60229e-01;5.23909e-02;7.56333e-01;Pipeline { map_aggregate(attribute=avg_X, function=max, window=5) | map_aggregate(attribute=avg_X, function=max, window=10) | map_noise(attribute=avg_X, percentage=0.01) | filter(avg_X > 4.7800) | map_aggregate(attribute=avg_Y, function=avg, window=10) };9.10292e-01;1.00000e+00;9.40272e-01;Pipeline { filter(avg_X < 830000.0000) };9.18608e-01;1.00000e+00;1.00000e+00;Pipeline { filter(avg_X < 7410000000.0000) };9.26629e-01;1.00000e+00;8.85427e-01;Pipeline { filter(avg_X > 0.0000) | filter(avg_X < 608000000.0000) | filter(avg_X > 0.0682) | filter(avg_X < 89500000.0000) };9.26629e-01;1.00000e+00;8.85427e-01;Pipeline { filter(avg_X > 0.0001) | filter(avg_X > 0.0000) | filter(avg_X < 355000000.0000) };9.26629e-01;1.00000e+00;8.85427e-01;Pipeline { filter(avg_X > 1.4000) }
datasets/geolife_60mins.csv;nsga2;3;6;600;600;2.72780e+01;100;100;100;1.00000e+00;1.00000e+00;1.40000e-01;9.60264e-01;7.69231e-02;7.56041e-01;Pipeline { map_noise(attribute=avg_Y, percentage=0.01) | map_aggregate(attribute=avg_X, function=max, window=10) | map_noise(attribute=avg_X, percentage=0.01) | filter(avg_X > 4.7800) | map_aggregate(attribute=avg_Y, function=avg, window=10) };9.18608e-01;1.00000e+00;1.00000e+00;Pipeline { filter(avg_X < 7410000000.0000) };9.18608e-01;1.00000e+00;1.00000e+00;Pipeline { filter(avg_X < 7410000000.0000) };9.26629e-01;1.00000e+00;8.85427e-01;Pipeline { filter(avg_X > 0.0000) };9.26629e-01;1.00000e+00;8.85427e-01;Pipeline { filter(avg_X > 0.0001) | filter(avg_X > 0.0001) | filter(avg_X < 3580000000.0000) };9.26629e-01;1.00000e+00;8.85427e-01;Pipeline { filter(avg_X > 0.0000) | filter(avg_X < 608000000.0000) | filter(avg_X > 0.1490) | filter(avg_X < 29500000.0000) }
datasets/geolife_60mins.csv;nsga2;3;7;700;700;3.05110e+01;100;100;100;1.00000e+00;1.00000e+00;1.60000e-01;9.60264e-01;7.69231e-02;7.56041e-01;Pipeline { map_noise(attribute=avg_Y, percentage=0.01) | map_aggregate(attribute=avg_X, function=max, window=10) | map_noise(attribute=avg_X, percentage=0.01) | filter(avg_X > 4.7800) | map_aggregate(attribute=avg_Y, function=avg, window=10) };9.18608e-01;1.00000e+00;1.00000e+00;Pipeline { filter(avg_X < 7410000000.0000) };9.18608e-01;1.00000e+00;1.00000e+00;Pipeline { filter(avg_X < 7410000000.0000) };9.26629e-01;1.00000e+00;8.85427e-01;Pipeline { filter(avg_X > 3.9000) };9.26629e-01;1.00000e+00;8.85427e-01;Pipeline { filter(avg_X > 0.0000) | filter(avg_X > 4.7200) | filter(avg_X < 355000000.0000) };9.26629e-01;1.00000e+00;8.85427e-01;Pipeline { filter(avg_X > 0.0000) | filter(avg_X < 608000000.0000) | filter(avg_X > 30.1000) | filter(avg_X < 89000000.0000) }
datasets/geolife_60mins.csv;nsga2;3;8;800;800;3.39690e+01;100;100;100;1.00000e+00;9.70000e-01;1.60000e-01;9.60264e-01;7.69231e-02;7.56041e-01;Pipeline { map_noise(attribute=avg_Y, percentage=0.01) | map_aggregate(attribute=avg_X, function=max, window=10) | map_noise(attribute=avg_X, percentage=0.01) | filter(avg_X > 4.7800) | map_aggregate(attribute=avg_Y, function=avg, window=10) };9.18608e-01;1.00000e+00;1.00000e+00;Pipeline { filter(avg_X < 7410000000.0000) };9.18608e-01;1.00000e+00;1.00000e+00;Pipeline { filter(avg_X < 7410000000.0000) };9.26629e-01;1.00000e+00;8.85427e-01;Pipeline { filter(avg_X > 0.5770) };9.26629e-01;1.00000e+00;8.85427e-01;Pipeline { filter(avg_X > 0.0001) | filter(avg_X > 0.0009) | filter(avg_X > 4.6500) };9.26629e-01;1.00000e+00;8.85427e-01;Pipeline { filter(avg_X > 0.0730) }
datasets/geolife_60mins.csv;nsga2;3;9;900;900;3.72060e+01;100;100;100;1.00000e+00;1.00000e+00;1.70000e-01;9.60264e-01;7.69231e-02;7.56041e-01;Pipeline { map_noise(attribute=avg_Y, percentage=0.01) | map_aggregate(attribute=avg_X, function=max, window=10) | map_noise(attribute=avg_X, percentage=0.01) | filter(avg_X > 4.7800) | map_aggregate(attribute=avg_Y, function=avg, window=10) };9.18608e-01;1.00000e+00;1.00000e+00;Pipeline { filter(avg_X < 7410000000.0000) };9.18608e-01;1.00000e+00;1.00000e+00;Pipeline { filter(avg_X < 7410000000.0000) };9.26629e-01;1.00000e+00;8.85427e-01;Pipeline { filter(avg_X > 0.0000) | filter(avg_X > 0.0009) | filter(avg_X > 0.0047) };9.26629e-01;1.00000e+00;8.85427e-01;Pipeline { filter(avg_Y < 4800000.0000) | filter(avg_X > 0.0000) };9.26629e-01;1.00000e+00;8.85427e-01;Pipeline { filter(avg_X > 0.0001) | filter(avg_X > 0.0001) | filter(avg_Y < 6410000.0000) }
datasets/geolife_60mins.csv;nsga2;3;10;1000;1000;4.03670e+01;100;100;100;1.00000e+00;1.00000e+00;1.70000e-01;9.60264e-01;7.69231e-02;7.56041e-01;Pipeline { map_noise(attribute=avg_Y, percentage=0.01) | map_aggregate(attribute=avg_X, function=max, window=10) | map_noise(attribute=avg_X, percentage=0.01) | filter(avg_X > 4.7800) | map_aggregate(attribute=avg_Y, function=avg, window=10) };9.25214e-01;1.00000e+00;9.71834e-01;Pipeline { filter(avg_Y < 970000.0000) };9.18608e-01;1.00000e+00;1.00000e+00;Pipeline { filter(avg_X < 7410000000.0000) };9.26629e-01;1.00000e+00;8.85427e-01;Pipeline { filter(avg_X > 0.0001) };9.26629e-01;1.00000e+00;8.85427e-01;Pipeline { filter(avg_X > 0.0001) | filter(avg_X < 608000000.0000) | filter(avg_X > 0.3010) | filter(avg_X < 89500000.0000) };9.26629e-01;1.00000e+00;8.85427e-01;Pipeline { filter(avg_X > 0.0001) | filter(avg_X < 608000000.0000) | filter(avg_X > 0.3010) | filter(avg_X < 89500000.0000) }
datasets/geolife_60mins.csv;nsga2;3;11;1100;1100;4.34700e+01;100;16;84;1.00000e+00;9.90000e-01;1.90000e-01;9.60650e-01;5.01678e-02;7.53459e-01;Pipeline { map_noise(attribute=avg_Y, percentage=0.01) | map_aggregate(attribute=avg_X, function=max, window=10) | map_noise(attribute=avg_Y, percentage=0.10) | filter(avg_X > 4.7800) | map_aggregate(attribute=avg_Y, function=avg, window=10) };9.26629e-01;1.00000e+00;8.85427e-01;Pipeline { filter(avg_X > 0.0001) | filter(avg_X > 0.8100) | filter(avg_X > 0.0046) };9.18608e-01;1.00000e+00;1.00000e+00;Pipeline { filter(avg_X < 7410000000.0000) };9.26629e-01;1.00000e+00;8.85427e-01;Pipeline { filter(avg_X > 0.0000) | filter(avg_X > 0.0000) | filter(avg_X > 0.0000) };9.26629e-01;1.00000e+00;8.85427e-01;Pipeline { filter(avg_X > 0.0000) };9.26629e-01;1.00000e+00;8.85427e-01;Pipeline { filter(avg_X > 6.6300) | filter(avg_X > 0.0009) | filter(avg_X > 0.0046) }
datasets/geolife_60mins.csv;nsga2;3;12;1200;1200;4.71380e+01;100;21;79;1.00000e+00;1.00000e+00;2.20000e-01;9.60650e-01;5.01678e-02;7.53459e-01;Pipeline { map_noise(attribute=avg_Y, percentage=0.01) | map_aggregate(attribute=avg_X, function=max, window=10) | map_noise(attribute=avg_Y, percentage=0.10) | filter(avg_X > 4.7800) | map_aggregate(attribute=avg_Y, function=avg, window=10) };9.22919e-01;1.00000e+00;9.54125e-01;Pipeline { filter(avg_Y < 920000.0000) };9.18608e-01;1.00000e+00;1.00000e+00;Pipeline { filter(avg_Y < 6700000000.0000) };9.26629e-01;1.00000e+00;8.85427e-01;Pipeline { filter(avg_X > 0.0000) };9.26629e-01;1.00000e+00;8.85427e-01;Pipeline { filter(avg_X < 8750000000.0000) | filter(avg_X > 0.0000) | filter(avg_X > 0.0046) };9.26629e-01;1.00000e+00;8.85427e-01;Pipeline { filter(avg_X > 960.0000) | filter(avg_X > 0.0001) | filter(avg_X < 3580000000.0000) }
datasets/geolife_60mins.csv;nsga2;3;13;1300;1300;5.02310e+01;100;24;76;1.00000e+00;1.00000e+00;2.60000e-01;9.62212e-01;7.54131e-02;7.58717e-01;Pipeline { map_noise(attribute=avg_Y, percentage=0.01) | map_aggregate(attribute=avg_X, function=max, window=10) | map_noise(attribute=avg_X, percentage=0.05) | filter(avg_Y < 5950000.0000) | map_aggregate(attribute=avg_Y, function=avg, window=10) };9.22919e-01;1.00000e+00;9.54125e-01;Pipeline { filter(avg_Y < 920000.0000) };9.18608e-01;1.00000e+00;1.00000e+00;Pipeline { filter(avg_Y < 95500000.0000) };9.26629e-01;1.00000e+00;8.85427e-01;Pipeline { filter(avg_X > 0.0001) | filter(avg_X > 0.0006) };9.26629e-01;1.00000e+00;8.85427e-01;Pipeline { filter(avg_X > 0.1210) | filter(avg_X > 0.0001) };9.26629e-01;1.00000e+00;8.85427e-01;Pipeline { filter(avg_X > 0.0000) | filter(avg_X > 0.0009) | filter(avg_X > 0.0047) }
datasets/geolife_60mins.csv;nsga2;3;14;1400;1400;5.37320e+01;100;37;58;1.00000e+00;1.00000e+00;3.30000e-01;9.62212e-01;7.54131e-02;7.58717e-01;Pipeline { map_noise(attribute=avg_Y, percentage=0.01) | map_aggregate(attribute=avg_X, function=max, window=10) | map_noise(attribute=avg_X, percentage=0.05) | filter(avg_Y < 5950000.0000) | map_aggregate(attribute=avg_Y, function=avg, window=10) };8.99718e-01;1.00000e+00;9.22276e-01;Pipeline { filter(avg_X < 741000.0000) };9.18608e-01;1.00000e+00;1.00000e+00;Pipeline { filter(avg_X < 7420000000.0000) };9.33656e-01;6.27275e-01;8.11154e-01;Pipeline { map_noise(attribute=avg_X, percentage=0.01) | filter(avg_Y < 639000.0000) };9.26629e-01;1.00000e+00;8.85427e-01;Pipeline { filter(avg_X > 0.0001) | filter(avg_X > 2.9300) | filter(avg_X > 0.0046) };9.22919e-01;1.00000e+00;9.54125e-01;Pipeline { filter(avg_Y < 930000.0000) }
datasets/geolife_60mins.csv;nsga2;3;15;1500;1500;5.67820e+01;100;61;16;1.00000e+00;1.00000e+00;4.50000e-01;9.62212e-01;7.54131e-02;7.58717e-01;Pipeline { map_noise(attribute=avg_Y, percentage=0.01) | map_aggregate(attribute=avg_X, function=max, window=10) | map_noise(attribute=avg_X, percentage=0.05) | filter(avg_Y < 5950000.0000) | map_aggregate(attribute=avg_Y, function=avg, window=10) };8.99718e-01;1.00000e+00;9.22276e-01;Pipeline { filter(avg_X < 741000.0000) };9.18608e-01;1.00000e+00;1.00000e+00;Pipeline { filter(avg_X < 7410000000.0000) };9.34461e-01;6.25796e-01;8.09643e-01;Pipeline { map_noise(attribute=avg_X, percentage=0.01) | filter(avg_Y < 646000.0000) };9.18771e-01;1.00000e+00;9.99657e-01;Pipeline { filter(avg_X < 3410000.0000) };9.18608e-01;1.00000e+00;1.00000e+00;Pipeline { filter(avg_Y < 7970000.0000) }
datasets/geolife_60mins.csv;nsga2;3;16;1600;1600;5.99000e+01;100;95;5;1.00000e+00;1.00000e+00;2.60000e-01;9.62212e-01;7.54131e-02;7.58717e-01;Pipeline { map_noise(attribute=avg_Y, percentage=0.01) | map_aggregate(attribute=avg_X, function=max, window=10) | map_noise(attribute=avg_X, percentage=0.05) | filter(avg_Y < 5950000.0000) | map_aggregate(attribute=avg_Y, function=avg, window=10) };9.18146e-01;1.00000e+00;9.77641e-01;Pipeline { filter(avg_X < 1250000.0000) };9.18608e-01;1.00000e+00;1.00000e+00;Pipeline { filter(avg_Y < 721000000.0000) };9.18771e-01;1.00000e+00;9.99657e-01;Pipeline { filter(avg_X < 3410000.0000) };9.18608e-01;1.00000e+00;1.00000e+00;Pipeline { filter(avg_Y < 95500000.0000) };9.18608e-01;1.00000e+00;1.00000e+00;Pipeline { filter(avg_Y < 3320000000.0000) }
datasets/geolife_60mins.csv;nsga2;3;17;1700;1700;6.27770e+01;100;100;100;1.00000e+00;1.00000e+00;2.10000e-01;9.62212e-01;7.54131e-02;7.58717e-01;Pipeline { map_noise(attribute=avg_Y, percentage=0.01) | map_aggregate(attribute=avg_X, function=max, window=10) | map_noise(attribute=avg_X, percentage=0.05) | filter(avg_Y < 5950000.0000) | map_aggregate(attribute=avg_Y, function=avg, window=10) };9.27898e-01;1.00000e+00;9.46430e-01;Pipeline { filter(avg_Y < 670000.0000) };9.18608e-01;1.00000e+00;1.00000e+00;Pipeline { filter(avg_Y < 45900000.0000) };9.18608e-01;1.00000e+00;1.00000e+00;Pipeline { filter(avg_Y < 4970000.0000) };9.18608e-01;1.00000e+00;1.00000e+00;Pipeline { filter(avg_Y < 43000000.0000) };9.18608e-01;1.00000e+00;1.00000e+00;Pipeline { filter(avg_Y < 731000000.0000) }
datasets/geolife_60mins.csv;nsga2;3;18;1800;1800;6.55880e+01;100;100;100;1.00000e+00;1.00000e+00;2.30000e-01;9.62212e-01;7.54131e-02;7.58717e-01;Pipeline { map_noise(attribute=avg_Y, percentage=0.01) | map_aggregate(attribute=avg_X, function=max, window=10) | map_noise(attribute=avg_X, percentage=0.05) | filter(avg_Y < 5950000.0000) | map_aggregate(attribute=avg_Y, function=avg, window=10) };9.31496e-01;1.00000e+00;9.44247e-01;Pipeline { filter(avg_Y < 654000.0000) };9.18608e-01;1.00000e+00;1.00000e+00;Pipeline { filter(avg_X < 9510000.0000) };9.18608e-01;1.00000e+00;1.00000e+00;Pipeline { filter(avg_X < 2140000000.0000) };9.18608e-01;1.00000e+00;1.00000e+00;Pipeline { filter(avg_X < 9070000.0000) };9.18608e-01;1.00000e+00;1.00000e+00;Pipeline { filter(avg_X < 55900000.0000) }
datasets/geolife_60mins.csv;nsga2;3;19;1900;1900;6.83250e+01;100;100;100;1.00000e+00;1.00000e+00;2.20000e-01;9.62212e-01;7.54131e-02;7.58717e-01;Pipeline { map_noise(attribute=avg_Y, percentage=0.01) | map_aggregate(attribute=avg_X, function=max, window=10) | map_noise(attribute=avg_X, percentage=0.05) | filter(avg_Y < 5950000.0000) | map_aggregate(attribute=avg_Y, function=avg, window=10) };9.27898e-01;1.00000e+00;9.46430e-01;Pipeline { filter(avg_Y < 670000.0000) };9.18608e-01;1.00000e+00;1.00000e+00;Pipeline { filter(avg_X < 7400000000.0000) };9.18608e-01;1.00000e+00;1.00000e+00;Pipeline { filter(avg_Y < 3720000000.0000) };9.18608e-01;1.00000e+00;1.00000e+00;Pipeline { filter(avg_X < 709000000.0000) };9.18608e-01;1.00000e+00;1.00000e+00;Pipeline { filter(avg_Y < 5370000.0000) }
datasets/geolife_60mins.csv;nsga2;3;20;2000;2000;7.11790e+01;100;100;100;1.00000e+00;1.00000e+00;2.30000e-01;9.62212e-01;7.54131e-02;7.58717e-01;Pipeline { map_noise(attribute=avg_Y, percentage=0.01) | map_aggregate(attribute=avg_X, function=max, window=10) | map_noise(attribute=avg_X, percentage=0.05) | filter(avg_Y < 5950000.0000) | map_aggregate(attribute=avg_Y, function=avg, window=10) };9.31496e-01;1.00000e+00;9.44247e-01;Pipeline { filter(avg_Y < 654000.0000) };9.18608e-01;1.00000e+00;1.00000e+00;Pipeline { filter(avg_X < 8400000000.0000) };9.18608e-01;1.00000e+00;1.00000e+00;Pipeline { filter(avg_Y < 3000000.0000) };9.18608e-01;1.00000e+00;1.00000e+00;Pipeline { filter(avg_Y < 8090000.0000) };9.18608e-01;1.00000e+00;1.00000e+00;Pipeline { filter(avg_X < 7480000000.0000) }
datasets/geolife_60mins.csv;nsga2;3;21;2100;2100;7.40710e+01;100;100;100;1.00000e+00;1.00000e+00;2.50000e-01;9.62212e-01;7.54131e-02;7.58717e-01;Pipeline { map_noise(attribute=avg_Y, percentage=0.01) | map_aggregate(attribute=avg_X, function=max, window=10) | map_noise(attribute=avg_X, percentage=0.05) | filter(avg_Y < 5950000.0000) | map_aggregate(attribute=avg_Y, function=avg, window=10) };9.27898e-01;1.00000e+00;9.46430e-01;Pipeline { filter(avg_Y < 670000.0000) };9.18608e-01;1.00000e+00;1.00000e+00;Pipeline { filter(avg_Y < 736000000.0000) };9.18771e-01;1.00000e+00;9.99657e-01;Pipeline { filter(avg_X < 3290000.0000) };9.18608e-01;1.00000e+00;1.00000e+00;Pipeline { filter(avg_Y < 5690000000.0000) };9.18608e-01;1.00000e+00;1.00000e+00;Pipeline { filter(avg_X < 7400000000.0000) }
datasets/geolife_60mins.csv;nsga2;3;22;2200;2200;7.78340e+01;100;100;100;1.00000e+00;1.00000e+00;2.70000e-01;9.62212e-01;7.54131e-02;7.58717e-01;Pipeline { map_noise(attribute=avg_Y, percentage=0.01) | map_aggregate(attribute=avg_X, function=max, window=10) | map_noise(attribute=avg_X, percentage=0.05) | filter(avg_Y < 5950000.0000) | map_aggregate(attribute=avg_Y, function=avg, window=10) };9.31496e-01;1.00000e+00;9.44247e-01;Pipeline { filter(avg_Y < 654000.0000) };9.18608e-01;1.00000e+00;1.00000e+00;Pipeline { filter(avg_X < 95100000.0000) };9.19781e-01;1.00000e+00;9.84683e-01;Pipeline { filter(avg_Y < 2110000.0000) };9.18608e-01;1.00000e+00;1.00000e+00;Pipeline { filter(avg_X < 44000000.0000) };9.18608e-01;1.00000e+00;1.00000e+00;Pipeline { filter(avg_X < 6650000000.0000) }
datasets/geolife_60mins.csv;nsga2;3;23;2300;2300;8.06460e+01;100;100;100;1.00000e+00;1.00000e+00;2.80000e-01;9.62212e-01;7.54131e-02;7.58717e-01;Pipeline { map_noise(attribute=avg_Y, percentage=0.01) | map_aggregate(attribute=avg_X, function=max, window=10) | map_noise(attribute=avg_X, percentage=0.05) | filter(avg_Y < 5950000.0000) | map_aggregate(attribute=avg_Y, function=avg, window=10) };9.18771e-01;1.00000e+00;9.99657e-01;Pipeline { filter(avg_X < 3070000.0000) };9.18608e-01;1.00000e+00;1.00000e+00;Pipeline { filter(avg_X < 5310000.0000) };9.19781e-01;1.00000e+00;9.84683e-01;Pipeline { filter(avg_Y < 2110000.0000) };9.18608e-01;1.00000e+00;1.00000e+00;Pipeline { filter(avg_X < 6300000000.0000) };9.18608e-01;1.00000e+00;1.00000e+00;Pipeline { filter(avg_X < 444000000.0000) }
datasets/geolife_60mins.csv;nsga2;3;24;2400;2400;8.36060e+01;100;100;100;1.00000e+00;1.00000e+00;2.20000e-01;9.62212e-01;7.54131e-02;7.58717e-01;Pipeline { map_noise(attribute=avg_Y, percentage=0.01) | map_aggregate(attribute=avg_X, function=max, window=10) | map_noise(attribute=avg_X, percentage=0.05) | filter(avg_Y < 5950000.0000) | map_aggregate(attribute=avg_Y, function=avg, window=10) };9.18771e-01;1.00000e+00;9.99657e-01;Pipeline { filter(avg_X < 3780000.0000) };9.18608e-01;1.00000e+00;1.00000e+00;Pipeline { filter(avg_X < 844000000.0000) };9.18608e-01;1.00000e+00;1.00000e+00;Pipeline { filter(avg_X < 7210000000.0000) };9.18608e-01;1.00000e+00;1.00000e+00;Pipeline { filter(avg_Y < 10400000.0000) };9.18608e-01;1.00000e+00;1.00000e+00;Pipeline { filter(avg_X < 320000000.0000) }
datasets/geolife_60mins.csv;nsga2;3;25;2500;2500;8.62550e+01;100;100;100;1.00000e+00;9.90000e-01;2.20000e-01;9.62212e-01;7.54131e-02;7.58717e-01;Pipeline { map_noise(attribute=avg_Y, percentage=0.01) | map_aggregate(attribute=avg_X, function=max, window=10) | map_noise(attribute=avg_X, percentage=0.05) | filter(avg_Y < 5950000.0000) | map_aggregate(attribute=avg_Y, function=avg, window=10) };9.31496e-01;1.00000e+00;9.44247e-01;Pipeline { filter(avg_Y < 657000.0000) };9.18608e-01;1.00000e+00;1.00000e+00;Pipeline { filter(avg_Y < 5310000.0000) };9.18608e-01;1.00000e+00;1.00000e+00;Pipeline { filter(avg_Y < 5310000.0000) };9.18608e-01;1.00000e+00;1.00000e+00;Pipeline { filter(avg_Y < 5930000.0000) };9.18608e-01;1.00000e+00;1.00000e+00;Pipeline { filter(avg_Y < 61200000.0000) }
datasets/geolife_60mins.csv;nsga2;3;26;2600;2600;8.92640e+01;100;100;100;1.00000e+00;9.90000e-01;2.20000e-01;9.62212e-01;7.54131e-02;7.58717e-01;Pipeline { map_noise(attribute=avg_Y, percentage=0.01) | map_aggregate(attribute=avg_X, function=max, window=10) | map_noise(attribute=avg_X, percentage=0.05) | filter(avg_Y < 5950000.0000) | map_aggregate(attribute=avg_Y, function=avg, window=10) };9.18771e-01;1.00000e+00;9.99657e-01;Pipeline { filter(avg_X < 3780000.0000) };9.18608e-01;1.00000e+00;1.00000e+00;Pipeline { filter(avg_Y < 3780000000.0000) };9.18771e-01;1.00000e+00;9.99657e-01;Pipeline { filter(avg_X < 3070000.0000) };9.18608e-01;1.00000e+00;1.00000e+00;Pipeline { filter(avg_Y < 8700000.0000) };9.18608e-01;1.00000e+00;1.00000e+00;Pipeline { filter(avg_Y < 84000000.0000) }
datasets/geolife_60mins.csv;nsga2;3;27;2700;2700;9.21880e+01;100;100;100;1.00000e+00;9.90000e-01;2.40000e-01;9.62212e-01;7.54131e-02;7.58717e-01;Pipeline { map_noise(attribute=avg_Y, percentage=0.01) | map_aggregate(attribute=avg_X, function=max, window=10) | map_noise(attribute=avg_X, percentage=0.05) | filter(avg_Y < 5950000.0000) | map_aggregate(attribute=avg_Y, function=avg, window=10) };9.18976e-01;1.00000e+00;9.97627e-01;Pipeline { filter(avg_Y < 2590000.0000) };9.18608e-01;1.00000e+00;1.00000e+00;Pipeline { filter(avg_Y < 890000000.0000) };9.18976e-01;1.00000e+00;9.97627e-01;Pipeline { filter(avg_Y < 2590000.0000) };9.18608e-01;1.00000e+00;1.00000e+00;Pipeline { filter(avg_Y < 8200000.0000) };9.18608e-01;1.00000e+00;1.00000e+00;Pipeline { filter(avg_Y < 22600000.0000) }
datasets/geolife_60mins.csv;nsga2;3;28;2800;2800;9.49620e+01;100;100;100;1.00000e+00;9.90000e-01;2.60000e-01;9.62212e-01;7.54131e-02;7.58717e-01;Pipeline { map_noise(attribute=avg_Y, percentage=0.01) | map_aggregate(attribute=avg_X, function=max, window=10) | map_noise(attribute=avg_X, percentage=0.05) | filter(avg_Y < 5950000.0000) | map_aggregate(attribute=avg_Y, function=avg, window=10) };9.18771e-01;1.00000e+00;9.99657e-01;Pipeline { filter(avg_X < 3780000.0000) };9.18608e-01;1.00000e+00;1.00000e+00;Pipeline { filter(avg_X < 5710000.0000) };9.18976e-01;1.00000e+00;9.97627e-01;Pipeline { filter(avg_Y < 2590000.0000) };9.18608e-01;1.00000e+00;1.00000e+00;Pipeline { filter(avg_Y < 898000000.0000) };9.18608e-01;1.00000e+00;1.00000e+00;Pipeline { filter(avg_X < 25300000.0000) }
datasets/geolife_60mins.csv;nsga2;3;29;2900;2900;9.78620e+01;100;100;100;1.00000e+00;9.90000e-01;2.70000e-01;9.62212e-01;7.54131e-02;7.58717e-01;Pipeline { map_noise(attribute=avg_Y, percentage=0.01) | map_aggregate(attribute=avg_X, function=max, window=10) | map_noise(attribute=avg_X, percentage=0.05) | filter(avg_Y < 5950000.0000) | map_aggregate(attribute=avg_Y, function=avg, window=10) };9.18771e-01;1.00000e+00;9.99657e-01;Pipeline { filter(avg_X < 2830000.0000) };9.18608e-01;1.00000e+00;1.00000e+00;Pipeline { filter(avg_Y < 884000000.0000) };9.19033e-01;1.00000e+00;9.96001e-01;Pipeline { filter(avg_Y < 2480000.0000) };9.18608e-01;1.00000e+00;1.00000e+00;Pipeline { filter(avg_Y < 286000000.0000) };9.18608e-01;1.00000e+00;1.00000e+00;Pipeline { filter(avg_Y < 50000000.0000) }
datasets/geolife_60mins.csv;nsga2;3;30;3000;3000;1.00352e+02;100;100;100;1.00000e+00;9.90000e-01;2.70000e-01;9.62212e-01;7.54131e-02;7.58717e-01;Pipeline { map_noise(attribute=avg_Y, percentage=0.01) | map_aggregate(attribute=avg_X, function=max, window=10) | map_noise(attribute=avg_X, percentage=0.05) | filter(avg_Y < 5950000.0000) | map_aggregate(attribute=avg_Y, function=avg, window=10) };9.18771e-01;1.00000e+00;9.99657e-01;Pipeline { filter(avg_X < 3100000.0000) };9.18608e-01;1.00000e+00;1.00000e+00;Pipeline { filter(avg_Y < 105000000.0000) };9.19033e-01;1.00000e+00;9.96001e-01;Pipeline { filter(avg_Y < 2480000.0000) };9.18608e-01;1.00000e+00;1.00000e+00;Pipeline { filter(avg_Y < 9550000.0000) };9.18608e-01;1.00000e+00;1.00000e+00;Pipeline { filter(avg_Y < 626000000.0000) }
datasets/geolife_60mins.csv;nsga2;3;31;3100;3100;1.03381e+02;100;100;100;1.00000e+00;9.90000e-01;2.70000e-01;9.62212e-01;7.54131e-02;7.58717e-01;Pipeline { map_noise(attribute=avg_Y, percentage=0.01) | map_aggregate(attribute=avg_X, function=max, window=10) | map_noise(attribute=avg_X, percentage=0.05) | filter(avg_Y < 5950000.0000) | map_aggregate(attribute=avg_Y, function=avg, window=10) };9.18779e-01;1.00000e+00;9.99137e-01;Pipeline { filter(avg_X < 2570000.0000) };9.18608e-01;1.00000e+00;1.00000e+00;Pipeline { filter(avg_X < 4070000000.0000) };9.19033e-01;1.00000e+00;9.96001e-01;Pipeline { filter(avg_Y < 2480000.0000) };9.18608e-01;1.00000e+00;1.00000e+00;Pipeline { filter(avg_Y < 16400000.0000) };9.18608e-01;1.00000e+00;1.00000e+00;Pipeline { filter(avg_X < 24500000.0000) }
datasets/geolife_60mins.csv;nsga2;3;32;3200;3200;1.06156e+02;100;100;100;1.00000e+00;9.90000e-01;3.10000e-01;9.62212e-01;7.54131e-02;7.58717e-01;Pipeline { map_noise(attribute=avg_Y, percentage=0.01) | map_aggregate(attribute=avg_X, function=max, window=10) | map_noise(attribute=avg_X, percentage=0.05) | filter(avg_Y < 5950000.0000) | map_aggregate(attribute=avg_Y, function=avg, window=10) };9.19787e-01;1.00000e+00;9.84680e-01;Pipeline { filter(avg_Y < 2040000.0000) };9.18608e-01;1.00000e+00;1.00000e+00;Pipeline { filter(avg_Y < 984000000.0000) };9.19832e-01;1.00000e+00;9.84327e-01;Pipeline { filter(avg_Y < 1570000.0000) };9.18608e-01;1.00000e+00;1.00000e+00;Pipeline { filter(avg_Y < 11500000.0000) };9.18608e-01;1.00000e+00;1.00000e+00;Pipeline { filter(avg_Y < 105000000.0000) }
datasets/geolife_60mins.csv;nsga2;3;33;3300;3300;1.08874e+02;100;100;100;1.00000e+00;9.90000e-01;3.30000e-01;9.62212e-01;7.54131e-02;7.58717e-01;Pipeline { map_noise(attribute=avg_Y, percentage=0.01) | map_aggregate(attribute=avg_X, function=max, window=10) | map_noise(attribute=avg_X, percentage=0.05) | filter(avg_Y < 5950000.0000) | map_aggregate(attribute=avg_Y, function=avg, window=10) };9.18771e-01;1.00000e+00;9.99657e-01;Pipeline { filter(avg_X < 2830000.0000) };9.18608e-01;1.00000e+00;1.00000e+00;Pipeline { filter(avg_Y < 858000000.0000) };9.25549e-01;1.00000e+00;9.74779e-01;Pipeline { filter(avg_Y < 1000000.0000) };9.18608e-01;1.00000e+00;1.00000e+00;Pipeline { filter(avg_Y < 858000000.0000) };9.18608e-01;1.00000e+00;1.00000e+00;Pipeline { filter(avg_Y < 9850000.0000) }
datasets/geolife_60mins.csv;nsga2;3;34;3400;3400;1.11401e+02;100;100;100;1.00000e+00;9.90000e-01;3.30000e-01;9.62212e-01;7.54131e-02;7.58717e-01;Pipeline { map_noise(attribute=avg_Y, percentage=0.01) | map_aggregate(attribute=avg_X, function=max, window=10) | map_noise(attribute=avg_X, percentage=0.05) | filter(avg_Y < 5950000.0000) | map_aggregate(attribute=avg_Y, function=avg, window=10) };9.19787e-01;1.00000e+00;9.84680e-01;Pipeline { filter(avg_Y < 2040000.0000) };9.18608e-01;1.00000e+00;1.00000e+00;Pipeline { filter(avg_X < 59400000.0000) };9.25549e-01;1.00000e+00;9.74779e-01;Pipeline { filter(avg_Y < 1000000.0000) };9.18779e-01;1.00000e+00;9.99137e-01;Pipeline { filter(avg_X < 2150000.0000) };9.18608e-01;1.00000e+00;1.00000e+00;Pipeline { filter(avg_Y < 155000000.0000) }
datasets/geolife_60mins.csv;nsga2;3;35;3500;3500;1.14156e+02;100;100;100;1.00000e+00;9.90000e-01;3.50000e-01;9.62212e-01;7.54131e-02;7.58717e-01;Pipeline { map_noise(attribute=avg_Y, percentage=0.01) | map_aggregate(attribute=avg_X, function=max, window=10) | map_noise(attribute=avg_X, percentage=0.05) | filter(avg_Y < 5950000.0000) | map_aggregate(attribute=avg_Y, function=avg, window=10) };9.18771e-01;1.00000e+00;9.99657e-01;Pipeline { filter(avg_X < 2830000.0000) };9.18608e-01;1.00000e+00;1.00000e+00;Pipeline { filter(avg_Y < 855000000.0000) };9.27852e-01;1.00000e+00;9.46503e-01;Pipeline { filter(avg_Y < 673000.0000) };9.36774e-01;1.00000e+00;9.28591e-01;Pipeline { filter(avg_Y < 421000.0000) };9.18608e-01;1.00000e+00;1.00000e+00;Pipeline { filter(avg_Y < 4400000000.0000) }
datasets/geolife_60mins.csv;nsga2;3;36;3600;3600;1.17050e+02;100;100;100;1.00000e+00;9.90000e-01;2.30000e-01;9.73896e-01;8.80702e-01;7.71958e-01;Pipeline { map_noise(attribute=avg_Y, percentage=0.01) | filter(avg_X > 0.4570) | map_duplicate(probability=0.10) | filter(avg_Y > 0.0001) };9.19787e-01;1.00000e+00;9.84680e-01;Pipeline { filter(avg_Y < 2070000.0000) };9.18608e-01;1.00000e+00;1.00000e+00;Pipeline { filter(avg_Y < 4400000000.0000) };9.18976e-01;1.00000e+00;9.97627e-01;Pipeline { filter(avg_Y < 2590000.0000) };9.18771e-01;1.00000e+00;9.99657e-01;Pipeline { filter(avg_X < 2830000.0000) };9.18608e-01;1.00000e+00;1.00000e+00;Pipeline { filter(avg_Y < 3730000000.0000) }
datasets/geolife_60mins.csv;nsga2;3;37;3700;3700;1.19892e+02;100;100;100;1.00000e+00;1.00000e+00;2.30000e-01;9.73896e-01;8.80702e-01;7.71958e-01;Pipeline { map_noise(attribute=avg_Y, percentage=0.01) | filter(avg_X > 0.4570) | map_duplicate(probability=0.10) | filter(avg_Y > 0.0001) };9.18771e-01;1.00000e+00;9.99657e-01;Pipeline { filter(avg_X < 2830000.0000) };9.18608e-01;1.00000e+00;1.00000e+00;Pipeline { filter(avg_X < 9230000000.0000) };9.18914e-01;1.00000e+00;9.97706e-01;Pipeline { filter(avg_Y < 2610000.0000) };9.36774e-01;1.00000e+00;9.28591e-01;Pipeline { filter(avg_Y < 420000.0000) };9.18608e-01;1.00000e+00;1.00000e+00;Pipeline { filter(avg_X < 59700000.0000) }
datasets/geolife_60mins.csv;nsga2;3;38;3800;3800;1.22626e+02;100;100;100;1.00000e+00;1.00000e+00;2.50000e-01;9.73896e-01;8.80702e-01;7.71958e-01;Pipeline { map_noise(attribute=avg_Y, percentage=0.01) | filter(avg_X > 0.4570) | map_duplicate(probability=0.10) | filter(avg_Y > 0.0001) };9.19829e-01;1.00000e+00;9.84340e-01;Pipeline { filter(avg_Y < 1770000.0000) };9.18608e-01;1.00000e+00;1.00000e+00;Pipeline { filter(avg_Y < 84500000.0000) };9.19064e-01;1.00000e+00;9.93893e-01;Pipeline { filter(avg_Y < 2470000.0000) };9.25600e-01;1.00000e+00;9.75070e-01;Pipeline { filter(avg_Y < 1040000.0000) };9.18608e-01;1.00000e+00;1.00000e+00;Pipeline { filter(avg_Y < 5700000000.0000) }
datasets/geolife_60mins.csv;nsga2;3;39;3900;3900;1.25517e+02;100;100;100;1.00000e+00;1.00000e+00;2.40000e-01;9.73896e-01;8.80702e-01;7.71958e-01;Pipeline { map_noise(attribute=avg_Y, percentage=0.01) | filter(avg_X > 0.4570) | map_duplicate(probability=0.10) | filter(avg_Y > 0.0001) };9.18771e-01;1.00000e+00;9.99657e-01;Pipeline { filter(avg_X < 2830000.0000) };9.18608e-01;1.00000e+00;1.00000e+00;Pipeline { filter(avg_Y < 4400000000.0000) };9.18976e-01;1.00000e+00;9.97627e-01;Pipeline { filter(avg_Y < 2590000.0000) };9.19829e-01;1.00000e+00;9.84340e-01;Pipeline { filter(avg_Y < 1770000.0000) };9.18608e-01;1.00000e+00;1.00000e+00;Pipeline { filter(avg_Y < 6970000000.0000) }
datasets/geolife_60mins.csv;nsga2;3;40;4000;4000;1.28383e+02;100;100;100;1.00000e+00;1.00000e+00;2.40000e-01;9.73896e-01;8.80702e-01;7.71958e-01;Pipeline { map_noise(attribute=avg_Y, percentage=0.01) | filter(avg_X > 0.4570) | map_duplicate(probability=0.10) | filter(avg_Y > 0.0001) };9.19829e-01;1.00000e+00;9.84340e-01;Pipeline { filter(avg_Y < 1850000.0000) };9.18608e-01;1.00000e+00;1.00000e+00;Pipeline { filter(avg_Y < 7950000.0000) };9.19033e-01;1.00000e+00;9.96001e-01;Pipeline { filter(avg_Y < 2480000.0000) };9.36774e-01;1.00000e+00;9.28591e-01;Pipeline { filter(avg_Y < 420000.0000) };9.18608e-01;1.00000e+00;1.00000e+00;Pipeline { filter(avg_X < 3010000000.0000) }
datasets/geolife_60mins.csv;nsga2;3;41;4100;4100;1.31022e+02;100;100;100;1.00000e+00;1.00000e+00;2.50000e-01;9.73896e-01;8.80702e-01;7.71958e-01;Pipeline { map_noise(attribute=avg_Y, percentage=0.01) | filter(avg_X > 0.4570) | map_duplicate(probability=0.10) | filter(avg_Y > 0.0001) };9.18771e-01;1.00000e+00;9.99657e-01;Pipeline { filter(avg_X < 2870000.0000) };9.18608e-01;1.00000e+00;1.00000e+00;Pipeline { filter(avg_Y < 9230000000.0000) };9.19033e-01;1.00000e+00;9.96001e-01;Pipeline { filter(avg_Y < 2480000.0000) };9.19829e-01;1.00000e+00;9.84340e-01;Pipeline { filter(avg_Y < 1770000.0000) };9.18608e-01;1.00000e+00;1.00000e+00;Pipeline { filter(avg_Y < 28800000.0000) }
datasets/geolife_60mins.csv;nsga2;3;42;4200;4200;1.33781e+02;100;100;100;1.00000e+00;1.00000e+00;2.50000e-01;9.73896e-01;8.80702e-01;7.71958e-01;Pipeline { map_noise(attribute=avg_Y, percentage=0.01) | filter(avg_X > 0.4570) | map_duplicate(probability=0.10) | filter(avg_Y > 0.0001) };9.19829e-01;1.00000e+00;9.84340e-01;Pipeline { filter(avg_Y < 1770000.0000) };9.18608e-01;1.00000e+00;1.00000e+00;Pipeline { filter(avg_X < 3500000000.0000) };9.19064e-01;1.00000e+00;9.93893e-01;Pipeline { filter(avg_Y < 2470000.0000) };9.25600e-01;1.00000e+00;9.75070e-01;Pipeline { filter(avg_Y < 1040000.0000) };9.18608e-01;1.00000e+00;1.00000e+00;Pipeline { filter(avg_X < 569000000.0000) }
datasets/geolife_60mins.csv;nsga2;3;43;4300;4300;1.36720e+02;100;100;100;1.00000e+00;1.00000e+00;2.70000e-01;9.77796e-01;8.72631e-01;7.70540e-01;Pipeline { map_noise(attribute=avg_Y, percentage=0.01) | filter(avg_X > 0.4500) | map_duplicate(probability=0.10) | filter(avg_Y > 0.0001) };9.19829e-01;1.00000e+00;9.84340e-01;Pipeline { filter(avg_Y < 1770000.0000) };9.18608e-01;1.00000e+00;1.00000e+00;Pipeline { filter(avg_X < 6250000.0000) };9.19790e-01;1.00000e+00;9.84704e-01;Pipeline { filter(avg_Y < 2180000.0000) };9.25600e-01;1.00000e+00;9.75070e-01;Pipeline { filter(avg_Y < 1040000.0000) };9.18608e-01;1.00000e+00;1.00000e+00;Pipeline { filter(avg_X < 2520000000.0000) }
datasets/geolife_60mins.csv;nsga2;3;44;4400;4400;1.39587e+02;100;100;100;1.00000e+00;1.00000e+00;2.70000e-01;9.77796e-01;8.72631e-01;7.70540e-01;Pipeline { map_noise(attribute=avg_Y, percentage=0.01) | filter(avg_X > 0.4500) | map_duplicate(probability=0.10) | filter(avg_Y > 0.0001) };9.18771e-01;1.00000e+00;9.99657e-01;Pipeline { filter(avg_X < 4070000.0000) };9.18608e-01;1.00000e+00;1.00000e+00;Pipeline { filter(avg_X < 96200000.0000) };9.19073e-01;1.00000e+00;9.92903e-01;Pipeline { filter(avg_Y < 2450000.0000) };9.25600e-01;1.00000e+00;9.75070e-01;Pipeline { filter(avg_Y < 1040000.0000) };9.18608e-01;1.00000e+00;1.00000e+00;Pipeline { filter(avg_Y < 8950000000.0000) }
datasets/geolife_60mins.csv;nsga2;3;45;4500;4500;1.42580e+02;100;100;100;1.00000e+00;1.00000e+00;2.80000e-01;9.77796e-01;8.72631e-01;7.70540e-01;Pipeline { map_noise(attribute=avg_Y, percentage=0.01) | filter(avg_X > 0.4500) | map_duplicate(probability=0.10) | filter(avg_Y > 0.0001) };9.19829e-01;1.00000e+00;9.84340e-01;Pipeline { filter(avg_Y < 1650000.0000) };9.18608e-01;1.00000e+00;1.00000e+00;Pipeline { filter(avg_X < 879000000.0000) };9.19790e-01;1.00000e+00;9.84704e-01;Pipeline { filter(avg_Y < 2180000.0000) };9.25600e-01;1.00000e+00;9.75070e-01;Pipeline { filter(avg_Y < 1040000.0000) };9.18608e-01;1.00000e+00;1.00000e+00;Pipeline { filter(avg_Y < 891000000.0000) }
datasets/geolife_60mins.csv;nsga2;3;46;4600;4600;1.45528e+02;100;100;100;1.00000e+00;1.00000e+00;2.80000e-01;9.77796e-01;8.72631e-01;7.70540e-01;Pipeline { map_noise(attribute=avg_Y, percentage=0.01) | filter(avg_X > 0.4500) | map_duplicate(probability=0.10) | filter(avg_Y > 0.0001) };9.18771e-01;1.00000e+00;9.99657e-01;Pipeline { filter(avg_X < 4300000.0000) };9.18608e-01;1.00000e+00;1.00000e+00;Pipeline { filter(avg_Y < 402000000.0000) };9.19790e-01;1.00000e+00;9.84704e-01;Pipeline { filter(avg_Y < 2180000.0000) };9.25600e-01;1.00000e+00;9.75070e-01;Pipeline { filter(avg_Y < 1040000.0000) };9.18608e-01;1.00000e+00;1.00000e+00;Pipeline { filter(avg_Y < 9510000000.0000) }
datasets/geolife_60mins.csv;nsga2;3;47;4700;4700;1.48337e+02;100;100;100;1.00000e+00;1.00000e+00;2.80000e-01;9.77796e-01;8.72631e-01;7.70540e-01;Pipeline { map_noise(attribute=avg_Y, percentage=0.01) | filter(avg_X > 0.4500) | map_duplicate(probability=0.10) | filter(avg_Y > 0.0001) };9.19829e-01;1.00000e+00;9.84340e-01;Pipeline { filter(avg_Y < 1770000.0000) };9.18608e-01;1.00000e+00;1.00000e+00;Pipeline { filter(avg_X < 9490000000.0000) };9.19790e-01;1.00000e+00;9.84704e-01;Pipeline { filter(avg_Y < 2200000.0000) };9.27852e-01;1.00000e+00;9.46503e-01;Pipeline { filter(avg_Y < 674000.0000) };9.18608e-01;1.00000e+00;1.00000e+00;Pipeline { filter(avg_Y < 5510000000.0000) }
datasets/geolife_60mins.csv;nsga2;3;48;4800;4800;1.51048e+02;100;100;100;1.00000e+00;1.00000e+00;2.80000e-01;9.77796e-01;8.72631e-01;7.70540e-01;Pipeline { map_noise(attribute=avg_Y, percentage=0.01) | filter(avg_X > 0.4500) | map_duplicate(probability=0.10) | filter(avg_Y > 0.0001) };9.18771e-01;1.00000e+00;9.99657e-01;Pipeline { filter(avg_X < 3240000.0000) };9.18608e-01;1.00000e+00;1.00000e+00;Pipeline { filter(avg_Y < 4020000000.0000) };9.19790e-01;1.00000e+00;9.84704e-01;Pipeline { filter(avg_Y < 2200000.0000) };9.27852e-01;1.00000e+00;9.46503e-01;Pipeline { filter(avg_Y < 674000.0000) };9.18608e-01;1.00000e+00;1.00000e+00;Pipeline { filter(avg_Y < 41100000.0000) }
datasets/geolife_60mins.csv;nsga2;3;49;4900;4900;1.53971e+02;100;100;100;1.00000e+00;1.00000e+00;2.90000e-01;9.77796e-01;8.72631e-01;7.70540e-01;Pipeline { map_noise(attribute=avg_Y, percentage=0.01) | filter(avg_X > 0.4500) | map_duplicate(probability=0.10) | filter(avg_Y > 0.0001) };9.19829e-01;1.00000e+00;9.84340e-01;Pipeline { filter(avg_Y < 1650000.0000) };9.18608e-01;1.00000e+00;1.00000e+00;Pipeline { filter(avg_X < 810000000.0000) };9.19829e-01;1.00000e+00;9.84340e-01;Pipeline { filter(avg_Y < 1770000.0000) };9.27852e-01;1.00000e+00;9.46503e-01;Pipeline { filter(avg_Y < 674000.0000) };9.18608e-01;1.00000e+00;1.00000e+00;Pipeline { filter(avg_Y < 38800000.0000) }
datasets/geolife_60mins.csv;nsga2;3;50;5000;5000;1.56676e+02;100;100;100;1.00000e+00;1.00000e+00;2.90000e-01;9.77796e-01;8.72631e-01;7.70540e-01;Pipeline { map_noise(attribute=avg_Y, percentage=0.01) | filter(avg_X > 0.4500) | map_duplicate(probability=0.10) | filter(avg_Y > 0.0001) };9.18771e-01;1.00000e+00;9.99657e-01;Pipeline { filter(avg_X < 4070000.0000) };9.18608e-01;1.00000e+00;1.00000e+00;Pipeline { filter(avg_Y < 877000000.0000) };9.19829e-01;1.00000e+00;9.84340e-01;Pipeline { filter(avg_Y < 1770000.0000) };9.27852e-01;1.00000e+00;9.46503e-01;Pipeline { filter(avg_Y < 673000.0000) };9.18608e-01;1.00000e+00;1.00000e+00;Pipeline { filter(avg_Y < 4020000000.0000) }
datasets/geolife_60mins.csv;nsga2;4;1;100;100;5.16600e+00;100;3;39;9.70000e-01;9.70000e-01;6.00000e-01;9.53516e-01;9.89062e-01;8.11674e-01;Pipeline { map_duplicate(probability=0.10) | filter(avg_Y > 0.0000) };4.59304e-01;1.00000e+00;7.13554e-01;Pipeline { map_duplicate(probability=1.00) };9.18608e-01;1.00000e+00;1.00000e+00;Pipeline { filter(avg_Y < 7510000.0000) };8.06017e-01;4.12493e-01;7.09148e-01;Pipeline { filter(avg_Y < 490000000.0000) | map_aggregate(attribute=avg_X, function=min, window=8) | filter(avg_Y > 0.0000) };9.28434e-01;2.78098e-01;7.49311e-01;Pipeline { filter(avg_Y < 130000000.0000) | map_noise(attribute=avg_Y, percentage=0.10) | filter(avg_X > 0.0737) };4.83825e-01;9.89324e-01;7.31093e-01;Pipeline { map_duplicate(probability=0.90) }
datasets/geolife_60mins.csv;nsga2;4;2;200;200;9.41000e+00;100;4;4;9.70000e-01;9.70000e-01;9.10000e-01;9.53943e-01;9.89942e-01;8.12388e-01;Pipeline { map_duplicate(probability=0.10) | filter(avg_Y > 0.0000) };4.59304e-01;1.00000e+00;7.13554e-01;Pipeline { map_duplicate(probability=1.00) };9.18608e-01;1.00000e+00;1.00000e+00;Pipeline { filter(avg_Y < 7510000.0000) };9.19396e-01;2.88400e-01;7.79333e-01;Pipeline { map_noise(attribute=avg_Y, percentage=0.10) };6.12394e-01;9.69295e-01;8.05776e-01;Pipeline { map_duplicate(probability=0.50) };6.76536e-01;9.71108e-01;7.82026e-01;Pipeline { map_duplicate(probability=0.50) | filter(avg_Y < 3840000.0000) | filter(avg_X > 6.4200) }
datasets/geolife_60mins.csv;nsga2;4;3;300;300;1.46240e+01;100;9;26;9.80000e-01;9.80000e-01;9.00000e-01;9.55284e-01;9.88288e-01;8.11744e-01;Pipeline { map_duplicate(probability=0.10) | filter(avg_Y > 0.0001) };4.59304e-01;1.00000e+00;7.13554e-01;Pipeline { map_duplicate(probability=1.00) };9.18608e-01;1.00000e+00;1.00000e+00;Pipeline { filter(avg_Y < 4040000.0000) };9.28116e-01;2.44856e-01;7.47977e-01;Pipeline { filter(avg_X > 0.0001) | map_aggregate(attribute=avg_Y, function=avg, window=3) | map_noise(attribute=avg_Y, percentage=0.10) };9.53516e-01;9.89062e-01;8.11674e-01;Pipeline { map_duplicate(probability=0.10) | filter(avg_Y > 0.0000) };9.19499e-01;6.32536e-01;8.20787e-01;Pipeline { map_noise(attribute=avg_X, percentage=0.01) }
datasets/geolife_60mins.csv;nsga2;4;4;400;400;1.84430e+01;100;18;11;9.90000e-01;9.80000e-01;7.60000e-01;9.56208e-01;9.88877e-01;8.12088e-01;Pipeline { map_duplicate(probability=0.10) | filter(avg_Y > 0.0000) };4.59304e-01;1.00000e+00;7.13554e-01;Pipeline { map_duplicate(probability=1.00) };9.18608e-01;1.00000e+00;1.00000e+00;Pipeline { filter(avg_Y < 7510000.0000) };9.41597e-01;2.56966e-01;7.71763e-01;Pipeline { map_aggregate(attribute=avg_X, function=max, window=7) };9.18608e-01;1.00000e+00;1.00000e+00;Pipeline { filter(avg_Y < 7510000.0000) };9.22750e-01;9.89415e-01;8.60239e-01;Pipeline { map_duplicate(probability=0.10) | filter(avg_X > 0.0000) }
datasets/geolife_60mins.csv;nsga2;4;5;500;500;2.15650e+01;100;28;24;9.90000e-01;9.90000e-01;6.30000e-01;9.56208e-01;9.88877e-01;8.12088e-01;Pipeline { map_duplicate(probability=0.10) | filter(avg_Y > 0.0000) };8.85581e-01;1.00000e+00;8.14393e-01;Pipeline { filter(avg_X > 0.0001) | filter(avg_Y > 0.0000) };9.18608e-01;1.00000e+00;1.00000e+00;Pipeline { filter(avg_Y < 4510000.0000) };9.52360e-01;9.89105e-01;8.11632e-01;Pipeline { map_duplicate(probability=0.10) | filter(avg_Y > 0.0008) };9.29152e-01;1.00000e+00;9.01624e-01;Pipeline { filter(avg_Y < 178000.0000) };8.36391e-01;9.89860e-01;9.17082e-01;Pipeline { map_duplicate(probability=0.10) }
datasets/geolife_60mins.csv;nsga2;4;6;600;600;2.46650e+01;100;53;8;9.90000e-01;9.90000e-01;6.60000e-01;9.58435e-01;9.88693e-01;8.08508e-01;Pipeline { map_duplicate(probability=0.10) | filter(avg_Y > 23500.0000) };9.29152e-01;1.00000e+00;9.01624e-01;Pipeline { filter(avg_Y < 178000.0000) };9.18608e-01;1.00000e+00;1.00000e+00;Pipeline { filter(avg_Y < 7310000.0000) };9.53943e-01;9.89942e-01;8.12388e-01;Pipeline { map_duplicate(probability=0.10) | filter(avg_Y > 0.0000) };9.18608e-01;1.00000e+00;1.00000e+00;Pipeline { filter(avg_Y < 4010000.0000) };9.18608e-01;1.00000e+00;1.00000e+00;Pipeline { filter(avg_X < 15400000.0000) }
datasets/geolife_60mins.csv;nsga2;4;7;700;700;2.75920e+01;100;87;2;1.00000e+00;1.00000e+00;3.50000e-01;9.58435e-01;9.88693e-01;8.08508e-01;Pipeline { map_duplicate(probability=0.10) | filter(avg_Y > 23500.0000) };9.19000e-01;1.00000e+00;9.91792e-01;Pipeline { filter(avg_X < 1510000.0000) };9.18608e-01;1.00000e+00;1.00000e+00;Pipeline { filter(avg_Y < 69800000.0000) };9.25380e-01;1.00000e+00;9.47790e-01;Pipeline { filter(avg_Y < 711000.0000) };9.18608e-01;1.00000e+00;1.00000e+00;Pipeline { filter(avg_Y < 55100000.0000) };9.18608e-01;1.00000e+00;1.00000e+00;Pipeline { filter(avg_Y < 54100000.0000) }
datasets/geolife_60mins.csv;nsga2;4;8;800;800;3.02070e+01;100;100;100;1.00000e+00;1.00000e+00;2.10000e-01;9.58435e-01;9.88693e-01;8.08508e-01;Pipeline { map_duplicate(probability=0.10) | filter(avg_Y > 23500.0000) };9.18771e-01;1.00000e+00;9.99657e-01;Pipeline { filter(avg_X < 3510000.0000) };9.18608e-01;1.00000e+00;1.00000e+00;Pipeline { filter(avg_Y < 44400000.0000) };9.18608e-01;1.00000e+00;1.00000e+00;Pipeline { filter(avg_Y < 751000000.0000) };9.18608e-01;1.00000e+00;1.00000e+00;Pipeline { filter(avg_Y < 7210000.0000) };9.18608e-01;1.00000e+00;1.00000e+00;Pipeline { filter(avg_Y < 7500000.0000) }
datasets/geolife_60mins.csv;nsga2;4;9;900;900;3.29600e+01;100;100;100;1.00000e+00;1.00000e+00;2.10000e-01;9.58435e-01;9.88693e-01;8.08508e-01;Pipeline { map_duplicate(probability=0.10) | filter(avg_Y > 23500.0000) };9.18779e-01;1.00000e+00;9.99137e-01;Pipeline { filter(avg_X < 2510000.0000) };9.18608e-01;1.00000e+00;1.00000e+00;Pipeline { filter(avg_Y < 4200000000.0000) };9.18608e-01;1.00000e+00;1.00000e+00;Pipeline { filter(avg_Y < 44500000.0000) };9.18608e-01;1.00000e+00;1.00000e+00;Pipeline { filter(avg_X < 250000000.0000) };9.18608e-01;1.00000e+00;1.00000e+00;Pipeline { filter(avg_Y < 7960000.0000) }
datasets/geolife_60mins.csv;nsga2;4;10;1000;1000;3.54030e+01;100;100;100;1.00000e+00;1.00000e+00;2.20000e-01;9.58435e-01;9.88693e-01;8.08508e-01;Pipeline { map_duplicate(probability=0.10) | filter(avg_Y > 23500.0000) };9.18771e-01;1.00000e+00;9.99657e-01;Pipeline { filter(avg_X < 3500000.0000) };9.18608e-01;1.00000e+00;1.00000e+00;Pipeline { filter(avg_Y < 80100000.0000) };9.18608e-01;1.00000e+00;1.00000e+00;Pipeline { filter(avg_Y < 5010000000.0000) };9.18608e-01;1.00000e+00;1.00000e+00;Pipeline { filter(avg_X < 5580000.0000) };9.18608e-01;1.00000e+00;1.00000e+00;Pipeline { filter(avg_X < 6470000.0000) }
datasets/geolife_60mins.csv;nsga2;4;11;1100;1100;3.83350e+01;100;100;100;1.00000e+00;9.90000e-01;2.30000e-01;9.58435e-01;9.88693e-01;8.08508e-01;Pipeline { map_duplicate(probability=0.10) | filter(avg_Y > 23500.0000) };9.18779e-01;1.00000e+00;9.99137e-01;Pipeline { filter(avg_X < 2510000.0000) };9.18608e-01;1.00000e+00;1.00000e+00;Pipeline { filter(avg_Y < 166000000.0000) };9.18608e-01;1.00000e+00;1.00000e+00;Pipeline { filter(avg_Y < 166000000.0000) };9.18608e-01;1.00000e+00;1.00000e+00;Pipeline { filter(avg_X < 1980000000.0000) };9.18608e-01;1.00000e+00;1.00000e+00;Pipeline { filter(avg_X < 286000000.0000) }
datasets/geolife_60mins.csv;nsga2;4;12;1200;1200;4.14700e+01;100;100;100;1.00000e+00;9.90000e-01;2.40000e-01;9.58435e-01;9.88693e-01;8.08508e-01;Pipeline { map_duplicate(probability=0.10) | filter(avg_Y > 23500.0000) };9.18771e-01;1.00000e+00;9.99657e-01;Pipeline { filter(avg_X < 3500000.0000) };9.18608e-01;1.00000e+00;1.00000e+00;Pipeline { filter(avg_X < 91000000.0000) };9.18771e-01;1.00000e+00;9.99657e-01;Pipeline { filter(avg_X < 3740000.0000) };9.18608e-01;1.00000e+00;1.00000e+00;Pipeline { filter(avg_Y < 140000000.0000) };9.18608e-01;1.00000e+00;1.00000e+00;Pipeline { filter(avg_Y < 7410000000.0000) }
datasets/geolife_60mins.csv;nsga2;4;13;1300;1300;4.51760e+01;100;100;100;1.00000e+00;9.90000e-01;2.50000e-01;9.58435e-01;9.88693e-01;8.08508e-01;Pipeline { map_duplicate(probability=0.10) | filter(avg_Y > 23500.0000) };9.18771e-01;1.00000e+00;9.99657e-01;Pipeline { filter(avg_X < 4510000.0000) };9.18608e-01;1.00000e+00;1.00000e+00;Pipeline { filter(avg_Y < 80500000.0000) };9.18771e-01;1.00000e+00;9.99657e-01;Pipeline { filter(avg_X < 4510000.0000) };9.18608e-01;1.00000e+00;1.00000e+00;Pipeline { filter(avg_Y < 91700000.0000) };9.18608e-01;1.00000e+00;1.00000e+00;Pipeline { filter(avg_Y < 898000000.0000) }
datasets/geolife_60mins.csv;nsga2;4;14;1400;1400;4.79270e+01;100;100;100;1.00000e+00;1.00000e+00;2.60000e-01;9.58435e-01;9.88693e-01;8.08508e-01;Pipeline { map_duplicate(probability=0.10) | filter(avg_Y > 23500.0000) };9.18771e-01;1.00000e+00;9.99657e-01;Pipeline { filter(avg_X < 3510000.0000) };9.18608e-01;1.00000e+00;1.00000e+00;Pipeline { filter(avg_X < 648000000.0000) };9.18779e-01;1.00000e+00;9.99137e-01;Pipeline { filter(avg_X < 2510000.0000) };9.18608e-01;1.00000e+00;1.00000e+00;Pipeline { filter(avg_Y < 5790000000.0000) };9.18608e-01;1.00000e+00;1.00000e+00;Pipeline { filter(avg_Y < 1040000000.0000) }
datasets/geolife_60mins.csv;nsga2;4;15;1500;1500;5.04290e+01;100;100;100;1.00000e+00;1.00000e+00;2.60000e-01;9.58435e-01;9.88693e-01;8.08508e-01;Pipeline { map_duplicate(probability=0.10) | filter(avg_Y > 23500.0000) };9.30946e-01;1.00000e+00;9.44285e-01;Pipeline { filter(avg_Y < 660000.0000) };9.18608e-01;1.00000e+00;1.00000e+00;Pipeline { filter(avg_Y < 6200000.0000) };9.18779e-01;1.00000e+00;9.99137e-01;Pipeline { filter(avg_X < 2540000.0000) };9.18608e-01;1.00000e+00;1.00000e+00;Pipeline { filter(avg_X < 5790000000.0000) };9.18608e-01;1.00000e+00;1.00000e+00;Pipeline { filter(avg_Y < 5400000000.0000) }
datasets/geolife_60mins.csv;nsga2;4;16;1600;1600;5.32230e+01;100;100;100;1.00000e+00;1.00000e+00;2.60000e-01;9.58435e-01;9.88693e-01;8.08508e-01;Pipeline { map_duplicate(probability=0.10) | filter(avg_Y > 23500.0000) };9.18771e-01;1.00000e+00;9.99657e-01;Pipeline { filter(avg_X < 4500000.0000) };9.18608e-01;1.00000e+00;1.00000e+00;Pipeline { filter(avg_Y < 9030000000.0000) };9.18779e-01;1.00000e+00;9.99137e-01;Pipeline { filter(avg_X < 2510000.0000) };9.18608e-01;1.00000e+00;1.00000e+00;Pipeline { filter(avg_Y < 38500000.0000) };9.18608e-01;1.00000e+00;1.00000e+00;Pipeline { filter(avg_X < 29200000.0000) }
datasets/geolife_60mins.csv;nsga2;4;17;1700;1700;5.58610e+01;100;100;100;1.00000e+00;1.00000e+00;2.70000e-01;9.58435e-01;9.88693e-01;8.08508e-01;Pipeline { map_duplicate(probability=0.10) | filter(avg_Y > 23500.0000) };9.18771e-01;1.00000e+00;9.99657e-01;Pipeline { filter(avg_X < 2920000.0000) };9.18608e-01;1.00000e+00;1.00000e+00;Pipeline { filter(avg_X < 4460000000.0000) };9.19009e-01;1.00000e+00;9.97479e-01;Pipeline { filter(avg_Y < 2530000.0000) };9.18608e-01;1.00000e+00;1.00000e+00;Pipeline { filter(avg_X < 2020000000.0000) };9.18608e-01;1.00000e+00;1.00000e+00;Pipeline { filter(avg_X < 7910000.0000) }
datasets/geolife_60mins.csv;nsga2;4;18;1800;1800;5.84400e+01;100;100;100;1.00000e+00;9.90000e-01;2.90000e-01;9.59862e-01;9.88658e-01;8.06386e-01;Pipeline { map_duplicate(probability=0.10) | filter(avg_Y > 63500.0000) };9.30946e-01;1.00000e+00;9.44285e-01;Pipeline { filter(avg_Y < 660000.0000) };9.18608e-01;1.00000e+00;1.00000e+00;Pipeline { filter(avg_Y < 3150000000.0000) };9.19832e-01;1.00000e+00;9.84327e-01;Pipeline { filter(avg_Y < 1530000.0000) };9.18608e-01;1.00000e+00;1.00000e+00;Pipeline { filter(avg_Y < 483000000.0000) };9.18608e-01;1.00000e+00;1.00000e+00;Pipeline { filter(avg_X < 6430000000.0000) }
datasets/geolife_60mins.csv;nsga2;4;19;1900;1900;6.12570e+01;100;100;100;1.00000e+00;9.90000e-01;2.90000e-01;9.59862e-01;9.88658e-01;8.06386e-01;Pipeline { map_duplicate(probability=0.10) | filter(avg_Y > 63500.0000) };9.18771e-01;1.00000e+00;9.99657e-01;Pipeline { filter(avg_X < 2920000.0000) };9.18608e-01;1.00000e+00;1.00000e+00;Pipeline { filter(avg_Y < 9160000000.0000) };9.19832e-01;1.00000e+00;9.84327e-01;Pipeline { filter(avg_Y < 1510000.0000) };9.18608e-01;1.00000e+00;1.00000e+00;Pipeline { filter(avg_X < 6230000000.0000) };9.18608e-01;1.00000e+00;1.00000e+00;Pipeline { filter(avg_Y < 2430000000.0000) }
datasets/geolife_60mins.csv;nsga2;4;20;2000;2000;6.42820e+01;100;100;100;1.00000e+00;9.90000e-01;2.90000e-01;9.59862e-01;9.88658e-01;8.06386e-01;Pipeline { map_duplicate(probability=0.10) | filter(avg_Y > 63500.0000) };9.30946e-01;1.00000e+00;9.44285e-01;Pipeline { filter(avg_Y < 660000.0000) };9.18608e-01;1.00000e+00;1.00000e+00;Pipeline { filter(avg_X < 84500000.0000) };9.20624e-01;1.00000e+00;9.82424e-01;Pipeline { filter(avg_Y < 1310000.0000) };9.18608e-01;1.00000e+00;1.00000e+00;Pipeline { filter(avg_X < 9860000000.0000) };9.18608e-01;1.00000e+00;1.00000e+00;Pipeline { filter(avg_X < 29800000.0000) }
datasets/geolife_60mins.csv;nsga2;4;21;2100;2100;6.74750e+01;100;100;100;1.00000e+00;9.90000e-01;3.10000e-01;9.59862e-01;9.88658e-01;8.06386e-01;Pipeline { map_duplicate(probability=0.10) | filter(avg_Y > 63500.0000) };9.19829e-01;1.00000e+00;9.84340e-01;Pipeline { filter(avg_Y < 1700000.0000) };9.18608e-01;1.00000e+00;1.00000e+00;Pipeline { filter(avg_X < 3860000000.0000) };9.20624e-01;1.00000e+00;9.82424e-01;Pipeline { filter(avg_Y < 1310000.0000) };9.18608e-01;1.00000e+00;1.00000e+00;Pipeline { filter(avg_X < 8750000000.0000) };9.18608e-01;1.00000e+00;1.00000e+00;Pipeline { filter(avg_Y < 5700000.0000) }
datasets/geolife_60mins.csv;nsga2;4;22;2200;2200;7.01350e+01;100;100;100;1.00000e+00;9.90000e-01;3.00000e-01;9.59862e-01;9.88658e-01;8.06386e-01;Pipeline { map_duplicate(probability=0.10) | filter(avg_Y > 63500.0000) };9.18771e-01;1.00000e+00;9.99657e-01;Pipeline { filter(avg_X < 4500000.0000) };9.18608e-01;1.00000e+00;1.00000e+00;Pipeline { filter(avg_Y < 333000000.0000) };9.19832e-01;1.00000e+00;9.84327e-01;Pipeline { filter(avg_Y < 1510000.0000) };9.18608e-01;1.00000e+00;1.00000e+00;Pipeline { filter(avg_Y < 6630000000.0000) };9.18608e-01;1.00000e+00;1.00000e+00;Pipeline { filter(avg_Y < 4140000000.0000) }
datasets/geolife_60mins.csv;nsga2;4;23;2300;2300;7.26780e+01;100;100;100;1.00000e+00;9.90000e-01;3.00000e-01;9.59862e-01;9.88658e-01;8.06386e-01;Pipeline { map_duplicate(probability=0.10) | filter(avg_Y > 63500.0000) };9.19829e-01;1.00000e+00;9.84340e-01;Pipeline { filter(avg_Y < 1700000.0000) };9.18608e-01;1.00000e+00;1.00000e+00;Pipeline { filter(avg_X < 21600000.0000) };9.19832e-01;1.00000e+00;9.84327e-01;Pipeline { filter(avg_Y < 1530000.0000) };9.18608e-01;1.00000e+00;1.00000e+00;Pipeline { filter(avg_X < 430000000.0000) };9.18608e-01;1.00000e+00;1.00000e+00;Pipeline { filter(avg_X < 378000000.0000) }
datasets/geolife_60mins.csv;nsga2;4;24;2400;2400;7.51560e+01;100;100;100;1.00000e+00;9.90000e-01;3.00000e-01;9.59862e-01;9.88658e-01;8.06386e-01;Pipeline { map_duplicate(probability=0.10) | filter(avg_Y > 63500.0000) };9.18771e-01;1.00000e+00;9.99657e-01;Pipeline { filter(avg_X < 4500000.0000) };9.18608e-01;1.00000e+00;1.00000e+00;Pipeline { filter(avg_X < 2750000000.0000) };9.19832e-01;1.00000e+00;9.84327e-01;Pipeline { filter(avg_Y < 1510000.0000) };9.18608e-01;1.00000e+00;1.00000e+00;Pipeline { filter(avg_X < 9880000.0000) };9.18608e-01;1.00000e+00;1.00000e+00;Pipeline { filter(avg_Y < 191000000.0000) }
datasets/geolife_60mins.csv;nsga2;4;25;2500;2500;7.77260e+01;100;100;100;1.00000e+00;9.90000e-01;3.00000e-01;9.59862e-01;9.88658e-01;8.06386e-01;Pipeline { map_duplicate(probability=0.10) | filter(avg_Y > 63500.0000) };9.19829e-01;1.00000e+00;9.84340e-01;Pipeline { filter(avg_Y < 1700000.0000) };9.18608e-01;1.00000e+00;1.00000e+00;Pipeline { filter(avg_Y < 641000000.0000) };9.19832e-01;1.00000e+00;9.84327e-01;Pipeline { filter(avg_Y < 1530000.0000) };9.18608e-01;1.00000e+00;1.00000e+00;Pipeline { filter(avg_X < 155000000.0000) };9.18608e-01;1.00000e+00;1.00000e+00;Pipeline { filter(avg_X < 988000000.0000) }
datasets/geolife_60mins.csv;nsga2;4;26;2600;2600;8.07260e+01;100;100;100;1.00000e+00;9.90000e-01;3.20000e-01;9.59862e-01;9.88658e-01;8.06386e-01;Pipeline { map_duplicate(probability=0.10) | filter(avg_Y > 63500.0000) };9.18771e-01;1.00000e+00;9.99657e-01;Pipeline { filter(avg_X < 4600000.0000) };9.18608e-01;1.00000e+00;1.00000e+00;Pipeline { filter(avg_X < 4120000000.0000) };9.19832e-01;1.00000e+00;9.84327e-01;Pipeline { filter(avg_Y < 1530000.0000) };9.18608e-01;1.00000e+00;1.00000e+00;Pipeline { filter(avg_X < 4120000000.0000) };9.18608e-01;1.00000e+00;1.00000e+00;Pipeline { filter(avg_Y < 7310000000.0000) }
datasets/geolife_60mins.csv;nsga2;4;27;2700;2700;8.33530e+01;100;100;100;1.00000e+00;9.90000e-01;3.30000e-01;9.59862e-01;9.88658e-01;8.06386e-01;Pipeline { map_duplicate(probability=0.10) | filter(avg_Y > 63500.0000) };9.19829e-01;1.00000e+00;9.84340e-01;Pipeline { filter(avg_Y < 1700000.0000) };9.18608e-01;1.00000e+00;1.00000e+00;Pipeline { filter(avg_Y < 95400000.0000) };9.20624e-01;1.00000e+00;9.82424e-01;Pipeline { filter(avg_Y < 1310000.0000) };9.18608e-01;1.00000e+00;1.00000e+00;Pipeline { filter(avg_Y < 95400000.0000) };9.18608e-01;1.00000e+00;1.00000e+00;Pipeline { filter(avg_X < 924000000.0000) }
datasets/geolife_60mins.csv;nsga2;4;28;2800;2800;8.61940e+01;100;100;100;1.00000e+00;9.90000e-01;3.30000e-01;9.59862e-01;9.88658e-01;8.06386e-01;Pipeline { map_duplicate(probability=0.10) | filter(avg_Y > 63500.0000) };9.18771e-01;1.00000e+00;9.99657e-01;Pipeline { filter(avg_X < 4600000.0000) };9.18608e-01;1.00000e+00;1.00000e+00;Pipeline { filter(avg_Y < 11700000.0000) };9.20624e-01;1.00000e+00;9.82424e-01;Pipeline { filter(avg_Y < 1310000.0000) };9.18608e-01;1.00000e+00;1.00000e+00;Pipeline { filter(avg_Y < 11700000.0000) };9.18608e-01;1.00000e+00;1.00000e+00;Pipeline { filter(avg_X < 4120000000.0000) }
datasets/geolife_60mins.csv;nsga2;4;29;2900;2900;8.88560e+01;100;100;100;1.00000e+00;9.90000e-01;3.40000e-01;9.59862e-01;9.88658e-01;8.06386e-01;Pipeline { map_duplicate(probability=0.10) | filter(avg_Y > 63500.0000) };9.19829e-01;1.00000e+00;9.84340e-01;Pipeline { filter(avg_Y < 1700000.0000) };9.18608e-01;1.00000e+00;1.00000e+00;Pipeline { filter(avg_X < 4100000000.0000) };9.26707e-01;1.00000e+00;9.78508e-01;Pipeline { filter(avg_Y < 1110000.0000) };9.18608e-01;1.00000e+00;1.00000e+00;Pipeline { filter(avg_X < 4100000000.0000) };9.18608e-01;1.00000e+00;1.00000e+00;Pipeline { filter(avg_Y < 38000000.0000) }
datasets/geolife_60mins.csv;nsga2;4;30;3000;3000;9.15310e+01;100;100;100;1.00000e+00;9.90000e-01;3.40000e-01;9.59862e-01;9.88658e-01;8.06386e-01;Pipeline { map_duplicate(probability=0.10) | filter(avg_Y > 63500.0000) };9.18771e-01;1.00000e+00;9.99657e-01;Pipeline { filter(avg_X < 4600000.0000) };9.18608e-01;1.00000e+00;1.00000e+00;Pipeline { filter(avg_Y < 90100000.0000) };9.26707e-01;1.00000e+00;9.78508e-01;Pipeline { filter(avg_Y < 1110000.0000) };9.18608e-01;1.00000e+00;1.00000e+00;Pipeline { filter(avg_Y < 90100000.0000) };9.18608e-01;1.00000e+00;1.00000e+00;Pipeline { filter(avg_X < 8560000.0000) }
datasets/geolife_60mins.csv;nsga2;4;31;3100;3100;9.39740e+01;100;100;100;1.00000e+00;9.90000e-01;3.40000e-01;9.59862e-01;9.88658e-01;8.06386e-01;Pipeline { map_duplicate(probability=0.10) | filter(avg_Y > 63500.0000) };9.19829e-01;1.00000e+00;9.84340e-01;Pipeline { filter(avg_Y < 1700000.0000) };9.18608e-01;1.00000e+00;1.00000e+00;Pipeline { filter(avg_X < 31500000.0000) };9.26707e-01;1.00000e+00;9.78508e-01;Pipeline { filter(avg_Y < 1110000.0000) };9.18608e-01;1.00000e+00;1.00000e+00;Pipeline { filter(avg_X < 31500000.0000) };9.18608e-01;1.00000e+00;1.00000e+00;Pipeline { filter(avg_X < 4700000.0000) }
datasets/geolife_60mins.csv;nsga2;4;32;3200;3200;9.66400e+01;100;100;100;1.00000e+00;9.90000e-01;3.60000e-01;9.59862e-01;9.88658e-01;8.06386e-01;Pipeline { map_duplicate(probability=0.10) | filter(avg_Y > 63500.0000) };9.18771e-01;1.00000e+00;9.99657e-01;Pipeline { filter(avg_X < 4600000.0000) };9.18608e-01;1.00000e+00;1.00000e+00;Pipeline { filter(avg_Y < 7000000.0000) };9.27898e-01;1.00000e+00;9.46430e-01;Pipeline { filter(avg_Y < 668000.0000) };9.36877e-01;1.00000e+00;9.28456e-01;Pipeline { filter(avg_Y < 416000.0000) };9.18608e-01;1.00000e+00;1.00000e+00;Pipeline { filter(avg_Y < 13100000.0000) }
datasets/geolife_60mins.csv;nsga2;4;33;3300;3300;9.93930e+01;100;100;100;1.00000e+00;9.90000e-01;3.60000e-01;9.59862e-01;9.88658e-01;8.06386e-01;Pipeline { map_duplicate(probability=0.10) | filter(avg_Y > 63500.0000) };9.19829e-01;1.00000e+00;9.84340e-01;Pipeline { filter(avg_Y < 1700000.0000) };9.18608e-01;1.00000e+00;1.00000e+00;Pipeline { filter(avg_X < 7430000000.0000) };9.27898e-01;1.00000e+00;9.46430e-01;Pipeline { filter(avg_Y < 668000.0000) };9.27898e-01;1.00000e+00;9.46430e-01;Pipeline { filter(avg_Y < 668000.0000) };9.18608e-01;1.00000e+00;1.00000e+00;Pipeline { filter(avg_Y < 4440000000.0000) }
datasets/geolife_60mins.csv;nsga2;4;34;3400;3400;1.02645e+02;100;100;100;1.00000e+00;9.90000e-01;3.60000e-01;9.59862e-01;9.88658e-01;8.06386e-01;Pipeline { map_duplicate(probability=0.10) | filter(avg_Y > 63500.0000) };9.18771e-01;1.00000e+00;9.99657e-01;Pipeline { filter(avg_X < 2810000.0000) };9.18608e-01;1.00000e+00;1.00000e+00;Pipeline { filter(avg_Y < 9680000000.0000) };9.27898e-01;1.00000e+00;9.46430e-01;Pipeline { filter(avg_Y < 668000.0000) };9.27898e-01;1.00000e+00;9.46430e-01;Pipeline { filter(avg_Y < 668000.0000) };9.18608e-01;1.00000e+00;1.00000e+00;Pipeline { filter(avg_X < 192000000.0000) }
datasets/geolife_60mins.csv;nsga2;4;35;3500;3500;1.05392e+02;100;100;100;1.00000e+00;9.90000e-01;3.70000e-01;9.59862e-01;9.88658e-01;8.06386e-01;Pipeline { map_duplicate(probability=0.10) | filter(avg_Y > 63500.0000) };9.19829e-01;1.00000e+00;9.84340e-01;Pipeline { filter(avg_Y < 1710000.0000) };9.18608e-01;1.00000e+00;1.00000e+00;Pipeline { filter(avg_X < 44500000.0000) };9.27898e-01;1.00000e+00;9.46430e-01;Pipeline { filter(avg_Y < 668000.0000) };9.26707e-01;1.00000e+00;9.78508e-01;Pipeline { filter(avg_Y < 1110000.0000) };9.18608e-01;1.00000e+00;1.00000e+00;Pipeline { filter(avg_Y < 99100000.0000) }
datasets/geolife_60mins.csv;nsga2;4;36;3600;3600;1.08332e+02;100;100;100;1.00000e+00;9.90000e-01;3.80000e-01;9.59862e-01;9.88658e-01;8.06386e-01;Pipeline { map_duplicate(probability=0.10) | filter(avg_Y > 63500.0000) };9.18771e-01;1.00000e+00;9.99657e-01;Pipeline { filter(avg_X < 2810000.0000) };9.18608e-01;1.00000e+00;1.00000e+00;Pipeline { filter(avg_Y < 6030000000.0000) };9.27898e-01;1.00000e+00;9.46430e-01;Pipeline { filter(avg_Y < 668000.0000) };9.26707e-01;1.00000e+00;9.78508e-01;Pipeline { filter(avg_Y < 1110000.0000) };9.18608e-01;1.00000e+00;1.00000e+00;Pipeline { filter(avg_X < 39100000.0000) }
datasets/geolife_60mins.csv;nsga2;4;37;3700;3700;1.11148e+02;100;100;100;1.00000e+00;9.90000e-01;3.80000e-01;9.59862e-01;9.88658e-01;8.06386e-01;Pipeline { map_duplicate(probability=0.10) | filter(avg_Y > 63500.0000) };9.19829e-01;1.00000e+00;9.84340e-01;Pipeline { filter(avg_Y < 1700000.0000) };9.18608e-01;1.00000e+00;1.00000e+00;Pipeline { filter(avg_Y < 97100000.0000) };9.27898e-01;1.00000e+00;9.46430e-01;Pipeline { filter(avg_Y < 668000.0000) };9.33909e-01;1.00000e+00;9.43425e-01;Pipeline { filter(avg_Y < 590000.0000) };9.18608e-01;1.00000e+00;1.00000e+00;Pipeline { filter(avg_X < 44500000.0000) }
datasets/geolife_60mins.csv;nsga2;4;38;3800;3800;1.13730e+02;100;100;100;1.00000e+00;9.90000e-01;3.80000e-01;9.59862e-01;9.88658e-01;8.06386e-01;Pipeline { map_duplicate(probability=0.10) | filter(avg_Y > 63500.0000) };9.18771e-01;1.00000e+00;9.99657e-01;Pipeline { filter(avg_X < 4630000.0000) };9.18608e-01;1.00000e+00;1.00000e+00;Pipeline { filter(avg_Y < 4160000000.0000) };9.30942e-01;1.00000e+00;9.44651e-01;Pipeline { filter(avg_Y < 665000.0000) };9.33909e-01;1.00000e+00;9.43425e-01;Pipeline { filter(avg_Y < 590000.0000) };9.18608e-01;1.00000e+00;1.00000e+00;Pipeline { filter(avg_X < 2770000000.0000) }
datasets/geolife_60mins.csv;nsga2;4;39;3900;3900;1.16540e+02;100;100;100;1.00000e+00;9.90000e-01;4.00000e-01;9.59862e-01;9.88658e-01;8.06386e-01;Pipeline { map_duplicate(probability=0.10) | filter(avg_Y > 63500.0000) };9.19829e-01;1.00000e+00;9.84340e-01;Pipeline { filter(avg_Y < 1710000.0000) };9.18608e-01;1.00000e+00;1.00000e+00;Pipeline { filter(avg_X < 45500000.0000) };9.30942e-01;1.00000e+00;9.44651e-01;Pipeline { filter(avg_Y < 665000.0000) };9.19010e-01;1.00000e+00;9.96867e-01;Pipeline { filter(avg_Y < 2520000.0000) };9.18608e-01;1.00000e+00;1.00000e+00;Pipeline { filter(avg_Y < 898000000.0000) }
datasets/geolife_60mins.csv;nsga2;4;40;4000;4000;1.19164e+02;100;100;100;1.00000e+00;9.90000e-01;4.30000e-01;9.59862e-01;9.88658e-01;8.06386e-01;Pipeline { map_duplicate(probability=0.10) | filter(avg_Y > 63500.0000) };9.19787e-01;1.00000e+00;9.84680e-01;Pipeline { filter(avg_Y < 2000000.0000) };9.18608e-01;1.00000e+00;1.00000e+00;Pipeline { filter(avg_X < 31400000.0000) };9.30942e-01;1.00000e+00;9.44651e-01;Pipeline { filter(avg_Y < 665000.0000) };9.24802e-01;1.00000e+00;9.78942e-01;Pipeline { filter(avg_Y < 1170000.0000) };9.18608e-01;1.00000e+00;1.00000e+00;Pipeline { filter(avg_Y < 547000000.0000) }
datasets/geolife_60mins.csv;nsga2;4;41;4100;4100;1.21888e+02;100;100;100;1.00000e+00;9.90000e-01;4.40000e-01;9.59862e-01;9.88658e-01;8.06386e-01;Pipeline { map_duplicate(probability=0.10) | filter(avg_Y > 63500.0000) };9.19829e-01;1.00000e+00;9.84340e-01;Pipeline { filter(avg_Y < 1710000.0000) };9.18608e-01;1.00000e+00;1.00000e+00;Pipeline { filter(avg_Y < 22300000.0000) };9.30942e-01;1.00000e+00;9.44651e-01;Pipeline { filter(avg_Y < 665000.0000) };9.20628e-01;1.00000e+00;9.82228e-01;Pipeline { filter(avg_Y < 1290000.0000) };9.18608e-01;1.00000e+00;1.00000e+00;Pipeline { filter(avg_X < 110000000.0000) }
datasets/geolife_60mins.csv;nsga2;4;42;4200;4200;1.24703e+02;100;100;100;1.00000e+00;9.90000e-01;4.60000e-01;9.59862e-01;9.88658e-01;8.06386e-01;Pipeline { map_duplicate(probability=0.10) | filter(avg_Y > 63500.0000) };9.18976e-01;1.00000e+00;9.97627e-01;Pipeline { filter(avg_Y < 2590000.0000) };9.18608e-01;1.00000e+00;1.00000e+00;Pipeline { filter(avg_Y < 150000000.0000) };9.30946e-01;1.00000e+00;9.44285e-01;Pipeline { filter(avg_Y < 661000.0000) };9.30919e-01;1.00000e+00;9.44671e-01;Pipeline { filter(avg_Y < 666000.0000) };9.18608e-01;1.00000e+00;1.00000e+00;Pipeline { filter(avg_X < 42500000.0000) }
datasets/geolife_60mins.csv;nsga2;4;43;4300;4300;1.27767e+02;100;100;100;1.00000e+00;9.90000e-01;4.60000e-01;9.59862e-01;9.88658e-01;8.06386e-01;Pipeline { map_duplicate(probability=0.10) | filter(avg_Y > 63500.0000) };9.19829e-01;1.00000e+00;9.84340e-01;Pipeline { filter(avg_Y < 1710000.0000) };9.18608e-01;1.00000e+00;1.00000e+00;Pipeline { filter(avg_X < 12100000.0000) };9.30946e-01;1.00000e+00;9.44285e-01;Pipeline { filter(avg_Y < 662000.0000) };9.20628e-01;1.00000e+00;9.82228e-01;Pipeline { filter(avg_Y < 1290000.0000) };9.18608e-01;1.00000e+00;1.00000e+00;Pipeline { filter(avg_Y < 8110000.0000) }
datasets/geolife_60mins.csv;nsga2;4;44;4400;4400;1.30509e+02;100;100;100;1.00000e+00;9.90000e-01;4.80000e-01;9.59862e-01;9.88658e-01;8.06386e-01;Pipeline { map_duplicate(probability=0.10) | filter(avg_Y > 63500.0000) };9.18976e-01;1.00000e+00;9.97627e-01;Pipeline { filter(avg_Y < 2590000.0000) };9.18608e-01;1.00000e+00;1.00000e+00;Pipeline { filter(avg_Y < 642000000.0000) };9.30946e-01;1.00000e+00;9.44285e-01;Pipeline { filter(avg_Y < 662000.0000) };9.30919e-01;1.00000e+00;9.44671e-01;Pipeline { filter(avg_Y < 666000.0000) };9.18608e-01;1.00000e+00;1.00000e+00;Pipeline { filter(avg_Y < 7940000.0000) }
datasets/geolife_60mins.csv;nsga2;4;45;4500;4500;1.33103e+02;100;100;100;1.00000e+00;9.90000e-01;5.00000e-01;9.59862e-01;9.88658e-01;8.06386e-01;Pipeline { map_duplicate(probability=0.10) | filter(avg_Y > 63500.0000) };9.19829e-01;1.00000e+00;9.84340e-01;Pipeline { filter(avg_Y < 1720000.0000) };9.18608e-01;1.00000e+00;1.00000e+00;Pipeline { filter(avg_Y < 92000000.0000) };9.31462e-01;1.00000e+00;9.44064e-01;Pipeline { filter(avg_Y < 622000.0000) };9.19033e-01;1.00000e+00;9.96001e-01;Pipeline { filter(avg_Y < 2480000.0000) };9.18608e-01;1.00000e+00;1.00000e+00;Pipeline { filter(avg_Y < 7540000000.0000) }
datasets/geolife_60mins.csv;nsga2;4;46;4600;4600;1.36254e+02;100;100;100;1.00000e+00;9.90000e-01;5.30000e-01;9.59862e-01;9.88658e-01;8.06386e-01;Pipeline { map_duplicate(probability=0.10) | filter(avg_Y > 63500.0000) };9.19829e-01;1.00000e+00;9.84340e-01;Pipeline { filter(avg_Y < 1840000.0000) };9.18608e-01;1.00000e+00;1.00000e+00;Pipeline { filter(avg_X < 5050000.0000) };9.33116e-01;1.00000e+00;9.43632e-01;Pipeline { filter(avg_Y < 604000.0000) };9.24802e-01;1.00000e+00;9.78942e-01;Pipeline { filter(avg_Y < 1170000.0000) };9.18608e-01;1.00000e+00;1.00000e+00;Pipeline { filter(avg_Y < 62200000.0000) }
datasets/geolife_60mins.csv;nsga2;4;47;4700;4700;1.38714e+02;100;100;100;1.00000e+00;9.90000e-01;5.40000e-01;9.59862e-01;9.88658e-01;8.06386e-01;Pipeline { map_duplicate(probability=0.10) | filter(avg_Y > 63500.0000) };9.19829e-01;1.00000e+00;9.84340e-01;Pipeline { filter(avg_Y < 1870000.0000) };9.18608e-01;1.00000e+00;1.00000e+00;Pipeline { filter(avg_Y < 7840000000.0000) };9.33909e-01;1.00000e+00;9.43425e-01;Pipeline { filter(avg_Y < 590000.0000) };9.20123e-01;1.00000e+00;9.82601e-01;Pipeline { filter(avg_Y < 1330000.0000) };9.18608e-01;1.00000e+00;1.00000e+00;Pipeline { filter(avg_X < 8150000000.0000) }
datasets/geolife_60mins.csv;nsga2;4;48;4800;4800;1.41393e+02;100;100;100;1.00000e+00;9.90000e-01;5.50000e-01;9.59862e-01;9.88658e-01;8.06386e-01;Pipeline { map_duplicate(probability=0.10) | filter(avg_Y > 63500.0000) };9.18976e-01;1.00000e+00;9.97627e-01;Pipeline { filter(avg_Y < 2590000.0000) };9.18608e-01;1.00000e+00;1.00000e+00;Pipeline { filter(avg_X < 5340000.0000) };9.33909e-01;1.00000e+00;9.43425e-01;Pipeline { filter(avg_Y < 590000.0000) };9.31479e-01;1.00000e+00;9.44208e-01;Pipeline { filter(avg_Y < 642000.0000) };9.18608e-01;1.00000e+00;1.00000e+00;Pipeline { filter(avg_Y < 78000000.0000) }
datasets/geolife_60mins.csv;nsga2;4;49;4900;4900;1.44534e+02;100;100;100;1.00000e+00;9.90000e-01;5.70000e-01;9.59862e-01;9.88658e-01;8.06386e-01;Pipeline { map_duplicate(probability=0.10) | filter(avg_Y > 63500.0000) };9.19829e-01;1.00000e+00;9.84340e-01;Pipeline { filter(avg_Y < 1870000.0000) };9.18608e-01;1.00000e+00;1.00000e+00;Pipeline { filter(avg_Y < 78000000.0000) };9.33909e-01;1.00000e+00;9.43425e-01;Pipeline { filter(avg_Y < 590000.0000) };9.25535e-01;1.00000e+00;9.78937e-01;Pipeline { filter(avg_Y < 1160000.0000) };9.18608e-01;1.00000e+00;1.00000e+00;Pipeline { filter(avg_X < 411000000.0000) }
datasets/geolife_60mins.csv;nsga2;4;50;5000;5000;1.47129e+02;100;100;100;1.00000e+00;9.90000e-01;5.80000e-01;9.59862e-01;9.88658e-01;8.06386e-01;Pipeline { map_duplicate(probability=0.10) | filter(avg_Y > 63500.0000) };9.19829e-01;1.00000e+00;9.84340e-01;Pipeline { filter(avg_Y < 1730000.0000) };9.18608e-01;1.00000e+00;1.00000e+00;Pipeline { filter(avg_Y < 7500000000.0000) };9.33909e-01;1.00000e+00;9.43425e-01;Pipeline { filter(avg_Y < 590000.0000) };9.25535e-01;1.00000e+00;9.78937e-01;Pipeline { filter(avg_Y < 1160000.0000) };9.18608e-01;1.00000e+00;1.00000e+00;Pipeline { filter(avg_X < 8440000000.0000) }
datasets/geolife_60mins.csv;nsga2;5;1;100;100;4.49500e+00;100;6;41;9.50000e-01;9.50000e-01;5.90000e-01;9.45325e-01;9.69557e-02;7.60566e-01;Pipeline { map_aggregate(attribute=avg_X, function=max, window=8) | map_aggregate(attribute=avg_X, function=max, window=9) };4.59304e-01;1.00000e+00;7.13554e-01;Pipeline { map_duplicate(probability=1.00) };9.18608e-01;1.00000e+00;1.00000e+00;Pipeline { filter(avg_X < 899000000.0000) };7.52551e-01;2.95904e-02;6.73476e-01;Pipeline { map_aggregate(attribute=avg_Y, function=avg, window=3) | filter(avg_Y > 0.0001) | map_aggregate(attribute=avg_X, function=min, window=8) | map_aggregate(attribute=avg_X, function=min, window=5) | map_noise(attribute=avg_X, percentage=0.05) | map_noise(attribute=avg_X, percentage=0.25) };9.19005e-01;1.25059e-01;7.66301e-01;Pipeline { map_noise(attribute=avg_Y, percentage=0.25) };7.12867e-01;5.20298e-02;7.24199e-01;Pipeline { map_noise(attribute=avg_Y, percentage=0.05) | map_duplicate(probability=0.30) | map_noise(attribute=avg_X, percentage=0.01) | map_noise(attribute=avg_X, percentage=0.10) }
datasets/geolife_60mins.csv;nsga2;5;2;200;200;9.86000e+00;100;12;1;9.50000e-01;9.50000e-01;9.60000e-01;9.45325e-01;9.69557e-02;7.60566e-01;Pipeline { map_aggregate(attribute=avg_X, function=max, window=8) | map_aggregate(attribute=avg_X, function=max, window=9) };4.59304e-01;1.00000e+00;7.13554e-01;Pipeline { map_duplicate(probability=1.00) };9.18608e-01;1.00000e+00;1.00000e+00;Pipeline { filter(avg_X < 899000000.0000) };9.22902e-01;4.60809e-01;7.95287e-01;Pipeline { map_noise(attribute=avg_Y, percentage=0.05) };9.18699e-01;8.87770e-01;8.89111e-01;Pipeline { map_noise(attribute=avg_Y, percentage=0.01) };5.73542e-01;9.70247e-01;7.85427e-01;Pipeline { map_duplicate(probability=0.60) }
datasets/geolife_60mins.csv;nsga2;5;3;300;300;1.47130e+01;100;30;11;9.80000e-01;9.60000e-01;8.20000e-01;9.46958e-01;8.45739e-02;7.60501e-01;Pipeline { map_aggregate(attribute=avg_X, function=max, window=8) | map_noise(attribute=avg_Y, percentage=0.05) };4.59304e-01;1.00000e+00;7.13554e-01;Pipeline { map_duplicate(probability=1.00) };9.18608e-01;1.00000e+00;1.00000e+00;Pipeline { filter(avg_X < 6220000000.0000) };9.28258e-01;1.12536e-01;7.37526e-01;Pipeline { filter(avg_X > 0.0000) | filter(avg_X < 6500000.0000) | map_noise(attribute=avg_X, percentage=0.10) };5.09720e-01;9.82016e-01;7.48783e-01;Pipeline { map_duplicate(probability=0.80) };8.77344e-01;1.00000e+00;8.28148e-01;Pipeline { filter(avg_Y > 0.0947) }
datasets/geolife_60mins.csv;nsga2;5;4;400;400;1.88500e+01;100;45;19;9.90000e-01;9.80000e-01;6.00000e-01;9.59942e-01;1.24710e-01;7.56622e-01;Pipeline { map_aggregate(attribute=avg_X, function=max, window=8) | map_aggregate(attribute=avg_Y, function=avg, window=9) };8.85581e-01;1.00000e+00;8.14393e-01;Pipeline { filter(avg_X > 0.0000) | filter(avg_Y > 0.0000) };9.18608e-01;1.00000e+00;1.00000e+00;Pipeline { filter(avg_X < 6720000000.0000) };9.41597e-01;2.56966e-01;7.71763e-01;Pipeline { map_aggregate(attribute=avg_X, function=max, window=7) | filter(avg_Y < 53700000.0000) };9.26629e-01;1.00000e+00;8.85427e-01;Pipeline { filter(avg_X > 0.0000) | filter(avg_X < 2190000000.0000) };9.26629e-01;1.00000e+00;8.85427e-01;Pipeline { filter(avg_X > 0.3800) }
datasets/geolife_60mins.csv;nsga2;5;5;500;500;2.21310e+01;100;79;1;9.90000e-01;9.80000e-01;3.50000e-01;9.59942e-01;1.24710e-01;7.56622e-01;Pipeline { map_aggregate(attribute=avg_X, function=max, window=8) | map_aggregate(attribute=avg_Y, function=avg, window=9) };9.26611e-01;1.00000e+00;8.85427e-01;Pipeline { filter(avg_X > 6600.0000) };9.18608e-01;1.00000e+00;1.00000e+00;Pipeline { filter(avg_X < 899000000.0000) };9.41597e-01;2.56966e-01;7.71763e-01;Pipeline { map_aggregate(attribute=avg_X, function=max, window=7) | filter(avg_Y < 29500000.0000) };9.26629e-01;1.00000e+00;8.85427e-01;Pipeline { filter(avg_X > 0.6300) };9.26629e-01;1.00000e+00;8.85427e-01;Pipeline { filter(avg_X > 0.0082) | filter(avg_X < 8190000000.0000) }
datasets/geolife_60mins.csv;nsga2;5;6;600;600;2.54830e+01;100;100;100;1.00000e+00;1.00000e+00;1.30000e-01;9.59942e-01;1.24710e-01;7.56622e-01;Pipeline { map_aggregate(attribute=avg_X, function=max, window=8) | map_aggregate(attribute=avg_Y, function=avg, window=9) };9.19007e-01;1.00000e+00;9.92108e-01;Pipeline { filter(avg_X < 1940000.0000) | filter(avg_X < 2100000000.0000) };9.18608e-01;1.00000e+00;1.00000e+00;Pipeline { filter(avg_X < 899000000.0000) };9.26629e-01;1.00000e+00;8.85427e-01;Pipeline { filter(avg_X > 70.5000) };9.26629e-01;1.00000e+00;8.85427e-01;Pipeline { filter(avg_X > 0.4600) };9.26629e-01;1.00000e+00;8.85427e-01;Pipeline { filter(avg_X > 310.0000) }
datasets/geolife_60mins.csv;nsga2;5;7;700;700;2.83920e+01;100;100;100;1.00000e+00;9.90000e-01;1.40000e-01;9.59942e-01;1.24710e-01;7.56622e-01;Pipeline { map_aggregate(attribute=avg_X, function=max, window=8) | map_aggregate(attribute=avg_Y, function=avg, window=9) };9.27051e-01;1.00000e+00;8.84052e-01;Pipeline { filter(avg_X > 0.0000) | filter(avg_Y < 938000.0000) };9.18608e-01;1.00000e+00;1.00000e+00;Pipeline { filter(avg_X < 899000000.0000) };9.26629e-01;1.00000e+00;8.85427e-01;Pipeline { filter(avg_X > 4.2200) };9.26629e-01;1.00000e+00;8.85427e-01;Pipeline { filter(avg_X > 0.0594) | filter(avg_X < 2170000000.0000) };9.26629e-01;1.00000e+00;8.85427e-01;Pipeline { filter(avg_X > 190.0000) }
datasets/geolife_60mins.csv;nsga2;5;8;800;800;3.12150e+01;100;100;100;1.00000e+00;1.00000e+00;1.40000e-01;9.59942e-01;1.24710e-01;7.56622e-01;Pipeline { map_aggregate(attribute=avg_X, function=max, window=8) | map_aggregate(attribute=avg_Y, function=avg, window=9) };9.19007e-01;1.00000e+00;9.92108e-01;Pipeline { filter(avg_X < 1960000.0000) | filter(avg_X < 2100000000.0000) };9.18608e-01;1.00000e+00;1.00000e+00;Pipeline { filter(avg_X < 899000000.0000) };9.26629e-01;1.00000e+00;8.85427e-01;Pipeline { filter(avg_X > 7.8600) };9.26629e-01;1.00000e+00;8.85427e-01;Pipeline { filter(avg_X > 1.7700) | filter(avg_X < 2190000000.0000) };9.26629e-01;1.00000e+00;8.85427e-01;Pipeline { filter(avg_X > 460.0000) }
datasets/geolife_60mins.csv;nsga2;5;9;900;900;3.39190e+01;100;18;82;1.00000e+00;9.90000e-01;1.50000e-01;9.59942e-01;1.24710e-01;7.56622e-01;Pipeline { map_aggregate(attribute=avg_X, function=max, window=8) | map_aggregate(attribute=avg_Y, function=avg, window=9) };9.27051e-01;1.00000e+00;8.84052e-01;Pipeline { filter(avg_X > 0.0000) | filter(avg_Y < 938000.0000) };9.18608e-01;1.00000e+00;1.00000e+00;Pipeline { filter(avg_Y < 5690000000.0000) };9.26629e-01;1.00000e+00;8.85427e-01;Pipeline { filter(avg_X > 0.0000) };9.26629e-01;1.00000e+00;8.85427e-01;Pipeline { filter(avg_X > 0.0080) };9.26629e-01;1.00000e+00;8.85427e-01;Pipeline { filter(avg_X > 29.4000) }
datasets/geolife_60mins.csv;nsga2;5;10;1000;1000;3.72130e+01;100;26;67;1.00000e+00;9.90000e-01;2.40000e-01;9.61152e-01;1.34434e-01;7.59360e-01;Pipeline { map_aggregate(attribute=avg_X, function=max, window=8) | map_aggregate(attribute=avg_Y, function=avg, window=5) };9.27051e-01;1.00000e+00;8.84052e-01;Pipeline { filter(avg_X > 0.0000) | filter(avg_Y < 938000.0000) };9.18608e-01;1.00000e+00;1.00000e+00;Pipeline { filter(avg_Y < 5670000000.0000) };9.26629e-01;1.00000e+00;8.85427e-01;Pipeline { filter(avg_X > 801.0000) };9.26629e-01;1.00000e+00;8.85427e-01;Pipeline { filter(avg_X > 0.0020) };9.26629e-01;1.00000e+00;8.85427e-01;Pipeline { filter(avg_X > 801.0000) }
datasets/geolife_60mins.csv;nsga2;5;11;1100;1100;4.04750e+01;100;41;41;1.00000e+00;1.00000e+00;3.80000e-01;9.61152e-01;1.34434e-01;7.59360e-01;Pipeline { map_aggregate(attribute=avg_X, function=max, window=8) | map_aggregate(attribute=avg_Y, function=avg, window=5) };9.27051e-01;1.00000e+00;8.84052e-01;Pipeline { filter(avg_X > 0.0000) | filter(avg_Y < 938000.0000) };9.18608e-01;1.00000e+00;1.00000e+00;Pipeline { filter(avg_X < 771000000.0000) };9.35017e-01;1.00000e+00;9.10085e-01;Pipeline { filter(avg_Y < 260000.0000) };9.26629e-01;1.00000e+00;8.85427e-01;Pipeline { filter(avg_X > 0.3270) };9.19007e-01;1.00000e+00;9.92108e-01;Pipeline { filter(avg_X < 1960000.0000) | filter(avg_X < 2200000000.0000) }
datasets/geolife_60mins.csv;nsga2;5;12;1200;1200;4.41480e+01;100;64;8;1.00000e+00;1.00000e+00;5.40000e-01;9.61152e-01;1.34434e-01;7.59360e-01;Pipeline { map_aggregate(attribute=avg_X, function=max, window=8) | map_aggregate(attribute=avg_Y, function=avg, window=5) };9.27051e-01;1.00000e+00;8.84052e-01;Pipeline { filter(avg_X > 0.0000) | filter(avg_Y < 938000.0000) };9.18608e-01;1.00000e+00;1.00000e+00;Pipeline { filter(avg_X < 899000000.0000) };9.42333e-01;1.56390e-01;7.62678e-01;Pipeline { map_aggregate(attribute=avg_X, function=max, window=8) | map_aggregate(attribute=avg_X, function=avg, window=5) };9.19787e-01;1.00000e+00;9.84680e-01;Pipeline { filter(avg_Y < 1960000.0000) | filter(avg_X < 2100000000.0000) };9.18608e-01;1.00000e+00;1.00000e+00;Pipeline { filter(avg_X < 3660000000.0000) }
datasets/geolife_60mins.csv;nsga2;5;13;1300;1300;4.70380e+01;100;97;3;1.00000e+00;1.00000e+00;2.70000e-01;9.61152e-01;1.34434e-01;7.59360e-01;Pipeline { map_aggregate(attribute=avg_X, function=max, window=8) | map_aggregate(attribute=avg_Y, function=avg, window=5) };9.19000e-01;1.00000e+00;9.91792e-01;Pipeline { filter(avg_X < 1460000.0000) | filter(avg_X < 8100000000.0000) };9.18608e-01;1.00000e+00;1.00000e+00;Pipeline { filter(avg_X < 5820000000.0000) };9.19787e-01;1.00000e+00;9.84680e-01;Pipeline { filter(avg_Y < 1950000.0000) | filter(avg_X < 2100000000.0000) };9.18608e-01;1.00000e+00;1.00000e+00;Pipeline { filter(avg_Y < 8530000.0000) };9.18608e-01;1.00000e+00;1.00000e+00;Pipeline { filter(avg_X < 1820000000.0000) }
datasets/geolife_60mins.csv;nsga2;5;14;1400;1400;4.95730e+01;100;100;100;1.00000e+00;1.00000e+00;2.40000e-01;9.61152e-01;1.34434e-01;7.59360e-01;Pipeline { map_aggregate(attribute=avg_X, function=max, window=8) | map_aggregate(attribute=avg_Y, function=avg, window=5) };9.19007e-01;1.00000e+00;9.92108e-01;Pipeline { filter(avg_X < 1960000.0000) | filter(avg_X < 200000000.0000) };9.18608e-01;1.00000e+00;1.00000e+00;Pipeline { filter(avg_X < 8820000000.0000) };9.18914e-01;1.00000e+00;9.97706e-01;Pipeline { filter(avg_Y < 2600000.0000) };9.18608e-01;1.00000e+00;1.00000e+00;Pipeline { filter(avg_Y < 224000000.0000) };9.18608e-01;1.00000e+00;1.00000e+00;Pipeline { filter(avg_Y < 66400000.0000) }
datasets/geolife_60mins.csv;nsga2;5;15;1500;1500;5.23730e+01;100;100;100;1.00000e+00;1.00000e+00;2.50000e-01;9.61837e-01;1.23493e-01;7.56454e-01;Pipeline { map_aggregate(attribute=avg_X, function=max, window=8) | map_aggregate(attribute=avg_Y, function=avg, window=10) };9.18914e-01;1.00000e+00;9.97706e-01;Pipeline { filter(avg_Y < 2600000.0000) };9.18608e-01;1.00000e+00;1.00000e+00;Pipeline { filter(avg_X < 3630000000.0000) };9.19007e-01;1.00000e+00;9.92108e-01;Pipeline { filter(avg_X < 1960000.0000) | filter(avg_X < 200000000.0000) };9.18608e-01;1.00000e+00;1.00000e+00;Pipeline { filter(avg_X < 690000000.0000) };9.18608e-01;1.00000e+00;1.00000e+00;Pipeline { filter(avg_X < 3530000000.0000) | filter(avg_X < 2700000000.0000) }
datasets/geolife_60mins.csv;nsga2;5;16;1600;1600;5.55750e+01;100;100;100;1.00000e+00;1.00000e+00;2.60000e-01;9.61837e-01;1.23493e-01;7.56454e-01;Pipeline { map_aggregate(attribute=avg_X, function=max, window=8) | map_aggregate(attribute=avg_Y, function=avg, window=10) };9.19007e-01;1.00000e+00;9.92108e-01;Pipeline { filter(avg_X < 1960000.0000) | filter(avg_X < 200000000.0000) };9.18608e-01;1.00000e+00;1.00000e+00;Pipeline { filter(avg_X < 599000000.0000) | filter(avg_X < 750000000.0000) };9.19007e-01;1.00000e+00;9.92108e-01;Pipeline { filter(avg_X < 1960000.0000) | filter(avg_X < 200000000.0000) };9.18608e-01;1.00000e+00;1.00000e+00;Pipeline { filter(avg_Y < 852000000.0000) };9.18608e-01;1.00000e+00;1.00000e+00;Pipeline { filter(avg_Y < 2900000000.0000) }
datasets/geolife_60mins.csv;nsga2;5;17;1700;1700;5.81500e+01;100;100;100;1.00000e+00;1.00000e+00;2.70000e-01;9.61837e-01;1.23493e-01;7.56454e-01;Pipeline { map_aggregate(attribute=avg_X, function=max, window=8) | map_aggregate(attribute=avg_Y, function=avg, window=10) };9.34962e-01;1.00000e+00;9.10195e-01;Pipeline { filter(avg_Y < 265000.0000) };9.18608e-01;1.00000e+00;1.00000e+00;Pipeline { filter(avg_X < 2060000000.0000) };9.19787e-01;1.00000e+00;9.84680e-01;Pipeline { filter(avg_Y < 1960000.0000) | filter(avg_X < 2700000000.0000) };9.18608e-01;1.00000e+00;1.00000e+00;Pipeline { filter(avg_X < 31000000.0000) };9.18608e-01;1.00000e+00;1.00000e+00;Pipeline { filter(avg_Y < 49200000.0000) }
datasets/geolife_60mins.csv;nsga2;5;18;1800;1800;6.13680e+01;100;100;100;1.00000e+00;9.90000e-01;2.80000e-01;9.61837e-01;1.23493e-01;7.56454e-01;Pipeline { map_aggregate(attribute=avg_X, function=max, window=8) | map_aggregate(attribute=avg_Y, function=avg, window=10) };9.18771e-01;1.00000e+00;9.99657e-01;Pipeline { filter(avg_X < 2870000.0000) };9.18608e-01;1.00000e+00;1.00000e+00;Pipeline { filter(avg_Y < 7920000.0000) };9.20761e-01;1.00000e+00;9.51434e-01;Pipeline { filter(avg_Y < 773000.0000) };9.18608e-01;1.00000e+00;1.00000e+00;Pipeline { filter(avg_Y < 5910000.0000) };9.18608e-01;1.00000e+00;1.00000e+00;Pipeline { filter(avg_X < 130000000.0000) }
datasets/geolife_60mins.csv;nsga2;5;19;1900;1900;6.40260e+01;100;100;100;1.00000e+00;9.90000e-01;2.90000e-01;9.61837e-01;1.23493e-01;7.56454e-01;Pipeline { map_aggregate(attribute=avg_X, function=max, window=8) | map_aggregate(attribute=avg_Y, function=avg, window=10) };9.34962e-01;1.00000e+00;9.10195e-01;Pipeline { filter(avg_Y < 265000.0000) };9.18608e-01;1.00000e+00;1.00000e+00;Pipeline { filter(avg_X < 599000000.0000) | filter(avg_X < 750000000.0000) };9.25415e-01;1.00000e+00;9.73659e-01;Pipeline { filter(avg_Y < 986000.0000) };9.18608e-01;1.00000e+00;1.00000e+00;Pipeline { filter(avg_Y < 231000000.0000) | filter(avg_Y < 2750000000.0000) };9.18608e-01;1.00000e+00;1.00000e+00;Pipeline { filter(avg_X < 2900000000.0000) }
datasets/geolife_60mins.csv;nsga2;5;20;2000;2000;6.66860e+01;100;100;100;1.00000e+00;9.90000e-01;2.80000e-01;9.61837e-01;1.45457e-01;7.57281e-01;Pipeline { map_aggregate(attribute=avg_X, function=max, window=7) | map_aggregate(attribute=avg_Y, function=avg, window=10) };9.18771e-01;1.00000e+00;9.99657e-01;Pipeline { filter(avg_X < 4670000.0000) };9.18608e-01;1.00000e+00;1.00000e+00;Pipeline { filter(avg_Y < 5860000.0000) };9.19787e-01;1.00000e+00;9.84680e-01;Pipeline { filter(avg_Y < 1960000.0000) | filter(avg_X < 2700000000.0000) };9.18608e-01;1.00000e+00;1.00000e+00;Pipeline { filter(avg_X < 8750000.0000) };9.18608e-01;1.00000e+00;1.00000e+00;Pipeline { filter(avg_X < 34400000.0000) }
datasets/geolife_60mins.csv;nsga2;5;21;2100;2100;6.92450e+01;100;100;100;1.00000e+00;9.90000e-01;2.60000e-01;9.61837e-01;1.45457e-01;7.57281e-01;Pipeline { map_aggregate(attribute=avg_X, function=max, window=7) | map_aggregate(attribute=avg_Y, function=avg, window=10) };9.18771e-01;1.00000e+00;9.99657e-01;Pipeline { filter(avg_X < 4380000.0000) };9.18608e-01;1.00000e+00;1.00000e+00;Pipeline { filter(avg_X < 1370000000.0000) };9.19007e-01;1.00000e+00;9.92108e-01;Pipeline { filter(avg_X < 1960000.0000) | filter(avg_X < 9100000000.0000) };9.18608e-01;1.00000e+00;1.00000e+00;Pipeline { filter(avg_Y < 20100000.0000) };9.18608e-01;1.00000e+00;1.00000e+00;Pipeline { filter(avg_X < 9080000000.0000) }
datasets/geolife_60mins.csv;nsga2;5;22;2200;2200;7.19720e+01;100;100;100;1.00000e+00;9.90000e-01;2.80000e-01;9.61837e-01;1.45457e-01;7.57281e-01;Pipeline { map_aggregate(attribute=avg_X, function=max, window=7) | map_aggregate(attribute=avg_Y, function=avg, window=10) };9.18771e-01;1.00000e+00;9.99657e-01;Pipeline { filter(avg_X < 2880000.0000) };9.18608e-01;1.00000e+00;1.00000e+00;Pipeline { filter(avg_X < 2830000000.0000) };9.19787e-01;1.00000e+00;9.84680e-01;Pipeline { filter(avg_Y < 1960000.0000) | filter(avg_X < 2700000000.0000) };9.18608e-01;1.00000e+00;1.00000e+00;Pipeline { filter(avg_Y < 6490000000.0000) };9.18608e-01;1.00000e+00;1.00000e+00;Pipeline { filter(avg_Y < 4310000.0000) }
datasets/geolife_60mins.csv;nsga2;5;23;2300;2300;7.47950e+01;100;100;100;1.00000e+00;9.90000e-01;2.70000e-01;9.61837e-01;1.45457e-01;7.57281e-01;Pipeline { map_aggregate(attribute=avg_X, function=max, window=7) | map_aggregate(attribute=avg_Y, function=avg, window=10) };9.18771e-01;1.00000e+00;9.99657e-01;Pipeline { filter(avg_X < 4310000.0000) };9.18608e-01;1.00000e+00;1.00000e+00;Pipeline { filter(avg_X < 1310000000.0000) };9.19787e-01;1.00000e+00;9.84680e-01;Pipeline { filter(avg_Y < 1960000.0000) | filter(avg_X < 2100000000.0000) };9.18608e-01;1.00000e+00;1.00000e+00;Pipeline { filter(avg_X < 20600000.0000) };9.18608e-01;1.00000e+00;1.00000e+00;Pipeline { filter(avg_X < 57300000.0000) | filter(avg_Y < 300000000.0000) }
datasets/geolife_60mins.csv;nsga2;5;24;2400;2400;7.79840e+01;100;100;100;1.00000e+00;9.90000e-01;2.80000e-01;9.61837e-01;1.45457e-01;7.57281e-01;Pipeline { map_aggregate(attribute=avg_X, function=max, window=7) | map_aggregate(attribute=avg_Y, function=avg, window=10) };9.18779e-01;1.00000e+00;9.98643e-01;Pipeline { filter(avg_Y < 2660000.0000) };9.18608e-01;1.00000e+00;1.00000e+00;Pipeline { filter(avg_X < 2890000000.0000) };9.19787e-01;1.00000e+00;9.84680e-01;Pipeline { filter(avg_Y < 1960000.0000) | filter(avg_X < 2100000000.0000) };9.18608e-01;1.00000e+00;1.00000e+00;Pipeline { filter(avg_Y < 94600000.0000) };9.18608e-01;1.00000e+00;1.00000e+00;Pipeline { filter(avg_X < 6880000.0000) }
datasets/geolife_60mins.csv;nsga2;5;25;2500;2500;8.05310e+01;100;100;100;1.00000e+00;9.90000e-01;2.80000e-01;9.61837e-01;1.45457e-01;7.57281e-01;Pipeline { map_aggregate(attribute=avg_X, function=max, window=7) | map_aggregate(attribute=avg_Y, function=avg, window=10) };9.18771e-01;1.00000e+00;9.99657e-01;Pipeline { filter(avg_X < 4650000.0000) };9.18608e-01;1.00000e+00;1.00000e+00;Pipeline { filter(avg_X < 1710000000.0000) };9.19787e-01;1.00000e+00;9.84680e-01;Pipeline { filter(avg_Y < 1960000.0000) | filter(avg_X < 2100000000.0000) };9.18608e-01;1.00000e+00;1.00000e+00;Pipeline { filter(avg_Y < 669000000.0000) };9.18608e-01;1.00000e+00;1.00000e+00;Pipeline { filter(avg_Y < 1890000000.0000) | filter(avg_Y < 800000000.0000) }
datasets/geolife_60mins.csv;nsga2;5;26;2600;2600;8.35190e+01;100;100;100;1.00000e+00;9.90000e-01;2.90000e-01;9.61837e-01;1.45457e-01;7.57281e-01;Pipeline { map_aggregate(attribute=avg_X, function=max, window=7) | map_aggregate(attribute=avg_Y, function=avg, window=10) };9.18771e-01;1.00000e+00;9.99657e-01;Pipeline { filter(avg_X < 3600000.0000) };9.18608e-01;1.00000e+00;1.00000e+00;Pipeline { filter(avg_X < 64900000.0000) };9.19787e-01;1.00000e+00;9.84680e-01;Pipeline { filter(avg_Y < 1960000.0000) | filter(avg_X < 2700000000.0000) };9.18608e-01;1.00000e+00;1.00000e+00;Pipeline { filter(avg_Y < 94200000.0000) };9.18608e-01;1.00000e+00;1.00000e+00;Pipeline { filter(avg_X < 7230000.0000) }
datasets/geolife_60mins.csv;nsga2;5;27;2700;2700;8.66550e+01;100;100;100;1.00000e+00;9.90000e-01;3.00000e-01;9.61837e-01;1.45457e-01;7.57281e-01;Pipeline { map_aggregate(attribute=avg_X, function=max, window=7) | map_aggregate(attribute=avg_Y, function=avg, window=10) };9.18771e-01;1.00000e+00;9.99657e-01;Pipeline { filter(avg_X < 3880000.0000) };9.18608e-01;1.00000e+00;1.00000e+00;Pipeline { filter(avg_X < 388000000.0000) };9.19832e-01;1.00000e+00;9.84327e-01;Pipeline { filter(avg_Y < 1400000.0000) };9.18608e-01;1.00000e+00;1.00000e+00;Pipeline { filter(avg_Y < 1330000000.0000) | filter(avg_Y < 8480000000.0000) };9.18608e-01;1.00000e+00;1.00000e+00;Pipeline { filter(avg_Y < 3410000000.0000) }
datasets/geolife_60mins.csv;nsga2;5;28;2800;2800;8.99130e+01;100;100;100;1.00000e+00;9.90000e-01;3.10000e-01;9.61837e-01;1.69375e-01;7.58087e-01;Pipeline { map_aggregate(attribute=avg_X, function=max, window=6) | map_aggregate(attribute=avg_Y, function=avg, window=10) };9.18779e-01;1.00000e+00;9.98643e-01;Pipeline { filter(avg_Y < 2660000.0000) };9.18608e-01;1.00000e+00;1.00000e+00;Pipeline { filter(avg_X < 9720000000.0000) };9.25415e-01;1.00000e+00;9.73659e-01;Pipeline { filter(avg_Y < 986000.0000) };9.18608e-01;1.00000e+00;1.00000e+00;Pipeline { filter(avg_X < 17800000.0000) };9.18608e-01;1.00000e+00;1.00000e+00;Pipeline { filter(avg_X < 4680000000.0000) }
datasets/geolife_60mins.csv;nsga2;5;29;2900;2900;9.29120e+01;100;100;100;1.00000e+00;9.90000e-01;3.10000e-01;9.61837e-01;1.69375e-01;7.58087e-01;Pipeline { map_aggregate(attribute=avg_X, function=max, window=6) | map_aggregate(attribute=avg_Y, function=avg, window=10) };9.18771e-01;1.00000e+00;9.99657e-01;Pipeline { filter(avg_X < 3820000.0000) };9.18608e-01;1.00000e+00;1.00000e+00;Pipeline { filter(avg_X < 87800000.0000) };9.25415e-01;1.00000e+00;9.73659e-01;Pipeline { filter(avg_Y < 986000.0000) };9.18608e-01;1.00000e+00;1.00000e+00;Pipeline { filter(avg_X < 3060000000.0000) };9.18608e-01;1.00000e+00;1.00000e+00;Pipeline { filter(avg_X < 6490000000.0000) }
datasets/geolife_60mins.csv;nsga2;5;30;3000;3000;9.57250e+01;100;100;100;1.00000e+00;9.90000e-01;3.20000e-01;9.61837e-01;1.69375e-01;7.58087e-01;Pipeline { map_aggregate(attribute=avg_X, function=max, window=6) | map_aggregate(attribute=avg_Y, function=avg, window=10) };9.18771e-01;1.00000e+00;9.99657e-01;Pipeline { filter(avg_X < 3440000.0000) };9.18608e-01;1.00000e+00;1.00000e+00;Pipeline { filter(avg_Y < 3210000000.0000) };9.30906e-01;1.00000e+00;9.44433e-01;Pipeline { filter(avg_Y < 664000.0000) };9.18608e-01;1.00000e+00;1.00000e+00;Pipeline { filter(avg_Y < 36700000.0000) };9.18608e-01;1.00000e+00;1.00000e+00;Pipeline { filter(avg_X < 517000000.0000) }
datasets/geolife_60mins.csv;nsga2;5;31;3100;3100;9.87610e+01;100;100;100;1.00000e+00;9.90000e-01;3.20000e-01;9.61837e-01;1.69375e-01;7.58087e-01;Pipeline { map_aggregate(attribute=avg_X, function=max, window=6) | map_aggregate(attribute=avg_Y, function=avg, window=10) };9.18779e-01;1.00000e+00;9.98643e-01;Pipeline { filter(avg_Y < 2660000.0000) };9.18608e-01;1.00000e+00;1.00000e+00;Pipeline { filter(avg_Y < 98300000.0000) };9.30906e-01;1.00000e+00;9.44433e-01;Pipeline { filter(avg_Y < 664000.0000) };9.18608e-01;1.00000e+00;1.00000e+00;Pipeline { filter(avg_X < 9920000000.0000) };9.18608e-01;1.00000e+00;1.00000e+00;Pipeline { filter(avg_X < 629000000.0000) }
datasets/geolife_60mins.csv;nsga2;5;32;3200;3200;1.01675e+02;100;100;100;1.00000e+00;1.00000e+00;3.30000e-01;9.61837e-01;1.69375e-01;7.58087e-01;Pipeline { map_aggregate(attribute=avg_X, function=max, window=6) | map_aggregate(attribute=avg_Y, function=avg, window=10) };9.18771e-01;1.00000e+00;9.99657e-01;Pipeline { filter(avg_X < 3320000.0000) };9.18608e-01;1.00000e+00;1.00000e+00;Pipeline { filter(avg_Y < 7850000.0000) };9.30906e-01;1.00000e+00;9.44433e-01;Pipeline { filter(avg_Y < 664000.0000) };9.18608e-01;1.00000e+00;1.00000e+00;Pipeline { filter(avg_Y < 3090000000.0000) };9.18608e-01;1.00000e+00;1.00000e+00;Pipeline { filter(avg_Y < 3210000000.0000) }
datasets/geolife_60mins.csv;nsga2;5;33;3300;3300;1.04787e+02;100;100;100;1.00000e+00;1.00000e+00;3.30000e-01;9.61837e-01;1.69375e-01;7.58087e-01;Pipeline { map_aggregate(attribute=avg_X, function=max, window=6) | map_aggregate(attribute=avg_Y, function=avg, window=10) };9.18779e-01;1.00000e+00;9.98643e-01;Pipeline { filter(avg_Y < 2660000.0000) };9.18608e-01;1.00000e+00;1.00000e+00;Pipeline { filter(avg_Y < 97100000.0000) };9.30906e-01;1.00000e+00;9.44433e-01;Pipeline { filter(avg_Y < 664000.0000) };9.18608e-01;1.00000e+00;1.00000e+00;Pipeline { filter(avg_Y < 98400000.0000) };9.18608e-01;1.00000e+00;1.00000e+00;Pipeline { filter(avg_X < 5430000000.0000) }
datasets/geolife_60mins.csv;nsga2;5;34;3400;3400;1.08820e+02;100;100;100;1.00000e+00;1.00000e+00;3.10000e-01;9.61837e-01;1.69375e-01;7.58087e-01;Pipeline { map_aggregate(attribute=avg_X, function=max, window=6) | map_aggregate(attribute=avg_Y, function=avg, window=10) };9.31462e-01;1.00000e+00;9.44064e-01;Pipeline { filter(avg_Y < 634000.0000) };9.18608e-01;1.00000e+00;1.00000e+00;Pipeline { filter(avg_Y < 3780000.0000) };9.19832e-01;1.00000e+00;9.84327e-01;Pipeline { filter(avg_Y < 1480000.0000) };9.18608e-01;1.00000e+00;1.00000e+00;Pipeline { filter(avg_X < 494000000.0000) };9.18608e-01;1.00000e+00;1.00000e+00;Pipeline { filter(avg_Y < 77900000.0000) }
datasets/geolife_60mins.csv;nsga2;5;35;3500;3500;1.11799e+02;100;100;100;1.00000e+00;1.00000e+00;3.10000e-01;9.61837e-01;1.69375e-01;7.58087e-01;Pipeline { map_aggregate(attribute=avg_X, function=max, window=6) | map_aggregate(attribute=avg_Y, function=avg, window=10) };9.18779e-01;1.00000e+00;9.98643e-01;Pipeline { filter(avg_Y < 2660000.0000) };9.18608e-01;1.00000e+00;1.00000e+00;Pipeline { filter(avg_Y < 93500000.0000) };9.25415e-01;1.00000e+00;9.73659e-01;Pipeline { filter(avg_Y < 986000.0000) };9.18608e-01;1.00000e+00;1.00000e+00;Pipeline { filter(avg_Y < 220000000.0000) };9.18608e-01;1.00000e+00;1.00000e+00;Pipeline { filter(avg_X < 533000000.0000) }
datasets/geolife_60mins.csv;nsga2;5;36;3600;3600;1.15207e+02;100;100;100;1.00000e+00;1.00000e+00;3.20000e-01;9.61837e-01;1.69375e-01;7.58087e-01;Pipeline { map_aggregate(attribute=avg_X, function=max, window=6) | map_aggregate(attribute=avg_Y, function=avg, window=10) };9.18771e-01;1.00000e+00;9.99657e-01;Pipeline { filter(avg_X < 4230000.0000) };9.18608e-01;1.00000e+00;1.00000e+00;Pipeline { filter(avg_Y < 430000000.0000) };9.30906e-01;1.00000e+00;9.44433e-01;Pipeline { filter(avg_Y < 664000.0000) };9.18608e-01;1.00000e+00;1.00000e+00;Pipeline { filter(avg_Y < 9400000000.0000) };9.18608e-01;1.00000e+00;1.00000e+00;Pipeline { filter(avg_X < 181000000.0000) }
datasets/geolife_60mins.csv;nsga2;5;37;3700;3700;1.18130e+02;100;100;100;1.00000e+00;1.00000e+00;3.30000e-01;9.61837e-01;1.69375e-01;7.58087e-01;Pipeline { map_aggregate(attribute=avg_X, function=max, window=6) | map_aggregate(attribute=avg_Y, function=avg, window=10) };9.18779e-01;1.00000e+00;9.99137e-01;Pipeline { filter(avg_X < 2280000.0000) };9.18608e-01;1.00000e+00;1.00000e+00;Pipeline { filter(avg_Y < 25400000.0000) };9.30906e-01;1.00000e+00;9.44433e-01;Pipeline { filter(avg_Y < 664000.0000) };9.18608e-01;1.00000e+00;1.00000e+00;Pipeline { filter(avg_X < 22600000.0000) };9.18608e-01;1.00000e+00;1.00000e+00;Pipeline { filter(avg_X < 6500000.0000) }
datasets/geolife_60mins.csv;nsga2;5;38;3800;3800;1.20894e+02;100;100;100;1.00000e+00;9.90000e-01;2.70000e-01;9.61837e-01;1.69375e-01;7.58087e-01;Pipeline { map_aggregate(attribute=avg_X, function=max, window=6) | map_aggregate(attribute=avg_Y, function=avg, window=10) };9.18771e-01;1.00000e+00;9.99657e-01;Pipeline { filter(avg_X < 4530000.0000) };9.18608e-01;1.00000e+00;1.00000e+00;Pipeline { filter(avg_Y < 8700000000.0000) };9.19056e-01;1.00000e+00;9.92512e-01;Pipeline { filter(avg_Y < 2380000.0000) };9.18608e-01;1.00000e+00;1.00000e+00;Pipeline { filter(avg_X < 9330000000.0000) };9.18608e-01;1.00000e+00;1.00000e+00;Pipeline { filter(avg_X < 2590000000.0000) }
datasets/geolife_60mins.csv;nsga2;5;39;3900;3900;1.23862e+02;100;100;100;1.00000e+00;1.00000e+00;2.80000e-01;9.61837e-01;1.69375e-01;7.58087e-01;Pipeline { map_aggregate(attribute=avg_X, function=max, window=6) | map_aggregate(attribute=avg_Y, function=avg, window=10) };9.19829e-01;1.00000e+00;9.84340e-01;Pipeline { filter(avg_Y < 1680000.0000) };9.18608e-01;1.00000e+00;1.00000e+00;Pipeline { filter(avg_Y < 5290000000.0000) };9.19787e-01;1.00000e+00;9.84680e-01;Pipeline { filter(avg_Y < 2000000.0000) };9.18608e-01;1.00000e+00;1.00000e+00;Pipeline { filter(avg_Y < 6500000.0000) };9.18608e-01;1.00000e+00;1.00000e+00;Pipeline { filter(avg_Y < 140000000.0000) }
datasets/geolife_60mins.csv;nsga2;5;40;4000;4000;1.26816e+02;100;100;100;1.00000e+00;1.00000e+00;2.80000e-01;9.61837e-01;1.69375e-01;7.58087e-01;Pipeline { map_aggregate(attribute=avg_X, function=max, window=6) | map_aggregate(attribute=avg_Y, function=avg, window=10) };9.18771e-01;1.00000e+00;9.99657e-01;Pipeline { filter(avg_X < 4530000.0000) };9.18608e-01;1.00000e+00;1.00000e+00;Pipeline { filter(avg_Y < 4700000000.0000) };9.19787e-01;1.00000e+00;9.84680e-01;Pipeline { filter(avg_Y < 1960000.0000) | filter(avg_X < 2700000000.0000) };9.18608e-01;1.00000e+00;1.00000e+00;Pipeline { filter(avg_Y < 224000000.0000) };9.18608e-01;1.00000e+00;1.00000e+00;Pipeline { filter(avg_Y < 14500000.0000) }
datasets/geolife_60mins.csv;nsga2;5;41;4100;4100;1.29767e+02;100;100;100;1.00000e+00;1.00000e+00;3.00000e-01;9.61837e-01;1.69375e-01;7.58087e-01;Pipeline { map_aggregate(attribute=avg_X, function=max, window=6) | map_aggregate(attribute=avg_Y, function=avg, window=10) };9.19829e-01;1.00000e+00;9.84340e-01;Pipeline { filter(avg_Y < 1680000.0000) };9.18608e-01;1.00000e+00;1.00000e+00;Pipeline { filter(avg_Y < 19200000.0000) };9.23944e-01;1.00000e+00;9.79011e-01;Pipeline { filter(avg_Y < 1180000.0000) };9.18779e-01;1.00000e+00;9.99137e-01;Pipeline { filter(avg_X < 2380000.0000) };9.18608e-01;1.00000e+00;1.00000e+00;Pipeline { filter(avg_Y < 91700000.0000) }
datasets/geolife_60mins.csv;nsga2;5;42;4200;4200;1.33249e+02;100;100;100;1.00000e+00;1.00000e+00;3.00000e-01;9.61837e-01;1.69375e-01;7.58087e-01;Pipeline { map_aggregate(attribute=avg_X, function=max, window=6) | map_aggregate(attribute=avg_Y, function=avg, window=10) };9.18771e-01;1.00000e+00;9.99657e-01;Pipeline { filter(avg_X < 4530000.0000) };9.18608e-01;1.00000e+00;1.00000e+00;Pipeline { filter(avg_X < 1550000000.0000) };9.23944e-01;1.00000e+00;9.79011e-01;Pipeline { filter(avg_Y < 1180000.0000) };9.36894e-01;1.00000e+00;9.28479e-01;Pipeline { filter(avg_Y < 418000.0000) };9.18608e-01;1.00000e+00;1.00000e+00;Pipeline { filter(avg_X < 7660000.0000) }
datasets/geolife_60mins.csv;nsga2;5;43;4300;4300;1.36050e+02;100;100;100;1.00000e+00;1.00000e+00;3.00000e-01;9.61837e-01;1.69375e-01;7.58087e-01;Pipeline { map_aggregate(attribute=avg_X, function=max, window=6) | map_aggregate(attribute=avg_Y, function=avg, window=10) };9.19829e-01;1.00000e+00;9.84340e-01;Pipeline { filter(avg_Y < 1680000.0000) };9.18608e-01;1.00000e+00;1.00000e+00;Pipeline { filter(avg_Y < 806000000.0000) };9.23944e-01;1.00000e+00;9.79011e-01;Pipeline { filter(avg_Y < 1180000.0000) };9.18771e-01;1.00000e+00;9.99657e-01;Pipeline { filter(avg_X < 4400000.0000) };9.18608e-01;1.00000e+00;1.00000e+00;Pipeline { filter(avg_Y < 19200000.0000) }
datasets/geolife_60mins.csv;nsga2;5;44;4400;4400;1.39425e+02;100;100;100;1.00000e+00;1.00000e+00;3.00000e-01;9.61837e-01;1.69375e-01;7.58087e-01;Pipeline { map_aggregate(attribute=avg_X, function=max, window=6) | map_aggregate(attribute=avg_Y, function=avg, window=10) };9.18771e-01;1.00000e+00;9.99657e-01;Pipeline { filter(avg_X < 4530000.0000) };9.18608e-01;1.00000e+00;1.00000e+00;Pipeline { filter(avg_Y < 223000000.0000) };9.23944e-01;1.00000e+00;9.79011e-01;Pipeline { filter(avg_Y < 1180000.0000) };9.36894e-01;1.00000e+00;9.28479e-01;Pipeline { filter(avg_Y < 418000.0000) };9.18608e-01;1.00000e+00;1.00000e+00;Pipeline { filter(avg_X < 276000000.0000) }
datasets/geolife_60mins.csv;nsga2;5;45;4500;4500;1.42107e+02;100;100;100;1.00000e+00;1.00000e+00;3.10000e-01;9.61837e-01;1.69375e-01;7.58087e-01;Pipeline { map_aggregate(attribute=avg_X, function=max, window=6) | map_aggregate(attribute=avg_Y, function=avg, window=10) };9.19829e-01;1.00000e+00;9.84340e-01;Pipeline { filter(avg_Y < 1680000.0000) };9.18608e-01;1.00000e+00;1.00000e+00;Pipeline { filter(avg_X < 42000000.0000) };9.23944e-01;1.00000e+00;9.79011e-01;Pipeline { filter(avg_Y < 1180000.0000) };9.36894e-01;1.00000e+00;9.28479e-01;Pipeline { filter(avg_Y < 418000.0000) };9.18608e-01;1.00000e+00;1.00000e+00;Pipeline { filter(avg_Y < 806000000.0000) }
datasets/geolife_60mins.csv;nsga2;5;46;4600;4600;1.44877e+02;100;100;100;1.00000e+00;1.00000e+00;3.10000e-01;9.61837e-01;1.69375e-01;7.58087e-01;Pipeline { map_aggregate(attribute=avg_X, function=max, window=6) | map_aggregate(attribute=avg_Y, function=avg, window=10) };9.18771e-01;1.00000e+00;9.99657e-01;Pipeline { filter(avg_X < 4530000.0000) };9.18608e-01;1.00000e+00;1.00000e+00;Pipeline { filter(avg_X < 9960000.0000) };9.25415e-01;1.00000e+00;9.73659e-01;Pipeline { filter(avg_Y < 987000.0000) };9.25415e-01;1.00000e+00;9.73659e-01;Pipeline { filter(avg_Y < 987000.0000) };9.18608e-01;1.00000e+00;1.00000e+00;Pipeline { filter(avg_Y < 5810000.0000) }
datasets/geolife_60mins.csv;nsga2;5;47;4700;4700;1.47961e+02;100;100;100;1.00000e+00;1.00000e+00;3.10000e-01;9.61837e-01;1.69375e-01;7.58087e-01;Pipeline { map_aggregate(attribute=avg_X, function=max, window=6) | map_aggregate(attribute=avg_Y, function=avg, window=10) };9.19829e-01;1.00000e+00;9.84340e-01;Pipeline { filter(avg_Y < 1680000.0000) };9.18608e-01;1.00000e+00;1.00000e+00;Pipeline { filter(avg_Y < 4640000.0000) };9.25415e-01;1.00000e+00;9.73659e-01;Pipeline { filter(avg_Y < 986000.0000) };9.30906e-01;1.00000e+00;9.44433e-01;Pipeline { filter(avg_Y < 664000.0000) };9.18608e-01;1.00000e+00;1.00000e+00;Pipeline { filter(avg_X < 47200000.0000) }
datasets/geolife_60mins.csv;nsga2;5;48;4800;4800;1.50887e+02;100;100;100;1.00000e+00;1.00000e+00;3.10000e-01;9.61837e-01;1.69375e-01;7.58087e-01;Pipeline { map_aggregate(attribute=avg_X, function=max, window=6) | map_aggregate(attribute=avg_Y, function=avg, window=10) };9.18771e-01;1.00000e+00;9.99657e-01;Pipeline { filter(avg_X < 4530000.0000) };9.18608e-01;1.00000e+00;1.00000e+00;Pipeline { filter(avg_X < 2450000000.0000) };9.25415e-01;1.00000e+00;9.73659e-01;Pipeline { filter(avg_Y < 987000.0000) };9.25415e-01;1.00000e+00;9.73659e-01;Pipeline { filter(avg_Y < 987000.0000) };9.18608e-01;1.00000e+00;1.00000e+00;Pipeline { filter(avg_X < 165000000.0000) }
datasets/geolife_60mins.csv;nsga2;5;49;4900;4900;1.53822e+02;100;100;100;1.00000e+00;1.00000e+00;3.10000e-01;9.61837e-01;1.69375e-01;7.58087e-01;Pipeline { map_aggregate(attribute=avg_X, function=max, window=6) | map_aggregate(attribute=avg_Y, function=avg, window=10) };9.19829e-01;1.00000e+00;9.84340e-01;Pipeline { filter(avg_Y < 1680000.0000) };9.18608e-01;1.00000e+00;1.00000e+00;Pipeline { filter(avg_Y < 78000000.0000) };9.25415e-01;1.00000e+00;9.73659e-01;Pipeline { filter(avg_Y < 986000.0000) };9.25415e-01;1.00000e+00;9.73659e-01;Pipeline { filter(avg_Y < 987000.0000) };9.18608e-01;1.00000e+00;1.00000e+00;Pipeline { filter(avg_X < 42600000.0000) }
datasets/geolife_60mins.csv;nsga2;5;50;5000;5000;1.56608e+02;100;100;100;1.00000e+00;1.00000e+00;3.20000e-01;9.61837e-01;1.69375e-01;7.58087e-01;Pipeline { map_aggregate(attribute=avg_X, function=max, window=6) | map_aggregate(attribute=avg_Y, function=avg, window=10) };9.18771e-01;1.00000e+00;9.99657e-01;Pipeline { filter(avg_X < 4530000.0000) };9.18608e-01;1.00000e+00;1.00000e+00;Pipeline { filter(avg_Y < 25200000.0000) };9.25415e-01;1.00000e+00;9.73659e-01;Pipeline { filter(avg_Y < 986000.0000) };9.33909e-01;1.00000e+00;9.43425e-01;Pipeline { filter(avg_Y < 588000.0000) };9.18608e-01;1.00000e+00;1.00000e+00;Pipeline { filter(avg_X < 48000000.0000) }
