problem.name;solver.name;randomGenerator.seed;n.iterations;n.evals;n.births;elapsed.secs;all→size;firsts→size;lasts→size;all→each[genotype]→uniqueness;all→each[solution]→uniqueness;all→each[quality]→uniqueness;"all→percentile[quality→privacy;100]→quality→privacy";"all→percentile[quality→privacy;100]→quality→results-similarity";"all→percentile[quality→privacy;100]→solution";"all→percentile[quality→results-similarity;100]→quality→privacy";"all→percentile[quality→results-similarity;100]→quality→results-similarity";"all→percentile[quality→results-similarity;100]→solution";"all→percentile[quality→privacy;75]→quality→privacy";"all→percentile[quality→privacy;75]→quality→results-similarity";"all→percentile[quality→privacy;75]→solution";"all→percentile[quality→results-similarity;75]→quality→privacy";"all→percentile[quality→results-similarity;75]→quality→results-similarity";"all→percentile[quality→results-similarity;75]→solution"
datasets/airQuality_parallel.csv;nsga2;1;1;100;100;1.06400e+01;100;6;55;9.40000e-01;9.40000e-01;3.70000e-01;7.43071e-01;9.91243e-01;Pipeline { map_noise(attribute=CO(GT), percentage=0.01) };5.75026e-01;1.00000e+00;Pipeline { filter(CO(GT) > 0.0000) | filter(NO2(GT) > 0.0005) | map_noise(attribute=T, percentage=0.05) };4.20869e-01;9.11111e-01;Pipeline { map_duplicate(probability=0.90) | filter(RH > 0.0073) | map_noise(attribute=NO2(GT), percentage=0.01) | map_noise(attribute=AH, percentage=0.05) };7.39254e-01;9.36567e-01;Pipeline { filter(PT08.S1(CO) < 8150000000.0000) }
datasets/airQuality_parallel.csv;nsga2;1;2;200;200;1.73540e+01;100;18;1;9.40000e-01;9.30000e-01;7.60000e-01;7.51746e-01;8.57143e-01;Pipeline { map_noise(attribute=CO(GT), percentage=0.10) };5.74867e-01;1.00000e+00;Pipeline { filter(CO(GT) > 0.0000) | filter(NO2(GT) > 3.5000) | map_noise(attribute=T, percentage=0.05) };7.39254e-01;9.36567e-01;Pipeline { filter(AH > 0.0954) };3.70661e-01;9.96503e-01;Pipeline { map_duplicate(probability=1.00) }
datasets/airQuality_parallel.csv;nsga2;1;3;300;300;2.17610e+01;100;2;4;1.00000e+00;9.90000e-01;3.80000e-01;7.51746e-01;8.57143e-01;Pipeline { map_noise(attribute=CO(GT), percentage=0.10) };5.74939e-01;1.00000e+00;Pipeline { filter(CO(GT) > 0.0000) | filter(NO2(GT) > 0.0005) | map_noise(attribute=NO2(GT), percentage=0.01) };7.41322e-01;1.00000e+00;Pipeline { map_noise(attribute=C6H6(GT), percentage=0.25) };7.41322e-01;1.00000e+00;Pipeline { map_noise(attribute=PT08.S2(NMHC), percentage=0.25) }
datasets/airQuality_parallel.csv;nsga2;1;4;400;400;2.59440e+01;100;5;4;1.00000e+00;1.00000e+00;3.10000e-01;7.75486e-01;8.58252e-01;Pipeline { filter(C6H6(GT) < 41.6000) };7.39008e-01;1.00000e+00;Pipeline { map_noise(attribute=NOx(GT), percentage=0.10) };7.42292e-01;9.36567e-01;Pipeline { filter(T < 7170000.0000) | map_noise(attribute=PT08.S2(NMHC), percentage=0.05) };7.41322e-01;1.00000e+00;Pipeline { map_noise(attribute=PT08.S3(NOx), percentage=0.25) }
datasets/airQuality_parallel.csv;nsga2;1;5;500;500;3.39000e+01;100;5;77;1.00000e+00;1.00000e+00;3.00000e-01;7.75832e-01;8.64865e-01;Pipeline { filter(C6H6(GT) < 43.6000) };7.41322e-01;1.00000e+00;Pipeline { map_noise(attribute=PT08.S4(NO2), percentage=0.10) };7.43477e-01;9.82456e-01;Pipeline { map_noise(attribute=NO2(GT), percentage=0.10) };7.41322e-01;1.00000e+00;Pipeline { map_noise(attribute=RH, percentage=0.25) }
datasets/airQuality_parallel.csv;nsga2;1;6;600;600;3.86030e+01;100;4;71;1.00000e+00;1.00000e+00;3.60000e-01;7.75832e-01;8.64865e-01;Pipeline { filter(C6H6(GT) < 43.6000) };7.41322e-01;1.00000e+00;Pipeline { map_noise(attribute=PT08.S3(NOx), percentage=0.25) | map_noise(attribute=C6H6(GT), percentage=0.05) | map_noise(attribute=PT08.S4(NO2), percentage=0.05) | map_noise(attribute=PT08.S4(NO2), percentage=0.10) | map_noise(attribute=T, percentage=0.01) };7.45968e-01;9.21053e-01;Pipeline { map_noise(attribute=PT08.S4(NO2), percentage=0.05) | filter(AH < 807000.0000) | map_noise(attribute=PT08.S5(O3), percentage=0.05) | map_noise(attribute=CO(GT), percentage=0.01) };7.41322e-01;1.00000e+00;Pipeline { map_noise(attribute=PT08.S3(NOx), percentage=0.25) | map_noise(attribute=C6H6(GT), percentage=0.10) | map_noise(attribute=PT08.S4(NO2), percentage=0.25) | map_noise(attribute=C6H6(GT), percentage=0.05) | map_noise(attribute=RH, percentage=0.10) }
datasets/airQuality_parallel.csv;nsga2;1;7;700;700;4.27280e+01;100;3;52;1.00000e+00;1.00000e+00;4.90000e-01;7.75832e-01;8.64865e-01;Pipeline { filter(C6H6(GT) < 43.6000) };7.41322e-01;1.00000e+00;Pipeline { map_noise(attribute=NMHC(GT), percentage=0.01) | map_noise(attribute=C6H6(GT), percentage=0.05) | map_noise(attribute=PT08.S4(NO2), percentage=0.05) | map_noise(attribute=AH, percentage=0.10) | map_noise(attribute=RH, percentage=0.10) };7.51746e-01;8.57143e-01;Pipeline { map_noise(attribute=CO(GT), percentage=0.10) };7.41322e-01;1.00000e+00;Pipeline { map_noise(attribute=PT08.S4(NO2), percentage=0.05) }
datasets/airQuality_parallel.csv;nsga2;1;8;800;800;4.74300e+01;100;3;29;1.00000e+00;1.00000e+00;7.30000e-01;7.75832e-01;8.64865e-01;Pipeline { filter(C6H6(GT) < 43.6000) };7.41322e-01;1.00000e+00;Pipeline { map_noise(attribute=PT08.S3(NOx), percentage=0.25) | map_noise(attribute=T, percentage=0.05) | map_noise(attribute=T, percentage=0.25) | map_noise(attribute=PT08.S4(NO2), percentage=0.10) | map_noise(attribute=PT08.S4(NO2), percentage=0.05) };7.54707e-01;9.36567e-01;Pipeline { map_noise(attribute=PT08.S4(NO2), percentage=0.05) | filter(T < 848000.0000) | filter(RH < 867000.0000) };7.41322e-01;1.00000e+00;Pipeline { map_noise(attribute=NMHC(GT), percentage=0.01) | map_noise(attribute=C6H6(GT), percentage=0.05) | map_noise(attribute=PT08.S4(NO2), percentage=0.05) | map_noise(attribute=AH, percentage=0.10) | map_noise(attribute=RH, percentage=0.10) }
datasets/airQuality_parallel.csv;nsga2;1;9;900;900;5.20980e+01;100;3;19;1.00000e+00;1.00000e+00;8.50000e-01;7.75832e-01;8.64865e-01;Pipeline { filter(C6H6(GT) < 43.6000) };7.41322e-01;1.00000e+00;Pipeline { map_noise(attribute=AH, percentage=0.10) | map_noise(attribute=C6H6(GT), percentage=0.10) | map_noise(attribute=PT08.S3(NOx), percentage=0.25) | map_noise(attribute=PT08.S4(NO2), percentage=0.10) | map_noise(attribute=RH, percentage=0.25) };7.56395e-01;9.29825e-01;Pipeline { map_noise(attribute=NMHC(GT), percentage=0.25) | map_noise(attribute=CO(GT), percentage=0.05) | map_noise(attribute=PT08.S4(NO2), percentage=0.25) | map_noise(attribute=AH, percentage=0.10) | map_noise(attribute=RH, percentage=0.10) };7.51258e-01;1.00000e+00;Pipeline { map_noise(attribute=NO2(GT), percentage=0.01) | map_noise(attribute=C6H6(GT), percentage=0.05) | map_noise(attribute=PT08.S4(NO2), percentage=0.25) | map_noise(attribute=PT08.S4(NO2), percentage=0.10) | map_noise(attribute=NOx(GT), percentage=0.05) }
datasets/airQuality_parallel.csv;nsga2;1;10;1000;1000;5.62240e+01;100;3;6;1.00000e+00;1.00000e+00;9.60000e-01;7.75832e-01;8.64865e-01;Pipeline { filter(C6H6(GT) < 43.6000) };7.41322e-01;1.00000e+00;Pipeline { map_noise(attribute=AH, percentage=0.10) | map_noise(attribute=C6H6(GT), percentage=0.10) | map_noise(attribute=PT08.S3(NOx), percentage=0.25) | map_noise(attribute=PT08.S4(NO2), percentage=0.10) | map_noise(attribute=RH, percentage=0.25) };7.57711e-01;6.47727e-01;Pipeline { map_noise(attribute=NO2(GT), percentage=0.25) | filter(T < 806000.0000) | map_noise(attribute=PT08.S5(O3), percentage=0.05) | map_noise(attribute=NOx(GT), percentage=0.01) };7.43071e-01;9.91243e-01;Pipeline { map_noise(attribute=CO(GT), percentage=0.01) }
datasets/airQuality_parallel.csv;nsga2;1;11;1100;1100;6.05030e+01;100;3;1;1.00000e+00;1.00000e+00;9.60000e-01;7.75832e-01;8.64865e-01;Pipeline { filter(C6H6(GT) < 43.6000) };7.42710e-01;1.00000e+00;Pipeline { map_noise(attribute=PT08.S3(NOx), percentage=0.25) | map_noise(attribute=C6H6(GT), percentage=0.05) | map_noise(attribute=PT08.S4(NO2), percentage=0.25) | map_noise(attribute=PT08.S4(NO2), percentage=0.10) | map_noise(attribute=NOx(GT), percentage=0.05) };7.60802e-01;9.19926e-01;Pipeline { map_noise(attribute=PT08.S4(NO2), percentage=0.05) | filter(AH < 65000.0000) | map_noise(attribute=PT08.S5(O3), percentage=0.05) | map_noise(attribute=CO(GT), percentage=0.01) };7.52562e-01;9.98243e-01;Pipeline { map_noise(attribute=NO2(GT), percentage=0.05) | map_noise(attribute=RH, percentage=0.05) | map_noise(attribute=PT08.S4(NO2), percentage=0.25) | map_noise(attribute=PT08.S4(NO2), percentage=0.10) | map_noise(attribute=NOx(GT), percentage=0.10) }
datasets/airQuality_parallel.csv;nsga2;1;12;1200;1200;6.55520e+01;100;5;3;1.00000e+00;1.00000e+00;9.50000e-01;7.79111e-01;6.93157e-01;Pipeline { filter(C6H6(GT) < 34.0000) };7.45747e-01;1.00000e+00;Pipeline { map_noise(attribute=PT08.S3(NOx), percentage=0.05) | map_noise(attribute=RH, percentage=0.10) | map_noise(attribute=PT08.S4(NO2), percentage=0.25) | map_noise(attribute=PT08.S4(NO2), percentage=0.10) | map_noise(attribute=NOx(GT), percentage=0.05) };7.61958e-01;8.79699e-01;Pipeline { map_noise(attribute=CO(GT), percentage=0.05) | map_noise(attribute=C6H6(GT), percentage=0.25) | filter(PT08.S3(NOx) > 0.0000) | map_noise(attribute=PT08.S1(CO), percentage=0.01) };7.52773e-01;9.98243e-01;Pipeline { map_noise(attribute=NO2(GT), percentage=0.05) | map_noise(attribute=C6H6(GT), percentage=0.05) | map_noise(attribute=PT08.S4(NO2), percentage=0.25) | map_noise(attribute=PT08.S4(NO2), percentage=0.10) | map_noise(attribute=NOx(GT), percentage=0.10) }
datasets/airQuality_parallel.csv;nsga2;1;13;1300;1300;6.96150e+01;100;5;3;1.00000e+00;1.00000e+00;9.40000e-01;7.79111e-01;6.93157e-01;Pipeline { filter(C6H6(GT) < 34.0000) };7.46187e-01;1.00000e+00;Pipeline { map_noise(attribute=PT08.S3(NOx), percentage=0.01) | map_noise(attribute=C6H6(GT), percentage=0.01) | map_noise(attribute=PT08.S4(NO2), percentage=0.25) | map_noise(attribute=PT08.S4(NO2), percentage=0.10) | map_noise(attribute=NOx(GT), percentage=0.05) };7.64070e-01;8.99811e-01;Pipeline { filter(C6H6(GT) < 47.6000) };7.52773e-01;9.98243e-01;Pipeline { map_noise(attribute=NO2(GT), percentage=0.05) | map_noise(attribute=C6H6(GT), percentage=0.05) | map_noise(attribute=PT08.S4(NO2), percentage=0.25) | map_noise(attribute=PT08.S4(NO2), percentage=0.10) | map_noise(attribute=NOx(GT), percentage=0.10) }
datasets/airQuality_parallel.csv;nsga2;1;14;1400;1400;7.35200e+01;100;5;3;1.00000e+00;1.00000e+00;9.20000e-01;7.81475e-01;7.55741e-01;Pipeline { filter(C6H6(GT) < 36.0000) };7.46574e-01;1.00000e+00;Pipeline { map_noise(attribute=PT08.S3(NOx), percentage=0.05) | map_noise(attribute=PT08.S2(NMHC), percentage=0.05) | map_noise(attribute=PT08.S4(NO2), percentage=0.25) | map_noise(attribute=PT08.S4(NO2), percentage=0.10) | map_noise(attribute=NOx(GT), percentage=0.05) };7.64492e-01;9.36567e-01;Pipeline { map_noise(attribute=PT08.S4(NO2), percentage=0.10) | filter(T < 806000.0000) | map_noise(attribute=PT08.S5(O3), percentage=0.10) | map_noise(attribute=NOx(GT), percentage=0.01) };7.52773e-01;9.98243e-01;Pipeline { map_noise(attribute=NO2(GT), percentage=0.05) | map_noise(attribute=C6H6(GT), percentage=0.05) | map_noise(attribute=PT08.S4(NO2), percentage=0.25) | map_noise(attribute=PT08.S4(NO2), percentage=0.10) | map_noise(attribute=NOx(GT), percentage=0.10) }
datasets/airQuality_parallel.csv;nsga2;1;15;1500;1500;7.90700e+01;100;5;3;1.00000e+00;1.00000e+00;9.00000e-01;7.81475e-01;7.55741e-01;Pipeline { filter(C6H6(GT) < 36.0000) };7.46841e-01;1.00000e+00;Pipeline { map_noise(attribute=NMHC(GT), percentage=0.25) | map_noise(attribute=C6H6(GT), percentage=0.10) | map_noise(attribute=PT08.S4(NO2), percentage=0.25) | map_noise(attribute=NO2(GT), percentage=0.05) | map_noise(attribute=NO2(GT), percentage=0.01) };7.64663e-01;9.25094e-01;Pipeline { map_noise(attribute=PT08.S4(NO2), percentage=0.05) | filter(AH < 867000.0000) | map_noise(attribute=PT08.S5(O3), percentage=0.05) | map_noise(attribute=CO(GT), percentage=0.01) };7.52562e-01;9.98243e-01;Pipeline { map_noise(attribute=NO2(GT), percentage=0.05) | map_noise(attribute=RH, percentage=0.05) | map_noise(attribute=PT08.S4(NO2), percentage=0.25) | map_noise(attribute=PT08.S4(NO2), percentage=0.10) | map_noise(attribute=NOx(GT), percentage=0.10) }
datasets/airQuality_parallel.csv;nsga2;1;16;1600;1600;8.42130e+01;100;5;2;1.00000e+00;1.00000e+00;9.00000e-01;7.81475e-01;7.55741e-01;Pipeline { filter(C6H6(GT) < 36.0000) };7.47150e-01;1.00000e+00;Pipeline { map_noise(attribute=PT08.S3(NOx), percentage=0.01) | map_noise(attribute=C6H6(GT), percentage=0.05) | map_noise(attribute=PT08.S4(NO2), percentage=0.25) | map_noise(attribute=PT08.S4(NO2), percentage=0.10) | map_noise(attribute=NOx(GT), percentage=0.05) };7.70528e-01;5.25510e-01;Pipeline { filter(C6H6(GT) < 29.6000) };7.52562e-01;9.98243e-01;Pipeline { map_noise(attribute=NO2(GT), percentage=0.05) | map_noise(attribute=RH, percentage=0.05) | map_noise(attribute=PT08.S4(NO2), percentage=0.25) | map_noise(attribute=PT08.S4(NO2), percentage=0.10) | map_noise(attribute=NOx(GT), percentage=0.10) }
datasets/airQuality_parallel.csv;nsga2;1;17;1700;1700;8.80350e+01;100;3;3;1.00000e+00;1.00000e+00;8.50000e-01;7.81475e-01;7.55741e-01;Pipeline { filter(C6H6(GT) < 36.0000) };7.47890e-01;1.00000e+00;Pipeline { map_noise(attribute=PT08.S3(NOx), percentage=0.25) | map_noise(attribute=C6H6(GT), percentage=0.05) | map_noise(attribute=PT08.S4(NO2), percentage=0.25) | map_noise(attribute=RH, percentage=0.10) | map_noise(attribute=NOx(GT), percentage=0.05) };7.73351e-01;9.64912e-01;Pipeline { map_noise(attribute=NO2(GT), percentage=0.10) | map_noise(attribute=C6H6(GT), percentage=0.05) | map_noise(attribute=PT08.S4(NO2), percentage=0.25) | map_noise(attribute=PT08.S4(NO2), percentage=0.10) | map_noise(attribute=NOx(GT), percentage=0.10) };7.52773e-01;9.98243e-01;Pipeline { map_noise(attribute=NO2(GT), percentage=0.05) | map_noise(attribute=C6H6(GT), percentage=0.05) | map_noise(attribute=PT08.S4(NO2), percentage=0.25) | map_noise(attribute=PT08.S4(NO2), percentage=0.10) | map_noise(attribute=NOx(GT), percentage=0.10) }
datasets/airQuality_parallel.csv;nsga2;1;18;1800;1800;9.27990e+01;100;3;3;1.00000e+00;1.00000e+00;8.20000e-01;7.81475e-01;7.55741e-01;Pipeline { filter(C6H6(GT) < 36.0000) };7.48214e-01;1.00000e+00;Pipeline { map_noise(attribute=PT08.S3(NOx), percentage=0.10) | map_noise(attribute=PT08.S2(NMHC), percentage=0.05) | map_noise(attribute=PT08.S4(NO2), percentage=0.25) | map_noise(attribute=RH, percentage=0.10) | map_noise(attribute=NOx(GT), percentage=0.05) };7.75486e-01;8.58252e-01;Pipeline { filter(C6H6(GT) < 41.4000) };7.50824e-01;9.96479e-01;Pipeline { map_noise(attribute=NO2(GT), percentage=0.05) | map_noise(attribute=RH, percentage=0.05) | map_noise(attribute=PT08.S2(NMHC), percentage=0.05) | map_noise(attribute=PT08.S4(NO2), percentage=0.10) | map_noise(attribute=NOx(GT), percentage=0.10) }
datasets/airQuality_parallel.csv;nsga2;1;19;1900;1900;9.67570e+01;100;3;4;1.00000e+00;1.00000e+00;7.80000e-01;7.81475e-01;7.55741e-01;Pipeline { filter(C6H6(GT) < 36.0000) };7.49467e-01;1.00000e+00;Pipeline { map_noise(attribute=NMHC(GT), percentage=0.10) | map_noise(attribute=C6H6(GT), percentage=0.05) | map_noise(attribute=PT08.S1(CO), percentage=0.10) | map_noise(attribute=PT08.S4(NO2), percentage=0.01) | map_noise(attribute=NOx(GT), percentage=0.10) };7.75659e-01;8.58252e-01;Pipeline { filter(C6H6(GT) < 42.3000) };7.50824e-01;9.96479e-01;Pipeline { map_noise(attribute=NO2(GT), percentage=0.05) | map_noise(attribute=RH, percentage=0.05) | map_noise(attribute=PT08.S2(NMHC), percentage=0.05) | map_noise(attribute=PT08.S4(NO2), percentage=0.10) | map_noise(attribute=NOx(GT), percentage=0.10) }
datasets/airQuality_parallel.csv;nsga2;1;20;2000;2000;1.01873e+02;100;3;1;1.00000e+00;1.00000e+00;7.60000e-01;7.81475e-01;7.55741e-01;Pipeline { filter(C6H6(GT) < 36.0000) };7.49593e-01;1.00000e+00;Pipeline { map_noise(attribute=NO2(GT), percentage=0.01) | map_noise(attribute=AH, percentage=0.05) | map_noise(attribute=PT08.S4(NO2), percentage=0.10) | map_noise(attribute=PT08.S4(NO2), percentage=0.10) | map_noise(attribute=NOx(GT), percentage=0.05) };7.75745e-01;8.62669e-01;Pipeline { filter(C6H6(GT) < 42.9000) };7.51113e-01;9.96491e-01;Pipeline { map_noise(attribute=NO2(GT), percentage=0.05) | map_noise(attribute=RH, percentage=0.05) | map_noise(attribute=NMHC(GT), percentage=0.01) | map_noise(attribute=PT08.S4(NO2), percentage=0.10) | map_noise(attribute=NOx(GT), percentage=0.10) }
datasets/airQuality_parallel.csv;nsga2;1;21;2100;2100;1.06302e+02;100;3;3;1.00000e+00;1.00000e+00;7.20000e-01;7.81475e-01;7.55741e-01;Pipeline { filter(C6H6(GT) < 36.0000) };7.50319e-01;1.00000e+00;Pipeline { map_noise(attribute=RH, percentage=0.05) | map_noise(attribute=C6H6(GT), percentage=0.05) | map_noise(attribute=PT08.S4(NO2), percentage=0.25) | map_noise(attribute=PT08.S4(NO2), percentage=0.10) | map_noise(attribute=NOx(GT), percentage=0.10) };7.75832e-01;8.64865e-01;Pipeline { filter(C6H6(GT) < 43.4000) };7.72749e-01;9.96479e-01;Pipeline { map_noise(attribute=NO2(GT), percentage=0.05) | map_noise(attribute=RH, percentage=0.05) | map_noise(attribute=NOx(GT), percentage=0.05) | map_noise(attribute=PT08.S4(NO2), percentage=0.10) | map_noise(attribute=PT08.S3(NOx), percentage=0.10) }
datasets/airQuality_parallel.csv;nsga2;1;22;2200;2200;1.11966e+02;100;3;2;1.00000e+00;1.00000e+00;7.10000e-01;7.81475e-01;7.55741e-01;Pipeline { filter(C6H6(GT) < 36.0000) };7.51219e-01;1.00000e+00;Pipeline { map_noise(attribute=NMHC(GT), percentage=0.10) | map_noise(attribute=C6H6(GT), percentage=0.05) | map_noise(attribute=PT08.S4(NO2), percentage=0.25) | map_noise(attribute=PT08.S4(NO2), percentage=0.10) | map_noise(attribute=NOx(GT), percentage=0.10) };7.75832e-01;8.64865e-01;Pipeline { filter(C6H6(GT) < 43.7000) };7.73351e-01;9.64912e-01;Pipeline { map_noise(attribute=NO2(GT), percentage=0.10) | map_noise(attribute=C6H6(GT), percentage=0.05) | map_noise(attribute=PT08.S4(NO2), percentage=0.25) | map_noise(attribute=PT08.S4(NO2), percentage=0.10) | map_noise(attribute=NOx(GT), percentage=0.10) }
datasets/airQuality_parallel.csv;nsga2;1;23;2300;2300;1.15576e+02;100;3;1;1.00000e+00;1.00000e+00;6.80000e-01;7.81475e-01;7.55741e-01;Pipeline { filter(C6H6(GT) < 36.0000) };7.51620e-01;1.00000e+00;Pipeline { map_noise(attribute=PT08.S3(NOx), percentage=0.05) | map_noise(attribute=C6H6(GT), percentage=0.05) | map_noise(attribute=PT08.S4(NO2), percentage=0.25) | map_noise(attribute=PT08.S4(NO2), percentage=0.10) | map_noise(attribute=NOx(GT), percentage=0.05) };7.75918e-01;8.67052e-01;Pipeline { filter(C6H6(GT) < 43.9000) };7.62098e-01;9.36567e-01;Pipeline { map_noise(attribute=T, percentage=0.25) | filter(T < 848000.0000) | map_noise(attribute=PT08.S5(O3), percentage=0.10) | map_noise(attribute=PT08.S2(NMHC), percentage=0.10) }
datasets/airQuality_parallel.csv;nsga2;1;24;2400;2400;1.20283e+02;100;3;9;1.00000e+00;1.00000e+00;6.60000e-01;7.81650e-01;7.67635e-01;Pipeline { filter(C6H6(GT) < 36.1000) };7.51672e-01;1.00000e+00;Pipeline { map_noise(attribute=PT08.S3(NOx), percentage=0.05) | map_noise(attribute=C6H6(GT), percentage=0.05) | map_noise(attribute=PT08.S4(NO2), percentage=0.25) | map_noise(attribute=RH, percentage=0.10) | map_noise(attribute=NOx(GT), percentage=0.05) };7.76091e-01;8.69231e-01;Pipeline { filter(C6H6(GT) < 44.1000) };7.62441e-01;9.36567e-01;Pipeline { map_noise(attribute=PT08.S4(NO2), percentage=0.05) | filter(PT08.S4(NO2) < 848000.0000) | map_noise(attribute=PT08.S5(O3), percentage=0.10) | map_noise(attribute=AH, percentage=0.10) }
datasets/airQuality_parallel.csv;nsga2;1;25;2500;2500;1.24205e+02;100;3;5;1.00000e+00;1.00000e+00;6.70000e-01;7.81826e-01;7.70186e-01;Pipeline { filter(C6H6(GT) < 36.2000) };7.52295e-01;1.00000e+00;Pipeline { map_noise(attribute=NO2(GT), percentage=0.05) | map_noise(attribute=RH, percentage=0.05) | map_noise(attribute=NOx(GT), percentage=0.10) | map_noise(attribute=PT08.S4(NO2), percentage=0.10) | map_noise(attribute=PT08.S5(O3), percentage=0.10) };7.76178e-01;8.71401e-01;Pipeline { filter(C6H6(GT) < 44.5000) };7.62441e-01;9.36567e-01;Pipeline { map_noise(attribute=PT08.S4(NO2), percentage=0.05) | filter(PT08.S4(NO2) < 848000.0000) | map_noise(attribute=PT08.S5(O3), percentage=0.10) | map_noise(attribute=AH, percentage=0.10) }
datasets/airQuality_parallel.csv;nsga2;1;26;2600;2600;1.29149e+02;100;4;5;1.00000e+00;1.00000e+00;6.60000e-01;7.81826e-01;7.70186e-01;Pipeline { filter(C6H6(GT) < 36.2000) };7.52456e-01;1.00000e+00;Pipeline { map_noise(attribute=NO2(GT), percentage=0.01) | map_noise(attribute=AH, percentage=0.05) | map_noise(attribute=PT08.S4(NO2), percentage=0.25) | map_noise(attribute=PT08.S4(NO2), percentage=0.10) | map_noise(attribute=NOx(GT), percentage=0.05) };7.76178e-01;8.71401e-01;Pipeline { filter(C6H6(GT) < 44.5000) };7.64058e-01;9.36567e-01;Pipeline { map_noise(attribute=PT08.S4(NO2), percentage=0.10) | filter(T < 806000.0000) | map_noise(attribute=PT08.S5(O3), percentage=0.10) | map_noise(attribute=C6H6(GT), percentage=0.01) }
datasets/airQuality_parallel.csv;nsga2;1;27;2700;2700;1.33251e+02;100;4;1;1.00000e+00;1.00000e+00;6.30000e-01;7.81826e-01;7.70186e-01;Pipeline { filter(C6H6(GT) < 36.2000) };7.53172e-01;1.00000e+00;Pipeline { map_noise(attribute=AH, percentage=0.25) | map_noise(attribute=C6H6(GT), percentage=0.05) | map_noise(attribute=PT08.S4(NO2), percentage=0.25) | map_noise(attribute=PT08.S4(NO2), percentage=0.10) | map_noise(attribute=NOx(GT), percentage=0.10) };7.76264e-01;8.73563e-01;Pipeline { filter(C6H6(GT) < 44.7000) };7.64492e-01;9.36567e-01;Pipeline { map_noise(attribute=PT08.S4(NO2), percentage=0.10) | filter(T < 806000.0000) | map_noise(attribute=PT08.S5(O3), percentage=0.10) | map_noise(attribute=NOx(GT), percentage=0.01) }
datasets/airQuality_parallel.csv;nsga2;1;28;2800;2800;1.40123e+02;100;4;13;1.00000e+00;1.00000e+00;6.30000e-01;7.81826e-01;7.70186e-01;Pipeline { filter(C6H6(GT) < 36.2000) };7.53172e-01;1.00000e+00;Pipeline { map_noise(attribute=AH, percentage=0.25) | map_noise(attribute=C6H6(GT), percentage=0.05) | map_noise(attribute=PT08.S4(NO2), percentage=0.25) | map_noise(attribute=PT08.S4(NO2), percentage=0.10) | map_noise(attribute=NOx(GT), percentage=0.10) };7.76264e-01;8.73563e-01;Pipeline { filter(C6H6(GT) < 44.6000) };7.64156e-01;9.36567e-01;Pipeline { map_noise(attribute=C6H6(GT), percentage=0.10) | map_noise(attribute=PT08.S4(NO2), percentage=0.01) | map_noise(attribute=PT08.S4(NO2), percentage=0.10) | filter(PT08.S3(NOx) > 0.0001) }
datasets/airQuality_parallel.csv;nsga2;1;29;2900;2900;1.43935e+02;100;4;11;1.00000e+00;1.00000e+00;6.70000e-01;7.81826e-01;7.70186e-01;Pipeline { filter(C6H6(GT) < 36.2000) };7.50627e-01;1.00000e+00;Pipeline { map_noise(attribute=PT08.S3(NOx), percentage=0.25) | map_noise(attribute=T, percentage=0.25) | map_noise(attribute=NMHC(GT), percentage=0.05) | map_noise(attribute=PT08.S4(NO2), percentage=0.10) | map_noise(attribute=NOx(GT), percentage=0.10) };7.76524e-01;8.80000e-01;Pipeline { filter(C6H6(GT) < 45.2000) };7.64156e-01;9.36567e-01;Pipeline { map_noise(attribute=C6H6(GT), percentage=0.10) | map_noise(attribute=PT08.S4(NO2), percentage=0.01) | map_noise(attribute=PT08.S4(NO2), percentage=0.10) | filter(PT08.S3(NOx) > 0.0001) }
datasets/airQuality_parallel.csv;nsga2;1;30;3000;3000;1.47411e+02;100;4;7;1.00000e+00;1.00000e+00;6.80000e-01;7.81826e-01;7.70186e-01;Pipeline { filter(C6H6(GT) < 36.2000) };7.51872e-01;1.00000e+00;Pipeline { map_noise(attribute=AH, percentage=0.10) | map_noise(attribute=RH, percentage=0.05) | map_noise(attribute=NOx(GT), percentage=0.05) | map_noise(attribute=PT08.S4(NO2), percentage=0.10) | map_noise(attribute=PT08.S3(NOx), percentage=0.10) };7.76610e-01;8.82129e-01;Pipeline { filter(C6H6(GT) < 45.8000) };7.73351e-01;9.64912e-01;Pipeline { map_noise(attribute=NO2(GT), percentage=0.10) | map_noise(attribute=C6H6(GT), percentage=0.05) | map_noise(attribute=PT08.S4(NO2), percentage=0.25) | map_noise(attribute=PT08.S4(NO2), percentage=0.10) | map_noise(attribute=NOx(GT), percentage=0.10) }
datasets/airQuality_parallel.csv;nsga2;1;31;3100;3100;1.53812e+02;100;4;5;1.00000e+00;1.00000e+00;7.00000e-01;7.81826e-01;7.70186e-01;Pipeline { filter(C6H6(GT) < 36.2000) };7.53172e-01;1.00000e+00;Pipeline { map_noise(attribute=AH, percentage=0.25) | map_noise(attribute=C6H6(GT), percentage=0.05) | map_noise(attribute=PT08.S4(NO2), percentage=0.25) | map_noise(attribute=PT08.S4(NO2), percentage=0.10) | map_noise(attribute=NOx(GT), percentage=0.10) };7.76610e-01;8.82129e-01;Pipeline { filter(C6H6(GT) < 45.8000) };7.57260e-01;9.91213e-01;Pipeline { map_noise(attribute=NO2(GT), percentage=0.10) | map_noise(attribute=PT08.S2(NMHC), percentage=0.05) | map_noise(attribute=PT08.S4(NO2), percentage=0.25) | map_noise(attribute=PT08.S4(NO2), percentage=0.10) | map_noise(attribute=PT08.S5(O3), percentage=0.10) }
datasets/airQuality_parallel.csv;nsga2;1;32;3200;3200;1.57882e+02;100;4;3;1.00000e+00;1.00000e+00;7.00000e-01;7.81826e-01;7.70186e-01;Pipeline { filter(C6H6(GT) < 36.2000) };7.53329e-01;1.00000e+00;Pipeline { map_noise(attribute=NMHC(GT), percentage=0.25) | map_noise(attribute=C6H6(GT), percentage=0.05) | map_noise(attribute=PT08.S4(NO2), percentage=0.25) | map_noise(attribute=NO2(GT), percentage=0.05) | map_noise(attribute=RH, percentage=0.01) };7.76610e-01;8.82129e-01;Pipeline { filter(C6H6(GT) < 45.3000) };7.72749e-01;9.96479e-01;Pipeline { map_noise(attribute=NO2(GT), percentage=0.05) | map_noise(attribute=RH, percentage=0.05) | map_noise(attribute=NOx(GT), percentage=0.05) | map_noise(attribute=PT08.S4(NO2), percentage=0.10) | map_noise(attribute=PT08.S3(NOx), percentage=0.10) }
datasets/airQuality_parallel.csv;nsga2;1;33;3300;3300;1.62205e+02;100;4;2;1.00000e+00;1.00000e+00;7.00000e-01;7.81913e-01;7.75258e-01;Pipeline { filter(C6H6(GT) < 36.3000) };7.53425e-01;1.00000e+00;Pipeline { map_noise(attribute=NO2(GT), percentage=0.05) | map_noise(attribute=RH, percentage=0.01) | map_noise(attribute=PT08.S2(NMHC), percentage=0.25) | map_noise(attribute=PT08.S4(NO2), percentage=0.10) | map_noise(attribute=T, percentage=0.25) };7.76610e-01;8.82129e-01;Pipeline { filter(C6H6(GT) < 45.4000) };7.67994e-01;9.96491e-01;Pipeline { map_noise(attribute=NO2(GT), percentage=0.05) | map_noise(attribute=RH, percentage=0.05) | map_noise(attribute=NOx(GT), percentage=0.05) | map_noise(attribute=PT08.S2(NMHC), percentage=0.01) | map_noise(attribute=PT08.S3(NOx), percentage=0.10) }
datasets/airQuality_parallel.csv;nsga2;1;34;3400;3400;1.66099e+02;100;4;1;1.00000e+00;1.00000e+00;7.00000e-01;7.81913e-01;7.75258e-01;Pipeline { filter(C6H6(GT) < 36.3000) };7.49470e-01;1.00000e+00;Pipeline { map_noise(attribute=PT08.S3(NOx), percentage=0.05) | map_noise(attribute=RH, percentage=0.01) | map_noise(attribute=PT08.S2(NMHC), percentage=0.25) | map_noise(attribute=AH, percentage=0.01) | map_noise(attribute=NOx(GT), percentage=0.10) };7.76610e-01;8.82129e-01;Pipeline { filter(C6H6(GT) < 45.9000) };7.60040e-01;9.96491e-01;Pipeline { map_noise(attribute=NO2(GT), percentage=0.05) | map_noise(attribute=RH, percentage=0.05) | map_noise(attribute=RH, percentage=0.25) | map_noise(attribute=PT08.S4(NO2), percentage=0.01) | map_noise(attribute=NOx(GT), percentage=0.10) }
datasets/airQuality_parallel.csv;nsga2;1;35;3500;3500;1.69549e+02;100;4;6;1.00000e+00;1.00000e+00;7.00000e-01;7.81913e-01;7.75258e-01;Pipeline { filter(C6H6(GT) < 36.3000) };7.53449e-01;1.00000e+00;Pipeline { map_noise(attribute=NO2(GT), percentage=0.01) | map_noise(attribute=RH, percentage=0.05) | map_noise(attribute=PT08.S4(NO2), percentage=0.25) | map_noise(attribute=PT08.S4(NO2), percentage=0.10) | map_noise(attribute=NOx(GT), percentage=0.10) };7.76610e-01;8.82129e-01;Pipeline { filter(C6H6(GT) < 45.5000) };7.58202e-01;9.96491e-01;Pipeline { map_noise(attribute=NO2(GT), percentage=0.05) | map_noise(attribute=RH, percentage=0.05) | map_noise(attribute=NOx(GT), percentage=0.05) | map_noise(attribute=PT08.S1(CO), percentage=0.25) | map_noise(attribute=PT08.S3(NOx), percentage=0.10) }
datasets/airQuality_parallel.csv;nsga2;1;36;3600;3600;1.74015e+02;100;4;12;1.00000e+00;1.00000e+00;7.00000e-01;7.81913e-01;7.75258e-01;Pipeline { filter(C6H6(GT) < 36.3000) };7.53632e-01;1.00000e+00;Pipeline { map_noise(attribute=RH, percentage=0.05) | map_noise(attribute=T, percentage=0.25) | map_noise(attribute=PT08.S4(NO2), percentage=0.01) | map_noise(attribute=PT08.S4(NO2), percentage=0.10) | map_noise(attribute=NOx(GT), percentage=0.10) };7.76610e-01;8.82129e-01;Pipeline { filter(C6H6(GT) < 45.3000) };7.60040e-01;9.96491e-01;Pipeline { map_noise(attribute=NO2(GT), percentage=0.05) | map_noise(attribute=RH, percentage=0.05) | map_noise(attribute=RH, percentage=0.25) | map_noise(attribute=PT08.S4(NO2), percentage=0.01) | map_noise(attribute=NOx(GT), percentage=0.10) }
datasets/airQuality_parallel.csv;nsga2;1;37;3700;3700;1.79586e+02;100;4;10;1.00000e+00;1.00000e+00;7.00000e-01;7.81913e-01;7.75258e-01;Pipeline { filter(C6H6(GT) < 36.3000) };7.53902e-01;1.00000e+00;Pipeline { map_noise(attribute=NO2(GT), percentage=0.01) | map_noise(attribute=AH, percentage=0.05) | map_noise(attribute=PT08.S4(NO2), percentage=0.25) | map_noise(attribute=PT08.S3(NOx), percentage=0.25) | map_noise(attribute=NOx(GT), percentage=0.05) };7.76610e-01;8.82129e-01;Pipeline { filter(C6H6(GT) < 45.3000) };7.67994e-01;9.96491e-01;Pipeline { map_noise(attribute=NO2(GT), percentage=0.05) | map_noise(attribute=RH, percentage=0.05) | map_noise(attribute=NOx(GT), percentage=0.05) | map_noise(attribute=PT08.S2(NMHC), percentage=0.01) | map_noise(attribute=PT08.S3(NOx), percentage=0.10) }
datasets/airQuality_parallel.csv;nsga2;1;38;3800;3800;1.84383e+02;100;4;10;1.00000e+00;1.00000e+00;7.00000e-01;7.81913e-01;7.75258e-01;Pipeline { filter(C6H6(GT) < 36.3000) };7.53902e-01;1.00000e+00;Pipeline { map_noise(attribute=NO2(GT), percentage=0.01) | map_noise(attribute=AH, percentage=0.05) | map_noise(attribute=PT08.S4(NO2), percentage=0.25) | map_noise(attribute=PT08.S3(NOx), percentage=0.25) | map_noise(attribute=NOx(GT), percentage=0.05) };7.76610e-01;8.82129e-01;Pipeline { filter(C6H6(GT) < 45.4000) };7.67994e-01;9.96491e-01;Pipeline { map_noise(attribute=NO2(GT), percentage=0.05) | map_noise(attribute=RH, percentage=0.05) | map_noise(attribute=NOx(GT), percentage=0.05) | map_noise(attribute=PT08.S2(NMHC), percentage=0.01) | map_noise(attribute=PT08.S3(NOx), percentage=0.10) }
datasets/airQuality_parallel.csv;nsga2;1;39;3900;3900;1.87826e+02;100;4;7;1.00000e+00;1.00000e+00;7.30000e-01;7.81913e-01;7.75258e-01;Pipeline { filter(C6H6(GT) < 36.3000) };7.53958e-01;1.00000e+00;Pipeline { map_noise(attribute=PT08.S3(NOx), percentage=0.25) | map_noise(attribute=T, percentage=0.25) | map_noise(attribute=PT08.S4(NO2), percentage=0.25) | map_noise(attribute=PT08.S4(NO2), percentage=0.10) | map_noise(attribute=NOx(GT), percentage=0.10) };7.76610e-01;8.82129e-01;Pipeline { filter(C6H6(GT) < 45.7000) };7.56315e-01;9.96491e-01;Pipeline { map_noise(attribute=NO2(GT), percentage=0.05) | map_noise(attribute=RH, percentage=0.01) | map_noise(attribute=PT08.S2(NMHC), percentage=0.25) | map_noise(attribute=AH, percentage=0.01) | map_noise(attribute=NOx(GT), percentage=0.10) }
datasets/airQuality_parallel.csv;nsga2;1;40;4000;4000;1.91803e+02;100;4;4;1.00000e+00;1.00000e+00;7.30000e-01;7.81913e-01;7.75258e-01;Pipeline { filter(C6H6(GT) < 36.3000) };7.53958e-01;1.00000e+00;Pipeline { map_noise(attribute=PT08.S3(NOx), percentage=0.25) | map_noise(attribute=T, percentage=0.25) | map_noise(attribute=PT08.S4(NO2), percentage=0.25) | map_noise(attribute=PT08.S4(NO2), percentage=0.10) | map_noise(attribute=NOx(GT), percentage=0.10) };7.76610e-01;8.82129e-01;Pipeline { filter(C6H6(GT) < 45.6000) };7.65069e-01;9.96503e-01;Pipeline { map_noise(attribute=NO2(GT), percentage=0.05) | map_noise(attribute=RH, percentage=0.01) | map_noise(attribute=NMHC(GT), percentage=0.25) | map_noise(attribute=NMHC(GT), percentage=0.10) | map_noise(attribute=NOx(GT), percentage=0.10) }
datasets/airQuality_parallel.csv;nsga2;1;41;4100;4100;1.95679e+02;100;4;3;1.00000e+00;1.00000e+00;7.30000e-01;7.81913e-01;7.75258e-01;Pipeline { filter(C6H6(GT) < 36.3000) };7.53977e-01;1.00000e+00;Pipeline { map_noise(attribute=RH, percentage=0.05) | map_noise(attribute=PT08.S2(NMHC), percentage=0.05) | map_noise(attribute=PT08.S4(NO2), percentage=0.25) | map_noise(attribute=PT08.S4(NO2), percentage=0.10) | map_noise(attribute=NOx(GT), percentage=0.10) };7.76610e-01;8.82129e-01;Pipeline { filter(C6H6(GT) < 45.9000) };7.65069e-01;9.96503e-01;Pipeline { map_noise(attribute=NO2(GT), percentage=0.05) | map_noise(attribute=RH, percentage=0.01) | map_noise(attribute=NMHC(GT), percentage=0.25) | map_noise(attribute=NMHC(GT), percentage=0.10) | map_noise(attribute=NOx(GT), percentage=0.10) }
datasets/airQuality_parallel.csv;nsga2;1;42;4200;4200;2.00427e+02;100;4;3;1.00000e+00;1.00000e+00;7.30000e-01;7.81913e-01;7.75258e-01;Pipeline { filter(C6H6(GT) < 36.3000) };7.54398e-01;1.00000e+00;Pipeline { map_noise(attribute=NO2(GT), percentage=0.05) | map_noise(attribute=C6H6(GT), percentage=0.05) | map_noise(attribute=PT08.S1(CO), percentage=0.25) | map_noise(attribute=PT08.S4(NO2), percentage=0.10) | map_noise(attribute=NOx(GT), percentage=0.10) };7.76610e-01;8.82129e-01;Pipeline { filter(C6H6(GT) < 45.5000) };7.55501e-01;9.96503e-01;Pipeline { map_noise(attribute=NO2(GT), percentage=0.05) | map_noise(attribute=RH, percentage=0.05) | map_noise(attribute=PT08.S2(NMHC), percentage=0.25) | map_noise(attribute=NMHC(GT), percentage=0.10) | map_noise(attribute=NOx(GT), percentage=0.10) }
datasets/airQuality_parallel.csv;nsga2;1;43;4300;4300;2.04565e+02;100;4;2;1.00000e+00;1.00000e+00;7.30000e-01;7.81913e-01;7.75258e-01;Pipeline { filter(C6H6(GT) < 36.3000) };7.54398e-01;1.00000e+00;Pipeline { map_noise(attribute=NO2(GT), percentage=0.05) | map_noise(attribute=C6H6(GT), percentage=0.05) | map_noise(attribute=PT08.S1(CO), percentage=0.25) | map_noise(attribute=PT08.S4(NO2), percentage=0.10) | map_noise(attribute=NOx(GT), percentage=0.10) };7.76610e-01;8.82129e-01;Pipeline { filter(C6H6(GT) < 45.3000) };7.74170e-01;9.98243e-01;Pipeline { map_noise(attribute=NO2(GT), percentage=0.05) | map_noise(attribute=RH, percentage=0.05) | map_noise(attribute=T, percentage=0.05) | map_noise(attribute=PT08.S4(NO2), percentage=0.01) | map_noise(attribute=NOx(GT), percentage=0.10) }
datasets/airQuality_parallel.csv;nsga2;1;44;4400;4400;2.08725e+02;100;4;1;1.00000e+00;1.00000e+00;7.30000e-01;7.81913e-01;7.75258e-01;Pipeline { filter(C6H6(GT) < 36.3000) };7.54436e-01;1.00000e+00;Pipeline { map_noise(attribute=NO2(GT), percentage=0.05) | map_noise(attribute=RH, percentage=0.05) | map_noise(attribute=PT08.S4(NO2), percentage=0.01) | map_noise(attribute=PT08.S4(NO2), percentage=0.01) | map_noise(attribute=NOx(GT), percentage=0.10) };7.76610e-01;8.82129e-01;Pipeline { filter(C6H6(GT) < 45.4000) };7.74170e-01;9.98243e-01;Pipeline { map_noise(attribute=NO2(GT), percentage=0.05) | map_noise(attribute=RH, percentage=0.05) | map_noise(attribute=T, percentage=0.05) | map_noise(attribute=PT08.S4(NO2), percentage=0.01) | map_noise(attribute=NOx(GT), percentage=0.10) }
datasets/airQuality_parallel.csv;nsga2;1;45;4500;4500;2.13085e+02;100;4;6;1.00000e+00;1.00000e+00;7.30000e-01;7.81913e-01;7.75258e-01;Pipeline { filter(C6H6(GT) < 36.3000) };7.54436e-01;1.00000e+00;Pipeline { map_noise(attribute=NO2(GT), percentage=0.05) | map_noise(attribute=RH, percentage=0.05) | map_noise(attribute=PT08.S4(NO2), percentage=0.01) | map_noise(attribute=PT08.S4(NO2), percentage=0.01) | map_noise(attribute=NOx(GT), percentage=0.10) };7.76610e-01;8.82129e-01;Pipeline { filter(C6H6(GT) < 45.6000) };7.55501e-01;9.96503e-01;Pipeline { map_noise(attribute=NO2(GT), percentage=0.05) | map_noise(attribute=RH, percentage=0.05) | map_noise(attribute=PT08.S2(NMHC), percentage=0.25) | map_noise(attribute=NMHC(GT), percentage=0.10) | map_noise(attribute=NOx(GT), percentage=0.10) }
datasets/airQuality_parallel.csv;nsga2;1;46;4600;4600;2.16520e+02;100;4;4;1.00000e+00;1.00000e+00;7.40000e-01;7.81913e-01;7.75258e-01;Pipeline { filter(C6H6(GT) < 36.3000) };7.54436e-01;1.00000e+00;Pipeline { map_noise(attribute=NO2(GT), percentage=0.05) | map_noise(attribute=RH, percentage=0.05) | map_noise(attribute=PT08.S4(NO2), percentage=0.01) | map_noise(attribute=PT08.S4(NO2), percentage=0.01) | map_noise(attribute=NOx(GT), percentage=0.10) };7.76610e-01;8.82129e-01;Pipeline { filter(C6H6(GT) < 45.9000) };7.66569e-01;9.98243e-01;Pipeline { map_noise(attribute=NO2(GT), percentage=0.05) | map_noise(attribute=NOx(GT), percentage=0.05) | map_noise(attribute=PT08.S2(NMHC), percentage=0.05) | map_noise(attribute=PT08.S4(NO2), percentage=0.01) | map_noise(attribute=C6H6(GT), percentage=0.01) }
datasets/airQuality_parallel.csv;nsga2;1;47;4700;4700;2.19999e+02;100;4;3;1.00000e+00;1.00000e+00;7.40000e-01;7.81913e-01;7.75258e-01;Pipeline { filter(C6H6(GT) < 36.3000) };7.54436e-01;1.00000e+00;Pipeline { map_noise(attribute=NO2(GT), percentage=0.05) | map_noise(attribute=RH, percentage=0.05) | map_noise(attribute=PT08.S4(NO2), percentage=0.01) | map_noise(attribute=PT08.S4(NO2), percentage=0.01) | map_noise(attribute=NOx(GT), percentage=0.10) };7.76610e-01;8.82129e-01;Pipeline { filter(C6H6(GT) < 45.5000) };7.63403e-01;9.98243e-01;Pipeline { map_noise(attribute=NO2(GT), percentage=0.05) | map_noise(attribute=T, percentage=0.25) | map_noise(attribute=NMHC(GT), percentage=0.25) | map_noise(attribute=NMHC(GT), percentage=0.10) | map_noise(attribute=NOx(GT), percentage=0.10) }
datasets/airQuality_parallel.csv;nsga2;1;48;4800;4800;2.23583e+02;100;4;1;1.00000e+00;1.00000e+00;7.30000e-01;7.81913e-01;7.75258e-01;Pipeline { filter(C6H6(GT) < 36.3000) };7.55217e-01;1.00000e+00;Pipeline { map_noise(attribute=NO2(GT), percentage=0.05) | map_noise(attribute=RH, percentage=0.01) | map_noise(attribute=NMHC(GT), percentage=0.25) | map_noise(attribute=PT08.S4(NO2), percentage=0.10) | map_noise(attribute=NOx(GT), percentage=0.10) };7.76610e-01;8.82129e-01;Pipeline { filter(C6H6(GT) < 45.6000) };7.66569e-01;9.98243e-01;Pipeline { map_noise(attribute=NO2(GT), percentage=0.05) | map_noise(attribute=NOx(GT), percentage=0.05) | map_noise(attribute=PT08.S2(NMHC), percentage=0.05) | map_noise(attribute=PT08.S4(NO2), percentage=0.01) | map_noise(attribute=C6H6(GT), percentage=0.01) }
datasets/airQuality_parallel.csv;nsga2;1;49;4900;4900;2.27400e+02;100;4;3;1.00000e+00;1.00000e+00;7.30000e-01;7.81913e-01;7.75258e-01;Pipeline { filter(C6H6(GT) < 36.3000) };7.55217e-01;1.00000e+00;Pipeline { map_noise(attribute=NO2(GT), percentage=0.05) | map_noise(attribute=RH, percentage=0.01) | map_noise(attribute=NMHC(GT), percentage=0.25) | map_noise(attribute=PT08.S4(NO2), percentage=0.10) | map_noise(attribute=NOx(GT), percentage=0.10) };7.76610e-01;8.82129e-01;Pipeline { filter(C6H6(GT) < 45.9000) };7.74170e-01;9.98243e-01;Pipeline { map_noise(attribute=NO2(GT), percentage=0.05) | map_noise(attribute=RH, percentage=0.05) | map_noise(attribute=T, percentage=0.05) | map_noise(attribute=PT08.S4(NO2), percentage=0.01) | map_noise(attribute=NOx(GT), percentage=0.10) }
datasets/airQuality_parallel.csv;nsga2;1;50;5000;5000;2.32605e+02;100;4;3;1.00000e+00;1.00000e+00;7.30000e-01;7.81913e-01;7.75258e-01;Pipeline { filter(C6H6(GT) < 36.3000) };7.56276e-01;1.00000e+00;Pipeline { map_noise(attribute=RH, percentage=0.05) | map_noise(attribute=T, percentage=0.25) | map_noise(attribute=RH, percentage=0.25) | map_noise(attribute=PT08.S4(NO2), percentage=0.10) | map_noise(attribute=NOx(GT), percentage=0.10) };7.76610e-01;8.82129e-01;Pipeline { filter(C6H6(GT) < 45.5000) };7.74170e-01;9.98243e-01;Pipeline { map_noise(attribute=NO2(GT), percentage=0.05) | map_noise(attribute=RH, percentage=0.05) | map_noise(attribute=T, percentage=0.05) | map_noise(attribute=PT08.S4(NO2), percentage=0.01) | map_noise(attribute=NOx(GT), percentage=0.10) }
datasets/airQuality_parallel.csv;nsga2;2;1;100;100;8.56300e+00;100;6;57;9.60000e-01;9.60000e-01;4.00000e-01;7.55062e-01;9.36567e-01;Pipeline { filter(PT08.S4(NO2) > 0.0817) | map_noise(attribute=PT08.S1(CO), percentage=0.10) | filter(PT08.S1(CO) > 0.0426) | filter(PT08.S3(NOx) > 8.6600) };6.11232e-01;1.00000e+00;Pipeline { filter(NO2(GT) < 37200.0000) };4.61606e-01;9.24956e-01;Pipeline { map_duplicate(probability=0.60) };2.53774e-01;8.84211e-01;Pipeline { map_noise(attribute=NO2(GT), percentage=0.10) | map_duplicate(probability=0.70) | map_duplicate(probability=0.70) | map_noise(attribute=PT08.S1(CO), percentage=0.05) }
datasets/airQuality_parallel.csv;nsga2;2;2;200;200;1.86470e+01;100;2;1;9.60000e-01;9.60000e-01;8.00000e-01;7.55062e-01;9.36567e-01;Pipeline { filter(PT08.S4(NO2) > 0.0817) | map_noise(attribute=PT08.S1(CO), percentage=0.10) | filter(PT08.S1(CO) > 0.0426) | filter(PT08.S3(NOx) > 8.6600) };6.11232e-01;1.00000e+00;Pipeline { filter(NO2(GT) < 37200.0000) };7.39254e-01;9.36567e-01;Pipeline { filter(PT08.S2(NMHC) > 0.0694) };4.10228e-01;9.63731e-01;Pipeline { map_duplicate(probability=0.80) }
datasets/airQuality_parallel.csv;nsga2;2;3;300;300;2.75300e+01;100;1;1;9.80000e-01;9.80000e-01;4.90000e-01;7.59878e-01;1.00000e+00;Pipeline { map_noise(attribute=NOx(GT), percentage=0.25) };6.11232e-01;1.00000e+00;Pipeline { filter(NO2(GT) < 37200.0000) };7.41322e-01;1.00000e+00;Pipeline { map_noise(attribute=PT08.S4(NO2), percentage=0.05) };7.41322e-01;1.00000e+00;Pipeline { map_noise(attribute=PT08.S2(NMHC), percentage=0.10) }
datasets/airQuality_parallel.csv;nsga2;2;4;400;400;3.15880e+01;100;2;14;1.00000e+00;9.90000e-01;5.40000e-01;7.61820e-01;9.36567e-01;Pipeline { filter(PT08.S4(NO2) > 0.0817) | map_noise(attribute=PT08.S1(CO), percentage=0.10) | filter(PT08.S1(CO) > 0.0426) | filter(PT08.S3(NOx) > 8.6600) };6.07984e-01;1.00000e+00;Pipeline { filter(CO(GT) < 4700000.0000) };7.41322e-01;1.00000e+00;Pipeline { map_noise(attribute=C6H6(GT), percentage=0.25) };7.41322e-01;1.00000e+00;Pipeline { map_noise(attribute=C6H6(GT), percentage=0.01) }
datasets/airQuality_parallel.csv;nsga2;2;5;500;500;3.65610e+01;100;2;5;1.00000e+00;9.90000e-01;5.00000e-01;7.61820e-01;9.36567e-01;Pipeline { filter(PT08.S4(NO2) > 0.0817) | map_noise(attribute=PT08.S1(CO), percentage=0.10) | filter(PT08.S1(CO) > 0.0426) | filter(PT08.S3(NOx) > 8.6600) };6.11232e-01;1.00000e+00;Pipeline { filter(NO2(GT) < 37200.0000) };7.43566e-01;9.39286e-01;Pipeline { map_noise(attribute=CO(GT), percentage=0.05) };7.41322e-01;1.00000e+00;Pipeline { map_noise(attribute=RH, percentage=0.05) }
datasets/airQuality_parallel.csv;nsga2;2;6;600;600;4.05340e+01;100;2;2;1.00000e+00;9.90000e-01;4.30000e-01;7.64926e-01;9.36567e-01;Pipeline { filter(RH > 0.0000) | map_noise(attribute=NOx(GT), percentage=0.25) | filter(C6H6(GT) < 973000.0000) };7.40511e-01;1.00000e+00;Pipeline { map_noise(attribute=NO2(GT), percentage=0.05) | map_noise(attribute=NOx(GT), percentage=0.05) | map_noise(attribute=C6H6(GT), percentage=0.01) };7.46088e-01;1.00000e+00;Pipeline { map_noise(attribute=PT08.S2(NMHC), percentage=0.05) | map_noise(attribute=NOx(GT), percentage=0.05) | map_noise(attribute=C6H6(GT), percentage=0.01) };7.41322e-01;1.00000e+00;Pipeline { map_noise(attribute=C6H6(GT), percentage=0.05) }
datasets/airQuality_parallel.csv;nsga2;2;7;700;700;4.89640e+01;100;2;66;1.00000e+00;1.00000e+00;3.80000e-01;7.64926e-01;9.36567e-01;Pipeline { filter(RH > 0.0000) | map_noise(attribute=NOx(GT), percentage=0.25) | filter(C6H6(GT) < 973000.0000) };7.41322e-01;1.00000e+00;Pipeline { map_noise(attribute=NMHC(GT), percentage=0.05) };7.46088e-01;1.00000e+00;Pipeline { map_noise(attribute=PT08.S2(NMHC), percentage=0.05) | map_noise(attribute=NOx(GT), percentage=0.05) | map_noise(attribute=C6H6(GT), percentage=0.01) };7.41322e-01;1.00000e+00;Pipeline { map_noise(attribute=PT08.S4(NO2), percentage=0.01) }
datasets/airQuality_parallel.csv;nsga2;2;8;800;800;5.30060e+01;100;2;52;1.00000e+00;1.00000e+00;5.00000e-01;7.64926e-01;9.36567e-01;Pipeline { filter(RH > 0.0000) | map_noise(attribute=NOx(GT), percentage=0.25) | filter(C6H6(GT) < 973000.0000) };7.41322e-01;1.00000e+00;Pipeline { map_noise(attribute=RH, percentage=0.05) | map_noise(attribute=PT08.S2(NMHC), percentage=0.05) };7.48972e-01;1.00000e+00;Pipeline { map_noise(attribute=PT08.S2(NMHC), percentage=0.25) | map_noise(attribute=NOx(GT), percentage=0.05) | map_noise(attribute=T, percentage=0.05) };7.41322e-01;1.00000e+00;Pipeline { map_noise(attribute=RH, percentage=0.25) | map_noise(attribute=PT08.S2(NMHC), percentage=0.05) }
datasets/airQuality_parallel.csv;nsga2;2;9;900;900;5.69850e+01;100;2;36;1.00000e+00;1.00000e+00;6.60000e-01;7.64926e-01;9.36567e-01;Pipeline { filter(RH > 0.0000) | map_noise(attribute=NOx(GT), percentage=0.25) | filter(C6H6(GT) < 973000.0000) };7.41322e-01;1.00000e+00;Pipeline { map_noise(attribute=PT08.S1(CO), percentage=0.05) | map_noise(attribute=PT08.S1(CO), percentage=0.10) };7.51687e-01;1.00000e+00;Pipeline { map_noise(attribute=NOx(GT), percentage=0.25) | map_noise(attribute=PT08.S5(O3), percentage=0.05) };7.41322e-01;1.00000e+00;Pipeline { map_noise(attribute=PT08.S4(NO2), percentage=0.05) | map_noise(attribute=PT08.S1(CO), percentage=0.01) }
datasets/airQuality_parallel.csv;nsga2;2;10;1000;1000;6.13330e+01;100;2;14;1.00000e+00;1.00000e+00;8.80000e-01;7.64926e-01;9.36567e-01;Pipeline { filter(RH > 0.0000) | map_noise(attribute=NOx(GT), percentage=0.25) | filter(C6H6(GT) < 973000.0000) };7.41322e-01;1.00000e+00;Pipeline { map_noise(attribute=NMHC(GT), percentage=0.25) | map_noise(attribute=RH, percentage=0.25) | map_noise(attribute=PT08.S2(NMHC), percentage=0.05) };7.56243e-01;9.36567e-01;Pipeline { filter(PT08.S5(O3) > 33.0000) | map_noise(attribute=PT08.S1(CO), percentage=0.10) | filter(PT08.S1(CO) > 0.0426) | filter(PT08.S3(NOx) > 8.6600) };7.45618e-01;1.00000e+00;Pipeline { map_noise(attribute=NOx(GT), percentage=0.01) | map_noise(attribute=NOx(GT), percentage=0.05) | map_noise(attribute=PT08.S1(CO), percentage=0.10) }
datasets/airQuality_parallel.csv;nsga2;2;11;1100;1100;6.62840e+01;100;3;1;1.00000e+00;1.00000e+00;1.00000e+00;7.70657e-01;8.55172e-01;Pipeline { map_noise(attribute=PT08.S2(NMHC), percentage=0.05) | map_noise(attribute=NOx(GT), percentage=0.05) | map_noise(attribute=CO(GT), percentage=0.10) };7.42807e-01;1.00000e+00;Pipeline { map_noise(attribute=NO2(GT), percentage=0.05) };7.56868e-01;9.36567e-01;Pipeline { filter(PT08.S4(NO2) > 0.0817) | map_noise(attribute=PT08.S1(CO), percentage=0.05) | filter(PT08.S1(CO) > 0.0426) | filter(PT08.S3(NOx) > 8.6600) };7.48503e-01;1.00000e+00;Pipeline { map_noise(attribute=NMHC(GT), percentage=0.10) | map_noise(attribute=NOx(GT), percentage=0.05) | map_noise(attribute=PT08.S2(NMHC), percentage=0.05) }
datasets/airQuality_parallel.csv;nsga2;2;12;1200;1200;6.99410e+01;100;3;2;1.00000e+00;1.00000e+00;1.00000e+00;7.70657e-01;8.55172e-01;Pipeline { map_noise(attribute=PT08.S2(NMHC), percentage=0.05) | map_noise(attribute=NOx(GT), percentage=0.05) | map_noise(attribute=CO(GT), percentage=0.10) };7.43909e-01;1.00000e+00;Pipeline { map_noise(attribute=PT08.S2(NMHC), percentage=0.25) | map_noise(attribute=NOx(GT), percentage=0.01) | map_noise(attribute=AH, percentage=0.05) };7.58594e-01;9.36567e-01;Pipeline { filter(AH > 0.0817) | map_noise(attribute=PT08.S1(CO), percentage=0.10) | filter(PT08.S1(CO) > 0.0426) | filter(PT08.S3(NOx) > 4.6600) };7.48503e-01;1.00000e+00;Pipeline { map_noise(attribute=NMHC(GT), percentage=0.10) | map_noise(attribute=NOx(GT), percentage=0.05) | map_noise(attribute=PT08.S2(NMHC), percentage=0.05) }
datasets/airQuality_parallel.csv;nsga2;2;13;1300;1300;7.39830e+01;100;3;2;1.00000e+00;1.00000e+00;1.00000e+00;7.70657e-01;8.55172e-01;Pipeline { map_noise(attribute=PT08.S2(NMHC), percentage=0.05) | map_noise(attribute=NOx(GT), percentage=0.05) | map_noise(attribute=CO(GT), percentage=0.10) };7.45618e-01;1.00000e+00;Pipeline { map_noise(attribute=NOx(GT), percentage=0.01) | map_noise(attribute=NOx(GT), percentage=0.05) | map_noise(attribute=PT08.S1(CO), percentage=0.10) };7.59243e-01;9.36567e-01;Pipeline { filter(PT08.S2(NMHC) > 0.0000) | map_noise(attribute=NOx(GT), percentage=0.25) | filter(C6H6(GT) < 953000.0000) };7.48972e-01;1.00000e+00;Pipeline { map_noise(attribute=PT08.S2(NMHC), percentage=0.25) | map_noise(attribute=NOx(GT), percentage=0.05) | map_noise(attribute=T, percentage=0.05) }
datasets/airQuality_parallel.csv;nsga2;2;14;1400;1400;7.79920e+01;100;3;1;1.00000e+00;1.00000e+00;1.00000e+00;7.70657e-01;8.55172e-01;Pipeline { map_noise(attribute=PT08.S2(NMHC), percentage=0.05) | map_noise(attribute=NOx(GT), percentage=0.05) | map_noise(attribute=CO(GT), percentage=0.10) };7.46080e-01;1.00000e+00;Pipeline { map_noise(attribute=PT08.S2(NMHC), percentage=0.25) | map_noise(attribute=NOx(GT), percentage=0.05) | map_noise(attribute=PT08.S3(NOx), percentage=0.05) };7.59582e-01;9.36567e-01;Pipeline { filter(PT08.S5(O3) > 37.6000) | map_noise(attribute=PT08.S1(CO), percentage=0.10) | filter(PT08.S1(CO) > 0.0426) | filter(PT08.S3(NOx) > 8.6600) };7.49716e-01;1.00000e+00;Pipeline { map_noise(attribute=NOx(GT), percentage=0.25) | map_noise(attribute=NOx(GT), percentage=0.05) }
datasets/airQuality_parallel.csv;nsga2;2;15;1500;1500;8.28210e+01;100;3;2;1.00000e+00;1.00000e+00;1.00000e+00;7.70657e-01;8.55172e-01;Pipeline { map_noise(attribute=PT08.S2(NMHC), percentage=0.05) | map_noise(attribute=NOx(GT), percentage=0.05) | map_noise(attribute=CO(GT), percentage=0.10) };7.46642e-01;1.00000e+00;Pipeline { map_noise(attribute=NOx(GT), percentage=0.05) | map_noise(attribute=NOx(GT), percentage=0.05) | map_noise(attribute=NMHC(GT), percentage=0.01) };7.60156e-01;9.36567e-01;Pipeline { filter(PT08.S3(NOx) > 0.0000) | map_noise(attribute=PT08.S4(NO2), percentage=0.25) | filter(C6H6(GT) < 953000.0000) };7.49988e-01;1.00000e+00;Pipeline { map_noise(attribute=PT08.S2(NMHC), percentage=0.05) | map_noise(attribute=NOx(GT), percentage=0.05) | map_noise(attribute=T, percentage=0.05) }
datasets/airQuality_parallel.csv;nsga2;2;16;1600;1600;8.75200e+01;100;3;2;1.00000e+00;1.00000e+00;1.00000e+00;7.70657e-01;8.55172e-01;Pipeline { map_noise(attribute=PT08.S2(NMHC), percentage=0.05) | map_noise(attribute=NOx(GT), percentage=0.05) | map_noise(attribute=CO(GT), percentage=0.10) };7.47539e-01;1.00000e+00;Pipeline { map_noise(attribute=C6H6(GT), percentage=0.05) | map_noise(attribute=NOx(GT), percentage=0.05) | map_noise(attribute=C6H6(GT), percentage=0.01) };7.60350e-01;9.36567e-01;Pipeline { filter(PT08.S2(NMHC) > 0.0000) | map_noise(attribute=NOx(GT), percentage=0.25) | filter(C6H6(GT) < 972000.0000) };7.50133e-01;1.00000e+00;Pipeline { map_noise(attribute=C6H6(GT), percentage=0.05) | map_noise(attribute=NOx(GT), percentage=0.05) | map_noise(attribute=PT08.S2(NMHC), percentage=0.25) }
datasets/airQuality_parallel.csv;nsga2;2;17;1700;1700;9.15120e+01;100;3;1;1.00000e+00;1.00000e+00;1.00000e+00;7.70657e-01;8.55172e-01;Pipeline { map_noise(attribute=PT08.S2(NMHC), percentage=0.05) | map_noise(attribute=NOx(GT), percentage=0.05) | map_noise(attribute=CO(GT), percentage=0.10) };7.48128e-01;1.00000e+00;Pipeline { map_noise(attribute=NOx(GT), percentage=0.05) | map_noise(attribute=PT08.S4(NO2), percentage=0.10) };7.60797e-01;9.36567e-01;Pipeline { filter(PT08.S2(NMHC) > 0.0000) | map_noise(attribute=NOx(GT), percentage=0.25) | filter(C6H6(GT) < 971000.0000) };7.50741e-01;1.00000e+00;Pipeline { map_noise(attribute=PT08.S2(NMHC), percentage=0.05) | map_noise(attribute=NOx(GT), percentage=0.10) | map_noise(attribute=C6H6(GT), percentage=0.10) }
datasets/airQuality_parallel.csv;nsga2;2;18;1800;1800;9.63790e+01;100;4;2;1.00000e+00;1.00000e+00;1.00000e+00;7.70657e-01;8.55172e-01;Pipeline { map_noise(attribute=PT08.S2(NMHC), percentage=0.05) | map_noise(attribute=NOx(GT), percentage=0.05) | map_noise(attribute=CO(GT), percentage=0.10) };7.48496e-01;1.00000e+00;Pipeline { map_noise(attribute=PT08.S2(NMHC), percentage=0.05) | map_noise(attribute=NOx(GT), percentage=0.05) | map_noise(attribute=NMHC(GT), percentage=0.01) };7.60988e-01;1.00000e+00;Pipeline { map_noise(attribute=PT08.S1(CO), percentage=0.01) | map_noise(attribute=NOx(GT), percentage=0.10) | map_noise(attribute=RH, percentage=0.05) };7.50886e-01;1.00000e+00;Pipeline { map_noise(attribute=NOx(GT), percentage=0.01) | map_noise(attribute=NOx(GT), percentage=0.05) | map_noise(attribute=PT08.S4(NO2), percentage=0.10) }
datasets/airQuality_parallel.csv;nsga2;2;19;1900;1900;1.00577e+02;100;4;1;1.00000e+00;1.00000e+00;1.00000e+00;7.70657e-01;8.55172e-01;Pipeline { map_noise(attribute=PT08.S2(NMHC), percentage=0.05) | map_noise(attribute=NOx(GT), percentage=0.05) | map_noise(attribute=CO(GT), percentage=0.10) };7.48516e-01;1.00000e+00;Pipeline { map_noise(attribute=C6H6(GT), percentage=0.01) | map_noise(attribute=NOx(GT), percentage=0.05) | map_noise(attribute=T, percentage=0.10) };7.61550e-01;9.36567e-01;Pipeline { filter(PT08.S2(NMHC) > 0.0000) | map_noise(attribute=NOx(GT), percentage=0.25) | filter(C6H6(GT) < 972000.0000) };7.50948e-01;1.00000e+00;Pipeline { map_noise(attribute=NOx(GT), percentage=0.05) | map_noise(attribute=NOx(GT), percentage=0.05) | map_noise(attribute=AH, percentage=0.10) }
datasets/airQuality_parallel.csv;nsga2;2;20;2000;2000;1.04558e+02;100;4;1;1.00000e+00;1.00000e+00;1.00000e+00;7.70657e-01;8.55172e-01;Pipeline { map_noise(attribute=PT08.S2(NMHC), percentage=0.05) | map_noise(attribute=NOx(GT), percentage=0.05) | map_noise(attribute=CO(GT), percentage=0.10) };7.48654e-01;1.00000e+00;Pipeline { map_noise(attribute=RH, percentage=0.05) | map_noise(attribute=NOx(GT), percentage=0.05) | map_noise(attribute=PT08.S1(CO), percentage=0.05) };7.61688e-01;9.36567e-01;Pipeline { filter(C6H6(GT) > 0.0000) | map_noise(attribute=NOx(GT), percentage=0.25) | filter(C6H6(GT) < 979000.0000) };7.51063e-01;1.00000e+00;Pipeline { map_noise(attribute=C6H6(GT), percentage=0.05) | map_noise(attribute=NOx(GT), percentage=0.05) | map_noise(attribute=T, percentage=0.10) }
datasets/airQuality_parallel.csv;nsga2;2;21;2100;2100;1.08455e+02;100;4;1;1.00000e+00;1.00000e+00;1.00000e+00;7.70657e-01;8.55172e-01;Pipeline { map_noise(attribute=PT08.S2(NMHC), percentage=0.05) | map_noise(attribute=NOx(GT), percentage=0.05) | map_noise(attribute=CO(GT), percentage=0.10) };7.48773e-01;1.00000e+00;Pipeline { map_noise(attribute=NMHC(GT), percentage=0.25) | map_noise(attribute=NOx(GT), percentage=0.05) | map_noise(attribute=RH, percentage=0.10) };7.61961e-01;1.00000e+00;Pipeline { map_noise(attribute=RH, percentage=0.05) | map_noise(attribute=NOx(GT), percentage=0.05) | map_noise(attribute=NOx(GT), percentage=0.25) };7.51180e-01;1.00000e+00;Pipeline { map_noise(attribute=C6H6(GT), percentage=0.05) | map_noise(attribute=NOx(GT), percentage=0.05) | map_noise(attribute=NOx(GT), percentage=0.10) }
datasets/airQuality_parallel.csv;nsga2;2;22;2200;2200;1.13246e+02;100;4;3;1.00000e+00;1.00000e+00;1.00000e+00;7.70657e-01;8.55172e-01;Pipeline { map_noise(attribute=PT08.S2(NMHC), percentage=0.05) | map_noise(attribute=NOx(GT), percentage=0.05) | map_noise(attribute=CO(GT), percentage=0.10) };7.48972e-01;1.00000e+00;Pipeline { map_noise(attribute=PT08.S2(NMHC), percentage=0.25) | map_noise(attribute=NOx(GT), percentage=0.05) | map_noise(attribute=T, percentage=0.05) };7.61961e-01;1.00000e+00;Pipeline { map_noise(attribute=RH, percentage=0.05) | map_noise(attribute=NOx(GT), percentage=0.05) | map_noise(attribute=NOx(GT), percentage=0.25) };7.51590e-01;1.00000e+00;Pipeline { map_noise(attribute=PT08.S1(CO), percentage=0.01) | map_noise(attribute=NOx(GT), percentage=0.10) | map_noise(attribute=C6H6(GT), percentage=0.01) }
datasets/airQuality_parallel.csv;nsga2;2;23;2300;2300;1.17758e+02;100;4;1;1.00000e+00;1.00000e+00;1.00000e+00;7.70657e-01;8.55172e-01;Pipeline { map_noise(attribute=PT08.S2(NMHC), percentage=0.05) | map_noise(attribute=NOx(GT), percentage=0.05) | map_noise(attribute=CO(GT), percentage=0.10) };7.49877e-01;1.00000e+00;Pipeline { map_noise(attribute=NOx(GT), percentage=0.05) | map_noise(attribute=NOx(GT), percentage=0.10) | map_noise(attribute=AH, percentage=0.25) };7.62030e-01;9.36567e-01;Pipeline { filter(PT08.S4(NO2) > 0.0217) | map_noise(attribute=PT08.S1(CO), percentage=0.10) | filter(PT08.S1(CO) > 0.0426) | filter(PT08.S3(NOx) > 8.6600) };7.51754e-01;1.00000e+00;Pipeline { map_noise(attribute=PT08.S2(NMHC), percentage=0.05) | map_noise(attribute=NOx(GT), percentage=0.10) | map_noise(attribute=PT08.S2(NMHC), percentage=0.01) }
datasets/airQuality_parallel.csv;nsga2;2;24;2400;2400;1.21859e+02;100;4;2;1.00000e+00;1.00000e+00;1.00000e+00;7.70657e-01;8.55172e-01;Pipeline { map_noise(attribute=PT08.S2(NMHC), percentage=0.05) | map_noise(attribute=NOx(GT), percentage=0.05) | map_noise(attribute=CO(GT), percentage=0.10) };7.50133e-01;1.00000e+00;Pipeline { map_noise(attribute=C6H6(GT), percentage=0.05) | map_noise(attribute=NOx(GT), percentage=0.05) | map_noise(attribute=PT08.S2(NMHC), percentage=0.25) };7.62165e-01;9.36567e-01;Pipeline { filter(PT08.S2(NMHC) > 0.9180) | map_noise(attribute=PT08.S4(NO2), percentage=0.25) | filter(C6H6(GT) < 957000.0000) };7.52983e-01;1.00000e+00;Pipeline { map_noise(attribute=NOx(GT), percentage=0.05) | map_noise(attribute=NOx(GT), percentage=0.05) | map_noise(attribute=PT08.S3(NOx), percentage=0.01) }
datasets/airQuality_parallel.csv;nsga2;2;25;2500;2500;1.26067e+02;100;1;2;1.00000e+00;1.00000e+00;1.00000e+00;7.78939e-01;1.00000e+00;Pipeline { map_noise(attribute=C6H6(GT), percentage=0.05) | map_noise(attribute=NOx(GT), percentage=0.25) | map_noise(attribute=PT08.S1(CO), percentage=0.05) };7.50456e-01;1.00000e+00;Pipeline { map_noise(attribute=C6H6(GT), percentage=0.05) | map_noise(attribute=NOx(GT), percentage=0.05) | map_noise(attribute=AH, percentage=0.25) };7.62276e-01;9.36567e-01;Pipeline { filter(PT08.S2(NMHC) > 0.9190) | map_noise(attribute=NOx(GT), percentage=0.25) | filter(C6H6(GT) < 773000.0000) };7.53016e-01;1.00000e+00;Pipeline { map_noise(attribute=C6H6(GT), percentage=0.05) | map_noise(attribute=PT08.S2(NMHC), percentage=0.10) | map_noise(attribute=NOx(GT), percentage=0.25) }
datasets/airQuality_parallel.csv;nsga2;2;26;2600;2600;1.30025e+02;100;1;2;1.00000e+00;1.00000e+00;1.00000e+00;7.78939e-01;1.00000e+00;Pipeline { map_noise(attribute=C6H6(GT), percentage=0.05) | map_noise(attribute=NOx(GT), percentage=0.25) | map_noise(attribute=PT08.S1(CO), percentage=0.05) };7.51050e-01;1.00000e+00;Pipeline { map_noise(attribute=NMHC(GT), percentage=0.25) | map_noise(attribute=NOx(GT), percentage=0.10) | map_noise(attribute=PT08.S4(NO2), percentage=0.10) };7.62276e-01;9.36567e-01;Pipeline { filter(PT08.S2(NMHC) > 0.9190) | map_noise(attribute=NOx(GT), percentage=0.25) | filter(C6H6(GT) < 773000.0000) };7.53050e-01;1.00000e+00;Pipeline { map_noise(attribute=C6H6(GT), percentage=0.05) | map_noise(attribute=NOx(GT), percentage=0.25) | map_noise(attribute=PT08.S2(NMHC), percentage=0.25) }
datasets/airQuality_parallel.csv;nsga2;2;27;2700;2700;1.34133e+02;100;1;2;1.00000e+00;1.00000e+00;1.00000e+00;7.78939e-01;1.00000e+00;Pipeline { map_noise(attribute=C6H6(GT), percentage=0.05) | map_noise(attribute=NOx(GT), percentage=0.25) | map_noise(attribute=PT08.S1(CO), percentage=0.05) };7.51055e-01;1.00000e+00;Pipeline { map_noise(attribute=NOx(GT), percentage=0.05) | map_noise(attribute=NOx(GT), percentage=0.05) | map_noise(attribute=AH, percentage=0.25) };7.62595e-01;9.36567e-01;Pipeline { map_noise(attribute=PT08.S3(NOx), percentage=0.25) | filter(PT08.S5(O3) < 300000.0000) | map_noise(attribute=PT08.S5(O3), percentage=0.25) };7.53051e-01;1.00000e+00;Pipeline { map_noise(attribute=NOx(GT), percentage=0.05) | map_noise(attribute=NOx(GT), percentage=0.05) | map_noise(attribute=NMHC(GT), percentage=0.10) }
datasets/airQuality_parallel.csv;nsga2;2;28;2800;2800;1.38808e+02;100;1;2;1.00000e+00;1.00000e+00;1.00000e+00;7.78939e-01;1.00000e+00;Pipeline { map_noise(attribute=C6H6(GT), percentage=0.05) | map_noise(attribute=NOx(GT), percentage=0.25) | map_noise(attribute=PT08.S1(CO), percentage=0.05) };7.51080e-01;1.00000e+00;Pipeline { map_noise(attribute=PT08.S3(NOx), percentage=0.10) | map_noise(attribute=NOx(GT), percentage=0.10) | map_noise(attribute=RH, percentage=0.25) };7.62595e-01;9.36567e-01;Pipeline { map_noise(attribute=PT08.S3(NOx), percentage=0.25) | filter(PT08.S5(O3) < 300000.0000) | map_noise(attribute=PT08.S5(O3), percentage=0.25) };7.54150e-01;1.00000e+00;Pipeline { map_noise(attribute=NO2(GT), percentage=0.05) | map_noise(attribute=NOx(GT), percentage=0.05) | map_noise(attribute=T, percentage=0.10) }
datasets/airQuality_parallel.csv;nsga2;2;29;2900;2900;1.43277e+02;100;1;1;1.00000e+00;1.00000e+00;1.00000e+00;7.78939e-01;1.00000e+00;Pipeline { map_noise(attribute=C6H6(GT), percentage=0.05) | map_noise(attribute=NOx(GT), percentage=0.25) | map_noise(attribute=PT08.S1(CO), percentage=0.05) };7.51180e-01;1.00000e+00;Pipeline { map_noise(attribute=C6H6(GT), percentage=0.05) | map_noise(attribute=NOx(GT), percentage=0.05) | map_noise(attribute=NOx(GT), percentage=0.10) };7.62902e-01;9.36567e-01;Pipeline { filter(PT08.S4(NO2) > 0.0277) | map_noise(attribute=PT08.S1(CO), percentage=0.10) | filter(PT08.S1(CO) > 0.0426) | filter(PT08.S3(NOx) > 8.6600) };7.54557e-01;1.00000e+00;Pipeline { map_noise(attribute=PT08.S2(NMHC), percentage=0.05) | map_noise(attribute=NOx(GT), percentage=0.05) | map_noise(attribute=C6H6(GT), percentage=0.01) }
datasets/airQuality_parallel.csv;nsga2;2;30;3000;3000;1.49018e+02;100;1;2;1.00000e+00;1.00000e+00;1.00000e+00;7.78939e-01;1.00000e+00;Pipeline { map_noise(attribute=C6H6(GT), percentage=0.05) | map_noise(attribute=NOx(GT), percentage=0.25) | map_noise(attribute=PT08.S1(CO), percentage=0.05) };7.51241e-01;1.00000e+00;Pipeline { map_noise(attribute=NOx(GT), percentage=0.25) | map_noise(attribute=PT08.S5(O3), percentage=0.01) };7.63051e-01;9.36567e-01;Pipeline { filter(PT08.S4(NO2) > 0.0217) | map_noise(attribute=PT08.S1(CO), percentage=0.10) | filter(PT08.S1(CO) > 426.0000) | filter(PT08.S3(NOx) > 8.6600) };7.55158e-01;1.00000e+00;Pipeline { map_noise(attribute=NOx(GT), percentage=0.10) | map_noise(attribute=NOx(GT), percentage=0.10) | map_noise(attribute=T, percentage=0.01) }
datasets/airQuality_parallel.csv;nsga2;2;31;3100;3100;1.52937e+02;100;1;1;1.00000e+00;1.00000e+00;1.00000e+00;7.78939e-01;1.00000e+00;Pipeline { map_noise(attribute=C6H6(GT), percentage=0.05) | map_noise(attribute=NOx(GT), percentage=0.25) | map_noise(attribute=PT08.S1(CO), percentage=0.05) };7.51638e-01;1.00000e+00;Pipeline { map_noise(attribute=PT08.S4(NO2), percentage=0.05) | map_noise(attribute=NOx(GT), percentage=0.05) | map_noise(attribute=C6H6(GT), percentage=0.01) };7.63051e-01;9.36567e-01;Pipeline { filter(PT08.S4(NO2) > 0.0217) | map_noise(attribute=PT08.S1(CO), percentage=0.10) | filter(PT08.S1(CO) > 426.0000) | filter(PT08.S3(NOx) > 8.6600) };7.55513e-01;1.00000e+00;Pipeline { map_noise(attribute=C6H6(GT), percentage=0.05) | map_noise(attribute=NOx(GT), percentage=0.10) | map_noise(attribute=PT08.S1(CO), percentage=0.05) }
datasets/airQuality_parallel.csv;nsga2;2;32;3200;3200;1.57231e+02;100;1;2;1.00000e+00;1.00000e+00;1.00000e+00;7.78939e-01;1.00000e+00;Pipeline { map_noise(attribute=C6H6(GT), percentage=0.05) | map_noise(attribute=NOx(GT), percentage=0.25) | map_noise(attribute=PT08.S1(CO), percentage=0.05) };7.51739e-01;1.00000e+00;Pipeline { map_noise(attribute=NOx(GT), percentage=0.05) | map_noise(attribute=NOx(GT), percentage=0.05) | map_noise(attribute=T, percentage=0.25) };7.63301e-01;9.36567e-01;Pipeline { filter(RH > 0.0000) | map_noise(attribute=NOx(GT), percentage=0.25) | filter(C6H6(GT) < 973000.0000) };7.57173e-01;1.00000e+00;Pipeline { map_noise(attribute=C6H6(GT), percentage=0.05) | map_noise(attribute=PT08.S3(NOx), percentage=0.25) | map_noise(attribute=NOx(GT), percentage=0.25) }
datasets/airQuality_parallel.csv;nsga2;2;33;3300;3300;1.61432e+02;100;1;3;1.00000e+00;1.00000e+00;1.00000e+00;7.78939e-01;1.00000e+00;Pipeline { map_noise(attribute=C6H6(GT), percentage=0.05) | map_noise(attribute=NOx(GT), percentage=0.25) | map_noise(attribute=PT08.S1(CO), percentage=0.05) };7.52240e-01;1.00000e+00;Pipeline { map_noise(attribute=NO2(GT), percentage=0.05) | map_noise(attribute=NOx(GT), percentage=0.05) | map_noise(attribute=NMHC(GT), percentage=0.10) };7.63301e-01;9.36567e-01;Pipeline { filter(RH > 0.0000) | map_noise(attribute=NOx(GT), percentage=0.25) | filter(C6H6(GT) < 973000.0000) };7.57456e-01;1.00000e+00;Pipeline { map_noise(attribute=C6H6(GT), percentage=0.05) | map_noise(attribute=RH, percentage=0.25) | map_noise(attribute=NOx(GT), percentage=0.25) }
datasets/airQuality_parallel.csv;nsga2;2;34;3400;3400;1.65238e+02;100;1;3;1.00000e+00;1.00000e+00;1.00000e+00;7.78939e-01;1.00000e+00;Pipeline { map_noise(attribute=C6H6(GT), percentage=0.05) | map_noise(attribute=NOx(GT), percentage=0.25) | map_noise(attribute=PT08.S1(CO), percentage=0.05) };7.52669e-01;1.00000e+00;Pipeline { map_noise(attribute=RH, percentage=0.05) | map_noise(attribute=NOx(GT), percentage=0.05) | map_noise(attribute=NMHC(GT), percentage=0.25) };7.63301e-01;9.36567e-01;Pipeline { filter(RH > 0.0000) | map_noise(attribute=NOx(GT), percentage=0.25) | filter(C6H6(GT) < 973000.0000) };7.58155e-01;1.00000e+00;Pipeline { map_noise(attribute=C6H6(GT), percentage=0.01) | map_noise(attribute=NOx(GT), percentage=0.05) | map_noise(attribute=NOx(GT), percentage=0.25) }
datasets/airQuality_parallel.csv;nsga2;2;35;3500;3500;1.69914e+02;100;1;2;1.00000e+00;1.00000e+00;1.00000e+00;7.78939e-01;1.00000e+00;Pipeline { map_noise(attribute=C6H6(GT), percentage=0.05) | map_noise(attribute=NOx(GT), percentage=0.25) | map_noise(attribute=PT08.S1(CO), percentage=0.05) };7.52990e-01;1.00000e+00;Pipeline { map_noise(attribute=C6H6(GT), percentage=0.05) | map_noise(attribute=NOx(GT), percentage=0.05) | map_noise(attribute=NOx(GT), percentage=0.25) };7.63679e-01;1.00000e+00;Pipeline { map_noise(attribute=C6H6(GT), percentage=0.05) | map_noise(attribute=NOx(GT), percentage=0.25) | map_noise(attribute=PT08.S5(O3), percentage=0.05) };7.58445e-01;1.00000e+00;Pipeline { map_noise(attribute=C6H6(GT), percentage=0.05) | map_noise(attribute=AH, percentage=0.05) | map_noise(attribute=NOx(GT), percentage=0.10) }
datasets/airQuality_parallel.csv;nsga2;2;36;3600;3600;1.74809e+02;100;1;1;1.00000e+00;1.00000e+00;1.00000e+00;7.78939e-01;1.00000e+00;Pipeline { map_noise(attribute=C6H6(GT), percentage=0.05) | map_noise(attribute=NOx(GT), percentage=0.25) | map_noise(attribute=PT08.S1(CO), percentage=0.05) };7.53050e-01;1.00000e+00;Pipeline { map_noise(attribute=NOx(GT), percentage=0.05) | map_noise(attribute=NOx(GT), percentage=0.05) | map_noise(attribute=C6H6(GT), percentage=0.25) };7.64130e-01;1.00000e+00;Pipeline { map_noise(attribute=NO2(GT), percentage=0.05) | map_noise(attribute=NOx(GT), percentage=0.05) | map_noise(attribute=PT08.S2(NMHC), percentage=0.01) };7.59241e-01;1.00000e+00;Pipeline { map_noise(attribute=NOx(GT), percentage=0.10) | map_noise(attribute=NOx(GT), percentage=0.05) | map_noise(attribute=PT08.S5(O3), percentage=0.25) }
datasets/airQuality_parallel.csv;nsga2;2;37;3700;3700;1.80047e+02;100;1;1;1.00000e+00;1.00000e+00;1.00000e+00;7.78939e-01;1.00000e+00;Pipeline { map_noise(attribute=C6H6(GT), percentage=0.05) | map_noise(attribute=NOx(GT), percentage=0.25) | map_noise(attribute=PT08.S1(CO), percentage=0.05) };7.53077e-01;1.00000e+00;Pipeline { map_noise(attribute=PT08.S4(NO2), percentage=0.05) | map_noise(attribute=NOx(GT), percentage=0.25) | map_noise(attribute=PT08.S5(O3), percentage=0.05) };7.64130e-01;1.00000e+00;Pipeline { map_noise(attribute=NO2(GT), percentage=0.05) | map_noise(attribute=NOx(GT), percentage=0.05) | map_noise(attribute=PT08.S2(NMHC), percentage=0.01) };7.59241e-01;1.00000e+00;Pipeline { map_noise(attribute=NOx(GT), percentage=0.10) | map_noise(attribute=NOx(GT), percentage=0.05) | map_noise(attribute=PT08.S5(O3), percentage=0.25) }
datasets/airQuality_parallel.csv;nsga2;2;38;3800;3800;1.84516e+02;100;1;1;1.00000e+00;1.00000e+00;1.00000e+00;7.78939e-01;1.00000e+00;Pipeline { map_noise(attribute=C6H6(GT), percentage=0.05) | map_noise(attribute=NOx(GT), percentage=0.25) | map_noise(attribute=PT08.S1(CO), percentage=0.05) };7.53084e-01;1.00000e+00;Pipeline { map_noise(attribute=PT08.S2(NMHC), percentage=0.01) | map_noise(attribute=AH, percentage=0.05) | map_noise(attribute=NOx(GT), percentage=0.10) };7.64130e-01;1.00000e+00;Pipeline { map_noise(attribute=NO2(GT), percentage=0.05) | map_noise(attribute=NOx(GT), percentage=0.05) | map_noise(attribute=PT08.S2(NMHC), percentage=0.01) };7.59878e-01;1.00000e+00;Pipeline { map_noise(attribute=NOx(GT), percentage=0.25) }
datasets/airQuality_parallel.csv;nsga2;2;39;3900;3900;1.89580e+02;100;1;2;1.00000e+00;1.00000e+00;1.00000e+00;7.78939e-01;1.00000e+00;Pipeline { map_noise(attribute=C6H6(GT), percentage=0.05) | map_noise(attribute=NOx(GT), percentage=0.25) | map_noise(attribute=PT08.S1(CO), percentage=0.05) };7.53099e-01;1.00000e+00;Pipeline { map_noise(attribute=NOx(GT), percentage=0.05) | map_noise(attribute=NOx(GT), percentage=0.25) | map_noise(attribute=AH, percentage=0.10) };7.64385e-01;9.36567e-01;Pipeline { filter(C6H6(GT) > 0.0000) | map_noise(attribute=NOx(GT), percentage=0.10) | filter(C6H6(GT) < 979000.0000) };7.59878e-01;1.00000e+00;Pipeline { map_noise(attribute=NOx(GT), percentage=0.25) }
datasets/airQuality_parallel.csv;nsga2;2;40;4000;4000;1.93641e+02;100;1;2;1.00000e+00;1.00000e+00;1.00000e+00;7.78939e-01;1.00000e+00;Pipeline { map_noise(attribute=C6H6(GT), percentage=0.05) | map_noise(attribute=NOx(GT), percentage=0.25) | map_noise(attribute=PT08.S1(CO), percentage=0.05) };7.53203e-01;1.00000e+00;Pipeline { map_noise(attribute=C6H6(GT), percentage=0.05) | map_noise(attribute=PT08.S2(NMHC), percentage=0.05) | map_noise(attribute=NOx(GT), percentage=0.25) };7.64392e-01;9.36567e-01;Pipeline { filter(PT08.S2(NMHC) > 0.0000) | map_noise(attribute=NOx(GT), percentage=0.25) | filter(PT08.S1(CO) < 848000.0000) };7.59878e-01;1.00000e+00;Pipeline { map_noise(attribute=NOx(GT), percentage=0.25) }
datasets/airQuality_parallel.csv;nsga2;2;41;4100;4100;1.98829e+02;100;1;2;1.00000e+00;1.00000e+00;1.00000e+00;7.78939e-01;1.00000e+00;Pipeline { map_noise(attribute=C6H6(GT), percentage=0.05) | map_noise(attribute=NOx(GT), percentage=0.25) | map_noise(attribute=PT08.S1(CO), percentage=0.05) };7.53529e-01;1.00000e+00;Pipeline { map_noise(attribute=NO2(GT), percentage=0.05) | map_noise(attribute=NMHC(GT), percentage=0.05) | map_noise(attribute=PT08.S4(NO2), percentage=0.01) };7.64392e-01;9.36567e-01;Pipeline { filter(PT08.S2(NMHC) > 0.0000) | map_noise(attribute=NOx(GT), percentage=0.25) | filter(PT08.S1(CO) < 848000.0000) };7.59878e-01;1.00000e+00;Pipeline { map_noise(attribute=NOx(GT), percentage=0.25) }
datasets/airQuality_parallel.csv;nsga2;2;42;4200;4200;2.02932e+02;100;1;2;1.00000e+00;1.00000e+00;1.00000e+00;7.78939e-01;1.00000e+00;Pipeline { map_noise(attribute=C6H6(GT), percentage=0.05) | map_noise(attribute=NOx(GT), percentage=0.25) | map_noise(attribute=PT08.S1(CO), percentage=0.05) };7.54150e-01;1.00000e+00;Pipeline { map_noise(attribute=NO2(GT), percentage=0.05) | map_noise(attribute=NOx(GT), percentage=0.05) | map_noise(attribute=T, percentage=0.10) };7.64730e-01;9.36567e-01;Pipeline { map_noise(attribute=NMHC(GT), percentage=0.25) | filter(PT08.S5(O3) < 300000.0000) | map_noise(attribute=PT08.S5(O3), percentage=0.25) };7.59936e-01;1.00000e+00;Pipeline { map_noise(attribute=C6H6(GT), percentage=0.10) | map_noise(attribute=NOx(GT), percentage=0.05) | map_noise(attribute=NOx(GT), percentage=0.25) }
datasets/airQuality_parallel.csv;nsga2;2;43;4300;4300;2.06920e+02;100;1;2;1.00000e+00;1.00000e+00;1.00000e+00;7.78939e-01;1.00000e+00;Pipeline { map_noise(attribute=C6H6(GT), percentage=0.05) | map_noise(attribute=NOx(GT), percentage=0.25) | map_noise(attribute=PT08.S1(CO), percentage=0.05) };7.54400e-01;1.00000e+00;Pipeline { map_noise(attribute=AH, percentage=0.10) | map_noise(attribute=NMHC(GT), percentage=0.05) | map_noise(attribute=NOx(GT), percentage=0.25) };7.64926e-01;9.36567e-01;Pipeline { filter(RH > 0.0000) | map_noise(attribute=NOx(GT), percentage=0.25) | filter(C6H6(GT) < 973000.0000) };7.60048e-01;1.00000e+00;Pipeline { map_noise(attribute=NMHC(GT), percentage=0.01) | map_noise(attribute=PT08.S1(CO), percentage=0.10) | map_noise(attribute=NOx(GT), percentage=0.10) }
datasets/airQuality_parallel.csv;nsga2;2;44;4400;4400;2.12005e+02;100;2;3;1.00000e+00;1.00000e+00;1.00000e+00;7.94669e-01;2.76817e-02;Pipeline { map_noise(attribute=PT08.S1(CO), percentage=0.10) | filter(PT08.S3(NOx) > 790.0000) | map_duplicate(probability=0.90) };7.54411e-01;1.00000e+00;Pipeline { map_noise(attribute=NOx(GT), percentage=0.25) | map_noise(attribute=PT08.S5(O3), percentage=0.25) };7.64968e-01;9.36567e-01;Pipeline { filter(PT08.S2(NMHC) > 0.9180) | map_noise(attribute=PT08.S4(NO2), percentage=0.25) | filter(C6H6(GT) < 953000.0000) };7.60287e-01;1.00000e+00;Pipeline { map_noise(attribute=C6H6(GT), percentage=0.05) | map_noise(attribute=NOx(GT), percentage=0.25) | map_noise(attribute=PT08.S1(CO), percentage=0.01) }
datasets/airQuality_parallel.csv;nsga2;2;45;4500;4500;2.15936e+02;100;2;1;1.00000e+00;1.00000e+00;1.00000e+00;7.94669e-01;2.76817e-02;Pipeline { map_noise(attribute=PT08.S1(CO), percentage=0.10) | filter(PT08.S3(NOx) > 790.0000) | map_duplicate(probability=0.90) };7.54619e-01;1.00000e+00;Pipeline { map_noise(attribute=C6H6(GT), percentage=0.05) | map_noise(attribute=NOx(GT), percentage=0.25) | map_noise(attribute=NMHC(GT), percentage=0.10) };7.65580e-01;9.36567e-01;Pipeline { filter(C6H6(GT) > 0.0000) | map_noise(attribute=NOx(GT), percentage=0.25) | filter(C6H6(GT) < 979000.0000) };7.60287e-01;1.00000e+00;Pipeline { map_noise(attribute=C6H6(GT), percentage=0.05) | map_noise(attribute=NOx(GT), percentage=0.25) | map_noise(attribute=PT08.S1(CO), percentage=0.01) }
datasets/airQuality_parallel.csv;nsga2;2;46;4600;4600;2.20666e+02;100;2;2;1.00000e+00;1.00000e+00;1.00000e+00;7.94669e-01;2.76817e-02;Pipeline { map_noise(attribute=PT08.S1(CO), percentage=0.10) | filter(PT08.S3(NOx) > 790.0000) | map_duplicate(probability=0.90) };7.55158e-01;1.00000e+00;Pipeline { map_noise(attribute=NOx(GT), percentage=0.10) | map_noise(attribute=NOx(GT), percentage=0.10) | map_noise(attribute=T, percentage=0.01) };7.65649e-01;9.36567e-01;Pipeline { filter(C6H6(GT) > 0.0000) | map_noise(attribute=NOx(GT), percentage=0.25) | filter(C6H6(GT) < 979000.0000) };7.61520e-01;1.00000e+00;Pipeline { map_noise(attribute=C6H6(GT), percentage=0.01) | map_noise(attribute=PT08.S5(O3), percentage=0.10) | map_noise(attribute=NOx(GT), percentage=0.25) }
datasets/airQuality_parallel.csv;nsga2;2;47;4700;4700;2.25054e+02;100;2;1;1.00000e+00;1.00000e+00;1.00000e+00;8.10525e-01;2.76817e-02;Pipeline { map_noise(attribute=PT08.S1(CO), percentage=0.10) | filter(PT08.S3(NOx) > 790.0000) | map_duplicate(probability=1.00) };7.55166e-01;1.00000e+00;Pipeline { map_noise(attribute=PT08.S3(NOx), percentage=0.10) | map_noise(attribute=NOx(GT), percentage=0.10) | map_noise(attribute=RH, percentage=0.05) };7.66756e-01;9.36567e-01;Pipeline { filter(PT08.S2(NMHC) > 0.0918) | map_noise(attribute=NOx(GT), percentage=0.25) | filter(C6H6(GT) < 953.0000) };7.61961e-01;1.00000e+00;Pipeline { map_noise(attribute=RH, percentage=0.05) | map_noise(attribute=NOx(GT), percentage=0.05) | map_noise(attribute=NOx(GT), percentage=0.25) }
datasets/airQuality_parallel.csv;nsga2;2;48;4800;4800;2.29896e+02;100;2;4;1.00000e+00;1.00000e+00;1.00000e+00;8.10525e-01;2.76817e-02;Pipeline { map_noise(attribute=PT08.S1(CO), percentage=0.10) | filter(PT08.S3(NOx) > 790.0000) | map_duplicate(probability=1.00) };7.55166e-01;1.00000e+00;Pipeline { map_noise(attribute=PT08.S3(NOx), percentage=0.10) | map_noise(attribute=NOx(GT), percentage=0.10) | map_noise(attribute=RH, percentage=0.05) };7.67169e-01;9.96491e-01;Pipeline { map_noise(attribute=NO2(GT), percentage=0.05) | map_noise(attribute=NOx(GT), percentage=0.10) | map_noise(attribute=RH, percentage=0.10) };7.61961e-01;1.00000e+00;Pipeline { map_noise(attribute=RH, percentage=0.05) | map_noise(attribute=NOx(GT), percentage=0.05) | map_noise(attribute=NOx(GT), percentage=0.25) }
datasets/airQuality_parallel.csv;nsga2;2;49;4900;4900;2.34551e+02;100;2;4;1.00000e+00;1.00000e+00;1.00000e+00;8.10525e-01;2.76817e-02;Pipeline { map_noise(attribute=PT08.S1(CO), percentage=0.10) | filter(PT08.S3(NOx) > 790.0000) | map_duplicate(probability=1.00) };7.55513e-01;1.00000e+00;Pipeline { map_noise(attribute=C6H6(GT), percentage=0.05) | map_noise(attribute=NOx(GT), percentage=0.10) | map_noise(attribute=PT08.S1(CO), percentage=0.05) };7.67626e-01;1.00000e+00;Pipeline { map_noise(attribute=NOx(GT), percentage=0.10) | map_noise(attribute=NOx(GT), percentage=0.05) | map_noise(attribute=C6H6(GT), percentage=0.25) };7.62839e-01;1.00000e+00;Pipeline { map_noise(attribute=AH, percentage=0.10) | map_noise(attribute=PT08.S2(NMHC), percentage=0.10) | map_noise(attribute=NOx(GT), percentage=0.25) }
datasets/airQuality_parallel.csv;nsga2;2;50;5000;5000;2.39308e+02;100;3;1;1.00000e+00;1.00000e+00;1.00000e+00;8.10525e-01;2.76817e-02;Pipeline { map_noise(attribute=PT08.S1(CO), percentage=0.10) | filter(PT08.S3(NOx) > 790.0000) | map_duplicate(probability=1.00) };7.56876e-01;1.00000e+00;Pipeline { map_noise(attribute=RH, percentage=0.01) | map_noise(attribute=NOx(GT), percentage=0.05) | map_noise(attribute=NOx(GT), percentage=0.25) };7.68713e-01;9.36567e-01;Pipeline { filter(PT08.S2(NMHC) > 0.0000) | map_noise(attribute=NOx(GT), percentage=0.25) | filter(C6H6(GT) < 47900.0000) };7.63014e-01;1.00000e+00;Pipeline { map_noise(attribute=PT08.S1(CO), percentage=0.01) | map_noise(attribute=NOx(GT), percentage=0.10) | map_noise(attribute=PT08.S4(NO2), percentage=0.10) }
datasets/airQuality_parallel.csv;nsga2;3;1;100;100;6.27300e+00;100;2;54;9.80000e-01;9.80000e-01;4.00000e-01;7.41531e-01;8.43750e-01;Pipeline { map_noise(attribute=CO(GT), percentage=0.10) };6.11470e-01;1.00000e+00;Pipeline { filter(NOx(GT) < 5770.0000) | map_noise(attribute=AH, percentage=0.01) };4.71923e-01;8.83117e-01;Pipeline { map_duplicate(probability=0.70) | filter(PT08.S3(NOx) < 84100000.0000) | map_noise(attribute=NO2(GT), percentage=0.05) };4.95150e-01;9.18544e-01;Pipeline { map_duplicate(probability=0.50) }
datasets/airQuality_parallel.csv;nsga2;3;2;200;200;1.23530e+01;100;2;3;9.80000e-01;9.80000e-01;7.50000e-01;7.56890e-01;9.36567e-01;Pipeline { map_noise(attribute=NOx(GT), percentage=0.25) | map_noise(attribute=T, percentage=0.25) | filter(AH < 4.6500) };6.05474e-01;1.00000e+00;Pipeline { filter(NOx(GT) < 5770.0000) | map_noise(attribute=NOx(GT), percentage=0.25) };7.41322e-01;1.00000e+00;Pipeline { map_noise(attribute=NMHC(GT), percentage=0.01) };7.41322e-01;1.00000e+00;Pipeline { map_noise(attribute=PT08.S4(NO2), percentage=0.10) }
datasets/airQuality_parallel.csv;nsga2;3;3;300;300;1.78600e+01;100;2;6;9.80000e-01;9.80000e-01;5.70000e-01;7.62734e-01;9.36567e-01;Pipeline { map_noise(attribute=PT08.S3(NOx), percentage=0.01) | map_noise(attribute=PT08.S4(NO2), percentage=0.25) | filter(AH < 940000.0000) };5.25192e-01;1.00000e+00;Pipeline { map_noise(attribute=PT08.S3(NOx), percentage=0.01) | map_noise(attribute=T, percentage=0.25) | filter(NO2(GT) > 61.8000) };7.41322e-01;1.00000e+00;Pipeline { map_noise(attribute=PT08.S2(NMHC), percentage=0.01) };7.41322e-01;1.00000e+00;Pipeline { map_noise(attribute=PT08.S3(NOx), percentage=0.10) }
datasets/airQuality_parallel.csv;nsga2;3;4;400;400;2.16110e+01;100;2;2;9.90000e-01;9.90000e-01;5.00000e-01;7.63646e-01;9.36567e-01;Pipeline { map_noise(attribute=NOx(GT), percentage=0.25) | map_noise(attribute=C6H6(GT), percentage=0.01) | filter(AH < 7.6500) };7.39445e-01;1.00000e+00;Pipeline { map_noise(attribute=NMHC(GT), percentage=0.10) | map_noise(attribute=NO2(GT), percentage=0.01) | map_noise(attribute=NMHC(GT), percentage=0.01) };7.43944e-01;9.36567e-01;Pipeline { map_noise(attribute=PT08.S3(NOx), percentage=0.01) | map_noise(attribute=NO2(GT), percentage=0.05) | filter(PT08.S2(NMHC) > 5.1600) };7.41322e-01;1.00000e+00;Pipeline { map_noise(attribute=PT08.S4(NO2), percentage=0.10) }
datasets/airQuality_parallel.csv;nsga2;3;5;500;500;2.56570e+01;100;2;54;1.00000e+00;1.00000e+00;4.80000e-01;7.63646e-01;9.36567e-01;Pipeline { map_noise(attribute=NOx(GT), percentage=0.25) | map_noise(attribute=C6H6(GT), percentage=0.01) | filter(AH < 7.6500) };7.41322e-01;1.00000e+00;Pipeline { map_noise(attribute=PT08.S1(CO), percentage=0.10) };7.47164e-01;9.36567e-01;Pipeline { map_noise(attribute=PT08.S3(NOx), percentage=0.01) | map_noise(attribute=PT08.S3(NOx), percentage=0.25) | filter(AH < 368000.0000) };7.41322e-01;1.00000e+00;Pipeline { map_noise(attribute=PT08.S1(CO), percentage=0.05) | map_noise(attribute=NMHC(GT), percentage=0.01) }
datasets/airQuality_parallel.csv;nsga2;3;6;600;600;3.07470e+01;100;2;44;1.00000e+00;1.00000e+00;5.90000e-01;7.63646e-01;9.36567e-01;Pipeline { map_noise(attribute=NOx(GT), percentage=0.25) | map_noise(attribute=C6H6(GT), percentage=0.01) | filter(AH < 7.6500) };7.41322e-01;1.00000e+00;Pipeline { map_noise(attribute=PT08.S5(O3), percentage=0.01) | map_noise(attribute=PT08.S1(CO), percentage=0.25) };7.51112e-01;1.00000e+00;Pipeline { map_noise(attribute=NOx(GT), percentage=0.10) };7.41322e-01;1.00000e+00;Pipeline { map_noise(attribute=PT08.S1(CO), percentage=0.05) | map_noise(attribute=AH, percentage=0.01) }
datasets/airQuality_parallel.csv;nsga2;3;7;700;700;3.53080e+01;100;2;26;1.00000e+00;1.00000e+00;7.70000e-01;7.70596e-01;9.36567e-01;Pipeline { map_noise(attribute=PT08.S3(NOx), percentage=0.01) | map_noise(attribute=PT08.S4(NO2), percentage=0.25) | filter(AH < 148000.0000) };7.41322e-01;1.00000e+00;Pipeline { map_noise(attribute=PT08.S5(O3), percentage=0.10) };7.54060e-01;9.98249e-01;Pipeline { map_noise(attribute=NO2(GT), percentage=0.05) };7.41323e-01;1.00000e+00;Pipeline { map_noise(attribute=NMHC(GT), percentage=0.10) | map_noise(attribute=NO2(GT), percentage=0.01) | map_noise(attribute=AH, percentage=0.05) }
datasets/airQuality_parallel.csv;nsga2;3;8;800;800;3.90710e+01;100;3;4;1.00000e+00;1.00000e+00;9.70000e-01;7.70879e-01;5.37634e-01;Pipeline { map_noise(attribute=CO(GT), percentage=0.25) | map_noise(attribute=NO2(GT), percentage=0.05) | map_noise(attribute=AH, percentage=0.05) };7.41322e-01;1.00000e+00;Pipeline { map_noise(attribute=AH, percentage=0.01) | map_noise(attribute=NMHC(GT), percentage=0.10) };7.56324e-01;9.36567e-01;Pipeline { map_noise(attribute=PT08.S3(NOx), percentage=0.01) | map_noise(attribute=PT08.S1(CO), percentage=0.25) | filter(AH < 368000.0000) };7.43161e-01;1.00000e+00;Pipeline { map_noise(attribute=PT08.S4(NO2), percentage=0.01) | map_noise(attribute=NO2(GT), percentage=0.01) | map_noise(attribute=AH, percentage=0.05) }
datasets/airQuality_parallel.csv;nsga2;3;9;900;900;4.38950e+01;100;2;2;1.00000e+00;1.00000e+00;1.00000e+00;7.74361e-01;9.36567e-01;Pipeline { map_noise(attribute=PT08.S1(CO), percentage=0.01) | map_noise(attribute=PT08.S4(NO2), percentage=0.25) | filter(AH < 940000.0000) };7.41544e-01;1.00000e+00;Pipeline { map_noise(attribute=NO2(GT), percentage=0.01) | map_noise(attribute=T, percentage=0.10) };7.57224e-01;9.36567e-01;Pipeline { map_noise(attribute=PT08.S3(NOx), percentage=0.05) | map_noise(attribute=PT08.S4(NO2), percentage=0.10) | filter(RH < 940000.0000) };7.44796e-01;1.00000e+00;Pipeline { map_noise(attribute=NMHC(GT), percentage=0.01) | map_noise(attribute=NOx(GT), percentage=0.05) }
datasets/airQuality_parallel.csv;nsga2;3;10;1000;1000;5.09850e+01;100;3;5;1.00000e+00;1.00000e+00;1.00000e+00;7.74361e-01;9.36567e-01;Pipeline { map_noise(attribute=PT08.S1(CO), percentage=0.01) | map_noise(attribute=PT08.S4(NO2), percentage=0.25) | filter(AH < 940000.0000) };7.42040e-01;1.00000e+00;Pipeline { map_noise(attribute=T, percentage=0.10) | map_noise(attribute=NO2(GT), percentage=0.01) | map_noise(attribute=AH, percentage=0.05) };7.58161e-01;9.36567e-01;Pipeline { map_noise(attribute=NOx(GT), percentage=0.25) | map_noise(attribute=T, percentage=0.25) | filter(AH < 28900.0000) };7.46432e-01;1.00000e+00;Pipeline { map_noise(attribute=NOx(GT), percentage=0.05) }
datasets/airQuality_parallel.csv;nsga2;3;11;1100;1100;5.60630e+01;100;3;3;1.00000e+00;1.00000e+00;1.00000e+00;7.74361e-01;9.36567e-01;Pipeline { map_noise(attribute=PT08.S1(CO), percentage=0.01) | map_noise(attribute=PT08.S4(NO2), percentage=0.25) | filter(AH < 940000.0000) };7.42871e-01;1.00000e+00;Pipeline { map_noise(attribute=NMHC(GT), percentage=0.25) | map_noise(attribute=NMHC(GT), percentage=0.01) | map_noise(attribute=NO2(GT), percentage=0.01) };7.58590e-01;9.36567e-01;Pipeline { map_noise(attribute=RH, percentage=0.25) | filter(T < 350000000.0000) };7.47029e-01;1.00000e+00;Pipeline { map_noise(attribute=NOx(GT), percentage=0.01) | map_noise(attribute=NOx(GT), percentage=0.05) }
datasets/airQuality_parallel.csv;nsga2;3;12;1200;1200;6.00400e+01;100;3;3;1.00000e+00;1.00000e+00;1.00000e+00;7.74361e-01;9.36567e-01;Pipeline { map_noise(attribute=PT08.S1(CO), percentage=0.01) | map_noise(attribute=PT08.S4(NO2), percentage=0.25) | filter(AH < 940000.0000) };7.43026e-01;1.00000e+00;Pipeline { map_noise(attribute=PT08.S4(NO2), percentage=0.25) | map_noise(attribute=NO2(GT), percentage=0.01) | map_noise(attribute=AH, percentage=0.05) };7.59112e-01;9.36567e-01;Pipeline { map_noise(attribute=PT08.S3(NOx), percentage=0.05) | map_noise(attribute=PT08.S4(NO2), percentage=0.25) | filter(PT08.S5(O3) < 7720.0000) };7.47356e-01;1.00000e+00;Pipeline { map_noise(attribute=NMHC(GT), percentage=0.05) | map_noise(attribute=NOx(GT), percentage=0.10) | map_noise(attribute=NMHC(GT), percentage=0.05) }
datasets/airQuality_parallel.csv;nsga2;3;13;1300;1300;6.40820e+01;100;3;1;1.00000e+00;1.00000e+00;1.00000e+00;7.74361e-01;9.36567e-01;Pipeline { map_noise(attribute=PT08.S1(CO), percentage=0.01) | map_noise(attribute=PT08.S4(NO2), percentage=0.25) | filter(AH < 940000.0000) };7.43419e-01;1.00000e+00;Pipeline { map_noise(attribute=NMHC(GT), percentage=0.05) | map_noise(attribute=NOx(GT), percentage=0.01) };7.59227e-01;9.36567e-01;Pipeline { map_noise(attribute=NOx(GT), percentage=0.25) | map_noise(attribute=T, percentage=0.25) | filter(AH < 2890.0000) };7.49651e-01;1.00000e+00;Pipeline { map_noise(attribute=PT08.S1(CO), percentage=0.01) | map_noise(attribute=NOx(GT), percentage=0.10) }
datasets/airQuality_parallel.csv;nsga2;3;14;1400;1400;6.80840e+01;100;3;1;1.00000e+00;1.00000e+00;1.00000e+00;7.74361e-01;9.36567e-01;Pipeline { map_noise(attribute=PT08.S1(CO), percentage=0.01) | map_noise(attribute=PT08.S4(NO2), percentage=0.25) | filter(AH < 940000.0000) };7.44136e-01;1.00000e+00;Pipeline { map_noise(attribute=NMHC(GT), percentage=0.10) | map_noise(attribute=NO2(GT), percentage=0.05) | map_noise(attribute=PT08.S3(NOx), percentage=0.05) };7.59997e-01;9.36567e-01;Pipeline { map_noise(attribute=PT08.S3(NOx), percentage=0.05) | map_noise(attribute=PT08.S4(NO2), percentage=0.25) | filter(AH < 940000.0000) };7.49651e-01;1.00000e+00;Pipeline { map_noise(attribute=PT08.S1(CO), percentage=0.01) | map_noise(attribute=NOx(GT), percentage=0.10) }
datasets/airQuality_parallel.csv;nsga2;3;15;1500;1500;7.32100e+01;100;3;3;1.00000e+00;1.00000e+00;1.00000e+00;7.74361e-01;9.36567e-01;Pipeline { map_noise(attribute=PT08.S1(CO), percentage=0.01) | map_noise(attribute=PT08.S4(NO2), percentage=0.25) | filter(AH < 940000.0000) };7.44624e-01;1.00000e+00;Pipeline { map_noise(attribute=NMHC(GT), percentage=0.25) | map_noise(attribute=NOx(GT), percentage=0.10) | map_noise(attribute=C6H6(GT), percentage=0.05) };7.60161e-01;9.36567e-01;Pipeline { map_noise(attribute=NOx(GT), percentage=0.25) | map_noise(attribute=T, percentage=0.25) | filter(PT08.S4(NO2) > 0.0000) };7.49685e-01;1.00000e+00;Pipeline { map_noise(attribute=NOx(GT), percentage=0.01) | map_noise(attribute=NOx(GT), percentage=0.10) }
datasets/airQuality_parallel.csv;nsga2;3;16;1600;1600;7.74870e+01;100;3;2;1.00000e+00;1.00000e+00;1.00000e+00;7.74361e-01;9.36567e-01;Pipeline { map_noise(attribute=PT08.S1(CO), percentage=0.01) | map_noise(attribute=PT08.S4(NO2), percentage=0.25) | filter(AH < 940000.0000) };7.45204e-01;1.00000e+00;Pipeline { map_noise(attribute=T, percentage=0.10) | map_noise(attribute=NOx(GT), percentage=0.01) };7.60300e-01;9.36567e-01;Pipeline { map_noise(attribute=PT08.S3(NOx), percentage=0.10) | map_noise(attribute=PT08.S4(NO2), percentage=0.25) | filter(PT08.S5(O3) < 7720000000.0000) };7.49831e-01;1.00000e+00;Pipeline { map_noise(attribute=T, percentage=0.10) | map_noise(attribute=NOx(GT), percentage=0.05) }
datasets/airQuality_parallel.csv;nsga2;3;17;1700;1700;8.17390e+01;100;3;4;1.00000e+00;1.00000e+00;1.00000e+00;7.74361e-01;9.36567e-01;Pipeline { map_noise(attribute=PT08.S1(CO), percentage=0.01) | map_noise(attribute=PT08.S4(NO2), percentage=0.25) | filter(AH < 940000.0000) };7.45729e-01;1.00000e+00;Pipeline { map_noise(attribute=NMHC(GT), percentage=0.01) | map_noise(attribute=NOx(GT), percentage=0.01) };7.60570e-01;9.36567e-01;Pipeline { map_noise(attribute=NMHC(GT), percentage=0.05) | map_noise(attribute=PT08.S4(NO2), percentage=0.25) | filter(AH < 940000.0000) };7.50338e-01;1.00000e+00;Pipeline { map_noise(attribute=NMHC(GT), percentage=0.01) | map_noise(attribute=NOx(GT), percentage=0.10) | map_noise(attribute=NMHC(GT), percentage=0.05) }
datasets/airQuality_parallel.csv;nsga2;3;18;1800;1800;8.54730e+01;100;3;1;1.00000e+00;1.00000e+00;1.00000e+00;7.74361e-01;9.36567e-01;Pipeline { map_noise(attribute=PT08.S1(CO), percentage=0.01) | map_noise(attribute=PT08.S4(NO2), percentage=0.25) | filter(AH < 940000.0000) };7.46014e-01;1.00000e+00;Pipeline { map_noise(attribute=T, percentage=0.05) | map_noise(attribute=NOx(GT), percentage=0.10) };7.60697e-01;9.36567e-01;Pipeline { map_noise(attribute=PT08.S3(NOx), percentage=0.05) | map_noise(attribute=PT08.S4(NO2), percentage=0.10) | filter(AH < 940000.0000) };7.50338e-01;1.00000e+00;Pipeline { map_noise(attribute=NMHC(GT), percentage=0.01) | map_noise(attribute=NOx(GT), percentage=0.10) | map_noise(attribute=NMHC(GT), percentage=0.05) }
datasets/airQuality_parallel.csv;nsga2;3;19;1900;1900;8.96900e+01;100;3;1;1.00000e+00;1.00000e+00;1.00000e+00;7.74361e-01;9.36567e-01;Pipeline { map_noise(attribute=PT08.S1(CO), percentage=0.01) | map_noise(attribute=PT08.S4(NO2), percentage=0.25) | filter(AH < 940000.0000) };7.46675e-01;1.00000e+00;Pipeline { map_noise(attribute=PT08.S5(O3), percentage=0.05) | map_noise(attribute=NOx(GT), percentage=0.10) | map_noise(attribute=C6H6(GT), percentage=0.05) };7.60948e-01;9.36567e-01;Pipeline { map_noise(attribute=PT08.S3(NOx), percentage=0.05) | map_noise(attribute=PT08.S4(NO2), percentage=0.25) | filter(PT08.S5(O3) < 794000.0000) };7.50896e-01;1.00000e+00;Pipeline { map_noise(attribute=AH, percentage=0.10) | map_noise(attribute=NOx(GT), percentage=0.05) }
datasets/airQuality_parallel.csv;nsga2;3;20;2000;2000;9.38650e+01;100;3;2;1.00000e+00;1.00000e+00;1.00000e+00;7.74361e-01;9.36567e-01;Pipeline { map_noise(attribute=PT08.S1(CO), percentage=0.01) | map_noise(attribute=PT08.S4(NO2), percentage=0.25) | filter(AH < 940000.0000) };7.47356e-01;1.00000e+00;Pipeline { map_noise(attribute=NMHC(GT), percentage=0.05) | map_noise(attribute=NOx(GT), percentage=0.10) | map_noise(attribute=NMHC(GT), percentage=0.05) };7.61735e-01;9.36567e-01;Pipeline { map_noise(attribute=PT08.S4(NO2), percentage=0.10) | map_noise(attribute=PT08.S4(NO2), percentage=0.01) | filter(AH < 942000.0000) };7.51350e-01;1.00000e+00;Pipeline { map_noise(attribute=T, percentage=0.10) | map_noise(attribute=NOx(GT), percentage=0.10) }
datasets/airQuality_parallel.csv;nsga2;3;21;2100;2100;9.85190e+01;100;3;2;1.00000e+00;1.00000e+00;1.00000e+00;7.74361e-01;9.36567e-01;Pipeline { map_noise(attribute=PT08.S1(CO), percentage=0.01) | map_noise(attribute=PT08.S4(NO2), percentage=0.25) | filter(AH < 940000.0000) };7.47904e-01;1.00000e+00;Pipeline { map_noise(attribute=C6H6(GT), percentage=0.10) | map_noise(attribute=NOx(GT), percentage=0.10) };7.62023e-01;9.36567e-01;Pipeline { map_noise(attribute=PT08.S3(NOx), percentage=0.05) | map_noise(attribute=PT08.S4(NO2), percentage=0.25) | filter(PT08.S2(NMHC) < 6810000000.0000) };7.51576e-01;1.00000e+00;Pipeline { map_noise(attribute=NMHC(GT), percentage=0.05) | map_noise(attribute=NOx(GT), percentage=0.10) | map_noise(attribute=PT08.S3(NOx), percentage=0.01) }
datasets/airQuality_parallel.csv;nsga2;3;22;2200;2200;1.03542e+02;100;3;1;1.00000e+00;1.00000e+00;1.00000e+00;7.74361e-01;9.36567e-01;Pipeline { map_noise(attribute=PT08.S1(CO), percentage=0.01) | map_noise(attribute=PT08.S4(NO2), percentage=0.25) | filter(AH < 940000.0000) };7.48299e-01;1.00000e+00;Pipeline { map_noise(attribute=AH, percentage=0.10) | map_noise(attribute=NOx(GT), percentage=0.10) };7.62129e-01;4.33387e-01;Pipeline { map_noise(attribute=CO(GT), percentage=0.25) | filter(T < 455000000.0000) };7.52451e-01;1.00000e+00;Pipeline { map_noise(attribute=NO2(GT), percentage=0.01) | map_noise(attribute=NOx(GT), percentage=0.10) | map_noise(attribute=PT08.S3(NOx), percentage=0.01) }
datasets/airQuality_parallel.csv;nsga2;3;23;2300;2300;1.07799e+02;100;4;1;1.00000e+00;1.00000e+00;1.00000e+00;8.09624e-01;0.00000e+00;Pipeline { map_duplicate(probability=1.00) | filter(C6H6(GT) < 8.3600) | map_duplicate(probability=0.10) | map_noise(attribute=PT08.S1(CO), percentage=0.05) };7.49040e-01;1.00000e+00;Pipeline { map_noise(attribute=C6H6(GT), percentage=0.01) | map_noise(attribute=NOx(GT), percentage=0.10) };7.62367e-01;8.58144e-01;Pipeline { map_noise(attribute=NO2(GT), percentage=0.05) | map_noise(attribute=NOx(GT), percentage=0.10) | map_noise(attribute=CO(GT), percentage=0.10) };7.52656e-01;1.00000e+00;Pipeline { map_noise(attribute=NMHC(GT), percentage=0.01) | map_noise(attribute=NOx(GT), percentage=0.10) }
datasets/airQuality_parallel.csv;nsga2;3;24;2400;2400;1.11890e+02;100;4;1;1.00000e+00;1.00000e+00;1.00000e+00;8.09624e-01;0.00000e+00;Pipeline { map_duplicate(probability=1.00) | filter(C6H6(GT) < 8.3600) | map_duplicate(probability=0.10) | map_noise(attribute=PT08.S1(CO), percentage=0.05) };7.49466e-01;1.00000e+00;Pipeline { map_noise(attribute=PT08.S1(CO), percentage=0.10) | map_noise(attribute=NOx(GT), percentage=0.10) };7.62961e-01;9.36567e-01;Pipeline { map_noise(attribute=PT08.S3(NOx), percentage=0.10) | map_noise(attribute=PT08.S4(NO2), percentage=0.25) | filter(PT08.S5(O3) < 794000.0000) };7.53059e-01;1.00000e+00;Pipeline { map_noise(attribute=PT08.S3(NOx), percentage=0.01) | map_noise(attribute=NOx(GT), percentage=0.05) }
datasets/airQuality_parallel.csv;nsga2;3;25;2500;2500;1.16880e+02;100;4;2;1.00000e+00;1.00000e+00;1.00000e+00;8.09624e-01;0.00000e+00;Pipeline { map_duplicate(probability=1.00) | filter(C6H6(GT) < 8.3600) | map_duplicate(probability=0.10) | map_noise(attribute=PT08.S1(CO), percentage=0.05) };7.49831e-01;1.00000e+00;Pipeline { map_noise(attribute=T, percentage=0.10) | map_noise(attribute=NOx(GT), percentage=0.05) };7.63447e-01;1.00000e+00;Pipeline { map_noise(attribute=PT08.S4(NO2), percentage=0.05) | map_noise(attribute=NOx(GT), percentage=0.10) | map_noise(attribute=NO2(GT), percentage=0.05) };7.53093e-01;1.00000e+00;Pipeline { map_noise(attribute=NOx(GT), percentage=0.05) | map_noise(attribute=NOx(GT), percentage=0.10) }
datasets/airQuality_parallel.csv;nsga2;3;26;2600;2600;1.21063e+02;100;4;1;1.00000e+00;9.90000e-01;1.00000e+00;8.18604e-01;0.00000e+00;Pipeline { map_duplicate(probability=1.00) | filter(C6H6(GT) < 8.3600) | map_duplicate(probability=0.10) | map_noise(attribute=PT08.S1(CO), percentage=0.10) };7.50119e-01;1.00000e+00;Pipeline { map_noise(attribute=PT08.S2(NMHC), percentage=0.25) | map_noise(attribute=NOx(GT), percentage=0.05) };7.65665e-01;9.36567e-01;Pipeline { map_noise(attribute=PT08.S1(CO), percentage=0.10) | map_noise(attribute=AH, percentage=0.05) | filter(PT08.S4(NO2) > 5.7600) };7.53733e-01;1.00000e+00;Pipeline { map_noise(attribute=NO2(GT), percentage=0.01) | map_noise(attribute=NOx(GT), percentage=0.10) }
datasets/airQuality_parallel.csv;nsga2;3;27;2700;2700;1.25578e+02;100;4;2;1.00000e+00;9.90000e-01;1.00000e+00;8.47073e-01;0.00000e+00;Pipeline { map_duplicate(probability=0.80) | filter(C6H6(GT) < 8.3400) | map_duplicate(probability=0.10) | map_noise(attribute=PT08.S1(CO), percentage=0.05) };7.50338e-01;1.00000e+00;Pipeline { map_noise(attribute=NMHC(GT), percentage=0.01) | map_noise(attribute=NOx(GT), percentage=0.10) | map_noise(attribute=NMHC(GT), percentage=0.05) };7.67513e-01;5.21870e-01;Pipeline { map_noise(attribute=CO(GT), percentage=0.25) | map_noise(attribute=RH, percentage=0.10) | map_noise(attribute=AH, percentage=0.05) };7.56830e-01;1.00000e+00;Pipeline { map_noise(attribute=NOx(GT), percentage=0.10) | map_noise(attribute=PT08.S3(NOx), percentage=0.05) | map_noise(attribute=AH, percentage=0.25) }
datasets/airQuality_parallel.csv;nsga2;3;28;2800;2800;1.30307e+02;100;4;1;1.00000e+00;9.90000e-01;1.00000e+00;8.58747e-01;0.00000e+00;Pipeline { map_duplicate(probability=0.70) | filter(C6H6(GT) < 8.3600) | map_duplicate(probability=0.20) | map_noise(attribute=T, percentage=0.05) };7.51416e-01;1.00000e+00;Pipeline { map_noise(attribute=PT08.S5(O3), percentage=0.25) | map_noise(attribute=NOx(GT), percentage=0.10) };7.70777e-01;9.36567e-01;Pipeline { map_noise(attribute=PT08.S1(CO), percentage=0.05) | map_noise(attribute=PT08.S4(NO2), percentage=0.25) | filter(PT08.S4(NO2) > 5.7600) };7.58591e-01;1.00000e+00;Pipeline { map_noise(attribute=PT08.S4(NO2), percentage=0.05) | map_noise(attribute=NOx(GT), percentage=0.10) }
datasets/airQuality_parallel.csv;nsga2;3;29;2900;2900;1.34229e+02;100;4;3;1.00000e+00;9.90000e-01;1.00000e+00;8.65848e-01;0.00000e+00;Pipeline { map_duplicate(probability=0.70) | filter(C6H6(GT) < 8.3600) | map_duplicate(probability=0.20) | map_noise(attribute=NMHC(GT), percentage=0.05) };7.52283e-01;1.00000e+00;Pipeline { map_noise(attribute=NOx(GT), percentage=0.10) | map_noise(attribute=PT08.S3(NOx), percentage=0.05) | map_noise(attribute=RH, percentage=0.01) };7.85572e-01;0.00000e+00;Pipeline { map_duplicate(probability=0.70) | filter(C6H6(GT) < 8.3600) | map_duplicate(probability=0.10) | map_noise(attribute=PT08.S1(CO), percentage=0.05) };7.59209e-01;1.00000e+00;Pipeline { map_noise(attribute=PT08.S2(NMHC), percentage=0.10) | map_noise(attribute=NOx(GT), percentage=0.10) }
datasets/airQuality_parallel.csv;nsga2;3;30;3000;3000;1.38679e+02;100;4;2;1.00000e+00;9.90000e-01;1.00000e+00;8.65848e-01;0.00000e+00;Pipeline { map_duplicate(probability=0.70) | filter(C6H6(GT) < 8.3600) | map_duplicate(probability=0.20) | map_noise(attribute=NMHC(GT), percentage=0.05) };7.52631e-01;1.00000e+00;Pipeline { map_noise(attribute=PT08.S4(NO2), percentage=0.05) | map_noise(attribute=NOx(GT), percentage=0.10) | map_noise(attribute=T, percentage=0.05) };8.11559e-01;0.00000e+00;Pipeline { map_duplicate(probability=1.00) | filter(C6H6(GT) < 8.3400) | map_duplicate(probability=0.10) | map_noise(attribute=AH, percentage=0.05) };7.59209e-01;1.00000e+00;Pipeline { map_noise(attribute=PT08.S2(NMHC), percentage=0.10) | map_noise(attribute=NOx(GT), percentage=0.10) }
datasets/airQuality_parallel.csv;nsga2;3;31;3100;3100;1.43450e+02;100;4;1;1.00000e+00;9.70000e-01;9.90000e-01;8.66965e-01;0.00000e+00;Pipeline { map_duplicate(probability=0.70) | filter(C6H6(GT) < 8.3600) | map_duplicate(probability=0.20) | map_noise(attribute=NMHC(GT), percentage=0.05) };7.52753e-01;1.00000e+00;Pipeline { map_noise(attribute=PT08.S3(NOx), percentage=0.01) | map_noise(attribute=NOx(GT), percentage=0.10) };8.38939e-01;0.00000e+00;Pipeline { map_duplicate(probability=1.00) | filter(C6H6(GT) < 8.3600) | map_noise(attribute=NOx(GT), percentage=0.10) | map_noise(attribute=PT08.S4(NO2), percentage=0.25) };7.59691e-01;1.00000e+00;Pipeline { map_noise(attribute=PT08.S4(NO2), percentage=0.25) | map_noise(attribute=NOx(GT), percentage=0.10) | map_noise(attribute=T, percentage=0.05) }
datasets/airQuality_parallel.csv;nsga2;3;32;3200;3200;1.48548e+02;100;4;4;1.00000e+00;9.60000e-01;1.00000e+00;8.66965e-01;0.00000e+00;Pipeline { map_duplicate(probability=0.70) | filter(C6H6(GT) < 8.3600) | map_duplicate(probability=0.20) | map_noise(attribute=NMHC(GT), percentage=0.05) };7.52753e-01;1.00000e+00;Pipeline { map_noise(attribute=PT08.S3(NOx), percentage=0.01) | map_noise(attribute=NOx(GT), percentage=0.10) };8.46740e-01;0.00000e+00;Pipeline { map_duplicate(probability=1.00) | filter(C6H6(GT) < 8.3600) | map_noise(attribute=NOx(GT), percentage=0.10) | map_noise(attribute=PT08.S1(CO), percentage=0.10) };7.59209e-01;1.00000e+00;Pipeline { map_noise(attribute=PT08.S2(NMHC), percentage=0.10) | map_noise(attribute=NOx(GT), percentage=0.10) }
datasets/airQuality_parallel.csv;nsga2;3;33;3300;3300;1.52511e+02;100;4;3;1.00000e+00;9.60000e-01;1.00000e+00;8.67675e-01;0.00000e+00;Pipeline { map_duplicate(probability=0.70) | filter(C6H6(GT) < 8.3600) | map_duplicate(probability=0.20) | map_noise(attribute=PT08.S2(NMHC), percentage=0.10) };7.52753e-01;1.00000e+00;Pipeline { map_noise(attribute=PT08.S3(NOx), percentage=0.01) | map_noise(attribute=NOx(GT), percentage=0.10) };8.48289e-01;0.00000e+00;Pipeline { map_duplicate(probability=1.00) | filter(C6H6(GT) < 8.3400) | map_noise(attribute=PT08.S5(O3), percentage=0.01) | map_noise(attribute=C6H6(GT), percentage=0.01) };7.59209e-01;1.00000e+00;Pipeline { map_noise(attribute=PT08.S2(NMHC), percentage=0.10) | map_noise(attribute=NOx(GT), percentage=0.10) }
datasets/airQuality_parallel.csv;nsga2;3;34;3400;3400;1.57486e+02;100;4;2;1.00000e+00;9.70000e-01;1.00000e+00;8.67675e-01;0.00000e+00;Pipeline { map_duplicate(probability=0.70) | filter(C6H6(GT) < 8.3600) | map_duplicate(probability=0.20) | map_noise(attribute=PT08.S2(NMHC), percentage=0.10) };7.52753e-01;1.00000e+00;Pipeline { map_noise(attribute=PT08.S3(NOx), percentage=0.01) | map_noise(attribute=NOx(GT), percentage=0.10) };8.48837e-01;0.00000e+00;Pipeline { map_duplicate(probability=1.00) | filter(C6H6(GT) < 8.3600) | map_noise(attribute=NOx(GT), percentage=0.25) | map_noise(attribute=C6H6(GT), percentage=0.25) };7.59209e-01;1.00000e+00;Pipeline { map_noise(attribute=PT08.S2(NMHC), percentage=0.10) | map_noise(attribute=NOx(GT), percentage=0.10) }
datasets/airQuality_parallel.csv;nsga2;3;35;3500;3500;1.61798e+02;100;4;2;1.00000e+00;9.80000e-01;1.00000e+00;8.67675e-01;0.00000e+00;Pipeline { map_duplicate(probability=0.70) | filter(C6H6(GT) < 8.3600) | map_duplicate(probability=0.20) | map_noise(attribute=PT08.S2(NMHC), percentage=0.10) };7.52753e-01;1.00000e+00;Pipeline { map_noise(attribute=PT08.S3(NOx), percentage=0.01) | map_noise(attribute=NOx(GT), percentage=0.10) };8.53844e-01;0.00000e+00;Pipeline { map_duplicate(probability=1.00) | filter(C6H6(GT) < 8.7700) | map_noise(attribute=NOx(GT), percentage=0.10) | map_noise(attribute=PT08.S5(O3), percentage=0.10) };7.59209e-01;1.00000e+00;Pipeline { map_noise(attribute=PT08.S2(NMHC), percentage=0.10) | map_noise(attribute=NOx(GT), percentage=0.10) }
datasets/airQuality_parallel.csv;nsga2;3;36;3600;3600;1.65787e+02;100;4;2;1.00000e+00;9.70000e-01;1.00000e+00;8.67675e-01;0.00000e+00;Pipeline { map_duplicate(probability=0.70) | filter(C6H6(GT) < 8.3600) | map_duplicate(probability=0.20) | map_noise(attribute=PT08.S2(NMHC), percentage=0.10) };7.52956e-01;1.00000e+00;Pipeline { map_noise(attribute=NOx(GT), percentage=0.10) | map_noise(attribute=C6H6(GT), percentage=0.10) | map_noise(attribute=AH, percentage=0.01) };8.63406e-01;0.00000e+00;Pipeline { map_duplicate(probability=1.00) | filter(C6H6(GT) < 8.7000) | map_noise(attribute=NOx(GT), percentage=0.10) | map_noise(attribute=NO2(GT), percentage=0.01) };7.59691e-01;1.00000e+00;Pipeline { map_noise(attribute=PT08.S4(NO2), percentage=0.25) | map_noise(attribute=NOx(GT), percentage=0.10) | map_noise(attribute=T, percentage=0.05) }
datasets/airQuality_parallel.csv;nsga2;3;37;3700;3700;1.71187e+02;100;4;2;1.00000e+00;9.80000e-01;1.00000e+00;8.68686e-01;0.00000e+00;Pipeline { map_duplicate(probability=0.70) | filter(C6H6(GT) < 8.3600) | map_duplicate(probability=0.20) | map_noise(attribute=PT08.S5(O3), percentage=0.05) };7.53000e-01;1.00000e+00;Pipeline { map_noise(attribute=PT08.S4(NO2), percentage=0.05) | map_noise(attribute=NOx(GT), percentage=0.10) | map_noise(attribute=PT08.S4(NO2), percentage=0.25) };8.63615e-01;0.00000e+00;Pipeline { map_duplicate(probability=0.70) | filter(C6H6(GT) < 8.3600) | map_duplicate(probability=0.20) | map_noise(attribute=NMHC(GT), percentage=0.10) };7.59691e-01;1.00000e+00;Pipeline { map_noise(attribute=PT08.S4(NO2), percentage=0.25) | map_noise(attribute=NOx(GT), percentage=0.10) | map_noise(attribute=T, percentage=0.05) }
datasets/airQuality_parallel.csv;nsga2;3;38;3800;3800;1.74947e+02;100;4;1;1.00000e+00;9.70000e-01;1.00000e+00;8.69508e-01;0.00000e+00;Pipeline { map_duplicate(probability=0.70) | filter(C6H6(GT) < 8.3600) | map_duplicate(probability=0.20) | map_noise(attribute=PT08.S3(NOx), percentage=0.10) };7.53055e-01;1.00000e+00;Pipeline { map_noise(attribute=NMHC(GT), percentage=0.10) | map_noise(attribute=NOx(GT), percentage=0.10) };8.64273e-01;0.00000e+00;Pipeline { map_duplicate(probability=1.00) | filter(C6H6(GT) < 8.7000) | map_noise(attribute=NOx(GT), percentage=0.10) | map_noise(attribute=PT08.S1(CO), percentage=0.10) };7.60046e-01;1.00000e+00;Pipeline { map_noise(attribute=NOx(GT), percentage=0.10) | map_noise(attribute=NO2(GT), percentage=0.05) | map_noise(attribute=RH, percentage=0.10) }
datasets/airQuality_parallel.csv;nsga2;3;39;3900;3900;1.79307e+02;100;4;1;1.00000e+00;9.70000e-01;1.00000e+00;8.69508e-01;0.00000e+00;Pipeline { map_duplicate(probability=0.70) | filter(C6H6(GT) < 8.3600) | map_duplicate(probability=0.20) | map_noise(attribute=PT08.S3(NOx), percentage=0.10) };7.53055e-01;1.00000e+00;Pipeline { map_noise(attribute=NMHC(GT), percentage=0.10) | map_noise(attribute=NOx(GT), percentage=0.10) };8.64441e-01;0.00000e+00;Pipeline { map_duplicate(probability=1.00) | filter(C6H6(GT) < 8.7000) | map_noise(attribute=AH, percentage=0.05) | map_noise(attribute=NMHC(GT), percentage=0.10) };7.60046e-01;1.00000e+00;Pipeline { map_noise(attribute=NOx(GT), percentage=0.10) | map_noise(attribute=NO2(GT), percentage=0.05) | map_noise(attribute=RH, percentage=0.10) }
datasets/airQuality_parallel.csv;nsga2;3;40;4000;4000;1.83742e+02;100;4;1;1.00000e+00;9.50000e-01;1.00000e+00;8.69508e-01;0.00000e+00;Pipeline { map_duplicate(probability=0.70) | filter(C6H6(GT) < 8.3600) | map_duplicate(probability=0.20) | map_noise(attribute=PT08.S3(NOx), percentage=0.10) };7.53062e-01;1.00000e+00;Pipeline { map_noise(attribute=AH, percentage=0.25) | map_noise(attribute=NOx(GT), percentage=0.10) };8.64716e-01;0.00000e+00;Pipeline { map_duplicate(probability=1.00) | filter(C6H6(GT) < 8.7000) | map_noise(attribute=T, percentage=0.05) | map_noise(attribute=PT08.S5(O3), percentage=0.10) };7.60046e-01;1.00000e+00;Pipeline { map_noise(attribute=NOx(GT), percentage=0.10) | map_noise(attribute=NO2(GT), percentage=0.05) | map_noise(attribute=RH, percentage=0.10) }
datasets/airQuality_parallel.csv;nsga2;3;41;4100;4100;1.87714e+02;100;4;2;1.00000e+00;9.60000e-01;1.00000e+00;8.69981e-01;0.00000e+00;Pipeline { map_duplicate(probability=1.00) | filter(C6H6(GT) < 8.7000) | map_noise(attribute=PT08.S3(NOx), percentage=0.05) | map_noise(attribute=C6H6(GT), percentage=0.05) };7.53062e-01;1.00000e+00;Pipeline { map_noise(attribute=AH, percentage=0.25) | map_noise(attribute=NOx(GT), percentage=0.10) };8.65002e-01;0.00000e+00;Pipeline { map_duplicate(probability=1.00) | filter(C6H6(GT) < 8.7000) | map_noise(attribute=NOx(GT), percentage=0.10) | map_noise(attribute=PT08.S5(O3), percentage=0.10) };7.60046e-01;1.00000e+00;Pipeline { map_noise(attribute=NOx(GT), percentage=0.10) | map_noise(attribute=NO2(GT), percentage=0.05) | map_noise(attribute=RH, percentage=0.10) }
datasets/airQuality_parallel.csv;nsga2;3;42;4200;4200;1.91986e+02;100;4;5;1.00000e+00;9.50000e-01;1.00000e+00;8.69981e-01;0.00000e+00;Pipeline { map_duplicate(probability=1.00) | filter(C6H6(GT) < 8.7000) | map_noise(attribute=PT08.S3(NOx), percentage=0.05) | map_noise(attribute=C6H6(GT), percentage=0.05) };7.53093e-01;1.00000e+00;Pipeline { map_noise(attribute=NOx(GT), percentage=0.05) | map_noise(attribute=NOx(GT), percentage=0.10) };8.65156e-01;0.00000e+00;Pipeline { map_duplicate(probability=1.00) | filter(C6H6(GT) < 8.7000) | map_noise(attribute=NOx(GT), percentage=0.05) | map_noise(attribute=PT08.S4(NO2), percentage=0.10) };7.63447e-01;1.00000e+00;Pipeline { map_noise(attribute=PT08.S4(NO2), percentage=0.05) | map_noise(attribute=NOx(GT), percentage=0.10) | map_noise(attribute=NO2(GT), percentage=0.05) }
datasets/airQuality_parallel.csv;nsga2;3;43;4300;4300;1.96151e+02;100;4;1;1.00000e+00;9.50000e-01;1.00000e+00;8.69981e-01;0.00000e+00;Pipeline { map_duplicate(probability=1.00) | filter(C6H6(GT) < 8.7000) | map_noise(attribute=PT08.S3(NOx), percentage=0.05) | map_noise(attribute=C6H6(GT), percentage=0.05) };7.53093e-01;1.00000e+00;Pipeline { map_noise(attribute=NOx(GT), percentage=0.05) | map_noise(attribute=NOx(GT), percentage=0.10) };8.65316e-01;0.00000e+00;Pipeline { map_duplicate(probability=1.00) | filter(C6H6(GT) < 8.7000) | map_noise(attribute=NOx(GT), percentage=0.05) | map_noise(attribute=PT08.S5(O3), percentage=0.10) };7.63447e-01;1.00000e+00;Pipeline { map_noise(attribute=PT08.S4(NO2), percentage=0.05) | map_noise(attribute=NOx(GT), percentage=0.10) | map_noise(attribute=NO2(GT), percentage=0.05) }
datasets/airQuality_parallel.csv;nsga2;3;44;4400;4400;2.00422e+02;100;4;1;1.00000e+00;9.50000e-01;1.00000e+00;8.69981e-01;0.00000e+00;Pipeline { map_duplicate(probability=1.00) | filter(C6H6(GT) < 8.7000) | map_noise(attribute=PT08.S3(NOx), percentage=0.05) | map_noise(attribute=C6H6(GT), percentage=0.05) };7.53093e-01;1.00000e+00;Pipeline { map_noise(attribute=NOx(GT), percentage=0.05) | map_noise(attribute=NOx(GT), percentage=0.10) };8.65552e-01;0.00000e+00;Pipeline { map_duplicate(probability=1.00) | filter(C6H6(GT) < 8.7000) | map_noise(attribute=PT08.S3(NOx), percentage=0.01) | map_noise(attribute=T, percentage=0.10) };7.63447e-01;1.00000e+00;Pipeline { map_noise(attribute=PT08.S4(NO2), percentage=0.05) | map_noise(attribute=NOx(GT), percentage=0.10) | map_noise(attribute=NO2(GT), percentage=0.05) }
datasets/airQuality_parallel.csv;nsga2;3;45;4500;4500;2.05422e+02;100;4;4;1.00000e+00;9.50000e-01;1.00000e+00;8.69981e-01;0.00000e+00;Pipeline { map_duplicate(probability=1.00) | filter(C6H6(GT) < 8.7000) | map_noise(attribute=PT08.S3(NOx), percentage=0.05) | map_noise(attribute=C6H6(GT), percentage=0.05) };7.53093e-01;1.00000e+00;Pipeline { map_noise(attribute=NOx(GT), percentage=0.05) | map_noise(attribute=NOx(GT), percentage=0.10) };8.65605e-01;0.00000e+00;Pipeline { map_duplicate(probability=1.00) | filter(C6H6(GT) < 8.7000) | map_noise(attribute=NOx(GT), percentage=0.10) | map_noise(attribute=T, percentage=0.10) };7.63447e-01;1.00000e+00;Pipeline { map_noise(attribute=PT08.S4(NO2), percentage=0.05) | map_noise(attribute=NOx(GT), percentage=0.10) | map_noise(attribute=NO2(GT), percentage=0.05) }
datasets/airQuality_parallel.csv;nsga2;3;46;4600;4600;2.09653e+02;100;4;4;1.00000e+00;9.50000e-01;1.00000e+00;8.71313e-01;0.00000e+00;Pipeline { map_duplicate(probability=0.70) | filter(C6H6(GT) < 8.3600) | map_duplicate(probability=0.20) | map_noise(attribute=RH, percentage=0.05) };7.53093e-01;1.00000e+00;Pipeline { map_noise(attribute=NOx(GT), percentage=0.05) | map_noise(attribute=NOx(GT), percentage=0.10) };8.65755e-01;0.00000e+00;Pipeline { map_duplicate(probability=0.70) | filter(C6H6(GT) < 8.3600) | map_duplicate(probability=0.20) | map_noise(attribute=NMHC(GT), percentage=0.10) };7.63447e-01;1.00000e+00;Pipeline { map_noise(attribute=PT08.S4(NO2), percentage=0.05) | map_noise(attribute=NOx(GT), percentage=0.10) | map_noise(attribute=NO2(GT), percentage=0.05) }
datasets/airQuality_parallel.csv;nsga2;3;47;4700;4700;2.14733e+02;100;4;1;1.00000e+00;9.60000e-01;1.00000e+00;8.71313e-01;0.00000e+00;Pipeline { map_duplicate(probability=0.70) | filter(C6H6(GT) < 8.3600) | map_duplicate(probability=0.20) | map_noise(attribute=RH, percentage=0.05) };7.53408e-01;1.00000e+00;Pipeline { map_noise(attribute=NOx(GT), percentage=0.10) | map_noise(attribute=PT08.S3(NOx), percentage=0.05) | map_noise(attribute=AH, percentage=0.01) };8.65848e-01;0.00000e+00;Pipeline { map_duplicate(probability=0.70) | filter(C6H6(GT) < 8.3600) | map_duplicate(probability=0.20) | map_noise(attribute=NMHC(GT), percentage=0.05) };7.63447e-01;1.00000e+00;Pipeline { map_noise(attribute=PT08.S4(NO2), percentage=0.05) | map_noise(attribute=NOx(GT), percentage=0.10) | map_noise(attribute=NO2(GT), percentage=0.05) }
datasets/airQuality_parallel.csv;nsga2;3;48;4800;4800;2.19181e+02;100;4;2;1.00000e+00;9.50000e-01;1.00000e+00;8.71313e-01;0.00000e+00;Pipeline { map_duplicate(probability=0.70) | filter(C6H6(GT) < 8.3600) | map_duplicate(probability=0.20) | map_noise(attribute=RH, percentage=0.05) };7.53408e-01;1.00000e+00;Pipeline { map_noise(attribute=NOx(GT), percentage=0.10) | map_noise(attribute=PT08.S3(NOx), percentage=0.05) | map_noise(attribute=AH, percentage=0.01) };8.66062e-01;0.00000e+00;Pipeline { map_duplicate(probability=0.70) | filter(C6H6(GT) < 8.3600) | map_duplicate(probability=0.20) | map_noise(attribute=C6H6(GT), percentage=0.10) };7.60046e-01;1.00000e+00;Pipeline { map_noise(attribute=NOx(GT), percentage=0.10) | map_noise(attribute=NO2(GT), percentage=0.05) | map_noise(attribute=RH, percentage=0.10) }
datasets/airQuality_parallel.csv;nsga2;3;49;4900;4900;2.23172e+02;100;4;3;1.00000e+00;9.60000e-01;1.00000e+00;8.71313e-01;0.00000e+00;Pipeline { map_duplicate(probability=0.70) | filter(C6H6(GT) < 8.3600) | map_duplicate(probability=0.20) | map_noise(attribute=RH, percentage=0.05) };7.53733e-01;1.00000e+00;Pipeline { map_noise(attribute=NO2(GT), percentage=0.01) | map_noise(attribute=NOx(GT), percentage=0.10) };8.66180e-01;0.00000e+00;Pipeline { map_duplicate(probability=1.00) | filter(C6H6(GT) < 8.7000) | map_noise(attribute=PT08.S3(NOx), percentage=0.05) | map_noise(attribute=T, percentage=0.05) };7.63447e-01;1.00000e+00;Pipeline { map_noise(attribute=PT08.S4(NO2), percentage=0.05) | map_noise(attribute=NOx(GT), percentage=0.10) | map_noise(attribute=NO2(GT), percentage=0.05) }
datasets/airQuality_parallel.csv;nsga2;3;50;5000;5000;2.27075e+02;100;4;2;1.00000e+00;9.70000e-01;1.00000e+00;8.71313e-01;0.00000e+00;Pipeline { map_duplicate(probability=0.70) | filter(C6H6(GT) < 8.3600) | map_duplicate(probability=0.20) | map_noise(attribute=RH, percentage=0.05) };7.53733e-01;1.00000e+00;Pipeline { map_noise(attribute=NO2(GT), percentage=0.01) | map_noise(attribute=NOx(GT), percentage=0.10) };8.66473e-01;0.00000e+00;Pipeline { map_duplicate(probability=1.00) | filter(C6H6(GT) < 8.7000) | map_noise(attribute=RH, percentage=0.10) | map_noise(attribute=T, percentage=0.10) };7.63447e-01;1.00000e+00;Pipeline { map_noise(attribute=PT08.S4(NO2), percentage=0.05) | map_noise(attribute=NOx(GT), percentage=0.10) | map_noise(attribute=NO2(GT), percentage=0.05) }
datasets/airQuality_parallel.csv;nsga2;4;1;100;100;6.29800e+00;100;3;57;9.70000e-01;9.70000e-01;3.70000e-01;7.96921e-01;2.76817e-02;Pipeline { filter(AH > 0.0054) | filter(PT08.S3(NOx) > 997.0000) | map_noise(attribute=NOx(GT), percentage=0.01) | filter(PT08.S1(CO) > 0.0098) | map_duplicate(probability=1.00) | map_noise(attribute=RH, percentage=0.10) | map_duplicate(probability=0.30) | map_duplicate(probability=0.80) | map_noise(attribute=T, percentage=0.25) | map_noise(attribute=NMHC(GT), percentage=0.10) };6.11470e-01;1.00000e+00;Pipeline { map_noise(attribute=PT08.S5(O3), percentage=0.05) | filter(NOx(GT) > 0.0990) };5.66897e-01;9.96503e-01;Pipeline { map_duplicate(probability=1.00) | filter(CO(GT) > 0.9020) };4.92233e-01;9.27336e-01;Pipeline { map_duplicate(probability=0.50) }
datasets/airQuality_parallel.csv;nsga2;4;2;200;200;1.10190e+01;100;3;1;9.70000e-01;9.60000e-01;7.10000e-01;7.96921e-01;2.76817e-02;Pipeline { filter(AH > 0.0054) | filter(PT08.S3(NOx) > 997.0000) | map_noise(attribute=NOx(GT), percentage=0.01) | filter(PT08.S1(CO) > 0.0098) | map_duplicate(probability=1.00) | map_noise(attribute=RH, percentage=0.10) | map_duplicate(probability=0.30) | map_duplicate(probability=0.80) | map_noise(attribute=T, percentage=0.25) | map_noise(attribute=NMHC(GT), percentage=0.10) };4.71952e-01;1.00000e+00;Pipeline { map_noise(attribute=PT08.S5(O3), percentage=0.05) | filter(NOx(GT) > 91.8000) };7.41322e-01;1.00000e+00;Pipeline { map_noise(attribute=T, percentage=0.10) };7.41322e-01;1.00000e+00;Pipeline { map_noise(attribute=T, percentage=0.10) }
datasets/airQuality_parallel.csv;nsga2;4;3;300;300;1.54700e+01;100;3;5;9.90000e-01;9.80000e-01;4.10000e-01;8.07512e-01;2.76817e-02;Pipeline { filter(AH > 0.0054) | filter(PT08.S3(NOx) > 997.0000) | map_noise(attribute=NOx(GT), percentage=0.01) | filter(PT08.S1(CO) > 0.0096) | map_duplicate(probability=1.00) | map_noise(attribute=RH, percentage=0.10) | map_duplicate(probability=0.30) | map_duplicate(probability=0.80) | map_noise(attribute=T, percentage=0.25) | map_noise(attribute=NMHC(GT), percentage=0.10) };6.07984e-01;1.00000e+00;Pipeline { filter(CO(GT) < 3010000.0000) | map_noise(attribute=PT08.S4(NO2), percentage=0.25) };7.41322e-01;1.00000e+00;Pipeline { map_noise(attribute=PT08.S1(CO), percentage=0.01) | map_noise(attribute=PT08.S3(NOx), percentage=0.25) };7.41322e-01;1.00000e+00;Pipeline { map_noise(attribute=NMHC(GT), percentage=0.05) }
datasets/airQuality_parallel.csv;nsga2;4;4;400;400;2.12710e+01;100;3;82;1.00000e+00;9.90000e-01;2.40000e-01;8.07512e-01;2.76817e-02;Pipeline { filter(AH > 0.0054) | filter(PT08.S3(NOx) > 997.0000) | map_noise(attribute=NOx(GT), percentage=0.01) | filter(PT08.S1(CO) > 0.0096) | map_duplicate(probability=1.00) | map_noise(attribute=RH, percentage=0.10) | map_duplicate(probability=0.30) | map_duplicate(probability=0.80) | map_noise(attribute=T, percentage=0.25) | map_noise(attribute=NMHC(GT), percentage=0.10) };7.41322e-01;1.00000e+00;Pipeline { map_noise(attribute=PT08.S4(NO2), percentage=0.01) | map_noise(attribute=PT08.S5(O3), percentage=0.05) };7.41322e-01;1.00000e+00;Pipeline { map_noise(attribute=PT08.S3(NOx), percentage=0.05) };7.41322e-01;1.00000e+00;Pipeline { map_noise(attribute=PT08.S5(O3), percentage=0.25) }
datasets/airQuality_parallel.csv;nsga2;4;5;500;500;2.75240e+01;100;4;67;1.00000e+00;9.90000e-01;3.80000e-01;8.07913e-01;2.76817e-02;Pipeline { filter(RH > 0.0054) | filter(PT08.S3(NOx) > 997.0000) | map_noise(attribute=NOx(GT), percentage=0.01) | filter(PT08.S1(CO) > 0.0096) | map_duplicate(probability=1.00) | map_noise(attribute=RH, percentage=0.10) | map_duplicate(probability=0.30) | map_duplicate(probability=0.80) | map_noise(attribute=T, percentage=0.25) | map_noise(attribute=NMHC(GT), percentage=0.10) };7.41322e-01;1.00000e+00;Pipeline { map_noise(attribute=PT08.S5(O3), percentage=0.05) | map_noise(attribute=RH, percentage=0.25) };7.49110e-01;9.36567e-01;Pipeline { map_noise(attribute=PT08.S2(NMHC), percentage=0.25) | filter(AH < 4.3400) };7.41322e-01;1.00000e+00;Pipeline { map_noise(attribute=RH, percentage=0.10) }
datasets/airQuality_parallel.csv;nsga2;4;6;600;600;3.42700e+01;100;5;58;1.00000e+00;9.90000e-01;4.70000e-01;8.13562e-01;2.75862e-02;Pipeline { filter(AH > 0.0059) | filter(PT08.S3(NOx) > 997.0000) | map_noise(attribute=NOx(GT), percentage=0.01) | filter(PT08.S1(CO) > 0.0098) | map_duplicate(probability=1.00) | map_noise(attribute=PT08.S3(NOx), percentage=0.10) | map_duplicate(probability=0.30) | map_duplicate(probability=0.80) | map_noise(attribute=T, percentage=0.25) | map_noise(attribute=NMHC(GT), percentage=0.10) };7.41322e-01;1.00000e+00;Pipeline { map_noise(attribute=PT08.S4(NO2), percentage=0.01) | map_noise(attribute=PT08.S2(NMHC), percentage=0.05) };7.49819e-01;9.36567e-01;Pipeline { map_noise(attribute=PT08.S2(NMHC), percentage=0.25) | filter(PT08.S2(NMHC) < 28100000.0000) };7.41322e-01;1.00000e+00;Pipeline { map_noise(attribute=T, percentage=0.10) | map_noise(attribute=PT08.S5(O3), percentage=0.10) }
datasets/airQuality_parallel.csv;nsga2;4;7;700;700;4.05990e+01;100;5;37;1.00000e+00;9.90000e-01;6.50000e-01;8.16585e-01;2.76817e-02;Pipeline { filter(AH > 0.0059) | filter(PT08.S3(NOx) > 997.0000) | map_noise(attribute=NOx(GT), percentage=0.05) | filter(PT08.S1(CO) > 0.0098) | map_duplicate(probability=1.00) | map_noise(attribute=RH, percentage=0.10) | map_duplicate(probability=0.30) | map_duplicate(probability=0.80) | map_noise(attribute=T, percentage=0.25) | map_noise(attribute=NO2(GT), percentage=0.05) };7.41322e-01;1.00000e+00;Pipeline { map_noise(attribute=NMHC(GT), percentage=0.10) | map_noise(attribute=C6H6(GT), percentage=0.25) };7.53433e-01;9.28196e-01;Pipeline { map_noise(attribute=CO(GT), percentage=0.05) | map_noise(attribute=PT08.S3(NOx), percentage=0.10) };7.41322e-01;1.00000e+00;Pipeline { map_noise(attribute=PT08.S5(O3), percentage=0.25) | map_noise(attribute=C6H6(GT), percentage=0.25) }
datasets/airQuality_parallel.csv;nsga2;4;8;800;800;4.50470e+01;100;5;14;1.00000e+00;9.90000e-01;8.90000e-01;8.16585e-01;2.76817e-02;Pipeline { filter(AH > 0.0059) | filter(PT08.S3(NOx) > 997.0000) | map_noise(attribute=NOx(GT), percentage=0.05) | filter(PT08.S1(CO) > 0.0098) | map_duplicate(probability=1.00) | map_noise(attribute=RH, percentage=0.10) | map_duplicate(probability=0.30) | map_duplicate(probability=0.80) | map_noise(attribute=T, percentage=0.25) | map_noise(attribute=NO2(GT), percentage=0.05) };7.41322e-01;1.00000e+00;Pipeline { map_noise(attribute=T, percentage=0.10) | map_noise(attribute=RH, percentage=0.25) };7.61526e-01;9.36567e-01;Pipeline { map_noise(attribute=PT08.S2(NMHC), percentage=0.25) | filter(PT08.S4(NO2) > 4.1000) };7.49147e-01;1.00000e+00;Pipeline { map_noise(attribute=NOx(GT), percentage=0.10) }
datasets/airQuality_parallel.csv;nsga2;4;9;900;900;5.13850e+01;100;5;2;1.00000e+00;9.90000e-01;1.00000e+00;8.16585e-01;2.76817e-02;Pipeline { filter(AH > 0.0059) | filter(PT08.S3(NOx) > 997.0000) | map_noise(attribute=NOx(GT), percentage=0.05) | filter(PT08.S1(CO) > 0.0098) | map_duplicate(probability=1.00) | map_noise(attribute=RH, percentage=0.10) | map_duplicate(probability=0.30) | map_duplicate(probability=0.80) | map_noise(attribute=T, percentage=0.25) | map_noise(attribute=NO2(GT), percentage=0.05) };7.42946e-01;1.00000e+00;Pipeline { map_noise(attribute=PT08.S4(NO2), percentage=0.01) | map_noise(attribute=NO2(GT), percentage=0.01) };7.70088e-01;9.36567e-01;Pipeline { map_noise(attribute=C6H6(GT), percentage=0.10) | filter(AH < 4.1400) };7.44687e-01;9.85816e-01;Pipeline { map_noise(attribute=CO(GT), percentage=0.01) | map_noise(attribute=PT08.S3(NOx), percentage=0.25) }
datasets/airQuality_parallel.csv;nsga2;4;10;1000;1000;5.53840e+01;100;5;2;1.00000e+00;1.00000e+00;1.00000e+00;8.25454e-01;2.76817e-02;Pipeline { filter(AH > 0.0059) | filter(PT08.S3(NOx) > 997.0000) | map_noise(attribute=NOx(GT), percentage=0.05) | filter(PT08.S1(CO) > 0.0000) | map_duplicate(probability=1.00) | map_noise(attribute=CO(GT), percentage=0.10) | map_duplicate(probability=0.30) | map_duplicate(probability=0.80) | map_noise(attribute=T, percentage=0.25) | map_noise(attribute=NO2(GT), percentage=0.05) };7.42946e-01;1.00000e+00;Pipeline { map_noise(attribute=PT08.S4(NO2), percentage=0.01) | map_noise(attribute=NO2(GT), percentage=0.01) };8.06189e-01;2.06897e-02;Pipeline { filter(AH > 0.0054) | filter(PT08.S3(NOx) > 997.0000) | map_noise(attribute=NOx(GT), percentage=0.01) | filter(PT08.S1(CO) > 0.0098) | map_duplicate(probability=1.00) | map_noise(attribute=RH, percentage=0.10) | map_duplicate(probability=0.30) | map_duplicate(probability=0.80) | map_noise(attribute=PT08.S2(NMHC), percentage=0.05) | map_noise(attribute=NMHC(GT), percentage=0.10) };7.45443e-01;9.89510e-01;Pipeline { map_noise(attribute=CO(GT), percentage=0.01) | map_noise(attribute=PT08.S3(NOx), percentage=0.10) }
datasets/airQuality_parallel.csv;nsga2;4;11;1100;1100;6.12970e+01;100;4;5;1.00000e+00;1.00000e+00;1.00000e+00;8.25454e-01;2.76817e-02;Pipeline { filter(AH > 0.0059) | filter(PT08.S3(NOx) > 997.0000) | map_noise(attribute=NOx(GT), percentage=0.05) | filter(PT08.S1(CO) > 0.0000) | map_duplicate(probability=1.00) | map_noise(attribute=CO(GT), percentage=0.10) | map_duplicate(probability=0.30) | map_duplicate(probability=0.80) | map_noise(attribute=T, percentage=0.25) | map_noise(attribute=NO2(GT), percentage=0.05) };7.44831e-01;1.00000e+00;Pipeline { map_noise(attribute=NOx(GT), percentage=0.10) | map_noise(attribute=AH, percentage=0.01) };8.07771e-01;2.08333e-02;Pipeline { filter(AH > 0.0059) | filter(PT08.S3(NOx) > 997.0000) | map_noise(attribute=AH, percentage=0.05) | filter(T < 48.2000) | map_duplicate(probability=1.00) | map_noise(attribute=RH, percentage=0.10) | map_duplicate(probability=0.30) | map_duplicate(probability=0.80) | map_noise(attribute=T, percentage=0.25) | map_noise(attribute=NO2(GT), percentage=0.05) };7.52321e-01;9.85965e-01;Pipeline { map_noise(attribute=NO2(GT), percentage=0.10) | map_noise(attribute=C6H6(GT), percentage=0.01) }
datasets/airQuality_parallel.csv;nsga2;4;12;1200;1200;6.51940e+01;100;5;6;1.00000e+00;1.00000e+00;1.00000e+00;8.25454e-01;2.76817e-02;Pipeline { filter(AH > 0.0059) | filter(PT08.S3(NOx) > 997.0000) | map_noise(attribute=NOx(GT), percentage=0.05) | filter(PT08.S1(CO) > 0.0000) | map_duplicate(probability=1.00) | map_noise(attribute=CO(GT), percentage=0.10) | map_duplicate(probability=0.30) | map_duplicate(probability=0.80) | map_noise(attribute=T, percentage=0.25) | map_noise(attribute=NO2(GT), percentage=0.05) };7.45075e-01;1.00000e+00;Pipeline { map_noise(attribute=NOx(GT), percentage=0.05) | map_noise(attribute=PT08.S1(CO), percentage=0.05) };8.08887e-01;2.75862e-02;Pipeline { filter(AH > 0.0059) | filter(PT08.S3(NOx) > 997.0000) | map_noise(attribute=NOx(GT), percentage=0.01) | filter(PT08.S1(CO) > 0.0098) | map_duplicate(probability=1.00) | map_noise(attribute=RH, percentage=0.10) | map_duplicate(probability=0.30) | map_duplicate(probability=0.80) | map_noise(attribute=T, percentage=0.25) | map_noise(attribute=NO2(GT), percentage=0.05) };7.45443e-01;9.89510e-01;Pipeline { map_noise(attribute=CO(GT), percentage=0.01) | map_noise(attribute=PT08.S3(NOx), percentage=0.10) }
datasets/airQuality_parallel.csv;nsga2;4;13;1300;1300;7.07240e+01;100;5;2;1.00000e+00;9.90000e-01;1.00000e+00;8.25454e-01;2.76817e-02;Pipeline { filter(AH > 0.0059) | filter(PT08.S3(NOx) > 997.0000) | map_noise(attribute=NOx(GT), percentage=0.05) | filter(PT08.S1(CO) > 0.0000) | map_duplicate(probability=1.00) | map_noise(attribute=CO(GT), percentage=0.10) | map_duplicate(probability=0.30) | map_duplicate(probability=0.80) | map_noise(attribute=T, percentage=0.25) | map_noise(attribute=NO2(GT), percentage=0.05) };7.45615e-01;1.00000e+00;Pipeline { map_noise(attribute=NOx(GT), percentage=0.01) | map_noise(attribute=PT08.S2(NMHC), percentage=0.01) };8.10991e-01;2.76817e-02;Pipeline { filter(AH > 0.0059) | filter(PT08.S3(NOx) > 997.0000) | map_noise(attribute=AH, percentage=0.05) | filter(AH < 48.2000) | map_duplicate(probability=1.00) | map_noise(attribute=RH, percentage=0.10) | map_duplicate(probability=0.30) | map_duplicate(probability=0.80) | map_noise(attribute=T, percentage=0.25) | map_noise(attribute=NO2(GT), percentage=0.05) };7.52998e-01;1.00000e+00;Pipeline { map_noise(attribute=NOx(GT), percentage=0.10) | map_noise(attribute=AH, percentage=0.01) }
datasets/airQuality_parallel.csv;nsga2;4;14;1400;1400;7.82430e+01;100;5;4;1.00000e+00;9.90000e-01;1.00000e+00;8.25454e-01;2.76817e-02;Pipeline { filter(AH > 0.0059) | filter(PT08.S3(NOx) > 997.0000) | map_noise(attribute=NOx(GT), percentage=0.05) | filter(PT08.S1(CO) > 0.0000) | map_duplicate(probability=1.00) | map_noise(attribute=CO(GT), percentage=0.10) | map_duplicate(probability=0.30) | map_duplicate(probability=0.80) | map_noise(attribute=T, percentage=0.25) | map_noise(attribute=NO2(GT), percentage=0.05) };7.46653e-01;1.00000e+00;Pipeline { map_noise(attribute=PT08.S2(NMHC), percentage=0.01) | map_noise(attribute=NOx(GT), percentage=0.05) };8.10991e-01;2.76817e-02;Pipeline { filter(AH > 0.0059) | filter(PT08.S3(NOx) > 997.0000) | map_noise(attribute=AH, percentage=0.05) | filter(AH < 48.2000) | map_duplicate(probability=1.00) | map_noise(attribute=RH, percentage=0.10) | map_duplicate(probability=0.30) | map_duplicate(probability=0.80) | map_noise(attribute=T, percentage=0.25) | map_noise(attribute=NO2(GT), percentage=0.05) };7.52799e-01;1.00000e+00;Pipeline { map_noise(attribute=NOx(GT), percentage=0.05) | map_noise(attribute=NMHC(GT), percentage=0.10) }
datasets/airQuality_parallel.csv;nsga2;4;15;1500;1500;8.38350e+01;100;5;2;1.00000e+00;9.90000e-01;1.00000e+00;8.25454e-01;2.76817e-02;Pipeline { filter(AH > 0.0059) | filter(PT08.S3(NOx) > 997.0000) | map_noise(attribute=NOx(GT), percentage=0.05) | filter(PT08.S1(CO) > 0.0000) | map_duplicate(probability=1.00) | map_noise(attribute=CO(GT), percentage=0.10) | map_duplicate(probability=0.30) | map_duplicate(probability=0.80) | map_noise(attribute=T, percentage=0.25) | map_noise(attribute=NO2(GT), percentage=0.05) };7.46746e-01;1.00000e+00;Pipeline { map_noise(attribute=NOx(GT), percentage=0.05) | map_noise(attribute=PT08.S3(NOx), percentage=0.05) };8.11553e-01;2.76817e-02;Pipeline { filter(AH > 0.0059) | filter(PT08.S3(NOx) > 997.0000) | map_noise(attribute=CO(GT), percentage=0.05) | filter(AH < 48.2000) | map_duplicate(probability=1.00) | map_noise(attribute=RH, percentage=0.10) | map_duplicate(probability=0.30) | map_duplicate(probability=0.80) | map_noise(attribute=T, percentage=0.25) | map_noise(attribute=NO2(GT), percentage=0.01) };7.52799e-01;1.00000e+00;Pipeline { map_noise(attribute=NOx(GT), percentage=0.05) | map_noise(attribute=NMHC(GT), percentage=0.10) }
datasets/airQuality_parallel.csv;nsga2;4;16;1600;1600;9.12400e+01;100;5;2;1.00000e+00;9.90000e-01;1.00000e+00;8.25454e-01;2.76817e-02;Pipeline { filter(AH > 0.0059) | filter(PT08.S3(NOx) > 997.0000) | map_noise(attribute=NOx(GT), percentage=0.05) | filter(PT08.S1(CO) > 0.0000) | map_duplicate(probability=1.00) | map_noise(attribute=CO(GT), percentage=0.10) | map_duplicate(probability=0.30) | map_duplicate(probability=0.80) | map_noise(attribute=T, percentage=0.25) | map_noise(attribute=NO2(GT), percentage=0.05) };7.46996e-01;1.00000e+00;Pipeline { map_noise(attribute=PT08.S3(NOx), percentage=0.01) | map_noise(attribute=NOx(GT), percentage=0.05) };8.11646e-01;2.75862e-02;Pipeline { filter(AH > 0.0058) | filter(PT08.S3(NOx) > 997.0000) | map_noise(attribute=NOx(GT), percentage=0.05) | filter(PT08.S1(CO) > 0.0000) | map_duplicate(probability=1.00) | map_noise(attribute=CO(GT), percentage=0.10) | map_duplicate(probability=0.30) | map_duplicate(probability=0.80) | map_noise(attribute=T, percentage=0.25) | map_noise(attribute=CO(GT), percentage=0.05) };7.52998e-01;1.00000e+00;Pipeline { map_noise(attribute=NOx(GT), percentage=0.10) | map_noise(attribute=AH, percentage=0.01) }
datasets/airQuality_parallel.csv;nsga2;4;17;1700;1700;9.69760e+01;100;5;1;1.00000e+00;9.90000e-01;1.00000e+00;8.25454e-01;2.76817e-02;Pipeline { filter(AH > 0.0059) | filter(PT08.S3(NOx) > 997.0000) | map_noise(attribute=NOx(GT), percentage=0.05) | filter(PT08.S1(CO) > 0.0000) | map_duplicate(probability=1.00) | map_noise(attribute=CO(GT), percentage=0.10) | map_duplicate(probability=0.30) | map_duplicate(probability=0.80) | map_noise(attribute=T, percentage=0.25) | map_noise(attribute=NO2(GT), percentage=0.05) };7.47425e-01;1.00000e+00;Pipeline { map_noise(attribute=NOx(GT), percentage=0.10) | map_noise(attribute=NOx(GT), percentage=0.01) };8.12429e-01;2.76817e-02;Pipeline { filter(AH > 0.0059) | filter(PT08.S3(NOx) > 997.0000) | map_noise(attribute=NOx(GT), percentage=0.01) | filter(PT08.S1(CO) > 0.0098) | map_duplicate(probability=1.00) | map_noise(attribute=NO2(GT), percentage=0.25) | map_duplicate(probability=0.30) | map_duplicate(probability=0.80) | map_noise(attribute=T, percentage=0.25) | map_noise(attribute=NO2(GT), percentage=0.05) };7.52998e-01;1.00000e+00;Pipeline { map_noise(attribute=NOx(GT), percentage=0.10) | map_noise(attribute=AH, percentage=0.01) }
datasets/airQuality_parallel.csv;nsga2;4;18;1800;1800;1.03496e+02;100;6;3;1.00000e+00;9.90000e-01;1.00000e+00;8.28448e-01;2.75862e-02;Pipeline { filter(AH > 0.0079) | filter(PT08.S3(NOx) > 992.0000) | map_noise(attribute=NOx(GT), percentage=0.05) | filter(PT08.S1(CO) > 0.0098) | map_duplicate(probability=1.00) | map_noise(attribute=RH, percentage=0.10) | map_duplicate(probability=0.30) | map_duplicate(probability=0.80) | map_noise(attribute=T, percentage=0.25) | map_noise(attribute=NO2(GT), percentage=0.05) };7.47658e-01;1.00000e+00;Pipeline { map_noise(attribute=NOx(GT), percentage=0.05) | map_noise(attribute=RH, percentage=0.01) };8.12904e-01;2.75862e-02;Pipeline { filter(AH > 0.0057) | filter(PT08.S3(NOx) > 997.0000) | map_noise(attribute=NOx(GT), percentage=0.01) | filter(PT08.S1(CO) > 0.0096) | map_duplicate(probability=1.00) | map_noise(attribute=RH, percentage=0.10) | map_duplicate(probability=0.30) | map_duplicate(probability=0.80) | map_noise(attribute=T, percentage=0.25) | map_noise(attribute=NMHC(GT), percentage=0.05) };7.52998e-01;1.00000e+00;Pipeline { map_noise(attribute=NOx(GT), percentage=0.10) | map_noise(attribute=AH, percentage=0.01) }
datasets/airQuality_parallel.csv;nsga2;4;19;1900;1900;1.10237e+02;100;6;1;1.00000e+00;1.00000e+00;1.00000e+00;8.28448e-01;2.75862e-02;Pipeline { filter(AH > 0.0079) | filter(PT08.S3(NOx) > 992.0000) | map_noise(attribute=NOx(GT), percentage=0.05) | filter(PT08.S1(CO) > 0.0098) | map_duplicate(probability=1.00) | map_noise(attribute=RH, percentage=0.10) | map_duplicate(probability=0.30) | map_duplicate(probability=0.80) | map_noise(attribute=T, percentage=0.25) | map_noise(attribute=NO2(GT), percentage=0.05) };7.48120e-01;1.00000e+00;Pipeline { map_noise(attribute=NOx(GT), percentage=0.05) | map_noise(attribute=PT08.S4(NO2), percentage=0.10) };8.13783e-01;2.76817e-02;Pipeline { filter(AH > 0.0053) | filter(PT08.S3(NOx) > 997.0000) | map_noise(attribute=PT08.S2(NMHC), percentage=0.01) | filter(C6H6(GT) > 0.0098) | map_duplicate(probability=1.00) | map_noise(attribute=RH, percentage=0.10) | map_duplicate(probability=0.30) | map_duplicate(probability=0.80) | map_noise(attribute=T, percentage=0.25) | map_noise(attribute=CO(GT), percentage=0.05) };7.52998e-01;1.00000e+00;Pipeline { map_noise(attribute=NOx(GT), percentage=0.10) | map_noise(attribute=AH, percentage=0.01) }
datasets/airQuality_parallel.csv;nsga2;4;20;2000;2000;1.16458e+02;100;6;3;1.00000e+00;1.00000e+00;1.00000e+00;8.28448e-01;2.75862e-02;Pipeline { filter(AH > 0.0079) | filter(PT08.S3(NOx) > 992.0000) | map_noise(attribute=NOx(GT), percentage=0.05) | filter(PT08.S1(CO) > 0.0098) | map_duplicate(probability=1.00) | map_noise(attribute=RH, percentage=0.10) | map_duplicate(probability=0.30) | map_duplicate(probability=0.80) | map_noise(attribute=T, percentage=0.25) | map_noise(attribute=NO2(GT), percentage=0.05) };7.48709e-01;1.00000e+00;Pipeline { map_noise(attribute=NOx(GT), percentage=0.10) | map_noise(attribute=PT08.S2(NMHC), percentage=0.05) };8.14727e-01;2.76817e-02;Pipeline { filter(RH > 0.0054) | filter(PT08.S3(NOx) > 993.0000) | map_noise(attribute=NOx(GT), percentage=0.05) | filter(PT08.S1(CO) > 7.9600) | map_duplicate(probability=1.00) | map_noise(attribute=RH, percentage=0.05) | map_duplicate(probability=0.30) | map_duplicate(probability=0.80) | map_noise(attribute=T, percentage=0.25) | map_noise(attribute=NMHC(GT), percentage=0.10) };7.54582e-01;9.96491e-01;Pipeline { map_noise(attribute=NO2(GT), percentage=0.01) | map_noise(attribute=NO2(GT), percentage=0.05) }
datasets/airQuality_parallel.csv;nsga2;4;21;2100;2100;1.23565e+02;100;6;3;1.00000e+00;1.00000e+00;1.00000e+00;8.28448e-01;2.75862e-02;Pipeline { filter(AH > 0.0079) | filter(PT08.S3(NOx) > 992.0000) | map_noise(attribute=NOx(GT), percentage=0.05) | filter(PT08.S1(CO) > 0.0098) | map_duplicate(probability=1.00) | map_noise(attribute=RH, percentage=0.10) | map_duplicate(probability=0.30) | map_duplicate(probability=0.80) | map_noise(attribute=T, percentage=0.25) | map_noise(attribute=NO2(GT), percentage=0.05) };7.49200e-01;1.00000e+00;Pipeline { map_noise(attribute=T, percentage=0.01) | map_noise(attribute=NOx(GT), percentage=0.25) };8.14895e-01;2.76817e-02;Pipeline { filter(AH > 0.0059) | filter(PT08.S3(NOx) > 997.0000) | map_noise(attribute=NOx(GT), percentage=0.05) | filter(PT08.S1(CO) > 0.0098) | map_duplicate(probability=1.00) | map_noise(attribute=NOx(GT), percentage=0.10) | map_duplicate(probability=0.30) | map_duplicate(probability=0.80) | map_noise(attribute=T, percentage=0.25) | map_noise(attribute=NO2(GT), percentage=0.05) };7.54582e-01;9.96491e-01;Pipeline { map_noise(attribute=NO2(GT), percentage=0.01) | map_noise(attribute=NO2(GT), percentage=0.05) }
datasets/airQuality_parallel.csv;nsga2;4;22;2200;2200;1.30627e+02;100;6;3;1.00000e+00;1.00000e+00;1.00000e+00;8.28448e-01;2.75862e-02;Pipeline { filter(AH > 0.0079) | filter(PT08.S3(NOx) > 992.0000) | map_noise(attribute=NOx(GT), percentage=0.05) | filter(PT08.S1(CO) > 0.0098) | map_duplicate(probability=1.00) | map_noise(attribute=RH, percentage=0.10) | map_duplicate(probability=0.30) | map_duplicate(probability=0.80) | map_noise(attribute=T, percentage=0.25) | map_noise(attribute=NO2(GT), percentage=0.05) };7.49535e-01;1.00000e+00;Pipeline { map_noise(attribute=NOx(GT), percentage=0.10) | map_noise(attribute=NMHC(GT), percentage=0.01) };8.15865e-01;2.76817e-02;Pipeline { filter(PT08.S1(CO) > 0.0058) | filter(PT08.S3(NOx) > 997.0000) | map_noise(attribute=NOx(GT), percentage=0.05) | filter(PT08.S1(CO) > 0.0000) | map_duplicate(probability=1.00) | map_noise(attribute=CO(GT), percentage=0.10) | map_duplicate(probability=0.30) | map_duplicate(probability=0.80) | map_noise(attribute=RH, percentage=0.05) | map_noise(attribute=NO2(GT), percentage=0.05) };7.54582e-01;9.96491e-01;Pipeline { map_noise(attribute=NO2(GT), percentage=0.01) | map_noise(attribute=NO2(GT), percentage=0.05) }
datasets/airQuality_parallel.csv;nsga2;4;23;2300;2300;1.36946e+02;100;5;3;1.00000e+00;1.00000e+00;1.00000e+00;8.28448e-01;2.75862e-02;Pipeline { filter(AH > 0.0079) | filter(PT08.S3(NOx) > 992.0000) | map_noise(attribute=NOx(GT), percentage=0.05) | filter(PT08.S1(CO) > 0.0098) | map_duplicate(probability=1.00) | map_noise(attribute=RH, percentage=0.10) | map_duplicate(probability=0.30) | map_duplicate(probability=0.80) | map_noise(attribute=T, percentage=0.25) | map_noise(attribute=NO2(GT), percentage=0.05) };7.49932e-01;1.00000e+00;Pipeline { map_noise(attribute=NOx(GT), percentage=0.10) | map_noise(attribute=RH, percentage=0.05) };8.17553e-01;2.76817e-02;Pipeline { filter(RH > 0.0054) | filter(PT08.S3(NOx) > 993.0000) | map_noise(attribute=NMHC(GT), percentage=0.25) | filter(PT08.S1(CO) > 0.0000) | map_duplicate(probability=1.00) | map_noise(attribute=RH, percentage=0.10) | map_duplicate(probability=0.30) | map_duplicate(probability=0.80) | map_noise(attribute=T, percentage=0.25) | map_noise(attribute=NMHC(GT), percentage=0.10) };7.52321e-01;9.85965e-01;Pipeline { map_noise(attribute=NO2(GT), percentage=0.10) | map_noise(attribute=C6H6(GT), percentage=0.01) }
datasets/airQuality_parallel.csv;nsga2;4;24;2400;2400;1.45110e+02;100;5;2;1.00000e+00;1.00000e+00;1.00000e+00;8.28448e-01;2.75862e-02;Pipeline { filter(AH > 0.0079) | filter(PT08.S3(NOx) > 992.0000) | map_noise(attribute=NOx(GT), percentage=0.05) | filter(PT08.S1(CO) > 0.0098) | map_duplicate(probability=1.00) | map_noise(attribute=RH, percentage=0.10) | map_duplicate(probability=0.30) | map_duplicate(probability=0.80) | map_noise(attribute=T, percentage=0.25) | map_noise(attribute=NO2(GT), percentage=0.05) };7.49945e-01;1.00000e+00;Pipeline { map_noise(attribute=NOx(GT), percentage=0.10) | map_noise(attribute=NOx(GT), percentage=0.10) };8.19060e-01;2.76817e-02;Pipeline { filter(AH > 0.0059) | filter(PT08.S3(NOx) > 992.0000) | map_noise(attribute=NOx(GT), percentage=0.05) | filter(PT08.S1(CO) > 0.0098) | map_duplicate(probability=1.00) | map_noise(attribute=RH, percentage=0.10) | map_duplicate(probability=0.30) | map_duplicate(probability=0.80) | map_noise(attribute=T, percentage=0.25) | map_noise(attribute=RH, percentage=0.10) };7.52321e-01;9.85965e-01;Pipeline { map_noise(attribute=NO2(GT), percentage=0.10) | map_noise(attribute=C6H6(GT), percentage=0.01) }
datasets/airQuality_parallel.csv;nsga2;4;25;2500;2500;1.50529e+02;100;5;3;1.00000e+00;9.90000e-01;1.00000e+00;8.28448e-01;2.75862e-02;Pipeline { filter(AH > 0.0079) | filter(PT08.S3(NOx) > 992.0000) | map_noise(attribute=NOx(GT), percentage=0.05) | filter(PT08.S1(CO) > 0.0098) | map_duplicate(probability=1.00) | map_noise(attribute=RH, percentage=0.10) | map_duplicate(probability=0.30) | map_duplicate(probability=0.80) | map_noise(attribute=T, percentage=0.25) | map_noise(attribute=NO2(GT), percentage=0.05) };7.49969e-01;1.00000e+00;Pipeline { map_noise(attribute=NOx(GT), percentage=0.10) | map_noise(attribute=PT08.S1(CO), percentage=0.05) };8.19441e-01;2.75862e-02;Pipeline { filter(AH > 0.0059) | filter(PT08.S3(NOx) > 992.0000) | map_noise(attribute=NOx(GT), percentage=0.05) | filter(PT08.S1(CO) > 0.0098) | map_duplicate(probability=1.00) | map_noise(attribute=T, percentage=0.10) | map_duplicate(probability=0.30) | map_duplicate(probability=0.80) | map_noise(attribute=T, percentage=0.25) | map_noise(attribute=RH, percentage=0.10) };7.52321e-01;9.85965e-01;Pipeline { map_noise(attribute=NO2(GT), percentage=0.10) | map_noise(attribute=C6H6(GT), percentage=0.01) }
datasets/airQuality_parallel.csv;nsga2;4;26;2600;2600;1.57270e+02;100;4;3;1.00000e+00;9.90000e-01;1.00000e+00;8.32827e-01;2.76817e-02;Pipeline { filter(RH > 0.0054) | filter(PT08.S3(NOx) > 993.0000) | map_noise(attribute=NOx(GT), percentage=0.05) | filter(PT08.S1(CO) > 7.9600) | map_duplicate(probability=1.00) | map_noise(attribute=RH, percentage=0.10) | map_duplicate(probability=0.30) | map_duplicate(probability=0.80) | map_noise(attribute=RH, percentage=0.05) | map_noise(attribute=NMHC(GT), percentage=0.10) };7.49969e-01;1.00000e+00;Pipeline { map_noise(attribute=NOx(GT), percentage=0.10) | map_noise(attribute=PT08.S1(CO), percentage=0.05) };8.20937e-01;2.76817e-02;Pipeline { filter(AH > 0.0059) | filter(PT08.S3(NOx) > 992.0000) | map_noise(attribute=NOx(GT), percentage=0.05) | filter(PT08.S1(CO) > 0.0090) | map_duplicate(probability=1.00) | map_noise(attribute=RH, percentage=0.10) | map_duplicate(probability=0.30) | map_duplicate(probability=0.80) | map_noise(attribute=T, percentage=0.25) | map_noise(attribute=RH, percentage=0.10) };7.52321e-01;9.85965e-01;Pipeline { map_noise(attribute=NO2(GT), percentage=0.10) | map_noise(attribute=C6H6(GT), percentage=0.01) }
datasets/airQuality_parallel.csv;nsga2;4;27;2700;2700;1.61562e+02;100;4;3;1.00000e+00;1.00000e+00;1.00000e+00;8.32827e-01;2.76817e-02;Pipeline { filter(RH > 0.0054) | filter(PT08.S3(NOx) > 993.0000) | map_noise(attribute=NOx(GT), percentage=0.05) | filter(PT08.S1(CO) > 7.9600) | map_duplicate(probability=1.00) | map_noise(attribute=RH, percentage=0.10) | map_duplicate(probability=0.30) | map_duplicate(probability=0.80) | map_noise(attribute=RH, percentage=0.05) | map_noise(attribute=NMHC(GT), percentage=0.10) };7.49976e-01;1.00000e+00;Pipeline { map_noise(attribute=NOx(GT), percentage=0.10) | map_noise(attribute=NMHC(GT), percentage=0.25) };8.21475e-01;2.75862e-02;Pipeline { filter(RH > 0.0054) | filter(PT08.S3(NOx) > 993.0000) | map_noise(attribute=AH, percentage=0.25) | filter(PT08.S1(CO) > 0.0096) | map_duplicate(probability=1.00) | map_noise(attribute=RH, percentage=0.10) | map_duplicate(probability=0.30) | map_duplicate(probability=0.80) | map_noise(attribute=T, percentage=0.25) | map_noise(attribute=NMHC(GT), percentage=0.10) };7.52321e-01;9.85965e-01;Pipeline { map_noise(attribute=NO2(GT), percentage=0.10) | map_noise(attribute=C6H6(GT), percentage=0.01) }
datasets/airQuality_parallel.csv;nsga2;4;28;2800;2800;1.67527e+02;100;4;3;1.00000e+00;1.00000e+00;1.00000e+00;8.34077e-01;2.76817e-02;Pipeline { filter(AH > 0.0039) | filter(PT08.S3(NOx) > 992.0000) | map_noise(attribute=NOx(GT), percentage=0.05) | filter(PT08.S1(CO) > 0.0098) | map_duplicate(probability=1.00) | map_noise(attribute=RH, percentage=0.10) | map_duplicate(probability=0.30) | map_duplicate(probability=0.80) | map_noise(attribute=T, percentage=0.25) | map_noise(attribute=NO2(GT), percentage=0.05) };7.48326e-01;1.00000e+00;Pipeline { map_noise(attribute=NOx(GT), percentage=0.10) | map_noise(attribute=PT08.S1(CO), percentage=0.25) };8.22023e-01;2.76817e-02;Pipeline { filter(AH > 0.0059) | filter(PT08.S3(NOx) > 992.0000) | map_noise(attribute=NOx(GT), percentage=0.05) | filter(PT08.S1(CO) > 0.0096) | map_duplicate(probability=1.00) | map_noise(attribute=T, percentage=0.10) | map_duplicate(probability=0.30) | map_duplicate(probability=0.80) | map_noise(attribute=T, percentage=0.25) | map_noise(attribute=RH, percentage=0.10) };7.54582e-01;9.96491e-01;Pipeline { map_noise(attribute=NO2(GT), percentage=0.01) | map_noise(attribute=NO2(GT), percentage=0.05) }
datasets/airQuality_parallel.csv;nsga2;4;29;2900;2900;1.72585e+02;100;4;5;1.00000e+00;1.00000e+00;1.00000e+00;8.34077e-01;2.76817e-02;Pipeline { filter(AH > 0.0039) | filter(PT08.S3(NOx) > 992.0000) | map_noise(attribute=NOx(GT), percentage=0.05) | filter(PT08.S1(CO) > 0.0098) | map_duplicate(probability=1.00) | map_noise(attribute=RH, percentage=0.10) | map_duplicate(probability=0.30) | map_duplicate(probability=0.80) | map_noise(attribute=T, percentage=0.25) | map_noise(attribute=NO2(GT), percentage=0.05) };7.50012e-01;1.00000e+00;Pipeline { map_noise(attribute=NOx(GT), percentage=0.05) | map_noise(attribute=PT08.S5(O3), percentage=0.10) };8.22676e-01;2.74914e-02;Pipeline { filter(RH > 0.0054) | filter(PT08.S3(NOx) > 993.0000) | map_noise(attribute=NOx(GT), percentage=0.05) | filter(PT08.S1(CO) > 7.9600) | map_duplicate(probability=1.00) | map_noise(attribute=NO2(GT), percentage=0.10) | map_duplicate(probability=0.30) | map_duplicate(probability=0.80) | map_noise(attribute=T, percentage=0.25) | map_noise(attribute=NMHC(GT), percentage=0.10) };7.54582e-01;9.96491e-01;Pipeline { map_noise(attribute=NO2(GT), percentage=0.01) | map_noise(attribute=NO2(GT), percentage=0.05) }
datasets/airQuality_parallel.csv;nsga2;4;30;3000;3000;1.81749e+02;100;4;5;1.00000e+00;1.00000e+00;1.00000e+00;8.39062e-01;2.76817e-02;Pipeline { filter(C6H6(GT) > 0.0054) | filter(PT08.S3(NOx) > 993.0000) | map_noise(attribute=PT08.S3(NOx), percentage=0.05) | filter(PT08.S1(CO) > 7.9600) | map_duplicate(probability=1.00) | map_noise(attribute=RH, percentage=0.10) | map_duplicate(probability=0.30) | map_duplicate(probability=0.80) | map_noise(attribute=T, percentage=0.25) | map_noise(attribute=NO2(GT), percentage=0.10) };7.50012e-01;1.00000e+00;Pipeline { map_noise(attribute=NOx(GT), percentage=0.05) | map_noise(attribute=PT08.S5(O3), percentage=0.10) };8.23246e-01;2.76817e-02;Pipeline { filter(RH > 0.0054) | filter(PT08.S3(NOx) > 993.0000) | map_noise(attribute=NOx(GT), percentage=0.05) | filter(PT08.S1(CO) > 7.9600) | map_duplicate(probability=1.00) | map_noise(attribute=T, percentage=0.10) | map_duplicate(probability=0.30) | map_duplicate(probability=0.80) | map_noise(attribute=T, percentage=0.25) | map_noise(attribute=NMHC(GT), percentage=0.10) };7.50903e-01;9.96491e-01;Pipeline { map_noise(attribute=PT08.S2(NMHC), percentage=0.10) | map_noise(attribute=NO2(GT), percentage=0.05) }
datasets/airQuality_parallel.csv;nsga2;4;31;3100;3100;1.88774e+02;100;5;3;1.00000e+00;1.00000e+00;1.00000e+00;8.40346e-01;2.08333e-02;Pipeline { filter(RH > 0.0054) | filter(PT08.S3(NOx) > 993.0000) | map_noise(attribute=NOx(GT), percentage=0.05) | filter(PT08.S1(CO) > 7.9600) | map_duplicate(probability=1.00) | map_noise(attribute=NO2(GT), percentage=0.05) | map_duplicate(probability=0.30) | map_duplicate(probability=0.80) | map_noise(attribute=RH, percentage=0.05) | map_noise(attribute=NMHC(GT), percentage=0.10) };7.50251e-01;1.00000e+00;Pipeline { map_noise(attribute=NOx(GT), percentage=0.25) | map_noise(attribute=C6H6(GT), percentage=0.10) };8.23615e-01;2.76817e-02;Pipeline { filter(RH > 0.0054) | filter(PT08.S3(NOx) > 993.0000) | map_noise(attribute=NOx(GT), percentage=0.05) | filter(PT08.S1(CO) > 7.9600) | map_duplicate(probability=1.00) | map_noise(attribute=T, percentage=0.10) | map_duplicate(probability=0.30) | map_noise(attribute=PT08.S2(NMHC), percentage=0.05) | map_noise(attribute=NMHC(GT), percentage=0.10) | map_duplicate(probability=0.80) };7.50903e-01;9.96491e-01;Pipeline { map_noise(attribute=PT08.S2(NMHC), percentage=0.10) | map_noise(attribute=NO2(GT), percentage=0.05) }
datasets/airQuality_parallel.csv;nsga2;4;32;3200;3200;1.97455e+02;100;5;1;1.00000e+00;1.00000e+00;1.00000e+00;8.40346e-01;2.08333e-02;Pipeline { filter(RH > 0.0054) | filter(PT08.S3(NOx) > 993.0000) | map_noise(attribute=NOx(GT), percentage=0.05) | filter(PT08.S1(CO) > 7.9600) | map_duplicate(probability=1.00) | map_noise(attribute=NO2(GT), percentage=0.05) | map_duplicate(probability=0.30) | map_duplicate(probability=0.80) | map_noise(attribute=RH, percentage=0.05) | map_noise(attribute=NMHC(GT), percentage=0.10) };7.50251e-01;1.00000e+00;Pipeline { map_noise(attribute=NOx(GT), percentage=0.25) | map_noise(attribute=C6H6(GT), percentage=0.10) };8.23632e-01;2.75862e-02;Pipeline { filter(AH > 0.0058) | filter(PT08.S3(NOx) > 992.0000) | map_noise(attribute=NOx(GT), percentage=0.05) | filter(PT08.S1(CO) > 0.0098) | map_duplicate(probability=1.00) | map_noise(attribute=RH, percentage=0.10) | map_duplicate(probability=0.30) | map_duplicate(probability=0.80) | map_noise(attribute=T, percentage=0.25) | map_noise(attribute=NO2(GT), percentage=0.05) };7.50903e-01;9.96491e-01;Pipeline { map_noise(attribute=PT08.S2(NMHC), percentage=0.10) | map_noise(attribute=NO2(GT), percentage=0.05) }
datasets/airQuality_parallel.csv;nsga2;4;33;3300;3300;2.04174e+02;100;5;2;1.00000e+00;1.00000e+00;1.00000e+00;8.40346e-01;2.08333e-02;Pipeline { filter(RH > 0.0054) | filter(PT08.S3(NOx) > 993.0000) | map_noise(attribute=NOx(GT), percentage=0.05) | filter(PT08.S1(CO) > 7.9600) | map_duplicate(probability=1.00) | map_noise(attribute=NO2(GT), percentage=0.05) | map_duplicate(probability=0.30) | map_duplicate(probability=0.80) | map_noise(attribute=RH, percentage=0.05) | map_noise(attribute=NMHC(GT), percentage=0.10) };7.50388e-01;1.00000e+00;Pipeline { map_noise(attribute=NOx(GT), percentage=0.10) | map_noise(attribute=NMHC(GT), percentage=0.01) };8.23681e-01;2.76817e-02;Pipeline { filter(RH > 0.0054) | filter(PT08.S3(NOx) > 993.0000) | map_noise(attribute=PT08.S3(NOx), percentage=0.05) | filter(PT08.S1(CO) > 7.9600) | map_duplicate(probability=1.00) | map_noise(attribute=RH, percentage=0.10) | map_duplicate(probability=0.30) | map_duplicate(probability=0.80) | map_noise(attribute=T, percentage=0.25) | map_noise(attribute=NO2(GT), percentage=0.10) };7.50903e-01;9.96491e-01;Pipeline { map_noise(attribute=PT08.S2(NMHC), percentage=0.10) | map_noise(attribute=NO2(GT), percentage=0.05) }
datasets/airQuality_parallel.csv;nsga2;4;34;3400;3400;2.10413e+02;100;5;3;1.00000e+00;1.00000e+00;1.00000e+00;8.40346e-01;2.08333e-02;Pipeline { filter(RH > 0.0054) | filter(PT08.S3(NOx) > 993.0000) | map_noise(attribute=NOx(GT), percentage=0.05) | filter(PT08.S1(CO) > 7.9600) | map_duplicate(probability=1.00) | map_noise(attribute=NO2(GT), percentage=0.05) | map_duplicate(probability=0.30) | map_duplicate(probability=0.80) | map_noise(attribute=RH, percentage=0.05) | map_noise(attribute=NMHC(GT), percentage=0.10) };7.50595e-01;1.00000e+00;Pipeline { map_noise(attribute=NOx(GT), percentage=0.10) | map_noise(attribute=PT08.S3(NOx), percentage=0.25) };8.23767e-01;2.76817e-02;Pipeline { filter(AH > 0.0059) | filter(PT08.S3(NOx) > 992.0000) | map_noise(attribute=NOx(GT), percentage=0.05) | filter(PT08.S1(CO) > 0.0090) | map_duplicate(probability=1.00) | map_noise(attribute=RH, percentage=0.10) | map_duplicate(probability=0.30) | map_duplicate(probability=0.80) | map_noise(attribute=T, percentage=0.25) | map_noise(attribute=CO(GT), percentage=0.01) };7.54582e-01;9.96491e-01;Pipeline { map_noise(attribute=NO2(GT), percentage=0.01) | map_noise(attribute=NO2(GT), percentage=0.05) }
datasets/airQuality_parallel.csv;nsga2;4;35;3500;3500;2.16689e+02;100;5;1;1.00000e+00;1.00000e+00;1.00000e+00;8.40346e-01;2.08333e-02;Pipeline { filter(RH > 0.0054) | filter(PT08.S3(NOx) > 993.0000) | map_noise(attribute=NOx(GT), percentage=0.05) | filter(PT08.S1(CO) > 7.9600) | map_duplicate(probability=1.00) | map_noise(attribute=NO2(GT), percentage=0.05) | map_duplicate(probability=0.30) | map_duplicate(probability=0.80) | map_noise(attribute=RH, percentage=0.05) | map_noise(attribute=NMHC(GT), percentage=0.10) };7.50792e-01;1.00000e+00;Pipeline { map_noise(attribute=NOx(GT), percentage=0.10) | map_noise(attribute=RH, percentage=0.05) };8.24738e-01;2.76817e-02;Pipeline { filter(AH > 0.0059) | filter(PT08.S3(NOx) > 992.0000) | map_noise(attribute=NO2(GT), percentage=0.05) | filter(PT08.S1(CO) > 0.0098) | map_duplicate(probability=1.00) | map_noise(attribute=RH, percentage=0.10) | map_duplicate(probability=0.30) | map_duplicate(probability=0.80) | map_noise(attribute=T, percentage=0.25) | map_noise(attribute=RH, percentage=0.10) };7.52321e-01;9.85965e-01;Pipeline { map_noise(attribute=NO2(GT), percentage=0.10) | map_noise(attribute=C6H6(GT), percentage=0.01) }
datasets/airQuality_parallel.csv;nsga2;4;36;3600;3600;2.23200e+02;100;5;5;1.00000e+00;9.90000e-01;1.00000e+00;8.40346e-01;2.08333e-02;Pipeline { filter(RH > 0.0054) | filter(PT08.S3(NOx) > 993.0000) | map_noise(attribute=NOx(GT), percentage=0.05) | filter(PT08.S1(CO) > 7.9600) | map_duplicate(probability=1.00) | map_noise(attribute=NO2(GT), percentage=0.05) | map_duplicate(probability=0.30) | map_duplicate(probability=0.80) | map_noise(attribute=RH, percentage=0.05) | map_noise(attribute=NMHC(GT), percentage=0.10) };7.50792e-01;1.00000e+00;Pipeline { map_noise(attribute=NOx(GT), percentage=0.10) | map_noise(attribute=RH, percentage=0.05) };8.25075e-01;2.76817e-02;Pipeline { filter(AH > 0.0079) | filter(PT08.S3(NOx) > 992.0000) | map_noise(attribute=NOx(GT), percentage=0.05) | filter(PT08.S1(CO) > 0.0098) | map_duplicate(probability=1.00) | map_noise(attribute=NO2(GT), percentage=0.25) | map_duplicate(probability=0.30) | map_duplicate(probability=0.80) | map_noise(attribute=T, percentage=0.25) | map_noise(attribute=NO2(GT), percentage=0.05) };7.52321e-01;9.85965e-01;Pipeline { map_noise(attribute=NO2(GT), percentage=0.10) | map_noise(attribute=C6H6(GT), percentage=0.01) }
datasets/airQuality_parallel.csv;nsga2;4;37;3700;3700;2.30405e+02;100;5;5;1.00000e+00;9.90000e-01;1.00000e+00;8.40346e-01;2.08333e-02;Pipeline { filter(RH > 0.0054) | filter(PT08.S3(NOx) > 993.0000) | map_noise(attribute=NOx(GT), percentage=0.05) | filter(PT08.S1(CO) > 7.9600) | map_duplicate(probability=1.00) | map_noise(attribute=NO2(GT), percentage=0.05) | map_duplicate(probability=0.30) | map_duplicate(probability=0.80) | map_noise(attribute=RH, percentage=0.05) | map_noise(attribute=NMHC(GT), percentage=0.10) };7.50816e-01;1.00000e+00;Pipeline { map_noise(attribute=NOx(GT), percentage=0.05) | map_noise(attribute=PT08.S5(O3), percentage=0.01) };8.25454e-01;2.76817e-02;Pipeline { filter(AH > 0.0059) | filter(PT08.S3(NOx) > 997.0000) | map_noise(attribute=NOx(GT), percentage=0.05) | filter(PT08.S1(CO) > 0.0000) | map_duplicate(probability=1.00) | map_noise(attribute=CO(GT), percentage=0.10) | map_duplicate(probability=0.30) | map_duplicate(probability=0.80) | map_noise(attribute=T, percentage=0.25) | map_noise(attribute=NO2(GT), percentage=0.05) };7.51987e-01;9.82394e-01;Pipeline { map_noise(attribute=NO2(GT), percentage=0.10) | map_noise(attribute=NMHC(GT), percentage=0.01) }
datasets/airQuality_parallel.csv;nsga2;4;38;3800;3800;2.36243e+02;100;5;1;1.00000e+00;9.90000e-01;1.00000e+00;8.40346e-01;2.08333e-02;Pipeline { filter(RH > 0.0054) | filter(PT08.S3(NOx) > 993.0000) | map_noise(attribute=NOx(GT), percentage=0.05) | filter(PT08.S1(CO) > 7.9600) | map_duplicate(probability=1.00) | map_noise(attribute=NO2(GT), percentage=0.05) | map_duplicate(probability=0.30) | map_duplicate(probability=0.80) | map_noise(attribute=RH, percentage=0.05) | map_noise(attribute=NMHC(GT), percentage=0.10) };7.51091e-01;1.00000e+00;Pipeline { map_noise(attribute=NOx(GT), percentage=0.10) | map_noise(attribute=PT08.S2(NMHC), percentage=0.01) };8.26424e-01;2.75862e-02;Pipeline { filter(AH > 0.0059) | filter(PT08.S3(NOx) > 992.0000) | map_noise(attribute=NOx(GT), percentage=0.05) | filter(PT08.S1(CO) > 0.0098) | map_duplicate(probability=1.00) | map_noise(attribute=NO2(GT), percentage=0.10) | map_duplicate(probability=0.30) | map_duplicate(probability=0.80) | map_noise(attribute=T, percentage=0.25) | map_noise(attribute=RH, percentage=0.10) };7.54641e-01;9.80600e-01;Pipeline { map_noise(attribute=NO2(GT), percentage=0.10) | map_noise(attribute=NO2(GT), percentage=0.05) }
datasets/airQuality_parallel.csv;nsga2;4;39;3900;3900;2.44199e+02;100;5;5;1.00000e+00;9.90000e-01;1.00000e+00;8.40346e-01;2.08333e-02;Pipeline { filter(RH > 0.0054) | filter(PT08.S3(NOx) > 993.0000) | map_noise(attribute=NOx(GT), percentage=0.05) | filter(PT08.S1(CO) > 7.9600) | map_duplicate(probability=1.00) | map_noise(attribute=NO2(GT), percentage=0.05) | map_duplicate(probability=0.30) | map_duplicate(probability=0.80) | map_noise(attribute=RH, percentage=0.05) | map_noise(attribute=NMHC(GT), percentage=0.10) };7.51305e-01;1.00000e+00;Pipeline { map_noise(attribute=NOx(GT), percentage=0.10) | map_noise(attribute=C6H6(GT), percentage=0.10) };8.26424e-01;2.75862e-02;Pipeline { filter(AH > 0.0059) | filter(PT08.S3(NOx) > 992.0000) | map_noise(attribute=NOx(GT), percentage=0.05) | filter(PT08.S1(CO) > 0.0098) | map_duplicate(probability=1.00) | map_noise(attribute=NO2(GT), percentage=0.10) | map_duplicate(probability=0.30) | map_duplicate(probability=0.80) | map_noise(attribute=T, percentage=0.25) | map_noise(attribute=RH, percentage=0.10) };7.54641e-01;9.80600e-01;Pipeline { map_noise(attribute=NO2(GT), percentage=0.10) | map_noise(attribute=NO2(GT), percentage=0.05) }
datasets/airQuality_parallel.csv;nsga2;4;40;4000;4000;2.50395e+02;100;5;1;1.00000e+00;9.90000e-01;1.00000e+00;8.40346e-01;2.08333e-02;Pipeline { filter(RH > 0.0054) | filter(PT08.S3(NOx) > 993.0000) | map_noise(attribute=NOx(GT), percentage=0.05) | filter(PT08.S1(CO) > 7.9600) | map_duplicate(probability=1.00) | map_noise(attribute=NO2(GT), percentage=0.05) | map_duplicate(probability=0.30) | map_duplicate(probability=0.80) | map_noise(attribute=RH, percentage=0.05) | map_noise(attribute=NMHC(GT), percentage=0.10) };7.51305e-01;1.00000e+00;Pipeline { map_noise(attribute=NOx(GT), percentage=0.10) | map_noise(attribute=C6H6(GT), percentage=0.10) };8.26506e-01;2.75862e-02;Pipeline { filter(RH > 0.0026) | filter(PT08.S3(NOx) > 997.0000) | map_noise(attribute=NOx(GT), percentage=0.05) | filter(PT08.S1(CO) > 2.9600) | map_duplicate(probability=1.00) | map_noise(attribute=RH, percentage=0.10) | map_duplicate(probability=0.30) | map_duplicate(probability=0.80) | map_noise(attribute=AH, percentage=0.01) | map_noise(attribute=NMHC(GT), percentage=0.05) };7.54641e-01;9.80600e-01;Pipeline { map_noise(attribute=NO2(GT), percentage=0.10) | map_noise(attribute=NO2(GT), percentage=0.05) }
datasets/airQuality_parallel.csv;nsga2;4;41;4100;4100;2.58832e+02;100;5;2;1.00000e+00;9.90000e-01;1.00000e+00;8.40346e-01;2.08333e-02;Pipeline { filter(RH > 0.0054) | filter(PT08.S3(NOx) > 993.0000) | map_noise(attribute=NOx(GT), percentage=0.05) | filter(PT08.S1(CO) > 7.9600) | map_duplicate(probability=1.00) | map_noise(attribute=NO2(GT), percentage=0.05) | map_duplicate(probability=0.30) | map_duplicate(probability=0.80) | map_noise(attribute=RH, percentage=0.05) | map_noise(attribute=NMHC(GT), percentage=0.10) };7.51453e-01;1.00000e+00;Pipeline { map_noise(attribute=PT08.S2(NMHC), percentage=0.01) | map_noise(attribute=NOx(GT), percentage=0.10) };8.26506e-01;2.75862e-02;Pipeline { filter(RH > 0.0026) | filter(PT08.S3(NOx) > 997.0000) | map_noise(attribute=NOx(GT), percentage=0.05) | filter(PT08.S1(CO) > 2.9600) | map_duplicate(probability=1.00) | map_noise(attribute=RH, percentage=0.10) | map_duplicate(probability=0.30) | map_duplicate(probability=0.80) | map_noise(attribute=AH, percentage=0.01) | map_noise(attribute=NMHC(GT), percentage=0.05) };7.52953e-01;9.82456e-01;Pipeline { map_noise(attribute=NO2(GT), percentage=0.10) | map_noise(attribute=NMHC(GT), percentage=0.10) }
datasets/airQuality_parallel.csv;nsga2;4;42;4200;4200;2.66203e+02;100;6;2;1.00000e+00;9.90000e-01;1.00000e+00;8.40346e-01;2.08333e-02;Pipeline { filter(RH > 0.0054) | filter(PT08.S3(NOx) > 993.0000) | map_noise(attribute=NOx(GT), percentage=0.05) | filter(PT08.S1(CO) > 7.9600) | map_duplicate(probability=1.00) | map_noise(attribute=NO2(GT), percentage=0.05) | map_duplicate(probability=0.30) | map_duplicate(probability=0.80) | map_noise(attribute=RH, percentage=0.05) | map_noise(attribute=NMHC(GT), percentage=0.10) };7.51814e-01;1.00000e+00;Pipeline { map_noise(attribute=NOx(GT), percentage=0.10) | map_noise(attribute=PT08.S2(NMHC), percentage=0.25) };8.26548e-01;2.76817e-02;Pipeline { filter(RH > 0.0054) | filter(PT08.S3(NOx) > 993.0000) | map_noise(attribute=NOx(GT), percentage=0.05) | filter(PT08.S1(CO) > 7.9600) | map_duplicate(probability=1.00) | map_noise(attribute=T, percentage=0.25) | map_duplicate(probability=0.30) | map_duplicate(probability=0.80) | map_noise(attribute=T, percentage=0.25) | map_noise(attribute=NMHC(GT), percentage=0.10) };7.56882e-01;9.80736e-01;Pipeline { map_noise(attribute=NO2(GT), percentage=0.10) | map_noise(attribute=NOx(GT), percentage=0.05) }
datasets/airQuality_parallel.csv;nsga2;4;43;4300;4300;2.74640e+02;100;6;3;1.00000e+00;9.90000e-01;1.00000e+00;8.40346e-01;2.08333e-02;Pipeline { filter(RH > 0.0054) | filter(PT08.S3(NOx) > 993.0000) | map_noise(attribute=NOx(GT), percentage=0.05) | filter(PT08.S1(CO) > 7.9600) | map_duplicate(probability=1.00) | map_noise(attribute=NO2(GT), percentage=0.05) | map_duplicate(probability=0.30) | map_duplicate(probability=0.80) | map_noise(attribute=RH, percentage=0.05) | map_noise(attribute=NMHC(GT), percentage=0.10) };7.52101e-01;1.00000e+00;Pipeline { map_noise(attribute=NOx(GT), percentage=0.10) | map_noise(attribute=RH, percentage=0.10) };8.26625e-01;2.75862e-02;Pipeline { filter(C6H6(GT) > 0.0054) | filter(PT08.S3(NOx) > 993.0000) | map_noise(attribute=PT08.S3(NOx), percentage=0.05) | filter(PT08.S1(CO) > 7.9600) | map_duplicate(probability=1.00) | map_noise(attribute=RH, percentage=0.10) | map_duplicate(probability=0.30) | map_duplicate(probability=0.80) | map_noise(attribute=T, percentage=0.25) | map_noise(attribute=NMHC(GT), percentage=0.10) };7.54570e-01;9.78873e-01;Pipeline { map_noise(attribute=NO2(GT), percentage=0.10) | map_noise(attribute=PT08.S5(O3), percentage=0.25) }
datasets/airQuality_parallel.csv;nsga2;4;44;4400;4400;2.81827e+02;100;6;5;1.00000e+00;9.90000e-01;1.00000e+00;8.40753e-01;2.76817e-02;Pipeline { filter(AH > 0.0059) | filter(PT08.S3(NOx) > 992.0000) | map_noise(attribute=NOx(GT), percentage=0.25) | filter(PT08.S1(CO) > 0.0096) | map_duplicate(probability=1.00) | map_noise(attribute=T, percentage=0.01) | map_duplicate(probability=0.30) | map_duplicate(probability=0.80) | map_noise(attribute=T, percentage=0.25) | map_noise(attribute=RH, percentage=0.10) };7.52105e-01;1.00000e+00;Pipeline { map_noise(attribute=NOx(GT), percentage=0.10) | map_noise(attribute=RH, percentage=0.25) };8.26988e-01;2.07612e-02;Pipeline { filter(RH > 0.0054) | filter(PT08.S3(NOx) > 993.0000) | map_noise(attribute=NOx(GT), percentage=0.05) | filter(PT08.S1(CO) > 7.9600) | map_duplicate(probability=1.00) | map_noise(attribute=NO2(GT), percentage=0.25) | map_duplicate(probability=0.30) | map_duplicate(probability=0.80) | map_noise(attribute=RH, percentage=0.05) | map_noise(attribute=NMHC(GT), percentage=0.10) };7.54570e-01;9.78873e-01;Pipeline { map_noise(attribute=NO2(GT), percentage=0.10) | map_noise(attribute=PT08.S5(O3), percentage=0.25) }
datasets/airQuality_parallel.csv;nsga2;4;45;4500;4500;2.86459e+02;100;7;5;1.00000e+00;9.90000e-01;1.00000e+00;8.40753e-01;2.76817e-02;Pipeline { filter(AH > 0.0059) | filter(PT08.S3(NOx) > 992.0000) | map_noise(attribute=NOx(GT), percentage=0.25) | filter(PT08.S1(CO) > 0.0096) | map_duplicate(probability=1.00) | map_noise(attribute=T, percentage=0.01) | map_duplicate(probability=0.30) | map_duplicate(probability=0.80) | map_noise(attribute=T, percentage=0.25) | map_noise(attribute=RH, percentage=0.10) };7.52586e-01;1.00000e+00;Pipeline { map_noise(attribute=NOx(GT), percentage=0.10) | map_noise(attribute=NMHC(GT), percentage=0.05) };8.27033e-01;2.75862e-02;Pipeline { filter(RH > 0.0026) | filter(PT08.S3(NOx) > 993.0000) | map_noise(attribute=NOx(GT), percentage=0.05) | filter(PT08.S1(CO) > 2.9600) | map_duplicate(probability=1.00) | map_noise(attribute=RH, percentage=0.10) | map_duplicate(probability=0.30) | map_duplicate(probability=0.80) | map_noise(attribute=AH, percentage=0.01) | map_noise(attribute=NMHC(GT), percentage=0.10) };7.58129e-01;9.78873e-01;Pipeline { map_noise(attribute=NO2(GT), percentage=0.10) | map_noise(attribute=PT08.S4(NO2), percentage=0.10) }
datasets/airQuality_parallel.csv;nsga2;4;46;4600;4600;2.94080e+02;100;7;6;1.00000e+00;9.90000e-01;1.00000e+00;8.40753e-01;2.76817e-02;Pipeline { filter(AH > 0.0059) | filter(PT08.S3(NOx) > 992.0000) | map_noise(attribute=NOx(GT), percentage=0.25) | filter(PT08.S1(CO) > 0.0096) | map_duplicate(probability=1.00) | map_noise(attribute=T, percentage=0.01) | map_duplicate(probability=0.30) | map_duplicate(probability=0.80) | map_noise(attribute=T, percentage=0.25) | map_noise(attribute=RH, percentage=0.10) };7.52655e-01;1.00000e+00;Pipeline { map_noise(attribute=NOx(GT), percentage=0.10) | map_noise(attribute=PT08.S5(O3), percentage=0.25) };8.27883e-01;2.76817e-02;Pipeline { filter(RH > 0.0054) | filter(PT08.S3(NOx) > 993.0000) | map_noise(attribute=NOx(GT), percentage=0.05) | filter(PT08.S1(CO) > 7.9600) | map_duplicate(probability=1.00) | map_noise(attribute=RH, percentage=0.10) | map_duplicate(probability=0.30) | map_duplicate(probability=0.80) | map_noise(attribute=T, percentage=0.25) | map_noise(attribute=NMHC(GT), percentage=0.10) };7.60351e-01;9.73638e-01;Pipeline { map_noise(attribute=NO2(GT), percentage=0.10) | map_noise(attribute=NOx(GT), percentage=0.10) }
datasets/airQuality_parallel.csv;nsga2;4;47;4700;4700;3.00155e+02;100;7;1;1.00000e+00;9.90000e-01;1.00000e+00;8.52110e-01;2.76817e-02;Pipeline { filter(AH > 0.0089) | filter(PT08.S3(NOx) > 992.0000) | map_noise(attribute=NOx(GT), percentage=0.25) | filter(PT08.S1(CO) > 0.0098) | map_duplicate(probability=1.00) | map_noise(attribute=T, percentage=0.01) | map_duplicate(probability=0.30) | map_duplicate(probability=0.80) | map_noise(attribute=PT08.S5(O3), percentage=0.05) | map_noise(attribute=RH, percentage=0.01) };7.52655e-01;1.00000e+00;Pipeline { map_noise(attribute=NOx(GT), percentage=0.10) | map_noise(attribute=PT08.S5(O3), percentage=0.25) };7.86644e-01;4.17077e-01;Pipeline { map_noise(attribute=CO(GT), percentage=0.25) | filter(PT08.S5(O3) > 778.0000) | filter(PT08.S4(NO2) > 0.0005) | map_duplicate(probability=0.50) };7.60351e-01;9.73638e-01;Pipeline { map_noise(attribute=NO2(GT), percentage=0.10) | map_noise(attribute=NOx(GT), percentage=0.10) }
datasets/airQuality_parallel.csv;nsga2;4;48;4800;4800;3.06144e+02;100;7;5;1.00000e+00;9.90000e-01;1.00000e+00;8.52110e-01;2.76817e-02;Pipeline { filter(AH > 0.0089) | filter(PT08.S3(NOx) > 992.0000) | map_noise(attribute=NOx(GT), percentage=0.25) | filter(PT08.S1(CO) > 0.0098) | map_duplicate(probability=1.00) | map_noise(attribute=T, percentage=0.01) | map_duplicate(probability=0.30) | map_duplicate(probability=0.80) | map_noise(attribute=PT08.S5(O3), percentage=0.05) | map_noise(attribute=RH, percentage=0.01) };7.52655e-01;1.00000e+00;Pipeline { map_noise(attribute=NOx(GT), percentage=0.10) | map_noise(attribute=PT08.S5(O3), percentage=0.25) };7.82830e-01;4.48718e-01;Pipeline { map_noise(attribute=CO(GT), percentage=0.25) | filter(PT08.S5(O3) > 778.0000) | filter(RH > 0.2940) | map_duplicate(probability=0.50) };7.60351e-01;9.73638e-01;Pipeline { map_noise(attribute=NO2(GT), percentage=0.10) | map_noise(attribute=NOx(GT), percentage=0.10) }
datasets/airQuality_parallel.csv;nsga2;4;49;4900;4900;3.12519e+02;100;6;2;1.00000e+00;9.90000e-01;1.00000e+00;8.52110e-01;2.76817e-02;Pipeline { filter(AH > 0.0089) | filter(PT08.S3(NOx) > 992.0000) | map_noise(attribute=NOx(GT), percentage=0.25) | filter(PT08.S1(CO) > 0.0098) | map_duplicate(probability=1.00) | map_noise(attribute=T, percentage=0.01) | map_duplicate(probability=0.30) | map_duplicate(probability=0.80) | map_noise(attribute=PT08.S5(O3), percentage=0.05) | map_noise(attribute=RH, percentage=0.01) };7.52778e-01;1.00000e+00;Pipeline { map_noise(attribute=NOx(GT), percentage=0.10) | map_noise(attribute=C6H6(GT), percentage=0.05) };7.83983e-01;4.15459e-01;Pipeline { map_noise(attribute=CO(GT), percentage=0.25) | filter(PT08.S5(O3) > 778.0000) | filter(RH > 0.0689) | map_duplicate(probability=0.50) };7.60351e-01;9.73638e-01;Pipeline { map_noise(attribute=NO2(GT), percentage=0.10) | map_noise(attribute=NOx(GT), percentage=0.10) }
datasets/airQuality_parallel.csv;nsga2;4;50;5000;5000;3.26079e+02;100;6;2;1.00000e+00;9.90000e-01;1.00000e+00;8.57053e-01;2.76817e-02;Pipeline { filter(AH > 0.0089) | filter(PT08.S3(NOx) > 992.0000) | map_noise(attribute=NOx(GT), percentage=0.25) | filter(PT08.S1(CO) > 0.0498) | map_duplicate(probability=1.00) | map_noise(attribute=T, percentage=0.01) | map_duplicate(probability=0.30) | map_duplicate(probability=0.80) | map_noise(attribute=PT08.S5(O3), percentage=0.05) | map_noise(attribute=RH, percentage=0.01) };7.52784e-01;1.00000e+00;Pipeline { map_noise(attribute=NOx(GT), percentage=0.10) | map_noise(attribute=RH, percentage=0.01) };7.83983e-01;4.15459e-01;Pipeline { map_noise(attribute=CO(GT), percentage=0.25) | filter(PT08.S5(O3) > 778.0000) | filter(RH > 0.0689) | map_duplicate(probability=0.50) };7.60351e-01;9.73638e-01;Pipeline { map_noise(attribute=NO2(GT), percentage=0.10) | map_noise(attribute=NOx(GT), percentage=0.10) }
datasets/airQuality_parallel.csv;nsga2;5;1;100;100;7.40400e+00;100;10;51;9.60000e-01;9.60000e-01;4.20000e-01;7.44927e-01;6.17978e-01;Pipeline { map_noise(attribute=NO2(GT), percentage=0.25) | filter(PT08.S5(O3) > 0.0880) };6.11232e-01;1.00000e+00;Pipeline { map_noise(attribute=AH, percentage=0.10) | filter(NO2(GT) > 0.0000) | map_noise(attribute=PT08.S3(NOx), percentage=0.25) | map_noise(attribute=RH, percentage=0.10) };5.26414e-01;9.28696e-01;Pipeline { map_duplicate(probability=0.40) };2.25703e-01;8.88112e-01;Pipeline { map_duplicate(probability=0.80) | map_noise(attribute=NO2(GT), percentage=0.01) | map_duplicate(probability=0.30) | map_noise(attribute=RH, percentage=0.10) | map_duplicate(probability=0.40) }
datasets/airQuality_parallel.csv;nsga2;5;2;200;200;1.56220e+01;100;2;2;9.60000e-01;9.60000e-01;7.50000e-01;7.46509e-01;9.38918e-01;Pipeline { map_noise(attribute=CO(GT), percentage=0.05) };6.07984e-01;1.00000e+00;Pipeline { filter(CO(GT) < 52700000.0000) };7.41322e-01;1.00000e+00;Pipeline { map_noise(attribute=PT08.S2(NMHC), percentage=0.25) };7.41322e-01;1.00000e+00;Pipeline { map_noise(attribute=PT08.S2(NMHC), percentage=0.25) }
datasets/airQuality_parallel.csv;nsga2;5;3;300;300;2.09270e+01;100;3;1;9.70000e-01;9.70000e-01;4.60000e-01;7.93203e-01;1.71429e-01;Pipeline { map_noise(attribute=AH, percentage=0.25) | map_duplicate(probability=0.70) | filter(C6H6(GT) < 187000.0000) | map_duplicate(probability=1.00) | map_duplicate(probability=0.90) | map_duplicate(probability=0.50) | map_noise(attribute=PT08.S4(NO2), percentage=0.10) | filter(NMHC(GT) < 7200000000.0000) };5.75767e-01;1.00000e+00;Pipeline { map_noise(attribute=RH, percentage=0.05) | filter(NOx(GT) > 0.0014) | filter(CO(GT) < 5490000000.0000) | map_noise(attribute=NOx(GT), percentage=0.05) };7.41322e-01;1.00000e+00;Pipeline { map_noise(attribute=PT08.S1(CO), percentage=0.05) };7.41322e-01;1.00000e+00;Pipeline { map_noise(attribute=PT08.S4(NO2), percentage=0.05) }
datasets/airQuality_parallel.csv;nsga2;5;4;400;400;3.03160e+01;100;7;5;9.80000e-01;9.80000e-01;5.00000e-01;8.19195e-01;1.89274e-01;Pipeline { map_noise(attribute=AH, percentage=0.25) | map_duplicate(probability=0.70) | filter(NMHC(GT) > 0.0713) | map_duplicate(probability=1.00) | map_duplicate(probability=0.90) | map_duplicate(probability=0.50) | map_noise(attribute=PT08.S4(NO2), percentage=0.10) | filter(NMHC(GT) < 7200000000.0000) };5.75767e-01;1.00000e+00;Pipeline { map_noise(attribute=RH, percentage=0.05) | filter(NOx(GT) > 0.0014) | filter(CO(GT) < 5490000000.0000) | map_noise(attribute=NOx(GT), percentage=0.05) };7.44927e-01;6.17978e-01;Pipeline { map_noise(attribute=NO2(GT), percentage=0.25) | filter(PT08.S5(O3) > 0.0880) };7.41322e-01;1.00000e+00;Pipeline { map_noise(attribute=PT08.S5(O3), percentage=0.05) }
datasets/airQuality_parallel.csv;nsga2;5;5;500;500;3.98290e+01;100;10;3;9.80000e-01;9.80000e-01;4.30000e-01;8.39817e-01;1.81250e-01;Pipeline { map_noise(attribute=AH, percentage=0.25) | map_duplicate(probability=0.70) | filter(C6H6(GT) < 187000.0000) | map_duplicate(probability=1.00) | map_duplicate(probability=0.90) | map_duplicate(probability=0.50) | map_duplicate(probability=0.10) | filter(NMHC(GT) < 7200000000.0000) };7.37758e-01;1.00000e+00;Pipeline { map_noise(attribute=NOx(GT), percentage=0.10) };7.55854e-01;7.03375e-01;Pipeline { map_noise(attribute=NO2(GT), percentage=0.25) | map_noise(attribute=PT08.S2(NMHC), percentage=0.10) };7.41322e-01;1.00000e+00;Pipeline { map_noise(attribute=T, percentage=0.05) }
datasets/airQuality_parallel.csv;nsga2;5;6;600;600;5.56520e+01;100;10;65;1.00000e+00;1.00000e+00;4.30000e-01;8.39817e-01;1.81250e-01;Pipeline { map_noise(attribute=AH, percentage=0.25) | map_duplicate(probability=0.70) | filter(C6H6(GT) < 187000.0000) | map_duplicate(probability=1.00) | map_duplicate(probability=0.90) | map_duplicate(probability=0.50) | map_duplicate(probability=0.10) | filter(NMHC(GT) < 7200000000.0000) };7.41322e-01;1.00000e+00;Pipeline { map_noise(attribute=NMHC(GT), percentage=0.05) };7.59770e-01;9.36567e-01;Pipeline { map_noise(attribute=PT08.S5(O3), percentage=0.25) | filter(PT08.S2(NMHC) > 0.0886) };7.41322e-01;1.00000e+00;Pipeline { map_noise(attribute=C6H6(GT), percentage=0.25) | map_noise(attribute=PT08.S1(CO), percentage=0.25) }
datasets/airQuality_parallel.csv;nsga2;5;7;700;700;6.69960e+01;100;9;57;1.00000e+00;1.00000e+00;5.00000e-01;8.39817e-01;1.81250e-01;Pipeline { map_noise(attribute=AH, percentage=0.25) | map_duplicate(probability=0.70) | filter(C6H6(GT) < 187000.0000) | map_duplicate(probability=1.00) | map_duplicate(probability=0.90) | map_duplicate(probability=0.50) | map_duplicate(probability=0.10) | filter(NMHC(GT) < 7200000000.0000) };7.41322e-01;1.00000e+00;Pipeline { map_noise(attribute=AH, percentage=0.05) | map_noise(attribute=PT08.S4(NO2), percentage=0.25) };7.64387e-01;6.25468e-01;Pipeline { map_noise(attribute=NO2(GT), percentage=0.25) | filter(PT08.S2(NMHC) > 0.0886) };7.41322e-01;1.00000e+00;Pipeline { map_noise(attribute=PT08.S5(O3), percentage=0.01) | map_noise(attribute=RH, percentage=0.25) }
datasets/airQuality_parallel.csv;nsga2;5;8;800;800;7.77110e+01;100;8;27;1.00000e+00;1.00000e+00;7.50000e-01;8.39817e-01;1.81250e-01;Pipeline { map_noise(attribute=AH, percentage=0.25) | map_duplicate(probability=0.70) | filter(C6H6(GT) < 187000.0000) | map_duplicate(probability=1.00) | map_duplicate(probability=0.90) | map_duplicate(probability=0.50) | map_duplicate(probability=0.10) | filter(NMHC(GT) < 7200000000.0000) };7.41322e-01;1.00000e+00;Pipeline { map_noise(attribute=PT08.S5(O3), percentage=0.05) | map_noise(attribute=PT08.S5(O3), percentage=0.25) };7.80590e-01;2.01258e-01;Pipeline { map_noise(attribute=AH, percentage=0.25) | map_duplicate(probability=0.70) | filter(C6H6(GT) < 187000.0000) | map_duplicate(probability=1.00) | map_duplicate(probability=0.90) | map_duplicate(probability=0.50) | map_noise(attribute=PT08.S3(NOx), percentage=0.25) | filter(NMHC(GT) < 7240000000.0000) };7.41322e-01;1.00000e+00;Pipeline { map_noise(attribute=AH, percentage=0.05) | map_noise(attribute=PT08.S4(NO2), percentage=0.25) }
datasets/airQuality_parallel.csv;nsga2;5;9;900;900;9.10190e+01;100;8;1;1.00000e+00;1.00000e+00;1.00000e+00;8.39817e-01;1.81250e-01;Pipeline { map_noise(attribute=AH, percentage=0.25) | map_duplicate(probability=0.70) | filter(C6H6(GT) < 187000.0000) | map_duplicate(probability=1.00) | map_duplicate(probability=0.90) | map_duplicate(probability=0.50) | map_duplicate(probability=0.10) | filter(NMHC(GT) < 7200000000.0000) };7.41788e-01;1.00000e+00;Pipeline { map_noise(attribute=PT08.S3(NOx), percentage=0.05) | map_noise(attribute=NOx(GT), percentage=0.01) };7.99399e-01;1.88679e-01;Pipeline { map_noise(attribute=AH, percentage=0.25) | map_duplicate(probability=0.70) | filter(NMHC(GT) > 0.0713) | map_duplicate(probability=1.00) | map_duplicate(probability=0.90) | map_duplicate(probability=0.50) | map_noise(attribute=PT08.S1(CO), percentage=0.01) | filter(NMHC(GT) < 9200000000.0000) };7.57820e-01;9.36567e-01;Pipeline { map_noise(attribute=PT08.S5(O3), percentage=0.25) | filter(PT08.S4(NO2) > 0.0000) }
datasets/airQuality_parallel.csv;nsga2;5;10;1000;1000;1.02590e+02;100;11;6;1.00000e+00;1.00000e+00;1.00000e+00;8.39817e-01;1.81250e-01;Pipeline { map_noise(attribute=AH, percentage=0.25) | map_duplicate(probability=0.70) | filter(C6H6(GT) < 187000.0000) | map_duplicate(probability=1.00) | map_duplicate(probability=0.90) | map_duplicate(probability=0.50) | map_duplicate(probability=0.10) | filter(NMHC(GT) < 7200000000.0000) };7.43472e-01;1.00000e+00;Pipeline { map_noise(attribute=C6H6(GT), percentage=0.25) | map_noise(attribute=NO2(GT), percentage=0.01) };8.09544e-01;1.83544e-01;Pipeline { map_noise(attribute=AH, percentage=0.25) | map_duplicate(probability=0.90) | filter(NMHC(GT) > 0.4950) | map_duplicate(probability=1.00) | map_duplicate(probability=0.90) | map_duplicate(probability=0.50) | map_noise(attribute=PT08.S4(NO2), percentage=0.10) | filter(NMHC(GT) < 689000.0000) };7.60838e-01;9.36567e-01;Pipeline { map_noise(attribute=NOx(GT), percentage=0.25) | filter(PT08.S5(O3) > 0.0880) }
datasets/airQuality_parallel.csv;nsga2;5;11;1100;1100;1.18728e+02;100;10;11;1.00000e+00;1.00000e+00;1.00000e+00;8.50039e-01;1.93146e-01;Pipeline { map_noise(attribute=T, percentage=0.25) | map_duplicate(probability=0.70) | filter(C6H6(GT) < 18700000.0000) | map_duplicate(probability=1.00) | map_duplicate(probability=0.90) | map_duplicate(probability=0.60) | map_noise(attribute=PT08.S4(NO2), percentage=0.10) | filter(NMHC(GT) < 7200000000.0000) };7.43753e-01;1.00000e+00;Pipeline { map_noise(attribute=NO2(GT), percentage=0.01) };8.15139e-01;1.77778e-01;Pipeline { map_noise(attribute=T, percentage=0.25) | map_duplicate(probability=0.70) | filter(C6H6(GT) < 187000.0000) | map_duplicate(probability=1.00) | map_duplicate(probability=0.90) | map_duplicate(probability=0.70) | map_noise(attribute=PT08.S5(O3), percentage=0.01) | filter(NMHC(GT) < 6200000000.0000) };7.62059e-01;9.36567e-01;Pipeline { map_noise(attribute=PT08.S5(O3), percentage=0.25) | filter(PT08.S5(O3) > 0.0880) }
datasets/airQuality_parallel.csv;nsga2;5;12;1200;1200;1.34093e+02;100;9;1;1.00000e+00;1.00000e+00;1.00000e+00;8.50039e-01;1.93146e-01;Pipeline { map_noise(attribute=T, percentage=0.25) | map_duplicate(probability=0.70) | filter(C6H6(GT) < 18700000.0000) | map_duplicate(probability=1.00) | map_duplicate(probability=0.90) | map_duplicate(probability=0.60) | map_noise(attribute=PT08.S4(NO2), percentage=0.10) | filter(NMHC(GT) < 7200000000.0000) };7.44941e-01;1.00000e+00;Pipeline { map_noise(attribute=NOx(GT), percentage=0.01) | map_noise(attribute=RH, percentage=0.05) };8.21366e-01;1.89873e-01;Pipeline { map_noise(attribute=AH, percentage=0.25) | map_duplicate(probability=0.90) | filter(NMHC(GT) > 0.0713) | map_duplicate(probability=1.00) | map_duplicate(probability=0.90) | map_duplicate(probability=0.50) | map_noise(attribute=PT08.S4(NO2), percentage=0.10) | filter(C6H6(GT) > 0.0000) };7.63472e-01;9.36567e-01;Pipeline { map_noise(attribute=PT08.S5(O3), percentage=0.25) | filter(T < 3520000.0000) }
datasets/airQuality_parallel.csv;nsga2;5;13;1300;1300;1.45768e+02;100;10;11;1.00000e+00;1.00000e+00;1.00000e+00;8.50039e-01;1.93146e-01;Pipeline { map_noise(attribute=T, percentage=0.25) | map_duplicate(probability=0.70) | filter(C6H6(GT) < 18700000.0000) | map_duplicate(probability=1.00) | map_duplicate(probability=0.90) | map_duplicate(probability=0.60) | map_noise(attribute=PT08.S4(NO2), percentage=0.10) | filter(NMHC(GT) < 7200000000.0000) };7.45668e-01;1.00000e+00;Pipeline { map_noise(attribute=PT08.S1(CO), percentage=0.05) | map_noise(attribute=NOx(GT), percentage=0.01) };8.23912e-01;1.89274e-01;Pipeline { map_noise(attribute=AH, percentage=0.01) | map_duplicate(probability=0.90) | filter(RH > 0.0000) | map_duplicate(probability=1.00) | map_duplicate(probability=0.90) | map_duplicate(probability=0.50) | map_noise(attribute=PT08.S4(NO2), percentage=0.10) | filter(NMHC(GT) < 7200000000.0000) };7.63472e-01;9.36567e-01;Pipeline { map_noise(attribute=PT08.S5(O3), percentage=0.25) | filter(T < 3520000.0000) }
datasets/airQuality_parallel.csv;nsga2;5;14;1400;1400;1.73372e+02;100;7;3;1.00000e+00;1.00000e+00;1.00000e+00;8.50039e-01;1.93146e-01;Pipeline { map_noise(attribute=T, percentage=0.25) | map_duplicate(probability=0.70) | filter(C6H6(GT) < 18700000.0000) | map_duplicate(probability=1.00) | map_duplicate(probability=0.90) | map_duplicate(probability=0.60) | map_noise(attribute=PT08.S4(NO2), percentage=0.10) | filter(NMHC(GT) < 7200000000.0000) };7.45668e-01;1.00000e+00;Pipeline { map_noise(attribute=PT08.S1(CO), percentage=0.05) | map_noise(attribute=NOx(GT), percentage=0.01) };8.30575e-01;1.00890e-01;Pipeline { map_noise(attribute=CO(GT), percentage=0.25) | map_duplicate(probability=0.70) | filter(C6H6(GT) < 18700000.0000) | map_duplicate(probability=1.00) | map_duplicate(probability=0.90) | map_duplicate(probability=0.60) | map_noise(attribute=PT08.S4(NO2), percentage=0.10) | filter(NMHC(GT) < 7200000000.0000) };7.71922e-01;9.36567e-01;Pipeline { map_noise(attribute=PT08.S5(O3), percentage=0.25) | filter(PT08.S4(NO2) > 0.0003) }
datasets/airQuality_parallel.csv;nsga2;5;15;1500;1500;1.89909e+02;100;7;2;1.00000e+00;1.00000e+00;1.00000e+00;8.50039e-01;1.93146e-01;Pipeline { map_noise(attribute=T, percentage=0.25) | map_duplicate(probability=0.70) | filter(C6H6(GT) < 18700000.0000) | map_duplicate(probability=1.00) | map_duplicate(probability=0.90) | map_duplicate(probability=0.60) | map_noise(attribute=PT08.S4(NO2), percentage=0.10) | filter(NMHC(GT) < 7200000000.0000) };7.46516e-01;1.00000e+00;Pipeline { map_noise(attribute=PT08.S2(NMHC), percentage=0.05) | map_noise(attribute=NOx(GT), percentage=0.25) };8.33869e-01;1.89274e-01;Pipeline { map_noise(attribute=AH, percentage=0.25) | map_duplicate(probability=0.90) | filter(NMHC(GT) > 0.0713) | map_duplicate(probability=1.00) | map_duplicate(probability=0.90) | map_duplicate(probability=0.50) | map_noise(attribute=AH, percentage=0.10) | filter(C6H6(GT) > 0.9860) };7.65219e-01;6.54867e-01;Pipeline { map_noise(attribute=NO2(GT), percentage=0.25) }
datasets/airQuality_parallel.csv;nsga2;5;16;1600;1600;2.01219e+02;100;9;3;1.00000e+00;1.00000e+00;1.00000e+00;8.50039e-01;1.93146e-01;Pipeline { map_noise(attribute=T, percentage=0.25) | map_duplicate(probability=0.70) | filter(C6H6(GT) < 18700000.0000) | map_duplicate(probability=1.00) | map_duplicate(probability=0.90) | map_duplicate(probability=0.60) | map_noise(attribute=PT08.S4(NO2), percentage=0.10) | filter(NMHC(GT) < 7200000000.0000) };7.48151e-01;1.00000e+00;Pipeline { map_noise(attribute=PT08.S5(O3), percentage=0.10) | map_noise(attribute=NOx(GT), percentage=0.25) };8.35661e-01;1.86916e-01;Pipeline { map_noise(attribute=T, percentage=0.25) | map_duplicate(probability=0.70) | filter(C6H6(GT) < 187000.0000) | map_duplicate(probability=1.00) | map_duplicate(probability=0.90) | map_duplicate(probability=0.60) | map_noise(attribute=T, percentage=0.01) | filter(NMHC(GT) < 7200000000.0000) };7.71922e-01;9.36567e-01;Pipeline { map_noise(attribute=PT08.S5(O3), percentage=0.25) | filter(PT08.S4(NO2) > 0.0003) }
datasets/airQuality_parallel.csv;nsga2;5;17;1700;1700;2.21499e+02;100;10;5;1.00000e+00;1.00000e+00;1.00000e+00;8.50039e-01;1.93146e-01;Pipeline { map_noise(attribute=T, percentage=0.25) | map_duplicate(probability=0.70) | filter(C6H6(GT) < 18700000.0000) | map_duplicate(probability=1.00) | map_duplicate(probability=0.90) | map_duplicate(probability=0.60) | map_noise(attribute=PT08.S4(NO2), percentage=0.10) | filter(NMHC(GT) < 7200000000.0000) };7.48151e-01;1.00000e+00;Pipeline { map_noise(attribute=PT08.S5(O3), percentage=0.10) | map_noise(attribute=NOx(GT), percentage=0.25) };8.36290e-01;1.76101e-01;Pipeline { map_noise(attribute=RH, percentage=0.25) | map_duplicate(probability=0.70) | filter(C6H6(GT) < 187000.0000) | map_duplicate(probability=1.00) | map_duplicate(probability=0.90) | map_duplicate(probability=0.60) | map_noise(attribute=PT08.S4(NO2), percentage=0.10) | filter(NMHC(GT) < 7200000000.0000) };7.71922e-01;9.36567e-01;Pipeline { map_noise(attribute=PT08.S5(O3), percentage=0.25) | filter(PT08.S4(NO2) > 0.0003) }
datasets/airQuality_parallel.csv;nsga2;5;18;1800;1800;2.41834e+02;100;11;1;1.00000e+00;9.90000e-01;1.00000e+00;8.50039e-01;1.93146e-01;Pipeline { map_noise(attribute=T, percentage=0.25) | map_duplicate(probability=0.70) | filter(C6H6(GT) < 18700000.0000) | map_duplicate(probability=1.00) | map_duplicate(probability=0.90) | map_duplicate(probability=0.60) | map_noise(attribute=PT08.S4(NO2), percentage=0.10) | filter(NMHC(GT) < 7200000000.0000) };7.49208e-01;1.00000e+00;Pipeline { map_noise(attribute=NOx(GT), percentage=0.10) | map_noise(attribute=AH, percentage=0.05) };8.36994e-01;1.85759e-01;Pipeline { map_noise(attribute=T, percentage=0.25) | map_duplicate(probability=0.70) | filter(PT08.S1(CO) > 0.0000) | map_duplicate(probability=1.00) | map_duplicate(probability=0.90) | map_duplicate(probability=0.60) | map_noise(attribute=NOx(GT), percentage=0.25) | filter(NMHC(GT) < 4740000.0000) };7.62570e-01;6.56716e-01;Pipeline { map_noise(attribute=NO2(GT), percentage=0.25) | filter(PT08.S2(NMHC) > 8.8600) }
datasets/airQuality_parallel.csv;nsga2;5;19;1900;1900;2.65599e+02;100;8;12;1.00000e+00;9.90000e-01;1.00000e+00;8.50039e-01;1.93146e-01;Pipeline { map_noise(attribute=T, percentage=0.25) | map_duplicate(probability=0.70) | filter(C6H6(GT) < 18700000.0000) | map_duplicate(probability=1.00) | map_duplicate(probability=0.90) | map_duplicate(probability=0.60) | map_noise(attribute=PT08.S4(NO2), percentage=0.10) | filter(NMHC(GT) < 7200000000.0000) };7.49962e-01;1.00000e+00;Pipeline { map_noise(attribute=NOx(GT), percentage=0.05) };8.37575e-01;2.00000e-01;Pipeline { map_noise(attribute=NOx(GT), percentage=0.25) | map_duplicate(probability=0.70) | filter(C6H6(GT) < 187000.0000) | map_duplicate(probability=1.00) | map_duplicate(probability=0.90) | map_duplicate(probability=0.60) | map_noise(attribute=PT08.S4(NO2), percentage=0.10) | filter(NMHC(GT) < 7200000000.0000) };7.62570e-01;6.56716e-01;Pipeline { map_noise(attribute=NO2(GT), percentage=0.25) | filter(PT08.S2(NMHC) > 8.8600) }
datasets/airQuality_parallel.csv;nsga2;5;20;2000;2000;2.78280e+02;100;8;13;1.00000e+00;1.00000e+00;1.00000e+00;8.50039e-01;1.93146e-01;Pipeline { map_noise(attribute=T, percentage=0.25) | map_duplicate(probability=0.70) | filter(C6H6(GT) < 18700000.0000) | map_duplicate(probability=1.00) | map_duplicate(probability=0.90) | map_duplicate(probability=0.60) | map_noise(attribute=PT08.S4(NO2), percentage=0.10) | filter(NMHC(GT) < 7200000000.0000) };7.49962e-01;1.00000e+00;Pipeline { map_noise(attribute=NOx(GT), percentage=0.05) };8.37947e-01;1.93146e-01;Pipeline { map_noise(attribute=AH, percentage=0.25) | map_duplicate(probability=0.70) | filter(PT08.S4(NO2) < 794000.0000) | map_duplicate(probability=1.00) | map_duplicate(probability=0.90) | map_duplicate(probability=0.70) | map_noise(attribute=C6H6(GT), percentage=0.10) | filter(NMHC(GT) < 7200000000.0000) };7.62570e-01;6.56716e-01;Pipeline { map_noise(attribute=NO2(GT), percentage=0.25) | filter(PT08.S2(NMHC) > 8.8600) }
datasets/airQuality_parallel.csv;nsga2;5;21;2100;2100;2.89231e+02;100;11;8;1.00000e+00;1.00000e+00;1.00000e+00;8.54688e-01;1.87500e-01;Pipeline { map_noise(attribute=AH, percentage=0.25) | map_duplicate(probability=0.70) | filter(PT08.S2(NMHC) < 4350.0000) | map_duplicate(probability=1.00) | map_duplicate(probability=0.90) | map_duplicate(probability=0.50) | map_duplicate(probability=0.10) | filter(NMHC(GT) < 7900000000.0000) };7.49962e-01;1.00000e+00;Pipeline { map_noise(attribute=NOx(GT), percentage=0.05) };8.38256e-01;1.93146e-01;Pipeline { map_noise(attribute=T, percentage=0.25) | map_duplicate(probability=0.70) | filter(AH < 18700000.0000) | map_duplicate(probability=1.00) | map_duplicate(probability=0.90) | map_duplicate(probability=0.60) | map_noise(attribute=PT08.S4(NO2), percentage=0.10) | filter(NMHC(GT) < 7220000000.0000) };7.74790e-01;8.72232e-01;Pipeline { map_noise(attribute=CO(GT), percentage=0.10) }
datasets/airQuality_parallel.csv;nsga2;5;22;2200;2200;3.04095e+02;100;12;2;1.00000e+00;1.00000e+00;1.00000e+00;8.54688e-01;1.87500e-01;Pipeline { map_noise(attribute=AH, percentage=0.25) | map_duplicate(probability=0.70) | filter(PT08.S2(NMHC) < 4350.0000) | map_duplicate(probability=1.00) | map_duplicate(probability=0.90) | map_duplicate(probability=0.50) | map_duplicate(probability=0.10) | filter(NMHC(GT) < 7900000000.0000) };7.50351e-01;1.00000e+00;Pipeline { map_noise(attribute=NOx(GT), percentage=0.10) };8.40648e-01;1.83544e-01;Pipeline { map_noise(attribute=AH, percentage=0.25) | map_duplicate(probability=0.90) | filter(NOx(GT) > 0.0733) | map_duplicate(probability=1.00) | map_duplicate(probability=0.90) | map_duplicate(probability=0.50) | map_noise(attribute=NO2(GT), percentage=0.10) | filter(NMHC(GT) < 982000.0000) };7.76043e-01;5.26627e-01;Pipeline { map_noise(attribute=CO(GT), percentage=0.25) }
datasets/airQuality_parallel.csv;nsga2;5;23;2300;2300;3.18503e+02;100;12;2;1.00000e+00;1.00000e+00;1.00000e+00;8.54688e-01;1.87500e-01;Pipeline { map_noise(attribute=AH, percentage=0.25) | map_duplicate(probability=0.70) | filter(PT08.S2(NMHC) < 4350.0000) | map_duplicate(probability=1.00) | map_duplicate(probability=0.90) | map_duplicate(probability=0.50) | map_duplicate(probability=0.10) | filter(NMHC(GT) < 7900000000.0000) };7.50351e-01;1.00000e+00;Pipeline { map_noise(attribute=NOx(GT), percentage=0.10) };8.41390e-01;1.88088e-01;Pipeline { map_noise(attribute=T, percentage=0.25) | map_duplicate(probability=0.70) | filter(NMHC(GT) < 187000.0000) | map_duplicate(probability=1.00) | map_duplicate(probability=0.90) | map_duplicate(probability=0.60) | map_noise(attribute=T, percentage=0.25) | filter(NMHC(GT) < 7100000000.0000) };7.76043e-01;5.26627e-01;Pipeline { map_noise(attribute=CO(GT), percentage=0.25) }
datasets/airQuality_parallel.csv;nsga2;5;24;2400;2400;3.29589e+02;100;12;2;1.00000e+00;1.00000e+00;1.00000e+00;8.54688e-01;1.87500e-01;Pipeline { map_noise(attribute=AH, percentage=0.25) | map_duplicate(probability=0.70) | filter(PT08.S2(NMHC) < 4350.0000) | map_duplicate(probability=1.00) | map_duplicate(probability=0.90) | map_duplicate(probability=0.50) | map_duplicate(probability=0.10) | filter(NMHC(GT) < 7900000000.0000) };7.50351e-01;1.00000e+00;Pipeline { map_noise(attribute=NOx(GT), percentage=0.10) };8.42256e-01;2.02454e-01;Pipeline { map_noise(attribute=AH, percentage=0.05) | map_duplicate(probability=0.70) | filter(C6H6(GT) < 187000.0000) | map_duplicate(probability=1.00) | map_duplicate(probability=0.90) | map_duplicate(probability=0.50) | map_duplicate(probability=0.10) | filter(NMHC(GT) < 7250000000.0000) };7.64387e-01;6.25468e-01;Pipeline { map_noise(attribute=NO2(GT), percentage=0.25) | filter(PT08.S2(NMHC) > 0.0886) }
datasets/airQuality_parallel.csv;nsga2;5;25;2500;2500;3.39934e+02;100;12;1;1.00000e+00;1.00000e+00;1.00000e+00;8.54688e-01;1.87500e-01;Pipeline { map_noise(attribute=AH, percentage=0.25) | map_duplicate(probability=0.70) | filter(PT08.S2(NMHC) < 4350.0000) | map_duplicate(probability=1.00) | map_duplicate(probability=0.90) | map_duplicate(probability=0.50) | map_duplicate(probability=0.10) | filter(NMHC(GT) < 7900000000.0000) };7.52479e-01;1.00000e+00;Pipeline { map_noise(attribute=NOx(GT), percentage=0.25) };8.42997e-01;1.88679e-01;Pipeline { map_noise(attribute=AH, percentage=0.25) | map_duplicate(probability=0.70) | filter(CO(GT) < 187000.0000) | map_duplicate(probability=1.00) | map_duplicate(probability=0.80) | map_duplicate(probability=0.70) | map_noise(attribute=PT08.S5(O3), percentage=0.10) | filter(NMHC(GT) < 7280000000.0000) };7.74528e-01;6.42722e-01;Pipeline { map_noise(attribute=NO2(GT), percentage=0.25) | filter(PT08.S2(NMHC) > 0.0586) }
datasets/airQuality_parallel.csv;nsga2;5;26;2600;2600;3.60720e+02;100;11;15;1.00000e+00;1.00000e+00;1.00000e+00;8.54688e-01;1.87500e-01;Pipeline { map_noise(attribute=AH, percentage=0.25) | map_duplicate(probability=0.70) | filter(PT08.S2(NMHC) < 4350.0000) | map_duplicate(probability=1.00) | map_duplicate(probability=0.90) | map_duplicate(probability=0.50) | map_duplicate(probability=0.10) | filter(NMHC(GT) < 7900000000.0000) };7.53016e-01;1.00000e+00;Pipeline { map_noise(attribute=AH, percentage=0.05) | map_noise(attribute=NOx(GT), percentage=0.10) };8.42997e-01;1.88679e-01;Pipeline { map_noise(attribute=AH, percentage=0.25) | map_duplicate(probability=0.70) | filter(CO(GT) < 187000.0000) | map_duplicate(probability=1.00) | map_duplicate(probability=0.80) | map_duplicate(probability=0.70) | map_noise(attribute=PT08.S5(O3), percentage=0.10) | filter(NMHC(GT) < 7280000000.0000) };7.74528e-01;6.42722e-01;Pipeline { map_noise(attribute=NO2(GT), percentage=0.25) | filter(PT08.S2(NMHC) > 0.0586) }
datasets/airQuality_parallel.csv;nsga2;5;27;2700;2700;3.70718e+02;100;11;15;1.00000e+00;1.00000e+00;1.00000e+00;8.54688e-01;1.87500e-01;Pipeline { map_noise(attribute=AH, percentage=0.25) | map_duplicate(probability=0.70) | filter(PT08.S2(NMHC) < 4350.0000) | map_duplicate(probability=1.00) | map_duplicate(probability=0.90) | map_duplicate(probability=0.50) | map_duplicate(probability=0.10) | filter(NMHC(GT) < 7900000000.0000) };7.53016e-01;1.00000e+00;Pipeline { map_noise(attribute=AH, percentage=0.05) | map_noise(attribute=NOx(GT), percentage=0.10) };8.42997e-01;1.88679e-01;Pipeline { map_noise(attribute=AH, percentage=0.25) | map_duplicate(probability=0.70) | filter(CO(GT) < 187000.0000) | map_duplicate(probability=1.00) | map_duplicate(probability=0.80) | map_duplicate(probability=0.70) | map_noise(attribute=PT08.S5(O3), percentage=0.10) | filter(NMHC(GT) < 7280000000.0000) };7.74528e-01;6.42722e-01;Pipeline { map_noise(attribute=NO2(GT), percentage=0.25) | filter(PT08.S2(NMHC) > 0.0586) }
datasets/airQuality_parallel.csv;nsga2;5;28;2800;2800;3.81659e+02;100;12;14;1.00000e+00;1.00000e+00;1.00000e+00;8.58845e-01;1.30719e-01;Pipeline { map_noise(attribute=C6H6(GT), percentage=0.25) | map_duplicate(probability=0.70) | filter(C6H6(GT) < 33.9000) | map_duplicate(probability=1.00) | map_duplicate(probability=0.90) | map_duplicate(probability=0.50) | map_duplicate(probability=0.10) | filter(NMHC(GT) < 7900000000.0000) };7.53033e-01;1.00000e+00;Pipeline { map_noise(attribute=NOx(GT), percentage=0.05) | map_noise(attribute=NOx(GT), percentage=0.25) };8.43389e-01;1.94969e-01;Pipeline { map_noise(attribute=AH, percentage=0.25) | map_duplicate(probability=0.70) | filter(C6H6(GT) < 187000.0000) | map_duplicate(probability=1.00) | map_duplicate(probability=0.90) | map_duplicate(probability=0.50) | map_duplicate(probability=0.10) | filter(NMHC(GT) < 7900000000.0000) };7.64387e-01;6.25468e-01;Pipeline { map_noise(attribute=NO2(GT), percentage=0.25) | filter(PT08.S2(NMHC) > 0.0886) }
datasets/airQuality_parallel.csv;nsga2;5;29;2900;2900;3.93142e+02;100;14;11;1.00000e+00;1.00000e+00;1.00000e+00;8.64435e-01;9.93377e-02;Pipeline { map_noise(attribute=C6H6(GT), percentage=0.25) | map_duplicate(probability=0.70) | filter(C6H6(GT) < 33.9000) | map_duplicate(probability=1.00) | map_duplicate(probability=0.90) | map_duplicate(probability=0.50) | map_duplicate(probability=0.10) | filter(NMHC(GT) < 43200.0000) };7.53033e-01;1.00000e+00;Pipeline { map_noise(attribute=NOx(GT), percentage=0.05) | map_noise(attribute=NOx(GT), percentage=0.25) };8.43605e-01;1.86916e-01;Pipeline { map_noise(attribute=AH, percentage=0.25) | map_duplicate(probability=0.70) | filter(RH < 187000.0000) | map_duplicate(probability=1.00) | map_duplicate(probability=0.80) | map_duplicate(probability=0.70) | map_noise(attribute=PT08.S5(O3), percentage=0.10) | filter(NMHC(GT) < 7280000000.0000) };7.65219e-01;6.54867e-01;Pipeline { map_noise(attribute=NO2(GT), percentage=0.25) }
datasets/airQuality_parallel.csv;nsga2;5;30;3000;3000;4.04340e+02;100;14;8;1.00000e+00;1.00000e+00;1.00000e+00;8.64435e-01;9.93377e-02;Pipeline { map_noise(attribute=C6H6(GT), percentage=0.25) | map_duplicate(probability=0.70) | filter(C6H6(GT) < 33.9000) | map_duplicate(probability=1.00) | map_duplicate(probability=0.90) | map_duplicate(probability=0.50) | map_duplicate(probability=0.10) | filter(NMHC(GT) < 43200.0000) };7.53033e-01;1.00000e+00;Pipeline { map_noise(attribute=NOx(GT), percentage=0.05) | map_noise(attribute=NOx(GT), percentage=0.25) };8.43940e-01;1.93146e-01;Pipeline { map_noise(attribute=NOx(GT), percentage=0.01) | map_duplicate(probability=0.70) | filter(PT08.S2(NMHC) < 435000.0000) | map_duplicate(probability=1.00) | map_duplicate(probability=0.90) | map_duplicate(probability=0.50) | map_duplicate(probability=0.10) | filter(NMHC(GT) < 151000000.0000) };7.74790e-01;8.72232e-01;Pipeline { map_noise(attribute=CO(GT), percentage=0.10) }
datasets/airQuality_parallel.csv;nsga2;5;31;3100;3100;4.21686e+02;100;13;5;1.00000e+00;1.00000e+00;1.00000e+00;8.64435e-01;9.93377e-02;Pipeline { map_noise(attribute=C6H6(GT), percentage=0.25) | map_duplicate(probability=0.70) | filter(C6H6(GT) < 33.9000) | map_duplicate(probability=1.00) | map_duplicate(probability=0.90) | map_duplicate(probability=0.50) | map_duplicate(probability=0.10) | filter(NMHC(GT) < 43200.0000) };7.53033e-01;1.00000e+00;Pipeline { map_noise(attribute=NOx(GT), percentage=0.05) | map_noise(attribute=NOx(GT), percentage=0.25) };8.44346e-01;2.00000e-01;Pipeline { map_noise(attribute=AH, percentage=0.25) | map_duplicate(probability=0.70) | filter(PT08.S4(NO2) < 187000.0000) | map_duplicate(probability=1.00) | map_duplicate(probability=0.90) | map_duplicate(probability=0.50) | map_duplicate(probability=0.10) | filter(NMHC(GT) < 790000000.0000) };7.65219e-01;6.54867e-01;Pipeline { map_noise(attribute=NO2(GT), percentage=0.25) }
datasets/airQuality_parallel.csv;nsga2;5;32;3200;3200;4.36652e+02;100;13;2;1.00000e+00;1.00000e+00;1.00000e+00;8.64435e-01;9.93377e-02;Pipeline { map_noise(attribute=C6H6(GT), percentage=0.25) | map_duplicate(probability=0.70) | filter(C6H6(GT) < 33.9000) | map_duplicate(probability=1.00) | map_duplicate(probability=0.90) | map_duplicate(probability=0.50) | map_duplicate(probability=0.10) | filter(NMHC(GT) < 43200.0000) };7.53033e-01;1.00000e+00;Pipeline { map_noise(attribute=NOx(GT), percentage=0.05) | map_noise(attribute=NOx(GT), percentage=0.25) };8.46358e-01;2.06897e-01;Pipeline { map_noise(attribute=T, percentage=0.25) | map_duplicate(probability=0.70) | filter(C6H6(GT) < 1870000000.0000) | map_duplicate(probability=1.00) | map_duplicate(probability=0.90) | map_duplicate(probability=0.60) | map_noise(attribute=PT08.S4(NO2), percentage=0.10) | filter(NMHC(GT) < 7200000000.0000) };7.90951e-01;2.13166e-01;Pipeline { map_noise(attribute=RH, percentage=0.25) | map_duplicate(probability=1.00) | filter(NMHC(GT) > 0.0717) | map_duplicate(probability=1.00) | map_duplicate(probability=0.90) | map_duplicate(probability=0.50) | map_noise(attribute=PT08.S4(NO2), percentage=0.10) | filter(C6H6(GT) > 0.0000) }
datasets/airQuality_parallel.csv;nsga2;5;33;3300;3300;4.46896e+02;100;13;1;1.00000e+00;9.90000e-01;1.00000e+00;8.64435e-01;9.93377e-02;Pipeline { map_noise(attribute=C6H6(GT), percentage=0.25) | map_duplicate(probability=0.70) | filter(C6H6(GT) < 33.9000) | map_duplicate(probability=1.00) | map_duplicate(probability=0.90) | map_duplicate(probability=0.50) | map_duplicate(probability=0.10) | filter(NMHC(GT) < 43200.0000) };7.53059e-01;1.00000e+00;Pipeline { map_noise(attribute=PT08.S2(NMHC), percentage=0.10) | map_noise(attribute=NOx(GT), percentage=0.25) };8.47421e-01;2.04969e-01;Pipeline { map_noise(attribute=T, percentage=0.25) | map_duplicate(probability=0.70) | filter(NMHC(GT) < 12700.0000) | map_duplicate(probability=1.00) | map_duplicate(probability=0.90) | map_duplicate(probability=0.60) | map_noise(attribute=T, percentage=0.25) | filter(NMHC(GT) < 7230000000.0000) };8.33806e-01;2.13166e-01;Pipeline { map_noise(attribute=AH, percentage=0.01) | map_duplicate(probability=0.90) | filter(NO2(GT) > 0.0000) | map_duplicate(probability=1.00) | map_duplicate(probability=0.90) | map_duplicate(probability=0.50) | map_noise(attribute=PT08.S4(NO2), percentage=0.10) | filter(NMHC(GT) < 5200000000.0000) }
datasets/airQuality_parallel.csv;nsga2;5;34;3400;3400;4.59468e+02;100;11;5;1.00000e+00;9.90000e-01;1.00000e+00;8.73543e-01;1.35922e-01;Pipeline { map_noise(attribute=PT08.S5(O3), percentage=0.25) | map_duplicate(probability=0.70) | filter(C6H6(GT) < 33.9000) | map_duplicate(probability=1.00) | map_duplicate(probability=0.90) | map_duplicate(probability=0.50) | map_duplicate(probability=0.10) | filter(NMHC(GT) < 13900000.0000) };7.53059e-01;1.00000e+00;Pipeline { map_noise(attribute=PT08.S2(NMHC), percentage=0.10) | map_noise(attribute=NOx(GT), percentage=0.25) };8.48193e-01;1.89274e-01;Pipeline { map_noise(attribute=PT08.S2(NMHC), percentage=0.10) | map_duplicate(probability=0.70) | filter(PT08.S4(NO2) < 183000.0000) | map_duplicate(probability=1.00) | map_duplicate(probability=0.90) | map_duplicate(probability=0.50) | map_duplicate(probability=0.10) | filter(NMHC(GT) < 320000000.0000) };8.38105e-01;2.13166e-01;Pipeline { map_noise(attribute=AH, percentage=0.01) | map_duplicate(probability=0.90) | filter(NO2(GT) > 9.4200) | map_duplicate(probability=1.00) | map_duplicate(probability=0.90) | map_duplicate(probability=0.50) | map_noise(attribute=PT08.S4(NO2), percentage=0.10) | filter(NMHC(GT) < 7200000000.0000) }
datasets/airQuality_parallel.csv;nsga2;5;35;3500;3500;4.80251e+02;100;13;1;1.00000e+00;9.90000e-01;1.00000e+00;8.73543e-01;1.35922e-01;Pipeline { map_noise(attribute=PT08.S5(O3), percentage=0.25) | map_duplicate(probability=0.70) | filter(C6H6(GT) < 33.9000) | map_duplicate(probability=1.00) | map_duplicate(probability=0.90) | map_duplicate(probability=0.50) | map_duplicate(probability=0.10) | filter(NMHC(GT) < 13900000.0000) };7.54094e-01;1.00000e+00;Pipeline { map_noise(attribute=NO2(GT), percentage=0.01) | map_noise(attribute=NOx(GT), percentage=0.25) };8.51115e-01;1.91950e-01;Pipeline { map_noise(attribute=T, percentage=0.10) | map_duplicate(probability=0.70) | filter(PT08.S2(NMHC) < 4350.0000) | map_duplicate(probability=1.00) | map_duplicate(probability=0.90) | map_duplicate(probability=0.50) | map_duplicate(probability=0.10) | filter(NMHC(GT) < 7900000000.0000) };7.79124e-01;2.12500e-01;Pipeline { map_noise(attribute=RH, percentage=0.25) | map_duplicate(probability=1.00) | filter(NMHC(GT) > 0.0717) | map_duplicate(probability=1.00) | map_duplicate(probability=0.90) | map_duplicate(probability=0.50) | map_noise(attribute=PT08.S4(NO2), percentage=0.10) | filter(C6H6(GT) > 0.0000) }
datasets/airQuality_parallel.csv;nsga2;5;36;3600;3600;4.93961e+02;100;14;22;1.00000e+00;9.90000e-01;1.00000e+00;8.73543e-01;1.35922e-01;Pipeline { map_noise(attribute=PT08.S5(O3), percentage=0.25) | map_duplicate(probability=0.70) | filter(C6H6(GT) < 33.9000) | map_duplicate(probability=1.00) | map_duplicate(probability=0.90) | map_duplicate(probability=0.50) | map_duplicate(probability=0.10) | filter(NMHC(GT) < 13900000.0000) };7.55858e-01;1.00000e+00;Pipeline { map_noise(attribute=NOx(GT), percentage=0.10) | map_noise(attribute=C6H6(GT), percentage=0.05) };8.51527e-01;1.94969e-01;Pipeline { map_noise(attribute=C6H6(GT), percentage=0.25) | map_duplicate(probability=0.70) | filter(NMHC(GT) < 12000.0000) | map_duplicate(probability=1.00) | map_duplicate(probability=0.90) | map_duplicate(probability=0.60) | map_noise(attribute=T, percentage=0.25) | filter(NMHC(GT) < 7230000000.0000) };8.23468e-01;2.12500e-01;Pipeline { map_noise(attribute=AH, percentage=0.25) | map_duplicate(probability=1.00) | filter(NMHC(GT) > 0.0717) | map_duplicate(probability=1.00) | map_duplicate(probability=0.60) | map_duplicate(probability=0.60) | map_noise(attribute=PT08.S4(NO2), percentage=0.10) | filter(C6H6(GT) > 0.0000) }
datasets/airQuality_parallel.csv;nsga2;5;37;3700;3700;5.05347e+02;100;15;18;1.00000e+00;9.90000e-01;1.00000e+00;8.74925e-01;9.09091e-02;Pipeline { map_noise(attribute=CO(GT), percentage=0.10) | map_duplicate(probability=0.70) | filter(C6H6(GT) < 31.9000) | map_duplicate(probability=1.00) | map_duplicate(probability=0.90) | map_duplicate(probability=0.50) | map_duplicate(probability=0.10) | filter(NMHC(GT) < 7900000000.0000) };7.55858e-01;1.00000e+00;Pipeline { map_noise(attribute=NOx(GT), percentage=0.10) | map_noise(attribute=C6H6(GT), percentage=0.05) };8.53472e-01;1.86335e-01;Pipeline { map_noise(attribute=T, percentage=0.10) | map_duplicate(probability=0.70) | filter(PT08.S2(NMHC) < 4350.0000) | map_duplicate(probability=1.00) | map_duplicate(probability=0.90) | map_duplicate(probability=0.50) | map_duplicate(probability=0.10) | filter(NMHC(GT) < 751000000.0000) };8.23468e-01;2.12500e-01;Pipeline { map_noise(attribute=AH, percentage=0.25) | map_duplicate(probability=1.00) | filter(NMHC(GT) > 0.0717) | map_duplicate(probability=1.00) | map_duplicate(probability=0.60) | map_duplicate(probability=0.60) | map_noise(attribute=PT08.S4(NO2), percentage=0.10) | filter(C6H6(GT) > 0.0000) }
datasets/airQuality_parallel.csv;nsga2;5;38;3800;3800;5.19157e+02;100;17;18;1.00000e+00;9.90000e-01;1.00000e+00;8.74925e-01;9.09091e-02;Pipeline { map_noise(attribute=CO(GT), percentage=0.10) | map_duplicate(probability=0.70) | filter(C6H6(GT) < 31.9000) | map_duplicate(probability=1.00) | map_duplicate(probability=0.90) | map_duplicate(probability=0.50) | map_duplicate(probability=0.10) | filter(NMHC(GT) < 7900000000.0000) };7.55858e-01;1.00000e+00;Pipeline { map_noise(attribute=NOx(GT), percentage=0.10) | map_noise(attribute=C6H6(GT), percentage=0.05) };8.54688e-01;1.87500e-01;Pipeline { map_noise(attribute=AH, percentage=0.25) | map_duplicate(probability=0.70) | filter(PT08.S2(NMHC) < 4350.0000) | map_duplicate(probability=1.00) | map_duplicate(probability=0.90) | map_duplicate(probability=0.50) | map_duplicate(probability=0.10) | filter(NMHC(GT) < 7900000000.0000) };8.23468e-01;2.12500e-01;Pipeline { map_noise(attribute=AH, percentage=0.25) | map_duplicate(probability=1.00) | filter(NMHC(GT) > 0.0717) | map_duplicate(probability=1.00) | map_duplicate(probability=0.60) | map_duplicate(probability=0.60) | map_noise(attribute=PT08.S4(NO2), percentage=0.10) | filter(C6H6(GT) > 0.0000) }
datasets/airQuality_parallel.csv;nsga2;5;39;3900;3900;5.32030e+02;100;17;15;1.00000e+00;9.90000e-01;1.00000e+00;8.74925e-01;9.09091e-02;Pipeline { map_noise(attribute=CO(GT), percentage=0.10) | map_duplicate(probability=0.70) | filter(C6H6(GT) < 31.9000) | map_duplicate(probability=1.00) | map_duplicate(probability=0.90) | map_duplicate(probability=0.50) | map_duplicate(probability=0.10) | filter(NMHC(GT) < 7900000000.0000) };7.55858e-01;1.00000e+00;Pipeline { map_noise(attribute=NOx(GT), percentage=0.10) | map_noise(attribute=C6H6(GT), percentage=0.05) };8.55874e-01;1.83544e-01;Pipeline { map_noise(attribute=C6H6(GT), percentage=0.25) | map_duplicate(probability=0.70) | filter(PT08.S2(NMHC) < 4350.0000) | map_duplicate(probability=1.00) | map_duplicate(probability=0.90) | map_duplicate(probability=0.50) | map_duplicate(probability=0.10) | filter(NMHC(GT) < 796000.0000) };8.23468e-01;2.12500e-01;Pipeline { map_noise(attribute=AH, percentage=0.25) | map_duplicate(probability=1.00) | filter(NMHC(GT) > 0.0717) | map_duplicate(probability=1.00) | map_duplicate(probability=0.60) | map_duplicate(probability=0.60) | map_noise(attribute=PT08.S4(NO2), percentage=0.10) | filter(C6H6(GT) > 0.0000) }
datasets/airQuality_parallel.csv;nsga2;5;40;4000;4000;5.46125e+02;100;17;11;1.00000e+00;9.90000e-01;1.00000e+00;8.74925e-01;9.09091e-02;Pipeline { map_noise(attribute=CO(GT), percentage=0.10) | map_duplicate(probability=0.70) | filter(C6H6(GT) < 31.9000) | map_duplicate(probability=1.00) | map_duplicate(probability=0.90) | map_duplicate(probability=0.50) | map_duplicate(probability=0.10) | filter(NMHC(GT) < 7900000000.0000) };7.55858e-01;1.00000e+00;Pipeline { map_noise(attribute=NOx(GT), percentage=0.10) | map_noise(attribute=C6H6(GT), percentage=0.05) };8.55874e-01;1.83544e-01;Pipeline { map_noise(attribute=C6H6(GT), percentage=0.25) | map_duplicate(probability=0.70) | filter(PT08.S2(NMHC) < 4350.0000) | map_duplicate(probability=1.00) | map_duplicate(probability=0.90) | map_duplicate(probability=0.50) | map_duplicate(probability=0.10) | filter(NMHC(GT) < 796000.0000) };8.23468e-01;2.12500e-01;Pipeline { map_noise(attribute=AH, percentage=0.25) | map_duplicate(probability=1.00) | filter(NMHC(GT) > 0.0717) | map_duplicate(probability=1.00) | map_duplicate(probability=0.60) | map_duplicate(probability=0.60) | map_noise(attribute=PT08.S4(NO2), percentage=0.10) | filter(C6H6(GT) > 0.0000) }
datasets/airQuality_parallel.csv;nsga2;5;41;4100;4100;5.61031e+02;100;15;11;1.00000e+00;9.90000e-01;1.00000e+00;8.74925e-01;9.09091e-02;Pipeline { map_noise(attribute=CO(GT), percentage=0.10) | map_duplicate(probability=0.70) | filter(C6H6(GT) < 31.9000) | map_duplicate(probability=1.00) | map_duplicate(probability=0.90) | map_duplicate(probability=0.50) | map_duplicate(probability=0.10) | filter(NMHC(GT) < 7900000000.0000) };7.58361e-01;1.00000e+00;Pipeline { map_noise(attribute=C6H6(GT), percentage=0.05) | map_noise(attribute=NOx(GT), percentage=0.10) };8.56087e-01;1.87500e-01;Pipeline { map_noise(attribute=PT08.S5(O3), percentage=0.25) | map_duplicate(probability=0.70) | filter(T < 187000.0000) | map_duplicate(probability=1.00) | map_duplicate(probability=0.90) | map_duplicate(probability=0.50) | map_duplicate(probability=0.10) | filter(NMHC(GT) < 7250000000.0000) };8.19059e-01;2.11838e-01;Pipeline { map_noise(attribute=AH, percentage=0.01) | map_duplicate(probability=0.90) | filter(NO2(GT) > 9.4200) | map_duplicate(probability=1.00) | map_duplicate(probability=0.90) | map_duplicate(probability=0.50) | map_noise(attribute=PT08.S4(NO2), percentage=0.10) | filter(NMHC(GT) < 7200000000.0000) }
datasets/airQuality_parallel.csv;nsga2;5;42;4200;4200;5.77617e+02;100;17;8;1.00000e+00;9.90000e-01;1.00000e+00;8.74925e-01;9.09091e-02;Pipeline { map_noise(attribute=CO(GT), percentage=0.10) | map_duplicate(probability=0.70) | filter(C6H6(GT) < 31.9000) | map_duplicate(probability=1.00) | map_duplicate(probability=0.90) | map_duplicate(probability=0.50) | map_duplicate(probability=0.10) | filter(NMHC(GT) < 7900000000.0000) };7.58361e-01;1.00000e+00;Pipeline { map_noise(attribute=C6H6(GT), percentage=0.05) | map_noise(attribute=NOx(GT), percentage=0.10) };8.56087e-01;1.87500e-01;Pipeline { map_noise(attribute=PT08.S5(O3), percentage=0.25) | map_duplicate(probability=0.70) | filter(T < 187000.0000) | map_duplicate(probability=1.00) | map_duplicate(probability=0.90) | map_duplicate(probability=0.50) | map_duplicate(probability=0.10) | filter(NMHC(GT) < 7250000000.0000) };8.19059e-01;2.11838e-01;Pipeline { map_noise(attribute=AH, percentage=0.01) | map_duplicate(probability=0.90) | filter(NO2(GT) > 9.4200) | map_duplicate(probability=1.00) | map_duplicate(probability=0.90) | map_duplicate(probability=0.50) | map_noise(attribute=PT08.S4(NO2), percentage=0.10) | filter(NMHC(GT) < 7200000000.0000) }
datasets/airQuality_parallel.csv;nsga2;5;43;4300;4300;5.91807e+02;100;17;8;1.00000e+00;9.90000e-01;1.00000e+00;8.74925e-01;9.09091e-02;Pipeline { map_noise(attribute=CO(GT), percentage=0.10) | map_duplicate(probability=0.70) | filter(C6H6(GT) < 31.9000) | map_duplicate(probability=1.00) | map_duplicate(probability=0.90) | map_duplicate(probability=0.50) | map_duplicate(probability=0.10) | filter(NMHC(GT) < 7900000000.0000) };7.58361e-01;1.00000e+00;Pipeline { map_noise(attribute=C6H6(GT), percentage=0.05) | map_noise(attribute=NOx(GT), percentage=0.10) };8.58135e-01;1.48387e-01;Pipeline { map_noise(attribute=NOx(GT), percentage=0.10) | map_duplicate(probability=0.70) | filter(C6H6(GT) < 33.9000) | map_duplicate(probability=1.00) | map_duplicate(probability=0.90) | map_duplicate(probability=0.50) | map_duplicate(probability=0.10) | filter(NMHC(GT) < 7900000000.0000) };8.19059e-01;2.11838e-01;Pipeline { map_noise(attribute=AH, percentage=0.01) | map_duplicate(probability=0.90) | filter(NO2(GT) > 9.4200) | map_duplicate(probability=1.00) | map_duplicate(probability=0.90) | map_duplicate(probability=0.50) | map_noise(attribute=PT08.S4(NO2), percentage=0.10) | filter(NMHC(GT) < 7200000000.0000) }
datasets/airQuality_parallel.csv;nsga2;5;44;4400;4400;6.03411e+02;100;17;10;1.00000e+00;9.90000e-01;1.00000e+00;8.74925e-01;9.09091e-02;Pipeline { map_noise(attribute=CO(GT), percentage=0.10) | map_duplicate(probability=0.70) | filter(C6H6(GT) < 31.9000) | map_duplicate(probability=1.00) | map_duplicate(probability=0.90) | map_duplicate(probability=0.50) | map_duplicate(probability=0.10) | filter(NMHC(GT) < 7900000000.0000) };7.58361e-01;1.00000e+00;Pipeline { map_noise(attribute=C6H6(GT), percentage=0.05) | map_noise(attribute=NOx(GT), percentage=0.10) };8.57443e-01;1.94969e-01;Pipeline { map_noise(attribute=C6H6(GT), percentage=0.25) | map_duplicate(probability=0.70) | filter(PT08.S2(NMHC) < 4350.0000) | map_duplicate(probability=1.00) | map_duplicate(probability=0.90) | map_duplicate(probability=0.50) | map_duplicate(probability=0.10) | filter(NMHC(GT) < 790000.0000) };8.19059e-01;2.11838e-01;Pipeline { map_noise(attribute=AH, percentage=0.01) | map_duplicate(probability=0.90) | filter(NO2(GT) > 9.4200) | map_duplicate(probability=1.00) | map_duplicate(probability=0.90) | map_duplicate(probability=0.50) | map_noise(attribute=PT08.S4(NO2), percentage=0.10) | filter(NMHC(GT) < 7200000000.0000) }
datasets/airQuality_parallel.csv;nsga2;5;45;4500;4500;6.14390e+02;100;17;10;1.00000e+00;9.90000e-01;1.00000e+00;8.74925e-01;9.09091e-02;Pipeline { map_noise(attribute=CO(GT), percentage=0.10) | map_duplicate(probability=0.70) | filter(C6H6(GT) < 31.9000) | map_duplicate(probability=1.00) | map_duplicate(probability=0.90) | map_duplicate(probability=0.50) | map_duplicate(probability=0.10) | filter(NMHC(GT) < 7900000000.0000) };7.58361e-01;1.00000e+00;Pipeline { map_noise(attribute=C6H6(GT), percentage=0.05) | map_noise(attribute=NOx(GT), percentage=0.10) };8.58135e-01;1.48387e-01;Pipeline { map_noise(attribute=NOx(GT), percentage=0.10) | map_duplicate(probability=0.70) | filter(C6H6(GT) < 33.9000) | map_duplicate(probability=1.00) | map_duplicate(probability=0.90) | map_duplicate(probability=0.50) | map_duplicate(probability=0.10) | filter(NMHC(GT) < 7900000000.0000) };8.19059e-01;2.11838e-01;Pipeline { map_noise(attribute=AH, percentage=0.01) | map_duplicate(probability=0.90) | filter(NO2(GT) > 9.4200) | map_duplicate(probability=1.00) | map_duplicate(probability=0.90) | map_duplicate(probability=0.50) | map_noise(attribute=PT08.S4(NO2), percentage=0.10) | filter(NMHC(GT) < 7200000000.0000) }
datasets/airQuality_parallel.csv;nsga2;5;46;4600;4600;6.31290e+02;100;18;7;1.00000e+00;9.90000e-01;1.00000e+00;8.74925e-01;9.09091e-02;Pipeline { map_noise(attribute=CO(GT), percentage=0.10) | map_duplicate(probability=0.70) | filter(C6H6(GT) < 31.9000) | map_duplicate(probability=1.00) | map_duplicate(probability=0.90) | map_duplicate(probability=0.50) | map_duplicate(probability=0.10) | filter(NMHC(GT) < 7900000000.0000) };7.58361e-01;1.00000e+00;Pipeline { map_noise(attribute=C6H6(GT), percentage=0.05) | map_noise(attribute=NOx(GT), percentage=0.10) };8.59287e-01;1.84127e-01;Pipeline { map_noise(attribute=C6H6(GT), percentage=0.10) | map_duplicate(probability=0.70) | filter(C6H6(GT) < 38.9000) | map_duplicate(probability=1.00) | map_duplicate(probability=0.90) | filter(NMHC(GT) > 0.0001) | filter(PT08.S4(NO2) < 216000000.0000) | filter(NO2(GT) > 0.0005) | map_duplicate(probability=0.70) };8.19059e-01;2.11838e-01;Pipeline { map_noise(attribute=AH, percentage=0.01) | map_duplicate(probability=0.90) | filter(NO2(GT) > 9.4200) | map_duplicate(probability=1.00) | map_duplicate(probability=0.90) | map_duplicate(probability=0.50) | map_noise(attribute=PT08.S4(NO2), percentage=0.10) | filter(NMHC(GT) < 7200000000.0000) }
datasets/airQuality_parallel.csv;nsga2;5;47;4700;4700;6.46511e+02;100;19;6;1.00000e+00;9.90000e-01;1.00000e+00;8.75921e-01;1.17264e-01;Pipeline { map_noise(attribute=PT08.S5(O3), percentage=0.25) | map_duplicate(probability=0.70) | filter(C6H6(GT) < 33.0000) | map_duplicate(probability=1.00) | map_duplicate(probability=0.90) | map_duplicate(probability=0.50) | map_duplicate(probability=0.10) | filter(NMHC(GT) < 13900000.0000) };7.58361e-01;1.00000e+00;Pipeline { map_noise(attribute=C6H6(GT), percentage=0.05) | map_noise(attribute=NOx(GT), percentage=0.10) };8.61685e-01;1.42857e-01;Pipeline { map_noise(attribute=RH, percentage=0.10) | map_duplicate(probability=0.70) | filter(C6H6(GT) < 33.9000) | map_duplicate(probability=1.00) | map_duplicate(probability=0.90) | map_duplicate(probability=0.50) | map_duplicate(probability=0.10) | filter(NMHC(GT) < 13900000.0000) };8.19059e-01;2.11838e-01;Pipeline { map_noise(attribute=AH, percentage=0.01) | map_duplicate(probability=0.90) | filter(NO2(GT) > 9.4200) | map_duplicate(probability=1.00) | map_duplicate(probability=0.90) | map_duplicate(probability=0.50) | map_noise(attribute=PT08.S4(NO2), percentage=0.10) | filter(NMHC(GT) < 7200000000.0000) }
datasets/airQuality_parallel.csv;nsga2;5;48;4800;4800;6.64957e+02;100;19;9;1.00000e+00;9.90000e-01;1.00000e+00;8.75921e-01;1.17264e-01;Pipeline { map_noise(attribute=PT08.S5(O3), percentage=0.25) | map_duplicate(probability=0.70) | filter(C6H6(GT) < 33.0000) | map_duplicate(probability=1.00) | map_duplicate(probability=0.90) | map_duplicate(probability=0.50) | map_duplicate(probability=0.10) | filter(NMHC(GT) < 13900000.0000) };7.58361e-01;1.00000e+00;Pipeline { map_noise(attribute=C6H6(GT), percentage=0.05) | map_noise(attribute=NOx(GT), percentage=0.10) };8.61752e-01;1.41935e-01;Pipeline { map_noise(attribute=PT08.S5(O3), percentage=0.25) | map_duplicate(probability=0.70) | filter(C6H6(GT) < 33.9000) | map_duplicate(probability=1.00) | map_duplicate(probability=0.90) | map_duplicate(probability=0.50) | map_duplicate(probability=0.10) | filter(NMHC(GT) < 12900000.0000) };8.19059e-01;2.11838e-01;Pipeline { map_noise(attribute=AH, percentage=0.01) | map_duplicate(probability=0.90) | filter(NO2(GT) > 9.4200) | map_duplicate(probability=1.00) | map_duplicate(probability=0.90) | map_duplicate(probability=0.50) | map_noise(attribute=PT08.S4(NO2), percentage=0.10) | filter(NMHC(GT) < 7200000000.0000) }
datasets/airQuality_parallel.csv;nsga2;5;49;4900;4900;6.77762e+02;100;19;7;1.00000e+00;9.90000e-01;1.00000e+00;8.75921e-01;1.17264e-01;Pipeline { map_noise(attribute=PT08.S5(O3), percentage=0.25) | map_duplicate(probability=0.70) | filter(C6H6(GT) < 33.0000) | map_duplicate(probability=1.00) | map_duplicate(probability=0.90) | map_duplicate(probability=0.50) | map_duplicate(probability=0.10) | filter(NMHC(GT) < 13900000.0000) };7.58361e-01;1.00000e+00;Pipeline { map_noise(attribute=C6H6(GT), percentage=0.05) | map_noise(attribute=NOx(GT), percentage=0.10) };8.61752e-01;1.41935e-01;Pipeline { map_noise(attribute=PT08.S5(O3), percentage=0.25) | map_duplicate(probability=0.70) | filter(C6H6(GT) < 33.9000) | map_duplicate(probability=1.00) | map_duplicate(probability=0.90) | map_duplicate(probability=0.50) | map_duplicate(probability=0.10) | filter(NMHC(GT) < 12900000.0000) };8.19059e-01;2.11838e-01;Pipeline { map_noise(attribute=AH, percentage=0.01) | map_duplicate(probability=0.90) | filter(NO2(GT) > 9.4200) | map_duplicate(probability=1.00) | map_duplicate(probability=0.90) | map_duplicate(probability=0.50) | map_noise(attribute=PT08.S4(NO2), percentage=0.10) | filter(NMHC(GT) < 7200000000.0000) }
datasets/airQuality_parallel.csv;nsga2;5;50;5000;5000;6.90259e+02;100;18;11;1.00000e+00;9.90000e-01;1.00000e+00;8.75921e-01;1.17264e-01;Pipeline { map_noise(attribute=PT08.S5(O3), percentage=0.25) | map_duplicate(probability=0.70) | filter(C6H6(GT) < 33.0000) | map_duplicate(probability=1.00) | map_duplicate(probability=0.90) | map_duplicate(probability=0.50) | map_duplicate(probability=0.10) | filter(NMHC(GT) < 13900000.0000) };7.58361e-01;1.00000e+00;Pipeline { map_noise(attribute=C6H6(GT), percentage=0.05) | map_noise(attribute=NOx(GT), percentage=0.10) };8.62579e-01;1.47910e-01;Pipeline { map_noise(attribute=C6H6(GT), percentage=0.10) | map_duplicate(probability=0.70) | filter(C6H6(GT) < 33.9000) | map_duplicate(probability=1.00) | map_duplicate(probability=0.90) | map_duplicate(probability=0.50) | map_duplicate(probability=0.10) | filter(NMHC(GT) < 7900000000.0000) };8.19059e-01;2.11838e-01;Pipeline { map_noise(attribute=AH, percentage=0.01) | map_duplicate(probability=0.90) | filter(NO2(GT) > 9.4200) | map_duplicate(probability=1.00) | map_duplicate(probability=0.90) | map_duplicate(probability=0.50) | map_noise(attribute=PT08.S4(NO2), percentage=0.10) | filter(NMHC(GT) < 7200000000.0000) }
