problem.name;solver.name;randomGenerator.seed;n.iterations;n.evals;n.births;elapsed.secs;all→size;firsts→size;lasts→size;all→each[genotype]→uniqueness;all→each[solution]→uniqueness;all→each[quality]→uniqueness;"all→percentile[quality→privacy;100]→quality→privacy";"all→percentile[quality→privacy;100]→quality→performance-similarity";"all→percentile[quality→privacy;100]→solution";"all→percentile[quality→performance-similarity;100]→quality→privacy";"all→percentile[quality→performance-similarity;100]→quality→performance-similarity";"all→percentile[quality→performance-similarity;100]→solution";"all→percentile[quality→privacy;75]→quality→privacy";"all→percentile[quality→privacy;75]→quality→performance-similarity";"all→percentile[quality→privacy;75]→solution";"all→percentile[quality→performance-similarity;75]→quality→privacy";"all→percentile[quality→performance-similarity;75]→quality→performance-similarity";"all→percentile[quality→performance-similarity;75]→solution"
datasets/geolife_60mins.csv;nsga2;1;1;100;100;8.60800e+00;100;5;39;9.20000e-01;9.20000e-01;6.10000e-01;7.31639e-01;7.42985e-01;Pipeline { filter(avg_X > 0.0000) | filter(avg_X > 0.0005) | map_noise(attribute=avg_X, percentage=0.05) };4.52957e-01;1.00000e+00;Pipeline { filter(avg_X < 8150000000.0000) };2.96416e-01;4.17605e-01;Pipeline { filter(avg_Y > 0.0000) | filter(avg_Y > 0.0000) | map_duplicate(probability=0.80) | filter(avg_X < 81100000.0000) | map_noise(attribute=avg_X, percentage=0.01) | filter(avg_Y < 1370000000.0000) | map_duplicate(probability=0.60) | filter(avg_Y > 0.0257) | filter(avg_X > 0.0005) };6.67936e-01;7.16758e-01;Pipeline { map_noise(attribute=avg_X, percentage=0.10) | map_duplicate(probability=0.20) | filter(avg_X > 0.0041) }
datasets/geolife_60mins.csv;nsga2;1;2;200;200;1.46350e+01;100;9;2;9.20000e-01;9.10000e-01;9.30000e-01;7.99200e-01;7.23327e-01;Pipeline { map_noise(attribute=avg_X, percentage=0.05) | filter(avg_X > 0.0000) | filter(avg_X < 642000.0000) | filter(avg_X > 3.4000) | filter(avg_X < 7310000.0000) | filter(avg_X > 0.0000) };4.52957e-01;1.00000e+00;Pipeline { filter(avg_X < 8150000000.0000) };4.52843e-01;8.18177e-01;Pipeline { map_noise(attribute=avg_X, percentage=0.01) };2.66384e-01;7.67487e-01;Pipeline { map_duplicate(probability=0.70) }
datasets/geolife_60mins.csv;nsga2;1;3;300;300;2.05420e+01;100;20;1;9.50000e-01;9.40000e-01;8.40000e-01;7.99200e-01;7.23327e-01;Pipeline { map_noise(attribute=avg_X, percentage=0.05) | filter(avg_X > 0.0000) | filter(avg_X < 642000.0000) | filter(avg_X > 3.4000) | filter(avg_X < 7310000.0000) | filter(avg_X > 0.0000) };4.52957e-01;1.00000e+00;Pipeline { filter(avg_X < 8350000000.0000) };7.05811e-01;7.32820e-01;Pipeline { map_noise(attribute=avg_X, percentage=0.05) | filter(avg_X > 1910.0000) | map_noise(attribute=avg_Y, percentage=0.25) | map_noise(attribute=avg_Y, percentage=0.01) };4.14168e-01;8.28148e-01;Pipeline { filter(avg_Y > 0.0000) | filter(avg_Y > 0.5080) }
datasets/geolife_60mins.csv;nsga2;1;4;400;400;2.47850e+01;100;43;2;9.60000e-01;9.40000e-01;5.70000e-01;7.99619e-01;7.22278e-01;Pipeline { map_noise(attribute=avg_X, percentage=0.05) | filter(avg_X > 0.0000) | filter(avg_X < 642000.0000) | filter(avg_X > 3.4000) | filter(avg_X < 7310000.0000) | filter(avg_X > 0.0315) };4.52957e-01;1.00000e+00;Pipeline { filter(avg_X < 8150000000.0000) };7.31092e-01;8.85427e-01;Pipeline { filter(avg_X > 56.2000) | filter(avg_X > 0.8410) };7.31092e-01;8.85427e-01;Pipeline { filter(avg_X > 0.0745) | filter(avg_X > 0.5080) }
datasets/geolife_60mins.csv;nsga2;1;5;500;500;2.82980e+01;100;76;2;1.00000e+00;9.90000e-01;3.80000e-01;8.03535e-01;7.16538e-01;Pipeline { map_noise(attribute=avg_X, percentage=0.25) | filter(avg_X > 0.0000) | filter(avg_X < 642000.0000) | filter(avg_X > 3.4000) | filter(avg_X < 7310000.0000) | filter(avg_X > 0.0000) };4.52957e-01;1.00000e+00;Pipeline { filter(avg_Y < 8150000000.0000) };7.31092e-01;8.85427e-01;Pipeline { filter(avg_X > 6.8600) | filter(avg_X > 0.0000) };7.31092e-01;8.85427e-01;Pipeline { filter(avg_X > 0.0000) }
datasets/geolife_60mins.csv;nsga2;1;6;600;600;3.09690e+01;100;100;100;1.00000e+00;9.90000e-01;1.70000e-01;8.03535e-01;7.16538e-01;Pipeline { map_noise(attribute=avg_X, percentage=0.25) | filter(avg_X > 0.0000) | filter(avg_X < 642000.0000) | filter(avg_X > 3.4000) | filter(avg_X < 7310000.0000) | filter(avg_X > 0.0000) };4.52957e-01;1.00000e+00;Pipeline { filter(avg_Y < 8150000000.0000) };7.31092e-01;8.85427e-01;Pipeline { filter(avg_X > 56.2000) | filter(avg_X > 0.8410) };7.31092e-01;8.85427e-01;Pipeline { filter(avg_X > 6.8600) | filter(avg_X > 0.0000) }
datasets/geolife_60mins.csv;nsga2;1;7;700;700;3.40680e+01;100;100;100;1.00000e+00;1.00000e+00;1.20000e-01;8.08655e-01;7.31785e-01;Pipeline { map_noise(attribute=avg_X, percentage=0.25) | filter(avg_X > 0.0000) | filter(avg_Y < 642000.0000) | filter(avg_X > 3.4000) | filter(avg_X < 7310000.0000) | filter(avg_X > 0.0000) };4.52957e-01;1.00000e+00;Pipeline { filter(avg_Y < 8150000000.0000) };7.31092e-01;8.85427e-01;Pipeline { filter(avg_X > 0.0000) | filter(avg_X < 5800000000.0000) };7.31092e-01;8.85427e-01;Pipeline { filter(avg_X > 0.0000) }
datasets/geolife_60mins.csv;nsga2;1;8;800;800;3.72710e+01;100;100;100;1.00000e+00;1.00000e+00;1.00000e-01;8.11272e-01;7.32430e-01;Pipeline { map_noise(attribute=avg_X, percentage=0.25) | filter(avg_X > 0.0000) | filter(avg_Y < 642000.0000) | filter(avg_X > 3400.0000) | filter(avg_X < 7310000.0000) | filter(avg_X > 0.0000) };4.52957e-01;1.00000e+00;Pipeline { filter(avg_Y < 8150000000.0000) };7.31092e-01;8.85427e-01;Pipeline { filter(avg_X > 0.3700) | filter(avg_X > 0.0000) };7.31092e-01;8.85427e-01;Pipeline { filter(avg_X > 0.8600) | filter(avg_X > 0.0000) }
datasets/geolife_60mins.csv;nsga2;1;9;900;900;4.05080e+01;100;100;100;1.00000e+00;9.90000e-01;1.00000e-01;8.11272e-01;7.32430e-01;Pipeline { map_noise(attribute=avg_X, percentage=0.25) | filter(avg_X > 0.0000) | filter(avg_Y < 642000.0000) | filter(avg_X > 3400.0000) | filter(avg_X < 7310000.0000) | filter(avg_X > 0.0000) };4.52957e-01;1.00000e+00;Pipeline { filter(avg_Y < 8150000000.0000) };7.31092e-01;8.85427e-01;Pipeline { filter(avg_X > 8.8600) | filter(avg_X > 0.0000) };7.31092e-01;8.85427e-01;Pipeline { filter(avg_X > 9.5200) | filter(avg_X > 0.0000) }
datasets/geolife_60mins.csv;nsga2;1;10;1000;1000;4.39400e+01;100;100;100;1.00000e+00;9.90000e-01;1.00000e-01;8.11272e-01;7.32430e-01;Pipeline { map_noise(attribute=avg_X, percentage=0.25) | filter(avg_X > 0.0000) | filter(avg_Y < 642000.0000) | filter(avg_X > 3400.0000) | filter(avg_X < 7310000.0000) | filter(avg_X > 0.0000) };4.52957e-01;1.00000e+00;Pipeline { filter(avg_Y < 8150000000.0000) };7.31092e-01;8.85427e-01;Pipeline { filter(avg_X < 83700000.0000) | filter(avg_X > 0.6410) };7.31092e-01;8.85427e-01;Pipeline { filter(avg_X > 594.0000) }
datasets/geolife_60mins.csv;nsga2;1;11;1100;1100;4.71150e+01;100;100;100;1.00000e+00;1.00000e+00;7.00000e-02;8.34131e-01;6.94944e-01;Pipeline { map_noise(attribute=avg_X, percentage=0.25) | filter(avg_X > 0.0000) | filter(avg_Y < 642000.0000) | filter(avg_X > 3400.0000) | filter(avg_Y > 0.0000) | filter(avg_X > 0.0000) };4.52957e-01;1.00000e+00;Pipeline { filter(avg_Y < 8150000000.0000) };7.31092e-01;8.85427e-01;Pipeline { filter(avg_X > 8.3600) };7.31092e-01;8.85427e-01;Pipeline { filter(avg_X > 8.3600) }
datasets/geolife_60mins.csv;nsga2;1;12;1200;1200;4.98000e+01;100;100;100;1.00000e+00;9.90000e-01;1.00000e-01;8.42953e-01;6.88983e-01;Pipeline { map_noise(attribute=avg_X, percentage=0.25) | filter(avg_X > 0.0000) | filter(avg_Y < 242000.0000) | filter(avg_X > 3400.0000) | filter(avg_Y > 0.0000) | filter(avg_X > 0.0000) };4.52957e-01;1.00000e+00;Pipeline { filter(avg_Y < 8150000000.0000) };7.31092e-01;8.85427e-01;Pipeline { filter(avg_X > 6.6800) | filter(avg_X > 0.0000) };7.31092e-01;8.85427e-01;Pipeline { filter(avg_X > 9.3200) | filter(avg_X > 0.0000) }
datasets/geolife_60mins.csv;nsga2;1;13;1300;1300;5.32450e+01;100;100;100;1.00000e+00;9.80000e-01;1.00000e-01;8.42953e-01;6.88983e-01;Pipeline { map_noise(attribute=avg_X, percentage=0.25) | filter(avg_X > 0.0000) | filter(avg_Y < 242000.0000) | filter(avg_X > 3400.0000) | filter(avg_Y > 0.0000) | filter(avg_X > 0.0000) };4.52957e-01;1.00000e+00;Pipeline { filter(avg_Y < 8150000000.0000) };7.31092e-01;8.85427e-01;Pipeline { filter(avg_X > 1.9300) | filter(avg_X > 0.0000) };7.31092e-01;8.85427e-01;Pipeline { filter(avg_X > 6.6800) | filter(avg_Y < 6000000.0000) }
datasets/geolife_60mins.csv;nsga2;1;14;1400;1400;5.63380e+01;100;100;100;1.00000e+00;9.90000e-01;1.10000e-01;8.46693e-01;6.88770e-01;Pipeline { map_noise(attribute=avg_X, percentage=0.25) | filter(avg_X > 0.0000) | filter(avg_Y < 242000.0000) | filter(avg_X > 3400.0000) | filter(avg_Y > 0.0000) | filter(avg_X > 0.0000) };4.52957e-01;1.00000e+00;Pipeline { filter(avg_Y < 8150000000.0000) };7.31092e-01;8.85427e-01;Pipeline { filter(avg_X > 3.8600) | filter(avg_X > 0.7100) };7.31092e-01;8.85427e-01;Pipeline { filter(avg_X > 8.8600) | filter(avg_X > 0.0000) }
datasets/geolife_60mins.csv;nsga2;1;15;1500;1500;5.97810e+01;100;100;100;1.00000e+00;9.90000e-01;1.00000e-01;8.46693e-01;6.88770e-01;Pipeline { map_noise(attribute=avg_X, percentage=0.25) | filter(avg_X > 0.0000) | filter(avg_Y < 242000.0000) | filter(avg_X > 3400.0000) | filter(avg_Y > 0.0000) | filter(avg_X > 0.0000) };4.52957e-01;1.00000e+00;Pipeline { filter(avg_Y < 8150000000.0000) };7.31092e-01;8.85427e-01;Pipeline { filter(avg_X > 0.0000) | filter(avg_X > 0.2180) };7.31092e-01;8.85427e-01;Pipeline { filter(avg_X > 0.0317) | filter(avg_X > 0.0000) }
datasets/geolife_60mins.csv;nsga2;1;16;1600;1600;6.28770e+01;100;100;100;1.00000e+00;9.90000e-01;8.00000e-02;8.68078e-01;7.22219e-01;Pipeline { map_noise(attribute=avg_X, percentage=0.10) | filter(avg_X > 0.0000) | filter(avg_Y < 642000.0000) | filter(avg_X > 0.2040) | filter(avg_X < 731000.0000) | filter(avg_X > 0.0000) };4.52957e-01;1.00000e+00;Pipeline { filter(avg_Y < 8150000000.0000) };7.31092e-01;8.85427e-01;Pipeline { filter(avg_X > 0.0000) };7.31092e-01;8.85427e-01;Pipeline { filter(avg_X > 0.0874) | filter(avg_X > 0.0000) }
datasets/geolife_60mins.csv;nsga2;1;17;1700;1700;6.62610e+01;100;100;100;1.00000e+00;9.70000e-01;8.00000e-02;8.68078e-01;7.22219e-01;Pipeline { map_noise(attribute=avg_X, percentage=0.10) | filter(avg_X > 0.0000) | filter(avg_Y < 642000.0000) | filter(avg_X > 0.2040) | filter(avg_X < 731000.0000) | filter(avg_X > 0.0000) };4.52957e-01;1.00000e+00;Pipeline { filter(avg_Y < 2510000000.0000) };7.31092e-01;8.85427e-01;Pipeline { filter(avg_X > 0.0317) | filter(avg_X > 0.0000) };7.31092e-01;8.85427e-01;Pipeline { filter(avg_X > 0.0317) | filter(avg_X > 0.0000) }
datasets/geolife_60mins.csv;nsga2;1;18;1800;1800;6.91390e+01;100;100;100;1.00000e+00;9.80000e-01;9.00000e-02;8.68090e-01;7.22984e-01;Pipeline { map_noise(attribute=avg_X, percentage=0.10) | filter(avg_X > 0.0000) | filter(avg_Y < 642000.0000) | filter(avg_X > 0.2040) | filter(avg_X < 731000.0000) | filter(avg_X > 0.0000) };4.52957e-01;1.00000e+00;Pipeline { filter(avg_Y < 2510000000.0000) };7.31092e-01;8.85427e-01;Pipeline { filter(avg_X > 0.0000) | filter(avg_X > 21.9000) };7.31092e-01;8.85427e-01;Pipeline { filter(avg_X > 8.9000) | filter(avg_X > 0.0000) }
datasets/geolife_60mins.csv;nsga2;1;19;1900;1900;7.19090e+01;100;100;100;1.00000e+00;1.00000e+00;8.00000e-02;8.68090e-01;7.22984e-01;Pipeline { map_noise(attribute=avg_X, percentage=0.10) | filter(avg_X > 0.0000) | filter(avg_Y < 642000.0000) | filter(avg_X > 0.2040) | filter(avg_X < 731000.0000) | filter(avg_X > 0.0000) };4.52957e-01;1.00000e+00;Pipeline { filter(avg_Y < 2510000000.0000) };7.31092e-01;8.85427e-01;Pipeline { filter(avg_X > 0.0096) };7.31092e-01;8.85427e-01;Pipeline { filter(avg_X > 0.0020) | filter(avg_X > 0.0000) }
datasets/geolife_60mins.csv;nsga2;1;20;2000;2000;7.52180e+01;100;100;100;1.00000e+00;9.80000e-01;9.00000e-02;8.68090e-01;7.22984e-01;Pipeline { map_noise(attribute=avg_X, percentage=0.10) | filter(avg_X > 0.0000) | filter(avg_Y < 642000.0000) | filter(avg_X > 0.2040) | filter(avg_X < 731000.0000) | filter(avg_X > 0.0000) };4.52957e-01;1.00000e+00;Pipeline { filter(avg_Y < 2510000000.0000) };7.31092e-01;8.85427e-01;Pipeline { filter(avg_X > 4.0400) | filter(avg_X > 0.0053) };7.31092e-01;8.85427e-01;Pipeline { filter(avg_X > 1930.0000) }
datasets/geolife_60mins.csv;nsga2;1;21;2100;2100;7.81480e+01;100;100;100;1.00000e+00;9.70000e-01;9.00000e-02;8.68090e-01;7.22984e-01;Pipeline { map_noise(attribute=avg_X, percentage=0.10) | filter(avg_X > 0.0000) | filter(avg_Y < 642000.0000) | filter(avg_X > 0.2040) | filter(avg_X < 731000.0000) | filter(avg_X > 0.0000) };4.52957e-01;1.00000e+00;Pipeline { filter(avg_Y < 2510000000.0000) };7.31092e-01;8.85427e-01;Pipeline { filter(avg_X > 9.6700) };7.31092e-01;8.85427e-01;Pipeline { filter(avg_X > 7.6800) | filter(avg_X > 6.1800) }
datasets/geolife_60mins.csv;nsga2;1;22;2200;2200;8.13160e+01;100;100;100;1.00000e+00;9.80000e-01;8.00000e-02;8.68120e-01;7.23995e-01;Pipeline { map_noise(attribute=avg_X, percentage=0.10) | filter(avg_X > 0.0000) | filter(avg_Y < 692000.0000) | filter(avg_X > 0.2040) | filter(avg_X < 731000.0000) | filter(avg_X > 0.0000) };4.52957e-01;1.00000e+00;Pipeline { filter(avg_Y < 2510000000.0000) };7.31092e-01;8.85427e-01;Pipeline { filter(avg_X > 0.0000) };7.31092e-01;8.85427e-01;Pipeline { filter(avg_X > 0.0070) }
datasets/geolife_60mins.csv;nsga2;1;23;2300;2300;8.44060e+01;100;100;100;1.00000e+00;9.90000e-01;7.00000e-02;8.68197e-01;7.23216e-01;Pipeline { map_noise(attribute=avg_X, percentage=0.10) | filter(avg_X > 0.0000) | filter(avg_Y < 692000.0000) | filter(avg_X > 0.0000) | filter(avg_X < 731000.0000) | filter(avg_X > 0.0000) };4.52957e-01;1.00000e+00;Pipeline { filter(avg_Y < 2510000000.0000) };7.31092e-01;8.85427e-01;Pipeline { filter(avg_X > 0.0009) | filter(avg_X > 0.0001) };7.31092e-01;8.85427e-01;Pipeline { filter(avg_X > 0.0009) | filter(avg_X > 0.0001) }
datasets/geolife_60mins.csv;nsga2;1;24;2400;2400;8.72910e+01;100;100;100;1.00000e+00;9.80000e-01;5.00000e-02;8.73839e-01;7.27605e-01;Pipeline { map_noise(attribute=avg_X, percentage=0.10) | filter(avg_X > 0.0000) | filter(avg_Y < 692000.0000) | filter(avg_X > 0.0000) | filter(avg_X < 799000.0000) | filter(avg_X > 0.0000) };4.52957e-01;1.00000e+00;Pipeline { filter(avg_Y < 2510000000.0000) };7.31092e-01;8.85427e-01;Pipeline { filter(avg_X > 803.0000) };7.31092e-01;8.85427e-01;Pipeline { filter(avg_X > 0.0130) }
datasets/geolife_60mins.csv;nsga2;1;25;2500;2500;9.03130e+01;100;100;100;1.00000e+00;1.00000e+00;6.00000e-02;8.74302e-01;7.26920e-01;Pipeline { map_noise(attribute=avg_X, percentage=0.10) | filter(avg_X > 0.0000) | filter(avg_Y < 692000.0000) | filter(avg_X > 0.0000) | filter(avg_X < 799000.0000) | filter(avg_X > 0.0000) };4.52957e-01;1.00000e+00;Pipeline { filter(avg_Y < 2510000000.0000) };7.31092e-01;8.85427e-01;Pipeline { filter(avg_X > 7.6300) | filter(avg_X > 9.9700) };7.31092e-01;8.85427e-01;Pipeline { filter(avg_X > 7.6300) | filter(avg_X > 9.9700) }
datasets/geolife_60mins.csv;nsga2;1;26;2600;2600;9.34120e+01;100;100;100;1.00000e+00;1.00000e+00;6.00000e-02;8.74302e-01;7.26920e-01;Pipeline { map_noise(attribute=avg_X, percentage=0.10) | filter(avg_X > 0.0000) | filter(avg_Y < 692000.0000) | filter(avg_X > 0.0000) | filter(avg_X < 799000.0000) | filter(avg_X > 0.0000) };4.52957e-01;1.00000e+00;Pipeline { filter(avg_Y < 2510000000.0000) };7.31092e-01;8.85427e-01;Pipeline { filter(avg_X > 7.0400) | filter(avg_X > 6.6700) };7.31092e-01;8.85427e-01;Pipeline { filter(avg_X > 7.0400) | filter(avg_X > 6.6700) }
datasets/geolife_60mins.csv;nsga2;1;27;2700;2700;9.66690e+01;100;100;100;1.00000e+00;9.90000e-01;7.00000e-02;8.74785e-01;7.26401e-01;Pipeline { map_noise(attribute=avg_X, percentage=0.10) | filter(avg_X > 0.0000) | filter(avg_Y < 692000.0000) | filter(avg_X > 0.0000) | filter(avg_X < 799000.0000) | filter(avg_X > 0.0000) };4.52957e-01;1.00000e+00;Pipeline { filter(avg_Y < 2510000000.0000) };7.31092e-01;8.85427e-01;Pipeline { filter(avg_X > 0.0000) | filter(avg_X > 0.0001) };7.31092e-01;8.85427e-01;Pipeline { filter(avg_X > 3.8200) | filter(avg_X > 1.5800) }
datasets/geolife_60mins.csv;nsga2;1;28;2800;2800;9.94410e+01;100;100;100;1.00000e+00;1.00000e+00;1.00000e-01;8.74785e-01;7.26401e-01;Pipeline { map_noise(attribute=avg_X, percentage=0.10) | filter(avg_X > 0.0000) | filter(avg_Y < 692000.0000) | filter(avg_X > 0.0000) | filter(avg_X < 799000.0000) | filter(avg_X > 0.0000) };4.52957e-01;1.00000e+00;Pipeline { filter(avg_Y < 2510000000.0000) };7.31092e-01;8.85427e-01;Pipeline { filter(avg_X > 3710.0000) | filter(avg_X > 9.9500) };7.31092e-01;8.85427e-01;Pipeline { filter(avg_X > 7.6500) | filter(avg_X > 0.0506) }
datasets/geolife_60mins.csv;nsga2;1;29;2900;2900;1.02367e+02;100;100;100;1.00000e+00;9.90000e-01;1.00000e-01;8.74785e-01;7.26401e-01;Pipeline { map_noise(attribute=avg_X, percentage=0.10) | filter(avg_X > 0.0000) | filter(avg_Y < 692000.0000) | filter(avg_X > 0.0000) | filter(avg_X < 799000.0000) | filter(avg_X > 0.0000) };4.52957e-01;1.00000e+00;Pipeline { filter(avg_Y < 2510000000.0000) };7.31092e-01;8.85427e-01;Pipeline { filter(avg_X > 0.0028) };7.31092e-01;8.85427e-01;Pipeline { filter(avg_X > 7.0400) | filter(avg_Y < 2490000.0000) }
datasets/geolife_60mins.csv;nsga2;1;30;3000;3000;1.06350e+02;100;100;100;1.00000e+00;1.00000e+00;1.10000e-01;8.74785e-01;7.26401e-01;Pipeline { map_noise(attribute=avg_X, percentage=0.10) | filter(avg_X > 0.0000) | filter(avg_Y < 692000.0000) | filter(avg_X > 0.0000) | filter(avg_X < 799000.0000) | filter(avg_X > 0.0000) };4.52957e-01;1.00000e+00;Pipeline { filter(avg_X < 97900000.0000) };7.31092e-01;8.85427e-01;Pipeline { filter(avg_X > 93.2000) | filter(avg_X > 992.0000) };7.31092e-01;8.85427e-01;Pipeline { filter(avg_X > 93.2000) | filter(avg_X > 992.0000) }
datasets/geolife_60mins.csv;nsga2;1;31;3100;3100;1.09200e+02;100;100;100;1.00000e+00;9.90000e-01;1.10000e-01;8.74785e-01;7.26401e-01;Pipeline { map_noise(attribute=avg_X, percentage=0.10) | filter(avg_X > 0.0000) | filter(avg_Y < 692000.0000) | filter(avg_X > 0.0000) | filter(avg_X < 799000.0000) | filter(avg_X > 0.0000) };4.52957e-01;1.00000e+00;Pipeline { filter(avg_X < 97900000.0000) };7.31092e-01;8.85427e-01;Pipeline { filter(avg_X > 3720.0000) | filter(avg_X > 664.0000) };7.31092e-01;8.85427e-01;Pipeline { filter(avg_X > 0.0688) }
datasets/geolife_60mins.csv;nsga2;1;32;3200;3200;1.12261e+02;100;100;100;1.00000e+00;1.00000e+00;1.00000e-01;8.74785e-01;7.26401e-01;Pipeline { map_noise(attribute=avg_X, percentage=0.10) | filter(avg_X > 0.0000) | filter(avg_Y < 692000.0000) | filter(avg_X > 0.0000) | filter(avg_X < 799000.0000) | filter(avg_X > 0.0000) };4.52957e-01;1.00000e+00;Pipeline { filter(avg_X < 97900000.0000) };7.31092e-01;8.85427e-01;Pipeline { filter(avg_X > 0.0001) };7.31092e-01;8.85427e-01;Pipeline { filter(avg_X > 6.6400) }
datasets/geolife_60mins.csv;nsga2;1;33;3300;3300;1.15255e+02;100;100;100;1.00000e+00;1.00000e+00;1.20000e-01;8.74785e-01;7.26401e-01;Pipeline { map_noise(attribute=avg_X, percentage=0.10) | filter(avg_X > 0.0000) | filter(avg_Y < 692000.0000) | filter(avg_X > 0.0000) | filter(avg_X < 799000.0000) | filter(avg_X > 0.0000) };4.52957e-01;1.00000e+00;Pipeline { filter(avg_X < 97900000.0000) };7.31092e-01;8.85427e-01;Pipeline { filter(avg_X > 4.2200) | filter(avg_X > 8.2800) };7.31092e-01;8.85427e-01;Pipeline { filter(avg_X > 0.0002) | filter(avg_X > 0.0013) }
datasets/geolife_60mins.csv;nsga2;1;34;3400;3400;1.18803e+02;100;100;100;1.00000e+00;9.70000e-01;9.00000e-02;8.75012e-01;7.31999e-01;Pipeline { map_noise(attribute=avg_X, percentage=0.05) | filter(avg_X > 0.0000) | filter(avg_Y < 692000.0000) | filter(avg_X > 0.0000) | filter(avg_X < 799000.0000) | filter(avg_X > 0.0000) };4.52957e-01;1.00000e+00;Pipeline { filter(avg_X < 97900000.0000) };7.31092e-01;8.85427e-01;Pipeline { filter(avg_X > 43.9000) };7.31092e-01;8.85427e-01;Pipeline { filter(avg_X > 46.0000) }
datasets/geolife_60mins.csv;nsga2;1;35;3500;3500;1.21808e+02;100;100;100;1.00000e+00;1.00000e+00;1.00000e-01;8.75212e-01;7.32071e-01;Pipeline { map_noise(attribute=avg_X, percentage=0.05) | filter(avg_X > 0.0000) | filter(avg_Y < 692000.0000) | filter(avg_X > 0.0000) | filter(avg_X < 799000.0000) | filter(avg_X > 0.0000) };4.52957e-01;1.00000e+00;Pipeline { filter(avg_X < 97900000.0000) };7.31092e-01;8.85427e-01;Pipeline { filter(avg_X > 4.0000) | filter(avg_X > 6.3100) };7.31092e-01;8.85427e-01;Pipeline { filter(avg_X > 0.0000) }
datasets/geolife_60mins.csv;nsga2;1;36;3600;3600;1.24430e+02;100;100;100;1.00000e+00;9.90000e-01;1.10000e-01;8.75212e-01;7.32071e-01;Pipeline { map_noise(attribute=avg_X, percentage=0.05) | filter(avg_X > 0.0000) | filter(avg_Y < 692000.0000) | filter(avg_X > 0.0000) | filter(avg_X < 799000.0000) | filter(avg_X > 0.0000) };4.52957e-01;1.00000e+00;Pipeline { filter(avg_X < 97900000.0000) };7.31092e-01;8.85427e-01;Pipeline { filter(avg_X > 0.0038) | filter(avg_X > 41.5000) };7.31092e-01;8.85427e-01;Pipeline { filter(avg_X > 64.0000) }
datasets/geolife_60mins.csv;nsga2;1;37;3700;3700;1.27337e+02;100;100;100;1.00000e+00;9.90000e-01;1.10000e-01;8.75212e-01;7.32071e-01;Pipeline { map_noise(attribute=avg_X, percentage=0.05) | filter(avg_X > 0.0000) | filter(avg_Y < 692000.0000) | filter(avg_X > 0.0000) | filter(avg_X < 799000.0000) | filter(avg_X > 0.0000) };4.52957e-01;1.00000e+00;Pipeline { filter(avg_X < 97900000.0000) };7.31092e-01;8.85427e-01;Pipeline { filter(avg_X > 0.0008) | filter(avg_X > 4.2100) };7.31092e-01;8.85427e-01;Pipeline { filter(avg_X > 0.0008) | filter(avg_X > 4560.0000) }
datasets/geolife_60mins.csv;nsga2;1;38;3800;3800;1.30435e+02;100;100;100;1.00000e+00;1.00000e+00;1.10000e-01;8.75212e-01;7.32071e-01;Pipeline { map_noise(attribute=avg_X, percentage=0.05) | filter(avg_X > 0.0000) | filter(avg_Y < 692000.0000) | filter(avg_X > 0.0000) | filter(avg_X < 799000.0000) | filter(avg_X > 0.0000) };4.52957e-01;1.00000e+00;Pipeline { filter(avg_X < 97900000.0000) };7.31092e-01;8.85427e-01;Pipeline { filter(avg_X > 0.0006) };7.31092e-01;8.85427e-01;Pipeline { filter(avg_X > 0.0008) | filter(avg_X > 0.0009) }
datasets/geolife_60mins.csv;nsga2;1;39;3900;3900;1.33432e+02;100;100;100;1.00000e+00;1.00000e+00;1.20000e-01;8.75212e-01;7.32071e-01;Pipeline { map_noise(attribute=avg_X, percentage=0.05) | filter(avg_X > 0.0000) | filter(avg_Y < 692000.0000) | filter(avg_X > 0.0000) | filter(avg_X < 799000.0000) | filter(avg_X > 0.0000) };4.52957e-01;1.00000e+00;Pipeline { filter(avg_X < 97900000.0000) };7.31092e-01;8.85427e-01;Pipeline { filter(avg_X > 8.9800) | filter(avg_Y < 5270000000.0000) };7.31092e-01;8.85427e-01;Pipeline { filter(avg_X > 6.1000) }
datasets/geolife_60mins.csv;nsga2;1;40;4000;4000;1.36800e+02;100;100;100;1.00000e+00;9.90000e-01;1.20000e-01;8.75212e-01;7.32071e-01;Pipeline { map_noise(attribute=avg_X, percentage=0.05) | filter(avg_X > 0.0000) | filter(avg_Y < 692000.0000) | filter(avg_X > 0.0000) | filter(avg_X < 799000.0000) | filter(avg_X > 0.0000) };4.52957e-01;1.00000e+00;Pipeline { filter(avg_X < 97900000.0000) };7.31092e-01;8.85427e-01;Pipeline { filter(avg_X > 3760.0000) | filter(avg_X > 31.3000) };7.31092e-01;8.85427e-01;Pipeline { filter(avg_X > 0.0000) }
datasets/geolife_60mins.csv;nsga2;1;41;4100;4100;1.39681e+02;100;100;100;1.00000e+00;9.90000e-01;1.30000e-01;8.75212e-01;7.32071e-01;Pipeline { map_noise(attribute=avg_X, percentage=0.05) | filter(avg_X > 0.0000) | filter(avg_Y < 692000.0000) | filter(avg_X > 0.0000) | filter(avg_X < 799000.0000) | filter(avg_X > 0.0000) };4.52957e-01;1.00000e+00;Pipeline { filter(avg_X < 97900000.0000) };7.31092e-01;8.85427e-01;Pipeline { filter(avg_X > 0.1100) | filter(avg_X > 934.0000) };7.31092e-01;8.85427e-01;Pipeline { filter(avg_X > 0.0009) | filter(avg_X > 0.0001) }
datasets/geolife_60mins.csv;nsga2;1;42;4200;4200;1.42463e+02;100;100;100;1.00000e+00;1.00000e+00;1.30000e-01;8.75212e-01;7.32071e-01;Pipeline { map_noise(attribute=avg_X, percentage=0.05) | filter(avg_X > 0.0000) | filter(avg_Y < 692000.0000) | filter(avg_X > 0.0000) | filter(avg_X < 799000.0000) | filter(avg_X > 0.0000) };4.52957e-01;1.00000e+00;Pipeline { filter(avg_X < 97900000.0000) };7.31092e-01;8.85427e-01;Pipeline { filter(avg_X > 0.0000) };7.31092e-01;8.85427e-01;Pipeline { filter(avg_X > 0.0000) }
datasets/geolife_60mins.csv;nsga2;1;43;4300;4300;1.45468e+02;100;100;100;1.00000e+00;1.00000e+00;1.40000e-01;8.75212e-01;7.32071e-01;Pipeline { map_noise(attribute=avg_X, percentage=0.05) | filter(avg_X > 0.0000) | filter(avg_Y < 692000.0000) | filter(avg_X > 0.0000) | filter(avg_X < 799000.0000) | filter(avg_X > 0.0000) };4.52957e-01;1.00000e+00;Pipeline { filter(avg_X < 97900000.0000) };7.31092e-01;8.85427e-01;Pipeline { filter(avg_X > 0.0009) | filter(avg_X > 0.0001) };7.31092e-01;8.85427e-01;Pipeline { filter(avg_X > 5.0000) }
datasets/geolife_60mins.csv;nsga2;1;44;4400;4400;1.48846e+02;100;100;100;1.00000e+00;9.70000e-01;1.50000e-01;8.75212e-01;7.32071e-01;Pipeline { map_noise(attribute=avg_X, percentage=0.05) | filter(avg_X > 0.0000) | filter(avg_Y < 692000.0000) | filter(avg_X > 0.0000) | filter(avg_X < 799000.0000) | filter(avg_X > 0.0000) };4.52957e-01;1.00000e+00;Pipeline { filter(avg_X < 97900000.0000) };7.31092e-01;8.85427e-01;Pipeline { filter(avg_X > 975.0000) };7.31092e-01;8.85427e-01;Pipeline { filter(avg_X > 1.6500) }
datasets/geolife_60mins.csv;nsga2;1;45;4500;4500;1.52038e+02;100;100;100;1.00000e+00;9.90000e-01;1.50000e-01;8.75212e-01;7.32071e-01;Pipeline { map_noise(attribute=avg_X, percentage=0.05) | filter(avg_X > 0.0000) | filter(avg_Y < 692000.0000) | filter(avg_X > 0.0000) | filter(avg_X < 799000.0000) | filter(avg_X > 0.0000) };4.52957e-01;1.00000e+00;Pipeline { filter(avg_X < 97900000.0000) };7.31092e-01;8.85427e-01;Pipeline { filter(avg_X > 0.0956) | filter(avg_X > 0.9250) };7.31092e-01;8.85427e-01;Pipeline { filter(avg_X > 0.0366) | filter(avg_X > 0.0990) }
datasets/geolife_60mins.csv;nsga2;1;46;4600;4600;1.54951e+02;100;100;100;1.00000e+00;1.00000e+00;1.40000e-01;8.82131e-01;7.51148e-01;Pipeline { map_noise(attribute=avg_Y, percentage=0.05) | filter(avg_X > 0.0000) | filter(avg_Y < 692000.0000) | filter(avg_X > 0.0000) | filter(avg_X < 799000.0000) | filter(avg_X > 0.0079) };4.52957e-01;1.00000e+00;Pipeline { filter(avg_X < 97900000.0000) };7.31092e-01;8.85427e-01;Pipeline { filter(avg_X > 0.0000) };7.31092e-01;8.85427e-01;Pipeline { filter(avg_X > 730.0000) }
datasets/geolife_60mins.csv;nsga2;1;47;4700;4700;1.58059e+02;100;100;100;1.00000e+00;1.00000e+00;1.40000e-01;8.82131e-01;7.51148e-01;Pipeline { map_noise(attribute=avg_Y, percentage=0.05) | filter(avg_X > 0.0000) | filter(avg_Y < 692000.0000) | filter(avg_X > 0.0000) | filter(avg_X < 799000.0000) | filter(avg_X > 0.0079) };4.52957e-01;1.00000e+00;Pipeline { filter(avg_X < 97900000.0000) };7.31092e-01;8.85427e-01;Pipeline { filter(avg_X > 0.0570) };7.31092e-01;8.85427e-01;Pipeline { filter(avg_X > 0.0047) }
datasets/geolife_60mins.csv;nsga2;1;48;4800;4800;1.61239e+02;100;100;100;1.00000e+00;9.90000e-01;1.40000e-01;8.82131e-01;7.51148e-01;Pipeline { map_noise(attribute=avg_Y, percentage=0.05) | filter(avg_X > 0.0000) | filter(avg_Y < 692000.0000) | filter(avg_X > 0.0000) | filter(avg_X < 799000.0000) | filter(avg_X > 0.0079) };4.52957e-01;1.00000e+00;Pipeline { filter(avg_X < 97900000.0000) };7.31092e-01;8.85427e-01;Pipeline { filter(avg_X > 6.3300) };7.31092e-01;8.85427e-01;Pipeline { filter(avg_X > 0.0004) | filter(avg_X > 0.6810) }
datasets/geolife_60mins.csv;nsga2;1;49;4900;4900;1.64408e+02;100;100;100;1.00000e+00;1.00000e+00;1.40000e-01;8.82131e-01;7.51148e-01;Pipeline { map_noise(attribute=avg_Y, percentage=0.05) | filter(avg_X > 0.0000) | filter(avg_Y < 692000.0000) | filter(avg_X > 0.0000) | filter(avg_X < 799000.0000) | filter(avg_X > 0.0079) };4.52957e-01;1.00000e+00;Pipeline { filter(avg_X < 97900000.0000) };7.31092e-01;8.85427e-01;Pipeline { filter(avg_X > 0.0009) | filter(avg_X > 0.1710) };7.31092e-01;8.85427e-01;Pipeline { filter(avg_X > 0.0000) | filter(avg_X > 0.7330) }
datasets/geolife_60mins.csv;nsga2;1;50;5000;5000;1.67574e+02;100;100;100;1.00000e+00;1.00000e+00;1.40000e-01;8.82131e-01;7.51148e-01;Pipeline { map_noise(attribute=avg_Y, percentage=0.05) | filter(avg_X > 0.0000) | filter(avg_Y < 692000.0000) | filter(avg_X > 0.0000) | filter(avg_X < 799000.0000) | filter(avg_X > 0.0079) };4.52957e-01;1.00000e+00;Pipeline { filter(avg_X < 97900000.0000) };7.31092e-01;8.85427e-01;Pipeline { filter(avg_X > 0.0012) };7.31092e-01;8.85427e-01;Pipeline { filter(avg_X > 9.4700) }
datasets/geolife_60mins.csv;nsga2;2;1;100;100;8.94900e+00;100;2;27;9.40000e-01;9.40000e-01;7.20000e-01;7.31092e-01;8.85427e-01;Pipeline { filter(avg_X > 694.0000) };7.31092e-01;8.85427e-01;Pipeline { filter(avg_X > 694.0000) };3.28568e-01;6.65371e-01;Pipeline { map_noise(attribute=avg_Y, percentage=0.25) | filter(avg_Y > 0.0000) | map_duplicate(probability=0.50) };6.87979e-01;7.03865e-01;Pipeline { map_noise(attribute=avg_X, percentage=0.05) | filter(avg_X > 0.0000) | filter(avg_Y > 0.0600) | filter(avg_X > 35500.0000) }
datasets/geolife_60mins.csv;nsga2;2;2;200;200;1.43670e+01;100;6;3;9.40000e-01;9.30000e-01;9.40000e-01;7.31092e-01;8.85427e-01;Pipeline { filter(avg_X > 4.6000) };4.12031e-01;9.17692e-01;Pipeline { map_duplicate(probability=0.10) };4.52190e-01;7.61190e-01;Pipeline { map_noise(attribute=avg_Y, percentage=0.05) | map_noise(attribute=avg_X, percentage=0.05) | map_noise(attribute=avg_Y, percentage=0.01) };2.83232e-01;7.66957e-01;Pipeline { map_duplicate(probability=0.60) | map_noise(attribute=avg_Y, percentage=0.01) }
datasets/geolife_60mins.csv;nsga2;2;3;300;300;2.06870e+01;100;9;3;9.40000e-01;9.40000e-01;9.50000e-01;7.31323e-01;7.36561e-01;Pipeline { filter(avg_X > 0.0540) | filter(avg_Y < 6210000000.0000) | map_noise(attribute=avg_X, percentage=0.10) };4.12031e-01;9.17692e-01;Pipeline { map_duplicate(probability=0.10) };6.01972e-01;0.00000e+00;Pipeline { filter(avg_Y < 57600.0000) | map_duplicate(probability=0.50) | map_noise(attribute=avg_Y, percentage=0.01) | map_noise(attribute=avg_Y, percentage=0.25) | map_duplicate(probability=0.80) | map_duplicate(probability=0.60) | map_noise(attribute=avg_X, percentage=0.05) | map_duplicate(probability=0.30) | map_duplicate(probability=0.70) | map_noise(attribute=avg_X, percentage=0.01) | filter(avg_X < 6900000.0000) | map_noise(attribute=avg_Y, percentage=0.10) };2.83227e-01;7.87205e-01;Pipeline { map_duplicate(probability=0.60) }
datasets/geolife_60mins.csv;nsga2;2;4;400;400;4.85570e+01;100;14;2;9.50000e-01;9.50000e-01;8.90000e-01;7.35429e-01;7.36842e-01;Pipeline { filter(avg_X > 0.0540) | filter(avg_Y < 621000000.0000) | map_noise(attribute=avg_X, percentage=0.10) };6.64694e-01;9.84639e-01;Pipeline { filter(avg_Y < 1900000.0000) };7.26288e-01;7.50574e-01;Pipeline { filter(avg_X > 0.0540) | filter(avg_X < 621000000.0000) | map_noise(attribute=avg_Y, percentage=0.10) };3.42670e-01;8.32788e-01;Pipeline { map_duplicate(probability=0.10) | map_duplicate(probability=0.20) }
datasets/geolife_60mins.csv;nsga2;2;5;500;500;5.26900e+01;100;27;5;9.60000e-01;9.60000e-01;7.30000e-01;7.35935e-01;7.36960e-01;Pipeline { filter(avg_X > 0.0054) | filter(avg_Y < 62100000.0000) | map_noise(attribute=avg_X, percentage=0.10) };6.64694e-01;9.84639e-01;Pipeline { filter(avg_Y < 1900000.0000) };7.31092e-01;8.85427e-01;Pipeline { filter(avg_X > 0.0694) };7.31092e-01;8.85427e-01;Pipeline { filter(avg_X > 597.0000) }
datasets/geolife_60mins.csv;nsga2;2;6;600;600;5.65650e+01;100;57;5;9.90000e-01;9.80000e-01;4.70000e-01;8.09523e-01;7.48761e-01;Pipeline { filter(avg_X > 0.0540) | filter(avg_Y < 606000.0000) | map_noise(attribute=avg_Y, percentage=0.10) };4.52957e-01;1.00000e+00;Pipeline { filter(avg_Y < 8900000.0000) };7.31092e-01;8.85427e-01;Pipeline { filter(avg_X > 0.2590) };7.31092e-01;8.85427e-01;Pipeline { filter(avg_X > 0.0686) }
datasets/geolife_60mins.csv;nsga2;2;7;700;700;5.96710e+01;100;95;5;1.00000e+00;9.80000e-01;1.40000e-01;8.09523e-01;7.48761e-01;Pipeline { filter(avg_X > 0.0540) | filter(avg_Y < 606000.0000) | map_noise(attribute=avg_Y, percentage=0.10) };4.52957e-01;1.00000e+00;Pipeline { filter(avg_Y < 6200000000.0000) | filter(avg_Y < 3750000000.0000) };7.31092e-01;8.85427e-01;Pipeline { filter(avg_X > 0.0005) };7.31092e-01;8.85427e-01;Pipeline { filter(avg_X > 994.0000) }
datasets/geolife_60mins.csv;nsga2;2;8;800;800;6.28250e+01;100;100;100;1.00000e+00;1.00000e+00;1.00000e-01;8.09523e-01;7.48761e-01;Pipeline { filter(avg_X > 0.0540) | filter(avg_Y < 606000.0000) | map_noise(attribute=avg_Y, percentage=0.10) };4.52957e-01;1.00000e+00;Pipeline { filter(avg_Y < 5760000.0000) };7.31092e-01;8.85427e-01;Pipeline { filter(avg_X > 0.0000) };4.52957e-01;1.00000e+00;Pipeline { filter(avg_Y < 6200000000.0000) | filter(avg_Y < 3750000000.0000) }
datasets/geolife_60mins.csv;nsga2;2;9;900;900;6.56130e+01;100;100;100;1.00000e+00;9.90000e-01;1.00000e-01;8.09523e-01;7.48761e-01;Pipeline { filter(avg_X > 0.0540) | filter(avg_Y < 606000.0000) | map_noise(attribute=avg_Y, percentage=0.10) };4.52957e-01;1.00000e+00;Pipeline { filter(avg_Y < 5760000.0000) };7.31092e-01;8.85427e-01;Pipeline { filter(avg_X > 0.0059) };7.31092e-01;8.85427e-01;Pipeline { filter(avg_X > 0.0002) }
datasets/geolife_60mins.csv;nsga2;2;10;1000;1000;6.90520e+01;100;100;100;1.00000e+00;9.80000e-01;1.00000e-01;8.09523e-01;7.48761e-01;Pipeline { filter(avg_X > 0.0540) | filter(avg_Y < 606000.0000) | map_noise(attribute=avg_Y, percentage=0.10) };4.52957e-01;1.00000e+00;Pipeline { filter(avg_Y < 5760000.0000) };7.31092e-01;8.85427e-01;Pipeline { filter(avg_X > 0.0000) };7.31092e-01;8.85427e-01;Pipeline { filter(avg_X > 0.0001) }
datasets/geolife_60mins.csv;nsga2;2;11;1100;1100;7.23990e+01;100;100;100;1.00000e+00;9.90000e-01;1.00000e-01;8.09523e-01;7.48761e-01;Pipeline { filter(avg_X > 0.0540) | filter(avg_Y < 606000.0000) | map_noise(attribute=avg_Y, percentage=0.10) };4.52957e-01;1.00000e+00;Pipeline { filter(avg_Y < 5760000.0000) };7.31092e-01;8.85427e-01;Pipeline { filter(avg_X > 0.0364) };7.31092e-01;8.85427e-01;Pipeline { filter(avg_X > 0.0063) }
datasets/geolife_60mins.csv;nsga2;2;12;1200;1200;7.59550e+01;100;100;100;1.00000e+00;1.00000e+00;1.00000e-01;8.09523e-01;7.48761e-01;Pipeline { filter(avg_X > 0.0540) | filter(avg_Y < 606000.0000) | map_noise(attribute=avg_Y, percentage=0.10) };4.52957e-01;1.00000e+00;Pipeline { filter(avg_Y < 5760000.0000) };7.31092e-01;8.85427e-01;Pipeline { filter(avg_X > 5.1000) };7.31092e-01;8.85427e-01;Pipeline { filter(avg_X > 848.0000) }
datasets/geolife_60mins.csv;nsga2;2;13;1300;1300;7.97220e+01;100;100;100;1.00000e+00;9.90000e-01;1.00000e-01;8.09523e-01;7.48761e-01;Pipeline { filter(avg_X > 0.0540) | filter(avg_Y < 606000.0000) | map_noise(attribute=avg_Y, percentage=0.10) };4.52957e-01;1.00000e+00;Pipeline { filter(avg_Y < 5760000.0000) };7.31092e-01;8.85427e-01;Pipeline { filter(avg_X > 38.0000) };7.31092e-01;8.85427e-01;Pipeline { filter(avg_X > 840.0000) }
datasets/geolife_60mins.csv;nsga2;2;14;1400;1400;8.25070e+01;100;100;100;1.00000e+00;9.90000e-01;1.00000e-01;8.09523e-01;7.48761e-01;Pipeline { filter(avg_X > 0.0540) | filter(avg_Y < 606000.0000) | map_noise(attribute=avg_Y, percentage=0.10) };4.52957e-01;1.00000e+00;Pipeline { filter(avg_Y < 5760000.0000) };7.31092e-01;8.85427e-01;Pipeline { filter(avg_X > 5.4000) };7.31092e-01;8.85427e-01;Pipeline { filter(avg_X > 3.6500) }
datasets/geolife_60mins.csv;nsga2;2;15;1500;1500;8.56240e+01;100;100;100;1.00000e+00;1.00000e+00;1.10000e-01;8.09523e-01;7.48761e-01;Pipeline { filter(avg_X > 0.0540) | filter(avg_Y < 606000.0000) | map_noise(attribute=avg_Y, percentage=0.10) };4.52957e-01;1.00000e+00;Pipeline { filter(avg_Y < 5760000.0000) };7.31092e-01;8.85427e-01;Pipeline { filter(avg_X > 2.8000) };7.31092e-01;8.85427e-01;Pipeline { filter(avg_X > 0.4700) }
datasets/geolife_60mins.csv;nsga2;2;16;1600;1600;8.91250e+01;100;100;100;1.00000e+00;1.00000e+00;1.00000e-01;8.09523e-01;7.48761e-01;Pipeline { filter(avg_X > 0.0540) | filter(avg_Y < 606000.0000) | map_noise(attribute=avg_Y, percentage=0.10) };4.52957e-01;1.00000e+00;Pipeline { filter(avg_Y < 5760000.0000) };7.31092e-01;8.85427e-01;Pipeline { filter(avg_X > 0.3400) };7.31092e-01;8.85427e-01;Pipeline { filter(avg_X > 4.5300) }
datasets/geolife_60mins.csv;nsga2;2;17;1700;1700;9.23180e+01;100;100;100;1.00000e+00;9.90000e-01;1.10000e-01;8.13636e-01;7.47987e-01;Pipeline { filter(avg_X > 0.0540) | filter(avg_Y < 603000.0000) | map_noise(attribute=avg_Y, percentage=0.10) };4.52957e-01;1.00000e+00;Pipeline { filter(avg_Y < 5760000.0000) };7.31092e-01;8.85427e-01;Pipeline { filter(avg_X > 2.8600) };7.31092e-01;8.85427e-01;Pipeline { filter(avg_X > 0.4170) }
datasets/geolife_60mins.csv;nsga2;2;18;1800;1800;9.55330e+01;100;100;100;1.00000e+00;1.00000e+00;1.10000e-01;8.13636e-01;7.47987e-01;Pipeline { filter(avg_X > 0.0540) | filter(avg_Y < 603000.0000) | map_noise(attribute=avg_Y, percentage=0.10) };4.52957e-01;1.00000e+00;Pipeline { filter(avg_Y < 5760000.0000) };7.31092e-01;8.85427e-01;Pipeline { filter(avg_X > 0.0003) };7.31092e-01;8.85427e-01;Pipeline { filter(avg_X > 31.4000) }
datasets/geolife_60mins.csv;nsga2;2;19;1900;1900;9.84930e+01;100;100;100;1.00000e+00;1.00000e+00;6.00000e-02;8.13636e-01;7.47987e-01;Pipeline { filter(avg_X > 0.0540) | filter(avg_Y < 603000.0000) | map_noise(attribute=avg_Y, percentage=0.10) };4.52957e-01;1.00000e+00;Pipeline { filter(avg_Y < 5760000.0000) };7.31092e-01;8.85427e-01;Pipeline { filter(avg_X > 0.0001) };7.31092e-01;8.85427e-01;Pipeline { filter(avg_X > 459.0000) }
datasets/geolife_60mins.csv;nsga2;2;20;2000;2000;1.01314e+02;100;100;100;1.00000e+00;1.00000e+00;6.00000e-02;8.13636e-01;7.47987e-01;Pipeline { filter(avg_X > 0.0540) | filter(avg_Y < 603000.0000) | map_noise(attribute=avg_Y, percentage=0.10) };4.52957e-01;1.00000e+00;Pipeline { filter(avg_Y < 5760000.0000) };7.31092e-01;8.85427e-01;Pipeline { filter(avg_X > 3.5200) };7.31092e-01;8.85427e-01;Pipeline { filter(avg_X > 2660.0000) }
datasets/geolife_60mins.csv;nsga2;2;21;2100;2100;1.03930e+02;100;100;100;1.00000e+00;9.90000e-01;6.00000e-02;8.13636e-01;7.47987e-01;Pipeline { filter(avg_X > 0.0540) | filter(avg_Y < 603000.0000) | map_noise(attribute=avg_Y, percentage=0.10) };4.52957e-01;1.00000e+00;Pipeline { filter(avg_Y < 5760000.0000) };7.31092e-01;8.85427e-01;Pipeline { filter(avg_X > 0.0419) };7.31092e-01;8.85427e-01;Pipeline { filter(avg_X > 0.0000) }
datasets/geolife_60mins.csv;nsga2;2;22;2200;2200;1.06980e+02;100;100;100;1.00000e+00;9.90000e-01;6.00000e-02;8.13636e-01;7.47987e-01;Pipeline { filter(avg_X > 0.0540) | filter(avg_Y < 603000.0000) | map_noise(attribute=avg_Y, percentage=0.10) };4.52957e-01;1.00000e+00;Pipeline { filter(avg_Y < 5760000.0000) };7.31092e-01;8.85427e-01;Pipeline { filter(avg_X > 0.0000) };7.31092e-01;8.85427e-01;Pipeline { filter(avg_X > 1940.0000) }
datasets/geolife_60mins.csv;nsga2;2;23;2300;2300;1.10311e+02;100;100;100;1.00000e+00;9.90000e-01;6.00000e-02;8.13636e-01;7.47987e-01;Pipeline { filter(avg_X > 0.0540) | filter(avg_Y < 603000.0000) | map_noise(attribute=avg_Y, percentage=0.10) };4.52957e-01;1.00000e+00;Pipeline { filter(avg_Y < 5760000.0000) };7.31092e-01;8.85427e-01;Pipeline { filter(avg_X > 79.7000) };7.31092e-01;8.85427e-01;Pipeline { filter(avg_X > 9.9900) }
datasets/geolife_60mins.csv;nsga2;2;24;2400;2400;1.13388e+02;100;100;100;1.00000e+00;9.80000e-01;6.00000e-02;8.13636e-01;7.47987e-01;Pipeline { filter(avg_X > 0.0540) | filter(avg_Y < 603000.0000) | map_noise(attribute=avg_Y, percentage=0.10) };4.52957e-01;1.00000e+00;Pipeline { filter(avg_Y < 5760000.0000) };7.31092e-01;8.85427e-01;Pipeline { filter(avg_X > 938.0000) };7.31092e-01;8.85427e-01;Pipeline { filter(avg_X > 0.3020) }
datasets/geolife_60mins.csv;nsga2;2;25;2500;2500;1.16170e+02;100;100;100;1.00000e+00;1.00000e+00;6.00000e-02;8.13636e-01;7.47987e-01;Pipeline { filter(avg_X > 0.0540) | filter(avg_Y < 603000.0000) | map_noise(attribute=avg_Y, percentage=0.10) };4.52957e-01;1.00000e+00;Pipeline { filter(avg_Y < 5760000.0000) };7.31092e-01;8.85427e-01;Pipeline { filter(avg_X > 0.0001) };7.31092e-01;8.85427e-01;Pipeline { filter(avg_X > 0.0000) }
datasets/geolife_60mins.csv;nsga2;2;26;2600;2600;1.19383e+02;100;100;100;1.00000e+00;1.00000e+00;6.00000e-02;8.13636e-01;7.47987e-01;Pipeline { filter(avg_X > 0.0540) | filter(avg_Y < 603000.0000) | map_noise(attribute=avg_Y, percentage=0.10) };4.52957e-01;1.00000e+00;Pipeline { filter(avg_Y < 5760000.0000) };7.31092e-01;8.85427e-01;Pipeline { filter(avg_X > 0.0000) };7.31092e-01;8.85427e-01;Pipeline { filter(avg_X > 0.9210) }
datasets/geolife_60mins.csv;nsga2;2;27;2700;2700;1.22813e+02;100;100;100;1.00000e+00;1.00000e+00;7.00000e-02;8.17757e-01;8.03272e-01;Pipeline { filter(avg_Y > 0.0000) | filter(avg_Y < 603000.0000) | map_duplicate(probability=0.10) };4.52957e-01;1.00000e+00;Pipeline { filter(avg_Y < 5760000.0000) };7.31092e-01;8.85427e-01;Pipeline { filter(avg_X > 44.7000) };7.31092e-01;8.85427e-01;Pipeline { filter(avg_X > 0.0280) }
datasets/geolife_60mins.csv;nsga2;2;28;2800;2800;1.25811e+02;100;100;100;1.00000e+00;9.90000e-01;8.00000e-02;8.18876e-01;8.02826e-01;Pipeline { filter(avg_Y > 0.0000) | filter(avg_Y < 602000.0000) | map_duplicate(probability=0.10) };4.52957e-01;1.00000e+00;Pipeline { filter(avg_Y < 5760000.0000) };7.31092e-01;8.85427e-01;Pipeline { filter(avg_X > 14.0000) };7.31092e-01;8.85427e-01;Pipeline { filter(avg_X > 0.0007) }
datasets/geolife_60mins.csv;nsga2;2;29;2900;2900;1.28580e+02;100;100;100;1.00000e+00;9.90000e-01;8.00000e-02;8.18876e-01;8.02826e-01;Pipeline { filter(avg_Y > 0.0000) | filter(avg_Y < 602000.0000) | map_duplicate(probability=0.10) };4.52957e-01;1.00000e+00;Pipeline { filter(avg_Y < 5760000.0000) };7.31092e-01;8.85427e-01;Pipeline { filter(avg_X > 600.0000) };7.31092e-01;8.85427e-01;Pipeline { filter(avg_X > 4.0700) }
datasets/geolife_60mins.csv;nsga2;2;30;3000;3000;1.31700e+02;100;100;100;1.00000e+00;1.00000e+00;8.00000e-02;8.18876e-01;8.02826e-01;Pipeline { filter(avg_Y > 0.0000) | filter(avg_Y < 602000.0000) | map_duplicate(probability=0.10) };4.52957e-01;1.00000e+00;Pipeline { filter(avg_Y < 5760000.0000) };7.31092e-01;8.85427e-01;Pipeline { filter(avg_X > 0.0853) };7.31092e-01;8.85427e-01;Pipeline { filter(avg_X > 0.0000) }
datasets/geolife_60mins.csv;nsga2;2;31;3100;3100;1.34578e+02;100;100;100;1.00000e+00;1.00000e+00;8.00000e-02;8.20486e-01;8.02911e-01;Pipeline { filter(avg_Y > 0.0000) | filter(avg_Y < 622000.0000) | map_duplicate(probability=0.10) };4.52957e-01;1.00000e+00;Pipeline { filter(avg_Y < 62600000.0000) };7.31092e-01;8.85427e-01;Pipeline { filter(avg_X > 0.0001) };7.31092e-01;8.85427e-01;Pipeline { filter(avg_X > 400.0000) }
datasets/geolife_60mins.csv;nsga2;2;32;3200;3200;1.37372e+02;100;100;100;1.00000e+00;1.00000e+00;8.00000e-02;8.20486e-01;8.02911e-01;Pipeline { filter(avg_Y > 0.0000) | filter(avg_Y < 622000.0000) | map_duplicate(probability=0.10) };4.52957e-01;1.00000e+00;Pipeline { filter(avg_Y < 62600000.0000) };7.31092e-01;8.85427e-01;Pipeline { filter(avg_X > 0.3840) };7.31092e-01;8.85427e-01;Pipeline { filter(avg_X > 96.5000) }
datasets/geolife_60mins.csv;nsga2;2;33;3300;3300;1.40270e+02;100;100;100;1.00000e+00;1.00000e+00;8.00000e-02;8.20486e-01;8.02911e-01;Pipeline { filter(avg_Y > 0.0000) | filter(avg_Y < 622000.0000) | map_duplicate(probability=0.10) };4.52957e-01;1.00000e+00;Pipeline { filter(avg_Y < 62600000.0000) };7.31092e-01;8.85427e-01;Pipeline { filter(avg_X > 0.0000) };7.31092e-01;8.85427e-01;Pipeline { filter(avg_X > 0.0001) }
datasets/geolife_60mins.csv;nsga2;2;34;3400;3400;1.44184e+02;100;100;100;1.00000e+00;1.00000e+00;8.00000e-02;8.20486e-01;8.02911e-01;Pipeline { filter(avg_Y > 0.0000) | filter(avg_Y < 622000.0000) | map_duplicate(probability=0.10) };4.52957e-01;1.00000e+00;Pipeline { filter(avg_Y < 62600000.0000) };7.31092e-01;8.85427e-01;Pipeline { filter(avg_X > 0.0001) };7.31092e-01;8.85427e-01;Pipeline { filter(avg_X > 0.0309) }
datasets/geolife_60mins.csv;nsga2;2;35;3500;3500;1.47271e+02;100;100;100;1.00000e+00;9.90000e-01;9.00000e-02;8.21292e-01;8.02605e-01;Pipeline { filter(avg_Y > 0.7880) | filter(avg_Y < 622000.0000) | map_duplicate(probability=0.10) };4.52957e-01;1.00000e+00;Pipeline { filter(avg_Y < 62600000.0000) };7.31092e-01;8.85427e-01;Pipeline { filter(avg_X > 1.3100) };7.31092e-01;8.85427e-01;Pipeline { filter(avg_X > 1.3100) }
datasets/geolife_60mins.csv;nsga2;2;36;3600;3600;1.50136e+02;100;100;100;1.00000e+00;1.00000e+00;1.10000e-01;8.21292e-01;8.02605e-01;Pipeline { filter(avg_Y > 0.7880) | filter(avg_Y < 622000.0000) | map_duplicate(probability=0.10) };4.52957e-01;1.00000e+00;Pipeline { filter(avg_Y < 62600000.0000) };7.31092e-01;8.85427e-01;Pipeline { filter(avg_X > 0.0052) };7.31092e-01;8.85427e-01;Pipeline { filter(avg_X > 0.0052) }
datasets/geolife_60mins.csv;nsga2;2;37;3700;3700;1.53080e+02;100;100;100;1.00000e+00;1.00000e+00;9.00000e-02;8.21292e-01;8.02605e-01;Pipeline { filter(avg_Y > 0.7880) | filter(avg_Y < 622000.0000) | map_duplicate(probability=0.10) };4.52957e-01;1.00000e+00;Pipeline { filter(avg_Y < 69600000.0000) };7.31092e-01;8.85427e-01;Pipeline { filter(avg_X > 0.0010) };7.31092e-01;8.85427e-01;Pipeline { filter(avg_X > 0.0148) }
datasets/geolife_60mins.csv;nsga2;2;38;3800;3800;1.56593e+02;100;100;100;1.00000e+00;1.00000e+00;9.00000e-02;8.21292e-01;8.02605e-01;Pipeline { filter(avg_Y > 0.7880) | filter(avg_Y < 622000.0000) | map_duplicate(probability=0.10) };4.52957e-01;1.00000e+00;Pipeline { filter(avg_Y < 69600000.0000) };7.31092e-01;8.85427e-01;Pipeline { filter(avg_X > 0.0000) };7.31092e-01;8.85427e-01;Pipeline { filter(avg_X > 0.0000) }
datasets/geolife_60mins.csv;nsga2;2;39;3900;3900;1.59564e+02;100;100;100;1.00000e+00;1.00000e+00;1.00000e-01;8.21292e-01;8.02605e-01;Pipeline { filter(avg_Y > 0.7880) | filter(avg_Y < 622000.0000) | map_duplicate(probability=0.10) };4.52957e-01;1.00000e+00;Pipeline { filter(avg_X < 79300000.0000) };7.31092e-01;8.85427e-01;Pipeline { filter(avg_X > 3530.0000) };7.31092e-01;8.85427e-01;Pipeline { filter(avg_X > 0.0001) }
datasets/geolife_60mins.csv;nsga2;2;40;4000;4000;1.62507e+02;100;100;100;1.00000e+00;1.00000e+00;1.00000e-01;8.21292e-01;8.02605e-01;Pipeline { filter(avg_Y > 0.7880) | filter(avg_Y < 622000.0000) | map_duplicate(probability=0.10) };4.52957e-01;1.00000e+00;Pipeline { filter(avg_Y < 89600000.0000) };7.31092e-01;8.85427e-01;Pipeline { filter(avg_X > 1.9400) };6.64706e-01;9.84680e-01;Pipeline { filter(avg_Y < 1960000.0000) }
datasets/geolife_60mins.csv;nsga2;2;41;4100;4100;1.65941e+02;100;100;100;1.00000e+00;1.00000e+00;1.00000e-01;8.21292e-01;8.02605e-01;Pipeline { filter(avg_Y > 0.7880) | filter(avg_Y < 622000.0000) | map_duplicate(probability=0.10) };4.52957e-01;1.00000e+00;Pipeline { filter(avg_Y < 89600000.0000) };7.31092e-01;8.85427e-01;Pipeline { filter(avg_X > 0.7740) };7.31092e-01;8.85427e-01;Pipeline { filter(avg_X > 0.0674) }
datasets/geolife_60mins.csv;nsga2;2;42;4200;4200;1.68557e+02;100;100;100;1.00000e+00;1.00000e+00;1.00000e-01;8.21292e-01;8.02605e-01;Pipeline { filter(avg_Y > 0.7880) | filter(avg_Y < 622000.0000) | map_duplicate(probability=0.10) };4.52957e-01;1.00000e+00;Pipeline { filter(avg_Y < 89600000.0000) };7.31092e-01;8.85427e-01;Pipeline { filter(avg_X > 0.0000) };7.31092e-01;8.85427e-01;Pipeline { filter(avg_X > 0.0826) }
datasets/geolife_60mins.csv;nsga2;2;43;4300;4300;1.71754e+02;100;100;100;1.00000e+00;1.00000e+00;1.00000e-01;8.21292e-01;8.02605e-01;Pipeline { filter(avg_Y > 0.7880) | filter(avg_Y < 622000.0000) | map_duplicate(probability=0.10) };4.52957e-01;1.00000e+00;Pipeline { filter(avg_Y < 89600000.0000) };7.31092e-01;8.85427e-01;Pipeline { filter(avg_X > 0.0175) };7.31092e-01;8.85427e-01;Pipeline { filter(avg_X > 0.0000) }
datasets/geolife_60mins.csv;nsga2;2;44;4400;4400;1.74338e+02;100;100;100;1.00000e+00;1.00000e+00;1.00000e-01;8.21292e-01;8.02605e-01;Pipeline { filter(avg_Y > 0.7880) | filter(avg_Y < 622000.0000) | map_duplicate(probability=0.10) };4.52957e-01;1.00000e+00;Pipeline { filter(avg_Y < 89600000.0000) };7.31092e-01;8.85427e-01;Pipeline { filter(avg_X > 0.0950) };7.31092e-01;8.85427e-01;Pipeline { filter(avg_X > 0.0062) }
datasets/geolife_60mins.csv;nsga2;2;45;4500;4500;1.77076e+02;100;100;100;1.00000e+00;1.00000e+00;1.10000e-01;8.21292e-01;8.02605e-01;Pipeline { filter(avg_Y > 0.7880) | filter(avg_Y < 622000.0000) | map_duplicate(probability=0.10) };4.52957e-01;1.00000e+00;Pipeline { filter(avg_Y < 89600000.0000) };7.31092e-01;8.85427e-01;Pipeline { filter(avg_X > 0.0000) };7.31092e-01;8.85427e-01;Pipeline { filter(avg_X > 0.0007) }
datasets/geolife_60mins.csv;nsga2;2;46;4600;4600;1.80220e+02;100;100;100;1.00000e+00;1.00000e+00;1.10000e-01;8.21292e-01;8.02605e-01;Pipeline { filter(avg_Y > 0.7880) | filter(avg_Y < 622000.0000) | map_duplicate(probability=0.10) };4.52957e-01;1.00000e+00;Pipeline { filter(avg_Y < 89600000.0000) };7.31092e-01;8.85427e-01;Pipeline { filter(avg_X > 5.0700) };7.31092e-01;8.85427e-01;Pipeline { filter(avg_X > 33.5000) }
datasets/geolife_60mins.csv;nsga2;2;47;4700;4700;1.82955e+02;100;100;100;1.00000e+00;1.00000e+00;1.10000e-01;8.21292e-01;8.02605e-01;Pipeline { filter(avg_Y > 0.7880) | filter(avg_Y < 622000.0000) | map_duplicate(probability=0.10) };4.52957e-01;1.00000e+00;Pipeline { filter(avg_Y < 89600000.0000) };7.31092e-01;8.85427e-01;Pipeline { filter(avg_X > 0.0000) };7.31092e-01;8.85427e-01;Pipeline { filter(avg_X > 0.0001) }
datasets/geolife_60mins.csv;nsga2;2;48;4800;4800;1.85889e+02;100;100;100;1.00000e+00;1.00000e+00;1.10000e-01;8.21292e-01;8.02605e-01;Pipeline { filter(avg_Y > 0.7880) | filter(avg_Y < 622000.0000) | map_duplicate(probability=0.10) };4.52957e-01;1.00000e+00;Pipeline { filter(avg_Y < 89600000.0000) };7.31092e-01;8.85427e-01;Pipeline { filter(avg_X > 0.0000) };7.31092e-01;8.85427e-01;Pipeline { filter(avg_X > 0.7480) }
datasets/geolife_60mins.csv;nsga2;2;49;4900;4900;1.88722e+02;100;100;100;1.00000e+00;1.00000e+00;1.10000e-01;8.21292e-01;8.02605e-01;Pipeline { filter(avg_Y > 0.7880) | filter(avg_Y < 622000.0000) | map_duplicate(probability=0.10) };4.52957e-01;1.00000e+00;Pipeline { filter(avg_Y < 89600000.0000) };7.31092e-01;8.85427e-01;Pipeline { filter(avg_X > 0.0000) };7.31092e-01;8.85427e-01;Pipeline { filter(avg_X > 0.0000) }
datasets/geolife_60mins.csv;nsga2;2;50;5000;5000;1.91657e+02;100;100;100;1.00000e+00;1.00000e+00;1.10000e-01;8.21292e-01;8.02605e-01;Pipeline { filter(avg_Y > 0.7880) | filter(avg_Y < 622000.0000) | map_duplicate(probability=0.10) };4.52957e-01;1.00000e+00;Pipeline { filter(avg_Y < 89600000.0000) };7.31092e-01;8.85427e-01;Pipeline { filter(avg_X > 0.0000) };7.31092e-01;8.85427e-01;Pipeline { filter(avg_X > 2.5300) }
datasets/geolife_60mins.csv;nsga2;3;1;100;100;5.22200e+00;100;5;38;9.50000e-01;9.50000e-01;6.20000e-01;4.87554e-01;6.85471e-01;Pipeline { map_duplicate(probability=0.10) | map_duplicate(probability=0.60) | filter(avg_Y > 70900.0000) | filter(avg_X > 0.0000) | filter(avg_X < 328000000.0000) };4.12933e-01;9.19600e-01;Pipeline { map_duplicate(probability=0.10) };2.77061e-01;3.62131e-01;Pipeline { map_noise(attribute=avg_X, percentage=0.10) | map_noise(attribute=avg_Y, percentage=0.05) | map_duplicate(probability=0.90) | map_noise(attribute=avg_Y, percentage=0.10) | map_noise(attribute=avg_X, percentage=0.01) | filter(avg_X < 77800000.0000) | map_duplicate(probability=0.60) | filter(avg_Y > 5.1000) | filter(avg_Y < 897000.0000) };3.52109e-01;6.68709e-01;Pipeline { map_noise(attribute=avg_X, percentage=0.05) | map_noise(attribute=avg_Y, percentage=0.25) | map_noise(attribute=avg_X, percentage=0.25) | map_duplicate(probability=0.40) | filter(avg_Y > 0.0000) | map_noise(attribute=avg_Y, percentage=0.25) | map_noise(attribute=avg_Y, percentage=0.01) }
datasets/geolife_60mins.csv;nsga2;3;2;200;200;1.42800e+01;100;3;5;9.50000e-01;9.50000e-01;9.50000e-01;7.31092e-01;8.85427e-01;Pipeline { filter(avg_X > 0.0009) };4.52957e-01;1.00000e+00;Pipeline { filter(avg_X < 5830000.0000) };4.14168e-01;8.28148e-01;Pipeline { filter(avg_Y > 1.2500) };4.51408e-01;7.78369e-01;Pipeline { map_noise(attribute=avg_Y, percentage=0.10) }
datasets/geolife_60mins.csv;nsga2;3;3;300;300;1.97370e+01;100;7;2;9.50000e-01;9.50000e-01;8.60000e-01;7.31092e-01;8.85427e-01;Pipeline { filter(avg_X > 0.0000) };4.52957e-01;1.00000e+00;Pipeline { filter(avg_X < 7830000.0000) };4.51566e-01;7.94127e-01;Pipeline { map_noise(attribute=avg_Y, percentage=0.05) };4.14168e-01;8.28148e-01;Pipeline { filter(avg_Y > 0.0000) }
datasets/geolife_60mins.csv;nsga2;3;4;400;400;2.38880e+01;100;15;2;9.50000e-01;9.30000e-01;6.60000e-01;7.47291e-01;7.11846e-01;Pipeline { map_duplicate(probability=0.10) | map_noise(attribute=avg_Y, percentage=0.05) | filter(avg_Y > 70900.0000) | filter(avg_X > 0.0000) | filter(avg_X < 328000000.0000) };4.52957e-01;1.00000e+00;Pipeline { filter(avg_X < 5830000.0000) };4.62327e-01;7.59660e-01;Pipeline { map_noise(attribute=avg_X, percentage=0.25) };3.43529e-01;8.35660e-01;Pipeline { map_duplicate(probability=0.20) | map_duplicate(probability=0.10) | filter(avg_Y < 532000000.0000) }
datasets/geolife_60mins.csv;nsga2;3;5;500;500;2.75990e+01;100;29;4;9.80000e-01;9.70000e-01;3.30000e-01;7.47291e-01;7.11846e-01;Pipeline { map_duplicate(probability=0.10) | map_noise(attribute=avg_Y, percentage=0.05) | filter(avg_Y > 70900.0000) | filter(avg_X > 0.0000) | filter(avg_X < 328000000.0000) };4.52957e-01;1.00000e+00;Pipeline { filter(avg_X < 7830000.0000) };7.08015e-01;7.74660e-01;Pipeline { map_duplicate(probability=0.10) | map_duplicate(probability=0.10) | filter(avg_Y > 70900.0000) | filter(avg_X > 0.0000) | filter(avg_X < 328000000.0000) };7.31092e-01;8.85427e-01;Pipeline { filter(avg_X > 5.7500) }
datasets/geolife_60mins.csv;nsga2;3;6;600;600;3.07860e+01;100;67;11;9.80000e-01;9.80000e-01;3.40000e-01;7.52852e-01;7.10580e-01;Pipeline { map_duplicate(probability=0.10) | map_noise(attribute=avg_Y, percentage=0.05) | filter(avg_Y > 74900.0000) | filter(avg_X > 0.0000) | filter(avg_X < 328000000.0000) };4.52957e-01;1.00000e+00;Pipeline { filter(avg_X < 7600000.0000) };7.31092e-01;8.85427e-01;Pipeline { filter(avg_X > 2.8700) };4.52957e-01;1.00000e+00;Pipeline { filter(avg_X < 69600000.0000) }
datasets/geolife_60mins.csv;nsga2;3;7;700;700;3.43160e+01;100;100;100;1.00000e+00;9.90000e-01;9.00000e-02;7.52852e-01;7.10580e-01;Pipeline { map_duplicate(probability=0.10) | map_noise(attribute=avg_Y, percentage=0.05) | filter(avg_Y > 74900.0000) | filter(avg_X > 0.0000) | filter(avg_X < 328000000.0000) };4.52957e-01;1.00000e+00;Pipeline { filter(avg_X < 760000000.0000) };7.31092e-01;8.85427e-01;Pipeline { filter(avg_X > 7.9900) };4.52957e-01;1.00000e+00;Pipeline { filter(avg_X < 42100000.0000) }
datasets/geolife_60mins.csv;nsga2;3;8;800;800;3.74060e+01;100;100;100;1.00000e+00;1.00000e+00;9.00000e-02;7.52852e-01;7.10580e-01;Pipeline { map_duplicate(probability=0.10) | map_noise(attribute=avg_Y, percentage=0.05) | filter(avg_Y > 74900.0000) | filter(avg_X > 0.0000) | filter(avg_X < 328000000.0000) };4.52957e-01;1.00000e+00;Pipeline { filter(avg_Y < 3830000.0000) };7.31092e-01;8.85427e-01;Pipeline { filter(avg_X > 0.0000) };4.52957e-01;1.00000e+00;Pipeline { filter(avg_X < 72700000.0000) }
datasets/geolife_60mins.csv;nsga2;3;9;900;900;3.98410e+01;100;100;100;1.00000e+00;1.00000e+00;9.00000e-02;7.52852e-01;7.10580e-01;Pipeline { map_duplicate(probability=0.10) | map_noise(attribute=avg_Y, percentage=0.05) | filter(avg_Y > 74900.0000) | filter(avg_X > 0.0000) | filter(avg_X < 328000000.0000) };4.52957e-01;1.00000e+00;Pipeline { filter(avg_X < 39600000.0000) };7.31092e-01;8.85427e-01;Pipeline { filter(avg_X > 0.0002) };4.52957e-01;1.00000e+00;Pipeline { filter(avg_X < 52200000.0000) }
datasets/geolife_60mins.csv;nsga2;3;10;1000;1000;4.32540e+01;100;100;100;1.00000e+00;1.00000e+00;9.00000e-02;7.52852e-01;7.10580e-01;Pipeline { map_duplicate(probability=0.10) | map_noise(attribute=avg_Y, percentage=0.05) | filter(avg_Y > 74900.0000) | filter(avg_X > 0.0000) | filter(avg_X < 328000000.0000) };4.52957e-01;1.00000e+00;Pipeline { filter(avg_Y < 723000000.0000) };4.52957e-01;1.00000e+00;Pipeline { filter(avg_X < 5930000.0000) };4.52957e-01;1.00000e+00;Pipeline { filter(avg_Y < 7530000.0000) }
datasets/geolife_60mins.csv;nsga2;3;11;1100;1100;4.57420e+01;100;100;100;1.00000e+00;1.00000e+00;9.00000e-02;7.52852e-01;7.10580e-01;Pipeline { map_duplicate(probability=0.10) | map_noise(attribute=avg_Y, percentage=0.05) | filter(avg_Y > 74900.0000) | filter(avg_X > 0.0000) | filter(avg_X < 328000000.0000) };4.52957e-01;1.00000e+00;Pipeline { filter(avg_Y < 85200000.0000) };4.52957e-01;1.00000e+00;Pipeline { filter(avg_Y < 3100000.0000) };4.52957e-01;1.00000e+00;Pipeline { filter(avg_X < 735000000.0000) }
datasets/geolife_60mins.csv;nsga2;3;12;1200;1200;4.82340e+01;100;100;100;1.00000e+00;9.90000e-01;7.00000e-02;7.52852e-01;7.10580e-01;Pipeline { map_duplicate(probability=0.10) | map_noise(attribute=avg_Y, percentage=0.05) | filter(avg_Y > 74900.0000) | filter(avg_X > 0.0000) | filter(avg_X < 328000000.0000) };4.52957e-01;1.00000e+00;Pipeline { filter(avg_Y < 3860000.0000) };4.52957e-01;1.00000e+00;Pipeline { filter(avg_X < 39600000.0000) };4.52957e-01;1.00000e+00;Pipeline { filter(avg_X < 8580000.0000) }
datasets/geolife_60mins.csv;nsga2;3;13;1300;1300;5.08300e+01;100;100;100;1.00000e+00;1.00000e+00;7.00000e-02;7.52852e-01;7.10580e-01;Pipeline { map_duplicate(probability=0.10) | map_noise(attribute=avg_Y, percentage=0.05) | filter(avg_Y > 74900.0000) | filter(avg_X > 0.0000) | filter(avg_X < 328000000.0000) };4.52957e-01;1.00000e+00;Pipeline { filter(avg_Y < 92200000.0000) };4.52957e-01;1.00000e+00;Pipeline { filter(avg_X < 35500000.0000) };4.52957e-01;1.00000e+00;Pipeline { filter(avg_Y < 6390000000.0000) }
datasets/geolife_60mins.csv;nsga2;3;14;1400;1400;5.34100e+01;100;100;100;1.00000e+00;1.00000e+00;7.00000e-02;7.52852e-01;7.10580e-01;Pipeline { map_duplicate(probability=0.10) | map_noise(attribute=avg_Y, percentage=0.05) | filter(avg_Y > 74900.0000) | filter(avg_X > 0.0000) | filter(avg_X < 328000000.0000) };4.52957e-01;1.00000e+00;Pipeline { filter(avg_X < 7600000.0000) };4.52957e-01;1.00000e+00;Pipeline { filter(avg_Y < 90700000.0000) };4.52957e-01;1.00000e+00;Pipeline { filter(avg_Y < 49500000.0000) }
datasets/geolife_60mins.csv;nsga2;3;15;1500;1500;5.60360e+01;100;100;100;1.00000e+00;1.00000e+00;7.00000e-02;7.52852e-01;7.10580e-01;Pipeline { map_duplicate(probability=0.10) | map_noise(attribute=avg_Y, percentage=0.05) | filter(avg_Y > 74900.0000) | filter(avg_X > 0.0000) | filter(avg_X < 328000000.0000) };4.52957e-01;1.00000e+00;Pipeline { filter(avg_Y < 47300000.0000) };4.52957e-01;1.00000e+00;Pipeline { filter(avg_Y < 76200000.0000) };4.52957e-01;1.00000e+00;Pipeline { filter(avg_Y < 3960000.0000) }
datasets/geolife_60mins.csv;nsga2;3;16;1600;1600;5.90000e+01;100;100;100;1.00000e+00;1.00000e+00;8.00000e-02;7.52852e-01;7.10580e-01;Pipeline { map_duplicate(probability=0.10) | map_noise(attribute=avg_Y, percentage=0.05) | filter(avg_Y > 74900.0000) | filter(avg_X > 0.0000) | filter(avg_X < 328000000.0000) };4.52957e-01;1.00000e+00;Pipeline { filter(avg_Y < 70700000.0000) };4.52957e-01;1.00000e+00;Pipeline { filter(avg_X < 62800000.0000) };4.52957e-01;1.00000e+00;Pipeline { filter(avg_Y < 9730000.0000) }
datasets/geolife_60mins.csv;nsga2;3;17;1700;1700;6.15820e+01;100;100;100;1.00000e+00;1.00000e+00;7.00000e-02;7.61069e-01;7.12786e-01;Pipeline { map_duplicate(probability=0.10) | map_noise(attribute=avg_Y, percentage=0.05) | filter(avg_Y > 74900.0000) | filter(avg_X > 0.0000) | filter(avg_X < 6410000.0000) };4.52957e-01;1.00000e+00;Pipeline { filter(avg_X < 6080000000.0000) };4.52957e-01;1.00000e+00;Pipeline { filter(avg_Y < 152000000.0000) };4.52957e-01;1.00000e+00;Pipeline { filter(avg_Y < 71200000.0000) }
datasets/geolife_60mins.csv;nsga2;3;18;1800;1800;6.40060e+01;100;100;100;1.00000e+00;1.00000e+00;7.00000e-02;7.61069e-01;7.12786e-01;Pipeline { map_duplicate(probability=0.10) | map_noise(attribute=avg_Y, percentage=0.05) | filter(avg_Y > 74900.0000) | filter(avg_X > 0.0000) | filter(avg_X < 6410000.0000) };4.52957e-01;1.00000e+00;Pipeline { filter(avg_Y < 32700000.0000) };4.52957e-01;1.00000e+00;Pipeline { filter(avg_X < 67600000.0000) };4.52957e-01;1.00000e+00;Pipeline { filter(avg_Y < 6340000.0000) }
datasets/geolife_60mins.csv;nsga2;3;19;1900;1900;6.67340e+01;100;100;100;1.00000e+00;1.00000e+00;7.00000e-02;7.61069e-01;7.12786e-01;Pipeline { map_duplicate(probability=0.10) | map_noise(attribute=avg_Y, percentage=0.05) | filter(avg_Y > 74900.0000) | filter(avg_X > 0.0000) | filter(avg_X < 6410000.0000) };4.52957e-01;1.00000e+00;Pipeline { filter(avg_Y < 70700000.0000) };4.52957e-01;1.00000e+00;Pipeline { filter(avg_X < 22500000.0000) };4.52957e-01;1.00000e+00;Pipeline { filter(avg_Y < 7350000000.0000) }
datasets/geolife_60mins.csv;nsga2;3;20;2000;2000;7.00800e+01;100;100;100;1.00000e+00;1.00000e+00;8.00000e-02;7.61069e-01;7.12786e-01;Pipeline { map_duplicate(probability=0.10) | map_noise(attribute=avg_Y, percentage=0.05) | filter(avg_Y > 74900.0000) | filter(avg_X > 0.0000) | filter(avg_X < 6410000.0000) };4.52957e-01;1.00000e+00;Pipeline { filter(avg_X < 68100000.0000) };4.52957e-01;1.00000e+00;Pipeline { filter(avg_X < 9300000.0000) };4.52957e-01;1.00000e+00;Pipeline { filter(avg_Y < 41700000.0000) }
datasets/geolife_60mins.csv;nsga2;3;21;2100;2100;7.26930e+01;100;100;100;1.00000e+00;1.00000e+00;1.00000e-01;7.61069e-01;7.12786e-01;Pipeline { map_duplicate(probability=0.10) | map_noise(attribute=avg_Y, percentage=0.05) | filter(avg_Y > 74900.0000) | filter(avg_X > 0.0000) | filter(avg_X < 6410000.0000) };4.52957e-01;1.00000e+00;Pipeline { filter(avg_X < 84000000.0000) };4.52957e-01;1.00000e+00;Pipeline { filter(avg_Y < 21700000.0000) };4.52957e-01;1.00000e+00;Pipeline { filter(avg_X < 39300000.0000) }
datasets/geolife_60mins.csv;nsga2;3;22;2200;2200;7.57190e+01;100;100;100;1.00000e+00;9.90000e-01;1.00000e-01;7.61069e-01;7.12786e-01;Pipeline { map_duplicate(probability=0.10) | map_noise(attribute=avg_Y, percentage=0.05) | filter(avg_Y > 74900.0000) | filter(avg_X > 0.0000) | filter(avg_X < 6410000.0000) };4.52957e-01;1.00000e+00;Pipeline { filter(avg_Y < 67800000.0000) };4.52957e-01;1.00000e+00;Pipeline { filter(avg_X < 384000000.0000) };4.52957e-01;1.00000e+00;Pipeline { filter(avg_Y < 7270000000.0000) }
datasets/geolife_60mins.csv;nsga2;3;23;2300;2300;7.83950e+01;100;100;100;1.00000e+00;1.00000e+00;1.00000e-01;7.61069e-01;7.12786e-01;Pipeline { map_duplicate(probability=0.10) | map_noise(attribute=avg_Y, percentage=0.05) | filter(avg_Y > 74900.0000) | filter(avg_X > 0.0000) | filter(avg_X < 6410000.0000) };4.52957e-01;1.00000e+00;Pipeline { filter(avg_Y < 4230000000.0000) };4.52957e-01;1.00000e+00;Pipeline { filter(avg_Y < 21000000.0000) };4.52957e-01;1.00000e+00;Pipeline { filter(avg_X < 7310000000.0000) }
datasets/geolife_60mins.csv;nsga2;3;24;2400;2400;8.09030e+01;100;100;100;1.00000e+00;1.00000e+00;1.00000e-01;7.61069e-01;7.12786e-01;Pipeline { map_duplicate(probability=0.10) | map_noise(attribute=avg_Y, percentage=0.05) | filter(avg_Y > 74900.0000) | filter(avg_X > 0.0000) | filter(avg_X < 6410000.0000) };4.52957e-01;1.00000e+00;Pipeline { filter(avg_X < 5690000000.0000) };4.52957e-01;1.00000e+00;Pipeline { filter(avg_Y < 918000000.0000) };4.52957e-01;1.00000e+00;Pipeline { filter(avg_X < 5880000000.0000) }
datasets/geolife_60mins.csv;nsga2;3;25;2500;2500;8.35200e+01;100;100;100;1.00000e+00;1.00000e+00;1.00000e-01;7.61069e-01;7.12786e-01;Pipeline { map_duplicate(probability=0.10) | map_noise(attribute=avg_Y, percentage=0.05) | filter(avg_Y > 74900.0000) | filter(avg_X > 0.0000) | filter(avg_X < 6410000.0000) };4.52957e-01;1.00000e+00;Pipeline { filter(avg_X < 52000000.0000) };4.52957e-01;1.00000e+00;Pipeline { filter(avg_Y < 5090000000.0000) };4.52957e-01;1.00000e+00;Pipeline { filter(avg_Y < 45300000.0000) }
datasets/geolife_60mins.csv;nsga2;3;26;2600;2600;8.60850e+01;100;100;100;1.00000e+00;1.00000e+00;1.10000e-01;7.61069e-01;7.12786e-01;Pipeline { map_duplicate(probability=0.10) | map_noise(attribute=avg_Y, percentage=0.05) | filter(avg_Y > 74900.0000) | filter(avg_X > 0.0000) | filter(avg_X < 6410000.0000) };4.52957e-01;1.00000e+00;Pipeline { filter(avg_Y < 82800000.0000) };4.52957e-01;1.00000e+00;Pipeline { filter(avg_Y < 56000000.0000) };4.52957e-01;1.00000e+00;Pipeline { filter(avg_X < 104000000.0000) }
datasets/geolife_60mins.csv;nsga2;3;27;2700;2700;8.88330e+01;100;100;100;1.00000e+00;1.00000e+00;1.20000e-01;7.61069e-01;7.12786e-01;Pipeline { map_duplicate(probability=0.10) | map_noise(attribute=avg_Y, percentage=0.05) | filter(avg_Y > 74900.0000) | filter(avg_X > 0.0000) | filter(avg_X < 6410000.0000) };4.52957e-01;1.00000e+00;Pipeline { filter(avg_X < 80000000.0000) };4.52957e-01;1.00000e+00;Pipeline { filter(avg_Y < 6020000.0000) };4.52957e-01;1.00000e+00;Pipeline { filter(avg_X < 634000000.0000) }
datasets/geolife_60mins.csv;nsga2;3;28;2800;2800;9.21380e+01;100;100;100;1.00000e+00;1.00000e+00;1.20000e-01;7.61069e-01;7.12786e-01;Pipeline { map_duplicate(probability=0.10) | map_noise(attribute=avg_Y, percentage=0.05) | filter(avg_Y > 74900.0000) | filter(avg_X > 0.0000) | filter(avg_X < 6410000.0000) };4.52957e-01;1.00000e+00;Pipeline { filter(avg_X < 734000000.0000) };4.52957e-01;1.00000e+00;Pipeline { filter(avg_X < 14300000.0000) };4.52957e-01;1.00000e+00;Pipeline { filter(avg_Y < 81500000.0000) }
datasets/geolife_60mins.csv;nsga2;3;29;2900;2900;9.50040e+01;100;100;100;1.00000e+00;1.00000e+00;1.30000e-01;7.61069e-01;7.12786e-01;Pipeline { map_duplicate(probability=0.10) | map_noise(attribute=avg_Y, percentage=0.05) | filter(avg_Y > 74900.0000) | filter(avg_X > 0.0000) | filter(avg_X < 6410000.0000) };4.52957e-01;1.00000e+00;Pipeline { filter(avg_X < 5930000.0000) };4.52957e-01;1.00000e+00;Pipeline { filter(avg_X < 3780000000.0000) };4.52957e-01;1.00000e+00;Pipeline { filter(avg_X < 20900000.0000) }
datasets/geolife_60mins.csv;nsga2;3;30;3000;3000;9.77190e+01;100;100;100;1.00000e+00;9.90000e-01;1.30000e-01;7.61069e-01;7.12786e-01;Pipeline { map_duplicate(probability=0.10) | map_noise(attribute=avg_Y, percentage=0.05) | filter(avg_Y > 74900.0000) | filter(avg_X > 0.0000) | filter(avg_X < 6410000.0000) };4.52957e-01;1.00000e+00;Pipeline { filter(avg_Y < 9740000.0000) };4.52957e-01;1.00000e+00;Pipeline { filter(avg_Y < 36000000.0000) };4.52957e-01;1.00000e+00;Pipeline { filter(avg_Y < 737000000.0000) }
datasets/geolife_60mins.csv;nsga2;3;31;3100;3100;1.00408e+02;100;100;100;1.00000e+00;1.00000e+00;1.30000e-01;7.61069e-01;7.12786e-01;Pipeline { map_duplicate(probability=0.10) | map_noise(attribute=avg_Y, percentage=0.05) | filter(avg_Y > 74900.0000) | filter(avg_X > 0.0000) | filter(avg_X < 6410000.0000) };4.52957e-01;1.00000e+00;Pipeline { filter(avg_X < 734000000.0000) };4.52957e-01;1.00000e+00;Pipeline { filter(avg_X < 80000000.0000) };4.52957e-01;1.00000e+00;Pipeline { filter(avg_X < 9240000.0000) }
datasets/geolife_60mins.csv;nsga2;3;32;3200;3200;1.03021e+02;100;100;100;1.00000e+00;1.00000e+00;1.30000e-01;7.61069e-01;7.12786e-01;Pipeline { map_duplicate(probability=0.10) | map_noise(attribute=avg_Y, percentage=0.05) | filter(avg_Y > 74900.0000) | filter(avg_X > 0.0000) | filter(avg_X < 6410000.0000) };4.52957e-01;1.00000e+00;Pipeline { filter(avg_Y < 5900000.0000) };4.52957e-01;1.00000e+00;Pipeline { filter(avg_Y < 60300000.0000) };4.52957e-01;1.00000e+00;Pipeline { filter(avg_X < 707000000.0000) }
datasets/geolife_60mins.csv;nsga2;3;33;3300;3300;1.06094e+02;100;100;100;1.00000e+00;1.00000e+00;1.30000e-01;7.61069e-01;7.12786e-01;Pipeline { map_duplicate(probability=0.10) | map_noise(attribute=avg_Y, percentage=0.05) | filter(avg_Y > 74900.0000) | filter(avg_X > 0.0000) | filter(avg_X < 6410000.0000) };4.52957e-01;1.00000e+00;Pipeline { filter(avg_Y < 83600000.0000) };4.52957e-01;1.00000e+00;Pipeline { filter(avg_X < 14500000.0000) };4.52957e-01;1.00000e+00;Pipeline { filter(avg_Y < 7250000000.0000) }
datasets/geolife_60mins.csv;nsga2;3;34;3400;3400;1.09502e+02;100;100;100;1.00000e+00;1.00000e+00;1.40000e-01;7.61069e-01;7.12786e-01;Pipeline { map_duplicate(probability=0.10) | map_noise(attribute=avg_Y, percentage=0.05) | filter(avg_Y > 74900.0000) | filter(avg_X > 0.0000) | filter(avg_X < 6410000.0000) };4.52957e-01;1.00000e+00;Pipeline { filter(avg_Y < 85300000.0000) };4.52957e-01;1.00000e+00;Pipeline { filter(avg_Y < 5150000.0000) };4.52957e-01;1.00000e+00;Pipeline { filter(avg_X < 29100000.0000) }
datasets/geolife_60mins.csv;nsga2;3;35;3500;3500;1.12003e+02;100;100;100;1.00000e+00;1.00000e+00;1.40000e-01;7.61069e-01;7.12786e-01;Pipeline { map_duplicate(probability=0.10) | map_noise(attribute=avg_Y, percentage=0.05) | filter(avg_Y > 74900.0000) | filter(avg_X > 0.0000) | filter(avg_X < 6410000.0000) };4.52957e-01;1.00000e+00;Pipeline { filter(avg_X < 956000000.0000) };4.52957e-01;1.00000e+00;Pipeline { filter(avg_Y < 8860000.0000) };4.52957e-01;1.00000e+00;Pipeline { filter(avg_X < 3340000000.0000) }
datasets/geolife_60mins.csv;nsga2;3;36;3600;3600;1.14364e+02;100;100;100;1.00000e+00;1.00000e+00;1.40000e-01;7.61069e-01;7.12786e-01;Pipeline { map_duplicate(probability=0.10) | map_noise(attribute=avg_Y, percentage=0.05) | filter(avg_Y > 74900.0000) | filter(avg_X > 0.0000) | filter(avg_X < 6410000.0000) };4.52957e-01;1.00000e+00;Pipeline { filter(avg_Y < 451000000.0000) };4.52957e-01;1.00000e+00;Pipeline { filter(avg_Y < 310000000.0000) };4.52957e-01;1.00000e+00;Pipeline { filter(avg_X < 64000000.0000) }
datasets/geolife_60mins.csv;nsga2;3;37;3700;3700;1.17133e+02;100;100;100;1.00000e+00;1.00000e+00;1.40000e-01;7.61069e-01;7.12786e-01;Pipeline { map_duplicate(probability=0.10) | map_noise(attribute=avg_Y, percentage=0.05) | filter(avg_Y > 74900.0000) | filter(avg_X > 0.0000) | filter(avg_X < 6410000.0000) };4.52957e-01;1.00000e+00;Pipeline { filter(avg_Y < 71800000.0000) };4.52957e-01;1.00000e+00;Pipeline { filter(avg_Y < 21300000.0000) };4.52957e-01;1.00000e+00;Pipeline { filter(avg_X < 47800000.0000) }
datasets/geolife_60mins.csv;nsga2;3;38;3800;3800;1.20137e+02;100;100;100;1.00000e+00;1.00000e+00;1.50000e-01;7.61069e-01;7.12786e-01;Pipeline { map_duplicate(probability=0.10) | map_noise(attribute=avg_Y, percentage=0.05) | filter(avg_Y > 74900.0000) | filter(avg_X > 0.0000) | filter(avg_X < 6410000.0000) };4.52957e-01;1.00000e+00;Pipeline { filter(avg_X < 7550000000.0000) };4.52957e-01;1.00000e+00;Pipeline { filter(avg_Y < 21700000.0000) };4.52957e-01;1.00000e+00;Pipeline { filter(avg_Y < 3440000000.0000) }
datasets/geolife_60mins.csv;nsga2;3;39;3900;3900;1.23133e+02;100;100;100;1.00000e+00;1.00000e+00;1.50000e-01;7.61069e-01;7.12786e-01;Pipeline { map_duplicate(probability=0.10) | map_noise(attribute=avg_Y, percentage=0.05) | filter(avg_Y > 74900.0000) | filter(avg_X > 0.0000) | filter(avg_X < 6410000.0000) };4.52957e-01;1.00000e+00;Pipeline { filter(avg_Y < 34800000.0000) };4.52957e-01;1.00000e+00;Pipeline { filter(avg_X < 816000000.0000) };4.52957e-01;1.00000e+00;Pipeline { filter(avg_Y < 34600000.0000) }
datasets/geolife_60mins.csv;nsga2;3;40;4000;4000;1.25689e+02;100;100;100;1.00000e+00;1.00000e+00;1.50000e-01;7.61069e-01;7.12786e-01;Pipeline { map_duplicate(probability=0.10) | map_noise(attribute=avg_Y, percentage=0.05) | filter(avg_Y > 74900.0000) | filter(avg_X > 0.0000) | filter(avg_X < 6410000.0000) };4.52957e-01;1.00000e+00;Pipeline { filter(avg_Y < 2300000000.0000) };4.52957e-01;1.00000e+00;Pipeline { filter(avg_X < 14400000.0000) };4.52957e-01;1.00000e+00;Pipeline { filter(avg_Y < 423000000.0000) }
datasets/geolife_60mins.csv;nsga2;3;41;4100;4100;1.28486e+02;100;100;100;1.00000e+00;1.00000e+00;1.50000e-01;7.61069e-01;7.12786e-01;Pipeline { map_duplicate(probability=0.10) | map_noise(attribute=avg_Y, percentage=0.05) | filter(avg_Y > 74900.0000) | filter(avg_X > 0.0000) | filter(avg_X < 6410000.0000) };4.52957e-01;1.00000e+00;Pipeline { filter(avg_Y < 26700000.0000) };4.52957e-01;1.00000e+00;Pipeline { filter(avg_X < 338000000.0000) };4.52957e-01;1.00000e+00;Pipeline { filter(avg_Y < 5550000.0000) }
datasets/geolife_60mins.csv;nsga2;3;42;4200;4200;1.31172e+02;100;100;100;1.00000e+00;1.00000e+00;1.50000e-01;7.61069e-01;7.12786e-01;Pipeline { map_duplicate(probability=0.10) | map_noise(attribute=avg_Y, percentage=0.05) | filter(avg_Y > 74900.0000) | filter(avg_X > 0.0000) | filter(avg_X < 6410000.0000) };4.52957e-01;1.00000e+00;Pipeline { filter(avg_Y < 7160000000.0000) };4.52957e-01;1.00000e+00;Pipeline { filter(avg_Y < 7570000.0000) };4.52957e-01;1.00000e+00;Pipeline { filter(avg_Y < 6550000.0000) }
datasets/geolife_60mins.csv;nsga2;3;43;4300;4300;1.33643e+02;100;100;100;1.00000e+00;1.00000e+00;1.50000e-01;7.61069e-01;7.12786e-01;Pipeline { map_duplicate(probability=0.10) | map_noise(attribute=avg_Y, percentage=0.05) | filter(avg_Y > 74900.0000) | filter(avg_X > 0.0000) | filter(avg_X < 6410000.0000) };4.52957e-01;1.00000e+00;Pipeline { filter(avg_Y < 31800000.0000) };4.52957e-01;1.00000e+00;Pipeline { filter(avg_Y < 332000000.0000) };4.52957e-01;1.00000e+00;Pipeline { filter(avg_X < 33600000.0000) }
datasets/geolife_60mins.csv;nsga2;3;44;4400;4400;1.36760e+02;100;100;100;1.00000e+00;1.00000e+00;1.50000e-01;7.61069e-01;7.12786e-01;Pipeline { map_duplicate(probability=0.10) | map_noise(attribute=avg_Y, percentage=0.05) | filter(avg_Y > 74900.0000) | filter(avg_X > 0.0000) | filter(avg_X < 6410000.0000) };4.52957e-01;1.00000e+00;Pipeline { filter(avg_Y < 878000000.0000) };4.52957e-01;1.00000e+00;Pipeline { filter(avg_X < 448000000.0000) };4.52957e-01;1.00000e+00;Pipeline { filter(avg_Y < 1770000000.0000) }
datasets/geolife_60mins.csv;nsga2;3;45;4500;4500;1.39380e+02;100;100;100;1.00000e+00;1.00000e+00;1.50000e-01;7.61069e-01;7.12786e-01;Pipeline { map_duplicate(probability=0.10) | map_noise(attribute=avg_Y, percentage=0.05) | filter(avg_Y > 74900.0000) | filter(avg_X > 0.0000) | filter(avg_X < 6410000.0000) };4.52957e-01;1.00000e+00;Pipeline { filter(avg_Y < 80600000.0000) };4.52957e-01;1.00000e+00;Pipeline { filter(avg_X < 33800000.0000) };4.52957e-01;1.00000e+00;Pipeline { filter(avg_X < 3620000000.0000) }
datasets/geolife_60mins.csv;nsga2;3;46;4600;4600;1.42628e+02;100;100;100;1.00000e+00;1.00000e+00;1.50000e-01;7.61069e-01;7.12786e-01;Pipeline { map_duplicate(probability=0.10) | map_noise(attribute=avg_Y, percentage=0.05) | filter(avg_Y > 74900.0000) | filter(avg_X > 0.0000) | filter(avg_X < 6410000.0000) };4.52957e-01;1.00000e+00;Pipeline { filter(avg_X < 3650000000.0000) };4.52957e-01;1.00000e+00;Pipeline { filter(avg_X < 1140000000.0000) };4.52957e-01;1.00000e+00;Pipeline { filter(avg_X < 534000000.0000) }
datasets/geolife_60mins.csv;nsga2;3;47;4700;4700;1.45277e+02;100;100;100;1.00000e+00;1.00000e+00;1.60000e-01;7.61069e-01;7.12786e-01;Pipeline { map_duplicate(probability=0.10) | map_noise(attribute=avg_Y, percentage=0.05) | filter(avg_Y > 74900.0000) | filter(avg_X > 0.0000) | filter(avg_X < 6410000.0000) };4.52957e-01;1.00000e+00;Pipeline { filter(avg_X < 547000000.0000) };4.52957e-01;1.00000e+00;Pipeline { filter(avg_X < 6750000.0000) };4.52957e-01;1.00000e+00;Pipeline { filter(avg_Y < 1860000000.0000) }
datasets/geolife_60mins.csv;nsga2;3;48;4800;4800;1.47883e+02;100;100;100;1.00000e+00;1.00000e+00;1.40000e-01;7.61069e-01;7.12786e-01;Pipeline { map_duplicate(probability=0.10) | map_noise(attribute=avg_Y, percentage=0.05) | filter(avg_Y > 74900.0000) | filter(avg_X > 0.0000) | filter(avg_X < 6410000.0000) };4.52957e-01;1.00000e+00;Pipeline { filter(avg_X < 696000000.0000) };4.52957e-01;1.00000e+00;Pipeline { filter(avg_Y < 2490000000.0000) };4.52957e-01;1.00000e+00;Pipeline { filter(avg_X < 8580000.0000) }
datasets/geolife_60mins.csv;nsga2;3;49;4900;4900;1.50891e+02;100;100;100;1.00000e+00;1.00000e+00;1.40000e-01;7.61069e-01;7.12786e-01;Pipeline { map_duplicate(probability=0.10) | map_noise(attribute=avg_Y, percentage=0.05) | filter(avg_Y > 74900.0000) | filter(avg_X > 0.0000) | filter(avg_X < 6410000.0000) };4.52957e-01;1.00000e+00;Pipeline { filter(avg_X < 90600000.0000) };4.52957e-01;1.00000e+00;Pipeline { filter(avg_Y < 57200000.0000) };4.52957e-01;1.00000e+00;Pipeline { filter(avg_X < 1350000000.0000) }
datasets/geolife_60mins.csv;nsga2;3;50;5000;5000;1.53850e+02;100;100;100;1.00000e+00;1.00000e+00;1.50000e-01;7.61069e-01;7.12786e-01;Pipeline { map_duplicate(probability=0.10) | map_noise(attribute=avg_Y, percentage=0.05) | filter(avg_Y > 74900.0000) | filter(avg_X > 0.0000) | filter(avg_X < 6410000.0000) };4.52957e-01;1.00000e+00;Pipeline { filter(avg_X < 11300000.0000) };4.52957e-01;1.00000e+00;Pipeline { filter(avg_Y < 9370000.0000) };4.52957e-01;1.00000e+00;Pipeline { filter(avg_Y < 9470000.0000) }
datasets/geolife_60mins.csv;nsga2;4;1;100;100;8.95300e+00;100;3;35;9.50000e-01;9.50000e-01;6.60000e-01;7.31092e-01;8.85427e-01;Pipeline { filter(avg_X > 944.0000) };4.52783e-01;8.87294e-01;Pipeline { map_noise(attribute=avg_Y, percentage=0.01) };3.49276e-01;8.55165e-01;Pipeline { map_duplicate(probability=0.30) };4.13219e-01;7.11671e-01;Pipeline { map_noise(attribute=avg_X, percentage=0.05) | filter(avg_Y > 0.0990) }
datasets/geolife_60mins.csv;nsga2;4;2;200;200;1.91600e+01;100;7;3;9.50000e-01;9.50000e-01;9.60000e-01;7.44285e-01;7.33843e-01;Pipeline { map_noise(attribute=avg_X, percentage=0.25) | filter(avg_X > 0.0000) | filter(avg_Y < 4630000000.0000) };4.12072e-01;9.17573e-01;Pipeline { map_duplicate(probability=0.10) };4.53977e-01;8.05279e-01;Pipeline { map_noise(attribute=avg_X, percentage=0.01) | map_noise(attribute=avg_Y, percentage=0.01) };4.51555e-01;7.79133e-01;Pipeline { map_noise(attribute=avg_Y, percentage=0.10) | filter(avg_Y < 3880000.0000) }
datasets/geolife_60mins.csv;nsga2;4;3;300;300;2.42720e+01;100;17;6;9.50000e-01;9.40000e-01;8.70000e-01;7.64765e-01;7.24579e-01;Pipeline { filter(avg_X > 180000.0000) | map_noise(attribute=avg_Y, percentage=0.25) | map_noise(attribute=avg_X, percentage=0.10) | map_noise(attribute=avg_Y, percentage=0.05) | map_noise(attribute=avg_X, percentage=0.25) | map_noise(attribute=avg_X, percentage=0.05) };4.12072e-01;9.17573e-01;Pipeline { map_duplicate(probability=0.10) };7.29586e-01;8.83946e-01;Pipeline { filter(avg_X > 43500.0000) };7.28881e-01;8.61175e-01;Pipeline { map_duplicate(probability=0.10) | filter(avg_X > 300.0000) | filter(avg_X < 8000000.0000) }
datasets/geolife_60mins.csv;nsga2;4;4;400;400;2.83260e+01;100;35;5;9.70000e-01;9.50000e-01;6.50000e-01;7.79338e-01;7.49474e-01;Pipeline { map_noise(attribute=avg_Y, percentage=0.10) | filter(avg_X > 0.0008) };4.52957e-01;1.00000e+00;Pipeline { filter(avg_Y < 36500000.0000) };7.31092e-01;8.85427e-01;Pipeline { filter(avg_X > 0.9320) };7.31092e-01;8.85427e-01;Pipeline { filter(avg_X > 0.0994) }
datasets/geolife_60mins.csv;nsga2;4;5;500;500;3.17070e+01;100;66;1;9.90000e-01;9.80000e-01;3.80000e-01;7.79338e-01;7.49474e-01;Pipeline { map_noise(attribute=avg_Y, percentage=0.10) | filter(avg_X > 0.0008) };4.52957e-01;1.00000e+00;Pipeline { filter(avg_X < 16400000.0000) };7.31092e-01;8.85427e-01;Pipeline { filter(avg_X > 0.6710) };7.31092e-01;8.85427e-01;Pipeline { filter(avg_X > 0.0000) }
datasets/geolife_60mins.csv;nsga2;4;6;600;600;3.66640e+01;100;100;100;1.00000e+00;1.00000e+00;7.00000e-02;7.79338e-01;7.49474e-01;Pipeline { map_noise(attribute=avg_Y, percentage=0.10) | filter(avg_X > 0.0008) };4.52957e-01;1.00000e+00;Pipeline { filter(avg_X < 16400000.0000) };7.31092e-01;8.85427e-01;Pipeline { filter(avg_X > 0.0000) };7.31092e-01;8.85427e-01;Pipeline { filter(avg_X > 0.0000) }
datasets/geolife_60mins.csv;nsga2;4;7;700;700;3.97050e+01;100;100;100;1.00000e+00;1.00000e+00;6.00000e-02;7.79338e-01;7.49474e-01;Pipeline { map_noise(attribute=avg_Y, percentage=0.10) | filter(avg_X > 0.0008) };4.52957e-01;1.00000e+00;Pipeline { filter(avg_X < 16400000.0000) };7.31092e-01;8.85427e-01;Pipeline { filter(avg_X > 0.0001) };7.31092e-01;8.85427e-01;Pipeline { filter(avg_X > 0.0001) }
datasets/geolife_60mins.csv;nsga2;4;8;800;800;4.22940e+01;100;100;100;1.00000e+00;1.00000e+00;6.00000e-02;7.79338e-01;7.49474e-01;Pipeline { map_noise(attribute=avg_Y, percentage=0.10) | filter(avg_X > 0.0008) };4.52957e-01;1.00000e+00;Pipeline { filter(avg_X < 16400000.0000) };7.31092e-01;8.85427e-01;Pipeline { filter(avg_X > 2.5100) };7.31092e-01;8.85427e-01;Pipeline { filter(avg_X > 2.5100) }
datasets/geolife_60mins.csv;nsga2;4;9;900;900;4.53500e+01;100;100;100;1.00000e+00;1.00000e+00;7.00000e-02;7.79338e-01;7.49474e-01;Pipeline { map_noise(attribute=avg_Y, percentage=0.10) | filter(avg_X > 0.0008) };4.52957e-01;1.00000e+00;Pipeline { filter(avg_X < 16400000.0000) };7.31092e-01;8.85427e-01;Pipeline { filter(avg_X > 9.9400) };7.31092e-01;8.85427e-01;Pipeline { filter(avg_X > 0.0991) }
datasets/geolife_60mins.csv;nsga2;4;10;1000;1000;4.81510e+01;100;100;100;1.00000e+00;9.90000e-01;7.00000e-02;7.79338e-01;7.49474e-01;Pipeline { map_noise(attribute=avg_Y, percentage=0.10) | filter(avg_X > 0.0008) };4.52957e-01;1.00000e+00;Pipeline { filter(avg_X < 16400000.0000) };7.31092e-01;8.85427e-01;Pipeline { filter(avg_X > 0.6510) };7.31092e-01;8.85427e-01;Pipeline { filter(avg_X > 0.0255) }
datasets/geolife_60mins.csv;nsga2;4;11;1100;1100;5.11220e+01;100;100;100;1.00000e+00;1.00000e+00;7.00000e-02;7.79338e-01;7.49474e-01;Pipeline { map_noise(attribute=avg_Y, percentage=0.10) | filter(avg_X > 0.0008) };4.52957e-01;1.00000e+00;Pipeline { filter(avg_X < 16400000.0000) };7.31092e-01;8.85427e-01;Pipeline { filter(avg_X > 0.0000) };7.31092e-01;8.85427e-01;Pipeline { filter(avg_X > 0.3410) }
datasets/geolife_60mins.csv;nsga2;4;12;1200;1200;5.40950e+01;100;100;100;1.00000e+00;9.90000e-01;7.00000e-02;7.79338e-01;7.49474e-01;Pipeline { map_noise(attribute=avg_Y, percentage=0.10) | filter(avg_X > 0.0008) };4.52957e-01;1.00000e+00;Pipeline { filter(avg_X < 16400000.0000) };7.31092e-01;8.85427e-01;Pipeline { filter(avg_X > 0.1850) };7.31092e-01;8.85427e-01;Pipeline { filter(avg_X > 0.0001) }
datasets/geolife_60mins.csv;nsga2;4;13;1300;1300;5.76660e+01;100;100;100;1.00000e+00;9.90000e-01;7.00000e-02;7.79338e-01;7.49474e-01;Pipeline { map_noise(attribute=avg_Y, percentage=0.10) | filter(avg_X > 0.0008) };4.52957e-01;1.00000e+00;Pipeline { filter(avg_X < 16400000.0000) };7.31092e-01;8.85427e-01;Pipeline { filter(avg_X > 0.0000) };7.31092e-01;8.85427e-01;Pipeline { filter(avg_X > 0.0000) }
datasets/geolife_60mins.csv;nsga2;4;14;1400;1400;6.06890e+01;100;100;100;1.00000e+00;9.90000e-01;7.00000e-02;7.79338e-01;7.49474e-01;Pipeline { map_noise(attribute=avg_Y, percentage=0.10) | filter(avg_X > 0.0008) };4.52957e-01;1.00000e+00;Pipeline { filter(avg_X < 16400000.0000) };7.31092e-01;8.85427e-01;Pipeline { filter(avg_X > 3.4600) };7.31092e-01;8.85427e-01;Pipeline { filter(avg_X > 0.0000) }
datasets/geolife_60mins.csv;nsga2;4;15;1500;1500;6.36270e+01;100;100;100;1.00000e+00;1.00000e+00;7.00000e-02;7.79338e-01;7.49474e-01;Pipeline { map_noise(attribute=avg_Y, percentage=0.10) | filter(avg_X > 0.0008) };4.52957e-01;1.00000e+00;Pipeline { filter(avg_Y < 155000000.0000) };7.31092e-01;8.85427e-01;Pipeline { filter(avg_X > 770.0000) };7.31092e-01;8.85427e-01;Pipeline { filter(avg_X > 0.0001) }
datasets/geolife_60mins.csv;nsga2;4;16;1600;1600;6.70380e+01;100;100;100;1.00000e+00;1.00000e+00;7.00000e-02;7.79338e-01;7.49474e-01;Pipeline { map_noise(attribute=avg_Y, percentage=0.10) | filter(avg_X > 0.0008) };4.52957e-01;1.00000e+00;Pipeline { filter(avg_Y < 155000000.0000) };7.31092e-01;8.85427e-01;Pipeline { filter(avg_X > 7.6900) };7.31092e-01;8.85427e-01;Pipeline { filter(avg_X > 0.0000) }
datasets/geolife_60mins.csv;nsga2;4;17;1700;1700;7.01050e+01;100;100;100;1.00000e+00;9.80000e-01;7.00000e-02;7.79338e-01;7.49474e-01;Pipeline { map_noise(attribute=avg_Y, percentage=0.10) | filter(avg_X > 0.0008) };4.52957e-01;1.00000e+00;Pipeline { filter(avg_Y < 155000000.0000) };7.31092e-01;8.85427e-01;Pipeline { filter(avg_X > 0.0002) };7.31092e-01;8.85427e-01;Pipeline { filter(avg_X > 0.0650) }
datasets/geolife_60mins.csv;nsga2;4;18;1800;1800;7.35080e+01;100;100;100;1.00000e+00;9.80000e-01;7.00000e-02;7.79338e-01;7.49474e-01;Pipeline { map_noise(attribute=avg_Y, percentage=0.10) | filter(avg_X > 0.0008) };4.52957e-01;1.00000e+00;Pipeline { filter(avg_Y < 155000000.0000) };7.31092e-01;8.85427e-01;Pipeline { filter(avg_X > 0.0000) };7.31092e-01;8.85427e-01;Pipeline { filter(avg_X > 4.0300) }
datasets/geolife_60mins.csv;nsga2;4;19;1900;1900;7.69360e+01;100;100;100;1.00000e+00;9.90000e-01;7.00000e-02;7.79338e-01;7.49474e-01;Pipeline { map_noise(attribute=avg_Y, percentage=0.10) | filter(avg_X > 0.0008) };4.52957e-01;1.00000e+00;Pipeline { filter(avg_Y < 155000000.0000) };7.31092e-01;8.85427e-01;Pipeline { filter(avg_X > 0.0008) };7.31092e-01;8.85427e-01;Pipeline { filter(avg_X > 0.0000) }
datasets/geolife_60mins.csv;nsga2;4;20;2000;2000;8.06640e+01;100;100;100;1.00000e+00;1.00000e+00;7.00000e-02;7.79338e-01;7.49474e-01;Pipeline { map_noise(attribute=avg_Y, percentage=0.10) | filter(avg_X > 0.0008) };4.52957e-01;1.00000e+00;Pipeline { filter(avg_Y < 155000000.0000) };7.31092e-01;8.85427e-01;Pipeline { filter(avg_X > 0.0255) };7.31092e-01;8.85427e-01;Pipeline { filter(avg_X > 0.0652) }
datasets/geolife_60mins.csv;nsga2;4;21;2100;2100;8.35270e+01;100;100;100;1.00000e+00;1.00000e+00;7.00000e-02;7.79338e-01;7.49474e-01;Pipeline { map_noise(attribute=avg_Y, percentage=0.10) | filter(avg_X > 0.0008) };4.52957e-01;1.00000e+00;Pipeline { filter(avg_Y < 155000000.0000) };7.31092e-01;8.85427e-01;Pipeline { filter(avg_X > 0.0000) };7.31092e-01;8.85427e-01;Pipeline { filter(avg_X > 0.0001) }
datasets/geolife_60mins.csv;nsga2;4;22;2200;2200;8.64300e+01;100;100;100;1.00000e+00;1.00000e+00;7.00000e-02;7.79338e-01;7.49474e-01;Pipeline { map_noise(attribute=avg_Y, percentage=0.10) | filter(avg_X > 0.0008) };4.52957e-01;1.00000e+00;Pipeline { filter(avg_Y < 155000000.0000) };7.31092e-01;8.85427e-01;Pipeline { filter(avg_X > 6.0900) };7.31092e-01;8.85427e-01;Pipeline { filter(avg_X > 0.0000) }
datasets/geolife_60mins.csv;nsga2;4;23;2300;2300;8.90340e+01;100;100;100;1.00000e+00;1.00000e+00;7.00000e-02;7.79338e-01;7.49474e-01;Pipeline { map_noise(attribute=avg_Y, percentage=0.10) | filter(avg_X > 0.0008) };4.52957e-01;1.00000e+00;Pipeline { filter(avg_Y < 4090000000.0000) };7.31092e-01;8.85427e-01;Pipeline { filter(avg_X > 3.7700) };7.31092e-01;8.85427e-01;Pipeline { filter(avg_X > 0.0002) }
datasets/geolife_60mins.csv;nsga2;4;24;2400;2400;9.23380e+01;100;100;100;1.00000e+00;1.00000e+00;8.00000e-02;7.79338e-01;7.49474e-01;Pipeline { map_noise(attribute=avg_Y, percentage=0.10) | filter(avg_X > 0.0008) };4.52957e-01;1.00000e+00;Pipeline { filter(avg_Y < 4090000000.0000) };7.31092e-01;8.85427e-01;Pipeline { filter(avg_X > 0.0005) };7.31092e-01;8.85427e-01;Pipeline { filter(avg_X > 0.0000) }
datasets/geolife_60mins.csv;nsga2;4;25;2500;2500;9.54070e+01;100;100;100;1.00000e+00;9.80000e-01;8.00000e-02;7.79338e-01;7.49474e-01;Pipeline { map_noise(attribute=avg_Y, percentage=0.10) | filter(avg_X > 0.0008) };4.52957e-01;1.00000e+00;Pipeline { filter(avg_Y < 12400000.0000) };7.31092e-01;8.85427e-01;Pipeline { filter(avg_X > 3.4000) };7.31092e-01;8.85427e-01;Pipeline { filter(avg_X > 0.0000) }
datasets/geolife_60mins.csv;nsga2;4;26;2600;2600;9.88400e+01;100;100;100;1.00000e+00;9.80000e-01;8.00000e-02;7.79338e-01;7.49474e-01;Pipeline { map_noise(attribute=avg_Y, percentage=0.10) | filter(avg_X > 0.0008) };4.52957e-01;1.00000e+00;Pipeline { filter(avg_Y < 12400000.0000) };7.31092e-01;8.85427e-01;Pipeline { filter(avg_X > 0.0000) };7.31092e-01;8.85427e-01;Pipeline { filter(avg_X > 0.1800) }
datasets/geolife_60mins.csv;nsga2;4;27;2700;2700;1.02373e+02;100;100;100;1.00000e+00;9.90000e-01;8.00000e-02;7.79338e-01;7.49474e-01;Pipeline { map_noise(attribute=avg_Y, percentage=0.10) | filter(avg_X > 0.0008) };4.52957e-01;1.00000e+00;Pipeline { filter(avg_Y < 12400000.0000) };7.31092e-01;8.85427e-01;Pipeline { filter(avg_X > 330.0000) };7.31092e-01;8.85427e-01;Pipeline { filter(avg_X > 5.7600) }
datasets/geolife_60mins.csv;nsga2;4;28;2800;2800;1.05556e+02;100;100;100;1.00000e+00;9.80000e-01;9.00000e-02;7.79338e-01;7.49474e-01;Pipeline { map_noise(attribute=avg_Y, percentage=0.10) | filter(avg_X > 0.0008) };4.52957e-01;1.00000e+00;Pipeline { filter(avg_Y < 12400000.0000) };7.31092e-01;8.85427e-01;Pipeline { filter(avg_X > 0.0000) };7.31092e-01;8.85427e-01;Pipeline { filter(avg_X > 0.4490) }
datasets/geolife_60mins.csv;nsga2;4;29;2900;2900;1.08227e+02;100;100;100;1.00000e+00;9.90000e-01;9.00000e-02;7.79338e-01;7.49474e-01;Pipeline { map_noise(attribute=avg_Y, percentage=0.10) | filter(avg_X > 0.0008) };4.52957e-01;1.00000e+00;Pipeline { filter(avg_Y < 12400000.0000) };7.31092e-01;8.85427e-01;Pipeline { filter(avg_X > 3.2600) };7.31092e-01;8.85427e-01;Pipeline { filter(avg_X > 0.0000) }
datasets/geolife_60mins.csv;nsga2;4;30;3000;3000;1.11418e+02;100;100;100;1.00000e+00;1.00000e+00;1.00000e-01;7.79338e-01;7.49474e-01;Pipeline { map_noise(attribute=avg_Y, percentage=0.10) | filter(avg_X > 0.0008) };4.52957e-01;1.00000e+00;Pipeline { filter(avg_Y < 12400000.0000) };7.31092e-01;8.85427e-01;Pipeline { filter(avg_X > 31.0000) };7.31092e-01;8.85427e-01;Pipeline { filter(avg_X > 0.0000) }
datasets/geolife_60mins.csv;nsga2;4;31;3100;3100;1.14575e+02;100;100;100;1.00000e+00;1.00000e+00;1.00000e-01;7.79338e-01;7.49474e-01;Pipeline { map_noise(attribute=avg_Y, percentage=0.10) | filter(avg_X > 0.0008) };4.52957e-01;1.00000e+00;Pipeline { filter(avg_Y < 12400000.0000) };7.31092e-01;8.85427e-01;Pipeline { filter(avg_X > 0.0043) };7.31092e-01;8.85427e-01;Pipeline { filter(avg_X > 0.0000) }
datasets/geolife_60mins.csv;nsga2;4;32;3200;3200;1.17204e+02;100;100;100;1.00000e+00;1.00000e+00;1.00000e-01;7.79338e-01;7.49474e-01;Pipeline { map_noise(attribute=avg_Y, percentage=0.10) | filter(avg_X > 0.0008) };4.52957e-01;1.00000e+00;Pipeline { filter(avg_Y < 634000000.0000) };7.31092e-01;8.85427e-01;Pipeline { filter(avg_X > 0.0010) };7.31092e-01;8.85427e-01;Pipeline { filter(avg_X > 0.1530) }
datasets/geolife_60mins.csv;nsga2;4;33;3300;3300;1.20345e+02;100;100;100;1.00000e+00;1.00000e+00;1.00000e-01;7.79338e-01;7.49474e-01;Pipeline { map_noise(attribute=avg_Y, percentage=0.10) | filter(avg_X > 0.0008) };4.52957e-01;1.00000e+00;Pipeline { filter(avg_Y < 634000000.0000) };7.31092e-01;8.85427e-01;Pipeline { filter(avg_X > 0.0000) };7.31092e-01;8.85427e-01;Pipeline { filter(avg_X > 0.7030) }
datasets/geolife_60mins.csv;nsga2;4;34;3400;3400;1.24139e+02;100;100;100;1.00000e+00;9.90000e-01;1.10000e-01;7.79338e-01;7.49474e-01;Pipeline { map_noise(attribute=avg_Y, percentage=0.10) | filter(avg_X > 0.0008) };4.52957e-01;1.00000e+00;Pipeline { filter(avg_Y < 634000000.0000) };7.31092e-01;8.85427e-01;Pipeline { filter(avg_X > 1.5000) };7.31092e-01;8.85427e-01;Pipeline { filter(avg_X > 0.0048) }
datasets/geolife_60mins.csv;nsga2;4;35;3500;3500;1.26631e+02;100;100;100;1.00000e+00;1.00000e+00;1.20000e-01;7.79338e-01;7.49474e-01;Pipeline { map_noise(attribute=avg_Y, percentage=0.10) | filter(avg_X > 0.0008) };4.52957e-01;1.00000e+00;Pipeline { filter(avg_Y < 634000000.0000) };7.31092e-01;8.85427e-01;Pipeline { filter(avg_X > 0.0000) };7.31092e-01;8.85427e-01;Pipeline { filter(avg_X > 0.0003) }
datasets/geolife_60mins.csv;nsga2;4;36;3600;3600;1.29685e+02;100;100;100;1.00000e+00;1.00000e+00;1.20000e-01;7.79338e-01;7.49474e-01;Pipeline { map_noise(attribute=avg_Y, percentage=0.10) | filter(avg_X > 0.0008) };4.52957e-01;1.00000e+00;Pipeline { filter(avg_Y < 634000000.0000) };7.31092e-01;8.85427e-01;Pipeline { filter(avg_X > 0.0023) };7.31092e-01;8.85427e-01;Pipeline { filter(avg_X > 19.4000) }
datasets/geolife_60mins.csv;nsga2;4;37;3700;3700;1.32462e+02;100;100;100;1.00000e+00;1.00000e+00;1.20000e-01;7.79338e-01;7.49474e-01;Pipeline { map_noise(attribute=avg_Y, percentage=0.10) | filter(avg_X > 0.0008) };4.52957e-01;1.00000e+00;Pipeline { filter(avg_Y < 634000000.0000) };7.31092e-01;8.85427e-01;Pipeline { filter(avg_X > 0.0033) };7.31092e-01;8.85427e-01;Pipeline { filter(avg_X > 57.0000) }
datasets/geolife_60mins.csv;nsga2;4;38;3800;3800;1.35938e+02;100;100;100;1.00000e+00;9.90000e-01;1.20000e-01;7.79338e-01;7.49474e-01;Pipeline { map_noise(attribute=avg_Y, percentage=0.10) | filter(avg_X > 0.0008) };4.52957e-01;1.00000e+00;Pipeline { filter(avg_Y < 634000000.0000) };7.31092e-01;8.85427e-01;Pipeline { filter(avg_X > 39.0000) };7.31092e-01;8.85427e-01;Pipeline { filter(avg_X > 3170.0000) }
datasets/geolife_60mins.csv;nsga2;4;39;3900;3900;1.39215e+02;100;100;100;1.00000e+00;1.00000e+00;1.20000e-01;7.79338e-01;7.49474e-01;Pipeline { map_noise(attribute=avg_Y, percentage=0.10) | filter(avg_X > 0.0008) };4.52957e-01;1.00000e+00;Pipeline { filter(avg_Y < 8660000000.0000) };7.31092e-01;8.85427e-01;Pipeline { filter(avg_X > 0.0529) };7.31092e-01;8.85427e-01;Pipeline { filter(avg_X > 6.2600) }
datasets/geolife_60mins.csv;nsga2;4;40;4000;4000;1.42209e+02;100;100;100;1.00000e+00;1.00000e+00;1.20000e-01;7.79338e-01;7.49474e-01;Pipeline { map_noise(attribute=avg_Y, percentage=0.10) | filter(avg_X > 0.0008) };4.52957e-01;1.00000e+00;Pipeline { filter(avg_Y < 8660000000.0000) };7.31092e-01;8.85427e-01;Pipeline { filter(avg_X > 0.0061) };7.31092e-01;8.85427e-01;Pipeline { filter(avg_X > 3160.0000) }
datasets/geolife_60mins.csv;nsga2;4;41;4100;4100;1.45718e+02;100;100;100;1.00000e+00;1.00000e+00;1.20000e-01;7.79338e-01;7.49474e-01;Pipeline { map_noise(attribute=avg_Y, percentage=0.10) | filter(avg_X > 0.0008) };4.52957e-01;1.00000e+00;Pipeline { filter(avg_Y < 8660000000.0000) };7.31092e-01;8.85427e-01;Pipeline { filter(avg_X > 0.0000) };7.31092e-01;8.85427e-01;Pipeline { filter(avg_X > 0.0000) }
datasets/geolife_60mins.csv;nsga2;4;42;4200;4200;1.48449e+02;100;100;100;1.00000e+00;1.00000e+00;1.20000e-01;7.99514e-01;7.49919e-01;Pipeline { map_noise(attribute=avg_Y, percentage=0.10) | filter(avg_X > 0.0007) };4.52957e-01;1.00000e+00;Pipeline { filter(avg_Y < 8660000000.0000) };7.31092e-01;8.85427e-01;Pipeline { filter(avg_X > 0.0000) };7.31092e-01;8.85427e-01;Pipeline { filter(avg_X > 0.0934) }
datasets/geolife_60mins.csv;nsga2;4;43;4300;4300;1.51662e+02;100;100;100;1.00000e+00;1.00000e+00;1.20000e-01;7.99514e-01;7.49919e-01;Pipeline { map_noise(attribute=avg_Y, percentage=0.10) | filter(avg_X > 0.0007) };4.52957e-01;1.00000e+00;Pipeline { filter(avg_Y < 8660000000.0000) };7.31092e-01;8.85427e-01;Pipeline { filter(avg_X > 0.0904) };7.31092e-01;8.85427e-01;Pipeline { filter(avg_X > 0.0000) }
datasets/geolife_60mins.csv;nsga2;4;44;4400;4400;1.55224e+02;100;100;100;1.00000e+00;9.90000e-01;1.30000e-01;7.99514e-01;7.49919e-01;Pipeline { map_noise(attribute=avg_Y, percentage=0.10) | filter(avg_X > 0.0007) };4.52957e-01;1.00000e+00;Pipeline { filter(avg_Y < 8660000000.0000) };7.31092e-01;8.85427e-01;Pipeline { filter(avg_X > 0.0406) };7.31092e-01;8.85427e-01;Pipeline { filter(avg_X > 92.7000) }
datasets/geolife_60mins.csv;nsga2;4;45;4500;4500;1.57858e+02;100;100;100;1.00000e+00;9.90000e-01;1.30000e-01;7.99514e-01;7.49919e-01;Pipeline { map_noise(attribute=avg_Y, percentage=0.10) | filter(avg_X > 0.0007) };4.52957e-01;1.00000e+00;Pipeline { filter(avg_Y < 8660000000.0000) };7.31092e-01;8.85427e-01;Pipeline { filter(avg_X > 0.0092) };7.31092e-01;8.85427e-01;Pipeline { filter(avg_X > 0.0000) }
datasets/geolife_60mins.csv;nsga2;4;46;4600;4600;1.60662e+02;100;100;100;1.00000e+00;1.00000e+00;1.30000e-01;7.99514e-01;7.49919e-01;Pipeline { map_noise(attribute=avg_Y, percentage=0.10) | filter(avg_X > 0.0007) };4.52957e-01;1.00000e+00;Pipeline { filter(avg_Y < 8660000000.0000) };7.31092e-01;8.85427e-01;Pipeline { filter(avg_X > 398.0000) };7.31092e-01;8.85427e-01;Pipeline { filter(avg_X > 0.0000) }
datasets/geolife_60mins.csv;nsga2;4;47;4700;4700;1.63498e+02;100;100;100;1.00000e+00;9.90000e-01;1.30000e-01;7.99514e-01;7.49919e-01;Pipeline { map_noise(attribute=avg_Y, percentage=0.10) | filter(avg_X > 0.0007) };4.52957e-01;1.00000e+00;Pipeline { filter(avg_Y < 8660000000.0000) };7.31092e-01;8.85427e-01;Pipeline { filter(avg_X > 0.0000) };7.31092e-01;8.85427e-01;Pipeline { filter(avg_X > 0.0000) }
datasets/geolife_60mins.csv;nsga2;4;48;4800;4800;1.66606e+02;100;100;100;1.00000e+00;1.00000e+00;1.30000e-01;7.99514e-01;7.49919e-01;Pipeline { map_noise(attribute=avg_Y, percentage=0.10) | filter(avg_X > 0.0007) };4.52957e-01;1.00000e+00;Pipeline { filter(avg_X < 5030000000.0000) };7.31092e-01;8.85427e-01;Pipeline { filter(avg_X > 0.0016) };7.31092e-01;8.85427e-01;Pipeline { filter(avg_X > 0.0092) }
datasets/geolife_60mins.csv;nsga2;4;49;4900;4900;1.69499e+02;100;100;100;1.00000e+00;1.00000e+00;1.30000e-01;7.99514e-01;7.49919e-01;Pipeline { map_noise(attribute=avg_Y, percentage=0.10) | filter(avg_X > 0.0007) };4.52957e-01;1.00000e+00;Pipeline { filter(avg_X < 5030000000.0000) };7.31092e-01;8.85427e-01;Pipeline { filter(avg_X > 6.6500) };7.31092e-01;8.85427e-01;Pipeline { filter(avg_X > 1060.0000) }
datasets/geolife_60mins.csv;nsga2;4;50;5000;5000;1.72453e+02;100;100;100;1.00000e+00;1.00000e+00;1.30000e-01;7.99514e-01;7.49919e-01;Pipeline { map_noise(attribute=avg_Y, percentage=0.10) | filter(avg_X > 0.0007) };4.52957e-01;1.00000e+00;Pipeline { filter(avg_X < 5030000000.0000) };7.31092e-01;8.85427e-01;Pipeline { filter(avg_X > 0.0000) };7.31092e-01;8.85427e-01;Pipeline { filter(avg_X > 0.0000) }
datasets/geolife_60mins.csv;nsga2;5;1;100;100;7.74400e+00;100;4;33;9.30000e-01;9.30000e-01;6.80000e-01;7.06875e-01;7.40389e-01;Pipeline { map_noise(attribute=avg_Y, percentage=0.25) | filter(avg_X > 0.0880) };4.52957e-01;1.00000e+00;Pipeline { filter(avg_X < 52700000.0000) };3.77415e-01;8.81661e-01;Pipeline { map_duplicate(probability=0.20) };2.26479e-01;7.13554e-01;Pipeline { map_duplicate(probability=1.00) }
datasets/geolife_60mins.csv;nsga2;5;2;200;200;1.89570e+01;100;3;3;9.30000e-01;9.30000e-01;9.70000e-01;7.29145e-01;8.61213e-01;Pipeline { filter(avg_X > 2350.0000) | map_duplicate(probability=0.10) };4.52957e-01;1.00000e+00;Pipeline { filter(avg_X < 52700000.0000) };4.52540e-01;8.19165e-01;Pipeline { map_noise(attribute=avg_X, percentage=0.01) };2.83275e-01;7.87331e-01;Pipeline { map_duplicate(probability=0.60) }
datasets/geolife_60mins.csv;nsga2;5;3;300;300;2.46560e+01;100;5;1;9.40000e-01;9.40000e-01;9.20000e-01;8.14331e-01;8.24012e-01;Pipeline { map_noise(attribute=avg_Y, percentage=0.01) | filter(avg_X < 810000.0000) | filter(avg_X > 3.0500) | filter(avg_Y < 719000000.0000) };4.52957e-01;1.00000e+00;Pipeline { filter(avg_X < 52700000.0000) };5.72456e-01;8.00613e-01;Pipeline { filter(avg_X > 2350.0000) | map_duplicate(probability=0.40) };4.53260e-01;8.19730e-01;Pipeline { map_noise(attribute=avg_X, percentage=0.01) }
datasets/geolife_60mins.csv;nsga2;5;4;400;400;2.86340e+01;100;10;8;9.70000e-01;9.70000e-01;8.10000e-01;8.14331e-01;8.24012e-01;Pipeline { map_noise(attribute=avg_Y, percentage=0.01) | filter(avg_X < 810000.0000) | filter(avg_X > 3.0500) | filter(avg_Y < 719000000.0000) };4.52957e-01;1.00000e+00;Pipeline { filter(avg_Y < 278000000.0000) };7.26287e-01;7.33883e-01;Pipeline { map_noise(attribute=avg_X, percentage=0.25) | filter(avg_X > 0.0881) };7.27655e-01;8.59386e-01;Pipeline { filter(avg_X > 23.5000) | map_duplicate(probability=0.10) }
datasets/geolife_60mins.csv;nsga2;5;5;500;500;3.20480e+01;100;24;27;9.90000e-01;9.90000e-01;6.10000e-01;8.14331e-01;8.24012e-01;Pipeline { map_noise(attribute=avg_Y, percentage=0.01) | filter(avg_X < 810000.0000) | filter(avg_X > 3.0500) | filter(avg_Y < 719000000.0000) };4.52957e-01;1.00000e+00;Pipeline { filter(avg_X < 7160000000.0000) };7.30745e-01;7.32909e-01;Pipeline { map_noise(attribute=avg_Y, percentage=0.10) | filter(avg_X > 0.0907) | map_noise(attribute=avg_X, percentage=0.05) | map_noise(attribute=avg_X, percentage=0.01) | map_noise(attribute=avg_Y, percentage=0.05) };7.31092e-01;8.85427e-01;Pipeline { filter(avg_X > 0.7730) }
datasets/geolife_60mins.csv;nsga2;5;6;600;600;3.52650e+01;100;49;8;1.00000e+00;1.00000e+00;5.50000e-01;8.14331e-01;8.24012e-01;Pipeline { map_noise(attribute=avg_Y, percentage=0.01) | filter(avg_X < 810000.0000) | filter(avg_X > 3.0500) | filter(avg_Y < 719000000.0000) };4.52957e-01;1.00000e+00;Pipeline { filter(avg_Y < 922000000.0000) };7.31092e-01;8.85427e-01;Pipeline { filter(avg_X > 100.0000) };4.12431e-01;9.18029e-01;Pipeline { filter(avg_Y < 7420000000.0000) | map_duplicate(probability=0.10) }
datasets/geolife_60mins.csv;nsga2;5;7;700;700;3.82620e+01;100;80;4;1.00000e+00;9.90000e-01;2.30000e-01;8.14331e-01;8.24012e-01;Pipeline { map_noise(attribute=avg_Y, percentage=0.01) | filter(avg_X < 810000.0000) | filter(avg_X > 3.0500) | filter(avg_Y < 719000000.0000) };4.52957e-01;1.00000e+00;Pipeline { filter(avg_X < 52700000.0000) };7.31092e-01;8.85427e-01;Pipeline { filter(avg_X > 0.0000) };4.52957e-01;1.00000e+00;Pipeline { filter(avg_X < 8110000.0000) }
datasets/geolife_60mins.csv;nsga2;5;8;800;800;4.09460e+01;100;100;100;1.00000e+00;9.90000e-01;5.00000e-02;8.14331e-01;8.24012e-01;Pipeline { map_noise(attribute=avg_Y, percentage=0.01) | filter(avg_X < 810000.0000) | filter(avg_X > 3.0500) | filter(avg_Y < 719000000.0000) };4.52957e-01;1.00000e+00;Pipeline { filter(avg_X < 57700000.0000) };7.31092e-01;8.85427e-01;Pipeline { filter(avg_X > 0.0473) };4.52957e-01;1.00000e+00;Pipeline { filter(avg_Y < 515000000.0000) }
datasets/geolife_60mins.csv;nsga2;5;9;900;900;4.39070e+01;100;100;100;1.00000e+00;1.00000e+00;5.00000e-02;8.14331e-01;8.24012e-01;Pipeline { map_noise(attribute=avg_Y, percentage=0.01) | filter(avg_X < 810000.0000) | filter(avg_X > 3.0500) | filter(avg_Y < 719000000.0000) };4.52957e-01;1.00000e+00;Pipeline { filter(avg_X < 1160000000.0000) };4.52957e-01;1.00000e+00;Pipeline { filter(avg_X < 6850000000.0000) };4.52957e-01;1.00000e+00;Pipeline { filter(avg_Y < 922000000.0000) }
datasets/geolife_60mins.csv;nsga2;5;10;1000;1000;4.71970e+01;100;100;100;1.00000e+00;1.00000e+00;5.00000e-02;8.14331e-01;8.24012e-01;Pipeline { map_noise(attribute=avg_Y, percentage=0.01) | filter(avg_X < 810000.0000) | filter(avg_X > 3.0500) | filter(avg_Y < 719000000.0000) };4.52957e-01;1.00000e+00;Pipeline { filter(avg_X < 306000000.0000) };4.52957e-01;1.00000e+00;Pipeline { filter(avg_X < 148000000.0000) };4.52957e-01;1.00000e+00;Pipeline { filter(avg_Y < 550000000.0000) }
datasets/geolife_60mins.csv;nsga2;5;11;1100;1100;4.97950e+01;100;100;100;1.00000e+00;1.00000e+00;5.00000e-02;8.14331e-01;8.24012e-01;Pipeline { map_noise(attribute=avg_Y, percentage=0.01) | filter(avg_X < 810000.0000) | filter(avg_X > 3.0500) | filter(avg_Y < 719000000.0000) };4.52957e-01;1.00000e+00;Pipeline { filter(avg_X < 819000000.0000) };4.52957e-01;1.00000e+00;Pipeline { filter(avg_X < 252000000.0000) };4.52957e-01;1.00000e+00;Pipeline { filter(avg_X < 238000000.0000) }
datasets/geolife_60mins.csv;nsga2;5;12;1200;1200;5.26850e+01;100;100;100;1.00000e+00;1.00000e+00;5.00000e-02;8.14331e-01;8.24012e-01;Pipeline { map_noise(attribute=avg_Y, percentage=0.01) | filter(avg_X < 810000.0000) | filter(avg_X > 3.0500) | filter(avg_Y < 719000000.0000) };4.52957e-01;1.00000e+00;Pipeline { filter(avg_X < 919000000.0000) };4.52957e-01;1.00000e+00;Pipeline { filter(avg_X < 4620000000.0000) };4.52957e-01;1.00000e+00;Pipeline { filter(avg_Y < 3190000000.0000) }
datasets/geolife_60mins.csv;nsga2;5;13;1300;1300;5.52440e+01;100;100;100;1.00000e+00;1.00000e+00;5.00000e-02;8.14331e-01;8.24012e-01;Pipeline { map_noise(attribute=avg_Y, percentage=0.01) | filter(avg_X < 810000.0000) | filter(avg_X > 3.0500) | filter(avg_Y < 719000000.0000) };4.52957e-01;1.00000e+00;Pipeline { filter(avg_X < 18800000.0000) };4.52957e-01;1.00000e+00;Pipeline { filter(avg_Y < 1160000000.0000) };4.52957e-01;1.00000e+00;Pipeline { filter(avg_X < 8650000.0000) }
datasets/geolife_60mins.csv;nsga2;5;14;1400;1400;5.83250e+01;100;100;100;1.00000e+00;1.00000e+00;5.00000e-02;8.14331e-01;8.24012e-01;Pipeline { map_noise(attribute=avg_Y, percentage=0.01) | filter(avg_X < 810000.0000) | filter(avg_X > 3.0500) | filter(avg_Y < 719000000.0000) };4.52957e-01;1.00000e+00;Pipeline { filter(avg_Y < 916000000.0000) };4.52957e-01;1.00000e+00;Pipeline { filter(avg_Y < 546000000.0000) };4.52957e-01;1.00000e+00;Pipeline { filter(avg_X < 328000000.0000) }
datasets/geolife_60mins.csv;nsga2;5;15;1500;1500;6.15740e+01;100;100;100;1.00000e+00;1.00000e+00;5.00000e-02;8.14331e-01;8.24012e-01;Pipeline { map_noise(attribute=avg_Y, percentage=0.01) | filter(avg_X < 810000.0000) | filter(avg_X > 3.0500) | filter(avg_Y < 719000000.0000) };4.52957e-01;1.00000e+00;Pipeline { filter(avg_X < 610000000.0000) };4.52957e-01;1.00000e+00;Pipeline { filter(avg_Y < 55500000.0000) };4.52957e-01;1.00000e+00;Pipeline { filter(avg_X < 8500000.0000) }
datasets/geolife_60mins.csv;nsga2;5;16;1600;1600;6.41420e+01;100;100;100;1.00000e+00;1.00000e+00;5.00000e-02;8.14331e-01;8.24012e-01;Pipeline { map_noise(attribute=avg_Y, percentage=0.01) | filter(avg_X < 810000.0000) | filter(avg_X > 3.0500) | filter(avg_Y < 719000000.0000) };4.52957e-01;1.00000e+00;Pipeline { filter(avg_X < 86300000.0000) };4.52957e-01;1.00000e+00;Pipeline { filter(avg_Y < 636000000.0000) };4.52957e-01;1.00000e+00;Pipeline { filter(avg_X < 932000000.0000) }
datasets/geolife_60mins.csv;nsga2;5;17;1700;1700;6.65880e+01;100;100;100;1.00000e+00;1.00000e+00;5.00000e-02;8.14331e-01;8.24012e-01;Pipeline { map_noise(attribute=avg_Y, percentage=0.01) | filter(avg_X < 810000.0000) | filter(avg_X > 3.0500) | filter(avg_Y < 719000000.0000) };4.52957e-01;1.00000e+00;Pipeline { filter(avg_X < 9620000.0000) };4.52957e-01;1.00000e+00;Pipeline { filter(avg_Y < 120000000.0000) };4.52957e-01;1.00000e+00;Pipeline { filter(avg_Y < 4520000000.0000) }
datasets/geolife_60mins.csv;nsga2;5;18;1800;1800;6.94000e+01;100;100;100;1.00000e+00;1.00000e+00;5.00000e-02;8.14331e-01;8.24012e-01;Pipeline { map_noise(attribute=avg_Y, percentage=0.01) | filter(avg_X < 810000.0000) | filter(avg_X > 3.0500) | filter(avg_Y < 719000000.0000) };4.52957e-01;1.00000e+00;Pipeline { filter(avg_X < 212000000.0000) };4.52957e-01;1.00000e+00;Pipeline { filter(avg_Y < 310000000.0000) };4.52957e-01;1.00000e+00;Pipeline { filter(avg_Y < 17000000.0000) }
datasets/geolife_60mins.csv;nsga2;5;19;1900;1900;7.19760e+01;100;100;100;1.00000e+00;1.00000e+00;5.00000e-02;8.14331e-01;8.24012e-01;Pipeline { map_noise(attribute=avg_Y, percentage=0.01) | filter(avg_X < 810000.0000) | filter(avg_X > 3.0500) | filter(avg_Y < 719000000.0000) };4.52957e-01;1.00000e+00;Pipeline { filter(avg_Y < 4540000.0000) };4.52957e-01;1.00000e+00;Pipeline { filter(avg_X < 19800000.0000) };4.52957e-01;1.00000e+00;Pipeline { filter(avg_X < 46400000.0000) }
datasets/geolife_60mins.csv;nsga2;5;20;2000;2000;7.44430e+01;100;100;100;1.00000e+00;1.00000e+00;5.00000e-02;8.14331e-01;8.24012e-01;Pipeline { map_noise(attribute=avg_Y, percentage=0.01) | filter(avg_X < 810000.0000) | filter(avg_X > 3.0500) | filter(avg_Y < 719000000.0000) };4.52957e-01;1.00000e+00;Pipeline { filter(avg_X < 9480000000.0000) };4.52957e-01;1.00000e+00;Pipeline { filter(avg_Y < 191000000.0000) };4.52957e-01;1.00000e+00;Pipeline { filter(avg_X < 873000000.0000) }
datasets/geolife_60mins.csv;nsga2;5;21;2100;2100;7.68220e+01;100;100;100;1.00000e+00;1.00000e+00;5.00000e-02;8.14331e-01;8.24012e-01;Pipeline { map_noise(attribute=avg_Y, percentage=0.01) | filter(avg_X < 810000.0000) | filter(avg_X > 3.0500) | filter(avg_Y < 719000000.0000) };4.52957e-01;1.00000e+00;Pipeline { filter(avg_Y < 4360000000.0000) };4.52957e-01;1.00000e+00;Pipeline { filter(avg_X < 338000000.0000) };4.52957e-01;1.00000e+00;Pipeline { filter(avg_Y < 4060000000.0000) }
datasets/geolife_60mins.csv;nsga2;5;22;2200;2200;7.93130e+01;100;100;100;1.00000e+00;9.90000e-01;5.00000e-02;8.14331e-01;8.24012e-01;Pipeline { map_noise(attribute=avg_Y, percentage=0.01) | filter(avg_X < 810000.0000) | filter(avg_X > 3.0500) | filter(avg_Y < 719000000.0000) };4.52957e-01;1.00000e+00;Pipeline { filter(avg_X < 1910000000.0000) };4.52957e-01;1.00000e+00;Pipeline { filter(avg_Y < 870000000.0000) };4.52957e-01;1.00000e+00;Pipeline { filter(avg_X < 890000000.0000) }
datasets/geolife_60mins.csv;nsga2;5;23;2300;2300;8.23600e+01;100;100;100;1.00000e+00;9.90000e-01;5.00000e-02;8.14331e-01;8.24012e-01;Pipeline { map_noise(attribute=avg_Y, percentage=0.01) | filter(avg_X < 810000.0000) | filter(avg_X > 3.0500) | filter(avg_Y < 719000000.0000) };4.52957e-01;1.00000e+00;Pipeline { filter(avg_X < 958000000.0000) };4.52957e-01;1.00000e+00;Pipeline { filter(avg_Y < 4040000.0000) };4.52957e-01;1.00000e+00;Pipeline { filter(avg_X < 922000000.0000) }
datasets/geolife_60mins.csv;nsga2;5;24;2400;2400;8.48900e+01;100;100;100;1.00000e+00;9.90000e-01;5.00000e-02;8.14331e-01;8.24012e-01;Pipeline { map_noise(attribute=avg_Y, percentage=0.01) | filter(avg_X < 810000.0000) | filter(avg_X > 3.0500) | filter(avg_Y < 719000000.0000) };4.52957e-01;1.00000e+00;Pipeline { filter(avg_Y < 4070000.0000) };4.52957e-01;1.00000e+00;Pipeline { filter(avg_Y < 8880000000.0000) };4.52957e-01;1.00000e+00;Pipeline { filter(avg_Y < 4910000000.0000) }
datasets/geolife_60mins.csv;nsga2;5;25;2500;2500;8.75800e+01;100;100;100;1.00000e+00;9.90000e-01;5.00000e-02;8.14331e-01;8.24012e-01;Pipeline { map_noise(attribute=avg_Y, percentage=0.01) | filter(avg_X < 810000.0000) | filter(avg_X > 3.0500) | filter(avg_Y < 719000000.0000) };4.52957e-01;1.00000e+00;Pipeline { filter(avg_Y < 17700000.0000) };4.52957e-01;1.00000e+00;Pipeline { filter(avg_Y < 950000000.0000) };4.52957e-01;1.00000e+00;Pipeline { filter(avg_X < 434000000.0000) }
datasets/geolife_60mins.csv;nsga2;5;26;2600;2600;9.03320e+01;100;100;100;1.00000e+00;1.00000e+00;7.00000e-02;8.14331e-01;8.24012e-01;Pipeline { map_noise(attribute=avg_Y, percentage=0.01) | filter(avg_X < 810000.0000) | filter(avg_X > 3.0500) | filter(avg_Y < 719000000.0000) };4.52957e-01;1.00000e+00;Pipeline { filter(avg_X < 9680000000.0000) };4.52957e-01;1.00000e+00;Pipeline { filter(avg_Y < 967000000.0000) };4.52957e-01;1.00000e+00;Pipeline { filter(avg_Y < 6380000000.0000) }
datasets/geolife_60mins.csv;nsga2;5;27;2700;2700;9.29400e+01;100;100;100;1.00000e+00;1.00000e+00;7.00000e-02;8.14331e-01;8.24012e-01;Pipeline { map_noise(attribute=avg_Y, percentage=0.01) | filter(avg_X < 810000.0000) | filter(avg_X > 3.0500) | filter(avg_Y < 719000000.0000) };4.52957e-01;1.00000e+00;Pipeline { filter(avg_X < 5070000000.0000) };4.52957e-01;1.00000e+00;Pipeline { filter(avg_X < 5890000.0000) };4.52957e-01;1.00000e+00;Pipeline { filter(avg_X < 2840000000.0000) }
datasets/geolife_60mins.csv;nsga2;5;28;2800;2800;9.59800e+01;100;100;100;1.00000e+00;1.00000e+00;7.00000e-02;8.14331e-01;8.24012e-01;Pipeline { map_noise(attribute=avg_Y, percentage=0.01) | filter(avg_X < 810000.0000) | filter(avg_X > 3.0500) | filter(avg_Y < 719000000.0000) };4.52957e-01;1.00000e+00;Pipeline { filter(avg_X < 3210000000.0000) };4.52957e-01;1.00000e+00;Pipeline { filter(avg_Y < 258000000.0000) };4.52957e-01;1.00000e+00;Pipeline { filter(avg_X < 5270000000.0000) }
datasets/geolife_60mins.csv;nsga2;5;29;2900;2900;9.86730e+01;100;100;100;1.00000e+00;1.00000e+00;7.00000e-02;8.14331e-01;8.24012e-01;Pipeline { map_noise(attribute=avg_Y, percentage=0.01) | filter(avg_X < 810000.0000) | filter(avg_X > 3.0500) | filter(avg_Y < 719000000.0000) };4.52957e-01;1.00000e+00;Pipeline { filter(avg_X < 56700000.0000) };4.52957e-01;1.00000e+00;Pipeline { filter(avg_Y < 658000000.0000) };4.52957e-01;1.00000e+00;Pipeline { filter(avg_Y < 928000000.0000) }
datasets/geolife_60mins.csv;nsga2;5;30;3000;3000;1.01188e+02;100;100;100;1.00000e+00;1.00000e+00;7.00000e-02;8.14331e-01;8.24012e-01;Pipeline { map_noise(attribute=avg_Y, percentage=0.01) | filter(avg_X < 810000.0000) | filter(avg_X > 3.0500) | filter(avg_Y < 719000000.0000) };4.52957e-01;1.00000e+00;Pipeline { filter(avg_Y < 9570000000.0000) };4.52957e-01;1.00000e+00;Pipeline { filter(avg_X < 5070000000.0000) };4.52957e-01;1.00000e+00;Pipeline { filter(avg_Y < 5770000000.0000) }
datasets/geolife_60mins.csv;nsga2;5;31;3100;3100;1.03630e+02;100;100;100;1.00000e+00;1.00000e+00;7.00000e-02;8.14331e-01;8.24012e-01;Pipeline { map_noise(attribute=avg_Y, percentage=0.01) | filter(avg_X < 810000.0000) | filter(avg_X > 3.0500) | filter(avg_Y < 719000000.0000) };4.52957e-01;1.00000e+00;Pipeline { filter(avg_X < 9920000000.0000) };4.52957e-01;1.00000e+00;Pipeline { filter(avg_X < 4700000.0000) };4.52957e-01;1.00000e+00;Pipeline { filter(avg_X < 3120000000.0000) }
datasets/geolife_60mins.csv;nsga2;5;32;3200;3200;1.06273e+02;100;100;100;1.00000e+00;9.90000e-01;7.00000e-02;8.14331e-01;8.24012e-01;Pipeline { map_noise(attribute=avg_Y, percentage=0.01) | filter(avg_X < 810000.0000) | filter(avg_X > 3.0500) | filter(avg_Y < 719000000.0000) };4.52957e-01;1.00000e+00;Pipeline { filter(avg_X < 758000000.0000) };4.52957e-01;1.00000e+00;Pipeline { filter(avg_Y < 763000000.0000) };4.52957e-01;1.00000e+00;Pipeline { filter(avg_X < 495000000.0000) }
datasets/geolife_60mins.csv;nsga2;5;33;3300;3300;1.09110e+02;100;100;100;1.00000e+00;1.00000e+00;7.00000e-02;8.14331e-01;8.24012e-01;Pipeline { map_noise(attribute=avg_Y, percentage=0.01) | filter(avg_X < 810000.0000) | filter(avg_X > 3.0500) | filter(avg_Y < 719000000.0000) };4.52957e-01;1.00000e+00;Pipeline { filter(avg_X < 4110000000.0000) };4.52957e-01;1.00000e+00;Pipeline { filter(avg_X < 8900000.0000) };4.52957e-01;1.00000e+00;Pipeline { filter(avg_X < 7030000000.0000) }
datasets/geolife_60mins.csv;nsga2;5;34;3400;3400;1.11992e+02;100;100;100;1.00000e+00;1.00000e+00;7.00000e-02;8.14331e-01;8.24012e-01;Pipeline { map_noise(attribute=avg_Y, percentage=0.01) | filter(avg_X < 810000.0000) | filter(avg_X > 3.0500) | filter(avg_Y < 719000000.0000) };4.52957e-01;1.00000e+00;Pipeline { filter(avg_X < 536000000.0000) };4.52957e-01;1.00000e+00;Pipeline { filter(avg_X < 6770000.0000) };4.52957e-01;1.00000e+00;Pipeline { filter(avg_Y < 38000000.0000) }
datasets/geolife_60mins.csv;nsga2;5;35;3500;3500;1.14578e+02;100;100;100;1.00000e+00;9.90000e-01;7.00000e-02;8.20285e-01;8.29107e-01;Pipeline { map_noise(attribute=avg_Y, percentage=0.01) | filter(avg_X < 910000.0000) | filter(avg_X > 3.0500) | filter(avg_Y < 719000000.0000) };4.52957e-01;1.00000e+00;Pipeline { filter(avg_X < 758000000.0000) };4.52957e-01;1.00000e+00;Pipeline { filter(avg_Y < 1670000000.0000) };4.52957e-01;1.00000e+00;Pipeline { filter(avg_X < 953000000.0000) }
datasets/geolife_60mins.csv;nsga2;5;36;3600;3600;1.17551e+02;100;100;100;1.00000e+00;9.90000e-01;7.00000e-02;8.20285e-01;8.29107e-01;Pipeline { map_noise(attribute=avg_Y, percentage=0.01) | filter(avg_X < 910000.0000) | filter(avg_X > 3.0500) | filter(avg_Y < 719000000.0000) };4.52957e-01;1.00000e+00;Pipeline { filter(avg_X < 5340000.0000) };4.52957e-01;1.00000e+00;Pipeline { filter(avg_Y < 167000000.0000) };4.52957e-01;1.00000e+00;Pipeline { filter(avg_Y < 9920000.0000) }
datasets/geolife_60mins.csv;nsga2;5;37;3700;3700;1.20273e+02;100;100;100;1.00000e+00;1.00000e+00;7.00000e-02;8.20285e-01;8.29107e-01;Pipeline { map_noise(attribute=avg_Y, percentage=0.01) | filter(avg_X < 910000.0000) | filter(avg_X > 3.0500) | filter(avg_Y < 719000000.0000) };4.52957e-01;1.00000e+00;Pipeline { filter(avg_X < 94200000.0000) };4.52957e-01;1.00000e+00;Pipeline { filter(avg_Y < 4100000000.0000) };4.52957e-01;1.00000e+00;Pipeline { filter(avg_X < 146000000.0000) }
datasets/geolife_60mins.csv;nsga2;5;38;3800;3800;1.22887e+02;100;100;100;1.00000e+00;1.00000e+00;7.00000e-02;8.20285e-01;8.29107e-01;Pipeline { map_noise(attribute=avg_Y, percentage=0.01) | filter(avg_X < 910000.0000) | filter(avg_X > 3.0500) | filter(avg_Y < 719000000.0000) };4.52957e-01;1.00000e+00;Pipeline { filter(avg_X < 8000000.0000) };4.52957e-01;1.00000e+00;Pipeline { filter(avg_X < 7500000000.0000) };4.52957e-01;1.00000e+00;Pipeline { filter(avg_Y < 758000000.0000) }
datasets/geolife_60mins.csv;nsga2;5;39;3900;3900;1.25328e+02;100;100;100;1.00000e+00;1.00000e+00;7.00000e-02;8.20285e-01;8.29107e-01;Pipeline { map_noise(attribute=avg_Y, percentage=0.01) | filter(avg_X < 910000.0000) | filter(avg_X > 3.0500) | filter(avg_Y < 719000000.0000) };4.52957e-01;1.00000e+00;Pipeline { filter(avg_X < 9730000000.0000) };4.52957e-01;1.00000e+00;Pipeline { filter(avg_X < 7000000000.0000) };4.52957e-01;1.00000e+00;Pipeline { filter(avg_Y < 3130000.0000) }
datasets/geolife_60mins.csv;nsga2;5;40;4000;4000;1.27682e+02;100;100;100;1.00000e+00;1.00000e+00;8.00000e-02;8.20285e-01;8.29107e-01;Pipeline { map_noise(attribute=avg_Y, percentage=0.01) | filter(avg_X < 910000.0000) | filter(avg_X > 3.0500) | filter(avg_Y < 719000000.0000) };4.52957e-01;1.00000e+00;Pipeline { filter(avg_X < 7080000000.0000) };4.52957e-01;1.00000e+00;Pipeline { filter(avg_X < 4410000000.0000) };4.52957e-01;1.00000e+00;Pipeline { filter(avg_X < 44100000.0000) }
datasets/geolife_60mins.csv;nsga2;5;41;4100;4100;1.30439e+02;100;100;100;1.00000e+00;1.00000e+00;8.00000e-02;8.20285e-01;8.29107e-01;Pipeline { map_noise(attribute=avg_Y, percentage=0.01) | filter(avg_X < 910000.0000) | filter(avg_X > 3.0500) | filter(avg_Y < 719000000.0000) };4.52957e-01;1.00000e+00;Pipeline { filter(avg_X < 9180000000.0000) };4.52957e-01;1.00000e+00;Pipeline { filter(avg_X < 595000000.0000) };4.52957e-01;1.00000e+00;Pipeline { filter(avg_Y < 72000000.0000) }
datasets/geolife_60mins.csv;nsga2;5;42;4200;4200;1.32863e+02;100;100;100;1.00000e+00;1.00000e+00;8.00000e-02;8.20285e-01;8.29107e-01;Pipeline { map_noise(attribute=avg_Y, percentage=0.01) | filter(avg_X < 910000.0000) | filter(avg_X > 3.0500) | filter(avg_Y < 719000000.0000) };4.52957e-01;1.00000e+00;Pipeline { filter(avg_Y < 140000000.0000) };4.52957e-01;1.00000e+00;Pipeline { filter(avg_X < 9280000000.0000) };4.52957e-01;1.00000e+00;Pipeline { filter(avg_Y < 2160000000.0000) }
datasets/geolife_60mins.csv;nsga2;5;43;4300;4300;1.35595e+02;100;100;100;1.00000e+00;1.00000e+00;8.00000e-02;8.20285e-01;8.29107e-01;Pipeline { map_noise(attribute=avg_Y, percentage=0.01) | filter(avg_X < 910000.0000) | filter(avg_X > 3.0500) | filter(avg_Y < 719000000.0000) };4.52957e-01;1.00000e+00;Pipeline { filter(avg_X < 44900000.0000) };4.52957e-01;1.00000e+00;Pipeline { filter(avg_X < 5170000000.0000) };4.52957e-01;1.00000e+00;Pipeline { filter(avg_X < 74700000.0000) }
datasets/geolife_60mins.csv;nsga2;5;44;4400;4400;1.37944e+02;100;100;100;1.00000e+00;1.00000e+00;8.00000e-02;8.20285e-01;8.29107e-01;Pipeline { map_noise(attribute=avg_Y, percentage=0.01) | filter(avg_X < 910000.0000) | filter(avg_X > 3.0500) | filter(avg_Y < 719000000.0000) };4.52957e-01;1.00000e+00;Pipeline { filter(avg_Y < 94600000.0000) };4.52957e-01;1.00000e+00;Pipeline { filter(avg_X < 9410000000.0000) };4.52957e-01;1.00000e+00;Pipeline { filter(avg_X < 46000000.0000) }
datasets/geolife_60mins.csv;nsga2;5;45;4500;4500;1.40506e+02;100;100;100;1.00000e+00;1.00000e+00;8.00000e-02;8.20285e-01;8.29107e-01;Pipeline { map_noise(attribute=avg_Y, percentage=0.01) | filter(avg_X < 910000.0000) | filter(avg_X > 3.0500) | filter(avg_Y < 719000000.0000) };4.52957e-01;1.00000e+00;Pipeline { filter(avg_Y < 1470000000.0000) };4.52957e-01;1.00000e+00;Pipeline { filter(avg_X < 848000000.0000) };4.52957e-01;1.00000e+00;Pipeline { filter(avg_Y < 68100000.0000) }
datasets/geolife_60mins.csv;nsga2;5;46;4600;4600;1.44013e+02;100;100;100;1.00000e+00;1.00000e+00;8.00000e-02;8.20285e-01;8.29107e-01;Pipeline { map_noise(attribute=avg_Y, percentage=0.01) | filter(avg_X < 910000.0000) | filter(avg_X > 3.0500) | filter(avg_Y < 719000000.0000) };4.52957e-01;1.00000e+00;Pipeline { filter(avg_Y < 345000000.0000) };4.52957e-01;1.00000e+00;Pipeline { filter(avg_Y < 373000000.0000) };4.52957e-01;1.00000e+00;Pipeline { filter(avg_X < 6990000.0000) }
datasets/geolife_60mins.csv;nsga2;5;47;4700;4700;1.47426e+02;100;100;100;1.00000e+00;1.00000e+00;8.00000e-02;8.20285e-01;8.29107e-01;Pipeline { map_noise(attribute=avg_Y, percentage=0.01) | filter(avg_X < 910000.0000) | filter(avg_X > 3.0500) | filter(avg_Y < 719000000.0000) };4.52957e-01;1.00000e+00;Pipeline { filter(avg_X < 34000000.0000) };4.52957e-01;1.00000e+00;Pipeline { filter(avg_Y < 378000000.0000) };4.52957e-01;1.00000e+00;Pipeline { filter(avg_X < 73300000.0000) }
datasets/geolife_60mins.csv;nsga2;5;48;4800;4800;1.50198e+02;100;100;100;1.00000e+00;1.00000e+00;8.00000e-02;8.20285e-01;8.29107e-01;Pipeline { map_noise(attribute=avg_Y, percentage=0.01) | filter(avg_X < 910000.0000) | filter(avg_X > 3.0500) | filter(avg_Y < 719000000.0000) };4.52957e-01;1.00000e+00;Pipeline { filter(avg_Y < 1470000000.0000) };4.52957e-01;1.00000e+00;Pipeline { filter(avg_Y < 8660000000.0000) };4.52957e-01;1.00000e+00;Pipeline { filter(avg_Y < 3140000000.0000) }
datasets/geolife_60mins.csv;nsga2;5;49;4900;4900;1.52661e+02;100;100;100;1.00000e+00;1.00000e+00;9.00000e-02;8.20809e-01;7.79677e-01;Pipeline { map_noise(attribute=avg_X, percentage=0.01) | filter(avg_X < 910000.0000) | filter(avg_X > 3.0500) | filter(avg_Y < 719000000.0000) };4.52957e-01;1.00000e+00;Pipeline { filter(avg_X < 44100000.0000) };4.52957e-01;1.00000e+00;Pipeline { filter(avg_Y < 4240000.0000) };4.52957e-01;1.00000e+00;Pipeline { filter(avg_X < 1590000000.0000) }
datasets/geolife_60mins.csv;nsga2;5;50;5000;5000;1.55428e+02;100;100;100;1.00000e+00;1.00000e+00;9.00000e-02;8.20809e-01;7.79677e-01;Pipeline { map_noise(attribute=avg_X, percentage=0.01) | filter(avg_X < 910000.0000) | filter(avg_X > 3.0500) | filter(avg_Y < 719000000.0000) };4.52957e-01;1.00000e+00;Pipeline { filter(avg_X < 34000000.0000) };4.52957e-01;1.00000e+00;Pipeline { filter(avg_Y < 8450000.0000) };4.52957e-01;1.00000e+00;Pipeline { filter(avg_Y < 82400000.0000) }
