problem.name;solver.name;randomGenerator.seed;n.iterations;n.evals;n.births;elapsed.secs;all→size;firsts→size;lasts→size;all→each[genotype]→uniqueness;all→each[solution]→uniqueness;all→each[quality]→uniqueness;"all→percentile[quality→privacy;100]→quality→privacy";"all→percentile[quality→privacy;100]→quality→results-similarity";"all→percentile[quality→privacy;100]→quality→performance-similarity";"all→percentile[quality→privacy;100]→solution";"all→percentile[quality→results-similarity;100]→quality→privacy";"all→percentile[quality→results-similarity;100]→quality→results-similarity";"all→percentile[quality→results-similarity;100]→quality→performance-similarity";"all→percentile[quality→results-similarity;100]→solution";"all→percentile[quality→performance-similarity;100]→quality→privacy";"all→percentile[quality→performance-similarity;100]→quality→results-similarity";"all→percentile[quality→performance-similarity;100]→quality→performance-similarity";"all→percentile[quality→performance-similarity;100]→solution";"all→percentile[quality→privacy;75]→quality→privacy";"all→percentile[quality→privacy;75]→quality→results-similarity";"all→percentile[quality→privacy;75]→quality→performance-similarity";"all→percentile[quality→privacy;75]→solution";"all→percentile[quality→results-similarity;75]→quality→privacy";"all→percentile[quality→results-similarity;75]→quality→results-similarity";"all→percentile[quality→results-similarity;75]→quality→performance-similarity";"all→percentile[quality→results-similarity;75]→solution";"all→percentile[quality→performance-similarity;75]→quality→privacy";"all→percentile[quality→performance-similarity;75]→quality→results-similarity";"all→percentile[quality→performance-similarity;75]→quality→performance-similarity";"all→percentile[quality→performance-similarity;75]→solution"
datasets/geolife_60mins.csv;nsga2;1;1;100;100;4.20500e+00;100;8;67;1.00000e+00;1.00000e+00;1.50000e-01;7.31092e-01;1.00000e+00;8.17732e-01;Pipeline { filter(avg_X > 0.0000) };4.14159e-01;1.00000e+00;7.26589e-01;Pipeline { filter(avg_Y > 66.9000) };4.52957e-01;1.00000e+00;1.00000e+00;Pipeline { filter(avg_Y < 3410000.0000) };2.02007e-02;0.00000e+00;2.70142e-02;Pipeline { filter(avg_X < 0.0108) | filter(avg_X < 0.0010) };0.00000e+00;0.00000e+00;0.00000e+00;Pipeline { filter(avg_Y > 9480000.0000) | filter(avg_Y > 39.4000) | filter(avg_X < 5870.0000) };2.02007e-02;0.00000e+00;2.70142e-02;Pipeline { filter(avg_X < 0.0108) | filter(avg_X < 0.0010) }
datasets/geolife_60mins.csv;nsga2;1;2;200;200;6.42000e+00;100;19;11;1.00000e+00;1.00000e+00;2.30000e-01;7.31092e-01;1.00000e+00;8.17732e-01;Pipeline { filter(avg_X > 1220.0000) | filter(avg_X > 0.0006) | filter(avg_X > 2.4800) };4.13922e-01;1.00000e+00;7.26021e-01;Pipeline { filter(avg_Y > 6.5800) | filter(avg_Y > 6830.0000) };4.52957e-01;1.00000e+00;1.00000e+00;Pipeline { filter(avg_Y < 24500000.0000) };6.87470e-01;1.00000e+00;7.04727e-01;Pipeline { filter(avg_Y > 0.0037) | filter(avg_X > 0.5490) };7.31092e-01;1.00000e+00;8.17732e-01;Pipeline { filter(avg_X > 17.6000) };4.14168e-01;1.00000e+00;7.26608e-01;Pipeline { filter(avg_Y > 0.3200) }
datasets/geolife_60mins.csv;nsga2;1;3;300;300;9.06100e+00;100;41;1;1.00000e+00;9.90000e-01;1.70000e-01;7.31092e-01;1.00000e+00;8.17732e-01;Pipeline { filter(avg_X > 17.6000) };4.13873e-01;1.00000e+00;7.25776e-01;Pipeline { filter(avg_Y > 9800.0000) };4.52957e-01;1.00000e+00;1.00000e+00;Pipeline { filter(avg_Y < 23500000.0000) };7.31092e-01;1.00000e+00;8.17732e-01;Pipeline { filter(avg_X > 0.0460) };4.14168e-01;1.00000e+00;7.26608e-01;Pipeline { filter(avg_Y > 0.2000) };7.31092e-01;1.00000e+00;8.17732e-01;Pipeline { filter(avg_X > 0.0000) }
datasets/geolife_60mins.csv;nsga2;1;4;400;400;1.19750e+01;100;77;11;1.00000e+00;1.00000e+00;1.10000e-01;8.08523e-01;1.00000e+00;8.13756e-01;Pipeline { filter(avg_Y < 830000.0000) | filter(avg_X > 3.1800) | filter(avg_X > 9.5100) };4.14168e-01;1.00000e+00;7.26608e-01;Pipeline { filter(avg_Y > 0.8000) };4.52957e-01;1.00000e+00;1.00000e+00;Pipeline { filter(avg_Y < 3410000.0000) };7.31092e-01;1.00000e+00;8.17732e-01;Pipeline { filter(avg_X > 0.0460) };7.31092e-01;1.00000e+00;8.17732e-01;Pipeline { filter(avg_X > 0.1160) };7.31092e-01;1.00000e+00;8.17732e-01;Pipeline { filter(avg_X > 3.4000) }
datasets/geolife_60mins.csv;nsga2;1;5;500;500;1.48160e+01;100;100;100;1.00000e+00;1.00000e+00;4.00000e-02;8.08523e-01;1.00000e+00;8.13756e-01;Pipeline { filter(avg_Y < 830000.0000) | filter(avg_X > 3.1800) | filter(avg_X > 9.5100) };7.31092e-01;1.00000e+00;8.17732e-01;Pipeline { filter(avg_X > 67.6000) };4.52957e-01;1.00000e+00;1.00000e+00;Pipeline { filter(avg_Y < 14500000.0000) };7.31092e-01;1.00000e+00;8.17732e-01;Pipeline { filter(avg_X > 2.4000) };7.31092e-01;1.00000e+00;8.17732e-01;Pipeline { filter(avg_X > 0.0000) };4.52957e-01;1.00000e+00;1.00000e+00;Pipeline { filter(avg_Y < 23000000.0000) }
datasets/geolife_60mins.csv;nsga2;1;6;600;600;1.74060e+01;100;100;100;1.00000e+00;9.90000e-01;5.00000e-02;8.09858e-01;1.00000e+00;8.14703e-01;Pipeline { filter(avg_Y < 850000.0000) | filter(avg_X > 3.1800) | filter(avg_X > 9.5100) };7.31646e-01;1.00000e+00;8.17731e-01;Pipeline { filter(avg_Y < 223000000.0000) | filter(avg_X > 3.1800) | filter(avg_X < 3140000.0000) };4.52957e-01;1.00000e+00;1.00000e+00;Pipeline { filter(avg_X < 763000000.0000) };7.31092e-01;1.00000e+00;8.17732e-01;Pipeline { filter(avg_X > 3.4000) };7.31092e-01;1.00000e+00;8.17732e-01;Pipeline { filter(avg_X > 108.0000) };4.52957e-01;1.00000e+00;1.00000e+00;Pipeline { filter(avg_Y < 63900000.0000) }
datasets/geolife_60mins.csv;nsga2;1;7;700;700;2.00800e+01;100;100;100;1.00000e+00;9.90000e-01;6.00000e-02;8.09858e-01;1.00000e+00;8.14703e-01;Pipeline { filter(avg_Y < 850000.0000) | filter(avg_X > 3.1800) | filter(avg_X > 9.5100) };6.73100e-01;1.00000e+00;9.75087e-01;Pipeline { filter(avg_Y < 1800000.0000) };4.52957e-01;1.00000e+00;1.00000e+00;Pipeline { filter(avg_Y < 21200000.0000) };7.31092e-01;1.00000e+00;8.17732e-01;Pipeline { filter(avg_X > 108.0000) };4.52957e-01;1.00000e+00;1.00000e+00;Pipeline { filter(avg_X < 7690000.0000) };4.52957e-01;1.00000e+00;1.00000e+00;Pipeline { filter(avg_Y < 825000000.0000) }
datasets/geolife_60mins.csv;nsga2;1;8;800;800;2.26350e+01;100;100;100;1.00000e+00;9.90000e-01;6.00000e-02;8.09858e-01;1.00000e+00;8.14703e-01;Pipeline { filter(avg_Y < 850000.0000) | filter(avg_X > 3.1800) | filter(avg_X > 9.5100) };7.31646e-01;1.00000e+00;8.17731e-01;Pipeline { filter(avg_Y < 223000000.0000) | filter(avg_X > 3.1800) | filter(avg_X < 3140000.0000) };4.52957e-01;1.00000e+00;1.00000e+00;Pipeline { filter(avg_Y < 21200000.0000) };7.31092e-01;1.00000e+00;8.17732e-01;Pipeline { filter(avg_X > 6.0800) };7.31092e-01;1.00000e+00;8.17732e-01;Pipeline { filter(avg_X > 108.0000) };7.31092e-01;1.00000e+00;8.17732e-01;Pipeline { filter(avg_X > 0.3750) }
datasets/geolife_60mins.csv;nsga2;1;9;900;900;2.53120e+01;100;100;100;1.00000e+00;9.90000e-01;6.00000e-02;8.09858e-01;1.00000e+00;8.14703e-01;Pipeline { filter(avg_Y < 850000.0000) | filter(avg_X > 3.1800) | filter(avg_X > 9.5100) };6.73100e-01;1.00000e+00;9.75087e-01;Pipeline { filter(avg_Y < 1800000.0000) };4.52957e-01;1.00000e+00;1.00000e+00;Pipeline { filter(avg_Y < 21200000.0000) };7.31092e-01;1.00000e+00;8.17732e-01;Pipeline { filter(avg_X > 763.0000) };7.31092e-01;1.00000e+00;8.17732e-01;Pipeline { filter(avg_X > 66.6000) };7.31092e-01;1.00000e+00;8.17732e-01;Pipeline { filter(avg_X > 6.2300) }
datasets/geolife_60mins.csv;nsga2;1;10;1000;1000;2.78980e+01;100;100;100;1.00000e+00;9.90000e-01;6.00000e-02;8.09858e-01;1.00000e+00;8.14703e-01;Pipeline { filter(avg_Y < 850000.0000) | filter(avg_X > 3.1800) | filter(avg_X > 9.5100) };7.31646e-01;1.00000e+00;8.17731e-01;Pipeline { filter(avg_X < 2950000.0000) | filter(avg_X > 3.1800) | filter(avg_X > 7.5100) };4.52957e-01;1.00000e+00;1.00000e+00;Pipeline { filter(avg_Y < 21200000.0000) };7.31092e-01;1.00000e+00;8.17732e-01;Pipeline { filter(avg_X > 0.0000) };7.31092e-01;1.00000e+00;8.17732e-01;Pipeline { filter(avg_X > 0.0021) };7.31092e-01;1.00000e+00;8.17732e-01;Pipeline { filter(avg_X > 5.2600) }
datasets/geolife_60mins.csv;nsga2;1;11;1100;1100;3.05540e+01;100;100;100;1.00000e+00;1.00000e+00;6.00000e-02;8.09858e-01;1.00000e+00;8.14703e-01;Pipeline { filter(avg_Y < 850000.0000) | filter(avg_X > 3.1800) | filter(avg_X > 9.5100) };6.73100e-01;1.00000e+00;9.75087e-01;Pipeline { filter(avg_Y < 1800000.0000) };4.52957e-01;1.00000e+00;1.00000e+00;Pipeline { filter(avg_Y < 21200000.0000) };7.31092e-01;1.00000e+00;8.17732e-01;Pipeline { filter(avg_X > 0.0006) };7.31092e-01;1.00000e+00;8.17732e-01;Pipeline { filter(avg_X > 0.0001) };7.31092e-01;1.00000e+00;8.17732e-01;Pipeline { filter(avg_X > 0.6140) }
datasets/geolife_60mins.csv;nsga2;1;12;1200;1200;3.32260e+01;100;100;100;1.00000e+00;9.90000e-01;6.00000e-02;8.10242e-01;1.00000e+00;8.15240e-01;Pipeline { filter(avg_X > 0.0000) | filter(avg_X > 4300.0000) | filter(avg_Y < 869000.0000) };7.31646e-01;1.00000e+00;8.17731e-01;Pipeline { filter(avg_Y < 223000000.0000) | filter(avg_X > 3.1800) | filter(avg_X < 3140000.0000) };4.52957e-01;1.00000e+00;1.00000e+00;Pipeline { filter(avg_Y < 21200000.0000) };7.31092e-01;1.00000e+00;8.17732e-01;Pipeline { filter(avg_X > 0.0000) | filter(avg_X > 4300.0000) | filter(avg_X > 2.4600) };7.31092e-01;1.00000e+00;8.17732e-01;Pipeline { filter(avg_X > 5.3800) };7.31092e-01;1.00000e+00;8.17732e-01;Pipeline { filter(avg_X > 38.0000) }
datasets/geolife_60mins.csv;nsga2;1;13;1300;1300;3.59760e+01;100;100;100;1.00000e+00;1.00000e+00;6.00000e-02;8.10242e-01;1.00000e+00;8.15240e-01;Pipeline { filter(avg_X > 0.0000) | filter(avg_X > 4300.0000) | filter(avg_Y < 869000.0000) };6.73100e-01;1.00000e+00;9.75087e-01;Pipeline { filter(avg_Y < 1800000.0000) };4.52957e-01;1.00000e+00;1.00000e+00;Pipeline { filter(avg_Y < 21200000.0000) };7.31092e-01;1.00000e+00;8.17732e-01;Pipeline { filter(avg_X > 75.5000) };7.31092e-01;1.00000e+00;8.17732e-01;Pipeline { filter(avg_X > 472.0000) };7.31092e-01;1.00000e+00;8.17732e-01;Pipeline { filter(avg_X > 0.0007) }
datasets/geolife_60mins.csv;nsga2;1;14;1400;1400;3.86870e+01;100;100;100;1.00000e+00;9.70000e-01;6.00000e-02;8.10242e-01;1.00000e+00;8.15240e-01;Pipeline { filter(avg_X > 0.0000) | filter(avg_X > 4300.0000) | filter(avg_Y < 869000.0000) };7.31646e-01;1.00000e+00;8.17731e-01;Pipeline { filter(avg_X < 2950000.0000) | filter(avg_X > 3.1800) | filter(avg_X > 7.5100) };4.52957e-01;1.00000e+00;1.00000e+00;Pipeline { filter(avg_Y < 21200000.0000) };7.31092e-01;1.00000e+00;8.17732e-01;Pipeline { filter(avg_X > 0.0007) };7.31092e-01;1.00000e+00;8.17732e-01;Pipeline { filter(avg_X > 0.0005) };7.31092e-01;1.00000e+00;8.17732e-01;Pipeline { filter(avg_X > 0.0000) | filter(avg_X > 0.0000) | filter(avg_X > 2.0600) }
datasets/geolife_60mins.csv;nsga2;1;15;1500;1500;4.14790e+01;100;100;100;1.00000e+00;1.00000e+00;6.00000e-02;8.10242e-01;1.00000e+00;8.15240e-01;Pipeline { filter(avg_X > 0.0000) | filter(avg_X > 4300.0000) | filter(avg_Y < 869000.0000) };6.73100e-01;1.00000e+00;9.75087e-01;Pipeline { filter(avg_Y < 1800000.0000) };4.52957e-01;1.00000e+00;1.00000e+00;Pipeline { filter(avg_Y < 21200000.0000) };7.31092e-01;1.00000e+00;8.17732e-01;Pipeline { filter(avg_X > 0.0000) | filter(avg_X > 0.0003) | filter(avg_X > 0.0000) };7.31092e-01;1.00000e+00;8.17732e-01;Pipeline { filter(avg_X > 0.0000) };7.31092e-01;1.00000e+00;8.17732e-01;Pipeline { filter(avg_X > 0.0005) }
datasets/geolife_60mins.csv;nsga2;1;16;1600;1600;4.40340e+01;100;100;100;1.00000e+00;9.90000e-01;6.00000e-02;8.10242e-01;1.00000e+00;8.15240e-01;Pipeline { filter(avg_X > 0.0000) | filter(avg_X > 4300.0000) | filter(avg_Y < 869000.0000) };7.31646e-01;1.00000e+00;8.17731e-01;Pipeline { filter(avg_Y < 223000000.0000) | filter(avg_X > 3.1800) | filter(avg_X < 3140000.0000) };4.52957e-01;1.00000e+00;1.00000e+00;Pipeline { filter(avg_Y < 21200000.0000) };7.31092e-01;1.00000e+00;8.17732e-01;Pipeline { filter(avg_X > 0.0000) };7.31092e-01;1.00000e+00;8.17732e-01;Pipeline { filter(avg_X > 0.0069) };7.31092e-01;1.00000e+00;8.17732e-01;Pipeline { filter(avg_X > 0.0000) }
datasets/geolife_60mins.csv;nsga2;1;17;1700;1700;4.66720e+01;100;100;100;1.00000e+00;9.80000e-01;7.00000e-02;8.21849e-01;9.99598e-01;6.95525e-01;Pipeline { filter(avg_X < 376000.0000) | filter(avg_X < 38800000.0000) | filter(avg_X > 2.1800) };7.31646e-01;1.00000e+00;8.17731e-01;Pipeline { filter(avg_Y < 223000000.0000) | filter(avg_X > 3.1800) | filter(avg_X < 3140000.0000) };4.52957e-01;1.00000e+00;1.00000e+00;Pipeline { filter(avg_Y < 21200000.0000) };7.31092e-01;1.00000e+00;8.17732e-01;Pipeline { filter(avg_X > 0.0000) };7.31092e-01;1.00000e+00;8.17732e-01;Pipeline { filter(avg_X > 1.9500) };7.31092e-01;1.00000e+00;8.17732e-01;Pipeline { filter(avg_X > 0.0000) }
datasets/geolife_60mins.csv;nsga2;1;18;1800;1800;4.93390e+01;100;100;100;1.00000e+00;9.90000e-01;7.00000e-02;8.21849e-01;9.99598e-01;6.95525e-01;Pipeline { filter(avg_X < 376000.0000) | filter(avg_X < 38800000.0000) | filter(avg_X > 2.1800) };7.31646e-01;1.00000e+00;8.17731e-01;Pipeline { filter(avg_Y < 223000000.0000) | filter(avg_X > 3.1800) | filter(avg_X < 3140000.0000) };4.52957e-01;1.00000e+00;1.00000e+00;Pipeline { filter(avg_Y < 21200000.0000) };7.31092e-01;1.00000e+00;8.17732e-01;Pipeline { filter(avg_X > 0.0763) | filter(avg_X < 38800000.0000) | filter(avg_X > 2.4800) };7.31092e-01;1.00000e+00;8.17732e-01;Pipeline { filter(avg_X > 0.0000) | filter(avg_X > 0.0025) | filter(avg_X > 2.0300) };7.31092e-01;1.00000e+00;8.17732e-01;Pipeline { filter(avg_X > 0.0763) | filter(avg_X < 38800000.0000) | filter(avg_X > 2.4800) }
datasets/geolife_60mins.csv;nsga2;1;19;1900;1900;5.21210e+01;100;100;100;1.00000e+00;1.00000e+00;7.00000e-02;8.21849e-01;9.99598e-01;6.95525e-01;Pipeline { filter(avg_X < 376000.0000) | filter(avg_X < 38800000.0000) | filter(avg_X > 2.1800) };7.31646e-01;1.00000e+00;8.17731e-01;Pipeline { filter(avg_Y < 223000000.0000) | filter(avg_X > 3.1800) | filter(avg_X < 3140000.0000) };4.52957e-01;1.00000e+00;1.00000e+00;Pipeline { filter(avg_Y < 21200000.0000) };7.31092e-01;1.00000e+00;8.17732e-01;Pipeline { filter(avg_X > 989.0000) };7.31092e-01;1.00000e+00;8.17732e-01;Pipeline { filter(avg_X > 25.1000) };7.31092e-01;1.00000e+00;8.17732e-01;Pipeline { filter(avg_X > 989.0000) }
datasets/geolife_60mins.csv;nsga2;1;20;2000;2000;5.47390e+01;100;100;100;1.00000e+00;1.00000e+00;7.00000e-02;8.21849e-01;9.99598e-01;6.95525e-01;Pipeline { filter(avg_X < 376000.0000) | filter(avg_X < 38800000.0000) | filter(avg_X > 2.1800) };7.31646e-01;1.00000e+00;8.17731e-01;Pipeline { filter(avg_Y < 223000000.0000) | filter(avg_X > 3.1800) | filter(avg_X < 3140000.0000) };4.52957e-01;1.00000e+00;1.00000e+00;Pipeline { filter(avg_Y < 21200000.0000) };7.31092e-01;1.00000e+00;8.17732e-01;Pipeline { filter(avg_X > 78.1000) };7.31092e-01;1.00000e+00;8.17732e-01;Pipeline { filter(avg_X > 0.0953) };7.31092e-01;1.00000e+00;8.17732e-01;Pipeline { filter(avg_X > 78.1000) }
datasets/geolife_60mins.csv;nsga2;1;21;2100;2100;5.72440e+01;100;100;100;1.00000e+00;9.90000e-01;7.00000e-02;8.21849e-01;9.99598e-01;6.95525e-01;Pipeline { filter(avg_X < 376000.0000) | filter(avg_X < 38800000.0000) | filter(avg_X > 2.1800) };7.31646e-01;1.00000e+00;8.17731e-01;Pipeline { filter(avg_Y < 223000000.0000) | filter(avg_X > 3.1800) | filter(avg_X < 3140000.0000) };4.52957e-01;1.00000e+00;1.00000e+00;Pipeline { filter(avg_Y < 21200000.0000) };7.31092e-01;1.00000e+00;8.17732e-01;Pipeline { filter(avg_X > 0.0068) };7.31092e-01;1.00000e+00;8.17732e-01;Pipeline { filter(avg_X > 0.0000) };7.31092e-01;1.00000e+00;8.17732e-01;Pipeline { filter(avg_X > 0.0068) }
datasets/geolife_60mins.csv;nsga2;1;22;2200;2200;5.98410e+01;100;100;100;1.00000e+00;9.90000e-01;7.00000e-02;8.21849e-01;9.99598e-01;6.95525e-01;Pipeline { filter(avg_X < 376000.0000) | filter(avg_X < 38800000.0000) | filter(avg_X > 2.1800) };7.31646e-01;1.00000e+00;8.17731e-01;Pipeline { filter(avg_Y < 223000000.0000) | filter(avg_X > 3.1800) | filter(avg_X < 3140000.0000) };4.52957e-01;1.00000e+00;1.00000e+00;Pipeline { filter(avg_Y < 21200000.0000) };7.31092e-01;1.00000e+00;8.17732e-01;Pipeline { filter(avg_X > 0.0029) };7.31092e-01;1.00000e+00;8.17732e-01;Pipeline { filter(avg_X > 0.6400) };7.31092e-01;1.00000e+00;8.17732e-01;Pipeline { filter(avg_X > 0.0029) }
datasets/geolife_60mins.csv;nsga2;1;23;2300;2300;6.24490e+01;100;100;100;1.00000e+00;1.00000e+00;7.00000e-02;8.21849e-01;9.99598e-01;6.95525e-01;Pipeline { filter(avg_X < 376000.0000) | filter(avg_X < 38800000.0000) | filter(avg_X > 2.1800) };7.31646e-01;1.00000e+00;8.17731e-01;Pipeline { filter(avg_Y < 223000000.0000) | filter(avg_X > 3.1800) | filter(avg_X < 3140000.0000) };4.52957e-01;1.00000e+00;1.00000e+00;Pipeline { filter(avg_Y < 21200000.0000) };7.31092e-01;1.00000e+00;8.17732e-01;Pipeline { filter(avg_X > 71.3000) };7.31092e-01;1.00000e+00;8.17732e-01;Pipeline { filter(avg_X > 0.0000) };7.31092e-01;1.00000e+00;8.17732e-01;Pipeline { filter(avg_X > 71.3000) }
datasets/geolife_60mins.csv;nsga2;1;24;2400;2400;6.50070e+01;100;100;100;1.00000e+00;9.70000e-01;7.00000e-02;8.21849e-01;9.99598e-01;6.95525e-01;Pipeline { filter(avg_X < 376000.0000) | filter(avg_X < 38800000.0000) | filter(avg_X > 2.1800) };7.31646e-01;1.00000e+00;8.17731e-01;Pipeline { filter(avg_Y < 223000000.0000) | filter(avg_X > 3.1800) | filter(avg_X < 3140000.0000) };4.52957e-01;1.00000e+00;1.00000e+00;Pipeline { filter(avg_Y < 21200000.0000) };7.31092e-01;1.00000e+00;8.17732e-01;Pipeline { filter(avg_X > 6.9000) };7.31092e-01;1.00000e+00;8.17732e-01;Pipeline { filter(avg_X > 4.8000) };7.31092e-01;1.00000e+00;8.17732e-01;Pipeline { filter(avg_X > 6.9000) }
datasets/geolife_60mins.csv;nsga2;1;25;2500;2500;6.74650e+01;100;100;100;1.00000e+00;9.70000e-01;7.00000e-02;8.21849e-01;9.99598e-01;6.95525e-01;Pipeline { filter(avg_X < 376000.0000) | filter(avg_X < 38800000.0000) | filter(avg_X > 2.1800) };7.31646e-01;1.00000e+00;8.17731e-01;Pipeline { filter(avg_Y < 223000000.0000) | filter(avg_X > 3.1800) | filter(avg_X < 3140000.0000) };4.52957e-01;1.00000e+00;1.00000e+00;Pipeline { filter(avg_Y < 21200000.0000) };7.31092e-01;1.00000e+00;8.17732e-01;Pipeline { filter(avg_X > 0.0001) };7.31092e-01;1.00000e+00;8.17732e-01;Pipeline { filter(avg_X > 7.8100) };7.31092e-01;1.00000e+00;8.17732e-01;Pipeline { filter(avg_X > 0.0001) }
datasets/geolife_60mins.csv;nsga2;1;26;2600;2600;7.02660e+01;100;100;100;1.00000e+00;1.00000e+00;7.00000e-02;8.21849e-01;9.99598e-01;6.95525e-01;Pipeline { filter(avg_X < 376000.0000) | filter(avg_X < 38800000.0000) | filter(avg_X > 2.1800) };7.31646e-01;1.00000e+00;8.17731e-01;Pipeline { filter(avg_Y < 223000000.0000) | filter(avg_X > 3.1800) | filter(avg_X < 3140000.0000) };4.52957e-01;1.00000e+00;1.00000e+00;Pipeline { filter(avg_Y < 21200000.0000) };7.31092e-01;1.00000e+00;8.17732e-01;Pipeline { filter(avg_X > 0.0007) };7.31092e-01;1.00000e+00;8.17732e-01;Pipeline { filter(avg_X > 5.2500) };7.31092e-01;1.00000e+00;8.17732e-01;Pipeline { filter(avg_X > 0.0007) }
datasets/geolife_60mins.csv;nsga2;1;27;2700;2700;7.29170e+01;100;100;100;1.00000e+00;9.90000e-01;7.00000e-02;8.21849e-01;9.99598e-01;6.95525e-01;Pipeline { filter(avg_X < 376000.0000) | filter(avg_X < 38800000.0000) | filter(avg_X > 2.1800) };7.31646e-01;1.00000e+00;8.17731e-01;Pipeline { filter(avg_Y < 223000000.0000) | filter(avg_X > 3.1800) | filter(avg_X < 3140000.0000) };4.52957e-01;1.00000e+00;1.00000e+00;Pipeline { filter(avg_Y < 21200000.0000) };7.31092e-01;1.00000e+00;8.17732e-01;Pipeline { filter(avg_X > 0.0782) };7.31092e-01;1.00000e+00;8.17732e-01;Pipeline { filter(avg_X > 5.4800) };7.31092e-01;1.00000e+00;8.17732e-01;Pipeline { filter(avg_X > 0.0782) }
datasets/geolife_60mins.csv;nsga2;1;28;2800;2800;7.55060e+01;100;100;100;1.00000e+00;9.90000e-01;7.00000e-02;8.21849e-01;9.99598e-01;6.95525e-01;Pipeline { filter(avg_X < 376000.0000) | filter(avg_X < 38800000.0000) | filter(avg_X > 2.1800) };7.31646e-01;1.00000e+00;8.17731e-01;Pipeline { filter(avg_Y < 223000000.0000) | filter(avg_X > 3.1800) | filter(avg_X < 3140000.0000) };4.52957e-01;1.00000e+00;1.00000e+00;Pipeline { filter(avg_Y < 21200000.0000) };7.31092e-01;1.00000e+00;8.17732e-01;Pipeline { filter(avg_X > 3.7000) | filter(avg_X > 0.0004) | filter(avg_X > 8.2000) };7.31092e-01;1.00000e+00;8.17732e-01;Pipeline { filter(avg_X > 0.0000) };7.31092e-01;1.00000e+00;8.17732e-01;Pipeline { filter(avg_X > 3.7000) | filter(avg_X > 0.0004) | filter(avg_X > 8.2000) }
datasets/geolife_60mins.csv;nsga2;1;29;2900;2900;7.81870e+01;100;100;100;1.00000e+00;1.00000e+00;7.00000e-02;8.21849e-01;9.99598e-01;6.95525e-01;Pipeline { filter(avg_X < 376000.0000) | filter(avg_X < 38800000.0000) | filter(avg_X > 2.1800) };7.31646e-01;1.00000e+00;8.17731e-01;Pipeline { filter(avg_Y < 223000000.0000) | filter(avg_X > 3.1800) | filter(avg_X < 3140000.0000) };4.52957e-01;1.00000e+00;1.00000e+00;Pipeline { filter(avg_Y < 21200000.0000) };7.31092e-01;1.00000e+00;8.17732e-01;Pipeline { filter(avg_X > 0.0004) };7.31092e-01;1.00000e+00;8.17732e-01;Pipeline { filter(avg_X > 0.7130) };7.31092e-01;1.00000e+00;8.17732e-01;Pipeline { filter(avg_X > 0.0004) }
datasets/geolife_60mins.csv;nsga2;1;30;3000;3000;8.07850e+01;100;100;100;1.00000e+00;1.00000e+00;7.00000e-02;8.21849e-01;9.99598e-01;6.95525e-01;Pipeline { filter(avg_X < 376000.0000) | filter(avg_X < 38800000.0000) | filter(avg_X > 2.1800) };7.31646e-01;1.00000e+00;8.17731e-01;Pipeline { filter(avg_Y < 223000000.0000) | filter(avg_X > 3.1800) | filter(avg_X < 3140000.0000) };4.52957e-01;1.00000e+00;1.00000e+00;Pipeline { filter(avg_Y < 21200000.0000) };7.31092e-01;1.00000e+00;8.17732e-01;Pipeline { filter(avg_X > 0.0040) };7.31092e-01;1.00000e+00;8.17732e-01;Pipeline { filter(avg_X > 5950.0000) };7.31092e-01;1.00000e+00;8.17732e-01;Pipeline { filter(avg_X > 0.0040) }
datasets/geolife_60mins.csv;nsga2;1;31;3100;3100;8.34650e+01;100;100;100;1.00000e+00;9.90000e-01;7.00000e-02;8.21849e-01;9.99598e-01;6.95525e-01;Pipeline { filter(avg_X < 376000.0000) | filter(avg_X < 38800000.0000) | filter(avg_X > 2.1800) };7.31646e-01;1.00000e+00;8.17731e-01;Pipeline { filter(avg_Y < 223000000.0000) | filter(avg_X > 3.1800) | filter(avg_X < 3140000.0000) };4.52957e-01;1.00000e+00;1.00000e+00;Pipeline { filter(avg_Y < 21200000.0000) };7.31092e-01;1.00000e+00;8.17732e-01;Pipeline { filter(avg_X > 94.8000) };7.31092e-01;1.00000e+00;8.17732e-01;Pipeline { filter(avg_X > 35.1000) };7.31092e-01;1.00000e+00;8.17732e-01;Pipeline { filter(avg_X > 94.8000) }
datasets/geolife_60mins.csv;nsga2;1;32;3200;3200;8.60510e+01;100;100;100;1.00000e+00;9.90000e-01;7.00000e-02;8.21849e-01;9.99598e-01;6.95525e-01;Pipeline { filter(avg_X < 376000.0000) | filter(avg_X < 38800000.0000) | filter(avg_X > 2.1800) };7.31646e-01;1.00000e+00;8.17731e-01;Pipeline { filter(avg_Y < 223000000.0000) | filter(avg_X > 3.1800) | filter(avg_X < 3140000.0000) };4.52957e-01;1.00000e+00;1.00000e+00;Pipeline { filter(avg_Y < 21200000.0000) };7.31092e-01;1.00000e+00;8.17732e-01;Pipeline { filter(avg_X > 0.0000) };7.31092e-01;1.00000e+00;8.17732e-01;Pipeline { filter(avg_X > 0.0001) };7.31092e-01;1.00000e+00;8.17732e-01;Pipeline { filter(avg_X > 0.0000) }
datasets/geolife_60mins.csv;nsga2;1;33;3300;3300;8.86180e+01;100;100;100;1.00000e+00;9.80000e-01;7.00000e-02;8.21849e-01;9.99598e-01;6.95525e-01;Pipeline { filter(avg_X < 376000.0000) | filter(avg_X < 38800000.0000) | filter(avg_X > 2.1800) };7.31646e-01;1.00000e+00;8.17731e-01;Pipeline { filter(avg_Y < 223000000.0000) | filter(avg_X > 3.1800) | filter(avg_X < 3140000.0000) };4.52957e-01;1.00000e+00;1.00000e+00;Pipeline { filter(avg_Y < 21200000.0000) };7.31092e-01;1.00000e+00;8.17732e-01;Pipeline { filter(avg_X > 0.7380) };7.31092e-01;1.00000e+00;8.17732e-01;Pipeline { filter(avg_X > 0.0000) };7.31092e-01;1.00000e+00;8.17732e-01;Pipeline { filter(avg_X > 0.7380) }
datasets/geolife_60mins.csv;nsga2;1;34;3400;3400;9.11440e+01;100;100;100;1.00000e+00;9.90000e-01;8.00000e-02;8.21849e-01;9.99598e-01;6.95525e-01;Pipeline { filter(avg_X < 376000.0000) | filter(avg_X < 38800000.0000) | filter(avg_X > 2.1800) };7.31646e-01;1.00000e+00;8.17731e-01;Pipeline { filter(avg_Y < 223000000.0000) | filter(avg_X > 3.1800) | filter(avg_X < 3140000.0000) };4.52957e-01;1.00000e+00;1.00000e+00;Pipeline { filter(avg_Y < 21200000.0000) };7.31092e-01;1.00000e+00;8.17732e-01;Pipeline { filter(avg_X > 0.0004) | filter(avg_X > 0.0009) | filter(avg_X > 0.1200) };7.31092e-01;1.00000e+00;8.17732e-01;Pipeline { filter(avg_X > 0.0741) };7.31092e-01;1.00000e+00;8.17732e-01;Pipeline { filter(avg_X > 0.0004) | filter(avg_X > 0.0009) | filter(avg_X > 0.1200) }
datasets/geolife_60mins.csv;nsga2;1;35;3500;3500;9.36790e+01;100;100;100;1.00000e+00;9.90000e-01;8.00000e-02;8.21849e-01;9.99598e-01;6.95525e-01;Pipeline { filter(avg_X < 376000.0000) | filter(avg_X < 38800000.0000) | filter(avg_X > 2.1800) };7.31646e-01;1.00000e+00;8.17731e-01;Pipeline { filter(avg_Y < 223000000.0000) | filter(avg_X > 3.1800) | filter(avg_X < 3140000.0000) };4.52957e-01;1.00000e+00;1.00000e+00;Pipeline { filter(avg_Y < 21200000.0000) };7.31092e-01;1.00000e+00;8.17732e-01;Pipeline { filter(avg_X > 0.0000) };7.31092e-01;1.00000e+00;8.17732e-01;Pipeline { filter(avg_X > 7.6900) };7.31092e-01;1.00000e+00;8.17732e-01;Pipeline { filter(avg_X > 0.0000) }
datasets/geolife_60mins.csv;nsga2;1;36;3600;3600;9.63260e+01;100;100;100;1.00000e+00;1.00000e+00;8.00000e-02;8.21849e-01;9.99598e-01;6.95525e-01;Pipeline { filter(avg_X < 376000.0000) | filter(avg_X < 38800000.0000) | filter(avg_X > 2.1800) };7.31646e-01;1.00000e+00;8.17731e-01;Pipeline { filter(avg_Y < 223000000.0000) | filter(avg_X > 3.1800) | filter(avg_X < 3140000.0000) };4.52957e-01;1.00000e+00;1.00000e+00;Pipeline { filter(avg_X < 32000000.0000) };7.31092e-01;1.00000e+00;8.17732e-01;Pipeline { filter(avg_X > 0.0001) };7.31092e-01;1.00000e+00;8.17732e-01;Pipeline { filter(avg_X > 0.0001) };7.31092e-01;1.00000e+00;8.17732e-01;Pipeline { filter(avg_X > 0.0001) }
datasets/geolife_60mins.csv;nsga2;1;37;3700;3700;9.91540e+01;100;100;100;1.00000e+00;1.00000e+00;9.00000e-02;8.24849e-01;1.00000e+00;7.03119e-01;Pipeline { filter(avg_Y > 0.0003) | filter(avg_X > 4300.0000) | filter(avg_Y < 869000.0000) };6.64730e-01;1.00000e+00;9.75660e-01;Pipeline { filter(avg_Y < 2120000.0000) };4.52957e-01;1.00000e+00;1.00000e+00;Pipeline { filter(avg_X < 32000000.0000) };7.31092e-01;1.00000e+00;8.17732e-01;Pipeline { filter(avg_X > 82.1000) };7.31092e-01;1.00000e+00;8.17732e-01;Pipeline { filter(avg_X > 0.0004) | filter(avg_X > 0.0009) | filter(avg_Y < 169000000.0000) };7.31092e-01;1.00000e+00;8.17732e-01;Pipeline { filter(avg_X > 9.6900) }
datasets/geolife_60mins.csv;nsga2;1;38;3800;3800;1.01753e+02;100;100;100;1.00000e+00;9.90000e-01;9.00000e-02;8.24849e-01;1.00000e+00;7.03119e-01;Pipeline { filter(avg_Y > 0.0003) | filter(avg_X > 4300.0000) | filter(avg_Y < 869000.0000) };7.31646e-01;1.00000e+00;8.17731e-01;Pipeline { filter(avg_X < 2950000.0000) | filter(avg_X > 3.1800) | filter(avg_X > 0.0000) };4.52957e-01;1.00000e+00;1.00000e+00;Pipeline { filter(avg_X < 32000000.0000) };7.31092e-01;1.00000e+00;8.17732e-01;Pipeline { filter(avg_X > 0.9830) };7.31092e-01;1.00000e+00;8.17732e-01;Pipeline { filter(avg_X > 0.0000) };7.31092e-01;1.00000e+00;8.17732e-01;Pipeline { filter(avg_X > 0.0000) }
datasets/geolife_60mins.csv;nsga2;1;39;3900;3900;1.04456e+02;100;100;100;1.00000e+00;1.00000e+00;9.00000e-02;8.24849e-01;1.00000e+00;7.03119e-01;Pipeline { filter(avg_Y > 0.0003) | filter(avg_X > 4300.0000) | filter(avg_Y < 869000.0000) };7.31646e-01;1.00000e+00;8.17731e-01;Pipeline { filter(avg_X < 2950000.0000) | filter(avg_X > 3.1800) | filter(avg_X > 0.0000) };4.52957e-01;1.00000e+00;1.00000e+00;Pipeline { filter(avg_X < 32000000.0000) };7.31092e-01;1.00000e+00;8.17732e-01;Pipeline { filter(avg_X > 9.4700) };7.31092e-01;1.00000e+00;8.17732e-01;Pipeline { filter(avg_X > 0.0090) };7.31092e-01;1.00000e+00;8.17732e-01;Pipeline { filter(avg_X > 3.6900) }
datasets/geolife_60mins.csv;nsga2;1;40;4000;4000;1.07069e+02;100;100;100;1.00000e+00;9.80000e-01;9.00000e-02;8.24849e-01;1.00000e+00;7.03119e-01;Pipeline { filter(avg_Y > 0.0003) | filter(avg_X > 4300.0000) | filter(avg_Y < 869000.0000) };6.64730e-01;1.00000e+00;9.75660e-01;Pipeline { filter(avg_Y < 2120000.0000) };4.52957e-01;1.00000e+00;1.00000e+00;Pipeline { filter(avg_X < 32000000.0000) };7.31092e-01;1.00000e+00;8.17732e-01;Pipeline { filter(avg_X > 0.0000) };7.31092e-01;1.00000e+00;8.17732e-01;Pipeline { filter(avg_X > 0.0000) };7.31092e-01;1.00000e+00;8.17732e-01;Pipeline { filter(avg_X > 0.0058) }
datasets/geolife_60mins.csv;nsga2;1;41;4100;4100;1.09681e+02;100;100;100;1.00000e+00;1.00000e+00;9.00000e-02;8.24849e-01;1.00000e+00;7.03119e-01;Pipeline { filter(avg_Y > 0.0003) | filter(avg_X > 4300.0000) | filter(avg_Y < 869000.0000) };7.31646e-01;1.00000e+00;8.17731e-01;Pipeline { filter(avg_Y < 223000000.0000) | filter(avg_X > 3.6800) | filter(avg_X < 3140000.0000) };4.52957e-01;1.00000e+00;1.00000e+00;Pipeline { filter(avg_X < 32000000.0000) };7.31092e-01;1.00000e+00;8.17732e-01;Pipeline { filter(avg_X > 0.0000) };7.31092e-01;1.00000e+00;8.17732e-01;Pipeline { filter(avg_X > 280.0000) | filter(avg_X > 0.0000) | filter(avg_X > 0.0009) };7.31092e-01;1.00000e+00;8.17732e-01;Pipeline { filter(avg_X > 8.9100) }
datasets/geolife_60mins.csv;nsga2;1;42;4200;4200;1.12703e+02;100;100;100;1.00000e+00;1.00000e+00;9.00000e-02;8.24849e-01;1.00000e+00;7.03119e-01;Pipeline { filter(avg_Y > 0.0003) | filter(avg_X > 4300.0000) | filter(avg_Y < 869000.0000) };6.64730e-01;1.00000e+00;9.75660e-01;Pipeline { filter(avg_Y < 2120000.0000) };4.52957e-01;1.00000e+00;1.00000e+00;Pipeline { filter(avg_X < 32000000.0000) };7.31092e-01;1.00000e+00;8.17732e-01;Pipeline { filter(avg_X > 0.0078) };7.31092e-01;1.00000e+00;8.17732e-01;Pipeline { filter(avg_X > 0.0000) };7.31092e-01;1.00000e+00;8.17732e-01;Pipeline { filter(avg_X > 0.0001) }
datasets/geolife_60mins.csv;nsga2;1;43;4300;4300;1.15508e+02;100;100;100;1.00000e+00;9.90000e-01;9.00000e-02;8.24849e-01;1.00000e+00;7.03119e-01;Pipeline { filter(avg_Y > 0.0003) | filter(avg_X > 4300.0000) | filter(avg_Y < 869000.0000) };7.31646e-01;1.00000e+00;8.17731e-01;Pipeline { filter(avg_X < 4300000.0000) | filter(avg_X > 0.0085) | filter(avg_X > 0.0003) };4.52957e-01;1.00000e+00;1.00000e+00;Pipeline { filter(avg_X < 32000000.0000) };7.31092e-01;1.00000e+00;8.17732e-01;Pipeline { filter(avg_X > 782.0000) };7.31092e-01;1.00000e+00;8.17732e-01;Pipeline { filter(avg_X > 0.0064) };7.31092e-01;1.00000e+00;8.17732e-01;Pipeline { filter(avg_X > 0.0280) | filter(avg_X > 0.0000) | filter(avg_X > 0.0060) }
datasets/geolife_60mins.csv;nsga2;1;44;4400;4400;1.18403e+02;100;100;100;1.00000e+00;9.90000e-01;9.00000e-02;8.24849e-01;1.00000e+00;7.03119e-01;Pipeline { filter(avg_Y > 0.0003) | filter(avg_X > 4300.0000) | filter(avg_Y < 869000.0000) };6.64730e-01;1.00000e+00;9.75660e-01;Pipeline { filter(avg_Y < 2120000.0000) };4.52957e-01;1.00000e+00;1.00000e+00;Pipeline { filter(avg_X < 32000000.0000) };7.31092e-01;1.00000e+00;8.17732e-01;Pipeline { filter(avg_X > 8.4800) };7.31092e-01;1.00000e+00;8.17732e-01;Pipeline { filter(avg_X > 0.0000) | filter(avg_X > 0.0000) | filter(avg_X > 0.0060) };7.31092e-01;1.00000e+00;8.17732e-01;Pipeline { filter(avg_X > 0.8500) }
datasets/geolife_60mins.csv;nsga2;1;45;4500;4500;1.21075e+02;100;100;100;1.00000e+00;9.90000e-01;9.00000e-02;8.24849e-01;1.00000e+00;7.03119e-01;Pipeline { filter(avg_Y > 0.0003) | filter(avg_X > 4300.0000) | filter(avg_Y < 869000.0000) };7.31646e-01;1.00000e+00;8.17731e-01;Pipeline { filter(avg_Y < 223000000.0000) | filter(avg_X > 3.6800) | filter(avg_X < 3140000.0000) };4.52957e-01;1.00000e+00;1.00000e+00;Pipeline { filter(avg_X < 32000000.0000) };7.31092e-01;1.00000e+00;8.17732e-01;Pipeline { filter(avg_X > 5.7900) };7.31092e-01;1.00000e+00;8.17732e-01;Pipeline { filter(avg_X > 0.0648) };7.31092e-01;1.00000e+00;8.17732e-01;Pipeline { filter(avg_X > 0.0036) }
datasets/geolife_60mins.csv;nsga2;1;46;4600;4600;1.23925e+02;100;100;100;1.00000e+00;9.80000e-01;9.00000e-02;8.24849e-01;1.00000e+00;7.03119e-01;Pipeline { filter(avg_Y > 0.0003) | filter(avg_X > 4300.0000) | filter(avg_Y < 869000.0000) };6.64730e-01;1.00000e+00;9.75660e-01;Pipeline { filter(avg_Y < 2120000.0000) };4.52957e-01;1.00000e+00;1.00000e+00;Pipeline { filter(avg_X < 32000000.0000) };7.31092e-01;1.00000e+00;8.17732e-01;Pipeline { filter(avg_X > 0.0043) };7.31092e-01;1.00000e+00;8.17732e-01;Pipeline { filter(avg_X > 0.0010) };7.31092e-01;1.00000e+00;8.17732e-01;Pipeline { filter(avg_X > 0.0000) }
datasets/geolife_60mins.csv;nsga2;1;47;4700;4700;1.26656e+02;100;100;100;1.00000e+00;9.90000e-01;9.00000e-02;8.24849e-01;1.00000e+00;7.03119e-01;Pipeline { filter(avg_Y > 0.0003) | filter(avg_X > 4300.0000) | filter(avg_Y < 869000.0000) };7.31646e-01;1.00000e+00;8.17731e-01;Pipeline { filter(avg_X < 4300000.0000) | filter(avg_X > 0.0085) | filter(avg_X > 0.0003) };4.52957e-01;1.00000e+00;1.00000e+00;Pipeline { filter(avg_X < 32000000.0000) };7.31092e-01;1.00000e+00;8.17732e-01;Pipeline { filter(avg_X > 8.4200) };7.31092e-01;1.00000e+00;8.17732e-01;Pipeline { filter(avg_X > 1.7600) };7.31092e-01;1.00000e+00;8.17732e-01;Pipeline { filter(avg_X > 0.0026) }
datasets/geolife_60mins.csv;nsga2;1;48;4800;4800;1.29297e+02;100;100;100;1.00000e+00;9.90000e-01;9.00000e-02;8.24849e-01;1.00000e+00;7.03119e-01;Pipeline { filter(avg_Y > 0.0003) | filter(avg_X > 4300.0000) | filter(avg_Y < 869000.0000) };6.64730e-01;1.00000e+00;9.75660e-01;Pipeline { filter(avg_Y < 2120000.0000) };4.52957e-01;1.00000e+00;1.00000e+00;Pipeline { filter(avg_X < 32000000.0000) };7.31092e-01;1.00000e+00;8.17732e-01;Pipeline { filter(avg_X > 0.0000) };7.31092e-01;1.00000e+00;8.17732e-01;Pipeline { filter(avg_X > 874.0000) | filter(avg_X > 0.0048) | filter(avg_X > 0.0000) };7.31092e-01;1.00000e+00;8.17732e-01;Pipeline { filter(avg_X > 0.7990) }
datasets/geolife_60mins.csv;nsga2;1;49;4900;4900;1.31993e+02;100;100;100;1.00000e+00;9.80000e-01;9.00000e-02;8.24849e-01;1.00000e+00;7.03119e-01;Pipeline { filter(avg_Y > 0.0003) | filter(avg_X > 4300.0000) | filter(avg_Y < 869000.0000) };7.31646e-01;1.00000e+00;8.17731e-01;Pipeline { filter(avg_Y < 223000000.0000) | filter(avg_X > 3.6800) | filter(avg_X < 3140000.0000) };4.52957e-01;1.00000e+00;1.00000e+00;Pipeline { filter(avg_X < 32000000.0000) };7.31092e-01;1.00000e+00;8.17732e-01;Pipeline { filter(avg_X > 0.0002) };7.31092e-01;1.00000e+00;8.17732e-01;Pipeline { filter(avg_X > 0.0600) | filter(avg_X > 0.0000) | filter(avg_X > 736.0000) };7.31092e-01;1.00000e+00;8.17732e-01;Pipeline { filter(avg_X > 9.9100) }
datasets/geolife_60mins.csv;nsga2;1;50;5000;5000;1.34730e+02;100;100;100;1.00000e+00;1.00000e+00;9.00000e-02;8.24849e-01;1.00000e+00;7.03119e-01;Pipeline { filter(avg_Y > 0.0003) | filter(avg_X > 4300.0000) | filter(avg_Y < 869000.0000) };6.64730e-01;1.00000e+00;9.75660e-01;Pipeline { filter(avg_Y < 2120000.0000) };4.52957e-01;1.00000e+00;1.00000e+00;Pipeline { filter(avg_X < 32000000.0000) };7.31092e-01;1.00000e+00;8.17732e-01;Pipeline { filter(avg_X > 0.0000) };7.31092e-01;1.00000e+00;8.17732e-01;Pipeline { filter(avg_X > 874.0000) | filter(avg_X > 0.0041) | filter(avg_X > 0.0005) };7.31092e-01;1.00000e+00;8.17732e-01;Pipeline { filter(avg_X > 5.7200) }
datasets/geolife_60mins.csv;nsga2;2;1;100;100;2.16800e+00;100;7;67;1.00000e+00;1.00000e+00;1.70000e-01;7.31092e-01;1.00000e+00;8.17732e-01;Pipeline { filter(avg_X > 0.0292) };4.14159e-01;1.00000e+00;7.26589e-01;Pipeline { filter(avg_Y > 55.5000) };4.52957e-01;1.00000e+00;1.00000e+00;Pipeline { filter(avg_Y < 575000000.0000) };1.92867e-02;0.00000e+00;1.71560e-02;Pipeline { filter(avg_Y < 0.0001) | filter(avg_Y < 0.0000) | filter(avg_X < 0.0000) | filter(avg_X < 757.0000) | filter(avg_Y < 0.0000) };0.00000e+00;0.00000e+00;0.00000e+00;Pipeline { filter(avg_X > 0.0000) | filter(avg_Y < 712.0000) | filter(avg_X > 0.0000) | filter(avg_Y > 0.7120) | filter(avg_X < 0.0000) | filter(avg_Y < 0.7200) | filter(avg_Y > 0.0000) };2.65920e-02;0.00000e+00;1.32638e-02;Pipeline { filter(avg_X > 0.0077) | filter(avg_Y < 40700000.0000) | filter(avg_X < 37100000.0000) | filter(avg_Y < 96000.0000) | filter(avg_Y > 0.0000) }
datasets/geolife_60mins.csv;nsga2;2;2;200;200;4.29900e+00;100;15;21;1.00000e+00;1.00000e+00;2.50000e-01;7.31092e-01;1.00000e+00;8.17732e-01;Pipeline { filter(avg_X > 128.0000) };4.14118e-01;1.00000e+00;7.26495e-01;Pipeline { filter(avg_Y > 932.0000) };4.52957e-01;1.00000e+00;1.00000e+00;Pipeline { filter(avg_Y < 319000000.0000) };4.14168e-01;1.00000e+00;7.26608e-01;Pipeline { filter(avg_Y > 0.0001) };7.31092e-01;1.00000e+00;8.17732e-01;Pipeline { filter(avg_X > 0.6910) };4.14168e-01;1.00000e+00;7.26608e-01;Pipeline { filter(avg_Y > 0.0001) }
datasets/geolife_60mins.csv;nsga2;2;3;300;300;6.69400e+00;100;34;2;1.00000e+00;1.00000e+00;1.70000e-01;7.31092e-01;1.00000e+00;8.17732e-01;Pipeline { filter(avg_X > 134.0000) };4.13922e-01;1.00000e+00;7.26021e-01;Pipeline { filter(avg_Y > 6500.0000) };4.52957e-01;1.00000e+00;1.00000e+00;Pipeline { filter(avg_X < 87000000.0000) };6.81526e-01;9.99821e-01;6.95852e-01;Pipeline { filter(avg_X > 0.6650) | filter(avg_Y > 62200.0000) };4.14168e-01;1.00000e+00;7.26608e-01;Pipeline { filter(avg_Y > 0.0007) };7.31092e-01;1.00000e+00;8.17732e-01;Pipeline { filter(avg_X > 1.8500) }
datasets/geolife_60mins.csv;nsga2;2;4;400;400;9.43300e+00;100;62;28;1.00000e+00;1.00000e+00;1.40000e-01;7.31092e-01;1.00000e+00;8.17732e-01;Pipeline { filter(avg_X > 0.0003) };4.14168e-01;1.00000e+00;7.26608e-01;Pipeline { filter(avg_Y > 0.0007) };4.52957e-01;1.00000e+00;1.00000e+00;Pipeline { filter(avg_X < 319000000.0000) };7.31092e-01;1.00000e+00;8.17732e-01;Pipeline { filter(avg_X > 0.0004) };4.14168e-01;1.00000e+00;7.26608e-01;Pipeline { filter(avg_Y > 0.0072) };6.62575e-01;1.00000e+00;8.89252e-01;Pipeline { filter(avg_Y < 476000.0000) }
datasets/geolife_60mins.csv;nsga2;2;5;500;500;1.23930e+01;100;100;100;1.00000e+00;1.00000e+00;3.00000e-02;7.31092e-01;1.00000e+00;8.17732e-01;Pipeline { filter(avg_X > 0.0292) };6.65763e-01;1.00000e+00;9.11305e-01;Pipeline { filter(avg_Y < 657000.0000) };4.52957e-01;1.00000e+00;1.00000e+00;Pipeline { filter(avg_Y < 575000000.0000) };7.31092e-01;1.00000e+00;8.17732e-01;Pipeline { filter(avg_X > 0.0008) };7.31092e-01;1.00000e+00;8.17732e-01;Pipeline { filter(avg_X > 630.0000) };4.52957e-01;1.00000e+00;1.00000e+00;Pipeline { filter(avg_Y < 3990000.0000) }
datasets/geolife_60mins.csv;nsga2;2;6;600;600;1.51220e+01;100;100;100;1.00000e+00;1.00000e+00;3.00000e-02;7.31092e-01;1.00000e+00;8.17732e-01;Pipeline { filter(avg_X > 15.7000) };6.65763e-01;1.00000e+00;9.11305e-01;Pipeline { filter(avg_Y < 647000.0000) };4.52957e-01;1.00000e+00;1.00000e+00;Pipeline { filter(avg_Y < 515000000.0000) };7.31092e-01;1.00000e+00;8.17732e-01;Pipeline { filter(avg_X > 0.0907) };7.31092e-01;1.00000e+00;8.17732e-01;Pipeline { filter(avg_X > 0.0194) };4.52957e-01;1.00000e+00;1.00000e+00;Pipeline { filter(avg_X < 319000000.0000) }
datasets/geolife_60mins.csv;nsga2;2;7;700;700;1.77520e+01;100;100;100;1.00000e+00;1.00000e+00;3.00000e-02;7.31092e-01;1.00000e+00;8.17732e-01;Pipeline { filter(avg_X > 0.0000) };6.65763e-01;1.00000e+00;9.11305e-01;Pipeline { filter(avg_Y < 657000.0000) };4.52957e-01;1.00000e+00;1.00000e+00;Pipeline { filter(avg_X < 87500000.0000) };7.31092e-01;1.00000e+00;8.17732e-01;Pipeline { filter(avg_X > 0.8700) };7.31092e-01;1.00000e+00;8.17732e-01;Pipeline { filter(avg_X > 0.0990) };4.52957e-01;1.00000e+00;1.00000e+00;Pipeline { filter(avg_X < 31900000.0000) }
datasets/geolife_60mins.csv;nsga2;2;8;800;800;2.02420e+01;100;100;100;1.00000e+00;1.00000e+00;3.00000e-02;7.31092e-01;1.00000e+00;8.17732e-01;Pipeline { filter(avg_X > 0.0000) };6.65763e-01;1.00000e+00;9.11305e-01;Pipeline { filter(avg_Y < 647000.0000) };4.52957e-01;1.00000e+00;1.00000e+00;Pipeline { filter(avg_X < 3560000000.0000) };4.52957e-01;1.00000e+00;1.00000e+00;Pipeline { filter(avg_X < 5330000000.0000) };4.52957e-01;1.00000e+00;1.00000e+00;Pipeline { filter(avg_X < 5330000000.0000) };4.52957e-01;1.00000e+00;1.00000e+00;Pipeline { filter(avg_X < 8200000000.0000) }
datasets/geolife_60mins.csv;nsga2;2;9;900;900;2.26460e+01;100;100;100;1.00000e+00;1.00000e+00;3.00000e-02;7.31092e-01;1.00000e+00;8.17732e-01;Pipeline { filter(avg_X > 0.0000) };6.65763e-01;1.00000e+00;9.11305e-01;Pipeline { filter(avg_Y < 657000.0000) };4.52957e-01;1.00000e+00;1.00000e+00;Pipeline { filter(avg_Y < 329000000.0000) };4.52957e-01;1.00000e+00;1.00000e+00;Pipeline { filter(avg_Y < 5000000000.0000) };4.52957e-01;1.00000e+00;1.00000e+00;Pipeline { filter(avg_Y < 5000000000.0000) };4.52957e-01;1.00000e+00;1.00000e+00;Pipeline { filter(avg_Y < 9170000000.0000) }
datasets/geolife_60mins.csv;nsga2;2;10;1000;1000;2.50670e+01;100;100;100;1.00000e+00;1.00000e+00;3.00000e-02;7.31092e-01;1.00000e+00;8.17732e-01;Pipeline { filter(avg_X > 0.0000) };6.65763e-01;1.00000e+00;9.11305e-01;Pipeline { filter(avg_Y < 647000.0000) };4.52957e-01;1.00000e+00;1.00000e+00;Pipeline { filter(avg_X < 8300000000.0000) };4.52957e-01;1.00000e+00;1.00000e+00;Pipeline { filter(avg_X < 99700000.0000) };4.52957e-01;1.00000e+00;1.00000e+00;Pipeline { filter(avg_X < 99700000.0000) };4.52957e-01;1.00000e+00;1.00000e+00;Pipeline { filter(avg_Y < 19700000.0000) }
datasets/geolife_60mins.csv;nsga2;2;11;1100;1100;2.75390e+01;100;100;100;1.00000e+00;1.00000e+00;3.00000e-02;7.31092e-01;1.00000e+00;8.17732e-01;Pipeline { filter(avg_X > 0.0000) };6.70825e-01;1.00000e+00;9.53084e-01;Pipeline { filter(avg_Y < 966000.0000) };4.52957e-01;1.00000e+00;1.00000e+00;Pipeline { filter(avg_Y < 46100000.0000) };4.52957e-01;1.00000e+00;1.00000e+00;Pipeline { filter(avg_Y < 2420000000.0000) };4.52957e-01;1.00000e+00;1.00000e+00;Pipeline { filter(avg_Y < 2420000000.0000) };4.52957e-01;1.00000e+00;1.00000e+00;Pipeline { filter(avg_Y < 205000000.0000) }
datasets/geolife_60mins.csv;nsga2;2;12;1200;1200;2.99430e+01;100;100;100;1.00000e+00;1.00000e+00;3.00000e-02;7.31092e-01;1.00000e+00;8.17732e-01;Pipeline { filter(avg_X > 0.0000) };6.70825e-01;1.00000e+00;9.53084e-01;Pipeline { filter(avg_Y < 966000.0000) };4.52957e-01;1.00000e+00;1.00000e+00;Pipeline { filter(avg_Y < 3110000000.0000) };4.52957e-01;1.00000e+00;1.00000e+00;Pipeline { filter(avg_Y < 77900000.0000) };4.52957e-01;1.00000e+00;1.00000e+00;Pipeline { filter(avg_Y < 77900000.0000) };4.52957e-01;1.00000e+00;1.00000e+00;Pipeline { filter(avg_X < 66700000.0000) }
datasets/geolife_60mins.csv;nsga2;2;13;1300;1300;3.25130e+01;100;100;100;1.00000e+00;1.00000e+00;3.00000e-02;7.31092e-01;1.00000e+00;8.17732e-01;Pipeline { filter(avg_X > 0.0000) };6.70825e-01;1.00000e+00;9.53084e-01;Pipeline { filter(avg_Y < 966000.0000) };4.52957e-01;1.00000e+00;1.00000e+00;Pipeline { filter(avg_Y < 7880000000.0000) };4.52957e-01;1.00000e+00;1.00000e+00;Pipeline { filter(avg_X < 33300000.0000) };4.52957e-01;1.00000e+00;1.00000e+00;Pipeline { filter(avg_X < 33300000.0000) };4.52957e-01;1.00000e+00;1.00000e+00;Pipeline { filter(avg_Y < 3290000000.0000) }
datasets/geolife_60mins.csv;nsga2;2;14;1400;1400;3.49150e+01;100;100;100;1.00000e+00;1.00000e+00;3.00000e-02;7.31092e-01;1.00000e+00;8.17732e-01;Pipeline { filter(avg_X > 0.0000) };6.70825e-01;1.00000e+00;9.53084e-01;Pipeline { filter(avg_Y < 966000.0000) };4.52957e-01;1.00000e+00;1.00000e+00;Pipeline { filter(avg_X < 12600000.0000) };4.52957e-01;1.00000e+00;1.00000e+00;Pipeline { filter(avg_Y < 7850000.0000) };4.52957e-01;1.00000e+00;1.00000e+00;Pipeline { filter(avg_Y < 7850000.0000) };4.52957e-01;1.00000e+00;1.00000e+00;Pipeline { filter(avg_Y < 92900000.0000) }
datasets/geolife_60mins.csv;nsga2;2;15;1500;1500;3.75560e+01;100;100;100;1.00000e+00;1.00000e+00;3.00000e-02;7.31092e-01;1.00000e+00;8.17732e-01;Pipeline { filter(avg_X > 0.0000) };6.70825e-01;1.00000e+00;9.53084e-01;Pipeline { filter(avg_Y < 966000.0000) };4.52957e-01;1.00000e+00;1.00000e+00;Pipeline { filter(avg_X < 37700000.0000) };4.52957e-01;1.00000e+00;1.00000e+00;Pipeline { filter(avg_Y < 8930000000.0000) };4.52957e-01;1.00000e+00;1.00000e+00;Pipeline { filter(avg_Y < 8930000000.0000) };4.52957e-01;1.00000e+00;1.00000e+00;Pipeline { filter(avg_Y < 920000000.0000) }
datasets/geolife_60mins.csv;nsga2;2;16;1600;1600;4.01110e+01;100;100;100;1.00000e+00;1.00000e+00;4.00000e-02;7.31092e-01;1.00000e+00;8.17732e-01;Pipeline { filter(avg_X > 0.0000) };4.65348e-01;1.00000e+00;9.93639e-01;Pipeline { filter(avg_Y < 2480000.0000) };4.52957e-01;1.00000e+00;1.00000e+00;Pipeline { filter(avg_X < 8160000000.0000) };4.52957e-01;1.00000e+00;1.00000e+00;Pipeline { filter(avg_Y < 32800000.0000) };4.52957e-01;1.00000e+00;1.00000e+00;Pipeline { filter(avg_Y < 32800000.0000) };4.52957e-01;1.00000e+00;1.00000e+00;Pipeline { filter(avg_Y < 7930000000.0000) }
datasets/geolife_60mins.csv;nsga2;2;17;1700;1700;4.26210e+01;100;100;100;1.00000e+00;1.00000e+00;4.00000e-02;7.31092e-01;1.00000e+00;8.17732e-01;Pipeline { filter(avg_X > 0.0000) };6.73088e-01;1.00000e+00;9.75067e-01;Pipeline { filter(avg_Y < 1480000.0000) };4.52957e-01;1.00000e+00;1.00000e+00;Pipeline { filter(avg_X < 1280000000.0000) };4.52957e-01;1.00000e+00;1.00000e+00;Pipeline { filter(avg_X < 8590000.0000) };4.52957e-01;1.00000e+00;1.00000e+00;Pipeline { filter(avg_Y < 9230000000.0000) };4.52957e-01;1.00000e+00;1.00000e+00;Pipeline { filter(avg_Y < 3230000000.0000) }
datasets/geolife_60mins.csv;nsga2;2;18;1800;1800;4.50580e+01;100;100;100;1.00000e+00;1.00000e+00;4.00000e-02;7.31092e-01;1.00000e+00;8.17732e-01;Pipeline { filter(avg_X > 0.0000) };4.65348e-01;1.00000e+00;9.93639e-01;Pipeline { filter(avg_Y < 2480000.0000) };4.52957e-01;1.00000e+00;1.00000e+00;Pipeline { filter(avg_X < 4690000000.0000) };4.52957e-01;1.00000e+00;1.00000e+00;Pipeline { filter(avg_X < 37700000.0000) };4.52957e-01;1.00000e+00;1.00000e+00;Pipeline { filter(avg_X < 37700000.0000) };4.52957e-01;1.00000e+00;1.00000e+00;Pipeline { filter(avg_Y < 836000000.0000) }
datasets/geolife_60mins.csv;nsga2;2;19;1900;1900;4.72480e+01;100;100;100;1.00000e+00;1.00000e+00;4.00000e-02;7.31092e-01;1.00000e+00;8.17732e-01;Pipeline { filter(avg_X > 0.0000) };6.73100e-01;1.00000e+00;9.75087e-01;Pipeline { filter(avg_Y < 1600000.0000) };4.52957e-01;1.00000e+00;1.00000e+00;Pipeline { filter(avg_X < 3550000000.0000) };4.52957e-01;1.00000e+00;1.00000e+00;Pipeline { filter(avg_Y < 31600000.0000) };4.52957e-01;1.00000e+00;1.00000e+00;Pipeline { filter(avg_Y < 31600000.0000) };4.52957e-01;1.00000e+00;1.00000e+00;Pipeline { filter(avg_Y < 57800000.0000) }
datasets/geolife_60mins.csv;nsga2;2;20;2000;2000;4.96260e+01;100;100;100;1.00000e+00;1.00000e+00;4.00000e-02;7.31092e-01;1.00000e+00;8.17732e-01;Pipeline { filter(avg_X > 0.0000) };4.65348e-01;1.00000e+00;9.93639e-01;Pipeline { filter(avg_Y < 2480000.0000) };4.52957e-01;1.00000e+00;1.00000e+00;Pipeline { filter(avg_X < 238000000.0000) };4.52957e-01;1.00000e+00;1.00000e+00;Pipeline { filter(avg_Y < 406000000.0000) };4.52957e-01;1.00000e+00;1.00000e+00;Pipeline { filter(avg_Y < 406000000.0000) };4.52957e-01;1.00000e+00;1.00000e+00;Pipeline { filter(avg_X < 203000000.0000) }
datasets/geolife_60mins.csv;nsga2;2;21;2100;2100;5.21550e+01;100;100;100;1.00000e+00;1.00000e+00;4.00000e-02;7.31092e-01;1.00000e+00;8.17732e-01;Pipeline { filter(avg_X > 604.0000) };6.73100e-01;1.00000e+00;9.75087e-01;Pipeline { filter(avg_Y < 1600000.0000) };4.52957e-01;1.00000e+00;1.00000e+00;Pipeline { filter(avg_X < 322000000.0000) };4.52957e-01;1.00000e+00;1.00000e+00;Pipeline { filter(avg_Y < 991000000.0000) };4.52957e-01;1.00000e+00;1.00000e+00;Pipeline { filter(avg_X < 55100000.0000) };4.52957e-01;1.00000e+00;1.00000e+00;Pipeline { filter(avg_X < 4630000000.0000) }
datasets/geolife_60mins.csv;nsga2;2;22;2200;2200;5.46490e+01;100;100;100;1.00000e+00;1.00000e+00;4.00000e-02;7.31092e-01;1.00000e+00;8.17732e-01;Pipeline { filter(avg_X > 604.0000) };4.65348e-01;1.00000e+00;9.93639e-01;Pipeline { filter(avg_Y < 2480000.0000) };4.52957e-01;1.00000e+00;1.00000e+00;Pipeline { filter(avg_X < 9550000.0000) };4.52957e-01;1.00000e+00;1.00000e+00;Pipeline { filter(avg_Y < 90500000.0000) };4.52957e-01;1.00000e+00;1.00000e+00;Pipeline { filter(avg_Y < 90500000.0000) };4.52957e-01;1.00000e+00;1.00000e+00;Pipeline { filter(avg_Y < 421000000.0000) }
datasets/geolife_60mins.csv;nsga2;2;23;2300;2300;5.71490e+01;100;100;100;1.00000e+00;1.00000e+00;4.00000e-02;7.31092e-01;1.00000e+00;8.17732e-01;Pipeline { filter(avg_X > 0.0000) };6.73100e-01;1.00000e+00;9.75087e-01;Pipeline { filter(avg_Y < 1600000.0000) };4.52957e-01;1.00000e+00;1.00000e+00;Pipeline { filter(avg_Y < 510000000.0000) };4.52957e-01;1.00000e+00;1.00000e+00;Pipeline { filter(avg_Y < 321000000.0000) };4.52957e-01;1.00000e+00;1.00000e+00;Pipeline { filter(avg_Y < 173000000.0000) };4.52957e-01;1.00000e+00;1.00000e+00;Pipeline { filter(avg_X < 1760000000.0000) }
datasets/geolife_60mins.csv;nsga2;2;24;2400;2400;5.97300e+01;100;100;100;1.00000e+00;1.00000e+00;4.00000e-02;7.31092e-01;1.00000e+00;8.17732e-01;Pipeline { filter(avg_X > 0.0000) };4.65348e-01;1.00000e+00;9.93639e-01;Pipeline { filter(avg_Y < 2480000.0000) };4.52957e-01;1.00000e+00;1.00000e+00;Pipeline { filter(avg_Y < 977000000.0000) };4.52957e-01;1.00000e+00;1.00000e+00;Pipeline { filter(avg_X < 321000000.0000) };4.52957e-01;1.00000e+00;1.00000e+00;Pipeline { filter(avg_X < 321000000.0000) };4.52957e-01;1.00000e+00;1.00000e+00;Pipeline { filter(avg_X < 49600000.0000) }
datasets/geolife_60mins.csv;nsga2;2;25;2500;2500;6.21460e+01;100;100;100;1.00000e+00;1.00000e+00;5.00000e-02;7.31092e-01;1.00000e+00;8.17732e-01;Pipeline { filter(avg_X > 0.0000) };6.73100e-01;1.00000e+00;9.75087e-01;Pipeline { filter(avg_Y < 1600000.0000) };4.52957e-01;1.00000e+00;1.00000e+00;Pipeline { filter(avg_Y < 8620000.0000) };4.52957e-01;1.00000e+00;1.00000e+00;Pipeline { filter(avg_Y < 221000000.0000) };4.52957e-01;1.00000e+00;1.00000e+00;Pipeline { filter(avg_Y < 221000000.0000) };4.52957e-01;1.00000e+00;1.00000e+00;Pipeline { filter(avg_Y < 6310000000.0000) }
datasets/geolife_60mins.csv;nsga2;2;26;2600;2600;6.45840e+01;100;100;100;1.00000e+00;1.00000e+00;5.00000e-02;7.31092e-01;1.00000e+00;8.17732e-01;Pipeline { filter(avg_X > 0.0000) };6.64706e-01;1.00000e+00;9.75627e-01;Pipeline { filter(avg_Y < 1970000.0000) };4.52957e-01;1.00000e+00;1.00000e+00;Pipeline { filter(avg_Y < 6570000.0000) };4.52957e-01;1.00000e+00;1.00000e+00;Pipeline { filter(avg_X < 820000000.0000) };4.52957e-01;1.00000e+00;1.00000e+00;Pipeline { filter(avg_X < 820000000.0000) };4.52957e-01;1.00000e+00;1.00000e+00;Pipeline { filter(avg_Y < 603000000.0000) }
datasets/geolife_60mins.csv;nsga2;2;27;2700;2700;6.70390e+01;100;100;100;1.00000e+00;1.00000e+00;5.00000e-02;7.31092e-01;1.00000e+00;8.17732e-01;Pipeline { filter(avg_X > 0.0000) };6.73100e-01;1.00000e+00;9.75087e-01;Pipeline { filter(avg_Y < 1600000.0000) };4.52957e-01;1.00000e+00;1.00000e+00;Pipeline { filter(avg_Y < 7950000000.0000) };4.52957e-01;1.00000e+00;1.00000e+00;Pipeline { filter(avg_Y < 54400000.0000) };4.52957e-01;1.00000e+00;1.00000e+00;Pipeline { filter(avg_Y < 54400000.0000) };4.52957e-01;1.00000e+00;1.00000e+00;Pipeline { filter(avg_X < 83800000.0000) }
datasets/geolife_60mins.csv;nsga2;2;28;2800;2800;6.94490e+01;100;100;100;1.00000e+00;1.00000e+00;5.00000e-02;7.31092e-01;1.00000e+00;8.17732e-01;Pipeline { filter(avg_X > 0.0000) };6.64706e-01;1.00000e+00;9.75627e-01;Pipeline { filter(avg_Y < 1970000.0000) };4.52957e-01;1.00000e+00;1.00000e+00;Pipeline { filter(avg_Y < 225000000.0000) };4.52957e-01;1.00000e+00;1.00000e+00;Pipeline { filter(avg_X < 766000000.0000) };4.52957e-01;1.00000e+00;1.00000e+00;Pipeline { filter(avg_X < 766000000.0000) };4.52957e-01;1.00000e+00;1.00000e+00;Pipeline { filter(avg_Y < 39700000.0000) }
datasets/geolife_60mins.csv;nsga2;2;29;2900;2900;7.17750e+01;100;100;100;1.00000e+00;1.00000e+00;5.00000e-02;7.31092e-01;1.00000e+00;8.17732e-01;Pipeline { filter(avg_X > 0.0000) };6.73100e-01;1.00000e+00;9.75087e-01;Pipeline { filter(avg_Y < 1600000.0000) };4.52957e-01;1.00000e+00;1.00000e+00;Pipeline { filter(avg_Y < 8920000.0000) };4.52957e-01;1.00000e+00;1.00000e+00;Pipeline { filter(avg_Y < 5000000000.0000) };4.52957e-01;1.00000e+00;1.00000e+00;Pipeline { filter(avg_Y < 5000000000.0000) };4.52957e-01;1.00000e+00;1.00000e+00;Pipeline { filter(avg_X < 140000000.0000) }
datasets/geolife_60mins.csv;nsga2;2;30;3000;3000;7.43970e+01;100;100;100;1.00000e+00;1.00000e+00;5.00000e-02;7.31092e-01;1.00000e+00;8.17732e-01;Pipeline { filter(avg_X > 0.0000) };6.64706e-01;1.00000e+00;9.75627e-01;Pipeline { filter(avg_Y < 1970000.0000) };4.52957e-01;1.00000e+00;1.00000e+00;Pipeline { filter(avg_X < 7720000000.0000) };4.52957e-01;1.00000e+00;1.00000e+00;Pipeline { filter(avg_Y < 5200000000.0000) };4.52957e-01;1.00000e+00;1.00000e+00;Pipeline { filter(avg_Y < 5200000000.0000) };4.52957e-01;1.00000e+00;1.00000e+00;Pipeline { filter(avg_X < 18000000.0000) }
datasets/geolife_60mins.csv;nsga2;2;31;3100;3100;7.72530e+01;100;100;100;1.00000e+00;1.00000e+00;5.00000e-02;7.31092e-01;1.00000e+00;8.17732e-01;Pipeline { filter(avg_X > 0.0000) };6.73100e-01;1.00000e+00;9.75087e-01;Pipeline { filter(avg_Y < 1600000.0000) };4.52957e-01;1.00000e+00;1.00000e+00;Pipeline { filter(avg_X < 603000000.0000) };4.52957e-01;1.00000e+00;1.00000e+00;Pipeline { filter(avg_Y < 75800000.0000) };4.52957e-01;1.00000e+00;1.00000e+00;Pipeline { filter(avg_Y < 75800000.0000) };4.52957e-01;1.00000e+00;1.00000e+00;Pipeline { filter(avg_X < 9520000.0000) }
datasets/geolife_60mins.csv;nsga2;2;32;3200;3200;7.95320e+01;100;100;100;1.00000e+00;1.00000e+00;5.00000e-02;7.31092e-01;1.00000e+00;8.17732e-01;Pipeline { filter(avg_X > 0.0000) };6.64706e-01;1.00000e+00;9.75627e-01;Pipeline { filter(avg_Y < 1970000.0000) };4.52957e-01;1.00000e+00;1.00000e+00;Pipeline { filter(avg_X < 8720000000.0000) };4.52957e-01;1.00000e+00;1.00000e+00;Pipeline { filter(avg_Y < 5920000.0000) };4.52957e-01;1.00000e+00;1.00000e+00;Pipeline { filter(avg_Y < 5920000.0000) };4.52957e-01;1.00000e+00;1.00000e+00;Pipeline { filter(avg_Y < 47500000.0000) }
datasets/geolife_60mins.csv;nsga2;2;33;3300;3300;8.20770e+01;100;100;100;1.00000e+00;1.00000e+00;5.00000e-02;7.31092e-01;1.00000e+00;8.17732e-01;Pipeline { filter(avg_X > 0.0000) };6.73100e-01;1.00000e+00;9.75087e-01;Pipeline { filter(avg_Y < 1600000.0000) };4.52957e-01;1.00000e+00;1.00000e+00;Pipeline { filter(avg_X < 24500000.0000) };4.52957e-01;1.00000e+00;1.00000e+00;Pipeline { filter(avg_Y < 284000000.0000) };4.52957e-01;1.00000e+00;1.00000e+00;Pipeline { filter(avg_Y < 284000000.0000) };4.52957e-01;1.00000e+00;1.00000e+00;Pipeline { filter(avg_X < 311000000.0000) }
datasets/geolife_60mins.csv;nsga2;2;34;3400;3400;8.45140e+01;100;100;100;1.00000e+00;1.00000e+00;5.00000e-02;7.31092e-01;1.00000e+00;8.17732e-01;Pipeline { filter(avg_X > 0.0000) };6.64706e-01;1.00000e+00;9.75627e-01;Pipeline { filter(avg_Y < 1970000.0000) };4.52957e-01;1.00000e+00;1.00000e+00;Pipeline { filter(avg_X < 849000000.0000) };4.52957e-01;1.00000e+00;1.00000e+00;Pipeline { filter(avg_X < 74000000.0000) };4.52957e-01;1.00000e+00;1.00000e+00;Pipeline { filter(avg_X < 74000000.0000) };4.52957e-01;1.00000e+00;1.00000e+00;Pipeline { filter(avg_X < 85400000.0000) }
datasets/geolife_60mins.csv;nsga2;2;35;3500;3500;8.69670e+01;100;100;100;1.00000e+00;1.00000e+00;5.00000e-02;7.31092e-01;1.00000e+00;8.17732e-01;Pipeline { filter(avg_X > 0.0000) };6.73100e-01;1.00000e+00;9.75087e-01;Pipeline { filter(avg_Y < 1600000.0000) };4.52957e-01;1.00000e+00;1.00000e+00;Pipeline { filter(avg_X < 72200000.0000) };4.52957e-01;1.00000e+00;1.00000e+00;Pipeline { filter(avg_X < 8920000000.0000) };4.52957e-01;1.00000e+00;1.00000e+00;Pipeline { filter(avg_X < 8920000000.0000) };4.52957e-01;1.00000e+00;1.00000e+00;Pipeline { filter(avg_X < 22800000.0000) }
datasets/geolife_60mins.csv;nsga2;2;36;3600;3600;8.91370e+01;100;100;100;1.00000e+00;1.00000e+00;5.00000e-02;7.31092e-01;1.00000e+00;8.17732e-01;Pipeline { filter(avg_X > 0.0000) };6.64706e-01;1.00000e+00;9.75627e-01;Pipeline { filter(avg_Y < 1970000.0000) };4.52957e-01;1.00000e+00;1.00000e+00;Pipeline { filter(avg_Y < 4450000.0000) };4.52957e-01;1.00000e+00;1.00000e+00;Pipeline { filter(avg_Y < 486000000.0000) };4.52957e-01;1.00000e+00;1.00000e+00;Pipeline { filter(avg_Y < 486000000.0000) };4.52957e-01;1.00000e+00;1.00000e+00;Pipeline { filter(avg_X < 986000000.0000) }
datasets/geolife_60mins.csv;nsga2;2;37;3700;3700;9.15490e+01;100;100;100;1.00000e+00;1.00000e+00;5.00000e-02;7.31092e-01;1.00000e+00;8.17732e-01;Pipeline { filter(avg_X > 0.0000) };6.73100e-01;1.00000e+00;9.75087e-01;Pipeline { filter(avg_Y < 1600000.0000) };4.52957e-01;1.00000e+00;1.00000e+00;Pipeline { filter(avg_Y < 3930000000.0000) };4.52957e-01;1.00000e+00;1.00000e+00;Pipeline { filter(avg_X < 52000000.0000) };4.52957e-01;1.00000e+00;1.00000e+00;Pipeline { filter(avg_X < 52000000.0000) };4.52957e-01;1.00000e+00;1.00000e+00;Pipeline { filter(avg_X < 6850000000.0000) }
datasets/geolife_60mins.csv;nsga2;2;38;3800;3800;9.39130e+01;100;100;100;1.00000e+00;1.00000e+00;5.00000e-02;7.31092e-01;1.00000e+00;8.17732e-01;Pipeline { filter(avg_X > 0.0000) };4.65348e-01;1.00000e+00;9.93639e-01;Pipeline { filter(avg_Y < 2480000.0000) };4.52957e-01;1.00000e+00;1.00000e+00;Pipeline { filter(avg_X < 627000000.0000) };4.52957e-01;1.00000e+00;1.00000e+00;Pipeline { filter(avg_Y < 2760000000.0000) };4.52957e-01;1.00000e+00;1.00000e+00;Pipeline { filter(avg_X < 72200000.0000) };4.52957e-01;1.00000e+00;1.00000e+00;Pipeline { filter(avg_X < 27000000.0000) }
datasets/geolife_60mins.csv;nsga2;2;39;3900;3900;9.62600e+01;100;100;100;1.00000e+00;1.00000e+00;6.00000e-02;7.31092e-01;1.00000e+00;8.17732e-01;Pipeline { filter(avg_X > 0.0000) };4.53988e-01;1.00000e+00;9.97043e-01;Pipeline { filter(avg_Y < 2650000.0000) };4.52957e-01;1.00000e+00;1.00000e+00;Pipeline { filter(avg_Y < 4150000.0000) };4.52957e-01;1.00000e+00;1.00000e+00;Pipeline { filter(avg_X < 7190000.0000) };4.52957e-01;1.00000e+00;1.00000e+00;Pipeline { filter(avg_X < 7190000.0000) };4.52957e-01;1.00000e+00;1.00000e+00;Pipeline { filter(avg_X < 442000000.0000) }
datasets/geolife_60mins.csv;nsga2;2;40;4000;4000;9.85020e+01;100;100;100;1.00000e+00;1.00000e+00;6.00000e-02;7.31092e-01;1.00000e+00;8.17732e-01;Pipeline { filter(avg_X > 0.0000) };6.73100e-01;1.00000e+00;9.75087e-01;Pipeline { filter(avg_Y < 1600000.0000) };4.52957e-01;1.00000e+00;1.00000e+00;Pipeline { filter(avg_Y < 930000000.0000) };4.52957e-01;1.00000e+00;1.00000e+00;Pipeline { filter(avg_X < 4180000000.0000) };4.52957e-01;1.00000e+00;1.00000e+00;Pipeline { filter(avg_X < 4180000000.0000) };4.52957e-01;1.00000e+00;1.00000e+00;Pipeline { filter(avg_X < 423000000.0000) }
datasets/geolife_60mins.csv;nsga2;2;41;4100;4100;1.00897e+02;100;100;100;1.00000e+00;1.00000e+00;6.00000e-02;7.31092e-01;1.00000e+00;8.17732e-01;Pipeline { filter(avg_X > 0.0000) };4.53988e-01;1.00000e+00;9.97043e-01;Pipeline { filter(avg_Y < 2650000.0000) };4.52957e-01;1.00000e+00;1.00000e+00;Pipeline { filter(avg_Y < 5930000000.0000) };4.52957e-01;1.00000e+00;1.00000e+00;Pipeline { filter(avg_Y < 4820000000.0000) };4.52957e-01;1.00000e+00;1.00000e+00;Pipeline { filter(avg_Y < 4820000000.0000) };4.52957e-01;1.00000e+00;1.00000e+00;Pipeline { filter(avg_X < 425000000.0000) }
datasets/geolife_60mins.csv;nsga2;2;42;4200;4200;1.03326e+02;100;100;100;1.00000e+00;1.00000e+00;6.00000e-02;7.31092e-01;1.00000e+00;8.17732e-01;Pipeline { filter(avg_X > 0.0000) };6.73100e-01;1.00000e+00;9.75087e-01;Pipeline { filter(avg_Y < 1600000.0000) };4.52957e-01;1.00000e+00;1.00000e+00;Pipeline { filter(avg_X < 433000000.0000) };4.52957e-01;1.00000e+00;1.00000e+00;Pipeline { filter(avg_X < 444000000.0000) };4.52957e-01;1.00000e+00;1.00000e+00;Pipeline { filter(avg_X < 444000000.0000) };4.52957e-01;1.00000e+00;1.00000e+00;Pipeline { filter(avg_Y < 6970000000.0000) }
datasets/geolife_60mins.csv;nsga2;2;43;4300;4300;1.05682e+02;100;100;100;1.00000e+00;1.00000e+00;6.00000e-02;7.31092e-01;1.00000e+00;8.17732e-01;Pipeline { filter(avg_X > 0.0000) };4.53988e-01;1.00000e+00;9.97043e-01;Pipeline { filter(avg_Y < 2650000.0000) };4.52957e-01;1.00000e+00;1.00000e+00;Pipeline { filter(avg_X < 2050000000.0000) };4.52957e-01;1.00000e+00;1.00000e+00;Pipeline { filter(avg_X < 178000000.0000) };4.52957e-01;1.00000e+00;1.00000e+00;Pipeline { filter(avg_X < 178000000.0000) };4.52957e-01;1.00000e+00;1.00000e+00;Pipeline { filter(avg_X < 94700000.0000) }
datasets/geolife_60mins.csv;nsga2;2;44;4400;4400;1.08131e+02;100;100;100;1.00000e+00;1.00000e+00;6.00000e-02;7.31092e-01;1.00000e+00;8.17732e-01;Pipeline { filter(avg_X > 0.0000) };6.73100e-01;1.00000e+00;9.75087e-01;Pipeline { filter(avg_Y < 1780000.0000) };4.52957e-01;1.00000e+00;1.00000e+00;Pipeline { filter(avg_Y < 91100000.0000) };4.52957e-01;1.00000e+00;1.00000e+00;Pipeline { filter(avg_Y < 77700000.0000) };4.52957e-01;1.00000e+00;1.00000e+00;Pipeline { filter(avg_Y < 77700000.0000) };4.52957e-01;1.00000e+00;1.00000e+00;Pipeline { filter(avg_X < 62800000.0000) }
datasets/geolife_60mins.csv;nsga2;2;45;4500;4500;1.10793e+02;100;100;100;1.00000e+00;1.00000e+00;6.00000e-02;7.31092e-01;1.00000e+00;8.17732e-01;Pipeline { filter(avg_X > 158.0000) };4.53988e-01;1.00000e+00;9.97043e-01;Pipeline { filter(avg_Y < 2650000.0000) };4.52957e-01;1.00000e+00;1.00000e+00;Pipeline { filter(avg_Y < 4240000000.0000) };4.52957e-01;1.00000e+00;1.00000e+00;Pipeline { filter(avg_Y < 483000000.0000) };4.52957e-01;1.00000e+00;1.00000e+00;Pipeline { filter(avg_Y < 27700000.0000) };4.52957e-01;1.00000e+00;1.00000e+00;Pipeline { filter(avg_Y < 675000000.0000) }
datasets/geolife_60mins.csv;nsga2;2;46;4600;4600;1.13348e+02;100;100;100;1.00000e+00;1.00000e+00;6.00000e-02;7.31092e-01;1.00000e+00;8.17732e-01;Pipeline { filter(avg_X > 0.0006) };6.73100e-01;1.00000e+00;9.75087e-01;Pipeline { filter(avg_Y < 1640000.0000) };4.52957e-01;1.00000e+00;1.00000e+00;Pipeline { filter(avg_X < 1640000000.0000) };7.31092e-01;1.00000e+00;8.17732e-01;Pipeline { filter(avg_X > 258.0000) };4.52957e-01;1.00000e+00;1.00000e+00;Pipeline { filter(avg_X < 56800000.0000) };4.52957e-01;1.00000e+00;1.00000e+00;Pipeline { filter(avg_Y < 9530000.0000) }
datasets/geolife_60mins.csv;nsga2;2;47;4700;4700;1.15752e+02;100;100;100;1.00000e+00;1.00000e+00;6.00000e-02;7.31092e-01;1.00000e+00;8.17732e-01;Pipeline { filter(avg_X > 0.0001) };4.53988e-01;1.00000e+00;9.97043e-01;Pipeline { filter(avg_Y < 2650000.0000) };4.52957e-01;1.00000e+00;1.00000e+00;Pipeline { filter(avg_X < 6710000.0000) };7.31092e-01;1.00000e+00;8.17732e-01;Pipeline { filter(avg_X > 0.0000) };4.52957e-01;1.00000e+00;1.00000e+00;Pipeline { filter(avg_X < 4240000000.0000) };4.53988e-01;1.00000e+00;9.97043e-01;Pipeline { filter(avg_Y < 2650000.0000) }
datasets/geolife_60mins.csv;nsga2;2;48;4800;4800;1.18489e+02;100;100;100;1.00000e+00;1.00000e+00;6.00000e-02;7.31092e-01;1.00000e+00;8.17732e-01;Pipeline { filter(avg_X > 0.0000) };6.73100e-01;1.00000e+00;9.75087e-01;Pipeline { filter(avg_Y < 1640000.0000) };4.52957e-01;1.00000e+00;1.00000e+00;Pipeline { filter(avg_X < 6710000.0000) };7.31092e-01;1.00000e+00;8.17732e-01;Pipeline { filter(avg_X > 0.0099) };7.31092e-01;1.00000e+00;8.17732e-01;Pipeline { filter(avg_X > 7.9500) };7.31092e-01;1.00000e+00;8.17732e-01;Pipeline { filter(avg_X > 7.9500) }
datasets/geolife_60mins.csv;nsga2;2;49;4900;4900;1.21343e+02;100;100;100;1.00000e+00;1.00000e+00;6.00000e-02;7.31092e-01;1.00000e+00;8.17732e-01;Pipeline { filter(avg_X > 0.0973) };4.53988e-01;1.00000e+00;9.97043e-01;Pipeline { filter(avg_Y < 2650000.0000) };4.52957e-01;1.00000e+00;1.00000e+00;Pipeline { filter(avg_X < 6710000.0000) };7.31092e-01;1.00000e+00;8.17732e-01;Pipeline { filter(avg_X > 5750.0000) };7.31092e-01;1.00000e+00;8.17732e-01;Pipeline { filter(avg_X > 0.0078) };7.31092e-01;1.00000e+00;8.17732e-01;Pipeline { filter(avg_X > 0.0078) }
datasets/geolife_60mins.csv;nsga2;2;50;5000;5000;1.23925e+02;100;100;100;1.00000e+00;9.90000e-01;6.00000e-02;7.31092e-01;1.00000e+00;8.17732e-01;Pipeline { filter(avg_X > 0.0009) };6.73100e-01;1.00000e+00;9.75087e-01;Pipeline { filter(avg_Y < 1640000.0000) };4.52957e-01;1.00000e+00;1.00000e+00;Pipeline { filter(avg_X < 337000000.0000) };7.31092e-01;1.00000e+00;8.17732e-01;Pipeline { filter(avg_X > 0.0000) };7.31092e-01;1.00000e+00;8.17732e-01;Pipeline { filter(avg_X > 0.0000) };7.31092e-01;1.00000e+00;8.17732e-01;Pipeline { filter(avg_X > 308.0000) }
datasets/geolife_60mins.csv;nsga2;3;1;100;100;3.09200e+00;100;9;67;1.00000e+00;1.00000e+00;1.80000e-01;7.77064e-01;1.00000e+00;6.84530e-01;Pipeline { filter(avg_Y > 0.0140) | filter(avg_X > 0.0000) | filter(avg_X < 565000.0000) };6.87470e-01;1.00000e+00;7.04727e-01;Pipeline { filter(avg_Y > 0.0000) | filter(avg_X < 90700000.0000) | filter(avg_Y < 9200000.0000) | filter(avg_X > 0.0000) };4.52957e-01;1.00000e+00;1.00000e+00;Pipeline { filter(avg_X < 6150000.0000) };2.02007e-02;0.00000e+00;2.70142e-02;Pipeline { filter(avg_X < 0.0000) };0.00000e+00;0.00000e+00;0.00000e+00;Pipeline { filter(avg_X > 220.0000) | filter(avg_X < 0.0000) | filter(avg_X < 0.7550) | filter(avg_X < 58300.0000) };2.06009e-02;0.00000e+00;1.80548e-02;Pipeline { filter(avg_Y < 4.7600) | filter(avg_X < 42600.0000) }
datasets/geolife_60mins.csv;nsga2;3;2;200;200;5.41700e+00;100;18;23;1.00000e+00;9.90000e-01;2.70000e-01;7.77064e-01;1.00000e+00;6.84530e-01;Pipeline { filter(avg_Y > 0.0140) | filter(avg_X > 0.0000) | filter(avg_X < 565000.0000) };4.14159e-01;1.00000e+00;7.26608e-01;Pipeline { filter(avg_X < 3690000.0000) | filter(avg_Y > 0.5950) };4.52957e-01;1.00000e+00;1.00000e+00;Pipeline { filter(avg_X < 8750000.0000) };4.49308e-01;1.00000e+00;9.16273e-01;Pipeline { filter(avg_X < 875000.0000) };7.31092e-01;1.00000e+00;8.17732e-01;Pipeline { filter(avg_X > 0.0000) };4.14168e-01;1.00000e+00;7.26608e-01;Pipeline { filter(avg_Y > 0.0000) }
datasets/geolife_60mins.csv;nsga2;3;3;300;300;7.54400e+00;100;47;16;1.00000e+00;1.00000e+00;2.30000e-01;7.77064e-01;1.00000e+00;6.84530e-01;Pipeline { filter(avg_Y > 0.0140) | filter(avg_X > 0.0000) | filter(avg_X < 565000.0000) };4.13988e-01;1.00000e+00;7.26182e-01;Pipeline { filter(avg_Y > 4570.0000) };4.52957e-01;1.00000e+00;1.00000e+00;Pipeline { filter(avg_X < 9360000000.0000) };7.31092e-01;1.00000e+00;8.17732e-01;Pipeline { filter(avg_X > 0.0000) | filter(avg_X > 43.5000) };4.49308e-01;1.00000e+00;9.16273e-01;Pipeline { filter(avg_X < 875000.0000) };7.31092e-01;1.00000e+00;8.17732e-01;Pipeline { filter(avg_X > 79.9000) | filter(avg_X < 90700000.0000) | filter(avg_Y < 9200000.0000) | filter(avg_X > 0.0000) }
datasets/geolife_60mins.csv;nsga2;3;4;400;400;1.05660e+01;100;85;2;1.00000e+00;1.00000e+00;1.70000e-01;8.03676e-01;1.00000e+00;7.97351e-01;Pipeline { filter(avg_Y < 370000.0000) | filter(avg_X > 43.0000) };4.14168e-01;1.00000e+00;7.26608e-01;Pipeline { filter(avg_Y > 0.0035) };4.52957e-01;1.00000e+00;1.00000e+00;Pipeline { filter(avg_X < 6150000.0000) };7.31092e-01;1.00000e+00;8.17732e-01;Pipeline { filter(avg_X > 0.0000) | filter(avg_X > 43.5000) };7.31092e-01;1.00000e+00;8.17732e-01;Pipeline { filter(avg_X > 0.0000) };7.31092e-01;1.00000e+00;8.17732e-01;Pipeline { filter(avg_X > 0.0011) | filter(avg_X > 43.0000) }
datasets/geolife_60mins.csv;nsga2;3;5;500;500;1.32630e+01;100;100;100;1.00000e+00;1.00000e+00;4.00000e-02;8.04366e-01;1.00000e+00;7.98827e-01;Pipeline { filter(avg_Y < 390000.0000) | filter(avg_X > 43.0000) };6.68123e-01;1.00000e+00;9.27019e-01;Pipeline { filter(avg_Y < 920000.0000) };4.52957e-01;1.00000e+00;1.00000e+00;Pipeline { filter(avg_X < 6150000.0000) };7.31092e-01;1.00000e+00;8.17732e-01;Pipeline { filter(avg_X > 0.0000) };7.31092e-01;1.00000e+00;8.17732e-01;Pipeline { filter(avg_X > 23.0000) };7.31092e-01;1.00000e+00;8.17732e-01;Pipeline { filter(avg_X > 12.9000) }
datasets/geolife_60mins.csv;nsga2;3;6;600;600;1.59740e+01;100;100;100;1.00000e+00;1.00000e+00;4.00000e-02;8.21319e-01;1.00000e+00;8.00309e-01;Pipeline { filter(avg_X > 0.0000) | filter(avg_X < 1000000.0000) };6.68123e-01;1.00000e+00;9.27019e-01;Pipeline { filter(avg_Y < 920000.0000) };4.52957e-01;1.00000e+00;1.00000e+00;Pipeline { filter(avg_X < 6150000.0000) };7.31092e-01;1.00000e+00;8.17732e-01;Pipeline { filter(avg_X > 0.0000) | filter(avg_X > 45.0000) };7.31092e-01;1.00000e+00;8.17732e-01;Pipeline { filter(avg_X > 0.0000) | filter(avg_X < 6000000.0000) };7.31092e-01;1.00000e+00;8.17732e-01;Pipeline { filter(avg_X > 0.0096) }
datasets/geolife_60mins.csv;nsga2;3;7;700;700;1.86070e+01;100;100;100;1.00000e+00;1.00000e+00;5.00000e-02;8.21319e-01;1.00000e+00;8.00309e-01;Pipeline { filter(avg_X > 0.0000) | filter(avg_X < 1000000.0000) };8.11361e-01;1.00000e+00;8.17727e-01;Pipeline { filter(avg_X > 0.0007) | filter(avg_Y < 1840000.0000) };4.52957e-01;1.00000e+00;1.00000e+00;Pipeline { filter(avg_X < 6150000.0000) };7.31092e-01;1.00000e+00;8.17732e-01;Pipeline { filter(avg_X > 0.0000) | filter(avg_X > 0.0007) };7.31092e-01;1.00000e+00;8.17732e-01;Pipeline { filter(avg_X > 1.4800) };7.31092e-01;1.00000e+00;8.17732e-01;Pipeline { filter(avg_X > 0.0007) | filter(avg_X > 23.5000) }
datasets/geolife_60mins.csv;nsga2;3;8;800;800;2.12400e+01;100;100;100;1.00000e+00;1.00000e+00;5.00000e-02;8.21319e-01;1.00000e+00;8.00309e-01;Pipeline { filter(avg_X > 0.0000) | filter(avg_X < 1000000.0000) };6.68123e-01;1.00000e+00;9.27019e-01;Pipeline { filter(avg_Y < 920000.0000) };4.52957e-01;1.00000e+00;1.00000e+00;Pipeline { filter(avg_X < 6150000.0000) };7.31092e-01;1.00000e+00;8.17732e-01;Pipeline { filter(avg_X > 0.0095) };7.31092e-01;1.00000e+00;8.17732e-01;Pipeline { filter(avg_X > 1.4000) };7.31092e-01;1.00000e+00;8.17732e-01;Pipeline { filter(avg_X > 0.0000) }
datasets/geolife_60mins.csv;nsga2;3;9;900;900;2.38720e+01;100;100;100;1.00000e+00;1.00000e+00;5.00000e-02;8.21319e-01;1.00000e+00;8.00309e-01;Pipeline { filter(avg_X > 0.0000) | filter(avg_X < 1000000.0000) };8.11361e-01;1.00000e+00;8.17727e-01;Pipeline { filter(avg_X > 0.0007) | filter(avg_Y < 1840000.0000) };4.52957e-01;1.00000e+00;1.00000e+00;Pipeline { filter(avg_X < 91200000.0000) };7.31092e-01;1.00000e+00;8.17732e-01;Pipeline { filter(avg_X > 8.4100) };7.31092e-01;1.00000e+00;8.17732e-01;Pipeline { filter(avg_X > 0.0000) | filter(avg_X > 0.0001) };7.31092e-01;1.00000e+00;8.17732e-01;Pipeline { filter(avg_X > 0.0000) | filter(avg_X > 33.0000) }
datasets/geolife_60mins.csv;nsga2;3;10;1000;1000;2.65650e+01;100;100;100;1.00000e+00;1.00000e+00;5.00000e-02;8.21319e-01;1.00000e+00;8.00309e-01;Pipeline { filter(avg_X > 0.0000) | filter(avg_X < 1000000.0000) };7.31092e-01;1.00000e+00;8.17732e-01;Pipeline { filter(avg_X > 0.0540) };4.52957e-01;1.00000e+00;1.00000e+00;Pipeline { filter(avg_Y < 524000000.0000) | filter(avg_X < 862000000.0000) };7.31092e-01;1.00000e+00;8.17732e-01;Pipeline { filter(avg_X > 44.6000) };7.31092e-01;1.00000e+00;8.17732e-01;Pipeline { filter(avg_X > 0.0000) | filter(avg_Y < 7370000000.0000) };7.31092e-01;1.00000e+00;8.17732e-01;Pipeline { filter(avg_X > 0.0000) | filter(avg_X < 520000000.0000) }
datasets/geolife_60mins.csv;nsga2;3;11;1100;1100;2.93600e+01;100;100;100;1.00000e+00;1.00000e+00;5.00000e-02;8.21319e-01;1.00000e+00;8.00309e-01;Pipeline { filter(avg_X > 0.0000) | filter(avg_X < 1000000.0000) };8.11361e-01;1.00000e+00;8.17727e-01;Pipeline { filter(avg_X > 0.0007) | filter(avg_Y < 1820000.0000) };4.52957e-01;1.00000e+00;1.00000e+00;Pipeline { filter(avg_X < 9610000000.0000) };7.31092e-01;1.00000e+00;8.17732e-01;Pipeline { filter(avg_X > 0.0007) | filter(avg_X > 23.5000) };7.31092e-01;1.00000e+00;8.17732e-01;Pipeline { filter(avg_X > 0.0055) };4.52957e-01;1.00000e+00;1.00000e+00;Pipeline { filter(avg_Y < 524000000.0000) | filter(avg_X < 862000000.0000) }
datasets/geolife_60mins.csv;nsga2;3;12;1200;1200;3.20730e+01;100;100;100;1.00000e+00;1.00000e+00;5.00000e-02;8.21319e-01;1.00000e+00;8.00309e-01;Pipeline { filter(avg_X > 0.0000) | filter(avg_X < 1000000.0000) };6.68123e-01;1.00000e+00;9.27019e-01;Pipeline { filter(avg_Y < 920000.0000) };4.52957e-01;1.00000e+00;1.00000e+00;Pipeline { filter(avg_X < 9610000000.0000) };7.31092e-01;1.00000e+00;8.17732e-01;Pipeline { filter(avg_X > 0.0000) };7.31092e-01;1.00000e+00;8.17732e-01;Pipeline { filter(avg_X < 5460000000.0000) | filter(avg_X > 92.5000) };7.31092e-01;1.00000e+00;8.17732e-01;Pipeline { filter(avg_X > 0.0000) }
datasets/geolife_60mins.csv;nsga2;3;13;1300;1300;3.47160e+01;100;100;100;1.00000e+00;1.00000e+00;6.00000e-02;8.21319e-01;1.00000e+00;8.00309e-01;Pipeline { filter(avg_X > 0.0000) | filter(avg_X < 1000000.0000) };8.11361e-01;1.00000e+00;8.17727e-01;Pipeline { filter(avg_X > 0.0007) | filter(avg_Y < 1820000.0000) };4.52957e-01;1.00000e+00;1.00000e+00;Pipeline { filter(avg_X < 9610000000.0000) };7.31092e-01;1.00000e+00;8.17732e-01;Pipeline { filter(avg_X > 0.0001) | filter(avg_X < 8300000.0000) };7.31092e-01;1.00000e+00;8.17732e-01;Pipeline { filter(avg_X > 0.0001) | filter(avg_X < 89000000.0000) };7.31092e-01;1.00000e+00;8.17732e-01;Pipeline { filter(avg_X > 0.0055) | filter(avg_X > 0.0897) }
datasets/geolife_60mins.csv;nsga2;3;14;1400;1400;3.74720e+01;100;100;100;1.00000e+00;9.90000e-01;6.00000e-02;8.21319e-01;1.00000e+00;8.00309e-01;Pipeline { filter(avg_X > 0.0000) | filter(avg_X < 1000000.0000) };7.31646e-01;1.00000e+00;8.17731e-01;Pipeline { filter(avg_X > 0.0001) | filter(avg_X < 4050000.0000) };4.52957e-01;1.00000e+00;1.00000e+00;Pipeline { filter(avg_X < 9610000000.0000) };7.31092e-01;1.00000e+00;8.17732e-01;Pipeline { filter(avg_X > 0.0013) | filter(avg_Y < 59100000.0000) };7.31092e-01;1.00000e+00;8.17732e-01;Pipeline { filter(avg_X > 938.0000) | filter(avg_X > 0.0004) };7.31092e-01;1.00000e+00;8.17732e-01;Pipeline { filter(avg_X > 5.4700) }
datasets/geolife_60mins.csv;nsga2;3;15;1500;1500;4.00690e+01;100;100;100;1.00000e+00;1.00000e+00;7.00000e-02;8.21319e-01;1.00000e+00;8.00309e-01;Pipeline { filter(avg_X > 0.0000) | filter(avg_X < 1000000.0000) };8.11361e-01;1.00000e+00;8.17727e-01;Pipeline { filter(avg_X > 0.0007) | filter(avg_Y < 1820000.0000) };4.52957e-01;1.00000e+00;1.00000e+00;Pipeline { filter(avg_X < 9610000000.0000) };7.31092e-01;1.00000e+00;8.17732e-01;Pipeline { filter(avg_X > 4.0200) };7.31092e-01;1.00000e+00;8.17732e-01;Pipeline { filter(avg_X > 0.0000) | filter(avg_Y < 59100000.0000) };7.31092e-01;1.00000e+00;8.17732e-01;Pipeline { filter(avg_X > 4.0200) }
datasets/geolife_60mins.csv;nsga2;3;16;1600;1600;4.28340e+01;100;100;100;1.00000e+00;1.00000e+00;7.00000e-02;8.21319e-01;1.00000e+00;8.00309e-01;Pipeline { filter(avg_X > 0.0000) | filter(avg_X < 1000000.0000) };7.31646e-01;1.00000e+00;8.17731e-01;Pipeline { filter(avg_X > 0.0001) | filter(avg_X < 4050000.0000) };4.52957e-01;1.00000e+00;1.00000e+00;Pipeline { filter(avg_X < 9610000000.0000) };7.31092e-01;1.00000e+00;8.17732e-01;Pipeline { filter(avg_X > 6.9700) };7.31092e-01;1.00000e+00;8.17732e-01;Pipeline { filter(avg_X > 0.0000) | filter(avg_Y < 59100000.0000) };7.31092e-01;1.00000e+00;8.17732e-01;Pipeline { filter(avg_X > 6.9700) }
datasets/geolife_60mins.csv;nsga2;3;17;1700;1700;4.53810e+01;100;100;100;1.00000e+00;1.00000e+00;7.00000e-02;8.21319e-01;1.00000e+00;8.00309e-01;Pipeline { filter(avg_X > 0.0000) | filter(avg_X < 1000000.0000) };8.11361e-01;1.00000e+00;8.17727e-01;Pipeline { filter(avg_X > 0.0007) | filter(avg_Y < 1820000.0000) };4.52957e-01;1.00000e+00;1.00000e+00;Pipeline { filter(avg_X < 9610000000.0000) };7.31092e-01;1.00000e+00;8.17732e-01;Pipeline { filter(avg_X > 0.7790) | filter(avg_X > 0.0006) };7.31092e-01;1.00000e+00;8.17732e-01;Pipeline { filter(avg_X > 938.0000) | filter(avg_X > 0.0054) };7.31092e-01;1.00000e+00;8.17732e-01;Pipeline { filter(avg_X > 0.7790) | filter(avg_X > 0.0006) }
datasets/geolife_60mins.csv;nsga2;3;18;1800;1800;4.81900e+01;100;100;100;1.00000e+00;1.00000e+00;8.00000e-02;8.27563e-01;1.00000e+00;8.17300e-01;Pipeline { filter(avg_X > 0.0000) | filter(avg_X < 1970000.0000) };7.31646e-01;1.00000e+00;8.17731e-01;Pipeline { filter(avg_X > 0.0001) | filter(avg_X < 4050000.0000) };4.52957e-01;1.00000e+00;1.00000e+00;Pipeline { filter(avg_X < 9610000000.0000) };7.31092e-01;1.00000e+00;8.17732e-01;Pipeline { filter(avg_X > 0.0000) };7.31092e-01;1.00000e+00;8.17732e-01;Pipeline { filter(avg_X > 0.0000) | filter(avg_X < 8000000.0000) };7.31092e-01;1.00000e+00;8.17732e-01;Pipeline { filter(avg_X > 0.0000) }
datasets/geolife_60mins.csv;nsga2;3;19;1900;1900;5.07430e+01;100;100;100;1.00000e+00;1.00000e+00;8.00000e-02;8.27563e-01;1.00000e+00;8.17300e-01;Pipeline { filter(avg_X > 0.0000) | filter(avg_X < 1970000.0000) };7.31646e-01;1.00000e+00;8.17731e-01;Pipeline { filter(avg_X > 0.0001) | filter(avg_X < 4050000.0000) };4.52957e-01;1.00000e+00;1.00000e+00;Pipeline { filter(avg_X < 9610000000.0000) };7.31092e-01;1.00000e+00;8.17732e-01;Pipeline { filter(avg_X > 0.3510) | filter(avg_X > 0.0000) };7.31092e-01;1.00000e+00;8.17732e-01;Pipeline { filter(avg_X > 0.0000) | filter(avg_X > 2680.0000) };7.31092e-01;1.00000e+00;8.17732e-01;Pipeline { filter(avg_X > 0.3510) | filter(avg_X > 0.0000) }
datasets/geolife_60mins.csv;nsga2;3;20;2000;2000;5.33760e+01;100;100;100;1.00000e+00;9.90000e-01;8.00000e-02;8.27563e-01;1.00000e+00;8.17300e-01;Pipeline { filter(avg_X > 0.0000) | filter(avg_X < 1970000.0000) };8.11361e-01;1.00000e+00;8.17727e-01;Pipeline { filter(avg_X > 0.0007) | filter(avg_Y < 1840000.0000) };4.52957e-01;1.00000e+00;1.00000e+00;Pipeline { filter(avg_X < 9610000000.0000) };7.31092e-01;1.00000e+00;8.17732e-01;Pipeline { filter(avg_X > 2.2500) };7.31092e-01;1.00000e+00;8.17732e-01;Pipeline { filter(avg_X > 950.0000) | filter(avg_X > 0.0001) };7.31092e-01;1.00000e+00;8.17732e-01;Pipeline { filter(avg_X > 2.2500) }
datasets/geolife_60mins.csv;nsga2;3;21;2100;2100;5.60370e+01;100;100;100;1.00000e+00;1.00000e+00;8.00000e-02;8.27563e-01;1.00000e+00;8.17300e-01;Pipeline { filter(avg_X > 0.0000) | filter(avg_X < 1970000.0000) };7.31646e-01;1.00000e+00;8.17731e-01;Pipeline { filter(avg_X > 0.0000) | filter(avg_X < 3760000.0000) };4.52957e-01;1.00000e+00;1.00000e+00;Pipeline { filter(avg_X < 9610000000.0000) };7.31092e-01;1.00000e+00;8.17732e-01;Pipeline { filter(avg_X > 0.0000) };7.31092e-01;1.00000e+00;8.17732e-01;Pipeline { filter(avg_X > 0.0083) | filter(avg_X > 0.0000) };7.31092e-01;1.00000e+00;8.17732e-01;Pipeline { filter(avg_X > 0.0000) }
datasets/geolife_60mins.csv;nsga2;3;22;2200;2200;5.86410e+01;100;100;100;1.00000e+00;1.00000e+00;8.00000e-02;8.27563e-01;1.00000e+00;8.17300e-01;Pipeline { filter(avg_X > 0.0000) | filter(avg_X < 1970000.0000) };8.11361e-01;1.00000e+00;8.17727e-01;Pipeline { filter(avg_X > 0.0007) | filter(avg_Y < 1840000.0000) };4.52957e-01;1.00000e+00;1.00000e+00;Pipeline { filter(avg_X < 9610000000.0000) };7.31092e-01;1.00000e+00;8.17732e-01;Pipeline { filter(avg_X > 0.0000) | filter(avg_X > 1.1000) };7.31092e-01;1.00000e+00;8.17732e-01;Pipeline { filter(avg_X > 0.0007) };7.31092e-01;1.00000e+00;8.17732e-01;Pipeline { filter(avg_X > 0.0000) | filter(avg_X > 1.1000) }
datasets/geolife_60mins.csv;nsga2;3;23;2300;2300;6.14050e+01;100;100;100;1.00000e+00;1.00000e+00;8.00000e-02;8.27563e-01;1.00000e+00;8.17300e-01;Pipeline { filter(avg_X > 0.0000) | filter(avg_X < 1970000.0000) };7.31646e-01;1.00000e+00;8.17731e-01;Pipeline { filter(avg_X > 0.0001) | filter(avg_X < 4050000.0000) };4.52957e-01;1.00000e+00;1.00000e+00;Pipeline { filter(avg_X < 9610000000.0000) };7.31092e-01;1.00000e+00;8.17732e-01;Pipeline { filter(avg_X > 0.0000) | filter(avg_X > 0.0096) };7.31092e-01;1.00000e+00;8.17732e-01;Pipeline { filter(avg_X > 966.0000) | filter(avg_X > 21.0000) };7.31092e-01;1.00000e+00;8.17732e-01;Pipeline { filter(avg_X > 0.0000) | filter(avg_X > 0.0096) }
datasets/geolife_60mins.csv;nsga2;3;24;2400;2400;6.41180e+01;100;100;100;1.00000e+00;1.00000e+00;8.00000e-02;8.27563e-01;1.00000e+00;8.17300e-01;Pipeline { filter(avg_X > 0.0000) | filter(avg_X < 1970000.0000) };8.11361e-01;1.00000e+00;8.17727e-01;Pipeline { filter(avg_X > 0.0007) | filter(avg_Y < 1840000.0000) };4.52957e-01;1.00000e+00;1.00000e+00;Pipeline { filter(avg_X < 9610000000.0000) };7.31092e-01;1.00000e+00;8.17732e-01;Pipeline { filter(avg_X > 0.0010) | filter(avg_X > 7.4700) };7.31092e-01;1.00000e+00;8.17732e-01;Pipeline { filter(avg_X > 0.0095) };7.31092e-01;1.00000e+00;8.17732e-01;Pipeline { filter(avg_X > 0.0010) | filter(avg_X > 7.4700) }
datasets/geolife_60mins.csv;nsga2;3;25;2500;2500;6.67780e+01;100;100;100;1.00000e+00;9.90000e-01;8.00000e-02;8.27563e-01;1.00000e+00;8.17300e-01;Pipeline { filter(avg_X > 0.0000) | filter(avg_X < 1970000.0000) };7.31646e-01;1.00000e+00;8.17731e-01;Pipeline { filter(avg_X > 0.0000) | filter(avg_X < 3760000.0000) };4.52957e-01;1.00000e+00;1.00000e+00;Pipeline { filter(avg_X < 9610000000.0000) };7.31092e-01;1.00000e+00;8.17732e-01;Pipeline { filter(avg_X > 0.0300) | filter(avg_X > 0.0001) };7.31092e-01;1.00000e+00;8.17732e-01;Pipeline { filter(avg_X > 0.0000) | filter(avg_X > 79.3000) };7.31092e-01;1.00000e+00;8.17732e-01;Pipeline { filter(avg_X > 0.0300) | filter(avg_X > 0.0001) }
datasets/geolife_60mins.csv;nsga2;3;26;2600;2600;6.93460e+01;100;100;100;1.00000e+00;9.90000e-01;8.00000e-02;8.27563e-01;1.00000e+00;8.17300e-01;Pipeline { filter(avg_X > 0.0000) | filter(avg_X < 1970000.0000) };8.11361e-01;1.00000e+00;8.17727e-01;Pipeline { filter(avg_X > 0.0007) | filter(avg_Y < 1840000.0000) };4.52957e-01;1.00000e+00;1.00000e+00;Pipeline { filter(avg_X < 9610000000.0000) };7.31092e-01;1.00000e+00;8.17732e-01;Pipeline { filter(avg_X > 0.0300) | filter(avg_X < 950000000.0000) };7.31092e-01;1.00000e+00;8.17732e-01;Pipeline { filter(avg_X > 6.3500) | filter(avg_X > 0.0000) };7.31092e-01;1.00000e+00;8.17732e-01;Pipeline { filter(avg_X > 0.0300) | filter(avg_X < 950000000.0000) }
datasets/geolife_60mins.csv;nsga2;3;27;2700;2700;7.21100e+01;100;100;100;1.00000e+00;1.00000e+00;8.00000e-02;8.27563e-01;1.00000e+00;8.17300e-01;Pipeline { filter(avg_X > 0.0000) | filter(avg_X < 1970000.0000) };7.31646e-01;1.00000e+00;8.17731e-01;Pipeline { filter(avg_X > 0.0001) | filter(avg_X < 4050000.0000) };4.52957e-01;1.00000e+00;1.00000e+00;Pipeline { filter(avg_X < 9610000000.0000) };7.31092e-01;1.00000e+00;8.17732e-01;Pipeline { filter(avg_X > 0.0000) };7.31092e-01;1.00000e+00;8.17732e-01;Pipeline { filter(avg_X > 0.0000) | filter(avg_X > 0.0000) };7.31092e-01;1.00000e+00;8.17732e-01;Pipeline { filter(avg_X > 0.0000) }
datasets/geolife_60mins.csv;nsga2;3;28;2800;2800;7.48910e+01;100;100;100;1.00000e+00;9.90000e-01;9.00000e-02;8.28570e-01;9.99776e-01;7.00188e-01;Pipeline { filter(avg_X < 388000.0000) | filter(avg_X > 0.0000) };7.31646e-01;1.00000e+00;8.17731e-01;Pipeline { filter(avg_X > 0.0001) | filter(avg_X < 4050000.0000) };4.52957e-01;1.00000e+00;1.00000e+00;Pipeline { filter(avg_X < 9610000000.0000) };7.31092e-01;1.00000e+00;8.17732e-01;Pipeline { filter(avg_X > 0.9030) | filter(avg_X > 0.0000) };7.31092e-01;1.00000e+00;8.17732e-01;Pipeline { filter(avg_X > 0.0000) | filter(avg_X > 0.0000) };7.31092e-01;1.00000e+00;8.17732e-01;Pipeline { filter(avg_X > 0.0000) | filter(avg_X > 0.0000) }
datasets/geolife_60mins.csv;nsga2;3;29;2900;2900;7.76550e+01;100;100;100;1.00000e+00;9.90000e-01;9.00000e-02;8.28570e-01;9.99776e-01;7.00188e-01;Pipeline { filter(avg_X < 388000.0000) | filter(avg_X > 0.0000) };7.31646e-01;1.00000e+00;8.17731e-01;Pipeline { filter(avg_X > 0.0001) | filter(avg_X < 4050000.0000) };4.52957e-01;1.00000e+00;1.00000e+00;Pipeline { filter(avg_X < 9610000000.0000) };7.31092e-01;1.00000e+00;8.17732e-01;Pipeline { filter(avg_X > 0.0000) | filter(avg_X > 36.0000) };7.31092e-01;1.00000e+00;8.17732e-01;Pipeline { filter(avg_X > 0.0000) | filter(avg_X > 0.0000) };7.31092e-01;1.00000e+00;8.17732e-01;Pipeline { filter(avg_X > 0.0000) | filter(avg_X > 0.0000) }
datasets/geolife_60mins.csv;nsga2;3;30;3000;3000;8.02080e+01;100;100;100;1.00000e+00;1.00000e+00;9.00000e-02;8.28570e-01;9.99776e-01;7.00188e-01;Pipeline { filter(avg_X < 388000.0000) | filter(avg_X > 0.0000) };7.31646e-01;1.00000e+00;8.17731e-01;Pipeline { filter(avg_X > 0.0001) | filter(avg_X < 4050000.0000) };4.52957e-01;1.00000e+00;1.00000e+00;Pipeline { filter(avg_X < 9610000000.0000) };7.31092e-01;1.00000e+00;8.17732e-01;Pipeline { filter(avg_X > 0.0000) | filter(avg_X > 0.0000) };7.31092e-01;1.00000e+00;8.17732e-01;Pipeline { filter(avg_X > 0.0000) | filter(avg_X > 596.0000) };7.31092e-01;1.00000e+00;8.17732e-01;Pipeline { filter(avg_X < 6230000.0000) | filter(avg_X > 0.0000) }
datasets/geolife_60mins.csv;nsga2;3;31;3100;3100;8.27450e+01;100;100;100;1.00000e+00;1.00000e+00;9.00000e-02;8.28570e-01;9.99776e-01;7.00188e-01;Pipeline { filter(avg_X < 388000.0000) | filter(avg_X > 0.0000) };7.31646e-01;1.00000e+00;8.17731e-01;Pipeline { filter(avg_X > 0.0001) | filter(avg_X < 4050000.0000) };4.52957e-01;1.00000e+00;1.00000e+00;Pipeline { filter(avg_X < 9610000000.0000) };7.31092e-01;1.00000e+00;8.17732e-01;Pipeline { filter(avg_X < 6230000.0000) | filter(avg_X > 0.0000) };7.31092e-01;1.00000e+00;8.17732e-01;Pipeline { filter(avg_X > 0.0000) };7.31092e-01;1.00000e+00;8.17732e-01;Pipeline { filter(avg_X < 6230000.0000) | filter(avg_X > 0.0000) }
datasets/geolife_60mins.csv;nsga2;3;32;3200;3200;8.53000e+01;100;100;100;1.00000e+00;1.00000e+00;9.00000e-02;8.28570e-01;9.99776e-01;7.00188e-01;Pipeline { filter(avg_X < 388000.0000) | filter(avg_X > 0.0000) };7.31646e-01;1.00000e+00;8.17731e-01;Pipeline { filter(avg_X > 0.0001) | filter(avg_X < 4050000.0000) };4.52957e-01;1.00000e+00;1.00000e+00;Pipeline { filter(avg_X < 9610000000.0000) };7.31092e-01;1.00000e+00;8.17732e-01;Pipeline { filter(avg_X > 0.0000) | filter(avg_X > 0.0000) };7.31092e-01;1.00000e+00;8.17732e-01;Pipeline { filter(avg_X > 0.0000) | filter(avg_X > 0.0000) };7.31092e-01;1.00000e+00;8.17732e-01;Pipeline { filter(avg_X > 0.0000) | filter(avg_X > 0.0000) }
datasets/geolife_60mins.csv;nsga2;3;33;3300;3300;8.80100e+01;100;100;100;1.00000e+00;1.00000e+00;9.00000e-02;8.28570e-01;9.99776e-01;7.00188e-01;Pipeline { filter(avg_X < 388000.0000) | filter(avg_X > 0.0000) };7.31646e-01;1.00000e+00;8.17731e-01;Pipeline { filter(avg_X > 0.0001) | filter(avg_X < 4050000.0000) };4.52957e-01;1.00000e+00;1.00000e+00;Pipeline { filter(avg_X < 9610000000.0000) };7.31092e-01;1.00000e+00;8.17732e-01;Pipeline { filter(avg_X > 565.0000) };7.31092e-01;1.00000e+00;8.17732e-01;Pipeline { filter(avg_X > 0.0064) | filter(avg_X > 0.0000) };7.31092e-01;1.00000e+00;8.17732e-01;Pipeline { filter(avg_X > 565.0000) }
datasets/geolife_60mins.csv;nsga2;3;34;3400;3400;9.06840e+01;100;100;100;1.00000e+00;1.00000e+00;9.00000e-02;8.28570e-01;9.99776e-01;7.00188e-01;Pipeline { filter(avg_X < 388000.0000) | filter(avg_X > 0.0000) };7.31646e-01;1.00000e+00;8.17731e-01;Pipeline { filter(avg_X > 0.0001) | filter(avg_X < 4050000.0000) };4.52957e-01;1.00000e+00;1.00000e+00;Pipeline { filter(avg_X < 9610000000.0000) };7.31092e-01;1.00000e+00;8.17732e-01;Pipeline { filter(avg_X > 0.0000) };7.31092e-01;1.00000e+00;8.17732e-01;Pipeline { filter(avg_X > 0.0150) };7.31092e-01;1.00000e+00;8.17732e-01;Pipeline { filter(avg_X > 0.0000) }
datasets/geolife_60mins.csv;nsga2;3;35;3500;3500;9.35960e+01;100;100;100;1.00000e+00;1.00000e+00;9.00000e-02;8.28570e-01;9.99776e-01;7.00188e-01;Pipeline { filter(avg_X < 388000.0000) | filter(avg_X > 0.0000) };7.31646e-01;1.00000e+00;8.17731e-01;Pipeline { filter(avg_X > 0.0001) | filter(avg_X < 4050000.0000) };4.52957e-01;1.00000e+00;1.00000e+00;Pipeline { filter(avg_X < 9610000000.0000) };7.31092e-01;1.00000e+00;8.17732e-01;Pipeline { filter(avg_X > 0.0000) | filter(avg_X > 0.4320) };7.31092e-01;1.00000e+00;8.17732e-01;Pipeline { filter(avg_X > 0.0000) };7.31092e-01;1.00000e+00;8.17732e-01;Pipeline { filter(avg_X > 0.0000) | filter(avg_X > 0.4320) }
datasets/geolife_60mins.csv;nsga2;3;36;3600;3600;9.63400e+01;100;100;100;1.00000e+00;1.00000e+00;9.00000e-02;8.28570e-01;9.99776e-01;7.00188e-01;Pipeline { filter(avg_X < 388000.0000) | filter(avg_X > 0.0000) };7.31646e-01;1.00000e+00;8.17731e-01;Pipeline { filter(avg_X > 0.0001) | filter(avg_X < 4050000.0000) };4.52957e-01;1.00000e+00;1.00000e+00;Pipeline { filter(avg_X < 9610000000.0000) };7.31092e-01;1.00000e+00;8.17732e-01;Pipeline { filter(avg_X > 0.0086) | filter(avg_X > 79.6000) };7.31092e-01;1.00000e+00;8.17732e-01;Pipeline { filter(avg_X > 0.5190) | filter(avg_X > 0.0091) };7.31092e-01;1.00000e+00;8.17732e-01;Pipeline { filter(avg_X > 0.0086) | filter(avg_X > 79.6000) }
datasets/geolife_60mins.csv;nsga2;3;37;3700;3700;9.90750e+01;100;100;100;1.00000e+00;9.80000e-01;9.00000e-02;8.28570e-01;9.99776e-01;7.00188e-01;Pipeline { filter(avg_X < 388000.0000) | filter(avg_X > 0.0000) };7.31646e-01;1.00000e+00;8.17731e-01;Pipeline { filter(avg_X > 0.0001) | filter(avg_X < 4050000.0000) };4.52957e-01;1.00000e+00;1.00000e+00;Pipeline { filter(avg_X < 9610000000.0000) };7.31092e-01;1.00000e+00;8.17732e-01;Pipeline { filter(avg_X > 0.0000) | filter(avg_X > 0.0309) };7.31092e-01;1.00000e+00;8.17732e-01;Pipeline { filter(avg_X > 0.0091) | filter(avg_X > 0.0000) };7.31092e-01;1.00000e+00;8.17732e-01;Pipeline { filter(avg_X > 0.0000) | filter(avg_X > 0.0309) }
datasets/geolife_60mins.csv;nsga2;3;38;3800;3800;1.01789e+02;100;100;100;1.00000e+00;1.00000e+00;9.00000e-02;8.28570e-01;9.99776e-01;7.00188e-01;Pipeline { filter(avg_X < 388000.0000) | filter(avg_X > 0.0000) };7.31646e-01;1.00000e+00;8.17731e-01;Pipeline { filter(avg_X > 0.0001) | filter(avg_X < 4050000.0000) };4.52957e-01;1.00000e+00;1.00000e+00;Pipeline { filter(avg_Y < 6000000.0000) };7.31092e-01;1.00000e+00;8.17732e-01;Pipeline { filter(avg_X > 0.0000) };7.31092e-01;1.00000e+00;8.17732e-01;Pipeline { filter(avg_X > 0.0000) };7.31092e-01;1.00000e+00;8.17732e-01;Pipeline { filter(avg_X > 0.0000) | filter(avg_X > 0.0000) }
datasets/geolife_60mins.csv;nsga2;3;39;3900;3900;1.04409e+02;100;100;100;1.00000e+00;1.00000e+00;1.00000e-01;8.28570e-01;9.99776e-01;7.00188e-01;Pipeline { filter(avg_X < 388000.0000) | filter(avg_X > 0.0000) };4.53988e-01;1.00000e+00;9.97043e-01;Pipeline { filter(avg_Y < 2630000.0000) };4.52957e-01;1.00000e+00;1.00000e+00;Pipeline { filter(avg_Y < 6000000.0000) };7.31092e-01;1.00000e+00;8.17732e-01;Pipeline { filter(avg_X > 9.0300) | filter(avg_X > 0.0000) };7.31092e-01;1.00000e+00;8.17732e-01;Pipeline { filter(avg_X > 5.2400) };7.31092e-01;1.00000e+00;8.17732e-01;Pipeline { filter(avg_X > 2.8200) }
datasets/geolife_60mins.csv;nsga2;3;40;4000;4000;1.06992e+02;100;100;100;1.00000e+00;1.00000e+00;1.00000e-01;8.28570e-01;9.99776e-01;7.00188e-01;Pipeline { filter(avg_X < 388000.0000) | filter(avg_X > 0.0000) };4.53988e-01;1.00000e+00;9.97043e-01;Pipeline { filter(avg_Y < 2630000.0000) };4.52957e-01;1.00000e+00;1.00000e+00;Pipeline { filter(avg_Y < 6000000.0000) };7.31092e-01;1.00000e+00;8.17732e-01;Pipeline { filter(avg_X > 10.5000) };7.31092e-01;1.00000e+00;8.17732e-01;Pipeline { filter(avg_X > 0.0002) };7.31092e-01;1.00000e+00;8.17732e-01;Pipeline { filter(avg_X > 0.0035) | filter(avg_X > 0.0432) }
datasets/geolife_60mins.csv;nsga2;3;41;4100;4100;1.09835e+02;100;100;100;1.00000e+00;1.00000e+00;1.00000e-01;8.28570e-01;9.99776e-01;7.00188e-01;Pipeline { filter(avg_X < 388000.0000) | filter(avg_X > 0.0000) };4.53988e-01;1.00000e+00;9.97043e-01;Pipeline { filter(avg_Y < 2630000.0000) };4.52957e-01;1.00000e+00;1.00000e+00;Pipeline { filter(avg_Y < 6000000.0000) };7.31092e-01;1.00000e+00;8.17732e-01;Pipeline { filter(avg_X > 0.0002) };7.31092e-01;1.00000e+00;8.17732e-01;Pipeline { filter(avg_X > 0.0034) | filter(avg_X > 0.0432) };7.31092e-01;1.00000e+00;8.17732e-01;Pipeline { filter(avg_X > 46.8000) }
datasets/geolife_60mins.csv;nsga2;3;42;4200;4200;1.12562e+02;100;100;100;1.00000e+00;1.00000e+00;1.00000e-01;8.28570e-01;9.99776e-01;7.00188e-01;Pipeline { filter(avg_X < 388000.0000) | filter(avg_X > 0.0000) };4.53988e-01;1.00000e+00;9.97043e-01;Pipeline { filter(avg_Y < 2630000.0000) };4.52957e-01;1.00000e+00;1.00000e+00;Pipeline { filter(avg_Y < 6000000.0000) };7.31092e-01;1.00000e+00;8.17732e-01;Pipeline { filter(avg_X > 97.9000) | filter(avg_X > 0.0029) };7.31092e-01;1.00000e+00;8.17732e-01;Pipeline { filter(avg_X > 26.8000) };7.31092e-01;1.00000e+00;8.17732e-01;Pipeline { filter(avg_X > 97.9000) | filter(avg_X > 0.0029) }
datasets/geolife_60mins.csv;nsga2;3;43;4300;4300;1.15222e+02;100;100;100;1.00000e+00;9.80000e-01;1.00000e-01;8.28570e-01;9.99776e-01;7.00188e-01;Pipeline { filter(avg_X < 388000.0000) | filter(avg_X > 0.0000) };4.53988e-01;1.00000e+00;9.97043e-01;Pipeline { filter(avg_Y < 2630000.0000) };4.52957e-01;1.00000e+00;1.00000e+00;Pipeline { filter(avg_Y < 6000000.0000) };7.31092e-01;1.00000e+00;8.17732e-01;Pipeline { filter(avg_X > 0.5200) };7.31092e-01;1.00000e+00;8.17732e-01;Pipeline { filter(avg_X > 0.3820) };7.31092e-01;1.00000e+00;8.17732e-01;Pipeline { filter(avg_X > 0.5200) }
datasets/geolife_60mins.csv;nsga2;3;44;4400;4400;1.17707e+02;100;100;100;1.00000e+00;9.90000e-01;1.00000e-01;8.28570e-01;9.99776e-01;7.00188e-01;Pipeline { filter(avg_X < 388000.0000) | filter(avg_X > 0.0000) };4.53988e-01;1.00000e+00;9.97043e-01;Pipeline { filter(avg_Y < 2630000.0000) };4.52957e-01;1.00000e+00;1.00000e+00;Pipeline { filter(avg_Y < 6000000.0000) };7.31092e-01;1.00000e+00;8.17732e-01;Pipeline { filter(avg_Y < 428000000.0000) | filter(avg_X > 0.0002) };7.31092e-01;1.00000e+00;8.17732e-01;Pipeline { filter(avg_X > 96.0000) | filter(avg_X > 0.0071) };7.31092e-01;1.00000e+00;8.17732e-01;Pipeline { filter(avg_Y < 428000000.0000) | filter(avg_X > 0.0002) }
datasets/geolife_60mins.csv;nsga2;3;45;4500;4500;1.20497e+02;100;100;100;1.00000e+00;9.90000e-01;1.00000e-01;8.28570e-01;9.99776e-01;7.00188e-01;Pipeline { filter(avg_X < 388000.0000) | filter(avg_X > 0.0000) };4.53988e-01;1.00000e+00;9.97043e-01;Pipeline { filter(avg_Y < 2630000.0000) };4.52957e-01;1.00000e+00;1.00000e+00;Pipeline { filter(avg_Y < 6000000.0000) };7.31092e-01;1.00000e+00;8.17732e-01;Pipeline { filter(avg_Y < 428000000.0000) | filter(avg_X > 5.8000) };7.31092e-01;1.00000e+00;8.17732e-01;Pipeline { filter(avg_X > 43.1000) };7.31092e-01;1.00000e+00;8.17732e-01;Pipeline { filter(avg_Y < 428000000.0000) | filter(avg_X > 5.8000) }
datasets/geolife_60mins.csv;nsga2;3;46;4600;4600;1.23178e+02;100;100;100;1.00000e+00;1.00000e+00;1.00000e-01;8.28570e-01;9.99776e-01;7.00188e-01;Pipeline { filter(avg_X < 388000.0000) | filter(avg_X > 0.0000) };4.53988e-01;1.00000e+00;9.97043e-01;Pipeline { filter(avg_Y < 2630000.0000) };4.52957e-01;1.00000e+00;1.00000e+00;Pipeline { filter(avg_Y < 6000000.0000) };7.31092e-01;1.00000e+00;8.17732e-01;Pipeline { filter(avg_X > 9.5700) | filter(avg_X > 4.1500) };7.31092e-01;1.00000e+00;8.17732e-01;Pipeline { filter(avg_X > 3760.0000) };7.31092e-01;1.00000e+00;8.17732e-01;Pipeline { filter(avg_X > 9.5700) | filter(avg_X > 4.1500) }
datasets/geolife_60mins.csv;nsga2;3;47;4700;4700;1.25828e+02;100;100;100;1.00000e+00;9.90000e-01;1.00000e-01;8.28570e-01;9.99776e-01;7.00188e-01;Pipeline { filter(avg_X < 388000.0000) | filter(avg_X > 0.0000) };4.53988e-01;1.00000e+00;9.97043e-01;Pipeline { filter(avg_Y < 2630000.0000) };4.52957e-01;1.00000e+00;1.00000e+00;Pipeline { filter(avg_Y < 6000000.0000) };7.31092e-01;1.00000e+00;8.17732e-01;Pipeline { filter(avg_X > 0.9910) };7.31092e-01;1.00000e+00;8.17732e-01;Pipeline { filter(avg_X < 708000000.0000) | filter(avg_X > 0.0187) };7.31092e-01;1.00000e+00;8.17732e-01;Pipeline { filter(avg_X > 0.9910) }
datasets/geolife_60mins.csv;nsga2;3;48;4800;4800;1.28476e+02;100;100;100;1.00000e+00;1.00000e+00;1.00000e-01;8.28570e-01;9.99776e-01;7.00188e-01;Pipeline { filter(avg_X < 388000.0000) | filter(avg_X > 0.0000) };4.53988e-01;1.00000e+00;9.97043e-01;Pipeline { filter(avg_Y < 2630000.0000) };4.52957e-01;1.00000e+00;1.00000e+00;Pipeline { filter(avg_Y < 6000000.0000) };7.31092e-01;1.00000e+00;8.17732e-01;Pipeline { filter(avg_X > 0.0007) | filter(avg_X > 0.0000) };7.31092e-01;1.00000e+00;8.17732e-01;Pipeline { filter(avg_X > 0.0000) };7.31092e-01;1.00000e+00;8.17732e-01;Pipeline { filter(avg_X > 0.0007) | filter(avg_X > 0.0000) }
datasets/geolife_60mins.csv;nsga2;3;49;4900;4900;1.31184e+02;100;100;100;1.00000e+00;1.00000e+00;1.00000e-01;8.28570e-01;9.99776e-01;7.00188e-01;Pipeline { filter(avg_X < 388000.0000) | filter(avg_X > 0.0000) };4.53988e-01;1.00000e+00;9.97043e-01;Pipeline { filter(avg_Y < 2630000.0000) };4.52957e-01;1.00000e+00;1.00000e+00;Pipeline { filter(avg_Y < 6000000.0000) };7.31092e-01;1.00000e+00;8.17732e-01;Pipeline { filter(avg_X > 0.0001) };7.31092e-01;1.00000e+00;8.17732e-01;Pipeline { filter(avg_X > 0.0000) | filter(avg_X > 5.6900) };7.31092e-01;1.00000e+00;8.17732e-01;Pipeline { filter(avg_X > 0.0001) }
datasets/geolife_60mins.csv;nsga2;3;50;5000;5000;1.33780e+02;100;100;100;1.00000e+00;9.80000e-01;1.00000e-01;8.28570e-01;9.99776e-01;7.00188e-01;Pipeline { filter(avg_X < 388000.0000) | filter(avg_X > 0.0000) };4.53988e-01;1.00000e+00;9.97043e-01;Pipeline { filter(avg_Y < 2630000.0000) };4.52957e-01;1.00000e+00;1.00000e+00;Pipeline { filter(avg_Y < 6000000.0000) };7.31092e-01;1.00000e+00;8.17732e-01;Pipeline { filter(avg_X > 0.0034) };7.31092e-01;1.00000e+00;8.17732e-01;Pipeline { filter(avg_X > 9.3000) | filter(avg_X > 0.0000) };7.31092e-01;1.00000e+00;8.17732e-01;Pipeline { filter(avg_X > 0.0034) }
datasets/geolife_60mins.csv;nsga2;4;1;100;100;2.82200e+00;100;7;70;1.00000e+00;1.00000e+00;1.70000e-01;7.31092e-01;1.00000e+00;8.17732e-01;Pipeline { filter(avg_X > 0.0000) };4.13922e-01;1.00000e+00;7.26021e-01;Pipeline { filter(avg_Y > 6130.0000) };4.52957e-01;1.00000e+00;1.00000e+00;Pipeline { filter(avg_Y < 238000000.0000) };1.92867e-02;0.00000e+00;1.71560e-02;Pipeline { filter(avg_X < 0.1080) | filter(avg_Y < 7.4100) };0.00000e+00;0.00000e+00;0.00000e+00;Pipeline { filter(avg_Y < 0.0000) | filter(avg_X > 0.0025) | filter(avg_Y > 24800.0000) | filter(avg_Y > 0.0014) | filter(avg_X < 0.0003) | filter(avg_Y < 85000.0000) | filter(avg_X < 11300.0000) | filter(avg_Y > 0.0476) };1.92867e-02;0.00000e+00;1.71560e-02;Pipeline { filter(avg_X < 0.1080) | filter(avg_Y < 7.4100) }
datasets/geolife_60mins.csv;nsga2;4;2;200;200;5.62000e+00;100;12;25;1.00000e+00;1.00000e+00;2.40000e-01;7.31092e-01;1.00000e+00;8.17732e-01;Pipeline { filter(avg_X > 0.0180) };4.13922e-01;1.00000e+00;7.26021e-01;Pipeline { filter(avg_Y > 6130.0000) };4.52957e-01;1.00000e+00;1.00000e+00;Pipeline { filter(avg_X < 76700000.0000) };4.14168e-01;1.00000e+00;7.26608e-01;Pipeline { filter(avg_Y > 0.0054) | filter(avg_Y > 0.2820) };7.31092e-01;1.00000e+00;8.17732e-01;Pipeline { filter(avg_X > 5.4700) };4.14168e-01;1.00000e+00;7.26608e-01;Pipeline { filter(avg_X < 88600000.0000) | filter(avg_Y > 0.0547) | filter(avg_Y > 0.0003) }
datasets/geolife_60mins.csv;nsga2;4;3;300;300;7.86900e+00;100;32;12;1.00000e+00;9.90000e-01;1.80000e-01;7.31092e-01;1.00000e+00;8.17732e-01;Pipeline { filter(avg_X > 55.7000) };4.13439e-01;1.00000e+00;7.24620e-01;Pipeline { filter(avg_Y > 15100.0000) };4.52957e-01;1.00000e+00;1.00000e+00;Pipeline { filter(avg_Y < 238000000.0000) };7.31065e-01;1.00000e+00;8.17728e-01;Pipeline { filter(avg_X > 8310.0000) };4.14168e-01;1.00000e+00;7.26608e-01;Pipeline { filter(avg_Y > 0.0054) | filter(avg_Y > 0.2840) };7.31092e-01;1.00000e+00;8.17732e-01;Pipeline { filter(avg_X > 95.7000) }
datasets/geolife_60mins.csv;nsga2;4;4;400;400;1.04140e+01;100;60;24;1.00000e+00;1.00000e+00;1.10000e-01;7.31092e-01;1.00000e+00;8.17732e-01;Pipeline { filter(avg_X > 5.4700) };4.14168e-01;1.00000e+00;7.26608e-01;Pipeline { filter(avg_X < 88600000.0000) | filter(avg_Y > 8.4400) | filter(avg_Y > 0.0000) };4.52957e-01;1.00000e+00;1.00000e+00;Pipeline { filter(avg_Y < 218000000.0000) };7.31092e-01;1.00000e+00;8.17732e-01;Pipeline { filter(avg_X > 0.0000) };4.31349e-01;1.00000e+00;8.07483e-01;Pipeline { filter(avg_X < 464000.0000) };7.31092e-01;1.00000e+00;8.17732e-01;Pipeline { filter(avg_X > 0.0000) }
datasets/geolife_60mins.csv;nsga2;4;5;500;500;1.32340e+01;100;100;100;1.00000e+00;9.90000e-01;3.00000e-02;7.31092e-01;1.00000e+00;8.17732e-01;Pipeline { filter(avg_X > 6.5900) | filter(avg_Y < 5000000.0000) };6.53546e-01;1.00000e+00;8.50003e-01;Pipeline { filter(avg_Y < 218000.0000) };4.52957e-01;1.00000e+00;1.00000e+00;Pipeline { filter(avg_Y < 168000000.0000) };7.31092e-01;1.00000e+00;8.17732e-01;Pipeline { filter(avg_X > 0.0000) };7.31092e-01;1.00000e+00;8.17732e-01;Pipeline { filter(avg_X > 0.0001) };4.52957e-01;1.00000e+00;1.00000e+00;Pipeline { filter(avg_Y < 247000000.0000) }
datasets/geolife_60mins.csv;nsga2;4;6;600;600;1.58550e+01;100;100;100;1.00000e+00;9.90000e-01;3.00000e-02;7.31092e-01;1.00000e+00;8.17732e-01;Pipeline { filter(avg_X > 0.0000) };6.59192e-01;1.00000e+00;8.72334e-01;Pipeline { filter(avg_Y < 342000.0000) };4.52957e-01;1.00000e+00;1.00000e+00;Pipeline { filter(avg_Y < 168000000.0000) };7.31092e-01;1.00000e+00;8.17732e-01;Pipeline { filter(avg_X > 0.0032) };7.31092e-01;1.00000e+00;8.17732e-01;Pipeline { filter(avg_X > 0.0000) };7.31092e-01;1.00000e+00;8.17732e-01;Pipeline { filter(avg_X > 0.0000) }
datasets/geolife_60mins.csv;nsga2;4;7;700;700;1.83920e+01;100;100;100;1.00000e+00;1.00000e+00;3.00000e-02;7.31092e-01;1.00000e+00;8.17732e-01;Pipeline { filter(avg_X > 0.0000) };6.59192e-01;1.00000e+00;8.72334e-01;Pipeline { filter(avg_Y < 342000.0000) };4.52957e-01;1.00000e+00;1.00000e+00;Pipeline { filter(avg_Y < 168000000.0000) };7.31092e-01;1.00000e+00;8.17732e-01;Pipeline { filter(avg_X > 538.0000) };7.31092e-01;1.00000e+00;8.17732e-01;Pipeline { filter(avg_X > 0.0000) };7.31092e-01;1.00000e+00;8.17732e-01;Pipeline { filter(avg_X > 0.0000) }
datasets/geolife_60mins.csv;nsga2;4;8;800;800;2.10730e+01;100;100;100;1.00000e+00;9.90000e-01;3.00000e-02;7.31092e-01;1.00000e+00;8.17732e-01;Pipeline { filter(avg_X > 0.0004) };6.62185e-01;1.00000e+00;8.87439e-01;Pipeline { filter(avg_Y < 446000.0000) | filter(avg_Y < 900000000.0000) };4.52957e-01;1.00000e+00;1.00000e+00;Pipeline { filter(avg_Y < 168000000.0000) };7.31092e-01;1.00000e+00;8.17732e-01;Pipeline { filter(avg_X > 0.0003) };7.31092e-01;1.00000e+00;8.17732e-01;Pipeline { filter(avg_X > 0.0000) };7.31092e-01;1.00000e+00;8.17732e-01;Pipeline { filter(avg_X > 0.0000) }
datasets/geolife_60mins.csv;nsga2;4;9;900;900;2.36590e+01;100;100;100;1.00000e+00;1.00000e+00;3.00000e-02;7.31092e-01;1.00000e+00;8.17732e-01;Pipeline { filter(avg_X > 0.0000) };6.62185e-01;1.00000e+00;8.87439e-01;Pipeline { filter(avg_Y < 446000.0000) | filter(avg_Y < 900000000.0000) };4.52957e-01;1.00000e+00;1.00000e+00;Pipeline { filter(avg_Y < 168000000.0000) };7.31092e-01;1.00000e+00;8.17732e-01;Pipeline { filter(avg_X > 6.5500) };7.31092e-01;1.00000e+00;8.17732e-01;Pipeline { filter(avg_X > 0.0665) };7.31092e-01;1.00000e+00;8.17732e-01;Pipeline { filter(avg_X > 0.0665) }
datasets/geolife_60mins.csv;nsga2;4;10;1000;1000;2.64330e+01;100;100;100;1.00000e+00;9.90000e-01;3.00000e-02;7.31092e-01;1.00000e+00;8.17732e-01;Pipeline { filter(avg_X > 0.4700) };6.62185e-01;1.00000e+00;8.87439e-01;Pipeline { filter(avg_Y < 446000.0000) | filter(avg_Y < 900000000.0000) };4.52957e-01;1.00000e+00;1.00000e+00;Pipeline { filter(avg_Y < 168000000.0000) };7.31092e-01;1.00000e+00;8.17732e-01;Pipeline { filter(avg_X > 934.0000) };7.31092e-01;1.00000e+00;8.17732e-01;Pipeline { filter(avg_X > 0.0000) };7.31092e-01;1.00000e+00;8.17732e-01;Pipeline { filter(avg_X > 0.0000) }
datasets/geolife_60mins.csv;nsga2;4;11;1100;1100;2.90420e+01;100;100;100;1.00000e+00;1.00000e+00;3.00000e-02;7.31092e-01;1.00000e+00;8.17732e-01;Pipeline { filter(avg_X > 9.7000) };6.62185e-01;1.00000e+00;8.87439e-01;Pipeline { filter(avg_Y < 446000.0000) | filter(avg_Y < 900000000.0000) };4.52957e-01;1.00000e+00;1.00000e+00;Pipeline { filter(avg_Y < 168000000.0000) };7.31092e-01;1.00000e+00;8.17732e-01;Pipeline { filter(avg_X > 49.6000) };7.31092e-01;1.00000e+00;8.17732e-01;Pipeline { filter(avg_X > 0.4680) };7.31092e-01;1.00000e+00;8.17732e-01;Pipeline { filter(avg_X > 0.4680) }
datasets/geolife_60mins.csv;nsga2;4;12;1200;1200;3.17240e+01;100;100;100;1.00000e+00;9.90000e-01;3.00000e-02;7.31092e-01;1.00000e+00;8.17732e-01;Pipeline { filter(avg_X > 0.0786) };6.62185e-01;1.00000e+00;8.87439e-01;Pipeline { filter(avg_Y < 446000.0000) | filter(avg_Y < 900000000.0000) };4.52957e-01;1.00000e+00;1.00000e+00;Pipeline { filter(avg_Y < 168000000.0000) };7.31092e-01;1.00000e+00;8.17732e-01;Pipeline { filter(avg_X > 0.0000) };7.31092e-01;1.00000e+00;8.17732e-01;Pipeline { filter(avg_X > 0.8950) };7.31092e-01;1.00000e+00;8.17732e-01;Pipeline { filter(avg_X > 0.8950) }
datasets/geolife_60mins.csv;nsga2;4;13;1300;1300;3.44510e+01;100;100;100;1.00000e+00;1.00000e+00;3.00000e-02;7.31092e-01;1.00000e+00;8.17732e-01;Pipeline { filter(avg_X > 49.2000) };6.62185e-01;1.00000e+00;8.87439e-01;Pipeline { filter(avg_Y < 446000.0000) | filter(avg_Y < 900000000.0000) };4.52957e-01;1.00000e+00;1.00000e+00;Pipeline { filter(avg_Y < 168000000.0000) };7.31092e-01;1.00000e+00;8.17732e-01;Pipeline { filter(avg_X > 0.0000) | filter(avg_X > 3.4800) };7.31092e-01;1.00000e+00;8.17732e-01;Pipeline { filter(avg_X > 0.0000) };7.31092e-01;1.00000e+00;8.17732e-01;Pipeline { filter(avg_X > 0.0000) }
datasets/geolife_60mins.csv;nsga2;4;14;1400;1400;3.72690e+01;100;100;100;1.00000e+00;1.00000e+00;3.00000e-02;7.31092e-01;1.00000e+00;8.17732e-01;Pipeline { filter(avg_X > 0.0003) };6.62185e-01;1.00000e+00;8.87439e-01;Pipeline { filter(avg_Y < 446000.0000) | filter(avg_Y < 900000000.0000) };4.52957e-01;1.00000e+00;1.00000e+00;Pipeline { filter(avg_Y < 168000000.0000) };7.31092e-01;1.00000e+00;8.17732e-01;Pipeline { filter(avg_X > 0.0000) };7.31092e-01;1.00000e+00;8.17732e-01;Pipeline { filter(avg_X > 0.0000) };7.31092e-01;1.00000e+00;8.17732e-01;Pipeline { filter(avg_X > 0.0000) }
datasets/geolife_60mins.csv;nsga2;4;15;1500;1500;3.98460e+01;100;100;100;1.00000e+00;9.90000e-01;3.00000e-02;7.31092e-01;1.00000e+00;8.17732e-01;Pipeline { filter(avg_X > 0.1300) };6.64694e-01;1.00000e+00;9.75563e-01;Pipeline { filter(avg_Y < 1940000.0000) };4.52957e-01;1.00000e+00;1.00000e+00;Pipeline { filter(avg_Y < 168000000.0000) };7.31092e-01;1.00000e+00;8.17732e-01;Pipeline { filter(avg_X > 0.0000) | filter(avg_X > 0.0000) };7.31092e-01;1.00000e+00;8.17732e-01;Pipeline { filter(avg_X > 0.0228) };7.31092e-01;1.00000e+00;8.17732e-01;Pipeline { filter(avg_X > 0.0228) }
datasets/geolife_60mins.csv;nsga2;4;16;1600;1600;4.25590e+01;100;100;100;1.00000e+00;1.00000e+00;5.00000e-02;8.17000e-01;1.00000e+00;7.91613e-01;Pipeline { filter(avg_X < 827000.0000) | filter(avg_X > 24.6000) };8.05563e-01;1.00000e+00;8.01364e-01;Pipeline { filter(avg_Y < 453000.0000) | filter(avg_X > 0.0000) };4.52957e-01;1.00000e+00;1.00000e+00;Pipeline { filter(avg_Y < 168000000.0000) };7.31092e-01;1.00000e+00;8.17732e-01;Pipeline { filter(avg_X > 0.0000) };7.31092e-01;1.00000e+00;8.17732e-01;Pipeline { filter(avg_X > 0.0097) | filter(avg_X > 24.7000) };7.31092e-01;1.00000e+00;8.17732e-01;Pipeline { filter(avg_Y < 11000000.0000) | filter(avg_X > 0.9200) }
datasets/geolife_60mins.csv;nsga2;4;17;1700;1700;4.52670e+01;100;100;100;1.00000e+00;9.90000e-01;5.00000e-02;8.17000e-01;1.00000e+00;7.91613e-01;Pipeline { filter(avg_X < 827000.0000) | filter(avg_X > 24.6000) };7.31092e-01;1.00000e+00;8.17732e-01;Pipeline { filter(avg_X > 6.2500) };4.52957e-01;1.00000e+00;1.00000e+00;Pipeline { filter(avg_Y < 168000000.0000) };7.31092e-01;1.00000e+00;8.17732e-01;Pipeline { filter(avg_X > 0.0000) };7.31092e-01;1.00000e+00;8.17732e-01;Pipeline { filter(avg_X > 0.0067) | filter(avg_X > 64.7000) };7.31092e-01;1.00000e+00;8.17732e-01;Pipeline { filter(avg_X > 0.0000) }
datasets/geolife_60mins.csv;nsga2;4;18;1800;1800;4.77580e+01;100;100;100;1.00000e+00;1.00000e+00;5.00000e-02;8.17000e-01;1.00000e+00;7.91613e-01;Pipeline { filter(avg_X < 827000.0000) | filter(avg_X > 24.6000) };8.08002e-01;1.00000e+00;8.10818e-01;Pipeline { filter(avg_Y < 580000.0000) | filter(avg_X > 7.6900) };4.52957e-01;1.00000e+00;1.00000e+00;Pipeline { filter(avg_Y < 168000000.0000) };7.31092e-01;1.00000e+00;8.17732e-01;Pipeline { filter(avg_Y < 7760000.0000) | filter(avg_X > 7.2900) };7.31092e-01;1.00000e+00;8.17732e-01;Pipeline { filter(avg_Y < 90200000.0000) | filter(avg_X > 0.0000) };7.31092e-01;1.00000e+00;8.17732e-01;Pipeline { filter(avg_Y < 7760000.0000) | filter(avg_X > 7.2900) }
datasets/geolife_60mins.csv;nsga2;4;19;1900;1900;5.04440e+01;100;100;100;1.00000e+00;9.90000e-01;6.00000e-02;8.17000e-01;1.00000e+00;7.91613e-01;Pipeline { filter(avg_X < 827000.0000) | filter(avg_X > 24.6000) };6.71275e-01;1.00000e+00;9.59347e-01;Pipeline { filter(avg_Y < 994000.0000) };4.52957e-01;1.00000e+00;1.00000e+00;Pipeline { filter(avg_Y < 168000000.0000) };7.31092e-01;1.00000e+00;8.17732e-01;Pipeline { filter(avg_X > 0.0091) };7.31092e-01;1.00000e+00;8.17732e-01;Pipeline { filter(avg_X > 0.0007) };7.31092e-01;1.00000e+00;8.17732e-01;Pipeline { filter(avg_X > 0.0000) }
datasets/geolife_60mins.csv;nsga2;4;20;2000;2000;5.31490e+01;100;100;100;1.00000e+00;9.80000e-01;6.00000e-02;8.17000e-01;1.00000e+00;7.91613e-01;Pipeline { filter(avg_X < 827000.0000) | filter(avg_X > 24.6000) };8.11361e-01;1.00000e+00;8.17727e-01;Pipeline { filter(avg_Y < 1610000.0000) | filter(avg_X > 7.6300) };4.52957e-01;1.00000e+00;1.00000e+00;Pipeline { filter(avg_Y < 168000000.0000) };7.31092e-01;1.00000e+00;8.17732e-01;Pipeline { filter(avg_X > 0.0000) };7.31092e-01;1.00000e+00;8.17732e-01;Pipeline { filter(avg_X > 0.0000) };7.31092e-01;1.00000e+00;8.17732e-01;Pipeline { filter(avg_X > 0.0000) | filter(avg_X > 54.6000) }
datasets/geolife_60mins.csv;nsga2;4;21;2100;2100;5.58530e+01;100;100;100;1.00000e+00;9.90000e-01;6.00000e-02;8.17000e-01;1.00000e+00;7.91613e-01;Pipeline { filter(avg_X < 827000.0000) | filter(avg_X > 24.6000) };6.71275e-01;1.00000e+00;9.59347e-01;Pipeline { filter(avg_Y < 994000.0000) };4.52957e-01;1.00000e+00;1.00000e+00;Pipeline { filter(avg_Y < 168000000.0000) };7.31092e-01;1.00000e+00;8.17732e-01;Pipeline { filter(avg_X > 2.6600) };7.31092e-01;1.00000e+00;8.17732e-01;Pipeline { filter(avg_X > 49.1000) };7.31092e-01;1.00000e+00;8.17732e-01;Pipeline { filter(avg_X > 9.6200) }
datasets/geolife_60mins.csv;nsga2;4;22;2200;2200;5.84280e+01;100;100;100;1.00000e+00;1.00000e+00;6.00000e-02;8.17000e-01;1.00000e+00;7.91613e-01;Pipeline { filter(avg_X < 827000.0000) | filter(avg_X > 24.6000) };8.11361e-01;1.00000e+00;8.17727e-01;Pipeline { filter(avg_Y < 1610000.0000) | filter(avg_X > 7.6300) };4.52957e-01;1.00000e+00;1.00000e+00;Pipeline { filter(avg_Y < 168000000.0000) };7.31092e-01;1.00000e+00;8.17732e-01;Pipeline { filter(avg_X > 0.0000) };7.31092e-01;1.00000e+00;8.17732e-01;Pipeline { filter(avg_X > 9.6000) };7.31092e-01;1.00000e+00;8.17732e-01;Pipeline { filter(avg_X > 0.0347) }
datasets/geolife_60mins.csv;nsga2;4;23;2300;2300;6.10270e+01;100;100;100;1.00000e+00;9.80000e-01;6.00000e-02;8.17000e-01;1.00000e+00;7.91613e-01;Pipeline { filter(avg_X < 827000.0000) | filter(avg_X > 24.6000) };6.71275e-01;1.00000e+00;9.59347e-01;Pipeline { filter(avg_Y < 994000.0000) };4.52957e-01;1.00000e+00;1.00000e+00;Pipeline { filter(avg_Y < 168000000.0000) };7.31092e-01;1.00000e+00;8.17732e-01;Pipeline { filter(avg_X > 43.5000) };7.31092e-01;1.00000e+00;8.17732e-01;Pipeline { filter(avg_X > 0.0000) };7.31092e-01;1.00000e+00;8.17732e-01;Pipeline { filter(avg_X > 0.0000) }
datasets/geolife_60mins.csv;nsga2;4;24;2400;2400;6.37630e+01;100;100;100;1.00000e+00;1.00000e+00;6.00000e-02;8.17000e-01;1.00000e+00;7.91613e-01;Pipeline { filter(avg_X < 827000.0000) | filter(avg_X > 24.6000) };8.11361e-01;1.00000e+00;8.17727e-01;Pipeline { filter(avg_Y < 1610000.0000) | filter(avg_X > 7.6300) };4.52957e-01;1.00000e+00;1.00000e+00;Pipeline { filter(avg_Y < 168000000.0000) };7.31092e-01;1.00000e+00;8.17732e-01;Pipeline { filter(avg_X > 0.0007) | filter(avg_Y < 21900000.0000) };7.31092e-01;1.00000e+00;8.17732e-01;Pipeline { filter(avg_X > 0.0000) };7.31092e-01;1.00000e+00;8.17732e-01;Pipeline { filter(avg_X > 0.0000) }
datasets/geolife_60mins.csv;nsga2;4;25;2500;2500;6.63000e+01;100;100;100;1.00000e+00;1.00000e+00;6.00000e-02;8.17000e-01;1.00000e+00;7.91613e-01;Pipeline { filter(avg_X < 827000.0000) | filter(avg_X > 24.6000) };6.71275e-01;1.00000e+00;9.59347e-01;Pipeline { filter(avg_Y < 994000.0000) };4.52957e-01;1.00000e+00;1.00000e+00;Pipeline { filter(avg_Y < 168000000.0000) };7.31092e-01;1.00000e+00;8.17732e-01;Pipeline { filter(avg_X > 931.0000) };7.31092e-01;1.00000e+00;8.17732e-01;Pipeline { filter(avg_X > 327.0000) };7.31092e-01;1.00000e+00;8.17732e-01;Pipeline { filter(avg_X > 6020.0000) | filter(avg_X > 6.0000) }
datasets/geolife_60mins.csv;nsga2;4;26;2600;2600;6.92020e+01;100;100;100;1.00000e+00;1.00000e+00;6.00000e-02;8.17000e-01;1.00000e+00;7.91613e-01;Pipeline { filter(avg_X < 827000.0000) | filter(avg_X > 24.6000) };8.11361e-01;1.00000e+00;8.17727e-01;Pipeline { filter(avg_Y < 1610000.0000) | filter(avg_X > 7.6300) };4.52957e-01;1.00000e+00;1.00000e+00;Pipeline { filter(avg_Y < 168000000.0000) };7.31092e-01;1.00000e+00;8.17732e-01;Pipeline { filter(avg_X > 0.0000) | filter(avg_Y < 31900000.0000) };7.31092e-01;1.00000e+00;8.17732e-01;Pipeline { filter(avg_X > 0.0418) };7.31092e-01;1.00000e+00;8.17732e-01;Pipeline { filter(avg_X > 0.0642) }
datasets/geolife_60mins.csv;nsga2;4;27;2700;2700;7.17740e+01;100;100;100;1.00000e+00;9.90000e-01;6.00000e-02;8.17000e-01;1.00000e+00;7.91613e-01;Pipeline { filter(avg_X < 827000.0000) | filter(avg_X > 24.6000) };6.72735e-01;1.00000e+00;9.70931e-01;Pipeline { filter(avg_Y < 1260000.0000) };4.52957e-01;1.00000e+00;1.00000e+00;Pipeline { filter(avg_Y < 168000000.0000) };7.31092e-01;1.00000e+00;8.17732e-01;Pipeline { filter(avg_X > 0.0040) };7.31092e-01;1.00000e+00;8.17732e-01;Pipeline { filter(avg_X > 0.0708) };7.31092e-01;1.00000e+00;8.17732e-01;Pipeline { filter(avg_X > 12.7000) }
datasets/geolife_60mins.csv;nsga2;4;28;2800;2800;7.43560e+01;100;100;100;1.00000e+00;9.90000e-01;6.00000e-02;8.17000e-01;1.00000e+00;7.91613e-01;Pipeline { filter(avg_X < 827000.0000) | filter(avg_X > 24.6000) };8.11361e-01;1.00000e+00;8.17727e-01;Pipeline { filter(avg_Y < 1610000.0000) | filter(avg_X > 7.6300) };4.52957e-01;1.00000e+00;1.00000e+00;Pipeline { filter(avg_Y < 168000000.0000) };7.31092e-01;1.00000e+00;8.17732e-01;Pipeline { filter(avg_X > 0.0000) };7.31092e-01;1.00000e+00;8.17732e-01;Pipeline { filter(avg_X > 606.0000) };7.31092e-01;1.00000e+00;8.17732e-01;Pipeline { filter(avg_X > 0.0006) }
datasets/geolife_60mins.csv;nsga2;4;29;2900;2900;7.70450e+01;100;100;100;1.00000e+00;9.90000e-01;6.00000e-02;8.17000e-01;1.00000e+00;7.91613e-01;Pipeline { filter(avg_X < 827000.0000) | filter(avg_X > 24.6000) };6.72735e-01;1.00000e+00;9.70931e-01;Pipeline { filter(avg_Y < 1260000.0000) };4.52957e-01;1.00000e+00;1.00000e+00;Pipeline { filter(avg_Y < 168000000.0000) };7.31092e-01;1.00000e+00;8.17732e-01;Pipeline { filter(avg_X > 0.0006) };7.31092e-01;1.00000e+00;8.17732e-01;Pipeline { filter(avg_X > 0.0009) };7.31092e-01;1.00000e+00;8.17732e-01;Pipeline { filter(avg_X > 13.4000) }
datasets/geolife_60mins.csv;nsga2;4;30;3000;3000;7.96000e+01;100;100;100;1.00000e+00;9.90000e-01;6.00000e-02;8.17000e-01;1.00000e+00;7.91613e-01;Pipeline { filter(avg_X < 827000.0000) | filter(avg_X > 24.6000) };8.11361e-01;1.00000e+00;8.17727e-01;Pipeline { filter(avg_Y < 1610000.0000) | filter(avg_X > 7.6300) };4.52957e-01;1.00000e+00;1.00000e+00;Pipeline { filter(avg_Y < 168000000.0000) };7.31092e-01;1.00000e+00;8.17732e-01;Pipeline { filter(avg_X > 0.0904) };7.31092e-01;1.00000e+00;8.17732e-01;Pipeline { filter(avg_X > 0.0008) };7.31092e-01;1.00000e+00;8.17732e-01;Pipeline { filter(avg_X > 0.0000) }
datasets/geolife_60mins.csv;nsga2;4;31;3100;3100;8.24040e+01;100;100;100;1.00000e+00;9.90000e-01;6.00000e-02;8.17000e-01;1.00000e+00;7.91613e-01;Pipeline { filter(avg_X < 827000.0000) | filter(avg_X > 24.6000) };6.72735e-01;1.00000e+00;9.70931e-01;Pipeline { filter(avg_Y < 1260000.0000) };4.52957e-01;1.00000e+00;1.00000e+00;Pipeline { filter(avg_Y < 168000000.0000) };7.31092e-01;1.00000e+00;8.17732e-01;Pipeline { filter(avg_X > 0.0000) };7.31092e-01;1.00000e+00;8.17732e-01;Pipeline { filter(avg_X > 0.0000) | filter(avg_X > 59.9000) };7.31092e-01;1.00000e+00;8.17732e-01;Pipeline { filter(avg_X > 0.0000) }
datasets/geolife_60mins.csv;nsga2;4;32;3200;3200;8.49650e+01;100;100;100;1.00000e+00;9.80000e-01;6.00000e-02;8.17000e-01;1.00000e+00;7.91613e-01;Pipeline { filter(avg_X < 827000.0000) | filter(avg_X > 24.6000) };8.11361e-01;1.00000e+00;8.17727e-01;Pipeline { filter(avg_Y < 1610000.0000) | filter(avg_X > 7.6300) };4.52957e-01;1.00000e+00;1.00000e+00;Pipeline { filter(avg_Y < 168000000.0000) };7.31092e-01;1.00000e+00;8.17732e-01;Pipeline { filter(avg_X > 368.0000) };7.31092e-01;1.00000e+00;8.17732e-01;Pipeline { filter(avg_X > 26.0000) };7.31092e-01;1.00000e+00;8.17732e-01;Pipeline { filter(avg_X > 0.6840) }
datasets/geolife_60mins.csv;nsga2;4;33;3300;3300;8.76070e+01;100;100;100;1.00000e+00;1.00000e+00;6.00000e-02;8.17000e-01;1.00000e+00;7.91613e-01;Pipeline { filter(avg_X < 827000.0000) | filter(avg_X > 24.6000) };6.72735e-01;1.00000e+00;9.70931e-01;Pipeline { filter(avg_Y < 1260000.0000) };4.52957e-01;1.00000e+00;1.00000e+00;Pipeline { filter(avg_Y < 168000000.0000) };7.31092e-01;1.00000e+00;8.17732e-01;Pipeline { filter(avg_X > 0.1510) };7.31092e-01;1.00000e+00;8.17732e-01;Pipeline { filter(avg_X > 0.0050) };7.31092e-01;1.00000e+00;8.17732e-01;Pipeline { filter(avg_X > 0.0000) }
datasets/geolife_60mins.csv;nsga2;4;34;3400;3400;9.05500e+01;100;100;100;1.00000e+00;1.00000e+00;6.00000e-02;8.17000e-01;1.00000e+00;7.91613e-01;Pipeline { filter(avg_X < 827000.0000) | filter(avg_X > 24.6000) };8.11361e-01;1.00000e+00;8.17727e-01;Pipeline { filter(avg_Y < 1610000.0000) | filter(avg_X > 7.6300) };4.52957e-01;1.00000e+00;1.00000e+00;Pipeline { filter(avg_X < 201000000.0000) };7.31092e-01;1.00000e+00;8.17732e-01;Pipeline { filter(avg_X > 0.0012) };7.31092e-01;1.00000e+00;8.17732e-01;Pipeline { filter(avg_X > 0.9850) };7.31092e-01;1.00000e+00;8.17732e-01;Pipeline { filter(avg_X > 0.0000) }
datasets/geolife_60mins.csv;nsga2;4;35;3500;3500;9.31880e+01;100;100;100;1.00000e+00;9.90000e-01;6.00000e-02;8.17000e-01;1.00000e+00;7.91613e-01;Pipeline { filter(avg_X < 827000.0000) | filter(avg_X > 24.6000) };6.72735e-01;1.00000e+00;9.70931e-01;Pipeline { filter(avg_Y < 1260000.0000) };4.52957e-01;1.00000e+00;1.00000e+00;Pipeline { filter(avg_X < 201000000.0000) };7.31092e-01;1.00000e+00;8.17732e-01;Pipeline { filter(avg_X > 285.0000) };7.31092e-01;1.00000e+00;8.17732e-01;Pipeline { filter(avg_X > 0.0001) };7.31092e-01;1.00000e+00;8.17732e-01;Pipeline { filter(avg_X > 0.0000) }
datasets/geolife_60mins.csv;nsga2;4;36;3600;3600;9.57280e+01;100;100;100;1.00000e+00;1.00000e+00;6.00000e-02;8.17000e-01;1.00000e+00;7.91613e-01;Pipeline { filter(avg_X < 827000.0000) | filter(avg_X > 24.6000) };8.11361e-01;1.00000e+00;8.17727e-01;Pipeline { filter(avg_Y < 1610000.0000) | filter(avg_X > 7.6300) };4.52957e-01;1.00000e+00;1.00000e+00;Pipeline { filter(avg_X < 201000000.0000) };7.31092e-01;1.00000e+00;8.17732e-01;Pipeline { filter(avg_X > 8.3100) };7.31092e-01;1.00000e+00;8.17732e-01;Pipeline { filter(avg_X > 0.0000) };7.31092e-01;1.00000e+00;8.17732e-01;Pipeline { filter(avg_X > 0.0769) }
datasets/geolife_60mins.csv;nsga2;4;37;3700;3700;9.83670e+01;100;100;100;1.00000e+00;9.80000e-01;6.00000e-02;8.20270e-01;1.00000e+00;7.97096e-01;Pipeline { filter(avg_X < 857000.0000) | filter(avg_X > 47.6000) };6.72735e-01;1.00000e+00;9.70931e-01;Pipeline { filter(avg_Y < 1260000.0000) };4.52957e-01;1.00000e+00;1.00000e+00;Pipeline { filter(avg_X < 496000000.0000) };7.31092e-01;1.00000e+00;8.17732e-01;Pipeline { filter(avg_X > 3580.0000) };7.31092e-01;1.00000e+00;8.17732e-01;Pipeline { filter(avg_X > 8.2700) };7.31092e-01;1.00000e+00;8.17732e-01;Pipeline { filter(avg_X > 8.8000) }
datasets/geolife_60mins.csv;nsga2;4;38;3800;3800;1.01172e+02;100;100;100;1.00000e+00;1.00000e+00;6.00000e-02;8.20270e-01;1.00000e+00;7.97096e-01;Pipeline { filter(avg_X < 857000.0000) | filter(avg_X > 47.6000) };8.11361e-01;1.00000e+00;8.17727e-01;Pipeline { filter(avg_Y < 1610000.0000) | filter(avg_X > 0.0216) };4.52957e-01;1.00000e+00;1.00000e+00;Pipeline { filter(avg_X < 496000000.0000) };7.31092e-01;1.00000e+00;8.17732e-01;Pipeline { filter(avg_X > 4.4900) };7.31092e-01;1.00000e+00;8.17732e-01;Pipeline { filter(avg_X > 0.0000) };7.31092e-01;1.00000e+00;8.17732e-01;Pipeline { filter(avg_X > 0.4630) }
datasets/geolife_60mins.csv;nsga2;4;39;3900;3900;1.03633e+02;100;100;100;1.00000e+00;9.80000e-01;6.00000e-02;8.20270e-01;1.00000e+00;7.97096e-01;Pipeline { filter(avg_X < 857000.0000) | filter(avg_X > 47.6000) };6.72735e-01;1.00000e+00;9.70931e-01;Pipeline { filter(avg_Y < 1260000.0000) };4.52957e-01;1.00000e+00;1.00000e+00;Pipeline { filter(avg_X < 496000000.0000) };7.31092e-01;1.00000e+00;8.17732e-01;Pipeline { filter(avg_X > 0.0000) };7.31092e-01;1.00000e+00;8.17732e-01;Pipeline { filter(avg_X > 0.0000) };7.31092e-01;1.00000e+00;8.17732e-01;Pipeline { filter(avg_X > 0.0009) }
datasets/geolife_60mins.csv;nsga2;4;40;4000;4000;1.06233e+02;100;100;100;1.00000e+00;1.00000e+00;6.00000e-02;8.20270e-01;1.00000e+00;7.97096e-01;Pipeline { filter(avg_X < 857000.0000) | filter(avg_X > 47.6000) };8.11361e-01;1.00000e+00;8.17727e-01;Pipeline { filter(avg_Y < 1610000.0000) | filter(avg_X > 0.0216) };4.52957e-01;1.00000e+00;1.00000e+00;Pipeline { filter(avg_X < 496000000.0000) };7.31092e-01;1.00000e+00;8.17732e-01;Pipeline { filter(avg_X > 3870.0000) };7.31092e-01;1.00000e+00;8.17732e-01;Pipeline { filter(avg_X > 4530.0000) };7.31092e-01;1.00000e+00;8.17732e-01;Pipeline { filter(avg_X > 3870.0000) }
datasets/geolife_60mins.csv;nsga2;4;41;4100;4100;1.08845e+02;100;100;100;1.00000e+00;1.00000e+00;6.00000e-02;8.20270e-01;1.00000e+00;7.97096e-01;Pipeline { filter(avg_X < 857000.0000) | filter(avg_X > 47.6000) };6.72735e-01;1.00000e+00;9.70931e-01;Pipeline { filter(avg_Y < 1260000.0000) };4.52957e-01;1.00000e+00;1.00000e+00;Pipeline { filter(avg_X < 496000000.0000) };7.31092e-01;1.00000e+00;8.17732e-01;Pipeline { filter(avg_X > 0.0000) | filter(avg_X > 88.3000) };7.31092e-01;1.00000e+00;8.17732e-01;Pipeline { filter(avg_X > 0.0000) };7.31092e-01;1.00000e+00;8.17732e-01;Pipeline { filter(avg_X > 0.0000) | filter(avg_X > 88.3000) }
datasets/geolife_60mins.csv;nsga2;4;42;4200;4200;1.11488e+02;100;100;100;1.00000e+00;1.00000e+00;6.00000e-02;8.20270e-01;1.00000e+00;7.97096e-01;Pipeline { filter(avg_X < 857000.0000) | filter(avg_X > 47.6000) };8.11361e-01;1.00000e+00;8.17727e-01;Pipeline { filter(avg_Y < 1610000.0000) | filter(avg_X > 0.0216) };4.52957e-01;1.00000e+00;1.00000e+00;Pipeline { filter(avg_X < 496000000.0000) };7.31092e-01;1.00000e+00;8.17732e-01;Pipeline { filter(avg_X > 0.0000) };7.31092e-01;1.00000e+00;8.17732e-01;Pipeline { filter(avg_X > 0.0000) };7.31092e-01;1.00000e+00;8.17732e-01;Pipeline { filter(avg_X > 0.0000) }
datasets/geolife_60mins.csv;nsga2;4;43;4300;4300;1.14030e+02;100;100;100;1.00000e+00;1.00000e+00;6.00000e-02;8.20270e-01;1.00000e+00;7.97096e-01;Pipeline { filter(avg_X < 857000.0000) | filter(avg_X > 47.6000) };6.72735e-01;1.00000e+00;9.70931e-01;Pipeline { filter(avg_Y < 1260000.0000) };4.52957e-01;1.00000e+00;1.00000e+00;Pipeline { filter(avg_X < 496000000.0000) };7.31092e-01;1.00000e+00;8.17732e-01;Pipeline { filter(avg_X > 49.2000) };7.31092e-01;1.00000e+00;8.17732e-01;Pipeline { filter(avg_X > 533.0000) };7.31092e-01;1.00000e+00;8.17732e-01;Pipeline { filter(avg_X > 49.2000) }
datasets/geolife_60mins.csv;nsga2;4;44;4400;4400;1.16606e+02;100;100;100;1.00000e+00;1.00000e+00;6.00000e-02;8.20270e-01;1.00000e+00;7.97096e-01;Pipeline { filter(avg_X < 857000.0000) | filter(avg_X > 47.6000) };8.11361e-01;1.00000e+00;8.17727e-01;Pipeline { filter(avg_Y < 1610000.0000) | filter(avg_X > 0.0216) };4.52957e-01;1.00000e+00;1.00000e+00;Pipeline { filter(avg_X < 496000000.0000) };7.31092e-01;1.00000e+00;8.17732e-01;Pipeline { filter(avg_X > 0.0004) };7.31092e-01;1.00000e+00;8.17732e-01;Pipeline { filter(avg_X > 0.0000) };7.31092e-01;1.00000e+00;8.17732e-01;Pipeline { filter(avg_X > 0.0004) }
datasets/geolife_60mins.csv;nsga2;4;45;4500;4500;1.19161e+02;100;100;100;1.00000e+00;1.00000e+00;6.00000e-02;8.20270e-01;1.00000e+00;7.97096e-01;Pipeline { filter(avg_X < 857000.0000) | filter(avg_X > 47.6000) };6.72735e-01;1.00000e+00;9.70931e-01;Pipeline { filter(avg_Y < 1260000.0000) };4.52957e-01;1.00000e+00;1.00000e+00;Pipeline { filter(avg_X < 496000000.0000) };7.31092e-01;1.00000e+00;8.17732e-01;Pipeline { filter(avg_X > 0.0780) };7.31092e-01;1.00000e+00;8.17732e-01;Pipeline { filter(avg_X > 0.0000) | filter(avg_X > 4950.0000) };7.31092e-01;1.00000e+00;8.17732e-01;Pipeline { filter(avg_X > 0.0780) }
datasets/geolife_60mins.csv;nsga2;4;46;4600;4600;1.21935e+02;100;100;100;1.00000e+00;9.90000e-01;6.00000e-02;8.20270e-01;1.00000e+00;7.97096e-01;Pipeline { filter(avg_X < 857000.0000) | filter(avg_X > 47.6000) };8.11361e-01;1.00000e+00;8.17727e-01;Pipeline { filter(avg_Y < 1610000.0000) | filter(avg_X > 0.0216) };4.52957e-01;1.00000e+00;1.00000e+00;Pipeline { filter(avg_X < 496000000.0000) };7.31092e-01;1.00000e+00;8.17732e-01;Pipeline { filter(avg_X > 6.7700) };7.31092e-01;1.00000e+00;8.17732e-01;Pipeline { filter(avg_X > 0.0000) };7.31092e-01;1.00000e+00;8.17732e-01;Pipeline { filter(avg_X > 6.7700) }
datasets/geolife_60mins.csv;nsga2;4;47;4700;4700;1.24655e+02;100;100;100;1.00000e+00;1.00000e+00;6.00000e-02;8.20270e-01;1.00000e+00;7.97096e-01;Pipeline { filter(avg_X < 857000.0000) | filter(avg_X > 47.6000) };6.72942e-01;1.00000e+00;9.73109e-01;Pipeline { filter(avg_Y < 1360000.0000) };4.52957e-01;1.00000e+00;1.00000e+00;Pipeline { filter(avg_X < 496000000.0000) };7.31092e-01;1.00000e+00;8.17732e-01;Pipeline { filter(avg_X > 0.0000) };7.31092e-01;1.00000e+00;8.17732e-01;Pipeline { filter(avg_X > 0.0000) };7.31092e-01;1.00000e+00;8.17732e-01;Pipeline { filter(avg_X > 0.0000) }
datasets/geolife_60mins.csv;nsga2;4;48;4800;4800;1.27262e+02;100;100;100;1.00000e+00;1.00000e+00;7.00000e-02;8.30254e-01;9.99821e-01;7.02579e-01;Pipeline { filter(avg_X < 396000.0000) | filter(avg_X > 4900.0000) };8.11361e-01;1.00000e+00;8.17727e-01;Pipeline { filter(avg_Y < 1610000.0000) | filter(avg_X > 0.0216) };4.52957e-01;1.00000e+00;1.00000e+00;Pipeline { filter(avg_X < 496000000.0000) };7.31092e-01;1.00000e+00;8.17732e-01;Pipeline { filter(avg_X > 0.0000) };7.31092e-01;1.00000e+00;8.17732e-01;Pipeline { filter(avg_X > 0.3880) };7.31092e-01;1.00000e+00;8.17732e-01;Pipeline { filter(avg_X > 0.0088) }
datasets/geolife_60mins.csv;nsga2;4;49;4900;4900;1.30078e+02;100;100;100;1.00000e+00;1.00000e+00;7.00000e-02;8.30254e-01;9.99821e-01;7.02579e-01;Pipeline { filter(avg_X < 396000.0000) | filter(avg_X > 4900.0000) };8.11361e-01;1.00000e+00;8.17727e-01;Pipeline { filter(avg_Y < 1610000.0000) | filter(avg_X > 7.6300) };4.52957e-01;1.00000e+00;1.00000e+00;Pipeline { filter(avg_Y < 567000000.0000) };7.31092e-01;1.00000e+00;8.17732e-01;Pipeline { filter(avg_X > 0.0001) | filter(avg_X > 0.0000) };7.31092e-01;1.00000e+00;8.17732e-01;Pipeline { filter(avg_X > 0.0001) | filter(avg_X > 0.0000) };7.31092e-01;1.00000e+00;8.17732e-01;Pipeline { filter(avg_X > 0.0073) }
datasets/geolife_60mins.csv;nsga2;4;50;5000;5000;1.32593e+02;100;100;100;1.00000e+00;9.90000e-01;7.00000e-02;8.30254e-01;9.99821e-01;7.02579e-01;Pipeline { filter(avg_X < 396000.0000) | filter(avg_X > 4900.0000) };8.11361e-01;1.00000e+00;8.17727e-01;Pipeline { filter(avg_Y < 1610000.0000) | filter(avg_X > 0.0216) };4.52957e-01;1.00000e+00;1.00000e+00;Pipeline { filter(avg_Y < 567000000.0000) };7.31092e-01;1.00000e+00;8.17732e-01;Pipeline { filter(avg_X > 95.9000) };7.31092e-01;1.00000e+00;8.17732e-01;Pipeline { filter(avg_X > 80.3000) };7.31092e-01;1.00000e+00;8.17732e-01;Pipeline { filter(avg_X > 679.0000) }
datasets/geolife_60mins.csv;nsga2;5;1;100;100;2.95100e+00;100;9;68;1.00000e+00;1.00000e+00;1.60000e-01;7.41738e-01;1.00000e+00;7.03719e-01;Pipeline { filter(avg_Y > 0.0000) | filter(avg_Y < 505000.0000) };4.14143e-01;1.00000e+00;7.26545e-01;Pipeline { filter(avg_Y > 370.0000) };4.52957e-01;1.00000e+00;1.00000e+00;Pipeline { filter(avg_Y < 1720000000.0000) };2.02007e-02;0.00000e+00;2.70142e-02;Pipeline { filter(avg_X < 0.0008) | filter(avg_X < 242.0000) };0.00000e+00;0.00000e+00;0.00000e+00;Pipeline { filter(avg_Y < 271000.0000) | filter(avg_Y > 0.0085) | filter(avg_X > 40400.0000) | filter(avg_X < 0.0000) | filter(avg_Y > 0.9840) | filter(avg_X < 0.0572) | filter(avg_Y < 65.5000) | filter(avg_Y > 0.0047) | filter(avg_X > 0.0629) };2.02007e-02;0.00000e+00;2.70142e-02;Pipeline { filter(avg_X < 0.0008) | filter(avg_X < 242.0000) }
datasets/geolife_60mins.csv;nsga2;5;2;200;200;5.54400e+00;100;21;21;1.00000e+00;1.00000e+00;2.30000e-01;7.41738e-01;1.00000e+00;7.03719e-01;Pipeline { filter(avg_Y > 0.0000) | filter(avg_Y < 505000.0000) };4.14127e-01;1.00000e+00;7.26510e-01;Pipeline { filter(avg_Y > 454.0000) | filter(avg_X < 6560000000.0000) };4.52957e-01;1.00000e+00;1.00000e+00;Pipeline { filter(avg_X < 6290000000.0000) };4.52957e-01;1.00000e+00;1.00000e+00;Pipeline { filter(avg_X < 86500000.0000) };7.31092e-01;1.00000e+00;8.17732e-01;Pipeline { filter(avg_X > 0.0000) | filter(avg_X > 0.0000) };4.14168e-01;1.00000e+00;7.26608e-01;Pipeline { filter(avg_Y > 0.0000) }
datasets/geolife_60mins.csv;nsga2;5;3;300;300;8.10000e+00;100;48;7;1.00000e+00;1.00000e+00;2.30000e-01;7.57031e-01;9.99330e-01;6.64539e-01;Pipeline { filter(avg_Y < 920000000.0000) | filter(avg_Y > 0.0000) | filter(avg_X > 0.0021) | filter(avg_Y > 91900.0000) | filter(avg_X < 447000.0000) | filter(avg_X < 1210000000.0000) };4.13922e-01;1.00000e+00;7.26021e-01;Pipeline { filter(avg_Y > 6890.0000) };4.52957e-01;1.00000e+00;1.00000e+00;Pipeline { filter(avg_Y < 4090000000.0000) };7.31092e-01;1.00000e+00;8.17732e-01;Pipeline { filter(avg_X > 4.0000) };4.14168e-01;1.00000e+00;7.26608e-01;Pipeline { filter(avg_Y > 0.0559) };7.31092e-01;1.00000e+00;8.17732e-01;Pipeline { filter(avg_X < 3440000000.0000) | filter(avg_X > 0.0000) | filter(avg_X > 0.0000) | filter(avg_X < 5260000000.0000) | filter(avg_Y < 5560000000.0000) | filter(avg_Y < 6410000000.0000) | filter(avg_X > 0.0001) }
datasets/geolife_60mins.csv;nsga2;5;4;400;400;1.06420e+01;100;80;12;1.00000e+00;1.00000e+00;1.50000e-01;8.10548e-01;1.00000e+00;8.16711e-01;Pipeline { filter(avg_X < 3810000000.0000) | filter(avg_X > 0.0071) | filter(avg_Y < 988000.0000) };6.87470e-01;1.00000e+00;7.04727e-01;Pipeline { filter(avg_X < 7440000000.0000) | filter(avg_Y > 0.0000) | filter(avg_X > 0.0000) | filter(avg_X < 5260000000.0000) | filter(avg_Y < 5560000000.0000) | filter(avg_Y < 6410000000.0000) | filter(avg_X > 0.0001) };4.52957e-01;1.00000e+00;1.00000e+00;Pipeline { filter(avg_X < 86500000.0000) };7.31092e-01;1.00000e+00;8.17732e-01;Pipeline { filter(avg_X > 4.0000) };7.31092e-01;1.00000e+00;8.17732e-01;Pipeline { filter(avg_X > 0.0475) };7.31092e-01;1.00000e+00;8.17732e-01;Pipeline { filter(avg_X > 454.0000) | filter(avg_X < 6560000000.0000) }
datasets/geolife_60mins.csv;nsga2;5;5;500;500;1.31170e+01;100;100;100;1.00000e+00;9.90000e-01;3.00000e-02;8.10548e-01;1.00000e+00;8.16711e-01;Pipeline { filter(avg_X < 3810000000.0000) | filter(avg_X > 0.0071) | filter(avg_Y < 988000.0000) };7.31092e-01;1.00000e+00;8.17732e-01;Pipeline { filter(avg_X < 7440000000.0000) | filter(avg_X > 44.0000) | filter(avg_X > 0.0000) | filter(avg_X < 9260000000.0000) | filter(avg_Y < 5560000000.0000) | filter(avg_Y < 6610000000.0000) | filter(avg_X > 0.0001) };4.52957e-01;1.00000e+00;1.00000e+00;Pipeline { filter(avg_X < 6260000000.0000) };7.31092e-01;1.00000e+00;8.17732e-01;Pipeline { filter(avg_X > 0.0415) };7.31092e-01;1.00000e+00;8.17732e-01;Pipeline { filter(avg_X > 0.0000) | filter(avg_X > 0.0000) };4.52957e-01;1.00000e+00;1.00000e+00;Pipeline { filter(avg_X < 1320000000.0000) }
datasets/geolife_60mins.csv;nsga2;5;6;600;600;1.57050e+01;100;100;100;1.00000e+00;1.00000e+00;3.00000e-02;8.10548e-01;1.00000e+00;8.16711e-01;Pipeline { filter(avg_X < 3810000000.0000) | filter(avg_X > 0.0071) | filter(avg_Y < 988000.0000) };7.31092e-01;1.00000e+00;8.17732e-01;Pipeline { filter(avg_X < 7440000000.0000) | filter(avg_X > 0.0000) | filter(avg_X > 0.0000) | filter(avg_X < 9260000000.0000) | filter(avg_Y < 5560000000.0000) | filter(avg_Y < 6610000000.0000) | filter(avg_X > 0.0001) };4.52957e-01;1.00000e+00;1.00000e+00;Pipeline { filter(avg_Y < 1720000000.0000) };7.31092e-01;1.00000e+00;8.17732e-01;Pipeline { filter(avg_X > 454.0000) | filter(avg_X < 6560000000.0000) };7.31092e-01;1.00000e+00;8.17732e-01;Pipeline { filter(avg_X < 7440000000.0000) | filter(avg_X > 0.0000) | filter(avg_X > 0.0000) | filter(avg_X < 5260000000.0000) | filter(avg_X < 5560000000.0000) | filter(avg_X > 0.0001) | filter(avg_X > 0.0008) };4.52957e-01;1.00000e+00;1.00000e+00;Pipeline { filter(avg_X < 8650000.0000) }
datasets/geolife_60mins.csv;nsga2;5;7;700;700;1.82600e+01;100;100;100;1.00000e+00;1.00000e+00;6.00000e-02;8.20259e-01;1.00000e+00;7.04031e-01;Pipeline { filter(avg_Y > 0.0614) | filter(avg_X > 0.0071) | filter(avg_Y < 988000.0000) };8.10548e-01;1.00000e+00;8.16711e-01;Pipeline { filter(avg_X < 3110000000.0000) | filter(avg_X > 0.0071) | filter(avg_Y < 988000.0000) };4.52957e-01;1.00000e+00;1.00000e+00;Pipeline { filter(avg_Y < 1790000000.0000) };4.52957e-01;1.00000e+00;1.00000e+00;Pipeline { filter(avg_X < 86200000.0000) };4.52957e-01;1.00000e+00;1.00000e+00;Pipeline { filter(avg_X < 86200000.0000) };4.52957e-01;1.00000e+00;1.00000e+00;Pipeline { filter(avg_X < 7660000.0000) }
datasets/geolife_60mins.csv;nsga2;5;8;800;800;2.07810e+01;100;100;100;1.00000e+00;1.00000e+00;6.00000e-02;8.20259e-01;1.00000e+00;7.04031e-01;Pipeline { filter(avg_Y > 0.0614) | filter(avg_X > 0.0071) | filter(avg_Y < 988000.0000) };6.73100e-01;1.00000e+00;9.75087e-01;Pipeline { filter(avg_Y < 1720000.0000) };4.52957e-01;1.00000e+00;1.00000e+00;Pipeline { filter(avg_X < 62500000.0000) };7.31092e-01;1.00000e+00;8.17732e-01;Pipeline { filter(avg_X > 0.0016) };4.52957e-01;1.00000e+00;1.00000e+00;Pipeline { filter(avg_X < 86700000.0000) };4.52957e-01;1.00000e+00;1.00000e+00;Pipeline { filter(avg_Y < 6260000000.0000) }
datasets/geolife_60mins.csv;nsga2;5;9;900;900;2.33260e+01;100;100;100;1.00000e+00;1.00000e+00;6.00000e-02;8.20259e-01;1.00000e+00;7.04031e-01;Pipeline { filter(avg_Y > 0.0614) | filter(avg_X > 0.0071) | filter(avg_Y < 988000.0000) };8.10548e-01;1.00000e+00;8.16711e-01;Pipeline { filter(avg_X < 3110000000.0000) | filter(avg_X > 0.0071) | filter(avg_Y < 988000.0000) };4.52957e-01;1.00000e+00;1.00000e+00;Pipeline { filter(avg_Y < 2990000000.0000) };4.52957e-01;1.00000e+00;1.00000e+00;Pipeline { filter(avg_X < 5880000000.0000) };4.52957e-01;1.00000e+00;1.00000e+00;Pipeline { filter(avg_X < 5880000000.0000) };4.52957e-01;1.00000e+00;1.00000e+00;Pipeline { filter(avg_Y < 2190000000.0000) }
datasets/geolife_60mins.csv;nsga2;5;10;1000;1000;2.56180e+01;100;100;100;1.00000e+00;1.00000e+00;6.00000e-02;8.20259e-01;1.00000e+00;7.04031e-01;Pipeline { filter(avg_Y > 0.0614) | filter(avg_X > 0.0071) | filter(avg_Y < 988000.0000) };6.73100e-01;1.00000e+00;9.75087e-01;Pipeline { filter(avg_Y < 1720000.0000) };4.52957e-01;1.00000e+00;1.00000e+00;Pipeline { filter(avg_X < 7960000000.0000) };4.52957e-01;1.00000e+00;1.00000e+00;Pipeline { filter(avg_X < 9280000.0000) };4.52957e-01;1.00000e+00;1.00000e+00;Pipeline { filter(avg_X < 9280000.0000) };4.52957e-01;1.00000e+00;1.00000e+00;Pipeline { filter(avg_X < 82300000.0000) }
datasets/geolife_60mins.csv;nsga2;5;11;1100;1100;2.81380e+01;100;100;100;1.00000e+00;9.90000e-01;6.00000e-02;8.20259e-01;1.00000e+00;7.04031e-01;Pipeline { filter(avg_Y > 0.0614) | filter(avg_X > 0.0071) | filter(avg_Y < 988000.0000) };8.10548e-01;1.00000e+00;8.16711e-01;Pipeline { filter(avg_X < 3110000000.0000) | filter(avg_X > 0.0071) | filter(avg_Y < 988000.0000) };4.52957e-01;1.00000e+00;1.00000e+00;Pipeline { filter(avg_Y < 611000000.0000) };4.52957e-01;1.00000e+00;1.00000e+00;Pipeline { filter(avg_X < 2300000000.0000) };4.52957e-01;1.00000e+00;1.00000e+00;Pipeline { filter(avg_X < 2300000000.0000) };4.52957e-01;1.00000e+00;1.00000e+00;Pipeline { filter(avg_Y < 7660000.0000) }
datasets/geolife_60mins.csv;nsga2;5;12;1200;1200;3.05890e+01;100;100;100;1.00000e+00;9.90000e-01;6.00000e-02;8.20259e-01;1.00000e+00;7.04031e-01;Pipeline { filter(avg_Y > 0.0614) | filter(avg_X > 0.0071) | filter(avg_Y < 988000.0000) };6.73100e-01;1.00000e+00;9.75087e-01;Pipeline { filter(avg_Y < 1720000.0000) };4.52957e-01;1.00000e+00;1.00000e+00;Pipeline { filter(avg_X < 2600000000.0000) };4.52957e-01;1.00000e+00;1.00000e+00;Pipeline { filter(avg_Y < 625000000.0000) };4.52957e-01;1.00000e+00;1.00000e+00;Pipeline { filter(avg_Y < 625000000.0000) };4.52957e-01;1.00000e+00;1.00000e+00;Pipeline { filter(avg_Y < 9110000000.0000) }
datasets/geolife_60mins.csv;nsga2;5;13;1300;1300;3.32400e+01;100;100;100;1.00000e+00;1.00000e+00;6.00000e-02;8.20259e-01;1.00000e+00;7.04031e-01;Pipeline { filter(avg_Y > 0.0614) | filter(avg_X > 0.0071) | filter(avg_Y < 988000.0000) };8.10548e-01;1.00000e+00;8.16711e-01;Pipeline { filter(avg_X < 3110000000.0000) | filter(avg_X > 0.0071) | filter(avg_Y < 988000.0000) };4.52957e-01;1.00000e+00;1.00000e+00;Pipeline { filter(avg_X < 6280000000.0000) };4.52957e-01;1.00000e+00;1.00000e+00;Pipeline { filter(avg_Y < 7420000.0000) };4.52957e-01;1.00000e+00;1.00000e+00;Pipeline { filter(avg_Y < 7420000.0000) };4.52957e-01;1.00000e+00;1.00000e+00;Pipeline { filter(avg_X < 50000000.0000) }
datasets/geolife_60mins.csv;nsga2;5;14;1400;1400;3.58100e+01;100;100;100;1.00000e+00;9.90000e-01;7.00000e-02;8.35372e-01;1.00000e+00;6.87098e-01;Pipeline { filter(avg_Y > 0.0614) | filter(avg_X > 0.0071) | filter(avg_Y < 288000.0000) };8.20259e-01;1.00000e+00;7.04031e-01;Pipeline { filter(avg_Y > 0.0614) | filter(avg_X > 0.0071) | filter(avg_Y < 988000.0000) };4.52957e-01;1.00000e+00;1.00000e+00;Pipeline { filter(avg_Y < 6450000000.0000) };4.52957e-01;1.00000e+00;1.00000e+00;Pipeline { filter(avg_Y < 930000000.0000) };4.52957e-01;1.00000e+00;1.00000e+00;Pipeline { filter(avg_Y < 930000000.0000) };4.52957e-01;1.00000e+00;1.00000e+00;Pipeline { filter(avg_X < 8670000000.0000) }
datasets/geolife_60mins.csv;nsga2;5;15;1500;1500;3.82930e+01;100;100;100;1.00000e+00;1.00000e+00;7.00000e-02;8.35372e-01;1.00000e+00;6.87098e-01;Pipeline { filter(avg_Y > 0.0614) | filter(avg_X > 0.0071) | filter(avg_Y < 288000.0000) };8.10548e-01;1.00000e+00;8.16711e-01;Pipeline { filter(avg_X < 3800000000.0000) | filter(avg_X > 0.0071) | filter(avg_Y < 988000.0000) };4.52957e-01;1.00000e+00;1.00000e+00;Pipeline { filter(avg_Y < 6830000000.0000) };4.52957e-01;1.00000e+00;1.00000e+00;Pipeline { filter(avg_X < 73100000.0000) };4.52957e-01;1.00000e+00;1.00000e+00;Pipeline { filter(avg_X < 73100000.0000) };4.52957e-01;1.00000e+00;1.00000e+00;Pipeline { filter(avg_X < 73700000.0000) }
datasets/geolife_60mins.csv;nsga2;5;16;1600;1600;4.08790e+01;100;100;100;1.00000e+00;1.00000e+00;7.00000e-02;8.35372e-01;1.00000e+00;6.87098e-01;Pipeline { filter(avg_Y > 0.0614) | filter(avg_X > 0.0071) | filter(avg_Y < 288000.0000) };8.20259e-01;1.00000e+00;7.04031e-01;Pipeline { filter(avg_Y > 0.0614) | filter(avg_X > 0.0071) | filter(avg_Y < 988000.0000) };4.52957e-01;1.00000e+00;1.00000e+00;Pipeline { filter(avg_Y < 15000000.0000) };4.52957e-01;1.00000e+00;1.00000e+00;Pipeline { filter(avg_X < 6120000000.0000) };4.52957e-01;1.00000e+00;1.00000e+00;Pipeline { filter(avg_X < 6120000000.0000) };4.52957e-01;1.00000e+00;1.00000e+00;Pipeline { filter(avg_Y < 6140000000.0000) }
datasets/geolife_60mins.csv;nsga2;5;17;1700;1700;4.32470e+01;100;100;100;1.00000e+00;9.90000e-01;7.00000e-02;8.35372e-01;1.00000e+00;6.87098e-01;Pipeline { filter(avg_Y > 0.0614) | filter(avg_X > 0.0071) | filter(avg_Y < 288000.0000) };8.20259e-01;1.00000e+00;7.04031e-01;Pipeline { filter(avg_Y > 0.0614) | filter(avg_X > 0.0071) | filter(avg_Y < 988000.0000) };4.52957e-01;1.00000e+00;1.00000e+00;Pipeline { filter(avg_X < 58700000.0000) };4.52957e-01;1.00000e+00;1.00000e+00;Pipeline { filter(avg_Y < 116000000.0000) };4.52957e-01;1.00000e+00;1.00000e+00;Pipeline { filter(avg_Y < 116000000.0000) };4.52957e-01;1.00000e+00;1.00000e+00;Pipeline { filter(avg_Y < 239000000.0000) }
datasets/geolife_60mins.csv;nsga2;5;18;1800;1800;4.58960e+01;100;100;100;1.00000e+00;1.00000e+00;7.00000e-02;8.35372e-01;1.00000e+00;6.87098e-01;Pipeline { filter(avg_Y > 0.0614) | filter(avg_X > 0.0071) | filter(avg_Y < 288000.0000) };8.10548e-01;1.00000e+00;8.16711e-01;Pipeline { filter(avg_X < 3810000000.0000) | filter(avg_X > 0.0071) | filter(avg_Y < 988000.0000) };4.52957e-01;1.00000e+00;1.00000e+00;Pipeline { filter(avg_Y < 983000000.0000) };4.52957e-01;1.00000e+00;1.00000e+00;Pipeline { filter(avg_X < 330000000.0000) };4.52957e-01;1.00000e+00;1.00000e+00;Pipeline { filter(avg_Y < 60000000.0000) };4.52957e-01;1.00000e+00;1.00000e+00;Pipeline { filter(avg_Y < 378000000.0000) }
datasets/geolife_60mins.csv;nsga2;5;19;1900;1900;4.83190e+01;100;100;100;1.00000e+00;1.00000e+00;7.00000e-02;8.35372e-01;1.00000e+00;6.87098e-01;Pipeline { filter(avg_Y > 0.0614) | filter(avg_X > 0.0071) | filter(avg_Y < 288000.0000) };8.20259e-01;1.00000e+00;7.04031e-01;Pipeline { filter(avg_Y > 0.0000) | filter(avg_X > 0.0071) | filter(avg_Y < 988000.0000) };4.52957e-01;1.00000e+00;1.00000e+00;Pipeline { filter(avg_X < 9580000.0000) };4.52957e-01;1.00000e+00;1.00000e+00;Pipeline { filter(avg_X < 192000000.0000) };4.52957e-01;1.00000e+00;1.00000e+00;Pipeline { filter(avg_X < 192000000.0000) };4.52957e-01;1.00000e+00;1.00000e+00;Pipeline { filter(avg_X < 31100000.0000) }
datasets/geolife_60mins.csv;nsga2;5;20;2000;2000;5.07410e+01;100;100;100;1.00000e+00;1.00000e+00;7.00000e-02;8.35372e-01;1.00000e+00;6.87098e-01;Pipeline { filter(avg_Y > 0.0614) | filter(avg_X > 0.0071) | filter(avg_Y < 288000.0000) };6.73100e-01;1.00000e+00;9.75087e-01;Pipeline { filter(avg_Y < 1870000.0000) };4.52957e-01;1.00000e+00;1.00000e+00;Pipeline { filter(avg_Y < 187000000.0000) };4.52957e-01;1.00000e+00;1.00000e+00;Pipeline { filter(avg_X < 7170000000.0000) };4.52957e-01;1.00000e+00;1.00000e+00;Pipeline { filter(avg_X < 7170000000.0000) };4.52957e-01;1.00000e+00;1.00000e+00;Pipeline { filter(avg_X < 60600000.0000) }
datasets/geolife_60mins.csv;nsga2;5;21;2100;2100;5.34060e+01;100;100;100;1.00000e+00;1.00000e+00;7.00000e-02;8.35372e-01;1.00000e+00;6.87098e-01;Pipeline { filter(avg_Y > 0.0614) | filter(avg_X > 0.0071) | filter(avg_Y < 288000.0000) };8.20259e-01;1.00000e+00;7.04031e-01;Pipeline { filter(avg_Y > 0.0614) | filter(avg_X > 0.0071) | filter(avg_Y < 988000.0000) };4.52957e-01;1.00000e+00;1.00000e+00;Pipeline { filter(avg_X < 640000000.0000) };4.52957e-01;1.00000e+00;1.00000e+00;Pipeline { filter(avg_Y < 980000000.0000) };4.52957e-01;1.00000e+00;1.00000e+00;Pipeline { filter(avg_Y < 980000000.0000) };4.52957e-01;1.00000e+00;1.00000e+00;Pipeline { filter(avg_Y < 92200000.0000) }
datasets/geolife_60mins.csv;nsga2;5;22;2200;2200;5.58700e+01;100;100;100;1.00000e+00;1.00000e+00;7.00000e-02;8.35372e-01;1.00000e+00;6.87098e-01;Pipeline { filter(avg_Y > 0.0614) | filter(avg_X > 0.0071) | filter(avg_Y < 288000.0000) };6.73100e-01;1.00000e+00;9.75087e-01;Pipeline { filter(avg_Y < 1870000.0000) };4.52957e-01;1.00000e+00;1.00000e+00;Pipeline { filter(avg_X < 7580000.0000) };4.52957e-01;1.00000e+00;1.00000e+00;Pipeline { filter(avg_X < 9480000.0000) };4.52957e-01;1.00000e+00;1.00000e+00;Pipeline { filter(avg_Y < 75200000.0000) };4.52957e-01;1.00000e+00;1.00000e+00;Pipeline { filter(avg_Y < 57900000.0000) }
datasets/geolife_60mins.csv;nsga2;5;23;2300;2300;5.83180e+01;100;100;100;1.00000e+00;1.00000e+00;7.00000e-02;8.35372e-01;1.00000e+00;6.87098e-01;Pipeline { filter(avg_Y > 0.0614) | filter(avg_X > 0.0071) | filter(avg_Y < 288000.0000) };8.20259e-01;1.00000e+00;7.04031e-01;Pipeline { filter(avg_Y > 0.0000) | filter(avg_X > 0.0071) | filter(avg_Y < 988000.0000) };4.52957e-01;1.00000e+00;1.00000e+00;Pipeline { filter(avg_Y < 318000000.0000) };4.52957e-01;1.00000e+00;1.00000e+00;Pipeline { filter(avg_X < 7000000.0000) };4.52957e-01;1.00000e+00;1.00000e+00;Pipeline { filter(avg_X < 7000000.0000) };4.52957e-01;1.00000e+00;1.00000e+00;Pipeline { filter(avg_Y < 8270000.0000) }
datasets/geolife_60mins.csv;nsga2;5;24;2400;2400;6.07570e+01;100;100;100;1.00000e+00;1.00000e+00;7.00000e-02;8.35372e-01;1.00000e+00;6.87098e-01;Pipeline { filter(avg_Y > 0.0614) | filter(avg_X > 0.0071) | filter(avg_Y < 288000.0000) };6.73100e-01;1.00000e+00;9.75087e-01;Pipeline { filter(avg_Y < 1870000.0000) };4.52957e-01;1.00000e+00;1.00000e+00;Pipeline { filter(avg_X < 953000000.0000) };4.52957e-01;1.00000e+00;1.00000e+00;Pipeline { filter(avg_X < 9360000000.0000) };4.52957e-01;1.00000e+00;1.00000e+00;Pipeline { filter(avg_X < 9360000000.0000) };4.52957e-01;1.00000e+00;1.00000e+00;Pipeline { filter(avg_Y < 5680000000.0000) }
datasets/geolife_60mins.csv;nsga2;5;25;2500;2500;6.30650e+01;100;100;100;1.00000e+00;1.00000e+00;8.00000e-02;8.35372e-01;1.00000e+00;6.87098e-01;Pipeline { filter(avg_Y > 0.0614) | filter(avg_X > 0.0071) | filter(avg_Y < 288000.0000) };8.20259e-01;1.00000e+00;7.04031e-01;Pipeline { filter(avg_Y > 0.0614) | filter(avg_X > 0.0071) | filter(avg_Y < 988000.0000) };4.52957e-01;1.00000e+00;1.00000e+00;Pipeline { filter(avg_X < 952000000.0000) };4.52957e-01;1.00000e+00;1.00000e+00;Pipeline { filter(avg_Y < 908000000.0000) };4.52957e-01;1.00000e+00;1.00000e+00;Pipeline { filter(avg_Y < 908000000.0000) };4.52957e-01;1.00000e+00;1.00000e+00;Pipeline { filter(avg_X < 674000000.0000) }
datasets/geolife_60mins.csv;nsga2;5;26;2600;2600;6.56300e+01;100;100;100;1.00000e+00;1.00000e+00;8.00000e-02;8.35372e-01;1.00000e+00;6.87098e-01;Pipeline { filter(avg_Y > 0.0614) | filter(avg_X > 0.0071) | filter(avg_Y < 288000.0000) };6.73100e-01;1.00000e+00;9.75087e-01;Pipeline { filter(avg_Y < 1870000.0000) };4.52957e-01;1.00000e+00;1.00000e+00;Pipeline { filter(avg_Y < 509000000.0000) };4.52957e-01;1.00000e+00;1.00000e+00;Pipeline { filter(avg_Y < 607000000.0000) };4.52957e-01;1.00000e+00;1.00000e+00;Pipeline { filter(avg_Y < 607000000.0000) };4.52957e-01;1.00000e+00;1.00000e+00;Pipeline { filter(avg_Y < 953000000.0000) }
datasets/geolife_60mins.csv;nsga2;5;27;2700;2700;6.80750e+01;100;100;100;1.00000e+00;1.00000e+00;8.00000e-02;8.35372e-01;1.00000e+00;6.87098e-01;Pipeline { filter(avg_Y > 0.0614) | filter(avg_X > 0.0071) | filter(avg_Y < 288000.0000) };8.20259e-01;1.00000e+00;7.04031e-01;Pipeline { filter(avg_Y > 0.0000) | filter(avg_X > 0.0071) | filter(avg_Y < 988000.0000) };4.52957e-01;1.00000e+00;1.00000e+00;Pipeline { filter(avg_X < 95800000.0000) };4.52957e-01;1.00000e+00;1.00000e+00;Pipeline { filter(avg_X < 673000000.0000) };4.52957e-01;1.00000e+00;1.00000e+00;Pipeline { filter(avg_X < 673000000.0000) };4.52957e-01;1.00000e+00;1.00000e+00;Pipeline { filter(avg_Y < 719000000.0000) }
datasets/geolife_60mins.csv;nsga2;5;28;2800;2800;7.05430e+01;100;100;100;1.00000e+00;1.00000e+00;8.00000e-02;8.35372e-01;1.00000e+00;6.87098e-01;Pipeline { filter(avg_Y > 0.0614) | filter(avg_X > 0.0071) | filter(avg_Y < 288000.0000) };6.73100e-01;1.00000e+00;9.75087e-01;Pipeline { filter(avg_Y < 1870000.0000) };4.52957e-01;1.00000e+00;1.00000e+00;Pipeline { filter(avg_X < 2440000000.0000) };4.52957e-01;1.00000e+00;1.00000e+00;Pipeline { filter(avg_X < 180000000.0000) };4.52957e-01;1.00000e+00;1.00000e+00;Pipeline { filter(avg_X < 180000000.0000) };4.52957e-01;1.00000e+00;1.00000e+00;Pipeline { filter(avg_X < 11000000.0000) }
datasets/geolife_60mins.csv;nsga2;5;29;2900;2900;7.30470e+01;100;100;100;1.00000e+00;1.00000e+00;8.00000e-02;8.35372e-01;1.00000e+00;6.87098e-01;Pipeline { filter(avg_Y > 0.0614) | filter(avg_X > 0.0071) | filter(avg_Y < 288000.0000) };8.20259e-01;1.00000e+00;7.04031e-01;Pipeline { filter(avg_Y > 0.0614) | filter(avg_X > 0.0071) | filter(avg_Y < 988000.0000) };4.52957e-01;1.00000e+00;1.00000e+00;Pipeline { filter(avg_X < 102000000.0000) };4.52957e-01;1.00000e+00;1.00000e+00;Pipeline { filter(avg_X < 106000000.0000) };4.52957e-01;1.00000e+00;1.00000e+00;Pipeline { filter(avg_X < 106000000.0000) };4.52957e-01;1.00000e+00;1.00000e+00;Pipeline { filter(avg_X < 329000000.0000) }
datasets/geolife_60mins.csv;nsga2;5;30;3000;3000;7.55550e+01;100;100;100;1.00000e+00;1.00000e+00;8.00000e-02;8.35372e-01;1.00000e+00;6.87098e-01;Pipeline { filter(avg_Y > 0.0614) | filter(avg_X > 0.0071) | filter(avg_Y < 288000.0000) };6.73100e-01;1.00000e+00;9.75087e-01;Pipeline { filter(avg_Y < 1870000.0000) };4.52957e-01;1.00000e+00;1.00000e+00;Pipeline { filter(avg_Y < 431000000.0000) };4.52957e-01;1.00000e+00;1.00000e+00;Pipeline { filter(avg_Y < 181000000.0000) };4.52957e-01;1.00000e+00;1.00000e+00;Pipeline { filter(avg_X < 9150000.0000) };4.52957e-01;1.00000e+00;1.00000e+00;Pipeline { filter(avg_X < 251000000.0000) }
datasets/geolife_60mins.csv;nsga2;5;31;3100;3100;7.81430e+01;100;100;100;1.00000e+00;1.00000e+00;8.00000e-02;8.35372e-01;1.00000e+00;6.87098e-01;Pipeline { filter(avg_Y > 0.0614) | filter(avg_X > 0.0071) | filter(avg_Y < 288000.0000) };8.20259e-01;1.00000e+00;7.04031e-01;Pipeline { filter(avg_Y > 0.0000) | filter(avg_X > 0.0071) | filter(avg_Y < 988000.0000) };4.52957e-01;1.00000e+00;1.00000e+00;Pipeline { filter(avg_Y < 3130000.0000) };7.31092e-01;1.00000e+00;8.17732e-01;Pipeline { filter(avg_X > 0.0000) };4.52957e-01;1.00000e+00;1.00000e+00;Pipeline { filter(avg_Y < 7280000000.0000) };4.52957e-01;1.00000e+00;1.00000e+00;Pipeline { filter(avg_Y < 197000000.0000) }
datasets/geolife_60mins.csv;nsga2;5;32;3200;3200;8.07190e+01;100;100;100;1.00000e+00;9.90000e-01;9.00000e-02;8.35372e-01;1.00000e+00;6.87098e-01;Pipeline { filter(avg_Y > 0.0614) | filter(avg_X > 0.0071) | filter(avg_Y < 288000.0000) };4.84548e-01;1.00000e+00;9.88088e-01;Pipeline { filter(avg_Y < 2380000.0000) };4.52957e-01;1.00000e+00;1.00000e+00;Pipeline { filter(avg_X < 172000000.0000) };7.31092e-01;1.00000e+00;8.17732e-01;Pipeline { filter(avg_X > 677.0000) };4.52957e-01;1.00000e+00;1.00000e+00;Pipeline { filter(avg_X < 49200000.0000) };4.52957e-01;1.00000e+00;1.00000e+00;Pipeline { filter(avg_X < 861000000.0000) }
datasets/geolife_60mins.csv;nsga2;5;33;3300;3300;8.32370e+01;100;100;100;1.00000e+00;9.80000e-01;9.00000e-02;8.35372e-01;1.00000e+00;6.87098e-01;Pipeline { filter(avg_Y > 0.0614) | filter(avg_X > 0.0071) | filter(avg_Y < 288000.0000) };8.20259e-01;1.00000e+00;7.04031e-01;Pipeline { filter(avg_Y > 0.0614) | filter(avg_X > 0.0071) | filter(avg_Y < 988000.0000) };4.52957e-01;1.00000e+00;1.00000e+00;Pipeline { filter(avg_X < 172000000.0000) };7.31092e-01;1.00000e+00;8.17732e-01;Pipeline { filter(avg_X > 0.0000) };7.31092e-01;1.00000e+00;8.17732e-01;Pipeline { filter(avg_X > 0.0000) };7.31092e-01;1.00000e+00;8.17732e-01;Pipeline { filter(avg_X > 0.0007) }
datasets/geolife_60mins.csv;nsga2;5;34;3400;3400;8.57480e+01;100;100;100;1.00000e+00;1.00000e+00;9.00000e-02;8.35372e-01;1.00000e+00;6.87098e-01;Pipeline { filter(avg_Y > 0.0614) | filter(avg_X > 0.0071) | filter(avg_Y < 288000.0000) };4.84548e-01;1.00000e+00;9.88088e-01;Pipeline { filter(avg_Y < 2380000.0000) };4.52957e-01;1.00000e+00;1.00000e+00;Pipeline { filter(avg_X < 172000000.0000) };7.31092e-01;1.00000e+00;8.17732e-01;Pipeline { filter(avg_X > 0.0000) };7.31092e-01;1.00000e+00;8.17732e-01;Pipeline { filter(avg_X > 0.0000) };7.31092e-01;1.00000e+00;8.17732e-01;Pipeline { filter(avg_X > 0.4000) }
datasets/geolife_60mins.csv;nsga2;5;35;3500;3500;8.84390e+01;100;100;100;1.00000e+00;9.70000e-01;1.00000e-01;8.35372e-01;1.00000e+00;6.87098e-01;Pipeline { filter(avg_Y > 0.0614) | filter(avg_X > 0.0071) | filter(avg_Y < 288000.0000) };8.22988e-01;1.00000e+00;7.01831e-01;Pipeline { filter(avg_Y > 0.0613) | filter(avg_X > 0.0071) | filter(avg_Y < 788000.0000) };4.52957e-01;1.00000e+00;1.00000e+00;Pipeline { filter(avg_X < 172000000.0000) };7.31092e-01;1.00000e+00;8.17732e-01;Pipeline { filter(avg_X > 3.1500) };7.31092e-01;1.00000e+00;8.17732e-01;Pipeline { filter(avg_X > 0.0659) };7.31092e-01;1.00000e+00;8.17732e-01;Pipeline { filter(avg_X > 3.1500) }
datasets/geolife_60mins.csv;nsga2;5;36;3600;3600;9.08180e+01;100;100;100;1.00000e+00;9.90000e-01;1.00000e-01;8.35372e-01;1.00000e+00;6.87098e-01;Pipeline { filter(avg_Y > 0.0614) | filter(avg_X > 0.0071) | filter(avg_Y < 288000.0000) };4.84548e-01;1.00000e+00;9.88088e-01;Pipeline { filter(avg_Y < 2380000.0000) };4.52957e-01;1.00000e+00;1.00000e+00;Pipeline { filter(avg_X < 172000000.0000) };7.31092e-01;1.00000e+00;8.17732e-01;Pipeline { filter(avg_X > 1.9900) };7.31092e-01;1.00000e+00;8.17732e-01;Pipeline { filter(avg_X > 6.0200) };7.31092e-01;1.00000e+00;8.17732e-01;Pipeline { filter(avg_X > 1.9900) }
datasets/geolife_60mins.csv;nsga2;5;37;3700;3700;9.33440e+01;100;100;100;1.00000e+00;1.00000e+00;1.00000e-01;8.35372e-01;1.00000e+00;6.87098e-01;Pipeline { filter(avg_Y > 0.0614) | filter(avg_X > 0.0071) | filter(avg_Y < 288000.0000) };8.22988e-01;1.00000e+00;7.01831e-01;Pipeline { filter(avg_Y > 0.0613) | filter(avg_X > 7140.0000) | filter(avg_Y < 788000.0000) };4.52957e-01;1.00000e+00;1.00000e+00;Pipeline { filter(avg_X < 172000000.0000) };7.31092e-01;1.00000e+00;8.17732e-01;Pipeline { filter(avg_X > 0.0000) };7.31092e-01;1.00000e+00;8.17732e-01;Pipeline { filter(avg_X > 0.0091) };7.31092e-01;1.00000e+00;8.17732e-01;Pipeline { filter(avg_X > 0.0008) }
datasets/geolife_60mins.csv;nsga2;5;38;3800;3800;9.60480e+01;100;100;100;1.00000e+00;9.90000e-01;1.00000e-01;8.35372e-01;1.00000e+00;6.87098e-01;Pipeline { filter(avg_Y > 0.0614) | filter(avg_X > 0.0071) | filter(avg_Y < 288000.0000) };4.84548e-01;1.00000e+00;9.88088e-01;Pipeline { filter(avg_Y < 2380000.0000) };4.52957e-01;1.00000e+00;1.00000e+00;Pipeline { filter(avg_X < 172000000.0000) };7.31092e-01;1.00000e+00;8.17732e-01;Pipeline { filter(avg_X > 0.0000) };7.31092e-01;1.00000e+00;8.17732e-01;Pipeline { filter(avg_X > 8.9800) };7.31092e-01;1.00000e+00;8.17732e-01;Pipeline { filter(avg_X > 0.4100) }
datasets/geolife_60mins.csv;nsga2;5;39;3900;3900;9.87350e+01;100;100;100;1.00000e+00;9.90000e-01;1.00000e-01;8.35372e-01;1.00000e+00;6.87098e-01;Pipeline { filter(avg_Y > 0.0614) | filter(avg_X > 0.0071) | filter(avg_Y < 288000.0000) };8.22988e-01;1.00000e+00;7.01831e-01;Pipeline { filter(avg_Y > 0.0613) | filter(avg_X > 7140.0000) | filter(avg_Y < 788000.0000) };4.52957e-01;1.00000e+00;1.00000e+00;Pipeline { filter(avg_X < 172000000.0000) };7.31092e-01;1.00000e+00;8.17732e-01;Pipeline { filter(avg_X > 0.0000) };7.31092e-01;1.00000e+00;8.17732e-01;Pipeline { filter(avg_X > 11.9000) };7.31092e-01;1.00000e+00;8.17732e-01;Pipeline { filter(avg_X > 0.0000) }
datasets/geolife_60mins.csv;nsga2;5;40;4000;4000;1.01449e+02;100;100;100;1.00000e+00;1.00000e+00;1.00000e-01;8.35372e-01;1.00000e+00;6.87098e-01;Pipeline { filter(avg_Y > 0.0614) | filter(avg_X > 0.0071) | filter(avg_Y < 288000.0000) };4.84548e-01;1.00000e+00;9.88088e-01;Pipeline { filter(avg_Y < 2380000.0000) };4.52957e-01;1.00000e+00;1.00000e+00;Pipeline { filter(avg_X < 172000000.0000) };7.31092e-01;1.00000e+00;8.17732e-01;Pipeline { filter(avg_X > 0.0742) };7.31092e-01;1.00000e+00;8.17732e-01;Pipeline { filter(avg_X > 0.0742) };7.31092e-01;1.00000e+00;8.17732e-01;Pipeline { filter(avg_X > 9.7100) }
datasets/geolife_60mins.csv;nsga2;5;41;4100;4100;1.04086e+02;100;100;100;1.00000e+00;1.00000e+00;1.00000e-01;8.35372e-01;1.00000e+00;6.87098e-01;Pipeline { filter(avg_Y > 0.0614) | filter(avg_X > 0.0071) | filter(avg_Y < 288000.0000) };8.24882e-01;1.00000e+00;7.03218e-01;Pipeline { filter(avg_Y > 0.0614) | filter(avg_X > 0.0070) | filter(avg_Y < 888000.0000) };4.52957e-01;1.00000e+00;1.00000e+00;Pipeline { filter(avg_X < 172000000.0000) };7.31092e-01;1.00000e+00;8.17732e-01;Pipeline { filter(avg_X > 0.0000) };7.31092e-01;1.00000e+00;8.17732e-01;Pipeline { filter(avg_X > 0.0000) };7.31092e-01;1.00000e+00;8.17732e-01;Pipeline { filter(avg_X > 0.0000) }
datasets/geolife_60mins.csv;nsga2;5;42;4200;4200;1.06716e+02;100;100;100;1.00000e+00;1.00000e+00;1.00000e-01;8.35372e-01;1.00000e+00;6.87098e-01;Pipeline { filter(avg_Y > 0.0614) | filter(avg_X > 0.0071) | filter(avg_Y < 288000.0000) };4.84548e-01;1.00000e+00;9.88088e-01;Pipeline { filter(avg_Y < 2380000.0000) };4.52957e-01;1.00000e+00;1.00000e+00;Pipeline { filter(avg_X < 172000000.0000) };7.31092e-01;1.00000e+00;8.17732e-01;Pipeline { filter(avg_X > 0.0000) };7.31092e-01;1.00000e+00;8.17732e-01;Pipeline { filter(avg_X > 0.0007) };7.31092e-01;1.00000e+00;8.17732e-01;Pipeline { filter(avg_X > 0.0000) }
datasets/geolife_60mins.csv;nsga2;5;43;4300;4300;1.09333e+02;100;100;100;1.00000e+00;1.00000e+00;1.00000e-01;8.35372e-01;1.00000e+00;6.87098e-01;Pipeline { filter(avg_Y > 0.0614) | filter(avg_X > 0.0071) | filter(avg_Y < 288000.0000) };8.24882e-01;1.00000e+00;7.03218e-01;Pipeline { filter(avg_Y > 0.0614) | filter(avg_X > 0.0070) | filter(avg_Y < 888000.0000) };4.52957e-01;1.00000e+00;1.00000e+00;Pipeline { filter(avg_X < 172000000.0000) };7.31092e-01;1.00000e+00;8.17732e-01;Pipeline { filter(avg_X > 0.0149) };7.31092e-01;1.00000e+00;8.17732e-01;Pipeline { filter(avg_X > 0.8920) };7.31092e-01;1.00000e+00;8.17732e-01;Pipeline { filter(avg_X > 0.0149) }
datasets/geolife_60mins.csv;nsga2;5;44;4400;4400;1.12225e+02;100;100;100;1.00000e+00;1.00000e+00;1.00000e-01;8.35372e-01;1.00000e+00;6.87098e-01;Pipeline { filter(avg_Y > 0.0614) | filter(avg_X > 0.0071) | filter(avg_Y < 288000.0000) };4.84548e-01;1.00000e+00;9.88088e-01;Pipeline { filter(avg_Y < 2380000.0000) };4.52957e-01;1.00000e+00;1.00000e+00;Pipeline { filter(avg_X < 172000000.0000) };7.31092e-01;1.00000e+00;8.17732e-01;Pipeline { filter(avg_X > 0.0066) };7.31092e-01;1.00000e+00;8.17732e-01;Pipeline { filter(avg_X > 0.0522) };7.31092e-01;1.00000e+00;8.17732e-01;Pipeline { filter(avg_X > 0.0066) }
datasets/geolife_60mins.csv;nsga2;5;45;4500;4500;1.14871e+02;100;100;100;1.00000e+00;1.00000e+00;1.10000e-01;8.35372e-01;1.00000e+00;6.87098e-01;Pipeline { filter(avg_Y > 0.0614) | filter(avg_X > 0.0071) | filter(avg_Y < 288000.0000) };8.24882e-01;1.00000e+00;7.03218e-01;Pipeline { filter(avg_Y > 0.0614) | filter(avg_X > 0.0160) | filter(avg_Y < 888000.0000) };4.52957e-01;1.00000e+00;1.00000e+00;Pipeline { filter(avg_X < 172000000.0000) };7.31092e-01;1.00000e+00;8.17732e-01;Pipeline { filter(avg_X > 0.0007) };7.31092e-01;1.00000e+00;8.17732e-01;Pipeline { filter(avg_X > 0.4720) };7.31092e-01;1.00000e+00;8.17732e-01;Pipeline { filter(avg_X > 0.0007) }
datasets/geolife_60mins.csv;nsga2;5;46;4600;4600;1.17630e+02;100;100;100;1.00000e+00;1.00000e+00;1.20000e-01;8.35372e-01;1.00000e+00;6.87098e-01;Pipeline { filter(avg_Y > 0.0614) | filter(avg_X > 0.0071) | filter(avg_Y < 288000.0000) };4.90401e-01;1.00000e+00;9.84157e-01;Pipeline { filter(avg_Y < 2360000.0000) };4.52957e-01;1.00000e+00;1.00000e+00;Pipeline { filter(avg_X < 172000000.0000) };7.31092e-01;1.00000e+00;8.17732e-01;Pipeline { filter(avg_X > 0.9840) };7.31092e-01;1.00000e+00;8.17732e-01;Pipeline { filter(avg_X > 0.0008) };7.31092e-01;1.00000e+00;8.17732e-01;Pipeline { filter(avg_X > 0.0010) }
datasets/geolife_60mins.csv;nsga2;5;47;4700;4700;1.20247e+02;100;100;100;1.00000e+00;1.00000e+00;1.20000e-01;8.35372e-01;1.00000e+00;6.87098e-01;Pipeline { filter(avg_Y > 0.0614) | filter(avg_X > 0.0071) | filter(avg_Y < 288000.0000) };8.24882e-01;1.00000e+00;7.03218e-01;Pipeline { filter(avg_Y > 0.0614) | filter(avg_X > 0.0160) | filter(avg_Y < 888000.0000) };4.52957e-01;1.00000e+00;1.00000e+00;Pipeline { filter(avg_X < 172000000.0000) };7.31092e-01;1.00000e+00;8.17732e-01;Pipeline { filter(avg_X > 87.6000) };7.31092e-01;1.00000e+00;8.17732e-01;Pipeline { filter(avg_X > 0.0000) };7.31092e-01;1.00000e+00;8.17732e-01;Pipeline { filter(avg_X > 0.0058) }
datasets/geolife_60mins.csv;nsga2;5;48;4800;4800;1.22771e+02;100;100;100;1.00000e+00;1.00000e+00;1.20000e-01;8.35372e-01;1.00000e+00;6.87098e-01;Pipeline { filter(avg_Y > 0.0614) | filter(avg_X > 0.0071) | filter(avg_Y < 288000.0000) };4.90401e-01;1.00000e+00;9.84157e-01;Pipeline { filter(avg_Y < 2360000.0000) };4.52957e-01;1.00000e+00;1.00000e+00;Pipeline { filter(avg_X < 172000000.0000) };7.31092e-01;1.00000e+00;8.17732e-01;Pipeline { filter(avg_X > 0.0000) };7.31092e-01;1.00000e+00;8.17732e-01;Pipeline { filter(avg_X > 0.0001) };7.31092e-01;1.00000e+00;8.17732e-01;Pipeline { filter(avg_X > 0.0000) }
datasets/geolife_60mins.csv;nsga2;5;49;4900;4900;1.25532e+02;100;100;100;1.00000e+00;9.90000e-01;1.20000e-01;8.35372e-01;1.00000e+00;6.87098e-01;Pipeline { filter(avg_Y > 0.0614) | filter(avg_X > 0.0071) | filter(avg_Y < 288000.0000) };8.24882e-01;1.00000e+00;7.03218e-01;Pipeline { filter(avg_Y > 0.0614) | filter(avg_X > 0.0160) | filter(avg_Y < 888000.0000) };4.52957e-01;1.00000e+00;1.00000e+00;Pipeline { filter(avg_X < 172000000.0000) };7.31092e-01;1.00000e+00;8.17732e-01;Pipeline { filter(avg_X > 0.0009) };7.31092e-01;1.00000e+00;8.17732e-01;Pipeline { filter(avg_X > 0.0000) };7.31092e-01;1.00000e+00;8.17732e-01;Pipeline { filter(avg_X > 0.0001) }
datasets/geolife_60mins.csv;nsga2;5;50;5000;5000;1.28298e+02;100;100;100;1.00000e+00;1.00000e+00;1.20000e-01;8.35372e-01;1.00000e+00;6.87098e-01;Pipeline { filter(avg_Y > 0.0614) | filter(avg_X > 0.0071) | filter(avg_Y < 288000.0000) };4.90401e-01;1.00000e+00;9.84157e-01;Pipeline { filter(avg_Y < 2360000.0000) };4.52957e-01;1.00000e+00;1.00000e+00;Pipeline { filter(avg_X < 172000000.0000) };7.31092e-01;1.00000e+00;8.17732e-01;Pipeline { filter(avg_X > 0.0000) };7.31092e-01;1.00000e+00;8.17732e-01;Pipeline { filter(avg_X > 0.0903) };7.31092e-01;1.00000e+00;8.17732e-01;Pipeline { filter(avg_X > 0.0037) }
