problem.name;solver.name;randomGenerator.seed;n.iterations;n.evals;n.births;elapsed.secs;all→size;firsts→size;lasts→size;all→each[genotype]→uniqueness;all→each[solution]→uniqueness;all→each[quality]→uniqueness;"all→percentile[quality→privacy;100]→quality→privacy";"all→percentile[quality→privacy;100]→quality→performance-similarity";"all→percentile[quality→privacy;100]→solution";"all→percentile[quality→performance-similarity;100]→quality→privacy";"all→percentile[quality→performance-similarity;100]→quality→performance-similarity";"all→percentile[quality→performance-similarity;100]→solution";"all→percentile[quality→privacy;75]→quality→privacy";"all→percentile[quality→privacy;75]→quality→performance-similarity";"all→percentile[quality→privacy;75]→solution";"all→percentile[quality→performance-similarity;75]→quality→privacy";"all→percentile[quality→performance-similarity;75]→quality→performance-similarity";"all→percentile[quality→performance-similarity;75]→solution"
datasets/geolife_60mins.csv;nsga2;1;1;100;100;9.25400e+00;100;2;34;9.60000e-01;9.60000e-01;6.70000e-01;9.53124e-01;7.49735e-01;Pipeline { map_aggregate(attribute=avg_Y, function=avg, window=7) | map_aggregate(attribute=avg_X, function=max, window=5) | map_noise(attribute=avg_X, percentage=0.01) | map_noise(attribute=avg_X, percentage=0.25) | map_aggregate(attribute=avg_Y, function=max, window=6) | filter(avg_X > 0.0000) | map_noise(attribute=avg_Y, percentage=0.10) };9.26721e-01;8.99166e-01;Pipeline { filter(avg_Y < 165000.0000) };6.11294e-01;8.06890e-01;Pipeline { map_duplicate(probability=0.50) };5.98077e-01;6.85761e-01;Pipeline { map_noise(attribute=avg_Y, percentage=0.10) | map_duplicate(probability=0.50) | map_aggregate(attribute=avg_Y, function=max, window=3) | map_aggregate(attribute=avg_Y, function=max, window=10) | map_aggregate(attribute=avg_Y, function=avg, window=9) | map_noise(attribute=avg_Y, percentage=0.25) | map_aggregate(attribute=avg_X, function=avg, window=3) | map_aggregate(attribute=avg_X, function=min, window=6) | filter(avg_Y > 9.7600) }
datasets/geolife_60mins.csv;nsga2;1;2;200;200;1.80030e+01;100;4;5;9.60000e-01;9.50000e-01;1.00000e+00;9.55054e-01;7.51295e-01;Pipeline { map_aggregate(attribute=avg_Y, function=avg, window=7) | map_aggregate(attribute=avg_X, function=max, window=5) | map_noise(attribute=avg_X, percentage=0.01) | map_noise(attribute=avg_Y, percentage=0.01) | map_aggregate(attribute=avg_Y, function=max, window=6) | filter(avg_X > 0.0000) | map_noise(attribute=avg_Y, percentage=0.10) };8.35717e-01;9.17370e-01;Pipeline { map_duplicate(probability=0.10) };9.00060e-01;7.20214e-01;Pipeline { map_noise(attribute=avg_X, percentage=0.05) | filter(avg_X > 0.0026) | map_noise(attribute=avg_Y, percentage=0.05) | map_aggregate(attribute=avg_Y, function=max, window=6) | map_noise(attribute=avg_X, percentage=0.10) | filter(avg_Y > 0.0000) };9.17617e-01;7.68169e-01;Pipeline { map_noise(attribute=avg_Y, percentage=0.25) }
datasets/geolife_60mins.csv;nsga2;1;3;300;300;2.67780e+01;100;5;4;9.60000e-01;9.60000e-01;9.70000e-01;9.61228e-01;7.58853e-01;Pipeline { map_noise(attribute=avg_Y, percentage=0.05) | map_aggregate(attribute=avg_Y, function=avg, window=10) | filter(avg_Y < 705000000.0000) | map_aggregate(attribute=avg_X, function=max, window=3) };8.35717e-01;9.17370e-01;Pipeline { map_duplicate(probability=0.10) };9.22367e-01;7.72886e-01;Pipeline { map_aggregate(attribute=avg_Y, function=min, window=8) };5.70792e-01;7.86674e-01;Pipeline { map_duplicate(probability=0.60) }
datasets/geolife_60mins.csv;nsga2;1;4;400;400;3.43890e+01;100;12;4;9.80000e-01;9.80000e-01;8.60000e-01;9.61928e-01;7.57559e-01;Pipeline { map_noise(attribute=avg_Y, percentage=0.05) | map_aggregate(attribute=avg_Y, function=avg, window=10) | filter(avg_Y < 705000000.0000) | map_aggregate(attribute=avg_X, function=max, window=9) };8.35717e-01;9.17370e-01;Pipeline { map_duplicate(probability=0.10) };9.49875e-01;7.55561e-01;Pipeline { map_aggregate(attribute=avg_Y, function=avg, window=4) | map_aggregate(attribute=avg_X, function=max, window=5) | map_noise(attribute=avg_X, percentage=0.01) | map_noise(attribute=avg_Y, percentage=0.01) | map_aggregate(attribute=avg_Y, function=max, window=6) | filter(avg_X > 0.0000) | map_noise(attribute=avg_Y, percentage=0.01) };8.77344e-01;8.28148e-01;Pipeline { filter(avg_Y > 4.0400) }
datasets/geolife_60mins.csv;nsga2;1;5;500;500;4.07110e+01;100;9;21;9.80000e-01;9.70000e-01;7.90000e-01;9.61928e-01;7.57559e-01;Pipeline { map_noise(attribute=avg_Y, percentage=0.05) | map_aggregate(attribute=avg_Y, function=avg, window=10) | filter(avg_Y < 705000000.0000) | map_aggregate(attribute=avg_X, function=max, window=9) };9.18608e-01;1.00000e+00;Pipeline { filter(avg_X < 8110000.0000) };9.54638e-01;7.50748e-01;Pipeline { map_aggregate(attribute=avg_Y, function=avg, window=7) | map_aggregate(attribute=avg_X, function=max, window=5) | map_noise(attribute=avg_X, percentage=0.01) | map_noise(attribute=avg_X, percentage=0.25) | map_aggregate(attribute=avg_Y, function=max, window=6) | filter(avg_X > 0.0000) | map_aggregate(attribute=avg_X, function=avg, window=3) };7.65340e-01;8.82528e-01;Pipeline { map_duplicate(probability=0.20) }
datasets/geolife_60mins.csv;nsga2;1;6;600;600;4.88540e+01;100;17;1;9.90000e-01;9.80000e-01;7.10000e-01;9.62040e-01;7.56647e-01;Pipeline { map_noise(attribute=avg_Y, percentage=0.05) | map_aggregate(attribute=avg_Y, function=avg, window=10) | filter(avg_Y < 705000000.0000) | map_aggregate(attribute=avg_X, function=max, window=8) };9.18608e-01;1.00000e+00;Pipeline { filter(avg_X < 811000000.0000) };9.56196e-01;7.53792e-01;Pipeline { map_aggregate(attribute=avg_Y, function=avg, window=7) | map_aggregate(attribute=avg_X, function=max, window=8) | map_noise(attribute=avg_X, percentage=0.10) | filter(avg_X > 4.8200) | map_aggregate(attribute=avg_Y, function=avg, window=6) | map_aggregate(attribute=avg_X, function=max, window=3) | map_noise(attribute=avg_Y, percentage=0.01) };9.26629e-01;8.85427e-01;Pipeline { filter(avg_X > 0.0000) }
datasets/geolife_60mins.csv;nsga2;1;7;700;700;5.48310e+01;100;27;30;1.00000e+00;9.90000e-01;6.20000e-01;9.62582e-01;7.57853e-01;Pipeline { map_noise(attribute=avg_Y, percentage=0.05) | map_aggregate(attribute=avg_Y, function=avg, window=10) | filter(avg_Y < 1930000.0000) | map_aggregate(attribute=avg_X, function=max, window=3) };9.18608e-01;1.00000e+00;Pipeline { filter(avg_X < 158000000.0000) };9.58906e-01;7.59176e-01;Pipeline { map_noise(attribute=avg_Y, percentage=0.05) | map_aggregate(attribute=avg_Y, function=avg, window=3) | filter(avg_Y < 709000000.0000) | map_aggregate(attribute=avg_X, function=max, window=10) };9.26721e-01;8.99166e-01;Pipeline { filter(avg_Y < 165000.0000) }
datasets/geolife_60mins.csv;nsga2;1;8;800;800;6.08000e+01;100;39;1;1.00000e+00;1.00000e+00;7.30000e-01;9.62582e-01;7.57853e-01;Pipeline { map_noise(attribute=avg_Y, percentage=0.05) | map_aggregate(attribute=avg_Y, function=avg, window=10) | filter(avg_Y < 1930000.0000) | map_aggregate(attribute=avg_X, function=max, window=3) };9.18608e-01;1.00000e+00;Pipeline { filter(avg_Y < 4940000.0000) };9.60016e-01;7.57498e-01;Pipeline { map_noise(attribute=avg_X, percentage=0.10) | map_aggregate(attribute=avg_Y, function=avg, window=10) | filter(avg_Y < 705000000.0000) | map_aggregate(attribute=avg_X, function=max, window=3) };9.18779e-01;9.99137e-01;Pipeline { filter(avg_X < 2110000.0000) }
datasets/geolife_60mins.csv;nsga2;1;9;900;900;6.63260e+01;100;59;11;1.00000e+00;1.00000e+00;5.50000e-01;9.62582e-01;7.57853e-01;Pipeline { map_noise(attribute=avg_Y, percentage=0.05) | map_aggregate(attribute=avg_Y, function=avg, window=10) | filter(avg_Y < 1930000.0000) | map_aggregate(attribute=avg_X, function=max, window=3) };9.18608e-01;1.00000e+00;Pipeline { filter(avg_X < 8110000.0000) };9.60157e-01;7.71864e-01;Pipeline { map_noise(attribute=avg_Y, percentage=0.05) | map_aggregate(attribute=avg_Y, function=avg, window=3) | filter(avg_Y < 709000000.0000) | map_aggregate(attribute=avg_X, function=max, window=3) };9.18608e-01;1.00000e+00;Pipeline { filter(avg_Y < 7590000000.0000) }
datasets/geolife_60mins.csv;nsga2;1;10;1000;1000;7.17420e+01;100;93;7;1.00000e+00;1.00000e+00;2.90000e-01;9.62582e-01;7.57853e-01;Pipeline { map_noise(attribute=avg_Y, percentage=0.05) | map_aggregate(attribute=avg_Y, function=avg, window=10) | filter(avg_Y < 1930000.0000) | map_aggregate(attribute=avg_X, function=max, window=3) };9.18608e-01;1.00000e+00;Pipeline { filter(avg_Y < 16500000.0000) };9.19007e-01;9.92108e-01;Pipeline { filter(avg_X < 1850000.0000) };9.18608e-01;1.00000e+00;Pipeline { filter(avg_Y < 4620000000.0000) }
datasets/geolife_60mins.csv;nsga2;1;11;1100;1100;7.63750e+01;100;100;100;1.00000e+00;1.00000e+00;2.40000e-01;9.62582e-01;7.57853e-01;Pipeline { map_noise(attribute=avg_Y, percentage=0.05) | map_aggregate(attribute=avg_Y, function=avg, window=10) | filter(avg_Y < 1930000.0000) | map_aggregate(attribute=avg_X, function=max, window=3) };9.18608e-01;1.00000e+00;Pipeline { filter(avg_X < 7440000.0000) };9.18779e-01;9.99137e-01;Pipeline { filter(avg_X < 2110000.0000) };9.18608e-01;1.00000e+00;Pipeline { filter(avg_X < 93900000.0000) }
datasets/geolife_60mins.csv;nsga2;1;12;1200;1200;8.14750e+01;100;100;100;1.00000e+00;1.00000e+00;2.50000e-01;9.62582e-01;7.57853e-01;Pipeline { map_noise(attribute=avg_Y, percentage=0.05) | map_aggregate(attribute=avg_Y, function=avg, window=10) | filter(avg_Y < 1930000.0000) | map_aggregate(attribute=avg_X, function=max, window=3) };9.18608e-01;1.00000e+00;Pipeline { filter(avg_X < 6550000000.0000) };9.18779e-01;9.99137e-01;Pipeline { filter(avg_X < 2460000.0000) };9.18608e-01;1.00000e+00;Pipeline { filter(avg_Y < 42400000.0000) }
datasets/geolife_60mins.csv;nsga2;1;13;1300;1300;8.58420e+01;100;100;100;1.00000e+00;1.00000e+00;2.50000e-01;9.62582e-01;7.57853e-01;Pipeline { map_noise(attribute=avg_Y, percentage=0.05) | map_aggregate(attribute=avg_Y, function=avg, window=10) | filter(avg_Y < 1930000.0000) | map_aggregate(attribute=avg_X, function=max, window=3) };9.18608e-01;1.00000e+00;Pipeline { filter(avg_Y < 4320000.0000) };9.18779e-01;9.99137e-01;Pipeline { filter(avg_X < 2100000.0000) };9.18608e-01;1.00000e+00;Pipeline { filter(avg_X < 5100000.0000) }
datasets/geolife_60mins.csv;nsga2;1;14;1400;1400;9.06730e+01;100;100;100;1.00000e+00;1.00000e+00;2.60000e-01;9.62582e-01;7.57853e-01;Pipeline { map_noise(attribute=avg_Y, percentage=0.05) | map_aggregate(attribute=avg_Y, function=avg, window=10) | filter(avg_Y < 1930000.0000) | map_aggregate(attribute=avg_X, function=max, window=3) };9.18608e-01;1.00000e+00;Pipeline { filter(avg_X < 9480000.0000) };9.19007e-01;9.92108e-01;Pipeline { filter(avg_X < 1850000.0000) };9.18608e-01;1.00000e+00;Pipeline { filter(avg_Y < 366000000.0000) }
datasets/geolife_60mins.csv;nsga2;1;15;1500;1500;9.54060e+01;100;100;100;1.00000e+00;1.00000e+00;2.60000e-01;9.62582e-01;7.57853e-01;Pipeline { map_noise(attribute=avg_Y, percentage=0.05) | map_aggregate(attribute=avg_Y, function=avg, window=10) | filter(avg_Y < 1930000.0000) | map_aggregate(attribute=avg_X, function=max, window=3) };9.18608e-01;1.00000e+00;Pipeline { filter(avg_X < 14600000.0000) };9.19007e-01;9.92108e-01;Pipeline { filter(avg_X < 1850000.0000) };9.18608e-01;1.00000e+00;Pipeline { filter(avg_X < 5970000.0000) }
datasets/geolife_60mins.csv;nsga2;1;16;1600;1600;1.00001e+02;100;100;100;1.00000e+00;1.00000e+00;2.60000e-01;9.62582e-01;7.57853e-01;Pipeline { map_noise(attribute=avg_Y, percentage=0.05) | map_aggregate(attribute=avg_Y, function=avg, window=10) | filter(avg_Y < 1930000.0000) | map_aggregate(attribute=avg_X, function=max, window=3) };9.18608e-01;1.00000e+00;Pipeline { filter(avg_X < 7470000.0000) };9.19007e-01;9.92108e-01;Pipeline { filter(avg_X < 1850000.0000) };9.18608e-01;1.00000e+00;Pipeline { filter(avg_Y < 268000000.0000) }
datasets/geolife_60mins.csv;nsga2;1;17;1700;1700;1.05140e+02;100;100;100;1.00000e+00;1.00000e+00;2.60000e-01;9.62582e-01;7.57853e-01;Pipeline { map_noise(attribute=avg_Y, percentage=0.05) | map_aggregate(attribute=avg_Y, function=avg, window=10) | filter(avg_Y < 1930000.0000) | map_aggregate(attribute=avg_X, function=max, window=3) };9.18608e-01;1.00000e+00;Pipeline { filter(avg_X < 5010000.0000) };9.19007e-01;9.92108e-01;Pipeline { filter(avg_X < 1850000.0000) };9.18608e-01;1.00000e+00;Pipeline { filter(avg_Y < 13500000.0000) }
datasets/geolife_60mins.csv;nsga2;1;18;1800;1800;1.10178e+02;100;100;100;1.00000e+00;1.00000e+00;2.60000e-01;9.62582e-01;7.57853e-01;Pipeline { map_noise(attribute=avg_Y, percentage=0.05) | map_aggregate(attribute=avg_Y, function=avg, window=10) | filter(avg_Y < 1930000.0000) | map_aggregate(attribute=avg_X, function=max, window=3) };9.18608e-01;1.00000e+00;Pipeline { filter(avg_X < 5060000.0000) };9.19007e-01;9.92108e-01;Pipeline { filter(avg_X < 1890000.0000) };9.18608e-01;1.00000e+00;Pipeline { filter(avg_Y < 5130000.0000) }
datasets/geolife_60mins.csv;nsga2;1;19;1900;1900;1.14817e+02;100;100;100;1.00000e+00;1.00000e+00;2.70000e-01;9.62582e-01;7.57853e-01;Pipeline { map_noise(attribute=avg_Y, percentage=0.05) | map_aggregate(attribute=avg_Y, function=avg, window=10) | filter(avg_Y < 1930000.0000) | map_aggregate(attribute=avg_X, function=max, window=3) };9.18608e-01;1.00000e+00;Pipeline { filter(avg_Y < 65700000.0000) };9.19781e-01;9.84683e-01;Pipeline { filter(avg_Y < 2110000.0000) };9.18608e-01;1.00000e+00;Pipeline { filter(avg_X < 7270000.0000) }
datasets/geolife_60mins.csv;nsga2;1;20;2000;2000;1.19167e+02;100;100;100;1.00000e+00;1.00000e+00;2.50000e-01;9.62582e-01;7.57853e-01;Pipeline { map_noise(attribute=avg_Y, percentage=0.05) | map_aggregate(attribute=avg_Y, function=avg, window=10) | filter(avg_Y < 1930000.0000) | map_aggregate(attribute=avg_X, function=max, window=3) };9.18608e-01;1.00000e+00;Pipeline { filter(avg_Y < 5660000000.0000) };9.19007e-01;9.92108e-01;Pipeline { filter(avg_X < 1840000.0000) };9.18608e-01;1.00000e+00;Pipeline { filter(avg_X < 501000000.0000) }
datasets/geolife_60mins.csv;nsga2;1;21;2100;2100;1.23991e+02;100;100;100;1.00000e+00;1.00000e+00;2.30000e-01;9.62631e-01;7.58755e-01;Pipeline { map_noise(attribute=avg_Y, percentage=0.05) | map_aggregate(attribute=avg_Y, function=avg, window=10) | filter(avg_Y < 1970000.0000) | map_aggregate(attribute=avg_X, function=max, window=5) };9.18608e-01;1.00000e+00;Pipeline { filter(avg_Y < 8450000000.0000) };9.18779e-01;9.99137e-01;Pipeline { filter(avg_X < 2460000.0000) };9.18608e-01;1.00000e+00;Pipeline { filter(avg_X < 71200000.0000) }
datasets/geolife_60mins.csv;nsga2;1;22;2200;2200;1.29287e+02;100;100;100;1.00000e+00;1.00000e+00;2.30000e-01;9.62631e-01;7.58755e-01;Pipeline { map_noise(attribute=avg_Y, percentage=0.05) | map_aggregate(attribute=avg_Y, function=avg, window=10) | filter(avg_Y < 1970000.0000) | map_aggregate(attribute=avg_X, function=max, window=5) };9.18608e-01;1.00000e+00;Pipeline { filter(avg_Y < 348000000.0000) };9.18779e-01;9.99137e-01;Pipeline { filter(avg_X < 2450000.0000) };9.18608e-01;1.00000e+00;Pipeline { filter(avg_X < 303000000.0000) }
datasets/geolife_60mins.csv;nsga2;1;23;2300;2300;1.35140e+02;100;100;100;1.00000e+00;1.00000e+00;2.40000e-01;9.62631e-01;7.58755e-01;Pipeline { map_noise(attribute=avg_Y, percentage=0.05) | map_aggregate(attribute=avg_Y, function=avg, window=10) | filter(avg_Y < 1970000.0000) | map_aggregate(attribute=avg_X, function=max, window=5) };9.18608e-01;1.00000e+00;Pipeline { filter(avg_X < 77200000.0000) };9.19007e-01;9.92108e-01;Pipeline { filter(avg_X < 1940000.0000) };9.18608e-01;1.00000e+00;Pipeline { filter(avg_X < 7970000.0000) }
datasets/geolife_60mins.csv;nsga2;1;24;2400;2400;1.39868e+02;100;100;100;1.00000e+00;1.00000e+00;2.40000e-01;9.62631e-01;7.58755e-01;Pipeline { map_noise(attribute=avg_Y, percentage=0.05) | map_aggregate(attribute=avg_Y, function=avg, window=10) | filter(avg_Y < 1970000.0000) | map_aggregate(attribute=avg_X, function=max, window=5) };9.18608e-01;1.00000e+00;Pipeline { filter(avg_X < 73000000.0000) };9.19007e-01;9.92108e-01;Pipeline { filter(avg_X < 1940000.0000) };9.18608e-01;1.00000e+00;Pipeline { filter(avg_Y < 318000000.0000) }
datasets/geolife_60mins.csv;nsga2;1;25;2500;2500;1.44447e+02;100;100;100;1.00000e+00;1.00000e+00;2.40000e-01;9.62631e-01;7.58755e-01;Pipeline { map_noise(attribute=avg_Y, percentage=0.05) | map_aggregate(attribute=avg_Y, function=avg, window=10) | filter(avg_Y < 1970000.0000) | map_aggregate(attribute=avg_X, function=max, window=5) };9.18608e-01;1.00000e+00;Pipeline { filter(avg_X < 92400000.0000) };9.19007e-01;9.92108e-01;Pipeline { filter(avg_X < 1940000.0000) };9.18608e-01;1.00000e+00;Pipeline { filter(avg_X < 5060000000.0000) }
datasets/geolife_60mins.csv;nsga2;1;26;2600;2600;1.49584e+02;100;100;100;1.00000e+00;1.00000e+00;2.40000e-01;9.62631e-01;7.58755e-01;Pipeline { map_noise(attribute=avg_Y, percentage=0.05) | map_aggregate(attribute=avg_Y, function=avg, window=10) | filter(avg_Y < 1970000.0000) | map_aggregate(attribute=avg_X, function=max, window=5) };9.18608e-01;1.00000e+00;Pipeline { filter(avg_X < 55000000.0000) };9.18779e-01;9.99137e-01;Pipeline { filter(avg_X < 2100000.0000) };9.18608e-01;1.00000e+00;Pipeline { filter(avg_Y < 3960000.0000) }
datasets/geolife_60mins.csv;nsga2;1;27;2700;2700;1.54090e+02;100;100;100;1.00000e+00;1.00000e+00;2.40000e-01;9.62631e-01;7.58755e-01;Pipeline { map_noise(attribute=avg_Y, percentage=0.05) | map_aggregate(attribute=avg_Y, function=avg, window=10) | filter(avg_Y < 1970000.0000) | map_aggregate(attribute=avg_X, function=max, window=5) };9.18608e-01;1.00000e+00;Pipeline { filter(avg_Y < 7850000.0000) };9.18779e-01;9.99137e-01;Pipeline { filter(avg_X < 2140000.0000) };9.18608e-01;1.00000e+00;Pipeline { filter(avg_Y < 99100000.0000) }
datasets/geolife_60mins.csv;nsga2;1;28;2800;2800;1.59073e+02;100;100;100;1.00000e+00;1.00000e+00;2.40000e-01;9.62631e-01;7.58755e-01;Pipeline { map_noise(attribute=avg_Y, percentage=0.05) | map_aggregate(attribute=avg_Y, function=avg, window=10) | filter(avg_Y < 1970000.0000) | map_aggregate(attribute=avg_X, function=max, window=5) };9.18608e-01;1.00000e+00;Pipeline { filter(avg_Y < 8090000000.0000) };9.18779e-01;9.99137e-01;Pipeline { filter(avg_X < 2100000.0000) };9.18608e-01;1.00000e+00;Pipeline { filter(avg_Y < 75100000.0000) }
datasets/geolife_60mins.csv;nsga2;1;29;2900;2900;1.63401e+02;100;100;100;1.00000e+00;1.00000e+00;2.50000e-01;9.62631e-01;7.58755e-01;Pipeline { map_noise(attribute=avg_Y, percentage=0.05) | map_aggregate(attribute=avg_Y, function=avg, window=10) | filter(avg_Y < 1970000.0000) | map_aggregate(attribute=avg_X, function=max, window=5) };9.18608e-01;1.00000e+00;Pipeline { filter(avg_Y < 75900000.0000) };9.19007e-01;9.92108e-01;Pipeline { filter(avg_X < 1910000.0000) };9.18608e-01;1.00000e+00;Pipeline { filter(avg_X < 38100000.0000) }
datasets/geolife_60mins.csv;nsga2;1;30;3000;3000;1.68243e+02;100;100;100;1.00000e+00;1.00000e+00;2.60000e-01;9.62631e-01;7.58755e-01;Pipeline { map_noise(attribute=avg_Y, percentage=0.05) | map_aggregate(attribute=avg_Y, function=avg, window=10) | filter(avg_Y < 1970000.0000) | map_aggregate(attribute=avg_X, function=max, window=5) };9.18608e-01;1.00000e+00;Pipeline { filter(avg_Y < 6170000.0000) };9.19781e-01;9.84683e-01;Pipeline { filter(avg_Y < 2110000.0000) };9.18608e-01;1.00000e+00;Pipeline { filter(avg_Y < 5540000000.0000) }
datasets/geolife_60mins.csv;nsga2;1;31;3100;3100;1.73469e+02;100;100;100;1.00000e+00;1.00000e+00;2.90000e-01;9.62631e-01;7.58755e-01;Pipeline { map_noise(attribute=avg_Y, percentage=0.05) | map_aggregate(attribute=avg_Y, function=avg, window=10) | filter(avg_Y < 1970000.0000) | map_aggregate(attribute=avg_X, function=max, window=5) };9.18608e-01;1.00000e+00;Pipeline { filter(avg_X < 4770000.0000) };9.19832e-01;9.84327e-01;Pipeline { filter(avg_Y < 1550000.0000) };9.18608e-01;1.00000e+00;Pipeline { filter(avg_Y < 316000000.0000) }
datasets/geolife_60mins.csv;nsga2;1;32;3200;3200;1.78516e+02;100;100;100;1.00000e+00;1.00000e+00;3.10000e-01;9.62631e-01;7.58755e-01;Pipeline { map_noise(attribute=avg_Y, percentage=0.05) | map_aggregate(attribute=avg_Y, function=avg, window=10) | filter(avg_Y < 1970000.0000) | map_aggregate(attribute=avg_X, function=max, window=5) };9.18608e-01;1.00000e+00;Pipeline { filter(avg_Y < 3180000.0000) };9.20645e-01;9.82326e-01;Pipeline { filter(avg_Y < 1300000.0000) };9.18608e-01;1.00000e+00;Pipeline { filter(avg_X < 9110000.0000) }
datasets/geolife_60mins.csv;nsga2;1;33;3300;3300;1.83472e+02;100;100;100;1.00000e+00;1.00000e+00;3.10000e-01;9.62631e-01;7.58755e-01;Pipeline { map_noise(attribute=avg_Y, percentage=0.05) | map_aggregate(attribute=avg_Y, function=avg, window=10) | filter(avg_Y < 1970000.0000) | map_aggregate(attribute=avg_X, function=max, window=5) };9.18608e-01;1.00000e+00;Pipeline { filter(avg_Y < 5700000.0000) };9.19832e-01;9.84327e-01;Pipeline { filter(avg_Y < 1400000.0000) };9.18608e-01;1.00000e+00;Pipeline { filter(avg_X < 646000000.0000) }
datasets/geolife_60mins.csv;nsga2;1;34;3400;3400;1.88312e+02;100;100;100;1.00000e+00;1.00000e+00;3.20000e-01;9.62631e-01;7.58755e-01;Pipeline { map_noise(attribute=avg_Y, percentage=0.05) | map_aggregate(attribute=avg_Y, function=avg, window=10) | filter(avg_Y < 1970000.0000) | map_aggregate(attribute=avg_X, function=max, window=5) };9.18608e-01;1.00000e+00;Pipeline { filter(avg_Y < 176000000.0000) };9.20645e-01;9.82326e-01;Pipeline { filter(avg_Y < 1300000.0000) };9.18608e-01;1.00000e+00;Pipeline { filter(avg_X < 358000000.0000) }
datasets/geolife_60mins.csv;nsga2;1;35;3500;3500;1.94393e+02;100;100;100;1.00000e+00;1.00000e+00;3.20000e-01;9.62755e-01;7.58784e-01;Pipeline { map_noise(attribute=avg_Y, percentage=0.05) | map_aggregate(attribute=avg_Y, function=avg, window=10) | filter(avg_Y < 1870000.0000) | map_aggregate(attribute=avg_X, function=max, window=5) };9.18608e-01;1.00000e+00;Pipeline { filter(avg_X < 10800000.0000) };9.20645e-01;9.82326e-01;Pipeline { filter(avg_Y < 1300000.0000) };9.18608e-01;1.00000e+00;Pipeline { filter(avg_Y < 315000000.0000) }
datasets/geolife_60mins.csv;nsga2;1;36;3600;3600;1.99119e+02;100;100;100;1.00000e+00;1.00000e+00;3.20000e-01;9.62755e-01;7.58784e-01;Pipeline { map_noise(attribute=avg_Y, percentage=0.05) | map_aggregate(attribute=avg_Y, function=avg, window=10) | filter(avg_Y < 1870000.0000) | map_aggregate(attribute=avg_X, function=max, window=5) };9.18608e-01;1.00000e+00;Pipeline { filter(avg_Y < 3350000.0000) };9.20645e-01;9.82326e-01;Pipeline { filter(avg_Y < 1300000.0000) };9.18608e-01;1.00000e+00;Pipeline { filter(avg_Y < 950000000.0000) }
datasets/geolife_60mins.csv;nsga2;1;37;3700;3700;2.04314e+02;100;100;100;1.00000e+00;1.00000e+00;3.20000e-01;9.62755e-01;7.58784e-01;Pipeline { map_noise(attribute=avg_Y, percentage=0.05) | map_aggregate(attribute=avg_Y, function=avg, window=10) | filter(avg_Y < 1870000.0000) | map_aggregate(attribute=avg_X, function=max, window=5) };9.18608e-01;1.00000e+00;Pipeline { filter(avg_X < 205000000.0000) };9.19832e-01;9.84327e-01;Pipeline { filter(avg_Y < 1400000.0000) };9.18608e-01;1.00000e+00;Pipeline { filter(avg_X < 350000000.0000) }
datasets/geolife_60mins.csv;nsga2;1;38;3800;3800;2.09039e+02;100;100;100;1.00000e+00;1.00000e+00;3.00000e-01;9.62755e-01;7.58784e-01;Pipeline { map_noise(attribute=avg_Y, percentage=0.05) | map_aggregate(attribute=avg_Y, function=avg, window=10) | filter(avg_Y < 1870000.0000) | map_aggregate(attribute=avg_X, function=max, window=5) };9.18608e-01;1.00000e+00;Pipeline { filter(avg_Y < 3840000000.0000) };9.19829e-01;9.84340e-01;Pipeline { filter(avg_Y < 1660000.0000) };9.18608e-01;1.00000e+00;Pipeline { filter(avg_Y < 6760000.0000) }
datasets/geolife_60mins.csv;nsga2;1;39;3900;3900;2.15079e+02;100;100;100;1.00000e+00;1.00000e+00;3.10000e-01;9.62755e-01;7.58784e-01;Pipeline { map_noise(attribute=avg_Y, percentage=0.05) | map_aggregate(attribute=avg_Y, function=avg, window=10) | filter(avg_Y < 1870000.0000) | map_aggregate(attribute=avg_X, function=max, window=5) };9.18608e-01;1.00000e+00;Pipeline { filter(avg_X < 355000000.0000) };9.19832e-01;9.84327e-01;Pipeline { filter(avg_Y < 1530000.0000) };9.18608e-01;1.00000e+00;Pipeline { filter(avg_X < 390000000.0000) }
datasets/geolife_60mins.csv;nsga2;1;40;4000;4000;2.19568e+02;100;100;100;1.00000e+00;1.00000e+00;3.10000e-01;9.62755e-01;7.58784e-01;Pipeline { map_noise(attribute=avg_Y, percentage=0.05) | map_aggregate(attribute=avg_Y, function=avg, window=10) | filter(avg_Y < 1870000.0000) | map_aggregate(attribute=avg_X, function=max, window=5) };9.18608e-01;1.00000e+00;Pipeline { filter(avg_Y < 3300000000.0000) };9.19832e-01;9.84327e-01;Pipeline { filter(avg_Y < 1400000.0000) };9.18608e-01;1.00000e+00;Pipeline { filter(avg_Y < 425000000.0000) }
datasets/geolife_60mins.csv;nsga2;1;41;4100;4100;2.23030e+02;100;100;100;1.00000e+00;1.00000e+00;3.30000e-01;9.62755e-01;7.58784e-01;Pipeline { map_noise(attribute=avg_Y, percentage=0.05) | map_aggregate(attribute=avg_Y, function=avg, window=10) | filter(avg_Y < 1870000.0000) | map_aggregate(attribute=avg_X, function=max, window=5) };9.18608e-01;1.00000e+00;Pipeline { filter(avg_X < 4370000000.0000) };9.20123e-01;9.82601e-01;Pipeline { filter(avg_Y < 1330000.0000) };9.18608e-01;1.00000e+00;Pipeline { filter(avg_X < 63400000.0000) }
datasets/geolife_60mins.csv;nsga2;1;42;4200;4200;2.25972e+02;100;100;100;1.00000e+00;1.00000e+00;3.30000e-01;9.62755e-01;7.58784e-01;Pipeline { map_noise(attribute=avg_Y, percentage=0.05) | map_aggregate(attribute=avg_Y, function=avg, window=10) | filter(avg_Y < 1870000.0000) | map_aggregate(attribute=avg_X, function=max, window=5) };9.18608e-01;1.00000e+00;Pipeline { filter(avg_Y < 16000000.0000) };9.20123e-01;9.82601e-01;Pipeline { filter(avg_Y < 1330000.0000) };9.18608e-01;1.00000e+00;Pipeline { filter(avg_X < 9950000.0000) }
datasets/geolife_60mins.csv;nsga2;1;43;4300;4300;2.29136e+02;100;100;100;1.00000e+00;1.00000e+00;3.40000e-01;9.62755e-01;7.58784e-01;Pipeline { map_noise(attribute=avg_Y, percentage=0.05) | map_aggregate(attribute=avg_Y, function=avg, window=10) | filter(avg_Y < 1870000.0000) | map_aggregate(attribute=avg_X, function=max, window=5) };9.18608e-01;1.00000e+00;Pipeline { filter(avg_Y < 3300000000.0000) };9.20362e-01;9.82479e-01;Pipeline { filter(avg_Y < 1320000.0000) };9.18608e-01;1.00000e+00;Pipeline { filter(avg_Y < 6360000.0000) }
datasets/geolife_60mins.csv;nsga2;1;44;4400;4400;2.31796e+02;100;100;100;1.00000e+00;1.00000e+00;3.60000e-01;9.62755e-01;7.58784e-01;Pipeline { map_noise(attribute=avg_Y, percentage=0.05) | map_aggregate(attribute=avg_Y, function=avg, window=10) | filter(avg_Y < 1870000.0000) | map_aggregate(attribute=avg_X, function=max, window=5) };9.18608e-01;1.00000e+00;Pipeline { filter(avg_X < 16000000.0000) };9.21818e-01;9.79026e-01;Pipeline { filter(avg_Y < 1200000.0000) };9.18608e-01;1.00000e+00;Pipeline { filter(avg_X < 60100000.0000) }
datasets/geolife_60mins.csv;nsga2;1;45;4500;4500;2.34656e+02;100;100;100;1.00000e+00;1.00000e+00;3.70000e-01;9.62755e-01;7.58784e-01;Pipeline { map_noise(attribute=avg_Y, percentage=0.05) | map_aggregate(attribute=avg_Y, function=avg, window=10) | filter(avg_Y < 1870000.0000) | map_aggregate(attribute=avg_X, function=max, window=5) };9.18608e-01;1.00000e+00;Pipeline { filter(avg_Y < 7360000.0000) };9.31462e-01;9.44064e-01;Pipeline { filter(avg_Y < 636000.0000) };9.18608e-01;1.00000e+00;Pipeline { filter(avg_Y < 27700000.0000) }
datasets/geolife_60mins.csv;nsga2;1;46;4600;4600;2.37601e+02;100;100;100;1.00000e+00;1.00000e+00;3.80000e-01;9.62755e-01;7.58784e-01;Pipeline { map_noise(attribute=avg_Y, percentage=0.05) | map_aggregate(attribute=avg_Y, function=avg, window=10) | filter(avg_Y < 1870000.0000) | map_aggregate(attribute=avg_X, function=max, window=5) };9.18608e-01;1.00000e+00;Pipeline { filter(avg_X < 22100000.0000) };9.33909e-01;9.43425e-01;Pipeline { filter(avg_Y < 575000.0000) };9.18608e-01;1.00000e+00;Pipeline { filter(avg_Y < 660000000.0000) }
datasets/geolife_60mins.csv;nsga2;1;47;4700;4700;2.41427e+02;100;100;100;1.00000e+00;1.00000e+00;3.80000e-01;9.62755e-01;7.58784e-01;Pipeline { map_noise(attribute=avg_Y, percentage=0.05) | map_aggregate(attribute=avg_Y, function=avg, window=10) | filter(avg_Y < 1870000.0000) | map_aggregate(attribute=avg_X, function=max, window=5) };9.18608e-01;1.00000e+00;Pipeline { filter(avg_Y < 57400000.0000) };9.33909e-01;9.43425e-01;Pipeline { filter(avg_Y < 578000.0000) };9.18608e-01;1.00000e+00;Pipeline { filter(avg_Y < 134000000.0000) }
datasets/geolife_60mins.csv;nsga2;1;48;4800;4800;2.44385e+02;100;100;100;1.00000e+00;1.00000e+00;3.80000e-01;9.62755e-01;7.58784e-01;Pipeline { map_noise(attribute=avg_Y, percentage=0.05) | map_aggregate(attribute=avg_Y, function=avg, window=10) | filter(avg_Y < 1870000.0000) | map_aggregate(attribute=avg_X, function=max, window=5) };9.18608e-01;1.00000e+00;Pipeline { filter(avg_Y < 4140000000.0000) };9.33909e-01;9.43425e-01;Pipeline { filter(avg_Y < 575000.0000) };9.18608e-01;1.00000e+00;Pipeline { filter(avg_X < 35100000.0000) }
datasets/geolife_60mins.csv;nsga2;1;49;4900;4900;2.47097e+02;100;100;100;1.00000e+00;1.00000e+00;3.80000e-01;9.62755e-01;7.58784e-01;Pipeline { map_noise(attribute=avg_Y, percentage=0.05) | map_aggregate(attribute=avg_Y, function=avg, window=10) | filter(avg_Y < 1870000.0000) | map_aggregate(attribute=avg_X, function=max, window=5) };9.18608e-01;1.00000e+00;Pipeline { filter(avg_X < 494000000.0000) };9.33909e-01;9.43425e-01;Pipeline { filter(avg_Y < 575000.0000) };9.18608e-01;1.00000e+00;Pipeline { filter(avg_X < 49700000.0000) }
datasets/geolife_60mins.csv;nsga2;1;50;5000;5000;2.50111e+02;100;100;100;1.00000e+00;1.00000e+00;3.90000e-01;9.62755e-01;7.58784e-01;Pipeline { map_noise(attribute=avg_Y, percentage=0.05) | map_aggregate(attribute=avg_Y, function=avg, window=10) | filter(avg_Y < 1870000.0000) | map_aggregate(attribute=avg_X, function=max, window=5) };9.18608e-01;1.00000e+00;Pipeline { filter(avg_X < 664000000.0000) };9.33909e-01;9.43425e-01;Pipeline { filter(avg_Y < 575000.0000) };9.18608e-01;1.00000e+00;Pipeline { filter(avg_Y < 4030000000.0000) }
datasets/geolife_60mins.csv;nsga2;2;1;100;100;6.94400e+00;100;6;39;9.90000e-01;9.90000e-01;6.20000e-01;9.43540e-01;7.65385e-01;Pipeline { map_aggregate(attribute=avg_X, function=max, window=10) };9.18608e-01;1.00000e+00;Pipeline { filter(avg_X < 9200000000.0000) };6.75536e-01;7.83244e-01;Pipeline { map_duplicate(probability=0.50) | filter(avg_X > 0.0000) };9.28084e-01;7.37429e-01;Pipeline { map_noise(attribute=avg_X, percentage=0.10) | filter(avg_X > 0.0000) }
datasets/geolife_60mins.csv;nsga2;2;2;200;200;1.10530e+01;100;12;6;9.90000e-01;9.90000e-01;9.60000e-01;9.49433e-01;7.56278e-01;Pipeline { map_aggregate(attribute=avg_Y, function=min, window=7) | map_aggregate(attribute=avg_X, function=max, window=4) | filter(avg_Y < 137000000.0000) | map_aggregate(attribute=avg_X, function=max, window=5) | map_aggregate(attribute=avg_X, function=max, window=8) };9.18608e-01;1.00000e+00;Pipeline { filter(avg_X < 9200000000.0000) };9.19420e-01;8.20689e-01;Pipeline { map_noise(attribute=avg_X, percentage=0.01) };9.19936e-01;7.79231e-01;Pipeline { map_noise(attribute=avg_Y, percentage=0.10) }
datasets/geolife_60mins.csv;nsga2;2;3;300;300;1.76470e+01;100;24;1;9.90000e-01;9.80000e-01;8.90000e-01;9.49433e-01;7.56278e-01;Pipeline { map_aggregate(attribute=avg_Y, function=min, window=7) | map_aggregate(attribute=avg_X, function=max, window=4) | filter(avg_Y < 137000000.0000) | map_aggregate(attribute=avg_X, function=max, window=5) | map_aggregate(attribute=avg_X, function=max, window=8) };9.18608e-01;1.00000e+00;Pipeline { filter(avg_X < 200000000.0000) };9.26629e-01;8.85427e-01;Pipeline { filter(avg_X > 0.0000) };9.35455e-01;8.06141e-01;Pipeline { map_aggregate(attribute=avg_X, function=max, window=3) }
datasets/geolife_60mins.csv;nsga2;2;4;400;400;2.14390e+01;100;43;6;1.00000e+00;9.80000e-01;6.40000e-01;9.49902e-01;7.57456e-01;Pipeline { map_aggregate(attribute=avg_Y, function=min, window=7) | map_aggregate(attribute=avg_X, function=max, window=4) | filter(avg_Y < 137000000.0000) | map_noise(attribute=avg_X, percentage=0.10) | map_aggregate(attribute=avg_X, function=max, window=8) };9.18608e-01;1.00000e+00;Pipeline { filter(avg_X < 600000000.0000) };9.28345e-01;7.37052e-01;Pipeline { map_noise(attribute=avg_X, percentage=0.10) | filter(avg_X > 0.0000) };9.26629e-01;8.85427e-01;Pipeline { filter(avg_X > 2.7700) }
datasets/geolife_60mins.csv;nsga2;2;5;500;500;2.49830e+01;100;68;2;1.00000e+00;9.50000e-01;3.50000e-01;9.72605e-01;7.99639e-01;Pipeline { filter(avg_Y > 0.0000) | filter(avg_Y < 373000000.0000) | filter(avg_X > 41.1000) | map_duplicate(probability=0.10) };9.18608e-01;1.00000e+00;Pipeline { filter(avg_X < 5200000000.0000) };9.26673e-01;7.86444e-01;Pipeline { map_noise(attribute=avg_X, percentage=0.01) | filter(avg_X > 0.0000) };9.18608e-01;1.00000e+00;Pipeline { filter(avg_X < 71400000.0000) }
datasets/geolife_60mins.csv;nsga2;2;6;600;600;2.77530e+01;100;100;100;1.00000e+00;9.50000e-01;5.00000e-02;9.72605e-01;7.99639e-01;Pipeline { filter(avg_Y > 0.0000) | filter(avg_Y < 373000000.0000) | filter(avg_X > 41.1000) | map_duplicate(probability=0.10) };9.18608e-01;1.00000e+00;Pipeline { filter(avg_X < 1200000000.0000) };9.26629e-01;8.85427e-01;Pipeline { filter(avg_X > 0.7840) };9.18608e-01;1.00000e+00;Pipeline { filter(avg_X < 41400000.0000) }
datasets/geolife_60mins.csv;nsga2;2;7;700;700;3.03390e+01;100;54;46;1.00000e+00;1.00000e+00;9.00000e-02;9.74295e-01;7.99997e-01;Pipeline { filter(avg_Y > 0.0000) | filter(avg_Y < 373000000.0000) | filter(avg_X > 49.1000) | map_duplicate(probability=0.10) };9.18608e-01;1.00000e+00;Pipeline { filter(avg_X < 9210000000.0000) };9.26629e-01;8.85427e-01;Pipeline { filter(avg_X > 0.3200) };9.18608e-01;1.00000e+00;Pipeline { filter(avg_Y < 8200000000.0000) }
datasets/geolife_60mins.csv;nsga2;2;8;800;800;3.30820e+01;100;85;15;1.00000e+00;1.00000e+00;1.10000e-01;9.74295e-01;7.99997e-01;Pipeline { filter(avg_Y > 0.0000) | filter(avg_Y < 373000000.0000) | filter(avg_X > 49.1000) | map_duplicate(probability=0.10) };9.18608e-01;1.00000e+00;Pipeline { filter(avg_Y < 83900000.0000) };9.18608e-01;1.00000e+00;Pipeline { filter(avg_X < 5220000000.0000) };9.18608e-01;1.00000e+00;Pipeline { filter(avg_X < 2220000000.0000) }
datasets/geolife_60mins.csv;nsga2;2;9;900;900;3.60050e+01;100;100;100;1.00000e+00;9.90000e-01;7.00000e-02;9.74295e-01;7.99997e-01;Pipeline { filter(avg_Y > 0.0000) | filter(avg_Y < 373000000.0000) | filter(avg_X > 49.1000) | map_duplicate(probability=0.10) };9.18608e-01;1.00000e+00;Pipeline { filter(avg_X < 260000000.0000) };9.18608e-01;1.00000e+00;Pipeline { filter(avg_X < 500000000.0000) };9.18608e-01;1.00000e+00;Pipeline { filter(avg_Y < 51100000.0000) }
datasets/geolife_60mins.csv;nsga2;2;10;1000;1000;3.87110e+01;100;100;100;1.00000e+00;1.00000e+00;8.00000e-02;9.74295e-01;7.99997e-01;Pipeline { filter(avg_Y > 0.0000) | filter(avg_Y < 373000000.0000) | filter(avg_X > 49.1000) | map_duplicate(probability=0.10) };9.18608e-01;1.00000e+00;Pipeline { filter(avg_X < 9540000000.0000) };9.18608e-01;1.00000e+00;Pipeline { filter(avg_X < 4900000000.0000) };9.18608e-01;1.00000e+00;Pipeline { filter(avg_X < 3800000000.0000) }
datasets/geolife_60mins.csv;nsga2;2;11;1100;1100;4.16310e+01;100;100;100;1.00000e+00;1.00000e+00;8.00000e-02;9.74295e-01;7.99997e-01;Pipeline { filter(avg_Y > 0.0000) | filter(avg_Y < 373000000.0000) | filter(avg_X > 49.1000) | map_duplicate(probability=0.10) };9.18608e-01;1.00000e+00;Pipeline { filter(avg_X < 88300000.0000) };9.18608e-01;1.00000e+00;Pipeline { filter(avg_Y < 210000000.0000) };9.18608e-01;1.00000e+00;Pipeline { filter(avg_Y < 220000000.0000) }
datasets/geolife_60mins.csv;nsga2;2;12;1200;1200;4.41200e+01;100;100;100;1.00000e+00;1.00000e+00;8.00000e-02;9.74295e-01;7.99997e-01;Pipeline { filter(avg_Y > 0.0000) | filter(avg_Y < 373000000.0000) | filter(avg_X > 49.1000) | map_duplicate(probability=0.10) };9.18608e-01;1.00000e+00;Pipeline { filter(avg_X < 738000000.0000) };9.18608e-01;1.00000e+00;Pipeline { filter(avg_X < 5990000000.0000) };9.18608e-01;1.00000e+00;Pipeline { filter(avg_X < 9400000000.0000) }
datasets/geolife_60mins.csv;nsga2;2;13;1300;1300;4.67940e+01;100;100;100;1.00000e+00;1.00000e+00;8.00000e-02;9.74295e-01;7.99997e-01;Pipeline { filter(avg_Y > 0.0000) | filter(avg_Y < 373000000.0000) | filter(avg_X > 49.1000) | map_duplicate(probability=0.10) };9.18608e-01;1.00000e+00;Pipeline { filter(avg_Y < 5970000000.0000) };9.18608e-01;1.00000e+00;Pipeline { filter(avg_X < 79000000.0000) };9.18608e-01;1.00000e+00;Pipeline { filter(avg_X < 5640000000.0000) }
datasets/geolife_60mins.csv;nsga2;2;14;1400;1400;5.00370e+01;100;100;100;1.00000e+00;1.00000e+00;8.00000e-02;9.74295e-01;7.99997e-01;Pipeline { filter(avg_Y > 0.0000) | filter(avg_Y < 373000000.0000) | filter(avg_X > 49.1000) | map_duplicate(probability=0.10) };9.18608e-01;1.00000e+00;Pipeline { filter(avg_Y < 9830000000.0000) };9.18608e-01;1.00000e+00;Pipeline { filter(avg_X < 4300000000.0000) };9.18608e-01;1.00000e+00;Pipeline { filter(avg_X < 8020000.0000) }
datasets/geolife_60mins.csv;nsga2;2;15;1500;1500;5.28410e+01;100;100;100;1.00000e+00;1.00000e+00;8.00000e-02;9.74295e-01;7.99997e-01;Pipeline { filter(avg_Y > 0.0000) | filter(avg_Y < 373000000.0000) | filter(avg_X > 49.1000) | map_duplicate(probability=0.10) };9.18608e-01;1.00000e+00;Pipeline { filter(avg_X < 350000000.0000) };9.18608e-01;1.00000e+00;Pipeline { filter(avg_Y < 3760000000.0000) };9.18608e-01;1.00000e+00;Pipeline { filter(avg_X < 9130000.0000) }
datasets/geolife_60mins.csv;nsga2;2;16;1600;1600;5.52950e+01;100;100;100;1.00000e+00;1.00000e+00;8.00000e-02;9.74295e-01;7.99997e-01;Pipeline { filter(avg_Y > 0.0000) | filter(avg_Y < 373000000.0000) | filter(avg_X > 49.1000) | map_duplicate(probability=0.10) };9.18608e-01;1.00000e+00;Pipeline { filter(avg_X < 95400000.0000) };9.18608e-01;1.00000e+00;Pipeline { filter(avg_X < 9980000000.0000) };9.18608e-01;1.00000e+00;Pipeline { filter(avg_X < 265000000.0000) }
datasets/geolife_60mins.csv;nsga2;2;17;1700;1700;5.79690e+01;100;100;100;1.00000e+00;1.00000e+00;9.00000e-02;9.74295e-01;7.99997e-01;Pipeline { filter(avg_Y > 0.0000) | filter(avg_Y < 373000000.0000) | filter(avg_X > 49.1000) | map_duplicate(probability=0.10) };9.18608e-01;1.00000e+00;Pipeline { filter(avg_Y < 5740000.0000) };9.18608e-01;1.00000e+00;Pipeline { filter(avg_Y < 851000000.0000) };9.18608e-01;1.00000e+00;Pipeline { filter(avg_X < 278000000.0000) }
datasets/geolife_60mins.csv;nsga2;2;18;1800;1800;6.06600e+01;100;100;100;1.00000e+00;1.00000e+00;1.00000e-01;9.74295e-01;7.99997e-01;Pipeline { filter(avg_Y > 0.0000) | filter(avg_Y < 373000000.0000) | filter(avg_X > 49.1000) | map_duplicate(probability=0.10) };9.18608e-01;1.00000e+00;Pipeline { filter(avg_Y < 9930000000.0000) };9.18608e-01;1.00000e+00;Pipeline { filter(avg_Y < 6990000000.0000) };9.18608e-01;1.00000e+00;Pipeline { filter(avg_Y < 354000000.0000) }
datasets/geolife_60mins.csv;nsga2;2;19;1900;1900;6.30640e+01;100;100;100;1.00000e+00;1.00000e+00;1.10000e-01;9.74295e-01;7.99997e-01;Pipeline { filter(avg_Y > 0.0000) | filter(avg_Y < 373000000.0000) | filter(avg_X > 49.1000) | map_duplicate(probability=0.10) };9.18608e-01;1.00000e+00;Pipeline { filter(avg_Y < 9830000.0000) };9.18608e-01;1.00000e+00;Pipeline { filter(avg_X < 14300000.0000) };9.18608e-01;1.00000e+00;Pipeline { filter(avg_X < 496000000.0000) }
datasets/geolife_60mins.csv;nsga2;2;20;2000;2000;6.53880e+01;100;100;100;1.00000e+00;1.00000e+00;1.10000e-01;9.74295e-01;7.99997e-01;Pipeline { filter(avg_Y > 0.0000) | filter(avg_Y < 373000000.0000) | filter(avg_X > 49.1000) | map_duplicate(probability=0.10) };9.18608e-01;1.00000e+00;Pipeline { filter(avg_X < 48000000.0000) };9.18608e-01;1.00000e+00;Pipeline { filter(avg_X < 175000000.0000) };9.18608e-01;1.00000e+00;Pipeline { filter(avg_X < 3270000000.0000) }
datasets/geolife_60mins.csv;nsga2;2;21;2100;2100;6.84920e+01;100;100;100;1.00000e+00;1.00000e+00;1.10000e-01;9.74295e-01;7.99997e-01;Pipeline { filter(avg_Y > 0.0000) | filter(avg_Y < 373000000.0000) | filter(avg_X > 49.1000) | map_duplicate(probability=0.10) };9.18608e-01;1.00000e+00;Pipeline { filter(avg_Y < 9770000.0000) };9.18608e-01;1.00000e+00;Pipeline { filter(avg_Y < 4150000.0000) };9.18608e-01;1.00000e+00;Pipeline { filter(avg_X < 90900000.0000) }
datasets/geolife_60mins.csv;nsga2;2;22;2200;2200;7.11760e+01;100;100;100;1.00000e+00;1.00000e+00;1.10000e-01;9.74295e-01;7.99997e-01;Pipeline { filter(avg_Y > 0.0000) | filter(avg_Y < 373000000.0000) | filter(avg_X > 49.1000) | map_duplicate(probability=0.10) };9.18608e-01;1.00000e+00;Pipeline { filter(avg_X < 3670000000.0000) };9.18608e-01;1.00000e+00;Pipeline { filter(avg_X < 1610000000.0000) };9.18608e-01;1.00000e+00;Pipeline { filter(avg_X < 8970000000.0000) }
datasets/geolife_60mins.csv;nsga2;2;23;2300;2300;7.35790e+01;100;100;100;1.00000e+00;1.00000e+00;1.10000e-01;9.74305e-01;8.00005e-01;Pipeline { filter(avg_Y > 0.0000) | filter(avg_Y < 373000000.0000) | filter(avg_X > 49.1000) | map_duplicate(probability=0.10) };9.18608e-01;1.00000e+00;Pipeline { filter(avg_X < 4500000000.0000) };9.18608e-01;1.00000e+00;Pipeline { filter(avg_X < 48000000.0000) };9.18608e-01;1.00000e+00;Pipeline { filter(avg_X < 9970000.0000) }
datasets/geolife_60mins.csv;nsga2;2;24;2400;2400;7.62410e+01;100;100;100;1.00000e+00;1.00000e+00;1.10000e-01;9.74305e-01;8.00005e-01;Pipeline { filter(avg_Y > 0.0000) | filter(avg_Y < 373000000.0000) | filter(avg_X > 49.1000) | map_duplicate(probability=0.10) };9.18608e-01;1.00000e+00;Pipeline { filter(avg_X < 6610000000.0000) };9.18608e-01;1.00000e+00;Pipeline { filter(avg_X < 4970000000.0000) };9.18608e-01;1.00000e+00;Pipeline { filter(avg_Y < 9530000.0000) }
datasets/geolife_60mins.csv;nsga2;2;25;2500;2500;7.91890e+01;100;100;100;1.00000e+00;1.00000e+00;1.10000e-01;9.74305e-01;8.00005e-01;Pipeline { filter(avg_Y > 0.0000) | filter(avg_Y < 373000000.0000) | filter(avg_X > 49.1000) | map_duplicate(probability=0.10) };9.18608e-01;1.00000e+00;Pipeline { filter(avg_X < 3670000000.0000) };9.18608e-01;1.00000e+00;Pipeline { filter(avg_Y < 434000000.0000) };9.18608e-01;1.00000e+00;Pipeline { filter(avg_Y < 9200000.0000) }
datasets/geolife_60mins.csv;nsga2;2;26;2600;2600;8.18200e+01;100;100;100;1.00000e+00;1.00000e+00;1.20000e-01;9.74305e-01;8.00005e-01;Pipeline { filter(avg_Y > 0.0000) | filter(avg_Y < 373000000.0000) | filter(avg_X > 49.1000) | map_duplicate(probability=0.10) };9.18608e-01;1.00000e+00;Pipeline { filter(avg_X < 9690000.0000) };9.18608e-01;1.00000e+00;Pipeline { filter(avg_Y < 5570000.0000) };9.18608e-01;1.00000e+00;Pipeline { filter(avg_X < 8790000.0000) }
datasets/geolife_60mins.csv;nsga2;2;27;2700;2700;8.44490e+01;100;100;100;1.00000e+00;1.00000e+00;1.20000e-01;9.74305e-01;8.00005e-01;Pipeline { filter(avg_Y > 0.0000) | filter(avg_Y < 373000000.0000) | filter(avg_X > 49.1000) | map_duplicate(probability=0.10) };9.18608e-01;1.00000e+00;Pipeline { filter(avg_Y < 790000000.0000) };9.18608e-01;1.00000e+00;Pipeline { filter(avg_Y < 8200000000.0000) };9.18608e-01;1.00000e+00;Pipeline { filter(avg_Y < 5600000.0000) }
datasets/geolife_60mins.csv;nsga2;2;28;2800;2800;8.73300e+01;100;100;100;1.00000e+00;1.00000e+00;1.20000e-01;9.74305e-01;8.00005e-01;Pipeline { filter(avg_Y > 0.0000) | filter(avg_Y < 373000000.0000) | filter(avg_X > 49.1000) | map_duplicate(probability=0.10) };9.18608e-01;1.00000e+00;Pipeline { filter(avg_X < 446000000.0000) };9.18608e-01;1.00000e+00;Pipeline { filter(avg_Y < 5870000.0000) };9.18608e-01;1.00000e+00;Pipeline { filter(avg_Y < 8160000000.0000) }
datasets/geolife_60mins.csv;nsga2;2;29;2900;2900;9.00320e+01;100;100;100;1.00000e+00;1.00000e+00;1.20000e-01;9.74305e-01;8.00005e-01;Pipeline { filter(avg_Y > 0.0000) | filter(avg_Y < 373000000.0000) | filter(avg_X > 49.1000) | map_duplicate(probability=0.10) };9.18608e-01;1.00000e+00;Pipeline { filter(avg_X < 9180000.0000) };9.18608e-01;1.00000e+00;Pipeline { filter(avg_X < 8050000000.0000) };9.18608e-01;1.00000e+00;Pipeline { filter(avg_X < 6600000.0000) }
datasets/geolife_60mins.csv;nsga2;2;30;3000;3000;9.25040e+01;100;100;100;1.00000e+00;1.00000e+00;1.40000e-01;9.74305e-01;8.00005e-01;Pipeline { filter(avg_Y > 0.0000) | filter(avg_Y < 373000000.0000) | filter(avg_X > 49.1000) | map_duplicate(probability=0.10) };9.18608e-01;1.00000e+00;Pipeline { filter(avg_Y < 358000000.0000) };9.18608e-01;1.00000e+00;Pipeline { filter(avg_X < 7780000000.0000) };9.18608e-01;1.00000e+00;Pipeline { filter(avg_X < 8370000000.0000) }
datasets/geolife_60mins.csv;nsga2;2;31;3100;3100;9.51950e+01;100;100;100;1.00000e+00;1.00000e+00;1.40000e-01;9.74305e-01;8.00005e-01;Pipeline { filter(avg_Y > 0.0000) | filter(avg_Y < 373000000.0000) | filter(avg_X > 49.1000) | map_duplicate(probability=0.10) };9.18608e-01;1.00000e+00;Pipeline { filter(avg_X < 761000000.0000) };9.18608e-01;1.00000e+00;Pipeline { filter(avg_Y < 713000000.0000) };9.18608e-01;1.00000e+00;Pipeline { filter(avg_X < 6350000000.0000) }
datasets/geolife_60mins.csv;nsga2;2;32;3200;3200;9.76980e+01;100;100;100;1.00000e+00;1.00000e+00;1.40000e-01;9.74305e-01;8.00005e-01;Pipeline { filter(avg_Y > 0.0000) | filter(avg_Y < 373000000.0000) | filter(avg_X > 49.1000) | map_duplicate(probability=0.10) };9.18608e-01;1.00000e+00;Pipeline { filter(avg_Y < 761000000.0000) };9.18608e-01;1.00000e+00;Pipeline { filter(avg_X < 395000000.0000) };9.18608e-01;1.00000e+00;Pipeline { filter(avg_Y < 8080000000.0000) }
datasets/geolife_60mins.csv;nsga2;2;33;3300;3300;1.00068e+02;100;100;100;1.00000e+00;1.00000e+00;1.40000e-01;9.74305e-01;8.00005e-01;Pipeline { filter(avg_Y > 0.0000) | filter(avg_Y < 373000000.0000) | filter(avg_X > 49.1000) | map_duplicate(probability=0.10) };9.18608e-01;1.00000e+00;Pipeline { filter(avg_X < 205000000.0000) };9.18608e-01;1.00000e+00;Pipeline { filter(avg_Y < 414000000.0000) };9.18608e-01;1.00000e+00;Pipeline { filter(avg_X < 414000000.0000) }
datasets/geolife_60mins.csv;nsga2;2;34;3400;3400;1.02636e+02;100;100;100;1.00000e+00;1.00000e+00;1.50000e-01;9.74305e-01;8.00005e-01;Pipeline { filter(avg_Y > 0.0000) | filter(avg_Y < 373000000.0000) | filter(avg_X > 49.1000) | map_duplicate(probability=0.10) };9.18608e-01;1.00000e+00;Pipeline { filter(avg_X < 4050000000.0000) };9.18608e-01;1.00000e+00;Pipeline { filter(avg_Y < 4760000.0000) };9.18608e-01;1.00000e+00;Pipeline { filter(avg_X < 9280000.0000) }
datasets/geolife_60mins.csv;nsga2;2;35;3500;3500;1.05365e+02;100;100;100;1.00000e+00;1.00000e+00;1.70000e-01;9.74305e-01;8.00005e-01;Pipeline { filter(avg_Y > 0.0000) | filter(avg_Y < 373000000.0000) | filter(avg_X > 49.1000) | map_duplicate(probability=0.10) };9.18608e-01;1.00000e+00;Pipeline { filter(avg_Y < 390000000.0000) };9.18608e-01;1.00000e+00;Pipeline { filter(avg_Y < 440000000.0000) };9.18608e-01;1.00000e+00;Pipeline { filter(avg_Y < 538000000.0000) }
datasets/geolife_60mins.csv;nsga2;2;36;3600;3600;1.08251e+02;100;100;100;1.00000e+00;1.00000e+00;1.70000e-01;9.75642e-01;7.99587e-01;Pipeline { filter(avg_Y > 0.0000) | filter(avg_Y < 153000000.0000) | filter(avg_X > 49.1000) | map_duplicate(probability=0.10) };9.18608e-01;1.00000e+00;Pipeline { filter(avg_X < 295000000.0000) };9.18608e-01;1.00000e+00;Pipeline { filter(avg_X < 3360000000.0000) };9.18608e-01;1.00000e+00;Pipeline { filter(avg_X < 894000000.0000) }
datasets/geolife_60mins.csv;nsga2;2;37;3700;3700;1.11566e+02;100;100;100;1.00000e+00;1.00000e+00;1.70000e-01;9.75642e-01;7.99587e-01;Pipeline { filter(avg_Y > 0.0000) | filter(avg_Y < 153000000.0000) | filter(avg_X > 49.1000) | map_duplicate(probability=0.10) };9.18608e-01;1.00000e+00;Pipeline { filter(avg_X < 9330000000.0000) };9.18608e-01;1.00000e+00;Pipeline { filter(avg_X < 5380000000.0000) };9.18608e-01;1.00000e+00;Pipeline { filter(avg_Y < 855000000.0000) }
datasets/geolife_60mins.csv;nsga2;2;38;3800;3800;1.14257e+02;100;100;100;1.00000e+00;1.00000e+00;1.80000e-01;9.76155e-01;7.99124e-01;Pipeline { filter(avg_Y > 0.0000) | filter(avg_Y < 153000000.0000) | filter(avg_X > 49.1000) | map_duplicate(probability=0.10) };9.18608e-01;1.00000e+00;Pipeline { filter(avg_X < 5780000000.0000) };9.18608e-01;1.00000e+00;Pipeline { filter(avg_X < 8050000000.0000) };9.18608e-01;1.00000e+00;Pipeline { filter(avg_X < 7710000000.0000) }
datasets/geolife_60mins.csv;nsga2;2;39;3900;3900;1.16662e+02;100;100;100;1.00000e+00;1.00000e+00;1.90000e-01;9.76155e-01;7.99124e-01;Pipeline { filter(avg_Y > 0.0000) | filter(avg_Y < 153000000.0000) | filter(avg_X > 49.1000) | map_duplicate(probability=0.10) };9.18608e-01;1.00000e+00;Pipeline { filter(avg_X < 9700000000.0000) };9.18608e-01;1.00000e+00;Pipeline { filter(avg_X < 9700000000.0000) };9.18608e-01;1.00000e+00;Pipeline { filter(avg_Y < 7400000000.0000) }
datasets/geolife_60mins.csv;nsga2;2;40;4000;4000;1.19206e+02;100;100;100;1.00000e+00;1.00000e+00;1.90000e-01;9.76155e-01;7.99124e-01;Pipeline { filter(avg_Y > 0.0000) | filter(avg_Y < 153000000.0000) | filter(avg_X > 49.1000) | map_duplicate(probability=0.10) };9.18608e-01;1.00000e+00;Pipeline { filter(avg_X < 5740000000.0000) };9.18608e-01;1.00000e+00;Pipeline { filter(avg_X < 5740000000.0000) };9.18608e-01;1.00000e+00;Pipeline { filter(avg_Y < 25300000.0000) }
datasets/geolife_60mins.csv;nsga2;2;41;4100;4100;1.21933e+02;100;100;100;1.00000e+00;1.00000e+00;1.90000e-01;9.76155e-01;7.99124e-01;Pipeline { filter(avg_Y > 0.0000) | filter(avg_Y < 153000000.0000) | filter(avg_X > 49.1000) | map_duplicate(probability=0.10) };9.18608e-01;1.00000e+00;Pipeline { filter(avg_Y < 710000000.0000) };9.18608e-01;1.00000e+00;Pipeline { filter(avg_Y < 710000000.0000) };9.18608e-01;1.00000e+00;Pipeline { filter(avg_X < 25300000.0000) }
datasets/geolife_60mins.csv;nsga2;2;42;4200;4200;1.24574e+02;100;100;100;1.00000e+00;1.00000e+00;1.90000e-01;9.76155e-01;7.99124e-01;Pipeline { filter(avg_Y > 0.0000) | filter(avg_Y < 153000000.0000) | filter(avg_X > 49.1000) | map_duplicate(probability=0.10) };9.18608e-01;1.00000e+00;Pipeline { filter(avg_X < 6920000000.0000) };9.18608e-01;1.00000e+00;Pipeline { filter(avg_X < 6920000000.0000) };9.18608e-01;1.00000e+00;Pipeline { filter(avg_Y < 759000000.0000) }
datasets/geolife_60mins.csv;nsga2;2;43;4300;4300;1.27875e+02;100;100;100;1.00000e+00;9.80000e-01;2.00000e-01;9.76155e-01;7.99124e-01;Pipeline { filter(avg_Y > 0.0000) | filter(avg_Y < 153000000.0000) | filter(avg_X > 49.1000) | map_duplicate(probability=0.10) };9.18608e-01;1.00000e+00;Pipeline { filter(avg_Y < 7290000000.0000) };9.18771e-01;9.99657e-01;Pipeline { filter(avg_X < 2890000.0000) };9.18608e-01;1.00000e+00;Pipeline { filter(avg_Y < 410000000.0000) }
datasets/geolife_60mins.csv;nsga2;2;44;4400;4400;1.30600e+02;100;100;100;1.00000e+00;9.90000e-01;2.00000e-01;9.76155e-01;7.99124e-01;Pipeline { filter(avg_Y > 0.0000) | filter(avg_Y < 153000000.0000) | filter(avg_X > 49.1000) | map_duplicate(probability=0.10) };9.18608e-01;1.00000e+00;Pipeline { filter(avg_Y < 5330000000.0000) };9.18771e-01;9.99657e-01;Pipeline { filter(avg_X < 4000000.0000) };9.18608e-01;1.00000e+00;Pipeline { filter(avg_Y < 284000000.0000) }
datasets/geolife_60mins.csv;nsga2;2;45;4500;4500;1.33004e+02;100;100;100;1.00000e+00;9.90000e-01;2.10000e-01;9.76155e-01;7.99124e-01;Pipeline { filter(avg_Y > 0.0000) | filter(avg_Y < 153000000.0000) | filter(avg_X > 49.1000) | map_duplicate(probability=0.10) };9.18608e-01;1.00000e+00;Pipeline { filter(avg_Y < 7650000.0000) };9.18771e-01;9.99657e-01;Pipeline { filter(avg_X < 4000000.0000) };9.18608e-01;1.00000e+00;Pipeline { filter(avg_X < 41800000.0000) }
datasets/geolife_60mins.csv;nsga2;2;46;4600;4600;1.35691e+02;100;100;100;1.00000e+00;9.90000e-01;2.10000e-01;9.76155e-01;7.99124e-01;Pipeline { filter(avg_Y > 0.0000) | filter(avg_Y < 153000000.0000) | filter(avg_X > 49.1000) | map_duplicate(probability=0.10) };9.18608e-01;1.00000e+00;Pipeline { filter(avg_Y < 5520000.0000) };9.18779e-01;9.99137e-01;Pipeline { filter(avg_X < 2620000.0000) };9.18608e-01;1.00000e+00;Pipeline { filter(avg_Y < 1780000000.0000) }
datasets/geolife_60mins.csv;nsga2;2;47;4700;4700;1.38113e+02;100;100;100;1.00000e+00;9.80000e-01;2.10000e-01;9.76155e-01;7.99124e-01;Pipeline { filter(avg_Y > 0.0000) | filter(avg_Y < 153000000.0000) | filter(avg_X > 49.1000) | map_duplicate(probability=0.10) };9.18608e-01;1.00000e+00;Pipeline { filter(avg_Y < 3440000000.0000) };9.18779e-01;9.99137e-01;Pipeline { filter(avg_X < 2690000.0000) };9.18608e-01;1.00000e+00;Pipeline { filter(avg_X < 2280000000.0000) }
datasets/geolife_60mins.csv;nsga2;2;48;4800;4800;1.40713e+02;100;100;100;1.00000e+00;9.80000e-01;2.20000e-01;9.76246e-01;7.98591e-01;Pipeline { filter(avg_Y > 0.0000) | filter(avg_Y < 153000000.0000) | filter(avg_X > 4.9100) | map_duplicate(probability=0.10) };9.18608e-01;1.00000e+00;Pipeline { filter(avg_X < 51700000.0000) };9.18779e-01;9.99137e-01;Pipeline { filter(avg_X < 2690000.0000) };9.18608e-01;1.00000e+00;Pipeline { filter(avg_Y < 57100000.0000) }
datasets/geolife_60mins.csv;nsga2;2;49;4900;4900;1.43176e+02;100;100;100;1.00000e+00;9.90000e-01;2.20000e-01;9.76246e-01;7.98591e-01;Pipeline { filter(avg_Y > 0.0000) | filter(avg_Y < 153000000.0000) | filter(avg_X > 4.9100) | map_duplicate(probability=0.10) };9.18608e-01;1.00000e+00;Pipeline { filter(avg_Y < 5440000000.0000) };9.18779e-01;9.99137e-01;Pipeline { filter(avg_X < 2620000.0000) };9.18608e-01;1.00000e+00;Pipeline { filter(avg_Y < 20700000.0000) }
datasets/geolife_60mins.csv;nsga2;2;50;5000;5000;1.45684e+02;100;100;100;1.00000e+00;9.90000e-01;2.20000e-01;9.76246e-01;7.98591e-01;Pipeline { filter(avg_Y > 0.0000) | filter(avg_Y < 153000000.0000) | filter(avg_X > 4.9100) | map_duplicate(probability=0.10) };9.18608e-01;1.00000e+00;Pipeline { filter(avg_Y < 4000000.0000) };9.19007e-01;9.96862e-01;Pipeline { filter(avg_Y < 2510000.0000) };9.18608e-01;1.00000e+00;Pipeline { filter(avg_X < 570000000.0000) }
datasets/geolife_60mins.csv;nsga2;3;1;100;100;6.01100e+00;100;6;32;9.90000e-01;9.90000e-01;6.70000e-01;9.41597e-01;7.71763e-01;Pipeline { map_aggregate(attribute=avg_X, function=max, window=7) };8.34457e-01;9.17968e-01;Pipeline { map_duplicate(probability=0.10) };7.13651e-01;5.91093e-01;Pipeline { map_aggregate(attribute=avg_Y, function=avg, window=9) | map_noise(attribute=avg_Y, percentage=0.05) | map_duplicate(probability=0.50) | map_aggregate(attribute=avg_Y, function=avg, window=3) | map_aggregate(attribute=avg_X, function=max, window=3) | map_duplicate(probability=0.10) | filter(avg_Y > 34.7000) | map_noise(attribute=avg_Y, percentage=0.25) | filter(avg_Y > 0.0001) | map_aggregate(attribute=avg_X, function=max, window=7) };8.70600e-01;7.14465e-01;Pipeline { map_noise(attribute=avg_Y, percentage=0.10) | filter(avg_Y < 12700000.0000) | filter(avg_Y > 0.0000) | map_aggregate(attribute=avg_Y, function=avg, window=7) }
datasets/geolife_60mins.csv;nsga2;3;2;200;200;1.18210e+01;100;9;2;9.90000e-01;9.90000e-01;9.40000e-01;9.41597e-01;7.71763e-01;Pipeline { map_aggregate(attribute=avg_X, function=max, window=7) };8.34457e-01;9.17968e-01;Pipeline { map_duplicate(probability=0.10) };9.19385e-01;7.65993e-01;Pipeline { map_noise(attribute=avg_Y, percentage=0.10) | map_noise(attribute=avg_Y, percentage=0.25) };9.26145e-01;7.81865e-01;Pipeline { map_aggregate(attribute=avg_Y, function=min, window=5) }
datasets/geolife_60mins.csv;nsga2;3;3;300;300;1.70570e+01;100;18;3;9.90000e-01;9.90000e-01;8.70000e-01;9.43540e-01;7.65385e-01;Pipeline { map_aggregate(attribute=avg_X, function=max, window=10) };8.34457e-01;9.17968e-01;Pipeline { map_duplicate(probability=0.10) };9.26629e-01;8.85427e-01;Pipeline { filter(avg_X > 0.0001) | filter(avg_X > 0.0001) | filter(avg_X < 355000000.0000) };8.77327e-01;8.28136e-01;Pipeline { filter(avg_Y > 64.0000) }
datasets/geolife_60mins.csv;nsga2;3;4;400;400;2.14020e+01;100;42;3;9.90000e-01;9.90000e-01;6.40000e-01;9.45292e-01;7.53953e-01;Pipeline { map_aggregate(attribute=avg_Y, function=min, window=7) | map_aggregate(attribute=avg_X, function=max, window=10) | map_noise(attribute=avg_Y, percentage=0.05) | filter(avg_X > 0.4780) | map_aggregate(attribute=avg_Y, function=avg, window=10) };8.34457e-01;9.17968e-01;Pipeline { map_duplicate(probability=0.10) };9.27735e-01;8.01413e-01;Pipeline { map_aggregate(attribute=avg_Y, function=min, window=3) };9.26629e-01;8.85427e-01;Pipeline { filter(avg_X > 0.0000) | filter(avg_X > 0.0001) | filter(avg_X < 355000000.0000) }
datasets/geolife_60mins.csv;nsga2;3;5;500;500;2.47960e+01;100;76;1;1.00000e+00;1.00000e+00;3.50000e-01;9.46341e-01;7.49839e-01;Pipeline { map_aggregate(attribute=avg_Y, function=min, window=7) | map_aggregate(attribute=avg_X, function=max, window=6) | map_noise(attribute=avg_Y, percentage=0.05) | filter(avg_X > 0.4780) | map_aggregate(attribute=avg_Y, function=avg, window=10) };8.34457e-01;9.17968e-01;Pipeline { map_duplicate(probability=0.10) };9.26629e-01;8.85427e-01;Pipeline { filter(avg_X > 0.0000) | filter(avg_X < 608000000.0000) | filter(avg_X > 0.0682) | filter(avg_X < 89500000.0000) };9.26629e-01;8.85427e-01;Pipeline { filter(avg_X > 0.0000) | filter(avg_X > 0.0004) | filter(avg_X < 355000000.0000) }
datasets/geolife_60mins.csv;nsga2;3;6;600;600;2.80670e+01;100;100;100;1.00000e+00;1.00000e+00;1.60000e-01;9.47883e-01;7.50409e-01;Pipeline { map_aggregate(attribute=avg_Y, function=min, window=7) | map_aggregate(attribute=avg_X, function=max, window=6) | map_noise(attribute=avg_Y, percentage=0.05) | filter(avg_X > 0.0000) | map_aggregate(attribute=avg_Y, function=avg, window=10) };8.34457e-01;9.17968e-01;Pipeline { map_duplicate(probability=0.10) };9.26629e-01;8.85427e-01;Pipeline { filter(avg_X > 0.0000) | filter(avg_X < 628000000.0000) | filter(avg_X > 0.0982) | filter(avg_X < 89500000.0000) };9.26629e-01;8.85427e-01;Pipeline { filter(avg_X > 0.0000) | filter(avg_X < 668000000.0000) | filter(avg_X > 0.0682) | filter(avg_X < 89500000.0000) }
datasets/geolife_60mins.csv;nsga2;3;7;700;700;3.11620e+01;100;100;100;1.00000e+00;1.00000e+00;1.70000e-01;9.55259e-01;7.50509e-01;Pipeline { map_aggregate(attribute=avg_Y, function=min, window=3) | map_aggregate(attribute=avg_X, function=max, window=6) | map_noise(attribute=avg_Y, percentage=0.05) | filter(avg_X > 0.0000) | map_aggregate(attribute=avg_Y, function=avg, window=10) };8.34457e-01;9.17968e-01;Pipeline { map_duplicate(probability=0.10) };9.26629e-01;8.85427e-01;Pipeline { filter(avg_X > 0.0001) | filter(avg_X > 0.0001) | filter(avg_X < 355000000.0000) };9.26629e-01;8.85427e-01;Pipeline { filter(avg_X > 1.4000) }
datasets/geolife_60mins.csv;nsga2;3;8;800;800;3.42150e+01;100;100;100;1.00000e+00;1.00000e+00;1.50000e-01;9.55654e-01;7.53622e-01;Pipeline { map_aggregate(attribute=avg_Y, function=min, window=3) | map_aggregate(attribute=avg_X, function=max, window=6) | map_noise(attribute=avg_Y, percentage=0.05) | filter(avg_X > 0.0000) | map_aggregate(attribute=avg_X, function=avg, window=3) };9.18608e-01;1.00000e+00;Pipeline { filter(avg_X < 9880000.0000) };9.26629e-01;8.85427e-01;Pipeline { filter(avg_X > 0.0000) | filter(avg_X > 0.0001) | filter(avg_X < 355000000.0000) };9.26629e-01;8.85427e-01;Pipeline { filter(avg_X > 0.0001) | filter(avg_X > 0.0002) | filter(avg_X < 356000000.0000) }
datasets/geolife_60mins.csv;nsga2;3;9;900;900;3.74860e+01;100;100;100;1.00000e+00;9.90000e-01;1.50000e-01;9.55654e-01;7.53622e-01;Pipeline { map_aggregate(attribute=avg_Y, function=min, window=3) | map_aggregate(attribute=avg_X, function=max, window=6) | map_noise(attribute=avg_Y, percentage=0.05) | filter(avg_X > 0.0000) | map_aggregate(attribute=avg_X, function=avg, window=3) };9.18608e-01;1.00000e+00;Pipeline { filter(avg_X < 9880000.0000) };9.26629e-01;8.85427e-01;Pipeline { filter(avg_X > 0.3800) };9.26629e-01;8.85427e-01;Pipeline { filter(avg_X > 0.0000) }
datasets/geolife_60mins.csv;nsga2;3;10;1000;1000;4.15540e+01;100;100;100;1.00000e+00;1.00000e+00;1.60000e-01;9.55654e-01;7.53622e-01;Pipeline { map_aggregate(attribute=avg_Y, function=min, window=3) | map_aggregate(attribute=avg_X, function=max, window=6) | map_noise(attribute=avg_Y, percentage=0.05) | filter(avg_X > 0.0000) | map_aggregate(attribute=avg_X, function=avg, window=3) };9.18608e-01;1.00000e+00;Pipeline { filter(avg_X < 9880000.0000) };9.26629e-01;8.85427e-01;Pipeline { filter(avg_X > 0.0000) | filter(avg_X > 0.0001) | filter(avg_X < 655000000.0000) };9.26629e-01;8.85427e-01;Pipeline { filter(avg_X > 365.0000) }
datasets/geolife_60mins.csv;nsga2;3;11;1100;1100;4.47880e+01;100;100;100;1.00000e+00;1.00000e+00;1.60000e-01;9.64386e-01;7.58035e-01;Pipeline { map_aggregate(attribute=avg_Y, function=min, window=3) | map_aggregate(attribute=avg_X, function=max, window=6) | map_noise(attribute=avg_Y, percentage=0.05) | map_noise(attribute=avg_X, percentage=0.25) | map_aggregate(attribute=avg_Y, function=max, window=4) };9.18608e-01;1.00000e+00;Pipeline { filter(avg_X < 9880000.0000) };9.26629e-01;8.85427e-01;Pipeline { filter(avg_X > 0.4330) | filter(avg_X > 0.0005) | filter(avg_X < 159000000.0000) };9.26629e-01;8.85427e-01;Pipeline { filter(avg_X > 0.5800) }
datasets/geolife_60mins.csv;nsga2;3;12;1200;1200;4.77760e+01;100;100;100;1.00000e+00;1.00000e+00;1.00000e-01;9.74997e-01;7.71516e-01;Pipeline { map_noise(attribute=avg_Y, percentage=0.01) | filter(avg_X > 1320.0000) | filter(avg_Y > 0.0006) | map_duplicate(probability=0.10) };9.18608e-01;1.00000e+00;Pipeline { filter(avg_X < 9880000.0000) };9.26629e-01;8.85427e-01;Pipeline { filter(avg_X > 0.0008) | filter(avg_X > 0.0000) | filter(avg_X < 305000000.0000) };9.26629e-01;8.85427e-01;Pipeline { filter(avg_X > 0.0000) | filter(avg_X < 606000000.0000) | filter(avg_X > 0.0682) | filter(avg_X < 385000000.0000) }
datasets/geolife_60mins.csv;nsga2;3;13;1300;1300;5.11090e+01;100;14;86;1.00000e+00;1.00000e+00;1.10000e-01;9.74997e-01;7.71516e-01;Pipeline { map_noise(attribute=avg_Y, percentage=0.01) | filter(avg_X > 1320.0000) | filter(avg_Y > 0.0006) | map_duplicate(probability=0.10) };9.18608e-01;1.00000e+00;Pipeline { filter(avg_Y < 5510000.0000) | filter(avg_X < 7570000000.0000) | filter(avg_X < 355000000.0000) };9.26629e-01;8.85427e-01;Pipeline { filter(avg_X > 7.9600) | filter(avg_X > 0.0000) | filter(avg_X < 255000000.0000) };9.26629e-01;8.85427e-01;Pipeline { filter(avg_X > 7.9600) | filter(avg_X > 0.0000) | filter(avg_X < 255000000.0000) }
datasets/geolife_60mins.csv;nsga2;3;14;1400;1400;5.48440e+01;100;17;83;1.00000e+00;9.90000e-01;1.80000e-01;9.74997e-01;7.71516e-01;Pipeline { map_noise(attribute=avg_Y, percentage=0.01) | filter(avg_X > 1320.0000) | filter(avg_Y > 0.0006) | map_duplicate(probability=0.10) };9.18608e-01;1.00000e+00;Pipeline { filter(avg_Y < 5510000.0000) | filter(avg_X < 7170000000.0000) | filter(avg_X < 355000000.0000) };9.26629e-01;8.85427e-01;Pipeline { filter(avg_X > 0.4390) | filter(avg_X > 275.0000) | filter(avg_X < 942000000.0000) };9.26629e-01;8.85427e-01;Pipeline { filter(avg_X > 0.0082) | filter(avg_X > 1.4100) | filter(avg_X < 355000000.0000) }
datasets/geolife_60mins.csv;nsga2;3;15;1500;1500;5.78980e+01;100;26;74;1.00000e+00;9.90000e-01;1.30000e-01;9.74997e-01;7.71516e-01;Pipeline { map_noise(attribute=avg_Y, percentage=0.01) | filter(avg_X > 1320.0000) | filter(avg_Y > 0.0006) | map_duplicate(probability=0.10) };9.18608e-01;1.00000e+00;Pipeline { filter(avg_X < 5880000.0000) };9.26629e-01;8.85427e-01;Pipeline { filter(avg_X > 0.0000) | filter(avg_X > 1.4100) | filter(avg_Y < 252000000.0000) };9.26629e-01;8.85427e-01;Pipeline { filter(avg_X > 0.0000) | filter(avg_Y < 646000000.0000) | filter(avg_X > 0.0672) | filter(avg_X < 43500000.0000) }
datasets/geolife_60mins.csv;nsga2;3;16;1600;1600;6.09460e+01;100;34;55;1.00000e+00;1.00000e+00;2.20000e-01;9.76986e-01;7.70501e-01;Pipeline { map_noise(attribute=avg_Y, percentage=0.01) | filter(avg_Y > 4870.0000) | filter(avg_X > 0.0000) | map_duplicate(probability=0.10) };9.18608e-01;1.00000e+00;Pipeline { filter(avg_X < 6880000.0000) };9.26629e-01;8.85427e-01;Pipeline { filter(avg_X > 0.0241) };9.18608e-01;1.00000e+00;Pipeline { filter(avg_X < 2870000000.0000) }
datasets/geolife_60mins.csv;nsga2;3;17;1700;1700;6.45170e+01;100;50;30;1.00000e+00;1.00000e+00;3.10000e-01;9.76986e-01;7.70501e-01;Pipeline { map_noise(attribute=avg_Y, percentage=0.01) | filter(avg_Y > 4870.0000) | filter(avg_X > 0.0000) | map_duplicate(probability=0.10) };9.18608e-01;1.00000e+00;Pipeline { filter(avg_X < 9880000.0000) };9.33329e-01;9.41882e-01;Pipeline { filter(avg_Y < 551000.0000) | filter(avg_X < 7370000000.0000) | filter(avg_X < 355000000.0000) };9.18608e-01;1.00000e+00;Pipeline { filter(avg_X < 9640000000.0000) }
datasets/geolife_60mins.csv;nsga2;3;18;1800;1800;6.78640e+01;100;80;2;1.00000e+00;1.00000e+00;2.60000e-01;9.76986e-01;7.70501e-01;Pipeline { map_noise(attribute=avg_Y, percentage=0.01) | filter(avg_Y > 4870.0000) | filter(avg_X > 0.0000) | map_duplicate(probability=0.10) };9.18608e-01;1.00000e+00;Pipeline { filter(avg_X < 9830000.0000) };9.31496e-01;9.44247e-01;Pipeline { filter(avg_Y < 651000.0000) | filter(avg_X < 7570000000.0000) | filter(avg_X < 355000000.0000) };9.18608e-01;1.00000e+00;Pipeline { filter(avg_Y < 65700000.0000) }
datasets/geolife_60mins.csv;nsga2;3;19;1900;1900;7.05970e+01;100;100;100;1.00000e+00;1.00000e+00;1.60000e-01;9.76986e-01;7.70501e-01;Pipeline { map_noise(attribute=avg_Y, percentage=0.01) | filter(avg_Y > 4870.0000) | filter(avg_X > 0.0000) | map_duplicate(probability=0.10) };9.18608e-01;1.00000e+00;Pipeline { filter(avg_Y < 5510000.0000) | filter(avg_X < 7170000000.0000) | filter(avg_X < 35600000.0000) };9.18608e-01;1.00000e+00;Pipeline { filter(avg_X < 5080000.0000) };9.18608e-01;1.00000e+00;Pipeline { filter(avg_Y < 55500000.0000) }
datasets/geolife_60mins.csv;nsga2;3;20;2000;2000;7.31670e+01;100;100;100;1.00000e+00;1.00000e+00;1.70000e-01;9.76986e-01;7.70501e-01;Pipeline { map_noise(attribute=avg_Y, percentage=0.01) | filter(avg_Y > 4870.0000) | filter(avg_X > 0.0000) | map_duplicate(probability=0.10) };9.18608e-01;1.00000e+00;Pipeline { filter(avg_Y < 15500000.0000) };9.18608e-01;1.00000e+00;Pipeline { filter(avg_X < 6840000.0000) };9.18608e-01;1.00000e+00;Pipeline { filter(avg_X < 742000000.0000) }
datasets/geolife_60mins.csv;nsga2;3;21;2100;2100;7.56320e+01;100;100;100;1.00000e+00;1.00000e+00;1.70000e-01;9.76986e-01;7.70501e-01;Pipeline { map_noise(attribute=avg_Y, percentage=0.01) | filter(avg_Y > 4870.0000) | filter(avg_X > 0.0000) | map_duplicate(probability=0.10) };9.18608e-01;1.00000e+00;Pipeline { filter(avg_Y < 5310000.0000) | filter(avg_X < 7170000000.0000) | filter(avg_X < 35500000.0000) };9.18608e-01;1.00000e+00;Pipeline { filter(avg_X < 9830000.0000) };9.18608e-01;1.00000e+00;Pipeline { filter(avg_Y < 5510000.0000) | filter(avg_X < 2170000000.0000) | filter(avg_X < 3550000000.0000) }
datasets/geolife_60mins.csv;nsga2;3;22;2200;2200;7.81290e+01;100;100;100;1.00000e+00;1.00000e+00;1.70000e-01;9.76986e-01;7.70501e-01;Pipeline { map_noise(attribute=avg_Y, percentage=0.01) | filter(avg_Y > 4870.0000) | filter(avg_X > 0.0000) | map_duplicate(probability=0.10) };9.18608e-01;1.00000e+00;Pipeline { filter(avg_Y < 3850000.0000) };9.18608e-01;1.00000e+00;Pipeline { filter(avg_X < 542000000.0000) };9.18608e-01;1.00000e+00;Pipeline { filter(avg_X < 9790000.0000) }
datasets/geolife_60mins.csv;nsga2;3;23;2300;2300;8.06360e+01;100;100;100;1.00000e+00;1.00000e+00;1.70000e-01;9.76986e-01;7.70501e-01;Pipeline { map_noise(attribute=avg_Y, percentage=0.01) | filter(avg_Y > 4870.0000) | filter(avg_X > 0.0000) | map_duplicate(probability=0.10) };9.18608e-01;1.00000e+00;Pipeline { filter(avg_Y < 656000000.0000) };9.18608e-01;1.00000e+00;Pipeline { filter(avg_Y < 505000000.0000) };9.18608e-01;1.00000e+00;Pipeline { filter(avg_X < 83000000.0000) }
datasets/geolife_60mins.csv;nsga2;3;24;2400;2400;8.35330e+01;100;100;100;1.00000e+00;1.00000e+00;1.70000e-01;9.76986e-01;7.70501e-01;Pipeline { map_noise(attribute=avg_Y, percentage=0.01) | filter(avg_Y > 4870.0000) | filter(avg_X > 0.0000) | map_duplicate(probability=0.10) };9.18608e-01;1.00000e+00;Pipeline { filter(avg_X < 650000000.0000) };9.18608e-01;1.00000e+00;Pipeline { filter(avg_X < 9460000000.0000) };9.18608e-01;1.00000e+00;Pipeline { filter(avg_X < 7960000.0000) }
datasets/geolife_60mins.csv;nsga2;3;25;2500;2500;8.64660e+01;100;100;100;1.00000e+00;1.00000e+00;1.60000e-01;9.76986e-01;7.70501e-01;Pipeline { map_noise(attribute=avg_Y, percentage=0.01) | filter(avg_Y > 4870.0000) | filter(avg_X > 0.0000) | map_duplicate(probability=0.10) };9.18608e-01;1.00000e+00;Pipeline { filter(avg_X < 9270000000.0000) };9.18608e-01;1.00000e+00;Pipeline { filter(avg_Y < 2830000000.0000) | filter(avg_X < 4580000000.0000) | filter(avg_X < 355000000.0000) };9.18608e-01;1.00000e+00;Pipeline { filter(avg_Y < 8690000.0000) }
datasets/geolife_60mins.csv;nsga2;3;26;2600;2600;8.92160e+01;100;100;100;1.00000e+00;9.90000e-01;1.70000e-01;9.76986e-01;7.70501e-01;Pipeline { map_noise(attribute=avg_Y, percentage=0.01) | filter(avg_Y > 4870.0000) | filter(avg_X > 0.0000) | map_duplicate(probability=0.10) };9.18608e-01;1.00000e+00;Pipeline { filter(avg_X < 9890000.0000) };9.18608e-01;1.00000e+00;Pipeline { filter(avg_Y < 9510000.0000) | filter(avg_X < 6860000000.0000) | filter(avg_X < 3550000000.0000) };9.18608e-01;1.00000e+00;Pipeline { filter(avg_Y < 4950000.0000) }
datasets/geolife_60mins.csv;nsga2;3;27;2700;2700;9.17630e+01;100;100;100;1.00000e+00;9.90000e-01;1.80000e-01;9.76986e-01;7.70501e-01;Pipeline { map_noise(attribute=avg_Y, percentage=0.01) | filter(avg_Y > 4870.0000) | filter(avg_X > 0.0000) | map_duplicate(probability=0.10) };9.18608e-01;1.00000e+00;Pipeline { filter(avg_Y < 256000000.0000) };9.18608e-01;1.00000e+00;Pipeline { filter(avg_X < 1240000000.0000) };9.18608e-01;1.00000e+00;Pipeline { filter(avg_Y < 9510000.0000) | filter(avg_X < 6860000000.0000) | filter(avg_X < 3350000000.0000) }
datasets/geolife_60mins.csv;nsga2;3;28;2800;2800;9.55190e+01;100;100;100;1.00000e+00;1.00000e+00;1.80000e-01;9.76986e-01;7.70501e-01;Pipeline { map_noise(attribute=avg_Y, percentage=0.01) | filter(avg_Y > 4870.0000) | filter(avg_X > 0.0000) | map_duplicate(probability=0.10) };9.18608e-01;1.00000e+00;Pipeline { filter(avg_Y < 41000000.0000) };9.18608e-01;1.00000e+00;Pipeline { filter(avg_X < 68800000.0000) };9.18608e-01;1.00000e+00;Pipeline { filter(avg_Y < 51000000.0000) }
datasets/geolife_60mins.csv;nsga2;3;29;2900;2900;9.85270e+01;100;100;100;1.00000e+00;1.00000e+00;1.80000e-01;9.76986e-01;7.70501e-01;Pipeline { map_noise(attribute=avg_Y, percentage=0.01) | filter(avg_Y > 4870.0000) | filter(avg_X > 0.0000) | map_duplicate(probability=0.10) };9.18608e-01;1.00000e+00;Pipeline { filter(avg_X < 28400000.0000) };9.18608e-01;1.00000e+00;Pipeline { filter(avg_Y < 254000000.0000) };9.18608e-01;1.00000e+00;Pipeline { filter(avg_X < 7890000.0000) }
datasets/geolife_60mins.csv;nsga2;3;30;3000;3000;1.01125e+02;100;100;100;1.00000e+00;1.00000e+00;1.90000e-01;9.76986e-01;7.70501e-01;Pipeline { map_noise(attribute=avg_Y, percentage=0.01) | filter(avg_Y > 4870.0000) | filter(avg_X > 0.0000) | map_duplicate(probability=0.10) };9.18608e-01;1.00000e+00;Pipeline { filter(avg_X < 54100000.0000) };9.18608e-01;1.00000e+00;Pipeline { filter(avg_X < 210000000.0000) };9.18608e-01;1.00000e+00;Pipeline { filter(avg_X < 853000000.0000) }
datasets/geolife_60mins.csv;nsga2;3;31;3100;3100;1.03993e+02;100;100;100;1.00000e+00;1.00000e+00;1.90000e-01;9.76986e-01;7.70501e-01;Pipeline { map_noise(attribute=avg_Y, percentage=0.01) | filter(avg_Y > 4870.0000) | filter(avg_X > 0.0000) | map_duplicate(probability=0.10) };9.18608e-01;1.00000e+00;Pipeline { filter(avg_X < 49000000.0000) };9.18608e-01;1.00000e+00;Pipeline { filter(avg_X < 7980000000.0000) };9.18608e-01;1.00000e+00;Pipeline { filter(avg_Y < 252000000.0000) }
datasets/geolife_60mins.csv;nsga2;3;32;3200;3200;1.06964e+02;100;100;100;1.00000e+00;1.00000e+00;1.80000e-01;9.76986e-01;7.70501e-01;Pipeline { map_noise(attribute=avg_Y, percentage=0.01) | filter(avg_Y > 4870.0000) | filter(avg_X > 0.0000) | map_duplicate(probability=0.10) };9.18608e-01;1.00000e+00;Pipeline { filter(avg_Y < 847000000.0000) };9.18608e-01;1.00000e+00;Pipeline { filter(avg_X < 372000000.0000) };9.18608e-01;1.00000e+00;Pipeline { filter(avg_Y < 9500000.0000) | filter(avg_X < 68600000.0000) | filter(avg_X < 1350000000.0000) }
datasets/geolife_60mins.csv;nsga2;3;33;3300;3300;1.11566e+02;100;100;100;1.00000e+00;1.00000e+00;1.80000e-01;9.76986e-01;7.70501e-01;Pipeline { map_noise(attribute=avg_Y, percentage=0.01) | filter(avg_Y > 4870.0000) | filter(avg_X > 0.0000) | map_duplicate(probability=0.10) };9.18608e-01;1.00000e+00;Pipeline { filter(avg_X < 28600000.0000) };9.18608e-01;1.00000e+00;Pipeline { filter(avg_X < 5480000.0000) };9.18608e-01;1.00000e+00;Pipeline { filter(avg_X < 40000000.0000) }
datasets/geolife_60mins.csv;nsga2;3;34;3400;3400;1.14274e+02;100;100;100;1.00000e+00;1.00000e+00;1.80000e-01;9.76986e-01;7.70501e-01;Pipeline { map_noise(attribute=avg_Y, percentage=0.01) | filter(avg_Y > 4870.0000) | filter(avg_X > 0.0000) | map_duplicate(probability=0.10) };9.18608e-01;1.00000e+00;Pipeline { filter(avg_Y < 7030000000.0000) };9.18608e-01;1.00000e+00;Pipeline { filter(avg_Y < 17000000.0000) };9.18608e-01;1.00000e+00;Pipeline { filter(avg_Y < 9400000.0000) | filter(avg_X < 119000000.0000) | filter(avg_X < 3350000000.0000) }
datasets/geolife_60mins.csv;nsga2;3;35;3500;3500;1.17091e+02;100;100;100;1.00000e+00;1.00000e+00;1.80000e-01;9.76986e-01;7.70501e-01;Pipeline { map_noise(attribute=avg_Y, percentage=0.01) | filter(avg_Y > 4870.0000) | filter(avg_X > 0.0000) | map_duplicate(probability=0.10) };9.18608e-01;1.00000e+00;Pipeline { filter(avg_X < 819000000.0000) };9.18608e-01;1.00000e+00;Pipeline { filter(avg_Y < 27000000.0000) };9.18608e-01;1.00000e+00;Pipeline { filter(avg_Y < 7430000000.0000) }
datasets/geolife_60mins.csv;nsga2;3;36;3600;3600;1.19839e+02;100;100;100;1.00000e+00;1.00000e+00;1.80000e-01;9.76986e-01;7.70501e-01;Pipeline { map_noise(attribute=avg_Y, percentage=0.01) | filter(avg_Y > 4870.0000) | filter(avg_X > 0.0000) | map_duplicate(probability=0.10) };9.18608e-01;1.00000e+00;Pipeline { filter(avg_Y < 943000000.0000) };9.18608e-01;1.00000e+00;Pipeline { filter(avg_Y < 656000000.0000) };9.18608e-01;1.00000e+00;Pipeline { filter(avg_Y < 189000000.0000) }
datasets/geolife_60mins.csv;nsga2;3;37;3700;3700;1.22592e+02;100;100;100;1.00000e+00;1.00000e+00;1.80000e-01;9.76986e-01;7.70501e-01;Pipeline { map_noise(attribute=avg_Y, percentage=0.01) | filter(avg_Y > 4870.0000) | filter(avg_X > 0.0000) | map_duplicate(probability=0.10) };9.18608e-01;1.00000e+00;Pipeline { filter(avg_Y < 8420000000.0000) };9.18608e-01;1.00000e+00;Pipeline { filter(avg_X < 51800000.0000) };9.18608e-01;1.00000e+00;Pipeline { filter(avg_X < 819000000.0000) }
datasets/geolife_60mins.csv;nsga2;3;38;3800;3800;1.25797e+02;100;100;100;1.00000e+00;1.00000e+00;1.80000e-01;9.76986e-01;7.70501e-01;Pipeline { map_noise(attribute=avg_Y, percentage=0.01) | filter(avg_Y > 4870.0000) | filter(avg_X > 0.0000) | map_duplicate(probability=0.10) };9.18608e-01;1.00000e+00;Pipeline { filter(avg_Y < 28100000.0000) };9.18608e-01;1.00000e+00;Pipeline { filter(avg_X < 61900000.0000) };9.18608e-01;1.00000e+00;Pipeline { filter(avg_Y < 843000000.0000) }
datasets/geolife_60mins.csv;nsga2;3;39;3900;3900;1.28166e+02;100;100;100;1.00000e+00;1.00000e+00;1.80000e-01;9.76986e-01;7.70501e-01;Pipeline { map_noise(attribute=avg_Y, percentage=0.01) | filter(avg_Y > 4870.0000) | filter(avg_X > 0.0000) | map_duplicate(probability=0.10) };9.18608e-01;1.00000e+00;Pipeline { filter(avg_X < 639000000.0000) };9.18608e-01;1.00000e+00;Pipeline { filter(avg_X < 32900000.0000) };9.18608e-01;1.00000e+00;Pipeline { filter(avg_Y < 9400000.0000) | filter(avg_X < 109000000.0000) | filter(avg_X < 5150000000.0000) }
datasets/geolife_60mins.csv;nsga2;3;40;4000;4000;1.30882e+02;100;100;100;1.00000e+00;1.00000e+00;1.80000e-01;9.76986e-01;7.70501e-01;Pipeline { map_noise(attribute=avg_Y, percentage=0.01) | filter(avg_Y > 4870.0000) | filter(avg_X > 0.0000) | map_duplicate(probability=0.10) };9.18608e-01;1.00000e+00;Pipeline { filter(avg_Y < 762000000.0000) };9.18608e-01;1.00000e+00;Pipeline { filter(avg_Y < 541000000.0000) };9.18608e-01;1.00000e+00;Pipeline { filter(avg_X < 72000000.0000) }
datasets/geolife_60mins.csv;nsga2;3;41;4100;4100;1.34527e+02;100;100;100;1.00000e+00;1.00000e+00;1.80000e-01;9.76986e-01;7.70501e-01;Pipeline { map_noise(attribute=avg_Y, percentage=0.01) | filter(avg_Y > 4870.0000) | filter(avg_X > 0.0000) | map_duplicate(probability=0.10) };9.18608e-01;1.00000e+00;Pipeline { filter(avg_Y < 5400000.0000) | filter(avg_X < 100000000.0000) | filter(avg_X < 5150000000.0000) };9.18608e-01;1.00000e+00;Pipeline { filter(avg_X < 68000000.0000) };9.18608e-01;1.00000e+00;Pipeline { filter(avg_X < 397000000.0000) }
datasets/geolife_60mins.csv;nsga2;3;42;4200;4200;1.36924e+02;100;100;100;1.00000e+00;1.00000e+00;1.80000e-01;9.76986e-01;7.70501e-01;Pipeline { map_noise(attribute=avg_Y, percentage=0.01) | filter(avg_Y > 4870.0000) | filter(avg_X > 0.0000) | map_duplicate(probability=0.10) };9.18608e-01;1.00000e+00;Pipeline { filter(avg_Y < 727000000.0000) };9.18608e-01;1.00000e+00;Pipeline { filter(avg_X < 124000000.0000) };9.18608e-01;1.00000e+00;Pipeline { filter(avg_Y < 141000000.0000) }
datasets/geolife_60mins.csv;nsga2;3;43;4300;4300;1.40426e+02;100;100;100;1.00000e+00;1.00000e+00;1.80000e-01;9.76986e-01;7.70501e-01;Pipeline { map_noise(attribute=avg_Y, percentage=0.01) | filter(avg_Y > 4870.0000) | filter(avg_X > 0.0000) | map_duplicate(probability=0.10) };9.18608e-01;1.00000e+00;Pipeline { filter(avg_Y < 2640000000.0000) | filter(avg_X < 709000000.0000) | filter(avg_X < 9150000000.0000) };9.18608e-01;1.00000e+00;Pipeline { filter(avg_Y < 704000000.0000) };9.18608e-01;1.00000e+00;Pipeline { filter(avg_X < 5730000.0000) }
datasets/geolife_60mins.csv;nsga2;3;44;4400;4400;1.43371e+02;100;100;100;1.00000e+00;1.00000e+00;1.80000e-01;9.76986e-01;7.70501e-01;Pipeline { map_noise(attribute=avg_Y, percentage=0.01) | filter(avg_Y > 4870.0000) | filter(avg_X > 0.0000) | map_duplicate(probability=0.10) };9.18608e-01;1.00000e+00;Pipeline { filter(avg_X < 787000000.0000) };9.18608e-01;1.00000e+00;Pipeline { filter(avg_X < 973000000.0000) };9.18608e-01;1.00000e+00;Pipeline { filter(avg_Y < 688000000.0000) }
datasets/geolife_60mins.csv;nsga2;3;45;4500;4500;1.46372e+02;100;100;100;1.00000e+00;1.00000e+00;2.00000e-01;9.77646e-01;7.68346e-01;Pipeline { map_noise(attribute=avg_Y, percentage=0.01) | filter(avg_Y > 0.0001) | filter(avg_X > 0.0000) | map_duplicate(probability=0.10) };9.18608e-01;1.00000e+00;Pipeline { filter(avg_Y < 727000000.0000) };9.18771e-01;9.99657e-01;Pipeline { filter(avg_X < 3290000.0000) };9.18608e-01;1.00000e+00;Pipeline { filter(avg_X < 518000000.0000) }
datasets/geolife_60mins.csv;nsga2;3;46;4600;4600;1.49267e+02;100;100;100;1.00000e+00;1.00000e+00;2.00000e-01;9.77646e-01;7.68346e-01;Pipeline { map_noise(attribute=avg_Y, percentage=0.01) | filter(avg_Y > 0.0001) | filter(avg_X > 0.0000) | map_duplicate(probability=0.10) };9.18608e-01;1.00000e+00;Pipeline { filter(avg_Y < 9000000.0000) | filter(avg_X < 192000000.0000) | filter(avg_X < 7150000000.0000) };9.18771e-01;9.99657e-01;Pipeline { filter(avg_X < 4010000.0000) };9.18608e-01;1.00000e+00;Pipeline { filter(avg_X < 8390000000.0000) }
datasets/geolife_60mins.csv;nsga2;3;47;4700;4700;1.52472e+02;100;100;100;1.00000e+00;1.00000e+00;2.10000e-01;9.77646e-01;7.68346e-01;Pipeline { map_noise(attribute=avg_Y, percentage=0.01) | filter(avg_Y > 0.0001) | filter(avg_X > 0.0000) | map_duplicate(probability=0.10) };9.18608e-01;1.00000e+00;Pipeline { filter(avg_Y < 9450000.0000) };9.18779e-01;9.99137e-01;Pipeline { filter(avg_Y < 9400000.0000) | filter(avg_X < 2310000.0000) | filter(avg_X < 5150000000.0000) };9.18608e-01;1.00000e+00;Pipeline { filter(avg_Y < 778000000.0000) }
datasets/geolife_60mins.csv;nsga2;3;48;4800;4800;1.55192e+02;100;100;100;1.00000e+00;1.00000e+00;2.30000e-01;9.77646e-01;7.68346e-01;Pipeline { map_noise(attribute=avg_Y, percentage=0.01) | filter(avg_Y > 0.0001) | filter(avg_X > 0.0000) | map_duplicate(probability=0.10) };9.18608e-01;1.00000e+00;Pipeline { filter(avg_X < 91800000.0000) };9.19011e-01;9.97549e-01;Pipeline { filter(avg_Y < 2570000.0000) | filter(avg_Y < 100000000.0000) | filter(avg_X < 5130000000.0000) };9.18608e-01;1.00000e+00;Pipeline { filter(avg_X < 91600000.0000) }
datasets/geolife_60mins.csv;nsga2;3;49;4900;4900;1.58257e+02;100;100;100;1.00000e+00;1.00000e+00;2.30000e-01;9.77646e-01;7.68346e-01;Pipeline { map_noise(attribute=avg_Y, percentage=0.01) | filter(avg_Y > 0.0001) | filter(avg_X > 0.0000) | map_duplicate(probability=0.10) };9.18608e-01;1.00000e+00;Pipeline { filter(avg_Y < 9000000.0000) | filter(avg_X < 192000000.0000) | filter(avg_X < 7120000000.0000) };9.19011e-01;9.97549e-01;Pipeline { filter(avg_Y < 2570000.0000) | filter(avg_Y < 100000000.0000) | filter(avg_X < 5130000000.0000) };9.18608e-01;1.00000e+00;Pipeline { filter(avg_X < 815000000.0000) }
datasets/geolife_60mins.csv;nsga2;3;50;5000;5000;1.61095e+02;100;100;100;1.00000e+00;1.00000e+00;2.30000e-01;9.77646e-01;7.68346e-01;Pipeline { map_noise(attribute=avg_Y, percentage=0.01) | filter(avg_Y > 0.0001) | filter(avg_X > 0.0000) | map_duplicate(probability=0.10) };9.18608e-01;1.00000e+00;Pipeline { filter(avg_X < 673000000.0000) };9.19790e-01;9.84704e-01;Pipeline { filter(avg_Y < 2280000.0000) };9.18608e-01;1.00000e+00;Pipeline { filter(avg_X < 44800000.0000) }
datasets/geolife_60mins.csv;nsga2;4;1;100;100;4.90500e+00;100;3;39;9.70000e-01;9.70000e-01;6.00000e-01;9.54743e-01;8.11762e-01;Pipeline { map_duplicate(probability=0.10) | filter(avg_Y > 0.0000) };9.18608e-01;1.00000e+00;Pipeline { filter(avg_Y < 7510000.0000) };8.06017e-01;7.09148e-01;Pipeline { filter(avg_Y < 490000000.0000) | map_aggregate(attribute=avg_X, function=min, window=8) | filter(avg_Y > 0.0000) };4.83634e-01;7.30740e-01;Pipeline { map_duplicate(probability=0.90) }
datasets/geolife_60mins.csv;nsga2;4;2;200;200;8.95500e+00;100;6;5;9.70000e-01;9.70000e-01;9.40000e-01;9.60139e-01;7.59593e-01;Pipeline { map_aggregate(attribute=avg_Y, function=avg, window=8) | map_aggregate(attribute=avg_X, function=max, window=5) | filter(avg_Y < 660000000.0000) };9.18608e-01;1.00000e+00;Pipeline { filter(avg_Y < 7510000.0000) };9.18993e-01;8.85968e-01;Pipeline { map_noise(attribute=avg_Y, percentage=0.01) };8.48134e-01;7.84006e-01;Pipeline { map_aggregate(attribute=avg_X, function=avg, window=5) }
datasets/geolife_60mins.csv;nsga2;4;3;300;300;1.27620e+01;100;8;1;9.70000e-01;9.70000e-01;8.60000e-01;9.60139e-01;7.59593e-01;Pipeline { map_aggregate(attribute=avg_Y, function=avg, window=8) | map_aggregate(attribute=avg_X, function=max, window=5) | filter(avg_Y < 660000000.0000) };9.18608e-01;1.00000e+00;Pipeline { filter(avg_Y < 7710000.0000) };9.28471e-01;7.32958e-01;Pipeline { filter(avg_X > 0.0001) | map_noise(attribute=avg_X, percentage=0.10) | map_noise(attribute=avg_Y, percentage=0.10) };8.77344e-01;8.28148e-01;Pipeline { filter(avg_Y > 0.0074) }
datasets/geolife_60mins.csv;nsga2;4;4;400;400;1.62520e+01;100;14;22;9.90000e-01;9.90000e-01;7.40000e-01;9.60139e-01;7.59593e-01;Pipeline { map_aggregate(attribute=avg_Y, function=avg, window=8) | map_aggregate(attribute=avg_X, function=max, window=5) | filter(avg_Y < 460000000.0000) };9.18608e-01;1.00000e+00;Pipeline { filter(avg_Y < 7510000.0000) };9.43120e-01;7.66875e-01;Pipeline { map_aggregate(attribute=avg_X, function=max, window=9) };9.12040e-01;8.64359e-01;Pipeline { filter(avg_X > 259000.0000) }
datasets/geolife_60mins.csv;nsga2;4;5;500;500;1.95770e+01;100;22;2;9.90000e-01;9.90000e-01;7.00000e-01;9.61171e-01;7.42478e-01;Pipeline { map_duplicate(probability=0.10) | filter(avg_Y > 957.0000) | map_noise(attribute=avg_X, percentage=0.01) };9.18608e-01;1.00000e+00;Pipeline { filter(avg_Y < 7770000.0000) };9.52988e-01;8.11545e-01;Pipeline { map_duplicate(probability=0.10) | filter(avg_Y > 51.3000) };8.85768e-01;8.94715e-01;Pipeline { filter(avg_X < 584000.0000) }
datasets/geolife_60mins.csv;nsga2;4;6;600;600;2.36550e+01;100;42;2;9.90000e-01;9.90000e-01;4.50000e-01;9.61171e-01;7.42478e-01;Pipeline { map_duplicate(probability=0.10) | filter(avg_Y > 957.0000) | map_noise(attribute=avg_X, percentage=0.01) };9.18608e-01;1.00000e+00;Pipeline { filter(avg_Y < 4710000.0000) };9.54049e-01;8.12276e-01;Pipeline { map_duplicate(probability=0.10) | filter(avg_Y > 0.0000) };9.18608e-01;1.00000e+00;Pipeline { filter(avg_Y < 52000000.0000) }
datasets/geolife_60mins.csv;nsga2;4;7;700;700;2.65910e+01;100;66;3;1.00000e+00;1.00000e+00;4.50000e-01;9.61171e-01;7.42478e-01;Pipeline { map_duplicate(probability=0.10) | filter(avg_Y > 957.0000) | map_noise(attribute=avg_X, percentage=0.01) };9.18608e-01;1.00000e+00;Pipeline { filter(avg_Y < 7710000.0000) };9.55364e-01;8.12329e-01;Pipeline { map_duplicate(probability=0.10) | filter(avg_Y > 0.0000) };9.18608e-01;1.00000e+00;Pipeline { filter(avg_Y < 5510000.0000) }
datasets/geolife_60mins.csv;nsga2;4;8;800;800;2.95080e+01;100;100;100;1.00000e+00;1.00000e+00;1.40000e-01;9.61171e-01;7.42478e-01;Pipeline { map_duplicate(probability=0.10) | filter(avg_Y > 957.0000) | map_noise(attribute=avg_X, percentage=0.01) };9.18608e-01;1.00000e+00;Pipeline { filter(avg_Y < 9770000.0000) };9.18608e-01;1.00000e+00;Pipeline { filter(avg_Y < 8770000.0000) };9.18608e-01;1.00000e+00;Pipeline { filter(avg_Y < 4760000.0000) }
datasets/geolife_60mins.csv;nsga2;4;9;900;900;3.21680e+01;100;100;100;1.00000e+00;1.00000e+00;1.40000e-01;9.61171e-01;7.42478e-01;Pipeline { map_duplicate(probability=0.10) | filter(avg_Y > 957.0000) | map_noise(attribute=avg_X, percentage=0.01) };9.18608e-01;1.00000e+00;Pipeline { filter(avg_Y < 6610000.0000) };9.18608e-01;1.00000e+00;Pipeline { filter(avg_X < 9020000.0000) };9.18608e-01;1.00000e+00;Pipeline { filter(avg_X < 65400000.0000) }
datasets/geolife_60mins.csv;nsga2;4;10;1000;1000;3.48860e+01;100;100;100;1.00000e+00;1.00000e+00;1.60000e-01;9.61171e-01;7.42478e-01;Pipeline { map_duplicate(probability=0.10) | filter(avg_Y > 957.0000) | map_noise(attribute=avg_X, percentage=0.01) };9.18608e-01;1.00000e+00;Pipeline { filter(avg_Y < 8170000.0000) };9.18608e-01;1.00000e+00;Pipeline { filter(avg_X < 9120000.0000) };9.18608e-01;1.00000e+00;Pipeline { filter(avg_Y < 9630000.0000) }
datasets/geolife_60mins.csv;nsga2;4;11;1100;1100;3.78260e+01;100;100;100;1.00000e+00;1.00000e+00;1.70000e-01;9.61171e-01;7.42478e-01;Pipeline { map_duplicate(probability=0.10) | filter(avg_Y > 957.0000) | map_noise(attribute=avg_X, percentage=0.01) };9.18608e-01;1.00000e+00;Pipeline { filter(avg_Y < 3240000.0000) };9.18608e-01;1.00000e+00;Pipeline { filter(avg_Y < 7520000.0000) };9.18608e-01;1.00000e+00;Pipeline { filter(avg_X < 664000000.0000) }
datasets/geolife_60mins.csv;nsga2;4;12;1200;1200;4.07580e+01;100;100;100;1.00000e+00;1.00000e+00;1.70000e-01;9.61171e-01;7.42478e-01;Pipeline { map_duplicate(probability=0.10) | filter(avg_Y > 957.0000) | map_noise(attribute=avg_X, percentage=0.01) };9.18608e-01;1.00000e+00;Pipeline { filter(avg_X < 9630000.0000) };9.18608e-01;1.00000e+00;Pipeline { filter(avg_Y < 50400000.0000) };9.18608e-01;1.00000e+00;Pipeline { filter(avg_Y < 8070000.0000) }
datasets/geolife_60mins.csv;nsga2;4;13;1300;1300;4.41900e+01;100;100;100;1.00000e+00;1.00000e+00;1.70000e-01;9.61171e-01;7.42478e-01;Pipeline { map_duplicate(probability=0.10) | filter(avg_Y > 957.0000) | map_noise(attribute=avg_X, percentage=0.01) };9.18608e-01;1.00000e+00;Pipeline { filter(avg_Y < 7580000.0000) };9.18608e-01;1.00000e+00;Pipeline { filter(avg_Y < 7040000.0000) };9.18608e-01;1.00000e+00;Pipeline { filter(avg_Y < 9900000.0000) }
datasets/geolife_60mins.csv;nsga2;4;14;1400;1400;4.74570e+01;100;100;100;1.00000e+00;1.00000e+00;1.70000e-01;9.61171e-01;7.42478e-01;Pipeline { map_duplicate(probability=0.10) | filter(avg_Y > 957.0000) | map_noise(attribute=avg_X, percentage=0.01) };9.18608e-01;1.00000e+00;Pipeline { filter(avg_X < 92900000.0000) };9.18608e-01;1.00000e+00;Pipeline { filter(avg_Y < 5040000.0000) };9.18608e-01;1.00000e+00;Pipeline { filter(avg_Y < 7000000.0000) }
datasets/geolife_60mins.csv;nsga2;4;15;1500;1500;5.03500e+01;100;100;100;1.00000e+00;1.00000e+00;1.90000e-01;9.61171e-01;7.42478e-01;Pipeline { map_duplicate(probability=0.10) | filter(avg_Y > 957.0000) | map_noise(attribute=avg_X, percentage=0.01) };9.18608e-01;1.00000e+00;Pipeline { filter(avg_Y < 9610000.0000) };9.18608e-01;1.00000e+00;Pipeline { filter(avg_Y < 9610000.0000) };9.18608e-01;1.00000e+00;Pipeline { filter(avg_Y < 210000000.0000) }
datasets/geolife_60mins.csv;nsga2;4;16;1600;1600;5.28290e+01;100;100;100;1.00000e+00;1.00000e+00;1.90000e-01;9.61171e-01;7.42478e-01;Pipeline { map_duplicate(probability=0.10) | filter(avg_Y > 957.0000) | map_noise(attribute=avg_X, percentage=0.01) };9.18608e-01;1.00000e+00;Pipeline { filter(avg_X < 5540000000.0000) };9.18608e-01;1.00000e+00;Pipeline { filter(avg_X < 3440000000.0000) };9.18608e-01;1.00000e+00;Pipeline { filter(avg_Y < 9170000.0000) }
datasets/geolife_60mins.csv;nsga2;4;17;1700;1700;5.55010e+01;100;100;100;1.00000e+00;1.00000e+00;2.00000e-01;9.61171e-01;7.42478e-01;Pipeline { map_duplicate(probability=0.10) | filter(avg_Y > 957.0000) | map_noise(attribute=avg_X, percentage=0.01) };9.18608e-01;1.00000e+00;Pipeline { filter(avg_X < 3940000000.0000) };9.18608e-01;1.00000e+00;Pipeline { filter(avg_X < 3940000000.0000) };9.18608e-01;1.00000e+00;Pipeline { filter(avg_Y < 6540000000.0000) }
datasets/geolife_60mins.csv;nsga2;4;18;1800;1800;5.83760e+01;100;100;100;1.00000e+00;1.00000e+00;2.00000e-01;9.61171e-01;7.42478e-01;Pipeline { map_duplicate(probability=0.10) | filter(avg_Y > 957.0000) | map_noise(attribute=avg_X, percentage=0.01) };9.18608e-01;1.00000e+00;Pipeline { filter(avg_Y < 7100000.0000) };9.18608e-01;1.00000e+00;Pipeline { filter(avg_Y < 7100000.0000) };9.18608e-01;1.00000e+00;Pipeline { filter(avg_Y < 73700000.0000) }
datasets/geolife_60mins.csv;nsga2;4;19;1900;1900;6.12610e+01;100;100;100;1.00000e+00;1.00000e+00;2.30000e-01;9.61171e-01;7.42478e-01;Pipeline { map_duplicate(probability=0.10) | filter(avg_Y > 957.0000) | map_noise(attribute=avg_X, percentage=0.01) };9.18608e-01;1.00000e+00;Pipeline { filter(avg_X < 56100000.0000) };9.18779e-01;9.99137e-01;Pipeline { filter(avg_X < 2370000.0000) };9.18608e-01;1.00000e+00;Pipeline { filter(avg_Y < 33900000.0000) }
datasets/geolife_60mins.csv;nsga2;4;20;2000;2000;6.40160e+01;100;100;100;1.00000e+00;1.00000e+00;2.30000e-01;9.61171e-01;7.42478e-01;Pipeline { map_duplicate(probability=0.10) | filter(avg_Y > 957.0000) | map_noise(attribute=avg_X, percentage=0.01) };9.18608e-01;1.00000e+00;Pipeline { filter(avg_X < 401000000.0000) };9.18779e-01;9.99137e-01;Pipeline { filter(avg_X < 2170000.0000) };9.18608e-01;1.00000e+00;Pipeline { filter(avg_X < 44000000.0000) }
datasets/geolife_60mins.csv;nsga2;4;21;2100;2100;6.72370e+01;100;100;100;1.00000e+00;1.00000e+00;2.30000e-01;9.61171e-01;7.42478e-01;Pipeline { map_duplicate(probability=0.10) | filter(avg_Y > 957.0000) | map_noise(attribute=avg_X, percentage=0.01) };9.18608e-01;1.00000e+00;Pipeline { filter(avg_Y < 6220000000.0000) };9.18779e-01;9.99137e-01;Pipeline { filter(avg_X < 2370000.0000) };9.18608e-01;1.00000e+00;Pipeline { filter(avg_Y < 247000000.0000) }
datasets/geolife_60mins.csv;nsga2;4;22;2200;2200;7.01990e+01;100;100;100;1.00000e+00;1.00000e+00;2.30000e-01;9.61171e-01;7.42478e-01;Pipeline { map_duplicate(probability=0.10) | filter(avg_Y > 957.0000) | map_noise(attribute=avg_X, percentage=0.01) };9.18608e-01;1.00000e+00;Pipeline { filter(avg_Y < 63100000.0000) };9.18827e-01;9.98141e-01;Pipeline { filter(avg_Y < 2630000.0000) };9.18608e-01;1.00000e+00;Pipeline { filter(avg_X < 43000000.0000) }
datasets/geolife_60mins.csv;nsga2;4;23;2300;2300;7.28350e+01;100;100;100;1.00000e+00;1.00000e+00;2.20000e-01;9.61171e-01;7.42478e-01;Pipeline { map_duplicate(probability=0.10) | filter(avg_Y > 957.0000) | map_noise(attribute=avg_X, percentage=0.01) };9.18608e-01;1.00000e+00;Pipeline { filter(avg_Y < 750000000.0000) };9.18771e-01;9.99657e-01;Pipeline { filter(avg_X < 4200000.0000) };9.18608e-01;1.00000e+00;Pipeline { filter(avg_X < 20900000.0000) }
datasets/geolife_60mins.csv;nsga2;4;24;2400;2400;7.53040e+01;100;100;100;1.00000e+00;1.00000e+00;2.20000e-01;9.61171e-01;7.42478e-01;Pipeline { map_duplicate(probability=0.10) | filter(avg_Y > 957.0000) | map_noise(attribute=avg_X, percentage=0.01) };9.18608e-01;1.00000e+00;Pipeline { filter(avg_Y < 94100000.0000) };9.18771e-01;9.99657e-01;Pipeline { filter(avg_X < 2900000.0000) };9.18608e-01;1.00000e+00;Pipeline { filter(avg_X < 8850000000.0000) }
datasets/geolife_60mins.csv;nsga2;4;25;2500;2500;7.77740e+01;100;100;100;1.00000e+00;1.00000e+00;2.50000e-01;9.61171e-01;7.42478e-01;Pipeline { map_duplicate(probability=0.10) | filter(avg_Y > 957.0000) | map_noise(attribute=avg_X, percentage=0.01) };9.18608e-01;1.00000e+00;Pipeline { filter(avg_X < 3850000000.0000) };9.18827e-01;9.98141e-01;Pipeline { filter(avg_Y < 2630000.0000) };9.18608e-01;1.00000e+00;Pipeline { filter(avg_X < 3250000000.0000) }
datasets/geolife_60mins.csv;nsga2;4;26;2600;2600;8.06360e+01;100;100;100;1.00000e+00;1.00000e+00;2.60000e-01;9.61171e-01;7.42478e-01;Pipeline { map_duplicate(probability=0.10) | filter(avg_Y > 957.0000) | map_noise(attribute=avg_X, percentage=0.01) };9.18608e-01;1.00000e+00;Pipeline { filter(avg_X < 801000000.0000) };9.19009e-01;9.97479e-01;Pipeline { filter(avg_Y < 2540000.0000) };9.18608e-01;1.00000e+00;Pipeline { filter(avg_X < 3350000000.0000) }
datasets/geolife_60mins.csv;nsga2;4;27;2700;2700;8.33260e+01;100;100;100;1.00000e+00;1.00000e+00;2.60000e-01;9.61171e-01;7.42478e-01;Pipeline { map_duplicate(probability=0.10) | filter(avg_Y > 957.0000) | map_noise(attribute=avg_X, percentage=0.01) };9.18608e-01;1.00000e+00;Pipeline { filter(avg_X < 94200000.0000) };9.19009e-01;9.97479e-01;Pipeline { filter(avg_Y < 2540000.0000) };9.18608e-01;1.00000e+00;Pipeline { filter(avg_X < 3850000000.0000) }
datasets/geolife_60mins.csv;nsga2;4;28;2800;2800;8.62000e+01;100;100;100;1.00000e+00;1.00000e+00;2.60000e-01;9.61171e-01;7.42478e-01;Pipeline { map_duplicate(probability=0.10) | filter(avg_Y > 957.0000) | map_noise(attribute=avg_X, percentage=0.01) };9.18608e-01;1.00000e+00;Pipeline { filter(avg_X < 9030000.0000) };9.18827e-01;9.98141e-01;Pipeline { filter(avg_Y < 2630000.0000) };9.18608e-01;1.00000e+00;Pipeline { filter(avg_X < 5720000000.0000) }
datasets/geolife_60mins.csv;nsga2;4;29;2900;2900;8.89000e+01;100;100;100;1.00000e+00;1.00000e+00;2.60000e-01;9.61171e-01;7.42478e-01;Pipeline { map_duplicate(probability=0.10) | filter(avg_Y > 957.0000) | map_noise(attribute=avg_X, percentage=0.01) };9.18608e-01;1.00000e+00;Pipeline { filter(avg_Y < 6050000000.0000) };9.18827e-01;9.98141e-01;Pipeline { filter(avg_Y < 2630000.0000) };9.18608e-01;1.00000e+00;Pipeline { filter(avg_Y < 132000000.0000) }
datasets/geolife_60mins.csv;nsga2;4;30;3000;3000;9.13170e+01;100;100;100;1.00000e+00;1.00000e+00;2.70000e-01;9.61171e-01;7.42478e-01;Pipeline { map_duplicate(probability=0.10) | filter(avg_Y > 957.0000) | map_noise(attribute=avg_X, percentage=0.01) };9.18608e-01;1.00000e+00;Pipeline { filter(avg_X < 216000000.0000) };9.19009e-01;9.97479e-01;Pipeline { filter(avg_Y < 2540000.0000) };9.18608e-01;1.00000e+00;Pipeline { filter(avg_Y < 14400000.0000) }
datasets/geolife_60mins.csv;nsga2;4;31;3100;3100;9.41720e+01;100;100;100;1.00000e+00;1.00000e+00;2.80000e-01;9.61171e-01;7.42478e-01;Pipeline { map_duplicate(probability=0.10) | filter(avg_Y > 957.0000) | map_noise(attribute=avg_X, percentage=0.01) };9.18608e-01;1.00000e+00;Pipeline { filter(avg_X < 74500000.0000) };9.19137e-01;9.90041e-01;Pipeline { filter(avg_Y < 2360000.0000) };9.18608e-01;1.00000e+00;Pipeline { filter(avg_X < 296000000.0000) }
datasets/geolife_60mins.csv;nsga2;4;32;3200;3200;9.72520e+01;100;100;100;1.00000e+00;1.00000e+00;2.80000e-01;9.61171e-01;7.42478e-01;Pipeline { map_duplicate(probability=0.10) | filter(avg_Y > 957.0000) | map_noise(attribute=avg_X, percentage=0.01) };9.18608e-01;1.00000e+00;Pipeline { filter(avg_X < 9220000000.0000) };9.19429e-01;9.86898e-01;Pipeline { filter(avg_Y < 2330000.0000) };9.18608e-01;1.00000e+00;Pipeline { filter(avg_X < 216000000.0000) }
datasets/geolife_60mins.csv;nsga2;4;33;3300;3300;1.00021e+02;100;100;100;1.00000e+00;1.00000e+00;2.80000e-01;9.61171e-01;7.42478e-01;Pipeline { map_duplicate(probability=0.10) | filter(avg_Y > 957.0000) | map_noise(attribute=avg_X, percentage=0.01) };9.18608e-01;1.00000e+00;Pipeline { filter(avg_Y < 60500000.0000) };9.19790e-01;9.84704e-01;Pipeline { filter(avg_Y < 2230000.0000) };9.18608e-01;1.00000e+00;Pipeline { filter(avg_Y < 2820000000.0000) }
datasets/geolife_60mins.csv;nsga2;4;34;3400;3400;1.02805e+02;100;100;100;1.00000e+00;1.00000e+00;3.00000e-01;9.61171e-01;7.42478e-01;Pipeline { map_duplicate(probability=0.10) | filter(avg_Y > 957.0000) | map_noise(attribute=avg_X, percentage=0.01) };9.18608e-01;1.00000e+00;Pipeline { filter(avg_X < 616000000.0000) };9.19829e-01;9.84340e-01;Pipeline { filter(avg_Y < 1600000.0000) };9.18608e-01;1.00000e+00;Pipeline { filter(avg_X < 10100000.0000) }
datasets/geolife_60mins.csv;nsga2;4;35;3500;3500;1.05734e+02;100;100;100;1.00000e+00;1.00000e+00;3.00000e-01;9.61171e-01;7.42478e-01;Pipeline { map_duplicate(probability=0.10) | filter(avg_Y > 957.0000) | map_noise(attribute=avg_X, percentage=0.01) };9.18608e-01;1.00000e+00;Pipeline { filter(avg_X < 50100000.0000) };9.19829e-01;9.84340e-01;Pipeline { filter(avg_Y < 1600000.0000) };9.18608e-01;1.00000e+00;Pipeline { filter(avg_Y < 60500000.0000) }
datasets/geolife_60mins.csv;nsga2;4;36;3600;3600;1.08201e+02;100;100;100;1.00000e+00;1.00000e+00;3.10000e-01;9.61171e-01;7.42478e-01;Pipeline { map_duplicate(probability=0.10) | filter(avg_Y > 957.0000) | map_noise(attribute=avg_X, percentage=0.01) };9.18608e-01;1.00000e+00;Pipeline { filter(avg_Y < 4360000.0000) };9.19829e-01;9.84340e-01;Pipeline { filter(avg_Y < 1630000.0000) };9.18608e-01;1.00000e+00;Pipeline { filter(avg_Y < 62500000.0000) }
datasets/geolife_60mins.csv;nsga2;4;37;3700;3700;1.10859e+02;100;100;100;1.00000e+00;1.00000e+00;3.10000e-01;9.61171e-01;7.42478e-01;Pipeline { map_duplicate(probability=0.10) | filter(avg_Y > 957.0000) | map_noise(attribute=avg_X, percentage=0.01) };9.18608e-01;1.00000e+00;Pipeline { filter(avg_X < 74900000.0000) };9.19829e-01;9.84340e-01;Pipeline { filter(avg_Y < 1600000.0000) };9.18608e-01;1.00000e+00;Pipeline { filter(avg_X < 263000000.0000) }
datasets/geolife_60mins.csv;nsga2;4;38;3800;3800;1.13837e+02;100;100;100;1.00000e+00;1.00000e+00;3.10000e-01;9.61171e-01;7.42478e-01;Pipeline { map_duplicate(probability=0.10) | filter(avg_Y > 957.0000) | map_noise(attribute=avg_X, percentage=0.01) };9.18608e-01;1.00000e+00;Pipeline { filter(avg_X < 8910000.0000) };9.19832e-01;9.84327e-01;Pipeline { filter(avg_Y < 1400000.0000) };9.18608e-01;1.00000e+00;Pipeline { filter(avg_X < 590000000.0000) }
datasets/geolife_60mins.csv;nsga2;4;39;3900;3900;1.16255e+02;100;100;100;1.00000e+00;9.90000e-01;3.10000e-01;9.61171e-01;7.42478e-01;Pipeline { map_duplicate(probability=0.10) | filter(avg_Y > 957.0000) | map_noise(attribute=avg_X, percentage=0.01) };9.18608e-01;1.00000e+00;Pipeline { filter(avg_X < 8000000.0000) };9.19832e-01;9.84327e-01;Pipeline { filter(avg_Y < 1390000.0000) };9.18608e-01;1.00000e+00;Pipeline { filter(avg_Y < 3040000.0000) }
datasets/geolife_60mins.csv;nsga2;4;40;4000;4000;1.19696e+02;100;100;100;1.00000e+00;1.00000e+00;3.20000e-01;9.61171e-01;7.42478e-01;Pipeline { map_duplicate(probability=0.10) | filter(avg_Y > 957.0000) | map_noise(attribute=avg_X, percentage=0.01) };9.18608e-01;1.00000e+00;Pipeline { filter(avg_Y < 25000000.0000) };9.19832e-01;9.84327e-01;Pipeline { filter(avg_Y < 1400000.0000) };9.18608e-01;1.00000e+00;Pipeline { filter(avg_X < 651000000.0000) }
datasets/geolife_60mins.csv;nsga2;4;41;4100;4100;1.22212e+02;100;100;100;1.00000e+00;1.00000e+00;3.20000e-01;9.61171e-01;7.42478e-01;Pipeline { map_duplicate(probability=0.10) | filter(avg_Y > 957.0000) | map_noise(attribute=avg_X, percentage=0.01) };9.18608e-01;1.00000e+00;Pipeline { filter(avg_X < 115000000.0000) };9.19829e-01;9.84340e-01;Pipeline { filter(avg_Y < 1630000.0000) };9.18608e-01;1.00000e+00;Pipeline { filter(avg_Y < 9870000.0000) }
datasets/geolife_60mins.csv;nsga2;4;42;4200;4200;1.24868e+02;100;100;100;1.00000e+00;1.00000e+00;3.20000e-01;9.61171e-01;7.42478e-01;Pipeline { map_duplicate(probability=0.10) | filter(avg_Y > 957.0000) | map_noise(attribute=avg_X, percentage=0.01) };9.18608e-01;1.00000e+00;Pipeline { filter(avg_Y < 13500000.0000) };9.19829e-01;9.84340e-01;Pipeline { filter(avg_Y < 1630000.0000) };9.18608e-01;1.00000e+00;Pipeline { filter(avg_Y < 30400000.0000) }
datasets/geolife_60mins.csv;nsga2;4;43;4300;4300;1.27523e+02;100;100;100;1.00000e+00;1.00000e+00;3.20000e-01;9.61171e-01;7.42478e-01;Pipeline { map_duplicate(probability=0.10) | filter(avg_Y > 957.0000) | map_noise(attribute=avg_X, percentage=0.01) };9.18608e-01;1.00000e+00;Pipeline { filter(avg_Y < 9120000000.0000) };9.19829e-01;9.84340e-01;Pipeline { filter(avg_Y < 1630000.0000) };9.18608e-01;1.00000e+00;Pipeline { filter(avg_Y < 30500000.0000) }
datasets/geolife_60mins.csv;nsga2;4;44;4400;4400;1.30315e+02;100;100;100;1.00000e+00;1.00000e+00;3.20000e-01;9.61171e-01;7.42478e-01;Pipeline { map_duplicate(probability=0.10) | filter(avg_Y > 957.0000) | map_noise(attribute=avg_X, percentage=0.01) };9.18608e-01;1.00000e+00;Pipeline { filter(avg_X < 801000000.0000) };9.19829e-01;9.84340e-01;Pipeline { filter(avg_Y < 1600000.0000) };9.18608e-01;1.00000e+00;Pipeline { filter(avg_X < 507000000.0000) }
datasets/geolife_60mins.csv;nsga2;4;45;4500;4500;1.32800e+02;100;100;100;1.00000e+00;1.00000e+00;3.30000e-01;9.61171e-01;7.42478e-01;Pipeline { map_duplicate(probability=0.10) | filter(avg_Y > 957.0000) | map_noise(attribute=avg_X, percentage=0.01) };9.18608e-01;1.00000e+00;Pipeline { filter(avg_Y < 4990000000.0000) };9.19829e-01;9.84340e-01;Pipeline { filter(avg_Y < 1630000.0000) };9.18608e-01;1.00000e+00;Pipeline { filter(avg_X < 5800000000.0000) }
datasets/geolife_60mins.csv;nsga2;4;46;4600;4600;1.35677e+02;100;100;100;1.00000e+00;1.00000e+00;3.60000e-01;9.61171e-01;7.42478e-01;Pipeline { map_duplicate(probability=0.10) | filter(avg_Y > 957.0000) | map_noise(attribute=avg_X, percentage=0.01) };9.18608e-01;1.00000e+00;Pipeline { filter(avg_Y < 58000000.0000) };9.20141e-01;9.83113e-01;Pipeline { filter(avg_Y < 1370000.0000) };9.18608e-01;1.00000e+00;Pipeline { filter(avg_X < 694000000.0000) }
datasets/geolife_60mins.csv;nsga2;4;47;4700;4700;1.37999e+02;100;100;100;1.00000e+00;1.00000e+00;3.60000e-01;9.61171e-01;7.42478e-01;Pipeline { map_duplicate(probability=0.10) | filter(avg_Y > 957.0000) | map_noise(attribute=avg_X, percentage=0.01) };9.18608e-01;1.00000e+00;Pipeline { filter(avg_Y < 8990000000.0000) };9.20141e-01;9.83113e-01;Pipeline { filter(avg_Y < 1370000.0000) };9.18608e-01;1.00000e+00;Pipeline { filter(avg_Y < 5540000.0000) }
datasets/geolife_60mins.csv;nsga2;4;48;4800;4800;1.40796e+02;100;100;100;1.00000e+00;1.00000e+00;3.60000e-01;9.61171e-01;7.42478e-01;Pipeline { map_duplicate(probability=0.10) | filter(avg_Y > 957.0000) | map_noise(attribute=avg_X, percentage=0.01) };9.18608e-01;1.00000e+00;Pipeline { filter(avg_X < 678000000.0000) };9.20141e-01;9.83113e-01;Pipeline { filter(avg_Y < 1370000.0000) };9.18608e-01;1.00000e+00;Pipeline { filter(avg_X < 635000000.0000) }
datasets/geolife_60mins.csv;nsga2;4;49;4900;4900;1.43704e+02;100;100;100;1.00000e+00;1.00000e+00;3.70000e-01;9.61171e-01;7.42478e-01;Pipeline { map_duplicate(probability=0.10) | filter(avg_Y > 957.0000) | map_noise(attribute=avg_X, percentage=0.01) };9.18608e-01;1.00000e+00;Pipeline { filter(avg_Y < 8650000000.0000) };9.20152e-01;9.83097e-01;Pipeline { filter(avg_Y < 1360000.0000) };9.18608e-01;1.00000e+00;Pipeline { filter(avg_X < 530000000.0000) }
datasets/geolife_60mins.csv;nsga2;4;50;5000;5000;1.46745e+02;100;100;100;1.00000e+00;1.00000e+00;3.70000e-01;9.61171e-01;7.42478e-01;Pipeline { map_duplicate(probability=0.10) | filter(avg_Y > 957.0000) | map_noise(attribute=avg_X, percentage=0.01) };9.18608e-01;1.00000e+00;Pipeline { filter(avg_Y < 4150000000.0000) };9.20362e-01;9.82479e-01;Pipeline { filter(avg_Y < 1320000.0000) };9.18608e-01;1.00000e+00;Pipeline { filter(avg_Y < 70100000.0000) }
datasets/geolife_60mins.csv;nsga2;5;1;100;100;4.53900e+00;100;5;41;9.50000e-01;9.50000e-01;5.90000e-01;9.45325e-01;7.60566e-01;Pipeline { map_aggregate(attribute=avg_X, function=max, window=8) | map_aggregate(attribute=avg_X, function=max, window=9) };9.18608e-01;1.00000e+00;Pipeline { filter(avg_X < 899000000.0000) };7.53243e-01;6.72624e-01;Pipeline { map_aggregate(attribute=avg_Y, function=avg, window=3) | filter(avg_Y > 0.0001) | map_aggregate(attribute=avg_X, function=min, window=8) | map_aggregate(attribute=avg_X, function=min, window=5) | map_noise(attribute=avg_X, percentage=0.05) | map_noise(attribute=avg_X, percentage=0.25) };7.15196e-01;7.24369e-01;Pipeline { map_noise(attribute=avg_Y, percentage=0.05) | map_duplicate(probability=0.30) | map_noise(attribute=avg_X, percentage=0.01) | map_noise(attribute=avg_X, percentage=0.10) }
datasets/geolife_60mins.csv;nsga2;5;2;200;200;8.57700e+00;100;12;3;9.50000e-01;9.50000e-01;9.30000e-01;9.45325e-01;7.60566e-01;Pipeline { map_aggregate(attribute=avg_X, function=max, window=8) | map_aggregate(attribute=avg_X, function=max, window=9) };9.18608e-01;1.00000e+00;Pipeline { filter(avg_X < 899000000.0000) };9.20503e-01;7.75611e-01;Pipeline { map_noise(attribute=avg_Y, percentage=0.10) | map_noise(attribute=avg_Y, percentage=0.05) };9.22604e-01;7.94833e-01;Pipeline { map_noise(attribute=avg_Y, percentage=0.05) }
datasets/geolife_60mins.csv;nsga2;5;3;300;300;1.32900e+01;100;33;5;9.60000e-01;9.60000e-01;7.80000e-01;9.45988e-01;7.59432e-01;Pipeline { map_aggregate(attribute=avg_X, function=max, window=8) | map_noise(attribute=avg_Y, percentage=0.10) };9.18608e-01;1.00000e+00;Pipeline { filter(avg_Y < 865000000.0000) | filter(avg_X < 2190000000.0000) };9.26629e-01;8.85427e-01;Pipeline { filter(avg_X > 0.0000) | filter(avg_X < 2190000000.0000) };8.77327e-01;8.28136e-01;Pipeline { filter(avg_Y > 84.0000) }
datasets/geolife_60mins.csv;nsga2;5;4;400;400;1.69050e+01;100;59;17;9.80000e-01;9.80000e-01;5.20000e-01;9.52320e-01;7.64898e-01;Pipeline { map_aggregate(attribute=avg_X, function=max, window=7) | filter(avg_Y < 600000.0000) };9.18608e-01;1.00000e+00;Pipeline { filter(avg_Y < 899000000.0000) };9.35455e-01;8.06141e-01;Pipeline { map_aggregate(attribute=avg_X, function=max, window=3) | filter(avg_Y < 54700000.0000) };9.26629e-01;8.85427e-01;Pipeline { filter(avg_X > 0.3290) | filter(avg_X < 2190000000.0000) }
datasets/geolife_60mins.csv;nsga2;5;5;500;500;2.00230e+01;100;86;5;9.90000e-01;9.90000e-01;2.60000e-01;9.52320e-01;7.64898e-01;Pipeline { map_aggregate(attribute=avg_X, function=max, window=7) | filter(avg_Y < 600000.0000) };9.18608e-01;1.00000e+00;Pipeline { filter(avg_X < 899000000.0000) };9.38356e-01;7.68267e-01;Pipeline { map_aggregate(attribute=avg_X, function=max, window=8) | map_aggregate(attribute=avg_X, function=min, window=10) };9.26629e-01;8.85427e-01;Pipeline { filter(avg_X > 0.0000) | filter(avg_X < 1190000000.0000) }
datasets/geolife_60mins.csv;nsga2;5;6;600;600;2.29640e+01;100;100;100;1.00000e+00;1.00000e+00;1.30000e-01;9.52320e-01;7.64898e-01;Pipeline { map_aggregate(attribute=avg_X, function=max, window=7) | filter(avg_Y < 600000.0000) };9.18608e-01;1.00000e+00;Pipeline { filter(avg_Y < 8190000.0000) };9.26629e-01;8.85427e-01;Pipeline { filter(avg_X > 0.0060) | filter(avg_X < 2190000000.0000) };9.26629e-01;8.85427e-01;Pipeline { filter(avg_X > 0.0000) | filter(avg_X < 213000000.0000) }
datasets/geolife_60mins.csv;nsga2;5;7;700;700;2.59250e+01;100;100;100;1.00000e+00;1.00000e+00;1.30000e-01;9.52320e-01;7.64898e-01;Pipeline { map_aggregate(attribute=avg_X, function=max, window=7) | filter(avg_Y < 600000.0000) };9.18608e-01;1.00000e+00;Pipeline { filter(avg_Y < 765000000.0000) | filter(avg_X < 219000000.0000) };9.26629e-01;8.85427e-01;Pipeline { filter(avg_X > 52.9000) | filter(avg_X < 2490000000.0000) };9.26629e-01;8.85427e-01;Pipeline { filter(avg_X > 0.0060) | filter(avg_X < 2490000000.0000) }
datasets/geolife_60mins.csv;nsga2;5;8;800;800;2.87190e+01;100;100;100;1.00000e+00;9.90000e-01;1.40000e-01;9.52320e-01;7.64898e-01;Pipeline { map_aggregate(attribute=avg_X, function=max, window=7) | filter(avg_Y < 600000.0000) };9.18608e-01;1.00000e+00;Pipeline { filter(avg_Y < 765000000.0000) | filter(avg_X < 219000000.0000) };9.26629e-01;8.85427e-01;Pipeline { filter(avg_X > 4370.0000) | filter(avg_Y < 8190000000.0000) };9.26629e-01;8.85427e-01;Pipeline { filter(avg_X > 0.0000) | filter(avg_X < 213000000.0000) }
datasets/geolife_60mins.csv;nsga2;5;9;900;900;3.16880e+01;100;100;100;1.00000e+00;1.00000e+00;1.40000e-01;9.52320e-01;7.64898e-01;Pipeline { map_aggregate(attribute=avg_X, function=max, window=7) | filter(avg_Y < 600000.0000) };9.18608e-01;1.00000e+00;Pipeline { filter(avg_Y < 765000000.0000) | filter(avg_X < 219000000.0000) };9.26629e-01;8.85427e-01;Pipeline { filter(avg_X > 0.0000) | filter(avg_X < 213000000.0000) };9.26629e-01;8.85427e-01;Pipeline { filter(avg_X > 43.7000) | filter(avg_Y < 3190000000.0000) }
datasets/geolife_60mins.csv;nsga2;5;10;1000;1000;3.45010e+01;100;100;100;1.00000e+00;1.00000e+00;1.40000e-01;9.52320e-01;7.64898e-01;Pipeline { map_aggregate(attribute=avg_X, function=max, window=7) | filter(avg_Y < 600000.0000) };9.18608e-01;1.00000e+00;Pipeline { filter(avg_Y < 765000000.0000) | filter(avg_X < 219000000.0000) };9.26629e-01;8.85427e-01;Pipeline { filter(avg_X > 0.0000) };9.26629e-01;8.85427e-01;Pipeline { filter(avg_X > 0.0000) | filter(avg_X < 233000000.0000) }
datasets/geolife_60mins.csv;nsga2;5;11;1100;1100;3.78020e+01;100;100;100;1.00000e+00;1.00000e+00;1.50000e-01;9.52320e-01;7.64898e-01;Pipeline { map_aggregate(attribute=avg_X, function=max, window=7) | filter(avg_Y < 600000.0000) };9.18608e-01;1.00000e+00;Pipeline { filter(avg_Y < 765000000.0000) | filter(avg_X < 219000000.0000) };9.26629e-01;8.85427e-01;Pipeline { filter(avg_X > 0.0000) | filter(avg_X < 231000000.0000) };9.26629e-01;8.85427e-01;Pipeline { filter(avg_X > 0.0053) | filter(avg_X < 490000000.0000) }
datasets/geolife_60mins.csv;nsga2;5;12;1200;1200;4.09010e+01;100;100;100;1.00000e+00;1.00000e+00;1.20000e-01;9.52320e-01;7.64898e-01;Pipeline { map_aggregate(attribute=avg_X, function=max, window=7) | filter(avg_Y < 600000.0000) };9.18608e-01;1.00000e+00;Pipeline { filter(avg_Y < 765000000.0000) | filter(avg_X < 219000000.0000) };9.26629e-01;8.85427e-01;Pipeline { filter(avg_X > 0.2970) | filter(avg_X < 103000000.0000) };9.26629e-01;8.85427e-01;Pipeline { filter(avg_X > 0.0001) | filter(avg_X < 1190000000.0000) }
datasets/geolife_60mins.csv;nsga2;5;13;1300;1300;4.36280e+01;100;100;100;1.00000e+00;1.00000e+00;1.20000e-01;9.52320e-01;7.64898e-01;Pipeline { map_aggregate(attribute=avg_X, function=max, window=7) | filter(avg_Y < 600000.0000) };9.18608e-01;1.00000e+00;Pipeline { filter(avg_Y < 765000000.0000) | filter(avg_X < 219000000.0000) };9.26629e-01;8.85427e-01;Pipeline { filter(avg_X > 87.1000) | filter(avg_X < 189000000.0000) };9.26629e-01;8.85427e-01;Pipeline { filter(avg_X > 0.0070) | filter(avg_X > 0.0627) }
datasets/geolife_60mins.csv;nsga2;5;14;1400;1400;4.70140e+01;100;100;100;1.00000e+00;1.00000e+00;1.40000e-01;9.52320e-01;7.64898e-01;Pipeline { map_aggregate(attribute=avg_X, function=max, window=7) | filter(avg_Y < 600000.0000) };9.18608e-01;1.00000e+00;Pipeline { filter(avg_Y < 765000000.0000) | filter(avg_X < 219000000.0000) };9.26629e-01;8.85427e-01;Pipeline { filter(avg_X > 0.0001) | filter(avg_Y < 819000000.0000) };9.26629e-01;8.85427e-01;Pipeline { filter(avg_X > 0.0070) | filter(avg_X < 710000000.0000) }
datasets/geolife_60mins.csv;nsga2;5;15;1500;1500;4.99950e+01;100;100;100;1.00000e+00;1.00000e+00;1.40000e-01;9.52320e-01;7.64898e-01;Pipeline { map_aggregate(attribute=avg_X, function=max, window=7) | filter(avg_Y < 600000.0000) };9.18608e-01;1.00000e+00;Pipeline { filter(avg_Y < 765000000.0000) | filter(avg_X < 219000000.0000) };9.26629e-01;8.85427e-01;Pipeline { filter(avg_X > 0.0000) | filter(avg_X < 2640000000.0000) };9.26629e-01;8.85427e-01;Pipeline { filter(avg_X > 6010.0000) | filter(avg_X < 27200000.0000) }
datasets/geolife_60mins.csv;nsga2;5;16;1600;1600;5.30790e+01;100;100;100;1.00000e+00;9.90000e-01;1.40000e-01;9.52320e-01;7.64898e-01;Pipeline { map_aggregate(attribute=avg_X, function=max, window=7) | filter(avg_Y < 600000.0000) };9.18608e-01;1.00000e+00;Pipeline { filter(avg_Y < 765000000.0000) | filter(avg_X < 219000000.0000) };9.26629e-01;8.85427e-01;Pipeline { filter(avg_X > 6.8000) | filter(avg_X < 7190000000.0000) };9.26629e-01;8.85427e-01;Pipeline { filter(avg_X > 0.0099) | filter(avg_X < 26900000.0000) }
datasets/geolife_60mins.csv;nsga2;5;17;1700;1700;5.66560e+01;100;100;100;1.00000e+00;1.00000e+00;8.00000e-02;9.74829e-01;7.99153e-01;Pipeline { filter(avg_X > 0.0059) | filter(avg_Y > 0.0000) | map_duplicate(probability=0.10) };9.18608e-01;1.00000e+00;Pipeline { filter(avg_Y < 765000000.0000) | filter(avg_X < 219000000.0000) };9.26629e-01;8.85427e-01;Pipeline { filter(avg_X > 0.0055) | filter(avg_X > 10.8000) };9.26629e-01;8.85427e-01;Pipeline { filter(avg_X > 0.0007) | filter(avg_X < 27500000.0000) }
datasets/geolife_60mins.csv;nsga2;5;18;1800;1800;5.99500e+01;100;100;100;1.00000e+00;9.90000e-01;8.00000e-02;9.74829e-01;7.99153e-01;Pipeline { filter(avg_X > 0.0059) | filter(avg_Y > 0.0000) | map_duplicate(probability=0.10) };9.18608e-01;1.00000e+00;Pipeline { filter(avg_Y < 765000000.0000) | filter(avg_X < 219000000.0000) };9.26629e-01;8.85427e-01;Pipeline { filter(avg_X > 6.9600) | filter(avg_X > 790.0000) };9.26629e-01;8.85427e-01;Pipeline { filter(avg_X > 0.0680) | filter(avg_X < 7190000.0000) }
datasets/geolife_60mins.csv;nsga2;5;19;1900;1900;6.30140e+01;100;100;100;1.00000e+00;1.00000e+00;7.00000e-02;9.74829e-01;7.99153e-01;Pipeline { filter(avg_X > 0.0059) | filter(avg_Y > 0.0000) | map_duplicate(probability=0.10) };9.18608e-01;1.00000e+00;Pipeline { filter(avg_Y < 765000000.0000) | filter(avg_X < 219000000.0000) };9.26629e-01;8.85427e-01;Pipeline { filter(avg_X > 0.0008) | filter(avg_Y < 462000000.0000) };9.26629e-01;8.85427e-01;Pipeline { filter(avg_X > 0.0010) | filter(avg_X < 249000000.0000) }
datasets/geolife_60mins.csv;nsga2;5;20;2000;2000;6.58920e+01;100;100;100;1.00000e+00;9.90000e-01;7.00000e-02;9.74829e-01;7.99153e-01;Pipeline { filter(avg_X > 0.0059) | filter(avg_Y > 0.0000) | map_duplicate(probability=0.10) };9.18608e-01;1.00000e+00;Pipeline { filter(avg_Y < 765000000.0000) | filter(avg_X < 219000000.0000) };9.26629e-01;8.85427e-01;Pipeline { filter(avg_X > 0.0005) | filter(avg_X > 0.0000) };9.26629e-01;8.85427e-01;Pipeline { filter(avg_X > 0.0005) | filter(avg_X > 0.0000) }
datasets/geolife_60mins.csv;nsga2;5;21;2100;2100;6.88610e+01;100;15;85;1.00000e+00;1.00000e+00;1.00000e-01;9.74829e-01;7.99153e-01;Pipeline { filter(avg_X > 0.0059) | filter(avg_Y > 0.0000) | map_duplicate(probability=0.10) };9.18608e-01;1.00000e+00;Pipeline { filter(avg_Y < 6780000.0000) | filter(avg_X < 87700000.0000) };9.26629e-01;8.85427e-01;Pipeline { filter(avg_X > 0.0042) | filter(avg_X < 5690000000.0000) };9.26629e-01;8.85427e-01;Pipeline { filter(avg_X > 0.0001) | filter(avg_X > 93.0000) }
datasets/geolife_60mins.csv;nsga2;5;22;2200;2200;7.18140e+01;100;21;79;1.00000e+00;1.00000e+00;1.20000e-01;9.74829e-01;7.99153e-01;Pipeline { filter(avg_X > 0.0059) | filter(avg_Y > 0.0000) | map_duplicate(probability=0.10) };9.18608e-01;1.00000e+00;Pipeline { filter(avg_Y < 6710000.0000) | filter(avg_X < 87700000.0000) };9.26629e-01;8.85427e-01;Pipeline { filter(avg_X > 0.0800) | filter(avg_X > 0.0000) };9.26629e-01;8.85427e-01;Pipeline { filter(avg_Y < 6780000.0000) | filter(avg_X > 0.0000) }
datasets/geolife_60mins.csv;nsga2;5;23;2300;2300;7.45660e+01;100;36;64;1.00000e+00;1.00000e+00;1.60000e-01;9.76525e-01;7.99568e-01;Pipeline { filter(avg_X > 5890.0000) | filter(avg_Y > 0.0000) | map_duplicate(probability=0.10) };9.18608e-01;1.00000e+00;Pipeline { filter(avg_Y < 765000000.0000) | filter(avg_X < 2190000000.0000) };9.26629e-01;8.85427e-01;Pipeline { filter(avg_X > 0.0001) | filter(avg_X > 0.0002) };9.19787e-01;9.84680e-01;Pipeline { filter(avg_Y < 2050000.0000) | filter(avg_Y < 48000000.0000) }
datasets/geolife_60mins.csv;nsga2;5;24;2400;2400;7.75870e+01;100;60;40;1.00000e+00;1.00000e+00;2.10000e-01;9.76641e-01;7.99532e-01;Pipeline { filter(avg_X > 5890.0000) | filter(avg_Y > 0.0790) | map_duplicate(probability=0.10) };9.18608e-01;1.00000e+00;Pipeline { filter(avg_Y < 6780000.0000) | filter(avg_X < 87500000.0000) };9.26629e-01;8.85427e-01;Pipeline { filter(avg_X > 0.0602) | filter(avg_X > 0.0000) };9.18608e-01;1.00000e+00;Pipeline { filter(avg_Y < 2950000.0000) | filter(avg_Y < 748000000.0000) }
datasets/geolife_60mins.csv;nsga2;5;25;2500;2500;8.04640e+01;100;94;6;1.00000e+00;1.00000e+00;1.90000e-01;9.76641e-01;7.99532e-01;Pipeline { filter(avg_X > 5890.0000) | filter(avg_Y > 0.0790) | map_duplicate(probability=0.10) };9.18608e-01;1.00000e+00;Pipeline { filter(avg_X < 6780000.0000) | filter(avg_X < 87700000.0000) };9.18608e-01;1.00000e+00;Pipeline { filter(avg_Y < 795000000.0000) | filter(avg_X < 219000000.0000) };9.18608e-01;1.00000e+00;Pipeline { filter(avg_Y < 26100000.0000) | filter(avg_X < 754000000.0000) }
datasets/geolife_60mins.csv;nsga2;5;26;2600;2600;8.33840e+01;100;100;100;1.00000e+00;1.00000e+00;1.50000e-01;9.76641e-01;7.99532e-01;Pipeline { filter(avg_X > 5890.0000) | filter(avg_Y > 0.0790) | map_duplicate(probability=0.10) };9.18608e-01;1.00000e+00;Pipeline { filter(avg_Y < 785000000.0000) | filter(avg_X < 209000000.0000) };9.18608e-01;1.00000e+00;Pipeline { filter(avg_Y < 754000000.0000) | filter(avg_X < 7600000000.0000) };9.18608e-01;1.00000e+00;Pipeline { filter(avg_Y < 866000000.0000) | filter(avg_X < 209000000.0000) }
datasets/geolife_60mins.csv;nsga2;5;27;2700;2700;8.63710e+01;100;100;100;1.00000e+00;1.00000e+00;1.70000e-01;9.76641e-01;7.99532e-01;Pipeline { filter(avg_X > 5890.0000) | filter(avg_Y > 0.0790) | map_duplicate(probability=0.10) };9.18608e-01;1.00000e+00;Pipeline { filter(avg_Y < 6780000.0000) | filter(avg_X < 87500000.0000) };9.18608e-01;1.00000e+00;Pipeline { filter(avg_X < 673000000.0000) | filter(avg_X < 87700000.0000) };9.18608e-01;1.00000e+00;Pipeline { filter(avg_X < 5610000000.0000) | filter(avg_X < 209000000.0000) }
datasets/geolife_60mins.csv;nsga2;5;28;2800;2800;8.98070e+01;100;100;100;1.00000e+00;1.00000e+00;1.90000e-01;9.76641e-01;7.99532e-01;Pipeline { filter(avg_X > 5890.0000) | filter(avg_Y > 0.0790) | map_duplicate(probability=0.10) };9.18608e-01;1.00000e+00;Pipeline { filter(avg_Y < 461000000.0000) | filter(avg_X < 36300000.0000) };9.18608e-01;1.00000e+00;Pipeline { filter(avg_Y < 6780000.0000) | filter(avg_Y < 37500000.0000) };9.18608e-01;1.00000e+00;Pipeline { filter(avg_X < 295000000.0000) | filter(avg_X < 902000000.0000) }
datasets/geolife_60mins.csv;nsga2;5;29;2900;2900;9.24510e+01;100;100;100;1.00000e+00;1.00000e+00;2.10000e-01;9.76641e-01;7.99532e-01;Pipeline { filter(avg_X > 5890.0000) | filter(avg_Y > 0.0790) | map_duplicate(probability=0.10) };9.18608e-01;1.00000e+00;Pipeline { filter(avg_Y < 661000000.0000) | filter(avg_X < 87200000.0000) };9.18608e-01;1.00000e+00;Pipeline { filter(avg_Y < 26100000.0000) | filter(avg_Y < 954000000.0000) };9.18608e-01;1.00000e+00;Pipeline { filter(avg_Y < 2050000000.0000) | filter(avg_X < 519000000.0000) }
datasets/geolife_60mins.csv;nsga2;5;30;3000;3000;9.52360e+01;100;100;100;1.00000e+00;1.00000e+00;2.00000e-01;9.76641e-01;7.99532e-01;Pipeline { filter(avg_X > 5890.0000) | filter(avg_Y > 0.0790) | map_duplicate(probability=0.10) };9.18608e-01;1.00000e+00;Pipeline { filter(avg_Y < 26100000.0000) | filter(avg_Y < 754000000.0000) };9.18608e-01;1.00000e+00;Pipeline { filter(avg_Y < 664000000.0000) | filter(avg_Y < 2190000000.0000) };9.18608e-01;1.00000e+00;Pipeline { filter(avg_Y < 793000000.0000) | filter(avg_X < 90300000.0000) }
datasets/geolife_60mins.csv;nsga2;5;31;3100;3100;9.89790e+01;100;100;100;1.00000e+00;1.00000e+00;2.20000e-01;9.76641e-01;7.99532e-01;Pipeline { filter(avg_X > 5890.0000) | filter(avg_Y > 0.0790) | map_duplicate(probability=0.10) };9.18608e-01;1.00000e+00;Pipeline { filter(avg_X < 6780000.0000) | filter(avg_Y < 8550000.0000) };9.18608e-01;1.00000e+00;Pipeline { filter(avg_X < 6780000.0000) | filter(avg_Y < 8550000.0000) };9.18608e-01;1.00000e+00;Pipeline { filter(avg_X < 645000000.0000) | filter(avg_Y < 979000000.0000) }
datasets/geolife_60mins.csv;nsga2;5;32;3200;3200;1.01979e+02;100;100;100;1.00000e+00;1.00000e+00;2.30000e-01;9.76641e-01;7.99532e-01;Pipeline { filter(avg_X > 5890.0000) | filter(avg_Y > 0.0790) | map_duplicate(probability=0.10) };9.18608e-01;1.00000e+00;Pipeline { filter(avg_Y < 24100000.0000) | filter(avg_Y < 734000000.0000) };9.18771e-01;9.99657e-01;Pipeline { filter(avg_X < 3790000.0000) | filter(avg_Y < 47700000.0000) };9.18608e-01;1.00000e+00;Pipeline { filter(avg_X < 663000000.0000) | filter(avg_Y < 2890000000.0000) }
datasets/geolife_60mins.csv;nsga2;5;33;3300;3300;1.04814e+02;100;100;100;1.00000e+00;1.00000e+00;2.40000e-01;9.76641e-01;7.99532e-01;Pipeline { filter(avg_X > 5890.0000) | filter(avg_Y > 0.0790) | map_duplicate(probability=0.10) };9.18608e-01;1.00000e+00;Pipeline { filter(avg_Y < 26100000.0000) | filter(avg_Y < 714000000.0000) };9.19790e-01;9.84704e-01;Pipeline { filter(avg_Y < 2180000.0000) | filter(avg_X < 778000000.0000) };9.18608e-01;1.00000e+00;Pipeline { filter(avg_X < 678000000.0000) | filter(avg_Y < 4550000.0000) }
datasets/geolife_60mins.csv;nsga2;5;34;3400;3400;1.07411e+02;100;100;100;1.00000e+00;1.00000e+00;2.40000e-01;9.76641e-01;7.99532e-01;Pipeline { filter(avg_X > 5890.0000) | filter(avg_Y > 0.0790) | map_duplicate(probability=0.10) };9.18608e-01;1.00000e+00;Pipeline { filter(avg_X < 9780000.0000) | filter(avg_Y < 8550000.0000) };9.18779e-01;9.99137e-01;Pipeline { filter(avg_Y < 6180000.0000) | filter(avg_X < 2700000.0000) };9.18608e-01;1.00000e+00;Pipeline { filter(avg_X < 6740000.0000) | filter(avg_Y < 8550000.0000) }
datasets/geolife_60mins.csv;nsga2;5;35;3500;3500;1.10236e+02;100;100;100;1.00000e+00;1.00000e+00;2.50000e-01;9.76641e-01;7.99532e-01;Pipeline { filter(avg_X > 5890.0000) | filter(avg_Y > 0.0790) | map_duplicate(probability=0.10) };9.18608e-01;1.00000e+00;Pipeline { filter(avg_Y < 828000000.0000) | filter(avg_X < 89000000.0000) };9.18779e-01;9.99137e-01;Pipeline { filter(avg_Y < 6180000.0000) | filter(avg_X < 2700000.0000) };9.18608e-01;1.00000e+00;Pipeline { filter(avg_Y < 26600000.0000) | filter(avg_Y < 715000000.0000) }
datasets/geolife_60mins.csv;nsga2;5;36;3600;3600;1.12892e+02;100;100;100;1.00000e+00;1.00000e+00;2.40000e-01;9.76641e-01;7.99532e-01;Pipeline { filter(avg_X > 5890.0000) | filter(avg_Y > 0.0790) | map_duplicate(probability=0.10) };9.18608e-01;1.00000e+00;Pipeline { filter(avg_Y < 865000000.0000) | filter(avg_X < 36300000.0000) };9.18771e-01;9.99657e-01;Pipeline { filter(avg_X < 3790000.0000) | filter(avg_Y < 47700000.0000) };9.18608e-01;1.00000e+00;Pipeline { filter(avg_Y < 664000000.0000) | filter(avg_Y < 25900000.0000) }
datasets/geolife_60mins.csv;nsga2;5;37;3700;3700;1.15862e+02;100;100;100;1.00000e+00;1.00000e+00;2.50000e-01;9.76641e-01;7.99532e-01;Pipeline { filter(avg_X > 5890.0000) | filter(avg_Y > 0.0790) | map_duplicate(probability=0.10) };9.18608e-01;1.00000e+00;Pipeline { filter(avg_X < 65100000.0000) | filter(avg_X < 26700000.0000) };9.18779e-01;9.99137e-01;Pipeline { filter(avg_X < 2580000.0000) | filter(avg_X < 979000000.0000) };9.18608e-01;1.00000e+00;Pipeline { filter(avg_Y < 8450000.0000) | filter(avg_X < 857000000.0000) }
datasets/geolife_60mins.csv;nsga2;5;38;3800;3800;1.19329e+02;100;100;100;1.00000e+00;1.00000e+00;2.50000e-01;9.76641e-01;7.99532e-01;Pipeline { filter(avg_X > 5890.0000) | filter(avg_Y > 0.0790) | map_duplicate(probability=0.10) };9.18608e-01;1.00000e+00;Pipeline { filter(avg_Y < 3710000.0000) | filter(avg_Y < 76100000.0000) };9.18779e-01;9.99137e-01;Pipeline { filter(avg_X < 2580000.0000) | filter(avg_X < 973000000.0000) };9.18608e-01;1.00000e+00;Pipeline { filter(avg_Y < 437000000.0000) | filter(avg_Y < 683000000.0000) }
datasets/geolife_60mins.csv;nsga2;5;39;3900;3900;1.22122e+02;100;100;100;1.00000e+00;1.00000e+00;2.60000e-01;9.76641e-01;7.99532e-01;Pipeline { filter(avg_X > 5890.0000) | filter(avg_Y > 0.0790) | map_duplicate(probability=0.10) };9.18608e-01;1.00000e+00;Pipeline { filter(avg_X < 6880000000.0000) | filter(avg_Y < 4200000.0000) };9.18914e-01;9.97706e-01;Pipeline { filter(avg_Y < 4070000.0000) | filter(avg_Y < 2600000.0000) };9.18608e-01;1.00000e+00;Pipeline { filter(avg_Y < 865000000.0000) | filter(avg_X < 36400000.0000) }
datasets/geolife_60mins.csv;nsga2;5;40;4000;4000;1.25624e+02;100;100;100;1.00000e+00;1.00000e+00;2.60000e-01;9.76641e-01;7.99532e-01;Pipeline { filter(avg_X > 5890.0000) | filter(avg_Y > 0.0790) | map_duplicate(probability=0.10) };9.18608e-01;1.00000e+00;Pipeline { filter(avg_Y < 273000000.0000) | filter(avg_X < 36500000.0000) };9.18914e-01;9.97706e-01;Pipeline { filter(avg_Y < 4070000.0000) | filter(avg_Y < 2600000.0000) };9.18608e-01;1.00000e+00;Pipeline { filter(avg_X < 437000000.0000) | filter(avg_Y < 683000000.0000) }
datasets/geolife_60mins.csv;nsga2;5;41;4100;4100;1.28284e+02;100;100;100;1.00000e+00;1.00000e+00;2.60000e-01;9.76641e-01;7.99532e-01;Pipeline { filter(avg_X > 5890.0000) | filter(avg_Y > 0.0790) | map_duplicate(probability=0.10) };9.18608e-01;1.00000e+00;Pipeline { filter(avg_Y < 654000000.0000) | filter(avg_Y < 13900000.0000) };9.18914e-01;9.97706e-01;Pipeline { filter(avg_Y < 4070000.0000) | filter(avg_Y < 2600000.0000) };9.18608e-01;1.00000e+00;Pipeline { filter(avg_X < 20300000.0000) | filter(avg_X < 79100000.0000) }
datasets/geolife_60mins.csv;nsga2;5;42;4200;4200;1.31045e+02;100;100;100;1.00000e+00;1.00000e+00;2.60000e-01;9.76641e-01;7.99532e-01;Pipeline { filter(avg_X > 5890.0000) | filter(avg_Y > 0.0790) | map_duplicate(probability=0.10) };9.18608e-01;1.00000e+00;Pipeline { filter(avg_Y < 31500000.0000) | filter(avg_Y < 309000000.0000) };9.19790e-01;9.84704e-01;Pipeline { filter(avg_Y < 2180000.0000) | filter(avg_X < 778000000.0000) };9.18608e-01;1.00000e+00;Pipeline { filter(avg_X < 437000000.0000) | filter(avg_Y < 570000000.0000) }
datasets/geolife_60mins.csv;nsga2;5;43;4300;4300;1.34083e+02;100;100;100;1.00000e+00;1.00000e+00;2.60000e-01;9.76641e-01;7.99532e-01;Pipeline { filter(avg_X > 5890.0000) | filter(avg_Y > 0.0790) | map_duplicate(probability=0.10) };9.18608e-01;1.00000e+00;Pipeline { filter(avg_Y < 501000000.0000) | filter(avg_X < 18200000.0000) };9.19829e-01;9.84340e-01;Pipeline { filter(avg_Y < 1710000.0000) | filter(avg_X < 9260000.0000) };9.18608e-01;1.00000e+00;Pipeline { filter(avg_X < 6880000000.0000) | filter(avg_Y < 4800000.0000) }
datasets/geolife_60mins.csv;nsga2;5;44;4400;4400;1.36633e+02;100;100;100;1.00000e+00;1.00000e+00;2.70000e-01;9.76641e-01;7.99532e-01;Pipeline { filter(avg_X > 5890.0000) | filter(avg_Y > 0.0790) | map_duplicate(probability=0.10) };9.18608e-01;1.00000e+00;Pipeline { filter(avg_Y < 6850000.0000) | filter(avg_Y < 8110000.0000) };9.20362e-01;9.82479e-01;Pipeline { filter(avg_Y < 26100000.0000) | filter(avg_Y < 1320000.0000) };9.18608e-01;1.00000e+00;Pipeline { filter(avg_X < 487000000.0000) | filter(avg_Y < 570000000.0000) }
datasets/geolife_60mins.csv;nsga2;5;45;4500;4500;1.39607e+02;100;100;100;1.00000e+00;1.00000e+00;2.90000e-01;9.76641e-01;7.99532e-01;Pipeline { filter(avg_X > 5890.0000) | filter(avg_Y > 0.0790) | map_duplicate(probability=0.10) };9.18608e-01;1.00000e+00;Pipeline { filter(avg_Y < 5380000.0000) | filter(avg_Y < 13700000.0000) };9.20624e-01;9.82424e-01;Pipeline { filter(avg_Y < 1310000.0000) | filter(avg_X < 754000000.0000) };9.18608e-01;1.00000e+00;Pipeline { filter(avg_Y < 55700000.0000) | filter(avg_X < 3060000000.0000) }
datasets/geolife_60mins.csv;nsga2;5;46;4600;4600;1.42437e+02;100;100;100;1.00000e+00;1.00000e+00;3.10000e-01;9.76641e-01;7.99532e-01;Pipeline { filter(avg_X > 5890.0000) | filter(avg_Y > 0.0790) | map_duplicate(probability=0.10) };9.18608e-01;1.00000e+00;Pipeline { filter(avg_X < 439000000.0000) | filter(avg_X < 301000000.0000) };9.25549e-01;9.74779e-01;Pipeline { filter(avg_Y < 34100000.0000) | filter(avg_Y < 1000000.0000) };9.18608e-01;1.00000e+00;Pipeline { filter(avg_Y < 252000000.0000) | filter(avg_Y < 12900000.0000) }
datasets/geolife_60mins.csv;nsga2;5;47;4700;4700;1.45446e+02;100;100;100;1.00000e+00;1.00000e+00;3.10000e-01;9.76641e-01;7.99532e-01;Pipeline { filter(avg_X > 5890.0000) | filter(avg_Y > 0.0790) | map_duplicate(probability=0.10) };9.18608e-01;1.00000e+00;Pipeline { filter(avg_X < 169000000.0000) | filter(avg_Y < 561000000.0000) };9.25549e-01;9.74779e-01;Pipeline { filter(avg_Y < 32100000.0000) | filter(avg_Y < 1000000.0000) };9.18608e-01;1.00000e+00;Pipeline { filter(avg_Y < 9300000.0000) | filter(avg_Y < 13700000.0000) }
datasets/geolife_60mins.csv;nsga2;5;48;4800;4800;1.48966e+02;100;100;100;1.00000e+00;1.00000e+00;3.30000e-01;9.76641e-01;7.99532e-01;Pipeline { filter(avg_X > 5890.0000) | filter(avg_Y > 0.0790) | map_duplicate(probability=0.10) };9.18608e-01;1.00000e+00;Pipeline { filter(avg_Y < 2440000000.0000) | filter(avg_X < 8110000000.0000) };9.27852e-01;9.46503e-01;Pipeline { filter(avg_Y < 676000.0000) | filter(avg_X < 6860000000.0000) };9.18608e-01;1.00000e+00;Pipeline { filter(avg_X < 335000000.0000) | filter(avg_X < 301000000.0000) }
datasets/geolife_60mins.csv;nsga2;5;49;4900;4900;1.52992e+02;100;100;100;1.00000e+00;1.00000e+00;3.40000e-01;9.76641e-01;7.99532e-01;Pipeline { filter(avg_X > 5890.0000) | filter(avg_Y > 0.0790) | map_duplicate(probability=0.10) };9.18608e-01;1.00000e+00;Pipeline { filter(avg_Y < 406000000.0000) | filter(avg_X < 356000000.0000) };9.27852e-01;9.46503e-01;Pipeline { filter(avg_Y < 675000.0000) | filter(avg_X < 6880000000.0000) };9.18608e-01;1.00000e+00;Pipeline { filter(avg_X < 499000000.0000) | filter(avg_X < 307000000.0000) }
datasets/geolife_60mins.csv;nsga2;5;50;5000;5000;1.55467e+02;100;100;100;1.00000e+00;1.00000e+00;3.40000e-01;9.76641e-01;7.99532e-01;Pipeline { filter(avg_X > 5890.0000) | filter(avg_Y > 0.0790) | map_duplicate(probability=0.10) };9.18608e-01;1.00000e+00;Pipeline { filter(avg_X < 49500000.0000) | filter(avg_X < 995000000.0000) };9.28988e-01;9.45899e-01;Pipeline { filter(avg_Y < 675000.0000) | filter(avg_X < 1660000.0000) };9.18608e-01;1.00000e+00;Pipeline { filter(avg_X < 435000000.0000) | filter(avg_X < 3710000000.0000) }
