problem.name;solver.name;randomGenerator.seed;n.iterations;n.evals;n.births;elapsed.secs;all→size;firsts→size;lasts→size;all→each[genotype]→uniqueness;all→each[solution]→uniqueness;all→each[quality]→uniqueness;"all→percentile[quality→privacy;100]→quality→privacy";"all→percentile[quality→privacy;100]→quality→results-similarity";"all→percentile[quality→privacy;100]→quality→performance-similarity";"all→percentile[quality→privacy;100]→solution";"all→percentile[quality→results-similarity;100]→quality→privacy";"all→percentile[quality→results-similarity;100]→quality→results-similarity";"all→percentile[quality→results-similarity;100]→quality→performance-similarity";"all→percentile[quality→results-similarity;100]→solution";"all→percentile[quality→performance-similarity;100]→quality→privacy";"all→percentile[quality→performance-similarity;100]→quality→results-similarity";"all→percentile[quality→performance-similarity;100]→quality→performance-similarity";"all→percentile[quality→performance-similarity;100]→solution";"all→percentile[quality→privacy;75]→quality→privacy";"all→percentile[quality→privacy;75]→quality→results-similarity";"all→percentile[quality→privacy;75]→quality→performance-similarity";"all→percentile[quality→privacy;75]→solution";"all→percentile[quality→results-similarity;75]→quality→privacy";"all→percentile[quality→results-similarity;75]→quality→results-similarity";"all→percentile[quality→results-similarity;75]→quality→performance-similarity";"all→percentile[quality→results-similarity;75]→solution";"all→percentile[quality→performance-similarity;75]→quality→privacy";"all→percentile[quality→performance-similarity;75]→quality→results-similarity";"all→percentile[quality→performance-similarity;75]→quality→performance-similarity";"all→percentile[quality→performance-similarity;75]→solution"
datasets/airQuality_parallel.csv;nsga2;1;1;100;100;1.06340e+01;100;6;55;9.40000e-01;9.40000e-01;3.70000e-01;7.46083e-01;9.85866e-01;9.58051e-01;Pipeline { map_noise(attribute=CO(GT), percentage=0.01) };5.75026e-01;1.00000e+00;9.08835e-01;Pipeline { filter(CO(GT) > 0.0000) | filter(NO2(GT) > 0.0005) | map_noise(attribute=T, percentage=0.05) };7.41322e-01;1.00000e+00;1.00000e+00;Pipeline { map_noise(attribute=PT08.S3(NOx), percentage=0.25) | map_noise(attribute=C6H6(GT), percentage=0.05) | map_noise(attribute=PT08.S4(NO2), percentage=0.25) | map_noise(attribute=PT08.S4(NO2), percentage=0.10) | map_noise(attribute=RH, percentage=0.25) };4.21221e-01;9.22222e-01;7.31313e-01;Pipeline { map_duplicate(probability=0.90) | filter(RH > 0.0073) | map_noise(attribute=NO2(GT), percentage=0.01) | map_noise(attribute=AH, percentage=0.05) };4.35797e-01;9.34744e-01;7.77653e-01;Pipeline { map_duplicate(probability=0.70) | map_noise(attribute=CO(GT), percentage=0.01) | map_noise(attribute=PT08.S2(NMHC), percentage=0.01) };4.21221e-01;9.22222e-01;7.31313e-01;Pipeline { map_duplicate(probability=0.90) | filter(RH > 0.0073) | map_noise(attribute=NO2(GT), percentage=0.01) | map_noise(attribute=AH, percentage=0.05) }
datasets/airQuality_parallel.csv;nsga2;1;2;200;200;1.88560e+01;100;22;1;9.40000e-01;9.40000e-01;7.20000e-01;8.35593e-01;4.04040e-02;6.35559e-01;Pipeline { filter(NOx(GT) < 322.0000) | map_duplicate(probability=0.60) | map_noise(attribute=NO2(GT), percentage=0.25) };5.75026e-01;1.00000e+00;9.08835e-01;Pipeline { filter(CO(GT) > 0.0000) | filter(NO2(GT) > 0.0005) | map_noise(attribute=T, percentage=0.05) };7.33048e-01;1.00000e+00;1.00000e+00;Pipeline { map_noise(attribute=NOx(GT), percentage=0.10) };7.39254e-01;9.36567e-01;9.49204e-01;Pipeline { filter(PT08.S3(NOx) > 0.9000) };6.06478e-01;9.98249e-01;9.22746e-01;Pipeline { filter(NO2(GT) < 7370000.0000) | map_noise(attribute=NO2(GT), percentage=0.05) };6.70457e-01;9.63351e-01;9.57422e-01;Pipeline { map_noise(attribute=PT08.S3(NOx), percentage=0.25) | map_noise(attribute=C6H6(GT), percentage=0.05) | map_duplicate(probability=0.10) | map_noise(attribute=PT08.S4(NO2), percentage=0.10) | map_noise(attribute=RH, percentage=0.25) }
datasets/airQuality_parallel.csv;nsga2;1;3;300;300;2.48330e+01;100;4;3;1.00000e+00;1.00000e+00;4.40000e-01;8.38604e-01;7.33333e-02;6.41821e-01;Pipeline { filter(NOx(GT) < 322.0000) | map_duplicate(probability=0.60) | map_noise(attribute=AH, percentage=0.25) };5.75026e-01;1.00000e+00;9.08835e-01;Pipeline { filter(CO(GT) > 0.0000) | filter(NO2(GT) > 0.0005) | map_noise(attribute=T, percentage=0.01) };7.08076e-01;1.00000e+00;1.00000e+00;Pipeline { map_noise(attribute=NOx(GT), percentage=0.25) | map_noise(attribute=C6H6(GT), percentage=0.05) | map_noise(attribute=PT08.S4(NO2), percentage=0.25) | map_noise(attribute=NMHC(GT), percentage=0.10) | map_noise(attribute=RH, percentage=0.25) };7.41322e-01;1.00000e+00;1.00000e+00;Pipeline { map_noise(attribute=C6H6(GT), percentage=0.01) };7.41322e-01;1.00000e+00;1.00000e+00;Pipeline { map_noise(attribute=AH, percentage=0.10) };7.41322e-01;1.00000e+00;1.00000e+00;Pipeline { map_noise(attribute=AH, percentage=0.25) | map_noise(attribute=C6H6(GT), percentage=0.05) | map_noise(attribute=PT08.S4(NO2), percentage=0.25) | map_noise(attribute=PT08.S4(NO2), percentage=0.10) | map_noise(attribute=NMHC(GT), percentage=0.25) }
datasets/airQuality_parallel.csv;nsga2;1;4;400;400;2.89120e+01;100;7;1;1.00000e+00;1.00000e+00;3.70000e-01;8.38604e-01;7.33333e-02;6.41821e-01;Pipeline { filter(NOx(GT) < 322.0000) | map_duplicate(probability=0.60) | map_noise(attribute=AH, percentage=0.25) };7.35542e-01;1.00000e+00;1.00000e+00;Pipeline { map_noise(attribute=PT08.S2(NMHC), percentage=0.25) };7.35542e-01;1.00000e+00;1.00000e+00;Pipeline { map_noise(attribute=PT08.S2(NMHC), percentage=0.25) };7.43504e-01;5.51084e-01;5.81986e-01;Pipeline { map_noise(attribute=CO(GT), percentage=0.25) };7.41322e-01;1.00000e+00;1.00000e+00;Pipeline { map_noise(attribute=PT08.S3(NOx), percentage=0.25) | map_noise(attribute=C6H6(GT), percentage=0.01) | map_noise(attribute=PT08.S4(NO2), percentage=0.25) | map_noise(attribute=PT08.S4(NO2), percentage=0.10) | map_noise(attribute=RH, percentage=0.25) };7.41322e-01;1.00000e+00;1.00000e+00;Pipeline { map_noise(attribute=PT08.S3(NOx), percentage=0.25) | map_noise(attribute=C6H6(GT), percentage=0.01) | map_noise(attribute=PT08.S4(NO2), percentage=0.25) | map_noise(attribute=PT08.S4(NO2), percentage=0.10) | map_noise(attribute=RH, percentage=0.25) }
datasets/airQuality_parallel.csv;nsga2;1;5;500;500;3.39980e+01;100;9;56;1.00000e+00;1.00000e+00;4.80000e-01;8.52558e-01;7.26073e-02;6.45051e-01;Pipeline { filter(NOx(GT) < 322.0000) | map_duplicate(probability=0.60) | map_noise(attribute=PT08.S3(NOx), percentage=0.25) };7.41322e-01;1.00000e+00;1.00000e+00;Pipeline { map_noise(attribute=PT08.S3(NOx), percentage=0.25) | map_noise(attribute=C6H6(GT), percentage=0.05) | map_noise(attribute=PT08.S4(NO2), percentage=0.25) | map_noise(attribute=NMHC(GT), percentage=0.10) | map_noise(attribute=AH, percentage=0.25) };7.41322e-01;1.00000e+00;1.00000e+00;Pipeline { map_noise(attribute=PT08.S3(NOx), percentage=0.25) | map_noise(attribute=C6H6(GT), percentage=0.05) | map_noise(attribute=PT08.S4(NO2), percentage=0.25) | map_noise(attribute=NMHC(GT), percentage=0.10) | map_noise(attribute=AH, percentage=0.25) };7.48982e-01;9.36567e-01;9.49204e-01;Pipeline { map_noise(attribute=PT08.S5(O3), percentage=0.10) | filter(AH > 0.0177) };7.41322e-01;1.00000e+00;1.00000e+00;Pipeline { map_noise(attribute=PT08.S3(NOx), percentage=0.25) | map_noise(attribute=C6H6(GT), percentage=0.05) | map_noise(attribute=PT08.S4(NO2), percentage=0.25) | map_noise(attribute=PT08.S4(NO2), percentage=0.10) | map_noise(attribute=T, percentage=0.10) };7.41322e-01;1.00000e+00;1.00000e+00;Pipeline { map_noise(attribute=PT08.S3(NOx), percentage=0.25) | map_noise(attribute=C6H6(GT), percentage=0.05) | map_noise(attribute=PT08.S4(NO2), percentage=0.25) | map_noise(attribute=PT08.S4(NO2), percentage=0.10) | map_noise(attribute=T, percentage=0.10) }
datasets/airQuality_parallel.csv;nsga2;1;6;600;600;3.92230e+01;100;7;34;1.00000e+00;1.00000e+00;6.80000e-01;8.62439e-01;8.66667e-02;6.41546e-01;Pipeline { filter(NOx(GT) < 329.0000) | map_duplicate(probability=0.60) | map_noise(attribute=AH, percentage=0.05) };7.41322e-01;1.00000e+00;1.00000e+00;Pipeline { map_noise(attribute=PT08.S3(NOx), percentage=0.25) | map_noise(attribute=C6H6(GT), percentage=0.05) | map_noise(attribute=PT08.S4(NO2), percentage=0.05) | map_noise(attribute=PT08.S4(NO2), percentage=0.05) | map_noise(attribute=NMHC(GT), percentage=0.25) };7.41322e-01;1.00000e+00;1.00000e+00;Pipeline { map_noise(attribute=PT08.S3(NOx), percentage=0.25) | map_noise(attribute=C6H6(GT), percentage=0.05) | map_noise(attribute=PT08.S4(NO2), percentage=0.05) | map_noise(attribute=PT08.S4(NO2), percentage=0.05) | map_noise(attribute=NMHC(GT), percentage=0.25) };7.55008e-01;9.36567e-01;9.49204e-01;Pipeline { map_noise(attribute=PT08.S3(NOx), percentage=0.25) | map_noise(attribute=C6H6(GT), percentage=0.05) | map_noise(attribute=PT08.S4(NO2), percentage=0.25) | filter(PT08.S2(NMHC) > 0.0000) | map_noise(attribute=NMHC(GT), percentage=0.01) };7.41322e-01;1.00000e+00;1.00000e+00;Pipeline { map_noise(attribute=PT08.S4(NO2), percentage=0.05) };7.41322e-01;1.00000e+00;1.00000e+00;Pipeline { map_noise(attribute=PT08.S4(NO2), percentage=0.05) }
datasets/airQuality_parallel.csv;nsga2;1;7;700;700;4.36910e+01;100;6;4;1.00000e+00;1.00000e+00;9.90000e-01;8.62439e-01;8.66667e-02;6.41546e-01;Pipeline { filter(NOx(GT) < 329.0000) | map_duplicate(probability=0.60) | map_noise(attribute=AH, percentage=0.05) };7.41322e-01;1.00000e+00;1.00000e+00;Pipeline { map_noise(attribute=PT08.S3(NOx), percentage=0.25) | map_noise(attribute=C6H6(GT), percentage=0.05) | map_noise(attribute=PT08.S4(NO2), percentage=0.05) | map_noise(attribute=PT08.S4(NO2), percentage=0.05) | map_noise(attribute=NMHC(GT), percentage=0.25) };7.41322e-01;1.00000e+00;1.00000e+00;Pipeline { map_noise(attribute=PT08.S3(NOx), percentage=0.25) | map_noise(attribute=C6H6(GT), percentage=0.05) | map_noise(attribute=PT08.S4(NO2), percentage=0.05) | map_noise(attribute=PT08.S4(NO2), percentage=0.05) | map_noise(attribute=NMHC(GT), percentage=0.25) };7.63391e-01;9.36567e-01;9.49204e-01;Pipeline { map_noise(attribute=RH, percentage=0.10) | map_noise(attribute=C6H6(GT), percentage=0.05) | map_noise(attribute=PT08.S4(NO2), percentage=0.25) | filter(AH < 527000000.0000) };7.50558e-01;1.00000e+00;1.00000e+00;Pipeline { map_noise(attribute=NOx(GT), percentage=0.10) | map_noise(attribute=NMHC(GT), percentage=0.05) | map_noise(attribute=C6H6(GT), percentage=0.25) | map_noise(attribute=PT08.S5(O3), percentage=0.01) | map_noise(attribute=RH, percentage=0.25) };7.50558e-01;1.00000e+00;1.00000e+00;Pipeline { map_noise(attribute=NOx(GT), percentage=0.10) | map_noise(attribute=NMHC(GT), percentage=0.05) | map_noise(attribute=C6H6(GT), percentage=0.25) | map_noise(attribute=PT08.S5(O3), percentage=0.01) | map_noise(attribute=RH, percentage=0.25) }
datasets/airQuality_parallel.csv;nsga2;1;8;800;800;4.83480e+01;100;8;2;1.00000e+00;1.00000e+00;1.00000e+00;8.62439e-01;8.66667e-02;6.41546e-01;Pipeline { filter(NOx(GT) < 329.0000) | map_duplicate(probability=0.60) | map_noise(attribute=AH, percentage=0.05) };7.45348e-01;1.00000e+00;1.00000e+00;Pipeline { map_noise(attribute=NOx(GT), percentage=0.01) | map_noise(attribute=C6H6(GT), percentage=0.05) | map_noise(attribute=PT08.S2(NMHC), percentage=0.25) | map_noise(attribute=PT08.S4(NO2), percentage=0.10) | map_noise(attribute=NMHC(GT), percentage=0.10) };7.45348e-01;1.00000e+00;1.00000e+00;Pipeline { map_noise(attribute=NOx(GT), percentage=0.01) | map_noise(attribute=C6H6(GT), percentage=0.05) | map_noise(attribute=PT08.S2(NMHC), percentage=0.25) | map_noise(attribute=PT08.S4(NO2), percentage=0.10) | map_noise(attribute=NMHC(GT), percentage=0.10) };8.01158e-01;1.73913e-01;6.78711e-01;Pipeline { filter(NOx(GT) < 392.0000) | map_duplicate(probability=0.50) | map_noise(attribute=PT08.S1(CO), percentage=0.25) };7.52982e-01;1.00000e+00;1.00000e+00;Pipeline { map_noise(attribute=AH, percentage=0.10) | map_noise(attribute=NOx(GT), percentage=0.25) };7.52982e-01;1.00000e+00;1.00000e+00;Pipeline { map_noise(attribute=AH, percentage=0.10) | map_noise(attribute=NOx(GT), percentage=0.25) }
datasets/airQuality_parallel.csv;nsga2;1;9;900;900;5.25880e+01;100;10;1;1.00000e+00;1.00000e+00;1.00000e+00;8.62439e-01;8.66667e-02;6.41546e-01;Pipeline { filter(NOx(GT) < 329.0000) | map_duplicate(probability=0.60) | map_noise(attribute=AH, percentage=0.05) };7.48014e-01;1.00000e+00;1.00000e+00;Pipeline { map_noise(attribute=NOx(GT), percentage=0.05) | map_noise(attribute=AH, percentage=0.01) | map_noise(attribute=NOx(GT), percentage=0.01) | map_noise(attribute=PT08.S4(NO2), percentage=0.10) | map_noise(attribute=RH, percentage=0.25) };7.48014e-01;1.00000e+00;1.00000e+00;Pipeline { map_noise(attribute=NOx(GT), percentage=0.05) | map_noise(attribute=AH, percentage=0.01) | map_noise(attribute=NOx(GT), percentage=0.01) | map_noise(attribute=PT08.S4(NO2), percentage=0.10) | map_noise(attribute=RH, percentage=0.25) };8.48050e-01;1.87500e-01;6.78867e-01;Pipeline { filter(NOx(GT) < 392.0000) | map_duplicate(probability=0.50) | map_noise(attribute=T, percentage=0.05) };7.60146e-01;9.36567e-01;9.49204e-01;Pipeline { map_noise(attribute=AH, percentage=0.10) | map_noise(attribute=NOx(GT), percentage=0.01) | map_noise(attribute=PT08.S4(NO2), percentage=0.25) | filter(PT08.S2(NMHC) > 0.0000) | map_noise(attribute=NMHC(GT), percentage=0.01) };7.59199e-01;9.36567e-01;9.49204e-01;Pipeline { map_noise(attribute=PT08.S3(NOx), percentage=0.25) | map_noise(attribute=C6H6(GT), percentage=0.05) | map_noise(attribute=PT08.S4(NO2), percentage=0.10) | filter(PT08.S2(NMHC) > 0.0000) | map_noise(attribute=NMHC(GT), percentage=0.01) }
datasets/airQuality_parallel.csv;nsga2;1;10;1000;1000;5.70910e+01;100;11;3;1.00000e+00;1.00000e+00;1.00000e+00;8.62439e-01;8.66667e-02;6.41546e-01;Pipeline { filter(NOx(GT) < 329.0000) | map_duplicate(probability=0.60) | map_noise(attribute=AH, percentage=0.05) };7.50558e-01;1.00000e+00;1.00000e+00;Pipeline { map_noise(attribute=NOx(GT), percentage=0.10) | map_noise(attribute=NMHC(GT), percentage=0.05) | map_noise(attribute=C6H6(GT), percentage=0.25) | map_noise(attribute=PT08.S5(O3), percentage=0.01) | map_noise(attribute=RH, percentage=0.25) };7.50558e-01;1.00000e+00;1.00000e+00;Pipeline { map_noise(attribute=NOx(GT), percentage=0.10) | map_noise(attribute=NMHC(GT), percentage=0.05) | map_noise(attribute=C6H6(GT), percentage=0.25) | map_noise(attribute=PT08.S5(O3), percentage=0.01) | map_noise(attribute=RH, percentage=0.25) };8.52281e-01;7.35786e-02;6.40432e-01;Pipeline { filter(NOx(GT) < 322.0000) | map_duplicate(probability=0.60) | map_noise(attribute=NOx(GT), percentage=0.10) };8.24856e-01;1.96923e-01;6.86211e-01;Pipeline { filter(NOx(GT) < 397.0000) | map_duplicate(probability=0.50) | map_noise(attribute=PT08.S5(O3), percentage=0.25) };7.79963e-01;1.79567e-01;6.84674e-01;Pipeline { filter(NOx(GT) < 397.0000) | map_duplicate(probability=0.60) | map_noise(attribute=RH, percentage=0.25) }
datasets/airQuality_parallel.csv;nsga2;1;11;1100;1100;6.39400e+01;100;8;15;1.00000e+00;1.00000e+00;1.00000e+00;8.62439e-01;8.66667e-02;6.41546e-01;Pipeline { filter(NOx(GT) < 329.0000) | map_duplicate(probability=0.60) | map_noise(attribute=AH, percentage=0.05) };7.51484e-01;1.00000e+00;1.00000e+00;Pipeline { map_noise(attribute=NOx(GT), percentage=0.25) | map_noise(attribute=C6H6(GT), percentage=0.01) | map_noise(attribute=PT08.S2(NMHC), percentage=0.25) | map_noise(attribute=PT08.S3(NOx), percentage=0.25) | map_noise(attribute=RH, percentage=0.25) };7.51484e-01;1.00000e+00;1.00000e+00;Pipeline { map_noise(attribute=NOx(GT), percentage=0.25) | map_noise(attribute=C6H6(GT), percentage=0.01) | map_noise(attribute=PT08.S2(NMHC), percentage=0.25) | map_noise(attribute=PT08.S3(NOx), percentage=0.25) | map_noise(attribute=RH, percentage=0.25) };8.52805e-01;7.33333e-02;6.41350e-01;Pipeline { filter(NOx(GT) < 322.0000) | map_duplicate(probability=0.60) | map_noise(attribute=C6H6(GT), percentage=0.25) };7.66603e-01;1.96319e-01;6.81307e-01;Pipeline { filter(NOx(GT) < 397.0000) | map_duplicate(probability=0.50) | map_duplicate(probability=0.10) };7.94253e-01;1.94529e-01;6.84080e-01;Pipeline { filter(NOx(GT) < 392.0000) | map_duplicate(probability=0.60) | map_noise(attribute=PT08.S5(O3), percentage=0.05) }
datasets/airQuality_parallel.csv;nsga2;1;12;1200;1200;7.04320e+01;100;9;7;1.00000e+00;1.00000e+00;1.00000e+00;8.64104e-01;1.11475e-01;6.44401e-01;Pipeline { filter(NOx(GT) < 339.0000) | map_duplicate(probability=0.60) | map_noise(attribute=AH, percentage=0.05) };7.51484e-01;1.00000e+00;1.00000e+00;Pipeline { map_noise(attribute=NOx(GT), percentage=0.25) | map_noise(attribute=C6H6(GT), percentage=0.01) | map_noise(attribute=PT08.S2(NMHC), percentage=0.25) | map_noise(attribute=PT08.S3(NOx), percentage=0.25) | map_noise(attribute=RH, percentage=0.25) };7.51484e-01;1.00000e+00;1.00000e+00;Pipeline { map_noise(attribute=NOx(GT), percentage=0.25) | map_noise(attribute=C6H6(GT), percentage=0.01) | map_noise(attribute=PT08.S2(NMHC), percentage=0.25) | map_noise(attribute=PT08.S3(NOx), percentage=0.25) | map_noise(attribute=RH, percentage=0.25) };8.54465e-01;6.04027e-02;6.39501e-01;Pipeline { filter(NOx(GT) < 323.0000) | map_duplicate(probability=0.60) | map_noise(attribute=NMHC(GT), percentage=0.01) };8.11207e-01;2.00000e-01;6.78999e-01;Pipeline { filter(NOx(GT) < 392.0000) | map_duplicate(probability=0.40) | map_noise(attribute=PT08.S5(O3), percentage=0.25) };8.39873e-01;1.96319e-01;6.84264e-01;Pipeline { filter(NOx(GT) < 397.0000) | map_duplicate(probability=0.50) | map_noise(attribute=NOx(GT), percentage=0.05) }
datasets/airQuality_parallel.csv;nsga2;1;13;1300;1300;7.37770e+01;100;12;8;1.00000e+00;1.00000e+00;1.00000e+00;8.64104e-01;1.11475e-01;6.44401e-01;Pipeline { filter(NOx(GT) < 339.0000) | map_duplicate(probability=0.60) | map_noise(attribute=AH, percentage=0.05) };7.51705e-01;1.00000e+00;1.00000e+00;Pipeline { map_noise(attribute=RH, percentage=0.10) | map_noise(attribute=NOx(GT), percentage=0.25) };7.51705e-01;1.00000e+00;1.00000e+00;Pipeline { map_noise(attribute=RH, percentage=0.10) | map_noise(attribute=NOx(GT), percentage=0.25) };8.54557e-01;8.02676e-02;6.41255e-01;Pipeline { filter(NOx(GT) < 323.0000) | map_duplicate(probability=0.60) | map_noise(attribute=PT08.S5(O3), percentage=0.01) };7.94846e-01;2.00627e-01;6.79489e-01;Pipeline { filter(NOx(GT) < 392.0000) | map_duplicate(probability=0.60) | map_noise(attribute=AH, percentage=0.25) };8.40959e-01;2.00608e-01;6.84810e-01;Pipeline { filter(NOx(GT) < 397.0000) | map_duplicate(probability=0.50) | map_noise(attribute=PT08.S1(CO), percentage=0.01) }
datasets/airQuality_parallel.csv;nsga2;1;14;1400;1400;7.70280e+01;100;14;3;1.00000e+00;1.00000e+00;1.00000e+00;8.64104e-01;1.11475e-01;6.44401e-01;Pipeline { filter(NOx(GT) < 339.0000) | map_duplicate(probability=0.60) | map_noise(attribute=AH, percentage=0.05) };7.51705e-01;1.00000e+00;1.00000e+00;Pipeline { map_noise(attribute=RH, percentage=0.10) | map_noise(attribute=NOx(GT), percentage=0.25) };7.51705e-01;1.00000e+00;1.00000e+00;Pipeline { map_noise(attribute=RH, percentage=0.10) | map_noise(attribute=NOx(GT), percentage=0.25) };8.55134e-01;8.02676e-02;6.41874e-01;Pipeline { filter(NOx(GT) < 323.0000) | map_duplicate(probability=0.60) | map_noise(attribute=AH, percentage=0.10) };8.47046e-01;2.02454e-01;6.83627e-01;Pipeline { filter(NOx(GT) < 391.0000) | map_duplicate(probability=0.50) | map_noise(attribute=PT08.S5(O3), percentage=0.25) };7.99561e-01;1.78462e-01;6.84867e-01;Pipeline { filter(NOx(GT) < 399.0000) | map_duplicate(probability=0.60) | map_noise(attribute=AH, percentage=0.05) }
datasets/airQuality_parallel.csv;nsga2;1;15;1500;1500;8.05660e+01;100;14;19;1.00000e+00;1.00000e+00;1.00000e+00;8.65342e-01;9.24092e-02;6.45628e-01;Pipeline { filter(NOx(GT) < 329.0000) | map_duplicate(probability=0.60) | map_noise(attribute=NOx(GT), percentage=0.01) };7.52974e-01;1.00000e+00;1.00000e+00;Pipeline { map_noise(attribute=NOx(GT), percentage=0.10) | map_noise(attribute=C6H6(GT), percentage=0.05) | map_noise(attribute=PT08.S4(NO2), percentage=0.01) | map_noise(attribute=PT08.S4(NO2), percentage=0.10) | map_noise(attribute=NMHC(GT), percentage=0.10) };7.52974e-01;1.00000e+00;1.00000e+00;Pipeline { map_noise(attribute=NOx(GT), percentage=0.10) | map_noise(attribute=C6H6(GT), percentage=0.05) | map_noise(attribute=PT08.S4(NO2), percentage=0.01) | map_noise(attribute=PT08.S4(NO2), percentage=0.10) | map_noise(attribute=NMHC(GT), percentage=0.10) };8.53087e-01;7.94702e-02;6.43723e-01;Pipeline { filter(NOx(GT) < 322.0000) | map_duplicate(probability=0.60) | map_noise(attribute=NMHC(GT), percentage=0.10) };7.94846e-01;2.00627e-01;6.79489e-01;Pipeline { filter(NOx(GT) < 392.0000) | map_duplicate(probability=0.60) | map_noise(attribute=AH, percentage=0.25) };7.99561e-01;1.78462e-01;6.84867e-01;Pipeline { filter(NOx(GT) < 399.0000) | map_duplicate(probability=0.60) | map_noise(attribute=AH, percentage=0.05) }
datasets/airQuality_parallel.csv;nsga2;1;16;1600;1600;8.42200e+01;100;15;5;1.00000e+00;1.00000e+00;1.00000e+00;8.71123e-01;1.22977e-01;6.50690e-01;Pipeline { filter(NOx(GT) < 339.0000) | map_duplicate(probability=0.60) | map_noise(attribute=NOx(GT), percentage=0.25) };7.52974e-01;1.00000e+00;1.00000e+00;Pipeline { map_noise(attribute=NOx(GT), percentage=0.10) | map_noise(attribute=C6H6(GT), percentage=0.05) | map_noise(attribute=PT08.S4(NO2), percentage=0.01) | map_noise(attribute=PT08.S4(NO2), percentage=0.10) | map_noise(attribute=NMHC(GT), percentage=0.10) };7.52974e-01;1.00000e+00;1.00000e+00;Pipeline { map_noise(attribute=NOx(GT), percentage=0.10) | map_noise(attribute=C6H6(GT), percentage=0.05) | map_noise(attribute=PT08.S4(NO2), percentage=0.01) | map_noise(attribute=PT08.S4(NO2), percentage=0.10) | map_noise(attribute=NMHC(GT), percentage=0.10) };8.54894e-01;2.04334e-01;6.81182e-01;Pipeline { filter(NOx(GT) < 397.0000) | map_duplicate(probability=0.50) | map_noise(attribute=C6H6(GT), percentage=0.10) };8.43345e-01;2.04334e-01;6.80937e-01;Pipeline { filter(NOx(GT) < 397.0000) | map_duplicate(probability=0.50) | map_noise(attribute=RH, percentage=0.01) };8.45413e-01;1.95719e-01;6.85522e-01;Pipeline { filter(NOx(GT) < 397.0000) | map_duplicate(probability=0.50) | map_noise(attribute=NMHC(GT), percentage=0.10) }
datasets/airQuality_parallel.csv;nsga2;1;17;1700;1700;8.79200e+01;100;17;7;1.00000e+00;1.00000e+00;1.00000e+00;8.71123e-01;1.22977e-01;6.50690e-01;Pipeline { filter(NOx(GT) < 339.0000) | map_duplicate(probability=0.60) | map_noise(attribute=NOx(GT), percentage=0.25) };7.52974e-01;1.00000e+00;1.00000e+00;Pipeline { map_noise(attribute=NOx(GT), percentage=0.10) | map_noise(attribute=C6H6(GT), percentage=0.05) | map_noise(attribute=PT08.S4(NO2), percentage=0.01) | map_noise(attribute=PT08.S4(NO2), percentage=0.10) | map_noise(attribute=NMHC(GT), percentage=0.10) };7.52974e-01;1.00000e+00;1.00000e+00;Pipeline { map_noise(attribute=NOx(GT), percentage=0.10) | map_noise(attribute=C6H6(GT), percentage=0.05) | map_noise(attribute=PT08.S4(NO2), percentage=0.01) | map_noise(attribute=PT08.S4(NO2), percentage=0.10) | map_noise(attribute=NMHC(GT), percentage=0.10) };8.56057e-01;8.60927e-02;6.43298e-01;Pipeline { filter(NOx(GT) < 327.0000) | map_duplicate(probability=0.60) | map_noise(attribute=AH, percentage=0.05) };7.99748e-01;2.06687e-01;6.84592e-01;Pipeline { filter(NOx(GT) < 392.0000) | map_duplicate(probability=0.40) | map_noise(attribute=AH, percentage=0.10) };8.37766e-01;2.04969e-01;6.86686e-01;Pipeline { filter(NOx(GT) < 397.0000) | map_duplicate(probability=0.50) | map_noise(attribute=PT08.S2(NMHC), percentage=0.25) }
datasets/airQuality_parallel.csv;nsga2;1;18;1800;1800;9.25370e+01;100;18;28;1.00000e+00;1.00000e+00;1.00000e+00;8.71123e-01;1.22977e-01;6.50690e-01;Pipeline { filter(NOx(GT) < 339.0000) | map_duplicate(probability=0.60) | map_noise(attribute=NOx(GT), percentage=0.25) };7.52994e-01;1.00000e+00;1.00000e+00;Pipeline { map_noise(attribute=PT08.S1(CO), percentage=0.25) | map_noise(attribute=NOx(GT), percentage=0.25) };7.52994e-01;1.00000e+00;1.00000e+00;Pipeline { map_noise(attribute=PT08.S1(CO), percentage=0.25) | map_noise(attribute=NOx(GT), percentage=0.25) };8.56219e-01;9.80392e-02;6.51766e-01;Pipeline { filter(NOx(GT) < 346.0000) | map_duplicate(probability=0.60) | map_noise(attribute=CO(GT), percentage=0.05) };8.37766e-01;2.04969e-01;6.86686e-01;Pipeline { filter(NOx(GT) < 397.0000) | map_duplicate(probability=0.50) | map_noise(attribute=PT08.S2(NMHC), percentage=0.25) };8.49605e-01;1.90769e-01;6.86411e-01;Pipeline { filter(NOx(GT) < 397.0000) | map_duplicate(probability=0.50) | map_noise(attribute=PT08.S3(NOx), percentage=0.10) }
datasets/airQuality_parallel.csv;nsga2;1;19;1900;1900;9.60750e+01;100;22;21;1.00000e+00;1.00000e+00;1.00000e+00;8.71123e-01;1.22977e-01;6.50690e-01;Pipeline { filter(NOx(GT) < 339.0000) | map_duplicate(probability=0.60) | map_noise(attribute=NOx(GT), percentage=0.25) };7.52994e-01;1.00000e+00;1.00000e+00;Pipeline { map_noise(attribute=PT08.S1(CO), percentage=0.25) | map_noise(attribute=NOx(GT), percentage=0.25) };7.52994e-01;1.00000e+00;1.00000e+00;Pipeline { map_noise(attribute=PT08.S1(CO), percentage=0.25) | map_noise(attribute=NOx(GT), percentage=0.25) };8.56196e-01;1.95719e-01;6.84651e-01;Pipeline { filter(NOx(GT) < 397.0000) | map_duplicate(probability=0.50) | map_noise(attribute=PT08.S4(NO2), percentage=0.10) };8.39826e-01;2.07951e-01;6.84710e-01;Pipeline { filter(NOx(GT) < 397.0000) | map_duplicate(probability=0.50) | map_noise(attribute=PT08.S1(CO), percentage=0.05) };8.37766e-01;2.04969e-01;6.86686e-01;Pipeline { filter(NOx(GT) < 397.0000) | map_duplicate(probability=0.50) | map_noise(attribute=PT08.S2(NMHC), percentage=0.25) }
datasets/airQuality_parallel.csv;nsga2;1;20;2000;2000;9.97310e+01;100;10;12;1.00000e+00;1.00000e+00;9.90000e-01;8.71123e-01;1.22977e-01;6.50690e-01;Pipeline { filter(NOx(GT) < 339.0000) | map_duplicate(probability=0.60) | map_noise(attribute=NOx(GT), percentage=0.25) };7.41322e-01;1.00000e+00;1.00000e+00;Pipeline { map_noise(attribute=PT08.S1(CO), percentage=0.25) | map_noise(attribute=NMHC(GT), percentage=0.10) | map_noise(attribute=PT08.S3(NOx), percentage=0.01) };7.41322e-01;1.00000e+00;1.00000e+00;Pipeline { map_noise(attribute=PT08.S1(CO), percentage=0.25) | map_noise(attribute=NMHC(GT), percentage=0.10) | map_noise(attribute=PT08.S3(NOx), percentage=0.01) };8.56717e-01;1.11842e-01;6.45019e-01;Pipeline { filter(NOx(GT) < 336.0000) | map_duplicate(probability=0.60) | map_noise(attribute=RH, percentage=0.25) };8.36772e-01;2.32143e-01;7.06508e-01;Pipeline { filter(NOx(GT) < 482.0000) | map_duplicate(probability=0.40) | map_noise(attribute=PT08.S5(O3), percentage=0.05) };8.27372e-01;2.32416e-01;7.05128e-01;Pipeline { filter(NOx(GT) < 492.0000) | map_duplicate(probability=0.40) | map_noise(attribute=PT08.S4(NO2), percentage=0.25) }
datasets/airQuality_parallel.csv;nsga2;1;21;2100;2100;1.03552e+02;100;12;5;1.00000e+00;1.00000e+00;9.90000e-01;8.71123e-01;1.22977e-01;6.50690e-01;Pipeline { filter(NOx(GT) < 339.0000) | map_duplicate(probability=0.60) | map_noise(attribute=NOx(GT), percentage=0.25) };7.41322e-01;1.00000e+00;1.00000e+00;Pipeline { map_noise(attribute=PT08.S1(CO), percentage=0.25) | map_noise(attribute=NMHC(GT), percentage=0.10) | map_noise(attribute=PT08.S3(NOx), percentage=0.01) };7.41322e-01;1.00000e+00;1.00000e+00;Pipeline { map_noise(attribute=PT08.S1(CO), percentage=0.25) | map_noise(attribute=NMHC(GT), percentage=0.10) | map_noise(attribute=PT08.S3(NOx), percentage=0.01) };8.57685e-01;1.67183e-01;6.80988e-01;Pipeline { filter(NOx(GT) < 387.0000) | map_duplicate(probability=0.50) | map_noise(attribute=PT08.S3(NOx), percentage=0.25) };8.42887e-01;2.34940e-01;7.08110e-01;Pipeline { filter(NOx(GT) < 482.0000) | map_duplicate(probability=0.40) | map_noise(attribute=PT08.S5(O3), percentage=0.01) };8.39584e-01;2.36364e-01;7.06506e-01;Pipeline { filter(NOx(GT) < 492.0000) | map_duplicate(probability=0.40) | map_noise(attribute=PT08.S4(NO2), percentage=0.10) }
datasets/airQuality_parallel.csv;nsga2;1;22;2200;2200;1.07152e+02;100;12;33;1.00000e+00;1.00000e+00;1.00000e+00;8.71123e-01;1.22977e-01;6.50690e-01;Pipeline { filter(NOx(GT) < 339.0000) | map_duplicate(probability=0.60) | map_noise(attribute=NOx(GT), percentage=0.25) };7.52994e-01;1.00000e+00;1.00000e+00;Pipeline { map_noise(attribute=PT08.S1(CO), percentage=0.25) | map_noise(attribute=NOx(GT), percentage=0.25) };7.52994e-01;1.00000e+00;1.00000e+00;Pipeline { map_noise(attribute=PT08.S1(CO), percentage=0.25) | map_noise(attribute=NOx(GT), percentage=0.25) };8.59004e-01;1.23377e-01;6.48378e-01;Pipeline { filter(NOx(GT) < 343.0000) | map_duplicate(probability=0.60) | map_noise(attribute=NMHC(GT), percentage=0.25) };8.35009e-01;2.31003e-01;7.06530e-01;Pipeline { filter(NOx(GT) < 494.0000) | map_duplicate(probability=0.40) | map_noise(attribute=CO(GT), percentage=0.01) };8.40487e-01;2.20183e-01;7.05598e-01;Pipeline { filter(NOx(GT) < 492.0000) | map_duplicate(probability=0.40) | map_noise(attribute=CO(GT), percentage=0.01) }
datasets/airQuality_parallel.csv;nsga2;1;23;2300;2300;1.11032e+02;100;14;27;1.00000e+00;1.00000e+00;1.00000e+00;8.71123e-01;1.22977e-01;6.50690e-01;Pipeline { filter(NOx(GT) < 339.0000) | map_duplicate(probability=0.60) | map_noise(attribute=NOx(GT), percentage=0.25) };7.53059e-01;1.00000e+00;1.00000e+00;Pipeline { map_noise(attribute=AH, percentage=0.01) | map_noise(attribute=NOx(GT), percentage=0.25) };7.53059e-01;1.00000e+00;1.00000e+00;Pipeline { map_noise(attribute=AH, percentage=0.01) | map_noise(attribute=NOx(GT), percentage=0.25) };8.59483e-01;1.93750e-01;6.82661e-01;Pipeline { filter(NOx(GT) < 397.0000) | map_duplicate(probability=0.50) | map_noise(attribute=PT08.S5(O3), percentage=0.10) };7.82315e-01;2.36364e-01;7.06034e-01;Pipeline { filter(NOx(GT) < 492.0000) | map_duplicate(probability=0.50) | map_noise(attribute=PT08.S5(O3), percentage=0.01) };8.39156e-01;2.28228e-01;7.06929e-01;Pipeline { filter(NOx(GT) < 492.0000) | map_duplicate(probability=0.40) | map_noise(attribute=RH, percentage=0.25) }
datasets/airQuality_parallel.csv;nsga2;1;24;2400;2400;1.14702e+02;100;17;19;1.00000e+00;1.00000e+00;1.00000e+00;8.71123e-01;1.22977e-01;6.50690e-01;Pipeline { filter(NOx(GT) < 339.0000) | map_duplicate(probability=0.60) | map_noise(attribute=NOx(GT), percentage=0.25) };7.53059e-01;1.00000e+00;1.00000e+00;Pipeline { map_noise(attribute=AH, percentage=0.01) | map_noise(attribute=NOx(GT), percentage=0.25) };7.53059e-01;1.00000e+00;1.00000e+00;Pipeline { map_noise(attribute=AH, percentage=0.01) | map_noise(attribute=NOx(GT), percentage=0.25) };8.59853e-01;1.23779e-01;6.50554e-01;Pipeline { filter(NOx(GT) < 339.0000) | map_duplicate(probability=0.60) | map_noise(attribute=NOx(GT), percentage=0.01) };8.57713e-01;2.40240e-01;7.09257e-01;Pipeline { filter(NOx(GT) < 492.0000) | map_duplicate(probability=0.40) | map_noise(attribute=PT08.S2(NMHC), percentage=0.10) };8.44564e-01;2.35650e-01;7.07407e-01;Pipeline { filter(NOx(GT) < 492.0000) | map_duplicate(probability=0.40) | map_noise(attribute=C6H6(GT), percentage=0.10) }
datasets/airQuality_parallel.csv;nsga2;1;25;2500;2500;1.18190e+02;100;22;7;1.00000e+00;1.00000e+00;1.00000e+00;8.71123e-01;1.22977e-01;6.50690e-01;Pipeline { filter(NOx(GT) < 339.0000) | map_duplicate(probability=0.60) | map_noise(attribute=NOx(GT), percentage=0.25) };7.53059e-01;1.00000e+00;1.00000e+00;Pipeline { map_noise(attribute=AH, percentage=0.01) | map_noise(attribute=NOx(GT), percentage=0.25) };7.53059e-01;1.00000e+00;1.00000e+00;Pipeline { map_noise(attribute=AH, percentage=0.01) | map_noise(attribute=NOx(GT), percentage=0.25) };8.60305e-01;1.04918e-01;6.41985e-01;Pipeline { filter(NOx(GT) < 339.0000) | map_duplicate(probability=0.60) | map_noise(attribute=NO2(GT), percentage=0.05) };8.34747e-01;2.46246e-01;7.09298e-01;Pipeline { filter(NOx(GT) < 492.0000) | map_duplicate(probability=0.40) | map_noise(attribute=NOx(GT), percentage=0.25) };8.38663e-01;2.20896e-01;7.09394e-01;Pipeline { filter(NOx(GT) < 482.0000) | map_duplicate(probability=0.40) | map_noise(attribute=C6H6(GT), percentage=0.05) }
datasets/airQuality_parallel.csv;nsga2;1;26;2600;2600;1.23042e+02;100;23;7;1.00000e+00;1.00000e+00;1.00000e+00;8.71123e-01;1.22977e-01;6.50690e-01;Pipeline { filter(NOx(GT) < 339.0000) | map_duplicate(probability=0.60) | map_noise(attribute=NOx(GT), percentage=0.25) };7.53059e-01;1.00000e+00;1.00000e+00;Pipeline { map_noise(attribute=AH, percentage=0.01) | map_noise(attribute=NOx(GT), percentage=0.25) };7.53059e-01;1.00000e+00;1.00000e+00;Pipeline { map_noise(attribute=AH, percentage=0.01) | map_noise(attribute=NOx(GT), percentage=0.25) };8.59853e-01;1.23779e-01;6.50554e-01;Pipeline { filter(NOx(GT) < 339.0000) | map_duplicate(probability=0.60) | map_noise(attribute=NOx(GT), percentage=0.01) };8.46625e-01;2.50000e-01;7.08412e-01;Pipeline { filter(NOx(GT) < 482.0000) | map_duplicate(probability=0.40) | map_noise(attribute=PT08.S2(NMHC), percentage=0.10) };8.31851e-01;2.35650e-01;7.09821e-01;Pipeline { filter(NOx(GT) < 499.0000) | map_duplicate(probability=0.40) | map_noise(attribute=CO(GT), percentage=0.01) }
datasets/airQuality_parallel.csv;nsga2;1;27;2700;2700;1.27024e+02;100;22;4;1.00000e+00;1.00000e+00;1.00000e+00;8.71123e-01;1.22977e-01;6.50690e-01;Pipeline { filter(NOx(GT) < 339.0000) | map_duplicate(probability=0.60) | map_noise(attribute=NOx(GT), percentage=0.25) };7.53059e-01;1.00000e+00;1.00000e+00;Pipeline { map_noise(attribute=AH, percentage=0.01) | map_noise(attribute=NOx(GT), percentage=0.25) };7.53059e-01;1.00000e+00;1.00000e+00;Pipeline { map_noise(attribute=AH, percentage=0.01) | map_noise(attribute=NOx(GT), percentage=0.25) };8.61833e-01;1.30293e-01;6.47661e-01;Pipeline { filter(NOx(GT) < 339.0000) | map_duplicate(probability=0.60) | map_noise(attribute=NOx(GT), percentage=0.10) };7.96699e-01;2.51497e-01;7.08937e-01;Pipeline { filter(NOx(GT) < 492.0000) | map_duplicate(probability=0.30) | map_noise(attribute=AH, percentage=0.01) };8.27420e-01;2.25610e-01;7.12782e-01;Pipeline { filter(NOx(GT) < 512.0000) | map_duplicate(probability=0.40) | map_noise(attribute=NMHC(GT), percentage=0.01) }
datasets/airQuality_parallel.csv;nsga2;1;28;2800;2800;1.31015e+02;100;18;38;1.00000e+00;1.00000e+00;1.00000e+00;8.71123e-01;1.22977e-01;6.50690e-01;Pipeline { filter(NOx(GT) < 339.0000) | map_duplicate(probability=0.60) | map_noise(attribute=NOx(GT), percentage=0.25) };7.59653e-01;1.00000e+00;1.00000e+00;Pipeline { map_noise(attribute=NOx(GT), percentage=0.25) | map_noise(attribute=C6H6(GT), percentage=0.01) | map_noise(attribute=PT08.S2(NMHC), percentage=0.25) | map_noise(attribute=PT08.S4(NO2), percentage=0.10) | map_noise(attribute=PT08.S2(NMHC), percentage=0.10) };7.59653e-01;1.00000e+00;1.00000e+00;Pipeline { map_noise(attribute=NOx(GT), percentage=0.25) | map_noise(attribute=C6H6(GT), percentage=0.01) | map_noise(attribute=PT08.S2(NMHC), percentage=0.25) | map_noise(attribute=PT08.S4(NO2), percentage=0.10) | map_noise(attribute=PT08.S2(NMHC), percentage=0.10) };8.61833e-01;1.30293e-01;6.47661e-01;Pipeline { filter(NOx(GT) < 339.0000) | map_duplicate(probability=0.60) | map_noise(attribute=NOx(GT), percentage=0.10) };8.51156e-01;2.52252e-01;7.07382e-01;Pipeline { filter(NOx(GT) < 482.0000) | map_duplicate(probability=0.40) | map_noise(attribute=PT08.S5(O3), percentage=0.10) };8.26468e-01;2.46988e-01;7.16336e-01;Pipeline { filter(NOx(GT) < 512.0000) | map_duplicate(probability=0.40) | map_noise(attribute=RH, percentage=0.10) }
datasets/airQuality_parallel.csv;nsga2;1;29;2900;2900;1.34622e+02;100;18;32;1.00000e+00;1.00000e+00;1.00000e+00;8.71123e-01;1.22977e-01;6.50690e-01;Pipeline { filter(NOx(GT) < 339.0000) | map_duplicate(probability=0.60) | map_noise(attribute=NOx(GT), percentage=0.25) };7.59653e-01;1.00000e+00;1.00000e+00;Pipeline { map_noise(attribute=NOx(GT), percentage=0.25) | map_noise(attribute=C6H6(GT), percentage=0.01) | map_noise(attribute=PT08.S2(NMHC), percentage=0.25) | map_noise(attribute=PT08.S4(NO2), percentage=0.10) | map_noise(attribute=PT08.S2(NMHC), percentage=0.10) };7.59653e-01;1.00000e+00;1.00000e+00;Pipeline { map_noise(attribute=NOx(GT), percentage=0.25) | map_noise(attribute=C6H6(GT), percentage=0.01) | map_noise(attribute=PT08.S2(NMHC), percentage=0.25) | map_noise(attribute=PT08.S4(NO2), percentage=0.10) | map_noise(attribute=PT08.S2(NMHC), percentage=0.10) };8.62103e-01;1.10390e-01;6.52260e-01;Pipeline { filter(NOx(GT) < 339.0000) | map_duplicate(probability=0.60) | map_noise(attribute=NMHC(GT), percentage=0.05) };8.27505e-01;2.52252e-01;7.18190e-01;Pipeline { filter(NOx(GT) < 512.0000) | map_duplicate(probability=0.40) | map_noise(attribute=PT08.S4(NO2), percentage=0.05) };8.27966e-01;2.34234e-01;7.17945e-01;Pipeline { filter(NOx(GT) < 512.0000) | map_duplicate(probability=0.40) | map_noise(attribute=C6H6(GT), percentage=0.10) }
datasets/airQuality_parallel.csv;nsga2;1;30;3000;3000;1.38576e+02;100;18;39;1.00000e+00;1.00000e+00;1.00000e+00;8.71123e-01;1.22977e-01;6.50690e-01;Pipeline { filter(NOx(GT) < 339.0000) | map_duplicate(probability=0.60) | map_noise(attribute=NOx(GT), percentage=0.25) };7.59653e-01;1.00000e+00;1.00000e+00;Pipeline { map_noise(attribute=NOx(GT), percentage=0.25) | map_noise(attribute=C6H6(GT), percentage=0.01) | map_noise(attribute=PT08.S2(NMHC), percentage=0.25) | map_noise(attribute=PT08.S4(NO2), percentage=0.10) | map_noise(attribute=PT08.S2(NMHC), percentage=0.10) };7.59653e-01;1.00000e+00;1.00000e+00;Pipeline { map_noise(attribute=NOx(GT), percentage=0.25) | map_noise(attribute=C6H6(GT), percentage=0.01) | map_noise(attribute=PT08.S2(NMHC), percentage=0.25) | map_noise(attribute=PT08.S4(NO2), percentage=0.10) | map_noise(attribute=PT08.S2(NMHC), percentage=0.10) };8.62625e-01;2.20859e-01;7.00758e-01;Pipeline { filter(NOx(GT) < 482.0000) | map_duplicate(probability=0.40) | map_noise(attribute=C6H6(GT), percentage=0.25) };8.01641e-01;2.95455e-01;7.44428e-01;Pipeline { filter(NOx(GT) < 582.0000) | map_duplicate(probability=0.40) | map_noise(attribute=RH, percentage=0.10) };8.01641e-01;2.95455e-01;7.44428e-01;Pipeline { filter(NOx(GT) < 582.0000) | map_duplicate(probability=0.40) | map_noise(attribute=RH, percentage=0.10) }
datasets/airQuality_parallel.csv;nsga2;1;31;3100;3100;1.42842e+02;100;20;33;1.00000e+00;1.00000e+00;1.00000e+00;8.71123e-01;1.22977e-01;6.50690e-01;Pipeline { filter(NOx(GT) < 339.0000) | map_duplicate(probability=0.60) | map_noise(attribute=NOx(GT), percentage=0.25) };7.59653e-01;1.00000e+00;1.00000e+00;Pipeline { map_noise(attribute=NOx(GT), percentage=0.25) | map_noise(attribute=C6H6(GT), percentage=0.01) | map_noise(attribute=PT08.S2(NMHC), percentage=0.25) | map_noise(attribute=PT08.S4(NO2), percentage=0.10) | map_noise(attribute=PT08.S2(NMHC), percentage=0.10) };7.59653e-01;1.00000e+00;1.00000e+00;Pipeline { map_noise(attribute=NOx(GT), percentage=0.25) | map_noise(attribute=C6H6(GT), percentage=0.01) | map_noise(attribute=PT08.S2(NMHC), percentage=0.25) | map_noise(attribute=PT08.S4(NO2), percentage=0.10) | map_noise(attribute=PT08.S2(NMHC), percentage=0.10) };8.62149e-01;1.16505e-01;6.49908e-01;Pipeline { filter(NOx(GT) < 343.0000) | map_duplicate(probability=0.60) | map_noise(attribute=PT08.S5(O3), percentage=0.05) };8.34734e-01;3.20000e-01;7.52835e-01;Pipeline { filter(NOx(GT) < 593.0000) | map_duplicate(probability=0.30) | map_noise(attribute=AH, percentage=0.25) };7.95209e-01;3.29545e-01;7.50206e-01;Pipeline { filter(NOx(GT) < 592.0000) | map_duplicate(probability=0.40) | map_noise(attribute=PT08.S3(NOx), percentage=0.05) }
datasets/airQuality_parallel.csv;nsga2;1;32;3200;3200;1.46820e+02;100;21;31;1.00000e+00;1.00000e+00;1.00000e+00;8.71123e-01;1.22977e-01;6.50690e-01;Pipeline { filter(NOx(GT) < 339.0000) | map_duplicate(probability=0.60) | map_noise(attribute=NOx(GT), percentage=0.25) };7.59653e-01;1.00000e+00;1.00000e+00;Pipeline { map_noise(attribute=NOx(GT), percentage=0.25) | map_noise(attribute=C6H6(GT), percentage=0.01) | map_noise(attribute=PT08.S2(NMHC), percentage=0.25) | map_noise(attribute=PT08.S4(NO2), percentage=0.10) | map_noise(attribute=PT08.S2(NMHC), percentage=0.10) };7.59653e-01;1.00000e+00;1.00000e+00;Pipeline { map_noise(attribute=NOx(GT), percentage=0.25) | map_noise(attribute=C6H6(GT), percentage=0.01) | map_noise(attribute=PT08.S2(NMHC), percentage=0.25) | map_noise(attribute=PT08.S4(NO2), percentage=0.10) | map_noise(attribute=PT08.S2(NMHC), percentage=0.10) };8.62625e-01;2.20859e-01;7.00758e-01;Pipeline { filter(NOx(GT) < 482.0000) | map_duplicate(probability=0.40) | map_noise(attribute=C6H6(GT), percentage=0.25) };7.95912e-01;3.20225e-01;7.52614e-01;Pipeline { filter(NOx(GT) < 591.0000) | map_duplicate(probability=0.40) | map_noise(attribute=RH, percentage=0.10) };8.32124e-01;3.17003e-01;7.51274e-01;Pipeline { filter(NOx(GT) < 591.0000) | map_duplicate(probability=0.30) | map_noise(attribute=AH, percentage=0.25) }
datasets/airQuality_parallel.csv;nsga2;1;33;3300;3300;1.51654e+02;100;23;28;1.00000e+00;1.00000e+00;1.00000e+00;8.71123e-01;1.22977e-01;6.50690e-01;Pipeline { filter(NOx(GT) < 339.0000) | map_duplicate(probability=0.60) | map_noise(attribute=NOx(GT), percentage=0.25) };7.59653e-01;1.00000e+00;1.00000e+00;Pipeline { map_noise(attribute=NOx(GT), percentage=0.25) | map_noise(attribute=C6H6(GT), percentage=0.01) | map_noise(attribute=PT08.S2(NMHC), percentage=0.25) | map_noise(attribute=PT08.S4(NO2), percentage=0.10) | map_noise(attribute=PT08.S2(NMHC), percentage=0.10) };7.59653e-01;1.00000e+00;1.00000e+00;Pipeline { map_noise(attribute=NOx(GT), percentage=0.25) | map_noise(attribute=C6H6(GT), percentage=0.01) | map_noise(attribute=PT08.S2(NMHC), percentage=0.25) | map_noise(attribute=PT08.S4(NO2), percentage=0.10) | map_noise(attribute=PT08.S2(NMHC), percentage=0.10) };8.62103e-01;1.10390e-01;6.52260e-01;Pipeline { filter(NOx(GT) < 339.0000) | map_duplicate(probability=0.60) | map_noise(attribute=NMHC(GT), percentage=0.05) };8.28771e-01;3.20917e-01;7.58065e-01;Pipeline { filter(NOx(GT) < 596.0000) | map_duplicate(probability=0.30) | map_noise(attribute=AH, percentage=0.25) };7.73211e-01;3.23864e-01;7.52101e-01;Pipeline { filter(NOx(GT) < 592.0000) | map_duplicate(probability=0.20) | map_noise(attribute=T, percentage=0.10) }
datasets/airQuality_parallel.csv;nsga2;1;34;3400;3400;1.55322e+02;100;25;25;1.00000e+00;1.00000e+00;1.00000e+00;8.71123e-01;1.22977e-01;6.50690e-01;Pipeline { filter(NOx(GT) < 339.0000) | map_duplicate(probability=0.60) | map_noise(attribute=NOx(GT), percentage=0.25) };7.59653e-01;1.00000e+00;1.00000e+00;Pipeline { map_noise(attribute=NOx(GT), percentage=0.25) | map_noise(attribute=C6H6(GT), percentage=0.01) | map_noise(attribute=PT08.S2(NMHC), percentage=0.25) | map_noise(attribute=PT08.S4(NO2), percentage=0.10) | map_noise(attribute=PT08.S2(NMHC), percentage=0.10) };7.59653e-01;1.00000e+00;1.00000e+00;Pipeline { map_noise(attribute=NOx(GT), percentage=0.25) | map_noise(attribute=C6H6(GT), percentage=0.01) | map_noise(attribute=PT08.S2(NMHC), percentage=0.25) | map_noise(attribute=PT08.S4(NO2), percentage=0.10) | map_noise(attribute=PT08.S2(NMHC), percentage=0.10) };8.62103e-01;1.10390e-01;6.52260e-01;Pipeline { filter(NOx(GT) < 339.0000) | map_duplicate(probability=0.60) | map_noise(attribute=NMHC(GT), percentage=0.05) };7.93654e-01;3.23864e-01;7.53414e-01;Pipeline { filter(NOx(GT) < 592.0000) | map_duplicate(probability=0.40) | map_noise(attribute=AH, percentage=0.10) };7.95912e-01;3.20225e-01;7.52614e-01;Pipeline { filter(NOx(GT) < 591.0000) | map_duplicate(probability=0.40) | map_noise(attribute=RH, percentage=0.10) }
datasets/airQuality_parallel.csv;nsga2;1;35;3500;3500;1.58917e+02;100;28;22;1.00000e+00;1.00000e+00;1.00000e+00;8.71123e-01;1.22977e-01;6.50690e-01;Pipeline { filter(NOx(GT) < 339.0000) | map_duplicate(probability=0.60) | map_noise(attribute=NOx(GT), percentage=0.25) };7.59653e-01;1.00000e+00;1.00000e+00;Pipeline { map_noise(attribute=NOx(GT), percentage=0.25) | map_noise(attribute=C6H6(GT), percentage=0.01) | map_noise(attribute=PT08.S2(NMHC), percentage=0.25) | map_noise(attribute=PT08.S4(NO2), percentage=0.10) | map_noise(attribute=PT08.S2(NMHC), percentage=0.10) };7.59653e-01;1.00000e+00;1.00000e+00;Pipeline { map_noise(attribute=NOx(GT), percentage=0.25) | map_noise(attribute=C6H6(GT), percentage=0.01) | map_noise(attribute=PT08.S2(NMHC), percentage=0.25) | map_noise(attribute=PT08.S4(NO2), percentage=0.10) | map_noise(attribute=PT08.S2(NMHC), percentage=0.10) };8.62835e-01;1.29870e-01;6.47275e-01;Pipeline { filter(NOx(GT) < 339.0000) | map_duplicate(probability=0.60) | map_noise(attribute=NMHC(GT), percentage=0.10) };7.93654e-01;3.23864e-01;7.53414e-01;Pipeline { filter(NOx(GT) < 592.0000) | map_duplicate(probability=0.40) | map_noise(attribute=AH, percentage=0.10) };8.34734e-01;3.20000e-01;7.52835e-01;Pipeline { filter(NOx(GT) < 593.0000) | map_duplicate(probability=0.30) | map_noise(attribute=AH, percentage=0.25) }
datasets/airQuality_parallel.csv;nsga2;1;36;3600;3600;1.62624e+02;100;31;24;1.00000e+00;1.00000e+00;1.00000e+00;8.71123e-01;1.22977e-01;6.50690e-01;Pipeline { filter(NOx(GT) < 339.0000) | map_duplicate(probability=0.60) | map_noise(attribute=NOx(GT), percentage=0.25) };7.59653e-01;1.00000e+00;1.00000e+00;Pipeline { map_noise(attribute=NOx(GT), percentage=0.25) | map_noise(attribute=C6H6(GT), percentage=0.01) | map_noise(attribute=PT08.S2(NMHC), percentage=0.25) | map_noise(attribute=PT08.S4(NO2), percentage=0.10) | map_noise(attribute=PT08.S2(NMHC), percentage=0.10) };7.59653e-01;1.00000e+00;1.00000e+00;Pipeline { map_noise(attribute=NOx(GT), percentage=0.25) | map_noise(attribute=C6H6(GT), percentage=0.01) | map_noise(attribute=PT08.S2(NMHC), percentage=0.25) | map_noise(attribute=PT08.S4(NO2), percentage=0.10) | map_noise(attribute=PT08.S2(NMHC), percentage=0.10) };8.62625e-01;2.20859e-01;7.00758e-01;Pipeline { filter(NOx(GT) < 482.0000) | map_duplicate(probability=0.40) | map_noise(attribute=C6H6(GT), percentage=0.25) };7.89709e-01;3.22222e-01;7.57895e-01;Pipeline { filter(NOx(GT) < 592.0000) | map_duplicate(probability=0.40) | map_noise(attribute=CO(GT), percentage=0.05) };8.34999e-01;3.18436e-01;7.53398e-01;Pipeline { filter(NOx(GT) < 592.0000) | map_duplicate(probability=0.30) | map_noise(attribute=PT08.S4(NO2), percentage=0.05) }
datasets/airQuality_parallel.csv;nsga2;1;37;3700;3700;1.66134e+02;100;26;22;1.00000e+00;1.00000e+00;1.00000e+00;8.71123e-01;1.22977e-01;6.50690e-01;Pipeline { filter(NOx(GT) < 339.0000) | map_duplicate(probability=0.60) | map_noise(attribute=NOx(GT), percentage=0.25) };7.59653e-01;1.00000e+00;1.00000e+00;Pipeline { map_noise(attribute=NOx(GT), percentage=0.25) | map_noise(attribute=C6H6(GT), percentage=0.01) | map_noise(attribute=PT08.S2(NMHC), percentage=0.25) | map_noise(attribute=PT08.S4(NO2), percentage=0.10) | map_noise(attribute=PT08.S2(NMHC), percentage=0.10) };7.59653e-01;1.00000e+00;1.00000e+00;Pipeline { map_noise(attribute=NOx(GT), percentage=0.25) | map_noise(attribute=C6H6(GT), percentage=0.01) | map_noise(attribute=PT08.S2(NMHC), percentage=0.25) | map_noise(attribute=PT08.S4(NO2), percentage=0.10) | map_noise(attribute=PT08.S2(NMHC), percentage=0.10) };8.62835e-01;1.29870e-01;6.47275e-01;Pipeline { filter(NOx(GT) < 339.0000) | map_duplicate(probability=0.60) | map_noise(attribute=NMHC(GT), percentage=0.10) };8.35139e-01;3.26761e-01;7.56931e-01;Pipeline { filter(NOx(GT) < 592.0000) | map_duplicate(probability=0.30) | map_noise(attribute=NO2(GT), percentage=0.10) };8.29882e-01;3.21127e-01;7.54876e-01;Pipeline { filter(NOx(GT) < 593.0000) | map_duplicate(probability=0.30) | map_noise(attribute=AH, percentage=0.10) }
datasets/airQuality_parallel.csv;nsga2;1;38;3800;3800;1.69418e+02;100;27;16;1.00000e+00;1.00000e+00;1.00000e+00;8.71123e-01;1.22977e-01;6.50690e-01;Pipeline { filter(NOx(GT) < 339.0000) | map_duplicate(probability=0.60) | map_noise(attribute=NOx(GT), percentage=0.25) };7.59653e-01;1.00000e+00;1.00000e+00;Pipeline { map_noise(attribute=NOx(GT), percentage=0.25) | map_noise(attribute=C6H6(GT), percentage=0.01) | map_noise(attribute=PT08.S2(NMHC), percentage=0.25) | map_noise(attribute=PT08.S4(NO2), percentage=0.10) | map_noise(attribute=PT08.S2(NMHC), percentage=0.10) };7.59653e-01;1.00000e+00;1.00000e+00;Pipeline { map_noise(attribute=NOx(GT), percentage=0.25) | map_noise(attribute=C6H6(GT), percentage=0.01) | map_noise(attribute=PT08.S2(NMHC), percentage=0.25) | map_noise(attribute=PT08.S4(NO2), percentage=0.10) | map_noise(attribute=PT08.S2(NMHC), percentage=0.10) };8.62835e-01;1.29870e-01;6.47275e-01;Pipeline { filter(NOx(GT) < 339.0000) | map_duplicate(probability=0.60) | map_noise(attribute=NMHC(GT), percentage=0.10) };8.29434e-01;3.29609e-01;7.54682e-01;Pipeline { filter(NOx(GT) < 592.0000) | map_duplicate(probability=0.30) | map_noise(attribute=T, percentage=0.10) };8.28983e-01;3.22034e-01;7.55678e-01;Pipeline { filter(NOx(GT) < 592.0000) | map_duplicate(probability=0.30) | map_noise(attribute=PT08.S4(NO2), percentage=0.10) }
datasets/airQuality_parallel.csv;nsga2;1;39;3900;3900;1.72805e+02;100;30;11;1.00000e+00;1.00000e+00;1.00000e+00;8.71123e-01;1.22977e-01;6.50690e-01;Pipeline { filter(NOx(GT) < 339.0000) | map_duplicate(probability=0.60) | map_noise(attribute=NOx(GT), percentage=0.25) };7.59653e-01;1.00000e+00;1.00000e+00;Pipeline { map_noise(attribute=NOx(GT), percentage=0.25) | map_noise(attribute=C6H6(GT), percentage=0.01) | map_noise(attribute=PT08.S2(NMHC), percentage=0.25) | map_noise(attribute=PT08.S4(NO2), percentage=0.10) | map_noise(attribute=PT08.S2(NMHC), percentage=0.10) };7.59653e-01;1.00000e+00;1.00000e+00;Pipeline { map_noise(attribute=NOx(GT), percentage=0.25) | map_noise(attribute=C6H6(GT), percentage=0.01) | map_noise(attribute=PT08.S2(NMHC), percentage=0.25) | map_noise(attribute=PT08.S4(NO2), percentage=0.10) | map_noise(attribute=PT08.S2(NMHC), percentage=0.10) };8.62482e-01;1.30293e-01;6.47114e-01;Pipeline { filter(NOx(GT) < 337.0000) | map_duplicate(probability=0.60) | map_noise(attribute=PT08.S2(NMHC), percentage=0.05) };8.31335e-01;3.33333e-01;7.56125e-01;Pipeline { filter(NOx(GT) < 596.0000) | map_duplicate(probability=0.30) | map_noise(attribute=PT08.S1(CO), percentage=0.10) };8.35139e-01;3.26761e-01;7.56931e-01;Pipeline { filter(NOx(GT) < 592.0000) | map_duplicate(probability=0.30) | map_noise(attribute=NO2(GT), percentage=0.10) }
datasets/airQuality_parallel.csv;nsga2;1;40;4000;4000;1.76246e+02;100;36;1;1.00000e+00;1.00000e+00;1.00000e+00;8.71123e-01;1.22977e-01;6.50690e-01;Pipeline { filter(NOx(GT) < 339.0000) | map_duplicate(probability=0.60) | map_noise(attribute=NOx(GT), percentage=0.25) };7.63812e-01;1.00000e+00;1.00000e+00;Pipeline { map_noise(attribute=NOx(GT), percentage=0.25) | map_noise(attribute=C6H6(GT), percentage=0.01) | map_noise(attribute=PT08.S2(NMHC), percentage=0.25) | map_noise(attribute=PT08.S4(NO2), percentage=0.10) | map_noise(attribute=RH, percentage=0.25) };7.63812e-01;1.00000e+00;1.00000e+00;Pipeline { map_noise(attribute=NOx(GT), percentage=0.25) | map_noise(attribute=C6H6(GT), percentage=0.01) | map_noise(attribute=PT08.S2(NMHC), percentage=0.25) | map_noise(attribute=PT08.S4(NO2), percentage=0.10) | map_noise(attribute=RH, percentage=0.25) };8.62103e-01;1.10390e-01;6.52260e-01;Pipeline { filter(NOx(GT) < 339.0000) | map_duplicate(probability=0.60) | map_noise(attribute=NMHC(GT), percentage=0.05) };8.35639e-01;3.40909e-01;7.51249e-01;Pipeline { filter(NOx(GT) < 591.0000) | map_duplicate(probability=0.30) | map_noise(attribute=T, percentage=0.01) };8.28077e-01;3.15493e-01;7.57027e-01;Pipeline { filter(NOx(GT) < 591.0000) | map_duplicate(probability=0.30) | map_noise(attribute=PT08.S5(O3), percentage=0.10) }
datasets/airQuality_parallel.csv;nsga2;1;41;4100;4100;1.80228e+02;100;42;58;1.00000e+00;1.00000e+00;1.00000e+00;8.71123e-01;1.22977e-01;6.50690e-01;Pipeline { filter(NOx(GT) < 339.0000) | map_duplicate(probability=0.60) | map_noise(attribute=NOx(GT), percentage=0.25) };7.63812e-01;1.00000e+00;1.00000e+00;Pipeline { map_noise(attribute=NOx(GT), percentage=0.25) | map_noise(attribute=C6H6(GT), percentage=0.01) | map_noise(attribute=PT08.S2(NMHC), percentage=0.25) | map_noise(attribute=PT08.S4(NO2), percentage=0.10) | map_noise(attribute=RH, percentage=0.25) };7.63812e-01;1.00000e+00;1.00000e+00;Pipeline { map_noise(attribute=NOx(GT), percentage=0.25) | map_noise(attribute=C6H6(GT), percentage=0.01) | map_noise(attribute=PT08.S2(NMHC), percentage=0.25) | map_noise(attribute=PT08.S4(NO2), percentage=0.10) | map_noise(attribute=RH, percentage=0.25) };8.56196e-01;1.95719e-01;6.84651e-01;Pipeline { filter(NOx(GT) < 397.0000) | map_duplicate(probability=0.50) | map_noise(attribute=PT08.S4(NO2), percentage=0.10) };8.07822e-01;4.73282e-01;7.87046e-01;Pipeline { filter(NOx(GT) < 712.0000) | map_duplicate(probability=0.30) | map_noise(attribute=PT08.S3(NOx), percentage=0.05) };8.05879e-01;4.93766e-01;7.86625e-01;Pipeline { filter(NOx(GT) < 718.0000) | map_duplicate(probability=0.30) | map_noise(attribute=PT08.S2(NMHC), percentage=0.05) }
datasets/airQuality_parallel.csv;nsga2;1;42;4200;4200;1.83994e+02;100;45;55;1.00000e+00;1.00000e+00;1.00000e+00;8.71123e-01;1.22977e-01;6.50690e-01;Pipeline { filter(NOx(GT) < 339.0000) | map_duplicate(probability=0.60) | map_noise(attribute=NOx(GT), percentage=0.25) };7.63812e-01;1.00000e+00;1.00000e+00;Pipeline { map_noise(attribute=NOx(GT), percentage=0.25) | map_noise(attribute=C6H6(GT), percentage=0.01) | map_noise(attribute=PT08.S2(NMHC), percentage=0.25) | map_noise(attribute=PT08.S4(NO2), percentage=0.10) | map_noise(attribute=RH, percentage=0.25) };7.63812e-01;1.00000e+00;1.00000e+00;Pipeline { map_noise(attribute=NOx(GT), percentage=0.25) | map_noise(attribute=C6H6(GT), percentage=0.01) | map_noise(attribute=PT08.S2(NMHC), percentage=0.25) | map_noise(attribute=PT08.S4(NO2), percentage=0.10) | map_noise(attribute=RH, percentage=0.25) };8.55337e-01;2.48521e-01;7.12590e-01;Pipeline { filter(NOx(GT) < 489.0000) | map_duplicate(probability=0.40) | map_noise(attribute=C6H6(GT), percentage=0.25) };8.03945e-01;4.78803e-01;7.95647e-01;Pipeline { filter(NOx(GT) < 718.0000) | map_duplicate(probability=0.30) | map_noise(attribute=T, percentage=0.05) };8.09519e-01;4.75000e-01;7.91320e-01;Pipeline { filter(NOx(GT) < 712.0000) | map_duplicate(probability=0.30) | map_noise(attribute=PT08.S5(O3), percentage=0.05) }
datasets/airQuality_parallel.csv;nsga2;1;43;4300;4300;1.87287e+02;100;48;52;1.00000e+00;1.00000e+00;1.00000e+00;8.71123e-01;1.22977e-01;6.50690e-01;Pipeline { filter(NOx(GT) < 339.0000) | map_duplicate(probability=0.60) | map_noise(attribute=NOx(GT), percentage=0.25) };7.63812e-01;1.00000e+00;1.00000e+00;Pipeline { map_noise(attribute=NOx(GT), percentage=0.25) | map_noise(attribute=C6H6(GT), percentage=0.01) | map_noise(attribute=PT08.S2(NMHC), percentage=0.25) | map_noise(attribute=PT08.S4(NO2), percentage=0.10) | map_noise(attribute=RH, percentage=0.25) };7.63812e-01;1.00000e+00;1.00000e+00;Pipeline { map_noise(attribute=NOx(GT), percentage=0.25) | map_noise(attribute=C6H6(GT), percentage=0.01) | map_noise(attribute=PT08.S2(NMHC), percentage=0.25) | map_noise(attribute=PT08.S4(NO2), percentage=0.10) | map_noise(attribute=RH, percentage=0.25) };8.54942e-01;2.07951e-01;6.87369e-01;Pipeline { filter(NOx(GT) < 395.0000) | map_duplicate(probability=0.50) | map_noise(attribute=PT08.S4(NO2), percentage=0.05) };8.05879e-01;4.93766e-01;7.86625e-01;Pipeline { filter(NOx(GT) < 718.0000) | map_duplicate(probability=0.30) | map_noise(attribute=PT08.S2(NMHC), percentage=0.05) };8.02605e-01;4.89104e-01;7.96749e-01;Pipeline { filter(NOx(GT) < 734.0000) | map_duplicate(probability=0.30) | map_noise(attribute=PT08.S5(O3), percentage=0.05) }
datasets/airQuality_parallel.csv;nsga2;1;44;4400;4400;1.93035e+02;100;50;50;1.00000e+00;1.00000e+00;1.00000e+00;8.71123e-01;1.22977e-01;6.50690e-01;Pipeline { filter(NOx(GT) < 339.0000) | map_duplicate(probability=0.60) | map_noise(attribute=NOx(GT), percentage=0.25) };7.63812e-01;1.00000e+00;1.00000e+00;Pipeline { map_noise(attribute=NOx(GT), percentage=0.25) | map_noise(attribute=C6H6(GT), percentage=0.01) | map_noise(attribute=PT08.S2(NMHC), percentage=0.25) | map_noise(attribute=PT08.S4(NO2), percentage=0.10) | map_noise(attribute=RH, percentage=0.25) };7.63812e-01;1.00000e+00;1.00000e+00;Pipeline { map_noise(attribute=NOx(GT), percentage=0.25) | map_noise(attribute=C6H6(GT), percentage=0.01) | map_noise(attribute=PT08.S2(NMHC), percentage=0.25) | map_noise(attribute=PT08.S4(NO2), percentage=0.10) | map_noise(attribute=RH, percentage=0.25) };8.54942e-01;2.07951e-01;6.87369e-01;Pipeline { filter(NOx(GT) < 395.0000) | map_duplicate(probability=0.50) | map_noise(attribute=PT08.S4(NO2), percentage=0.05) };7.96549e-01;4.98753e-01;7.87698e-01;Pipeline { filter(NOx(GT) < 738.0000) | map_duplicate(probability=0.30) | map_noise(attribute=PT08.S5(O3), percentage=0.05) };8.00188e-01;5.18519e-01;7.97477e-01;Pipeline { filter(NOx(GT) < 734.0000) | map_duplicate(probability=0.30) | map_noise(attribute=AH, percentage=0.05) }
datasets/airQuality_parallel.csv;nsga2;1;45;4500;4500;1.96355e+02;100;27;10;1.00000e+00;1.00000e+00;1.00000e+00;8.71123e-01;1.22977e-01;6.50690e-01;Pipeline { filter(NOx(GT) < 339.0000) | map_duplicate(probability=0.60) | map_noise(attribute=NOx(GT), percentage=0.25) };7.52166e-01;1.00000e+00;1.00000e+00;Pipeline { map_noise(attribute=NOx(GT), percentage=0.25) | map_noise(attribute=C6H6(GT), percentage=0.01) | map_noise(attribute=T, percentage=0.05) | map_noise(attribute=PT08.S4(NO2), percentage=0.10) | map_noise(attribute=RH, percentage=0.25) };7.52166e-01;1.00000e+00;1.00000e+00;Pipeline { map_noise(attribute=NOx(GT), percentage=0.25) | map_noise(attribute=C6H6(GT), percentage=0.01) | map_noise(attribute=T, percentage=0.05) | map_noise(attribute=PT08.S4(NO2), percentage=0.10) | map_noise(attribute=RH, percentage=0.25) };8.57713e-01;2.40240e-01;7.09257e-01;Pipeline { filter(NOx(GT) < 492.0000) | map_duplicate(probability=0.40) | map_noise(attribute=PT08.S2(NMHC), percentage=0.10) };7.95054e-01;5.93750e-01;8.38389e-01;Pipeline { filter(NOx(GT) < 796.0000) | map_duplicate(probability=0.20) | map_noise(attribute=CO(GT), percentage=0.05) };7.94168e-01;5.81986e-01;8.17233e-01;Pipeline { filter(NOx(GT) < 768.0000) | map_duplicate(probability=0.30) | map_noise(attribute=NMHC(GT), percentage=0.10) }
datasets/airQuality_parallel.csv;nsga2;1;46;4600;4600;2.00952e+02;100;30;4;1.00000e+00;1.00000e+00;1.00000e+00;8.71123e-01;1.22977e-01;6.50690e-01;Pipeline { filter(NOx(GT) < 339.0000) | map_duplicate(probability=0.60) | map_noise(attribute=NOx(GT), percentage=0.25) };7.63763e-01;1.00000e+00;1.00000e+00;Pipeline { map_noise(attribute=NOx(GT), percentage=0.25) | map_noise(attribute=C6H6(GT), percentage=0.01) | map_noise(attribute=PT08.S1(CO), percentage=0.25) | map_noise(attribute=PT08.S4(NO2), percentage=0.10) | map_noise(attribute=RH, percentage=0.25) };7.63763e-01;1.00000e+00;1.00000e+00;Pipeline { map_noise(attribute=NOx(GT), percentage=0.25) | map_noise(attribute=C6H6(GT), percentage=0.01) | map_noise(attribute=PT08.S1(CO), percentage=0.25) | map_noise(attribute=PT08.S4(NO2), percentage=0.10) | map_noise(attribute=RH, percentage=0.25) };8.57713e-01;2.40240e-01;7.09257e-01;Pipeline { filter(NOx(GT) < 492.0000) | map_duplicate(probability=0.40) | map_noise(attribute=PT08.S2(NMHC), percentage=0.10) };7.95726e-01;5.97222e-01;8.18862e-01;Pipeline { filter(NOx(GT) < 768.0000) | map_duplicate(probability=0.30) | map_noise(attribute=PT08.S1(CO), percentage=0.10) };7.98364e-01;5.85480e-01;8.18750e-01;Pipeline { filter(NOx(GT) < 768.0000) | map_duplicate(probability=0.30) | map_noise(attribute=RH, percentage=0.10) }
datasets/airQuality_parallel.csv;nsga2;1;47;4700;4700;2.05046e+02;100;32;68;1.00000e+00;1.00000e+00;1.00000e+00;8.71123e-01;1.22977e-01;6.50690e-01;Pipeline { filter(NOx(GT) < 339.0000) | map_duplicate(probability=0.60) | map_noise(attribute=NOx(GT), percentage=0.25) };7.63812e-01;1.00000e+00;1.00000e+00;Pipeline { map_noise(attribute=NOx(GT), percentage=0.25) | map_noise(attribute=C6H6(GT), percentage=0.01) | map_noise(attribute=PT08.S2(NMHC), percentage=0.25) | map_noise(attribute=PT08.S4(NO2), percentage=0.10) | map_noise(attribute=RH, percentage=0.25) };7.63812e-01;1.00000e+00;1.00000e+00;Pipeline { map_noise(attribute=NOx(GT), percentage=0.25) | map_noise(attribute=C6H6(GT), percentage=0.01) | map_noise(attribute=PT08.S2(NMHC), percentage=0.25) | map_noise(attribute=PT08.S4(NO2), percentage=0.10) | map_noise(attribute=RH, percentage=0.25) };8.57194e-01;1.85185e-01;6.85071e-01;Pipeline { filter(NOx(GT) < 393.0000) | map_duplicate(probability=0.50) | map_noise(attribute=PT08.S5(O3), percentage=0.10) };7.93187e-01;6.00000e-01;8.32157e-01;Pipeline { filter(NOx(GT) < 796.0000) | map_duplicate(probability=0.30) | map_noise(attribute=PT08.S5(O3), percentage=0.10) };7.98364e-01;5.85480e-01;8.18750e-01;Pipeline { filter(NOx(GT) < 768.0000) | map_duplicate(probability=0.30) | map_noise(attribute=RH, percentage=0.10) }
datasets/airQuality_parallel.csv;nsga2;1;48;4800;4800;2.08795e+02;100;34;66;1.00000e+00;1.00000e+00;1.00000e+00;8.71123e-01;1.22977e-01;6.50690e-01;Pipeline { filter(NOx(GT) < 339.0000) | map_duplicate(probability=0.60) | map_noise(attribute=NOx(GT), percentage=0.25) };7.63812e-01;1.00000e+00;1.00000e+00;Pipeline { map_noise(attribute=NOx(GT), percentage=0.25) | map_noise(attribute=C6H6(GT), percentage=0.01) | map_noise(attribute=PT08.S2(NMHC), percentage=0.25) | map_noise(attribute=PT08.S4(NO2), percentage=0.10) | map_noise(attribute=RH, percentage=0.25) };7.63812e-01;1.00000e+00;1.00000e+00;Pipeline { map_noise(attribute=NOx(GT), percentage=0.25) | map_noise(attribute=C6H6(GT), percentage=0.01) | map_noise(attribute=PT08.S2(NMHC), percentage=0.25) | map_noise(attribute=PT08.S4(NO2), percentage=0.10) | map_noise(attribute=RH, percentage=0.25) };8.55337e-01;2.48521e-01;7.12590e-01;Pipeline { filter(NOx(GT) < 489.0000) | map_duplicate(probability=0.40) | map_noise(attribute=C6H6(GT), percentage=0.25) };7.94086e-01;6.00897e-01;8.32837e-01;Pipeline { filter(NOx(GT) < 798.0000) | map_duplicate(probability=0.30) | map_noise(attribute=NMHC(GT), percentage=0.25) };7.97495e-01;5.65421e-01;8.21814e-01;Pipeline { filter(NOx(GT) < 796.0000) | map_duplicate(probability=0.30) | map_noise(attribute=CO(GT), percentage=0.05) }
datasets/airQuality_parallel.csv;nsga2;1;49;4900;4900;2.14709e+02;100;33;67;1.00000e+00;1.00000e+00;1.00000e+00;8.71123e-01;1.22977e-01;6.50690e-01;Pipeline { filter(NOx(GT) < 339.0000) | map_duplicate(probability=0.60) | map_noise(attribute=NOx(GT), percentage=0.25) };7.63812e-01;1.00000e+00;1.00000e+00;Pipeline { map_noise(attribute=NOx(GT), percentage=0.25) | map_noise(attribute=C6H6(GT), percentage=0.01) | map_noise(attribute=PT08.S2(NMHC), percentage=0.25) | map_noise(attribute=PT08.S4(NO2), percentage=0.10) | map_noise(attribute=RH, percentage=0.25) };7.63812e-01;1.00000e+00;1.00000e+00;Pipeline { map_noise(attribute=NOx(GT), percentage=0.25) | map_noise(attribute=C6H6(GT), percentage=0.01) | map_noise(attribute=PT08.S2(NMHC), percentage=0.25) | map_noise(attribute=PT08.S4(NO2), percentage=0.10) | map_noise(attribute=RH, percentage=0.25) };8.55958e-01;1.96319e-01;6.88952e-01;Pipeline { filter(NOx(GT) < 397.0000) | map_duplicate(probability=0.50) | map_noise(attribute=PT08.S3(NOx), percentage=0.25) };7.95726e-01;5.97222e-01;8.18862e-01;Pipeline { filter(NOx(GT) < 768.0000) | map_duplicate(probability=0.30) | map_noise(attribute=PT08.S1(CO), percentage=0.10) };7.95973e-01;6.08696e-01;8.22276e-01;Pipeline { filter(NOx(GT) < 778.0000) | map_duplicate(probability=0.30) | map_noise(attribute=RH, percentage=0.10) }
datasets/airQuality_parallel.csv;nsga2;1;50;5000;5000;2.18376e+02;100;28;2;1.00000e+00;1.00000e+00;1.00000e+00;8.71123e-01;1.22977e-01;6.50690e-01;Pipeline { filter(NOx(GT) < 339.0000) | map_duplicate(probability=0.60) | map_noise(attribute=NOx(GT), percentage=0.25) };7.44045e-01;1.00000e+00;1.00000e+00;Pipeline { map_noise(attribute=NOx(GT), percentage=0.10) | map_noise(attribute=C6H6(GT), percentage=0.01) | map_noise(attribute=PT08.S2(NMHC), percentage=0.25) | map_noise(attribute=PT08.S4(NO2), percentage=0.10) | map_noise(attribute=RH, percentage=0.25) };7.44045e-01;1.00000e+00;1.00000e+00;Pipeline { map_noise(attribute=NOx(GT), percentage=0.10) | map_noise(attribute=C6H6(GT), percentage=0.01) | map_noise(attribute=PT08.S2(NMHC), percentage=0.25) | map_noise(attribute=PT08.S4(NO2), percentage=0.10) | map_noise(attribute=RH, percentage=0.25) };8.57194e-01;1.85185e-01;6.85071e-01;Pipeline { filter(NOx(GT) < 393.0000) | map_duplicate(probability=0.50) | map_noise(attribute=PT08.S5(O3), percentage=0.10) };7.94226e-01;6.05923e-01;8.32059e-01;Pipeline { filter(NOx(GT) < 796.0000) | map_duplicate(probability=0.20) | map_noise(attribute=PT08.S5(O3), percentage=0.25) };7.92861e-01;6.19266e-01;8.22700e-01;Pipeline { filter(NOx(GT) < 796.0000) | map_duplicate(probability=0.30) | map_noise(attribute=C6H6(GT), percentage=0.10) }
datasets/airQuality_parallel.csv;nsga2;2;1;100;100;9.42400e+00;100;8;57;9.60000e-01;9.60000e-01;3.90000e-01;7.47086e-01;8.73096e-01;8.18897e-01;Pipeline { map_noise(attribute=CO(GT), percentage=0.10) };6.11232e-01;1.00000e+00;9.22858e-01;Pipeline { filter(NO2(GT) < 37200.0000) };7.26894e-01;1.00000e+00;1.00000e+00;Pipeline { map_noise(attribute=NO2(GT), percentage=0.05) | map_noise(attribute=NOx(GT), percentage=0.05) | map_noise(attribute=C6H6(GT), percentage=0.01) };4.62807e-01;9.56522e-01;7.95671e-01;Pipeline { map_duplicate(probability=0.60) };2.53972e-01;9.06250e-01;3.77018e-01;Pipeline { map_noise(attribute=NO2(GT), percentage=0.10) | map_duplicate(probability=0.70) | map_duplicate(probability=0.70) | map_noise(attribute=PT08.S1(CO), percentage=0.05) };4.00184e-01;6.58363e-01;7.69623e-01;Pipeline { map_noise(attribute=NO2(GT), percentage=0.25) | map_duplicate(probability=0.70) }
datasets/airQuality_parallel.csv;nsga2;2;2;200;200;1.79900e+01;100;3;1;9.60000e-01;9.50000e-01;7.90000e-01;7.49660e-01;9.36567e-01;9.49204e-01;Pipeline { filter(PT08.S4(NO2) > 0.0001) | map_noise(attribute=PT08.S1(CO), percentage=0.10) | filter(PT08.S1(CO) > 0.0426) | filter(PT08.S3(NOx) > 8.6600) };6.11232e-01;1.00000e+00;9.22858e-01;Pipeline { filter(NO2(GT) < 37200.0000) };7.26894e-01;1.00000e+00;1.00000e+00;Pipeline { map_noise(attribute=NO2(GT), percentage=0.05) | map_noise(attribute=NOx(GT), percentage=0.05) | map_noise(attribute=C6H6(GT), percentage=0.01) };7.41322e-01;1.00000e+00;1.00000e+00;Pipeline { map_noise(attribute=PT08.S2(NMHC), percentage=0.10) };7.41788e-01;1.00000e+00;1.00000e+00;Pipeline { map_noise(attribute=NO2(GT), percentage=0.01) };7.45398e-01;1.00000e+00;1.00000e+00;Pipeline { map_noise(attribute=NO2(GT), percentage=0.05) | map_noise(attribute=NOx(GT), percentage=0.05) | map_noise(attribute=PT08.S1(CO), percentage=0.05) }
datasets/airQuality_parallel.csv;nsga2;2;3;300;300;2.61610e+01;100;3;9;9.90000e-01;9.90000e-01;6.20000e-01;7.61849e-01;9.36567e-01;9.49204e-01;Pipeline { filter(PT08.S4(NO2) > 0.0817) | map_noise(attribute=PT08.S1(CO), percentage=0.10) | filter(PT08.S1(CO) > 426.0000) | filter(PT08.S3(NOx) > 8.6600) };6.11232e-01;1.00000e+00;9.22858e-01;Pipeline { filter(NO2(GT) < 37200.0000) };7.26894e-01;1.00000e+00;1.00000e+00;Pipeline { map_noise(attribute=NO2(GT), percentage=0.05) | map_noise(attribute=NOx(GT), percentage=0.05) | map_noise(attribute=C6H6(GT), percentage=0.01) };7.41322e-01;1.00000e+00;1.00000e+00;Pipeline { map_noise(attribute=AH, percentage=0.10) };7.41322e-01;1.00000e+00;1.00000e+00;Pipeline { map_noise(attribute=PT08.S2(NMHC), percentage=0.01) };7.41322e-01;1.00000e+00;1.00000e+00;Pipeline { map_noise(attribute=C6H6(GT), percentage=0.25) }
datasets/airQuality_parallel.csv;nsga2;2;4;400;400;3.10500e+01;100;2;1;1.00000e+00;9.90000e-01;5.60000e-01;7.64499e-01;9.36567e-01;9.49204e-01;Pipeline { map_noise(attribute=C6H6(GT), percentage=0.25) | filter(RH > 0.0001) };7.35971e-01;1.00000e+00;1.00000e+00;Pipeline { map_noise(attribute=NO2(GT), percentage=0.05) | map_noise(attribute=C6H6(GT), percentage=0.05) | map_noise(attribute=C6H6(GT), percentage=0.25) };7.35971e-01;1.00000e+00;1.00000e+00;Pipeline { map_noise(attribute=NO2(GT), percentage=0.05) | map_noise(attribute=C6H6(GT), percentage=0.05) | map_noise(attribute=C6H6(GT), percentage=0.25) };7.44929e-01;1.00000e+00;1.00000e+00;Pipeline { map_noise(attribute=PT08.S2(NMHC), percentage=0.25) | map_noise(attribute=NOx(GT), percentage=0.05) | map_noise(attribute=C6H6(GT), percentage=0.25) };7.41322e-01;1.00000e+00;1.00000e+00;Pipeline { map_noise(attribute=C6H6(GT), percentage=0.25) };7.41322e-01;1.00000e+00;1.00000e+00;Pipeline { map_noise(attribute=C6H6(GT), percentage=0.25) }
datasets/airQuality_parallel.csv;nsga2;2;5;500;500;3.67590e+01;100;2;1;1.00000e+00;1.00000e+00;6.00000e-01;7.64499e-01;9.36567e-01;9.49204e-01;Pipeline { map_noise(attribute=C6H6(GT), percentage=0.25) | filter(RH > 0.0001) };7.40303e-01;1.00000e+00;1.00000e+00;Pipeline { map_noise(attribute=PT08.S2(NMHC), percentage=0.05) | map_noise(attribute=T, percentage=0.25) | map_noise(attribute=RH, percentage=0.25) | map_noise(attribute=NOx(GT), percentage=0.10) | map_noise(attribute=C6H6(GT), percentage=0.25) | map_noise(attribute=PT08.S5(O3), percentage=0.05) };7.40303e-01;1.00000e+00;1.00000e+00;Pipeline { map_noise(attribute=PT08.S2(NMHC), percentage=0.05) | map_noise(attribute=T, percentage=0.25) | map_noise(attribute=RH, percentage=0.25) | map_noise(attribute=NOx(GT), percentage=0.10) | map_noise(attribute=C6H6(GT), percentage=0.25) | map_noise(attribute=PT08.S5(O3), percentage=0.05) };7.47396e-01;9.85866e-01;9.68157e-01;Pipeline { map_noise(attribute=PT08.S4(NO2), percentage=0.25) | map_noise(attribute=NOx(GT), percentage=0.05) | map_noise(attribute=CO(GT), percentage=0.01) };7.41322e-01;1.00000e+00;1.00000e+00;Pipeline { map_noise(attribute=NMHC(GT), percentage=0.01) };7.41322e-01;1.00000e+00;1.00000e+00;Pipeline { map_noise(attribute=NMHC(GT), percentage=0.01) }
datasets/airQuality_parallel.csv;nsga2;2;6;600;600;4.10450e+01;100;3;25;1.00000e+00;1.00000e+00;7.90000e-01;7.64880e-01;4.35065e-01;8.18370e-01;Pipeline { map_duplicate(probability=0.10) | map_duplicate(probability=0.10) | map_noise(attribute=CO(GT), percentage=0.25) | map_noise(attribute=CO(GT), percentage=0.10) | filter(T > 7.9000) };7.41322e-01;1.00000e+00;1.00000e+00;Pipeline { map_noise(attribute=NMHC(GT), percentage=0.01) };7.41322e-01;1.00000e+00;1.00000e+00;Pipeline { map_noise(attribute=NMHC(GT), percentage=0.01) };7.49758e-01;1.00000e+00;1.00000e+00;Pipeline { map_noise(attribute=PT08.S1(CO), percentage=0.05) | map_noise(attribute=NOx(GT), percentage=0.05) | map_noise(attribute=PT08.S5(O3), percentage=0.05) };7.42866e-01;1.00000e+00;1.00000e+00;Pipeline { map_noise(attribute=NO2(GT), percentage=0.05) | map_noise(attribute=NOx(GT), percentage=0.01) | map_noise(attribute=T, percentage=0.25) };7.42866e-01;1.00000e+00;1.00000e+00;Pipeline { map_noise(attribute=NO2(GT), percentage=0.05) | map_noise(attribute=NOx(GT), percentage=0.01) | map_noise(attribute=T, percentage=0.25) }
datasets/airQuality_parallel.csv;nsga2;2;7;700;700;4.67860e+01;100;3;4;1.00000e+00;1.00000e+00;1.00000e+00;7.64880e-01;4.35065e-01;8.18370e-01;Pipeline { map_duplicate(probability=0.10) | map_duplicate(probability=0.10) | map_noise(attribute=CO(GT), percentage=0.25) | map_noise(attribute=CO(GT), percentage=0.10) | filter(T > 7.9000) };7.42422e-01;1.00000e+00;1.00000e+00;Pipeline { map_noise(attribute=PT08.S2(NMHC), percentage=0.05) | map_noise(attribute=T, percentage=0.25) | map_noise(attribute=C6H6(GT), percentage=0.01) | map_noise(attribute=NOx(GT), percentage=0.10) | map_noise(attribute=PT08.S2(NMHC), percentage=0.25) | map_noise(attribute=PT08.S5(O3), percentage=0.05) };7.42422e-01;1.00000e+00;1.00000e+00;Pipeline { map_noise(attribute=PT08.S2(NMHC), percentage=0.05) | map_noise(attribute=T, percentage=0.25) | map_noise(attribute=C6H6(GT), percentage=0.01) | map_noise(attribute=NOx(GT), percentage=0.10) | map_noise(attribute=PT08.S2(NMHC), percentage=0.25) | map_noise(attribute=PT08.S5(O3), percentage=0.05) };7.51585e-01;9.36567e-01;9.49204e-01;Pipeline { filter(PT08.S4(NO2) > 0.0817) | map_noise(attribute=PT08.S5(O3), percentage=0.10) | filter(PT08.S1(CO) > 426.0000) | filter(PT08.S3(NOx) > 0.0083) };7.47603e-01;1.00000e+00;1.00000e+00;Pipeline { map_noise(attribute=PT08.S4(NO2), percentage=0.01) | map_noise(attribute=NOx(GT), percentage=0.05) | map_noise(attribute=RH, percentage=0.01) };7.47917e-01;1.00000e+00;1.00000e+00;Pipeline { map_noise(attribute=PT08.S2(NMHC), percentage=0.05) | map_noise(attribute=T, percentage=0.25) | map_noise(attribute=RH, percentage=0.25) | map_noise(attribute=NOx(GT), percentage=0.10) | map_noise(attribute=NOx(GT), percentage=0.01) | map_noise(attribute=PT08.S3(NOx), percentage=0.01) }
datasets/airQuality_parallel.csv;nsga2;2;8;800;800;5.18390e+01;100;2;1;1.00000e+00;1.00000e+00;1.00000e+00;7.65468e-01;9.87698e-01;9.94793e-01;Pipeline { map_noise(attribute=PT08.S2(NMHC), percentage=0.05) | map_noise(attribute=PT08.S2(NMHC), percentage=0.25) | map_noise(attribute=RH, percentage=0.25) | map_noise(attribute=NOx(GT), percentage=0.10) | map_noise(attribute=PT08.S2(NMHC), percentage=0.01) | map_noise(attribute=NO2(GT), percentage=0.10) };7.44539e-01;1.00000e+00;1.00000e+00;Pipeline { map_noise(attribute=PT08.S4(NO2), percentage=0.25) | map_noise(attribute=NOx(GT), percentage=0.05) | map_noise(attribute=AH, percentage=0.01) };7.44539e-01;1.00000e+00;1.00000e+00;Pipeline { map_noise(attribute=PT08.S4(NO2), percentage=0.25) | map_noise(attribute=NOx(GT), percentage=0.05) | map_noise(attribute=AH, percentage=0.01) };7.53730e-01;9.36567e-01;9.49204e-01;Pipeline { filter(PT08.S4(NO2) > 0.0817) | map_noise(attribute=PT08.S5(O3), percentage=0.10) | filter(PT08.S5(O3) < 310000000.0000) | filter(PT08.S3(NOx) > 8.6600) };7.49023e-01;1.00000e+00;1.00000e+00;Pipeline { map_noise(attribute=PT08.S2(NMHC), percentage=0.05) | map_noise(attribute=T, percentage=0.25) | map_noise(attribute=NO2(GT), percentage=0.01) | map_noise(attribute=NOx(GT), percentage=0.10) | map_noise(attribute=NMHC(GT), percentage=0.01) | map_noise(attribute=PT08.S5(O3), percentage=0.05) };7.49543e-01;1.00000e+00;1.00000e+00;Pipeline { map_noise(attribute=PT08.S4(NO2), percentage=0.25) | map_noise(attribute=NOx(GT), percentage=0.05) | map_noise(attribute=PT08.S1(CO), percentage=0.25) }
datasets/airQuality_parallel.csv;nsga2;2;9;900;900;5.62140e+01;100;3;1;1.00000e+00;1.00000e+00;1.00000e+00;7.78855e-01;4.27289e-01;8.36687e-01;Pipeline { map_duplicate(probability=0.10) | map_duplicate(probability=0.10) | map_noise(attribute=CO(GT), percentage=0.10) | map_noise(attribute=CO(GT), percentage=0.25) | filter(T > 7.9000) };7.45863e-01;1.00000e+00;1.00000e+00;Pipeline { map_noise(attribute=PT08.S2(NMHC), percentage=0.05) | map_noise(attribute=T, percentage=0.25) | map_noise(attribute=RH, percentage=0.25) | map_noise(attribute=NOx(GT), percentage=0.10) | map_noise(attribute=PT08.S2(NMHC), percentage=0.25) | map_noise(attribute=PT08.S5(O3), percentage=0.05) };7.45863e-01;1.00000e+00;1.00000e+00;Pipeline { map_noise(attribute=PT08.S2(NMHC), percentage=0.05) | map_noise(attribute=T, percentage=0.25) | map_noise(attribute=RH, percentage=0.25) | map_noise(attribute=NOx(GT), percentage=0.10) | map_noise(attribute=PT08.S2(NMHC), percentage=0.25) | map_noise(attribute=PT08.S5(O3), percentage=0.05) };7.55114e-01;1.00000e+00;1.00000e+00;Pipeline { map_noise(attribute=NO2(GT), percentage=0.05) | map_noise(attribute=PT08.S5(O3), percentage=0.10) | map_noise(attribute=C6H6(GT), percentage=0.10) };7.49543e-01;1.00000e+00;1.00000e+00;Pipeline { map_noise(attribute=PT08.S4(NO2), percentage=0.25) | map_noise(attribute=NOx(GT), percentage=0.05) | map_noise(attribute=PT08.S1(CO), percentage=0.25) };7.49543e-01;1.00000e+00;1.00000e+00;Pipeline { map_noise(attribute=PT08.S4(NO2), percentage=0.25) | map_noise(attribute=NOx(GT), percentage=0.05) | map_noise(attribute=PT08.S1(CO), percentage=0.25) }
datasets/airQuality_parallel.csv;nsga2;2;10;1000;1000;6.12730e+01;100;6;1;1.00000e+00;1.00000e+00;1.00000e+00;7.78855e-01;4.27289e-01;8.36687e-01;Pipeline { map_duplicate(probability=0.10) | map_duplicate(probability=0.10) | map_noise(attribute=CO(GT), percentage=0.10) | map_noise(attribute=CO(GT), percentage=0.25) | filter(T > 7.9000) };7.47032e-01;1.00000e+00;1.00000e+00;Pipeline { map_noise(attribute=PT08.S2(NMHC), percentage=0.25) | map_noise(attribute=RH, percentage=0.05) | map_noise(attribute=NOx(GT), percentage=0.25) };7.47032e-01;1.00000e+00;1.00000e+00;Pipeline { map_noise(attribute=PT08.S2(NMHC), percentage=0.25) | map_noise(attribute=RH, percentage=0.05) | map_noise(attribute=NOx(GT), percentage=0.25) };7.56526e-01;8.74126e-01;9.22245e-01;Pipeline { map_noise(attribute=PT08.S2(NMHC), percentage=0.05) | map_noise(attribute=PT08.S5(O3), percentage=0.01) | map_noise(attribute=CO(GT), percentage=0.10) | map_noise(attribute=NOx(GT), percentage=0.10) | map_noise(attribute=NOx(GT), percentage=0.01) | map_noise(attribute=PT08.S5(O3), percentage=0.05) };7.50192e-01;1.00000e+00;1.00000e+00;Pipeline { map_noise(attribute=PT08.S4(NO2), percentage=0.01) | map_noise(attribute=PT08.S3(NOx), percentage=0.01) | map_noise(attribute=NOx(GT), percentage=0.05) };7.50192e-01;1.00000e+00;1.00000e+00;Pipeline { map_noise(attribute=PT08.S4(NO2), percentage=0.01) | map_noise(attribute=PT08.S3(NOx), percentage=0.01) | map_noise(attribute=NOx(GT), percentage=0.05) }
datasets/airQuality_parallel.csv;nsga2;2;11;1100;1100;6.51040e+01;100;6;3;1.00000e+00;1.00000e+00;1.00000e+00;7.78855e-01;4.27289e-01;8.36687e-01;Pipeline { map_duplicate(probability=0.10) | map_duplicate(probability=0.10) | map_noise(attribute=CO(GT), percentage=0.10) | map_noise(attribute=CO(GT), percentage=0.25) | filter(T > 7.9000) };7.47422e-01;1.00000e+00;1.00000e+00;Pipeline { map_noise(attribute=PT08.S2(NMHC), percentage=0.05) | map_noise(attribute=T, percentage=0.25) | map_noise(attribute=RH, percentage=0.05) | map_noise(attribute=NOx(GT), percentage=0.10) | map_noise(attribute=PT08.S2(NMHC), percentage=0.01) | map_noise(attribute=PT08.S5(O3), percentage=0.05) };7.47422e-01;1.00000e+00;1.00000e+00;Pipeline { map_noise(attribute=PT08.S2(NMHC), percentage=0.05) | map_noise(attribute=T, percentage=0.25) | map_noise(attribute=RH, percentage=0.05) | map_noise(attribute=NOx(GT), percentage=0.10) | map_noise(attribute=PT08.S2(NMHC), percentage=0.01) | map_noise(attribute=PT08.S5(O3), percentage=0.05) };7.58936e-01;1.00000e+00;1.00000e+00;Pipeline { map_noise(attribute=NO2(GT), percentage=0.05) | map_noise(attribute=AH, percentage=0.01) | map_noise(attribute=PT08.S1(CO), percentage=0.05) };7.51372e-01;1.00000e+00;1.00000e+00;Pipeline { map_noise(attribute=PT08.S1(CO), percentage=0.05) | map_noise(attribute=NOx(GT), percentage=0.05) | map_noise(attribute=PT08.S4(NO2), percentage=0.10) };7.51372e-01;1.00000e+00;1.00000e+00;Pipeline { map_noise(attribute=PT08.S1(CO), percentage=0.05) | map_noise(attribute=NOx(GT), percentage=0.05) | map_noise(attribute=PT08.S4(NO2), percentage=0.10) }
datasets/airQuality_parallel.csv;nsga2;2;12;1200;1200;6.96180e+01;100;5;2;1.00000e+00;1.00000e+00;1.00000e+00;7.82262e-01;7.63158e-01;8.54130e-01;Pipeline { map_duplicate(probability=0.10) | map_duplicate(probability=0.10) | map_noise(attribute=PT08.S4(NO2), percentage=0.05) | map_noise(attribute=CO(GT), percentage=0.10) | filter(T > 7.9000) };7.47669e-01;1.00000e+00;1.00000e+00;Pipeline { map_noise(attribute=PT08.S2(NMHC), percentage=0.05) | map_noise(attribute=RH, percentage=0.25) | map_noise(attribute=PT08.S4(NO2), percentage=0.01) | map_noise(attribute=NOx(GT), percentage=0.10) | map_noise(attribute=PT08.S2(NMHC), percentage=0.01) | map_noise(attribute=PT08.S5(O3), percentage=0.05) };7.47669e-01;1.00000e+00;1.00000e+00;Pipeline { map_noise(attribute=PT08.S2(NMHC), percentage=0.05) | map_noise(attribute=RH, percentage=0.25) | map_noise(attribute=PT08.S4(NO2), percentage=0.01) | map_noise(attribute=NOx(GT), percentage=0.10) | map_noise(attribute=PT08.S2(NMHC), percentage=0.01) | map_noise(attribute=PT08.S5(O3), percentage=0.05) };7.60388e-01;9.36567e-01;9.49204e-01;Pipeline { filter(PT08.S4(NO2) > 0.0817) | map_noise(attribute=PT08.S5(O3), percentage=0.10) | filter(PT08.S1(CO) > 426.0000) | filter(PT08.S3(NOx) > 8.6600) };7.51891e-01;1.00000e+00;1.00000e+00;Pipeline { map_noise(attribute=PT08.S2(NMHC), percentage=0.05) | map_noise(attribute=C6H6(GT), percentage=0.05) | map_noise(attribute=RH, percentage=0.25) | map_noise(attribute=NOx(GT), percentage=0.10) | map_noise(attribute=PT08.S2(NMHC), percentage=0.01) | map_noise(attribute=PT08.S5(O3), percentage=0.05) };7.51891e-01;1.00000e+00;1.00000e+00;Pipeline { map_noise(attribute=PT08.S2(NMHC), percentage=0.05) | map_noise(attribute=C6H6(GT), percentage=0.05) | map_noise(attribute=RH, percentage=0.25) | map_noise(attribute=NOx(GT), percentage=0.10) | map_noise(attribute=PT08.S2(NMHC), percentage=0.01) | map_noise(attribute=PT08.S5(O3), percentage=0.05) }
datasets/airQuality_parallel.csv;nsga2;2;13;1300;1300;7.38680e+01;100;6;1;1.00000e+00;1.00000e+00;1.00000e+00;7.82262e-01;7.63158e-01;8.54130e-01;Pipeline { map_duplicate(probability=0.10) | map_duplicate(probability=0.10) | map_noise(attribute=PT08.S4(NO2), percentage=0.05) | map_noise(attribute=CO(GT), percentage=0.10) | filter(T > 7.9000) };7.49023e-01;1.00000e+00;1.00000e+00;Pipeline { map_noise(attribute=PT08.S2(NMHC), percentage=0.05) | map_noise(attribute=T, percentage=0.25) | map_noise(attribute=NO2(GT), percentage=0.01) | map_noise(attribute=NOx(GT), percentage=0.10) | map_noise(attribute=NMHC(GT), percentage=0.01) | map_noise(attribute=PT08.S5(O3), percentage=0.05) };7.49023e-01;1.00000e+00;1.00000e+00;Pipeline { map_noise(attribute=PT08.S2(NMHC), percentage=0.05) | map_noise(attribute=T, percentage=0.25) | map_noise(attribute=NO2(GT), percentage=0.01) | map_noise(attribute=NOx(GT), percentage=0.10) | map_noise(attribute=NMHC(GT), percentage=0.01) | map_noise(attribute=PT08.S5(O3), percentage=0.05) };7.62572e-01;4.52763e-01;8.18454e-01;Pipeline { map_duplicate(probability=0.10) | map_duplicate(probability=0.10) | map_noise(attribute=PT08.S4(NO2), percentage=0.05) | map_noise(attribute=CO(GT), percentage=0.25) | filter(T > 7.9000) };7.58936e-01;1.00000e+00;1.00000e+00;Pipeline { map_noise(attribute=NO2(GT), percentage=0.05) | map_noise(attribute=AH, percentage=0.01) | map_noise(attribute=PT08.S1(CO), percentage=0.05) };7.58936e-01;1.00000e+00;1.00000e+00;Pipeline { map_noise(attribute=NO2(GT), percentage=0.05) | map_noise(attribute=AH, percentage=0.01) | map_noise(attribute=PT08.S1(CO), percentage=0.05) }
datasets/airQuality_parallel.csv;nsga2;2;14;1400;1400;7.88280e+01;100;6;2;1.00000e+00;1.00000e+00;1.00000e+00;7.82262e-01;7.63158e-01;8.54130e-01;Pipeline { map_duplicate(probability=0.10) | map_duplicate(probability=0.10) | map_noise(attribute=PT08.S4(NO2), percentage=0.05) | map_noise(attribute=CO(GT), percentage=0.10) | filter(T > 7.9000) };7.49516e-01;1.00000e+00;1.00000e+00;Pipeline { map_noise(attribute=PT08.S2(NMHC), percentage=0.05) | map_noise(attribute=C6H6(GT), percentage=0.10) | map_noise(attribute=RH, percentage=0.25) | map_noise(attribute=NOx(GT), percentage=0.10) | map_noise(attribute=NOx(GT), percentage=0.01) | map_noise(attribute=PT08.S3(NOx), percentage=0.01) };7.49516e-01;1.00000e+00;1.00000e+00;Pipeline { map_noise(attribute=PT08.S2(NMHC), percentage=0.05) | map_noise(attribute=C6H6(GT), percentage=0.10) | map_noise(attribute=RH, percentage=0.25) | map_noise(attribute=NOx(GT), percentage=0.10) | map_noise(attribute=NOx(GT), percentage=0.01) | map_noise(attribute=PT08.S3(NOx), percentage=0.01) };7.63167e-01;1.00000e+00;1.00000e+00;Pipeline { map_noise(attribute=PT08.S2(NMHC), percentage=0.05) | map_noise(attribute=T, percentage=0.25) | map_noise(attribute=RH, percentage=0.25) | map_noise(attribute=NOx(GT), percentage=0.10) | map_noise(attribute=PT08.S2(NMHC), percentage=0.01) | map_noise(attribute=PT08.S5(O3), percentage=0.05) };7.63167e-01;1.00000e+00;1.00000e+00;Pipeline { map_noise(attribute=PT08.S2(NMHC), percentage=0.05) | map_noise(attribute=T, percentage=0.25) | map_noise(attribute=RH, percentage=0.25) | map_noise(attribute=NOx(GT), percentage=0.10) | map_noise(attribute=PT08.S2(NMHC), percentage=0.01) | map_noise(attribute=PT08.S5(O3), percentage=0.05) };7.63167e-01;1.00000e+00;1.00000e+00;Pipeline { map_noise(attribute=PT08.S2(NMHC), percentage=0.05) | map_noise(attribute=T, percentage=0.25) | map_noise(attribute=RH, percentage=0.25) | map_noise(attribute=NOx(GT), percentage=0.10) | map_noise(attribute=PT08.S2(NMHC), percentage=0.01) | map_noise(attribute=PT08.S5(O3), percentage=0.05) }
datasets/airQuality_parallel.csv;nsga2;2;15;1500;1500;8.35680e+01;100;7;3;1.00000e+00;1.00000e+00;1.00000e+00;7.82835e-01;5.93750e-01;8.56645e-01;Pipeline { map_duplicate(probability=0.10) | map_duplicate(probability=0.10) | map_noise(attribute=NO2(GT), percentage=0.25) | map_noise(attribute=PT08.S2(NMHC), percentage=0.10) | filter(T > 7.9000) };7.49758e-01;1.00000e+00;1.00000e+00;Pipeline { map_noise(attribute=PT08.S1(CO), percentage=0.05) | map_noise(attribute=NOx(GT), percentage=0.05) | map_noise(attribute=PT08.S5(O3), percentage=0.05) };7.49758e-01;1.00000e+00;1.00000e+00;Pipeline { map_noise(attribute=PT08.S1(CO), percentage=0.05) | map_noise(attribute=NOx(GT), percentage=0.05) | map_noise(attribute=PT08.S5(O3), percentage=0.05) };7.65231e-01;9.36567e-01;9.48901e-01;Pipeline { filter(T > 0.7940) | map_noise(attribute=PT08.S1(CO), percentage=0.10) | filter(PT08.S1(CO) > 0.0049) | filter(PT08.S3(NOx) > 8.6600) };7.52809e-01;9.98249e-01;9.95873e-01;Pipeline { map_noise(attribute=NO2(GT), percentage=0.05) | map_noise(attribute=T, percentage=0.01) | map_noise(attribute=PT08.S1(CO), percentage=0.05) };7.52809e-01;9.98249e-01;9.95873e-01;Pipeline { map_noise(attribute=NO2(GT), percentage=0.05) | map_noise(attribute=T, percentage=0.01) | map_noise(attribute=PT08.S1(CO), percentage=0.05) }
datasets/airQuality_parallel.csv;nsga2;2;16;1600;1600;9.22170e+01;100;8;1;1.00000e+00;1.00000e+00;1.00000e+00;7.82835e-01;5.93750e-01;8.56645e-01;Pipeline { map_duplicate(probability=0.10) | map_duplicate(probability=0.10) | map_noise(attribute=NO2(GT), percentage=0.25) | map_noise(attribute=PT08.S2(NMHC), percentage=0.10) | filter(T > 7.9000) };7.50192e-01;1.00000e+00;1.00000e+00;Pipeline { map_noise(attribute=PT08.S4(NO2), percentage=0.01) | map_noise(attribute=PT08.S3(NOx), percentage=0.01) | map_noise(attribute=NOx(GT), percentage=0.05) };7.50192e-01;1.00000e+00;1.00000e+00;Pipeline { map_noise(attribute=PT08.S4(NO2), percentage=0.01) | map_noise(attribute=PT08.S3(NOx), percentage=0.01) | map_noise(attribute=NOx(GT), percentage=0.05) };7.66285e-01;9.36567e-01;9.49204e-01;Pipeline { map_noise(attribute=PT08.S2(NMHC), percentage=0.05) | map_noise(attribute=RH, percentage=0.25) | map_noise(attribute=NO2(GT), percentage=0.01) | map_noise(attribute=NOx(GT), percentage=0.10) | filter(PT08.S1(CO) > 0.0000) };7.50372e-01;9.96479e-01;9.90407e-01;Pipeline { map_noise(attribute=PT08.S2(NMHC), percentage=0.05) | map_noise(attribute=T, percentage=0.25) | map_noise(attribute=RH, percentage=0.25) | map_noise(attribute=NO2(GT), percentage=0.10) | map_noise(attribute=NOx(GT), percentage=0.01) | map_noise(attribute=PT08.S5(O3), percentage=0.05) };7.58177e-01;9.98243e-01;9.89684e-01;Pipeline { map_noise(attribute=NO2(GT), percentage=0.05) | map_noise(attribute=NOx(GT), percentage=0.01) | map_noise(attribute=PT08.S4(NO2), percentage=0.01) }
datasets/airQuality_parallel.csv;nsga2;2;17;1700;1700;9.67080e+01;100;10;1;1.00000e+00;1.00000e+00;1.00000e+00;7.82835e-01;5.93750e-01;8.56645e-01;Pipeline { map_duplicate(probability=0.10) | map_duplicate(probability=0.10) | map_noise(attribute=NO2(GT), percentage=0.25) | map_noise(attribute=PT08.S2(NMHC), percentage=0.10) | filter(T > 7.9000) };7.50913e-01;1.00000e+00;1.00000e+00;Pipeline { map_noise(attribute=PT08.S2(NMHC), percentage=0.05) | map_noise(attribute=RH, percentage=0.25) | map_noise(attribute=NO2(GT), percentage=0.01) | map_noise(attribute=NOx(GT), percentage=0.10) | map_noise(attribute=PT08.S2(NMHC), percentage=0.01) | map_noise(attribute=PT08.S5(O3), percentage=0.05) };7.50913e-01;1.00000e+00;1.00000e+00;Pipeline { map_noise(attribute=PT08.S2(NMHC), percentage=0.05) | map_noise(attribute=RH, percentage=0.25) | map_noise(attribute=NO2(GT), percentage=0.01) | map_noise(attribute=NOx(GT), percentage=0.10) | map_noise(attribute=PT08.S2(NMHC), percentage=0.01) | map_noise(attribute=PT08.S5(O3), percentage=0.05) };7.68941e-01;9.36567e-01;9.49204e-01;Pipeline { filter(PT08.S4(NO2) > 0.0001) | map_noise(attribute=PT08.S1(CO), percentage=0.10) | filter(AH < 5.2500) | map_noise(attribute=RH, percentage=0.10) | map_noise(attribute=PT08.S3(NOx), percentage=0.01) };7.57004e-01;9.48854e-01;9.48410e-01;Pipeline { map_noise(attribute=NO2(GT), percentage=0.10) | map_noise(attribute=NOx(GT), percentage=0.25) | map_noise(attribute=CO(GT), percentage=0.01) };7.59386e-01;9.36567e-01;9.49204e-01;Pipeline { filter(C6H6(GT) > 0.0006) | map_noise(attribute=PT08.S1(CO), percentage=0.10) | filter(PT08.S1(CO) > 426.0000) | filter(PT08.S3(NOx) > 8.6200) }
datasets/airQuality_parallel.csv;nsga2;2;18;1800;1800;1.01776e+02;100;11;3;1.00000e+00;1.00000e+00;1.00000e+00;7.82835e-01;5.93750e-01;8.56645e-01;Pipeline { map_duplicate(probability=0.10) | map_duplicate(probability=0.10) | map_noise(attribute=NO2(GT), percentage=0.25) | map_noise(attribute=PT08.S2(NMHC), percentage=0.10) | filter(T > 7.9000) };7.51250e-01;1.00000e+00;1.00000e+00;Pipeline { map_noise(attribute=PT08.S2(NMHC), percentage=0.05) | map_noise(attribute=PT08.S5(O3), percentage=0.01) | map_noise(attribute=PT08.S5(O3), percentage=0.25) | map_noise(attribute=NOx(GT), percentage=0.10) | map_noise(attribute=NOx(GT), percentage=0.01) | map_noise(attribute=PT08.S5(O3), percentage=0.05) };7.51250e-01;1.00000e+00;1.00000e+00;Pipeline { map_noise(attribute=PT08.S2(NMHC), percentage=0.05) | map_noise(attribute=PT08.S5(O3), percentage=0.01) | map_noise(attribute=PT08.S5(O3), percentage=0.25) | map_noise(attribute=NOx(GT), percentage=0.10) | map_noise(attribute=NOx(GT), percentage=0.01) | map_noise(attribute=PT08.S5(O3), percentage=0.05) };7.69318e-01;8.48249e-01;8.55163e-01;Pipeline { map_duplicate(probability=0.10) | map_duplicate(probability=0.10) | map_noise(attribute=C6H6(GT), percentage=0.25) | map_noise(attribute=NO2(GT), percentage=0.10) | filter(T > 7.9000) };7.56665e-01;9.71631e-01;9.49988e-01;Pipeline { map_noise(attribute=NO2(GT), percentage=0.10) | map_noise(attribute=PT08.S2(NMHC), percentage=0.01) | map_noise(attribute=CO(GT), percentage=0.01) };7.60388e-01;9.36567e-01;9.49204e-01;Pipeline { filter(PT08.S4(NO2) > 0.0817) | map_noise(attribute=PT08.S5(O3), percentage=0.10) | filter(PT08.S1(CO) > 426.0000) | filter(PT08.S3(NOx) > 8.6600) }
datasets/airQuality_parallel.csv;nsga2;2;19;1900;1900;1.06293e+02;100;9;4;1.00000e+00;1.00000e+00;1.00000e+00;7.83707e-01;8.50000e-01;8.55441e-01;Pipeline { map_duplicate(probability=0.10) | map_duplicate(probability=0.10) | map_noise(attribute=NOx(GT), percentage=0.10) | map_noise(attribute=C6H6(GT), percentage=0.25) | filter(T > 7.9000) };7.51891e-01;1.00000e+00;1.00000e+00;Pipeline { map_noise(attribute=PT08.S2(NMHC), percentage=0.05) | map_noise(attribute=C6H6(GT), percentage=0.05) | map_noise(attribute=RH, percentage=0.25) | map_noise(attribute=NOx(GT), percentage=0.10) | map_noise(attribute=PT08.S2(NMHC), percentage=0.01) | map_noise(attribute=PT08.S5(O3), percentage=0.05) };7.51891e-01;1.00000e+00;1.00000e+00;Pipeline { map_noise(attribute=PT08.S2(NMHC), percentage=0.05) | map_noise(attribute=C6H6(GT), percentage=0.05) | map_noise(attribute=RH, percentage=0.25) | map_noise(attribute=NOx(GT), percentage=0.10) | map_noise(attribute=PT08.S2(NMHC), percentage=0.01) | map_noise(attribute=PT08.S5(O3), percentage=0.05) };7.71280e-01;4.55197e-01;8.57603e-01;Pipeline { map_duplicate(probability=0.10) | map_duplicate(probability=0.10) | map_noise(attribute=RH, percentage=0.05) | map_noise(attribute=CO(GT), percentage=0.25) | filter(T > 7.9000) };7.61729e-01;9.36567e-01;9.49204e-01;Pipeline { filter(PT08.S4(NO2) > 0.0001) | map_noise(attribute=PT08.S1(CO), percentage=0.10) | filter(AH < 5.2500) | map_noise(attribute=RH, percentage=0.10) | map_noise(attribute=PT08.S3(NOx), percentage=0.01) };7.62342e-01;9.36567e-01;9.49204e-01;Pipeline { filter(PT08.S4(NO2) > 0.0817) | map_noise(attribute=PT08.S5(O3), percentage=0.25) | map_noise(attribute=PT08.S3(NOx), percentage=0.05) | filter(C6H6(GT) < 371.0000) }
datasets/airQuality_parallel.csv;nsga2;2;20;2000;2000;1.11332e+02;100;5;4;1.00000e+00;1.00000e+00;1.00000e+00;7.84680e-01;8.44860e-01;8.51891e-01;Pipeline { map_duplicate(probability=0.10) | map_duplicate(probability=0.10) | map_noise(attribute=NOx(GT), percentage=0.25) | map_noise(attribute=CO(GT), percentage=0.01) | filter(T > 7.9000) };7.52743e-01;1.00000e+00;1.00000e+00;Pipeline { map_noise(attribute=PT08.S2(NMHC), percentage=0.05) | map_noise(attribute=C6H6(GT), percentage=0.05) | map_noise(attribute=RH, percentage=0.25) | map_noise(attribute=NOx(GT), percentage=0.10) | map_noise(attribute=PT08.S2(NMHC), percentage=0.10) | map_noise(attribute=NOx(GT), percentage=0.05) };7.52743e-01;1.00000e+00;1.00000e+00;Pipeline { map_noise(attribute=PT08.S2(NMHC), percentage=0.05) | map_noise(attribute=C6H6(GT), percentage=0.05) | map_noise(attribute=RH, percentage=0.25) | map_noise(attribute=NOx(GT), percentage=0.10) | map_noise(attribute=PT08.S2(NMHC), percentage=0.10) | map_noise(attribute=NOx(GT), percentage=0.05) };7.72051e-01;6.00000e-01;8.38933e-01;Pipeline { map_duplicate(probability=0.10) | map_duplicate(probability=0.10) | map_noise(attribute=NO2(GT), percentage=0.25) | map_noise(attribute=C6H6(GT), percentage=0.01) | filter(T > 7.9000) };7.62608e-01;9.36567e-01;9.49204e-01;Pipeline { filter(PT08.S4(NO2) > 30.0000) | map_noise(attribute=PT08.S1(CO), percentage=0.10) | filter(PT08.S1(CO) > 0.0426) | filter(PT08.S3(NOx) > 8.4600) };7.64080e-01;9.36567e-01;9.49204e-01;Pipeline { map_noise(attribute=PT08.S2(NMHC), percentage=0.05) | map_noise(attribute=RH, percentage=0.25) | map_noise(attribute=NO2(GT), percentage=0.01) | map_noise(attribute=NOx(GT), percentage=0.10) | filter(PT08.S1(CO) > 0.0000) }
datasets/airQuality_parallel.csv;nsga2;2;21;2100;2100;1.16684e+02;100;6;2;1.00000e+00;1.00000e+00;1.00000e+00;7.84680e-01;8.44860e-01;8.51891e-01;Pipeline { map_duplicate(probability=0.10) | map_duplicate(probability=0.10) | map_noise(attribute=NOx(GT), percentage=0.25) | map_noise(attribute=CO(GT), percentage=0.01) | filter(T > 7.9000) };7.54771e-01;1.00000e+00;1.00000e+00;Pipeline { map_noise(attribute=PT08.S4(NO2), percentage=0.25) | map_noise(attribute=NOx(GT), percentage=0.05) | map_noise(attribute=PT08.S1(CO), percentage=0.10) };7.54771e-01;1.00000e+00;1.00000e+00;Pipeline { map_noise(attribute=PT08.S4(NO2), percentage=0.25) | map_noise(attribute=NOx(GT), percentage=0.05) | map_noise(attribute=PT08.S1(CO), percentage=0.10) };7.72403e-01;8.46881e-01;8.56171e-01;Pipeline { map_duplicate(probability=0.10) | map_duplicate(probability=0.10) | map_noise(attribute=RH, percentage=0.25) | map_noise(attribute=C6H6(GT), percentage=0.25) | filter(T > 7.9000) };7.64499e-01;9.36567e-01;9.49204e-01;Pipeline { map_noise(attribute=C6H6(GT), percentage=0.25) | filter(RH > 0.0001) };7.65231e-01;9.36567e-01;9.48901e-01;Pipeline { filter(T > 0.7940) | map_noise(attribute=PT08.S1(CO), percentage=0.10) | filter(PT08.S1(CO) > 0.0049) | filter(PT08.S3(NOx) > 8.6600) }
datasets/airQuality_parallel.csv;nsga2;2;22;2200;2200;1.26275e+02;100;6;2;1.00000e+00;1.00000e+00;1.00000e+00;7.84680e-01;8.44860e-01;8.51891e-01;Pipeline { map_duplicate(probability=0.10) | map_duplicate(probability=0.10) | map_noise(attribute=NOx(GT), percentage=0.25) | map_noise(attribute=CO(GT), percentage=0.01) | filter(T > 7.9000) };7.54842e-01;1.00000e+00;1.00000e+00;Pipeline { map_noise(attribute=PT08.S2(NMHC), percentage=0.05) | map_noise(attribute=T, percentage=0.10) | map_noise(attribute=NO2(GT), percentage=0.01) | map_noise(attribute=NOx(GT), percentage=0.25) | map_noise(attribute=PT08.S2(NMHC), percentage=0.01) | map_noise(attribute=PT08.S5(O3), percentage=0.05) };7.54842e-01;1.00000e+00;1.00000e+00;Pipeline { map_noise(attribute=PT08.S2(NMHC), percentage=0.05) | map_noise(attribute=T, percentage=0.10) | map_noise(attribute=NO2(GT), percentage=0.01) | map_noise(attribute=NOx(GT), percentage=0.25) | map_noise(attribute=PT08.S2(NMHC), percentage=0.01) | map_noise(attribute=PT08.S5(O3), percentage=0.05) };7.73703e-01;8.46743e-01;8.56435e-01;Pipeline { map_duplicate(probability=0.10) | map_duplicate(probability=0.10) | map_noise(attribute=PT08.S4(NO2), percentage=0.25) | map_noise(attribute=PT08.S2(NMHC), percentage=0.10) | filter(T > 7.9000) };7.66285e-01;9.36567e-01;9.49204e-01;Pipeline { map_noise(attribute=PT08.S2(NMHC), percentage=0.05) | map_noise(attribute=RH, percentage=0.25) | map_noise(attribute=NO2(GT), percentage=0.01) | map_noise(attribute=NOx(GT), percentage=0.10) | filter(PT08.S1(CO) > 0.0000) };7.60864e-01;9.42808e-01;9.48278e-01;Pipeline { map_noise(attribute=PT08.S2(NMHC), percentage=0.05) | map_noise(attribute=RH, percentage=0.01) | map_noise(attribute=PT08.S4(NO2), percentage=0.01) | map_noise(attribute=NOx(GT), percentage=0.10) | map_noise(attribute=PT08.S2(NMHC), percentage=0.01) | map_noise(attribute=CO(GT), percentage=0.05) }
datasets/airQuality_parallel.csv;nsga2;2;23;2300;2300;1.33595e+02;100;6;3;1.00000e+00;1.00000e+00;1.00000e+00;7.87874e-01;8.48369e-01;8.67840e-01;Pipeline { map_duplicate(probability=0.10) | map_duplicate(probability=0.10) | map_noise(attribute=PT08.S4(NO2), percentage=0.05) | map_noise(attribute=C6H6(GT), percentage=0.25) | filter(T > 7.6000) };7.55114e-01;1.00000e+00;1.00000e+00;Pipeline { map_noise(attribute=NO2(GT), percentage=0.05) | map_noise(attribute=PT08.S5(O3), percentage=0.10) | map_noise(attribute=C6H6(GT), percentage=0.10) };7.55114e-01;1.00000e+00;1.00000e+00;Pipeline { map_noise(attribute=NO2(GT), percentage=0.05) | map_noise(attribute=PT08.S5(O3), percentage=0.10) | map_noise(attribute=C6H6(GT), percentage=0.10) };7.75783e-01;7.60148e-01;8.48578e-01;Pipeline { map_duplicate(probability=0.10) | map_duplicate(probability=0.10) | map_noise(attribute=NMHC(GT), percentage=0.01) | map_noise(attribute=CO(GT), percentage=0.10) | filter(T > 7.9000) };7.68941e-01;9.36567e-01;9.49204e-01;Pipeline { filter(PT08.S4(NO2) > 0.0001) | map_noise(attribute=PT08.S1(CO), percentage=0.10) | filter(AH < 5.2500) | map_noise(attribute=RH, percentage=0.10) | map_noise(attribute=PT08.S3(NOx), percentage=0.01) };7.64860e-01;9.42004e-01;9.22895e-01;Pipeline { map_noise(attribute=PT08.S2(NMHC), percentage=0.05) | map_noise(attribute=RH, percentage=0.10) | map_noise(attribute=PT08.S4(NO2), percentage=0.01) | map_noise(attribute=NOx(GT), percentage=0.10) | map_noise(attribute=PT08.S2(NMHC), percentage=0.01) | map_noise(attribute=CO(GT), percentage=0.05) }
datasets/airQuality_parallel.csv;nsga2;2;24;2400;2400;1.38606e+02;100;7;9;1.00000e+00;1.00000e+00;1.00000e+00;7.87874e-01;8.48369e-01;8.67840e-01;Pipeline { map_duplicate(probability=0.10) | map_duplicate(probability=0.10) | map_noise(attribute=PT08.S4(NO2), percentage=0.05) | map_noise(attribute=C6H6(GT), percentage=0.25) | filter(T > 7.6000) };7.55477e-01;1.00000e+00;1.00000e+00;Pipeline { map_noise(attribute=PT08.S2(NMHC), percentage=0.05) | map_noise(attribute=RH, percentage=0.25) | map_noise(attribute=NO2(GT), percentage=0.01) | map_noise(attribute=NOx(GT), percentage=0.10) | map_noise(attribute=PT08.S2(NMHC), percentage=0.01) | map_noise(attribute=PT08.S2(NMHC), percentage=0.05) };7.55477e-01;1.00000e+00;1.00000e+00;Pipeline { map_noise(attribute=PT08.S2(NMHC), percentage=0.05) | map_noise(attribute=RH, percentage=0.25) | map_noise(attribute=NO2(GT), percentage=0.01) | map_noise(attribute=NOx(GT), percentage=0.10) | map_noise(attribute=PT08.S2(NMHC), percentage=0.01) | map_noise(attribute=PT08.S2(NMHC), percentage=0.05) };7.75783e-01;7.60148e-01;8.48578e-01;Pipeline { map_duplicate(probability=0.10) | map_duplicate(probability=0.10) | map_noise(attribute=NMHC(GT), percentage=0.01) | map_noise(attribute=CO(GT), percentage=0.10) | filter(T > 7.9000) };7.68941e-01;9.36567e-01;9.49204e-01;Pipeline { filter(PT08.S4(NO2) > 0.0001) | map_noise(attribute=PT08.S1(CO), percentage=0.10) | filter(AH < 5.2500) | map_noise(attribute=RH, percentage=0.10) | map_noise(attribute=PT08.S3(NOx), percentage=0.01) };7.64860e-01;9.42004e-01;9.22895e-01;Pipeline { map_noise(attribute=PT08.S2(NMHC), percentage=0.05) | map_noise(attribute=RH, percentage=0.10) | map_noise(attribute=PT08.S4(NO2), percentage=0.01) | map_noise(attribute=NOx(GT), percentage=0.10) | map_noise(attribute=PT08.S2(NMHC), percentage=0.01) | map_noise(attribute=CO(GT), percentage=0.05) }
datasets/airQuality_parallel.csv;nsga2;2;25;2500;2500;1.44864e+02;100;7;1;1.00000e+00;1.00000e+00;1.00000e+00;7.87874e-01;8.48369e-01;8.67840e-01;Pipeline { map_duplicate(probability=0.10) | map_duplicate(probability=0.10) | map_noise(attribute=PT08.S4(NO2), percentage=0.05) | map_noise(attribute=C6H6(GT), percentage=0.25) | filter(T > 7.6000) };7.55777e-01;1.00000e+00;1.00000e+00;Pipeline { map_noise(attribute=PT08.S2(NMHC), percentage=0.05) | map_noise(attribute=T, percentage=0.25) | map_noise(attribute=NO2(GT), percentage=0.01) | map_noise(attribute=NOx(GT), percentage=0.05) | map_noise(attribute=NOx(GT), percentage=0.01) | map_noise(attribute=PT08.S5(O3), percentage=0.05) };7.55777e-01;1.00000e+00;1.00000e+00;Pipeline { map_noise(attribute=PT08.S2(NMHC), percentage=0.05) | map_noise(attribute=T, percentage=0.25) | map_noise(attribute=NO2(GT), percentage=0.01) | map_noise(attribute=NOx(GT), percentage=0.05) | map_noise(attribute=NOx(GT), percentage=0.01) | map_noise(attribute=PT08.S5(O3), percentage=0.05) };7.76007e-01;4.85714e-01;7.91359e-01;Pipeline { map_duplicate(probability=0.10) | map_duplicate(probability=0.10) | map_noise(attribute=CO(GT), percentage=0.25) | map_noise(attribute=NOx(GT), percentage=0.05) | filter(T > 7.9000) };7.66172e-01;8.71212e-01;8.74941e-01;Pipeline { map_duplicate(probability=0.10) | map_duplicate(probability=0.10) | map_noise(attribute=RH, percentage=0.01) | map_noise(attribute=NOx(GT), percentage=0.25) | filter(T > 6.9000) };7.65952e-01;8.88112e-01;8.84948e-01;Pipeline { map_noise(attribute=PT08.S2(NMHC), percentage=0.05) | map_noise(attribute=T, percentage=0.25) | map_noise(attribute=CO(GT), percentage=0.10) | map_noise(attribute=NMHC(GT), percentage=0.10) | map_noise(attribute=NOx(GT), percentage=0.01) | map_noise(attribute=PT08.S5(O3), percentage=0.05) }
datasets/airQuality_parallel.csv;nsga2;2;26;2600;2600;1.50346e+02;100;6;9;1.00000e+00;1.00000e+00;1.00000e+00;7.87874e-01;8.48369e-01;8.67840e-01;Pipeline { map_duplicate(probability=0.10) | map_duplicate(probability=0.10) | map_noise(attribute=PT08.S4(NO2), percentage=0.05) | map_noise(attribute=C6H6(GT), percentage=0.25) | filter(T > 7.6000) };7.56504e-01;1.00000e+00;1.00000e+00;Pipeline { map_noise(attribute=NOx(GT), percentage=0.05) | map_noise(attribute=C6H6(GT), percentage=0.05) | map_noise(attribute=RH, percentage=0.25) | map_noise(attribute=NOx(GT), percentage=0.10) | map_noise(attribute=PT08.S2(NMHC), percentage=0.01) | map_noise(attribute=PT08.S1(CO), percentage=0.05) };7.56504e-01;1.00000e+00;1.00000e+00;Pipeline { map_noise(attribute=NOx(GT), percentage=0.05) | map_noise(attribute=C6H6(GT), percentage=0.05) | map_noise(attribute=RH, percentage=0.25) | map_noise(attribute=NOx(GT), percentage=0.10) | map_noise(attribute=PT08.S2(NMHC), percentage=0.01) | map_noise(attribute=PT08.S1(CO), percentage=0.05) };7.76581e-01;8.48249e-01;8.54141e-01;Pipeline { map_duplicate(probability=0.10) | map_duplicate(probability=0.10) | map_noise(attribute=PT08.S4(NO2), percentage=0.25) | map_noise(attribute=PT08.S2(NMHC), percentage=0.01) | filter(T > 7.9000) };7.69059e-01;8.57143e-01;8.50672e-01;Pipeline { map_duplicate(probability=0.10) | map_duplicate(probability=0.10) | map_noise(attribute=NMHC(GT), percentage=0.25) | map_noise(attribute=NOx(GT), percentage=0.25) | filter(T > 7.9000) };7.64086e-01;8.41509e-01;8.71194e-01;Pipeline { map_duplicate(probability=0.10) | map_duplicate(probability=0.10) | map_noise(attribute=NOx(GT), percentage=0.10) | map_noise(attribute=C6H6(GT), percentage=0.25) | filter(T > 7.1000) }
datasets/airQuality_parallel.csv;nsga2;2;27;2700;2700;1.54943e+02;100;7;3;1.00000e+00;1.00000e+00;1.00000e+00;7.87874e-01;8.48369e-01;8.67840e-01;Pipeline { map_duplicate(probability=0.10) | map_duplicate(probability=0.10) | map_noise(attribute=PT08.S4(NO2), percentage=0.05) | map_noise(attribute=C6H6(GT), percentage=0.25) | filter(T > 7.6000) };7.56504e-01;1.00000e+00;1.00000e+00;Pipeline { map_noise(attribute=NOx(GT), percentage=0.05) | map_noise(attribute=C6H6(GT), percentage=0.05) | map_noise(attribute=RH, percentage=0.25) | map_noise(attribute=NOx(GT), percentage=0.10) | map_noise(attribute=PT08.S2(NMHC), percentage=0.01) | map_noise(attribute=PT08.S1(CO), percentage=0.05) };7.56504e-01;1.00000e+00;1.00000e+00;Pipeline { map_noise(attribute=NOx(GT), percentage=0.05) | map_noise(attribute=C6H6(GT), percentage=0.05) | map_noise(attribute=RH, percentage=0.25) | map_noise(attribute=NOx(GT), percentage=0.10) | map_noise(attribute=PT08.S2(NMHC), percentage=0.01) | map_noise(attribute=PT08.S1(CO), percentage=0.05) };7.76671e-01;4.93243e-01;7.71545e-01;Pipeline { map_duplicate(probability=0.10) | map_duplicate(probability=0.10) | map_noise(attribute=CO(GT), percentage=0.25) | map_noise(attribute=AH, percentage=0.25) | filter(T > 7.9000) };7.69059e-01;8.57143e-01;8.50672e-01;Pipeline { map_duplicate(probability=0.10) | map_duplicate(probability=0.10) | map_noise(attribute=NMHC(GT), percentage=0.25) | map_noise(attribute=NOx(GT), percentage=0.25) | filter(T > 7.9000) };7.66172e-01;8.71212e-01;8.74941e-01;Pipeline { map_duplicate(probability=0.10) | map_duplicate(probability=0.10) | map_noise(attribute=RH, percentage=0.01) | map_noise(attribute=NOx(GT), percentage=0.25) | filter(T > 6.9000) }
datasets/airQuality_parallel.csv;nsga2;2;28;2800;2800;1.67684e+02;100;8;11;1.00000e+00;1.00000e+00;1.00000e+00;7.87874e-01;8.48369e-01;8.67840e-01;Pipeline { map_duplicate(probability=0.10) | map_duplicate(probability=0.10) | map_noise(attribute=PT08.S4(NO2), percentage=0.05) | map_noise(attribute=C6H6(GT), percentage=0.25) | filter(T > 7.6000) };7.58936e-01;1.00000e+00;1.00000e+00;Pipeline { map_noise(attribute=NO2(GT), percentage=0.05) | map_noise(attribute=AH, percentage=0.01) | map_noise(attribute=PT08.S1(CO), percentage=0.05) };7.58936e-01;1.00000e+00;1.00000e+00;Pipeline { map_noise(attribute=NO2(GT), percentage=0.05) | map_noise(attribute=AH, percentage=0.01) | map_noise(attribute=PT08.S1(CO), percentage=0.05) };7.77118e-01;4.72072e-01;7.48480e-01;Pipeline { map_duplicate(probability=0.10) | map_duplicate(probability=0.10) | map_noise(attribute=PT08.S5(O3), percentage=0.01) | map_noise(attribute=CO(GT), percentage=0.25) | filter(T > 7.9000) };7.66301e-01;8.56597e-01;8.63353e-01;Pipeline { map_duplicate(probability=0.10) | map_duplicate(probability=0.10) | map_noise(attribute=AH, percentage=0.10) | map_noise(attribute=AH, percentage=0.01) | filter(T > 7.9000) };7.66172e-01;8.71212e-01;8.74941e-01;Pipeline { map_duplicate(probability=0.10) | map_duplicate(probability=0.10) | map_noise(attribute=RH, percentage=0.01) | map_noise(attribute=NOx(GT), percentage=0.25) | filter(T > 6.9000) }
datasets/airQuality_parallel.csv;nsga2;2;29;2900;2900;1.73166e+02;100;8;14;1.00000e+00;1.00000e+00;1.00000e+00;7.87874e-01;8.48369e-01;8.67840e-01;Pipeline { map_duplicate(probability=0.10) | map_duplicate(probability=0.10) | map_noise(attribute=PT08.S4(NO2), percentage=0.05) | map_noise(attribute=C6H6(GT), percentage=0.25) | filter(T > 7.6000) };7.58936e-01;1.00000e+00;1.00000e+00;Pipeline { map_noise(attribute=NO2(GT), percentage=0.05) | map_noise(attribute=AH, percentage=0.01) | map_noise(attribute=PT08.S1(CO), percentage=0.05) };7.58936e-01;1.00000e+00;1.00000e+00;Pipeline { map_noise(attribute=NO2(GT), percentage=0.05) | map_noise(attribute=AH, percentage=0.01) | map_noise(attribute=PT08.S1(CO), percentage=0.05) };7.77961e-01;7.96748e-01;9.10433e-01;Pipeline { filter(PT08.S4(NO2) > 0.0817) | map_noise(attribute=PT08.S5(O3), percentage=0.05) | map_noise(attribute=PT08.S4(NO2), percentage=0.05) | filter(C6H6(GT) < 37.1000) };7.66301e-01;8.56597e-01;8.63353e-01;Pipeline { map_duplicate(probability=0.10) | map_duplicate(probability=0.10) | map_noise(attribute=AH, percentage=0.10) | map_noise(attribute=AH, percentage=0.01) | filter(T > 7.9000) };7.65952e-01;8.88112e-01;8.84948e-01;Pipeline { map_noise(attribute=PT08.S2(NMHC), percentage=0.05) | map_noise(attribute=T, percentage=0.25) | map_noise(attribute=CO(GT), percentage=0.10) | map_noise(attribute=NMHC(GT), percentage=0.10) | map_noise(attribute=NOx(GT), percentage=0.01) | map_noise(attribute=PT08.S5(O3), percentage=0.05) }
datasets/airQuality_parallel.csv;nsga2;2;30;3000;3000;1.78592e+02;100;9;9;1.00000e+00;1.00000e+00;1.00000e+00;7.87874e-01;8.48369e-01;8.67840e-01;Pipeline { map_duplicate(probability=0.10) | map_duplicate(probability=0.10) | map_noise(attribute=PT08.S4(NO2), percentage=0.05) | map_noise(attribute=C6H6(GT), percentage=0.25) | filter(T > 7.6000) };7.59179e-01;1.00000e+00;1.00000e+00;Pipeline { map_noise(attribute=PT08.S2(NMHC), percentage=0.05) | map_noise(attribute=RH, percentage=0.25) | map_noise(attribute=NO2(GT), percentage=0.01) | map_noise(attribute=NOx(GT), percentage=0.25) | map_noise(attribute=PT08.S2(NMHC), percentage=0.01) | map_noise(attribute=PT08.S5(O3), percentage=0.05) };7.59179e-01;1.00000e+00;1.00000e+00;Pipeline { map_noise(attribute=PT08.S2(NMHC), percentage=0.05) | map_noise(attribute=RH, percentage=0.25) | map_noise(attribute=NO2(GT), percentage=0.01) | map_noise(attribute=NOx(GT), percentage=0.25) | map_noise(attribute=PT08.S2(NMHC), percentage=0.01) | map_noise(attribute=PT08.S5(O3), percentage=0.05) };7.78435e-01;7.38636e-01;8.42694e-01;Pipeline { map_duplicate(probability=0.10) | map_duplicate(probability=0.10) | map_noise(attribute=CO(GT), percentage=0.10) | map_noise(attribute=CO(GT), percentage=0.01) | filter(T > 7.9000) };7.69059e-01;8.57143e-01;8.50672e-01;Pipeline { map_duplicate(probability=0.10) | map_duplicate(probability=0.10) | map_noise(attribute=NMHC(GT), percentage=0.25) | map_noise(attribute=NOx(GT), percentage=0.25) | filter(T > 7.9000) };7.84192e-01;7.96748e-01;9.10433e-01;Pipeline { filter(PT08.S4(NO2) > 0.0817) | map_noise(attribute=PT08.S5(O3), percentage=0.25) | map_noise(attribute=PT08.S4(NO2), percentage=0.05) | filter(C6H6(GT) < 37.1000) }
datasets/airQuality_parallel.csv;nsga2;2;31;3100;3100;1.83130e+02;100;4;7;1.00000e+00;1.00000e+00;1.00000e+00;7.87874e-01;8.48369e-01;8.67840e-01;Pipeline { map_duplicate(probability=0.10) | map_duplicate(probability=0.10) | map_noise(attribute=PT08.S4(NO2), percentage=0.05) | map_noise(attribute=C6H6(GT), percentage=0.25) | filter(T > 7.6000) };7.59179e-01;1.00000e+00;1.00000e+00;Pipeline { map_noise(attribute=PT08.S2(NMHC), percentage=0.05) | map_noise(attribute=RH, percentage=0.25) | map_noise(attribute=NO2(GT), percentage=0.01) | map_noise(attribute=NOx(GT), percentage=0.25) | map_noise(attribute=PT08.S2(NMHC), percentage=0.01) | map_noise(attribute=PT08.S5(O3), percentage=0.05) };7.59179e-01;1.00000e+00;1.00000e+00;Pipeline { map_noise(attribute=PT08.S2(NMHC), percentage=0.05) | map_noise(attribute=RH, percentage=0.25) | map_noise(attribute=NO2(GT), percentage=0.01) | map_noise(attribute=NOx(GT), percentage=0.25) | map_noise(attribute=PT08.S2(NMHC), percentage=0.01) | map_noise(attribute=PT08.S5(O3), percentage=0.05) };7.78778e-01;7.96748e-01;9.10433e-01;Pipeline { filter(PT08.S4(NO2) > 0.0817) | map_noise(attribute=RH, percentage=0.25) | map_noise(attribute=PT08.S4(NO2), percentage=0.05) | filter(C6H6(GT) < 37.1000) };7.68693e-01;8.61480e-01;8.69610e-01;Pipeline { map_duplicate(probability=0.10) | map_duplicate(probability=0.10) | map_noise(attribute=PT08.S5(O3), percentage=0.25) | map_noise(attribute=PT08.S1(CO), percentage=0.10) | filter(T > 7.3000) };7.78778e-01;7.96748e-01;9.10433e-01;Pipeline { filter(PT08.S4(NO2) > 0.0817) | map_noise(attribute=RH, percentage=0.25) | map_noise(attribute=PT08.S4(NO2), percentage=0.05) | filter(C6H6(GT) < 37.1000) }
datasets/airQuality_parallel.csv;nsga2;2;32;3200;3200;1.87414e+02;100;4;4;1.00000e+00;1.00000e+00;1.00000e+00;7.87874e-01;8.48369e-01;8.67840e-01;Pipeline { map_duplicate(probability=0.10) | map_duplicate(probability=0.10) | map_noise(attribute=PT08.S4(NO2), percentage=0.05) | map_noise(attribute=C6H6(GT), percentage=0.25) | filter(T > 7.6000) };7.59179e-01;1.00000e+00;1.00000e+00;Pipeline { map_noise(attribute=PT08.S2(NMHC), percentage=0.05) | map_noise(attribute=RH, percentage=0.25) | map_noise(attribute=NO2(GT), percentage=0.01) | map_noise(attribute=NOx(GT), percentage=0.25) | map_noise(attribute=PT08.S2(NMHC), percentage=0.01) | map_noise(attribute=PT08.S5(O3), percentage=0.05) };7.59179e-01;1.00000e+00;1.00000e+00;Pipeline { map_noise(attribute=PT08.S2(NMHC), percentage=0.05) | map_noise(attribute=RH, percentage=0.25) | map_noise(attribute=NO2(GT), percentage=0.01) | map_noise(attribute=NOx(GT), percentage=0.25) | map_noise(attribute=PT08.S2(NMHC), percentage=0.01) | map_noise(attribute=PT08.S5(O3), percentage=0.05) };7.78912e-01;8.25095e-01;8.62020e-01;Pipeline { map_duplicate(probability=0.10) | map_duplicate(probability=0.10) | map_noise(attribute=AH, percentage=0.25) | map_noise(attribute=PT08.S1(CO), percentage=0.10) | filter(T > 7.9000) };7.68693e-01;8.61480e-01;8.69610e-01;Pipeline { map_duplicate(probability=0.10) | map_duplicate(probability=0.10) | map_noise(attribute=PT08.S5(O3), percentage=0.25) | map_noise(attribute=PT08.S1(CO), percentage=0.10) | filter(T > 7.3000) };7.81797e-01;7.96748e-01;9.10433e-01;Pipeline { filter(PT08.S4(NO2) > 0.0815) | map_noise(attribute=PT08.S5(O3), percentage=0.05) | map_noise(attribute=PT08.S5(O3), percentage=0.01) | filter(C6H6(GT) < 37.1000) }
datasets/airQuality_parallel.csv;nsga2;2;33;3300;3300;1.97961e+02;100;4;3;1.00000e+00;1.00000e+00;1.00000e+00;7.87874e-01;8.48369e-01;8.67840e-01;Pipeline { map_duplicate(probability=0.10) | map_duplicate(probability=0.10) | map_noise(attribute=PT08.S4(NO2), percentage=0.05) | map_noise(attribute=C6H6(GT), percentage=0.25) | filter(T > 7.6000) };7.59179e-01;1.00000e+00;1.00000e+00;Pipeline { map_noise(attribute=PT08.S2(NMHC), percentage=0.05) | map_noise(attribute=RH, percentage=0.25) | map_noise(attribute=NO2(GT), percentage=0.01) | map_noise(attribute=NOx(GT), percentage=0.25) | map_noise(attribute=PT08.S2(NMHC), percentage=0.01) | map_noise(attribute=PT08.S5(O3), percentage=0.05) };7.59179e-01;1.00000e+00;1.00000e+00;Pipeline { map_noise(attribute=PT08.S2(NMHC), percentage=0.05) | map_noise(attribute=RH, percentage=0.25) | map_noise(attribute=NO2(GT), percentage=0.01) | map_noise(attribute=NOx(GT), percentage=0.25) | map_noise(attribute=PT08.S2(NMHC), percentage=0.01) | map_noise(attribute=PT08.S5(O3), percentage=0.05) };7.78935e-01;8.40691e-01;8.57063e-01;Pipeline { map_duplicate(probability=0.10) | map_duplicate(probability=0.10) | map_noise(attribute=NMHC(GT), percentage=0.25) | map_noise(attribute=PT08.S1(CO), percentage=0.10) | filter(T > 7.9000) };7.69059e-01;8.57143e-01;8.50672e-01;Pipeline { map_duplicate(probability=0.10) | map_duplicate(probability=0.10) | map_noise(attribute=NMHC(GT), percentage=0.25) | map_noise(attribute=NOx(GT), percentage=0.25) | filter(T > 7.9000) };7.85125e-01;7.96748e-01;9.10433e-01;Pipeline { filter(PT08.S4(NO2) > 0.0817) | map_noise(attribute=PT08.S5(O3), percentage=0.05) | map_noise(attribute=PT08.S5(O3), percentage=0.01) | filter(C6H6(GT) < 37.1000) }
datasets/airQuality_parallel.csv;nsga2;2;34;3400;3400;2.03739e+02;100;4;9;1.00000e+00;1.00000e+00;1.00000e+00;7.87874e-01;8.48369e-01;8.67840e-01;Pipeline { map_duplicate(probability=0.10) | map_duplicate(probability=0.10) | map_noise(attribute=PT08.S4(NO2), percentage=0.05) | map_noise(attribute=C6H6(GT), percentage=0.25) | filter(T > 7.6000) };7.59431e-01;1.00000e+00;1.00000e+00;Pipeline { map_noise(attribute=PT08.S5(O3), percentage=0.01) | map_noise(attribute=T, percentage=0.25) | map_noise(attribute=RH, percentage=0.25) | map_noise(attribute=NOx(GT), percentage=0.10) | map_noise(attribute=PT08.S2(NMHC), percentage=0.01) | map_noise(attribute=PT08.S5(O3), percentage=0.05) };7.59431e-01;1.00000e+00;1.00000e+00;Pipeline { map_noise(attribute=PT08.S5(O3), percentage=0.01) | map_noise(attribute=T, percentage=0.25) | map_noise(attribute=RH, percentage=0.25) | map_noise(attribute=NOx(GT), percentage=0.10) | map_noise(attribute=PT08.S2(NMHC), percentage=0.01) | map_noise(attribute=PT08.S5(O3), percentage=0.05) };7.78935e-01;8.40691e-01;8.57063e-01;Pipeline { map_duplicate(probability=0.10) | map_duplicate(probability=0.10) | map_noise(attribute=NMHC(GT), percentage=0.25) | map_noise(attribute=PT08.S1(CO), percentage=0.10) | filter(T > 7.9000) };7.69059e-01;8.57143e-01;8.50672e-01;Pipeline { map_duplicate(probability=0.10) | map_duplicate(probability=0.10) | map_noise(attribute=NMHC(GT), percentage=0.25) | map_noise(attribute=NOx(GT), percentage=0.25) | filter(T > 7.9000) };7.85386e-01;7.96748e-01;9.10433e-01;Pipeline { filter(PT08.S4(NO2) > 0.0817) | map_noise(attribute=PT08.S5(O3), percentage=0.05) | map_noise(attribute=PT08.S5(O3), percentage=0.05) | filter(C6H6(GT) < 37.1000) }
datasets/airQuality_parallel.csv;nsga2;2;35;3500;3500;2.09340e+02;100;5;6;1.00000e+00;1.00000e+00;1.00000e+00;7.95869e-01;7.68612e-01;9.16792e-01;Pipeline { filter(PT08.S4(NO2) > 817.0000) | map_duplicate(probability=0.10) | map_noise(attribute=PT08.S4(NO2), percentage=0.05) | filter(C6H6(GT) < 37.1000) };7.59431e-01;1.00000e+00;1.00000e+00;Pipeline { map_noise(attribute=PT08.S5(O3), percentage=0.01) | map_noise(attribute=T, percentage=0.25) | map_noise(attribute=RH, percentage=0.25) | map_noise(attribute=NOx(GT), percentage=0.10) | map_noise(attribute=PT08.S2(NMHC), percentage=0.01) | map_noise(attribute=PT08.S5(O3), percentage=0.05) };7.59431e-01;1.00000e+00;1.00000e+00;Pipeline { map_noise(attribute=PT08.S5(O3), percentage=0.01) | map_noise(attribute=T, percentage=0.25) | map_noise(attribute=RH, percentage=0.25) | map_noise(attribute=NOx(GT), percentage=0.10) | map_noise(attribute=PT08.S2(NMHC), percentage=0.01) | map_noise(attribute=PT08.S5(O3), percentage=0.05) };7.79714e-01;8.29268e-01;8.61420e-01;Pipeline { map_duplicate(probability=0.10) | map_duplicate(probability=0.10) | map_noise(attribute=RH, percentage=0.25) | map_noise(attribute=T, percentage=0.01) | filter(T > 7.9000) };7.83791e-01;8.58757e-01;8.61082e-01;Pipeline { map_duplicate(probability=0.10) | map_duplicate(probability=0.10) | map_noise(attribute=PT08.S4(NO2), percentage=0.05) | map_noise(attribute=NOx(GT), percentage=0.25) | filter(T > 7.9000) };7.85125e-01;7.96748e-01;9.10433e-01;Pipeline { filter(PT08.S4(NO2) > 0.0817) | map_noise(attribute=PT08.S5(O3), percentage=0.05) | map_noise(attribute=PT08.S5(O3), percentage=0.01) | filter(C6H6(GT) < 37.1000) }
datasets/airQuality_parallel.csv;nsga2;2;36;3600;3600;2.14167e+02;100;6;26;1.00000e+00;1.00000e+00;1.00000e+00;7.97466e-01;7.57085e-01;9.08672e-01;Pipeline { filter(PT08.S4(NO2) > 817.0000) | map_duplicate(probability=0.10) | map_noise(attribute=CO(GT), percentage=0.01) | filter(C6H6(GT) < 37.1000) };7.59852e-01;1.00000e+00;1.00000e+00;Pipeline { map_noise(attribute=PT08.S2(NMHC), percentage=0.05) | map_noise(attribute=T, percentage=0.25) | map_noise(attribute=NO2(GT), percentage=0.01) | map_noise(attribute=NOx(GT), percentage=0.25) | map_noise(attribute=NOx(GT), percentage=0.01) | map_noise(attribute=PT08.S5(O3), percentage=0.05) };7.59852e-01;1.00000e+00;1.00000e+00;Pipeline { map_noise(attribute=PT08.S2(NMHC), percentage=0.05) | map_noise(attribute=T, percentage=0.25) | map_noise(attribute=NO2(GT), percentage=0.01) | map_noise(attribute=NOx(GT), percentage=0.25) | map_noise(attribute=NOx(GT), percentage=0.01) | map_noise(attribute=PT08.S5(O3), percentage=0.05) };7.79714e-01;8.29268e-01;8.61420e-01;Pipeline { map_duplicate(probability=0.10) | map_duplicate(probability=0.10) | map_noise(attribute=RH, percentage=0.25) | map_noise(attribute=T, percentage=0.01) | filter(T > 7.9000) };7.69059e-01;8.57143e-01;8.50672e-01;Pipeline { map_duplicate(probability=0.10) | map_duplicate(probability=0.10) | map_noise(attribute=NMHC(GT), percentage=0.25) | map_noise(attribute=NOx(GT), percentage=0.25) | filter(T > 7.9000) };7.78736e-01;8.08853e-01;9.11836e-01;Pipeline { filter(PT08.S4(NO2) > 0.0000) | map_noise(attribute=PT08.S5(O3), percentage=0.10) | map_noise(attribute=PT08.S4(NO2), percentage=0.05) | filter(C6H6(GT) < 37.3000) }
datasets/airQuality_parallel.csv;nsga2;2;37;3700;3700;2.19785e+02;100;6;23;1.00000e+00;1.00000e+00;1.00000e+00;7.97466e-01;7.57085e-01;9.08672e-01;Pipeline { filter(PT08.S4(NO2) > 817.0000) | map_duplicate(probability=0.10) | map_noise(attribute=CO(GT), percentage=0.01) | filter(C6H6(GT) < 37.1000) };7.59852e-01;1.00000e+00;1.00000e+00;Pipeline { map_noise(attribute=PT08.S2(NMHC), percentage=0.05) | map_noise(attribute=T, percentage=0.25) | map_noise(attribute=NO2(GT), percentage=0.01) | map_noise(attribute=NOx(GT), percentage=0.25) | map_noise(attribute=NOx(GT), percentage=0.01) | map_noise(attribute=PT08.S5(O3), percentage=0.05) };7.59852e-01;1.00000e+00;1.00000e+00;Pipeline { map_noise(attribute=PT08.S2(NMHC), percentage=0.05) | map_noise(attribute=T, percentage=0.25) | map_noise(attribute=NO2(GT), percentage=0.01) | map_noise(attribute=NOx(GT), percentage=0.25) | map_noise(attribute=NOx(GT), percentage=0.01) | map_noise(attribute=PT08.S5(O3), percentage=0.05) };7.79979e-01;8.49057e-01;8.62198e-01;Pipeline { map_duplicate(probability=0.10) | map_duplicate(probability=0.10) | map_noise(attribute=PT08.S4(NO2), percentage=0.05) | map_noise(attribute=PT08.S2(NMHC), percentage=0.25) | filter(T > 7.9000) };7.69059e-01;8.57143e-01;8.50672e-01;Pipeline { map_duplicate(probability=0.10) | map_duplicate(probability=0.10) | map_noise(attribute=NMHC(GT), percentage=0.25) | map_noise(attribute=NOx(GT), percentage=0.25) | filter(T > 7.9000) };7.77999e-01;8.08853e-01;9.11836e-01;Pipeline { filter(PT08.S3(NOx) > 0.0000) | map_noise(attribute=PT08.S5(O3), percentage=0.10) | map_noise(attribute=PT08.S4(NO2), percentage=0.05) | filter(C6H6(GT) < 37.3000) }
datasets/airQuality_parallel.csv;nsga2;2;38;3800;3800;2.24910e+02;100;6;20;1.00000e+00;1.00000e+00;1.00000e+00;7.97466e-01;7.57085e-01;9.08672e-01;Pipeline { filter(PT08.S4(NO2) > 817.0000) | map_duplicate(probability=0.10) | map_noise(attribute=CO(GT), percentage=0.01) | filter(C6H6(GT) < 37.1000) };7.59852e-01;1.00000e+00;1.00000e+00;Pipeline { map_noise(attribute=PT08.S2(NMHC), percentage=0.05) | map_noise(attribute=T, percentage=0.25) | map_noise(attribute=NO2(GT), percentage=0.01) | map_noise(attribute=NOx(GT), percentage=0.25) | map_noise(attribute=NOx(GT), percentage=0.01) | map_noise(attribute=PT08.S5(O3), percentage=0.05) };7.59852e-01;1.00000e+00;1.00000e+00;Pipeline { map_noise(attribute=PT08.S2(NMHC), percentage=0.05) | map_noise(attribute=T, percentage=0.25) | map_noise(attribute=NO2(GT), percentage=0.01) | map_noise(attribute=NOx(GT), percentage=0.25) | map_noise(attribute=NOx(GT), percentage=0.01) | map_noise(attribute=PT08.S5(O3), percentage=0.05) };7.80151e-01;8.39695e-01;8.58078e-01;Pipeline { map_duplicate(probability=0.10) | map_duplicate(probability=0.10) | map_noise(attribute=NOx(GT), percentage=0.25) | map_noise(attribute=T, percentage=0.01) | filter(T > 7.9000) };7.66301e-01;8.56597e-01;8.63353e-01;Pipeline { map_duplicate(probability=0.10) | map_duplicate(probability=0.10) | map_noise(attribute=AH, percentage=0.10) | map_noise(attribute=AH, percentage=0.01) | filter(T > 7.9000) };7.77748e-01;8.08853e-01;9.11836e-01;Pipeline { filter(PT08.S4(NO2) > 0.0000) | map_noise(attribute=PT08.S5(O3), percentage=0.10) | map_noise(attribute=PT08.S4(NO2), percentage=0.05) | filter(C6H6(GT) < 37.3000) }
datasets/airQuality_parallel.csv;nsga2;2;39;3900;3900;2.31449e+02;100;7;13;1.00000e+00;1.00000e+00;1.00000e+00;7.99344e-01;6.48330e-01;8.55238e-01;Pipeline { filter(PT08.S4(NO2) > 817.0000) | map_duplicate(probability=0.10) | map_noise(attribute=CO(GT), percentage=0.10) | filter(C6H6(GT) < 37.1000) };7.59852e-01;1.00000e+00;1.00000e+00;Pipeline { map_noise(attribute=PT08.S2(NMHC), percentage=0.05) | map_noise(attribute=T, percentage=0.25) | map_noise(attribute=NO2(GT), percentage=0.01) | map_noise(attribute=NOx(GT), percentage=0.25) | map_noise(attribute=NOx(GT), percentage=0.01) | map_noise(attribute=PT08.S5(O3), percentage=0.05) };7.59852e-01;1.00000e+00;1.00000e+00;Pipeline { map_noise(attribute=PT08.S2(NMHC), percentage=0.05) | map_noise(attribute=T, percentage=0.25) | map_noise(attribute=NO2(GT), percentage=0.01) | map_noise(attribute=NOx(GT), percentage=0.25) | map_noise(attribute=NOx(GT), percentage=0.01) | map_noise(attribute=PT08.S5(O3), percentage=0.05) };7.81040e-01;7.71084e-01;9.13721e-01;Pipeline { filter(PT08.S4(NO2) > 0.0812) | map_duplicate(probability=0.10) | map_noise(attribute=PT08.S4(NO2), percentage=0.05) | filter(C6H6(GT) < 37.1000) };7.66301e-01;8.56597e-01;8.63353e-01;Pipeline { map_duplicate(probability=0.10) | map_duplicate(probability=0.10) | map_noise(attribute=AH, percentage=0.10) | map_noise(attribute=AH, percentage=0.01) | filter(T > 7.9000) };7.76764e-01;7.71429e-01;9.13063e-01;Pipeline { filter(PT08.S4(NO2) > 0.0000) | map_duplicate(probability=0.10) | map_noise(attribute=PT08.S4(NO2), percentage=0.05) | filter(C6H6(GT) < 37.1000) }
datasets/airQuality_parallel.csv;nsga2;2;40;4000;4000;2.39177e+02;100;8;15;1.00000e+00;1.00000e+00;1.00000e+00;8.08968e-01;7.60563e-01;9.10179e-01;Pipeline { filter(PT08.S4(NO2) > 817.0000) | map_duplicate(probability=0.10) | map_noise(attribute=PT08.S5(O3), percentage=0.10) | filter(C6H6(GT) < 37.1000) };7.61617e-01;1.00000e+00;1.00000e+00;Pipeline { map_noise(attribute=PT08.S2(NMHC), percentage=0.05) | map_noise(attribute=RH, percentage=0.05) | map_noise(attribute=NO2(GT), percentage=0.01) | map_noise(attribute=NOx(GT), percentage=0.25) | map_noise(attribute=PT08.S2(NMHC), percentage=0.01) | map_noise(attribute=PT08.S5(O3), percentage=0.05) };7.61617e-01;1.00000e+00;1.00000e+00;Pipeline { map_noise(attribute=PT08.S2(NMHC), percentage=0.05) | map_noise(attribute=RH, percentage=0.05) | map_noise(attribute=NO2(GT), percentage=0.01) | map_noise(attribute=NOx(GT), percentage=0.25) | map_noise(attribute=PT08.S2(NMHC), percentage=0.01) | map_noise(attribute=PT08.S5(O3), percentage=0.05) };7.81796e-01;1.00000e+00;1.00000e+00;Pipeline { map_noise(attribute=NO2(GT), percentage=0.05) | map_noise(attribute=NOx(GT), percentage=0.01) | map_noise(attribute=NOx(GT), percentage=0.05) };7.87368e-01;8.54962e-01;8.55188e-01;Pipeline { map_duplicate(probability=0.10) | map_duplicate(probability=0.10) | map_noise(attribute=C6H6(GT), percentage=0.25) | map_noise(attribute=PT08.S2(NMHC), percentage=0.05) | filter(T > 7.9000) };7.80406e-01;8.07229e-01;9.11949e-01;Pipeline { filter(PT08.S4(NO2) > 0.0000) | map_noise(attribute=NO2(GT), percentage=0.05) | map_noise(attribute=PT08.S5(O3), percentage=0.05) | filter(C6H6(GT) < 37.3000) }
datasets/airQuality_parallel.csv;nsga2;2;41;4100;4100;2.48281e+02;100;10;6;1.00000e+00;1.00000e+00;1.00000e+00;8.21720e-01;7.60000e-01;9.15672e-01;Pipeline { filter(PT08.S4(NO2) > 877.0000) | map_duplicate(probability=0.10) | map_noise(attribute=PT08.S5(O3), percentage=0.10) | filter(C6H6(GT) < 37.1000) };7.61617e-01;1.00000e+00;1.00000e+00;Pipeline { map_noise(attribute=PT08.S2(NMHC), percentage=0.05) | map_noise(attribute=RH, percentage=0.05) | map_noise(attribute=NO2(GT), percentage=0.01) | map_noise(attribute=NOx(GT), percentage=0.25) | map_noise(attribute=PT08.S2(NMHC), percentage=0.01) | map_noise(attribute=PT08.S5(O3), percentage=0.05) };7.61617e-01;1.00000e+00;1.00000e+00;Pipeline { map_noise(attribute=PT08.S2(NMHC), percentage=0.05) | map_noise(attribute=RH, percentage=0.05) | map_noise(attribute=NO2(GT), percentage=0.01) | map_noise(attribute=NOx(GT), percentage=0.25) | map_noise(attribute=PT08.S2(NMHC), percentage=0.01) | map_noise(attribute=PT08.S5(O3), percentage=0.05) };7.83502e-01;8.45283e-01;8.58880e-01;Pipeline { map_duplicate(probability=0.10) | map_duplicate(probability=0.10) | map_noise(attribute=NOx(GT), percentage=0.25) | map_noise(attribute=AH, percentage=0.10) | filter(T > 7.9000) };7.87368e-01;8.54962e-01;8.55188e-01;Pipeline { map_duplicate(probability=0.10) | map_duplicate(probability=0.10) | map_noise(attribute=C6H6(GT), percentage=0.25) | map_noise(attribute=PT08.S2(NMHC), percentage=0.05) | filter(T > 7.9000) };7.76764e-01;7.71429e-01;9.13063e-01;Pipeline { filter(PT08.S4(NO2) > 0.0000) | map_duplicate(probability=0.10) | map_noise(attribute=PT08.S4(NO2), percentage=0.05) | filter(C6H6(GT) < 37.1000) }
datasets/airQuality_parallel.csv;nsga2;2;42;4200;4200;2.52413e+02;100;11;22;1.00000e+00;1.00000e+00;1.00000e+00;8.21720e-01;7.60000e-01;9.15672e-01;Pipeline { filter(PT08.S4(NO2) > 877.0000) | map_duplicate(probability=0.10) | map_noise(attribute=PT08.S5(O3), percentage=0.10) | filter(C6H6(GT) < 37.1000) };7.63167e-01;1.00000e+00;1.00000e+00;Pipeline { map_noise(attribute=PT08.S2(NMHC), percentage=0.05) | map_noise(attribute=T, percentage=0.25) | map_noise(attribute=RH, percentage=0.25) | map_noise(attribute=NOx(GT), percentage=0.10) | map_noise(attribute=PT08.S2(NMHC), percentage=0.01) | map_noise(attribute=PT08.S5(O3), percentage=0.05) };7.63167e-01;1.00000e+00;1.00000e+00;Pipeline { map_noise(attribute=PT08.S2(NMHC), percentage=0.05) | map_noise(attribute=T, percentage=0.25) | map_noise(attribute=RH, percentage=0.25) | map_noise(attribute=NOx(GT), percentage=0.10) | map_noise(attribute=PT08.S2(NMHC), percentage=0.01) | map_noise(attribute=PT08.S5(O3), percentage=0.05) };7.83707e-01;8.50000e-01;8.55441e-01;Pipeline { map_duplicate(probability=0.10) | map_duplicate(probability=0.10) | map_noise(attribute=NOx(GT), percentage=0.10) | map_noise(attribute=C6H6(GT), percentage=0.25) | filter(T > 7.9000) };7.71930e-01;8.52713e-01;8.59296e-01;Pipeline { map_duplicate(probability=0.10) | map_duplicate(probability=0.10) | map_noise(attribute=PT08.S3(NOx), percentage=0.25) | map_noise(attribute=PT08.S2(NMHC), percentage=0.05) | filter(T > 7.9000) };7.95790e-01;7.68612e-01;9.13199e-01;Pipeline { filter(PT08.S4(NO2) > 817.0000) | map_duplicate(probability=0.10) | map_noise(attribute=PT08.S3(NOx), percentage=0.10) | filter(C6H6(GT) < 37.1000) }
datasets/airQuality_parallel.csv;nsga2;2;43;4300;4300;2.57884e+02;100;14;9;1.00000e+00;1.00000e+00;1.00000e+00;8.23006e-01;4.00000e-01;7.26836e-01;Pipeline { filter(PT08.S4(NO2) > 886.0000) | map_duplicate(probability=0.10) | map_noise(attribute=CO(GT), percentage=0.25) | filter(C6H6(GT) < 37.0000) };7.63167e-01;1.00000e+00;1.00000e+00;Pipeline { map_noise(attribute=PT08.S2(NMHC), percentage=0.05) | map_noise(attribute=T, percentage=0.25) | map_noise(attribute=RH, percentage=0.25) | map_noise(attribute=NOx(GT), percentage=0.10) | map_noise(attribute=PT08.S2(NMHC), percentage=0.01) | map_noise(attribute=PT08.S5(O3), percentage=0.05) };7.63167e-01;1.00000e+00;1.00000e+00;Pipeline { map_noise(attribute=PT08.S2(NMHC), percentage=0.05) | map_noise(attribute=T, percentage=0.25) | map_noise(attribute=RH, percentage=0.25) | map_noise(attribute=NOx(GT), percentage=0.10) | map_noise(attribute=PT08.S2(NMHC), percentage=0.01) | map_noise(attribute=PT08.S5(O3), percentage=0.05) };7.87256e-01;7.96748e-01;9.10433e-01;Pipeline { filter(PT08.S4(NO2) > 0.0817) | map_noise(attribute=PT08.S5(O3), percentage=0.05) | map_noise(attribute=PT08.S5(O3), percentage=0.10) | filter(C6H6(GT) < 37.1000) };7.80665e-01;8.52772e-01;8.57800e-01;Pipeline { map_duplicate(probability=0.10) | map_duplicate(probability=0.10) | map_noise(attribute=NOx(GT), percentage=0.10) | map_noise(attribute=RH, percentage=0.25) | filter(T > 7.9000) };7.94632e-01;7.72277e-01;9.14867e-01;Pipeline { filter(PT08.S4(NO2) > 807.0000) | map_duplicate(probability=0.10) | map_noise(attribute=RH, percentage=0.01) | filter(C6H6(GT) < 37.1000) }
datasets/airQuality_parallel.csv;nsga2;2;44;4400;4400;2.63282e+02;100;15;3;1.00000e+00;1.00000e+00;1.00000e+00;8.23006e-01;4.00000e-01;7.26836e-01;Pipeline { filter(PT08.S4(NO2) > 886.0000) | map_duplicate(probability=0.10) | map_noise(attribute=CO(GT), percentage=0.25) | filter(C6H6(GT) < 37.0000) };7.63167e-01;1.00000e+00;1.00000e+00;Pipeline { map_noise(attribute=PT08.S2(NMHC), percentage=0.05) | map_noise(attribute=T, percentage=0.25) | map_noise(attribute=RH, percentage=0.25) | map_noise(attribute=NOx(GT), percentage=0.10) | map_noise(attribute=PT08.S2(NMHC), percentage=0.01) | map_noise(attribute=PT08.S5(O3), percentage=0.05) };7.63167e-01;1.00000e+00;1.00000e+00;Pipeline { map_noise(attribute=PT08.S2(NMHC), percentage=0.05) | map_noise(attribute=T, percentage=0.25) | map_noise(attribute=RH, percentage=0.25) | map_noise(attribute=NOx(GT), percentage=0.10) | map_noise(attribute=PT08.S2(NMHC), percentage=0.01) | map_noise(attribute=PT08.S5(O3), percentage=0.05) };7.91452e-01;7.88235e-01;9.06582e-01;Pipeline { filter(PT08.S4(NO2) > 816.0000) | map_duplicate(probability=0.10) | map_noise(attribute=CO(GT), percentage=0.01) | filter(C6H6(GT) < 37.8000) };7.80642e-01;8.50746e-01;8.52401e-01;Pipeline { map_duplicate(probability=0.10) | map_duplicate(probability=0.10) | map_noise(attribute=PT08.S5(O3), percentage=0.05) | map_noise(attribute=C6H6(GT), percentage=0.25) | filter(T > 7.9000) };7.94632e-01;7.72277e-01;9.14867e-01;Pipeline { filter(PT08.S4(NO2) > 807.0000) | map_duplicate(probability=0.10) | map_noise(attribute=RH, percentage=0.01) | filter(C6H6(GT) < 37.1000) }
datasets/airQuality_parallel.csv;nsga2;2;45;4500;4500;2.67968e+02;100;17;13;1.00000e+00;1.00000e+00;1.00000e+00;8.23006e-01;4.00000e-01;7.26836e-01;Pipeline { filter(PT08.S4(NO2) > 886.0000) | map_duplicate(probability=0.10) | map_noise(attribute=CO(GT), percentage=0.25) | filter(C6H6(GT) < 37.0000) };7.63167e-01;1.00000e+00;1.00000e+00;Pipeline { map_noise(attribute=PT08.S2(NMHC), percentage=0.05) | map_noise(attribute=T, percentage=0.25) | map_noise(attribute=RH, percentage=0.25) | map_noise(attribute=NOx(GT), percentage=0.10) | map_noise(attribute=PT08.S2(NMHC), percentage=0.01) | map_noise(attribute=PT08.S5(O3), percentage=0.05) };7.63167e-01;1.00000e+00;1.00000e+00;Pipeline { map_noise(attribute=PT08.S2(NMHC), percentage=0.05) | map_noise(attribute=T, percentage=0.25) | map_noise(attribute=RH, percentage=0.25) | map_noise(attribute=NOx(GT), percentage=0.10) | map_noise(attribute=PT08.S2(NMHC), percentage=0.01) | map_noise(attribute=PT08.S5(O3), percentage=0.05) };7.96343e-01;7.70459e-01;9.19781e-01;Pipeline { filter(PT08.S4(NO2) > 807.0000) | map_duplicate(probability=0.10) | map_noise(attribute=PT08.S1(CO), percentage=0.10) | filter(C6H6(GT) < 37.1000) };7.77921e-01;8.51145e-01;8.56782e-01;Pipeline { map_duplicate(probability=0.10) | map_duplicate(probability=0.10) | map_noise(attribute=NOx(GT), percentage=0.10) | map_noise(attribute=PT08.S2(NMHC), percentage=0.05) | filter(T > 7.9000) };7.74961e-01;7.84861e-01;9.15834e-01;Pipeline { filter(PT08.S4(NO2) > 17.0000) | map_duplicate(probability=0.10) | map_noise(attribute=PT08.S4(NO2), percentage=0.05) | filter(C6H6(GT) < 37.1000) }
datasets/airQuality_parallel.csv;nsga2;2;46;4600;4600;2.75143e+02;100;16;7;1.00000e+00;1.00000e+00;1.00000e+00;8.23006e-01;4.00000e-01;7.26836e-01;Pipeline { filter(PT08.S4(NO2) > 886.0000) | map_duplicate(probability=0.10) | map_noise(attribute=CO(GT), percentage=0.25) | filter(C6H6(GT) < 37.0000) };7.63167e-01;1.00000e+00;1.00000e+00;Pipeline { map_noise(attribute=PT08.S2(NMHC), percentage=0.05) | map_noise(attribute=T, percentage=0.25) | map_noise(attribute=RH, percentage=0.25) | map_noise(attribute=NOx(GT), percentage=0.10) | map_noise(attribute=PT08.S2(NMHC), percentage=0.01) | map_noise(attribute=PT08.S5(O3), percentage=0.05) };7.63167e-01;1.00000e+00;1.00000e+00;Pipeline { map_noise(attribute=PT08.S2(NMHC), percentage=0.05) | map_noise(attribute=T, percentage=0.25) | map_noise(attribute=RH, percentage=0.25) | map_noise(attribute=NOx(GT), percentage=0.10) | map_noise(attribute=PT08.S2(NMHC), percentage=0.01) | map_noise(attribute=PT08.S5(O3), percentage=0.05) };7.98649e-01;7.59036e-01;9.17195e-01;Pipeline { filter(PT08.S4(NO2) > 817.0000) | map_duplicate(probability=0.10) | map_noise(attribute=NMHC(GT), percentage=0.05) | filter(C6H6(GT) < 37.1000) };7.83707e-01;8.50000e-01;8.55441e-01;Pipeline { map_duplicate(probability=0.10) | map_duplicate(probability=0.10) | map_noise(attribute=NOx(GT), percentage=0.10) | map_noise(attribute=C6H6(GT), percentage=0.25) | filter(T > 7.9000) };7.81550e-01;7.62846e-01;9.16922e-01;Pipeline { filter(PT08.S4(NO2) > 0.0417) | map_duplicate(probability=0.10) | map_noise(attribute=PT08.S3(NOx), percentage=0.10) | filter(C6H6(GT) < 37.1000) }
datasets/airQuality_parallel.csv;nsga2;2;47;4700;4700;2.79745e+02;100;13;12;1.00000e+00;1.00000e+00;1.00000e+00;8.23376e-01;3.60714e-01;7.63558e-01;Pipeline { filter(PT08.S4(NO2) > 846.0000) | map_duplicate(probability=0.10) | map_noise(attribute=CO(GT), percentage=0.25) | filter(C6H6(GT) < 37.0000) };7.63167e-01;1.00000e+00;1.00000e+00;Pipeline { map_noise(attribute=PT08.S2(NMHC), percentage=0.05) | map_noise(attribute=T, percentage=0.25) | map_noise(attribute=RH, percentage=0.25) | map_noise(attribute=NOx(GT), percentage=0.10) | map_noise(attribute=PT08.S2(NMHC), percentage=0.01) | map_noise(attribute=PT08.S5(O3), percentage=0.05) };7.63167e-01;1.00000e+00;1.00000e+00;Pipeline { map_noise(attribute=PT08.S2(NMHC), percentage=0.05) | map_noise(attribute=T, percentage=0.25) | map_noise(attribute=RH, percentage=0.25) | map_noise(attribute=NOx(GT), percentage=0.10) | map_noise(attribute=PT08.S2(NMHC), percentage=0.01) | map_noise(attribute=PT08.S5(O3), percentage=0.05) };8.04487e-01;7.76892e-01;9.13715e-01;Pipeline { filter(PT08.S1(CO) > 817.0000) | map_duplicate(probability=0.10) | map_noise(attribute=PT08.S3(NOx), percentage=0.10) | filter(C6H6(GT) < 37.1000) };7.79979e-01;8.49057e-01;8.62198e-01;Pipeline { map_duplicate(probability=0.10) | map_duplicate(probability=0.10) | map_noise(attribute=PT08.S4(NO2), percentage=0.05) | map_noise(attribute=PT08.S2(NMHC), percentage=0.25) | filter(T > 7.9000) };7.80714e-01;7.66129e-01;9.17238e-01;Pipeline { filter(PT08.S4(NO2) > 87.0000) | map_duplicate(probability=0.10) | map_noise(attribute=PT08.S4(NO2), percentage=0.05) | filter(C6H6(GT) < 37.1000) }
datasets/airQuality_parallel.csv;nsga2;2;48;4800;4800;2.83804e+02;100;10;13;1.00000e+00;1.00000e+00;1.00000e+00;8.26273e-01;7.77555e-01;9.17242e-01;Pipeline { filter(PT08.S4(NO2) > 871.0000) | map_duplicate(probability=0.10) | map_noise(attribute=PT08.S5(O3), percentage=0.10) | filter(C6H6(GT) < 37.1000) };7.63167e-01;1.00000e+00;1.00000e+00;Pipeline { map_noise(attribute=PT08.S2(NMHC), percentage=0.05) | map_noise(attribute=T, percentage=0.25) | map_noise(attribute=RH, percentage=0.25) | map_noise(attribute=NOx(GT), percentage=0.10) | map_noise(attribute=PT08.S2(NMHC), percentage=0.01) | map_noise(attribute=PT08.S5(O3), percentage=0.05) };7.63167e-01;1.00000e+00;1.00000e+00;Pipeline { map_noise(attribute=PT08.S2(NMHC), percentage=0.05) | map_noise(attribute=T, percentage=0.25) | map_noise(attribute=RH, percentage=0.25) | map_noise(attribute=NOx(GT), percentage=0.10) | map_noise(attribute=PT08.S2(NMHC), percentage=0.01) | map_noise(attribute=PT08.S5(O3), percentage=0.05) };8.05195e-01;7.71717e-01;9.09958e-01;Pipeline { filter(PT08.S4(NO2) > 816.0000) | map_duplicate(probability=0.10) | map_noise(attribute=PT08.S1(CO), percentage=0.05) | filter(C6H6(GT) < 37.0000) };7.79979e-01;8.49057e-01;8.62198e-01;Pipeline { map_duplicate(probability=0.10) | map_duplicate(probability=0.10) | map_noise(attribute=PT08.S4(NO2), percentage=0.05) | map_noise(attribute=PT08.S2(NMHC), percentage=0.25) | filter(T > 7.9000) };7.91849e-01;7.85714e-01;9.18934e-01;Pipeline { filter(PT08.S4(NO2) > 816.0000) | map_duplicate(probability=0.10) | map_noise(attribute=T, percentage=0.01) | filter(C6H6(GT) < 37.5000) }
datasets/airQuality_parallel.csv;nsga2;2;49;4900;4900;2.88193e+02;100;7;14;1.00000e+00;1.00000e+00;1.00000e+00;8.26273e-01;7.77555e-01;9.17242e-01;Pipeline { filter(PT08.S4(NO2) > 871.0000) | map_duplicate(probability=0.10) | map_noise(attribute=PT08.S5(O3), percentage=0.10) | filter(C6H6(GT) < 37.1000) };7.63167e-01;1.00000e+00;1.00000e+00;Pipeline { map_noise(attribute=PT08.S2(NMHC), percentage=0.05) | map_noise(attribute=T, percentage=0.25) | map_noise(attribute=RH, percentage=0.25) | map_noise(attribute=NOx(GT), percentage=0.10) | map_noise(attribute=PT08.S2(NMHC), percentage=0.01) | map_noise(attribute=PT08.S5(O3), percentage=0.05) };7.63167e-01;1.00000e+00;1.00000e+00;Pipeline { map_noise(attribute=PT08.S2(NMHC), percentage=0.05) | map_noise(attribute=T, percentage=0.25) | map_noise(attribute=RH, percentage=0.25) | map_noise(attribute=NOx(GT), percentage=0.10) | map_noise(attribute=PT08.S2(NMHC), percentage=0.01) | map_noise(attribute=PT08.S5(O3), percentage=0.05) };8.07224e-01;7.71084e-01;9.14514e-01;Pipeline { filter(PT08.S4(NO2) > 856.0000) | map_duplicate(probability=0.10) | map_noise(attribute=PT08.S3(NOx), percentage=0.10) | filter(C6H6(GT) < 37.0000) };7.79979e-01;8.49057e-01;8.62198e-01;Pipeline { map_duplicate(probability=0.10) | map_duplicate(probability=0.10) | map_noise(attribute=PT08.S4(NO2), percentage=0.05) | map_noise(attribute=PT08.S2(NMHC), percentage=0.25) | filter(T > 7.9000) };7.95996e-01;7.60563e-01;9.19010e-01;Pipeline { filter(PT08.S4(NO2) > 809.0000) | map_duplicate(probability=0.10) | map_noise(attribute=T, percentage=0.25) | filter(C6H6(GT) < 37.1000) }
datasets/airQuality_parallel.csv;nsga2;2;50;5000;5000;2.93906e+02;100;9;12;1.00000e+00;1.00000e+00;1.00000e+00;8.26273e-01;7.77555e-01;9.17242e-01;Pipeline { filter(PT08.S4(NO2) > 871.0000) | map_duplicate(probability=0.10) | map_noise(attribute=PT08.S5(O3), percentage=0.10) | filter(C6H6(GT) < 37.1000) };7.63167e-01;1.00000e+00;1.00000e+00;Pipeline { map_noise(attribute=PT08.S2(NMHC), percentage=0.05) | map_noise(attribute=T, percentage=0.25) | map_noise(attribute=RH, percentage=0.25) | map_noise(attribute=NOx(GT), percentage=0.10) | map_noise(attribute=PT08.S2(NMHC), percentage=0.01) | map_noise(attribute=PT08.S5(O3), percentage=0.05) };7.63167e-01;1.00000e+00;1.00000e+00;Pipeline { map_noise(attribute=PT08.S2(NMHC), percentage=0.05) | map_noise(attribute=T, percentage=0.25) | map_noise(attribute=RH, percentage=0.25) | map_noise(attribute=NOx(GT), percentage=0.10) | map_noise(attribute=PT08.S2(NMHC), percentage=0.01) | map_noise(attribute=PT08.S5(O3), percentage=0.05) };8.08968e-01;7.60563e-01;9.10179e-01;Pipeline { filter(PT08.S4(NO2) > 817.0000) | map_duplicate(probability=0.10) | map_noise(attribute=PT08.S5(O3), percentage=0.10) | filter(C6H6(GT) < 37.1000) };7.87874e-01;8.48369e-01;8.67840e-01;Pipeline { map_duplicate(probability=0.10) | map_duplicate(probability=0.10) | map_noise(attribute=PT08.S4(NO2), percentage=0.05) | map_noise(attribute=C6H6(GT), percentage=0.25) | filter(T > 7.6000) };8.04241e-01;7.92899e-01;9.19590e-01;Pipeline { filter(PT08.S4(NO2) > 867.0000) | map_duplicate(probability=0.10) | map_noise(attribute=T, percentage=0.25) | filter(C6H6(GT) < 37.7000) }
datasets/airQuality_parallel.csv;nsga2;3;1;100;100;5.35200e+00;100;9;54;9.80000e-01;9.80000e-01;4.00000e-01;7.44120e-01;9.75439e-01;9.75122e-01;Pipeline { map_noise(attribute=NO2(GT), percentage=0.10) };6.11470e-01;1.00000e+00;9.22924e-01;Pipeline { filter(NOx(GT) < 5770.0000) | map_noise(attribute=AH, percentage=0.01) };7.41257e-01;1.00000e+00;1.00000e+00;Pipeline { map_noise(attribute=RH, percentage=0.25) | map_noise(attribute=NO2(GT), percentage=0.01) | map_noise(attribute=AH, percentage=0.05) };4.73007e-01;8.76611e-01;7.89715e-01;Pipeline { map_duplicate(probability=0.70) | filter(PT08.S3(NOx) < 84100000.0000) | map_noise(attribute=NO2(GT), percentage=0.05) };7.42322e-01;9.36567e-01;9.49204e-01;Pipeline { map_noise(attribute=PT08.S3(NOx), percentage=0.01) | map_noise(attribute=T, percentage=0.25) | filter(AH < 4.6500) };4.64108e-01;9.45326e-01;8.03625e-01;Pipeline { map_duplicate(probability=0.60) }
datasets/airQuality_parallel.csv;nsga2;3;2;200;200;1.20570e+01;100;1;6;9.80000e-01;9.80000e-01;7.80000e-01;7.61076e-01;1.00000e+00;1.00000e+00;Pipeline { map_noise(attribute=NOx(GT), percentage=0.10) };6.11470e-01;1.00000e+00;9.22924e-01;Pipeline { filter(NOx(GT) < 5770.0000) | map_noise(attribute=AH, percentage=0.01) };7.40994e-01;1.00000e+00;1.00000e+00;Pipeline { map_noise(attribute=NOx(GT), percentage=0.05) };7.41322e-01;1.00000e+00;1.00000e+00;Pipeline { map_noise(attribute=PT08.S5(O3), percentage=0.10) };7.41351e-01;1.00000e+00;1.00000e+00;Pipeline { map_noise(attribute=NO2(GT), percentage=0.01) };7.61076e-01;1.00000e+00;1.00000e+00;Pipeline { map_noise(attribute=NOx(GT), percentage=0.10) }
datasets/airQuality_parallel.csv;nsga2;3;3;300;300;1.85300e+01;100;1;8;9.80000e-01;9.80000e-01;5.10000e-01;7.61076e-01;1.00000e+00;1.00000e+00;Pipeline { map_noise(attribute=NOx(GT), percentage=0.10) };6.11470e-01;1.00000e+00;9.22924e-01;Pipeline { filter(NOx(GT) < 5770.0000) | map_noise(attribute=AH, percentage=0.25) };7.18223e-01;1.00000e+00;1.00000e+00;Pipeline { map_noise(attribute=PT08.S1(CO), percentage=0.05) | map_noise(attribute=NOx(GT), percentage=0.25) };7.41322e-01;1.00000e+00;1.00000e+00;Pipeline { map_noise(attribute=PT08.S3(NOx), percentage=0.10) | map_noise(attribute=PT08.S2(NMHC), percentage=0.10) };7.41322e-01;1.00000e+00;1.00000e+00;Pipeline { map_noise(attribute=NMHC(GT), percentage=0.25) };7.41322e-01;1.00000e+00;1.00000e+00;Pipeline { map_noise(attribute=PT08.S3(NOx), percentage=0.10) }
datasets/airQuality_parallel.csv;nsga2;3;4;400;400;2.36440e+01;100;1;2;9.90000e-01;9.90000e-01;4.00000e-01;7.61076e-01;1.00000e+00;1.00000e+00;Pipeline { map_noise(attribute=NOx(GT), percentage=0.10) };7.40369e-01;1.00000e+00;1.00000e+00;Pipeline { map_noise(attribute=NOx(GT), percentage=0.10) | map_noise(attribute=NOx(GT), percentage=0.01) | map_noise(attribute=PT08.S3(NOx), percentage=0.05) };7.40369e-01;1.00000e+00;1.00000e+00;Pipeline { map_noise(attribute=NOx(GT), percentage=0.10) | map_noise(attribute=NOx(GT), percentage=0.01) | map_noise(attribute=PT08.S3(NOx), percentage=0.05) };7.42322e-01;9.36567e-01;9.49204e-01;Pipeline { map_noise(attribute=PT08.S3(NOx), percentage=0.01) | map_noise(attribute=T, percentage=0.25) | filter(AH < 4.6500) };7.41322e-01;1.00000e+00;1.00000e+00;Pipeline { map_noise(attribute=NMHC(GT), percentage=0.10) };7.41322e-01;1.00000e+00;1.00000e+00;Pipeline { map_noise(attribute=NMHC(GT), percentage=0.10) }
datasets/airQuality_parallel.csv;nsga2;3;5;500;500;2.75150e+01;100;2;49;1.00000e+00;1.00000e+00;5.30000e-01;7.66777e-01;4.92212e-01;7.29696e-01;Pipeline { map_noise(attribute=CO(GT), percentage=0.25) | map_noise(attribute=NOx(GT), percentage=0.05) | map_noise(attribute=T, percentage=0.05) };7.41322e-01;1.00000e+00;1.00000e+00;Pipeline { map_noise(attribute=NMHC(GT), percentage=0.05) };7.41322e-01;1.00000e+00;1.00000e+00;Pipeline { map_noise(attribute=NMHC(GT), percentage=0.05) };7.48203e-01;4.88336e-01;7.95111e-01;Pipeline { map_noise(attribute=CO(GT), percentage=0.25) | map_noise(attribute=NOx(GT), percentage=0.01) | map_noise(attribute=RH, percentage=0.05) };7.41322e-01;1.00000e+00;1.00000e+00;Pipeline { map_noise(attribute=T, percentage=0.10) | map_noise(attribute=NMHC(GT), percentage=0.10) };7.41322e-01;1.00000e+00;1.00000e+00;Pipeline { map_noise(attribute=T, percentage=0.10) | map_noise(attribute=NMHC(GT), percentage=0.10) }
datasets/airQuality_parallel.csv;nsga2;3;6;600;600;3.15400e+01;100;2;30;1.00000e+00;9.90000e-01;7.20000e-01;7.66777e-01;4.92212e-01;7.29696e-01;Pipeline { map_noise(attribute=CO(GT), percentage=0.25) | map_noise(attribute=NOx(GT), percentage=0.05) | map_noise(attribute=T, percentage=0.05) };7.41322e-01;1.00000e+00;1.00000e+00;Pipeline { map_noise(attribute=PT08.S3(NOx), percentage=0.05) | map_noise(attribute=PT08.S5(O3), percentage=0.10) };7.41322e-01;1.00000e+00;1.00000e+00;Pipeline { map_noise(attribute=PT08.S3(NOx), percentage=0.05) | map_noise(attribute=PT08.S5(O3), percentage=0.10) };7.49541e-01;9.36567e-01;9.49204e-01;Pipeline { filter(PT08.S1(CO) > 0.0089) | map_noise(attribute=PT08.S4(NO2), percentage=0.05) };7.41322e-01;1.00000e+00;1.00000e+00;Pipeline { map_noise(attribute=PT08.S1(CO), percentage=0.05) };7.41322e-01;1.00000e+00;1.00000e+00;Pipeline { map_noise(attribute=PT08.S1(CO), percentage=0.05) }
datasets/airQuality_parallel.csv;nsga2;3;7;700;700;3.64930e+01;100;3;16;1.00000e+00;9.90000e-01;8.60000e-01;7.66777e-01;4.92212e-01;7.29696e-01;Pipeline { map_noise(attribute=CO(GT), percentage=0.25) | map_noise(attribute=NOx(GT), percentage=0.05) | map_noise(attribute=T, percentage=0.05) };7.41322e-01;1.00000e+00;1.00000e+00;Pipeline { map_noise(attribute=PT08.S3(NOx), percentage=0.01) | map_noise(attribute=PT08.S3(NOx), percentage=0.05) };7.41322e-01;1.00000e+00;1.00000e+00;Pipeline { map_noise(attribute=PT08.S3(NOx), percentage=0.01) | map_noise(attribute=PT08.S3(NOx), percentage=0.05) };7.52163e-01;9.36567e-01;9.49204e-01;Pipeline { map_noise(attribute=PT08.S3(NOx), percentage=0.01) | map_noise(attribute=T, percentage=0.25) | filter(PT08.S4(NO2) > 0.9930) };7.45670e-01;1.00000e+00;1.00000e+00;Pipeline { map_noise(attribute=NOx(GT), percentage=0.05) };7.45670e-01;1.00000e+00;1.00000e+00;Pipeline { map_noise(attribute=NOx(GT), percentage=0.05) }
datasets/airQuality_parallel.csv;nsga2;3;8;800;800;4.21440e+01;100;4;5;1.00000e+00;9.80000e-01;9.70000e-01;7.83273e-01;5.05564e-01;7.19350e-01;Pipeline { map_noise(attribute=CO(GT), percentage=0.25) | map_noise(attribute=NOx(GT), percentage=0.01) | map_noise(attribute=T, percentage=0.25) };7.41322e-01;1.00000e+00;1.00000e+00;Pipeline { map_noise(attribute=RH, percentage=0.10) | map_noise(attribute=PT08.S2(NMHC), percentage=0.05) };7.41322e-01;1.00000e+00;1.00000e+00;Pipeline { map_noise(attribute=RH, percentage=0.10) | map_noise(attribute=PT08.S2(NMHC), percentage=0.05) };7.53751e-01;9.31354e-01;9.48105e-01;Pipeline { map_noise(attribute=PT08.S3(NOx), percentage=0.01) | map_noise(attribute=AH, percentage=0.25) | filter(T > 1.3900) };7.47719e-01;1.00000e+00;1.00000e+00;Pipeline { map_noise(attribute=NOx(GT), percentage=0.10) | map_noise(attribute=NOx(GT), percentage=0.01) | map_noise(attribute=T, percentage=0.05) };7.47719e-01;1.00000e+00;1.00000e+00;Pipeline { map_noise(attribute=NOx(GT), percentage=0.10) | map_noise(attribute=NOx(GT), percentage=0.01) | map_noise(attribute=T, percentage=0.05) }
datasets/airQuality_parallel.csv;nsga2;3;9;900;900;4.60590e+01;100;4;3;1.00000e+00;9.80000e-01;1.00000e+00;7.83273e-01;5.05564e-01;7.19350e-01;Pipeline { map_noise(attribute=CO(GT), percentage=0.25) | map_noise(attribute=NOx(GT), percentage=0.01) | map_noise(attribute=T, percentage=0.25) };7.43233e-01;1.00000e+00;1.00000e+00;Pipeline { map_noise(attribute=PT08.S1(CO), percentage=0.10) | map_noise(attribute=NOx(GT), percentage=0.05) | map_noise(attribute=T, percentage=0.01) };7.43233e-01;1.00000e+00;1.00000e+00;Pipeline { map_noise(attribute=PT08.S1(CO), percentage=0.10) | map_noise(attribute=NOx(GT), percentage=0.05) | map_noise(attribute=T, percentage=0.01) };7.55417e-01;9.36567e-01;9.49204e-01;Pipeline { map_noise(attribute=PT08.S3(NOx), percentage=0.01) | map_noise(attribute=AH, percentage=0.25) | filter(RH > 0.0000) };7.49209e-01;1.00000e+00;1.00000e+00;Pipeline { map_noise(attribute=NOx(GT), percentage=0.25) | map_noise(attribute=NOx(GT), percentage=0.01) | map_noise(attribute=T, percentage=0.05) };7.49209e-01;1.00000e+00;1.00000e+00;Pipeline { map_noise(attribute=NOx(GT), percentage=0.25) | map_noise(attribute=NOx(GT), percentage=0.01) | map_noise(attribute=T, percentage=0.05) }
datasets/airQuality_parallel.csv;nsga2;3;10;1000;1000;5.04980e+01;100;4;2;1.00000e+00;9.90000e-01;1.00000e+00;7.83273e-01;5.05564e-01;7.19350e-01;Pipeline { map_noise(attribute=CO(GT), percentage=0.25) | map_noise(attribute=NOx(GT), percentage=0.01) | map_noise(attribute=T, percentage=0.25) };7.44479e-01;1.00000e+00;1.00000e+00;Pipeline { map_noise(attribute=NOx(GT), percentage=0.05) | map_noise(attribute=NOx(GT), percentage=0.10) | map_noise(attribute=PT08.S4(NO2), percentage=0.25) };7.44479e-01;1.00000e+00;1.00000e+00;Pipeline { map_noise(attribute=NOx(GT), percentage=0.05) | map_noise(attribute=NOx(GT), percentage=0.10) | map_noise(attribute=PT08.S4(NO2), percentage=0.25) };7.57246e-01;8.85813e-01;8.93452e-01;Pipeline { map_noise(attribute=NOx(GT), percentage=0.10) | map_noise(attribute=NOx(GT), percentage=0.01) | map_noise(attribute=CO(GT), percentage=0.10) };7.50084e-01;1.00000e+00;1.00000e+00;Pipeline { map_noise(attribute=NOx(GT), percentage=0.10) | map_noise(attribute=PT08.S2(NMHC), percentage=0.10) | map_noise(attribute=C6H6(GT), percentage=0.05) };7.50084e-01;1.00000e+00;1.00000e+00;Pipeline { map_noise(attribute=NOx(GT), percentage=0.10) | map_noise(attribute=PT08.S2(NMHC), percentage=0.10) | map_noise(attribute=C6H6(GT), percentage=0.05) }
datasets/airQuality_parallel.csv;nsga2;3;11;1100;1100;5.53220e+01;100;4;1;1.00000e+00;9.90000e-01;1.00000e+00;7.83273e-01;5.05564e-01;7.19350e-01;Pipeline { map_noise(attribute=CO(GT), percentage=0.25) | map_noise(attribute=NOx(GT), percentage=0.01) | map_noise(attribute=T, percentage=0.25) };7.45869e-01;1.00000e+00;1.00000e+00;Pipeline { map_noise(attribute=NOx(GT), percentage=0.10) | map_noise(attribute=C6H6(GT), percentage=0.10) | map_noise(attribute=C6H6(GT), percentage=0.05) };7.45869e-01;1.00000e+00;1.00000e+00;Pipeline { map_noise(attribute=NOx(GT), percentage=0.10) | map_noise(attribute=C6H6(GT), percentage=0.10) | map_noise(attribute=C6H6(GT), percentage=0.05) };7.58127e-01;8.75214e-01;9.13846e-01;Pipeline { map_noise(attribute=PT08.S4(NO2), percentage=0.10) | map_noise(attribute=CO(GT), percentage=0.10) };7.51636e-01;1.00000e+00;1.00000e+00;Pipeline { map_noise(attribute=NOx(GT), percentage=0.10) | map_noise(attribute=PT08.S2(NMHC), percentage=0.01) | map_noise(attribute=C6H6(GT), percentage=0.05) };7.51636e-01;1.00000e+00;1.00000e+00;Pipeline { map_noise(attribute=NOx(GT), percentage=0.10) | map_noise(attribute=PT08.S2(NMHC), percentage=0.01) | map_noise(attribute=C6H6(GT), percentage=0.05) }
datasets/airQuality_parallel.csv;nsga2;3;12;1200;1200;6.07450e+01;100;4;1;1.00000e+00;1.00000e+00;1.00000e+00;7.83273e-01;5.05564e-01;7.19350e-01;Pipeline { map_noise(attribute=CO(GT), percentage=0.25) | map_noise(attribute=NOx(GT), percentage=0.01) | map_noise(attribute=T, percentage=0.25) };7.46710e-01;1.00000e+00;1.00000e+00;Pipeline { map_noise(attribute=NOx(GT), percentage=0.05) | map_noise(attribute=T, percentage=0.01) | map_noise(attribute=T, percentage=0.10) };7.46710e-01;1.00000e+00;1.00000e+00;Pipeline { map_noise(attribute=NOx(GT), percentage=0.05) | map_noise(attribute=T, percentage=0.01) | map_noise(attribute=T, percentage=0.10) };7.58736e-01;9.36567e-01;9.49204e-01;Pipeline { filter(PT08.S4(NO2) > 0.0001) | map_noise(attribute=C6H6(GT), percentage=0.10) };7.52196e-01;1.00000e+00;1.00000e+00;Pipeline { map_noise(attribute=NOx(GT), percentage=0.10) | map_noise(attribute=T, percentage=0.01) | map_noise(attribute=T, percentage=0.01) };7.52196e-01;1.00000e+00;1.00000e+00;Pipeline { map_noise(attribute=NOx(GT), percentage=0.10) | map_noise(attribute=T, percentage=0.01) | map_noise(attribute=T, percentage=0.01) }
datasets/airQuality_parallel.csv;nsga2;3;13;1300;1300;6.61530e+01;100;5;2;1.00000e+00;1.00000e+00;1.00000e+00;7.83273e-01;5.05564e-01;7.19350e-01;Pipeline { map_noise(attribute=CO(GT), percentage=0.25) | map_noise(attribute=NOx(GT), percentage=0.01) | map_noise(attribute=T, percentage=0.25) };7.47719e-01;1.00000e+00;1.00000e+00;Pipeline { map_noise(attribute=NOx(GT), percentage=0.10) | map_noise(attribute=NOx(GT), percentage=0.01) | map_noise(attribute=T, percentage=0.05) };7.47719e-01;1.00000e+00;1.00000e+00;Pipeline { map_noise(attribute=NOx(GT), percentage=0.10) | map_noise(attribute=NOx(GT), percentage=0.01) | map_noise(attribute=T, percentage=0.05) };7.58947e-01;9.77072e-01;9.80886e-01;Pipeline { map_noise(attribute=NOx(GT), percentage=0.10) | map_noise(attribute=NO2(GT), percentage=0.10) | map_noise(attribute=NMHC(GT), percentage=0.05) };7.53067e-01;1.00000e+00;1.00000e+00;Pipeline { map_noise(attribute=NOx(GT), percentage=0.10) | map_noise(attribute=PT08.S2(NMHC), percentage=0.01) | map_noise(attribute=NMHC(GT), percentage=0.25) };7.53067e-01;1.00000e+00;1.00000e+00;Pipeline { map_noise(attribute=NOx(GT), percentage=0.10) | map_noise(attribute=PT08.S2(NMHC), percentage=0.01) | map_noise(attribute=NMHC(GT), percentage=0.25) }
datasets/airQuality_parallel.csv;nsga2;3;14;1400;1400;7.01690e+01;100;2;1;1.00000e+00;1.00000e+00;1.00000e+00;7.83273e-01;5.05564e-01;7.19350e-01;Pipeline { map_noise(attribute=CO(GT), percentage=0.25) | map_noise(attribute=NOx(GT), percentage=0.01) | map_noise(attribute=T, percentage=0.25) };7.48406e-01;1.00000e+00;1.00000e+00;Pipeline { map_noise(attribute=NOx(GT), percentage=0.05) | map_noise(attribute=NOx(GT), percentage=0.01) | map_noise(attribute=PT08.S1(CO), percentage=0.01) };7.48406e-01;1.00000e+00;1.00000e+00;Pipeline { map_noise(attribute=NOx(GT), percentage=0.05) | map_noise(attribute=NOx(GT), percentage=0.01) | map_noise(attribute=PT08.S1(CO), percentage=0.01) };7.59099e-01;9.36567e-01;9.49204e-01;Pipeline { map_noise(attribute=PT08.S3(NOx), percentage=0.01) | map_noise(attribute=AH, percentage=0.25) | filter(PT08.S1(CO) < 4090000000.0000) };7.53067e-01;1.00000e+00;1.00000e+00;Pipeline { map_noise(attribute=NOx(GT), percentage=0.10) | map_noise(attribute=PT08.S2(NMHC), percentage=0.01) | map_noise(attribute=NMHC(GT), percentage=0.25) };7.53067e-01;1.00000e+00;1.00000e+00;Pipeline { map_noise(attribute=NOx(GT), percentage=0.10) | map_noise(attribute=PT08.S2(NMHC), percentage=0.01) | map_noise(attribute=NMHC(GT), percentage=0.25) }
datasets/airQuality_parallel.csv;nsga2;3;15;1500;1500;7.46970e+01;100;2;1;1.00000e+00;1.00000e+00;1.00000e+00;7.83273e-01;5.05564e-01;7.19350e-01;Pipeline { map_noise(attribute=CO(GT), percentage=0.25) | map_noise(attribute=NOx(GT), percentage=0.01) | map_noise(attribute=T, percentage=0.25) };7.48690e-01;1.00000e+00;1.00000e+00;Pipeline { map_noise(attribute=PT08.S2(NMHC), percentage=0.10) | map_noise(attribute=NOx(GT), percentage=0.05) | map_noise(attribute=T, percentage=0.10) };7.48690e-01;1.00000e+00;1.00000e+00;Pipeline { map_noise(attribute=PT08.S2(NMHC), percentage=0.10) | map_noise(attribute=NOx(GT), percentage=0.05) | map_noise(attribute=T, percentage=0.10) };7.59903e-01;9.36567e-01;9.49204e-01;Pipeline { map_noise(attribute=RH, percentage=0.25) | map_noise(attribute=T, percentage=0.10) | filter(AH < 3.9100) };7.53088e-01;1.00000e+00;1.00000e+00;Pipeline { map_noise(attribute=NOx(GT), percentage=0.10) | map_noise(attribute=AH, percentage=0.10) | map_noise(attribute=T, percentage=0.10) };7.53088e-01;1.00000e+00;1.00000e+00;Pipeline { map_noise(attribute=NOx(GT), percentage=0.10) | map_noise(attribute=AH, percentage=0.10) | map_noise(attribute=T, percentage=0.10) }
datasets/airQuality_parallel.csv;nsga2;3;16;1600;1600;8.01120e+01;100;2;2;1.00000e+00;1.00000e+00;1.00000e+00;7.83273e-01;5.05564e-01;7.19350e-01;Pipeline { map_noise(attribute=CO(GT), percentage=0.25) | map_noise(attribute=NOx(GT), percentage=0.01) | map_noise(attribute=T, percentage=0.25) };7.50379e-01;1.00000e+00;1.00000e+00;Pipeline { map_noise(attribute=NOx(GT), percentage=0.10) | map_noise(attribute=RH, percentage=0.01) | map_noise(attribute=T, percentage=0.10) };7.50379e-01;1.00000e+00;1.00000e+00;Pipeline { map_noise(attribute=NOx(GT), percentage=0.10) | map_noise(attribute=RH, percentage=0.01) | map_noise(attribute=T, percentage=0.10) };7.60879e-01;9.36567e-01;9.49204e-01;Pipeline { map_noise(attribute=AH, percentage=0.01) | map_noise(attribute=AH, percentage=0.25) | filter(PT08.S1(CO) > 9.4600) };7.54682e-01;1.00000e+00;1.00000e+00;Pipeline { map_noise(attribute=NOx(GT), percentage=0.10) | map_noise(attribute=NOx(GT), percentage=0.05) | map_noise(attribute=PT08.S1(CO), percentage=0.25) };7.54682e-01;1.00000e+00;1.00000e+00;Pipeline { map_noise(attribute=NOx(GT), percentage=0.10) | map_noise(attribute=NOx(GT), percentage=0.05) | map_noise(attribute=PT08.S1(CO), percentage=0.25) }
datasets/airQuality_parallel.csv;nsga2;3;17;1700;1700;8.39980e+01;100;2;2;1.00000e+00;1.00000e+00;9.90000e-01;7.83273e-01;5.05564e-01;7.19350e-01;Pipeline { map_noise(attribute=CO(GT), percentage=0.25) | map_noise(attribute=NOx(GT), percentage=0.01) | map_noise(attribute=T, percentage=0.25) };7.50932e-01;1.00000e+00;1.00000e+00;Pipeline { map_noise(attribute=NMHC(GT), percentage=0.10) | map_noise(attribute=NOx(GT), percentage=0.05) | map_noise(attribute=T, percentage=0.10) };7.50932e-01;1.00000e+00;1.00000e+00;Pipeline { map_noise(attribute=NMHC(GT), percentage=0.10) | map_noise(attribute=NOx(GT), percentage=0.05) | map_noise(attribute=T, percentage=0.10) };7.61076e-01;1.00000e+00;1.00000e+00;Pipeline { map_noise(attribute=NOx(GT), percentage=0.10) };7.55308e-01;1.00000e+00;1.00000e+00;Pipeline { map_noise(attribute=PT08.S5(O3), percentage=0.01) | map_noise(attribute=NOx(GT), percentage=0.05) | map_noise(attribute=NOx(GT), percentage=0.01) };7.55308e-01;1.00000e+00;1.00000e+00;Pipeline { map_noise(attribute=PT08.S5(O3), percentage=0.01) | map_noise(attribute=NOx(GT), percentage=0.05) | map_noise(attribute=NOx(GT), percentage=0.01) }
datasets/airQuality_parallel.csv;nsga2;3;18;1800;1800;9.00750e+01;100;2;3;1.00000e+00;1.00000e+00;9.90000e-01;7.83273e-01;5.05564e-01;7.19350e-01;Pipeline { map_noise(attribute=CO(GT), percentage=0.25) | map_noise(attribute=NOx(GT), percentage=0.01) | map_noise(attribute=T, percentage=0.25) };7.51492e-01;1.00000e+00;1.00000e+00;Pipeline { map_noise(attribute=NOx(GT), percentage=0.10) | map_noise(attribute=PT08.S4(NO2), percentage=0.01) | map_noise(attribute=AH, percentage=0.01) };7.51492e-01;1.00000e+00;1.00000e+00;Pipeline { map_noise(attribute=NOx(GT), percentage=0.10) | map_noise(attribute=PT08.S4(NO2), percentage=0.01) | map_noise(attribute=AH, percentage=0.01) };7.61257e-01;9.36567e-01;9.49204e-01;Pipeline { map_noise(attribute=PT08.S3(NOx), percentage=0.01) | map_noise(attribute=AH, percentage=0.10) | filter(PT08.S5(O3) < 38600000.0000) | map_noise(attribute=PT08.S2(NMHC), percentage=0.25) };7.55308e-01;1.00000e+00;1.00000e+00;Pipeline { map_noise(attribute=PT08.S5(O3), percentage=0.01) | map_noise(attribute=NOx(GT), percentage=0.05) | map_noise(attribute=NOx(GT), percentage=0.01) };7.55308e-01;1.00000e+00;1.00000e+00;Pipeline { map_noise(attribute=PT08.S5(O3), percentage=0.01) | map_noise(attribute=NOx(GT), percentage=0.05) | map_noise(attribute=NOx(GT), percentage=0.01) }
datasets/airQuality_parallel.csv;nsga2;3;19;1900;1900;9.41410e+01;100;2;2;1.00000e+00;1.00000e+00;9.90000e-01;7.83273e-01;5.05564e-01;7.19350e-01;Pipeline { map_noise(attribute=CO(GT), percentage=0.25) | map_noise(attribute=NOx(GT), percentage=0.01) | map_noise(attribute=T, percentage=0.25) };7.51768e-01;1.00000e+00;1.00000e+00;Pipeline { map_noise(attribute=NOx(GT), percentage=0.25) | map_noise(attribute=NMHC(GT), percentage=0.10) };7.51768e-01;1.00000e+00;1.00000e+00;Pipeline { map_noise(attribute=NOx(GT), percentage=0.25) | map_noise(attribute=NMHC(GT), percentage=0.10) };7.61593e-01;6.36535e-01;9.43132e-01;Pipeline { map_noise(attribute=C6H6(GT), percentage=0.25) | map_noise(attribute=NO2(GT), percentage=0.25) | filter(PT08.S1(CO) < 10000000.0000) };7.56102e-01;1.00000e+00;1.00000e+00;Pipeline { map_noise(attribute=PT08.S5(O3), percentage=0.01) | map_noise(attribute=NOx(GT), percentage=0.05) | map_noise(attribute=NOx(GT), percentage=0.10) };7.56102e-01;1.00000e+00;1.00000e+00;Pipeline { map_noise(attribute=PT08.S5(O3), percentage=0.01) | map_noise(attribute=NOx(GT), percentage=0.05) | map_noise(attribute=NOx(GT), percentage=0.10) }
datasets/airQuality_parallel.csv;nsga2;3;20;2000;2000;9.80140e+01;100;2;3;1.00000e+00;1.00000e+00;9.90000e-01;7.83273e-01;5.05564e-01;7.19350e-01;Pipeline { map_noise(attribute=CO(GT), percentage=0.25) | map_noise(attribute=NOx(GT), percentage=0.01) | map_noise(attribute=T, percentage=0.25) };7.52152e-01;1.00000e+00;1.00000e+00;Pipeline { map_noise(attribute=NOx(GT), percentage=0.10) | map_noise(attribute=NOx(GT), percentage=0.05) | map_noise(attribute=PT08.S1(CO), percentage=0.05) };7.52152e-01;1.00000e+00;1.00000e+00;Pipeline { map_noise(attribute=NOx(GT), percentage=0.10) | map_noise(attribute=NOx(GT), percentage=0.05) | map_noise(attribute=PT08.S1(CO), percentage=0.05) };7.62085e-01;6.84211e-01;9.35709e-01;Pipeline { map_noise(attribute=C6H6(GT), percentage=0.25) | map_noise(attribute=NO2(GT), percentage=0.25) | filter(AH < 949000.0000) };7.56761e-01;1.00000e+00;1.00000e+00;Pipeline { map_noise(attribute=NOx(GT), percentage=0.10) | map_noise(attribute=NO2(GT), percentage=0.01) | map_noise(attribute=C6H6(GT), percentage=0.05) };7.56761e-01;1.00000e+00;1.00000e+00;Pipeline { map_noise(attribute=NOx(GT), percentage=0.10) | map_noise(attribute=NO2(GT), percentage=0.01) | map_noise(attribute=C6H6(GT), percentage=0.05) }
datasets/airQuality_parallel.csv;nsga2;3;21;2100;2100;1.02292e+02;100;2;1;1.00000e+00;1.00000e+00;9.90000e-01;7.83273e-01;5.05564e-01;7.19350e-01;Pipeline { map_noise(attribute=CO(GT), percentage=0.25) | map_noise(attribute=NOx(GT), percentage=0.01) | map_noise(attribute=T, percentage=0.25) };7.52166e-01;1.00000e+00;1.00000e+00;Pipeline { map_noise(attribute=NOx(GT), percentage=0.25) | map_noise(attribute=NOx(GT), percentage=0.01) | map_noise(attribute=PT08.S2(NMHC), percentage=0.05) };7.52166e-01;1.00000e+00;1.00000e+00;Pipeline { map_noise(attribute=NOx(GT), percentage=0.25) | map_noise(attribute=NOx(GT), percentage=0.01) | map_noise(attribute=PT08.S2(NMHC), percentage=0.05) };7.62189e-01;9.36567e-01;9.49204e-01;Pipeline { map_noise(attribute=RH, percentage=0.25) | map_noise(attribute=T, percentage=0.10) | filter(RH > 1.8500) };7.57240e-01;1.00000e+00;1.00000e+00;Pipeline { map_noise(attribute=NOx(GT), percentage=0.10) | map_noise(attribute=T, percentage=0.10) | map_noise(attribute=PT08.S5(O3), percentage=0.05) };7.56761e-01;1.00000e+00;1.00000e+00;Pipeline { map_noise(attribute=NOx(GT), percentage=0.10) | map_noise(attribute=NO2(GT), percentage=0.01) | map_noise(attribute=C6H6(GT), percentage=0.05) }
datasets/airQuality_parallel.csv;nsga2;3;22;2200;2200;1.06538e+02;100;2;1;1.00000e+00;1.00000e+00;9.90000e-01;7.83273e-01;5.05564e-01;7.19350e-01;Pipeline { map_noise(attribute=CO(GT), percentage=0.25) | map_noise(attribute=NOx(GT), percentage=0.01) | map_noise(attribute=T, percentage=0.25) };7.52196e-01;1.00000e+00;1.00000e+00;Pipeline { map_noise(attribute=NOx(GT), percentage=0.10) | map_noise(attribute=T, percentage=0.01) | map_noise(attribute=T, percentage=0.01) };7.52196e-01;1.00000e+00;1.00000e+00;Pipeline { map_noise(attribute=NOx(GT), percentage=0.10) | map_noise(attribute=T, percentage=0.01) | map_noise(attribute=T, percentage=0.01) };7.62189e-01;9.36567e-01;9.49204e-01;Pipeline { map_noise(attribute=RH, percentage=0.25) | map_noise(attribute=T, percentage=0.10) | filter(RH > 1.8500) };7.57350e-01;1.00000e+00;1.00000e+00;Pipeline { map_noise(attribute=NOx(GT), percentage=0.10) | map_noise(attribute=PT08.S4(NO2), percentage=0.01) | map_noise(attribute=PT08.S4(NO2), percentage=0.25) };7.57240e-01;1.00000e+00;1.00000e+00;Pipeline { map_noise(attribute=NOx(GT), percentage=0.10) | map_noise(attribute=T, percentage=0.10) | map_noise(attribute=PT08.S5(O3), percentage=0.05) }
datasets/airQuality_parallel.csv;nsga2;3;23;2300;2300;1.10489e+02;100;2;1;1.00000e+00;1.00000e+00;9.90000e-01;7.83273e-01;5.05564e-01;7.19350e-01;Pipeline { map_noise(attribute=CO(GT), percentage=0.25) | map_noise(attribute=NOx(GT), percentage=0.01) | map_noise(attribute=T, percentage=0.25) };7.52362e-01;1.00000e+00;1.00000e+00;Pipeline { map_noise(attribute=NOx(GT), percentage=0.10) | map_noise(attribute=T, percentage=0.10) | map_noise(attribute=NMHC(GT), percentage=0.01) };7.52362e-01;1.00000e+00;1.00000e+00;Pipeline { map_noise(attribute=NOx(GT), percentage=0.10) | map_noise(attribute=T, percentage=0.10) | map_noise(attribute=NMHC(GT), percentage=0.01) };7.62424e-01;9.36567e-01;9.49204e-01;Pipeline { filter(PT08.S4(NO2) > 0.0001) | map_noise(attribute=C6H6(GT), percentage=0.10) };7.58560e-01;1.00000e+00;1.00000e+00;Pipeline { map_noise(attribute=NOx(GT), percentage=0.25) | map_noise(attribute=AH, percentage=0.01) | map_noise(attribute=T, percentage=0.10) };7.57350e-01;1.00000e+00;1.00000e+00;Pipeline { map_noise(attribute=NOx(GT), percentage=0.10) | map_noise(attribute=PT08.S4(NO2), percentage=0.01) | map_noise(attribute=PT08.S4(NO2), percentage=0.25) }
datasets/airQuality_parallel.csv;nsga2;3;24;2400;2400;1.14651e+02;100;2;3;1.00000e+00;1.00000e+00;9.80000e-01;7.83273e-01;5.05564e-01;7.19350e-01;Pipeline { map_noise(attribute=CO(GT), percentage=0.25) | map_noise(attribute=NOx(GT), percentage=0.01) | map_noise(attribute=T, percentage=0.25) };7.52362e-01;1.00000e+00;1.00000e+00;Pipeline { map_noise(attribute=NOx(GT), percentage=0.10) | map_noise(attribute=T, percentage=0.10) | map_noise(attribute=NMHC(GT), percentage=0.01) };7.52362e-01;1.00000e+00;1.00000e+00;Pipeline { map_noise(attribute=NOx(GT), percentage=0.10) | map_noise(attribute=T, percentage=0.10) | map_noise(attribute=NMHC(GT), percentage=0.01) };7.62923e-01;6.05263e-01;9.47764e-01;Pipeline { map_noise(attribute=C6H6(GT), percentage=0.25) | map_noise(attribute=NO2(GT), percentage=0.25) | filter(PT08.S3(NOx) < 7230000.0000) };7.57350e-01;1.00000e+00;1.00000e+00;Pipeline { map_noise(attribute=NOx(GT), percentage=0.10) | map_noise(attribute=PT08.S4(NO2), percentage=0.01) | map_noise(attribute=PT08.S4(NO2), percentage=0.25) };7.57240e-01;1.00000e+00;1.00000e+00;Pipeline { map_noise(attribute=NOx(GT), percentage=0.10) | map_noise(attribute=T, percentage=0.10) | map_noise(attribute=PT08.S5(O3), percentage=0.05) }
datasets/airQuality_parallel.csv;nsga2;3;25;2500;2500;1.18735e+02;100;3;2;1.00000e+00;1.00000e+00;9.80000e-01;7.83273e-01;5.05564e-01;7.19350e-01;Pipeline { map_noise(attribute=CO(GT), percentage=0.25) | map_noise(attribute=NOx(GT), percentage=0.01) | map_noise(attribute=T, percentage=0.25) };7.52531e-01;1.00000e+00;1.00000e+00;Pipeline { map_noise(attribute=NOx(GT), percentage=0.10) | map_noise(attribute=NOx(GT), percentage=0.05) | map_noise(attribute=T, percentage=0.25) };7.52531e-01;1.00000e+00;1.00000e+00;Pipeline { map_noise(attribute=NOx(GT), percentage=0.10) | map_noise(attribute=NOx(GT), percentage=0.05) | map_noise(attribute=T, percentage=0.25) };7.63202e-01;6.30189e-01;9.35431e-01;Pipeline { map_noise(attribute=C6H6(GT), percentage=0.01) | map_noise(attribute=NO2(GT), percentage=0.25) | filter(AH < 949000.0000) };7.58560e-01;1.00000e+00;1.00000e+00;Pipeline { map_noise(attribute=NOx(GT), percentage=0.25) | map_noise(attribute=AH, percentage=0.01) | map_noise(attribute=T, percentage=0.10) };7.57350e-01;1.00000e+00;1.00000e+00;Pipeline { map_noise(attribute=NOx(GT), percentage=0.10) | map_noise(attribute=PT08.S4(NO2), percentage=0.01) | map_noise(attribute=PT08.S4(NO2), percentage=0.25) }
datasets/airQuality_parallel.csv;nsga2;3;26;2600;2600;1.22985e+02;100;3;2;1.00000e+00;1.00000e+00;9.80000e-01;7.83273e-01;5.05564e-01;7.19350e-01;Pipeline { map_noise(attribute=CO(GT), percentage=0.25) | map_noise(attribute=NOx(GT), percentage=0.01) | map_noise(attribute=T, percentage=0.25) };7.52702e-01;1.00000e+00;1.00000e+00;Pipeline { map_noise(attribute=NOx(GT), percentage=0.10) | map_noise(attribute=RH, percentage=0.01) | map_noise(attribute=AH, percentage=0.05) };7.52702e-01;1.00000e+00;1.00000e+00;Pipeline { map_noise(attribute=NOx(GT), percentage=0.10) | map_noise(attribute=RH, percentage=0.01) | map_noise(attribute=AH, percentage=0.05) };7.64358e-01;9.36567e-01;9.49204e-01;Pipeline { map_noise(attribute=AH, percentage=0.25) | map_noise(attribute=AH, percentage=0.25) | filter(PT08.S5(O3) > 9.4600) };7.59261e-01;1.00000e+00;1.00000e+00;Pipeline { map_noise(attribute=RH, percentage=0.01) | map_noise(attribute=NOx(GT), percentage=0.10) | map_noise(attribute=T, percentage=0.01) };7.59002e-01;1.00000e+00;1.00000e+00;Pipeline { map_noise(attribute=NOx(GT), percentage=0.10) | map_noise(attribute=PT08.S4(NO2), percentage=0.01) | map_noise(attribute=T, percentage=0.10) }
datasets/airQuality_parallel.csv;nsga2;3;27;2700;2700;1.26989e+02;100;3;3;1.00000e+00;1.00000e+00;9.80000e-01;7.83273e-01;5.05564e-01;7.19350e-01;Pipeline { map_noise(attribute=CO(GT), percentage=0.25) | map_noise(attribute=NOx(GT), percentage=0.01) | map_noise(attribute=T, percentage=0.25) };7.52969e-01;1.00000e+00;1.00000e+00;Pipeline { map_noise(attribute=PT08.S5(O3), percentage=0.05) | map_noise(attribute=NOx(GT), percentage=0.05) | map_noise(attribute=NOx(GT), percentage=0.10) };7.52969e-01;1.00000e+00;1.00000e+00;Pipeline { map_noise(attribute=PT08.S5(O3), percentage=0.05) | map_noise(attribute=NOx(GT), percentage=0.05) | map_noise(attribute=NOx(GT), percentage=0.10) };7.65484e-01;9.36567e-01;9.49204e-01;Pipeline { map_noise(attribute=PT08.S5(O3), percentage=0.05) | map_noise(attribute=PT08.S2(NMHC), percentage=0.25) | filter(AH < 3.9700) };7.60151e-01;1.00000e+00;1.00000e+00;Pipeline { map_noise(attribute=PT08.S5(O3), percentage=0.01) | map_noise(attribute=NOx(GT), percentage=0.05) | map_noise(attribute=NOx(GT), percentage=0.25) };7.59261e-01;1.00000e+00;1.00000e+00;Pipeline { map_noise(attribute=RH, percentage=0.01) | map_noise(attribute=NOx(GT), percentage=0.10) | map_noise(attribute=T, percentage=0.01) }
datasets/airQuality_parallel.csv;nsga2;3;28;2800;2800;1.31503e+02;100;3;2;1.00000e+00;1.00000e+00;9.80000e-01;7.83273e-01;5.05564e-01;7.19350e-01;Pipeline { map_noise(attribute=CO(GT), percentage=0.25) | map_noise(attribute=NOx(GT), percentage=0.01) | map_noise(attribute=T, percentage=0.25) };7.51856e-01;1.00000e+00;1.00000e+00;Pipeline { map_noise(attribute=PT08.S5(O3), percentage=0.05) | map_noise(attribute=PT08.S4(NO2), percentage=0.25) | map_noise(attribute=NOx(GT), percentage=0.25) };7.51856e-01;1.00000e+00;1.00000e+00;Pipeline { map_noise(attribute=PT08.S5(O3), percentage=0.05) | map_noise(attribute=PT08.S4(NO2), percentage=0.25) | map_noise(attribute=NOx(GT), percentage=0.25) };7.65484e-01;9.36567e-01;9.49204e-01;Pipeline { map_noise(attribute=PT08.S5(O3), percentage=0.05) | map_noise(attribute=PT08.S2(NMHC), percentage=0.25) | filter(AH < 3.9700) };7.59261e-01;1.00000e+00;1.00000e+00;Pipeline { map_noise(attribute=RH, percentage=0.01) | map_noise(attribute=NOx(GT), percentage=0.10) | map_noise(attribute=T, percentage=0.01) };7.59002e-01;1.00000e+00;1.00000e+00;Pipeline { map_noise(attribute=NOx(GT), percentage=0.10) | map_noise(attribute=PT08.S4(NO2), percentage=0.01) | map_noise(attribute=T, percentage=0.10) }
datasets/airQuality_parallel.csv;nsga2;3;29;2900;2900;1.37131e+02;100;3;1;1.00000e+00;1.00000e+00;9.80000e-01;7.83273e-01;5.05564e-01;7.19350e-01;Pipeline { map_noise(attribute=CO(GT), percentage=0.25) | map_noise(attribute=NOx(GT), percentage=0.01) | map_noise(attribute=T, percentage=0.25) };7.53049e-01;1.00000e+00;1.00000e+00;Pipeline { map_noise(attribute=NOx(GT), percentage=0.10) | map_noise(attribute=PT08.S2(NMHC), percentage=0.01) | map_noise(attribute=T, percentage=0.05) };7.53049e-01;1.00000e+00;1.00000e+00;Pipeline { map_noise(attribute=NOx(GT), percentage=0.10) | map_noise(attribute=PT08.S2(NMHC), percentage=0.01) | map_noise(attribute=T, percentage=0.05) };7.66271e-01;9.36567e-01;9.49204e-01;Pipeline { map_noise(attribute=C6H6(GT), percentage=0.10) | filter(T < 222000000.0000) | map_noise(attribute=PT08.S2(NMHC), percentage=0.10) | map_noise(attribute=AH, percentage=0.25) };7.60151e-01;1.00000e+00;1.00000e+00;Pipeline { map_noise(attribute=PT08.S5(O3), percentage=0.01) | map_noise(attribute=NOx(GT), percentage=0.05) | map_noise(attribute=NOx(GT), percentage=0.25) };7.59261e-01;1.00000e+00;1.00000e+00;Pipeline { map_noise(attribute=RH, percentage=0.01) | map_noise(attribute=NOx(GT), percentage=0.10) | map_noise(attribute=T, percentage=0.01) }
datasets/airQuality_parallel.csv;nsga2;3;30;3000;3000;1.41152e+02;100;4;2;1.00000e+00;1.00000e+00;9.80000e-01;7.83273e-01;5.05564e-01;7.19350e-01;Pipeline { map_noise(attribute=CO(GT), percentage=0.25) | map_noise(attribute=NOx(GT), percentage=0.01) | map_noise(attribute=T, percentage=0.25) };7.53088e-01;1.00000e+00;1.00000e+00;Pipeline { map_noise(attribute=NOx(GT), percentage=0.10) | map_noise(attribute=AH, percentage=0.10) | map_noise(attribute=T, percentage=0.10) };7.53088e-01;1.00000e+00;1.00000e+00;Pipeline { map_noise(attribute=NOx(GT), percentage=0.10) | map_noise(attribute=AH, percentage=0.10) | map_noise(attribute=T, percentage=0.10) };7.66741e-01;9.36567e-01;9.49204e-01;Pipeline { filter(PT08.S4(NO2) > 0.0006) | map_noise(attribute=C6H6(GT), percentage=0.10) };7.61076e-01;1.00000e+00;1.00000e+00;Pipeline { map_noise(attribute=NOx(GT), percentage=0.10) };7.60290e-01;1.00000e+00;1.00000e+00;Pipeline { map_noise(attribute=NOx(GT), percentage=0.25) | map_noise(attribute=NMHC(GT), percentage=0.01) | map_noise(attribute=T, percentage=0.25) }
datasets/airQuality_parallel.csv;nsga2;3;31;3100;3100;1.45754e+02;100;4;4;1.00000e+00;1.00000e+00;9.80000e-01;7.83273e-01;5.05564e-01;7.19350e-01;Pipeline { map_noise(attribute=CO(GT), percentage=0.25) | map_noise(attribute=NOx(GT), percentage=0.01) | map_noise(attribute=T, percentage=0.25) };7.53592e-01;1.00000e+00;1.00000e+00;Pipeline { map_noise(attribute=PT08.S5(O3), percentage=0.01) | map_noise(attribute=PT08.S4(NO2), percentage=0.05) | map_noise(attribute=NOx(GT), percentage=0.10) };7.53592e-01;1.00000e+00;1.00000e+00;Pipeline { map_noise(attribute=PT08.S5(O3), percentage=0.01) | map_noise(attribute=PT08.S4(NO2), percentage=0.05) | map_noise(attribute=NOx(GT), percentage=0.10) };7.67672e-01;1.00000e+00;1.00000e+00;Pipeline { map_noise(attribute=NOx(GT), percentage=0.25) | map_noise(attribute=PT08.S2(NMHC), percentage=0.01) | map_noise(attribute=PT08.S2(NMHC), percentage=0.05) };7.64077e-01;1.00000e+00;1.00000e+00;Pipeline { map_noise(attribute=PT08.S5(O3), percentage=0.01) | map_noise(attribute=PT08.S4(NO2), percentage=0.25) | map_noise(attribute=NOx(GT), percentage=0.10) };7.61672e-01;1.00000e+00;1.00000e+00;Pipeline { map_noise(attribute=NOx(GT), percentage=0.10) | map_noise(attribute=PT08.S2(NMHC), percentage=0.10) | map_noise(attribute=T, percentage=0.10) }
datasets/airQuality_parallel.csv;nsga2;3;32;3200;3200;1.50424e+02;100;4;1;1.00000e+00;1.00000e+00;9.70000e-01;7.83273e-01;5.05564e-01;7.19350e-01;Pipeline { map_noise(attribute=CO(GT), percentage=0.25) | map_noise(attribute=NOx(GT), percentage=0.01) | map_noise(attribute=T, percentage=0.25) };7.53654e-01;1.00000e+00;1.00000e+00;Pipeline { map_noise(attribute=NOx(GT), percentage=0.05) | map_noise(attribute=AH, percentage=0.10) | map_noise(attribute=PT08.S1(CO), percentage=0.05) };7.53654e-01;1.00000e+00;1.00000e+00;Pipeline { map_noise(attribute=NOx(GT), percentage=0.05) | map_noise(attribute=AH, percentage=0.10) | map_noise(attribute=PT08.S1(CO), percentage=0.05) };7.68582e-01;1.00000e+00;1.00000e+00;Pipeline { map_noise(attribute=T, percentage=0.01) | map_noise(attribute=NOx(GT), percentage=0.05) | map_noise(attribute=NOx(GT), percentage=0.10) };7.67672e-01;1.00000e+00;1.00000e+00;Pipeline { map_noise(attribute=NOx(GT), percentage=0.25) | map_noise(attribute=PT08.S2(NMHC), percentage=0.01) | map_noise(attribute=PT08.S2(NMHC), percentage=0.05) };7.64077e-01;1.00000e+00;1.00000e+00;Pipeline { map_noise(attribute=PT08.S5(O3), percentage=0.01) | map_noise(attribute=PT08.S4(NO2), percentage=0.25) | map_noise(attribute=NOx(GT), percentage=0.10) }
datasets/airQuality_parallel.csv;nsga2;3;33;3300;3300;1.55773e+02;100;3;2;1.00000e+00;1.00000e+00;9.70000e-01;7.86807e-01;8.05668e-01;9.18371e-01;Pipeline { map_noise(attribute=NOx(GT), percentage=0.25) | filter(PT08.S5(O3) < 2170.0000) | map_noise(attribute=RH, percentage=0.05) };7.54397e-01;1.00000e+00;1.00000e+00;Pipeline { map_noise(attribute=NOx(GT), percentage=0.25) | map_noise(attribute=NOx(GT), percentage=0.01) | map_noise(attribute=PT08.S3(NOx), percentage=0.10) };7.54397e-01;1.00000e+00;1.00000e+00;Pipeline { map_noise(attribute=NOx(GT), percentage=0.25) | map_noise(attribute=NOx(GT), percentage=0.01) | map_noise(attribute=PT08.S3(NOx), percentage=0.10) };7.70473e-01;3.53870e-01;6.80721e-01;Pipeline { map_noise(attribute=CO(GT), percentage=0.25) | map_noise(attribute=NO2(GT), percentage=0.25) | filter(AH < 949000.0000) };7.68582e-01;1.00000e+00;1.00000e+00;Pipeline { map_noise(attribute=T, percentage=0.01) | map_noise(attribute=NOx(GT), percentage=0.05) | map_noise(attribute=NOx(GT), percentage=0.10) };7.68582e-01;1.00000e+00;1.00000e+00;Pipeline { map_noise(attribute=T, percentage=0.01) | map_noise(attribute=NOx(GT), percentage=0.05) | map_noise(attribute=NOx(GT), percentage=0.10) }
datasets/airQuality_parallel.csv;nsga2;3;34;3400;3400;1.59882e+02;100;3;2;1.00000e+00;1.00000e+00;9.70000e-01;7.86807e-01;8.05668e-01;9.18371e-01;Pipeline { map_noise(attribute=NOx(GT), percentage=0.25) | filter(PT08.S5(O3) < 2170.0000) | map_noise(attribute=RH, percentage=0.05) };7.54946e-01;1.00000e+00;1.00000e+00;Pipeline { map_noise(attribute=NOx(GT), percentage=0.25) | map_noise(attribute=NMHC(GT), percentage=0.01) };7.54946e-01;1.00000e+00;1.00000e+00;Pipeline { map_noise(attribute=NOx(GT), percentage=0.25) | map_noise(attribute=NMHC(GT), percentage=0.01) };7.72173e-01;9.36567e-01;9.49204e-01;Pipeline { map_noise(attribute=C6H6(GT), percentage=0.25) | map_noise(attribute=NOx(GT), percentage=0.10) | filter(AH < 949000.0000) };7.75976e-01;1.00000e+00;1.00000e+00;Pipeline { map_noise(attribute=NOx(GT), percentage=0.25) | map_noise(attribute=NMHC(GT), percentage=0.01) | map_noise(attribute=PT08.S2(NMHC), percentage=0.05) };7.75976e-01;1.00000e+00;1.00000e+00;Pipeline { map_noise(attribute=NOx(GT), percentage=0.25) | map_noise(attribute=NMHC(GT), percentage=0.01) | map_noise(attribute=PT08.S2(NMHC), percentage=0.05) }
datasets/airQuality_parallel.csv;nsga2;3;35;3500;3500;1.64218e+02;100;3;2;1.00000e+00;1.00000e+00;9.60000e-01;7.86807e-01;8.05668e-01;9.18371e-01;Pipeline { map_noise(attribute=NOx(GT), percentage=0.25) | filter(PT08.S5(O3) < 2170.0000) | map_noise(attribute=RH, percentage=0.05) };7.55945e-01;1.00000e+00;1.00000e+00;Pipeline { map_noise(attribute=PT08.S5(O3), percentage=0.01) | map_noise(attribute=NOx(GT), percentage=0.05) | map_noise(attribute=NOx(GT), percentage=0.05) };7.55945e-01;1.00000e+00;1.00000e+00;Pipeline { map_noise(attribute=PT08.S5(O3), percentage=0.01) | map_noise(attribute=NOx(GT), percentage=0.05) | map_noise(attribute=NOx(GT), percentage=0.05) };7.73768e-01;5.75610e-01;8.29994e-01;Pipeline { filter(C6H6(GT) < 30.9000) };7.61430e-01;9.94746e-01;9.89541e-01;Pipeline { map_noise(attribute=NO2(GT), percentage=0.05) };7.60744e-01;9.82456e-01;9.96036e-01;Pipeline { map_noise(attribute=NOx(GT), percentage=0.05) | map_noise(attribute=NO2(GT), percentage=0.10) | map_noise(attribute=C6H6(GT), percentage=0.10) }
datasets/airQuality_parallel.csv;nsga2;3;36;3600;3600;1.68364e+02;100;3;2;1.00000e+00;1.00000e+00;9.60000e-01;7.86807e-01;8.05668e-01;9.18371e-01;Pipeline { map_noise(attribute=NOx(GT), percentage=0.25) | filter(PT08.S5(O3) < 2170.0000) | map_noise(attribute=RH, percentage=0.05) };7.57183e-01;1.00000e+00;1.00000e+00;Pipeline { map_noise(attribute=NOx(GT), percentage=0.25) | map_noise(attribute=PT08.S2(NMHC), percentage=0.01) | map_noise(attribute=PT08.S5(O3), percentage=0.01) };7.57183e-01;1.00000e+00;1.00000e+00;Pipeline { map_noise(attribute=NOx(GT), percentage=0.25) | map_noise(attribute=PT08.S2(NMHC), percentage=0.01) | map_noise(attribute=PT08.S5(O3), percentage=0.01) };7.74707e-01;8.32347e-01;9.24822e-01;Pipeline { filter(C6H6(GT) < 39.2000) };7.60689e-01;9.85866e-01;9.70286e-01;Pipeline { map_noise(attribute=PT08.S5(O3), percentage=0.10) | map_noise(attribute=NO2(GT), percentage=0.10) };7.61248e-01;9.89474e-01;9.89621e-01;Pipeline { map_noise(attribute=NOx(GT), percentage=0.10) | map_noise(attribute=NO2(GT), percentage=0.10) | map_noise(attribute=C6H6(GT), percentage=0.05) }
datasets/airQuality_parallel.csv;nsga2;3;37;3700;3700;1.72907e+02;100;3;3;1.00000e+00;1.00000e+00;9.60000e-01;7.86807e-01;8.05668e-01;9.18371e-01;Pipeline { map_noise(attribute=NOx(GT), percentage=0.25) | filter(PT08.S5(O3) < 2170.0000) | map_noise(attribute=RH, percentage=0.05) };7.57183e-01;1.00000e+00;1.00000e+00;Pipeline { map_noise(attribute=NOx(GT), percentage=0.25) | map_noise(attribute=PT08.S2(NMHC), percentage=0.01) | map_noise(attribute=PT08.S5(O3), percentage=0.01) };7.57183e-01;1.00000e+00;1.00000e+00;Pipeline { map_noise(attribute=NOx(GT), percentage=0.25) | map_noise(attribute=PT08.S2(NMHC), percentage=0.01) | map_noise(attribute=PT08.S5(O3), percentage=0.01) };7.74880e-01;8.36935e-01;9.25491e-01;Pipeline { filter(C6H6(GT) < 39.7000) };7.60689e-01;9.85866e-01;9.70286e-01;Pipeline { map_noise(attribute=PT08.S5(O3), percentage=0.10) | map_noise(attribute=NO2(GT), percentage=0.10) };7.61248e-01;9.89474e-01;9.89621e-01;Pipeline { map_noise(attribute=NOx(GT), percentage=0.10) | map_noise(attribute=NO2(GT), percentage=0.10) | map_noise(attribute=C6H6(GT), percentage=0.05) }
datasets/airQuality_parallel.csv;nsga2;3;38;3800;3800;1.76558e+02;100;3;1;1.00000e+00;1.00000e+00;9.60000e-01;7.86807e-01;8.05668e-01;9.18371e-01;Pipeline { map_noise(attribute=NOx(GT), percentage=0.25) | filter(PT08.S5(O3) < 2170.0000) | map_noise(attribute=RH, percentage=0.05) };7.57240e-01;1.00000e+00;1.00000e+00;Pipeline { map_noise(attribute=NOx(GT), percentage=0.10) | map_noise(attribute=T, percentage=0.10) | map_noise(attribute=PT08.S5(O3), percentage=0.05) };7.57240e-01;1.00000e+00;1.00000e+00;Pipeline { map_noise(attribute=NOx(GT), percentage=0.10) | map_noise(attribute=T, percentage=0.10) | map_noise(attribute=PT08.S5(O3), percentage=0.05) };7.75082e-01;5.99520e-01;8.41357e-01;Pipeline { filter(C6H6(GT) < 31.4000) };7.66172e-01;9.84127e-01;9.75285e-01;Pipeline { map_noise(attribute=NOx(GT), percentage=0.05) | map_noise(attribute=NO2(GT), percentage=0.10) | map_noise(attribute=C6H6(GT), percentage=0.25) };7.68758e-01;9.92982e-01;9.89605e-01;Pipeline { map_noise(attribute=NOx(GT), percentage=0.10) | map_noise(attribute=PT08.S2(NMHC), percentage=0.10) | map_noise(attribute=NO2(GT), percentage=0.10) }
datasets/airQuality_parallel.csv;nsga2;3;39;3900;3900;1.80344e+02;100;3;2;1.00000e+00;1.00000e+00;9.50000e-01;7.86807e-01;8.05668e-01;9.18371e-01;Pipeline { map_noise(attribute=NOx(GT), percentage=0.25) | filter(PT08.S5(O3) < 2170.0000) | map_noise(attribute=RH, percentage=0.05) };7.57350e-01;1.00000e+00;1.00000e+00;Pipeline { map_noise(attribute=NOx(GT), percentage=0.10) | map_noise(attribute=PT08.S4(NO2), percentage=0.01) | map_noise(attribute=PT08.S4(NO2), percentage=0.25) };7.57350e-01;1.00000e+00;1.00000e+00;Pipeline { map_noise(attribute=NOx(GT), percentage=0.10) | map_noise(attribute=PT08.S4(NO2), percentage=0.01) | map_noise(attribute=PT08.S4(NO2), percentage=0.25) };7.75976e-01;1.00000e+00;1.00000e+00;Pipeline { map_noise(attribute=NOx(GT), percentage=0.25) | map_noise(attribute=NMHC(GT), percentage=0.01) | map_noise(attribute=PT08.S2(NMHC), percentage=0.05) };7.66172e-01;9.84127e-01;9.75285e-01;Pipeline { map_noise(attribute=NOx(GT), percentage=0.05) | map_noise(attribute=NO2(GT), percentage=0.10) | map_noise(attribute=C6H6(GT), percentage=0.25) };7.68758e-01;9.92982e-01;9.89605e-01;Pipeline { map_noise(attribute=NOx(GT), percentage=0.10) | map_noise(attribute=PT08.S2(NMHC), percentage=0.10) | map_noise(attribute=NO2(GT), percentage=0.10) }
datasets/airQuality_parallel.csv;nsga2;3;40;4000;4000;1.83642e+02;100;3;2;1.00000e+00;1.00000e+00;9.50000e-01;7.86807e-01;8.05668e-01;9.18371e-01;Pipeline { map_noise(attribute=NOx(GT), percentage=0.25) | filter(PT08.S5(O3) < 2170.0000) | map_noise(attribute=RH, percentage=0.05) };7.58560e-01;1.00000e+00;1.00000e+00;Pipeline { map_noise(attribute=NOx(GT), percentage=0.25) | map_noise(attribute=AH, percentage=0.01) | map_noise(attribute=T, percentage=0.10) };7.58560e-01;1.00000e+00;1.00000e+00;Pipeline { map_noise(attribute=NOx(GT), percentage=0.25) | map_noise(attribute=AH, percentage=0.01) | map_noise(attribute=T, percentage=0.10) };7.76703e-01;7.77778e-01;9.06606e-01;Pipeline { filter(C6H6(GT) < 36.4000) };7.60744e-01;9.82456e-01;9.96036e-01;Pipeline { map_noise(attribute=NOx(GT), percentage=0.05) | map_noise(attribute=NO2(GT), percentage=0.10) | map_noise(attribute=C6H6(GT), percentage=0.10) };7.61430e-01;9.94746e-01;9.89541e-01;Pipeline { map_noise(attribute=NO2(GT), percentage=0.05) }
datasets/airQuality_parallel.csv;nsga2;3;41;4100;4100;1.87939e+02;100;5;3;1.00000e+00;1.00000e+00;9.40000e-01;7.86807e-01;8.05668e-01;9.18371e-01;Pipeline { map_noise(attribute=NOx(GT), percentage=0.25) | filter(PT08.S5(O3) < 2170.0000) | map_noise(attribute=RH, percentage=0.05) };7.58793e-01;1.00000e+00;1.00000e+00;Pipeline { map_noise(attribute=NOx(GT), percentage=0.25) | map_noise(attribute=AH, percentage=0.10) | map_noise(attribute=T, percentage=0.10) };7.58793e-01;1.00000e+00;1.00000e+00;Pipeline { map_noise(attribute=NOx(GT), percentage=0.25) | map_noise(attribute=AH, percentage=0.10) | map_noise(attribute=T, percentage=0.10) };7.77709e-01;6.59091e-01;8.60170e-01;Pipeline { filter(C6H6(GT) < 32.7000) };7.61820e-01;9.82456e-01;9.90407e-01;Pipeline { map_noise(attribute=NOx(GT), percentage=0.05) | map_noise(attribute=NO2(GT), percentage=0.10) | map_noise(attribute=NMHC(GT), percentage=0.05) };7.66172e-01;9.84127e-01;9.75285e-01;Pipeline { map_noise(attribute=NOx(GT), percentage=0.05) | map_noise(attribute=NO2(GT), percentage=0.10) | map_noise(attribute=C6H6(GT), percentage=0.25) }
datasets/airQuality_parallel.csv;nsga2;3;42;4200;4200;1.92850e+02;100;6;2;1.00000e+00;1.00000e+00;9.40000e-01;7.95642e-01;3.92982e-01;6.03495e-01;Pipeline { map_noise(attribute=NOx(GT), percentage=0.25) | filter(PT08.S5(O3) < 2170.0000) | map_noise(attribute=CO(GT), percentage=0.25) };7.58793e-01;1.00000e+00;1.00000e+00;Pipeline { map_noise(attribute=NOx(GT), percentage=0.25) | map_noise(attribute=AH, percentage=0.10) | map_noise(attribute=T, percentage=0.10) };7.58793e-01;1.00000e+00;1.00000e+00;Pipeline { map_noise(attribute=NOx(GT), percentage=0.25) | map_noise(attribute=AH, percentage=0.10) | map_noise(attribute=T, percentage=0.10) };7.78544e-01;8.05668e-01;9.18371e-01;Pipeline { map_noise(attribute=NOx(GT), percentage=0.25) | filter(PT08.S5(O3) < 2170.0000) | map_noise(attribute=PT08.S4(NO2), percentage=0.05) };7.61820e-01;9.82456e-01;9.90407e-01;Pipeline { map_noise(attribute=NOx(GT), percentage=0.05) | map_noise(attribute=NO2(GT), percentage=0.10) | map_noise(attribute=NMHC(GT), percentage=0.05) };7.66172e-01;9.84127e-01;9.75285e-01;Pipeline { map_noise(attribute=NOx(GT), percentage=0.05) | map_noise(attribute=NO2(GT), percentage=0.10) | map_noise(attribute=C6H6(GT), percentage=0.25) }
datasets/airQuality_parallel.csv;nsga2;3;43;4300;4300;1.96806e+02;100;6;2;1.00000e+00;1.00000e+00;9.50000e-01;7.95642e-01;3.92982e-01;6.03495e-01;Pipeline { map_noise(attribute=NOx(GT), percentage=0.25) | filter(PT08.S5(O3) < 2170.0000) | map_noise(attribute=CO(GT), percentage=0.25) };7.59002e-01;1.00000e+00;1.00000e+00;Pipeline { map_noise(attribute=NOx(GT), percentage=0.10) | map_noise(attribute=PT08.S4(NO2), percentage=0.01) | map_noise(attribute=T, percentage=0.10) };7.59002e-01;1.00000e+00;1.00000e+00;Pipeline { map_noise(attribute=NOx(GT), percentage=0.10) | map_noise(attribute=PT08.S4(NO2), percentage=0.01) | map_noise(attribute=T, percentage=0.10) };7.78969e-01;5.69106e-01;9.12107e-01;Pipeline { map_noise(attribute=NO2(GT), percentage=0.25) | filter(PT08.S5(O3) < 2170.0000) | map_noise(attribute=PT08.S4(NO2), percentage=0.05) };7.61577e-01;9.80668e-01;9.75467e-01;Pipeline { map_noise(attribute=NOx(GT), percentage=0.10) | map_noise(attribute=T, percentage=0.01) | map_noise(attribute=NO2(GT), percentage=0.10) };7.69369e-01;6.56085e-01;9.70460e-01;Pipeline { map_noise(attribute=NOx(GT), percentage=0.10) | map_noise(attribute=NO2(GT), percentage=0.25) | map_noise(attribute=C6H6(GT), percentage=0.05) }
datasets/airQuality_parallel.csv;nsga2;3;44;4400;4400;2.00230e+02;100;6;5;1.00000e+00;1.00000e+00;9.40000e-01;7.95642e-01;3.92982e-01;6.03495e-01;Pipeline { map_noise(attribute=NOx(GT), percentage=0.25) | filter(PT08.S5(O3) < 2170.0000) | map_noise(attribute=CO(GT), percentage=0.25) };7.59143e-01;1.00000e+00;1.00000e+00;Pipeline { map_noise(attribute=NOx(GT), percentage=0.10) | map_noise(attribute=AH, percentage=0.10) | map_noise(attribute=PT08.S5(O3), percentage=0.05) };7.59143e-01;1.00000e+00;1.00000e+00;Pipeline { map_noise(attribute=NOx(GT), percentage=0.10) | map_noise(attribute=AH, percentage=0.10) | map_noise(attribute=PT08.S5(O3), percentage=0.05) };7.80074e-01;7.15835e-01;8.85179e-01;Pipeline { filter(C6H6(GT) < 35.1000) };7.66741e-01;9.36567e-01;9.49204e-01;Pipeline { filter(PT08.S4(NO2) > 0.0006) | map_noise(attribute=C6H6(GT), percentage=0.10) };7.60689e-01;9.85866e-01;9.70286e-01;Pipeline { map_noise(attribute=PT08.S5(O3), percentage=0.10) | map_noise(attribute=NO2(GT), percentage=0.10) }
datasets/airQuality_parallel.csv;nsga2;3;45;4500;4500;2.04499e+02;100;7;2;1.00000e+00;1.00000e+00;9.30000e-01;7.95642e-01;3.92982e-01;6.03495e-01;Pipeline { map_noise(attribute=NOx(GT), percentage=0.25) | filter(PT08.S5(O3) < 2170.0000) | map_noise(attribute=CO(GT), percentage=0.25) };7.59369e-01;1.00000e+00;1.00000e+00;Pipeline { map_noise(attribute=PT08.S5(O3), percentage=0.01) | map_noise(attribute=NOx(GT), percentage=0.05) | map_noise(attribute=NOx(GT), percentage=0.10) };7.59369e-01;1.00000e+00;1.00000e+00;Pipeline { map_noise(attribute=PT08.S5(O3), percentage=0.01) | map_noise(attribute=NOx(GT), percentage=0.05) | map_noise(attribute=NOx(GT), percentage=0.10) };7.80805e-01;7.64092e-01;8.96462e-01;Pipeline { map_noise(attribute=NOx(GT), percentage=0.25) | filter(PT08.S5(O3) < 2110.0000) | map_noise(attribute=PT08.S3(NOx), percentage=0.10) };7.67546e-01;9.36567e-01;9.49204e-01;Pipeline { map_noise(attribute=C6H6(GT), percentage=0.10) | filter(T < 229000000.0000) | map_noise(attribute=PT08.S2(NMHC), percentage=0.10) | map_noise(attribute=AH, percentage=0.10) };7.64988e-01;9.16201e-01;9.49388e-01;Pipeline { map_noise(attribute=NO2(GT), percentage=0.10) | map_noise(attribute=RH, percentage=0.25) | filter(AH < 843000.0000) }
datasets/airQuality_parallel.csv;nsga2;3;46;4600;4600;2.10514e+02;100;7;7;1.00000e+00;1.00000e+00;9.20000e-01;7.95642e-01;3.92982e-01;6.03495e-01;Pipeline { map_noise(attribute=NOx(GT), percentage=0.25) | filter(PT08.S5(O3) < 2170.0000) | map_noise(attribute=CO(GT), percentage=0.25) };7.59426e-01;1.00000e+00;1.00000e+00;Pipeline { map_noise(attribute=NOx(GT), percentage=0.10) | map_noise(attribute=AH, percentage=0.10) | map_noise(attribute=C6H6(GT), percentage=0.05) };7.59426e-01;1.00000e+00;1.00000e+00;Pipeline { map_noise(attribute=NOx(GT), percentage=0.10) | map_noise(attribute=AH, percentage=0.10) | map_noise(attribute=C6H6(GT), percentage=0.05) };7.80928e-01;8.05668e-01;9.18371e-01;Pipeline { map_noise(attribute=NOx(GT), percentage=0.25) | filter(PT08.S5(O3) < 2170.0000) | map_noise(attribute=PT08.S1(CO), percentage=0.01) };7.69317e-01;9.36567e-01;9.49204e-01;Pipeline { map_noise(attribute=C6H6(GT), percentage=0.25) | map_noise(attribute=NOx(GT), percentage=0.10) | filter(PT08.S1(CO) > 0.0007) };7.68255e-01;9.36567e-01;9.49204e-01;Pipeline { map_noise(attribute=C6H6(GT), percentage=0.10) | filter(T < 822000000.0000) | map_noise(attribute=PT08.S2(NMHC), percentage=0.10) | map_noise(attribute=AH, percentage=0.10) }
datasets/airQuality_parallel.csv;nsga2;3;47;4700;4700;2.13884e+02;100;7;3;1.00000e+00;1.00000e+00;9.20000e-01;7.95642e-01;3.92982e-01;6.03495e-01;Pipeline { map_noise(attribute=NOx(GT), percentage=0.25) | filter(PT08.S5(O3) < 2170.0000) | map_noise(attribute=CO(GT), percentage=0.25) };7.59426e-01;1.00000e+00;1.00000e+00;Pipeline { map_noise(attribute=NOx(GT), percentage=0.10) | map_noise(attribute=AH, percentage=0.10) | map_noise(attribute=C6H6(GT), percentage=0.05) };7.59426e-01;1.00000e+00;1.00000e+00;Pipeline { map_noise(attribute=NOx(GT), percentage=0.10) | map_noise(attribute=AH, percentage=0.10) | map_noise(attribute=C6H6(GT), percentage=0.05) };7.81037e-01;7.42616e-01;8.94081e-01;Pipeline { filter(C6H6(GT) < 35.8000) };7.70463e-01;9.36567e-01;9.49204e-01;Pipeline { map_noise(attribute=C6H6(GT), percentage=0.25) | map_noise(attribute=NOx(GT), percentage=0.10) | filter(PT08.S1(CO) > 0.0002) };7.69278e-01;9.36567e-01;9.49204e-01;Pipeline { map_noise(attribute=C6H6(GT), percentage=0.25) | map_noise(attribute=RH, percentage=0.05) | filter(AH < 843.0000) }
datasets/airQuality_parallel.csv;nsga2;3;48;4800;4800;2.17960e+02;100;7;6;1.00000e+00;1.00000e+00;9.40000e-01;7.95642e-01;3.92982e-01;6.03495e-01;Pipeline { map_noise(attribute=NOx(GT), percentage=0.25) | filter(PT08.S5(O3) < 2170.0000) | map_noise(attribute=CO(GT), percentage=0.25) };7.59737e-01;1.00000e+00;1.00000e+00;Pipeline { map_noise(attribute=NOx(GT), percentage=0.25) | map_noise(attribute=NMHC(GT), percentage=0.05) | map_noise(attribute=T, percentage=0.25) };7.59737e-01;1.00000e+00;1.00000e+00;Pipeline { map_noise(attribute=NOx(GT), percentage=0.25) | map_noise(attribute=NMHC(GT), percentage=0.05) | map_noise(attribute=T, percentage=0.25) };7.81369e-01;8.05668e-01;9.18371e-01;Pipeline { map_noise(attribute=AH, percentage=0.05) | filter(PT08.S5(O3) < 2170.0000) | map_noise(attribute=AH, percentage=0.25) };7.70765e-01;9.36567e-01;9.49204e-01;Pipeline { map_noise(attribute=C6H6(GT), percentage=0.10) | filter(T < 222000000.0000) | map_noise(attribute=PT08.S2(NMHC), percentage=0.10) | map_noise(attribute=AH, percentage=0.10) };7.69317e-01;9.36567e-01;9.49204e-01;Pipeline { map_noise(attribute=C6H6(GT), percentage=0.25) | map_noise(attribute=NOx(GT), percentage=0.10) | filter(PT08.S1(CO) > 0.0007) }
datasets/airQuality_parallel.csv;nsga2;3;49;4900;4900;2.22173e+02;100;5;2;1.00000e+00;1.00000e+00;9.30000e-01;8.00441e-01;8.10484e-01;9.19150e-01;Pipeline { map_noise(attribute=NOx(GT), percentage=0.25) | filter(PT08.S5(O3) < 2180.0000) | map_noise(attribute=PT08.S5(O3), percentage=0.05) };7.47165e-01;1.00000e+00;1.00000e+00;Pipeline { map_noise(attribute=PT08.S1(CO), percentage=0.01) | map_noise(attribute=NOx(GT), percentage=0.05) | map_noise(attribute=NOx(GT), percentage=0.10) };7.47165e-01;1.00000e+00;1.00000e+00;Pipeline { map_noise(attribute=PT08.S1(CO), percentage=0.01) | map_noise(attribute=NOx(GT), percentage=0.05) | map_noise(attribute=NOx(GT), percentage=0.10) };7.82939e-01;7.74327e-01;9.05508e-01;Pipeline { map_noise(attribute=NOx(GT), percentage=0.25) | filter(PT08.S5(O3) < 2130.0000) | map_noise(attribute=NMHC(GT), percentage=0.05) };7.70463e-01;9.36567e-01;9.49204e-01;Pipeline { map_noise(attribute=C6H6(GT), percentage=0.25) | map_noise(attribute=NOx(GT), percentage=0.10) | filter(PT08.S1(CO) > 0.0002) };7.69278e-01;9.36567e-01;9.49204e-01;Pipeline { map_noise(attribute=C6H6(GT), percentage=0.25) | map_noise(attribute=RH, percentage=0.05) | filter(AH < 843.0000) }
datasets/airQuality_parallel.csv;nsga2;3;50;5000;5000;2.26919e+02;100;5;10;1.00000e+00;1.00000e+00;9.50000e-01;8.00441e-01;8.10484e-01;9.19150e-01;Pipeline { map_noise(attribute=NOx(GT), percentage=0.25) | filter(PT08.S5(O3) < 2180.0000) | map_noise(attribute=PT08.S5(O3), percentage=0.05) };7.59737e-01;1.00000e+00;1.00000e+00;Pipeline { map_noise(attribute=NOx(GT), percentage=0.25) | map_noise(attribute=NMHC(GT), percentage=0.05) | map_noise(attribute=T, percentage=0.25) };7.59737e-01;1.00000e+00;1.00000e+00;Pipeline { map_noise(attribute=NOx(GT), percentage=0.25) | map_noise(attribute=NMHC(GT), percentage=0.05) | map_noise(attribute=T, percentage=0.25) };7.83563e-01;8.05668e-01;9.18371e-01;Pipeline { map_noise(attribute=NOx(GT), percentage=0.25) | filter(PT08.S5(O3) < 2170.0000) | map_noise(attribute=T, percentage=0.25) };7.70463e-01;9.36567e-01;9.49204e-01;Pipeline { map_noise(attribute=C6H6(GT), percentage=0.25) | map_noise(attribute=NOx(GT), percentage=0.10) | filter(PT08.S1(CO) > 0.0002) };7.69278e-01;9.36567e-01;9.49204e-01;Pipeline { map_noise(attribute=C6H6(GT), percentage=0.25) | map_noise(attribute=RH, percentage=0.05) | filter(AH < 843.0000) }
datasets/airQuality_parallel.csv;nsga2;4;1;100;100;7.31900e+00;100;11;57;9.70000e-01;9.70000e-01;3.70000e-01;8.03064e-01;2.76817e-02;4.10695e-01;Pipeline { filter(AH > 0.0054) | filter(PT08.S3(NOx) > 997.0000) | map_noise(attribute=NOx(GT), percentage=0.01) | filter(PT08.S1(CO) > 0.0098) | map_duplicate(probability=1.00) | map_noise(attribute=RH, percentage=0.10) | map_duplicate(probability=0.30) | map_duplicate(probability=0.80) | map_noise(attribute=T, percentage=0.25) | map_noise(attribute=NMHC(GT), percentage=0.10) };6.11470e-01;1.00000e+00;9.22924e-01;Pipeline { map_noise(attribute=PT08.S5(O3), percentage=0.05) | filter(NOx(GT) > 0.0990) };7.33101e-01;1.00000e+00;1.00000e+00;Pipeline { map_noise(attribute=NOx(GT), percentage=0.10) };5.66295e-01;9.41379e-01;8.91799e-01;Pipeline { map_duplicate(probability=0.30) };4.91780e-01;9.24399e-01;8.27943e-01;Pipeline { map_duplicate(probability=0.50) };5.40034e-01;8.55019e-01;8.51661e-01;Pipeline { map_noise(attribute=RH, percentage=0.10) | filter(PT08.S3(NOx) < 74900.0000) | map_noise(attribute=RH, percentage=0.25) | map_duplicate(probability=0.50) }
datasets/airQuality_parallel.csv;nsga2;4;2;200;200;1.43220e+01;100;5;4;9.70000e-01;9.70000e-01;7.20000e-01;8.06717e-01;2.76817e-02;4.10450e-01;Pipeline { filter(AH > 0.0054) | filter(PT08.S3(NOx) > 997.0000) | map_noise(attribute=NOx(GT), percentage=0.01) | filter(PT08.S1(CO) > 0.0098) | map_duplicate(probability=1.00) | map_noise(attribute=RH, percentage=0.10) | map_duplicate(probability=0.30) | map_duplicate(probability=0.80) | map_noise(attribute=T, percentage=0.05) | map_noise(attribute=NMHC(GT), percentage=0.10) };6.11470e-01;1.00000e+00;9.22924e-01;Pipeline { map_noise(attribute=PT08.S5(O3), percentage=0.05) | filter(NOx(GT) > 0.0990) };7.33101e-01;1.00000e+00;1.00000e+00;Pipeline { map_noise(attribute=NOx(GT), percentage=0.10) };7.41322e-01;1.00000e+00;1.00000e+00;Pipeline { map_noise(attribute=AH, percentage=0.05) | map_noise(attribute=PT08.S5(O3), percentage=0.01) };7.41322e-01;1.00000e+00;1.00000e+00;Pipeline { map_noise(attribute=NMHC(GT), percentage=0.05) };7.41322e-01;1.00000e+00;1.00000e+00;Pipeline { map_noise(attribute=NMHC(GT), percentage=0.05) }
datasets/airQuality_parallel.csv;nsga2;4;3;300;300;1.87840e+01;100;10;2;9.90000e-01;9.90000e-01;4.40000e-01;8.69572e-01;0.00000e+00;5.72195e-01;Pipeline { filter(NOx(GT) < 250.0000) | map_duplicate(probability=0.90) };6.11470e-01;1.00000e+00;9.22924e-01;Pipeline { map_noise(attribute=PT08.S5(O3), percentage=0.05) | filter(NOx(GT) > 0.0990) };7.11416e-01;1.00000e+00;1.00000e+00;Pipeline { map_noise(attribute=NOx(GT), percentage=0.25) };7.41322e-01;1.00000e+00;1.00000e+00;Pipeline { map_noise(attribute=PT08.S1(CO), percentage=0.01) };7.41322e-01;1.00000e+00;1.00000e+00;Pipeline { map_noise(attribute=T, percentage=0.10) };7.41322e-01;1.00000e+00;1.00000e+00;Pipeline { map_noise(attribute=AH, percentage=0.01) }
datasets/airQuality_parallel.csv;nsga2;4;4;400;400;2.49030e+01;100;12;63;1.00000e+00;9.90000e-01;4.10000e-01;8.69572e-01;0.00000e+00;5.72195e-01;Pipeline { filter(NOx(GT) < 250.0000) | map_duplicate(probability=0.90) };7.41322e-01;1.00000e+00;1.00000e+00;Pipeline { map_noise(attribute=PT08.S2(NMHC), percentage=0.10) };7.41322e-01;1.00000e+00;1.00000e+00;Pipeline { map_noise(attribute=PT08.S2(NMHC), percentage=0.10) };7.47851e-01;9.36567e-01;9.49204e-01;Pipeline { map_noise(attribute=T, percentage=0.25) | filter(AH < 4.2000) };7.41322e-01;1.00000e+00;1.00000e+00;Pipeline { map_noise(attribute=RH, percentage=0.25) };7.41322e-01;1.00000e+00;1.00000e+00;Pipeline { map_noise(attribute=RH, percentage=0.25) }
datasets/airQuality_parallel.csv;nsga2;4;5;500;500;3.06250e+01;100;15;49;1.00000e+00;9.90000e-01;5.40000e-01;8.69572e-01;0.00000e+00;5.72195e-01;Pipeline { filter(NOx(GT) < 250.0000) | map_duplicate(probability=0.90) };7.41322e-01;1.00000e+00;1.00000e+00;Pipeline { map_noise(attribute=T, percentage=0.05) };7.41322e-01;1.00000e+00;1.00000e+00;Pipeline { map_noise(attribute=T, percentage=0.05) };7.61873e-01;6.86679e-01;9.36009e-01;Pipeline { map_noise(attribute=NO2(GT), percentage=0.25) | filter(AH < 4.3600) };7.41322e-01;1.00000e+00;1.00000e+00;Pipeline { map_noise(attribute=PT08.S3(NOx), percentage=0.25) | map_noise(attribute=PT08.S5(O3), percentage=0.05) };7.41322e-01;1.00000e+00;1.00000e+00;Pipeline { map_noise(attribute=PT08.S3(NOx), percentage=0.25) | map_noise(attribute=PT08.S5(O3), percentage=0.05) }
datasets/airQuality_parallel.csv;nsga2;4;6;600;600;3.47070e+01;100;14;15;1.00000e+00;9.90000e-01;8.70000e-01;8.69572e-01;0.00000e+00;5.72195e-01;Pipeline { filter(NOx(GT) < 250.0000) | map_duplicate(probability=0.90) };7.41322e-01;1.00000e+00;1.00000e+00;Pipeline { map_noise(attribute=RH, percentage=0.05) | map_noise(attribute=RH, percentage=0.05) };7.41322e-01;1.00000e+00;1.00000e+00;Pipeline { map_noise(attribute=RH, percentage=0.05) | map_noise(attribute=RH, percentage=0.05) };7.97953e-01;2.76817e-02;4.11178e-01;Pipeline { filter(AH > 0.0054) | filter(PT08.S3(NOx) > 997.0000) | map_noise(attribute=NOx(GT), percentage=0.01) | filter(PT08.S1(CO) > 0.0098) | map_duplicate(probability=1.00) | map_noise(attribute=RH, percentage=0.05) | map_duplicate(probability=0.30) | map_duplicate(probability=0.80) | map_noise(attribute=T, percentage=0.25) | map_noise(attribute=NMHC(GT), percentage=0.10) };7.45825e-01;1.00000e+00;1.00000e+00;Pipeline { map_noise(attribute=AH, percentage=0.05) | map_noise(attribute=NOx(GT), percentage=0.10) };7.45223e-01;1.00000e+00;1.00000e+00;Pipeline { map_noise(attribute=NOx(GT), percentage=0.05) | map_noise(attribute=AH, percentage=0.05) }
datasets/airQuality_parallel.csv;nsga2;4;7;700;700;4.35360e+01;100;17;1;1.00000e+00;9.90000e-01;1.00000e+00;8.69572e-01;0.00000e+00;5.72195e-01;Pipeline { filter(NOx(GT) < 250.0000) | map_duplicate(probability=0.90) };7.43324e-01;1.00000e+00;1.00000e+00;Pipeline { map_noise(attribute=NO2(GT), percentage=0.01) | map_noise(attribute=AH, percentage=0.05) };7.43324e-01;1.00000e+00;1.00000e+00;Pipeline { map_noise(attribute=NO2(GT), percentage=0.01) | map_noise(attribute=AH, percentage=0.05) };8.01918e-01;2.76817e-02;4.10825e-01;Pipeline { filter(AH > 0.0053) | filter(PT08.S3(NOx) > 997.0000) | map_noise(attribute=NOx(GT), percentage=0.01) | filter(PT08.S1(CO) > 0.0098) | map_duplicate(probability=1.00) | map_noise(attribute=RH, percentage=0.10) | map_duplicate(probability=0.30) | map_duplicate(probability=0.80) | map_noise(attribute=T, percentage=0.05) | map_noise(attribute=NMHC(GT), percentage=0.25) };7.59574e-01;9.36567e-01;9.49204e-01;Pipeline { filter(T < 190.0000) | map_noise(attribute=PT08.S4(NO2), percentage=0.25) };7.59615e-01;9.36567e-01;9.49204e-01;Pipeline { map_noise(attribute=C6H6(GT), percentage=0.10) | filter(C6H6(GT) < 599.0000) }
datasets/airQuality_parallel.csv;nsga2;4;8;800;800;5.07820e+01;100;18;8;1.00000e+00;1.00000e+00;1.00000e+00;8.69572e-01;0.00000e+00;5.72195e-01;Pipeline { filter(NOx(GT) < 250.0000) | map_duplicate(probability=0.90) };7.47232e-01;1.00000e+00;1.00000e+00;Pipeline { map_noise(attribute=NOx(GT), percentage=0.05) | map_noise(attribute=PT08.S5(O3), percentage=0.01) };7.47232e-01;1.00000e+00;1.00000e+00;Pipeline { map_noise(attribute=NOx(GT), percentage=0.05) | map_noise(attribute=PT08.S5(O3), percentage=0.01) };8.07512e-01;2.76817e-02;4.09752e-01;Pipeline { filter(AH > 0.0054) | filter(PT08.S3(NOx) > 997.0000) | map_noise(attribute=NOx(GT), percentage=0.05) | filter(PT08.S1(CO) > 0.0098) | map_duplicate(probability=1.00) | map_noise(attribute=RH, percentage=0.05) | map_duplicate(probability=0.30) | map_duplicate(probability=0.80) | map_noise(attribute=T, percentage=0.25) | map_noise(attribute=NMHC(GT), percentage=0.01) };7.97409e-01;2.76817e-02;4.10652e-01;Pipeline { filter(AH > 0.0054) | filter(PT08.S3(NOx) > 997.0000) | map_noise(attribute=NOx(GT), percentage=0.05) | filter(C6H6(GT) > 0.0921) | map_duplicate(probability=1.00) | map_noise(attribute=RH, percentage=0.05) | map_duplicate(probability=0.30) | map_duplicate(probability=0.80) | map_noise(attribute=NOx(GT), percentage=0.25) | map_noise(attribute=PT08.S4(NO2), percentage=0.25) };7.84965e-01;2.76817e-02;4.25075e-01;Pipeline { filter(AH > 0.0053) | filter(PT08.S3(NOx) > 999.0000) | map_noise(attribute=NOx(GT), percentage=0.01) | filter(PT08.S1(CO) > 0.0098) | map_duplicate(probability=1.00) | map_noise(attribute=RH, percentage=0.10) | map_duplicate(probability=0.30) | map_duplicate(probability=0.80) | map_noise(attribute=PT08.S3(NOx), percentage=0.10) | map_noise(attribute=CO(GT), percentage=0.25) }
datasets/airQuality_parallel.csv;nsga2;4;9;900;900;5.85160e+01;100;18;3;1.00000e+00;1.00000e+00;1.00000e+00;8.69572e-01;0.00000e+00;5.72195e-01;Pipeline { filter(NOx(GT) < 250.0000) | map_duplicate(probability=0.90) };7.47416e-01;1.00000e+00;1.00000e+00;Pipeline { map_noise(attribute=NOx(GT), percentage=0.05) | map_noise(attribute=NMHC(GT), percentage=0.25) };7.47416e-01;1.00000e+00;1.00000e+00;Pipeline { map_noise(attribute=NOx(GT), percentage=0.05) | map_noise(attribute=NMHC(GT), percentage=0.25) };8.08062e-01;2.76817e-02;4.10184e-01;Pipeline { filter(AH > 0.0054) | filter(PT08.S3(NOx) > 998.0000) | map_noise(attribute=NOx(GT), percentage=0.01) | filter(PT08.S1(CO) > 0.0098) | map_duplicate(probability=1.00) | map_noise(attribute=RH, percentage=0.10) | map_duplicate(probability=0.30) | map_duplicate(probability=0.80) | filter(T < 51400.0000) };7.95767e-01;2.76817e-02;4.11449e-01;Pipeline { filter(AH > 0.0053) | filter(PT08.S3(NOx) > 997.0000) | map_noise(attribute=NOx(GT), percentage=0.01) | filter(PT08.S1(CO) > 0.0098) | map_duplicate(probability=1.00) | map_noise(attribute=RH, percentage=0.10) | map_duplicate(probability=0.30) | map_duplicate(probability=0.80) | map_noise(attribute=T, percentage=0.05) | map_noise(attribute=NMHC(GT), percentage=0.10) };7.84965e-01;2.76817e-02;4.25075e-01;Pipeline { filter(AH > 0.0053) | filter(PT08.S3(NOx) > 999.0000) | map_noise(attribute=NOx(GT), percentage=0.01) | filter(PT08.S1(CO) > 0.0098) | map_duplicate(probability=1.00) | map_noise(attribute=RH, percentage=0.10) | map_duplicate(probability=0.30) | map_duplicate(probability=0.80) | map_noise(attribute=PT08.S3(NOx), percentage=0.10) | map_noise(attribute=CO(GT), percentage=0.25) }
datasets/airQuality_parallel.csv;nsga2;4;10;1000;1000;6.57610e+01;100;21;20;1.00000e+00;1.00000e+00;1.00000e+00;8.69572e-01;0.00000e+00;5.72195e-01;Pipeline { filter(NOx(GT) < 250.0000) | map_duplicate(probability=0.90) };7.48983e-01;1.00000e+00;1.00000e+00;Pipeline { map_noise(attribute=NOx(GT), percentage=0.05) | map_noise(attribute=PT08.S4(NO2), percentage=0.25) };7.48983e-01;1.00000e+00;1.00000e+00;Pipeline { map_noise(attribute=NOx(GT), percentage=0.05) | map_noise(attribute=PT08.S4(NO2), percentage=0.25) };8.09602e-01;2.07612e-02;4.25418e-01;Pipeline { filter(AH > 0.0053) | filter(PT08.S3(NOx) > 997.0000) | map_noise(attribute=NOx(GT), percentage=0.01) | filter(PT08.S1(CO) > 0.0098) | map_duplicate(probability=1.00) | map_noise(attribute=PT08.S2(NMHC), percentage=0.05) | map_duplicate(probability=0.30) | map_duplicate(probability=0.80) | map_noise(attribute=NMHC(GT), percentage=0.05) | map_noise(attribute=CO(GT), percentage=0.25) };8.05940e-01;2.76817e-02;4.10515e-01;Pipeline { filter(AH > 0.0002) | filter(PT08.S3(NOx) > 997.0000) | map_noise(attribute=NOx(GT), percentage=0.01) | filter(PT08.S1(CO) > 0.0098) | map_duplicate(probability=1.00) | map_noise(attribute=RH, percentage=0.10) | map_duplicate(probability=0.30) | map_duplicate(probability=0.80) | map_noise(attribute=T, percentage=0.05) | map_noise(attribute=NMHC(GT), percentage=0.10) };8.00149e-01;2.08333e-02;4.26017e-01;Pipeline { filter(AH > 0.0053) | filter(PT08.S3(NOx) > 997.0000) | map_noise(attribute=NOx(GT), percentage=0.10) | filter(PT08.S1(CO) > 0.0098) | map_duplicate(probability=1.00) | map_noise(attribute=RH, percentage=0.25) | map_duplicate(probability=0.30) | map_duplicate(probability=0.80) | map_noise(attribute=T, percentage=0.25) | map_noise(attribute=CO(GT), percentage=0.25) }
datasets/airQuality_parallel.csv;nsga2;4;11;1100;1100;7.35000e+01;100;25;15;1.00000e+00;1.00000e+00;1.00000e+00;8.69572e-01;0.00000e+00;5.72195e-01;Pipeline { filter(NOx(GT) < 250.0000) | map_duplicate(probability=0.90) };7.50224e-01;1.00000e+00;1.00000e+00;Pipeline { map_noise(attribute=AH, percentage=0.25) | map_noise(attribute=NOx(GT), percentage=0.10) };7.50224e-01;1.00000e+00;1.00000e+00;Pipeline { map_noise(attribute=AH, percentage=0.25) | map_noise(attribute=NOx(GT), percentage=0.10) };8.11244e-01;2.76817e-02;4.10378e-01;Pipeline { filter(AH > 0.0053) | filter(PT08.S3(NOx) > 997.0000) | map_noise(attribute=CO(GT), percentage=0.10) | filter(AH < 2060000.0000) | map_duplicate(probability=1.00) | map_noise(attribute=RH, percentage=0.10) | map_duplicate(probability=0.30) | map_duplicate(probability=0.80) | map_noise(attribute=NMHC(GT), percentage=0.01) | map_noise(attribute=NMHC(GT), percentage=0.10) };7.90161e-01;2.76817e-02;4.12061e-01;Pipeline { filter(AH > 0.0054) | filter(PT08.S3(NOx) > 997.0000) | map_noise(attribute=NOx(GT), percentage=0.01) | filter(PT08.S1(CO) > 0.0098) | map_duplicate(probability=1.00) | map_noise(attribute=NO2(GT), percentage=0.10) | map_duplicate(probability=0.30) | map_duplicate(probability=0.80) | map_noise(attribute=T, percentage=0.05) | map_noise(attribute=PT08.S3(NOx), percentage=0.10) };7.95454e-01;2.74914e-02;4.26538e-01;Pipeline { filter(AH > 0.0053) | filter(PT08.S3(NOx) > 997.0000) | map_noise(attribute=NOx(GT), percentage=0.01) | filter(PT08.S1(CO) > 0.0098) | map_duplicate(probability=1.00) | map_noise(attribute=RH, percentage=0.10) | map_duplicate(probability=0.30) | map_duplicate(probability=0.80) | map_noise(attribute=PT08.S3(NOx), percentage=0.01) | map_noise(attribute=CO(GT), percentage=0.25) }
datasets/airQuality_parallel.csv;nsga2;4;12;1200;1200;8.21990e+01;100;25;27;1.00000e+00;1.00000e+00;1.00000e+00;8.69572e-01;0.00000e+00;5.72195e-01;Pipeline { filter(NOx(GT) < 250.0000) | map_duplicate(probability=0.90) };7.50969e-01;1.00000e+00;1.00000e+00;Pipeline { map_noise(attribute=PT08.S4(NO2), percentage=0.10) | map_noise(attribute=NOx(GT), percentage=0.25) | map_noise(attribute=NMHC(GT), percentage=0.01) };7.50969e-01;1.00000e+00;1.00000e+00;Pipeline { map_noise(attribute=PT08.S4(NO2), percentage=0.10) | map_noise(attribute=NOx(GT), percentage=0.25) | map_noise(attribute=NMHC(GT), percentage=0.01) };8.12230e-01;2.06897e-02;4.23665e-01;Pipeline { filter(AH > 0.0053) | filter(PT08.S3(NOx) > 997.0000) | map_noise(attribute=NOx(GT), percentage=0.01) | filter(PT08.S1(CO) > 0.0018) | map_duplicate(probability=1.00) | map_noise(attribute=RH, percentage=0.10) | map_duplicate(probability=0.30) | map_duplicate(probability=0.80) | map_noise(attribute=PT08.S3(NOx), percentage=0.01) | map_noise(attribute=CO(GT), percentage=0.25) };8.09150e-01;2.76817e-02;4.11022e-01;Pipeline { filter(AH > 0.0053) | filter(PT08.S3(NOx) > 997.0000) | map_noise(attribute=NMHC(GT), percentage=0.10) | filter(PT08.S1(CO) > 0.0098) | map_duplicate(probability=1.00) | map_noise(attribute=RH, percentage=0.10) | map_duplicate(probability=0.30) | map_duplicate(probability=0.80) | map_noise(attribute=NMHC(GT), percentage=0.01) | map_noise(attribute=NMHC(GT), percentage=0.10) };7.95454e-01;2.74914e-02;4.26538e-01;Pipeline { filter(AH > 0.0053) | filter(PT08.S3(NOx) > 997.0000) | map_noise(attribute=NOx(GT), percentage=0.01) | filter(PT08.S1(CO) > 0.0098) | map_duplicate(probability=1.00) | map_noise(attribute=RH, percentage=0.10) | map_duplicate(probability=0.30) | map_duplicate(probability=0.80) | map_noise(attribute=PT08.S3(NOx), percentage=0.01) | map_noise(attribute=CO(GT), percentage=0.25) }
datasets/airQuality_parallel.csv;nsga2;4;13;1300;1300;9.14330e+01;100;26;17;1.00000e+00;1.00000e+00;1.00000e+00;8.69572e-01;0.00000e+00;5.72195e-01;Pipeline { filter(NOx(GT) < 250.0000) | map_duplicate(probability=0.90) };7.52170e-01;1.00000e+00;1.00000e+00;Pipeline { map_noise(attribute=NOx(GT), percentage=0.10) | map_noise(attribute=NOx(GT), percentage=0.25) | map_noise(attribute=AH, percentage=0.01) };7.52170e-01;1.00000e+00;1.00000e+00;Pipeline { map_noise(attribute=NOx(GT), percentage=0.10) | map_noise(attribute=NOx(GT), percentage=0.25) | map_noise(attribute=AH, percentage=0.01) };8.13763e-01;2.75862e-02;4.11359e-01;Pipeline { filter(AH > 0.0054) | filter(PT08.S3(NOx) > 994.0000) | map_noise(attribute=NOx(GT), percentage=0.01) | filter(PT08.S1(CO) > 0.0098) | map_duplicate(probability=1.00) | map_noise(attribute=AH, percentage=0.01) | map_duplicate(probability=0.30) | map_duplicate(probability=0.80) | filter(T < 51400.0000) };8.07636e-01;2.76817e-02;4.11094e-01;Pipeline { filter(AH > 0.0058) | filter(PT08.S3(NOx) > 997.0000) | map_noise(attribute=NOx(GT), percentage=0.01) | filter(PT08.S1(CO) > 0.0098) | map_duplicate(probability=1.00) | map_noise(attribute=RH, percentage=0.10) | map_duplicate(probability=0.30) | map_duplicate(probability=0.80) | map_noise(attribute=T, percentage=0.05) | map_noise(attribute=NMHC(GT), percentage=0.10) };7.63832e-01;1.38408e-02;4.26817e-01;Pipeline { filter(AH > 0.0053) | filter(PT08.S3(NOx) > 997.0000) | map_noise(attribute=PT08.S4(NO2), percentage=0.01) | filter(PT08.S1(CO) > 0.0098) | map_duplicate(probability=1.00) | map_noise(attribute=RH, percentage=0.10) | map_duplicate(probability=0.30) | map_duplicate(probability=0.80) | map_noise(attribute=PT08.S3(NOx), percentage=0.10) | map_noise(attribute=CO(GT), percentage=0.25) }
datasets/airQuality_parallel.csv;nsga2;4;14;1400;1400;9.96390e+01;100;17;10;1.00000e+00;1.00000e+00;1.00000e+00;8.69572e-01;0.00000e+00;5.72195e-01;Pipeline { filter(NOx(GT) < 250.0000) | map_duplicate(probability=0.90) };7.50261e-01;1.00000e+00;1.00000e+00;Pipeline { map_noise(attribute=PT08.S3(NOx), percentage=0.01) | map_noise(attribute=NOx(GT), percentage=0.25) };7.50261e-01;1.00000e+00;1.00000e+00;Pipeline { map_noise(attribute=PT08.S3(NOx), percentage=0.01) | map_noise(attribute=NOx(GT), percentage=0.25) };8.15129e-01;2.75862e-02;4.11557e-01;Pipeline { filter(AH > 0.0000) | filter(PT08.S3(NOx) > 997.0000) | map_noise(attribute=NOx(GT), percentage=0.01) | filter(PT08.S1(CO) > 0.0598) | map_duplicate(probability=1.00) | map_noise(attribute=RH, percentage=0.05) | map_duplicate(probability=0.30) | map_duplicate(probability=0.80) | map_noise(attribute=NOx(GT), percentage=0.25) | map_noise(attribute=PT08.S5(O3), percentage=0.05) };7.89130e-01;2.76817e-02;4.25511e-01;Pipeline { filter(AH > 0.0054) | filter(PT08.S3(NOx) > 999.0000) | map_noise(attribute=NOx(GT), percentage=0.01) | filter(PT08.S1(CO) > 0.0098) | map_duplicate(probability=1.00) | map_noise(attribute=RH, percentage=0.10) | map_duplicate(probability=0.30) | map_duplicate(probability=0.80) | map_noise(attribute=RH, percentage=0.10) | map_noise(attribute=CO(GT), percentage=0.25) };7.78892e-01;2.75862e-02;4.27806e-01;Pipeline { filter(AH > 0.0053) | filter(PT08.S3(NOx) > 997.0000) | map_noise(attribute=NOx(GT), percentage=0.01) | filter(PT08.S1(CO) > 0.0091) | map_duplicate(probability=1.00) | map_noise(attribute=AH, percentage=0.10) | map_duplicate(probability=0.30) | map_duplicate(probability=0.80) | map_noise(attribute=PT08.S3(NOx), percentage=0.01) | map_noise(attribute=CO(GT), percentage=0.25) }
datasets/airQuality_parallel.csv;nsga2;4;15;1500;1500;1.08232e+02;100;17;14;1.00000e+00;1.00000e+00;1.00000e+00;8.69572e-01;0.00000e+00;5.72195e-01;Pipeline { filter(NOx(GT) < 250.0000) | map_duplicate(probability=0.90) };7.50261e-01;1.00000e+00;1.00000e+00;Pipeline { map_noise(attribute=PT08.S3(NOx), percentage=0.01) | map_noise(attribute=NOx(GT), percentage=0.25) };7.50261e-01;1.00000e+00;1.00000e+00;Pipeline { map_noise(attribute=PT08.S3(NOx), percentage=0.01) | map_noise(attribute=NOx(GT), percentage=0.25) };8.14000e-01;2.75862e-02;4.11951e-01;Pipeline { filter(AH > 0.0537) | filter(PT08.S3(NOx) > 994.0000) | map_noise(attribute=NOx(GT), percentage=0.01) | filter(PT08.S1(CO) > 0.0095) | map_duplicate(probability=1.00) | map_noise(attribute=RH, percentage=0.10) | map_duplicate(probability=0.30) | map_duplicate(probability=0.80) | filter(C6H6(GT) < 57400.0000) };8.00889e-01;2.76817e-02;4.21415e-01;Pipeline { filter(AH > 0.0043) | filter(PT08.S3(NOx) > 999.0000) | map_noise(attribute=NOx(GT), percentage=0.01) | filter(PT08.S1(CO) > 0.0008) | map_duplicate(probability=1.00) | map_noise(attribute=RH, percentage=0.10) | map_duplicate(probability=0.30) | map_duplicate(probability=0.80) | map_noise(attribute=PT08.S1(CO), percentage=0.10) | map_noise(attribute=CO(GT), percentage=0.25) };7.78892e-01;2.75862e-02;4.27806e-01;Pipeline { filter(AH > 0.0053) | filter(PT08.S3(NOx) > 997.0000) | map_noise(attribute=NOx(GT), percentage=0.01) | filter(PT08.S1(CO) > 0.0091) | map_duplicate(probability=1.00) | map_noise(attribute=AH, percentage=0.10) | map_duplicate(probability=0.30) | map_duplicate(probability=0.80) | map_noise(attribute=PT08.S3(NOx), percentage=0.01) | map_noise(attribute=CO(GT), percentage=0.25) }
datasets/airQuality_parallel.csv;nsga2;4;16;1600;1600;1.18685e+02;100;19;12;1.00000e+00;1.00000e+00;1.00000e+00;8.69572e-01;0.00000e+00;5.72195e-01;Pipeline { filter(NOx(GT) < 250.0000) | map_duplicate(probability=0.90) };7.50261e-01;1.00000e+00;1.00000e+00;Pipeline { map_noise(attribute=PT08.S3(NOx), percentage=0.01) | map_noise(attribute=NOx(GT), percentage=0.25) };7.50261e-01;1.00000e+00;1.00000e+00;Pipeline { map_noise(attribute=PT08.S3(NOx), percentage=0.01) | map_noise(attribute=NOx(GT), percentage=0.25) };8.16099e-01;2.75862e-02;4.30428e-01;Pipeline { filter(AH > 0.0054) | filter(PT08.S3(NOx) > 997.0000) | map_noise(attribute=NOx(GT), percentage=0.01) | filter(PT08.S1(CO) > 0.0078) | map_duplicate(probability=1.00) | map_noise(attribute=RH, percentage=0.10) | map_duplicate(probability=0.30) | map_duplicate(probability=0.80) | map_noise(attribute=PT08.S3(NOx), percentage=0.01) | map_noise(attribute=CO(GT), percentage=0.25) };8.08037e-01;2.76817e-02;4.11193e-01;Pipeline { filter(AH > 0.0059) | filter(PT08.S3(NOx) > 997.0000) | map_noise(attribute=NOx(GT), percentage=0.01) | filter(PT08.S1(CO) > 0.0098) | map_duplicate(probability=1.00) | map_noise(attribute=RH, percentage=0.05) | map_duplicate(probability=0.30) | map_duplicate(probability=0.80) | map_noise(attribute=T, percentage=0.05) | map_noise(attribute=NO2(GT), percentage=0.10) };8.05428e-01;2.76817e-02;4.28078e-01;Pipeline { filter(AH > 0.0054) | filter(PT08.S3(NOx) > 997.0000) | map_noise(attribute=NOx(GT), percentage=0.01) | filter(PT08.S1(CO) > 49.0000) | map_duplicate(probability=1.00) | map_noise(attribute=RH, percentage=0.10) | map_duplicate(probability=0.30) | map_duplicate(probability=0.80) | map_noise(attribute=PT08.S3(NOx), percentage=0.01) | map_noise(attribute=CO(GT), percentage=0.25) }
datasets/airQuality_parallel.csv;nsga2;4;17;1700;1700;1.27237e+02;100;21;32;1.00000e+00;1.00000e+00;1.00000e+00;8.69572e-01;0.00000e+00;5.72195e-01;Pipeline { filter(NOx(GT) < 250.0000) | map_duplicate(probability=0.90) };7.56177e-01;1.00000e+00;1.00000e+00;Pipeline { map_noise(attribute=NOx(GT), percentage=0.10) | map_noise(attribute=C6H6(GT), percentage=0.25) | map_noise(attribute=NMHC(GT), percentage=0.01) };7.56177e-01;1.00000e+00;1.00000e+00;Pipeline { map_noise(attribute=NOx(GT), percentage=0.10) | map_noise(attribute=C6H6(GT), percentage=0.25) | map_noise(attribute=NMHC(GT), percentage=0.01) };8.17076e-01;2.75862e-02;4.12388e-01;Pipeline { filter(AH > 0.0537) | filter(PT08.S3(NOx) > 994.0000) | map_noise(attribute=NOx(GT), percentage=0.01) | filter(PT08.S1(CO) > 0.0095) | map_duplicate(probability=1.00) | map_noise(attribute=RH, percentage=0.10) | map_duplicate(probability=0.30) | map_duplicate(probability=0.80) | filter(C6H6(GT) < 51400.0000) };8.19639e-01;2.76817e-02;4.09307e-01;Pipeline { filter(T < 2810000.0000) | filter(PT08.S3(NOx) > 994.0000) | map_noise(attribute=PT08.S2(NMHC), percentage=0.01) | filter(PT08.S1(CO) > 0.0098) | map_duplicate(probability=1.00) | map_noise(attribute=PT08.S2(NMHC), percentage=0.10) | map_duplicate(probability=0.30) | map_duplicate(probability=0.80) | filter(T < 51400.0000) };7.97136e-01;2.08333e-02;4.28333e-01;Pipeline { filter(AH > 0.0053) | filter(PT08.S3(NOx) > 997.0000) | map_noise(attribute=PT08.S4(NO2), percentage=0.01) | filter(PT08.S1(CO) > 0.0098) | map_duplicate(probability=1.00) | map_noise(attribute=CO(GT), percentage=0.05) | map_duplicate(probability=0.30) | map_duplicate(probability=0.80) | map_noise(attribute=PT08.S3(NOx), percentage=0.10) | map_noise(attribute=CO(GT), percentage=0.25) }
datasets/airQuality_parallel.csv;nsga2;4;18;1800;1800;1.34663e+02;100;14;17;1.00000e+00;1.00000e+00;1.00000e+00;8.69572e-01;0.00000e+00;5.72195e-01;Pipeline { filter(NOx(GT) < 250.0000) | map_duplicate(probability=0.90) };7.52482e-01;1.00000e+00;1.00000e+00;Pipeline { map_noise(attribute=NOx(GT), percentage=0.10) | map_noise(attribute=NOx(GT), percentage=0.01) | map_noise(attribute=AH, percentage=0.05) };7.52482e-01;1.00000e+00;1.00000e+00;Pipeline { map_noise(attribute=NOx(GT), percentage=0.10) | map_noise(attribute=NOx(GT), percentage=0.01) | map_noise(attribute=AH, percentage=0.05) };8.17177e-01;2.75862e-02;4.25948e-01;Pipeline { filter(AH > 0.0053) | filter(PT08.S3(NOx) > 997.0000) | map_noise(attribute=NOx(GT), percentage=0.10) | filter(PT08.S1(CO) > 0.0058) | map_duplicate(probability=1.00) | map_noise(attribute=RH, percentage=0.25) | map_duplicate(probability=0.30) | map_duplicate(probability=0.80) | map_noise(attribute=T, percentage=0.25) | map_noise(attribute=CO(GT), percentage=0.25) };7.93849e-01;2.76817e-02;4.26933e-01;Pipeline { filter(AH > 0.0053) | filter(PT08.S3(NOx) > 997.0000) | map_noise(attribute=PT08.S2(NMHC), percentage=0.05) | filter(PT08.S1(CO) > 0.0098) | map_duplicate(probability=1.00) | map_noise(attribute=RH, percentage=0.25) | map_duplicate(probability=0.30) | map_duplicate(probability=0.80) | map_noise(attribute=NOx(GT), percentage=0.25) | map_noise(attribute=CO(GT), percentage=0.25) };8.02808e-01;2.75862e-02;4.29505e-01;Pipeline { filter(AH > 0.0054) | filter(PT08.S3(NOx) > 999.0000) | map_noise(attribute=NOx(GT), percentage=0.01) | filter(PT08.S4(NO2) > 0.0098) | map_duplicate(probability=1.00) | map_noise(attribute=RH, percentage=0.10) | map_duplicate(probability=0.30) | map_duplicate(probability=0.80) | map_noise(attribute=PT08.S3(NOx), percentage=0.10) | map_noise(attribute=CO(GT), percentage=0.25) }
datasets/airQuality_parallel.csv;nsga2;4;19;1900;1900;1.43115e+02;100;13;10;1.00000e+00;1.00000e+00;1.00000e+00;8.69572e-01;0.00000e+00;5.72195e-01;Pipeline { filter(NOx(GT) < 250.0000) | map_duplicate(probability=0.90) };7.53069e-01;1.00000e+00;1.00000e+00;Pipeline { map_noise(attribute=NOx(GT), percentage=0.10) | map_noise(attribute=AH, percentage=0.10) | map_noise(attribute=NMHC(GT), percentage=0.01) };7.53069e-01;1.00000e+00;1.00000e+00;Pipeline { map_noise(attribute=NOx(GT), percentage=0.10) | map_noise(attribute=AH, percentage=0.10) | map_noise(attribute=NMHC(GT), percentage=0.01) };8.19208e-01;2.75862e-02;4.26035e-01;Pipeline { filter(AH > 0.0054) | filter(PT08.S3(NOx) > 997.0000) | map_noise(attribute=NOx(GT), percentage=0.01) | filter(PT08.S1(CO) > 0.0098) | map_duplicate(probability=1.00) | map_noise(attribute=RH, percentage=0.10) | map_duplicate(probability=0.30) | map_duplicate(probability=0.80) | map_noise(attribute=PT08.S3(NOx), percentage=0.01) | map_noise(attribute=CO(GT), percentage=0.25) };8.17127e-01;2.76817e-02;4.21399e-01;Pipeline { filter(AH > 0.0000) | filter(PT08.S3(NOx) > 997.0000) | map_noise(attribute=NOx(GT), percentage=0.01) | filter(PT08.S1(CO) > 0.0078) | map_duplicate(probability=1.00) | map_noise(attribute=PT08.S1(CO), percentage=0.05) | map_duplicate(probability=0.30) | map_duplicate(probability=0.80) | map_noise(attribute=PT08.S3(NOx), percentage=0.01) | map_noise(attribute=CO(GT), percentage=0.25) };7.80644e-01;2.07612e-02;4.32836e-01;Pipeline { filter(AH > 0.0053) | filter(PT08.S3(NOx) > 997.0000) | map_noise(attribute=NOx(GT), percentage=0.10) | filter(PT08.S1(CO) > 98.0000) | map_duplicate(probability=1.00) | map_noise(attribute=CO(GT), percentage=0.25) | map_duplicate(probability=0.30) | map_duplicate(probability=0.80) | map_noise(attribute=NOx(GT), percentage=0.25) | map_noise(attribute=CO(GT), percentage=0.25) }
datasets/airQuality_parallel.csv;nsga2;4;20;2000;2000;1.51637e+02;100;13;14;1.00000e+00;1.00000e+00;1.00000e+00;8.69572e-01;0.00000e+00;5.72195e-01;Pipeline { filter(NOx(GT) < 250.0000) | map_duplicate(probability=0.90) };7.56177e-01;1.00000e+00;1.00000e+00;Pipeline { map_noise(attribute=NOx(GT), percentage=0.10) | map_noise(attribute=C6H6(GT), percentage=0.25) | map_noise(attribute=NMHC(GT), percentage=0.01) };7.56177e-01;1.00000e+00;1.00000e+00;Pipeline { map_noise(attribute=NOx(GT), percentage=0.10) | map_noise(attribute=C6H6(GT), percentage=0.25) | map_noise(attribute=NMHC(GT), percentage=0.01) };8.19333e-01;2.76817e-02;4.22144e-01;Pipeline { filter(AH > 0.0053) | filter(PT08.S3(NOx) > 997.0000) | map_noise(attribute=NOx(GT), percentage=0.01) | filter(PT08.S1(CO) > 0.0098) | map_duplicate(probability=1.00) | map_noise(attribute=PT08.S5(O3), percentage=0.01) | map_duplicate(probability=0.30) | map_duplicate(probability=0.80) | map_noise(attribute=PT08.S3(NOx), percentage=0.01) | map_noise(attribute=CO(GT), percentage=0.25) };8.21384e-01;2.76817e-02;4.08612e-01;Pipeline { filter(AH > 0.0054) | filter(PT08.S3(NOx) > 993.0000) | map_noise(attribute=PT08.S2(NMHC), percentage=0.01) | filter(PT08.S1(CO) > 0.0098) | map_duplicate(probability=1.00) | map_noise(attribute=RH, percentage=0.10) | map_duplicate(probability=0.30) | map_duplicate(probability=0.80) | filter(PT08.S3(NOx) > 4.4200) };7.80644e-01;2.07612e-02;4.32836e-01;Pipeline { filter(AH > 0.0053) | filter(PT08.S3(NOx) > 997.0000) | map_noise(attribute=NOx(GT), percentage=0.10) | filter(PT08.S1(CO) > 98.0000) | map_duplicate(probability=1.00) | map_noise(attribute=CO(GT), percentage=0.25) | map_duplicate(probability=0.30) | map_duplicate(probability=0.80) | map_noise(attribute=NOx(GT), percentage=0.25) | map_noise(attribute=CO(GT), percentage=0.25) }
datasets/airQuality_parallel.csv;nsga2;4;21;2100;2100;1.60925e+02;100;13;16;1.00000e+00;1.00000e+00;1.00000e+00;8.69572e-01;0.00000e+00;5.72195e-01;Pipeline { filter(NOx(GT) < 250.0000) | map_duplicate(probability=0.90) };7.56177e-01;1.00000e+00;1.00000e+00;Pipeline { map_noise(attribute=NOx(GT), percentage=0.10) | map_noise(attribute=C6H6(GT), percentage=0.25) | map_noise(attribute=NMHC(GT), percentage=0.01) };7.56177e-01;1.00000e+00;1.00000e+00;Pipeline { map_noise(attribute=NOx(GT), percentage=0.10) | map_noise(attribute=C6H6(GT), percentage=0.25) | map_noise(attribute=NMHC(GT), percentage=0.01) };8.19333e-01;2.76817e-02;4.22144e-01;Pipeline { filter(AH > 0.0053) | filter(PT08.S3(NOx) > 997.0000) | map_noise(attribute=NOx(GT), percentage=0.01) | filter(PT08.S1(CO) > 0.0098) | map_duplicate(probability=1.00) | map_noise(attribute=PT08.S5(O3), percentage=0.01) | map_duplicate(probability=0.30) | map_duplicate(probability=0.80) | map_noise(attribute=PT08.S3(NOx), percentage=0.01) | map_noise(attribute=CO(GT), percentage=0.25) };8.14317e-01;2.76817e-02;4.25503e-01;Pipeline { filter(AH > 0.0053) | filter(PT08.S3(NOx) > 997.0000) | map_noise(attribute=NOx(GT), percentage=0.10) | filter(PT08.S1(CO) > 98.0000) | map_duplicate(probability=1.00) | map_noise(attribute=RH, percentage=0.25) | map_duplicate(probability=0.30) | map_duplicate(probability=0.80) | map_noise(attribute=NOx(GT), percentage=0.25) | map_noise(attribute=CO(GT), percentage=0.25) };7.80979e-01;0.00000e+00;4.40644e-01;Pipeline { filter(AH > 0.0053) | filter(PT08.S3(NOx) > 997.0000) | map_noise(attribute=NOx(GT), percentage=0.10) | filter(PT08.S1(CO) > 98.0000) | map_duplicate(probability=1.00) | map_noise(attribute=CO(GT), percentage=0.25) | map_duplicate(probability=0.30) | map_duplicate(probability=0.80) | map_noise(attribute=PT08.S1(CO), percentage=0.25) | map_noise(attribute=CO(GT), percentage=0.25) }
datasets/airQuality_parallel.csv;nsga2;4;22;2200;2200;1.67705e+02;100;13;19;1.00000e+00;1.00000e+00;1.00000e+00;8.69572e-01;0.00000e+00;5.72195e-01;Pipeline { filter(NOx(GT) < 250.0000) | map_duplicate(probability=0.90) };7.56177e-01;1.00000e+00;1.00000e+00;Pipeline { map_noise(attribute=NOx(GT), percentage=0.10) | map_noise(attribute=C6H6(GT), percentage=0.25) | map_noise(attribute=NMHC(GT), percentage=0.01) };7.56177e-01;1.00000e+00;1.00000e+00;Pipeline { map_noise(attribute=NOx(GT), percentage=0.10) | map_noise(attribute=C6H6(GT), percentage=0.25) | map_noise(attribute=NMHC(GT), percentage=0.01) };8.20118e-01;2.76817e-02;4.29742e-01;Pipeline { filter(AH > 0.0093) | filter(PT08.S3(NOx) > 993.0000) | map_noise(attribute=NOx(GT), percentage=0.01) | filter(PT08.S1(CO) > 0.3300) | map_duplicate(probability=1.00) | map_noise(attribute=NMHC(GT), percentage=0.01) | map_duplicate(probability=0.30) | map_duplicate(probability=0.80) | map_noise(attribute=PT08.S3(NOx), percentage=0.01) | map_noise(attribute=CO(GT), percentage=0.25) };8.08980e-01;2.76817e-02;4.27984e-01;Pipeline { filter(AH > 0.0053) | filter(PT08.S3(NOx) > 997.0000) | map_noise(attribute=NO2(GT), percentage=0.10) | filter(PT08.S1(CO) > 0.0058) | map_duplicate(probability=1.00) | map_noise(attribute=RH, percentage=0.25) | map_duplicate(probability=0.30) | map_duplicate(probability=0.80) | map_noise(attribute=T, percentage=0.25) | map_noise(attribute=CO(GT), percentage=0.25) };7.76989e-01;2.06186e-02;4.42299e-01;Pipeline { filter(AH > 0.0053) | filter(PT08.S3(NOx) > 997.0000) | map_noise(attribute=NOx(GT), percentage=0.10) | filter(PT08.S1(CO) > 0.0030) | map_duplicate(probability=1.00) | map_noise(attribute=CO(GT), percentage=0.25) | map_duplicate(probability=0.30) | map_duplicate(probability=0.80) | map_noise(attribute=PT08.S3(NOx), percentage=0.25) | map_noise(attribute=CO(GT), percentage=0.25) }
datasets/airQuality_parallel.csv;nsga2;4;23;2300;2300;1.75710e+02;100;11;14;1.00000e+00;1.00000e+00;1.00000e+00;8.69572e-01;0.00000e+00;5.72195e-01;Pipeline { filter(NOx(GT) < 250.0000) | map_duplicate(probability=0.90) };7.56177e-01;1.00000e+00;1.00000e+00;Pipeline { map_noise(attribute=NOx(GT), percentage=0.10) | map_noise(attribute=C6H6(GT), percentage=0.25) | map_noise(attribute=NMHC(GT), percentage=0.01) };7.56177e-01;1.00000e+00;1.00000e+00;Pipeline { map_noise(attribute=NOx(GT), percentage=0.10) | map_noise(attribute=C6H6(GT), percentage=0.25) | map_noise(attribute=NMHC(GT), percentage=0.01) };8.22376e-01;2.75862e-02;4.09936e-01;Pipeline { filter(C6H6(GT) < 2810000.0000) | filter(PT08.S3(NOx) > 994.0000) | map_noise(attribute=PT08.S2(NMHC), percentage=0.01) | filter(PT08.S1(CO) > 0.0098) | map_duplicate(probability=1.00) | map_noise(attribute=PT08.S2(NMHC), percentage=0.10) | map_duplicate(probability=0.30) | map_duplicate(probability=0.80) | filter(T < 51400.0000) };8.26034e-01;2.76817e-02;4.23617e-01;Pipeline { filter(AH > 0.0064) | filter(PT08.S3(NOx) > 997.0000) | map_noise(attribute=NOx(GT), percentage=0.01) | filter(PT08.S1(CO) > 0.0048) | map_duplicate(probability=1.00) | map_noise(attribute=CO(GT), percentage=0.10) | map_duplicate(probability=0.30) | map_duplicate(probability=0.80) | map_noise(attribute=PT08.S3(NOx), percentage=0.01) | map_noise(attribute=CO(GT), percentage=0.25) };7.77346e-01;0.00000e+00;5.69943e-01;Pipeline { filter(NOx(GT) < 250.0000) | map_duplicate(probability=0.70) }
datasets/airQuality_parallel.csv;nsga2;4;24;2400;2400;1.84858e+02;100;12;7;1.00000e+00;1.00000e+00;1.00000e+00;8.69572e-01;0.00000e+00;5.72195e-01;Pipeline { filter(NOx(GT) < 250.0000) | map_duplicate(probability=0.90) };7.56453e-01;1.00000e+00;1.00000e+00;Pipeline { map_noise(attribute=T, percentage=0.05) | map_noise(attribute=NOx(GT), percentage=0.25) };7.56453e-01;1.00000e+00;1.00000e+00;Pipeline { map_noise(attribute=T, percentage=0.05) | map_noise(attribute=NOx(GT), percentage=0.25) };8.22866e-01;2.07612e-02;4.24488e-01;Pipeline { filter(AH > 0.0003) | filter(PT08.S3(NOx) > 993.0000) | map_noise(attribute=NOx(GT), percentage=0.01) | filter(PT08.S1(CO) > 0.3300) | map_duplicate(probability=1.00) | map_noise(attribute=NMHC(GT), percentage=0.01) | map_duplicate(probability=0.30) | map_duplicate(probability=0.80) | map_noise(attribute=PT08.S3(NOx), percentage=0.01) | map_noise(attribute=CO(GT), percentage=0.25) };8.24472e-01;2.76817e-02;4.26567e-01;Pipeline { filter(AH > 0.0093) | filter(PT08.S3(NOx) > 993.0000) | map_noise(attribute=NOx(GT), percentage=0.01) | filter(T < 8230000000.0000) | map_duplicate(probability=1.00) | map_noise(attribute=NMHC(GT), percentage=0.05) | map_duplicate(probability=0.30) | map_duplicate(probability=0.80) | map_noise(attribute=PT08.S3(NOx), percentage=0.01) | map_noise(attribute=CO(GT), percentage=0.25) };7.77346e-01;0.00000e+00;5.69943e-01;Pipeline { filter(NOx(GT) < 250.0000) | map_duplicate(probability=0.70) }
datasets/airQuality_parallel.csv;nsga2;4;25;2500;2500;1.92534e+02;100;12;9;1.00000e+00;1.00000e+00;1.00000e+00;8.69572e-01;0.00000e+00;5.72195e-01;Pipeline { filter(NOx(GT) < 250.0000) | map_duplicate(probability=0.90) };7.56453e-01;1.00000e+00;1.00000e+00;Pipeline { map_noise(attribute=T, percentage=0.05) | map_noise(attribute=NOx(GT), percentage=0.25) };7.56453e-01;1.00000e+00;1.00000e+00;Pipeline { map_noise(attribute=T, percentage=0.05) | map_noise(attribute=NOx(GT), percentage=0.25) };8.22866e-01;2.07612e-02;4.24488e-01;Pipeline { filter(AH > 0.0003) | filter(PT08.S3(NOx) > 993.0000) | map_noise(attribute=NOx(GT), percentage=0.01) | filter(PT08.S1(CO) > 0.3300) | map_duplicate(probability=1.00) | map_noise(attribute=NMHC(GT), percentage=0.01) | map_duplicate(probability=0.30) | map_duplicate(probability=0.80) | map_noise(attribute=PT08.S3(NOx), percentage=0.01) | map_noise(attribute=CO(GT), percentage=0.25) };8.26034e-01;2.76817e-02;4.23617e-01;Pipeline { filter(AH > 0.0064) | filter(PT08.S3(NOx) > 997.0000) | map_noise(attribute=NOx(GT), percentage=0.01) | filter(PT08.S1(CO) > 0.0048) | map_duplicate(probability=1.00) | map_noise(attribute=CO(GT), percentage=0.10) | map_duplicate(probability=0.30) | map_duplicate(probability=0.80) | map_noise(attribute=PT08.S3(NOx), percentage=0.01) | map_noise(attribute=CO(GT), percentage=0.25) };8.69572e-01;0.00000e+00;5.72195e-01;Pipeline { filter(NOx(GT) < 250.0000) | map_duplicate(probability=0.90) }
datasets/airQuality_parallel.csv;nsga2;4;26;2600;2600;1.98414e+02;100;12;30;1.00000e+00;1.00000e+00;1.00000e+00;8.69572e-01;0.00000e+00;5.72195e-01;Pipeline { filter(NOx(GT) < 250.0000) | map_duplicate(probability=0.90) };7.56552e-01;1.00000e+00;1.00000e+00;Pipeline { map_noise(attribute=NOx(GT), percentage=0.10) | map_noise(attribute=NMHC(GT), percentage=0.05) | map_noise(attribute=NMHC(GT), percentage=0.01) };7.56552e-01;1.00000e+00;1.00000e+00;Pipeline { map_noise(attribute=NOx(GT), percentage=0.10) | map_noise(attribute=NMHC(GT), percentage=0.05) | map_noise(attribute=NMHC(GT), percentage=0.01) };8.23784e-01;1.39373e-02;5.90568e-01;Pipeline { filter(NOx(GT) < 270.0000) | map_duplicate(probability=0.70) };8.18851e-01;2.76817e-02;4.28061e-01;Pipeline { filter(AH > 0.0053) | filter(PT08.S3(NOx) > 997.0000) | map_noise(attribute=NOx(GT), percentage=0.10) | filter(PT08.S1(CO) > 98.0000) | map_duplicate(probability=1.00) | map_noise(attribute=CO(GT), percentage=0.01) | map_duplicate(probability=0.30) | map_duplicate(probability=0.80) | map_noise(attribute=NOx(GT), percentage=0.25) | map_noise(attribute=CO(GT), percentage=0.25) };7.76989e-01;2.06186e-02;4.42299e-01;Pipeline { filter(AH > 0.0053) | filter(PT08.S3(NOx) > 997.0000) | map_noise(attribute=NOx(GT), percentage=0.10) | filter(PT08.S1(CO) > 0.0030) | map_duplicate(probability=1.00) | map_noise(attribute=CO(GT), percentage=0.25) | map_duplicate(probability=0.30) | map_duplicate(probability=0.80) | map_noise(attribute=PT08.S3(NOx), percentage=0.25) | map_noise(attribute=CO(GT), percentage=0.25) }
datasets/airQuality_parallel.csv;nsga2;4;27;2700;2700;2.05849e+02;100;13;25;1.00000e+00;1.00000e+00;1.00000e+00;8.69572e-01;0.00000e+00;5.72195e-01;Pipeline { filter(NOx(GT) < 250.0000) | map_duplicate(probability=0.90) };7.56552e-01;1.00000e+00;1.00000e+00;Pipeline { map_noise(attribute=NOx(GT), percentage=0.10) | map_noise(attribute=NMHC(GT), percentage=0.05) | map_noise(attribute=NMHC(GT), percentage=0.01) };7.56552e-01;1.00000e+00;1.00000e+00;Pipeline { map_noise(attribute=NOx(GT), percentage=0.10) | map_noise(attribute=NMHC(GT), percentage=0.05) | map_noise(attribute=NMHC(GT), percentage=0.01) };8.23607e-01;2.75862e-02;4.28406e-01;Pipeline { filter(AH > 0.0053) | filter(PT08.S3(NOx) > 997.0000) | map_noise(attribute=NOx(GT), percentage=0.10) | filter(PT08.S1(CO) > 0.0048) | map_duplicate(probability=1.00) | map_noise(attribute=RH, percentage=0.25) | map_duplicate(probability=0.30) | map_duplicate(probability=0.80) | map_noise(attribute=T, percentage=0.25) | map_noise(attribute=CO(GT), percentage=0.25) };8.18851e-01;2.76817e-02;4.28061e-01;Pipeline { filter(AH > 0.0053) | filter(PT08.S3(NOx) > 997.0000) | map_noise(attribute=NOx(GT), percentage=0.10) | filter(PT08.S1(CO) > 98.0000) | map_duplicate(probability=1.00) | map_noise(attribute=CO(GT), percentage=0.01) | map_duplicate(probability=0.30) | map_duplicate(probability=0.80) | map_noise(attribute=NOx(GT), percentage=0.25) | map_noise(attribute=CO(GT), percentage=0.25) };7.76989e-01;2.06186e-02;4.42299e-01;Pipeline { filter(AH > 0.0053) | filter(PT08.S3(NOx) > 997.0000) | map_noise(attribute=NOx(GT), percentage=0.10) | filter(PT08.S1(CO) > 0.0030) | map_duplicate(probability=1.00) | map_noise(attribute=CO(GT), percentage=0.25) | map_duplicate(probability=0.30) | map_duplicate(probability=0.80) | map_noise(attribute=PT08.S3(NOx), percentage=0.25) | map_noise(attribute=CO(GT), percentage=0.25) }
datasets/airQuality_parallel.csv;nsga2;4;28;2800;2800;2.12516e+02;100;14;18;1.00000e+00;1.00000e+00;1.00000e+00;8.69572e-01;0.00000e+00;5.72195e-01;Pipeline { filter(NOx(GT) < 250.0000) | map_duplicate(probability=0.90) };7.56552e-01;1.00000e+00;1.00000e+00;Pipeline { map_noise(attribute=NOx(GT), percentage=0.10) | map_noise(attribute=NMHC(GT), percentage=0.05) | map_noise(attribute=NMHC(GT), percentage=0.01) };7.56552e-01;1.00000e+00;1.00000e+00;Pipeline { map_noise(attribute=NOx(GT), percentage=0.10) | map_noise(attribute=NMHC(GT), percentage=0.05) | map_noise(attribute=NMHC(GT), percentage=0.01) };8.23784e-01;1.39373e-02;5.90568e-01;Pipeline { filter(NOx(GT) < 270.0000) | map_duplicate(probability=0.70) };7.97739e-01;2.76817e-02;4.28949e-01;Pipeline { filter(AH > 0.0054) | filter(PT08.S3(NOx) > 998.0000) | map_noise(attribute=PT08.S2(NMHC), percentage=0.25) | filter(PT08.S1(CO) > 0.0078) | map_duplicate(probability=1.00) | map_noise(attribute=CO(GT), percentage=0.10) | map_duplicate(probability=0.30) | map_duplicate(probability=0.80) | map_noise(attribute=PT08.S3(NOx), percentage=0.01) | map_noise(attribute=CO(GT), percentage=0.25) };7.76989e-01;2.06186e-02;4.42299e-01;Pipeline { filter(AH > 0.0053) | filter(PT08.S3(NOx) > 997.0000) | map_noise(attribute=NOx(GT), percentage=0.10) | filter(PT08.S1(CO) > 0.0030) | map_duplicate(probability=1.00) | map_noise(attribute=CO(GT), percentage=0.25) | map_duplicate(probability=0.30) | map_duplicate(probability=0.80) | map_noise(attribute=PT08.S3(NOx), percentage=0.25) | map_noise(attribute=CO(GT), percentage=0.25) }
datasets/airQuality_parallel.csv;nsga2;4;29;2900;2900;2.21586e+02;100;15;15;1.00000e+00;1.00000e+00;1.00000e+00;8.69572e-01;0.00000e+00;5.72195e-01;Pipeline { filter(NOx(GT) < 250.0000) | map_duplicate(probability=0.90) };7.59427e-01;1.00000e+00;1.00000e+00;Pipeline { map_noise(attribute=NOx(GT), percentage=0.05) | map_noise(attribute=NOx(GT), percentage=0.25) };7.59427e-01;1.00000e+00;1.00000e+00;Pipeline { map_noise(attribute=NOx(GT), percentage=0.05) | map_noise(attribute=NOx(GT), percentage=0.25) };8.24936e-01;2.76817e-02;4.27293e-01;Pipeline { filter(AH > 0.0093) | filter(PT08.S3(NOx) > 993.0000) | map_noise(attribute=NOx(GT), percentage=0.01) | filter(C6H6(GT) > 0.0006) | map_duplicate(probability=1.00) | map_noise(attribute=NMHC(GT), percentage=0.25) | map_duplicate(probability=0.30) | map_duplicate(probability=0.80) | map_noise(attribute=NOx(GT), percentage=0.10) | map_noise(attribute=CO(GT), percentage=0.25) };7.97739e-01;2.76817e-02;4.28949e-01;Pipeline { filter(AH > 0.0054) | filter(PT08.S3(NOx) > 998.0000) | map_noise(attribute=PT08.S2(NMHC), percentage=0.25) | filter(PT08.S1(CO) > 0.0078) | map_duplicate(probability=1.00) | map_noise(attribute=CO(GT), percentage=0.10) | map_duplicate(probability=0.30) | map_duplicate(probability=0.80) | map_noise(attribute=PT08.S3(NOx), percentage=0.01) | map_noise(attribute=CO(GT), percentage=0.25) };7.76989e-01;2.06186e-02;4.42299e-01;Pipeline { filter(AH > 0.0053) | filter(PT08.S3(NOx) > 997.0000) | map_noise(attribute=NOx(GT), percentage=0.10) | filter(PT08.S1(CO) > 0.0030) | map_duplicate(probability=1.00) | map_noise(attribute=CO(GT), percentage=0.25) | map_duplicate(probability=0.30) | map_duplicate(probability=0.80) | map_noise(attribute=PT08.S3(NOx), percentage=0.25) | map_noise(attribute=CO(GT), percentage=0.25) }
datasets/airQuality_parallel.csv;nsga2;4;30;3000;3000;2.30098e+02;100;7;9;1.00000e+00;1.00000e+00;1.00000e+00;8.69572e-01;0.00000e+00;5.72195e-01;Pipeline { filter(NOx(GT) < 250.0000) | map_duplicate(probability=0.90) };7.49298e-01;1.00000e+00;1.00000e+00;Pipeline { map_noise(attribute=PT08.S3(NOx), percentage=0.25) | map_noise(attribute=NOx(GT), percentage=0.25) | map_noise(attribute=AH, percentage=0.05) };7.49298e-01;1.00000e+00;1.00000e+00;Pipeline { map_noise(attribute=PT08.S3(NOx), percentage=0.25) | map_noise(attribute=NOx(GT), percentage=0.25) | map_noise(attribute=AH, percentage=0.05) };8.24472e-01;2.76817e-02;4.26567e-01;Pipeline { filter(AH > 0.0093) | filter(PT08.S3(NOx) > 993.0000) | map_noise(attribute=NOx(GT), percentage=0.01) | filter(T < 8230000000.0000) | map_duplicate(probability=1.00) | map_noise(attribute=NMHC(GT), percentage=0.05) | map_duplicate(probability=0.30) | map_duplicate(probability=0.80) | map_noise(attribute=PT08.S3(NOx), percentage=0.01) | map_noise(attribute=CO(GT), percentage=0.25) };8.24936e-01;2.76817e-02;4.27293e-01;Pipeline { filter(AH > 0.0093) | filter(PT08.S3(NOx) > 993.0000) | map_noise(attribute=NOx(GT), percentage=0.01) | filter(C6H6(GT) > 0.0006) | map_duplicate(probability=1.00) | map_noise(attribute=NMHC(GT), percentage=0.25) | map_duplicate(probability=0.30) | map_duplicate(probability=0.80) | map_noise(attribute=NOx(GT), percentage=0.10) | map_noise(attribute=CO(GT), percentage=0.25) };8.46710e-01;0.00000e+00;5.80903e-01;Pipeline { filter(NOx(GT) < 260.0000) | map_duplicate(probability=0.90) }
datasets/airQuality_parallel.csv;nsga2;4;31;3100;3100;2.37950e+02;100;7;9;1.00000e+00;1.00000e+00;1.00000e+00;8.69572e-01;0.00000e+00;5.72195e-01;Pipeline { filter(NOx(GT) < 250.0000) | map_duplicate(probability=0.90) };7.49298e-01;1.00000e+00;1.00000e+00;Pipeline { map_noise(attribute=PT08.S3(NOx), percentage=0.25) | map_noise(attribute=NOx(GT), percentage=0.25) | map_noise(attribute=AH, percentage=0.05) };7.49298e-01;1.00000e+00;1.00000e+00;Pipeline { map_noise(attribute=PT08.S3(NOx), percentage=0.25) | map_noise(attribute=NOx(GT), percentage=0.25) | map_noise(attribute=AH, percentage=0.05) };8.24936e-01;2.76817e-02;4.27293e-01;Pipeline { filter(AH > 0.0093) | filter(PT08.S3(NOx) > 993.0000) | map_noise(attribute=NOx(GT), percentage=0.01) | filter(C6H6(GT) > 0.0006) | map_duplicate(probability=1.00) | map_noise(attribute=NMHC(GT), percentage=0.25) | map_duplicate(probability=0.30) | map_duplicate(probability=0.80) | map_noise(attribute=NOx(GT), percentage=0.10) | map_noise(attribute=CO(GT), percentage=0.25) };8.24936e-01;2.76817e-02;4.27293e-01;Pipeline { filter(AH > 0.0093) | filter(PT08.S3(NOx) > 993.0000) | map_noise(attribute=NOx(GT), percentage=0.01) | filter(C6H6(GT) > 0.0006) | map_duplicate(probability=1.00) | map_noise(attribute=NMHC(GT), percentage=0.25) | map_duplicate(probability=0.30) | map_duplicate(probability=0.80) | map_noise(attribute=NOx(GT), percentage=0.10) | map_noise(attribute=CO(GT), percentage=0.25) };8.22189e-01;0.00000e+00;5.72605e-01;Pipeline { filter(NOx(GT) < 250.0000) | map_duplicate(probability=1.00) }
datasets/airQuality_parallel.csv;nsga2;4;32;3200;3200;2.44961e+02;100;7;1;1.00000e+00;1.00000e+00;1.00000e+00;8.69572e-01;0.00000e+00;5.72195e-01;Pipeline { filter(NOx(GT) < 250.0000) | map_duplicate(probability=0.90) };7.59427e-01;1.00000e+00;1.00000e+00;Pipeline { map_noise(attribute=NOx(GT), percentage=0.05) | map_noise(attribute=NOx(GT), percentage=0.25) };7.59427e-01;1.00000e+00;1.00000e+00;Pipeline { map_noise(attribute=NOx(GT), percentage=0.05) | map_noise(attribute=NOx(GT), percentage=0.25) };8.27212e-01;2.76817e-02;4.23874e-01;Pipeline { filter(AH > 0.0003) | filter(PT08.S3(NOx) > 993.0000) | map_noise(attribute=NOx(GT), percentage=0.25) | filter(PT08.S1(CO) > 0.3900) | map_duplicate(probability=1.00) | map_noise(attribute=NMHC(GT), percentage=0.01) | map_duplicate(probability=0.30) | map_duplicate(probability=0.80) | map_noise(attribute=PT08.S5(O3), percentage=0.25) | map_noise(attribute=CO(GT), percentage=0.25) };7.92582e-01;2.76817e-02;4.30109e-01;Pipeline { filter(AH > 0.0003) | filter(PT08.S3(NOx) > 992.0000) | map_noise(attribute=NOx(GT), percentage=0.25) | filter(PT08.S1(CO) > 0.3350) | map_duplicate(probability=1.00) | map_noise(attribute=NMHC(GT), percentage=0.01) | map_duplicate(probability=0.30) | map_duplicate(probability=0.80) | map_noise(attribute=PT08.S5(O3), percentage=0.25) | map_noise(attribute=CO(GT), percentage=0.25) };8.27693e-01;0.00000e+00;5.60041e-01;Pipeline { filter(NOx(GT) < 230.0000) | map_duplicate(probability=0.90) }
datasets/airQuality_parallel.csv;nsga2;4;33;3300;3300;2.51902e+02;100;7;48;1.00000e+00;1.00000e+00;1.00000e+00;8.69572e-01;0.00000e+00;5.72195e-01;Pipeline { filter(NOx(GT) < 250.0000) | map_duplicate(probability=0.90) };7.59427e-01;1.00000e+00;1.00000e+00;Pipeline { map_noise(attribute=NOx(GT), percentage=0.05) | map_noise(attribute=NOx(GT), percentage=0.25) };7.59427e-01;1.00000e+00;1.00000e+00;Pipeline { map_noise(attribute=NOx(GT), percentage=0.05) | map_noise(attribute=NOx(GT), percentage=0.25) };8.26771e-01;2.76817e-02;4.25353e-01;Pipeline { filter(AH > 0.0053) | filter(PT08.S3(NOx) > 997.0000) | map_noise(attribute=NO2(GT), percentage=0.10) | filter(PT08.S1(CO) > 0.0028) | map_duplicate(probability=1.00) | map_noise(attribute=NO2(GT), percentage=0.10) | map_duplicate(probability=0.30) | map_duplicate(probability=0.80) | map_noise(attribute=T, percentage=0.25) | map_noise(attribute=CO(GT), percentage=0.25) };7.97739e-01;2.76817e-02;4.28949e-01;Pipeline { filter(AH > 0.0054) | filter(PT08.S3(NOx) > 998.0000) | map_noise(attribute=PT08.S2(NMHC), percentage=0.25) | filter(PT08.S1(CO) > 0.0078) | map_duplicate(probability=1.00) | map_noise(attribute=CO(GT), percentage=0.10) | map_duplicate(probability=0.30) | map_duplicate(probability=0.80) | map_noise(attribute=PT08.S3(NOx), percentage=0.01) | map_noise(attribute=CO(GT), percentage=0.25) };8.27693e-01;0.00000e+00;5.60041e-01;Pipeline { filter(NOx(GT) < 230.0000) | map_duplicate(probability=0.90) }
datasets/airQuality_parallel.csv;nsga2;4;34;3400;3400;2.60770e+02;100;7;47;1.00000e+00;1.00000e+00;1.00000e+00;8.69572e-01;0.00000e+00;5.72195e-01;Pipeline { filter(NOx(GT) < 250.0000) | map_duplicate(probability=0.90) };7.59427e-01;1.00000e+00;1.00000e+00;Pipeline { map_noise(attribute=NOx(GT), percentage=0.05) | map_noise(attribute=NOx(GT), percentage=0.25) };7.59427e-01;1.00000e+00;1.00000e+00;Pipeline { map_noise(attribute=NOx(GT), percentage=0.05) | map_noise(attribute=NOx(GT), percentage=0.25) };8.26771e-01;2.76817e-02;4.25353e-01;Pipeline { filter(AH > 0.0053) | filter(PT08.S3(NOx) > 997.0000) | map_noise(attribute=NO2(GT), percentage=0.10) | filter(PT08.S1(CO) > 0.0028) | map_duplicate(probability=1.00) | map_noise(attribute=NO2(GT), percentage=0.10) | map_duplicate(probability=0.30) | map_duplicate(probability=0.80) | map_noise(attribute=T, percentage=0.25) | map_noise(attribute=CO(GT), percentage=0.25) };7.78977e-01;2.76817e-02;4.40305e-01;Pipeline { filter(AH > 0.0053) | filter(PT08.S3(NOx) > 997.0000) | map_noise(attribute=RH, percentage=0.10) | filter(PT08.S1(CO) > 98.0000) | map_duplicate(probability=1.00) | map_noise(attribute=CO(GT), percentage=0.25) | map_duplicate(probability=0.30) | map_duplicate(probability=0.80) | map_noise(attribute=NOx(GT), percentage=0.25) | map_noise(attribute=CO(GT), percentage=0.25) };8.27693e-01;0.00000e+00;5.60041e-01;Pipeline { filter(NOx(GT) < 230.0000) | map_duplicate(probability=0.90) }
datasets/airQuality_parallel.csv;nsga2;4;35;3500;3500;2.67538e+02;100;6;46;1.00000e+00;1.00000e+00;1.00000e+00;8.69572e-01;0.00000e+00;5.72195e-01;Pipeline { filter(NOx(GT) < 250.0000) | map_duplicate(probability=0.90) };7.61645e-01;1.00000e+00;1.00000e+00;Pipeline { map_noise(attribute=NOx(GT), percentage=0.10) | map_noise(attribute=NOx(GT), percentage=0.25) | map_noise(attribute=NMHC(GT), percentage=0.01) };7.61645e-01;1.00000e+00;1.00000e+00;Pipeline { map_noise(attribute=NOx(GT), percentage=0.10) | map_noise(attribute=NOx(GT), percentage=0.25) | map_noise(attribute=NMHC(GT), percentage=0.01) };8.26771e-01;2.76817e-02;4.25353e-01;Pipeline { filter(AH > 0.0053) | filter(PT08.S3(NOx) > 997.0000) | map_noise(attribute=NO2(GT), percentage=0.10) | filter(PT08.S1(CO) > 0.0028) | map_duplicate(probability=1.00) | map_noise(attribute=NO2(GT), percentage=0.10) | map_duplicate(probability=0.30) | map_duplicate(probability=0.80) | map_noise(attribute=T, percentage=0.25) | map_noise(attribute=CO(GT), percentage=0.25) };8.32971e-01;2.76817e-02;4.22173e-01;Pipeline { filter(PT08.S2(NMHC) > 0.0003) | filter(PT08.S3(NOx) > 993.0000) | map_noise(attribute=NOx(GT), percentage=0.25) | filter(PT08.S1(CO) > 0.3900) | map_duplicate(probability=1.00) | map_noise(attribute=NMHC(GT), percentage=0.01) | map_duplicate(probability=0.30) | map_duplicate(probability=0.80) | map_noise(attribute=PT08.S5(O3), percentage=0.25) | map_noise(attribute=CO(GT), percentage=0.25) };8.15950e-01;2.75862e-02;4.42305e-01;Pipeline { filter(AH > 0.0033) | filter(PT08.S3(NOx) > 997.0000) | map_noise(attribute=NOx(GT), percentage=0.10) | filter(PT08.S2(NMHC) < 2380000.0000) | map_duplicate(probability=1.00) | map_noise(attribute=CO(GT), percentage=0.25) | map_duplicate(probability=0.30) | map_duplicate(probability=0.80) | map_noise(attribute=NMHC(GT), percentage=0.25) | map_noise(attribute=CO(GT), percentage=0.25) }
datasets/airQuality_parallel.csv;nsga2;4;36;3600;3600;2.74217e+02;100;6;45;1.00000e+00;1.00000e+00;1.00000e+00;8.69572e-01;0.00000e+00;5.72195e-01;Pipeline { filter(NOx(GT) < 250.0000) | map_duplicate(probability=0.90) };7.61645e-01;1.00000e+00;1.00000e+00;Pipeline { map_noise(attribute=NOx(GT), percentage=0.10) | map_noise(attribute=NOx(GT), percentage=0.25) | map_noise(attribute=NMHC(GT), percentage=0.01) };7.61645e-01;1.00000e+00;1.00000e+00;Pipeline { map_noise(attribute=NOx(GT), percentage=0.10) | map_noise(attribute=NOx(GT), percentage=0.25) | map_noise(attribute=NMHC(GT), percentage=0.01) };8.26771e-01;2.76817e-02;4.25353e-01;Pipeline { filter(AH > 0.0053) | filter(PT08.S3(NOx) > 997.0000) | map_noise(attribute=NO2(GT), percentage=0.10) | filter(PT08.S1(CO) > 0.0028) | map_duplicate(probability=1.00) | map_noise(attribute=NO2(GT), percentage=0.10) | map_duplicate(probability=0.30) | map_duplicate(probability=0.80) | map_noise(attribute=T, percentage=0.25) | map_noise(attribute=CO(GT), percentage=0.25) };8.32971e-01;2.76817e-02;4.22173e-01;Pipeline { filter(PT08.S2(NMHC) > 0.0003) | filter(PT08.S3(NOx) > 993.0000) | map_noise(attribute=NOx(GT), percentage=0.25) | filter(PT08.S1(CO) > 0.3900) | map_duplicate(probability=1.00) | map_noise(attribute=NMHC(GT), percentage=0.01) | map_duplicate(probability=0.30) | map_duplicate(probability=0.80) | map_noise(attribute=PT08.S5(O3), percentage=0.25) | map_noise(attribute=CO(GT), percentage=0.25) };8.27693e-01;0.00000e+00;5.60041e-01;Pipeline { filter(NOx(GT) < 230.0000) | map_duplicate(probability=0.90) }
datasets/airQuality_parallel.csv;nsga2;4;37;3700;3700;2.80375e+02;100;6;8;1.00000e+00;1.00000e+00;1.00000e+00;8.69572e-01;0.00000e+00;5.72195e-01;Pipeline { filter(NOx(GT) < 250.0000) | map_duplicate(probability=0.90) };7.48565e-01;1.00000e+00;1.00000e+00;Pipeline { map_noise(attribute=NOx(GT), percentage=0.10) | map_noise(attribute=PT08.S1(CO), percentage=0.05) | map_noise(attribute=NO2(GT), percentage=0.01) };7.48565e-01;1.00000e+00;1.00000e+00;Pipeline { map_noise(attribute=NOx(GT), percentage=0.10) | map_noise(attribute=PT08.S1(CO), percentage=0.05) | map_noise(attribute=NO2(GT), percentage=0.01) };8.27212e-01;2.76817e-02;4.23874e-01;Pipeline { filter(AH > 0.0003) | filter(PT08.S3(NOx) > 993.0000) | map_noise(attribute=NOx(GT), percentage=0.25) | filter(PT08.S1(CO) > 0.3900) | map_duplicate(probability=1.00) | map_noise(attribute=NMHC(GT), percentage=0.01) | map_duplicate(probability=0.30) | map_duplicate(probability=0.80) | map_noise(attribute=PT08.S5(O3), percentage=0.25) | map_noise(attribute=CO(GT), percentage=0.25) };8.32971e-01;2.76817e-02;4.22173e-01;Pipeline { filter(PT08.S2(NMHC) > 0.0003) | filter(PT08.S3(NOx) > 993.0000) | map_noise(attribute=NOx(GT), percentage=0.25) | filter(PT08.S1(CO) > 0.3900) | map_duplicate(probability=1.00) | map_noise(attribute=NMHC(GT), percentage=0.01) | map_duplicate(probability=0.30) | map_duplicate(probability=0.80) | map_noise(attribute=PT08.S5(O3), percentage=0.25) | map_noise(attribute=CO(GT), percentage=0.25) };8.53750e-01;0.00000e+00;5.65654e-01;Pipeline { filter(NOx(GT) < 240.0000) | map_duplicate(probability=0.90) }
datasets/airQuality_parallel.csv;nsga2;4;38;3800;3800;2.89983e+02;100;6;3;1.00000e+00;1.00000e+00;1.00000e+00;8.69572e-01;0.00000e+00;5.72195e-01;Pipeline { filter(NOx(GT) < 250.0000) | map_duplicate(probability=0.90) };7.51677e-01;1.00000e+00;1.00000e+00;Pipeline { map_noise(attribute=C6H6(GT), percentage=0.05) | map_noise(attribute=NOx(GT), percentage=0.10) };7.51677e-01;1.00000e+00;1.00000e+00;Pipeline { map_noise(attribute=C6H6(GT), percentage=0.05) | map_noise(attribute=NOx(GT), percentage=0.10) };8.26182e-01;2.05479e-02;4.40616e-01;Pipeline { filter(AH > 0.0033) | filter(PT08.S3(NOx) > 997.0000) | map_noise(attribute=NOx(GT), percentage=0.10) | filter(PT08.S1(CO) > 398.0000) | map_duplicate(probability=1.00) | map_noise(attribute=CO(GT), percentage=0.25) | map_duplicate(probability=0.30) | map_duplicate(probability=0.80) | map_noise(attribute=RH, percentage=0.05) | map_noise(attribute=CO(GT), percentage=0.25) };8.20118e-01;2.76817e-02;4.29742e-01;Pipeline { filter(AH > 0.0093) | filter(PT08.S3(NOx) > 993.0000) | map_noise(attribute=NOx(GT), percentage=0.01) | filter(PT08.S1(CO) > 0.3300) | map_duplicate(probability=1.00) | map_noise(attribute=NMHC(GT), percentage=0.01) | map_duplicate(probability=0.30) | map_duplicate(probability=0.80) | map_noise(attribute=PT08.S3(NOx), percentage=0.01) | map_noise(attribute=CO(GT), percentage=0.25) };8.69572e-01;0.00000e+00;5.72195e-01;Pipeline { filter(NOx(GT) < 250.0000) | map_duplicate(probability=0.90) }
datasets/airQuality_parallel.csv;nsga2;4;39;3900;3900;2.97485e+02;100;6;1;1.00000e+00;1.00000e+00;1.00000e+00;8.69572e-01;0.00000e+00;5.72195e-01;Pipeline { filter(NOx(GT) < 250.0000) | map_duplicate(probability=0.90) };7.51677e-01;1.00000e+00;1.00000e+00;Pipeline { map_noise(attribute=C6H6(GT), percentage=0.05) | map_noise(attribute=NOx(GT), percentage=0.10) };7.51677e-01;1.00000e+00;1.00000e+00;Pipeline { map_noise(attribute=C6H6(GT), percentage=0.05) | map_noise(attribute=NOx(GT), percentage=0.10) };8.26182e-01;2.05479e-02;4.40616e-01;Pipeline { filter(AH > 0.0033) | filter(PT08.S3(NOx) > 997.0000) | map_noise(attribute=NOx(GT), percentage=0.10) | filter(PT08.S1(CO) > 398.0000) | map_duplicate(probability=1.00) | map_noise(attribute=CO(GT), percentage=0.25) | map_duplicate(probability=0.30) | map_duplicate(probability=0.80) | map_noise(attribute=RH, percentage=0.05) | map_noise(attribute=CO(GT), percentage=0.25) };8.20118e-01;2.76817e-02;4.29742e-01;Pipeline { filter(AH > 0.0093) | filter(PT08.S3(NOx) > 993.0000) | map_noise(attribute=NOx(GT), percentage=0.01) | filter(PT08.S1(CO) > 0.3300) | map_duplicate(probability=1.00) | map_noise(attribute=NMHC(GT), percentage=0.01) | map_duplicate(probability=0.30) | map_duplicate(probability=0.80) | map_noise(attribute=PT08.S3(NOx), percentage=0.01) | map_noise(attribute=CO(GT), percentage=0.25) };8.43118e-01;0.00000e+00;5.66602e-01;Pipeline { filter(NOx(GT) < 240.0000) | map_duplicate(probability=1.00) }
datasets/airQuality_parallel.csv;nsga2;4;40;4000;4000;3.05036e+02;100;6;2;1.00000e+00;1.00000e+00;1.00000e+00;8.69572e-01;0.00000e+00;5.72195e-01;Pipeline { filter(NOx(GT) < 250.0000) | map_duplicate(probability=0.90) };7.61645e-01;1.00000e+00;1.00000e+00;Pipeline { map_noise(attribute=NOx(GT), percentage=0.10) | map_noise(attribute=NOx(GT), percentage=0.25) | map_noise(attribute=NMHC(GT), percentage=0.01) };7.61645e-01;1.00000e+00;1.00000e+00;Pipeline { map_noise(attribute=NOx(GT), percentage=0.10) | map_noise(attribute=NOx(GT), percentage=0.25) | map_noise(attribute=NMHC(GT), percentage=0.01) };8.27369e-01;2.75862e-02;4.29522e-01;Pipeline { filter(AH > 0.0093) | filter(PT08.S3(NOx) > 993.0000) | map_noise(attribute=NOx(GT), percentage=0.01) | filter(PT08.S1(CO) > 0.0000) | map_duplicate(probability=1.00) | map_noise(attribute=RH, percentage=0.10) | map_duplicate(probability=0.30) | map_duplicate(probability=0.80) | map_noise(attribute=NO2(GT), percentage=0.01) | map_noise(attribute=CO(GT), percentage=0.25) };7.95209e-01;2.76817e-02;4.41672e-01;Pipeline { filter(AH > 0.0033) | filter(PT08.S3(NOx) > 997.0000) | map_noise(attribute=NOx(GT), percentage=0.10) | filter(PT08.S2(NMHC) < 2380000.0000) | map_duplicate(probability=1.00) | map_noise(attribute=CO(GT), percentage=0.25) | map_duplicate(probability=0.30) | map_duplicate(probability=0.80) | map_noise(attribute=NMHC(GT), percentage=0.05) | map_noise(attribute=CO(GT), percentage=0.25) };8.43118e-01;0.00000e+00;5.66602e-01;Pipeline { filter(NOx(GT) < 240.0000) | map_duplicate(probability=1.00) }
datasets/airQuality_parallel.csv;nsga2;4;41;4100;4100;3.09199e+02;100;6;1;1.00000e+00;1.00000e+00;1.00000e+00;8.69572e-01;0.00000e+00;5.72195e-01;Pipeline { filter(NOx(GT) < 250.0000) | map_duplicate(probability=0.90) };7.61645e-01;1.00000e+00;1.00000e+00;Pipeline { map_noise(attribute=NOx(GT), percentage=0.10) | map_noise(attribute=NOx(GT), percentage=0.25) | map_noise(attribute=NMHC(GT), percentage=0.01) };7.61645e-01;1.00000e+00;1.00000e+00;Pipeline { map_noise(attribute=NOx(GT), percentage=0.10) | map_noise(attribute=NOx(GT), percentage=0.25) | map_noise(attribute=NMHC(GT), percentage=0.01) };8.27369e-01;2.75862e-02;4.29522e-01;Pipeline { filter(AH > 0.0093) | filter(PT08.S3(NOx) > 993.0000) | map_noise(attribute=NOx(GT), percentage=0.01) | filter(PT08.S1(CO) > 0.0000) | map_duplicate(probability=1.00) | map_noise(attribute=RH, percentage=0.10) | map_duplicate(probability=0.30) | map_duplicate(probability=0.80) | map_noise(attribute=NO2(GT), percentage=0.01) | map_noise(attribute=CO(GT), percentage=0.25) };8.20118e-01;2.76817e-02;4.29742e-01;Pipeline { filter(AH > 0.0093) | filter(PT08.S3(NOx) > 993.0000) | map_noise(attribute=NOx(GT), percentage=0.01) | filter(PT08.S1(CO) > 0.3300) | map_duplicate(probability=1.00) | map_noise(attribute=NMHC(GT), percentage=0.01) | map_duplicate(probability=0.30) | map_duplicate(probability=0.80) | map_noise(attribute=PT08.S3(NOx), percentage=0.01) | map_noise(attribute=CO(GT), percentage=0.25) };8.69572e-01;0.00000e+00;5.72195e-01;Pipeline { filter(NOx(GT) < 250.0000) | map_duplicate(probability=0.90) }
datasets/airQuality_parallel.csv;nsga2;4;42;4200;4200;3.18897e+02;100;6;43;1.00000e+00;1.00000e+00;1.00000e+00;8.69572e-01;0.00000e+00;5.72195e-01;Pipeline { filter(NOx(GT) < 250.0000) | map_duplicate(probability=0.90) };7.61645e-01;1.00000e+00;1.00000e+00;Pipeline { map_noise(attribute=NOx(GT), percentage=0.10) | map_noise(attribute=NOx(GT), percentage=0.25) | map_noise(attribute=NMHC(GT), percentage=0.01) };7.61645e-01;1.00000e+00;1.00000e+00;Pipeline { map_noise(attribute=NOx(GT), percentage=0.10) | map_noise(attribute=NOx(GT), percentage=0.25) | map_noise(attribute=NMHC(GT), percentage=0.01) };8.27369e-01;2.75862e-02;4.29522e-01;Pipeline { filter(AH > 0.0093) | filter(PT08.S3(NOx) > 993.0000) | map_noise(attribute=NOx(GT), percentage=0.01) | filter(PT08.S1(CO) > 0.0000) | map_duplicate(probability=1.00) | map_noise(attribute=RH, percentage=0.10) | map_duplicate(probability=0.30) | map_duplicate(probability=0.80) | map_noise(attribute=NO2(GT), percentage=0.01) | map_noise(attribute=CO(GT), percentage=0.25) };7.97132e-01;2.76817e-02;4.39473e-01;Pipeline { filter(AH > 0.0526) | filter(PT08.S3(NOx) > 997.0000) | map_noise(attribute=NMHC(GT), percentage=0.10) | filter(PT08.S1(CO) > 98.0000) | map_duplicate(probability=1.00) | map_noise(attribute=CO(GT), percentage=0.25) | map_duplicate(probability=0.30) | map_duplicate(probability=0.80) | map_noise(attribute=NOx(GT), percentage=0.25) | map_noise(attribute=CO(GT), percentage=0.25) };8.69572e-01;0.00000e+00;5.72195e-01;Pipeline { filter(NOx(GT) < 250.0000) | map_duplicate(probability=0.90) }
datasets/airQuality_parallel.csv;nsga2;4;43;4300;4300;3.30048e+02;100;6;40;1.00000e+00;1.00000e+00;1.00000e+00;8.69572e-01;0.00000e+00;5.72195e-01;Pipeline { filter(NOx(GT) < 250.0000) | map_duplicate(probability=0.90) };7.61645e-01;1.00000e+00;1.00000e+00;Pipeline { map_noise(attribute=NOx(GT), percentage=0.10) | map_noise(attribute=NOx(GT), percentage=0.25) | map_noise(attribute=NMHC(GT), percentage=0.01) };7.61645e-01;1.00000e+00;1.00000e+00;Pipeline { map_noise(attribute=NOx(GT), percentage=0.10) | map_noise(attribute=NOx(GT), percentage=0.25) | map_noise(attribute=NMHC(GT), percentage=0.01) };8.27369e-01;2.75862e-02;4.29522e-01;Pipeline { filter(AH > 0.0093) | filter(PT08.S3(NOx) > 993.0000) | map_noise(attribute=NOx(GT), percentage=0.01) | filter(PT08.S1(CO) > 0.0000) | map_duplicate(probability=1.00) | map_noise(attribute=RH, percentage=0.10) | map_duplicate(probability=0.30) | map_duplicate(probability=0.80) | map_noise(attribute=NO2(GT), percentage=0.01) | map_noise(attribute=CO(GT), percentage=0.25) };8.13668e-01;2.76817e-02;4.30435e-01;Pipeline { filter(AH > 0.0054) | filter(PT08.S3(NOx) > 997.0000) | map_noise(attribute=RH, percentage=0.10) | filter(AH > 0.0000) | map_duplicate(probability=1.00) | map_noise(attribute=CO(GT), percentage=0.10) | map_duplicate(probability=0.30) | map_duplicate(probability=0.80) | map_noise(attribute=PT08.S3(NOx), percentage=0.01) | map_noise(attribute=CO(GT), percentage=0.25) };8.69572e-01;0.00000e+00;5.72195e-01;Pipeline { filter(NOx(GT) < 250.0000) | map_duplicate(probability=0.90) }
datasets/airQuality_parallel.csv;nsga2;4;44;4400;4400;3.37198e+02;100;6;37;1.00000e+00;1.00000e+00;1.00000e+00;8.69572e-01;0.00000e+00;5.72195e-01;Pipeline { filter(NOx(GT) < 250.0000) | map_duplicate(probability=0.90) };7.61645e-01;1.00000e+00;1.00000e+00;Pipeline { map_noise(attribute=NOx(GT), percentage=0.10) | map_noise(attribute=NOx(GT), percentage=0.25) | map_noise(attribute=NMHC(GT), percentage=0.01) };7.61645e-01;1.00000e+00;1.00000e+00;Pipeline { map_noise(attribute=NOx(GT), percentage=0.10) | map_noise(attribute=NOx(GT), percentage=0.25) | map_noise(attribute=NMHC(GT), percentage=0.01) };8.27693e-01;0.00000e+00;5.60041e-01;Pipeline { filter(NOx(GT) < 230.0000) | map_duplicate(probability=0.90) };8.34846e-01;2.76817e-02;4.24541e-01;Pipeline { filter(AH > 0.0023) | filter(PT08.S3(NOx) > 992.0000) | map_noise(attribute=NOx(GT), percentage=0.25) | filter(PT08.S1(CO) > 0.3350) | map_duplicate(probability=1.00) | map_noise(attribute=NMHC(GT), percentage=0.01) | map_duplicate(probability=0.30) | map_duplicate(probability=0.80) | map_noise(attribute=PT08.S5(O3), percentage=0.25) | map_noise(attribute=CO(GT), percentage=0.25) };8.69572e-01;0.00000e+00;5.72195e-01;Pipeline { filter(NOx(GT) < 250.0000) | map_duplicate(probability=0.90) }
datasets/airQuality_parallel.csv;nsga2;4;45;4500;4500;3.44187e+02;100;7;35;1.00000e+00;1.00000e+00;1.00000e+00;8.69572e-01;0.00000e+00;5.72195e-01;Pipeline { filter(NOx(GT) < 250.0000) | map_duplicate(probability=0.90) };7.61645e-01;1.00000e+00;1.00000e+00;Pipeline { map_noise(attribute=NOx(GT), percentage=0.10) | map_noise(attribute=NOx(GT), percentage=0.25) | map_noise(attribute=NMHC(GT), percentage=0.01) };7.61645e-01;1.00000e+00;1.00000e+00;Pipeline { map_noise(attribute=NOx(GT), percentage=0.10) | map_noise(attribute=NOx(GT), percentage=0.25) | map_noise(attribute=NMHC(GT), percentage=0.01) };8.29654e-01;2.76817e-02;4.27249e-01;Pipeline { filter(AH > 0.0093) | filter(PT08.S3(NOx) > 993.0000) | map_noise(attribute=NOx(GT), percentage=0.01) | filter(PT08.S1(CO) > 0.3300) | map_duplicate(probability=1.00) | map_noise(attribute=NMHC(GT), percentage=0.05) | map_duplicate(probability=0.30) | map_duplicate(probability=0.80) | map_noise(attribute=PT08.S3(NOx), percentage=0.01) | map_noise(attribute=CO(GT), percentage=0.25) };8.20118e-01;2.76817e-02;4.29742e-01;Pipeline { filter(AH > 0.0093) | filter(PT08.S3(NOx) > 993.0000) | map_noise(attribute=NOx(GT), percentage=0.01) | filter(PT08.S1(CO) > 0.3300) | map_duplicate(probability=1.00) | map_noise(attribute=NMHC(GT), percentage=0.01) | map_duplicate(probability=0.30) | map_duplicate(probability=0.80) | map_noise(attribute=PT08.S3(NOx), percentage=0.01) | map_noise(attribute=CO(GT), percentage=0.25) };8.69572e-01;0.00000e+00;5.72195e-01;Pipeline { filter(NOx(GT) < 250.0000) | map_duplicate(probability=0.90) }
datasets/airQuality_parallel.csv;nsga2;4;46;4600;4600;3.50411e+02;100;9;31;1.00000e+00;1.00000e+00;1.00000e+00;8.69572e-01;0.00000e+00;5.72195e-01;Pipeline { filter(NOx(GT) < 250.0000) | map_duplicate(probability=0.90) };7.61645e-01;1.00000e+00;1.00000e+00;Pipeline { map_noise(attribute=NOx(GT), percentage=0.10) | map_noise(attribute=NOx(GT), percentage=0.25) | map_noise(attribute=NMHC(GT), percentage=0.01) };7.61645e-01;1.00000e+00;1.00000e+00;Pipeline { map_noise(attribute=NOx(GT), percentage=0.10) | map_noise(attribute=NOx(GT), percentage=0.25) | map_noise(attribute=NMHC(GT), percentage=0.01) };8.30740e-01;2.08333e-02;6.08768e-01;Pipeline { filter(NOx(GT) < 290.0000) | map_duplicate(probability=0.80) };8.13668e-01;2.76817e-02;4.30435e-01;Pipeline { filter(AH > 0.0054) | filter(PT08.S3(NOx) > 997.0000) | map_noise(attribute=RH, percentage=0.10) | filter(AH > 0.0000) | map_duplicate(probability=1.00) | map_noise(attribute=CO(GT), percentage=0.10) | map_duplicate(probability=0.30) | map_duplicate(probability=0.80) | map_noise(attribute=PT08.S3(NOx), percentage=0.01) | map_noise(attribute=CO(GT), percentage=0.25) };8.50307e-01;0.00000e+00;5.80503e-01;Pipeline { filter(NOx(GT) < 260.0000) | map_duplicate(probability=0.80) }
datasets/airQuality_parallel.csv;nsga2;4;47;4700;4700;3.57065e+02;100;9;30;1.00000e+00;1.00000e+00;1.00000e+00;8.69572e-01;0.00000e+00;5.72195e-01;Pipeline { filter(NOx(GT) < 250.0000) | map_duplicate(probability=0.90) };7.61645e-01;1.00000e+00;1.00000e+00;Pipeline { map_noise(attribute=NOx(GT), percentage=0.10) | map_noise(attribute=NOx(GT), percentage=0.25) | map_noise(attribute=NMHC(GT), percentage=0.01) };7.61645e-01;1.00000e+00;1.00000e+00;Pipeline { map_noise(attribute=NOx(GT), percentage=0.10) | map_noise(attribute=NOx(GT), percentage=0.25) | map_noise(attribute=NMHC(GT), percentage=0.01) };8.30740e-01;2.08333e-02;6.08768e-01;Pipeline { filter(NOx(GT) < 290.0000) | map_duplicate(probability=0.80) };8.01107e-01;2.76817e-02;4.29628e-01;Pipeline { filter(AH > 0.0003) | filter(PT08.S3(NOx) > 997.0000) | map_noise(attribute=RH, percentage=0.01) | filter(PT08.S1(CO) > 98.0000) | map_duplicate(probability=1.00) | map_noise(attribute=CO(GT), percentage=0.25) | map_duplicate(probability=0.30) | map_duplicate(probability=0.80) | map_noise(attribute=NOx(GT), percentage=0.25) | map_noise(attribute=CO(GT), percentage=0.25) };8.50307e-01;0.00000e+00;5.80503e-01;Pipeline { filter(NOx(GT) < 260.0000) | map_duplicate(probability=0.80) }
datasets/airQuality_parallel.csv;nsga2;4;48;4800;4800;3.64027e+02;100;11;26;1.00000e+00;1.00000e+00;1.00000e+00;8.69572e-01;0.00000e+00;5.72195e-01;Pipeline { filter(NOx(GT) < 250.0000) | map_duplicate(probability=0.90) };7.61645e-01;1.00000e+00;1.00000e+00;Pipeline { map_noise(attribute=NOx(GT), percentage=0.10) | map_noise(attribute=NOx(GT), percentage=0.25) | map_noise(attribute=NMHC(GT), percentage=0.01) };7.61645e-01;1.00000e+00;1.00000e+00;Pipeline { map_noise(attribute=NOx(GT), percentage=0.10) | map_noise(attribute=NOx(GT), percentage=0.25) | map_noise(attribute=NMHC(GT), percentage=0.01) };8.30971e-01;2.73973e-02;4.25506e-01;Pipeline { filter(PT08.S1(CO) > 0.0003) | filter(PT08.S3(NOx) > 993.0000) | map_noise(attribute=NOx(GT), percentage=0.25) | filter(PT08.S1(CO) > 0.0034) | map_duplicate(probability=1.00) | map_noise(attribute=NMHC(GT), percentage=0.01) | map_duplicate(probability=0.30) | map_duplicate(probability=0.80) | map_noise(attribute=PT08.S5(O3), percentage=0.10) | map_noise(attribute=CO(GT), percentage=0.25) };7.97132e-01;2.76817e-02;4.39473e-01;Pipeline { filter(AH > 0.0526) | filter(PT08.S3(NOx) > 997.0000) | map_noise(attribute=NMHC(GT), percentage=0.10) | filter(PT08.S1(CO) > 98.0000) | map_duplicate(probability=1.00) | map_noise(attribute=CO(GT), percentage=0.25) | map_duplicate(probability=0.30) | map_duplicate(probability=0.80) | map_noise(attribute=NOx(GT), percentage=0.25) | map_noise(attribute=CO(GT), percentage=0.25) };7.81648e-01;1.39373e-02;5.92217e-01;Pipeline { filter(NOx(GT) < 270.0000) | map_duplicate(probability=1.00) }
datasets/airQuality_parallel.csv;nsga2;4;49;4900;4900;3.70864e+02;100;9;7;1.00000e+00;1.00000e+00;1.00000e+00;8.69572e-01;0.00000e+00;5.72195e-01;Pipeline { filter(NOx(GT) < 250.0000) | map_duplicate(probability=0.90) };7.41322e-01;1.00000e+00;1.00000e+00;Pipeline { map_noise(attribute=PT08.S2(NMHC), percentage=0.01) | map_noise(attribute=NMHC(GT), percentage=0.25) };7.41322e-01;1.00000e+00;1.00000e+00;Pipeline { map_noise(attribute=PT08.S2(NMHC), percentage=0.01) | map_noise(attribute=NMHC(GT), percentage=0.25) };8.32625e-01;0.00000e+00;5.73936e-01;Pipeline { filter(NOx(GT) < 250.0000) | map_duplicate(probability=0.80) };7.95209e-01;2.76817e-02;4.41672e-01;Pipeline { filter(AH > 0.0033) | filter(PT08.S3(NOx) > 997.0000) | map_noise(attribute=NOx(GT), percentage=0.10) | filter(PT08.S2(NMHC) < 2380000.0000) | map_duplicate(probability=1.00) | map_noise(attribute=CO(GT), percentage=0.25) | map_duplicate(probability=0.30) | map_duplicate(probability=0.80) | map_noise(attribute=NMHC(GT), percentage=0.05) | map_noise(attribute=CO(GT), percentage=0.25) };8.05128e-01;1.39373e-02;6.01083e-01;Pipeline { filter(NOx(GT) < 280.0000) | map_duplicate(probability=0.90) }
datasets/airQuality_parallel.csv;nsga2;4;50;5000;5000;3.77719e+02;100;8;15;1.00000e+00;1.00000e+00;1.00000e+00;8.69572e-01;0.00000e+00;5.72195e-01;Pipeline { filter(NOx(GT) < 250.0000) | map_duplicate(probability=0.90) };7.50353e-01;1.00000e+00;1.00000e+00;Pipeline { map_noise(attribute=NOx(GT), percentage=0.10) | map_noise(attribute=NOx(GT), percentage=0.01) | map_noise(attribute=NO2(GT), percentage=0.01) };7.50353e-01;1.00000e+00;1.00000e+00;Pipeline { map_noise(attribute=NOx(GT), percentage=0.10) | map_noise(attribute=NOx(GT), percentage=0.01) | map_noise(attribute=NO2(GT), percentage=0.01) };8.33618e-01;2.76817e-02;4.25072e-01;Pipeline { filter(AH > 0.0003) | filter(PT08.S3(NOx) > 993.0000) | map_noise(attribute=NOx(GT), percentage=0.25) | filter(PT08.S1(CO) > 0.0034) | map_duplicate(probability=1.00) | map_noise(attribute=NMHC(GT), percentage=0.01) | map_duplicate(probability=0.30) | map_duplicate(probability=0.80) | map_noise(attribute=PT08.S5(O3), percentage=0.10) | map_noise(attribute=CO(GT), percentage=0.25) };8.15209e-01;2.76817e-02;4.28557e-01;Pipeline { filter(AH > 0.0053) | filter(PT08.S3(NOx) > 997.0000) | map_noise(attribute=NOx(GT), percentage=0.10) | filter(PT08.S1(CO) > 0.0058) | map_duplicate(probability=1.00) | map_noise(attribute=RH, percentage=0.25) | map_duplicate(probability=0.30) | map_duplicate(probability=0.80) | map_noise(attribute=NO2(GT), percentage=0.10) | map_noise(attribute=CO(GT), percentage=0.25) };7.89537e-01;1.39373e-02;6.01331e-01;Pipeline { filter(NOx(GT) < 280.0000) | map_duplicate(probability=0.60) }
datasets/airQuality_parallel.csv;nsga2;5;1;100;100;5.48600e+00;100;9;51;9.60000e-01;9.60000e-01;4.20000e-01;7.43654e-01;7.03214e-01;9.39442e-01;Pipeline { map_noise(attribute=NO2(GT), percentage=0.25) | filter(PT08.S5(O3) > 0.0880) };6.11232e-01;1.00000e+00;9.22858e-01;Pipeline { map_noise(attribute=AH, percentage=0.10) | filter(NO2(GT) > 0.0000) | map_noise(attribute=PT08.S3(NOx), percentage=0.25) | map_noise(attribute=RH, percentage=0.10) };7.41322e-01;1.00000e+00;1.00000e+00;Pipeline { map_noise(attribute=RH, percentage=0.01) };5.29993e-01;9.28328e-01;8.62420e-01;Pipeline { map_duplicate(probability=0.40) };7.28474e-01;9.00935e-01;9.51013e-01;Pipeline { filter(PT08.S5(O3) > 0.0000) | map_duplicate(probability=0.10) };4.60870e-01;9.39759e-01;7.95425e-01;Pipeline { map_duplicate(probability=0.60) }
datasets/airQuality_parallel.csv;nsga2;5;2;200;200;1.09630e+01;100;29;7;9.60000e-01;9.60000e-01;7.30000e-01;7.55252e-01;6.32768e-01;9.40708e-01;Pipeline { map_noise(attribute=T, percentage=0.25) | filter(PT08.S5(O3) > 0.0000) | map_noise(attribute=NO2(GT), percentage=0.25) | map_noise(attribute=PT08.S3(NOx), percentage=0.01) };6.11232e-01;1.00000e+00;9.22858e-01;Pipeline { map_noise(attribute=AH, percentage=0.10) | filter(NO2(GT) > 0.0000) | map_noise(attribute=PT08.S3(NOx), percentage=0.25) | map_noise(attribute=RH, percentage=0.10) };7.31079e-01;1.00000e+00;1.00000e+00;Pipeline { map_noise(attribute=PT08.S5(O3), percentage=0.25) };7.41322e-01;1.00000e+00;1.00000e+00;Pipeline { map_noise(attribute=PT08.S1(CO), percentage=0.05) };7.41322e-01;1.00000e+00;1.00000e+00;Pipeline { map_noise(attribute=PT08.S3(NOx), percentage=0.01) };7.41322e-01;1.00000e+00;1.00000e+00;Pipeline { map_noise(attribute=PT08.S5(O3), percentage=0.10) }
datasets/airQuality_parallel.csv;nsga2;5;3;300;300;1.59330e+01;100;3;8;9.80000e-01;9.80000e-01;5.30000e-01;7.64375e-01;9.36567e-01;9.49204e-01;Pipeline { map_noise(attribute=C6H6(GT), percentage=0.25) | filter(PT08.S5(O3) > 0.0870) };6.11232e-01;1.00000e+00;9.22858e-01;Pipeline { map_noise(attribute=AH, percentage=0.10) | filter(NO2(GT) > 0.0000) | map_noise(attribute=PT08.S3(NOx), percentage=0.25) | map_noise(attribute=RH, percentage=0.10) };6.23457e-01;1.00000e+00;1.00000e+00;Pipeline { map_noise(attribute=NOx(GT), percentage=0.25) };7.41322e-01;1.00000e+00;1.00000e+00;Pipeline { map_noise(attribute=RH, percentage=0.25) };7.41322e-01;1.00000e+00;1.00000e+00;Pipeline { map_noise(attribute=PT08.S2(NMHC), percentage=0.25) };7.41322e-01;1.00000e+00;1.00000e+00;Pipeline { map_noise(attribute=T, percentage=0.10) }
datasets/airQuality_parallel.csv;nsga2;5;4;400;400;1.94450e+01;100;3;2;9.80000e-01;9.80000e-01;5.50000e-01;7.64375e-01;9.36567e-01;9.49204e-01;Pipeline { map_noise(attribute=C6H6(GT), percentage=0.25) | filter(PT08.S5(O3) > 0.0870) };6.23457e-01;1.00000e+00;1.00000e+00;Pipeline { map_noise(attribute=NOx(GT), percentage=0.25) };6.23457e-01;1.00000e+00;1.00000e+00;Pipeline { map_noise(attribute=NOx(GT), percentage=0.25) };7.43844e-01;9.36567e-01;9.49309e-01;Pipeline { map_noise(attribute=NO2(GT), percentage=0.10) | filter(PT08.S5(O3) > 0.0880) };7.41322e-01;1.00000e+00;1.00000e+00;Pipeline { map_noise(attribute=T, percentage=0.10) };7.41322e-01;1.00000e+00;1.00000e+00;Pipeline { map_noise(attribute=T, percentage=0.10) }
datasets/airQuality_parallel.csv;nsga2;5;5;500;500;2.33390e+01;100;3;2;9.80000e-01;9.80000e-01;4.00000e-01;7.64375e-01;9.36567e-01;9.49204e-01;Pipeline { map_noise(attribute=C6H6(GT), percentage=0.25) | filter(PT08.S5(O3) > 0.0870) };7.38793e-01;1.00000e+00;1.00000e+00;Pipeline { map_noise(attribute=NOx(GT), percentage=0.25) | map_noise(attribute=C6H6(GT), percentage=0.10) };7.38793e-01;1.00000e+00;1.00000e+00;Pipeline { map_noise(attribute=NOx(GT), percentage=0.25) | map_noise(attribute=C6H6(GT), percentage=0.10) };7.49185e-01;1.00000e+00;1.00000e+00;Pipeline { map_noise(attribute=NOx(GT), percentage=0.05) | map_noise(attribute=NOx(GT), percentage=0.10) };7.41322e-01;1.00000e+00;1.00000e+00;Pipeline { map_noise(attribute=PT08.S5(O3), percentage=0.10) };7.41322e-01;1.00000e+00;1.00000e+00;Pipeline { map_noise(attribute=PT08.S5(O3), percentage=0.10) }
datasets/airQuality_parallel.csv;nsga2;5;6;600;600;2.72520e+01;100;3;61;1.00000e+00;1.00000e+00;4.10000e-01;7.64375e-01;9.36567e-01;9.49204e-01;Pipeline { map_noise(attribute=C6H6(GT), percentage=0.25) | filter(PT08.S5(O3) > 0.0870) };7.41322e-01;1.00000e+00;1.00000e+00;Pipeline { map_noise(attribute=RH, percentage=0.10) };7.41322e-01;1.00000e+00;1.00000e+00;Pipeline { map_noise(attribute=RH, percentage=0.10) };7.52011e-01;1.00000e+00;1.00000e+00;Pipeline { map_noise(attribute=NOx(GT), percentage=0.10) | map_noise(attribute=NOx(GT), percentage=0.10) };7.41322e-01;1.00000e+00;1.00000e+00;Pipeline { map_noise(attribute=C6H6(GT), percentage=0.10) | map_noise(attribute=RH, percentage=0.10) };7.41322e-01;1.00000e+00;1.00000e+00;Pipeline { map_noise(attribute=C6H6(GT), percentage=0.10) | map_noise(attribute=RH, percentage=0.10) }
datasets/airQuality_parallel.csv;nsga2;5;7;700;700;3.14290e+01;100;3;50;1.00000e+00;1.00000e+00;5.30000e-01;7.64375e-01;9.36567e-01;9.49204e-01;Pipeline { map_noise(attribute=C6H6(GT), percentage=0.25) | filter(PT08.S5(O3) > 0.0870) };7.41322e-01;1.00000e+00;1.00000e+00;Pipeline { map_noise(attribute=PT08.S5(O3), percentage=0.05) | map_noise(attribute=T, percentage=0.10) };7.41401e-01;9.89474e-01;1.00000e+00;Pipeline { map_noise(attribute=C6H6(GT), percentage=0.10) | map_noise(attribute=NO2(GT), percentage=0.10) };7.53686e-01;6.34146e-01;9.44262e-01;Pipeline { map_noise(attribute=T, percentage=0.25) | filter(PT08.S5(O3) > 0.0000) | map_noise(attribute=NO2(GT), percentage=0.25) | map_noise(attribute=T, percentage=0.01) };7.41322e-01;1.00000e+00;1.00000e+00;Pipeline { map_noise(attribute=T, percentage=0.05) | map_noise(attribute=NMHC(GT), percentage=0.25) };7.41322e-01;1.00000e+00;1.00000e+00;Pipeline { map_noise(attribute=RH, percentage=0.10) | map_noise(attribute=AH, percentage=0.05) }
datasets/airQuality_parallel.csv;nsga2;5;8;800;800;3.58310e+01;100;3;27;1.00000e+00;1.00000e+00;7.60000e-01;7.73853e-01;9.91213e-01;9.77778e-01;Pipeline { map_noise(attribute=NOx(GT), percentage=0.10) | map_noise(attribute=NO2(GT), percentage=0.10) };7.41322e-01;1.00000e+00;1.00000e+00;Pipeline { map_noise(attribute=RH, percentage=0.10) };7.41401e-01;9.89474e-01;1.00000e+00;Pipeline { map_noise(attribute=C6H6(GT), percentage=0.10) | map_noise(attribute=NO2(GT), percentage=0.10) };7.55860e-01;1.00000e+00;1.00000e+00;Pipeline { map_noise(attribute=NOx(GT), percentage=0.25) | map_noise(attribute=NMHC(GT), percentage=0.05) };7.41322e-01;1.00000e+00;1.00000e+00;Pipeline { map_noise(attribute=T, percentage=0.25) | map_noise(attribute=NMHC(GT), percentage=0.01) };7.41322e-01;1.00000e+00;1.00000e+00;Pipeline { map_noise(attribute=PT08.S5(O3), percentage=0.05) | map_noise(attribute=T, percentage=0.10) }
datasets/airQuality_parallel.csv;nsga2;5;9;900;900;3.98700e+01;100;3;2;1.00000e+00;1.00000e+00;1.00000e+00;7.73853e-01;9.91213e-01;9.77778e-01;Pipeline { map_noise(attribute=NOx(GT), percentage=0.10) | map_noise(attribute=NO2(GT), percentage=0.10) };7.41424e-01;1.00000e+00;1.00000e+00;Pipeline { map_noise(attribute=C6H6(GT), percentage=0.25) | map_noise(attribute=NO2(GT), percentage=0.01) };7.41424e-01;1.00000e+00;1.00000e+00;Pipeline { map_noise(attribute=C6H6(GT), percentage=0.25) | map_noise(attribute=NO2(GT), percentage=0.01) };7.57281e-01;6.59176e-01;9.40157e-01;Pipeline { map_noise(attribute=NO2(GT), percentage=0.25) | filter(PT08.S5(O3) > 0.0680) };7.52011e-01;1.00000e+00;1.00000e+00;Pipeline { map_noise(attribute=NOx(GT), percentage=0.10) | map_noise(attribute=NOx(GT), percentage=0.10) };7.52011e-01;1.00000e+00;1.00000e+00;Pipeline { map_noise(attribute=NOx(GT), percentage=0.10) | map_noise(attribute=NOx(GT), percentage=0.10) }
datasets/airQuality_parallel.csv;nsga2;5;10;1000;1000;4.38080e+01;100;3;3;1.00000e+00;1.00000e+00;1.00000e+00;7.73853e-01;9.91213e-01;9.77778e-01;Pipeline { map_noise(attribute=NOx(GT), percentage=0.10) | map_noise(attribute=NO2(GT), percentage=0.10) };7.43651e-01;1.00000e+00;1.00000e+00;Pipeline { map_noise(attribute=NO2(GT), percentage=0.01) };7.43651e-01;1.00000e+00;1.00000e+00;Pipeline { map_noise(attribute=NO2(GT), percentage=0.01) };7.58368e-01;9.36567e-01;9.49204e-01;Pipeline { map_noise(attribute=NMHC(GT), percentage=0.25) | map_noise(attribute=PT08.S4(NO2), percentage=0.10) | filter(PT08.S2(NMHC) > 0.0000) };7.52011e-01;1.00000e+00;1.00000e+00;Pipeline { map_noise(attribute=NOx(GT), percentage=0.10) | map_noise(attribute=NOx(GT), percentage=0.10) };7.52011e-01;1.00000e+00;1.00000e+00;Pipeline { map_noise(attribute=NOx(GT), percentage=0.10) | map_noise(attribute=NOx(GT), percentage=0.10) }
datasets/airQuality_parallel.csv;nsga2;5;11;1100;1100;4.73700e+01;100;3;4;1.00000e+00;1.00000e+00;1.00000e+00;7.73853e-01;9.91213e-01;9.77778e-01;Pipeline { map_noise(attribute=NOx(GT), percentage=0.10) | map_noise(attribute=NO2(GT), percentage=0.10) };7.44651e-01;1.00000e+00;1.00000e+00;Pipeline { map_noise(attribute=NOx(GT), percentage=0.25) | map_noise(attribute=PT08.S2(NMHC), percentage=0.05) };7.44651e-01;1.00000e+00;1.00000e+00;Pipeline { map_noise(attribute=NOx(GT), percentage=0.25) | map_noise(attribute=PT08.S2(NMHC), percentage=0.05) };7.58554e-01;9.27103e-01;9.44556e-01;Pipeline { map_noise(attribute=NO2(GT), percentage=0.10) | filter(AH < 79.3000) | map_noise(attribute=PT08.S2(NMHC), percentage=0.10) };7.54522e-01;1.00000e+00;1.00000e+00;Pipeline { map_noise(attribute=PT08.S2(NMHC), percentage=0.01) | map_noise(attribute=NOx(GT), percentage=0.10) };7.54522e-01;1.00000e+00;1.00000e+00;Pipeline { map_noise(attribute=PT08.S2(NMHC), percentage=0.01) | map_noise(attribute=NOx(GT), percentage=0.10) }
datasets/airQuality_parallel.csv;nsga2;5;12;1200;1200;5.10800e+01;100;2;2;1.00000e+00;1.00000e+00;1.00000e+00;7.73853e-01;9.91213e-01;9.77778e-01;Pipeline { map_noise(attribute=NOx(GT), percentage=0.10) | map_noise(attribute=NO2(GT), percentage=0.10) };7.46368e-01;1.00000e+00;1.00000e+00;Pipeline { map_noise(attribute=NOx(GT), percentage=0.10) | map_noise(attribute=PT08.S1(CO), percentage=0.10) };7.46368e-01;1.00000e+00;1.00000e+00;Pipeline { map_noise(attribute=NOx(GT), percentage=0.10) | map_noise(attribute=PT08.S1(CO), percentage=0.10) };7.59903e-01;9.36567e-01;9.49204e-01;Pipeline { filter(PT08.S1(CO) > 0.0000) | map_noise(attribute=PT08.S4(NO2), percentage=0.25) };7.54522e-01;1.00000e+00;1.00000e+00;Pipeline { map_noise(attribute=PT08.S2(NMHC), percentage=0.01) | map_noise(attribute=NOx(GT), percentage=0.10) };7.54522e-01;1.00000e+00;1.00000e+00;Pipeline { map_noise(attribute=PT08.S2(NMHC), percentage=0.01) | map_noise(attribute=NOx(GT), percentage=0.10) }
datasets/airQuality_parallel.csv;nsga2;5;13;1300;1300;5.49860e+01;100;2;3;1.00000e+00;1.00000e+00;1.00000e+00;7.73853e-01;9.91213e-01;9.77778e-01;Pipeline { map_noise(attribute=NOx(GT), percentage=0.10) | map_noise(attribute=NO2(GT), percentage=0.10) };7.47665e-01;1.00000e+00;1.00000e+00;Pipeline { map_noise(attribute=T, percentage=0.25) | map_noise(attribute=NOx(GT), percentage=0.10) };7.47665e-01;1.00000e+00;1.00000e+00;Pipeline { map_noise(attribute=T, percentage=0.25) | map_noise(attribute=NOx(GT), percentage=0.10) };7.60401e-01;6.71698e-01;9.39498e-01;Pipeline { map_noise(attribute=PT08.S3(NOx), percentage=0.10) | filter(PT08.S5(O3) > 0.0000) | map_noise(attribute=NO2(GT), percentage=0.25) | map_noise(attribute=RH, percentage=0.01) };7.54522e-01;1.00000e+00;1.00000e+00;Pipeline { map_noise(attribute=PT08.S2(NMHC), percentage=0.01) | map_noise(attribute=NOx(GT), percentage=0.10) };7.54522e-01;1.00000e+00;1.00000e+00;Pipeline { map_noise(attribute=PT08.S2(NMHC), percentage=0.01) | map_noise(attribute=NOx(GT), percentage=0.10) }
datasets/airQuality_parallel.csv;nsga2;5;14;1400;1400;5.90900e+01;100;2;3;1.00000e+00;1.00000e+00;1.00000e+00;7.73853e-01;9.91213e-01;9.77778e-01;Pipeline { map_noise(attribute=NOx(GT), percentage=0.10) | map_noise(attribute=NO2(GT), percentage=0.10) };7.47900e-01;1.00000e+00;1.00000e+00;Pipeline { map_noise(attribute=RH, percentage=0.05) | map_noise(attribute=NOx(GT), percentage=0.25) };7.47900e-01;1.00000e+00;1.00000e+00;Pipeline { map_noise(attribute=RH, percentage=0.05) | map_noise(attribute=NOx(GT), percentage=0.25) };7.60828e-01;9.36567e-01;9.49204e-01;Pipeline { filter(PT08.S4(NO2) > 0.0000) | map_noise(attribute=PT08.S4(NO2), percentage=0.25) };7.53582e-01;1.00000e+00;1.00000e+00;Pipeline { map_noise(attribute=NOx(GT), percentage=0.10) | map_noise(attribute=AH, percentage=0.10) };7.53582e-01;1.00000e+00;1.00000e+00;Pipeline { map_noise(attribute=NOx(GT), percentage=0.10) | map_noise(attribute=AH, percentage=0.10) }
datasets/airQuality_parallel.csv;nsga2;5;15;1500;1500;6.30790e+01;100;2;6;1.00000e+00;1.00000e+00;1.00000e+00;7.73853e-01;9.91213e-01;9.77778e-01;Pipeline { map_noise(attribute=NOx(GT), percentage=0.10) | map_noise(attribute=NO2(GT), percentage=0.10) };7.48204e-01;1.00000e+00;1.00000e+00;Pipeline { map_noise(attribute=RH, percentage=0.25) | map_noise(attribute=NOx(GT), percentage=0.10) };7.48204e-01;1.00000e+00;1.00000e+00;Pipeline { map_noise(attribute=RH, percentage=0.25) | map_noise(attribute=NOx(GT), percentage=0.10) };7.61515e-01;9.36567e-01;9.49204e-01;Pipeline { filter(PT08.S1(CO) > 0.0000) | map_noise(attribute=PT08.S4(NO2), percentage=0.10) };7.54504e-01;1.00000e+00;1.00000e+00;Pipeline { map_noise(attribute=NMHC(GT), percentage=0.05) | map_noise(attribute=NOx(GT), percentage=0.10) };7.54504e-01;1.00000e+00;1.00000e+00;Pipeline { map_noise(attribute=NMHC(GT), percentage=0.05) | map_noise(attribute=NOx(GT), percentage=0.10) }
datasets/airQuality_parallel.csv;nsga2;5;16;1600;1600;6.75750e+01;100;2;1;1.00000e+00;1.00000e+00;1.00000e+00;7.73853e-01;9.91213e-01;9.77778e-01;Pipeline { map_noise(attribute=NOx(GT), percentage=0.10) | map_noise(attribute=NO2(GT), percentage=0.10) };7.48620e-01;1.00000e+00;1.00000e+00;Pipeline { map_noise(attribute=NOx(GT), percentage=0.25) | map_noise(attribute=PT08.S1(CO), percentage=0.05) };7.48620e-01;1.00000e+00;1.00000e+00;Pipeline { map_noise(attribute=NOx(GT), percentage=0.25) | map_noise(attribute=PT08.S1(CO), percentage=0.05) };7.61739e-01;9.36567e-01;9.49204e-01;Pipeline { map_noise(attribute=C6H6(GT), percentage=0.25) | filter(PT08.S5(O3) > 0.0024) };7.53089e-01;1.00000e+00;1.00000e+00;Pipeline { map_noise(attribute=PT08.S4(NO2), percentage=0.10) | map_noise(attribute=NOx(GT), percentage=0.10) };7.53089e-01;1.00000e+00;1.00000e+00;Pipeline { map_noise(attribute=PT08.S4(NO2), percentage=0.10) | map_noise(attribute=NOx(GT), percentage=0.10) }
datasets/airQuality_parallel.csv;nsga2;5;17;1700;1700;7.19070e+01;100;3;2;1.00000e+00;1.00000e+00;1.00000e+00;7.76613e-01;5.21061e-01;6.58096e-01;Pipeline { map_noise(attribute=CO(GT), percentage=0.25) | map_noise(attribute=PT08.S2(NMHC), percentage=0.10) };7.49188e-01;1.00000e+00;1.00000e+00;Pipeline { map_noise(attribute=PT08.S4(NO2), percentage=0.25) | map_noise(attribute=NOx(GT), percentage=0.10) };7.49188e-01;1.00000e+00;1.00000e+00;Pipeline { map_noise(attribute=PT08.S4(NO2), percentage=0.25) | map_noise(attribute=NOx(GT), percentage=0.10) };7.61882e-01;8.66438e-01;8.83799e-01;Pipeline { map_noise(attribute=CO(GT), percentage=0.10) };7.53582e-01;1.00000e+00;1.00000e+00;Pipeline { map_noise(attribute=NOx(GT), percentage=0.10) | map_noise(attribute=AH, percentage=0.10) };7.53582e-01;1.00000e+00;1.00000e+00;Pipeline { map_noise(attribute=NOx(GT), percentage=0.10) | map_noise(attribute=AH, percentage=0.10) }
datasets/airQuality_parallel.csv;nsga2;5;18;1800;1800;7.55720e+01;100;3;2;1.00000e+00;1.00000e+00;1.00000e+00;7.76613e-01;5.21061e-01;6.58096e-01;Pipeline { map_noise(attribute=CO(GT), percentage=0.25) | map_noise(attribute=PT08.S2(NMHC), percentage=0.10) };7.49267e-01;1.00000e+00;1.00000e+00;Pipeline { map_noise(attribute=NOx(GT), percentage=0.10) | map_noise(attribute=C6H6(GT), percentage=0.25) };7.49267e-01;1.00000e+00;1.00000e+00;Pipeline { map_noise(attribute=NOx(GT), percentage=0.10) | map_noise(attribute=C6H6(GT), percentage=0.25) };7.62135e-01;9.36567e-01;9.49204e-01;Pipeline { filter(PT08.S4(NO2) > 0.0000) | map_noise(attribute=PT08.S4(NO2), percentage=0.25) };7.53582e-01;1.00000e+00;1.00000e+00;Pipeline { map_noise(attribute=NOx(GT), percentage=0.10) | map_noise(attribute=AH, percentage=0.10) };7.53582e-01;1.00000e+00;1.00000e+00;Pipeline { map_noise(attribute=NOx(GT), percentage=0.10) | map_noise(attribute=AH, percentage=0.10) }
datasets/airQuality_parallel.csv;nsga2;5;19;1900;1900;8.03430e+01;100;3;1;1.00000e+00;1.00000e+00;1.00000e+00;7.76613e-01;5.21061e-01;6.58096e-01;Pipeline { map_noise(attribute=CO(GT), percentage=0.25) | map_noise(attribute=PT08.S2(NMHC), percentage=0.10) };7.49550e-01;1.00000e+00;1.00000e+00;Pipeline { map_noise(attribute=RH, percentage=0.05) | map_noise(attribute=NOx(GT), percentage=0.10) };7.49550e-01;1.00000e+00;1.00000e+00;Pipeline { map_noise(attribute=RH, percentage=0.05) | map_noise(attribute=NOx(GT), percentage=0.10) };7.62706e-01;9.36567e-01;9.49204e-01;Pipeline { filter(PT08.S5(O3) > 0.0000) | map_noise(attribute=PT08.S4(NO2), percentage=0.25) };7.53582e-01;1.00000e+00;1.00000e+00;Pipeline { map_noise(attribute=NOx(GT), percentage=0.10) | map_noise(attribute=AH, percentage=0.10) };7.53582e-01;1.00000e+00;1.00000e+00;Pipeline { map_noise(attribute=NOx(GT), percentage=0.10) | map_noise(attribute=AH, percentage=0.10) }
datasets/airQuality_parallel.csv;nsga2;5;20;2000;2000;8.45480e+01;100;3;4;1.00000e+00;1.00000e+00;1.00000e+00;7.76613e-01;5.21061e-01;6.58096e-01;Pipeline { map_noise(attribute=CO(GT), percentage=0.25) | map_noise(attribute=PT08.S2(NMHC), percentage=0.10) };7.50084e-01;1.00000e+00;1.00000e+00;Pipeline { map_noise(attribute=T, percentage=0.05) | map_noise(attribute=NOx(GT), percentage=0.10) };7.50084e-01;1.00000e+00;1.00000e+00;Pipeline { map_noise(attribute=T, percentage=0.05) | map_noise(attribute=NOx(GT), percentage=0.10) };7.62750e-01;6.28037e-01;9.42702e-01;Pipeline { map_noise(attribute=T, percentage=0.25) | filter(PT08.S5(O3) > 177.0000) | map_noise(attribute=NO2(GT), percentage=0.25) | map_noise(attribute=PT08.S3(NOx), percentage=0.01) };7.54504e-01;1.00000e+00;1.00000e+00;Pipeline { map_noise(attribute=NMHC(GT), percentage=0.05) | map_noise(attribute=NOx(GT), percentage=0.10) };7.54504e-01;1.00000e+00;1.00000e+00;Pipeline { map_noise(attribute=NMHC(GT), percentage=0.05) | map_noise(attribute=NOx(GT), percentage=0.10) }
datasets/airQuality_parallel.csv;nsga2;5;21;2100;2100;8.93900e+01;100;3;3;1.00000e+00;1.00000e+00;1.00000e+00;7.76613e-01;5.21061e-01;6.58096e-01;Pipeline { map_noise(attribute=CO(GT), percentage=0.25) | map_noise(attribute=PT08.S2(NMHC), percentage=0.10) };7.50466e-01;1.00000e+00;1.00000e+00;Pipeline { map_noise(attribute=NOx(GT), percentage=0.10) | map_noise(attribute=PT08.S4(NO2), percentage=0.01) };7.50466e-01;1.00000e+00;1.00000e+00;Pipeline { map_noise(attribute=NOx(GT), percentage=0.10) | map_noise(attribute=PT08.S4(NO2), percentage=0.01) };7.62959e-01;9.36567e-01;9.49204e-01;Pipeline { map_noise(attribute=PT08.S4(NO2), percentage=0.25) | filter(PT08.S5(O3) > 0.0094) };7.54522e-01;1.00000e+00;1.00000e+00;Pipeline { map_noise(attribute=PT08.S2(NMHC), percentage=0.01) | map_noise(attribute=NOx(GT), percentage=0.10) };7.54522e-01;1.00000e+00;1.00000e+00;Pipeline { map_noise(attribute=PT08.S2(NMHC), percentage=0.01) | map_noise(attribute=NOx(GT), percentage=0.10) }
datasets/airQuality_parallel.csv;nsga2;5;22;2200;2200;9.34320e+01;100;3;2;1.00000e+00;1.00000e+00;1.00000e+00;7.76613e-01;5.21061e-01;6.58096e-01;Pipeline { map_noise(attribute=CO(GT), percentage=0.25) | map_noise(attribute=PT08.S2(NMHC), percentage=0.10) };7.50751e-01;1.00000e+00;1.00000e+00;Pipeline { map_noise(attribute=PT08.S2(NMHC), percentage=0.25) | map_noise(attribute=NOx(GT), percentage=0.10) };7.50751e-01;1.00000e+00;1.00000e+00;Pipeline { map_noise(attribute=PT08.S2(NMHC), percentage=0.25) | map_noise(attribute=NOx(GT), percentage=0.10) };7.63032e-01;9.36567e-01;9.49204e-01;Pipeline { map_noise(attribute=C6H6(GT), percentage=0.25) | filter(PT08.S5(O3) > 0.0081) };7.54706e-01;1.00000e+00;1.00000e+00;Pipeline { map_noise(attribute=PT08.S5(O3), percentage=0.25) | map_noise(attribute=NOx(GT), percentage=0.25) };7.54706e-01;1.00000e+00;1.00000e+00;Pipeline { map_noise(attribute=PT08.S5(O3), percentage=0.25) | map_noise(attribute=NOx(GT), percentage=0.25) }
datasets/airQuality_parallel.csv;nsga2;5;23;2300;2300;9.74220e+01;100;3;2;1.00000e+00;1.00000e+00;1.00000e+00;7.76613e-01;5.21061e-01;6.58096e-01;Pipeline { map_noise(attribute=CO(GT), percentage=0.25) | map_noise(attribute=PT08.S2(NMHC), percentage=0.10) };7.51014e-01;1.00000e+00;1.00000e+00;Pipeline { map_noise(attribute=NOx(GT), percentage=0.10) | map_noise(attribute=PT08.S4(NO2), percentage=0.25) };7.51014e-01;1.00000e+00;1.00000e+00;Pipeline { map_noise(attribute=NOx(GT), percentage=0.10) | map_noise(attribute=PT08.S4(NO2), percentage=0.25) };7.63032e-01;9.36567e-01;9.49204e-01;Pipeline { map_noise(attribute=C6H6(GT), percentage=0.25) | filter(PT08.S5(O3) > 0.0081) };7.55433e-01;1.00000e+00;1.00000e+00;Pipeline { map_noise(attribute=NOx(GT), percentage=0.10) | map_noise(attribute=NMHC(GT), percentage=0.10) };7.55433e-01;1.00000e+00;1.00000e+00;Pipeline { map_noise(attribute=NOx(GT), percentage=0.10) | map_noise(attribute=NMHC(GT), percentage=0.10) }
datasets/airQuality_parallel.csv;nsga2;5;24;2400;2400;1.02428e+02;100;3;2;1.00000e+00;1.00000e+00;1.00000e+00;7.76613e-01;5.21061e-01;6.58096e-01;Pipeline { map_noise(attribute=CO(GT), percentage=0.25) | map_noise(attribute=PT08.S2(NMHC), percentage=0.10) };7.51072e-01;1.00000e+00;1.00000e+00;Pipeline { map_noise(attribute=NOx(GT), percentage=0.10) | map_noise(attribute=PT08.S1(CO), percentage=0.05) };7.51072e-01;1.00000e+00;1.00000e+00;Pipeline { map_noise(attribute=NOx(GT), percentage=0.10) | map_noise(attribute=PT08.S1(CO), percentage=0.05) };7.63307e-01;9.36567e-01;9.49204e-01;Pipeline { map_noise(attribute=C6H6(GT), percentage=0.25) | filter(PT08.S5(O3) > 0.0001) };7.55860e-01;1.00000e+00;1.00000e+00;Pipeline { map_noise(attribute=NOx(GT), percentage=0.25) | map_noise(attribute=NMHC(GT), percentage=0.05) };7.55860e-01;1.00000e+00;1.00000e+00;Pipeline { map_noise(attribute=NOx(GT), percentage=0.25) | map_noise(attribute=NMHC(GT), percentage=0.05) }
datasets/airQuality_parallel.csv;nsga2;5;25;2500;2500;1.06507e+02;100;3;1;1.00000e+00;1.00000e+00;1.00000e+00;7.76613e-01;5.21061e-01;6.58096e-01;Pipeline { map_noise(attribute=CO(GT), percentage=0.25) | map_noise(attribute=PT08.S2(NMHC), percentage=0.10) };7.51296e-01;1.00000e+00;1.00000e+00;Pipeline { map_noise(attribute=NOx(GT), percentage=0.10) | map_noise(attribute=PT08.S3(NOx), percentage=0.01) };7.51296e-01;1.00000e+00;1.00000e+00;Pipeline { map_noise(attribute=NOx(GT), percentage=0.10) | map_noise(attribute=PT08.S3(NOx), percentage=0.01) };7.63307e-01;9.36567e-01;9.49204e-01;Pipeline { map_noise(attribute=C6H6(GT), percentage=0.25) | filter(PT08.S5(O3) > 0.0001) };7.55897e-01;1.00000e+00;1.00000e+00;Pipeline { map_noise(attribute=NOx(GT), percentage=0.25) | map_noise(attribute=PT08.S4(NO2), percentage=0.25) };7.55897e-01;1.00000e+00;1.00000e+00;Pipeline { map_noise(attribute=NOx(GT), percentage=0.25) | map_noise(attribute=PT08.S4(NO2), percentage=0.25) }
datasets/airQuality_parallel.csv;nsga2;5;26;2600;2600;1.10234e+02;100;3;2;1.00000e+00;1.00000e+00;1.00000e+00;7.76613e-01;5.21061e-01;6.58096e-01;Pipeline { map_noise(attribute=CO(GT), percentage=0.25) | map_noise(attribute=PT08.S2(NMHC), percentage=0.10) };7.50124e-01;1.00000e+00;1.00000e+00;Pipeline { map_noise(attribute=NOx(GT), percentage=0.10) | map_noise(attribute=C6H6(GT), percentage=0.10) };7.50124e-01;1.00000e+00;1.00000e+00;Pipeline { map_noise(attribute=NOx(GT), percentage=0.10) | map_noise(attribute=C6H6(GT), percentage=0.10) };7.63619e-01;9.36567e-01;9.49204e-01;Pipeline { map_noise(attribute=C6H6(GT), percentage=0.25) | filter(PT08.S5(O3) > 0.8700) };7.55860e-01;1.00000e+00;1.00000e+00;Pipeline { map_noise(attribute=NOx(GT), percentage=0.25) | map_noise(attribute=NMHC(GT), percentage=0.05) };7.55860e-01;1.00000e+00;1.00000e+00;Pipeline { map_noise(attribute=NOx(GT), percentage=0.25) | map_noise(attribute=NMHC(GT), percentage=0.05) }
datasets/airQuality_parallel.csv;nsga2;5;27;2700;2700;1.13968e+02;100;3;2;1.00000e+00;1.00000e+00;1.00000e+00;7.76613e-01;5.21061e-01;6.58096e-01;Pipeline { map_noise(attribute=CO(GT), percentage=0.25) | map_noise(attribute=PT08.S2(NMHC), percentage=0.10) };7.51617e-01;1.00000e+00;1.00000e+00;Pipeline { map_noise(attribute=NOx(GT), percentage=0.10) | map_noise(attribute=T, percentage=0.25) };7.51617e-01;1.00000e+00;1.00000e+00;Pipeline { map_noise(attribute=NOx(GT), percentage=0.10) | map_noise(attribute=T, percentage=0.25) };7.63693e-01;1.00000e+00;1.00000e+00;Pipeline { map_noise(attribute=NOx(GT), percentage=0.10) | map_noise(attribute=PT08.S2(NMHC), percentage=0.25) };7.55897e-01;1.00000e+00;1.00000e+00;Pipeline { map_noise(attribute=NOx(GT), percentage=0.25) | map_noise(attribute=PT08.S4(NO2), percentage=0.25) };7.55897e-01;1.00000e+00;1.00000e+00;Pipeline { map_noise(attribute=NOx(GT), percentage=0.25) | map_noise(attribute=PT08.S4(NO2), percentage=0.25) }
datasets/airQuality_parallel.csv;nsga2;5;28;2800;2800;1.17672e+02;100;3;1;1.00000e+00;1.00000e+00;1.00000e+00;7.76613e-01;5.21061e-01;6.58096e-01;Pipeline { map_noise(attribute=CO(GT), percentage=0.25) | map_noise(attribute=PT08.S2(NMHC), percentage=0.10) };7.51724e-01;1.00000e+00;1.00000e+00;Pipeline { map_noise(attribute=NOx(GT), percentage=0.10) | map_noise(attribute=PT08.S1(CO), percentage=0.01) };7.51724e-01;1.00000e+00;1.00000e+00;Pipeline { map_noise(attribute=NOx(GT), percentage=0.10) | map_noise(attribute=PT08.S1(CO), percentage=0.01) };7.64365e-01;6.31179e-01;9.34028e-01;Pipeline { map_noise(attribute=NO2(GT), percentage=0.25) | filter(PT08.S3(NOx) > 0.4660) };7.55927e-01;1.00000e+00;1.00000e+00;Pipeline { map_noise(attribute=T, percentage=0.01) | map_noise(attribute=NOx(GT), percentage=0.10) };7.55927e-01;1.00000e+00;1.00000e+00;Pipeline { map_noise(attribute=T, percentage=0.01) | map_noise(attribute=NOx(GT), percentage=0.10) }
datasets/airQuality_parallel.csv;nsga2;5;29;2900;2900;1.22095e+02;100;3;1;1.00000e+00;1.00000e+00;1.00000e+00;7.76613e-01;5.21061e-01;6.58096e-01;Pipeline { map_noise(attribute=CO(GT), percentage=0.25) | map_noise(attribute=PT08.S2(NMHC), percentage=0.10) };7.52006e-01;1.00000e+00;1.00000e+00;Pipeline { map_noise(attribute=NOx(GT), percentage=0.25) | map_noise(attribute=PT08.S2(NMHC), percentage=0.10) };7.52006e-01;1.00000e+00;1.00000e+00;Pipeline { map_noise(attribute=NOx(GT), percentage=0.25) | map_noise(attribute=PT08.S2(NMHC), percentage=0.10) };7.64471e-01;9.36567e-01;9.49204e-01;Pipeline { map_noise(attribute=NOx(GT), percentage=0.25) | filter(PT08.S5(O3) > 0.0001) };7.55941e-01;1.00000e+00;1.00000e+00;Pipeline { map_noise(attribute=NOx(GT), percentage=0.25) | map_noise(attribute=T, percentage=0.25) };7.55941e-01;1.00000e+00;1.00000e+00;Pipeline { map_noise(attribute=NOx(GT), percentage=0.25) | map_noise(attribute=T, percentage=0.25) }
datasets/airQuality_parallel.csv;nsga2;5;30;3000;3000;1.26689e+02;100;4;3;1.00000e+00;1.00000e+00;1.00000e+00;7.76613e-01;5.21061e-01;6.58096e-01;Pipeline { map_noise(attribute=CO(GT), percentage=0.25) | map_noise(attribute=PT08.S2(NMHC), percentage=0.10) };7.52011e-01;1.00000e+00;1.00000e+00;Pipeline { map_noise(attribute=NOx(GT), percentage=0.10) | map_noise(attribute=NOx(GT), percentage=0.10) };7.52011e-01;1.00000e+00;1.00000e+00;Pipeline { map_noise(attribute=NOx(GT), percentage=0.10) | map_noise(attribute=NOx(GT), percentage=0.10) };7.64958e-01;9.36567e-01;9.49204e-01;Pipeline { map_noise(attribute=C6H6(GT), percentage=0.25) | filter(PT08.S5(O3) > 0.0001) };7.56337e-01;1.00000e+00;1.00000e+00;Pipeline { map_noise(attribute=NOx(GT), percentage=0.25) | map_noise(attribute=PT08.S5(O3), percentage=0.05) };7.56337e-01;1.00000e+00;1.00000e+00;Pipeline { map_noise(attribute=NOx(GT), percentage=0.25) | map_noise(attribute=PT08.S5(O3), percentage=0.05) }
datasets/airQuality_parallel.csv;nsga2;5;31;3100;3100;1.30854e+02;100;4;2;1.00000e+00;1.00000e+00;1.00000e+00;7.76613e-01;5.21061e-01;6.58096e-01;Pipeline { map_noise(attribute=CO(GT), percentage=0.25) | map_noise(attribute=PT08.S2(NMHC), percentage=0.10) };7.52244e-01;1.00000e+00;1.00000e+00;Pipeline { map_noise(attribute=NOx(GT), percentage=0.10) | map_noise(attribute=NO2(GT), percentage=0.01) };7.52244e-01;1.00000e+00;1.00000e+00;Pipeline { map_noise(attribute=NOx(GT), percentage=0.10) | map_noise(attribute=NO2(GT), percentage=0.01) };7.65295e-01;9.36567e-01;9.49204e-01;Pipeline { map_noise(attribute=PT08.S2(NMHC), percentage=0.25) | filter(AH > 0.0010) };7.56639e-01;1.00000e+00;1.00000e+00;Pipeline { map_noise(attribute=NOx(GT), percentage=0.25) | map_noise(attribute=PT08.S2(NMHC), percentage=0.05) };7.56639e-01;1.00000e+00;1.00000e+00;Pipeline { map_noise(attribute=NOx(GT), percentage=0.25) | map_noise(attribute=PT08.S2(NMHC), percentage=0.05) }
datasets/airQuality_parallel.csv;nsga2;5;32;3200;3200;1.34621e+02;100;4;1;1.00000e+00;1.00000e+00;1.00000e+00;7.76613e-01;5.21061e-01;6.58096e-01;Pipeline { map_noise(attribute=CO(GT), percentage=0.25) | map_noise(attribute=PT08.S2(NMHC), percentage=0.10) };7.52244e-01;1.00000e+00;1.00000e+00;Pipeline { map_noise(attribute=NOx(GT), percentage=0.10) | map_noise(attribute=NO2(GT), percentage=0.01) };7.52244e-01;1.00000e+00;1.00000e+00;Pipeline { map_noise(attribute=NOx(GT), percentage=0.10) | map_noise(attribute=NO2(GT), percentage=0.01) };7.65295e-01;9.36567e-01;9.49204e-01;Pipeline { map_noise(attribute=PT08.S2(NMHC), percentage=0.25) | filter(AH > 0.0010) };7.56639e-01;1.00000e+00;1.00000e+00;Pipeline { map_noise(attribute=NOx(GT), percentage=0.25) | map_noise(attribute=PT08.S2(NMHC), percentage=0.05) };7.56639e-01;1.00000e+00;1.00000e+00;Pipeline { map_noise(attribute=NOx(GT), percentage=0.25) | map_noise(attribute=PT08.S2(NMHC), percentage=0.05) }
datasets/airQuality_parallel.csv;nsga2;5;33;3300;3300;1.38967e+02;100;4;1;1.00000e+00;1.00000e+00;1.00000e+00;7.76613e-01;5.21061e-01;6.58096e-01;Pipeline { map_noise(attribute=CO(GT), percentage=0.25) | map_noise(attribute=PT08.S2(NMHC), percentage=0.10) };7.52660e-01;1.00000e+00;1.00000e+00;Pipeline { map_noise(attribute=C6H6(GT), percentage=0.01) | map_noise(attribute=NOx(GT), percentage=0.10) };7.52660e-01;1.00000e+00;1.00000e+00;Pipeline { map_noise(attribute=C6H6(GT), percentage=0.01) | map_noise(attribute=NOx(GT), percentage=0.10) };7.65340e-01;9.36567e-01;9.49204e-01;Pipeline { map_noise(attribute=C6H6(GT), percentage=0.25) | filter(PT08.S5(O3) > 0.0001) };7.57730e-01;1.00000e+00;1.00000e+00;Pipeline { map_noise(attribute=NOx(GT), percentage=0.10) | map_noise(attribute=PT08.S2(NMHC), percentage=0.01) };7.57730e-01;1.00000e+00;1.00000e+00;Pipeline { map_noise(attribute=NOx(GT), percentage=0.10) | map_noise(attribute=PT08.S2(NMHC), percentage=0.01) }
datasets/airQuality_parallel.csv;nsga2;5;34;3400;3400;1.43176e+02;100;4;3;1.00000e+00;1.00000e+00;1.00000e+00;7.76613e-01;5.21061e-01;6.58096e-01;Pipeline { map_noise(attribute=CO(GT), percentage=0.25) | map_noise(attribute=PT08.S2(NMHC), percentage=0.10) };7.50136e-01;1.00000e+00;1.00000e+00;Pipeline { map_noise(attribute=T, percentage=0.01) | map_noise(attribute=NOx(GT), percentage=0.25) };7.50136e-01;1.00000e+00;1.00000e+00;Pipeline { map_noise(attribute=T, percentage=0.01) | map_noise(attribute=NOx(GT), percentage=0.25) };7.65340e-01;9.36567e-01;9.49204e-01;Pipeline { map_noise(attribute=C6H6(GT), percentage=0.25) | filter(PT08.S5(O3) > 0.0001) };7.56639e-01;1.00000e+00;1.00000e+00;Pipeline { map_noise(attribute=NOx(GT), percentage=0.25) | map_noise(attribute=PT08.S2(NMHC), percentage=0.05) };7.56639e-01;1.00000e+00;1.00000e+00;Pipeline { map_noise(attribute=NOx(GT), percentage=0.25) | map_noise(attribute=PT08.S2(NMHC), percentage=0.05) }
datasets/airQuality_parallel.csv;nsga2;5;35;3500;3500;1.47193e+02;100;4;1;1.00000e+00;1.00000e+00;1.00000e+00;7.76613e-01;5.21061e-01;6.58096e-01;Pipeline { map_noise(attribute=CO(GT), percentage=0.25) | map_noise(attribute=PT08.S2(NMHC), percentage=0.10) };7.52660e-01;1.00000e+00;1.00000e+00;Pipeline { map_noise(attribute=C6H6(GT), percentage=0.01) | map_noise(attribute=NOx(GT), percentage=0.10) };7.52660e-01;1.00000e+00;1.00000e+00;Pipeline { map_noise(attribute=C6H6(GT), percentage=0.01) | map_noise(attribute=NOx(GT), percentage=0.10) };7.66243e-01;9.37500e-01;9.08667e-01;Pipeline { map_noise(attribute=CO(GT), percentage=0.05) | map_noise(attribute=NOx(GT), percentage=0.10) };7.57730e-01;1.00000e+00;1.00000e+00;Pipeline { map_noise(attribute=NOx(GT), percentage=0.10) | map_noise(attribute=PT08.S2(NMHC), percentage=0.01) };7.57730e-01;1.00000e+00;1.00000e+00;Pipeline { map_noise(attribute=NOx(GT), percentage=0.10) | map_noise(attribute=PT08.S2(NMHC), percentage=0.01) }
datasets/airQuality_parallel.csv;nsga2;5;36;3600;3600;1.51336e+02;100;4;2;1.00000e+00;1.00000e+00;1.00000e+00;7.76613e-01;5.21061e-01;6.58096e-01;Pipeline { map_noise(attribute=CO(GT), percentage=0.25) | map_noise(attribute=PT08.S2(NMHC), percentage=0.10) };7.52692e-01;1.00000e+00;1.00000e+00;Pipeline { map_noise(attribute=NOx(GT), percentage=0.05) | map_noise(attribute=NOx(GT), percentage=0.25) };7.52692e-01;1.00000e+00;1.00000e+00;Pipeline { map_noise(attribute=NOx(GT), percentage=0.05) | map_noise(attribute=NOx(GT), percentage=0.25) };7.66257e-01;9.36567e-01;9.49204e-01;Pipeline { filter(PT08.S5(O3) > 3.9700) | map_noise(attribute=PT08.S4(NO2), percentage=0.25) };7.57730e-01;1.00000e+00;1.00000e+00;Pipeline { map_noise(attribute=NOx(GT), percentage=0.10) | map_noise(attribute=PT08.S2(NMHC), percentage=0.01) };7.57730e-01;1.00000e+00;1.00000e+00;Pipeline { map_noise(attribute=NOx(GT), percentage=0.10) | map_noise(attribute=PT08.S2(NMHC), percentage=0.01) }
datasets/airQuality_parallel.csv;nsga2;5;37;3700;3700;1.55743e+02;100;5;2;1.00000e+00;1.00000e+00;1.00000e+00;7.76613e-01;5.21061e-01;6.58096e-01;Pipeline { map_noise(attribute=CO(GT), percentage=0.25) | map_noise(attribute=PT08.S2(NMHC), percentage=0.10) };7.52932e-01;1.00000e+00;1.00000e+00;Pipeline { map_noise(attribute=NMHC(GT), percentage=0.01) | map_noise(attribute=NOx(GT), percentage=0.10) };7.52932e-01;1.00000e+00;1.00000e+00;Pipeline { map_noise(attribute=NMHC(GT), percentage=0.01) | map_noise(attribute=NOx(GT), percentage=0.10) };7.66452e-01;9.36567e-01;9.49204e-01;Pipeline { map_noise(attribute=RH, percentage=0.25) | filter(PT08.S5(O3) > 0.9830) };7.58203e-01;1.00000e+00;1.00000e+00;Pipeline { map_noise(attribute=NOx(GT), percentage=0.10) | map_noise(attribute=NMHC(GT), percentage=0.05) };7.58203e-01;1.00000e+00;1.00000e+00;Pipeline { map_noise(attribute=NOx(GT), percentage=0.10) | map_noise(attribute=NMHC(GT), percentage=0.05) }
datasets/airQuality_parallel.csv;nsga2;5;38;3800;3800;1.59977e+02;100;5;2;1.00000e+00;1.00000e+00;1.00000e+00;7.76613e-01;5.21061e-01;6.58096e-01;Pipeline { map_noise(attribute=CO(GT), percentage=0.25) | map_noise(attribute=PT08.S2(NMHC), percentage=0.10) };7.52932e-01;1.00000e+00;1.00000e+00;Pipeline { map_noise(attribute=NMHC(GT), percentage=0.01) | map_noise(attribute=NOx(GT), percentage=0.10) };7.52932e-01;1.00000e+00;1.00000e+00;Pipeline { map_noise(attribute=NMHC(GT), percentage=0.01) | map_noise(attribute=NOx(GT), percentage=0.10) };7.66664e-01;9.36567e-01;9.49204e-01;Pipeline { filter(PT08.S5(O3) > 2.9700) | map_noise(attribute=PT08.S5(O3), percentage=0.10) };7.58203e-01;1.00000e+00;1.00000e+00;Pipeline { map_noise(attribute=NOx(GT), percentage=0.10) | map_noise(attribute=NMHC(GT), percentage=0.05) };7.58203e-01;1.00000e+00;1.00000e+00;Pipeline { map_noise(attribute=NOx(GT), percentage=0.10) | map_noise(attribute=NMHC(GT), percentage=0.05) }
datasets/airQuality_parallel.csv;nsga2;5;39;3900;3900;1.63838e+02;100;5;2;1.00000e+00;1.00000e+00;1.00000e+00;7.76613e-01;5.21061e-01;6.58096e-01;Pipeline { map_noise(attribute=CO(GT), percentage=0.25) | map_noise(attribute=PT08.S2(NMHC), percentage=0.10) };7.52989e-01;1.00000e+00;1.00000e+00;Pipeline { map_noise(attribute=C6H6(GT), percentage=0.05) | map_noise(attribute=NOx(GT), percentage=0.10) };7.52989e-01;1.00000e+00;1.00000e+00;Pipeline { map_noise(attribute=C6H6(GT), percentage=0.05) | map_noise(attribute=NOx(GT), percentage=0.10) };7.66664e-01;9.36567e-01;9.49204e-01;Pipeline { filter(PT08.S5(O3) > 2.9700) | map_noise(attribute=PT08.S5(O3), percentage=0.10) };7.58455e-01;1.00000e+00;1.00000e+00;Pipeline { map_noise(attribute=NOx(GT), percentage=0.10) | map_noise(attribute=AH, percentage=0.01) };7.58455e-01;1.00000e+00;1.00000e+00;Pipeline { map_noise(attribute=NOx(GT), percentage=0.10) | map_noise(attribute=AH, percentage=0.01) }
datasets/airQuality_parallel.csv;nsga2;5;40;4000;4000;1.68687e+02;100;5;2;1.00000e+00;1.00000e+00;1.00000e+00;7.76613e-01;5.21061e-01;6.58096e-01;Pipeline { map_noise(attribute=CO(GT), percentage=0.25) | map_noise(attribute=PT08.S2(NMHC), percentage=0.10) };7.53059e-01;1.00000e+00;1.00000e+00;Pipeline { map_noise(attribute=AH, percentage=0.05) | map_noise(attribute=NOx(GT), percentage=0.10) };7.53059e-01;1.00000e+00;1.00000e+00;Pipeline { map_noise(attribute=AH, percentage=0.05) | map_noise(attribute=NOx(GT), percentage=0.10) };7.66664e-01;9.36567e-01;9.49204e-01;Pipeline { filter(PT08.S5(O3) > 2.9700) | map_noise(attribute=PT08.S5(O3), percentage=0.10) };7.58470e-01;1.00000e+00;1.00000e+00;Pipeline { map_noise(attribute=NOx(GT), percentage=0.10) | map_noise(attribute=RH, percentage=0.10) };7.58470e-01;1.00000e+00;1.00000e+00;Pipeline { map_noise(attribute=NOx(GT), percentage=0.10) | map_noise(attribute=RH, percentage=0.10) }
datasets/airQuality_parallel.csv;nsga2;5;41;4100;4100;1.73095e+02;100;5;2;1.00000e+00;1.00000e+00;1.00000e+00;7.76613e-01;5.21061e-01;6.58096e-01;Pipeline { map_noise(attribute=CO(GT), percentage=0.25) | map_noise(attribute=PT08.S2(NMHC), percentage=0.10) };7.53089e-01;1.00000e+00;1.00000e+00;Pipeline { map_noise(attribute=PT08.S4(NO2), percentage=0.10) | map_noise(attribute=NOx(GT), percentage=0.10) };7.53089e-01;1.00000e+00;1.00000e+00;Pipeline { map_noise(attribute=PT08.S4(NO2), percentage=0.10) | map_noise(attribute=NOx(GT), percentage=0.10) };7.67050e-01;9.36567e-01;9.49204e-01;Pipeline { map_noise(attribute=C6H6(GT), percentage=0.25) | filter(PT08.S5(O3) > 0.0004) };7.58576e-01;1.00000e+00;1.00000e+00;Pipeline { map_noise(attribute=PT08.S2(NMHC), percentage=0.05) | map_noise(attribute=NOx(GT), percentage=0.10) };7.58576e-01;1.00000e+00;1.00000e+00;Pipeline { map_noise(attribute=PT08.S2(NMHC), percentage=0.05) | map_noise(attribute=NOx(GT), percentage=0.10) }
datasets/airQuality_parallel.csv;nsga2;5;42;4200;4200;1.77177e+02;100;5;3;1.00000e+00;1.00000e+00;1.00000e+00;7.76613e-01;5.21061e-01;6.58096e-01;Pipeline { map_noise(attribute=CO(GT), percentage=0.25) | map_noise(attribute=PT08.S2(NMHC), percentage=0.10) };7.53209e-01;1.00000e+00;1.00000e+00;Pipeline { map_noise(attribute=NOx(GT), percentage=0.10) };7.53209e-01;1.00000e+00;1.00000e+00;Pipeline { map_noise(attribute=NOx(GT), percentage=0.10) };7.67058e-01;6.79389e-01;9.32124e-01;Pipeline { map_noise(attribute=NO2(GT), percentage=0.25) | filter(PT08.S5(O3) > 0.0000) | map_noise(attribute=PT08.S2(NMHC), percentage=0.10) };7.59805e-01;1.00000e+00;1.00000e+00;Pipeline { map_noise(attribute=NOx(GT), percentage=0.10) | map_noise(attribute=NMHC(GT), percentage=0.01) };7.59805e-01;1.00000e+00;1.00000e+00;Pipeline { map_noise(attribute=NOx(GT), percentage=0.10) | map_noise(attribute=NMHC(GT), percentage=0.01) }
datasets/airQuality_parallel.csv;nsga2;5;43;4300;4300;1.81090e+02;100;5;2;1.00000e+00;1.00000e+00;1.00000e+00;7.76613e-01;5.21061e-01;6.58096e-01;Pipeline { map_noise(attribute=CO(GT), percentage=0.25) | map_noise(attribute=PT08.S2(NMHC), percentage=0.10) };7.53582e-01;1.00000e+00;1.00000e+00;Pipeline { map_noise(attribute=NOx(GT), percentage=0.10) | map_noise(attribute=AH, percentage=0.10) };7.53582e-01;1.00000e+00;1.00000e+00;Pipeline { map_noise(attribute=NOx(GT), percentage=0.10) | map_noise(attribute=AH, percentage=0.10) };7.67058e-01;6.79389e-01;9.32124e-01;Pipeline { map_noise(attribute=NO2(GT), percentage=0.25) | filter(PT08.S5(O3) > 0.0000) | map_noise(attribute=PT08.S2(NMHC), percentage=0.10) };7.59805e-01;1.00000e+00;1.00000e+00;Pipeline { map_noise(attribute=NOx(GT), percentage=0.10) | map_noise(attribute=NMHC(GT), percentage=0.01) };7.59805e-01;1.00000e+00;1.00000e+00;Pipeline { map_noise(attribute=NOx(GT), percentage=0.10) | map_noise(attribute=NMHC(GT), percentage=0.01) }
datasets/airQuality_parallel.csv;nsga2;5;44;4400;4400;1.85289e+02;100;5;2;1.00000e+00;1.00000e+00;1.00000e+00;7.76613e-01;5.21061e-01;6.58096e-01;Pipeline { map_noise(attribute=CO(GT), percentage=0.25) | map_noise(attribute=PT08.S2(NMHC), percentage=0.10) };7.53582e-01;1.00000e+00;1.00000e+00;Pipeline { map_noise(attribute=NOx(GT), percentage=0.10) | map_noise(attribute=AH, percentage=0.10) };7.53582e-01;1.00000e+00;1.00000e+00;Pipeline { map_noise(attribute=NOx(GT), percentage=0.10) | map_noise(attribute=AH, percentage=0.10) };7.67058e-01;6.79389e-01;9.32124e-01;Pipeline { map_noise(attribute=NO2(GT), percentage=0.25) | filter(PT08.S5(O3) > 0.0000) | map_noise(attribute=PT08.S2(NMHC), percentage=0.10) };7.59805e-01;1.00000e+00;1.00000e+00;Pipeline { map_noise(attribute=NOx(GT), percentage=0.10) | map_noise(attribute=NMHC(GT), percentage=0.01) };7.59805e-01;1.00000e+00;1.00000e+00;Pipeline { map_noise(attribute=NOx(GT), percentage=0.10) | map_noise(attribute=NMHC(GT), percentage=0.01) }
datasets/airQuality_parallel.csv;nsga2;5;45;4500;4500;1.90134e+02;100;5;3;1.00000e+00;1.00000e+00;1.00000e+00;7.76613e-01;5.21061e-01;6.58096e-01;Pipeline { map_noise(attribute=CO(GT), percentage=0.25) | map_noise(attribute=PT08.S2(NMHC), percentage=0.10) };7.53879e-01;1.00000e+00;1.00000e+00;Pipeline { map_noise(attribute=NOx(GT), percentage=0.25) | map_noise(attribute=AH, percentage=0.25) };7.53879e-01;1.00000e+00;1.00000e+00;Pipeline { map_noise(attribute=NOx(GT), percentage=0.25) | map_noise(attribute=AH, percentage=0.25) };7.67058e-01;6.79389e-01;9.32124e-01;Pipeline { map_noise(attribute=NO2(GT), percentage=0.25) | filter(PT08.S5(O3) > 0.0000) | map_noise(attribute=PT08.S2(NMHC), percentage=0.10) };7.59805e-01;1.00000e+00;1.00000e+00;Pipeline { map_noise(attribute=NOx(GT), percentage=0.10) | map_noise(attribute=NMHC(GT), percentage=0.01) };7.59805e-01;1.00000e+00;1.00000e+00;Pipeline { map_noise(attribute=NOx(GT), percentage=0.10) | map_noise(attribute=NMHC(GT), percentage=0.01) }
datasets/airQuality_parallel.csv;nsga2;5;46;4600;4600;1.94655e+02;100;5;3;1.00000e+00;1.00000e+00;1.00000e+00;7.76613e-01;5.21061e-01;6.58096e-01;Pipeline { map_noise(attribute=CO(GT), percentage=0.25) | map_noise(attribute=PT08.S2(NMHC), percentage=0.10) };7.54367e-01;1.00000e+00;1.00000e+00;Pipeline { map_noise(attribute=AH, percentage=0.05) | map_noise(attribute=NOx(GT), percentage=0.10) };7.54367e-01;1.00000e+00;1.00000e+00;Pipeline { map_noise(attribute=AH, percentage=0.05) | map_noise(attribute=NOx(GT), percentage=0.10) };7.67380e-01;9.36567e-01;9.49204e-01;Pipeline { map_noise(attribute=PT08.S4(NO2), percentage=0.25) | filter(PT08.S5(O3) > 0.0090) };7.59805e-01;1.00000e+00;1.00000e+00;Pipeline { map_noise(attribute=NOx(GT), percentage=0.10) | map_noise(attribute=NMHC(GT), percentage=0.01) };7.59805e-01;1.00000e+00;1.00000e+00;Pipeline { map_noise(attribute=NOx(GT), percentage=0.10) | map_noise(attribute=NMHC(GT), percentage=0.01) }
datasets/airQuality_parallel.csv;nsga2;5;47;4700;4700;1.99572e+02;100;5;1;1.00000e+00;1.00000e+00;1.00000e+00;7.76613e-01;5.21061e-01;6.58096e-01;Pipeline { map_noise(attribute=CO(GT), percentage=0.25) | map_noise(attribute=PT08.S2(NMHC), percentage=0.10) };7.54504e-01;1.00000e+00;1.00000e+00;Pipeline { map_noise(attribute=NMHC(GT), percentage=0.05) | map_noise(attribute=NOx(GT), percentage=0.10) };7.54504e-01;1.00000e+00;1.00000e+00;Pipeline { map_noise(attribute=NMHC(GT), percentage=0.05) | map_noise(attribute=NOx(GT), percentage=0.10) };7.67380e-01;9.36567e-01;9.49204e-01;Pipeline { map_noise(attribute=PT08.S4(NO2), percentage=0.25) | filter(PT08.S5(O3) > 0.0090) };7.59805e-01;1.00000e+00;1.00000e+00;Pipeline { map_noise(attribute=NOx(GT), percentage=0.10) | map_noise(attribute=NMHC(GT), percentage=0.01) };7.59805e-01;1.00000e+00;1.00000e+00;Pipeline { map_noise(attribute=NOx(GT), percentage=0.10) | map_noise(attribute=NMHC(GT), percentage=0.01) }
datasets/airQuality_parallel.csv;nsga2;5;48;4800;4800;2.03193e+02;100;5;1;1.00000e+00;1.00000e+00;1.00000e+00;7.82441e-01;6.86957e-01;8.88864e-01;Pipeline { filter(C6H6(GT) < 34.6000) | map_duplicate(probability=0.10) };7.54522e-01;1.00000e+00;1.00000e+00;Pipeline { map_noise(attribute=PT08.S2(NMHC), percentage=0.01) | map_noise(attribute=NOx(GT), percentage=0.10) };7.54522e-01;1.00000e+00;1.00000e+00;Pipeline { map_noise(attribute=PT08.S2(NMHC), percentage=0.01) | map_noise(attribute=NOx(GT), percentage=0.10) };7.67430e-01;9.36567e-01;9.49204e-01;Pipeline { map_noise(attribute=C6H6(GT), percentage=0.25) | filter(PT08.S2(NMHC) > 0.0061) };7.59960e-01;1.00000e+00;1.00000e+00;Pipeline { map_noise(attribute=NOx(GT), percentage=0.10) | map_noise(attribute=C6H6(GT), percentage=0.01) };7.59960e-01;1.00000e+00;1.00000e+00;Pipeline { map_noise(attribute=NOx(GT), percentage=0.10) | map_noise(attribute=C6H6(GT), percentage=0.01) }
datasets/airQuality_parallel.csv;nsga2;5;49;4900;4900;2.07757e+02;100;5;1;1.00000e+00;1.00000e+00;1.00000e+00;7.82441e-01;6.86957e-01;8.88864e-01;Pipeline { filter(C6H6(GT) < 34.6000) | map_duplicate(probability=0.10) };7.54706e-01;1.00000e+00;1.00000e+00;Pipeline { map_noise(attribute=PT08.S5(O3), percentage=0.25) | map_noise(attribute=NOx(GT), percentage=0.25) };7.54706e-01;1.00000e+00;1.00000e+00;Pipeline { map_noise(attribute=PT08.S5(O3), percentage=0.25) | map_noise(attribute=NOx(GT), percentage=0.25) };7.67513e-01;9.36567e-01;9.49204e-01;Pipeline { filter(PT08.S4(NO2) > 0.0000) | map_noise(attribute=PT08.S4(NO2), percentage=0.25) };7.60058e-01;1.00000e+00;1.00000e+00;Pipeline { map_noise(attribute=PT08.S5(O3), percentage=0.05) | map_noise(attribute=NOx(GT), percentage=0.10) };7.60058e-01;1.00000e+00;1.00000e+00;Pipeline { map_noise(attribute=PT08.S5(O3), percentage=0.05) | map_noise(attribute=NOx(GT), percentage=0.10) }
datasets/airQuality_parallel.csv;nsga2;5;50;5000;5000;2.11953e+02;100;5;2;1.00000e+00;1.00000e+00;1.00000e+00;7.82441e-01;6.86957e-01;8.88864e-01;Pipeline { filter(C6H6(GT) < 34.6000) | map_duplicate(probability=0.10) };7.54968e-01;1.00000e+00;1.00000e+00;Pipeline { map_noise(attribute=NOx(GT), percentage=0.10) | map_noise(attribute=NOx(GT), percentage=0.01) };7.54968e-01;1.00000e+00;1.00000e+00;Pipeline { map_noise(attribute=NOx(GT), percentage=0.10) | map_noise(attribute=NOx(GT), percentage=0.01) };7.68114e-01;9.36567e-01;9.49204e-01;Pipeline { map_noise(attribute=C6H6(GT), percentage=0.25) | filter(PT08.S4(NO2) > 0.0001) };7.60122e-01;1.00000e+00;1.00000e+00;Pipeline { map_noise(attribute=NOx(GT), percentage=0.25) | map_noise(attribute=NMHC(GT), percentage=0.10) };7.60122e-01;1.00000e+00;1.00000e+00;Pipeline { map_noise(attribute=NOx(GT), percentage=0.25) | map_noise(attribute=NMHC(GT), percentage=0.10) }
