problem.name;solver.name;randomGenerator.seed;n.iterations;n.evals;n.births;elapsed.secs;all→size;firsts→size;lasts→size;all→each[genotype]→uniqueness;all→each[solution]→uniqueness;all→each[quality]→uniqueness;"all→percentile[quality→privacy;100]→quality→privacy";"all→percentile[quality→privacy;100]→quality→performance-similarity";"all→percentile[quality→privacy;100]→solution";"all→percentile[quality→performance-similarity;100]→quality→privacy";"all→percentile[quality→performance-similarity;100]→quality→performance-similarity";"all→percentile[quality→performance-similarity;100]→solution";"all→percentile[quality→privacy;75]→quality→privacy";"all→percentile[quality→privacy;75]→quality→performance-similarity";"all→percentile[quality→privacy;75]→solution";"all→percentile[quality→performance-similarity;75]→quality→privacy";"all→percentile[quality→performance-similarity;75]→quality→performance-similarity";"all→percentile[quality→performance-similarity;75]→solution"
datasets/geolife_60mins.csv;nsga2;1;1;100;100;6.01400e+00;100;2;34;9.60000e-01;9.60000e-01;6.70000e-01;8.19151e-01;7.49488e-01;Pipeline { map_aggregate(attribute=avg_Y, function=avg, window=7) | map_aggregate(attribute=avg_X, function=max, window=5) | map_noise(attribute=avg_X, percentage=0.01) | map_noise(attribute=avg_X, percentage=0.25) | map_aggregate(attribute=avg_Y, function=max, window=6) | filter(avg_X > 0.0000) | map_noise(attribute=avg_Y, percentage=0.10) };6.49494e-01;8.99166e-01;Pipeline { filter(avg_Y < 165000.0000) };3.78121e-01;8.83462e-01;Pipeline { map_duplicate(probability=0.20) };3.05384e-01;6.86517e-01;Pipeline { map_noise(attribute=avg_Y, percentage=0.10) | map_duplicate(probability=0.50) | map_aggregate(attribute=avg_Y, function=max, window=3) | map_aggregate(attribute=avg_Y, function=max, window=10) | map_aggregate(attribute=avg_Y, function=avg, window=9) | map_noise(attribute=avg_Y, percentage=0.25) | map_aggregate(attribute=avg_X, function=avg, window=3) | map_aggregate(attribute=avg_X, function=min, window=6) | filter(avg_Y > 9.7600) }
datasets/geolife_60mins.csv;nsga2;1;2;200;200;1.17360e+01;100;3;5;9.60000e-01;9.60000e-01;1.00000e+00;8.19151e-01;7.49488e-01;Pipeline { map_aggregate(attribute=avg_Y, function=avg, window=7) | map_aggregate(attribute=avg_X, function=max, window=5) | map_noise(attribute=avg_X, percentage=0.01) | map_noise(attribute=avg_X, percentage=0.25) | map_aggregate(attribute=avg_Y, function=max, window=6) | filter(avg_X > 0.0000) | map_noise(attribute=avg_Y, percentage=0.10) };6.70776e-01;9.70329e-01;Pipeline { filter(avg_Y < 965000.0000) };4.73575e-01;7.59692e-01;Pipeline { map_noise(attribute=avg_X, percentage=0.25) };6.73652e-01;7.69670e-01;Pipeline { map_aggregate(attribute=avg_Y, function=min, window=10) }
datasets/geolife_60mins.csv;nsga2;1;3;300;300;1.85610e+01;100;5;6;9.70000e-01;9.70000e-01;9.90000e-01;8.19151e-01;7.49488e-01;Pipeline { map_aggregate(attribute=avg_Y, function=avg, window=7) | map_aggregate(attribute=avg_X, function=max, window=5) | map_noise(attribute=avg_X, percentage=0.01) | map_noise(attribute=avg_X, percentage=0.25) | map_aggregate(attribute=avg_Y, function=max, window=6) | filter(avg_X > 0.0000) | map_noise(attribute=avg_Y, percentage=0.10) };6.70776e-01;9.70329e-01;Pipeline { filter(avg_Y < 965000.0000) };5.77591e-01;7.57814e-01;Pipeline { map_aggregate(attribute=avg_Y, function=avg, window=10) };4.52743e-01;7.91729e-01;Pipeline { map_aggregate(attribute=avg_X, function=min, window=4) }
datasets/geolife_60mins.csv;nsga2;1;4;400;400;2.34560e+01;100;7;13;9.80000e-01;9.80000e-01;9.40000e-01;8.30282e-01;5.94409e-01;Pipeline { map_aggregate(attribute=avg_X, function=avg, window=9) | map_duplicate(probability=0.40) | filter(avg_X > 0.5210) | map_aggregate(attribute=avg_Y, function=avg, window=5) | filter(avg_Y > 0.0000) };4.52957e-01;1.00000e+00;Pipeline { filter(avg_Y < 5970000.0000) };7.15235e-01;7.30562e-01;Pipeline { map_aggregate(attribute=avg_Y, function=min, window=6) | map_noise(attribute=avg_X, percentage=0.01) | map_noise(attribute=avg_X, percentage=0.10) | map_noise(attribute=avg_Y, percentage=0.01) | filter(avg_X > 0.0000) };6.87456e-01;8.14382e-01;Pipeline { filter(avg_Y > 88.1000) | filter(avg_X > 0.9800) }
datasets/geolife_60mins.csv;nsga2;1;5;500;500;2.79340e+01;100;14;1;9.80000e-01;9.80000e-01;8.20000e-01;8.30282e-01;5.94409e-01;Pipeline { map_aggregate(attribute=avg_X, function=avg, window=9) | map_duplicate(probability=0.40) | filter(avg_X > 0.5210) | map_aggregate(attribute=avg_Y, function=avg, window=5) | filter(avg_Y > 0.0000) };4.52957e-01;1.00000e+00;Pipeline { filter(avg_Y < 165000000.0000) };7.43509e-01;7.49506e-01;Pipeline { map_aggregate(attribute=avg_Y, function=avg, window=7) | map_aggregate(attribute=avg_X, function=max, window=5) | map_noise(attribute=avg_X, percentage=0.01) | map_noise(attribute=avg_X, percentage=0.25) | map_aggregate(attribute=avg_Y, function=max, window=6) | filter(avg_X > 0.0935) | map_noise(attribute=avg_Y, percentage=0.25) };3.78121e-01;8.83462e-01;Pipeline { map_duplicate(probability=0.20) }
datasets/geolife_60mins.csv;nsga2;1;6;600;600;3.23070e+01;100;26;5;1.00000e+00;1.00000e+00;7.30000e-01;8.46286e-01;5.67132e-01;Pipeline { map_aggregate(attribute=avg_X, function=avg, window=9) | map_duplicate(probability=0.40) | filter(avg_X > 0.5210) | map_aggregate(attribute=avg_Y, function=avg, window=10) | filter(avg_Y > 0.0000) };4.52957e-01;1.00000e+00;Pipeline { filter(avg_X < 8400000000.0000) };8.05712e-01;5.92431e-01;Pipeline { map_aggregate(attribute=avg_X, function=avg, window=9) | map_duplicate(probability=0.40) | filter(avg_X > 0.5310) | map_aggregate(attribute=avg_Y, function=avg, window=5) | filter(avg_Y > 0.0000) };7.31092e-01;8.85427e-01;Pipeline { filter(avg_X > 0.8810) | filter(avg_X > 6.9800) }
datasets/geolife_60mins.csv;nsga2;1;7;700;700;3.63570e+01;100;49;20;1.00000e+00;1.00000e+00;5.00000e-01;8.56905e-01;5.95259e-01;Pipeline { map_aggregate(attribute=avg_X, function=min, window=9) | map_duplicate(probability=0.40) | filter(avg_X > 0.7210) | map_aggregate(attribute=avg_Y, function=avg, window=5) | filter(avg_Y > 0.0000) };4.52957e-01;1.00000e+00;Pipeline { filter(avg_X < 965000000.0000) };8.20562e-01;7.54703e-01;Pipeline { map_aggregate(attribute=avg_Y, function=avg, window=7) | map_aggregate(attribute=avg_X, function=max, window=9) | map_noise(attribute=avg_X, percentage=0.01) | map_noise(attribute=avg_X, percentage=0.25) | map_aggregate(attribute=avg_Y, function=max, window=6) | filter(avg_X > 0.0000) | map_noise(attribute=avg_Y, percentage=0.10) };6.68123e-01;9.54125e-01;Pipeline { filter(avg_Y < 927000.0000) }
datasets/geolife_60mins.csv;nsga2;1;8;800;800;3.97800e+01;100;78;14;1.00000e+00;9.90000e-01;3.20000e-01;8.63518e-01;6.18709e-01;Pipeline { map_aggregate(attribute=avg_Y, function=min, window=4) | map_duplicate(probability=0.40) | filter(avg_X > 0.5260) | map_aggregate(attribute=avg_Y, function=avg, window=5) | filter(avg_Y > 0.0000) };4.52957e-01;1.00000e+00;Pipeline { filter(avg_Y < 5970000.0000) };7.67512e-01;7.55672e-01;Pipeline { map_aggregate(attribute=avg_Y, function=avg, window=7) | map_aggregate(attribute=avg_X, function=max, window=10) | map_noise(attribute=avg_X, percentage=0.01) | map_noise(attribute=avg_X, percentage=0.25) | map_aggregate(attribute=avg_X, function=max, window=6) | filter(avg_X > 0.0000) | map_noise(attribute=avg_Y, percentage=0.10) };4.52957e-01;1.00000e+00;Pipeline { filter(avg_Y < 188000000.0000) }
datasets/geolife_60mins.csv;nsga2;1;9;900;900;4.31610e+01;100;100;100;1.00000e+00;9.80000e-01;1.20000e-01;8.63518e-01;6.18709e-01;Pipeline { map_aggregate(attribute=avg_Y, function=min, window=4) | map_duplicate(probability=0.40) | filter(avg_X > 0.5260) | map_aggregate(attribute=avg_Y, function=avg, window=5) | filter(avg_Y > 0.0000) };4.52957e-01;1.00000e+00;Pipeline { filter(avg_Y < 13200000.0000) };7.31092e-01;8.85427e-01;Pipeline { filter(avg_X > 0.0003) };4.52957e-01;1.00000e+00;Pipeline { filter(avg_X < 105000000.0000) }
datasets/geolife_60mins.csv;nsga2;1;10;1000;1000;4.57190e+01;100;100;100;1.00000e+00;9.60000e-01;1.30000e-01;8.63518e-01;6.18709e-01;Pipeline { map_aggregate(attribute=avg_Y, function=min, window=4) | map_duplicate(probability=0.40) | filter(avg_X > 0.5260) | map_aggregate(attribute=avg_Y, function=avg, window=5) | filter(avg_Y > 0.0000) };4.52957e-01;1.00000e+00;Pipeline { filter(avg_Y < 766000000.0000) };7.31092e-01;8.85427e-01;Pipeline { filter(avg_X > 0.0003) };7.31092e-01;8.85427e-01;Pipeline { filter(avg_X > 0.8840) | filter(avg_X > 6.9000) }
datasets/geolife_60mins.csv;nsga2;1;11;1100;1100;4.85570e+01;100;100;100;1.00000e+00;9.60000e-01;1.40000e-01;8.64284e-01;6.18384e-01;Pipeline { map_aggregate(attribute=avg_Y, function=min, window=4) | map_duplicate(probability=0.40) | filter(avg_X > 0.5260) | map_aggregate(attribute=avg_Y, function=avg, window=5) | filter(avg_Y > 0.0000) };4.52957e-01;1.00000e+00;Pipeline { filter(avg_Y < 766000000.0000) };7.31092e-01;8.85427e-01;Pipeline { filter(avg_X > 0.8040) | filter(avg_X > 6.9000) };7.31092e-01;8.85427e-01;Pipeline { filter(avg_X > 0.8810) | filter(avg_X > 6.1800) }
datasets/geolife_60mins.csv;nsga2;1;12;1200;1200;5.13830e+01;100;100;100;1.00000e+00;9.80000e-01;1.20000e-01;9.10774e-01;6.24452e-01;Pipeline { map_aggregate(attribute=avg_Y, function=min, window=4) | map_duplicate(probability=0.30) | filter(avg_X > 0.5260) | map_aggregate(attribute=avg_Y, function=avg, window=5) | filter(avg_Y > 0.0000) };4.52957e-01;1.00000e+00;Pipeline { filter(avg_Y < 766000000.0000) };7.31092e-01;8.85427e-01;Pipeline { filter(avg_X < 97700000.0000) | filter(avg_X > 0.0000) };7.31092e-01;8.85427e-01;Pipeline { filter(avg_X > 1770.0000) | filter(avg_X > 0.0698) }
datasets/geolife_60mins.csv;nsga2;1;13;1300;1300;5.44980e+01;100;100;100;1.00000e+00;1.00000e+00;1.30000e-01;9.10774e-01;6.24452e-01;Pipeline { map_aggregate(attribute=avg_Y, function=min, window=4) | map_duplicate(probability=0.30) | filter(avg_X > 0.5260) | map_aggregate(attribute=avg_Y, function=avg, window=5) | filter(avg_Y > 0.0000) };4.52957e-01;1.00000e+00;Pipeline { filter(avg_X < 7660000000.0000) };7.31092e-01;8.85427e-01;Pipeline { filter(avg_X > 0.0689) };7.31092e-01;8.85427e-01;Pipeline { filter(avg_X > 8.1000) | filter(avg_X > 6.9700) }
datasets/geolife_60mins.csv;nsga2;1;14;1400;1400;5.75140e+01;100;100;100;1.00000e+00;9.90000e-01;1.40000e-01;9.10774e-01;6.24452e-01;Pipeline { map_aggregate(attribute=avg_Y, function=min, window=4) | map_duplicate(probability=0.30) | filter(avg_X > 0.5260) | map_aggregate(attribute=avg_Y, function=avg, window=5) | filter(avg_Y > 0.0000) };4.52957e-01;1.00000e+00;Pipeline { filter(avg_X < 7660000000.0000) };7.31092e-01;8.85427e-01;Pipeline { filter(avg_X > 0.0000) | filter(avg_X > 0.0000) };7.31092e-01;8.85427e-01;Pipeline { filter(avg_X > 8.1000) | filter(avg_X > 6.4700) }
datasets/geolife_60mins.csv;nsga2;1;15;1500;1500;6.02140e+01;100;100;100;1.00000e+00;9.90000e-01;1.60000e-01;9.10774e-01;6.24452e-01;Pipeline { map_aggregate(attribute=avg_Y, function=min, window=4) | map_duplicate(probability=0.30) | filter(avg_X > 0.5260) | map_aggregate(attribute=avg_Y, function=avg, window=5) | filter(avg_Y > 0.0000) };4.52957e-01;1.00000e+00;Pipeline { filter(avg_X < 7660000000.0000) };7.31092e-01;8.85427e-01;Pipeline { filter(avg_X > 0.0000) | filter(avg_X > 762.0000) };7.31092e-01;8.85427e-01;Pipeline { filter(avg_X > 490.0000) | filter(avg_X > 0.0000) }
datasets/geolife_60mins.csv;nsga2;1;16;1600;1600;6.28700e+01;100;100;100;1.00000e+00;1.00000e+00;1.60000e-01;9.10774e-01;6.24452e-01;Pipeline { map_aggregate(attribute=avg_Y, function=min, window=4) | map_duplicate(probability=0.30) | filter(avg_X > 0.5260) | map_aggregate(attribute=avg_Y, function=avg, window=5) | filter(avg_Y > 0.0000) };4.52957e-01;1.00000e+00;Pipeline { filter(avg_X < 7660000000.0000) };7.31092e-01;8.85427e-01;Pipeline { filter(avg_X > 0.0000) };7.31092e-01;8.85427e-01;Pipeline { filter(avg_X > 65.1000) | filter(avg_X > 6.2000) }
datasets/geolife_60mins.csv;nsga2;1;17;1700;1700;6.56440e+01;100;100;100;1.00000e+00;9.70000e-01;1.40000e-01;9.10774e-01;6.24452e-01;Pipeline { map_aggregate(attribute=avg_Y, function=min, window=4) | map_duplicate(probability=0.30) | filter(avg_X > 0.5260) | map_aggregate(attribute=avg_Y, function=avg, window=5) | filter(avg_Y > 0.0000) };4.52957e-01;1.00000e+00;Pipeline { filter(avg_X < 7660000000.0000) };7.31092e-01;8.85427e-01;Pipeline { filter(avg_X > 8.1000) | filter(avg_X > 1.5700) };7.31092e-01;8.85427e-01;Pipeline { filter(avg_X > 3.0200) | filter(avg_X > 4.4800) }
datasets/geolife_60mins.csv;nsga2;1;18;1800;1800;6.84540e+01;100;100;100;1.00000e+00;1.00000e+00;1.40000e-01;9.10774e-01;6.24452e-01;Pipeline { map_aggregate(attribute=avg_Y, function=min, window=4) | map_duplicate(probability=0.30) | filter(avg_X > 0.5260) | map_aggregate(attribute=avg_Y, function=avg, window=5) | filter(avg_Y > 0.0000) };4.52957e-01;1.00000e+00;Pipeline { filter(avg_X < 7660000000.0000) };7.31092e-01;8.85427e-01;Pipeline { filter(avg_X > 88.1000) | filter(avg_X > 0.0000) };7.31092e-01;8.85427e-01;Pipeline { filter(avg_X > 0.0000) | filter(avg_X > 0.0002) }
datasets/geolife_60mins.csv;nsga2;1;19;1900;1900;7.15120e+01;100;100;100;1.00000e+00;1.00000e+00;1.40000e-01;9.10774e-01;6.24452e-01;Pipeline { map_aggregate(attribute=avg_Y, function=min, window=4) | map_duplicate(probability=0.30) | filter(avg_X > 0.5260) | map_aggregate(attribute=avg_Y, function=avg, window=5) | filter(avg_Y > 0.0000) };4.52957e-01;1.00000e+00;Pipeline { filter(avg_X < 7660000000.0000) };7.31092e-01;8.85427e-01;Pipeline { filter(avg_X > 0.0953) | filter(avg_X < 4080000000.0000) };7.31092e-01;8.85427e-01;Pipeline { filter(avg_X > 0.0006) | filter(avg_X > 0.0000) }
datasets/geolife_60mins.csv;nsga2;1;20;2000;2000;7.44210e+01;100;100;100;1.00000e+00;1.00000e+00;1.50000e-01;9.10774e-01;6.24452e-01;Pipeline { map_aggregate(attribute=avg_Y, function=min, window=4) | map_duplicate(probability=0.30) | filter(avg_X > 0.5260) | map_aggregate(attribute=avg_Y, function=avg, window=5) | filter(avg_Y > 0.0000) };4.52957e-01;1.00000e+00;Pipeline { filter(avg_X < 7660000000.0000) };7.31092e-01;8.85427e-01;Pipeline { filter(avg_X > 0.0002) | filter(avg_Y < 3560000000.0000) };7.31092e-01;8.85427e-01;Pipeline { filter(avg_X > 0.0000) | filter(avg_Y < 16900000.0000) }
datasets/geolife_60mins.csv;nsga2;1;21;2100;2100;7.73860e+01;100;100;100;1.00000e+00;1.00000e+00;1.70000e-01;9.13176e-01;6.24194e-01;Pipeline { map_aggregate(attribute=avg_Y, function=min, window=4) | map_duplicate(probability=0.30) | filter(avg_X > 0.5260) | map_aggregate(attribute=avg_Y, function=avg, window=5) | filter(avg_Y > 0.0001) };4.52957e-01;1.00000e+00;Pipeline { filter(avg_X < 7660000000.0000) };7.31092e-01;8.85427e-01;Pipeline { filter(avg_X > 0.0824) | filter(avg_X > 0.0000) };7.31092e-01;8.85427e-01;Pipeline { filter(avg_X > 0.0001) | filter(avg_Y < 2560000000.0000) }
datasets/geolife_60mins.csv;nsga2;1;22;2200;2200;8.06180e+01;100;100;100;1.00000e+00;1.00000e+00;1.80000e-01;9.13176e-01;6.24194e-01;Pipeline { map_aggregate(attribute=avg_Y, function=min, window=4) | map_duplicate(probability=0.30) | filter(avg_X > 0.5260) | map_aggregate(attribute=avg_Y, function=avg, window=5) | filter(avg_Y > 0.0001) };4.52957e-01;1.00000e+00;Pipeline { filter(avg_X < 7660000000.0000) };7.31092e-01;8.85427e-01;Pipeline { filter(avg_X > 0.0009) | filter(avg_X > 0.0000) };7.31092e-01;8.85427e-01;Pipeline { filter(avg_X > 158.0000) }
datasets/geolife_60mins.csv;nsga2;1;23;2300;2300;8.33340e+01;100;100;100;1.00000e+00;1.00000e+00;1.90000e-01;9.13176e-01;6.24194e-01;Pipeline { map_aggregate(attribute=avg_Y, function=min, window=4) | map_duplicate(probability=0.30) | filter(avg_X > 0.5260) | map_aggregate(attribute=avg_Y, function=avg, window=5) | filter(avg_Y > 0.0001) };4.52957e-01;1.00000e+00;Pipeline { filter(avg_X < 7660000000.0000) };7.31092e-01;8.85427e-01;Pipeline { filter(avg_X > 0.0008) | filter(avg_X > 0.0000) };7.31092e-01;8.85427e-01;Pipeline { filter(avg_X > 0.0000) | filter(avg_Y < 71500000.0000) }
datasets/geolife_60mins.csv;nsga2;1;24;2400;2400;8.63360e+01;100;100;100;1.00000e+00;1.00000e+00;1.90000e-01;9.13176e-01;6.24194e-01;Pipeline { map_aggregate(attribute=avg_Y, function=min, window=4) | map_duplicate(probability=0.30) | filter(avg_X > 0.5260) | map_aggregate(attribute=avg_Y, function=avg, window=5) | filter(avg_Y > 0.0001) };4.52957e-01;1.00000e+00;Pipeline { filter(avg_X < 7660000000.0000) };7.31092e-01;8.85427e-01;Pipeline { filter(avg_X > 0.0095) | filter(avg_X > 0.0000) };7.31092e-01;8.85427e-01;Pipeline { filter(avg_X > 0.0000) | filter(avg_X > 6.3800) }
datasets/geolife_60mins.csv;nsga2;1;25;2500;2500;8.96350e+01;100;100;100;1.00000e+00;9.90000e-01;2.10000e-01;9.13176e-01;6.24194e-01;Pipeline { map_aggregate(attribute=avg_Y, function=min, window=4) | map_duplicate(probability=0.30) | filter(avg_X > 0.5260) | map_aggregate(attribute=avg_Y, function=avg, window=5) | filter(avg_Y > 0.0001) };4.52957e-01;1.00000e+00;Pipeline { filter(avg_X < 7660000000.0000) };7.31092e-01;8.85427e-01;Pipeline { filter(avg_X > 0.0000) | filter(avg_X > 6280.0000) };7.31092e-01;8.85427e-01;Pipeline { filter(avg_X > 0.0015) | filter(avg_X > 0.0000) }
datasets/geolife_60mins.csv;nsga2;1;26;2600;2600;9.24960e+01;100;100;100;1.00000e+00;1.00000e+00;2.10000e-01;9.13176e-01;6.24194e-01;Pipeline { map_aggregate(attribute=avg_Y, function=min, window=4) | map_duplicate(probability=0.30) | filter(avg_X > 0.5260) | map_aggregate(attribute=avg_Y, function=avg, window=5) | filter(avg_Y > 0.0001) };4.52957e-01;1.00000e+00;Pipeline { filter(avg_X < 7660000000.0000) };7.31092e-01;8.85427e-01;Pipeline { filter(avg_X > 0.0003) | filter(avg_X > 581.0000) };7.31092e-01;8.85427e-01;Pipeline { filter(avg_X > 0.0000) | filter(avg_X > 0.0008) }
datasets/geolife_60mins.csv;nsga2;1;27;2700;2700;9.55410e+01;100;100;100;1.00000e+00;9.90000e-01;2.10000e-01;9.13176e-01;6.24194e-01;Pipeline { map_aggregate(attribute=avg_Y, function=min, window=4) | map_duplicate(probability=0.30) | filter(avg_X > 0.5260) | map_aggregate(attribute=avg_Y, function=avg, window=5) | filter(avg_Y > 0.0001) };4.52957e-01;1.00000e+00;Pipeline { filter(avg_X < 7660000000.0000) };7.31092e-01;8.85427e-01;Pipeline { filter(avg_X > 841.0000) | filter(avg_X > 5.2400) };7.31092e-01;8.85427e-01;Pipeline { filter(avg_X > 0.0000) | filter(avg_Y < 4690000.0000) }
datasets/geolife_60mins.csv;nsga2;1;28;2800;2800;9.83090e+01;100;100;100;1.00000e+00;1.00000e+00;2.10000e-01;9.13176e-01;6.24194e-01;Pipeline { map_aggregate(attribute=avg_Y, function=min, window=4) | map_duplicate(probability=0.30) | filter(avg_X > 0.5260) | map_aggregate(attribute=avg_Y, function=avg, window=5) | filter(avg_Y > 0.0001) };4.52957e-01;1.00000e+00;Pipeline { filter(avg_X < 7660000000.0000) };7.31092e-01;8.85427e-01;Pipeline { filter(avg_X > 0.0005) | filter(avg_Y < 19100000.0000) };7.31092e-01;8.85427e-01;Pipeline { filter(avg_X > 0.0925) | filter(avg_X > 0.0000) }
datasets/geolife_60mins.csv;nsga2;1;29;2900;2900;1.01669e+02;100;100;100;1.00000e+00;1.00000e+00;2.20000e-01;9.13176e-01;6.24194e-01;Pipeline { map_aggregate(attribute=avg_Y, function=min, window=4) | map_duplicate(probability=0.30) | filter(avg_X > 0.5260) | map_aggregate(attribute=avg_Y, function=avg, window=5) | filter(avg_Y > 0.0001) };4.52957e-01;1.00000e+00;Pipeline { filter(avg_X < 7660000000.0000) };7.31092e-01;8.85427e-01;Pipeline { filter(avg_X > 0.0013) | filter(avg_X > 0.0000) };7.31092e-01;8.85427e-01;Pipeline { filter(avg_X > 0.0000) | filter(avg_X > 0.0000) }
datasets/geolife_60mins.csv;nsga2;1;30;3000;3000;1.04652e+02;100;100;100;1.00000e+00;1.00000e+00;2.30000e-01;9.13176e-01;6.24194e-01;Pipeline { map_aggregate(attribute=avg_Y, function=min, window=4) | map_duplicate(probability=0.30) | filter(avg_X > 0.5260) | map_aggregate(attribute=avg_Y, function=avg, window=5) | filter(avg_Y > 0.0001) };4.52957e-01;1.00000e+00;Pipeline { filter(avg_X < 7660000000.0000) };7.31092e-01;8.85427e-01;Pipeline { filter(avg_X < 543000000.0000) | filter(avg_X > 4.1200) };7.31092e-01;8.85427e-01;Pipeline { filter(avg_X > 3480.0000) }
datasets/geolife_60mins.csv;nsga2;1;31;3100;3100;1.07761e+02;100;100;100;1.00000e+00;1.00000e+00;2.30000e-01;9.13176e-01;6.24194e-01;Pipeline { map_aggregate(attribute=avg_Y, function=min, window=4) | map_duplicate(probability=0.30) | filter(avg_X > 0.5260) | map_aggregate(attribute=avg_Y, function=avg, window=5) | filter(avg_Y > 0.0001) };4.52957e-01;1.00000e+00;Pipeline { filter(avg_X < 7660000000.0000) };7.31092e-01;8.85427e-01;Pipeline { filter(avg_X > 0.0000) };7.31092e-01;8.85427e-01;Pipeline { filter(avg_X > 0.0000) | filter(avg_Y < 9280000.0000) }
datasets/geolife_60mins.csv;nsga2;1;32;3200;3200;1.10799e+02;100;100;100;1.00000e+00;1.00000e+00;2.40000e-01;9.13176e-01;6.24194e-01;Pipeline { map_aggregate(attribute=avg_Y, function=min, window=4) | map_duplicate(probability=0.30) | filter(avg_X > 0.5260) | map_aggregate(attribute=avg_Y, function=avg, window=5) | filter(avg_Y > 0.0001) };4.52957e-01;1.00000e+00;Pipeline { filter(avg_X < 7660000000.0000) };7.31092e-01;8.85427e-01;Pipeline { filter(avg_X < 446000000.0000) | filter(avg_X > 798.0000) };7.31092e-01;8.85427e-01;Pipeline { filter(avg_X > 0.0000) | filter(avg_X > 0.2800) }
datasets/geolife_60mins.csv;nsga2;1;33;3300;3300;1.14306e+02;100;100;100;1.00000e+00;1.00000e+00;2.60000e-01;9.13176e-01;6.24194e-01;Pipeline { map_aggregate(attribute=avg_Y, function=min, window=4) | map_duplicate(probability=0.30) | filter(avg_X > 0.5260) | map_aggregate(attribute=avg_Y, function=avg, window=5) | filter(avg_Y > 0.0001) };4.52957e-01;1.00000e+00;Pipeline { filter(avg_X < 7660000000.0000) };7.31092e-01;8.85427e-01;Pipeline { filter(avg_X > 0.0142) };7.31092e-01;8.85427e-01;Pipeline { filter(avg_X > 4920.0000) | filter(avg_X > 4.0800) }
datasets/geolife_60mins.csv;nsga2;1;34;3400;3400;1.18128e+02;100;100;100;1.00000e+00;1.00000e+00;2.60000e-01;9.13176e-01;6.24194e-01;Pipeline { map_aggregate(attribute=avg_Y, function=min, window=4) | map_duplicate(probability=0.30) | filter(avg_X > 0.5260) | map_aggregate(attribute=avg_Y, function=avg, window=5) | filter(avg_Y > 0.0001) };4.52957e-01;1.00000e+00;Pipeline { filter(avg_X < 7660000000.0000) };7.31092e-01;8.85427e-01;Pipeline { filter(avg_X > 732.0000) | filter(avg_X > 0.0000) };7.31092e-01;8.85427e-01;Pipeline { filter(avg_X > 0.0000) | filter(avg_X > 0.0039) }
datasets/geolife_60mins.csv;nsga2;1;35;3500;3500;1.21353e+02;100;100;100;1.00000e+00;9.90000e-01;2.70000e-01;9.13176e-01;6.24194e-01;Pipeline { map_aggregate(attribute=avg_Y, function=min, window=4) | map_duplicate(probability=0.30) | filter(avg_X > 0.5260) | map_aggregate(attribute=avg_Y, function=avg, window=5) | filter(avg_Y > 0.0001) };4.52957e-01;1.00000e+00;Pipeline { filter(avg_X < 7660000000.0000) };7.31092e-01;8.85427e-01;Pipeline { filter(avg_X > 0.0010) | filter(avg_X > 0.2390) };7.31092e-01;8.85427e-01;Pipeline { filter(avg_X > 0.0000) | filter(avg_X > 0.0000) }
datasets/geolife_60mins.csv;nsga2;1;36;3600;3600;1.24611e+02;100;100;100;1.00000e+00;1.00000e+00;2.90000e-01;9.13176e-01;6.24194e-01;Pipeline { map_aggregate(attribute=avg_Y, function=min, window=4) | map_duplicate(probability=0.30) | filter(avg_X > 0.5260) | map_aggregate(attribute=avg_Y, function=avg, window=5) | filter(avg_Y > 0.0001) };4.52957e-01;1.00000e+00;Pipeline { filter(avg_X < 7660000000.0000) };7.31092e-01;8.85427e-01;Pipeline { filter(avg_X > 0.0001) | filter(avg_X > 0.0000) };7.31092e-01;8.85427e-01;Pipeline { filter(avg_X > 0.0001) | filter(avg_X > 140.0000) }
datasets/geolife_60mins.csv;nsga2;1;37;3700;3700;1.28468e+02;100;100;100;1.00000e+00;1.00000e+00;3.00000e-01;9.13176e-01;6.24194e-01;Pipeline { map_aggregate(attribute=avg_Y, function=min, window=4) | map_duplicate(probability=0.30) | filter(avg_X > 0.5260) | map_aggregate(attribute=avg_Y, function=avg, window=5) | filter(avg_Y > 0.0001) };4.52957e-01;1.00000e+00;Pipeline { filter(avg_X < 7660000000.0000) };7.31092e-01;8.85427e-01;Pipeline { filter(avg_X > 78.5000) };7.31092e-01;8.85427e-01;Pipeline { filter(avg_X > 0.0001) | filter(avg_X > 143.0000) }
datasets/geolife_60mins.csv;nsga2;1;38;3800;3800;1.31441e+02;100;100;100;1.00000e+00;1.00000e+00;2.90000e-01;9.13176e-01;6.24194e-01;Pipeline { map_aggregate(attribute=avg_Y, function=min, window=4) | map_duplicate(probability=0.30) | filter(avg_X > 0.5260) | map_aggregate(attribute=avg_Y, function=avg, window=5) | filter(avg_Y > 0.0001) };4.52957e-01;1.00000e+00;Pipeline { filter(avg_X < 7660000000.0000) };7.31092e-01;8.85427e-01;Pipeline { filter(avg_X > 0.0000) };7.31092e-01;8.85427e-01;Pipeline { filter(avg_X > 782.0000) }
datasets/geolife_60mins.csv;nsga2;1;39;3900;3900;1.35028e+02;100;100;100;1.00000e+00;1.00000e+00;2.90000e-01;9.13176e-01;6.24194e-01;Pipeline { map_aggregate(attribute=avg_Y, function=min, window=4) | map_duplicate(probability=0.30) | filter(avg_X > 0.5260) | map_aggregate(attribute=avg_Y, function=avg, window=5) | filter(avg_Y > 0.0001) };4.52957e-01;1.00000e+00;Pipeline { filter(avg_X < 7660000000.0000) };7.31092e-01;8.85427e-01;Pipeline { filter(avg_X > 0.0000) | filter(avg_X > 0.0045) };7.31092e-01;8.85427e-01;Pipeline { filter(avg_X > 0.0042) }
datasets/geolife_60mins.csv;nsga2;1;40;4000;4000;1.39007e+02;100;100;100;1.00000e+00;1.00000e+00;2.90000e-01;9.13612e-01;6.24392e-01;Pipeline { map_aggregate(attribute=avg_Y, function=min, window=4) | map_duplicate(probability=0.30) | filter(avg_X > 0.5260) | map_aggregate(attribute=avg_Y, function=avg, window=5) | filter(avg_Y > 0.0001) };4.52957e-01;1.00000e+00;Pipeline { filter(avg_X < 7660000000.0000) };7.31092e-01;8.85427e-01;Pipeline { filter(avg_X > 0.0053) | filter(avg_X > 5.3200) };7.31092e-01;8.85427e-01;Pipeline { filter(avg_X > 65.1000) }
datasets/geolife_60mins.csv;nsga2;1;41;4100;4100;1.42239e+02;100;100;100;1.00000e+00;1.00000e+00;3.00000e-01;9.13612e-01;6.24392e-01;Pipeline { map_aggregate(attribute=avg_Y, function=min, window=4) | map_duplicate(probability=0.30) | filter(avg_X > 0.5260) | map_aggregate(attribute=avg_Y, function=avg, window=5) | filter(avg_Y > 0.0001) };4.52957e-01;1.00000e+00;Pipeline { filter(avg_Y < 8340000.0000) };7.31092e-01;8.85427e-01;Pipeline { filter(avg_X > 0.0119) };7.31092e-01;8.85427e-01;Pipeline { filter(avg_X > 0.0000) | filter(avg_X > 0.0000) }
datasets/geolife_60mins.csv;nsga2;1;42;4200;4200;1.45242e+02;100;100;100;1.00000e+00;1.00000e+00;3.00000e-01;9.13612e-01;6.24392e-01;Pipeline { map_aggregate(attribute=avg_Y, function=min, window=4) | map_duplicate(probability=0.30) | filter(avg_X > 0.5260) | map_aggregate(attribute=avg_Y, function=avg, window=5) | filter(avg_Y > 0.0001) };4.52957e-01;1.00000e+00;Pipeline { filter(avg_Y < 8340000.0000) };7.31092e-01;8.85427e-01;Pipeline { filter(avg_Y < 87000000.0000) | filter(avg_X > 0.0000) };7.31092e-01;8.85427e-01;Pipeline { filter(avg_X > 0.0891) | filter(avg_X > 5.3200) }
datasets/geolife_60mins.csv;nsga2;1;43;4300;4300;1.48151e+02;100;100;100;1.00000e+00;1.00000e+00;3.10000e-01;9.13612e-01;6.24392e-01;Pipeline { map_aggregate(attribute=avg_Y, function=min, window=4) | map_duplicate(probability=0.30) | filter(avg_X > 0.5260) | map_aggregate(attribute=avg_Y, function=avg, window=5) | filter(avg_Y > 0.0001) };4.52957e-01;1.00000e+00;Pipeline { filter(avg_Y < 8340000.0000) };7.31092e-01;8.85427e-01;Pipeline { filter(avg_X > 0.3900) };7.31092e-01;8.85427e-01;Pipeline { filter(avg_X > 0.0052) | filter(avg_X < 6270000.0000) }
datasets/geolife_60mins.csv;nsga2;1;44;4400;4400;1.51199e+02;100;100;100;1.00000e+00;9.90000e-01;3.20000e-01;9.13612e-01;6.24392e-01;Pipeline { map_aggregate(attribute=avg_Y, function=min, window=4) | map_duplicate(probability=0.30) | filter(avg_X > 0.5260) | map_aggregate(attribute=avg_Y, function=avg, window=5) | filter(avg_Y > 0.0001) };4.52957e-01;1.00000e+00;Pipeline { filter(avg_Y < 8340000.0000) };7.31092e-01;8.85427e-01;Pipeline { filter(avg_X > 11.7000) | filter(avg_X < 169000000.0000) };7.31092e-01;8.85427e-01;Pipeline { filter(avg_Y < 3940000000.0000) | filter(avg_X > 0.2300) }
datasets/geolife_60mins.csv;nsga2;1;45;4500;4500;1.54677e+02;100;100;100;1.00000e+00;9.80000e-01;3.30000e-01;9.13612e-01;6.24392e-01;Pipeline { map_aggregate(attribute=avg_Y, function=min, window=4) | map_duplicate(probability=0.30) | filter(avg_X > 0.5260) | map_aggregate(attribute=avg_Y, function=avg, window=5) | filter(avg_Y > 0.0001) };4.52957e-01;1.00000e+00;Pipeline { filter(avg_Y < 8340000.0000) };7.31092e-01;8.85427e-01;Pipeline { filter(avg_X > 4.0400) };7.31092e-01;8.85427e-01;Pipeline { filter(avg_X > 0.6850) | filter(avg_X > 0.0068) }
datasets/geolife_60mins.csv;nsga2;1;46;4600;4600;1.57944e+02;100;100;100;1.00000e+00;1.00000e+00;3.40000e-01;9.13612e-01;6.24392e-01;Pipeline { map_aggregate(attribute=avg_Y, function=min, window=4) | map_duplicate(probability=0.30) | filter(avg_X > 0.5260) | map_aggregate(attribute=avg_Y, function=avg, window=5) | filter(avg_Y > 0.0001) };4.52957e-01;1.00000e+00;Pipeline { filter(avg_Y < 8340000.0000) };7.31646e-01;8.85427e-01;Pipeline { filter(avg_X < 4630000.0000) | filter(avg_X > 0.2600) };7.31092e-01;8.85427e-01;Pipeline { filter(avg_Y < 42100000.0000) | filter(avg_X > 0.0576) }
datasets/geolife_60mins.csv;nsga2;1;47;4700;4700;1.61416e+02;100;100;100;1.00000e+00;1.00000e+00;3.40000e-01;9.13612e-01;6.24392e-01;Pipeline { map_aggregate(attribute=avg_Y, function=min, window=4) | map_duplicate(probability=0.30) | filter(avg_X > 0.5260) | map_aggregate(attribute=avg_Y, function=avg, window=5) | filter(avg_Y > 0.0001) };4.52957e-01;1.00000e+00;Pipeline { filter(avg_Y < 8340000.0000) };7.31092e-01;8.85427e-01;Pipeline { filter(avg_Y < 3940000000.0000) | filter(avg_X > 0.0008) };7.31092e-01;8.85427e-01;Pipeline { filter(avg_X > 672.0000) | filter(avg_X > 0.0000) }
datasets/geolife_60mins.csv;nsga2;1;48;4800;4800;1.64455e+02;100;100;100;1.00000e+00;1.00000e+00;3.60000e-01;9.14608e-01;6.24860e-01;Pipeline { map_aggregate(attribute=avg_Y, function=min, window=4) | map_duplicate(probability=0.30) | filter(avg_X > 0.5260) | map_aggregate(attribute=avg_Y, function=avg, window=5) | filter(avg_Y > 0.0001) };4.52957e-01;1.00000e+00;Pipeline { filter(avg_Y < 8340000.0000) };7.31646e-01;8.85427e-01;Pipeline { filter(avg_X < 4630000.0000) | filter(avg_X > 0.2600) };7.31092e-01;8.85427e-01;Pipeline { filter(avg_X > 0.0672) | filter(avg_X > 0.0021) }
datasets/geolife_60mins.csv;nsga2;1;49;4900;4900;1.67655e+02;100;100;100;1.00000e+00;1.00000e+00;3.60000e-01;9.14608e-01;6.24860e-01;Pipeline { map_aggregate(attribute=avg_Y, function=min, window=4) | map_duplicate(probability=0.30) | filter(avg_X > 0.5260) | map_aggregate(attribute=avg_Y, function=avg, window=5) | filter(avg_Y > 0.0001) };4.52957e-01;1.00000e+00;Pipeline { filter(avg_Y < 8340000.0000) };7.31092e-01;8.85427e-01;Pipeline { filter(avg_X > 0.5150) | filter(avg_X > 0.0005) };7.31092e-01;8.85427e-01;Pipeline { filter(avg_X > 0.0000) }
datasets/geolife_60mins.csv;nsga2;1;50;5000;5000;1.71828e+02;100;100;100;1.00000e+00;9.90000e-01;3.40000e-01;9.14608e-01;6.24860e-01;Pipeline { map_aggregate(attribute=avg_Y, function=min, window=4) | map_duplicate(probability=0.30) | filter(avg_X > 0.5260) | map_aggregate(attribute=avg_Y, function=avg, window=5) | filter(avg_Y > 0.0001) };4.52957e-01;1.00000e+00;Pipeline { filter(avg_Y < 8340000.0000) };7.31092e-01;8.85427e-01;Pipeline { filter(avg_Y < 22200000.0000) | filter(avg_X > 0.0644) };7.31092e-01;8.85427e-01;Pipeline { filter(avg_X > 2.7000) | filter(avg_X < 143000000.0000) }
datasets/geolife_60mins.csv;nsga2;2;1;100;100;6.83000e+00;100;3;39;9.90000e-01;9.90000e-01;6.20000e-01;7.31930e-01;7.36752e-01;Pipeline { map_noise(attribute=avg_X, percentage=0.10) | filter(avg_X > 0.0000) };4.52957e-01;1.00000e+00;Pipeline { filter(avg_X < 9200000000.0000) };4.15955e-01;7.47938e-01;Pipeline { map_noise(attribute=avg_X, percentage=0.25) | map_duplicate(probability=0.10) | map_noise(attribute=avg_X, percentage=0.01) };7.31930e-01;7.36752e-01;Pipeline { map_noise(attribute=avg_X, percentage=0.10) | filter(avg_X > 0.0000) }
datasets/geolife_60mins.csv;nsga2;2;2;200;200;1.42810e+01;100;8;5;9.90000e-01;9.90000e-01;9.70000e-01;8.09911e-01;7.30429e-01;Pipeline { filter(avg_Y < 79200000.0000) | filter(avg_X > 0.0001) | map_aggregate(attribute=avg_X, function=min, window=10) | map_aggregate(attribute=avg_X, function=avg, window=10) };4.52957e-01;1.00000e+00;Pipeline { filter(avg_X < 9200000000.0000) };5.21939e-01;7.70510e-01;Pipeline { map_aggregate(attribute=avg_X, function=avg, window=10) };4.44751e-01;7.77710e-01;Pipeline { map_aggregate(attribute=avg_Y, function=max, window=5) | filter(avg_Y > 5.2800) }
datasets/geolife_60mins.csv;nsga2;2;3;300;300;1.90860e+01;100;16;4;1.00000e+00;1.00000e+00;8.30000e-01;8.86522e-01;7.30341e-01;Pipeline { filter(avg_Y < 79200000.0000) | filter(avg_X > 0.0001) | map_aggregate(attribute=avg_Y, function=min, window=10) | map_aggregate(attribute=avg_X, function=avg, window=10) };4.52957e-01;1.00000e+00;Pipeline { filter(avg_X < 92000000.0000) };7.31092e-01;8.85427e-01;Pipeline { filter(avg_X > 7.6000) };4.93806e-01;8.06141e-01;Pipeline { map_aggregate(attribute=avg_X, function=max, window=3) }
datasets/geolife_60mins.csv;nsga2;2;4;400;400;2.27630e+01;100;35;5;1.00000e+00;9.70000e-01;6.10000e-01;8.86522e-01;7.30341e-01;Pipeline { filter(avg_Y < 70200000.0000) | filter(avg_X > 0.0001) | map_aggregate(attribute=avg_Y, function=min, window=10) | map_aggregate(attribute=avg_X, function=avg, window=10) };4.52957e-01;1.00000e+00;Pipeline { filter(avg_X < 9200000000.0000) };7.34073e-01;7.38216e-01;Pipeline { map_noise(attribute=avg_X, percentage=0.10) | filter(avg_X > 0.0052) };7.31092e-01;8.85427e-01;Pipeline { filter(avg_X > 7.6200) }
datasets/geolife_60mins.csv;nsga2;2;5;500;500;2.62490e+01;100;67;15;1.00000e+00;9.70000e-01;4.00000e-01;8.86522e-01;7.30341e-01;Pipeline { filter(avg_Y < 99200000.0000) | filter(avg_X > 0.0001) | map_aggregate(attribute=avg_Y, function=min, window=10) | map_aggregate(attribute=avg_X, function=avg, window=10) };4.52957e-01;1.00000e+00;Pipeline { filter(avg_Y < 6340000000.0000) };7.34290e-01;7.42500e-01;Pipeline { map_noise(attribute=avg_X, percentage=0.05) | filter(avg_X > 0.0058) };7.31092e-01;8.85427e-01;Pipeline { filter(avg_X > 9.6000) }
datasets/geolife_60mins.csv;nsga2;2;6;600;600;2.96310e+01;100;100;100;1.00000e+00;9.40000e-01;1.10000e-01;8.86522e-01;7.30341e-01;Pipeline { filter(avg_Y < 99200000.0000) | filter(avg_X > 0.0001) | map_aggregate(attribute=avg_Y, function=min, window=10) | map_aggregate(attribute=avg_X, function=avg, window=10) };4.52957e-01;1.00000e+00;Pipeline { filter(avg_X < 9300000000.0000) };7.31092e-01;8.85427e-01;Pipeline { filter(avg_X > 7.3000) };7.31092e-01;8.85427e-01;Pipeline { filter(avg_X > 0.0969) }
datasets/geolife_60mins.csv;nsga2;2;7;700;700;3.26520e+01;100;100;100;1.00000e+00;9.90000e-01;1.10000e-01;8.86522e-01;7.30341e-01;Pipeline { filter(avg_Y < 99200000.0000) | filter(avg_X > 0.0001) | map_aggregate(attribute=avg_Y, function=min, window=10) | map_aggregate(attribute=avg_X, function=avg, window=10) };4.52957e-01;1.00000e+00;Pipeline { filter(avg_X < 9300000000.0000) };7.31092e-01;8.85427e-01;Pipeline { filter(avg_X > 5.3300) };7.31092e-01;8.85427e-01;Pipeline { filter(avg_X > 7.6800) }
datasets/geolife_60mins.csv;nsga2;2;8;800;800;3.57140e+01;100;100;100;1.00000e+00;9.80000e-01;1.30000e-01;8.86522e-01;7.30341e-01;Pipeline { filter(avg_Y < 99200000.0000) | filter(avg_X > 0.0001) | map_aggregate(attribute=avg_Y, function=min, window=10) | map_aggregate(attribute=avg_X, function=avg, window=10) };4.52957e-01;1.00000e+00;Pipeline { filter(avg_X < 9300000000.0000) };7.31092e-01;8.85427e-01;Pipeline { filter(avg_X > 7.6100) };7.31092e-01;8.85427e-01;Pipeline { filter(avg_X > 9.0600) }
datasets/geolife_60mins.csv;nsga2;2;9;900;900;3.88700e+01;100;100;100;1.00000e+00;9.90000e-01;8.00000e-02;9.10735e-01;7.97839e-01;Pipeline { filter(avg_Y > 4.3900) | filter(avg_Y < 679000.0000) | filter(avg_X > 41.1000) | map_duplicate(probability=0.10) };4.52957e-01;1.00000e+00;Pipeline { filter(avg_X < 9300000000.0000) };7.31092e-01;8.85427e-01;Pipeline { filter(avg_X > 6.9800) };7.31092e-01;8.85427e-01;Pipeline { filter(avg_X > 0.8090) }
datasets/geolife_60mins.csv;nsga2;2;10;1000;1000;4.23750e+01;100;100;100;1.00000e+00;1.00000e+00;8.00000e-02;9.11170e-01;7.96544e-01;Pipeline { filter(avg_Y > 4.3900) | filter(avg_Y < 679000.0000) | filter(avg_X > 91.1000) | map_duplicate(probability=0.10) };4.52957e-01;1.00000e+00;Pipeline { filter(avg_X < 9300000000.0000) };7.31092e-01;8.85427e-01;Pipeline { filter(avg_X > 526.0000) };7.31092e-01;8.85427e-01;Pipeline { filter(avg_X > 0.0005) }
datasets/geolife_60mins.csv;nsga2;2;11;1100;1100;4.56490e+01;100;100;100;1.00000e+00;9.80000e-01;9.00000e-02;9.11170e-01;7.96544e-01;Pipeline { filter(avg_Y > 4.3900) | filter(avg_Y < 679000.0000) | filter(avg_X > 91.1000) | map_duplicate(probability=0.10) };4.52957e-01;1.00000e+00;Pipeline { filter(avg_X < 9300000000.0000) };7.31092e-01;8.85427e-01;Pipeline { filter(avg_X > 0.0000) };7.31092e-01;8.85427e-01;Pipeline { filter(avg_X > 0.0000) }
datasets/geolife_60mins.csv;nsga2;2;12;1200;1200;4.85400e+01;100;100;100;1.00000e+00;9.80000e-01;1.00000e-01;9.12006e-01;7.97214e-01;Pipeline { filter(avg_Y > 4.3900) | filter(avg_Y < 679000.0000) | filter(avg_X > 0.0000) | map_duplicate(probability=0.10) };4.52957e-01;1.00000e+00;Pipeline { filter(avg_X < 9300000000.0000) };7.31092e-01;8.85427e-01;Pipeline { filter(avg_X > 960.0000) };7.31092e-01;8.85427e-01;Pipeline { filter(avg_X > 0.0000) }
datasets/geolife_60mins.csv;nsga2;2;13;1300;1300;5.18770e+01;100;100;100;1.00000e+00;1.00000e+00;1.40000e-01;9.17554e-01;7.97059e-01;Pipeline { filter(avg_Y > 4.3900) | filter(avg_Y < 672000.0000) | filter(avg_X > 0.0000) | map_duplicate(probability=0.10) };4.52957e-01;1.00000e+00;Pipeline { filter(avg_X < 9300000000.0000) };7.31092e-01;8.85427e-01;Pipeline { filter(avg_X > 9.3300) };7.31092e-01;8.85427e-01;Pipeline { filter(avg_X > 0.0007) }
datasets/geolife_60mins.csv;nsga2;2;14;1400;1400;5.48710e+01;100;100;100;1.00000e+00;1.00000e+00;1.50000e-01;9.17554e-01;7.97059e-01;Pipeline { filter(avg_Y > 4.3900) | filter(avg_Y < 672000.0000) | filter(avg_X > 0.0000) | map_duplicate(probability=0.10) };4.52957e-01;1.00000e+00;Pipeline { filter(avg_X < 9300000000.0000) };7.31092e-01;8.85427e-01;Pipeline { filter(avg_X > 0.0000) };7.31092e-01;8.85427e-01;Pipeline { filter(avg_X > 0.0000) }
datasets/geolife_60mins.csv;nsga2;2;15;1500;1500;5.75960e+01;100;100;100;1.00000e+00;9.90000e-01;1.00000e-01;9.17756e-01;7.97593e-01;Pipeline { filter(avg_Y > 4.3900) | filter(avg_Y < 672000.0000) | filter(avg_X > 0.0000) | map_duplicate(probability=0.10) };4.52957e-01;1.00000e+00;Pipeline { filter(avg_X < 9300000000.0000) };7.31092e-01;8.85427e-01;Pipeline { filter(avg_X > 0.0000) };7.31092e-01;8.85427e-01;Pipeline { filter(avg_X > 419.0000) }
datasets/geolife_60mins.csv;nsga2;2;16;1600;1600;6.13190e+01;100;100;100;1.00000e+00;1.00000e+00;1.10000e-01;9.18278e-01;7.96070e-01;Pipeline { filter(avg_Y > 4.3900) | filter(avg_Y < 672000.0000) | filter(avg_X > 5.3700) | map_duplicate(probability=0.10) };4.52957e-01;1.00000e+00;Pipeline { filter(avg_X < 9300000000.0000) };7.31092e-01;8.85427e-01;Pipeline { filter(avg_X > 0.0000) };7.31092e-01;8.85427e-01;Pipeline { filter(avg_X > 0.0300) }
datasets/geolife_60mins.csv;nsga2;2;17;1700;1700;6.45130e+01;100;100;100;1.00000e+00;1.00000e+00;1.20000e-01;9.18278e-01;7.96070e-01;Pipeline { filter(avg_Y > 4.3900) | filter(avg_Y < 672000.0000) | filter(avg_X > 5.3700) | map_duplicate(probability=0.10) };4.52957e-01;1.00000e+00;Pipeline { filter(avg_X < 9300000000.0000) };7.31092e-01;8.85427e-01;Pipeline { filter(avg_X > 0.0491) };7.31092e-01;8.85427e-01;Pipeline { filter(avg_X > 0.0650) }
datasets/geolife_60mins.csv;nsga2;2;18;1800;1800;6.72500e+01;100;100;100;1.00000e+00;1.00000e+00;1.30000e-01;9.18278e-01;7.96070e-01;Pipeline { filter(avg_Y > 4.3900) | filter(avg_Y < 672000.0000) | filter(avg_X > 5.3700) | map_duplicate(probability=0.10) };4.52957e-01;1.00000e+00;Pipeline { filter(avg_X < 9300000000.0000) };7.31092e-01;8.85427e-01;Pipeline { filter(avg_X > 0.0000) };7.31092e-01;8.85427e-01;Pipeline { filter(avg_X > 0.0038) }
datasets/geolife_60mins.csv;nsga2;2;19;1900;1900;7.03930e+01;100;100;100;1.00000e+00;9.90000e-01;1.30000e-01;9.18278e-01;7.96070e-01;Pipeline { filter(avg_Y > 4.3900) | filter(avg_Y < 672000.0000) | filter(avg_X > 5.3700) | map_duplicate(probability=0.10) };4.52957e-01;1.00000e+00;Pipeline { filter(avg_X < 9300000000.0000) };7.31092e-01;8.85427e-01;Pipeline { filter(avg_X > 0.0000) };7.31092e-01;8.85427e-01;Pipeline { filter(avg_X > 151.0000) }
datasets/geolife_60mins.csv;nsga2;2;20;2000;2000;7.33280e+01;100;100;100;1.00000e+00;9.90000e-01;1.50000e-01;9.18278e-01;7.96070e-01;Pipeline { filter(avg_Y > 4.3900) | filter(avg_Y < 672000.0000) | filter(avg_X > 5.3700) | map_duplicate(probability=0.10) };4.52957e-01;1.00000e+00;Pipeline { filter(avg_X < 9300000000.0000) };7.31092e-01;8.85427e-01;Pipeline { filter(avg_X > 1370.0000) };7.31092e-01;8.85427e-01;Pipeline { filter(avg_X > 3.5200) }
datasets/geolife_60mins.csv;nsga2;2;21;2100;2100;7.65400e+01;100;100;100;1.00000e+00;1.00000e+00;1.50000e-01;9.18278e-01;7.96070e-01;Pipeline { filter(avg_Y > 4.3900) | filter(avg_Y < 672000.0000) | filter(avg_X > 5.3700) | map_duplicate(probability=0.10) };4.52957e-01;1.00000e+00;Pipeline { filter(avg_X < 9300000000.0000) };7.31092e-01;8.85427e-01;Pipeline { filter(avg_X > 81.2000) };7.31092e-01;8.85427e-01;Pipeline { filter(avg_X > 0.0008) }
datasets/geolife_60mins.csv;nsga2;2;22;2200;2200;7.95690e+01;100;100;100;1.00000e+00;9.90000e-01;1.40000e-01;9.18278e-01;7.96070e-01;Pipeline { filter(avg_Y > 4.3900) | filter(avg_Y < 672000.0000) | filter(avg_X > 5.3700) | map_duplicate(probability=0.10) };4.52957e-01;1.00000e+00;Pipeline { filter(avg_X < 9300000000.0000) };7.31092e-01;8.85427e-01;Pipeline { filter(avg_X > 0.0010) };7.31092e-01;8.85427e-01;Pipeline { filter(avg_X > 0.3200) }
datasets/geolife_60mins.csv;nsga2;2;23;2300;2300;8.24470e+01;100;100;100;1.00000e+00;9.80000e-01;1.30000e-01;9.18335e-01;7.89345e-01;Pipeline { filter(avg_Y > 4.3900) | filter(avg_Y < 272000.0000) | filter(avg_X > 5.3700) | map_duplicate(probability=0.10) };4.52957e-01;1.00000e+00;Pipeline { filter(avg_X < 9300000000.0000) };7.31092e-01;8.85427e-01;Pipeline { filter(avg_X > 0.0098) };7.31092e-01;8.85427e-01;Pipeline { filter(avg_X > 537.0000) }
datasets/geolife_60mins.csv;nsga2;2;24;2400;2400;8.52050e+01;100;100;100;1.00000e+00;9.80000e-01;1.30000e-01;9.18335e-01;7.89345e-01;Pipeline { filter(avg_Y > 4.3900) | filter(avg_Y < 272000.0000) | filter(avg_X > 5.3700) | map_duplicate(probability=0.10) };4.52957e-01;1.00000e+00;Pipeline { filter(avg_X < 9300000000.0000) };7.31092e-01;8.85427e-01;Pipeline { filter(avg_X > 0.3420) };7.31092e-01;8.85427e-01;Pipeline { filter(avg_X > 0.0000) }
datasets/geolife_60mins.csv;nsga2;2;25;2500;2500;8.81100e+01;100;100;100;1.00000e+00;9.90000e-01;1.50000e-01;9.18335e-01;7.89345e-01;Pipeline { filter(avg_Y > 4.3900) | filter(avg_Y < 272000.0000) | filter(avg_X > 5.3700) | map_duplicate(probability=0.10) };4.52957e-01;1.00000e+00;Pipeline { filter(avg_X < 9300000000.0000) };7.31092e-01;8.85427e-01;Pipeline { filter(avg_X > 0.0472) };7.31092e-01;8.85427e-01;Pipeline { filter(avg_X > 0.0090) }
datasets/geolife_60mins.csv;nsga2;2;26;2600;2600;9.16480e+01;100;100;100;1.00000e+00;1.00000e+00;1.50000e-01;9.18335e-01;7.89345e-01;Pipeline { filter(avg_Y > 4.3900) | filter(avg_Y < 272000.0000) | filter(avg_X > 5.3700) | map_duplicate(probability=0.10) };4.52957e-01;1.00000e+00;Pipeline { filter(avg_X < 9300000000.0000) };7.31092e-01;8.85427e-01;Pipeline { filter(avg_X > 0.7480) };7.31092e-01;8.85427e-01;Pipeline { filter(avg_X > 0.0000) }
datasets/geolife_60mins.csv;nsga2;2;27;2700;2700;9.43670e+01;100;100;100;1.00000e+00;1.00000e+00;1.50000e-01;9.18335e-01;7.89345e-01;Pipeline { filter(avg_Y > 4.3900) | filter(avg_Y < 272000.0000) | filter(avg_X > 5.3700) | map_duplicate(probability=0.10) };4.52957e-01;1.00000e+00;Pipeline { filter(avg_X < 9300000000.0000) };7.31092e-01;8.85427e-01;Pipeline { filter(avg_X > 8.6000) };7.31092e-01;8.85427e-01;Pipeline { filter(avg_X > 37.8000) }
datasets/geolife_60mins.csv;nsga2;2;28;2800;2800;9.70860e+01;100;100;100;1.00000e+00;1.00000e+00;1.50000e-01;9.18335e-01;7.89345e-01;Pipeline { filter(avg_Y > 4.3900) | filter(avg_Y < 272000.0000) | filter(avg_X > 5.3700) | map_duplicate(probability=0.10) };4.52957e-01;1.00000e+00;Pipeline { filter(avg_X < 9300000000.0000) };7.31092e-01;8.85427e-01;Pipeline { filter(avg_X > 0.0004) };7.31092e-01;8.85427e-01;Pipeline { filter(avg_X > 0.0346) }
datasets/geolife_60mins.csv;nsga2;2;29;2900;2900;9.97030e+01;100;100;100;1.00000e+00;9.90000e-01;1.60000e-01;9.18863e-01;7.88674e-01;Pipeline { filter(avg_Y > 4.3900) | filter(avg_Y < 272000.0000) | filter(avg_X > 5.3700) | map_duplicate(probability=0.10) };4.52957e-01;1.00000e+00;Pipeline { filter(avg_X < 9300000000.0000) };7.31092e-01;8.85427e-01;Pipeline { filter(avg_X > 0.0093) };7.31092e-01;8.85427e-01;Pipeline { filter(avg_X > 0.0000) }
datasets/geolife_60mins.csv;nsga2;2;30;3000;3000;1.02552e+02;100;100;100;1.00000e+00;9.90000e-01;1.60000e-01;9.18863e-01;7.88674e-01;Pipeline { filter(avg_Y > 4.3900) | filter(avg_Y < 272000.0000) | filter(avg_X > 5.3700) | map_duplicate(probability=0.10) };4.52957e-01;1.00000e+00;Pipeline { filter(avg_X < 9300000000.0000) };7.31092e-01;8.85427e-01;Pipeline { filter(avg_X > 0.0057) };7.31092e-01;8.85427e-01;Pipeline { filter(avg_X > 0.0001) }
datasets/geolife_60mins.csv;nsga2;2;31;3100;3100;1.05273e+02;100;100;100;1.00000e+00;1.00000e+00;1.50000e-01;9.19851e-01;7.89422e-01;Pipeline { filter(avg_Y > 4.3900) | filter(avg_Y < 272000.0000) | filter(avg_X > 0.0000) | map_duplicate(probability=0.10) };4.52957e-01;1.00000e+00;Pipeline { filter(avg_X < 9300000000.0000) };7.31092e-01;8.85427e-01;Pipeline { filter(avg_X > 0.0895) };7.31092e-01;8.85427e-01;Pipeline { filter(avg_X > 0.0533) }
datasets/geolife_60mins.csv;nsga2;2;32;3200;3200;1.08589e+02;100;100;100;1.00000e+00;1.00000e+00;1.60000e-01;9.19851e-01;7.89422e-01;Pipeline { filter(avg_Y > 4.3900) | filter(avg_Y < 272000.0000) | filter(avg_X > 0.0000) | map_duplicate(probability=0.10) };4.52957e-01;1.00000e+00;Pipeline { filter(avg_X < 9300000000.0000) };7.31092e-01;8.85427e-01;Pipeline { filter(avg_X > 0.0000) };7.31092e-01;8.85427e-01;Pipeline { filter(avg_X > 0.0070) }
datasets/geolife_60mins.csv;nsga2;2;33;3300;3300;1.11637e+02;100;100;100;1.00000e+00;9.90000e-01;1.60000e-01;9.19851e-01;7.89422e-01;Pipeline { filter(avg_Y > 4.3900) | filter(avg_Y < 272000.0000) | filter(avg_X > 0.0000) | map_duplicate(probability=0.10) };4.52957e-01;1.00000e+00;Pipeline { filter(avg_X < 9300000000.0000) };7.31092e-01;8.85427e-01;Pipeline { filter(avg_X > 0.0006) };7.31092e-01;8.85427e-01;Pipeline { filter(avg_X > 0.0000) }
datasets/geolife_60mins.csv;nsga2;2;34;3400;3400;1.14918e+02;100;100;100;1.00000e+00;1.00000e+00;1.60000e-01;9.19851e-01;7.89422e-01;Pipeline { filter(avg_Y > 4.3900) | filter(avg_Y < 272000.0000) | filter(avg_X > 0.0000) | map_duplicate(probability=0.10) };4.52957e-01;1.00000e+00;Pipeline { filter(avg_X < 9300000000.0000) };7.31092e-01;8.85427e-01;Pipeline { filter(avg_X > 0.0000) };7.31092e-01;8.85427e-01;Pipeline { filter(avg_X > 0.0044) }
datasets/geolife_60mins.csv;nsga2;2;35;3500;3500;1.17825e+02;100;100;100;1.00000e+00;1.00000e+00;1.60000e-01;9.19851e-01;7.89422e-01;Pipeline { filter(avg_Y > 4.3900) | filter(avg_Y < 272000.0000) | filter(avg_X > 0.0000) | map_duplicate(probability=0.10) };4.52957e-01;1.00000e+00;Pipeline { filter(avg_Y < 3470000.0000) };7.31092e-01;8.85427e-01;Pipeline { filter(avg_X > 0.0000) };7.31092e-01;8.85427e-01;Pipeline { filter(avg_X > 0.6720) }
datasets/geolife_60mins.csv;nsga2;2;36;3600;3600;1.20465e+02;100;100;100;1.00000e+00;9.90000e-01;1.60000e-01;9.24533e-01;7.93868e-01;Pipeline { filter(avg_Y > 4.3900) | filter(avg_Y < 472000.0000) | filter(avg_X > 0.0000) | map_duplicate(probability=0.10) };4.52957e-01;1.00000e+00;Pipeline { filter(avg_Y < 3470000.0000) };7.31092e-01;8.85427e-01;Pipeline { filter(avg_X > 0.0521) };7.31092e-01;8.85427e-01;Pipeline { filter(avg_X > 0.0000) }
datasets/geolife_60mins.csv;nsga2;2;37;3700;3700;1.23125e+02;100;100;100;1.00000e+00;1.00000e+00;1.60000e-01;9.24533e-01;7.93868e-01;Pipeline { filter(avg_Y > 4.3900) | filter(avg_Y < 472000.0000) | filter(avg_X > 0.0000) | map_duplicate(probability=0.10) };4.52957e-01;1.00000e+00;Pipeline { filter(avg_Y < 3470000.0000) };7.31092e-01;8.85427e-01;Pipeline { filter(avg_X > 0.0000) };7.31092e-01;8.85427e-01;Pipeline { filter(avg_X > 0.0905) }
datasets/geolife_60mins.csv;nsga2;2;38;3800;3800;1.26306e+02;100;100;100;1.00000e+00;1.00000e+00;1.80000e-01;9.25350e-01;7.93361e-01;Pipeline { filter(avg_Y > 3.3900) | filter(avg_Y < 472000.0000) | filter(avg_X > 0.0000) | map_duplicate(probability=0.10) };4.52957e-01;1.00000e+00;Pipeline { filter(avg_Y < 386000000.0000) };7.31092e-01;8.85427e-01;Pipeline { filter(avg_X > 0.0894) };7.31092e-01;8.85427e-01;Pipeline { filter(avg_X > 18.9000) }
datasets/geolife_60mins.csv;nsga2;2;39;3900;3900;1.29063e+02;100;100;100;1.00000e+00;1.00000e+00;1.80000e-01;9.26729e-01;7.93378e-01;Pipeline { filter(avg_Y > 3.3900) | filter(avg_Y < 472000.0000) | filter(avg_X > 0.0002) | map_duplicate(probability=0.10) };4.52957e-01;1.00000e+00;Pipeline { filter(avg_Y < 386000000.0000) };7.31092e-01;8.85427e-01;Pipeline { filter(avg_X > 0.0000) };7.31092e-01;8.85427e-01;Pipeline { filter(avg_X > 0.0000) }
datasets/geolife_60mins.csv;nsga2;2;40;4000;4000;1.32187e+02;100;100;100;1.00000e+00;1.00000e+00;1.80000e-01;9.26729e-01;7.93378e-01;Pipeline { filter(avg_Y > 3.3900) | filter(avg_Y < 472000.0000) | filter(avg_X > 0.0002) | map_duplicate(probability=0.10) };4.52957e-01;1.00000e+00;Pipeline { filter(avg_Y < 386000000.0000) };7.31092e-01;8.85427e-01;Pipeline { filter(avg_X > 0.0000) };7.31092e-01;8.85427e-01;Pipeline { filter(avg_X > 0.0000) }
datasets/geolife_60mins.csv;nsga2;2;41;4100;4100;1.35330e+02;100;100;100;1.00000e+00;1.00000e+00;1.80000e-01;9.26729e-01;7.93378e-01;Pipeline { filter(avg_Y > 3.3900) | filter(avg_Y < 472000.0000) | filter(avg_X > 0.0002) | map_duplicate(probability=0.10) };4.52957e-01;1.00000e+00;Pipeline { filter(avg_Y < 386000000.0000) };7.31092e-01;8.85427e-01;Pipeline { filter(avg_X > 0.0000) };7.31092e-01;8.85427e-01;Pipeline { filter(avg_X > 61.0000) }
datasets/geolife_60mins.csv;nsga2;2;42;4200;4200;1.38011e+02;100;100;100;1.00000e+00;1.00000e+00;1.90000e-01;9.26729e-01;7.93378e-01;Pipeline { filter(avg_Y > 3.3900) | filter(avg_Y < 472000.0000) | filter(avg_X > 0.0002) | map_duplicate(probability=0.10) };4.52957e-01;1.00000e+00;Pipeline { filter(avg_Y < 386000000.0000) };7.31092e-01;8.85427e-01;Pipeline { filter(avg_X > 0.0000) };7.31092e-01;8.85427e-01;Pipeline { filter(avg_X > 0.0000) }
datasets/geolife_60mins.csv;nsga2;2;43;4300;4300;1.40676e+02;100;100;100;1.00000e+00;1.00000e+00;1.90000e-01;9.26729e-01;7.93378e-01;Pipeline { filter(avg_Y > 3.3900) | filter(avg_Y < 472000.0000) | filter(avg_X > 0.0002) | map_duplicate(probability=0.10) };4.52957e-01;1.00000e+00;Pipeline { filter(avg_Y < 348000000.0000) };7.31092e-01;8.85427e-01;Pipeline { filter(avg_X > 4.6300) };7.31092e-01;8.85427e-01;Pipeline { filter(avg_X > 1.3700) }
datasets/geolife_60mins.csv;nsga2;2;44;4400;4400;1.43827e+02;100;100;100;1.00000e+00;1.00000e+00;2.00000e-01;9.26729e-01;7.93378e-01;Pipeline { filter(avg_Y > 3.3900) | filter(avg_Y < 472000.0000) | filter(avg_X > 0.0002) | map_duplicate(probability=0.10) };4.52957e-01;1.00000e+00;Pipeline { filter(avg_Y < 348000000.0000) };7.31092e-01;8.85427e-01;Pipeline { filter(avg_X > 0.0000) };7.31092e-01;8.85427e-01;Pipeline { filter(avg_X > 0.0007) }
datasets/geolife_60mins.csv;nsga2;2;45;4500;4500;1.46392e+02;100;100;100;1.00000e+00;9.90000e-01;2.10000e-01;9.26729e-01;7.93378e-01;Pipeline { filter(avg_Y > 3.3900) | filter(avg_Y < 472000.0000) | filter(avg_X > 0.0002) | map_duplicate(probability=0.10) };4.52957e-01;1.00000e+00;Pipeline { filter(avg_Y < 348000000.0000) };7.31092e-01;8.85427e-01;Pipeline { filter(avg_X > 0.0000) };7.31092e-01;8.85427e-01;Pipeline { filter(avg_X > 0.0000) }
datasets/geolife_60mins.csv;nsga2;2;46;4600;4600;1.48897e+02;100;100;100;1.00000e+00;1.00000e+00;2.10000e-01;9.26729e-01;7.93378e-01;Pipeline { filter(avg_Y > 3.3900) | filter(avg_Y < 472000.0000) | filter(avg_X > 0.0002) | map_duplicate(probability=0.10) };4.52957e-01;1.00000e+00;Pipeline { filter(avg_Y < 348000000.0000) };7.31092e-01;8.85427e-01;Pipeline { filter(avg_X > 0.0055) };7.31092e-01;8.85427e-01;Pipeline { filter(avg_X > 0.0002) }
datasets/geolife_60mins.csv;nsga2;2;47;4700;4700;1.51880e+02;100;100;100;1.00000e+00;1.00000e+00;2.10000e-01;9.26729e-01;7.93378e-01;Pipeline { filter(avg_Y > 3.3900) | filter(avg_Y < 472000.0000) | filter(avg_X > 0.0002) | map_duplicate(probability=0.10) };4.52957e-01;1.00000e+00;Pipeline { filter(avg_Y < 348000000.0000) };7.31092e-01;8.85427e-01;Pipeline { filter(avg_X > 0.0000) };7.31092e-01;8.85427e-01;Pipeline { filter(avg_X > 6.4100) }
datasets/geolife_60mins.csv;nsga2;2;48;4800;4800;1.54712e+02;100;100;100;1.00000e+00;1.00000e+00;2.10000e-01;9.26729e-01;7.93378e-01;Pipeline { filter(avg_Y > 3.3900) | filter(avg_Y < 472000.0000) | filter(avg_X > 0.0002) | map_duplicate(probability=0.10) };4.52957e-01;1.00000e+00;Pipeline { filter(avg_Y < 348000000.0000) };7.31092e-01;8.85427e-01;Pipeline { filter(avg_X > 0.0502) };7.31092e-01;8.85427e-01;Pipeline { filter(avg_X > 0.0000) }
datasets/geolife_60mins.csv;nsga2;2;49;4900;4900;1.57717e+02;100;100;100;1.00000e+00;1.00000e+00;2.10000e-01;9.26729e-01;7.93378e-01;Pipeline { filter(avg_Y > 3.3900) | filter(avg_Y < 472000.0000) | filter(avg_X > 0.0002) | map_duplicate(probability=0.10) };4.52957e-01;1.00000e+00;Pipeline { filter(avg_Y < 348000000.0000) };7.31092e-01;8.85427e-01;Pipeline { filter(avg_X > 0.0001) };7.31092e-01;8.85427e-01;Pipeline { filter(avg_X > 0.0000) }
datasets/geolife_60mins.csv;nsga2;2;50;5000;5000;1.60733e+02;100;100;100;1.00000e+00;9.90000e-01;2.10000e-01;9.26729e-01;7.93378e-01;Pipeline { filter(avg_Y > 3.3900) | filter(avg_Y < 472000.0000) | filter(avg_X > 0.0002) | map_duplicate(probability=0.10) };4.52957e-01;1.00000e+00;Pipeline { filter(avg_X < 4440000000.0000) };7.31092e-01;8.85427e-01;Pipeline { filter(avg_X > 3.2400) };7.31092e-01;8.85427e-01;Pipeline { filter(avg_X > 0.0001) }
datasets/geolife_60mins.csv;nsga2;3;1;100;100;5.98200e+00;100;6;32;9.90000e-01;9.90000e-01;6.70000e-01;8.48197e-01;7.47115e-01;Pipeline { filter(avg_X > 8.4600) | filter(avg_Y < 9280000.0000) | map_noise(attribute=avg_Y, percentage=0.05) | map_aggregate(attribute=avg_Y, function=avg, window=5) };4.11639e-01;9.15968e-01;Pipeline { map_duplicate(probability=0.10) };4.11639e-01;9.15968e-01;Pipeline { map_duplicate(probability=0.10) };4.19341e-01;7.14080e-01;Pipeline { map_noise(attribute=avg_Y, percentage=0.10) | filter(avg_Y < 12700000.0000) | filter(avg_Y > 0.0000) | map_aggregate(attribute=avg_Y, function=avg, window=7) }
datasets/geolife_60mins.csv;nsga2;3;2;200;200;1.09880e+01;100;10;1;9.90000e-01;9.90000e-01;9.40000e-01;8.48197e-01;7.47115e-01;Pipeline { filter(avg_X > 8.4600) | filter(avg_Y < 9280000.0000) | map_noise(attribute=avg_Y, percentage=0.05) | map_aggregate(attribute=avg_Y, function=avg, window=5) };4.52957e-01;1.00000e+00;Pipeline { filter(avg_Y < 9020000000.0000) };5.93418e-01;0.00000e+00;Pipeline { map_duplicate(probability=0.50) | filter(avg_Y < 667.0000) | map_aggregate(attribute=avg_X, function=min, window=6) | filter(avg_Y < 804.0000) | map_duplicate(probability=0.80) | filter(avg_X < 227000000.0000) | map_duplicate(probability=0.90) | map_duplicate(probability=1.00) };5.00434e-01;7.88452e-01;Pipeline { map_aggregate(attribute=avg_Y, function=min, window=4) }
datasets/geolife_60mins.csv;nsga2;3;3;300;300;1.61870e+01;100;19;5;9.90000e-01;9.90000e-01;8.40000e-01;8.48197e-01;7.47115e-01;Pipeline { filter(avg_X > 8.4600) | filter(avg_Y < 9280000.0000) | map_noise(attribute=avg_Y, percentage=0.05) | map_aggregate(attribute=avg_Y, function=avg, window=5) };4.52957e-01;1.00000e+00;Pipeline { filter(avg_Y < 9020000000.0000) };7.31092e-01;8.85427e-01;Pipeline { filter(avg_X > 0.0000) | filter(avg_X < 608000000.0000) | filter(avg_X > 0.0682) | filter(avg_X < 89500000.0000) };4.14168e-01;8.28148e-01;Pipeline { filter(avg_Y > 4.4000) }
datasets/geolife_60mins.csv;nsga2;3;4;400;400;1.98170e+01;100;42;1;9.90000e-01;9.90000e-01;5.30000e-01;8.79305e-01;6.81481e-01;Pipeline { filter(avg_X > 8.4600) | filter(avg_Y < 9280000.0000) | map_aggregate(attribute=avg_X, function=avg, window=8) | map_aggregate(attribute=avg_Y, function=avg, window=5) };4.52957e-01;1.00000e+00;Pipeline { filter(avg_Y < 9020000000.0000) };7.38536e-01;7.43628e-01;Pipeline { filter(avg_X > 5500.0000) | map_noise(attribute=avg_X, percentage=0.05) };7.31092e-01;8.85427e-01;Pipeline { filter(avg_X > 0.0001) | filter(avg_X > 0.0001) | filter(avg_X > 3.7700) }
datasets/geolife_60mins.csv;nsga2;3;5;500;500;2.39670e+01;100;79;2;1.00000e+00;1.00000e+00;2.40000e-01;8.79305e-01;6.81481e-01;Pipeline { filter(avg_X > 8.4600) | filter(avg_Y < 9280000.0000) | map_aggregate(attribute=avg_X, function=avg, window=8) | map_aggregate(attribute=avg_Y, function=avg, window=5) };4.52957e-01;1.00000e+00;Pipeline { filter(avg_Y < 9520000000.0000) };7.31092e-01;8.85427e-01;Pipeline { filter(avg_X > 0.0001) | filter(avg_X > 0.0001) | filter(avg_Y < 5670000.0000) };7.31092e-01;8.85427e-01;Pipeline { filter(avg_X > 0.0001) | filter(avg_X > 0.0001) | filter(avg_Y < 5630000000.0000) }
datasets/geolife_60mins.csv;nsga2;3;6;600;600;2.69420e+01;100;100;100;1.00000e+00;1.00000e+00;7.00000e-02;8.79305e-01;6.81481e-01;Pipeline { filter(avg_X > 8.4600) | filter(avg_Y < 9280000.0000) | map_aggregate(attribute=avg_X, function=avg, window=8) | map_aggregate(attribute=avg_Y, function=avg, window=5) };4.52957e-01;1.00000e+00;Pipeline { filter(avg_Y < 9520000000.0000) };7.31092e-01;8.85427e-01;Pipeline { filter(avg_X > 0.0001) | filter(avg_X > 0.0001) | filter(avg_X < 325000000.0000) };7.31092e-01;8.85427e-01;Pipeline { filter(avg_X > 0.0000) | filter(avg_X > 0.0003) | filter(avg_X < 355000000.0000) }
datasets/geolife_60mins.csv;nsga2;3;7;700;700;3.02580e+01;100;100;100;1.00000e+00;1.00000e+00;7.00000e-02;8.79305e-01;6.81481e-01;Pipeline { filter(avg_X > 8.4600) | filter(avg_Y < 9280000.0000) | map_aggregate(attribute=avg_X, function=avg, window=8) | map_aggregate(attribute=avg_Y, function=avg, window=5) };4.52957e-01;1.00000e+00;Pipeline { filter(avg_Y < 9520000000.0000) };7.31092e-01;8.85427e-01;Pipeline { filter(avg_X > 0.0000) | filter(avg_X < 608000000.0000) | filter(avg_X > 0.0682) | filter(avg_X < 89500000.0000) };7.31092e-01;8.85427e-01;Pipeline { filter(avg_X > 0.0000) }
datasets/geolife_60mins.csv;nsga2;3;8;800;800;3.41550e+01;100;100;100;1.00000e+00;1.00000e+00;9.00000e-02;8.79305e-01;6.81481e-01;Pipeline { filter(avg_X > 8.4600) | filter(avg_Y < 9280000.0000) | map_aggregate(attribute=avg_X, function=avg, window=8) | map_aggregate(attribute=avg_Y, function=avg, window=5) };4.52957e-01;1.00000e+00;Pipeline { filter(avg_Y < 9520000000.0000) };7.31092e-01;8.85427e-01;Pipeline { filter(avg_X > 0.0007) };7.31092e-01;8.85427e-01;Pipeline { filter(avg_X > 0.0000) }
datasets/geolife_60mins.csv;nsga2;3;9;900;900;3.73570e+01;100;100;100;1.00000e+00;1.00000e+00;1.20000e-01;8.79305e-01;6.81481e-01;Pipeline { filter(avg_X > 8.4600) | filter(avg_Y < 9280000.0000) | map_aggregate(attribute=avg_X, function=avg, window=8) | map_aggregate(attribute=avg_Y, function=avg, window=5) };4.52957e-01;1.00000e+00;Pipeline { filter(avg_Y < 9520000000.0000) };7.31092e-01;8.85427e-01;Pipeline { filter(avg_X > 7.8000) };7.31092e-01;8.85427e-01;Pipeline { filter(avg_X > 0.0008) }
datasets/geolife_60mins.csv;nsga2;3;10;1000;1000;4.09460e+01;100;100;100;1.00000e+00;1.00000e+00;1.30000e-01;8.79305e-01;6.81481e-01;Pipeline { filter(avg_X > 8.4600) | filter(avg_Y < 9280000.0000) | map_aggregate(attribute=avg_X, function=avg, window=8) | map_aggregate(attribute=avg_Y, function=avg, window=5) };4.52957e-01;1.00000e+00;Pipeline { filter(avg_Y < 9520000000.0000) };7.31092e-01;8.85427e-01;Pipeline { filter(avg_X > 0.0067) };7.31092e-01;8.85427e-01;Pipeline { filter(avg_X > 0.0836) | filter(avg_X > 0.0001) | filter(avg_X > 4.6100) }
datasets/geolife_60mins.csv;nsga2;3;11;1100;1100;4.40650e+01;100;100;100;1.00000e+00;1.00000e+00;7.00000e-02;8.87435e-01;8.68086e-01;Pipeline { filter(avg_X > 0.0000) | filter(avg_Y < 301000.0000) | filter(avg_X > 0.0682) | filter(avg_X < 895000.0000) };4.52957e-01;1.00000e+00;Pipeline { filter(avg_Y < 9520000000.0000) };7.31092e-01;8.85427e-01;Pipeline { filter(avg_X > 0.0013) | filter(avg_X > 0.0001) | filter(avg_X > 0.0000) };7.31092e-01;8.85427e-01;Pipeline { filter(avg_X > 0.0001) }
datasets/geolife_60mins.csv;nsga2;3;12;1200;1200;4.78750e+01;100;100;100;1.00000e+00;9.90000e-01;7.00000e-02;8.87435e-01;8.68086e-01;Pipeline { filter(avg_X > 0.0000) | filter(avg_Y < 301000.0000) | filter(avg_X > 0.0682) | filter(avg_X < 895000.0000) };4.52957e-01;1.00000e+00;Pipeline { filter(avg_Y < 9520000000.0000) };7.31092e-01;8.85427e-01;Pipeline { filter(avg_X > 0.0001) };7.31092e-01;8.85427e-01;Pipeline { filter(avg_X > 3.2900) | filter(avg_Y < 6670000.0000) | filter(avg_X < 375000000.0000) }
datasets/geolife_60mins.csv;nsga2;3;13;1300;1300;5.08350e+01;100;100;100;1.00000e+00;9.90000e-01;8.00000e-02;8.90284e-01;7.29908e-01;Pipeline { filter(avg_X > 0.0000) | filter(avg_Y < 301000.0000) | map_aggregate(attribute=avg_X, function=avg, window=10) | filter(avg_X > 701.0000) | map_aggregate(attribute=avg_X, function=max, window=10) };4.52957e-01;1.00000e+00;Pipeline { filter(avg_Y < 9520000000.0000) };7.31092e-01;8.85427e-01;Pipeline { filter(avg_X > 3.2200) | filter(avg_X > 0.0651) | filter(avg_X < 375000000.0000) };7.31092e-01;8.85427e-01;Pipeline { filter(avg_X > 0.0000) | filter(avg_Y < 638000000.0000) | filter(avg_X > 0.0000) | filter(avg_X < 89500000.0000) }
datasets/geolife_60mins.csv;nsga2;3;14;1400;1400;5.48320e+01;100;100;100;1.00000e+00;1.00000e+00;9.00000e-02;8.90284e-01;7.29908e-01;Pipeline { filter(avg_X > 0.0000) | filter(avg_Y < 301000.0000) | map_aggregate(attribute=avg_X, function=avg, window=10) | filter(avg_X > 701.0000) | map_aggregate(attribute=avg_X, function=max, window=10) };4.52957e-01;1.00000e+00;Pipeline { filter(avg_Y < 9520000000.0000) };7.31092e-01;8.85427e-01;Pipeline { filter(avg_X > 0.0062) };7.31092e-01;8.85427e-01;Pipeline { filter(avg_X > 0.0000) | filter(avg_Y < 678000000.0000) | filter(avg_X > 0.0006) | filter(avg_X > 0.0000) }
datasets/geolife_60mins.csv;nsga2;3;15;1500;1500;5.76790e+01;100;100;100;1.00000e+00;1.00000e+00;9.00000e-02;8.90284e-01;7.29908e-01;Pipeline { filter(avg_X > 0.0000) | filter(avg_Y < 301000.0000) | map_aggregate(attribute=avg_X, function=avg, window=10) | filter(avg_X > 701.0000) | map_aggregate(attribute=avg_X, function=max, window=10) };4.52957e-01;1.00000e+00;Pipeline { filter(avg_Y < 9520000000.0000) };7.31092e-01;8.85427e-01;Pipeline { filter(avg_X > 0.0000) | filter(avg_X < 6080000.0000) | filter(avg_Y < 234000000.0000) | filter(avg_X < 9200000.0000) };7.31092e-01;8.85427e-01;Pipeline { filter(avg_X > 0.0050) }
datasets/geolife_60mins.csv;nsga2;3;16;1600;1600;6.06660e+01;100;100;100;1.00000e+00;1.00000e+00;9.00000e-02;8.90284e-01;7.29908e-01;Pipeline { filter(avg_X > 0.0000) | filter(avg_Y < 301000.0000) | map_aggregate(attribute=avg_X, function=avg, window=10) | filter(avg_X > 701.0000) | map_aggregate(attribute=avg_X, function=max, window=10) };4.52957e-01;1.00000e+00;Pipeline { filter(avg_Y < 9520000000.0000) };7.31092e-01;8.85427e-01;Pipeline { filter(avg_X > 0.6150) };7.31092e-01;8.85427e-01;Pipeline { filter(avg_X > 0.0000) | filter(avg_X > 5200.0000) | filter(avg_X < 35500000.0000) }
datasets/geolife_60mins.csv;nsga2;3;17;1700;1700;6.35000e+01;100;100;100;1.00000e+00;9.90000e-01;9.00000e-02;8.90284e-01;7.29908e-01;Pipeline { filter(avg_X > 0.0000) | filter(avg_Y < 301000.0000) | map_aggregate(attribute=avg_X, function=avg, window=10) | filter(avg_X > 701.0000) | map_aggregate(attribute=avg_X, function=max, window=10) };4.52957e-01;1.00000e+00;Pipeline { filter(avg_Y < 9520000000.0000) };7.31092e-01;8.85427e-01;Pipeline { filter(avg_X > 4.9800) | filter(avg_X > 5100.0000) | filter(avg_Y < 35500000.0000) };7.31092e-01;8.85427e-01;Pipeline { filter(avg_X > 8.5000) }
datasets/geolife_60mins.csv;nsga2;3;18;1800;1800;6.70520e+01;100;100;100;1.00000e+00;1.00000e+00;1.00000e-01;9.07734e-01;7.26768e-01;Pipeline { filter(avg_X > 0.0000) | filter(avg_Y < 301000.0000) | map_aggregate(attribute=avg_X, function=avg, window=10) | filter(avg_X > 701.0000) | map_duplicate(probability=0.10) };4.52957e-01;1.00000e+00;Pipeline { filter(avg_Y < 9520000000.0000) };7.31092e-01;8.85427e-01;Pipeline { filter(avg_X > 0.0000) };7.31092e-01;8.85427e-01;Pipeline { filter(avg_X > 7.7800) }
datasets/geolife_60mins.csv;nsga2;3;19;1900;1900;7.05230e+01;100;100;100;1.00000e+00;9.90000e-01;1.10000e-01;9.08729e-01;7.26880e-01;Pipeline { filter(avg_X > 0.0000) | filter(avg_Y < 301000.0000) | map_aggregate(attribute=avg_X, function=avg, window=10) | filter(avg_X > 701.0000) | map_duplicate(probability=0.10) };4.52957e-01;1.00000e+00;Pipeline { filter(avg_Y < 9520000000.0000) };7.31092e-01;8.85427e-01;Pipeline { filter(avg_X > 18.5000) };7.31092e-01;8.85427e-01;Pipeline { filter(avg_X > 0.0001) }
datasets/geolife_60mins.csv;nsga2;3;20;2000;2000;7.35860e+01;100;100;100;1.00000e+00;9.90000e-01;1.20000e-01;9.08729e-01;7.26880e-01;Pipeline { filter(avg_X > 0.0000) | filter(avg_Y < 301000.0000) | map_aggregate(attribute=avg_X, function=avg, window=10) | filter(avg_X > 701.0000) | map_duplicate(probability=0.10) };4.52957e-01;1.00000e+00;Pipeline { filter(avg_Y < 9520000000.0000) };7.31092e-01;8.85427e-01;Pipeline { filter(avg_X > 0.0000) | filter(avg_X > 0.0000) | filter(avg_X > 0.0694) | filter(avg_X > 3180.0000) };7.31092e-01;8.85427e-01;Pipeline { filter(avg_X > 0.0000) | filter(avg_X < 678000000.0000) | filter(avg_X > 0.0682) | filter(avg_X < 8950000.0000) }
datasets/geolife_60mins.csv;nsga2;3;21;2100;2100;7.74730e+01;100;100;100;1.00000e+00;1.00000e+00;1.10000e-01;9.10170e-01;7.27235e-01;Pipeline { filter(avg_X > 0.0000) | filter(avg_Y < 301000.0000) | map_aggregate(attribute=avg_X, function=avg, window=10) | filter(avg_X > 66.0000) | map_duplicate(probability=0.10) };4.52957e-01;1.00000e+00;Pipeline { filter(avg_Y < 9520000000.0000) };7.31092e-01;8.85427e-01;Pipeline { filter(avg_X > 0.0000) };7.31092e-01;8.85427e-01;Pipeline { filter(avg_X > 0.0001) | filter(avg_X > 0.0006) | filter(avg_Y < 805000000.0000) }
datasets/geolife_60mins.csv;nsga2;3;22;2200;2200;8.04580e+01;100;100;100;1.00000e+00;1.00000e+00;1.10000e-01;9.10170e-01;7.27235e-01;Pipeline { filter(avg_X > 0.0000) | filter(avg_Y < 301000.0000) | map_aggregate(attribute=avg_X, function=avg, window=10) | filter(avg_X > 66.0000) | map_duplicate(probability=0.10) };4.52957e-01;1.00000e+00;Pipeline { filter(avg_Y < 9520000000.0000) };7.31092e-01;8.85427e-01;Pipeline { filter(avg_X > 48.8000) | filter(avg_Y < 698000000.0000) | filter(avg_X > 0.0000) | filter(avg_X > 9.0400) };7.31092e-01;8.85427e-01;Pipeline { filter(avg_X > 0.0000) | filter(avg_Y < 948000000.0000) | filter(avg_X > 0.0000) | filter(avg_X > 9.1400) }
datasets/geolife_60mins.csv;nsga2;3;23;2300;2300;8.39660e+01;100;100;100;1.00000e+00;1.00000e+00;1.10000e-01;9.10170e-01;7.27235e-01;Pipeline { filter(avg_X > 0.0000) | filter(avg_Y < 301000.0000) | map_aggregate(attribute=avg_X, function=avg, window=10) | filter(avg_X > 66.0000) | map_duplicate(probability=0.10) };4.52957e-01;1.00000e+00;Pipeline { filter(avg_Y < 9520000000.0000) };7.31092e-01;8.85427e-01;Pipeline { filter(avg_X > 0.0000) | filter(avg_X > 0.0000) | filter(avg_X > 0.0694) | filter(avg_X > 3180.0000) };7.31092e-01;8.85427e-01;Pipeline { filter(avg_X > 0.0000) | filter(avg_X > 0.0000) | filter(avg_X > 0.0684) | filter(avg_X > 3150.0000) }
datasets/geolife_60mins.csv;nsga2;3;24;2400;2400;8.70790e+01;100;100;100;1.00000e+00;1.00000e+00;1.30000e-01;9.10170e-01;7.27235e-01;Pipeline { filter(avg_X > 0.0000) | filter(avg_Y < 301000.0000) | map_aggregate(attribute=avg_X, function=avg, window=10) | filter(avg_X > 66.0000) | map_duplicate(probability=0.10) };4.52957e-01;1.00000e+00;Pipeline { filter(avg_Y < 9520000000.0000) };7.31092e-01;8.85427e-01;Pipeline { filter(avg_X > 0.0001) };7.31092e-01;8.85427e-01;Pipeline { filter(avg_X > 0.0000) | filter(avg_X > 0.0000) | filter(avg_X > 6.8200) | filter(avg_X > 0.0059) }
datasets/geolife_60mins.csv;nsga2;3;25;2500;2500;9.03140e+01;100;100;100;1.00000e+00;1.00000e+00;1.40000e-01;9.10170e-01;7.27235e-01;Pipeline { filter(avg_X > 0.0000) | filter(avg_Y < 301000.0000) | map_aggregate(attribute=avg_X, function=avg, window=10) | filter(avg_X > 66.0000) | map_duplicate(probability=0.10) };4.52957e-01;1.00000e+00;Pipeline { filter(avg_Y < 9520000000.0000) };7.31092e-01;8.85427e-01;Pipeline { filter(avg_X > 0.0048) };7.31092e-01;8.85427e-01;Pipeline { filter(avg_X > 0.0000) | filter(avg_X > 0.0000) | filter(avg_X > 0.0961) | filter(avg_X > 3150.0000) }
datasets/geolife_60mins.csv;nsga2;3;26;2600;2600;9.38530e+01;100;100;100;1.00000e+00;1.00000e+00;1.30000e-01;9.10170e-01;7.27235e-01;Pipeline { filter(avg_X > 0.0000) | filter(avg_Y < 301000.0000) | map_aggregate(attribute=avg_X, function=avg, window=10) | filter(avg_X > 66.0000) | map_duplicate(probability=0.10) };4.52957e-01;1.00000e+00;Pipeline { filter(avg_Y < 9520000000.0000) };7.31092e-01;8.85427e-01;Pipeline { filter(avg_X > 0.0000) | filter(avg_X > 0.0000) | filter(avg_X > 0.0238) | filter(avg_X > 229.0000) };7.31092e-01;8.85427e-01;Pipeline { filter(avg_X > 0.0000) | filter(avg_X > 0.0000) | filter(avg_X > 0.0000) | filter(avg_X > 886.0000) }
datasets/geolife_60mins.csv;nsga2;3;27;2700;2700;9.67540e+01;100;100;100;1.00000e+00;1.00000e+00;1.40000e-01;9.10170e-01;7.27235e-01;Pipeline { filter(avg_X > 0.0000) | filter(avg_Y < 301000.0000) | map_aggregate(attribute=avg_X, function=avg, window=10) | filter(avg_X > 66.0000) | map_duplicate(probability=0.10) };4.52957e-01;1.00000e+00;Pipeline { filter(avg_Y < 9520000000.0000) };7.31092e-01;8.85427e-01;Pipeline { filter(avg_X > 46.8000) };7.31092e-01;8.85427e-01;Pipeline { filter(avg_X > 846.0000) | filter(avg_X > 0.0006) | filter(avg_X > 1.9900) }
datasets/geolife_60mins.csv;nsga2;3;28;2800;2800;1.01868e+02;100;100;100;1.00000e+00;9.90000e-01;1.60000e-01;9.10170e-01;7.27235e-01;Pipeline { filter(avg_X > 0.0000) | filter(avg_Y < 301000.0000) | map_aggregate(attribute=avg_X, function=avg, window=10) | filter(avg_X > 66.0000) | map_duplicate(probability=0.10) };4.52957e-01;1.00000e+00;Pipeline { filter(avg_Y < 9520000000.0000) };7.31092e-01;8.85427e-01;Pipeline { filter(avg_X > 0.0000) | filter(avg_X > 0.0000) | filter(avg_X > 0.0000) | filter(avg_X > 886.0000) };7.31092e-01;8.85427e-01;Pipeline { filter(avg_X > 0.0000) | filter(avg_X > 0.0342) | filter(avg_X > 0.0000) | filter(avg_X > 0.0036) }
datasets/geolife_60mins.csv;nsga2;3;29;2900;2900;1.05131e+02;100;100;100;1.00000e+00;1.00000e+00;1.60000e-01;9.10170e-01;7.27235e-01;Pipeline { filter(avg_X > 0.0000) | filter(avg_Y < 301000.0000) | map_aggregate(attribute=avg_X, function=avg, window=10) | filter(avg_X > 66.0000) | map_duplicate(probability=0.10) };4.52957e-01;1.00000e+00;Pipeline { filter(avg_Y < 9520000000.0000) };7.31092e-01;8.85427e-01;Pipeline { filter(avg_X > 0.0000) | filter(avg_X > 0.0000) | filter(avg_X > 0.0023) | filter(avg_X > 3180.0000) };7.31092e-01;8.85427e-01;Pipeline { filter(avg_X > 0.0000) | filter(avg_X > 0.0000) | filter(avg_X > 6.2200) | filter(avg_X < 925000000.0000) }
datasets/geolife_60mins.csv;nsga2;3;30;3000;3000;1.08085e+02;100;100;100;1.00000e+00;1.00000e+00;1.70000e-01;9.38014e-01;6.90271e-01;Pipeline { filter(avg_Y > 0.0000) | filter(avg_Y < 301000.0000) | map_aggregate(attribute=avg_X, function=avg, window=10) | filter(avg_X > 66.0000) | map_duplicate(probability=0.10) };4.52957e-01;1.00000e+00;Pipeline { filter(avg_Y < 9520000000.0000) };7.31092e-01;8.85427e-01;Pipeline { filter(avg_X > 0.0000) | filter(avg_X > 0.0003) | filter(avg_X < 299000000.0000) };7.31092e-01;8.85427e-01;Pipeline { filter(avg_X > 0.0000) | filter(avg_X > 0.0000) | filter(avg_X > 0.0684) | filter(avg_X > 702.0000) }
datasets/geolife_60mins.csv;nsga2;3;31;3100;3100;1.11275e+02;100;100;100;1.00000e+00;9.90000e-01;1.80000e-01;9.40819e-01;6.89839e-01;Pipeline { filter(avg_Y > 0.0000) | filter(avg_Y < 301000.0000) | map_aggregate(attribute=avg_X, function=avg, window=10) | filter(avg_X > 66.0000) | map_duplicate(probability=0.10) };4.52957e-01;1.00000e+00;Pipeline { filter(avg_Y < 9520000000.0000) };7.31092e-01;8.85427e-01;Pipeline { filter(avg_X > 0.0000) | filter(avg_X > 0.0342) | filter(avg_X > 9.0600) | filter(avg_X > 0.0031) };7.31092e-01;8.85427e-01;Pipeline { filter(avg_X > 0.0000) | filter(avg_X > 0.0000) | filter(avg_X > 6.2200) | filter(avg_X < 925000000.0000) }
datasets/geolife_60mins.csv;nsga2;3;32;3200;3200;1.13987e+02;100;100;100;1.00000e+00;1.00000e+00;1.90000e-01;9.43197e-01;6.90005e-01;Pipeline { filter(avg_Y > 0.0000) | filter(avg_Y < 301000.0000) | map_aggregate(attribute=avg_X, function=avg, window=9) | filter(avg_X > 66.0000) | map_duplicate(probability=0.10) };4.52957e-01;1.00000e+00;Pipeline { filter(avg_Y < 9520000000.0000) };7.31092e-01;8.85427e-01;Pipeline { filter(avg_X > 0.0000) };7.31092e-01;8.85427e-01;Pipeline { filter(avg_X > 0.0000) | filter(avg_X > 0.0942) | filter(avg_X > 9.0600) | filter(avg_X > 0.0036) }
datasets/geolife_60mins.csv;nsga2;3;33;3300;3300;1.17707e+02;100;100;100;1.00000e+00;1.00000e+00;1.90000e-01;9.43197e-01;6.90005e-01;Pipeline { filter(avg_Y > 0.0000) | filter(avg_Y < 301000.0000) | map_aggregate(attribute=avg_X, function=avg, window=9) | filter(avg_X > 66.0000) | map_duplicate(probability=0.10) };4.52957e-01;1.00000e+00;Pipeline { filter(avg_Y < 9520000000.0000) };7.31092e-01;8.85427e-01;Pipeline { filter(avg_X > 28.5000) };7.31092e-01;8.85427e-01;Pipeline { filter(avg_X > 0.0000) }
datasets/geolife_60mins.csv;nsga2;3;34;3400;3400;1.20539e+02;100;100;100;1.00000e+00;1.00000e+00;1.90000e-01;9.43197e-01;6.90005e-01;Pipeline { filter(avg_Y > 0.0000) | filter(avg_Y < 301000.0000) | map_aggregate(attribute=avg_X, function=avg, window=9) | filter(avg_X > 66.0000) | map_duplicate(probability=0.10) };4.52957e-01;1.00000e+00;Pipeline { filter(avg_Y < 9520000000.0000) };7.31092e-01;8.85427e-01;Pipeline { filter(avg_X > 0.0000) | filter(avg_X < 708000000.0000) | filter(avg_X > 1000.0000) | filter(avg_X > 0.0036) };7.31092e-01;8.85427e-01;Pipeline { filter(avg_X > 0.0000) | filter(avg_X > 0.0000) | filter(avg_X > 0.0687) | filter(avg_X > 0.0000) }
datasets/geolife_60mins.csv;nsga2;3;35;3500;3500;1.23631e+02;100;100;100;1.00000e+00;1.00000e+00;2.20000e-01;9.43197e-01;6.90005e-01;Pipeline { filter(avg_Y > 0.0000) | filter(avg_Y < 301000.0000) | map_aggregate(attribute=avg_X, function=avg, window=9) | filter(avg_X > 66.0000) | map_duplicate(probability=0.10) };4.52957e-01;1.00000e+00;Pipeline { filter(avg_Y < 9520000000.0000) };7.31092e-01;8.85427e-01;Pipeline { filter(avg_X > 0.0000) | filter(avg_X > 0.0000) | filter(avg_X > 94.2000) | filter(avg_X > 0.0033) };7.31092e-01;8.85427e-01;Pipeline { filter(avg_X > 0.0000) }
datasets/geolife_60mins.csv;nsga2;3;36;3600;3600;1.27150e+02;100;100;100;1.00000e+00;1.00000e+00;2.10000e-01;9.51358e-01;6.91098e-01;Pipeline { filter(avg_X > 0.0000) | filter(avg_Y < 301000.0000) | map_aggregate(attribute=avg_X, function=avg, window=10) | filter(avg_Y > 66.0000) | map_duplicate(probability=0.10) };4.52957e-01;1.00000e+00;Pipeline { filter(avg_Y < 9520000000.0000) };7.31092e-01;8.85427e-01;Pipeline { filter(avg_X > 0.0000) };7.31092e-01;8.85427e-01;Pipeline { filter(avg_X > 0.2360) | filter(avg_X > 11.0000) | filter(avg_Y < 937000000.0000) }
datasets/geolife_60mins.csv;nsga2;3;37;3700;3700;1.30096e+02;100;100;100;1.00000e+00;1.00000e+00;2.10000e-01;9.51358e-01;6.91098e-01;Pipeline { filter(avg_X > 0.0000) | filter(avg_Y < 301000.0000) | map_aggregate(attribute=avg_X, function=avg, window=10) | filter(avg_Y > 66.0000) | map_duplicate(probability=0.10) };4.52957e-01;1.00000e+00;Pipeline { filter(avg_Y < 9520000000.0000) };7.31092e-01;8.85427e-01;Pipeline { filter(avg_X > 0.0000) | filter(avg_X > 0.0000) | filter(avg_X > 0.0000) | filter(avg_X < 1730000000.0000) };7.31092e-01;8.85427e-01;Pipeline { filter(avg_X > 0.0000) | filter(avg_X > 0.0000) | filter(avg_X > 0.0000) | filter(avg_X > 0.0000) }
datasets/geolife_60mins.csv;nsga2;3;38;3800;3800;1.33071e+02;100;100;100;1.00000e+00;1.00000e+00;2.30000e-01;9.51358e-01;6.91098e-01;Pipeline { filter(avg_X > 0.0000) | filter(avg_Y < 301000.0000) | map_aggregate(attribute=avg_X, function=avg, window=10) | filter(avg_Y > 66.0000) | map_duplicate(probability=0.10) };4.52957e-01;1.00000e+00;Pipeline { filter(avg_Y < 9520000000.0000) };7.31092e-01;8.85427e-01;Pipeline { filter(avg_X > 0.0000) | filter(avg_X > 0.0349) | filter(avg_X > 0.0000) | filter(avg_X > 44.4000) };7.31092e-01;8.85427e-01;Pipeline { filter(avg_X > 0.0000) | filter(avg_X > 0.0001) | filter(avg_X > 0.0000) | filter(avg_X < 1730000000.0000) }
datasets/geolife_60mins.csv;nsga2;3;39;3900;3900;1.36493e+02;100;100;100;1.00000e+00;1.00000e+00;2.30000e-01;9.51358e-01;6.91098e-01;Pipeline { filter(avg_X > 0.0000) | filter(avg_Y < 301000.0000) | map_aggregate(attribute=avg_X, function=avg, window=10) | filter(avg_Y > 66.0000) | map_duplicate(probability=0.10) };4.52957e-01;1.00000e+00;Pipeline { filter(avg_Y < 9520000000.0000) };7.31092e-01;8.85427e-01;Pipeline { filter(avg_X > 0.0000) };7.31092e-01;8.85427e-01;Pipeline { filter(avg_X > 0.0000) | filter(avg_X < 210000000.0000) | filter(avg_X > 0.0000) | filter(avg_X > 0.0036) }
datasets/geolife_60mins.csv;nsga2;3;40;4000;4000;1.40059e+02;100;100;100;1.00000e+00;9.90000e-01;2.40000e-01;9.51869e-01;6.90841e-01;Pipeline { filter(avg_X > 0.0001) | filter(avg_Y < 301000.0000) | map_aggregate(attribute=avg_X, function=avg, window=10) | filter(avg_Y > 366.0000) | map_duplicate(probability=0.10) };4.52957e-01;1.00000e+00;Pipeline { filter(avg_Y < 9520000000.0000) };7.31092e-01;8.85427e-01;Pipeline { filter(avg_X > 0.0000) };7.31092e-01;8.85427e-01;Pipeline { filter(avg_X > 0.0944) }
datasets/geolife_60mins.csv;nsga2;3;41;4100;4100;1.43345e+02;100;100;100;1.00000e+00;1.00000e+00;2.60000e-01;9.51869e-01;6.90841e-01;Pipeline { filter(avg_X > 0.0001) | filter(avg_Y < 301000.0000) | map_aggregate(attribute=avg_X, function=avg, window=10) | filter(avg_Y > 366.0000) | map_duplicate(probability=0.10) };4.52957e-01;1.00000e+00;Pipeline { filter(avg_Y < 9520000000.0000) };7.31092e-01;8.85427e-01;Pipeline { filter(avg_X > 3.9300) };7.31092e-01;8.85427e-01;Pipeline { filter(avg_X > 0.0000) | filter(avg_X > 0.0001) | filter(avg_Y < 49700000.0000) }
datasets/geolife_60mins.csv;nsga2;3;42;4200;4200;1.46790e+02;100;100;100;1.00000e+00;1.00000e+00;2.60000e-01;9.51869e-01;6.90841e-01;Pipeline { filter(avg_X > 0.0001) | filter(avg_Y < 301000.0000) | map_aggregate(attribute=avg_X, function=avg, window=10) | filter(avg_Y > 366.0000) | map_duplicate(probability=0.10) };4.52957e-01;1.00000e+00;Pipeline { filter(avg_Y < 9520000000.0000) };7.31092e-01;8.85427e-01;Pipeline { filter(avg_X > 0.0373) };7.31092e-01;8.85427e-01;Pipeline { filter(avg_X > 0.2330) | filter(avg_X > 0.0000) | filter(avg_X < 937000000.0000) }
datasets/geolife_60mins.csv;nsga2;3;43;4300;4300;1.50304e+02;100;100;100;1.00000e+00;1.00000e+00;2.60000e-01;9.51869e-01;6.90841e-01;Pipeline { filter(avg_X > 0.0001) | filter(avg_Y < 301000.0000) | map_aggregate(attribute=avg_X, function=avg, window=10) | filter(avg_Y > 366.0000) | map_duplicate(probability=0.10) };4.52957e-01;1.00000e+00;Pipeline { filter(avg_Y < 9520000000.0000) };7.31092e-01;8.85427e-01;Pipeline { filter(avg_X > 0.1330) | filter(avg_X > 11.0000) | filter(avg_X > 0.0000) };7.31092e-01;8.85427e-01;Pipeline { filter(avg_X > 1160.0000) | filter(avg_X > 346.0000) | filter(avg_X > 0.0905) | filter(avg_X > 3570.0000) }
datasets/geolife_60mins.csv;nsga2;3;44;4400;4400;1.53594e+02;100;100;100;1.00000e+00;1.00000e+00;2.10000e-01;9.51869e-01;6.90841e-01;Pipeline { filter(avg_X > 0.0001) | filter(avg_Y < 301000.0000) | map_aggregate(attribute=avg_X, function=avg, window=10) | filter(avg_Y > 366.0000) | map_duplicate(probability=0.10) };4.52957e-01;1.00000e+00;Pipeline { filter(avg_Y < 9520000000.0000) };7.31092e-01;8.85427e-01;Pipeline { filter(avg_X > 0.0009) };7.31092e-01;8.85427e-01;Pipeline { filter(avg_X > 11.6000) | filter(avg_X > 346.0000) | filter(avg_X > 0.0905) | filter(avg_X > 3570.0000) }
datasets/geolife_60mins.csv;nsga2;3;45;4500;4500;1.56521e+02;100;100;100;1.00000e+00;1.00000e+00;2.10000e-01;9.51869e-01;6.90841e-01;Pipeline { filter(avg_X > 0.0001) | filter(avg_Y < 301000.0000) | map_aggregate(attribute=avg_X, function=avg, window=10) | filter(avg_Y > 366.0000) | map_duplicate(probability=0.10) };4.52957e-01;1.00000e+00;Pipeline { filter(avg_Y < 9520000000.0000) };7.31092e-01;8.85427e-01;Pipeline { filter(avg_X > 0.1330) | filter(avg_X > 0.0000) | filter(avg_Y < 931000000.0000) };7.31092e-01;8.85427e-01;Pipeline { filter(avg_X > 0.1330) | filter(avg_X > 11.0000) | filter(avg_X > 0.0000) }
datasets/geolife_60mins.csv;nsga2;3;46;4600;4600;1.59344e+02;100;100;100;1.00000e+00;1.00000e+00;2.20000e-01;9.51869e-01;6.90841e-01;Pipeline { filter(avg_X > 0.0001) | filter(avg_Y < 301000.0000) | map_aggregate(attribute=avg_X, function=avg, window=10) | filter(avg_Y > 366.0000) | map_duplicate(probability=0.10) };4.52957e-01;1.00000e+00;Pipeline { filter(avg_Y < 9520000000.0000) };7.31092e-01;8.85427e-01;Pipeline { filter(avg_X > 0.0012) | filter(avg_X > 346.0000) | filter(avg_X > 0.0805) | filter(avg_X > 0.0002) };7.31092e-01;8.85427e-01;Pipeline { filter(avg_X > 3160.0000) | filter(avg_X > 346.0000) | filter(avg_X > 0.0228) | filter(avg_X > 0.0006) }
datasets/geolife_60mins.csv;nsga2;3;47;4700;4700;1.62310e+02;100;100;100;1.00000e+00;9.80000e-01;2.30000e-01;9.51869e-01;6.90841e-01;Pipeline { filter(avg_X > 0.0001) | filter(avg_Y < 301000.0000) | map_aggregate(attribute=avg_X, function=avg, window=10) | filter(avg_Y > 366.0000) | map_duplicate(probability=0.10) };4.52957e-01;1.00000e+00;Pipeline { filter(avg_Y < 9520000000.0000) };7.31092e-01;8.85427e-01;Pipeline { filter(avg_X > 0.0000) };7.31092e-01;8.85427e-01;Pipeline { filter(avg_X > 0.0000) }
datasets/geolife_60mins.csv;nsga2;3;48;4800;4800;1.65418e+02;100;100;100;1.00000e+00;1.00000e+00;2.30000e-01;9.51869e-01;6.90841e-01;Pipeline { filter(avg_X > 0.0001) | filter(avg_Y < 301000.0000) | map_aggregate(attribute=avg_X, function=avg, window=10) | filter(avg_Y > 366.0000) | map_duplicate(probability=0.10) };4.52957e-01;1.00000e+00;Pipeline { filter(avg_Y < 9520000000.0000) };7.31092e-01;8.85427e-01;Pipeline { filter(avg_X > 0.0046) };7.31092e-01;8.85427e-01;Pipeline { filter(avg_X > 0.0000) }
datasets/geolife_60mins.csv;nsga2;3;49;4900;4900;1.68474e+02;100;100;100;1.00000e+00;1.00000e+00;2.30000e-01;9.51869e-01;6.90841e-01;Pipeline { filter(avg_X > 0.0001) | filter(avg_Y < 301000.0000) | map_aggregate(attribute=avg_X, function=avg, window=10) | filter(avg_Y > 366.0000) | map_duplicate(probability=0.10) };4.52957e-01;1.00000e+00;Pipeline { filter(avg_Y < 9520000000.0000) };7.31092e-01;8.85427e-01;Pipeline { filter(avg_X > 0.0000) | filter(avg_X > 346.0000) | filter(avg_X > 0.0806) | filter(avg_X > 0.0002) };7.31092e-01;8.85427e-01;Pipeline { filter(avg_X > 0.0003) | filter(avg_X > 0.0000) | filter(avg_Y < 49700000.0000) }
datasets/geolife_60mins.csv;nsga2;3;50;5000;5000;1.71780e+02;100;100;100;1.00000e+00;1.00000e+00;2.40000e-01;9.51869e-01;6.90841e-01;Pipeline { filter(avg_X > 0.0001) | filter(avg_Y < 301000.0000) | map_aggregate(attribute=avg_X, function=avg, window=10) | filter(avg_Y > 366.0000) | map_duplicate(probability=0.10) };4.52957e-01;1.00000e+00;Pipeline { filter(avg_Y < 9520000000.0000) };7.31092e-01;8.85427e-01;Pipeline { filter(avg_X > 5440.0000) };7.31092e-01;8.85427e-01;Pipeline { filter(avg_X > 0.0000) | filter(avg_X > 0.0000) | filter(avg_X > 53.9000) }
datasets/geolife_60mins.csv;nsga2;4;1;100;100;4.68500e+00;100;6;39;9.70000e-01;9.70000e-01;6.00000e-01;7.77056e-01;7.32524e-01;Pipeline { filter(avg_X > 0.0001) | map_noise(attribute=avg_X, percentage=0.25) | map_noise(attribute=avg_Y, percentage=0.10) };4.52957e-01;1.00000e+00;Pipeline { filter(avg_Y < 7510000.0000) };4.13922e-01;7.09148e-01;Pipeline { filter(avg_Y < 490000000.0000) | map_aggregate(attribute=avg_X, function=min, window=8) | filter(avg_Y > 0.0000) };2.38448e-01;7.31059e-01;Pipeline { map_duplicate(probability=0.90) }
datasets/geolife_60mins.csv;nsga2;4;2;200;200;1.02930e+01;100;6;3;9.70000e-01;9.60000e-01;9.40000e-01;8.55983e-01;2.02056e-01;Pipeline { map_aggregate(attribute=avg_Y, function=avg, window=8) | map_aggregate(attribute=avg_Y, function=min, window=10) | map_duplicate(probability=1.00) | map_noise(attribute=avg_X, percentage=0.10) | map_aggregate(attribute=avg_X, function=min, window=7) | filter(avg_Y < 6100000000.0000) | map_duplicate(probability=0.50) | filter(avg_Y < 10.8000) | map_duplicate(probability=0.80) | filter(avg_X > 0.0000) };4.52957e-01;1.00000e+00;Pipeline { filter(avg_Y < 7510000.0000) };4.83362e-01;7.97070e-01;Pipeline { map_aggregate(attribute=avg_Y, function=avg, window=3) };5.34373e-01;7.83834e-01;Pipeline { map_duplicate(probability=0.50) | filter(avg_Y < 3840000.0000) | filter(avg_X > 6.4200) }
datasets/geolife_60mins.csv;nsga2;4;3;300;300;1.46260e+01;100;11;5;9.80000e-01;9.70000e-01;8.50000e-01;8.55983e-01;2.02056e-01;Pipeline { map_aggregate(attribute=avg_Y, function=avg, window=8) | map_aggregate(attribute=avg_Y, function=min, window=10) | map_duplicate(probability=1.00) | map_noise(attribute=avg_X, percentage=0.10) | map_aggregate(attribute=avg_X, function=min, window=7) | filter(avg_Y < 6100000000.0000) | map_duplicate(probability=0.50) | filter(avg_Y < 10.8000) | map_duplicate(probability=0.80) | filter(avg_X > 0.0000) };4.52957e-01;1.00000e+00;Pipeline { filter(avg_Y < 7510000.0000) };7.17016e-01;2.48223e-01;Pipeline { map_aggregate(attribute=avg_Y, function=avg, window=8) | map_aggregate(attribute=avg_Y, function=min, window=10) | map_duplicate(probability=1.00) | map_noise(attribute=avg_X, percentage=0.10) | map_aggregate(attribute=avg_X, function=min, window=4) | filter(avg_Y < 6100000000.0000) | map_duplicate(probability=0.50) | filter(avg_Y < 10.8000) | map_duplicate(probability=0.60) | filter(avg_X > 0.0000) };4.14159e-01;8.28136e-01;Pipeline { filter(avg_Y > 131.0000) }
datasets/geolife_60mins.csv;nsga2;4;4;400;400;1.96770e+01;100;18;17;9.90000e-01;9.80000e-01;7.70000e-01;8.55983e-01;2.02056e-01;Pipeline { map_aggregate(attribute=avg_Y, function=avg, window=8) | map_aggregate(attribute=avg_Y, function=min, window=10) | map_duplicate(probability=1.00) | map_noise(attribute=avg_X, percentage=0.10) | map_aggregate(attribute=avg_X, function=min, window=7) | filter(avg_Y < 6100000000.0000) | map_duplicate(probability=0.50) | filter(avg_Y < 10.8000) | map_duplicate(probability=0.80) | filter(avg_X > 0.0000) };4.52957e-01;1.00000e+00;Pipeline { filter(avg_X < 7510000.0000) };7.31092e-01;7.56687e-01;Pipeline { map_aggregate(attribute=avg_Y, function=max, window=9) | filter(avg_Y < 3840000.0000) | filter(avg_X > 6.4200) };4.14168e-01;8.28148e-01;Pipeline { filter(avg_Y > 0.0000) }
datasets/geolife_60mins.csv;nsga2;4;5;500;500;2.35450e+01;100;34;19;9.90000e-01;9.90000e-01;6.90000e-01;8.55983e-01;2.02056e-01;Pipeline { map_aggregate(attribute=avg_Y, function=avg, window=8) | map_aggregate(attribute=avg_Y, function=min, window=10) | map_duplicate(probability=1.00) | map_noise(attribute=avg_X, percentage=0.10) | map_aggregate(attribute=avg_X, function=min, window=7) | filter(avg_Y < 6100000000.0000) | map_duplicate(probability=0.50) | filter(avg_Y < 10.8000) | map_duplicate(probability=0.80) | filter(avg_X > 0.0000) };4.52957e-01;1.00000e+00;Pipeline { filter(avg_Y < 7510000.0000) };7.54676e-01;2.53640e-01;Pipeline { map_aggregate(attribute=avg_Y, function=avg, window=8) | map_aggregate(attribute=avg_Y, function=min, window=10) | map_duplicate(probability=1.00) | map_noise(attribute=avg_X, percentage=0.10) | map_aggregate(attribute=avg_X, function=min, window=7) | filter(avg_Y < 6200000000.0000) | map_duplicate(probability=0.50) | filter(avg_Y < 0.0392) | map_duplicate(probability=0.60) | filter(avg_X > 0.0000) };7.31092e-01;8.85427e-01;Pipeline { filter(avg_X > 0.0077) }
datasets/geolife_60mins.csv;nsga2;4;6;600;600;2.79690e+01;100;57;6;9.90000e-01;9.90000e-01;4.80000e-01;8.90568e-01;1.78655e-01;Pipeline { map_aggregate(attribute=avg_Y, function=avg, window=8) | map_aggregate(attribute=avg_Y, function=min, window=10) | map_duplicate(probability=1.00) | map_noise(attribute=avg_X, percentage=0.10) | map_aggregate(attribute=avg_X, function=min, window=7) | filter(avg_Y < 6200000000.0000) | map_duplicate(probability=0.50) | filter(avg_Y < 10.0000) | map_duplicate(probability=0.90) | filter(avg_X > 0.0000) };4.52957e-01;1.00000e+00;Pipeline { filter(avg_X < 7910000.0000) };7.45240e-01;7.50213e-01;Pipeline { filter(avg_X < 830000000.0000) | map_noise(attribute=avg_Y, percentage=0.10) | filter(avg_X > 0.0737) };7.31092e-01;8.85427e-01;Pipeline { filter(avg_X > 0.0000) }
datasets/geolife_60mins.csv;nsga2;4;7;700;700;3.09200e+01;100;94;6;1.00000e+00;9.90000e-01;1.80000e-01;8.90568e-01;1.78655e-01;Pipeline { map_aggregate(attribute=avg_Y, function=avg, window=8) | map_aggregate(attribute=avg_Y, function=min, window=10) | map_duplicate(probability=1.00) | map_noise(attribute=avg_X, percentage=0.10) | map_aggregate(attribute=avg_X, function=min, window=7) | filter(avg_Y < 6200000000.0000) | map_duplicate(probability=0.50) | filter(avg_Y < 10.0000) | map_duplicate(probability=0.90) | filter(avg_X > 0.0000) };4.52957e-01;1.00000e+00;Pipeline { filter(avg_Y < 430000000.0000) };7.31092e-01;8.85427e-01;Pipeline { filter(avg_X > 0.0651) };7.31092e-01;8.85427e-01;Pipeline { filter(avg_X > 0.0000) }
datasets/geolife_60mins.csv;nsga2;4;8;800;800;3.39460e+01;100;100;100;1.00000e+00;9.90000e-01;1.40000e-01;8.90568e-01;1.78655e-01;Pipeline { map_aggregate(attribute=avg_Y, function=avg, window=8) | map_aggregate(attribute=avg_Y, function=min, window=10) | map_duplicate(probability=1.00) | map_noise(attribute=avg_X, percentage=0.10) | map_aggregate(attribute=avg_X, function=min, window=7) | filter(avg_Y < 6200000000.0000) | map_duplicate(probability=0.50) | filter(avg_Y < 10.0000) | map_duplicate(probability=0.90) | filter(avg_X > 0.0000) };4.52957e-01;1.00000e+00;Pipeline { filter(avg_Y < 430000000.0000) };7.31092e-01;8.85427e-01;Pipeline { filter(avg_X > 0.0000) };7.31092e-01;8.85427e-01;Pipeline { filter(avg_X > 1200.0000) }
datasets/geolife_60mins.csv;nsga2;4;9;900;900;3.71940e+01;100;100;100;1.00000e+00;9.90000e-01;1.40000e-01;8.90568e-01;1.78655e-01;Pipeline { map_aggregate(attribute=avg_Y, function=avg, window=8) | map_aggregate(attribute=avg_Y, function=min, window=10) | map_duplicate(probability=1.00) | map_noise(attribute=avg_X, percentage=0.10) | map_aggregate(attribute=avg_X, function=min, window=7) | filter(avg_Y < 6200000000.0000) | map_duplicate(probability=0.50) | filter(avg_Y < 10.0000) | map_duplicate(probability=0.90) | filter(avg_X > 0.0000) };4.52957e-01;1.00000e+00;Pipeline { filter(avg_Y < 430000000.0000) };7.31092e-01;8.85427e-01;Pipeline { filter(avg_X > 5.7900) };7.31092e-01;8.85427e-01;Pipeline { filter(avg_X > 0.1790) }
datasets/geolife_60mins.csv;nsga2;4;10;1000;1000;4.04210e+01;100;100;100;1.00000e+00;1.00000e+00;1.40000e-01;8.90568e-01;1.78655e-01;Pipeline { map_aggregate(attribute=avg_Y, function=avg, window=8) | map_aggregate(attribute=avg_Y, function=min, window=10) | map_duplicate(probability=1.00) | map_noise(attribute=avg_X, percentage=0.10) | map_aggregate(attribute=avg_X, function=min, window=7) | filter(avg_Y < 6200000000.0000) | map_duplicate(probability=0.50) | filter(avg_Y < 10.0000) | map_duplicate(probability=0.90) | filter(avg_X > 0.0000) };4.52957e-01;1.00000e+00;Pipeline { filter(avg_Y < 430000000.0000) };7.31092e-01;8.85427e-01;Pipeline { filter(avg_X > 0.0050) };7.31092e-01;8.85427e-01;Pipeline { filter(avg_X > 0.0000) }
datasets/geolife_60mins.csv;nsga2;4;11;1100;1100;4.46750e+01;100;100;100;1.00000e+00;9.90000e-01;1.50000e-01;8.90692e-01;1.81407e-01;Pipeline { map_aggregate(attribute=avg_Y, function=avg, window=8) | map_aggregate(attribute=avg_Y, function=min, window=10) | map_duplicate(probability=1.00) | map_noise(attribute=avg_X, percentage=0.10) | map_aggregate(attribute=avg_X, function=min, window=7) | filter(avg_Y < 6240000000.0000) | map_duplicate(probability=0.50) | filter(avg_Y < 10.0000) | map_duplicate(probability=0.90) | filter(avg_X > 0.0000) };4.52957e-01;1.00000e+00;Pipeline { filter(avg_X < 430000000.0000) };7.31092e-01;8.85427e-01;Pipeline { filter(avg_X > 0.0004) };7.31092e-01;8.85427e-01;Pipeline { filter(avg_X > 0.0000) }
datasets/geolife_60mins.csv;nsga2;4;12;1200;1200;4.76170e+01;100;100;100;1.00000e+00;9.80000e-01;1.50000e-01;8.90692e-01;1.81407e-01;Pipeline { map_aggregate(attribute=avg_Y, function=avg, window=8) | map_aggregate(attribute=avg_Y, function=min, window=10) | map_duplicate(probability=1.00) | map_noise(attribute=avg_X, percentage=0.10) | map_aggregate(attribute=avg_X, function=min, window=7) | filter(avg_Y < 6240000000.0000) | map_duplicate(probability=0.50) | filter(avg_Y < 10.0000) | map_duplicate(probability=0.90) | filter(avg_X > 0.0000) };4.52957e-01;1.00000e+00;Pipeline { filter(avg_X < 430000000.0000) };7.31092e-01;8.85427e-01;Pipeline { filter(avg_X > 9.3400) };7.31092e-01;8.85427e-01;Pipeline { filter(avg_X > 0.0001) }
datasets/geolife_60mins.csv;nsga2;4;13;1300;1300;5.06930e+01;100;100;100;1.00000e+00;1.00000e+00;1.60000e-01;8.90692e-01;1.81407e-01;Pipeline { map_aggregate(attribute=avg_Y, function=avg, window=8) | map_aggregate(attribute=avg_Y, function=min, window=10) | map_duplicate(probability=1.00) | map_noise(attribute=avg_X, percentage=0.10) | map_aggregate(attribute=avg_X, function=min, window=7) | filter(avg_Y < 6240000000.0000) | map_duplicate(probability=0.50) | filter(avg_Y < 10.0000) | map_duplicate(probability=0.90) | filter(avg_X > 0.0000) };4.52957e-01;1.00000e+00;Pipeline { filter(avg_X < 430000000.0000) };7.31092e-01;8.85427e-01;Pipeline { filter(avg_X > 9.8000) };7.31092e-01;8.85427e-01;Pipeline { filter(avg_X > 0.0000) }
datasets/geolife_60mins.csv;nsga2;4;14;1400;1400;5.42430e+01;100;100;100;1.00000e+00;9.80000e-01;1.60000e-01;8.90692e-01;1.81407e-01;Pipeline { map_aggregate(attribute=avg_Y, function=avg, window=8) | map_aggregate(attribute=avg_Y, function=min, window=10) | map_duplicate(probability=1.00) | map_noise(attribute=avg_X, percentage=0.10) | map_aggregate(attribute=avg_X, function=min, window=7) | filter(avg_Y < 6240000000.0000) | map_duplicate(probability=0.50) | filter(avg_Y < 10.0000) | map_duplicate(probability=0.90) | filter(avg_X > 0.0000) };4.52957e-01;1.00000e+00;Pipeline { filter(avg_X < 430000000.0000) };7.31092e-01;8.85427e-01;Pipeline { filter(avg_X > 6.4900) };7.31092e-01;8.85427e-01;Pipeline { filter(avg_X > 9.4500) }
datasets/geolife_60mins.csv;nsga2;4;15;1500;1500;5.88080e+01;100;100;100;1.00000e+00;1.00000e+00;1.80000e-01;8.90692e-01;1.81407e-01;Pipeline { map_aggregate(attribute=avg_Y, function=avg, window=8) | map_aggregate(attribute=avg_Y, function=min, window=10) | map_duplicate(probability=1.00) | map_noise(attribute=avg_X, percentage=0.10) | map_aggregate(attribute=avg_X, function=min, window=7) | filter(avg_Y < 6240000000.0000) | map_duplicate(probability=0.50) | filter(avg_Y < 10.0000) | map_duplicate(probability=0.90) | filter(avg_X > 0.0000) };4.52957e-01;1.00000e+00;Pipeline { filter(avg_X < 43000000.0000) };7.31092e-01;8.85427e-01;Pipeline { filter(avg_X > 5.3900) };7.31092e-01;8.85427e-01;Pipeline { filter(avg_X > 7.0700) }
datasets/geolife_60mins.csv;nsga2;4;16;1600;1600;6.14990e+01;100;100;100;1.00000e+00;1.00000e+00;1.80000e-01;8.90692e-01;1.81407e-01;Pipeline { map_aggregate(attribute=avg_Y, function=avg, window=8) | map_aggregate(attribute=avg_Y, function=min, window=10) | map_duplicate(probability=1.00) | map_noise(attribute=avg_X, percentage=0.10) | map_aggregate(attribute=avg_X, function=min, window=7) | filter(avg_Y < 6240000000.0000) | map_duplicate(probability=0.50) | filter(avg_Y < 10.0000) | map_duplicate(probability=0.90) | filter(avg_X > 0.0000) };4.52957e-01;1.00000e+00;Pipeline { filter(avg_Y < 851000000.0000) };7.31092e-01;8.85427e-01;Pipeline { filter(avg_X > 0.0000) };7.31092e-01;8.85427e-01;Pipeline { filter(avg_X > 0.0000) }
datasets/geolife_60mins.csv;nsga2;4;17;1700;1700;6.45300e+01;100;100;100;1.00000e+00;9.90000e-01;1.80000e-01;8.90692e-01;1.81407e-01;Pipeline { map_aggregate(attribute=avg_Y, function=avg, window=8) | map_aggregate(attribute=avg_Y, function=min, window=10) | map_duplicate(probability=1.00) | map_noise(attribute=avg_X, percentage=0.10) | map_aggregate(attribute=avg_X, function=min, window=7) | filter(avg_Y < 6240000000.0000) | map_duplicate(probability=0.50) | filter(avg_Y < 10.0000) | map_duplicate(probability=0.90) | filter(avg_X > 0.0000) };4.52957e-01;1.00000e+00;Pipeline { filter(avg_Y < 851000000.0000) };7.31092e-01;8.85427e-01;Pipeline { filter(avg_X > 0.0000) };7.31092e-01;8.85427e-01;Pipeline { filter(avg_X > 4.9600) }
datasets/geolife_60mins.csv;nsga2;4;18;1800;1800;6.87470e+01;100;100;100;1.00000e+00;9.90000e-01;1.80000e-01;8.90692e-01;1.81407e-01;Pipeline { map_aggregate(attribute=avg_Y, function=avg, window=8) | map_aggregate(attribute=avg_Y, function=min, window=10) | map_duplicate(probability=1.00) | map_noise(attribute=avg_X, percentage=0.10) | map_aggregate(attribute=avg_X, function=min, window=7) | filter(avg_Y < 6240000000.0000) | map_duplicate(probability=0.50) | filter(avg_Y < 10.0000) | map_duplicate(probability=0.90) | filter(avg_X > 0.0000) };4.52957e-01;1.00000e+00;Pipeline { filter(avg_Y < 851000000.0000) };7.31092e-01;8.85427e-01;Pipeline { filter(avg_X > 0.0000) };7.31092e-01;8.85427e-01;Pipeline { filter(avg_X > 944.0000) }
datasets/geolife_60mins.csv;nsga2;4;19;1900;1900;7.24240e+01;100;100;100;1.00000e+00;9.90000e-01;2.00000e-01;8.90692e-01;1.81407e-01;Pipeline { map_aggregate(attribute=avg_Y, function=avg, window=8) | map_aggregate(attribute=avg_Y, function=min, window=10) | map_duplicate(probability=1.00) | map_noise(attribute=avg_X, percentage=0.10) | map_aggregate(attribute=avg_X, function=min, window=7) | filter(avg_Y < 6240000000.0000) | map_duplicate(probability=0.50) | filter(avg_Y < 10.0000) | map_duplicate(probability=0.90) | filter(avg_X > 0.0000) };4.52957e-01;1.00000e+00;Pipeline { filter(avg_Y < 851000000.0000) };7.31092e-01;8.85427e-01;Pipeline { filter(avg_X > 736.0000) };7.31092e-01;8.85427e-01;Pipeline { filter(avg_X > 0.0926) }
datasets/geolife_60mins.csv;nsga2;4;20;2000;2000;7.55630e+01;100;100;100;1.00000e+00;1.00000e+00;2.00000e-01;8.90692e-01;1.81407e-01;Pipeline { map_aggregate(attribute=avg_Y, function=avg, window=8) | map_aggregate(attribute=avg_Y, function=min, window=10) | map_duplicate(probability=1.00) | map_noise(attribute=avg_X, percentage=0.10) | map_aggregate(attribute=avg_X, function=min, window=7) | filter(avg_Y < 6240000000.0000) | map_duplicate(probability=0.50) | filter(avg_Y < 10.0000) | map_duplicate(probability=0.90) | filter(avg_X > 0.0000) };4.52957e-01;1.00000e+00;Pipeline { filter(avg_Y < 851000000.0000) };7.31092e-01;8.85427e-01;Pipeline { filter(avg_X > 5.2100) };7.31092e-01;8.85427e-01;Pipeline { filter(avg_X > 6090.0000) }
datasets/geolife_60mins.csv;nsga2;4;21;2100;2100;7.87200e+01;100;100;100;1.00000e+00;9.90000e-01;2.20000e-01;8.90692e-01;1.81407e-01;Pipeline { map_aggregate(attribute=avg_Y, function=avg, window=8) | map_aggregate(attribute=avg_Y, function=min, window=10) | map_duplicate(probability=1.00) | map_noise(attribute=avg_X, percentage=0.10) | map_aggregate(attribute=avg_X, function=min, window=7) | filter(avg_Y < 6240000000.0000) | map_duplicate(probability=0.50) | filter(avg_Y < 10.0000) | map_duplicate(probability=0.90) | filter(avg_X > 0.0000) };4.52957e-01;1.00000e+00;Pipeline { filter(avg_Y < 851000000.0000) };7.31092e-01;8.85427e-01;Pipeline { filter(avg_X > 0.0005) };7.31092e-01;8.85427e-01;Pipeline { filter(avg_X > 721.0000) }
datasets/geolife_60mins.csv;nsga2;4;22;2200;2200;8.28190e+01;100;100;100;1.00000e+00;9.90000e-01;2.20000e-01;8.90692e-01;1.81407e-01;Pipeline { map_aggregate(attribute=avg_Y, function=avg, window=8) | map_aggregate(attribute=avg_Y, function=min, window=10) | map_duplicate(probability=1.00) | map_noise(attribute=avg_X, percentage=0.10) | map_aggregate(attribute=avg_X, function=min, window=7) | filter(avg_Y < 6240000000.0000) | map_duplicate(probability=0.50) | filter(avg_Y < 10.0000) | map_duplicate(probability=0.90) | filter(avg_X > 0.0000) };4.52957e-01;1.00000e+00;Pipeline { filter(avg_Y < 1790000000.0000) };7.31092e-01;8.85427e-01;Pipeline { filter(avg_X > 6.0600) };7.31092e-01;8.85427e-01;Pipeline { filter(avg_X > 0.0000) }
datasets/geolife_60mins.csv;nsga2;4;23;2300;2300;8.59650e+01;100;100;100;1.00000e+00;9.90000e-01;2.30000e-01;8.90692e-01;1.81407e-01;Pipeline { map_aggregate(attribute=avg_Y, function=avg, window=8) | map_aggregate(attribute=avg_Y, function=min, window=10) | map_duplicate(probability=1.00) | map_noise(attribute=avg_X, percentage=0.10) | map_aggregate(attribute=avg_X, function=min, window=7) | filter(avg_Y < 6240000000.0000) | map_duplicate(probability=0.50) | filter(avg_Y < 10.0000) | map_duplicate(probability=0.90) | filter(avg_X > 0.0000) };4.52957e-01;1.00000e+00;Pipeline { filter(avg_Y < 1790000000.0000) };7.31092e-01;8.85427e-01;Pipeline { filter(avg_X > 1.1600) };7.31092e-01;8.85427e-01;Pipeline { filter(avg_X > 0.0000) }
datasets/geolife_60mins.csv;nsga2;4;24;2400;2400;8.89680e+01;100;100;100;1.00000e+00;1.00000e+00;2.40000e-01;8.90692e-01;1.81407e-01;Pipeline { map_aggregate(attribute=avg_Y, function=avg, window=8) | map_aggregate(attribute=avg_Y, function=min, window=10) | map_duplicate(probability=1.00) | map_noise(attribute=avg_X, percentage=0.10) | map_aggregate(attribute=avg_X, function=min, window=7) | filter(avg_Y < 6240000000.0000) | map_duplicate(probability=0.50) | filter(avg_Y < 10.0000) | map_duplicate(probability=0.90) | filter(avg_X > 0.0000) };4.52957e-01;1.00000e+00;Pipeline { filter(avg_Y < 1790000000.0000) };7.31092e-01;8.85427e-01;Pipeline { filter(avg_X > 0.0000) };7.31092e-01;8.85427e-01;Pipeline { filter(avg_X > 0.0000) }
datasets/geolife_60mins.csv;nsga2;4;25;2500;2500;9.21120e+01;100;100;100;1.00000e+00;1.00000e+00;2.50000e-01;8.90692e-01;1.81407e-01;Pipeline { map_aggregate(attribute=avg_Y, function=avg, window=8) | map_aggregate(attribute=avg_Y, function=min, window=10) | map_duplicate(probability=1.00) | map_noise(attribute=avg_X, percentage=0.10) | map_aggregate(attribute=avg_X, function=min, window=7) | filter(avg_Y < 6240000000.0000) | map_duplicate(probability=0.50) | filter(avg_Y < 10.0000) | map_duplicate(probability=0.90) | filter(avg_X > 0.0000) };4.52957e-01;1.00000e+00;Pipeline { filter(avg_Y < 1790000000.0000) };7.31092e-01;8.85427e-01;Pipeline { filter(avg_X > 0.0944) };7.31092e-01;8.85427e-01;Pipeline { filter(avg_X > 0.9360) }
datasets/geolife_60mins.csv;nsga2;4;26;2600;2600;9.54930e+01;100;100;100;1.00000e+00;9.90000e-01;2.50000e-01;8.90692e-01;1.81407e-01;Pipeline { map_aggregate(attribute=avg_Y, function=avg, window=8) | map_aggregate(attribute=avg_Y, function=min, window=10) | map_duplicate(probability=1.00) | map_noise(attribute=avg_X, percentage=0.10) | map_aggregate(attribute=avg_X, function=min, window=7) | filter(avg_Y < 6240000000.0000) | map_duplicate(probability=0.50) | filter(avg_Y < 10.0000) | map_duplicate(probability=0.90) | filter(avg_X > 0.0000) };4.52957e-01;1.00000e+00;Pipeline { filter(avg_Y < 1790000000.0000) };7.31092e-01;8.85427e-01;Pipeline { filter(avg_X > 17.4000) };7.31092e-01;8.85427e-01;Pipeline { filter(avg_X > 4.6500) }
datasets/geolife_60mins.csv;nsga2;4;27;2700;2700;9.96730e+01;100;100;100;1.00000e+00;1.00000e+00;2.60000e-01;8.90692e-01;1.81407e-01;Pipeline { map_aggregate(attribute=avg_Y, function=avg, window=8) | map_aggregate(attribute=avg_Y, function=min, window=10) | map_duplicate(probability=1.00) | map_noise(attribute=avg_X, percentage=0.10) | map_aggregate(attribute=avg_X, function=min, window=7) | filter(avg_Y < 6240000000.0000) | map_duplicate(probability=0.50) | filter(avg_Y < 10.0000) | map_duplicate(probability=0.90) | filter(avg_X > 0.0000) };4.52957e-01;1.00000e+00;Pipeline { filter(avg_Y < 1790000000.0000) };7.31092e-01;8.85427e-01;Pipeline { filter(avg_X > 7.2300) };7.31092e-01;8.85427e-01;Pipeline { filter(avg_X > 0.0000) }
datasets/geolife_60mins.csv;nsga2;4;28;2800;2800;1.02452e+02;100;100;100;1.00000e+00;1.00000e+00;2.80000e-01;8.90692e-01;1.81407e-01;Pipeline { map_aggregate(attribute=avg_Y, function=avg, window=8) | map_aggregate(attribute=avg_Y, function=min, window=10) | map_duplicate(probability=1.00) | map_noise(attribute=avg_X, percentage=0.10) | map_aggregate(attribute=avg_X, function=min, window=7) | filter(avg_Y < 6240000000.0000) | map_duplicate(probability=0.50) | filter(avg_Y < 10.0000) | map_duplicate(probability=0.90) | filter(avg_X > 0.0000) };4.52957e-01;1.00000e+00;Pipeline { filter(avg_Y < 1790000000.0000) };7.31092e-01;8.85427e-01;Pipeline { filter(avg_X > 6.6700) };7.31092e-01;8.85427e-01;Pipeline { filter(avg_X > 940.0000) }
datasets/geolife_60mins.csv;nsga2;4;29;2900;2900;1.06564e+02;100;100;100;1.00000e+00;1.00000e+00;2.80000e-01;8.90692e-01;1.81407e-01;Pipeline { map_aggregate(attribute=avg_Y, function=avg, window=8) | map_aggregate(attribute=avg_Y, function=min, window=10) | map_duplicate(probability=1.00) | map_noise(attribute=avg_X, percentage=0.10) | map_aggregate(attribute=avg_X, function=min, window=7) | filter(avg_Y < 6240000000.0000) | map_duplicate(probability=0.50) | filter(avg_Y < 10.0000) | map_duplicate(probability=0.90) | filter(avg_X > 0.0000) };4.52957e-01;1.00000e+00;Pipeline { filter(avg_Y < 1790000000.0000) };7.31092e-01;8.85427e-01;Pipeline { filter(avg_X > 0.0000) };7.31092e-01;8.85427e-01;Pipeline { filter(avg_X > 0.0000) }
datasets/geolife_60mins.csv;nsga2;4;30;3000;3000;1.10073e+02;100;100;100;1.00000e+00;1.00000e+00;3.00000e-01;8.90692e-01;1.81407e-01;Pipeline { map_aggregate(attribute=avg_Y, function=avg, window=8) | map_aggregate(attribute=avg_Y, function=min, window=10) | map_duplicate(probability=1.00) | map_noise(attribute=avg_X, percentage=0.10) | map_aggregate(attribute=avg_X, function=min, window=7) | filter(avg_Y < 6240000000.0000) | map_duplicate(probability=0.50) | filter(avg_Y < 10.0000) | map_duplicate(probability=0.90) | filter(avg_X > 0.0000) };4.52957e-01;1.00000e+00;Pipeline { filter(avg_Y < 1790000000.0000) };7.31092e-01;8.85427e-01;Pipeline { filter(avg_X > 0.0000) };7.31092e-01;8.85427e-01;Pipeline { filter(avg_X > 0.0000) }
datasets/geolife_60mins.csv;nsga2;4;31;3100;3100;1.12979e+02;100;100;100;1.00000e+00;9.70000e-01;3.00000e-01;8.90692e-01;1.81407e-01;Pipeline { map_aggregate(attribute=avg_Y, function=avg, window=8) | map_aggregate(attribute=avg_Y, function=min, window=10) | map_duplicate(probability=1.00) | map_noise(attribute=avg_X, percentage=0.10) | map_aggregate(attribute=avg_X, function=min, window=7) | filter(avg_Y < 6240000000.0000) | map_duplicate(probability=0.50) | filter(avg_Y < 10.0000) | map_duplicate(probability=0.90) | filter(avg_X > 0.0000) };4.52957e-01;1.00000e+00;Pipeline { filter(avg_Y < 1790000000.0000) };7.31765e-01;8.58059e-01;Pipeline { map_duplicate(probability=0.10) | filter(avg_X > 81800.0000) };7.31092e-01;8.85427e-01;Pipeline { filter(avg_X > 0.0000) }
datasets/geolife_60mins.csv;nsga2;4;32;3200;3200;1.16412e+02;100;100;100;1.00000e+00;1.00000e+00;3.00000e-01;8.90692e-01;1.81407e-01;Pipeline { map_aggregate(attribute=avg_Y, function=avg, window=8) | map_aggregate(attribute=avg_Y, function=min, window=10) | map_duplicate(probability=1.00) | map_noise(attribute=avg_X, percentage=0.10) | map_aggregate(attribute=avg_X, function=min, window=7) | filter(avg_Y < 6240000000.0000) | map_duplicate(probability=0.50) | filter(avg_Y < 10.0000) | map_duplicate(probability=0.90) | filter(avg_X > 0.0000) };4.52957e-01;1.00000e+00;Pipeline { filter(avg_Y < 1790000000.0000) };7.31765e-01;8.58059e-01;Pipeline { map_duplicate(probability=0.10) | filter(avg_X > 81800.0000) };7.31092e-01;8.85427e-01;Pipeline { filter(avg_X > 3950.0000) }
datasets/geolife_60mins.csv;nsga2;4;33;3300;3300;1.19503e+02;100;100;100;1.00000e+00;1.00000e+00;2.90000e-01;8.90692e-01;1.81407e-01;Pipeline { map_aggregate(attribute=avg_Y, function=avg, window=8) | map_aggregate(attribute=avg_Y, function=min, window=10) | map_duplicate(probability=1.00) | map_noise(attribute=avg_X, percentage=0.10) | map_aggregate(attribute=avg_X, function=min, window=7) | filter(avg_Y < 6240000000.0000) | map_duplicate(probability=0.50) | filter(avg_Y < 10.0000) | map_duplicate(probability=0.90) | filter(avg_X > 0.0000) };4.52957e-01;1.00000e+00;Pipeline { filter(avg_Y < 1790000000.0000) };7.31092e-01;8.85427e-01;Pipeline { filter(avg_X > 0.0000) };7.31092e-01;8.85427e-01;Pipeline { filter(avg_X > 0.0000) }
datasets/geolife_60mins.csv;nsga2;4;34;3400;3400;1.25933e+02;100;100;100;1.00000e+00;9.90000e-01;2.80000e-01;8.90692e-01;1.81407e-01;Pipeline { map_aggregate(attribute=avg_Y, function=avg, window=8) | map_aggregate(attribute=avg_Y, function=min, window=10) | map_duplicate(probability=1.00) | map_noise(attribute=avg_X, percentage=0.10) | map_aggregate(attribute=avg_X, function=min, window=7) | filter(avg_Y < 6240000000.0000) | map_duplicate(probability=0.50) | filter(avg_Y < 10.0000) | map_duplicate(probability=0.90) | filter(avg_X > 0.0000) };4.52957e-01;1.00000e+00;Pipeline { filter(avg_Y < 3780000.0000) };7.31092e-01;8.85427e-01;Pipeline { filter(avg_X > 0.0001) };7.31092e-01;8.85427e-01;Pipeline { filter(avg_X > 0.0000) }
datasets/geolife_60mins.csv;nsga2;4;35;3500;3500;1.29058e+02;100;100;100;1.00000e+00;1.00000e+00;2.90000e-01;8.90692e-01;1.81407e-01;Pipeline { map_aggregate(attribute=avg_Y, function=avg, window=8) | map_aggregate(attribute=avg_Y, function=min, window=10) | map_duplicate(probability=1.00) | map_noise(attribute=avg_X, percentage=0.10) | map_aggregate(attribute=avg_X, function=min, window=7) | filter(avg_Y < 6240000000.0000) | map_duplicate(probability=0.50) | filter(avg_Y < 10.0000) | map_duplicate(probability=0.90) | filter(avg_X > 0.0000) };4.52957e-01;1.00000e+00;Pipeline { filter(avg_Y < 3780000.0000) };7.31092e-01;8.85427e-01;Pipeline { filter(avg_X > 0.0000) };7.31092e-01;8.85427e-01;Pipeline { filter(avg_X > 232.0000) }
datasets/geolife_60mins.csv;nsga2;4;36;3600;3600;1.32404e+02;100;100;100;1.00000e+00;9.90000e-01;2.90000e-01;8.90692e-01;1.81407e-01;Pipeline { map_aggregate(attribute=avg_Y, function=avg, window=8) | map_aggregate(attribute=avg_Y, function=min, window=10) | map_duplicate(probability=1.00) | map_noise(attribute=avg_X, percentage=0.10) | map_aggregate(attribute=avg_X, function=min, window=7) | filter(avg_Y < 6240000000.0000) | map_duplicate(probability=0.50) | filter(avg_Y < 10.0000) | map_duplicate(probability=0.90) | filter(avg_X > 0.0000) };4.52957e-01;1.00000e+00;Pipeline { filter(avg_Y < 3780000.0000) };7.31092e-01;8.85427e-01;Pipeline { filter(avg_X > 0.9280) };7.31092e-01;8.85427e-01;Pipeline { filter(avg_X > 0.0630) }
datasets/geolife_60mins.csv;nsga2;4;37;3700;3700;1.35260e+02;100;100;100;1.00000e+00;1.00000e+00;2.90000e-01;8.90692e-01;1.81407e-01;Pipeline { map_aggregate(attribute=avg_Y, function=avg, window=8) | map_aggregate(attribute=avg_Y, function=min, window=10) | map_duplicate(probability=1.00) | map_noise(attribute=avg_X, percentage=0.10) | map_aggregate(attribute=avg_X, function=min, window=7) | filter(avg_Y < 6240000000.0000) | map_duplicate(probability=0.50) | filter(avg_Y < 10.0000) | map_duplicate(probability=0.90) | filter(avg_X > 0.0000) };4.52957e-01;1.00000e+00;Pipeline { filter(avg_Y < 2670000000.0000) };7.31092e-01;8.85427e-01;Pipeline { filter(avg_X > 0.0000) };7.31092e-01;8.85427e-01;Pipeline { filter(avg_X > 460.0000) }
datasets/geolife_60mins.csv;nsga2;4;38;3800;3800;1.38097e+02;100;100;100;1.00000e+00;1.00000e+00;2.90000e-01;8.90692e-01;1.81407e-01;Pipeline { map_aggregate(attribute=avg_Y, function=avg, window=8) | map_aggregate(attribute=avg_Y, function=min, window=10) | map_duplicate(probability=1.00) | map_noise(attribute=avg_X, percentage=0.10) | map_aggregate(attribute=avg_X, function=min, window=7) | filter(avg_Y < 6240000000.0000) | map_duplicate(probability=0.50) | filter(avg_Y < 10.0000) | map_duplicate(probability=0.90) | filter(avg_X > 0.0000) };4.52957e-01;1.00000e+00;Pipeline { filter(avg_Y < 2670000000.0000) };7.31092e-01;8.85427e-01;Pipeline { filter(avg_X > 0.0000) };7.31092e-01;8.85427e-01;Pipeline { filter(avg_X > 1800.0000) }
datasets/geolife_60mins.csv;nsga2;4;39;3900;3900;1.41072e+02;100;100;100;1.00000e+00;9.90000e-01;2.70000e-01;8.90692e-01;1.81407e-01;Pipeline { map_aggregate(attribute=avg_Y, function=avg, window=8) | map_aggregate(attribute=avg_Y, function=min, window=10) | map_duplicate(probability=1.00) | map_noise(attribute=avg_X, percentage=0.10) | map_aggregate(attribute=avg_X, function=min, window=7) | filter(avg_Y < 6240000000.0000) | map_duplicate(probability=0.50) | filter(avg_Y < 10.0000) | map_duplicate(probability=0.90) | filter(avg_X > 0.0000) };4.52957e-01;1.00000e+00;Pipeline { filter(avg_Y < 2670000000.0000) };7.31092e-01;8.85427e-01;Pipeline { filter(avg_X > 0.3210) };7.31092e-01;8.85427e-01;Pipeline { filter(avg_X > 8.5000) }
datasets/geolife_60mins.csv;nsga2;4;40;4000;4000;1.44553e+02;100;100;100;1.00000e+00;9.90000e-01;2.70000e-01;8.90692e-01;1.81407e-01;Pipeline { map_aggregate(attribute=avg_Y, function=avg, window=8) | map_aggregate(attribute=avg_Y, function=min, window=10) | map_duplicate(probability=1.00) | map_noise(attribute=avg_X, percentage=0.10) | map_aggregate(attribute=avg_X, function=min, window=7) | filter(avg_Y < 6240000000.0000) | map_duplicate(probability=0.50) | filter(avg_Y < 10.0000) | map_duplicate(probability=0.90) | filter(avg_X > 0.0000) };4.52957e-01;1.00000e+00;Pipeline { filter(avg_Y < 2670000000.0000) };7.31092e-01;8.85427e-01;Pipeline { filter(avg_X > 0.0000) };7.31092e-01;8.85427e-01;Pipeline { filter(avg_X > 2.4000) }
datasets/geolife_60mins.csv;nsga2;4;41;4100;4100;1.48033e+02;100;100;100;1.00000e+00;1.00000e+00;2.70000e-01;8.90692e-01;1.81407e-01;Pipeline { map_aggregate(attribute=avg_Y, function=avg, window=8) | map_aggregate(attribute=avg_Y, function=min, window=10) | map_duplicate(probability=1.00) | map_noise(attribute=avg_X, percentage=0.10) | map_aggregate(attribute=avg_X, function=min, window=7) | filter(avg_Y < 6240000000.0000) | map_duplicate(probability=0.50) | filter(avg_Y < 10.0000) | map_duplicate(probability=0.90) | filter(avg_X > 0.0000) };4.52957e-01;1.00000e+00;Pipeline { filter(avg_Y < 2670000000.0000) };7.31092e-01;8.85427e-01;Pipeline { filter(avg_X > 0.0007) };7.31092e-01;8.85427e-01;Pipeline { filter(avg_X > 0.0001) }
datasets/geolife_60mins.csv;nsga2;4;42;4200;4200;1.50935e+02;100;100;100;1.00000e+00;1.00000e+00;2.70000e-01;8.90692e-01;1.81407e-01;Pipeline { map_aggregate(attribute=avg_Y, function=avg, window=8) | map_aggregate(attribute=avg_Y, function=min, window=10) | map_duplicate(probability=1.00) | map_noise(attribute=avg_X, percentage=0.10) | map_aggregate(attribute=avg_X, function=min, window=7) | filter(avg_Y < 6240000000.0000) | map_duplicate(probability=0.50) | filter(avg_Y < 10.0000) | map_duplicate(probability=0.90) | filter(avg_X > 0.0000) };4.52957e-01;1.00000e+00;Pipeline { filter(avg_Y < 2670000000.0000) };7.31092e-01;8.85427e-01;Pipeline { filter(avg_X > 2.7000) };7.31092e-01;8.85427e-01;Pipeline { filter(avg_X > 0.0000) }
datasets/geolife_60mins.csv;nsga2;4;43;4300;4300;1.54231e+02;100;100;100;1.00000e+00;9.80000e-01;2.70000e-01;8.90692e-01;1.81407e-01;Pipeline { map_aggregate(attribute=avg_Y, function=avg, window=8) | map_aggregate(attribute=avg_Y, function=min, window=10) | map_duplicate(probability=1.00) | map_noise(attribute=avg_X, percentage=0.10) | map_aggregate(attribute=avg_X, function=min, window=7) | filter(avg_Y < 6240000000.0000) | map_duplicate(probability=0.50) | filter(avg_Y < 10.0000) | map_duplicate(probability=0.90) | filter(avg_X > 0.0000) };4.52957e-01;1.00000e+00;Pipeline { filter(avg_Y < 2670000000.0000) };7.31092e-01;8.85427e-01;Pipeline { filter(avg_X > 8.2600) };7.31092e-01;8.85427e-01;Pipeline { filter(avg_X > 0.0007) }
datasets/geolife_60mins.csv;nsga2;4;44;4400;4400;1.57127e+02;100;100;100;1.00000e+00;1.00000e+00;2.90000e-01;8.90692e-01;1.81407e-01;Pipeline { map_aggregate(attribute=avg_Y, function=avg, window=8) | map_aggregate(attribute=avg_Y, function=min, window=10) | map_duplicate(probability=1.00) | map_noise(attribute=avg_X, percentage=0.10) | map_aggregate(attribute=avg_X, function=min, window=7) | filter(avg_Y < 6240000000.0000) | map_duplicate(probability=0.50) | filter(avg_Y < 10.0000) | map_duplicate(probability=0.90) | filter(avg_X > 0.0000) };4.52957e-01;1.00000e+00;Pipeline { filter(avg_Y < 2670000000.0000) };7.31092e-01;8.85427e-01;Pipeline { filter(avg_X > 0.0007) };7.31092e-01;8.85427e-01;Pipeline { filter(avg_X > 921.0000) }
datasets/geolife_60mins.csv;nsga2;4;45;4500;4500;1.60099e+02;100;100;100;1.00000e+00;1.00000e+00;2.90000e-01;8.90692e-01;1.81407e-01;Pipeline { map_aggregate(attribute=avg_Y, function=avg, window=8) | map_aggregate(attribute=avg_Y, function=min, window=10) | map_duplicate(probability=1.00) | map_noise(attribute=avg_X, percentage=0.10) | map_aggregate(attribute=avg_X, function=min, window=7) | filter(avg_Y < 6240000000.0000) | map_duplicate(probability=0.50) | filter(avg_Y < 10.0000) | map_duplicate(probability=0.90) | filter(avg_X > 0.0000) };4.52957e-01;1.00000e+00;Pipeline { filter(avg_Y < 2670000000.0000) };7.31092e-01;8.85427e-01;Pipeline { filter(avg_X > 2.2700) };7.31092e-01;8.85427e-01;Pipeline { filter(avg_X > 0.2090) }
datasets/geolife_60mins.csv;nsga2;4;46;4600;4600;1.63380e+02;100;100;100;1.00000e+00;1.00000e+00;2.90000e-01;8.90692e-01;1.81407e-01;Pipeline { map_aggregate(attribute=avg_Y, function=avg, window=8) | map_aggregate(attribute=avg_Y, function=min, window=10) | map_duplicate(probability=1.00) | map_noise(attribute=avg_X, percentage=0.10) | map_aggregate(attribute=avg_X, function=min, window=7) | filter(avg_Y < 6240000000.0000) | map_duplicate(probability=0.50) | filter(avg_Y < 10.0000) | map_duplicate(probability=0.90) | filter(avg_X > 0.0000) };4.52957e-01;1.00000e+00;Pipeline { filter(avg_Y < 2670000000.0000) };7.31092e-01;8.85427e-01;Pipeline { filter(avg_X > 22.0000) };7.31092e-01;8.85427e-01;Pipeline { filter(avg_X > 0.0000) }
datasets/geolife_60mins.csv;nsga2;4;47;4700;4700;1.66152e+02;100;100;100;1.00000e+00;1.00000e+00;2.90000e-01;8.90692e-01;1.81407e-01;Pipeline { map_aggregate(attribute=avg_Y, function=avg, window=8) | map_aggregate(attribute=avg_Y, function=min, window=10) | map_duplicate(probability=1.00) | map_noise(attribute=avg_X, percentage=0.10) | map_aggregate(attribute=avg_X, function=min, window=7) | filter(avg_Y < 6240000000.0000) | map_duplicate(probability=0.50) | filter(avg_Y < 10.0000) | map_duplicate(probability=0.90) | filter(avg_X > 0.0000) };4.52957e-01;1.00000e+00;Pipeline { filter(avg_Y < 2670000000.0000) };7.31092e-01;8.85427e-01;Pipeline { filter(avg_X > 206.0000) };7.31092e-01;8.85427e-01;Pipeline { filter(avg_X > 4660.0000) }
datasets/geolife_60mins.csv;nsga2;4;48;4800;4800;1.68877e+02;100;100;100;1.00000e+00;1.00000e+00;2.90000e-01;8.90692e-01;1.81407e-01;Pipeline { map_aggregate(attribute=avg_Y, function=avg, window=8) | map_aggregate(attribute=avg_Y, function=min, window=10) | map_duplicate(probability=1.00) | map_noise(attribute=avg_X, percentage=0.10) | map_aggregate(attribute=avg_X, function=min, window=7) | filter(avg_Y < 6240000000.0000) | map_duplicate(probability=0.50) | filter(avg_Y < 10.0000) | map_duplicate(probability=0.90) | filter(avg_X > 0.0000) };4.52957e-01;1.00000e+00;Pipeline { filter(avg_Y < 2670000000.0000) };7.31092e-01;8.85427e-01;Pipeline { filter(avg_X > 0.2340) };7.31092e-01;8.85427e-01;Pipeline { filter(avg_X > 13.6000) }
datasets/geolife_60mins.csv;nsga2;4;49;4900;4900;1.71726e+02;100;100;100;1.00000e+00;1.00000e+00;2.90000e-01;8.90692e-01;1.81407e-01;Pipeline { map_aggregate(attribute=avg_Y, function=avg, window=8) | map_aggregate(attribute=avg_Y, function=min, window=10) | map_duplicate(probability=1.00) | map_noise(attribute=avg_X, percentage=0.10) | map_aggregate(attribute=avg_X, function=min, window=7) | filter(avg_Y < 6240000000.0000) | map_duplicate(probability=0.50) | filter(avg_Y < 10.0000) | map_duplicate(probability=0.90) | filter(avg_X > 0.0000) };4.52957e-01;1.00000e+00;Pipeline { filter(avg_Y < 9960000.0000) };7.31092e-01;8.85427e-01;Pipeline { filter(avg_X > 296.0000) };7.31092e-01;8.85427e-01;Pipeline { filter(avg_X > 78.9000) }
datasets/geolife_60mins.csv;nsga2;4;50;5000;5000;1.75828e+02;100;100;100;1.00000e+00;1.00000e+00;3.00000e-01;8.90692e-01;1.81407e-01;Pipeline { map_aggregate(attribute=avg_Y, function=avg, window=8) | map_aggregate(attribute=avg_Y, function=min, window=10) | map_duplicate(probability=1.00) | map_noise(attribute=avg_X, percentage=0.10) | map_aggregate(attribute=avg_X, function=min, window=7) | filter(avg_Y < 6240000000.0000) | map_duplicate(probability=0.50) | filter(avg_Y < 10.0000) | map_duplicate(probability=0.90) | filter(avg_X > 0.0000) };4.52957e-01;1.00000e+00;Pipeline { filter(avg_Y < 9960000.0000) };7.31092e-01;8.85427e-01;Pipeline { filter(avg_X > 321.0000) };7.31092e-01;8.85427e-01;Pipeline { filter(avg_X > 0.2440) }
datasets/geolife_60mins.csv;nsga2;5;1;100;100;4.57900e+00;100;5;41;9.50000e-01;9.50000e-01;5.90000e-01;7.61372e-01;6.93209e-01;Pipeline { filter(avg_X < 6520000000.0000) | filter(avg_Y > 0.0000) | filter(avg_X > 65700.0000) | map_aggregate(attribute=avg_X, function=min, window=10) | map_noise(attribute=avg_X, percentage=0.01) | map_aggregate(attribute=avg_Y, function=max, window=7) | filter(avg_Y > 570.0000) | filter(avg_Y > 35000.0000) | map_aggregate(attribute=avg_Y, function=avg, window=3) | map_aggregate(attribute=avg_Y, function=max, window=7) };4.52957e-01;1.00000e+00;Pipeline { filter(avg_X < 899000000.0000) };4.14159e-01;8.28136e-01;Pipeline { filter(avg_Y > 84.0000) };3.51415e-01;7.24538e-01;Pipeline { map_noise(attribute=avg_Y, percentage=0.05) | map_duplicate(probability=0.30) | map_noise(attribute=avg_X, percentage=0.01) | map_noise(attribute=avg_X, percentage=0.10) }
datasets/geolife_60mins.csv;nsga2;5;2;200;200;9.59300e+00;100;9;1;9.50000e-01;9.50000e-01;9.00000e-01;8.47324e-01;7.34550e-01;Pipeline { filter(avg_X > 0.0000) | map_aggregate(attribute=avg_X, function=avg, window=3) | map_aggregate(attribute=avg_Y, function=min, window=9) };4.52957e-01;1.00000e+00;Pipeline { filter(avg_X < 899000000.0000) };5.09385e-01;7.71763e-01;Pipeline { map_aggregate(attribute=avg_X, function=max, window=7) | filter(avg_Y < 53700000.0000) };2.82824e-01;7.86568e-01;Pipeline { map_duplicate(probability=0.60) }
datasets/geolife_60mins.csv;nsga2;5;3;300;300;1.40280e+01;100;15;5;9.90000e-01;9.90000e-01;8.50000e-01;8.85294e-01;7.26228e-01;Pipeline { filter(avg_X > 0.0000) | filter(avg_X < 645000.0000) | map_aggregate(attribute=avg_Y, function=min, window=9) };4.52957e-01;1.00000e+00;Pipeline { filter(avg_X < 899000000.0000) };7.31092e-01;8.85427e-01;Pipeline { filter(avg_X > 0.0000) | filter(avg_X < 2190000000.0000) };6.17174e-01;8.18872e-01;Pipeline { map_duplicate(probability=0.30) | filter(avg_X > 1.5100) }
datasets/geolife_60mins.csv;nsga2;5;4;400;400;1.80130e+01;100;28;3;9.90000e-01;9.90000e-01;7.10000e-01;8.85294e-01;7.26228e-01;Pipeline { filter(avg_X > 0.0000) | filter(avg_X < 645000.0000) | map_aggregate(attribute=avg_Y, function=min, window=9) };4.52957e-01;1.00000e+00;Pipeline { filter(avg_Y < 278000000.0000) };7.62040e-01;7.66609e-01;Pipeline { map_aggregate(attribute=avg_X, function=max, window=7) | filter(avg_X > 0.0000) };7.31092e-01;8.85427e-01;Pipeline { filter(avg_X > 47.1000) }
datasets/geolife_60mins.csv;nsga2;5;5;500;500;2.23930e+01;100;50;6;9.90000e-01;9.90000e-01;4.90000e-01;8.85294e-01;7.26228e-01;Pipeline { filter(avg_X > 0.0000) | filter(avg_X < 645000.0000) | map_aggregate(attribute=avg_Y, function=min, window=9) };4.52957e-01;1.00000e+00;Pipeline { filter(avg_X < 6040000000.0000) };7.89371e-01;7.50617e-01;Pipeline { filter(avg_X > 0.0006) | map_aggregate(attribute=avg_X, function=avg, window=3) | map_aggregate(attribute=avg_X, function=max, window=5) };7.31092e-01;8.85427e-01;Pipeline { filter(avg_X > 47.3000) }
datasets/geolife_60mins.csv;nsga2;5;6;600;600;2.54330e+01;100;88;3;9.90000e-01;9.90000e-01;1.80000e-01;8.85294e-01;7.26228e-01;Pipeline { filter(avg_X > 0.0000) | filter(avg_X < 645000.0000) | map_aggregate(attribute=avg_Y, function=min, window=9) };4.52957e-01;1.00000e+00;Pipeline { filter(avg_X < 839000000.0000) };7.31092e-01;8.85427e-01;Pipeline { filter(avg_X > 47.1000) };4.52957e-01;1.00000e+00;Pipeline { filter(avg_Y < 279000000.0000) }
datasets/geolife_60mins.csv;nsga2;5;7;700;700;2.84160e+01;100;100;100;1.00000e+00;1.00000e+00;8.00000e-02;8.85294e-01;7.26228e-01;Pipeline { filter(avg_X > 0.0000) | filter(avg_X < 645000.0000) | map_aggregate(attribute=avg_Y, function=min, window=9) };4.52957e-01;1.00000e+00;Pipeline { filter(avg_X < 894000000.0000) };7.31092e-01;8.85427e-01;Pipeline { filter(avg_X > 47.2000) };7.31092e-01;8.85427e-01;Pipeline { filter(avg_X > 47.3000) }
datasets/geolife_60mins.csv;nsga2;5;8;800;800;3.11300e+01;100;100;100;1.00000e+00;1.00000e+00;8.00000e-02;8.85294e-01;7.26228e-01;Pipeline { filter(avg_X > 0.0000) | filter(avg_X < 645000.0000) | map_aggregate(attribute=avg_Y, function=min, window=9) };4.52957e-01;1.00000e+00;Pipeline { filter(avg_X < 614000000.0000) };7.31092e-01;8.85427e-01;Pipeline { filter(avg_X > 0.0000) | filter(avg_X < 4530000000.0000) };4.52957e-01;1.00000e+00;Pipeline { filter(avg_X < 836000000.0000) }
datasets/geolife_60mins.csv;nsga2;5;9;900;900;3.40950e+01;100;100;100;1.00000e+00;1.00000e+00;9.00000e-02;8.85294e-01;7.26228e-01;Pipeline { filter(avg_X > 0.0000) | filter(avg_X < 645000.0000) | map_aggregate(attribute=avg_Y, function=min, window=9) };4.52957e-01;1.00000e+00;Pipeline { filter(avg_Y < 1050000000.0000) };4.52957e-01;1.00000e+00;Pipeline { filter(avg_X < 660000000.0000) };4.52957e-01;1.00000e+00;Pipeline { filter(avg_X < 5820000000.0000) }
datasets/geolife_60mins.csv;nsga2;5;10;1000;1000;3.72230e+01;100;100;100;1.00000e+00;1.00000e+00;9.00000e-02;8.85294e-01;7.26228e-01;Pipeline { filter(avg_X > 0.0000) | filter(avg_X < 645000.0000) | map_aggregate(attribute=avg_Y, function=min, window=9) };4.52957e-01;1.00000e+00;Pipeline { filter(avg_Y < 893000000.0000) };4.52957e-01;1.00000e+00;Pipeline { filter(avg_X < 349000000.0000) };4.52957e-01;1.00000e+00;Pipeline { filter(avg_X < 56100000.0000) }
datasets/geolife_60mins.csv;nsga2;5;11;1100;1100;4.00940e+01;100;100;100;1.00000e+00;1.00000e+00;9.00000e-02;8.85294e-01;7.26228e-01;Pipeline { filter(avg_X > 0.0000) | filter(avg_X < 645000.0000) | map_aggregate(attribute=avg_Y, function=min, window=9) };4.52957e-01;1.00000e+00;Pipeline { filter(avg_X < 309000000.0000) };4.52957e-01;1.00000e+00;Pipeline { filter(avg_X < 52100000.0000) };4.52957e-01;1.00000e+00;Pipeline { filter(avg_X < 871000000.0000) }
datasets/geolife_60mins.csv;nsga2;5;12;1200;1200;4.27280e+01;100;100;100;1.00000e+00;1.00000e+00;9.00000e-02;8.85294e-01;7.26228e-01;Pipeline { filter(avg_X > 0.0000) | filter(avg_X < 645000.0000) | map_aggregate(attribute=avg_Y, function=min, window=9) };4.52957e-01;1.00000e+00;Pipeline { filter(avg_X < 442000000.0000) };4.52957e-01;1.00000e+00;Pipeline { filter(avg_Y < 2270000000.0000) };4.52957e-01;1.00000e+00;Pipeline { filter(avg_Y < 4690000.0000) }
datasets/geolife_60mins.csv;nsga2;5;13;1300;1300;4.55310e+01;100;100;100;1.00000e+00;9.90000e-01;9.00000e-02;8.85294e-01;7.26228e-01;Pipeline { filter(avg_X > 0.0000) | filter(avg_X < 645000.0000) | map_aggregate(attribute=avg_Y, function=min, window=9) };4.52957e-01;1.00000e+00;Pipeline { filter(avg_Y < 40900000.0000) };4.52957e-01;1.00000e+00;Pipeline { filter(avg_X < 20600000.0000) };4.52957e-01;1.00000e+00;Pipeline { filter(avg_X < 770000000.0000) }
datasets/geolife_60mins.csv;nsga2;5;14;1400;1400;4.81020e+01;100;100;100;1.00000e+00;9.80000e-01;9.00000e-02;8.85294e-01;7.26228e-01;Pipeline { filter(avg_X > 0.0000) | filter(avg_X < 645000.0000) | map_aggregate(attribute=avg_Y, function=min, window=9) };4.52957e-01;1.00000e+00;Pipeline { filter(avg_Y < 72300000.0000) };4.52957e-01;1.00000e+00;Pipeline { filter(avg_X < 891000000.0000) };4.52957e-01;1.00000e+00;Pipeline { filter(avg_Y < 5570000.0000) }
datasets/geolife_60mins.csv;nsga2;5;15;1500;1500;5.19170e+01;100;100;100;1.00000e+00;9.90000e-01;9.00000e-02;8.85294e-01;7.26228e-01;Pipeline { filter(avg_X > 0.0000) | filter(avg_X < 645000.0000) | map_aggregate(attribute=avg_Y, function=min, window=9) };4.52957e-01;1.00000e+00;Pipeline { filter(avg_Y < 9750000000.0000) };4.52957e-01;1.00000e+00;Pipeline { filter(avg_X < 8250000000.0000) };4.52957e-01;1.00000e+00;Pipeline { filter(avg_Y < 5180000.0000) }
datasets/geolife_60mins.csv;nsga2;5;16;1600;1600;5.43030e+01;100;100;100;1.00000e+00;1.00000e+00;9.00000e-02;8.85294e-01;7.26228e-01;Pipeline { filter(avg_X > 0.0000) | filter(avg_X < 645000.0000) | map_aggregate(attribute=avg_Y, function=min, window=9) };4.52957e-01;1.00000e+00;Pipeline { filter(avg_X < 5970000000.0000) };4.52957e-01;1.00000e+00;Pipeline { filter(avg_X < 51000000.0000) };4.52957e-01;1.00000e+00;Pipeline { filter(avg_X < 447000000.0000) }
datasets/geolife_60mins.csv;nsga2;5;17;1700;1700;5.67270e+01;100;100;100;1.00000e+00;1.00000e+00;9.00000e-02;8.85294e-01;7.26228e-01;Pipeline { filter(avg_X > 0.0000) | filter(avg_X < 645000.0000) | map_aggregate(attribute=avg_Y, function=min, window=9) };4.52957e-01;1.00000e+00;Pipeline { filter(avg_X < 9470000.0000) };4.52957e-01;1.00000e+00;Pipeline { filter(avg_X < 650000000.0000) };4.52957e-01;1.00000e+00;Pipeline { filter(avg_Y < 728000000.0000) }
datasets/geolife_60mins.csv;nsga2;5;18;1800;1800;5.98250e+01;100;100;100;1.00000e+00;1.00000e+00;9.00000e-02;8.85294e-01;7.26228e-01;Pipeline { filter(avg_X > 0.0000) | filter(avg_X < 645000.0000) | map_aggregate(attribute=avg_Y, function=min, window=9) };4.52957e-01;1.00000e+00;Pipeline { filter(avg_X < 20000000.0000) };4.52957e-01;1.00000e+00;Pipeline { filter(avg_X < 21000000.0000) };4.52957e-01;1.00000e+00;Pipeline { filter(avg_Y < 49000000.0000) }
datasets/geolife_60mins.csv;nsga2;5;19;1900;1900;6.23520e+01;100;100;100;1.00000e+00;1.00000e+00;9.00000e-02;8.85294e-01;7.26228e-01;Pipeline { filter(avg_X > 0.0000) | filter(avg_X < 645000.0000) | map_aggregate(attribute=avg_Y, function=min, window=9) };4.52957e-01;1.00000e+00;Pipeline { filter(avg_X < 8220000000.0000) };4.52957e-01;1.00000e+00;Pipeline { filter(avg_X < 378000000.0000) };4.52957e-01;1.00000e+00;Pipeline { filter(avg_X < 922000000.0000) }
datasets/geolife_60mins.csv;nsga2;5;20;2000;2000;6.50250e+01;100;100;100;1.00000e+00;1.00000e+00;9.00000e-02;8.85294e-01;7.26228e-01;Pipeline { filter(avg_X > 0.0000) | filter(avg_X < 645000.0000) | map_aggregate(attribute=avg_Y, function=min, window=9) };4.52957e-01;1.00000e+00;Pipeline { filter(avg_Y < 3210000.0000) };4.52957e-01;1.00000e+00;Pipeline { filter(avg_Y < 9790000000.0000) };4.52957e-01;1.00000e+00;Pipeline { filter(avg_Y < 5210000000.0000) }
datasets/geolife_60mins.csv;nsga2;5;21;2100;2100;6.73340e+01;100;100;100;1.00000e+00;1.00000e+00;9.00000e-02;8.85294e-01;7.26228e-01;Pipeline { filter(avg_X > 0.0000) | filter(avg_X < 645000.0000) | map_aggregate(attribute=avg_Y, function=min, window=9) };4.52957e-01;1.00000e+00;Pipeline { filter(avg_Y < 9260000000.0000) };4.52957e-01;1.00000e+00;Pipeline { filter(avg_Y < 4010000000.0000) };4.52957e-01;1.00000e+00;Pipeline { filter(avg_X < 953000000.0000) }
datasets/geolife_60mins.csv;nsga2;5;22;2200;2200;6.99670e+01;100;100;100;1.00000e+00;1.00000e+00;9.00000e-02;8.85294e-01;7.26228e-01;Pipeline { filter(avg_X > 0.0000) | filter(avg_X < 645000.0000) | map_aggregate(attribute=avg_Y, function=min, window=9) };4.52957e-01;1.00000e+00;Pipeline { filter(avg_X < 65400000.0000) };4.52957e-01;1.00000e+00;Pipeline { filter(avg_Y < 3810000.0000) };4.52957e-01;1.00000e+00;Pipeline { filter(avg_X < 63800000.0000) }
datasets/geolife_60mins.csv;nsga2;5;23;2300;2300;7.25720e+01;100;100;100;1.00000e+00;1.00000e+00;9.00000e-02;8.85294e-01;7.26228e-01;Pipeline { filter(avg_X > 0.0000) | filter(avg_X < 645000.0000) | map_aggregate(attribute=avg_Y, function=min, window=9) };4.52957e-01;1.00000e+00;Pipeline { filter(avg_Y < 2330000000.0000) };4.52957e-01;1.00000e+00;Pipeline { filter(avg_X < 1110000000.0000) };4.52957e-01;1.00000e+00;Pipeline { filter(avg_X < 7920000.0000) }
datasets/geolife_60mins.csv;nsga2;5;24;2400;2400;7.53910e+01;100;100;100;1.00000e+00;1.00000e+00;9.00000e-02;8.85294e-01;7.26228e-01;Pipeline { filter(avg_X > 0.0000) | filter(avg_X < 645000.0000) | map_aggregate(attribute=avg_Y, function=min, window=9) };4.52957e-01;1.00000e+00;Pipeline { filter(avg_X < 150000000.0000) };4.52957e-01;1.00000e+00;Pipeline { filter(avg_X < 6310000000.0000) };4.52957e-01;1.00000e+00;Pipeline { filter(avg_X < 4110000000.0000) }
datasets/geolife_60mins.csv;nsga2;5;25;2500;2500;7.78960e+01;100;100;100;1.00000e+00;1.00000e+00;9.00000e-02;8.85294e-01;7.26228e-01;Pipeline { filter(avg_X > 0.0000) | filter(avg_X < 645000.0000) | map_aggregate(attribute=avg_Y, function=min, window=9) };4.52957e-01;1.00000e+00;Pipeline { filter(avg_X < 9990000.0000) };4.52957e-01;1.00000e+00;Pipeline { filter(avg_X < 84800000.0000) };4.52957e-01;1.00000e+00;Pipeline { filter(avg_X < 8490000.0000) }
datasets/geolife_60mins.csv;nsga2;5;26;2600;2600;8.07600e+01;100;100;100;1.00000e+00;9.90000e-01;9.00000e-02;8.85294e-01;7.26228e-01;Pipeline { filter(avg_X > 0.0000) | filter(avg_X < 645000.0000) | map_aggregate(attribute=avg_Y, function=min, window=9) };4.52957e-01;1.00000e+00;Pipeline { filter(avg_X < 992000000.0000) };4.52957e-01;1.00000e+00;Pipeline { filter(avg_X < 1680000000.0000) };4.52957e-01;1.00000e+00;Pipeline { filter(avg_Y < 8920000.0000) }
datasets/geolife_60mins.csv;nsga2;5;27;2700;2700;8.33320e+01;100;100;100;1.00000e+00;9.90000e-01;9.00000e-02;8.85294e-01;7.26228e-01;Pipeline { filter(avg_X > 0.0000) | filter(avg_X < 645000.0000) | map_aggregate(attribute=avg_Y, function=min, window=9) };4.52957e-01;1.00000e+00;Pipeline { filter(avg_Y < 63400000.0000) };4.52957e-01;1.00000e+00;Pipeline { filter(avg_X < 9350000.0000) };4.52957e-01;1.00000e+00;Pipeline { filter(avg_Y < 7930000.0000) }
datasets/geolife_60mins.csv;nsga2;5;28;2800;2800;8.58920e+01;100;100;100;1.00000e+00;9.90000e-01;1.00000e-01;8.85294e-01;7.26228e-01;Pipeline { filter(avg_X > 0.0000) | filter(avg_X < 645000.0000) | map_aggregate(attribute=avg_Y, function=min, window=9) };4.52957e-01;1.00000e+00;Pipeline { filter(avg_X < 6880000.0000) };4.52957e-01;1.00000e+00;Pipeline { filter(avg_X < 8440000000.0000) };4.52957e-01;1.00000e+00;Pipeline { filter(avg_Y < 9310000.0000) }
datasets/geolife_60mins.csv;nsga2;5;29;2900;2900;8.87810e+01;100;100;100;1.00000e+00;9.90000e-01;1.00000e-01;8.85294e-01;7.26228e-01;Pipeline { filter(avg_X > 0.0000) | filter(avg_X < 645000.0000) | map_aggregate(attribute=avg_Y, function=min, window=9) };4.52957e-01;1.00000e+00;Pipeline { filter(avg_X < 992000000.0000) };4.52957e-01;1.00000e+00;Pipeline { filter(avg_Y < 2150000000.0000) };4.52957e-01;1.00000e+00;Pipeline { filter(avg_Y < 3050000000.0000) }
datasets/geolife_60mins.csv;nsga2;5;30;3000;3000;9.16900e+01;100;100;100;1.00000e+00;9.90000e-01;1.00000e-01;8.85294e-01;7.26228e-01;Pipeline { filter(avg_X > 0.0000) | filter(avg_X < 645000.0000) | map_aggregate(attribute=avg_Y, function=min, window=9) };4.52957e-01;1.00000e+00;Pipeline { filter(avg_Y < 53200000.0000) };4.52957e-01;1.00000e+00;Pipeline { filter(avg_X < 527000000.0000) };4.52957e-01;1.00000e+00;Pipeline { filter(avg_Y < 99900000.0000) }
datasets/geolife_60mins.csv;nsga2;5;31;3100;3100;9.42220e+01;100;100;100;1.00000e+00;9.90000e-01;1.00000e-01;8.85294e-01;7.26228e-01;Pipeline { filter(avg_X > 0.0000) | filter(avg_X < 645000.0000) | map_aggregate(attribute=avg_Y, function=min, window=9) };4.52957e-01;1.00000e+00;Pipeline { filter(avg_X < 6880000.0000) };4.52957e-01;1.00000e+00;Pipeline { filter(avg_X < 423000000.0000) };4.52957e-01;1.00000e+00;Pipeline { filter(avg_X < 241000000.0000) }
datasets/geolife_60mins.csv;nsga2;5;32;3200;3200;9.70780e+01;100;100;100;1.00000e+00;9.90000e-01;1.00000e-01;8.85294e-01;7.26228e-01;Pipeline { filter(avg_X > 0.0000) | filter(avg_X < 645000.0000) | map_aggregate(attribute=avg_Y, function=min, window=9) };4.52957e-01;1.00000e+00;Pipeline { filter(avg_X < 992000000.0000) };4.52957e-01;1.00000e+00;Pipeline { filter(avg_X < 6740000000.0000) };4.52957e-01;1.00000e+00;Pipeline { filter(avg_X < 474000000.0000) }
datasets/geolife_60mins.csv;nsga2;5;33;3300;3300;1.00107e+02;100;100;100;1.00000e+00;9.90000e-01;1.00000e-01;8.85294e-01;7.26228e-01;Pipeline { filter(avg_X > 0.0000) | filter(avg_X < 645000.0000) | map_aggregate(attribute=avg_Y, function=min, window=9) };4.52957e-01;1.00000e+00;Pipeline { filter(avg_X < 836000000.0000) };4.52957e-01;1.00000e+00;Pipeline { filter(avg_X < 149000000.0000) };4.52957e-01;1.00000e+00;Pipeline { filter(avg_Y < 21700000.0000) }
datasets/geolife_60mins.csv;nsga2;5;34;3400;3400;1.02371e+02;100;100;100;1.00000e+00;9.90000e-01;1.10000e-01;8.85294e-01;7.26228e-01;Pipeline { filter(avg_X > 0.0000) | filter(avg_X < 645000.0000) | map_aggregate(attribute=avg_Y, function=min, window=9) };4.52957e-01;1.00000e+00;Pipeline { filter(avg_X < 64100000.0000) };4.52957e-01;1.00000e+00;Pipeline { filter(avg_Y < 551000000.0000) };4.52957e-01;1.00000e+00;Pipeline { filter(avg_X < 5820000000.0000) }
datasets/geolife_60mins.csv;nsga2;5;35;3500;3500;1.05082e+02;100;100;100;1.00000e+00;9.90000e-01;1.10000e-01;8.85294e-01;7.26228e-01;Pipeline { filter(avg_X > 0.0000) | filter(avg_X < 645000.0000) | map_aggregate(attribute=avg_Y, function=min, window=9) };4.52957e-01;1.00000e+00;Pipeline { filter(avg_Y < 255000000.0000) };4.52957e-01;1.00000e+00;Pipeline { filter(avg_Y < 130000000.0000) };4.52957e-01;1.00000e+00;Pipeline { filter(avg_X < 63800000.0000) }
datasets/geolife_60mins.csv;nsga2;5;36;3600;3600;1.08035e+02;100;100;100;1.00000e+00;9.90000e-01;1.20000e-01;8.85294e-01;7.26228e-01;Pipeline { filter(avg_X > 0.0000) | filter(avg_X < 645000.0000) | map_aggregate(attribute=avg_Y, function=min, window=9) };4.52957e-01;1.00000e+00;Pipeline { filter(avg_X < 619000000.0000) };4.52957e-01;1.00000e+00;Pipeline { filter(avg_Y < 14400000.0000) };4.52957e-01;1.00000e+00;Pipeline { filter(avg_X < 8140000.0000) }
datasets/geolife_60mins.csv;nsga2;5;37;3700;3700;1.10698e+02;100;100;100;1.00000e+00;9.90000e-01;1.20000e-01;8.85294e-01;7.26228e-01;Pipeline { filter(avg_X > 0.0000) | filter(avg_X < 645000.0000) | map_aggregate(attribute=avg_Y, function=min, window=9) };4.52957e-01;1.00000e+00;Pipeline { filter(avg_X < 841000000.0000) };4.52957e-01;1.00000e+00;Pipeline { filter(avg_X < 98000000.0000) };4.52957e-01;1.00000e+00;Pipeline { filter(avg_X < 7570000.0000) }
datasets/geolife_60mins.csv;nsga2;5;38;3800;3800;1.13107e+02;100;100;100;1.00000e+00;1.00000e+00;1.30000e-01;8.85294e-01;7.26228e-01;Pipeline { filter(avg_X > 0.0000) | filter(avg_X < 645000.0000) | map_aggregate(attribute=avg_Y, function=min, window=9) };4.52957e-01;1.00000e+00;Pipeline { filter(avg_Y < 7470000.0000) };4.52957e-01;1.00000e+00;Pipeline { filter(avg_Y < 5220000.0000) };4.52957e-01;1.00000e+00;Pipeline { filter(avg_Y < 672000000.0000) }
datasets/geolife_60mins.csv;nsga2;5;39;3900;3900;1.15690e+02;100;100;100;1.00000e+00;1.00000e+00;1.40000e-01;8.85294e-01;7.26228e-01;Pipeline { filter(avg_X > 0.0000) | filter(avg_X < 645000.0000) | map_aggregate(attribute=avg_Y, function=min, window=9) };4.52957e-01;1.00000e+00;Pipeline { filter(avg_Y < 1330000000.0000) };4.52957e-01;1.00000e+00;Pipeline { filter(avg_Y < 8240000.0000) };4.52957e-01;1.00000e+00;Pipeline { filter(avg_Y < 619000000.0000) }
datasets/geolife_60mins.csv;nsga2;5;40;4000;4000;1.18069e+02;100;100;100;1.00000e+00;1.00000e+00;1.50000e-01;8.85294e-01;7.26228e-01;Pipeline { filter(avg_X > 0.0000) | filter(avg_X < 645000.0000) | map_aggregate(attribute=avg_Y, function=min, window=9) };4.52957e-01;1.00000e+00;Pipeline { filter(avg_Y < 408000000.0000) };4.59868e-01;9.97479e-01;Pipeline { filter(avg_Y < 2560000.0000) };4.52957e-01;1.00000e+00;Pipeline { filter(avg_Y < 240000000.0000) }
datasets/geolife_60mins.csv;nsga2;5;41;4100;4100;1.20511e+02;100;100;100;1.00000e+00;1.00000e+00;1.50000e-01;8.85294e-01;7.26228e-01;Pipeline { filter(avg_X > 0.0000) | filter(avg_X < 645000.0000) | map_aggregate(attribute=avg_Y, function=min, window=9) };4.52957e-01;1.00000e+00;Pipeline { filter(avg_Y < 3830000000.0000) };4.52957e-01;1.00000e+00;Pipeline { filter(avg_Y < 7470000.0000) };4.52957e-01;1.00000e+00;Pipeline { filter(avg_X < 7080000.0000) }
datasets/geolife_60mins.csv;nsga2;5;42;4200;4200;1.23130e+02;100;100;100;1.00000e+00;1.00000e+00;1.50000e-01;8.85294e-01;7.26228e-01;Pipeline { filter(avg_X > 0.0000) | filter(avg_X < 645000.0000) | map_aggregate(attribute=avg_Y, function=min, window=9) };4.52957e-01;1.00000e+00;Pipeline { filter(avg_Y < 323000000.0000) };4.52957e-01;1.00000e+00;Pipeline { filter(avg_Y < 720000000.0000) };4.52957e-01;1.00000e+00;Pipeline { filter(avg_Y < 653000000.0000) }
datasets/geolife_60mins.csv;nsga2;5;43;4300;4300;1.25611e+02;100;100;100;1.00000e+00;1.00000e+00;1.50000e-01;8.85294e-01;7.26228e-01;Pipeline { filter(avg_X > 0.0000) | filter(avg_X < 645000.0000) | map_aggregate(attribute=avg_Y, function=min, window=9) };4.52957e-01;1.00000e+00;Pipeline { filter(avg_Y < 7130000.0000) };4.52957e-01;1.00000e+00;Pipeline { filter(avg_Y < 25000000.0000) };4.52957e-01;1.00000e+00;Pipeline { filter(avg_Y < 7810000000.0000) }
datasets/geolife_60mins.csv;nsga2;5;44;4400;4400;1.28254e+02;100;100;100;1.00000e+00;1.00000e+00;1.50000e-01;8.85294e-01;7.26228e-01;Pipeline { filter(avg_X > 0.0000) | filter(avg_X < 645000.0000) | map_aggregate(attribute=avg_Y, function=min, window=9) };4.52957e-01;1.00000e+00;Pipeline { filter(avg_X < 16000000.0000) };4.52957e-01;1.00000e+00;Pipeline { filter(avg_Y < 58700000.0000) };4.52957e-01;1.00000e+00;Pipeline { filter(avg_Y < 56100000.0000) }
datasets/geolife_60mins.csv;nsga2;5;45;4500;4500;1.31033e+02;100;100;100;1.00000e+00;1.00000e+00;1.50000e-01;8.85294e-01;7.26228e-01;Pipeline { filter(avg_X > 0.0000) | filter(avg_X < 645000.0000) | map_aggregate(attribute=avg_Y, function=min, window=9) };4.52957e-01;1.00000e+00;Pipeline { filter(avg_X < 540000000.0000) };4.52957e-01;1.00000e+00;Pipeline { filter(avg_Y < 819000000.0000) };4.52957e-01;1.00000e+00;Pipeline { filter(avg_Y < 855000000.0000) }
datasets/geolife_60mins.csv;nsga2;5;46;4600;4600;1.33756e+02;100;100;100;1.00000e+00;1.00000e+00;1.60000e-01;8.85294e-01;7.26228e-01;Pipeline { filter(avg_X > 0.0000) | filter(avg_X < 645000.0000) | map_aggregate(attribute=avg_Y, function=min, window=9) };4.52957e-01;1.00000e+00;Pipeline { filter(avg_Y < 88500000.0000) };4.84548e-01;9.92512e-01;Pipeline { filter(avg_Y < 2400000.0000) };4.52957e-01;1.00000e+00;Pipeline { filter(avg_Y < 240000000.0000) }
datasets/geolife_60mins.csv;nsga2;5;47;4700;4700;1.36368e+02;100;100;100;1.00000e+00;1.00000e+00;1.60000e-01;8.85294e-01;7.26228e-01;Pipeline { filter(avg_X > 0.0000) | filter(avg_X < 645000.0000) | map_aggregate(attribute=avg_Y, function=min, window=9) };4.52957e-01;1.00000e+00;Pipeline { filter(avg_X < 16000000.0000) };4.52957e-01;1.00000e+00;Pipeline { filter(avg_Y < 334000000.0000) };4.52957e-01;1.00000e+00;Pipeline { filter(avg_X < 36900000.0000) }
datasets/geolife_60mins.csv;nsga2;5;48;4800;4800;1.38992e+02;100;100;100;1.00000e+00;1.00000e+00;1.60000e-01;8.85294e-01;7.26228e-01;Pipeline { filter(avg_X > 0.0000) | filter(avg_X < 645000.0000) | map_aggregate(attribute=avg_Y, function=min, window=9) };4.52957e-01;1.00000e+00;Pipeline { filter(avg_X < 190000000.0000) };4.52957e-01;1.00000e+00;Pipeline { filter(avg_Y < 77700000.0000) };4.52957e-01;1.00000e+00;Pipeline { filter(avg_Y < 7840000.0000) }
datasets/geolife_60mins.csv;nsga2;5;49;4900;4900;1.41707e+02;100;100;100;1.00000e+00;1.00000e+00;1.60000e-01;8.85294e-01;7.26228e-01;Pipeline { filter(avg_X > 0.0000) | filter(avg_X < 645000.0000) | map_aggregate(attribute=avg_Y, function=min, window=9) };4.52957e-01;1.00000e+00;Pipeline { filter(avg_Y < 7810000.0000) };4.52957e-01;1.00000e+00;Pipeline { filter(avg_Y < 9600000000.0000) };4.52957e-01;1.00000e+00;Pipeline { filter(avg_X < 592000000.0000) }
datasets/geolife_60mins.csv;nsga2;5;50;5000;5000;1.44451e+02;100;100;100;1.00000e+00;1.00000e+00;1.60000e-01;8.85294e-01;7.26228e-01;Pipeline { filter(avg_X > 0.0000) | filter(avg_X < 645000.0000) | map_aggregate(attribute=avg_Y, function=min, window=9) };4.52957e-01;1.00000e+00;Pipeline { filter(avg_Y < 468000000.0000) };4.52957e-01;1.00000e+00;Pipeline { filter(avg_Y < 25400000.0000) };4.52957e-01;1.00000e+00;Pipeline { filter(avg_Y < 210000000.0000) }
