problem.name;solver.name;randomGenerator.seed;n.iterations;n.evals;n.births;elapsed.secs;all→size;firsts→size;lasts→size;all→each[genotype]→uniqueness;all→each[solution]→uniqueness;all→each[quality]→uniqueness;"all→percentile[quality→privacy;100]→quality→privacy";"all→percentile[quality→privacy;100]→quality→results-similarity";"all→percentile[quality→privacy;100]→solution";"all→percentile[quality→results-similarity;100]→quality→privacy";"all→percentile[quality→results-similarity;100]→quality→results-similarity";"all→percentile[quality→results-similarity;100]→solution";"all→percentile[quality→privacy;75]→quality→privacy";"all→percentile[quality→privacy;75]→quality→results-similarity";"all→percentile[quality→privacy;75]→solution";"all→percentile[quality→results-similarity;75]→quality→privacy";"all→percentile[quality→results-similarity;75]→quality→results-similarity";"all→percentile[quality→results-similarity;75]→solution"
datasets/geolife_60mins.csv;nsga2;1;1;100;100;4.42600e+00;100;6;67;1.00000e+00;1.00000e+00;1.50000e-01;7.31092e-01;1.00000e+00;Pipeline { filter(avg_X > 0.0000) };4.14159e-01;1.00000e+00;Pipeline { filter(avg_Y > 66.9000) };2.02007e-02;0.00000e+00;Pipeline { filter(avg_X < 0.0108) | filter(avg_X < 0.0010) };0.00000e+00;0.00000e+00;Pipeline { filter(avg_Y > 9480000.0000) | filter(avg_Y > 39.4000) | filter(avg_X < 5870.0000) }
datasets/geolife_60mins.csv;nsga2;1;2;200;200;6.92600e+00;100;13;23;1.00000e+00;1.00000e+00;2.60000e-01;7.31092e-01;1.00000e+00;Pipeline { filter(avg_X > 1220.0000) | filter(avg_X > 0.0006) | filter(avg_X > 2.4800) };4.14159e-01;1.00000e+00;Pipeline { filter(avg_Y > 66.9000) };6.87373e-01;1.00000e+00;Pipeline { filter(avg_Y > 1220.0000) | filter(avg_X > 0.0006) | filter(avg_X > 2.4800) };7.31092e-01;1.00000e+00;Pipeline { filter(avg_X > 0.0001) }
datasets/geolife_60mins.csv;nsga2;1;3;300;300;9.31400e+00;100;32;21;1.00000e+00;9.90000e-01;1.30000e-01;7.31092e-01;1.00000e+00;Pipeline { filter(avg_X > 17.6000) };4.14151e-01;1.00000e+00;Pipeline { filter(avg_Y > 0.0037) | filter(avg_Y > 153.0000) };7.31092e-01;1.00000e+00;Pipeline { filter(avg_X > 0.0000) };6.87470e-01;1.00000e+00;Pipeline { filter(avg_Y > 2.5800) | filter(avg_X > 0.0003) }
datasets/geolife_60mins.csv;nsga2;1;4;400;400;1.18910e+01;100;1;3;1.00000e+00;1.00000e+00;1.40000e-01;8.20255e-01;1.00000e+00;Pipeline { filter(avg_X < 852000.0000) | filter(avg_X > 5.7000) };4.52957e-01;1.00000e+00;Pipeline { filter(avg_Y < 3610000.0000) };7.31092e-01;1.00000e+00;Pipeline { filter(avg_X > 0.0000) };6.87470e-01;1.00000e+00;Pipeline { filter(avg_Y > 0.0037) | filter(avg_X > 5.7200) }
datasets/geolife_60mins.csv;nsga2;1;5;500;500;1.48110e+01;100;2;95;1.00000e+00;9.70000e-01;4.00000e-02;8.20255e-01;1.00000e+00;Pipeline { filter(avg_X < 852000.0000) | filter(avg_X > 5.7000) };7.31092e-01;1.00000e+00;Pipeline { filter(avg_X > 0.0009) | filter(avg_Y < 48800000.0000) };7.31092e-01;1.00000e+00;Pipeline { filter(avg_X > 0.6760) };7.31092e-01;1.00000e+00;Pipeline { filter(avg_Y < 8300000000.0000) | filter(avg_X > 3.3800) | filter(avg_X > 9.8100) }
datasets/geolife_60mins.csv;nsga2;1;6;600;600;1.76960e+01;100;2;84;1.00000e+00;9.90000e-01;9.00000e-02;8.24899e-01;1.00000e+00;Pipeline { filter(avg_Y < 930000.0000) | filter(avg_X > 3.1800) | filter(avg_Y > 0.0000) };7.31092e-01;1.00000e+00;Pipeline { filter(avg_X > 0.0000) };7.31092e-01;1.00000e+00;Pipeline { filter(avg_Y < 8400000000.0000) | filter(avg_X > 3.4800) | filter(avg_X > 9.5100) };7.31092e-01;1.00000e+00;Pipeline { filter(avg_Y < 8400000000.0000) | filter(avg_X > 3.1400) | filter(avg_X > 0.0000) }
datasets/geolife_60mins.csv;nsga2;1;7;700;700;2.05600e+01;100;6;67;1.00000e+00;9.90000e-01;1.30000e-01;8.24899e-01;1.00000e+00;Pipeline { filter(avg_Y < 930000.0000) | filter(avg_Y > 3.1800) | filter(avg_X > 9.5400) };7.31092e-01;1.00000e+00;Pipeline { filter(avg_X > 0.0001) };8.10288e-01;1.00000e+00;Pipeline { filter(avg_Y < 930000.0000) | filter(avg_X > 3.1800) | filter(avg_X > 0.4780) };7.31092e-01;1.00000e+00;Pipeline { filter(avg_X > 0.0008) }
datasets/geolife_60mins.csv;nsga2;1;8;800;800;2.34720e+01;100;12;28;1.00000e+00;9.60000e-01;2.40000e-01;8.24899e-01;1.00000e+00;Pipeline { filter(avg_Y < 930000.0000) | filter(avg_Y > 1.6800) | filter(avg_X > 9.5400) };7.31092e-01;1.00000e+00;Pipeline { filter(avg_X > 0.0070) };8.20255e-01;1.00000e+00;Pipeline { filter(avg_X < 852000.0000) | filter(avg_X > 0.9700) };7.31092e-01;1.00000e+00;Pipeline { filter(avg_X > 0.0000) }
datasets/geolife_60mins.csv;nsga2;1;9;900;900;2.61450e+01;100;1;23;1.00000e+00;9.60000e-01;1.70000e-01;8.34111e-01;1.00000e+00;Pipeline { filter(avg_Y < 630000.0000) | filter(avg_Y > 4.1800) | filter(avg_X > 0.0001) };8.10288e-01;1.00000e+00;Pipeline { filter(avg_Y < 930000.0000) | filter(avg_Y < 41200000.0000) | filter(avg_X > 0.0000) };8.24899e-01;1.00000e+00;Pipeline { filter(avg_Y < 930000.0000) | filter(avg_Y > 3.1800) | filter(avg_X > 0.0681) };8.10303e-01;1.00000e+00;Pipeline { filter(avg_Y < 933000.0000) | filter(avg_X > 6.8700) | filter(avg_X > 0.0000) }
datasets/geolife_60mins.csv;nsga2;1;10;1000;1000;2.92500e+01;100;1;1;1.00000e+00;9.40000e-01;1.80000e-01;8.40258e-01;1.00000e+00;Pipeline { filter(avg_Y < 430000.0000) | filter(avg_X > 3.1800) | filter(avg_Y > 0.0000) };8.15951e-01;1.00000e+00;Pipeline { filter(avg_X < 822000.0000) | filter(avg_X > 0.0505) };8.24899e-01;1.00000e+00;Pipeline { filter(avg_Y < 930000.0000) | filter(avg_X > 3.1800) | filter(avg_Y > 0.0000) };8.20756e-01;1.00000e+00;Pipeline { filter(avg_X < 930000.0000) | filter(avg_X > 3.6700) | filter(avg_X > 0.0000) }
datasets/geolife_60mins.csv;nsga2;1;11;1100;1100;3.18680e+01;100;1;1;1.00000e+00;9.60000e-01;1.20000e-01;8.40258e-01;1.00000e+00;Pipeline { filter(avg_Y < 430000.0000) | filter(avg_X > 3.1800) | filter(avg_Y > 0.0000) };8.21272e-01;1.00000e+00;Pipeline { filter(avg_X < 980000.0000) | filter(avg_X > 3.8700) | filter(avg_X > 0.0002) };8.24915e-01;1.00000e+00;Pipeline { filter(avg_Y < 933000.0000) | filter(avg_Y > 4.1800) | filter(avg_X > 0.0001) };8.24899e-01;1.00000e+00;Pipeline { filter(avg_Y < 930000.0000) | filter(avg_X > 3.1800) | filter(avg_Y > 9.5400) }
datasets/geolife_60mins.csv;nsga2;1;12;1200;1200;3.49680e+01;100;2;46;1.00000e+00;9.70000e-01;1.10000e-01;8.40258e-01;1.00000e+00;Pipeline { filter(avg_Y < 430000.0000) | filter(avg_X > 3.1800) | filter(avg_Y > 0.0000) };8.24899e-01;1.00000e+00;Pipeline { filter(avg_Y < 930000.0000) | filter(avg_X > 3150.0000) | filter(avg_Y > 0.0000) };8.24915e-01;1.00000e+00;Pipeline { filter(avg_Y < 935000.0000) | filter(avg_X > 0.0000) | filter(avg_Y > 0.0000) };8.24899e-01;1.00000e+00;Pipeline { filter(avg_Y < 930000.0000) | filter(avg_Y > 0.0000) | filter(avg_X > 9.5700) }
datasets/geolife_60mins.csv;nsga2;1;13;1300;1300;3.77600e+01;100;2;9;1.00000e+00;9.70000e-01;1.70000e-01;8.40258e-01;1.00000e+00;Pipeline { filter(avg_Y < 430000.0000) | filter(avg_X > 3.1800) | filter(avg_Y > 0.0000) };8.24899e-01;1.00000e+00;Pipeline { filter(avg_Y < 930000.0000) | filter(avg_X > 4.5600) | filter(avg_Y > 0.0000) };8.34111e-01;1.00000e+00;Pipeline { filter(avg_Y < 630000.0000) | filter(avg_Y > 4.1800) | filter(avg_X > 0.0984) };8.24915e-01;1.00000e+00;Pipeline { filter(avg_Y < 935000.0000) | filter(avg_X > 0.0000) | filter(avg_Y > 0.0070) }
datasets/geolife_60mins.csv;nsga2;1;14;1400;1400;4.06140e+01;100;1;19;1.00000e+00;9.70000e-01;2.20000e-01;8.41024e-01;1.00000e+00;Pipeline { filter(avg_Y < 535000.0000) | filter(avg_X > 0.0000) | filter(avg_Y > 0.0070) };8.24915e-01;1.00000e+00;Pipeline { filter(avg_Y < 935000.0000) | filter(avg_Y > 4.1800) | filter(avg_X > 0.0001) };8.34145e-01;1.00000e+00;Pipeline { filter(avg_Y < 670000.0000) | filter(avg_Y > 0.0000) | filter(avg_X > 0.0001) };8.33757e-01;1.00000e+00;Pipeline { filter(avg_Y < 630000.0000) | filter(avg_Y > 4120.0000) | filter(avg_X > 0.0000) }
datasets/geolife_60mins.csv;nsga2;1;15;1500;1500;4.35490e+01;100;4;17;1.00000e+00;9.60000e-01;1.80000e-01;8.41024e-01;1.00000e+00;Pipeline { filter(avg_Y < 535000.0000) | filter(avg_X > 0.0000) | filter(avg_Y > 0.0070) };8.33959e-01;1.00000e+00;Pipeline { filter(avg_Y < 230000.0000) | filter(avg_X > 57300.0000) | filter(avg_Y > 0.0000) };8.37006e-01;1.00000e+00;Pipeline { filter(avg_Y < 330000.0000) | filter(avg_X > 3.1400) | filter(avg_Y > 0.0368) };8.34111e-01;1.00000e+00;Pipeline { filter(avg_Y < 630000.0000) | filter(avg_Y > 4.1800) | filter(avg_X > 0.0984) }
datasets/geolife_60mins.csv;nsga2;1;16;1600;1600;4.67670e+01;100;1;3;1.00000e+00;9.70000e-01;2.70000e-01;8.87452e-01;1.00000e+00;Pipeline { filter(avg_Y < 330000.0000) | filter(avg_X > 3.1400) | filter(avg_X < 853000.0000) };8.34111e-01;1.00000e+00;Pipeline { filter(avg_Y < 630000.0000) | filter(avg_Y > 4.1800) | filter(avg_X > 0.0000) };8.38215e-01;1.00000e+00;Pipeline { filter(avg_Y < 370000.0000) | filter(avg_Y > 0.0001) | filter(avg_X > 0.0000) };8.34145e-01;1.00000e+00;Pipeline { filter(avg_Y < 670000.0000) | filter(avg_Y > 4.1800) | filter(avg_X > 0.0001) }
datasets/geolife_60mins.csv;nsga2;1;17;1700;1700;4.96410e+01;100;1;3;1.00000e+00;9.70000e-01;3.40000e-01;8.87452e-01;1.00000e+00;Pipeline { filter(avg_Y < 330000.0000) | filter(avg_X > 3.1400) | filter(avg_X < 853000.0000) };8.35576e-01;1.00000e+00;Pipeline { filter(avg_Y < 300000.0000) | filter(avg_X > 3.1400) | filter(avg_Y > 2.6800) };8.40258e-01;1.00000e+00;Pipeline { filter(avg_Y < 430000.0000) | filter(avg_X > 3.1800) | filter(avg_Y > 0.0000) };8.36989e-01;1.00000e+00;Pipeline { filter(avg_Y < 330000.0000) | filter(avg_X > 3.1400) | filter(avg_Y > 90.2000) }
datasets/geolife_60mins.csv;nsga2;1;18;1800;1800;5.27220e+01;100;1;10;1.00000e+00;9.80000e-01;2.50000e-01;8.88319e-01;1.00000e+00;Pipeline { filter(avg_Y < 370000.0000) | filter(avg_X < 921000.0000) | filter(avg_X > 0.0000) };8.37006e-01;1.00000e+00;Pipeline { filter(avg_Y < 330000.0000) | filter(avg_X > 8.1800) | filter(avg_Y > 0.0000) };8.40514e-01;1.00000e+00;Pipeline { filter(avg_Y < 535000.0000) | filter(avg_X > 0.0000) | filter(avg_Y > 7030.0000) };8.37347e-01;1.00000e+00;Pipeline { filter(avg_Y < 338000.0000) | filter(avg_X > 0.0000) | filter(avg_Y > 0.0000) }
datasets/geolife_60mins.csv;nsga2;1;19;1900;1900;5.55830e+01;100;1;2;1.00000e+00;9.80000e-01;2.40000e-01;8.88353e-01;1.00000e+00;Pipeline { filter(avg_Y < 370000.0000) | filter(avg_X < 931000.0000) | filter(avg_X > 0.0000) };8.38215e-01;1.00000e+00;Pipeline { filter(avg_Y < 370000.0000) | filter(avg_Y > 0.0001) | filter(avg_X > 0.0000) };8.41024e-01;1.00000e+00;Pipeline { filter(avg_Y < 535000.0000) | filter(avg_X > 0.0000) | filter(avg_Y > 0.0070) };8.40258e-01;1.00000e+00;Pipeline { filter(avg_Y < 439000.0000) | filter(avg_X > 802.0000) | filter(avg_Y > 0.0000) }
datasets/geolife_60mins.csv;nsga2;1;20;2000;2000;5.83790e+01;100;1;19;1.00000e+00;9.90000e-01;2.00000e-01;8.90038e-01;1.00000e+00;Pipeline { filter(avg_Y < 470000.0000) | filter(avg_X < 931000.0000) | filter(avg_X > 0.0000) };8.40258e-01;1.00000e+00;Pipeline { filter(avg_Y < 439000.0000) | filter(avg_X > 0.2680) | filter(avg_Y > 0.0000) };8.41024e-01;1.00000e+00;Pipeline { filter(avg_Y < 535000.0000) | filter(avg_X > 0.0000) | filter(avg_Y > 0.0070) };8.40428e-01;1.00000e+00;Pipeline { filter(avg_Y < 535000.0000) | filter(avg_X > 0.0000) | filter(avg_Y > 8580.0000) }
datasets/geolife_60mins.csv;nsga2;1;21;2100;2100;6.10860e+01;100;1;6;1.00000e+00;9.70000e-01;2.20000e-01;8.90038e-01;1.00000e+00;Pipeline { filter(avg_Y < 470000.0000) | filter(avg_X < 931000.0000) | filter(avg_X > 0.0000) };8.40514e-01;1.00000e+00;Pipeline { filter(avg_Y < 535000.0000) | filter(avg_X > 0.0000) | filter(avg_Y > 7070.0000) };8.87452e-01;1.00000e+00;Pipeline { filter(avg_Y < 330000.0000) | filter(avg_X > 6.1400) | filter(avg_X < 853000.0000) };8.40905e-01;1.00000e+00;Pipeline { filter(avg_Y < 530000.0000) | filter(avg_X > 400.0000) | filter(avg_Y > 0.0941) }
datasets/geolife_60mins.csv;nsga2;1;22;2200;2200;6.42340e+01;100;1;39;1.00000e+00;9.80000e-01;2.40000e-01;8.90038e-01;1.00000e+00;Pipeline { filter(avg_Y < 470000.0000) | filter(avg_X < 931000.0000) | filter(avg_X > 0.0000) };8.41024e-01;1.00000e+00;Pipeline { filter(avg_Y < 535000.0000) | filter(avg_X > 0.0000) | filter(avg_Y > 0.0070) };8.87486e-01;1.00000e+00;Pipeline { filter(avg_Y < 330000.0000) | filter(avg_X > 314.0000) | filter(avg_X < 859000.0000) };8.41024e-01;1.00000e+00;Pipeline { filter(avg_Y < 535000.0000) | filter(avg_X > 0.1130) | filter(avg_Y > 0.0000) }
datasets/geolife_60mins.csv;nsga2;1;23;2300;2300;6.73370e+01;100;1;3;1.00000e+00;9.80000e-01;3.90000e-01;8.90837e-01;1.00000e+00;Pipeline { filter(avg_Y < 570000.0000) | filter(avg_X < 931000.0000) | filter(avg_X > 0.0000) };8.41041e-01;1.00000e+00;Pipeline { filter(avg_Y < 538000.0000) | filter(avg_X > 500.0000) | filter(avg_Y > 45.1000) };8.88319e-01;1.00000e+00;Pipeline { filter(avg_Y < 370000.0000) | filter(avg_X < 928000.0000) | filter(avg_X > 0.0000) };8.82079e-01;1.00000e+00;Pipeline { filter(avg_Y < 670000.0000) | filter(avg_X < 931000.0000) | filter(avg_X > 0.0000) }
datasets/geolife_60mins.csv;nsga2;1;24;2400;2400;7.04990e+01;100;1;1;1.00000e+00;9.80000e-01;2.80000e-01;8.90837e-01;1.00000e+00;Pipeline { filter(avg_Y < 570000.0000) | filter(avg_X < 931000.0000) | filter(avg_X > 0.0000) };8.87418e-01;1.00000e+00;Pipeline { filter(avg_Y < 330000.0000) | filter(avg_X > 7350.0000) | filter(avg_X < 853000.0000) };8.88319e-01;1.00000e+00;Pipeline { filter(avg_Y < 370000.0000) | filter(avg_X < 923000.0000) | filter(avg_X > 1.5200) };8.87486e-01;1.00000e+00;Pipeline { filter(avg_Y < 330000.0000) | filter(avg_X > 3140.0000) | filter(avg_X < 859000.0000) }
datasets/geolife_60mins.csv;nsga2;1;25;2500;2500;7.33790e+01;100;2;6;1.00000e+00;1.00000e+00;3.80000e-01;8.90837e-01;1.00000e+00;Pipeline { filter(avg_Y < 570000.0000) | filter(avg_X < 931000.0000) | filter(avg_X > 0.0000) };8.87486e-01;1.00000e+00;Pipeline { filter(avg_Y < 330000.0000) | filter(avg_X > 324.0000) | filter(avg_X < 859000.0000) };8.88541e-01;1.00000e+00;Pipeline { filter(avg_Y < 478000.0000) | filter(avg_X < 833000.0000) | filter(avg_X > 0.0000) };8.88115e-01;1.00000e+00;Pipeline { filter(avg_Y < 341000.0000) | filter(avg_X < 931000.0000) | filter(avg_X > 0.0000) }
datasets/geolife_60mins.csv;nsga2;1;26;2600;2600;7.60340e+01;100;3;2;1.00000e+00;9.90000e-01;2.70000e-01;8.90837e-01;1.00000e+00;Pipeline { filter(avg_Y < 571000.0000) | filter(avg_X < 931000.0000) | filter(avg_X > 0.0000) };8.88183e-01;1.00000e+00;Pipeline { filter(avg_Y < 350000.0000) | filter(avg_X < 922000.0000) | filter(avg_X > 0.0000) };8.89102e-01;1.00000e+00;Pipeline { filter(avg_Y < 470000.0000) | filter(avg_X < 841000.0000) | filter(avg_X > 0.0001) };8.88319e-01;1.00000e+00;Pipeline { filter(avg_Y < 370000.0000) | filter(avg_X < 921000.0000) | filter(avg_X > 318.0000) }
datasets/geolife_60mins.csv;nsga2;1;27;2700;2700;7.87510e+01;100;1;8;1.00000e+00;1.00000e+00;3.40000e-01;8.90854e-01;1.00000e+00;Pipeline { filter(avg_Y < 570000.0000) | filter(avg_X < 932000.0000) | filter(avg_X > 0.0000) };8.88319e-01;1.00000e+00;Pipeline { filter(avg_Y < 370000.0000) | filter(avg_X < 921000.0000) | filter(avg_X > 0.0000) };8.89953e-01;1.00000e+00;Pipeline { filter(avg_Y < 537000.0000) | filter(avg_X > 6.1400) | filter(avg_X < 853000.0000) };8.88387e-01;1.00000e+00;Pipeline { filter(avg_Y < 372000.0000) | filter(avg_X < 927000.0000) | filter(avg_X > 0.0000) }
datasets/geolife_60mins.csv;nsga2;1;28;2800;2800;8.14420e+01;100;1;1;1.00000e+00;1.00000e+00;3.40000e-01;8.90854e-01;1.00000e+00;Pipeline { filter(avg_Y < 570000.0000) | filter(avg_X < 932000.0000) | filter(avg_X > 0.0000) };8.88387e-01;1.00000e+00;Pipeline { filter(avg_Y < 372000.0000) | filter(avg_X < 927000.0000) | filter(avg_X > 0.0000) };8.90191e-01;1.00000e+00;Pipeline { filter(avg_Y < 479000.0000) | filter(avg_X < 931000.0000) | filter(avg_X > 0.0000) };8.88779e-01;1.00000e+00;Pipeline { filter(avg_Y < 370000.0000) | filter(avg_X < 961000.0000) | filter(avg_X > 0.0001) }
datasets/geolife_60mins.csv;nsga2;1;29;2900;2900;8.42580e+01;100;1;3;1.00000e+00;1.00000e+00;2.60000e-01;8.90854e-01;1.00000e+00;Pipeline { filter(avg_Y < 570000.0000) | filter(avg_X < 932000.0000) | filter(avg_X > 0.0000) };8.88830e-01;1.00000e+00;Pipeline { filter(avg_Y < 390000.0000) | filter(avg_X < 921000.0000) | filter(avg_X > 0.0000) };8.90293e-01;1.00000e+00;Pipeline { filter(avg_Y < 560000.0000) | filter(avg_X > 0.0613) | filter(avg_X < 853000.0000) };8.89901e-01;1.00000e+00;Pipeline { filter(avg_Y < 520000.0000) | filter(avg_X > 0.0614) | filter(avg_X < 853000.0000) }
datasets/geolife_60mins.csv;nsga2;1;30;3000;3000;8.69840e+01;100;1;5;1.00000e+00;9.90000e-01;2.40000e-01;8.91398e-01;1.00000e+00;Pipeline { filter(avg_Y < 571000.0000) | filter(avg_X < 981000.0000) | filter(avg_X > 0.0000) };8.89936e-01;1.00000e+00;Pipeline { filter(avg_Y < 535000.0000) | filter(avg_X > 6.0400) | filter(avg_X < 853000.0000) };8.90803e-01;1.00000e+00;Pipeline { filter(avg_Y < 560000.0000) | filter(avg_X < 921000.0000) | filter(avg_X > 0.0340) };8.89987e-01;1.00000e+00;Pipeline { filter(avg_Y < 428000.0000) | filter(avg_X < 931000.0000) | filter(avg_X > 0.7460) }
datasets/geolife_60mins.csv;nsga2;1;31;3100;3100;8.97950e+01;100;1;5;1.00000e+00;1.00000e+00;1.90000e-01;8.91398e-01;1.00000e+00;Pipeline { filter(avg_Y < 571000.0000) | filter(avg_X < 981000.0000) | filter(avg_X > 0.0000) };8.90038e-01;1.00000e+00;Pipeline { filter(avg_Y < 470000.0000) | filter(avg_X < 931000.0000) | filter(avg_X > 649.0000) };8.90803e-01;1.00000e+00;Pipeline { filter(avg_Y < 570000.0000) | filter(avg_X < 921000.0000) | filter(avg_X > 345.0000) };8.90242e-01;1.00000e+00;Pipeline { filter(avg_Y < 561000.0000) | filter(avg_X > 0.0000) | filter(avg_X < 850000.0000) }
datasets/geolife_60mins.csv;nsga2;1;32;3200;3200;9.28430e+01;100;1;1;1.00000e+00;1.00000e+00;2.00000e-01;8.91433e-01;1.00000e+00;Pipeline { filter(avg_Y < 560000.0000) | filter(avg_X < 991000.0000) | filter(avg_X > 0.0308) };8.90208e-01;1.00000e+00;Pipeline { filter(avg_Y < 580000.0000) | filter(avg_X > 14000.0000) | filter(avg_X < 853000.0000) };8.90837e-01;1.00000e+00;Pipeline { filter(avg_Y < 570000.0000) | filter(avg_X < 931000.0000) | filter(avg_X > 0.0000) };8.90293e-01;1.00000e+00;Pipeline { filter(avg_Y < 563000.0000) | filter(avg_X > 4250.0000) | filter(avg_X < 853000.0000) }
datasets/geolife_60mins.csv;nsga2;1;33;3300;3300;9.57870e+01;100;1;1;1.00000e+00;1.00000e+00;2.00000e-01;8.91433e-01;1.00000e+00;Pipeline { filter(avg_Y < 560000.0000) | filter(avg_X < 991000.0000) | filter(avg_X > 0.0308) };8.90344e-01;1.00000e+00;Pipeline { filter(avg_Y < 560000.0000) | filter(avg_X > 14000.0000) | filter(avg_X < 863000.0000) };8.90854e-01;1.00000e+00;Pipeline { filter(avg_Y < 570000.0000) | filter(avg_X < 932000.0000) | filter(avg_X > 4530.0000) };8.90803e-01;1.00000e+00;Pipeline { filter(avg_Y < 590000.0000) | filter(avg_X < 921000.0000) | filter(avg_X > 345.0000) }
datasets/geolife_60mins.csv;nsga2;1;34;3400;3400;9.86120e+01;100;1;27;1.00000e+00;1.00000e+00;1.50000e-01;8.91433e-01;1.00000e+00;Pipeline { filter(avg_Y < 560000.0000) | filter(avg_X < 991000.0000) | filter(avg_X > 0.0308) };8.90803e-01;1.00000e+00;Pipeline { filter(avg_Y < 565000.0000) | filter(avg_X > 0.0604) | filter(avg_X < 883000.0000) };8.91143e-01;1.00000e+00;Pipeline { filter(avg_Y < 573000.0000) | filter(avg_X < 941000.0000) | filter(avg_X > 0.0000) };8.90803e-01;1.00000e+00;Pipeline { filter(avg_Y < 570000.0000) | filter(avg_X < 921000.0000) | filter(avg_X > 0.0395) }
datasets/geolife_60mins.csv;nsga2;1;35;3500;3500;1.01372e+02;100;1;7;1.00000e+00;1.00000e+00;1.60000e-01;8.91433e-01;1.00000e+00;Pipeline { filter(avg_Y < 560000.0000) | filter(avg_X < 991000.0000) | filter(avg_X > 0.0308) };8.90803e-01;1.00000e+00;Pipeline { filter(avg_Y < 570000.0000) | filter(avg_X < 921000.0000) | filter(avg_X > 0.0395) };8.91279e-01;1.00000e+00;Pipeline { filter(avg_Y < 563000.0000) | filter(avg_X > 0.0616) | filter(avg_X < 953000.0000) };8.90837e-01;1.00000e+00;Pipeline { filter(avg_Y < 570000.0000) | filter(avg_X < 931000.0000) | filter(avg_X > 0.0032) }
datasets/geolife_60mins.csv;nsga2;1;36;3600;3600;1.04364e+02;100;1;21;1.00000e+00;1.00000e+00;1.60000e-01;8.91433e-01;1.00000e+00;Pipeline { filter(avg_Y < 560000.0000) | filter(avg_X < 991000.0000) | filter(avg_X > 0.0308) };8.90837e-01;1.00000e+00;Pipeline { filter(avg_Y < 570000.0000) | filter(avg_X < 931000.0000) | filter(avg_X > 0.0032) };8.91296e-01;1.00000e+00;Pipeline { filter(avg_Y < 571000.0000) | filter(avg_X < 960000.0000) | filter(avg_X > 348.0000) };8.90854e-01;1.00000e+00;Pipeline { filter(avg_Y < 579000.0000) | filter(avg_X < 934000.0000) | filter(avg_X > 8.9800) }
datasets/geolife_60mins.csv;nsga2;1;37;3700;3700;1.07121e+02;100;2;10;1.00000e+00;1.00000e+00;2.00000e-01;8.91433e-01;1.00000e+00;Pipeline { filter(avg_Y < 560000.0000) | filter(avg_X < 991000.0000) | filter(avg_X > 0.0308) };8.90854e-01;1.00000e+00;Pipeline { filter(avg_Y < 564000.0000) | filter(avg_X > 0.0619) | filter(avg_X < 933000.0000) };8.91347e-01;1.00000e+00;Pipeline { filter(avg_Y < 570000.0000) | filter(avg_X < 971000.0000) | filter(avg_X > 0.0345) };8.90905e-01;1.00000e+00;Pipeline { filter(avg_Y < 520000.0000) | filter(avg_X < 961000.0000) | filter(avg_X > 0.0000) }
datasets/geolife_60mins.csv;nsga2;1;38;3800;3800;1.10166e+02;100;5;1;1.00000e+00;1.00000e+00;1.70000e-01;8.91433e-01;1.00000e+00;Pipeline { filter(avg_Y < 560000.0000) | filter(avg_X < 991000.0000) | filter(avg_X > 0.0094) };8.90905e-01;1.00000e+00;Pipeline { filter(avg_Y < 550000.0000) | filter(avg_X < 941000.0000) | filter(avg_X > 0.0000) };8.91398e-01;1.00000e+00;Pipeline { filter(avg_Y < 575000.0000) | filter(avg_X < 981000.0000) | filter(avg_X > 0.0000) };8.91279e-01;1.00000e+00;Pipeline { filter(avg_Y < 563000.0000) | filter(avg_X > 0.0618) | filter(avg_X < 953000.0000) }
datasets/geolife_60mins.csv;nsga2;1;39;3900;3900;1.13043e+02;100;6;15;1.00000e+00;1.00000e+00;9.00000e-02;8.91433e-01;1.00000e+00;Pipeline { filter(avg_Y < 560000.0000) | filter(avg_X < 991000.0000) | filter(avg_X > 0.0093) };8.91279e-01;1.00000e+00;Pipeline { filter(avg_Y < 568000.0000) | filter(avg_X > 6270.0000) | filter(avg_X < 953000.0000) };8.91398e-01;1.00000e+00;Pipeline { filter(avg_Y < 570000.0000) | filter(avg_X < 981000.0000) | filter(avg_X > 0.0348) };8.91330e-01;1.00000e+00;Pipeline { filter(avg_Y < 570000.0000) | filter(avg_X < 971000.0000) | filter(avg_X > 6540.0000) }
datasets/geolife_60mins.csv;nsga2;1;40;4000;4000;1.15809e+02;100;7;9;1.00000e+00;9.90000e-01;8.00000e-02;8.91433e-01;1.00000e+00;Pipeline { filter(avg_Y < 560000.0000) | filter(avg_X < 991000.0000) | filter(avg_X > 0.0306) };8.91296e-01;1.00000e+00;Pipeline { filter(avg_Y < 571000.0000) | filter(avg_X < 961000.0000) | filter(avg_X > 348.0000) };8.91416e-01;1.00000e+00;Pipeline { filter(avg_Y < 572000.0000) | filter(avg_X < 989000.0000) | filter(avg_X > 0.0000) };8.91347e-01;1.00000e+00;Pipeline { filter(avg_Y < 570000.0000) | filter(avg_X < 971000.0000) | filter(avg_X > 3.4500) }
datasets/geolife_60mins.csv;nsga2;1;41;4100;4100;1.18607e+02;100;10;15;1.00000e+00;9.90000e-01;6.00000e-02;8.91433e-01;1.00000e+00;Pipeline { filter(avg_Y < 560000.0000) | filter(avg_X < 991000.0000) | filter(avg_X > 0.0308) };8.91347e-01;1.00000e+00;Pipeline { filter(avg_Y < 570000.0000) | filter(avg_X < 971000.0000) | filter(avg_X > 941.0000) };8.91416e-01;1.00000e+00;Pipeline { filter(avg_Y < 572000.0000) | filter(avg_X < 989000.0000) | filter(avg_X > 0.0000) };8.91398e-01;1.00000e+00;Pipeline { filter(avg_Y < 572000.0000) | filter(avg_X < 981000.0000) | filter(avg_X > 0.0348) }
datasets/geolife_60mins.csv;nsga2;1;42;4200;4200;1.21358e+02;100;1;50;1.00000e+00;9.90000e-01;4.00000e-02;8.91450e-01;1.00000e+00;Pipeline { filter(avg_Y < 560000.0000) | filter(avg_X < 999000.0000) | filter(avg_X > 0.0308) };8.91398e-01;1.00000e+00;Pipeline { filter(avg_Y < 572000.0000) | filter(avg_X < 981000.0000) | filter(avg_X > 0.0348) };8.91416e-01;1.00000e+00;Pipeline { filter(avg_Y < 576000.0000) | filter(avg_X < 989000.0000) | filter(avg_X > 0.0000) };8.91398e-01;1.00000e+00;Pipeline { filter(avg_Y < 575000.0000) | filter(avg_X < 981000.0000) | filter(avg_X > 5.0800) }
datasets/geolife_60mins.csv;nsga2;1;43;4300;4300;1.24078e+02;100;5;30;1.00000e+00;1.00000e+00;4.00000e-02;8.91450e-01;1.00000e+00;Pipeline { filter(avg_Y < 560000.0000) | filter(avg_X < 999000.0000) | filter(avg_X > 834.0000) };8.91398e-01;1.00000e+00;Pipeline { filter(avg_Y < 565000.0000) | filter(avg_X < 982000.0000) | filter(avg_X > 0.0448) };8.91433e-01;1.00000e+00;Pipeline { filter(avg_Y < 590000.0000) | filter(avg_X < 991000.0000) | filter(avg_X > 0.0259) };8.91398e-01;1.00000e+00;Pipeline { filter(avg_Y < 575000.0000) | filter(avg_X < 981000.0000) | filter(avg_X > 0.0000) }
datasets/geolife_60mins.csv;nsga2;1;44;4400;4400;1.26555e+02;100;7;11;1.00000e+00;1.00000e+00;4.00000e-02;8.91450e-01;1.00000e+00;Pipeline { filter(avg_Y < 560000.0000) | filter(avg_X < 999000.0000) | filter(avg_X > 0.0300) };8.91398e-01;1.00000e+00;Pipeline { filter(avg_Y < 575000.0000) | filter(avg_X < 981000.0000) | filter(avg_X > 0.0000) };8.91433e-01;1.00000e+00;Pipeline { filter(avg_Y < 590000.0000) | filter(avg_X < 991000.0000) | filter(avg_X > 2830.0000) };8.91416e-01;1.00000e+00;Pipeline { filter(avg_Y < 572000.0000) | filter(avg_X < 989000.0000) | filter(avg_X > 0.0000) }
datasets/geolife_60mins.csv;nsga2;1;45;4500;4500;1.29227e+02;100;8;43;1.00000e+00;1.00000e+00;3.00000e-02;8.91450e-01;1.00000e+00;Pipeline { filter(avg_Y < 560000.0000) | filter(avg_X < 999000.0000) | filter(avg_X > 0.0368) };8.91416e-01;1.00000e+00;Pipeline { filter(avg_Y < 575000.0000) | filter(avg_X < 987000.0000) | filter(avg_X > 0.0848) };8.91433e-01;1.00000e+00;Pipeline { filter(avg_Y < 590000.0000) | filter(avg_X < 991000.0000) | filter(avg_X > 2830.0000) };8.91416e-01;1.00000e+00;Pipeline { filter(avg_Y < 575000.0000) | filter(avg_X < 986000.0000) | filter(avg_X > 0.0000) }
datasets/geolife_60mins.csv;nsga2;1;46;4600;4600;1.32149e+02;100;12;24;1.00000e+00;1.00000e+00;3.00000e-02;8.91450e-01;1.00000e+00;Pipeline { filter(avg_Y < 560000.0000) | filter(avg_X < 999000.0000) | filter(avg_X > 0.0308) };8.91416e-01;1.00000e+00;Pipeline { filter(avg_Y < 571000.0000) | filter(avg_X < 988000.0000) | filter(avg_X > 0.0000) };8.91433e-01;1.00000e+00;Pipeline { filter(avg_Y < 560000.0000) | filter(avg_X < 991000.0000) | filter(avg_X > 0.0308) };8.91433e-01;1.00000e+00;Pipeline { filter(avg_Y < 590000.0000) | filter(avg_X < 991000.0000) | filter(avg_X > 0.0023) }
datasets/geolife_60mins.csv;nsga2;1;47;4700;4700;1.34776e+02;100;19;81;1.00000e+00;1.00000e+00;2.00000e-02;8.91450e-01;1.00000e+00;Pipeline { filter(avg_Y < 560000.0000) | filter(avg_X < 998000.0000) | filter(avg_X > 0.0000) };8.91433e-01;1.00000e+00;Pipeline { filter(avg_Y < 560000.0000) | filter(avg_X < 991000.0000) | filter(avg_X > 0.0306) };8.91433e-01;1.00000e+00;Pipeline { filter(avg_Y < 590000.0000) | filter(avg_X < 991000.0000) | filter(avg_X > 0.0833) };8.91433e-01;1.00000e+00;Pipeline { filter(avg_Y < 590000.0000) | filter(avg_X < 991000.0000) | filter(avg_X > 230.0000) }
datasets/geolife_60mins.csv;nsga2;1;48;4800;4800;1.37416e+02;100;27;73;1.00000e+00;1.00000e+00;2.00000e-02;8.91450e-01;1.00000e+00;Pipeline { filter(avg_Y < 560000.0000) | filter(avg_X < 999000.0000) | filter(avg_X > 0.0768) };8.91433e-01;1.00000e+00;Pipeline { filter(avg_Y < 560000.0000) | filter(avg_X < 991000.0000) | filter(avg_X > 0.0053) };8.91450e-01;1.00000e+00;Pipeline { filter(avg_Y < 560000.0000) | filter(avg_X < 999000.0000) | filter(avg_X > 638.0000) };8.91433e-01;1.00000e+00;Pipeline { filter(avg_Y < 562000.0000) | filter(avg_X < 991000.0000) | filter(avg_X > 0.0000) }
datasets/geolife_60mins.csv;nsga2;1;49;4900;4900;1.39988e+02;100;34;66;1.00000e+00;1.00000e+00;2.00000e-02;8.91450e-01;1.00000e+00;Pipeline { filter(avg_Y < 560000.0000) | filter(avg_X < 999000.0000) | filter(avg_X > 834.0000) };8.91433e-01;1.00000e+00;Pipeline { filter(avg_Y < 562000.0000) | filter(avg_X < 991000.0000) | filter(avg_X > 0.0000) };8.91450e-01;1.00000e+00;Pipeline { filter(avg_Y < 560000.0000) | filter(avg_X < 998000.0000) | filter(avg_X > 0.0000) };8.91433e-01;1.00000e+00;Pipeline { filter(avg_Y < 562000.0000) | filter(avg_X < 991000.0000) | filter(avg_X > 0.0000) }
datasets/geolife_60mins.csv;nsga2;1;50;5000;5000;1.42814e+02;100;49;51;1.00000e+00;1.00000e+00;2.00000e-02;8.91450e-01;1.00000e+00;Pipeline { filter(avg_Y < 560000.0000) | filter(avg_X < 999000.0000) | filter(avg_X > 8.7900) };8.91433e-01;1.00000e+00;Pipeline { filter(avg_Y < 590000.0000) | filter(avg_X < 991000.0000) | filter(avg_X > 0.0000) };8.91450e-01;1.00000e+00;Pipeline { filter(avg_Y < 560000.0000) | filter(avg_X < 999000.0000) | filter(avg_X > 0.0000) };8.91433e-01;1.00000e+00;Pipeline { filter(avg_Y < 590000.0000) | filter(avg_X < 991000.0000) | filter(avg_X > 0.0002) }
datasets/geolife_60mins.csv;nsga2;2;1;100;100;2.13500e+00;100;4;67;1.00000e+00;1.00000e+00;1.70000e-01;7.31092e-01;1.00000e+00;Pipeline { filter(avg_X > 0.0292) };4.14159e-01;1.00000e+00;Pipeline { filter(avg_Y > 55.5000) };1.92867e-02;0.00000e+00;Pipeline { filter(avg_Y < 0.0001) | filter(avg_Y < 0.0000) | filter(avg_X < 0.0000) | filter(avg_X < 757.0000) | filter(avg_Y < 0.0000) };0.00000e+00;0.00000e+00;Pipeline { filter(avg_X > 0.0000) | filter(avg_Y < 712.0000) | filter(avg_X > 0.0000) | filter(avg_Y > 0.7120) | filter(avg_X < 0.0000) | filter(avg_Y < 0.7200) | filter(avg_Y > 0.0000) }
datasets/geolife_60mins.csv;nsga2;2;2;200;200;4.62800e+00;100;8;14;1.00000e+00;9.90000e-01;3.20000e-01;7.31092e-01;1.00000e+00;Pipeline { filter(avg_X > 128.0000) };4.13947e-01;1.00000e+00;Pipeline { filter(avg_Y > 5460.0000) };4.14168e-01;1.00000e+00;Pipeline { filter(avg_Y > 0.7310) };6.87470e-01;1.00000e+00;Pipeline { filter(avg_Y > 0.0099) | filter(avg_Y > 3.0300) | filter(avg_X > 7.8900) | filter(avg_Y > 0.0000) | filter(avg_X > 1.2600) | filter(avg_X > 0.0000) }
datasets/geolife_60mins.csv;nsga2;2;3;300;300;7.00800e+00;100;15;13;1.00000e+00;1.00000e+00;2.30000e-01;7.31092e-01;1.00000e+00;Pipeline { filter(avg_X > 134.0000) };4.13947e-01;1.00000e+00;Pipeline { filter(avg_Y > 5460.0000) };6.65738e-01;1.00000e+00;Pipeline { filter(avg_Y < 629000.0000) };4.48825e-01;1.00000e+00;Pipeline { filter(avg_X < 836000.0000) }
datasets/geolife_60mins.csv;nsga2;2;4;400;400;9.82700e+00;100;34;1;1.00000e+00;1.00000e+00;1.50000e-01;7.31092e-01;1.00000e+00;Pipeline { filter(avg_X > 0.0003) };4.48825e-01;1.00000e+00;Pipeline { filter(avg_X < 836000.0000) };7.31092e-01;1.00000e+00;Pipeline { filter(avg_X < 797000000.0000) | filter(avg_X > 325.0000) };4.52957e-01;1.00000e+00;Pipeline { filter(avg_Y < 319000000.0000) }
datasets/geolife_60mins.csv;nsga2;2;5;500;500;1.26120e+01;100;70;1;1.00000e+00;9.80000e-01;1.60000e-01;7.31092e-01;1.00000e+00;Pipeline { filter(avg_X > 5.9700) };6.73112e-01;1.00000e+00;Pipeline { filter(avg_Y < 1880000.0000) };7.31092e-01;1.00000e+00;Pipeline { filter(avg_X > 344.0000) | filter(avg_X > 325.0000) };7.29807e-01;1.00000e+00;Pipeline { filter(avg_X > 27700.0000) }
datasets/geolife_60mins.csv;nsga2;2;6;600;600;1.56250e+01;100;100;100;1.00000e+00;9.90000e-01;1.00000e-02;7.31092e-01;1.00000e+00;Pipeline { filter(avg_X > 0.0010) };7.31092e-01;1.00000e+00;Pipeline { filter(avg_X > 0.0010) };7.31092e-01;1.00000e+00;Pipeline { filter(avg_X > 528.0000) };7.31092e-01;1.00000e+00;Pipeline { filter(avg_X > 528.0000) }
datasets/geolife_60mins.csv;nsga2;2;7;700;700;1.84250e+01;100;100;100;1.00000e+00;1.00000e+00;1.00000e-02;7.31092e-01;1.00000e+00;Pipeline { filter(avg_X > 0.0006) };7.31092e-01;1.00000e+00;Pipeline { filter(avg_X > 0.0006) };7.31092e-01;1.00000e+00;Pipeline { filter(avg_X > 0.0000) };7.31092e-01;1.00000e+00;Pipeline { filter(avg_X > 0.0000) }
datasets/geolife_60mins.csv;nsga2;2;8;800;800;2.11090e+01;100;100;100;1.00000e+00;1.00000e+00;1.00000e-02;7.31092e-01;1.00000e+00;Pipeline { filter(avg_X > 0.0000) | filter(avg_X > 325.0000) };7.31092e-01;1.00000e+00;Pipeline { filter(avg_X > 0.0000) | filter(avg_X > 325.0000) };7.31092e-01;1.00000e+00;Pipeline { filter(avg_X > 7.1300) };7.31092e-01;1.00000e+00;Pipeline { filter(avg_X > 7.1300) }
datasets/geolife_60mins.csv;nsga2;2;9;900;900;2.39790e+01;100;100;100;1.00000e+00;1.00000e+00;1.00000e-02;7.31092e-01;1.00000e+00;Pipeline { filter(avg_X > 0.0000) };7.31092e-01;1.00000e+00;Pipeline { filter(avg_X > 0.0000) };7.31092e-01;1.00000e+00;Pipeline { filter(avg_X > 0.0000) };7.31092e-01;1.00000e+00;Pipeline { filter(avg_X > 0.0000) }
datasets/geolife_60mins.csv;nsga2;2;10;1000;1000;2.68380e+01;100;100;100;1.00000e+00;9.90000e-01;1.00000e-02;7.31092e-01;1.00000e+00;Pipeline { filter(avg_X < 792000000.0000) | filter(avg_X > 3010.0000) };7.31092e-01;1.00000e+00;Pipeline { filter(avg_X < 792000000.0000) | filter(avg_X > 3010.0000) };7.31092e-01;1.00000e+00;Pipeline { filter(avg_X > 0.3130) };7.31092e-01;1.00000e+00;Pipeline { filter(avg_X > 0.3130) }
datasets/geolife_60mins.csv;nsga2;2;11;1100;1100;2.94670e+01;100;100;100;1.00000e+00;1.00000e+00;1.00000e-02;7.31092e-01;1.00000e+00;Pipeline { filter(avg_X > 0.0006) };7.31092e-01;1.00000e+00;Pipeline { filter(avg_X > 0.0006) };7.31092e-01;1.00000e+00;Pipeline { filter(avg_X > 0.0000) };7.31092e-01;1.00000e+00;Pipeline { filter(avg_X > 0.0000) }
datasets/geolife_60mins.csv;nsga2;2;12;1200;1200;3.23450e+01;100;100;100;1.00000e+00;1.00000e+00;1.00000e-02;7.31092e-01;1.00000e+00;Pipeline { filter(avg_X > 2.6000) };7.31092e-01;1.00000e+00;Pipeline { filter(avg_X > 2.6000) };7.31092e-01;1.00000e+00;Pipeline { filter(avg_X > 0.0000) | filter(avg_X > 3010.0000) };7.31092e-01;1.00000e+00;Pipeline { filter(avg_X > 0.0000) | filter(avg_X > 3010.0000) }
datasets/geolife_60mins.csv;nsga2;2;13;1300;1300;3.49010e+01;100;100;100;1.00000e+00;9.90000e-01;1.00000e-02;7.31092e-01;1.00000e+00;Pipeline { filter(avg_X > 0.0049) };7.31092e-01;1.00000e+00;Pipeline { filter(avg_X > 0.0049) };7.31092e-01;1.00000e+00;Pipeline { filter(avg_X > 7.1300) };7.31092e-01;1.00000e+00;Pipeline { filter(avg_X > 7.1300) }
datasets/geolife_60mins.csv;nsga2;2;14;1400;1400;3.73190e+01;100;100;100;1.00000e+00;9.90000e-01;1.00000e-02;7.31092e-01;1.00000e+00;Pipeline { filter(avg_X < 792000000.0000) | filter(avg_X > 4010.0000) };7.31092e-01;1.00000e+00;Pipeline { filter(avg_X < 792000000.0000) | filter(avg_X > 4010.0000) };7.31092e-01;1.00000e+00;Pipeline { filter(avg_X > 0.0000) };7.31092e-01;1.00000e+00;Pipeline { filter(avg_X > 0.0000) }
datasets/geolife_60mins.csv;nsga2;2;15;1500;1500;3.98940e+01;100;100;100;1.00000e+00;9.90000e-01;1.00000e-02;7.31092e-01;1.00000e+00;Pipeline { filter(avg_X < 617000000.0000) | filter(avg_X > 3.5100) };7.31092e-01;1.00000e+00;Pipeline { filter(avg_X < 617000000.0000) | filter(avg_X > 3.5100) };7.31092e-01;1.00000e+00;Pipeline { filter(avg_X < 710000000.0000) | filter(avg_X > 1040.0000) };7.31092e-01;1.00000e+00;Pipeline { filter(avg_X < 710000000.0000) | filter(avg_X > 1040.0000) }
datasets/geolife_60mins.csv;nsga2;2;16;1600;1600;4.25680e+01;100;100;100;1.00000e+00;1.00000e+00;1.00000e-02;7.31092e-01;1.00000e+00;Pipeline { filter(avg_X > 0.0000) };7.31092e-01;1.00000e+00;Pipeline { filter(avg_X > 0.0000) };7.31092e-01;1.00000e+00;Pipeline { filter(avg_X > 0.0000) };7.31092e-01;1.00000e+00;Pipeline { filter(avg_X > 0.0000) }
datasets/geolife_60mins.csv;nsga2;2;17;1700;1700;4.53590e+01;100;100;100;1.00000e+00;9.80000e-01;1.00000e-02;7.31092e-01;1.00000e+00;Pipeline { filter(avg_X > 0.0005) };7.31092e-01;1.00000e+00;Pipeline { filter(avg_X > 0.0005) };7.31092e-01;1.00000e+00;Pipeline { filter(avg_X > 0.0000) };7.31092e-01;1.00000e+00;Pipeline { filter(avg_X > 0.0000) }
datasets/geolife_60mins.csv;nsga2;2;18;1800;1800;4.80590e+01;100;100;100;1.00000e+00;9.80000e-01;1.00000e-02;7.31092e-01;1.00000e+00;Pipeline { filter(avg_X > 0.0001) };7.31092e-01;1.00000e+00;Pipeline { filter(avg_X > 0.0001) };7.31092e-01;1.00000e+00;Pipeline { filter(avg_X > 0.0003) };7.31092e-01;1.00000e+00;Pipeline { filter(avg_X > 0.0003) }
datasets/geolife_60mins.csv;nsga2;2;19;1900;1900;5.05780e+01;100;100;100;1.00000e+00;1.00000e+00;1.00000e-02;7.31092e-01;1.00000e+00;Pipeline { filter(avg_X > 0.0009) | filter(avg_X > 8.8500) };7.31092e-01;1.00000e+00;Pipeline { filter(avg_X > 0.0009) | filter(avg_X > 8.8500) };7.31092e-01;1.00000e+00;Pipeline { filter(avg_X > 6.5100) };7.31092e-01;1.00000e+00;Pipeline { filter(avg_X > 6.5100) }
datasets/geolife_60mins.csv;nsga2;2;20;2000;2000;5.31330e+01;100;1;99;1.00000e+00;1.00000e+00;2.00000e-02;8.20724e-01;1.00000e+00;Pipeline { filter(avg_X < 917000.0000) | filter(avg_X > 5870.0000) };7.31092e-01;1.00000e+00;Pipeline { filter(avg_X > 0.0000) };7.31092e-01;1.00000e+00;Pipeline { filter(avg_X < 17000000.0000) | filter(avg_X > 3.5300) };7.31092e-01;1.00000e+00;Pipeline { filter(avg_X > 0.9360) }
datasets/geolife_60mins.csv;nsga2;2;21;2100;2100;5.58150e+01;100;2;98;1.00000e+00;9.80000e-01;2.00000e-02;8.20724e-01;1.00000e+00;Pipeline { filter(avg_X < 917000.0000) | filter(avg_X > 5870.0000) };7.31092e-01;1.00000e+00;Pipeline { filter(avg_X > 9.3500) };7.31092e-01;1.00000e+00;Pipeline { filter(avg_X > 0.4640) };7.31092e-01;1.00000e+00;Pipeline { filter(avg_X > 0.5700) }
datasets/geolife_60mins.csv;nsga2;2;22;2200;2200;5.85170e+01;100;4;94;1.00000e+00;1.00000e+00;4.00000e-02;8.20724e-01;1.00000e+00;Pipeline { filter(avg_X < 917000.0000) | filter(avg_X > 0.0000) };7.31092e-01;1.00000e+00;Pipeline { filter(avg_X > 0.5700) };7.31092e-01;1.00000e+00;Pipeline { filter(avg_X > 475.0000) };7.31092e-01;1.00000e+00;Pipeline { filter(avg_X > 0.0000) }
datasets/geolife_60mins.csv;nsga2;2;23;2300;2300;6.10800e+01;100;5;90;1.00000e+00;9.90000e-01;6.00000e-02;8.20724e-01;1.00000e+00;Pipeline { filter(avg_X < 917000.0000) | filter(avg_X > 0.0000) };7.31092e-01;1.00000e+00;Pipeline { filter(avg_X > 35.0000) };7.31092e-01;1.00000e+00;Pipeline { filter(avg_X > 1.5000) | filter(avg_X > 0.0059) };7.31092e-01;1.00000e+00;Pipeline { filter(avg_X > 0.0000) }
datasets/geolife_60mins.csv;nsga2;2;24;2400;2400;6.35460e+01;100;1;82;1.00000e+00;1.00000e+00;8.00000e-02;8.21319e-01;1.00000e+00;Pipeline { filter(avg_X < 997000.0000) | filter(avg_X > 0.0000) };7.31092e-01;1.00000e+00;Pipeline { filter(avg_X > 445.0000) };7.31092e-01;1.00000e+00;Pipeline { filter(avg_X > 6.6600) };7.31092e-01;1.00000e+00;Pipeline { filter(avg_X > 0.0005) }
datasets/geolife_60mins.csv;nsga2;2;25;2500;2500;6.60330e+01;100;2;70;1.00000e+00;9.60000e-01;1.00000e-01;8.21319e-01;1.00000e+00;Pipeline { filter(avg_X < 997000.0000) | filter(avg_X > 0.0000) };7.31092e-01;1.00000e+00;Pipeline { filter(avg_X > 0.0000) };8.10288e-01;1.00000e+00;Pipeline { filter(avg_Y < 917000.0000) | filter(avg_X > 0.1310) };7.31092e-01;1.00000e+00;Pipeline { filter(avg_X > 7.3200) }
datasets/geolife_60mins.csv;nsga2;2;26;2600;2600;6.87360e+01;100;3;48;1.00000e+00;1.00000e+00;1.40000e-01;8.21319e-01;1.00000e+00;Pipeline { filter(avg_X < 998000.0000) | filter(avg_X > 0.0000) };7.31092e-01;1.00000e+00;Pipeline { filter(avg_X > 0.0002) };8.20724e-01;1.00000e+00;Pipeline { filter(avg_X < 917000.0000) | filter(avg_X > 0.0073) };7.31092e-01;1.00000e+00;Pipeline { filter(avg_X > 0.5780) }
datasets/geolife_60mins.csv;nsga2;2;27;2700;2700;7.12790e+01;100;7;13;1.00000e+00;1.00000e+00;2.20000e-01;8.21319e-01;1.00000e+00;Pipeline { filter(avg_X < 997000.0000) | filter(avg_X > 0.0000) };7.31092e-01;1.00000e+00;Pipeline { filter(avg_Y < 4550000000.0000) | filter(avg_X > 0.2350) };8.20724e-01;1.00000e+00;Pipeline { filter(avg_X < 917000.0000) | filter(avg_X > 530.0000) };8.10288e-01;1.00000e+00;Pipeline { filter(avg_Y < 917000.0000) | filter(avg_X > 0.1310) }
datasets/geolife_60mins.csv;nsga2;2;28;2800;2800;7.37400e+01;100;7;4;1.00000e+00;1.00000e+00;1.50000e-01;8.21319e-01;1.00000e+00;Pipeline { filter(avg_X < 997000.0000) | filter(avg_X > 0.0001) };8.10288e-01;1.00000e+00;Pipeline { filter(avg_Y < 911000.0000) | filter(avg_X > 683.0000) };8.20724e-01;1.00000e+00;Pipeline { filter(avg_X < 917000.0000) | filter(avg_X > 0.0000) };8.20724e-01;1.00000e+00;Pipeline { filter(avg_X < 917000.0000) | filter(avg_X > 205.0000) }
datasets/geolife_60mins.csv;nsga2;2;29;2900;2900;7.64920e+01;100;10;75;1.00000e+00;1.00000e+00;9.00000e-02;8.21319e-01;1.00000e+00;Pipeline { filter(avg_X < 997000.0000) | filter(avg_X > 0.0001) };8.20724e-01;1.00000e+00;Pipeline { filter(avg_X < 917000.0000) | filter(avg_X > 0.0032) };8.20865e-01;1.00000e+00;Pipeline { filter(avg_X < 937000.0000) | filter(avg_X > 0.3220) };8.20724e-01;1.00000e+00;Pipeline { filter(avg_X < 917000.0000) | filter(avg_X > 3320.0000) }
datasets/geolife_60mins.csv;nsga2;2;30;3000;3000;7.90220e+01;100;14;59;1.00000e+00;1.00000e+00;1.00000e-01;8.21319e-01;1.00000e+00;Pipeline { filter(avg_X < 997000.0000) | filter(avg_X > 0.0000) };8.20724e-01;1.00000e+00;Pipeline { filter(avg_X < 915000.0000) | filter(avg_X > 0.0003) };8.21288e-01;1.00000e+00;Pipeline { filter(avg_X < 985000.0000) | filter(avg_X > 0.0001) };8.20724e-01;1.00000e+00;Pipeline { filter(avg_X < 894000.0000) | filter(avg_X > 0.0000) }
datasets/geolife_60mins.csv;nsga2;2;31;3100;3100;8.15340e+01;100;25;37;1.00000e+00;1.00000e+00;1.40000e-01;8.29850e-01;9.99821e-01;Pipeline { filter(avg_X < 394000.0000) | filter(avg_X > 0.0000) };8.20724e-01;1.00000e+00;Pipeline { filter(avg_X < 927000.0000) | filter(avg_X > 0.0000) };8.21319e-01;1.00000e+00;Pipeline { filter(avg_X < 997000.0000) | filter(avg_X > 3350.0000) };8.20724e-01;1.00000e+00;Pipeline { filter(avg_X < 915000.0000) | filter(avg_X > 0.3950) }
datasets/geolife_60mins.csv;nsga2;2;32;3200;3200;8.42870e+01;100;46;2;1.00000e+00;1.00000e+00;1.40000e-01;8.29850e-01;9.99821e-01;Pipeline { filter(avg_X < 394000.0000) | filter(avg_X > 0.0000) };8.20865e-01;1.00000e+00;Pipeline { filter(avg_X < 937000.0000) | filter(avg_X > 0.0032) };8.21319e-01;1.00000e+00;Pipeline { filter(avg_X < 997000.0000) | filter(avg_X > 3350.0000) };8.21225e-01;1.00000e+00;Pipeline { filter(avg_X < 967000.0000) | filter(avg_X > 0.0072) }
datasets/geolife_60mins.csv;nsga2;2;33;3300;3300;8.68040e+01;100;62;1;1.00000e+00;1.00000e+00;6.00000e-02;8.29850e-01;9.99821e-01;Pipeline { filter(avg_X < 394000.0000) | filter(avg_X > 0.0009) };8.21256e-01;1.00000e+00;Pipeline { filter(avg_X < 977000.0000) | filter(avg_X > 0.0000) };8.21319e-01;1.00000e+00;Pipeline { filter(avg_X < 997000.0000) | filter(avg_X > 3350.0000) };8.21303e-01;1.00000e+00;Pipeline { filter(avg_X < 992000.0000) | filter(avg_X > 0.0000) }
datasets/geolife_60mins.csv;nsga2;2;34;3400;3400;8.94580e+01;100;87;13;1.00000e+00;9.90000e-01;4.00000e-02;8.30490e-01;9.99821e-01;Pipeline { filter(avg_X < 397000.0000) | filter(avg_X > 3320.0000) };8.21303e-01;1.00000e+00;Pipeline { filter(avg_X < 995000.0000) | filter(avg_X > 3350.0000) };8.21319e-01;1.00000e+00;Pipeline { filter(avg_X < 997000.0000) | filter(avg_X > 3350.0000) };8.21319e-01;1.00000e+00;Pipeline { filter(avg_X < 997000.0000) | filter(avg_X > 4320.0000) }
datasets/geolife_60mins.csv;nsga2;2;35;3500;3500;9.19300e+01;100;100;100;1.00000e+00;9.80000e-01;2.00000e-02;8.30490e-01;9.99821e-01;Pipeline { filter(avg_X < 397000.0000) | filter(avg_X > 3320.0000) };8.21319e-01;1.00000e+00;Pipeline { filter(avg_X < 997000.0000) | filter(avg_X > 0.0001) };8.21319e-01;1.00000e+00;Pipeline { filter(avg_X < 998000.0000) | filter(avg_X > 0.0000) };8.21319e-01;1.00000e+00;Pipeline { filter(avg_X < 997000.0000) | filter(avg_X > 8.2600) }
datasets/geolife_60mins.csv;nsga2;2;36;3600;3600;9.43830e+01;100;100;100;1.00000e+00;9.90000e-01;2.00000e-02;8.30490e-01;9.99821e-01;Pipeline { filter(avg_X < 397000.0000) | filter(avg_X > 3320.0000) };8.21319e-01;1.00000e+00;Pipeline { filter(avg_X < 999000.0000) | filter(avg_X > 0.0000) };8.21319e-01;1.00000e+00;Pipeline { filter(avg_X < 997000.0000) | filter(avg_X > 2.6500) };8.21319e-01;1.00000e+00;Pipeline { filter(avg_X < 997000.0000) | filter(avg_X > 2.6000) }
datasets/geolife_60mins.csv;nsga2;2;37;3700;3700;9.75630e+01;100;100;100;1.00000e+00;1.00000e+00;2.00000e-02;8.30490e-01;9.99821e-01;Pipeline { filter(avg_X < 397000.0000) | filter(avg_X > 3320.0000) };8.21319e-01;1.00000e+00;Pipeline { filter(avg_X < 997000.0000) | filter(avg_X > 0.0003) };8.21319e-01;1.00000e+00;Pipeline { filter(avg_X < 997000.0000) | filter(avg_X > 0.3210) };8.21319e-01;1.00000e+00;Pipeline { filter(avg_X < 997000.0000) | filter(avg_X > 0.9770) }
datasets/geolife_60mins.csv;nsga2;2;38;3800;3800;1.00153e+02;100;100;100;1.00000e+00;1.00000e+00;2.00000e-02;8.30490e-01;9.99821e-01;Pipeline { filter(avg_X < 397000.0000) | filter(avg_X > 3320.0000) };8.21319e-01;1.00000e+00;Pipeline { filter(avg_X < 997000.0000) | filter(avg_X > 0.0000) };8.21319e-01;1.00000e+00;Pipeline { filter(avg_X < 998000.0000) | filter(avg_X > 366.0000) };8.21319e-01;1.00000e+00;Pipeline { filter(avg_X < 998000.0000) | filter(avg_X > 0.0000) }
datasets/geolife_60mins.csv;nsga2;2;39;3900;3900;1.02761e+02;100;100;100;1.00000e+00;1.00000e+00;2.00000e-02;8.30490e-01;9.99821e-01;Pipeline { filter(avg_X < 397000.0000) | filter(avg_X > 3320.0000) };8.21319e-01;1.00000e+00;Pipeline { filter(avg_X < 997000.0000) | filter(avg_X > 0.0000) };8.21319e-01;1.00000e+00;Pipeline { filter(avg_X < 998000.0000) | filter(avg_X > 0.0005) };8.21319e-01;1.00000e+00;Pipeline { filter(avg_X < 998000.0000) | filter(avg_X > 0.0000) }
datasets/geolife_60mins.csv;nsga2;2;40;4000;4000;1.05632e+02;100;100;100;1.00000e+00;1.00000e+00;2.00000e-02;8.30490e-01;9.99821e-01;Pipeline { filter(avg_X < 397000.0000) | filter(avg_X > 3320.0000) };8.21319e-01;1.00000e+00;Pipeline { filter(avg_X < 997000.0000) | filter(avg_X > 0.0000) };8.21319e-01;1.00000e+00;Pipeline { filter(avg_X < 997000.0000) | filter(avg_X > 0.0000) };8.21319e-01;1.00000e+00;Pipeline { filter(avg_X < 998000.0000) | filter(avg_X > 6.1300) }
datasets/geolife_60mins.csv;nsga2;2;41;4100;4100;1.08274e+02;100;100;100;1.00000e+00;1.00000e+00;2.00000e-02;8.30490e-01;9.99821e-01;Pipeline { filter(avg_X < 397000.0000) | filter(avg_X > 3320.0000) };8.21319e-01;1.00000e+00;Pipeline { filter(avg_X < 997000.0000) | filter(avg_X > 158.0000) };8.21319e-01;1.00000e+00;Pipeline { filter(avg_X < 997000.0000) | filter(avg_X > 0.0000) };8.21319e-01;1.00000e+00;Pipeline { filter(avg_X < 998000.0000) | filter(avg_X > 6.4100) }
datasets/geolife_60mins.csv;nsga2;2;42;4200;4200;1.10943e+02;100;100;100;1.00000e+00;1.00000e+00;2.00000e-02;8.30490e-01;9.99821e-01;Pipeline { filter(avg_X < 397000.0000) | filter(avg_X > 3320.0000) };8.21319e-01;1.00000e+00;Pipeline { filter(avg_X < 997000.0000) | filter(avg_X > 0.0000) };8.21319e-01;1.00000e+00;Pipeline { filter(avg_X < 998000.0000) | filter(avg_X > 5.2800) };8.21319e-01;1.00000e+00;Pipeline { filter(avg_X < 997000.0000) | filter(avg_X > 0.0078) }
datasets/geolife_60mins.csv;nsga2;2;43;4300;4300;1.13518e+02;100;100;100;1.00000e+00;1.00000e+00;2.00000e-02;8.30490e-01;9.99821e-01;Pipeline { filter(avg_X < 397000.0000) | filter(avg_X > 3320.0000) };8.21319e-01;1.00000e+00;Pipeline { filter(avg_X < 997000.0000) | filter(avg_X > 148.0000) };8.21319e-01;1.00000e+00;Pipeline { filter(avg_X < 999000.0000) | filter(avg_X > 0.0001) };8.21319e-01;1.00000e+00;Pipeline { filter(avg_X < 998000.0000) | filter(avg_X > 78.3000) }
datasets/geolife_60mins.csv;nsga2;2;44;4400;4400;1.16065e+02;100;100;100;1.00000e+00;1.00000e+00;2.00000e-02;8.30490e-01;9.99821e-01;Pipeline { filter(avg_X < 397000.0000) | filter(avg_X > 3320.0000) };8.21319e-01;1.00000e+00;Pipeline { filter(avg_X < 997000.0000) | filter(avg_X > 0.0001) };8.21319e-01;1.00000e+00;Pipeline { filter(avg_X < 999000.0000) | filter(avg_X > 0.0000) };8.21319e-01;1.00000e+00;Pipeline { filter(avg_X < 997000.0000) | filter(avg_X > 0.0079) }
datasets/geolife_60mins.csv;nsga2;2;45;4500;4500;1.18576e+02;100;3;97;1.00000e+00;9.90000e-01;3.00000e-02;8.30490e-01;9.99821e-01;Pipeline { filter(avg_X < 397000.0000) | filter(avg_X > 3320.0000) };8.21319e-01;1.00000e+00;Pipeline { filter(avg_X < 997000.0000) | filter(avg_X > 0.0000) };8.21319e-01;1.00000e+00;Pipeline { filter(avg_X < 997000.0000) | filter(avg_X > 0.0000) };8.21319e-01;1.00000e+00;Pipeline { filter(avg_X < 997000.0000) | filter(avg_X > 0.0000) }
datasets/geolife_60mins.csv;nsga2;2;46;4600;4600;1.21215e+02;100;5;95;1.00000e+00;9.80000e-01;3.00000e-02;8.30490e-01;9.99821e-01;Pipeline { filter(avg_X < 397000.0000) | filter(avg_X > 0.0001) };8.21319e-01;1.00000e+00;Pipeline { filter(avg_X < 998000.0000) | filter(avg_X > 5770.0000) };8.21319e-01;1.00000e+00;Pipeline { filter(avg_X < 997000.0000) | filter(avg_X > 0.2110) };8.21319e-01;1.00000e+00;Pipeline { filter(avg_X < 997000.0000) | filter(avg_X > 0.0000) }
datasets/geolife_60mins.csv;nsga2;2;47;4700;4700;1.24253e+02;100;8;92;1.00000e+00;9.90000e-01;3.00000e-02;8.30490e-01;9.99821e-01;Pipeline { filter(avg_X < 397000.0000) | filter(avg_X > 3320.0000) };8.21319e-01;1.00000e+00;Pipeline { filter(avg_X < 997000.0000) | filter(avg_X > 0.0006) };8.21319e-01;1.00000e+00;Pipeline { filter(avg_X < 997000.0000) | filter(avg_X > 0.0080) };8.21319e-01;1.00000e+00;Pipeline { filter(avg_X < 997000.0000) | filter(avg_X > 0.0000) }
datasets/geolife_60mins.csv;nsga2;2;48;4800;4800;1.27005e+02;100;12;86;1.00000e+00;1.00000e+00;5.00000e-02;8.30490e-01;9.99821e-01;Pipeline { filter(avg_X < 397000.0000) | filter(avg_X > 0.0008) };8.21319e-01;1.00000e+00;Pipeline { filter(avg_X < 997000.0000) | filter(avg_X > 0.0000) };8.21319e-01;1.00000e+00;Pipeline { filter(avg_X < 999000.0000) | filter(avg_X > 0.0035) };8.21319e-01;1.00000e+00;Pipeline { filter(avg_X < 997000.0000) | filter(avg_X > 0.0000) }
datasets/geolife_60mins.csv;nsga2;2;49;4900;4900;1.29620e+02;100;20;77;1.00000e+00;1.00000e+00;6.00000e-02;8.30490e-01;9.99821e-01;Pipeline { filter(avg_X < 397000.0000) | filter(avg_X > 0.2110) };8.21319e-01;1.00000e+00;Pipeline { filter(avg_X < 997000.0000) | filter(avg_X > 0.0004) };8.21319e-01;1.00000e+00;Pipeline { filter(avg_X < 997000.0000) | filter(avg_X > 0.0004) };8.21319e-01;1.00000e+00;Pipeline { filter(avg_X < 997000.0000) | filter(avg_X > 0.0000) }
datasets/geolife_60mins.csv;nsga2;2;50;5000;5000;1.32083e+02;100;30;68;1.00000e+00;1.00000e+00;6.00000e-02;8.30490e-01;9.99821e-01;Pipeline { filter(avg_X < 397000.0000) | filter(avg_X > 0.0007) };8.21319e-01;1.00000e+00;Pipeline { filter(avg_X < 997000.0000) | filter(avg_X > 424.0000) };8.29681e-01;9.99821e-01;Pipeline { filter(avg_X < 393000.0000) | filter(avg_X > 800.0000) };8.21319e-01;1.00000e+00;Pipeline { filter(avg_X < 997000.0000) | filter(avg_X > 0.0096) }
datasets/geolife_60mins.csv;nsga2;3;1;100;100;2.59300e+00;100;1;67;1.00000e+00;1.00000e+00;1.80000e-01;7.77064e-01;1.00000e+00;Pipeline { filter(avg_Y > 0.0140) | filter(avg_X > 0.0000) | filter(avg_X < 565000.0000) };4.14168e-01;1.00000e+00;Pipeline { filter(avg_Y > 0.0026) };2.02007e-02;0.00000e+00;Pipeline { filter(avg_X < 0.0000) };0.00000e+00;0.00000e+00;Pipeline { filter(avg_X > 220.0000) | filter(avg_X < 0.0000) | filter(avg_X < 0.7550) | filter(avg_X < 58300.0000) }
datasets/geolife_60mins.csv;nsga2;3;2;200;200;5.17900e+00;100;1;12;1.00000e+00;1.00000e+00;2.80000e-01;8.42931e-01;1.00000e+00;Pipeline { filter(avg_Y > 0.0140) | filter(avg_X > 0.0000) | filter(avg_Y < 565000.0000) };4.12654e-01;1.00000e+00;Pipeline { filter(avg_Y > 18000.0000) };4.52957e-01;1.00000e+00;Pipeline { filter(avg_Y < 6900000.0000) };6.87470e-01;1.00000e+00;Pipeline { filter(avg_X > 0.0000) | filter(avg_Y > 2.7800) }
datasets/geolife_60mins.csv;nsga2;3;3;300;300;7.91900e+00;100;1;23;1.00000e+00;1.00000e+00;1.40000e-01;8.42931e-01;1.00000e+00;Pipeline { filter(avg_Y > 0.0140) | filter(avg_X > 0.0000) | filter(avg_Y < 565000.0000) };4.14168e-01;1.00000e+00;Pipeline { filter(avg_Y > 8.2800) };7.31092e-01;1.00000e+00;Pipeline { filter(avg_X > 0.0000) };4.52957e-01;1.00000e+00;Pipeline { filter(avg_Y < 6900000.0000) }
datasets/geolife_60mins.csv;nsga2;3;4;400;400;1.09360e+01;100;2;1;1.00000e+00;1.00000e+00;1.60000e-01;8.42931e-01;1.00000e+00;Pipeline { filter(avg_Y > 0.0140) | filter(avg_X > 0.0000) | filter(avg_Y < 565000.0000) };6.87456e-01;1.00000e+00;Pipeline { filter(avg_X > 0.0000) | filter(avg_Y > 43.0000) };7.31092e-01;1.00000e+00;Pipeline { filter(avg_X > 0.0001) };7.31092e-01;1.00000e+00;Pipeline { filter(avg_X > 0.0000) }
datasets/geolife_60mins.csv;nsga2;3;5;500;500;1.36390e+01;100;5;64;1.00000e+00;1.00000e+00;1.60000e-01;8.42931e-01;1.00000e+00;Pipeline { filter(avg_Y > 0.0140) | filter(avg_X > 0.0000) | filter(avg_Y < 565000.0000) };7.31092e-01;1.00000e+00;Pipeline { filter(avg_X > 31.0000) };7.77064e-01;1.00000e+00;Pipeline { filter(avg_Y > 0.0041) | filter(avg_X > 0.0000) | filter(avg_X < 565000.0000) };7.31092e-01;1.00000e+00;Pipeline { filter(avg_X > 0.0000) | filter(avg_X > 43.4000) }
datasets/geolife_60mins.csv;nsga2;3;6;600;600;1.62550e+01;100;6;36;1.00000e+00;1.00000e+00;2.10000e-01;8.42931e-01;1.00000e+00;Pipeline { filter(avg_Y > 0.0140) | filter(avg_X > 0.0000) | filter(avg_Y < 565000.0000) };7.31092e-01;1.00000e+00;Pipeline { filter(avg_X > 0.0065) | filter(avg_X > 43.0000) };8.07894e-01;1.00000e+00;Pipeline { filter(avg_X > 0.0140) | filter(avg_X > 0.0000) | filter(avg_Y < 560000.0000) };7.31092e-01;1.00000e+00;Pipeline { filter(avg_X > 0.0140) | filter(avg_X > 4.9800) | filter(avg_X > 659.0000) }
datasets/geolife_60mins.csv;nsga2;3;7;700;700;1.89800e+01;100;9;2;1.00000e+00;9.90000e-01;2.30000e-01;8.42931e-01;1.00000e+00;Pipeline { filter(avg_Y > 0.0140) | filter(avg_X > 0.0000) | filter(avg_Y < 563000.0000) };7.77032e-01;1.00000e+00;Pipeline { filter(avg_Y > 341.0000) | filter(avg_X > 0.0000) | filter(avg_X < 565000.0000) };8.40360e-01;1.00000e+00;Pipeline { filter(avg_Y > 0.0140) | filter(avg_X > 0.0000) | filter(avg_Y < 460000.0000) };7.77064e-01;1.00000e+00;Pipeline { filter(avg_Y > 0.0140) | filter(avg_X > 9490.0000) | filter(avg_X < 565000.0000) }
datasets/geolife_60mins.csv;nsga2;3;8;800;800;2.17240e+01;100;1;2;1.00000e+00;9.90000e-01;3.00000e-01;8.42982e-01;1.00000e+00;Pipeline { filter(avg_Y > 0.0150) | filter(avg_X > 0.0000) | filter(avg_Y < 569000.0000) };7.77112e-01;1.00000e+00;Pipeline { filter(avg_Y > 0.0430) | filter(avg_X > 0.0000) | filter(avg_X < 567000.0000) };8.42897e-01;1.00000e+00;Pipeline { filter(avg_Y > 0.0150) | filter(avg_X > 0.0000) | filter(avg_Y < 560000.0000) };8.07925e-01;1.00000e+00;Pipeline { filter(avg_Y < 2570000000.0000) | filter(avg_X > 0.0000) | filter(avg_Y < 563000.0000) }
datasets/geolife_60mins.csv;nsga2;3;9;900;900;2.44600e+01;100;2;1;1.00000e+00;1.00000e+00;2.40000e-01;8.42982e-01;1.00000e+00;Pipeline { filter(avg_Y > 0.0150) | filter(avg_X > 0.0000) | filter(avg_Y < 569000.0000) };8.20259e-01;1.00000e+00;Pipeline { filter(avg_Y > 0.0140) | filter(avg_X > 0.0000) | filter(avg_Y < 965000.0000) };8.42931e-01;1.00000e+00;Pipeline { filter(avg_Y > 0.0143) | filter(avg_X > 0.0000) | filter(avg_Y < 563000.0000) };8.40360e-01;1.00000e+00;Pipeline { filter(avg_Y > 4.7900) | filter(avg_X > 0.0000) | filter(avg_Y < 460000.0000) }
datasets/geolife_60mins.csv;nsga2;3;10;1000;1000;2.72770e+01;100;1;1;1.00000e+00;1.00000e+00;1.10000e-01;8.42999e-01;1.00000e+00;Pipeline { filter(avg_Y > 4.7100) | filter(avg_X > 0.0000) | filter(avg_Y < 570000.0000) };8.40932e-01;1.00000e+00;Pipeline { filter(avg_Y > 0.0000) | filter(avg_X > 9420.0000) | filter(avg_Y < 595000.0000) };8.42931e-01;1.00000e+00;Pipeline { filter(avg_Y > 0.0140) | filter(avg_X > 0.0000) | filter(avg_Y < 565000.0000) };8.42897e-01;1.00000e+00;Pipeline { filter(avg_Y > 0.0148) | filter(avg_X > 0.0000) | filter(avg_Y < 560000.0000) }
datasets/geolife_60mins.csv;nsga2;3;11;1100;1100;3.00210e+01;100;1;31;1.00000e+00;1.00000e+00;6.00000e-02;8.43016e-01;1.00000e+00;Pipeline { filter(avg_Y > 4.7100) | filter(avg_X > 0.0000) | filter(avg_Y < 581000.0000) };8.42897e-01;1.00000e+00;Pipeline { filter(avg_Y > 0.0100) | filter(avg_X > 0.0000) | filter(avg_Y < 560000.0000) };8.42931e-01;1.00000e+00;Pipeline { filter(avg_Y > 0.0540) | filter(avg_X > 0.0000) | filter(avg_Y < 565000.0000) };8.42897e-01;1.00000e+00;Pipeline { filter(avg_Y > 0.0583) | filter(avg_X > 0.0000) | filter(avg_Y < 560000.0000) }
datasets/geolife_60mins.csv;nsga2;3;12;1200;1200;3.26130e+01;100;2;1;1.00000e+00;1.00000e+00;7.00000e-02;8.43016e-01;1.00000e+00;Pipeline { filter(avg_Y > 4.7100) | filter(avg_X > 0.0000) | filter(avg_Y < 581000.0000) };8.42914e-01;1.00000e+00;Pipeline { filter(avg_Y > 140.0000) | filter(avg_X > 0.0000) | filter(avg_Y < 567000.0000) };8.42931e-01;1.00000e+00;Pipeline { filter(avg_Y > 0.0140) | filter(avg_X > 0.0000) | filter(avg_Y < 565000.0000) };8.42931e-01;1.00000e+00;Pipeline { filter(avg_Y > 0.0148) | filter(avg_X > 9420.0000) | filter(avg_Y < 565000.0000) }
datasets/geolife_60mins.csv;nsga2;3;13;1300;1300;3.55440e+01;100;4;73;1.00000e+00;1.00000e+00;6.00000e-02;8.43016e-01;1.00000e+00;Pipeline { filter(avg_Y > 5.7100) | filter(avg_X > 0.0000) | filter(avg_Y < 581000.0000) };8.42931e-01;1.00000e+00;Pipeline { filter(avg_Y > 0.0143) | filter(avg_X > 0.0000) | filter(avg_Y < 563000.0000) };8.42965e-01;1.00000e+00;Pipeline { filter(avg_Y > 0.0160) | filter(avg_X > 33000.0000) | filter(avg_Y < 569000.0000) };8.42931e-01;1.00000e+00;Pipeline { filter(avg_Y > 0.0016) | filter(avg_X > 0.0000) | filter(avg_Y < 567000.0000) }
datasets/geolife_60mins.csv;nsga2;3;14;1400;1400;3.84520e+01;100;8;56;1.00000e+00;1.00000e+00;6.00000e-02;8.43016e-01;1.00000e+00;Pipeline { filter(avg_Y > 5.7000) | filter(avg_X > 0.0000) | filter(avg_Y < 581000.0000) };8.42931e-01;1.00000e+00;Pipeline { filter(avg_Y > 0.0000) | filter(avg_X > 9420.0000) | filter(avg_Y < 565000.0000) };8.42982e-01;1.00000e+00;Pipeline { filter(avg_Y > 0.0140) | filter(avg_X > 0.0063) | filter(avg_Y < 569000.0000) };8.42931e-01;1.00000e+00;Pipeline { filter(avg_Y > 0.6800) | filter(avg_X > 0.0000) | filter(avg_Y < 567000.0000) }
datasets/geolife_60mins.csv;nsga2;3;15;1500;1500;4.10510e+01;100;11;30;1.00000e+00;1.00000e+00;6.00000e-02;8.43016e-01;1.00000e+00;Pipeline { filter(avg_Y > 4.7100) | filter(avg_X > 0.0000) | filter(avg_Y < 581000.0000) };8.42931e-01;1.00000e+00;Pipeline { filter(avg_Y > 3.4400) | filter(avg_X > 0.0000) | filter(avg_Y < 565000.0000) };8.42982e-01;1.00000e+00;Pipeline { filter(avg_Y > 0.0050) | filter(avg_X > 0.0000) | filter(avg_Y < 569000.0000) };8.42931e-01;1.00000e+00;Pipeline { filter(avg_Y > 0.0000) | filter(avg_X > 0.6820) | filter(avg_Y < 567000.0000) }
datasets/geolife_60mins.csv;nsga2;3;16;1600;1600;4.40160e+01;100;1;1;1.00000e+00;9.90000e-01;5.00000e-02;8.79490e-01;1.00000e+00;Pipeline { filter(avg_X < 777000.0000) | filter(avg_X > 0.0000) | filter(avg_Y < 581000.0000) };8.42965e-01;1.00000e+00;Pipeline { filter(avg_Y > 9.0800) | filter(avg_X > 32000.0000) | filter(avg_Y < 569000.0000) };8.42999e-01;1.00000e+00;Pipeline { filter(avg_Y > 0.0229) | filter(avg_X > 0.0000) | filter(avg_Y < 570000.0000) };8.42982e-01;1.00000e+00;Pipeline { filter(avg_Y > 0.0140) | filter(avg_X > 0.0000) | filter(avg_Y < 568000.0000) }
datasets/geolife_60mins.csv;nsga2;3;17;1700;1700;4.66980e+01;100;3;44;1.00000e+00;9.60000e-01;4.00000e-02;8.79490e-01;1.00000e+00;Pipeline { filter(avg_X < 777000.0000) | filter(avg_X > 0.0000) | filter(avg_Y < 581000.0000) };8.42982e-01;1.00000e+00;Pipeline { filter(avg_Y > 0.0160) | filter(avg_X > 0.0000) | filter(avg_Y < 569000.0000) };8.43016e-01;1.00000e+00;Pipeline { filter(avg_Y > 4.7100) | filter(avg_X > 0.0000) | filter(avg_Y < 581000.0000) };8.42982e-01;1.00000e+00;Pipeline { filter(avg_Y > 0.0540) | filter(avg_X > 9820.0000) | filter(avg_Y < 568000.0000) }
datasets/geolife_60mins.csv;nsga2;3;18;1800;1800;4.94560e+01;100;1;18;1.00000e+00;9.60000e-01;6.00000e-02;8.82509e-01;1.00000e+00;Pipeline { filter(avg_X < 727000.0000) | filter(avg_X > 0.0000) | filter(avg_Y < 583000.0000) };8.42982e-01;1.00000e+00;Pipeline { filter(avg_Y > 0.0450) | filter(avg_X > 0.0904) | filter(avg_Y < 569000.0000) };8.43016e-01;1.00000e+00;Pipeline { filter(avg_Y > 4.7100) | filter(avg_X > 0.0000) | filter(avg_Y < 581000.0000) };8.42999e-01;1.00000e+00;Pipeline { filter(avg_Y > 4.9100) | filter(avg_X > 0.0000) | filter(avg_Y < 570000.0000) }
datasets/geolife_60mins.csv;nsga2;3;19;1900;1900;5.23620e+01;100;1;1;1.00000e+00;9.50000e-01;7.00000e-02;8.82509e-01;1.00000e+00;Pipeline { filter(avg_X < 727000.0000) | filter(avg_X > 0.0000) | filter(avg_Y < 583000.0000) };8.42999e-01;1.00000e+00;Pipeline { filter(avg_Y > 0.0929) | filter(avg_X > 0.0000) | filter(avg_Y < 570000.0000) };8.43016e-01;1.00000e+00;Pipeline { filter(avg_Y > 5.7100) | filter(avg_X > 82.2000) | filter(avg_Y < 581000.0000) };8.43016e-01;1.00000e+00;Pipeline { filter(avg_Y > 0.0949) | filter(avg_X > 99.6000) | filter(avg_Y < 585000.0000) }
datasets/geolife_60mins.csv;nsga2;3;20;2000;2000;5.49120e+01;100;2;81;1.00000e+00;1.00000e+00;8.00000e-02;8.82509e-01;1.00000e+00;Pipeline { filter(avg_X < 727000.0000) | filter(avg_X > 0.0000) | filter(avg_Y < 583000.0000) };8.43016e-01;1.00000e+00;Pipeline { filter(avg_Y > 5.6100) | filter(avg_X > 82.2000) | filter(avg_Y < 581000.0000) };8.43016e-01;1.00000e+00;Pipeline { filter(avg_Y > 0.0141) | filter(avg_X > 0.0063) | filter(avg_Y < 579000.0000) };8.43016e-01;1.00000e+00;Pipeline { filter(avg_Y > 5.7100) | filter(avg_X > 0.0000) | filter(avg_Y < 581000.0000) }
datasets/geolife_60mins.csv;nsga2;3;21;2100;2100;5.73770e+01;100;1;74;1.00000e+00;1.00000e+00;1.30000e-01;8.85898e-01;1.00000e+00;Pipeline { filter(avg_X < 727000.0000) | filter(avg_X > 0.0000) | filter(avg_Y < 533000.0000) };8.43016e-01;1.00000e+00;Pipeline { filter(avg_Y > 5.7000) | filter(avg_X > 0.0009) | filter(avg_Y < 588000.0000) };8.70202e-01;1.00000e+00;Pipeline { filter(avg_X < 777000.0000) | filter(avg_X > 0.0000) | filter(avg_Y < 181000.0000) };8.43016e-01;1.00000e+00;Pipeline { filter(avg_Y > 4.7100) | filter(avg_X > 0.0000) | filter(avg_Y < 581000.0000) }
datasets/geolife_60mins.csv;nsga2;3;22;2200;2200;6.00770e+01;100;1;53;1.00000e+00;1.00000e+00;2.10000e-01;8.91381e-01;1.00000e+00;Pipeline { filter(avg_X < 977000.0000) | filter(avg_X > 0.0000) | filter(avg_Y < 581000.0000) };8.43016e-01;1.00000e+00;Pipeline { filter(avg_Y > 5.7000) | filter(avg_X > 0.0009) | filter(avg_Y < 588000.0000) };8.79490e-01;1.00000e+00;Pipeline { filter(avg_X < 777000.0000) | filter(avg_X > 0.0000) | filter(avg_Y < 581000.0000) };8.43016e-01;1.00000e+00;Pipeline { filter(avg_Y > 0.0043) | filter(avg_X > 0.0000) | filter(avg_Y < 585000.0000) }
datasets/geolife_60mins.csv;nsga2;3;23;2300;2300;6.27410e+01;100;2;28;1.00000e+00;1.00000e+00;2.90000e-01;8.91381e-01;1.00000e+00;Pipeline { filter(avg_X < 977000.0000) | filter(avg_X > 0.0000) | filter(avg_Y < 581000.0000) };8.43016e-01;1.00000e+00;Pipeline { filter(avg_Y > 0.0946) | filter(avg_X > 405.0000) | filter(avg_Y < 585000.0000) };8.82477e-01;1.00000e+00;Pipeline { filter(avg_X < 727000.0000) | filter(avg_X > 0.0000) | filter(avg_Y < 553000.0000) };8.43016e-01;1.00000e+00;Pipeline { filter(avg_Y > 0.0000) | filter(avg_X > 0.0155) | filter(avg_Y < 585000.0000) }
datasets/geolife_60mins.csv;nsga2;3;24;2400;2400;6.53450e+01;100;2;2;1.00000e+00;1.00000e+00;3.90000e-01;8.91381e-01;1.00000e+00;Pipeline { filter(avg_X < 977000.0000) | filter(avg_X > 0.0000) | filter(avg_Y < 581000.0000) };8.43016e-01;1.00000e+00;Pipeline { filter(avg_Y > 0.0946) | filter(avg_X > 405.0000) | filter(avg_Y < 585000.0000) };8.83776e-01;1.00000e+00;Pipeline { filter(avg_X < 757000.0000) | filter(avg_X > 0.0001) | filter(avg_Y < 581000.0000) };8.70929e-01;1.00000e+00;Pipeline { filter(avg_X < 776000.0000) | filter(avg_X > 0.0000) | filter(avg_Y < 881000.0000) }
datasets/geolife_60mins.csv;nsga2;3;25;2500;2500;6.79740e+01;100;3;2;1.00000e+00;1.00000e+00;3.80000e-01;8.91381e-01;1.00000e+00;Pipeline { filter(avg_X < 977000.0000) | filter(avg_X > 0.0000) | filter(avg_Y < 581000.0000) };8.78640e-01;1.00000e+00;Pipeline { filter(avg_X < 777000.0000) | filter(avg_X > 0.0000) | filter(avg_Y < 426000.0000) };8.85468e-01;1.00000e+00;Pipeline { filter(avg_X < 725000.0000) | filter(avg_X > 0.0000) | filter(avg_Y < 533000.0000) };8.79490e-01;1.00000e+00;Pipeline { filter(avg_X < 777000.0000) | filter(avg_X > 0.0000) | filter(avg_Y < 583000.0000) }
datasets/geolife_60mins.csv;nsga2;3;26;2600;2600;7.08260e+01;100;3;10;1.00000e+00;1.00000e+00;3.80000e-01;8.91381e-01;1.00000e+00;Pipeline { filter(avg_X < 977000.0000) | filter(avg_X > 0.0000) | filter(avg_Y < 581000.0000) };8.79490e-01;1.00000e+00;Pipeline { filter(avg_X < 777000.0000) | filter(avg_X > 16.4000) | filter(avg_Y < 586000.0000) };8.85898e-01;1.00000e+00;Pipeline { filter(avg_X < 727000.0000) | filter(avg_X > 0.0000) | filter(avg_Y < 533000.0000) };8.82509e-01;1.00000e+00;Pipeline { filter(avg_X < 727000.0000) | filter(avg_X > 0.0049) | filter(avg_Y < 583000.0000) }
datasets/geolife_60mins.csv;nsga2;3;27;2700;2700;7.36230e+01;100;3;2;1.00000e+00;1.00000e+00;3.50000e-01;8.91381e-01;1.00000e+00;Pipeline { filter(avg_X < 977000.0000) | filter(avg_X > 0.0000) | filter(avg_Y < 581000.0000) };8.82585e-01;1.00000e+00;Pipeline { filter(avg_X < 973000.0000) | filter(avg_X > 0.0000) | filter(avg_Y < 681000.0000) };8.86380e-01;1.00000e+00;Pipeline { filter(avg_X < 827000.0000) | filter(avg_X > 0.0073) | filter(avg_Y < 533000.0000) };8.83776e-01;1.00000e+00;Pipeline { filter(avg_X < 757000.0000) | filter(avg_X > 0.0049) | filter(avg_Y < 582000.0000) }
datasets/geolife_60mins.csv;nsga2;3;28;2800;2800;7.63710e+01;100;4;11;1.00000e+00;1.00000e+00;3.40000e-01;8.91381e-01;1.00000e+00;Pipeline { filter(avg_X < 977000.0000) | filter(avg_X > 0.0000) | filter(avg_Y < 581000.0000) };8.83776e-01;1.00000e+00;Pipeline { filter(avg_X < 757000.0000) | filter(avg_X > 0.0000) | filter(avg_Y < 586000.0000) };8.87170e-01;1.00000e+00;Pipeline { filter(avg_X < 757000.0000) | filter(avg_X > 0.0000) | filter(avg_Y < 533000.0000) };8.85846e-01;1.00000e+00;Pipeline { filter(avg_X < 727000.0000) | filter(avg_X > 0.4830) | filter(avg_Y < 503000.0000) }
datasets/geolife_60mins.csv;nsga2;3;29;2900;2900;7.91540e+01;100;6;2;1.00000e+00;1.00000e+00;3.20000e-01;8.91381e-01;1.00000e+00;Pipeline { filter(avg_X < 977000.0000) | filter(avg_X > 222.0000) | filter(avg_Y < 581000.0000) };8.85864e-01;1.00000e+00;Pipeline { filter(avg_X < 727000.0000) | filter(avg_X > 0.0000) | filter(avg_Y < 513000.0000) };8.88328e-01;1.00000e+00;Pipeline { filter(avg_X < 757000.0000) | filter(avg_X > 0.0000) | filter(avg_Y < 381000.0000) };8.85932e-01;1.00000e+00;Pipeline { filter(avg_X < 727000.0000) | filter(avg_X > 0.0080) | filter(avg_Y < 538000.0000) }
datasets/geolife_60mins.csv;nsga2;3;30;3000;3000;8.19310e+01;100;9;1;1.00000e+00;9.90000e-01;3.40000e-01;8.91381e-01;1.00000e+00;Pipeline { filter(avg_X < 977000.0000) | filter(avg_X > 0.0000) | filter(avg_Y < 581000.0000) };8.86380e-01;1.00000e+00;Pipeline { filter(avg_X < 827000.0000) | filter(avg_X > 0.0073) | filter(avg_Y < 533000.0000) };8.89691e-01;1.00000e+00;Pipeline { filter(avg_X < 757000.0000) | filter(avg_X > 0.0000) | filter(avg_Y < 433000.0000) };8.87153e-01;1.00000e+00;Pipeline { filter(avg_X < 756000.0000) | filter(avg_X > 0.0000) | filter(avg_Y < 533000.0000) }
datasets/geolife_60mins.csv;nsga2;3;31;3100;3100;8.48710e+01;100;1;1;1.00000e+00;9.90000e-01;3.30000e-01;8.91398e-01;1.00000e+00;Pipeline { filter(avg_X < 984000.0000) | filter(avg_X > 0.0000) | filter(avg_Y < 581000.0000) };8.87153e-01;1.00000e+00;Pipeline { filter(avg_X < 757000.0000) | filter(avg_X > 0.0004) | filter(avg_Y < 521000.0000) };8.90990e-01;1.00000e+00;Pipeline { filter(avg_X < 976000.0000) | filter(avg_X > 0.5230) | filter(avg_Y < 531000.0000) };8.88139e-01;1.00000e+00;Pipeline { filter(avg_X < 759000.0000) | filter(avg_X > 0.0048) | filter(avg_Y < 373000.0000) }
datasets/geolife_60mins.csv;nsga2;3;32;3200;3200;8.77200e+01;100;1;1;1.00000e+00;1.00000e+00;3.40000e-01;8.91398e-01;1.00000e+00;Pipeline { filter(avg_X < 984000.0000) | filter(avg_X > 0.0000) | filter(avg_Y < 581000.0000) };8.88208e-01;1.00000e+00;Pipeline { filter(avg_X < 753000.0000) | filter(avg_X > 0.0000) | filter(avg_Y < 381000.0000) };8.91313e-01;1.00000e+00;Pipeline { filter(avg_X < 964000.0000) | filter(avg_X > 0.0000) | filter(avg_Y < 581000.0000) };8.88449e-01;1.00000e+00;Pipeline { filter(avg_X < 727000.0000) | filter(avg_X > 0.0000) | filter(avg_Y < 456000.0000) }
datasets/geolife_60mins.csv;nsga2;3;33;3300;3300;9.06150e+01;100;2;5;1.00000e+00;1.00000e+00;3.20000e-01;8.91398e-01;1.00000e+00;Pipeline { filter(avg_X < 984000.0000) | filter(avg_X > 0.0000) | filter(avg_Y < 581000.0000) };8.89315e-01;1.00000e+00;Pipeline { filter(avg_X < 917000.0000) | filter(avg_X > 0.0000) | filter(avg_Y < 599000.0000) };8.91364e-01;1.00000e+00;Pipeline { filter(avg_X < 974000.0000) | filter(avg_X > 0.0000) | filter(avg_Y < 583000.0000) };8.89919e-01;1.00000e+00;Pipeline { filter(avg_X < 856000.0000) | filter(avg_X > 0.0000) | filter(avg_Y < 533000.0000) }
datasets/geolife_60mins.csv;nsga2;3;34;3400;3400;9.33480e+01;100;3;3;1.00000e+00;1.00000e+00;2.70000e-01;8.91398e-01;1.00000e+00;Pipeline { filter(avg_X < 984000.0000) | filter(avg_X > 0.0000) | filter(avg_Y < 581000.0000) };8.90157e-01;1.00000e+00;Pipeline { filter(avg_X < 867000.0000) | filter(avg_X > 0.0080) | filter(avg_Y < 530000.0000) };8.91381e-01;1.00000e+00;Pipeline { filter(avg_X < 977000.0000) | filter(avg_X > 0.0000) | filter(avg_Y < 580000.0000) };8.90922e-01;1.00000e+00;Pipeline { filter(avg_X < 957000.0000) | filter(avg_X > 0.0000) | filter(avg_Y < 533000.0000) }
datasets/geolife_60mins.csv;nsga2;3;35;3500;3500;9.61580e+01;100;8;7;1.00000e+00;1.00000e+00;1.70000e-01;8.91398e-01;1.00000e+00;Pipeline { filter(avg_X < 984000.0000) | filter(avg_X > 0.0000) | filter(avg_Y < 581000.0000) };8.90922e-01;1.00000e+00;Pipeline { filter(avg_X < 958000.0000) | filter(avg_X > 0.0000) | filter(avg_Y < 533000.0000) };8.91381e-01;1.00000e+00;Pipeline { filter(avg_X < 977000.0000) | filter(avg_X > 0.0000) | filter(avg_Y < 582000.0000) };8.91279e-01;1.00000e+00;Pipeline { filter(avg_X < 977000.0000) | filter(avg_X > 372.0000) | filter(avg_Y < 552000.0000) }
datasets/geolife_60mins.csv;nsga2;3;36;3600;3600;9.87850e+01;100;1;1;1.00000e+00;1.00000e+00;1.10000e-01;8.91433e-01;1.00000e+00;Pipeline { filter(avg_X < 994000.0000) | filter(avg_X > 0.0000) | filter(avg_Y < 581000.0000) };8.91092e-01;1.00000e+00;Pipeline { filter(avg_X < 964000.0000) | filter(avg_X > 0.0048) | filter(avg_Y < 551000.0000) };8.91381e-01;1.00000e+00;Pipeline { filter(avg_X < 977000.0000) | filter(avg_X > 224.0000) | filter(avg_Y < 581000.0000) };8.91364e-01;1.00000e+00;Pipeline { filter(avg_X < 976000.0000) | filter(avg_X > 0.5230) | filter(avg_Y < 561000.0000) }
datasets/geolife_60mins.csv;nsga2;3;37;3700;3700;1.01914e+02;100;1;6;1.00000e+00;1.00000e+00;5.00000e-02;8.91433e-01;1.00000e+00;Pipeline { filter(avg_X < 994000.0000) | filter(avg_X > 0.0000) | filter(avg_Y < 581000.0000) };8.91347e-01;1.00000e+00;Pipeline { filter(avg_X < 971000.0000) | filter(avg_X > 0.0000) | filter(avg_Y < 583000.0000) };8.91381e-01;1.00000e+00;Pipeline { filter(avg_X < 977000.0000) | filter(avg_X > 0.0000) | filter(avg_Y < 581000.0000) };8.91364e-01;1.00000e+00;Pipeline { filter(avg_X < 974000.0000) | filter(avg_X > 0.0001) | filter(avg_Y < 581000.0000) }
datasets/geolife_60mins.csv;nsga2;3;38;3800;3800;1.04452e+02;100;1;13;1.00000e+00;1.00000e+00;5.00000e-02;8.91433e-01;1.00000e+00;Pipeline { filter(avg_X < 994000.0000) | filter(avg_X > 0.0000) | filter(avg_Y < 581000.0000) };8.91364e-01;1.00000e+00;Pipeline { filter(avg_X < 974000.0000) | filter(avg_X > 0.0001) | filter(avg_Y < 589000.0000) };8.91381e-01;1.00000e+00;Pipeline { filter(avg_X < 977000.0000) | filter(avg_X > 0.0000) | filter(avg_Y < 585000.0000) };8.91381e-01;1.00000e+00;Pipeline { filter(avg_X < 977000.0000) | filter(avg_X > 0.9770) | filter(avg_Y < 581000.0000) }
datasets/geolife_60mins.csv;nsga2;3;39;3900;3900;1.07326e+02;100;1;66;1.00000e+00;1.00000e+00;4.00000e-02;8.91433e-01;1.00000e+00;Pipeline { filter(avg_X < 994000.0000) | filter(avg_X > 0.0000) | filter(avg_Y < 581000.0000) };8.91381e-01;1.00000e+00;Pipeline { filter(avg_X < 977000.0000) | filter(avg_X > 0.0000) | filter(avg_Y < 585000.0000) };8.91398e-01;1.00000e+00;Pipeline { filter(avg_X < 984000.0000) | filter(avg_X > 0.0001) | filter(avg_Y < 587000.0000) };8.91381e-01;1.00000e+00;Pipeline { filter(avg_X < 977000.0000) | filter(avg_X > 0.0000) | filter(avg_Y < 582000.0000) }
datasets/geolife_60mins.csv;nsga2;3;40;4000;4000;1.09730e+02;100;1;60;1.00000e+00;9.90000e-01;4.00000e-02;8.91433e-01;1.00000e+00;Pipeline { filter(avg_X < 994000.0000) | filter(avg_X > 0.0000) | filter(avg_Y < 581000.0000) };8.91381e-01;1.00000e+00;Pipeline { filter(avg_X < 977000.0000) | filter(avg_X > 0.9770) | filter(avg_Y < 584000.0000) };8.91398e-01;1.00000e+00;Pipeline { filter(avg_X < 984000.0000) | filter(avg_X > 0.0001) | filter(avg_Y < 587000.0000) };8.91381e-01;1.00000e+00;Pipeline { filter(avg_X < 977000.0000) | filter(avg_X > 0.7770) | filter(avg_Y < 584000.0000) }
datasets/geolife_60mins.csv;nsga2;3;41;4100;4100;1.12667e+02;100;1;44;1.00000e+00;1.00000e+00;4.00000e-02;8.91433e-01;1.00000e+00;Pipeline { filter(avg_X < 994000.0000) | filter(avg_X > 0.0000) | filter(avg_Y < 581000.0000) };8.91381e-01;1.00000e+00;Pipeline { filter(avg_X < 977000.0000) | filter(avg_X > 0.0000) | filter(avg_Y < 555000.0000) };8.91398e-01;1.00000e+00;Pipeline { filter(avg_X < 984000.0000) | filter(avg_X > 0.0000) | filter(avg_Y < 584000.0000) };8.91381e-01;1.00000e+00;Pipeline { filter(avg_X < 977000.0000) | filter(avg_X > 0.7720) | filter(avg_Y < 584000.0000) }
datasets/geolife_60mins.csv;nsga2;3;42;4200;4200;1.15457e+02;100;1;21;1.00000e+00;1.00000e+00;4.00000e-02;8.91433e-01;1.00000e+00;Pipeline { filter(avg_X < 994000.0000) | filter(avg_X > 0.0000) | filter(avg_Y < 581000.0000) };8.91381e-01;1.00000e+00;Pipeline { filter(avg_X < 977000.0000) | filter(avg_X > 0.0001) | filter(avg_Y < 582000.0000) };8.91398e-01;1.00000e+00;Pipeline { filter(avg_X < 984000.0000) | filter(avg_X > 0.0007) | filter(avg_Y < 587000.0000) };8.91398e-01;1.00000e+00;Pipeline { filter(avg_X < 984000.0000) | filter(avg_X > 0.0000) | filter(avg_Y < 581000.0000) }
datasets/geolife_60mins.csv;nsga2;3;43;4300;4300;1.18158e+02;100;1;86;1.00000e+00;1.00000e+00;4.00000e-02;8.91450e-01;1.00000e+00;Pipeline { filter(avg_X < 997000.0000) | filter(avg_X > 0.0000) | filter(avg_Y < 582000.0000) };8.91398e-01;1.00000e+00;Pipeline { filter(avg_X < 984000.0000) | filter(avg_X > 0.0007) | filter(avg_Y < 584000.0000) };8.91398e-01;1.00000e+00;Pipeline { filter(avg_X < 984000.0000) | filter(avg_X > 0.0000) | filter(avg_Y < 581000.0000) };8.91398e-01;1.00000e+00;Pipeline { filter(avg_X < 984000.0000) | filter(avg_X > 4.2800) | filter(avg_Y < 581000.0000) }
datasets/geolife_60mins.csv;nsga2;3;44;4400;4400;1.20871e+02;100;4;75;1.00000e+00;1.00000e+00;4.00000e-02;8.91450e-01;1.00000e+00;Pipeline { filter(avg_X < 997000.0000) | filter(avg_X > 0.0000) | filter(avg_Y < 582000.0000) };8.91398e-01;1.00000e+00;Pipeline { filter(avg_X < 984000.0000) | filter(avg_X > 880.0000) | filter(avg_Y < 581000.0000) };8.91416e-01;1.00000e+00;Pipeline { filter(avg_X < 987000.0000) | filter(avg_X > 0.0000) | filter(avg_Y < 567000.0000) };8.91398e-01;1.00000e+00;Pipeline { filter(avg_X < 984000.0000) | filter(avg_X > 0.0000) | filter(avg_Y < 571000.0000) }
datasets/geolife_60mins.csv;nsga2;3;45;4500;4500;1.23654e+02;100;9;60;1.00000e+00;1.00000e+00;4.00000e-02;8.91450e-01;1.00000e+00;Pipeline { filter(avg_X < 997000.0000) | filter(avg_X > 0.0000) | filter(avg_Y < 585000.0000) };8.91398e-01;1.00000e+00;Pipeline { filter(avg_X < 983000.0000) | filter(avg_X > 0.0001) | filter(avg_Y < 585000.0000) };8.91416e-01;1.00000e+00;Pipeline { filter(avg_X < 986000.0000) | filter(avg_X > 0.0000) | filter(avg_Y < 582000.0000) };8.91398e-01;1.00000e+00;Pipeline { filter(avg_X < 980000.0000) | filter(avg_X > 0.0007) | filter(avg_Y < 581000.0000) }
datasets/geolife_60mins.csv;nsga2;3;46;4600;4600;1.26918e+02;100;16;38;1.00000e+00;1.00000e+00;4.00000e-02;8.91450e-01;1.00000e+00;Pipeline { filter(avg_X < 997000.0000) | filter(avg_X > 0.0000) | filter(avg_Y < 582000.0000) };8.91398e-01;1.00000e+00;Pipeline { filter(avg_X < 984000.0000) | filter(avg_X > 0.0000) | filter(avg_Y < 589000.0000) };8.91416e-01;1.00000e+00;Pipeline { filter(avg_X < 986000.0000) | filter(avg_X > 0.0002) | filter(avg_Y < 581000.0000) };8.91398e-01;1.00000e+00;Pipeline { filter(avg_X < 984000.0000) | filter(avg_X > 880.0000) | filter(avg_Y < 581000.0000) }
datasets/geolife_60mins.csv;nsga2;3;47;4700;4700;1.29893e+02;100;25;11;1.00000e+00;1.00000e+00;4.00000e-02;8.91450e-01;1.00000e+00;Pipeline { filter(avg_X < 997000.0000) | filter(avg_X > 0.0000) | filter(avg_Y < 582000.0000) };8.91398e-01;1.00000e+00;Pipeline { filter(avg_X < 984000.0000) | filter(avg_X > 480.0000) | filter(avg_Y < 581000.0000) };8.91450e-01;1.00000e+00;Pipeline { filter(avg_X < 997000.0000) | filter(avg_X > 0.0000) | filter(avg_Y < 582000.0000) };8.91416e-01;1.00000e+00;Pipeline { filter(avg_X < 988000.0000) | filter(avg_X > 0.0000) | filter(avg_Y < 582000.0000) }
datasets/geolife_60mins.csv;nsga2;3;48;4800;4800;1.32746e+02;100;36;53;1.00000e+00;1.00000e+00;3.00000e-02;8.91450e-01;1.00000e+00;Pipeline { filter(avg_X < 997000.0000) | filter(avg_X > 0.0000) | filter(avg_Y < 582000.0000) };8.91416e-01;1.00000e+00;Pipeline { filter(avg_X < 987000.0000) | filter(avg_X > 0.0000) | filter(avg_Y < 582000.0000) };8.91450e-01;1.00000e+00;Pipeline { filter(avg_X < 997000.0000) | filter(avg_X > 0.0000) | filter(avg_Y < 585000.0000) };8.91416e-01;1.00000e+00;Pipeline { filter(avg_X < 987000.0000) | filter(avg_X > 0.0000) | filter(avg_Y < 582000.0000) }
datasets/geolife_60mins.csv;nsga2;3;49;4900;4900;1.35489e+02;100;54;33;1.00000e+00;1.00000e+00;3.00000e-02;8.91450e-01;1.00000e+00;Pipeline { filter(avg_X < 997000.0000) | filter(avg_X > 0.0000) | filter(avg_Y < 582000.0000) };8.91416e-01;1.00000e+00;Pipeline { filter(avg_X < 987000.0000) | filter(avg_X > 0.4940) | filter(avg_Y < 583000.0000) };8.91450e-01;1.00000e+00;Pipeline { filter(avg_X < 997000.0000) | filter(avg_X > 0.0057) | filter(avg_Y < 582000.0000) };8.91416e-01;1.00000e+00;Pipeline { filter(avg_X < 988000.0000) | filter(avg_X > 0.0000) | filter(avg_Y < 582000.0000) }
datasets/geolife_60mins.csv;nsga2;3;50;5000;5000;1.38408e+02;100;70;16;1.00000e+00;1.00000e+00;3.00000e-02;8.91450e-01;1.00000e+00;Pipeline { filter(avg_X < 997000.0000) | filter(avg_X > 0.0396) | filter(avg_Y < 582000.0000) };8.91416e-01;1.00000e+00;Pipeline { filter(avg_X < 987000.0000) | filter(avg_X > 0.0052) | filter(avg_Y < 585000.0000) };8.91450e-01;1.00000e+00;Pipeline { filter(avg_X < 997000.0000) | filter(avg_X > 0.0000) | filter(avg_Y < 579000.0000) };8.91433e-01;1.00000e+00;Pipeline { filter(avg_X < 994000.0000) | filter(avg_X > 0.0000) | filter(avg_Y < 584000.0000) }
datasets/geolife_60mins.csv;nsga2;4;1;100;100;2.70200e+00;100;5;70;1.00000e+00;1.00000e+00;1.70000e-01;7.31092e-01;1.00000e+00;Pipeline { filter(avg_X > 0.0000) };4.13922e-01;1.00000e+00;Pipeline { filter(avg_Y > 6130.0000) };1.92867e-02;0.00000e+00;Pipeline { filter(avg_X < 0.1080) | filter(avg_Y < 7.4100) };0.00000e+00;0.00000e+00;Pipeline { filter(avg_Y < 0.0000) | filter(avg_X > 0.0025) | filter(avg_Y > 24800.0000) | filter(avg_Y > 0.0014) | filter(avg_X < 0.0003) | filter(avg_Y < 85000.0000) | filter(avg_X < 11300.0000) | filter(avg_Y > 0.0476) }
datasets/geolife_60mins.csv;nsga2;4;2;200;200;5.47200e+00;100;8;22;1.00000e+00;1.00000e+00;2.60000e-01;7.31092e-01;1.00000e+00;Pipeline { filter(avg_X > 0.0180) };4.13922e-01;1.00000e+00;Pipeline { filter(avg_Y > 6130.0000) };4.14168e-01;1.00000e+00;Pipeline { filter(avg_X < 88200000.0000) | filter(avg_Y > 8.4400) | filter(avg_Y > 0.0003) };7.31065e-01;1.00000e+00;Pipeline { filter(avg_X > 8260.0000) }
datasets/geolife_60mins.csv;nsga2;4;3;300;300;7.85100e+00;100;22;16;1.00000e+00;9.90000e-01;1.90000e-01;7.31092e-01;1.00000e+00;Pipeline { filter(avg_X > 55.7000) };4.13799e-01;1.00000e+00;Pipeline { filter(avg_Y > 12500.0000) };7.29572e-01;1.00000e+00;Pipeline { filter(avg_X > 45900.0000) | filter(avg_X > 36900.0000) };4.14168e-01;1.00000e+00;Pipeline { filter(avg_Y > 0.0008) }
datasets/geolife_60mins.csv;nsga2;4;4;400;400;1.04020e+01;100;40;7;1.00000e+00;9.90000e-01;1.40000e-01;7.31092e-01;1.00000e+00;Pipeline { filter(avg_X > 5.4700) };4.14168e-01;1.00000e+00;Pipeline { filter(avg_X < 88600000.0000) | filter(avg_Y > 8.4400) | filter(avg_Y > 0.0030) };7.31092e-01;1.00000e+00;Pipeline { filter(avg_X > 0.0001) | filter(avg_X > 0.6900) };4.52957e-01;1.00000e+00;Pipeline { filter(avg_Y < 67200000.0000) }
datasets/geolife_60mins.csv;nsga2;4;5;500;500;1.30220e+01;100;77;8;1.00000e+00;9.70000e-01;7.00000e-02;7.31092e-01;1.00000e+00;Pipeline { filter(avg_X > 0.0063) | filter(avg_X > 0.6900) };6.87470e-01;1.00000e+00;Pipeline { filter(avg_X > 0.0000) | filter(avg_Y > 0.0926) };7.31092e-01;1.00000e+00;Pipeline { filter(avg_X > 6320.0000) | filter(avg_X > 0.6900) };7.31092e-01;1.00000e+00;Pipeline { filter(avg_X > 0.0001) | filter(avg_X > 0.6900) }
datasets/geolife_60mins.csv;nsga2;4;6;600;600;1.60820e+01;100;100;100;1.00000e+00;1.00000e+00;1.00000e-02;7.31092e-01;1.00000e+00;Pipeline { filter(avg_X > 0.0000) };7.31092e-01;1.00000e+00;Pipeline { filter(avg_X > 0.0000) };7.31092e-01;1.00000e+00;Pipeline { filter(avg_X > 4.1000) };7.31092e-01;1.00000e+00;Pipeline { filter(avg_X > 4.1000) }
datasets/geolife_60mins.csv;nsga2;4;7;700;700;1.86340e+01;100;100;100;1.00000e+00;9.70000e-01;1.00000e-02;7.31092e-01;1.00000e+00;Pipeline { filter(avg_X > 9.4000) };7.31092e-01;1.00000e+00;Pipeline { filter(avg_X > 9.4000) };7.31092e-01;1.00000e+00;Pipeline { filter(avg_X > 0.0000) };7.31092e-01;1.00000e+00;Pipeline { filter(avg_X > 0.0000) }
datasets/geolife_60mins.csv;nsga2;4;8;800;800;2.17860e+01;100;100;100;1.00000e+00;1.00000e+00;1.00000e-02;7.31092e-01;1.00000e+00;Pipeline { filter(avg_X > 0.0970) };7.31092e-01;1.00000e+00;Pipeline { filter(avg_X > 0.0970) };7.31092e-01;1.00000e+00;Pipeline { filter(avg_X > 3.5500) | filter(avg_X > 0.0773) };7.31092e-01;1.00000e+00;Pipeline { filter(avg_X > 3.5500) | filter(avg_X > 0.0773) }
datasets/geolife_60mins.csv;nsga2;4;9;900;900;2.44030e+01;100;100;100;1.00000e+00;1.00000e+00;1.00000e-02;7.31092e-01;1.00000e+00;Pipeline { filter(avg_X > 0.5060) };7.31092e-01;1.00000e+00;Pipeline { filter(avg_X > 0.5060) };7.31092e-01;1.00000e+00;Pipeline { filter(avg_X > 0.0087) };7.31092e-01;1.00000e+00;Pipeline { filter(avg_X > 0.0087) }
datasets/geolife_60mins.csv;nsga2;4;10;1000;1000;2.73010e+01;100;100;100;1.00000e+00;9.90000e-01;1.00000e-02;7.31092e-01;1.00000e+00;Pipeline { filter(avg_X > 7.0300) };7.31092e-01;1.00000e+00;Pipeline { filter(avg_X > 7.0300) };7.31092e-01;1.00000e+00;Pipeline { filter(avg_X > 0.0000) };7.31092e-01;1.00000e+00;Pipeline { filter(avg_X > 0.0000) }
datasets/geolife_60mins.csv;nsga2;4;11;1100;1100;2.98980e+01;100;100;100;1.00000e+00;1.00000e+00;1.00000e-02;7.31092e-01;1.00000e+00;Pipeline { filter(avg_X > 0.0230) };7.31092e-01;1.00000e+00;Pipeline { filter(avg_X > 0.0230) };7.31092e-01;1.00000e+00;Pipeline { filter(avg_X > 0.0000) };7.31092e-01;1.00000e+00;Pipeline { filter(avg_X > 0.0000) }
datasets/geolife_60mins.csv;nsga2;4;12;1200;1200;3.26020e+01;100;100;100;1.00000e+00;9.90000e-01;1.00000e-02;7.31092e-01;1.00000e+00;Pipeline { filter(avg_X > 8.7600) };7.31092e-01;1.00000e+00;Pipeline { filter(avg_X > 8.7600) };7.31092e-01;1.00000e+00;Pipeline { filter(avg_X > 5.9000) };7.31092e-01;1.00000e+00;Pipeline { filter(avg_X > 5.9000) }
datasets/geolife_60mins.csv;nsga2;4;13;1300;1300;3.52890e+01;100;100;100;1.00000e+00;1.00000e+00;1.00000e-02;7.31092e-01;1.00000e+00;Pipeline { filter(avg_X > 4.7600) };7.31092e-01;1.00000e+00;Pipeline { filter(avg_X > 4.7600) };7.31092e-01;1.00000e+00;Pipeline { filter(avg_X > 8.4200) | filter(avg_X > 0.0047) };7.31092e-01;1.00000e+00;Pipeline { filter(avg_X > 8.4200) | filter(avg_X > 0.0047) }
datasets/geolife_60mins.csv;nsga2;4;14;1400;1400;3.80070e+01;100;100;100;1.00000e+00;9.80000e-01;2.00000e-02;7.89487e-01;9.99821e-01;Pipeline { filter(avg_X < 404000.0000) | filter(avg_X > 0.0842) };7.31092e-01;1.00000e+00;Pipeline { filter(avg_X > 0.0000) };7.31092e-01;1.00000e+00;Pipeline { filter(avg_X > 0.0000) };7.31092e-01;1.00000e+00;Pipeline { filter(avg_X > 0.0000) }
datasets/geolife_60mins.csv;nsga2;4;15;1500;1500;4.06800e+01;100;100;100;1.00000e+00;1.00000e+00;2.00000e-02;7.89487e-01;9.99821e-01;Pipeline { filter(avg_X < 404000.0000) | filter(avg_X > 0.0842) };7.31092e-01;1.00000e+00;Pipeline { filter(avg_X > 1600.0000) | filter(avg_X > 36.6000) };7.31092e-01;1.00000e+00;Pipeline { filter(avg_X > 0.9140) };7.31092e-01;1.00000e+00;Pipeline { filter(avg_X > 3120.0000) }
datasets/geolife_60mins.csv;nsga2;4;16;1600;1600;4.33260e+01;100;100;100;1.00000e+00;1.00000e+00;2.00000e-02;7.89487e-01;9.99821e-01;Pipeline { filter(avg_X < 404000.0000) | filter(avg_X > 0.0842) };7.31092e-01;1.00000e+00;Pipeline { filter(avg_X > 84.2000) | filter(avg_X > 87.5000) };7.31092e-01;1.00000e+00;Pipeline { filter(avg_X > 0.7180) };7.31092e-01;1.00000e+00;Pipeline { filter(avg_X > 0.0009) | filter(avg_X > 1.0100) }
datasets/geolife_60mins.csv;nsga2;4;17;1700;1700;4.60080e+01;100;100;100;1.00000e+00;1.00000e+00;2.00000e-02;7.89487e-01;9.99821e-01;Pipeline { filter(avg_X < 404000.0000) | filter(avg_X > 0.0842) };7.31092e-01;1.00000e+00;Pipeline { filter(avg_X > 6.4900) | filter(avg_X > 0.0047) };7.31092e-01;1.00000e+00;Pipeline { filter(avg_X > 8.0800) | filter(avg_X > 0.0047) };7.31092e-01;1.00000e+00;Pipeline { filter(avg_X > 1.0000) }
datasets/geolife_60mins.csv;nsga2;4;18;1800;1800;4.87190e+01;100;1;99;1.00000e+00;9.90000e-01;3.00000e-02;8.27563e-01;1.00000e+00;Pipeline { filter(avg_X > 4.4900) | filter(avg_X < 2050000.0000) };7.31092e-01;1.00000e+00;Pipeline { filter(avg_X > 1600.0000) | filter(avg_X > 43.7000) };7.31092e-01;1.00000e+00;Pipeline { filter(avg_X > 0.0009) | filter(avg_X > 0.0000) };7.31092e-01;1.00000e+00;Pipeline { filter(avg_X > 78.0000) }
datasets/geolife_60mins.csv;nsga2;4;19;1900;1900;5.14320e+01;100;1;97;1.00000e+00;9.70000e-01;4.00000e-02;8.27563e-01;1.00000e+00;Pipeline { filter(avg_X > 4.4900) | filter(avg_X < 2050000.0000) };7.31092e-01;1.00000e+00;Pipeline { filter(avg_X > 4.4900) | filter(avg_X > 0.0569) };7.31092e-01;1.00000e+00;Pipeline { filter(avg_X > 2.0000) };7.31092e-01;1.00000e+00;Pipeline { filter(avg_X > 0.0080) }
datasets/geolife_60mins.csv;nsga2;4;20;2000;2000;5.41410e+01;100;1;95;1.00000e+00;9.80000e-01;6.00000e-02;8.27563e-01;1.00000e+00;Pipeline { filter(avg_X > 4.4900) | filter(avg_X < 2050000.0000) };7.31092e-01;1.00000e+00;Pipeline { filter(avg_X > 0.0930) | filter(avg_X > 58.9000) };7.31092e-01;1.00000e+00;Pipeline { filter(avg_X > 0.0000) | filter(avg_X > 0.0047) };7.31092e-01;1.00000e+00;Pipeline { filter(avg_X > 0.0079) }
datasets/geolife_60mins.csv;nsga2;4;21;2100;2100;5.66860e+01;100;1;94;1.00000e+00;9.90000e-01;7.00000e-02;8.27563e-01;1.00000e+00;Pipeline { filter(avg_X > 4.4900) | filter(avg_X < 2050000.0000) };7.31092e-01;1.00000e+00;Pipeline { filter(avg_X > 2.9900) | filter(avg_X > 0.0000) };7.31092e-01;1.00000e+00;Pipeline { filter(avg_X > 0.0001) | filter(avg_X < 7850000000.0000) };7.31092e-01;1.00000e+00;Pipeline { filter(avg_X > 4.4800) | filter(avg_X > 0.0599) }
datasets/geolife_60mins.csv;nsga2;4;22;2200;2200;5.92630e+01;100;3;89;1.00000e+00;9.90000e-01;7.00000e-02;8.27563e-01;1.00000e+00;Pipeline { filter(avg_X > 4.4900) | filter(avg_X < 2020000.0000) };7.31092e-01;1.00000e+00;Pipeline { filter(avg_X > 0.0000) };7.31092e-01;1.00000e+00;Pipeline { filter(avg_X > 0.0004) };7.31092e-01;1.00000e+00;Pipeline { filter(avg_X > 2.9400) | filter(avg_X > 0.0000) }
datasets/geolife_60mins.csv;nsga2;4;23;2300;2300;6.18280e+01;100;4;82;1.00000e+00;9.90000e-01;9.00000e-02;8.27563e-01;1.00000e+00;Pipeline { filter(avg_X > 4.4900) | filter(avg_X < 2050000.0000) };7.31092e-01;1.00000e+00;Pipeline { filter(avg_X > 2.2900) | filter(avg_X > 0.0000) };7.31092e-01;1.00000e+00;Pipeline { filter(avg_X > 0.0000) };7.31092e-01;1.00000e+00;Pipeline { filter(avg_X > 0.0000) }
datasets/geolife_60mins.csv;nsga2;4;24;2400;2400;6.44750e+01;100;4;70;1.00000e+00;9.90000e-01;1.20000e-01;8.27563e-01;1.00000e+00;Pipeline { filter(avg_X > 4.2900) | filter(avg_X < 2050000.0000) };7.31092e-01;1.00000e+00;Pipeline { filter(avg_X > 0.0000) | filter(avg_X < 827000000.0000) };7.31646e-01;1.00000e+00;Pipeline { filter(avg_X > 0.0000) | filter(avg_X < 4600000.0000) };7.31092e-01;1.00000e+00;Pipeline { filter(avg_X > 0.0001) }
datasets/geolife_60mins.csv;nsga2;4;25;2500;2500;6.71800e+01;100;5;50;1.00000e+00;9.80000e-01;1.70000e-01;8.27563e-01;1.00000e+00;Pipeline { filter(avg_X > 4.4900) | filter(avg_X < 2020000.0000) };7.31092e-01;1.00000e+00;Pipeline { filter(avg_X > 4.1200) };7.90490e-01;9.99821e-01;Pipeline { filter(avg_X < 401000.0000) | filter(avg_X > 0.0843) };7.31092e-01;1.00000e+00;Pipeline { filter(avg_X > 1.4700) | filter(avg_X > 0.0018) }
datasets/geolife_60mins.csv;nsga2;4;26;2600;2600;6.97100e+01;100;5;16;1.00000e+00;9.80000e-01;2.30000e-01;8.27563e-01;1.00000e+00;Pipeline { filter(avg_X > 4.4900) | filter(avg_X < 2050000.0000) };7.31092e-01;1.00000e+00;Pipeline { filter(avg_X > 2.4900) | filter(avg_X < 46000000.0000) };8.06265e-01;1.00000e+00;Pipeline { filter(avg_X > 2.4200) | filter(avg_X < 560000.0000) };7.31646e-01;1.00000e+00;Pipeline { filter(avg_X > 4.4900) | filter(avg_X < 4620000.0000) }
datasets/geolife_60mins.csv;nsga2;4;27;2700;2700;7.22410e+01;100;7;28;1.00000e+00;9.70000e-01;2.90000e-01;8.27563e-01;1.00000e+00;Pipeline { filter(avg_X > 4.4500) | filter(avg_X < 2020000.0000) };7.31646e-01;1.00000e+00;Pipeline { filter(avg_X > 0.0000) | filter(avg_X < 4300000.0000) };8.11361e-01;1.00000e+00;Pipeline { filter(avg_X > 5.7800) | filter(avg_X < 2080000.0000) };7.31646e-01;1.00000e+00;Pipeline { filter(avg_X > 0.0000) | filter(avg_X < 4600000.0000) }
datasets/geolife_60mins.csv;nsga2;4;28;2800;2800;7.47490e+01;100;11;6;1.00000e+00;9.50000e-01;3.40000e-01;8.27563e-01;1.00000e+00;Pipeline { filter(avg_X > 4.2900) | filter(avg_X < 2050000.0000) };7.31646e-01;1.00000e+00;Pipeline { filter(avg_X > 0.0400) | filter(avg_X < 4600000.0000) };8.15858e-01;1.00000e+00;Pipeline { filter(avg_X > 2.4700) | filter(avg_X < 820000.0000) };8.00592e-01;1.00000e+00;Pipeline { filter(avg_X > 32.9000) | filter(avg_Y < 260000.0000) }
datasets/geolife_60mins.csv;nsga2;4;29;2900;2900;7.74030e+01;100;18;3;1.00000e+00;9.80000e-01;3.00000e-01;8.27563e-01;1.00000e+00;Pipeline { filter(avg_X > 4.4900) | filter(avg_X < 2020000.0000) };8.00656e-01;1.00000e+00;Pipeline { filter(avg_X > 6.4800) | filter(avg_X < 480000.0000) };8.20286e-01;1.00000e+00;Pipeline { filter(avg_X > 2.4000) | filter(avg_X < 860000.0000) };8.07894e-01;1.00000e+00;Pipeline { filter(avg_X > 7.4200) | filter(avg_Y < 560000.0000) }
datasets/geolife_60mins.csv;nsga2;4;30;3000;3000;8.00020e+01;100;29;4;1.00000e+00;9.70000e-01;1.90000e-01;8.27563e-01;1.00000e+00;Pipeline { filter(avg_X > 4.2200) | filter(avg_X < 2050000.0000) };8.08847e-01;1.00000e+00;Pipeline { filter(avg_X > 0.0001) | filter(avg_X < 760000.0000) };8.27563e-01;1.00000e+00;Pipeline { filter(avg_X > 98.8000) | filter(avg_X < 2050000.0000) };8.11361e-01;1.00000e+00;Pipeline { filter(avg_X > 4.0900) | filter(avg_X < 2080000.0000) }
datasets/geolife_60mins.csv;nsga2;4;31;3100;3100;8.25530e+01;100;40;17;1.00000e+00;9.70000e-01;1.60000e-01;8.27563e-01;1.00000e+00;Pipeline { filter(avg_X > 4.9900) | filter(avg_X < 2050000.0000) };8.11361e-01;1.00000e+00;Pipeline { filter(avg_X > 4.2900) | filter(avg_X < 2080000.0000) };8.27563e-01;1.00000e+00;Pipeline { filter(avg_X > 0.4620) | filter(avg_X < 2050000.0000) };8.15858e-01;1.00000e+00;Pipeline { filter(avg_X > 14.7000) | filter(avg_X < 820000.0000) }
datasets/geolife_60mins.csv;nsga2;4;32;3200;3200;8.52610e+01;100;57;4;1.00000e+00;9.40000e-01;1.80000e-01;8.27563e-01;1.00000e+00;Pipeline { filter(avg_X > 4.4900) | filter(avg_X < 2050000.0000) };8.18283e-01;1.00000e+00;Pipeline { filter(avg_X > 2.4000) | filter(avg_X < 830000.0000) };8.27563e-01;1.00000e+00;Pipeline { filter(avg_X > 3.4900) | filter(avg_X < 2050000.0000) };8.20724e-01;1.00000e+00;Pipeline { filter(avg_X > 0.0951) | filter(avg_X < 880000.0000) }
datasets/geolife_60mins.csv;nsga2;4;33;3300;3300;8.78970e+01;100;85;1;1.00000e+00;9.30000e-01;1.10000e-01;8.27563e-01;1.00000e+00;Pipeline { filter(avg_X > 8.4500) | filter(avg_X < 2020000.0000) };8.24089e-01;1.00000e+00;Pipeline { filter(avg_X > 100000.0000) | filter(avg_X < 2050000.0000) };8.27563e-01;1.00000e+00;Pipeline { filter(avg_X > 4.4900) | filter(avg_X < 2020000.0000) };8.27563e-01;1.00000e+00;Pipeline { filter(avg_X > 8.4500) | filter(avg_X < 2000000.0000) }
datasets/geolife_60mins.csv;nsga2;4;34;3400;3400;9.06130e+01;100;100;100;1.00000e+00;9.40000e-01;1.00000e-02;8.27563e-01;1.00000e+00;Pipeline { filter(avg_X > 4.2900) | filter(avg_X < 2050000.0000) };8.27563e-01;1.00000e+00;Pipeline { filter(avg_X > 4.2900) | filter(avg_X < 2050000.0000) };8.27563e-01;1.00000e+00;Pipeline { filter(avg_X > 4.2200) | filter(avg_X < 2050000.0000) };8.27563e-01;1.00000e+00;Pipeline { filter(avg_X > 4.2200) | filter(avg_X < 2050000.0000) }
datasets/geolife_60mins.csv;nsga2;4;35;3500;3500;9.31840e+01;100;100;100;1.00000e+00;9.60000e-01;1.00000e-02;8.27563e-01;1.00000e+00;Pipeline { filter(avg_X > 846.0000) | filter(avg_X < 2050000.0000) };8.27563e-01;1.00000e+00;Pipeline { filter(avg_X > 846.0000) | filter(avg_X < 2050000.0000) };8.27563e-01;1.00000e+00;Pipeline { filter(avg_X > 83.7000) | filter(avg_X < 2050000.0000) };8.27563e-01;1.00000e+00;Pipeline { filter(avg_X > 83.7000) | filter(avg_X < 2050000.0000) }
datasets/geolife_60mins.csv;nsga2;4;36;3600;3600;9.57610e+01;100;100;100;1.00000e+00;9.90000e-01;1.00000e-02;8.27563e-01;1.00000e+00;Pipeline { filter(avg_X > 0.0004) | filter(avg_X < 2000000.0000) };8.27563e-01;1.00000e+00;Pipeline { filter(avg_X > 0.0004) | filter(avg_X < 2000000.0000) };8.27563e-01;1.00000e+00;Pipeline { filter(avg_X > 96.4000) | filter(avg_X < 2060000.0000) };8.27563e-01;1.00000e+00;Pipeline { filter(avg_X > 96.4000) | filter(avg_X < 2060000.0000) }
datasets/geolife_60mins.csv;nsga2;4;37;3700;3700;9.83010e+01;100;100;100;1.00000e+00;9.90000e-01;1.00000e-02;8.27563e-01;1.00000e+00;Pipeline { filter(avg_X > 964.0000) | filter(avg_X < 2020000.0000) };8.27563e-01;1.00000e+00;Pipeline { filter(avg_X > 964.0000) | filter(avg_X < 2020000.0000) };8.27563e-01;1.00000e+00;Pipeline { filter(avg_X > 0.0000) | filter(avg_X < 2020000.0000) };8.27563e-01;1.00000e+00;Pipeline { filter(avg_X > 0.0000) | filter(avg_X < 2020000.0000) }
datasets/geolife_60mins.csv;nsga2;4;38;3800;3800;1.01309e+02;100;100;100;1.00000e+00;9.90000e-01;1.00000e-02;8.27563e-01;1.00000e+00;Pipeline { filter(avg_X > 0.0840) | filter(avg_X < 2040000.0000) };8.27563e-01;1.00000e+00;Pipeline { filter(avg_X > 0.0840) | filter(avg_X < 2040000.0000) };8.27563e-01;1.00000e+00;Pipeline { filter(avg_X > 4.4900) | filter(avg_X < 2020000.0000) };8.27563e-01;1.00000e+00;Pipeline { filter(avg_X > 4.4900) | filter(avg_X < 2020000.0000) }
datasets/geolife_60mins.csv;nsga2;4;39;3900;3900;1.04031e+02;100;100;100;1.00000e+00;1.00000e+00;1.00000e-02;8.27563e-01;1.00000e+00;Pipeline { filter(avg_X > 0.0000) | filter(avg_X < 2050000.0000) };8.27563e-01;1.00000e+00;Pipeline { filter(avg_X > 0.0000) | filter(avg_X < 2050000.0000) };8.27563e-01;1.00000e+00;Pipeline { filter(avg_X > 4.5700) | filter(avg_X < 2070000.0000) };8.27563e-01;1.00000e+00;Pipeline { filter(avg_X > 4.5700) | filter(avg_X < 2070000.0000) }
datasets/geolife_60mins.csv;nsga2;4;40;4000;4000;1.06656e+02;100;100;100;1.00000e+00;9.90000e-01;1.00000e-02;8.27563e-01;1.00000e+00;Pipeline { filter(avg_X > 0.0092) | filter(avg_X < 2000000.0000) };8.27563e-01;1.00000e+00;Pipeline { filter(avg_X > 0.0092) | filter(avg_X < 2000000.0000) };8.27563e-01;1.00000e+00;Pipeline { filter(avg_X > 6.0600) | filter(avg_X < 2010000.0000) };8.27563e-01;1.00000e+00;Pipeline { filter(avg_X > 6.0600) | filter(avg_X < 2010000.0000) }
datasets/geolife_60mins.csv;nsga2;4;41;4100;4100;1.09228e+02;100;100;100;1.00000e+00;9.90000e-01;1.00000e-02;8.27563e-01;1.00000e+00;Pipeline { filter(avg_X > 0.0802) | filter(avg_X < 2050000.0000) };8.27563e-01;1.00000e+00;Pipeline { filter(avg_X > 0.0802) | filter(avg_X < 2050000.0000) };8.27563e-01;1.00000e+00;Pipeline { filter(avg_X > 56.6000) | filter(avg_X < 2050000.0000) };8.27563e-01;1.00000e+00;Pipeline { filter(avg_X > 56.6000) | filter(avg_X < 2050000.0000) }
datasets/geolife_60mins.csv;nsga2;4;42;4200;4200;1.11733e+02;100;100;100;1.00000e+00;1.00000e+00;1.00000e-02;8.27563e-01;1.00000e+00;Pipeline { filter(avg_X > 0.0088) | filter(avg_X < 2000000.0000) };8.27563e-01;1.00000e+00;Pipeline { filter(avg_X > 0.0088) | filter(avg_X < 2000000.0000) };8.27563e-01;1.00000e+00;Pipeline { filter(avg_X > 5.2400) | filter(avg_X < 2000000.0000) };8.27563e-01;1.00000e+00;Pipeline { filter(avg_X > 5.2400) | filter(avg_X < 2000000.0000) }
datasets/geolife_60mins.csv;nsga2;4;43;4300;4300;1.14237e+02;100;100;100;1.00000e+00;1.00000e+00;1.00000e-02;8.27563e-01;1.00000e+00;Pipeline { filter(avg_X > 6.0600) | filter(avg_X < 2040000.0000) };8.27563e-01;1.00000e+00;Pipeline { filter(avg_X > 6.0600) | filter(avg_X < 2040000.0000) };8.27563e-01;1.00000e+00;Pipeline { filter(avg_X > 662.0000) | filter(avg_X < 2050000.0000) };8.27563e-01;1.00000e+00;Pipeline { filter(avg_X > 662.0000) | filter(avg_X < 2050000.0000) }
datasets/geolife_60mins.csv;nsga2;4;44;4400;4400;1.16773e+02;100;100;100;1.00000e+00;1.00000e+00;1.00000e-02;8.27563e-01;1.00000e+00;Pipeline { filter(avg_X > 0.0000) | filter(avg_X < 2050000.0000) };8.27563e-01;1.00000e+00;Pipeline { filter(avg_X > 0.0000) | filter(avg_X < 2050000.0000) };8.27563e-01;1.00000e+00;Pipeline { filter(avg_X > 5.9700) | filter(avg_X < 2010000.0000) };8.27563e-01;1.00000e+00;Pipeline { filter(avg_X > 5.9700) | filter(avg_X < 2010000.0000) }
datasets/geolife_60mins.csv;nsga2;4;45;4500;4500;1.19422e+02;100;100;100;1.00000e+00;1.00000e+00;1.00000e-02;8.27563e-01;1.00000e+00;Pipeline { filter(avg_X > 0.8300) | filter(avg_X < 2040000.0000) };8.27563e-01;1.00000e+00;Pipeline { filter(avg_X > 0.8300) | filter(avg_X < 2040000.0000) };8.27563e-01;1.00000e+00;Pipeline { filter(avg_X > 0.0001) | filter(avg_X < 2050000.0000) };8.27563e-01;1.00000e+00;Pipeline { filter(avg_X > 0.0001) | filter(avg_X < 2050000.0000) }
datasets/geolife_60mins.csv;nsga2;4;46;4600;4600;1.21923e+02;100;100;100;1.00000e+00;1.00000e+00;1.00000e-02;8.27563e-01;1.00000e+00;Pipeline { filter(avg_X > 0.0499) | filter(avg_X < 2050000.0000) };8.27563e-01;1.00000e+00;Pipeline { filter(avg_X > 0.0499) | filter(avg_X < 2050000.0000) };8.27563e-01;1.00000e+00;Pipeline { filter(avg_X > 0.0092) | filter(avg_X < 2040000.0000) };8.27563e-01;1.00000e+00;Pipeline { filter(avg_X > 0.0092) | filter(avg_X < 2040000.0000) }
datasets/geolife_60mins.csv;nsga2;4;47;4700;4700;1.24544e+02;100;100;100;1.00000e+00;9.90000e-01;1.00000e-02;8.27563e-01;1.00000e+00;Pipeline { filter(avg_X > 0.0020) | filter(avg_X < 2050000.0000) };8.27563e-01;1.00000e+00;Pipeline { filter(avg_X > 0.0020) | filter(avg_X < 2050000.0000) };8.27563e-01;1.00000e+00;Pipeline { filter(avg_X > 866.0000) | filter(avg_X < 2070000.0000) };8.27563e-01;1.00000e+00;Pipeline { filter(avg_X > 866.0000) | filter(avg_X < 2070000.0000) }
datasets/geolife_60mins.csv;nsga2;4;48;4800;4800;1.27058e+02;100;100;100;1.00000e+00;9.80000e-01;1.00000e-02;8.27563e-01;1.00000e+00;Pipeline { filter(avg_X > 0.9030) | filter(avg_X < 2000000.0000) };8.27563e-01;1.00000e+00;Pipeline { filter(avg_X > 0.9030) | filter(avg_X < 2000000.0000) };8.27563e-01;1.00000e+00;Pipeline { filter(avg_X > 46.0000) | filter(avg_X < 2040000.0000) };8.27563e-01;1.00000e+00;Pipeline { filter(avg_X > 46.0000) | filter(avg_X < 2040000.0000) }
datasets/geolife_60mins.csv;nsga2;4;49;4900;4900;1.29513e+02;100;100;100;1.00000e+00;9.70000e-01;1.00000e-02;8.27563e-01;1.00000e+00;Pipeline { filter(avg_X > 75.6000) | filter(avg_X < 2050000.0000) };8.27563e-01;1.00000e+00;Pipeline { filter(avg_X > 75.6000) | filter(avg_X < 2050000.0000) };8.27563e-01;1.00000e+00;Pipeline { filter(avg_X > 0.0004) | filter(avg_X < 2040000.0000) };8.27563e-01;1.00000e+00;Pipeline { filter(avg_X > 0.0004) | filter(avg_X < 2040000.0000) }
datasets/geolife_60mins.csv;nsga2;4;50;5000;5000;1.32025e+02;100;100;100;1.00000e+00;9.80000e-01;1.00000e-02;8.27563e-01;1.00000e+00;Pipeline { filter(avg_X > 2.9800) | filter(avg_X < 2060000.0000) };8.27563e-01;1.00000e+00;Pipeline { filter(avg_X > 2.9800) | filter(avg_X < 2060000.0000) };8.27563e-01;1.00000e+00;Pipeline { filter(avg_X > 0.0000) | filter(avg_X < 2050000.0000) };8.27563e-01;1.00000e+00;Pipeline { filter(avg_X > 0.0000) | filter(avg_X < 2050000.0000) }
datasets/geolife_60mins.csv;nsga2;5;1;100;100;2.55000e+00;100;1;68;1.00000e+00;1.00000e+00;1.60000e-01;7.41738e-01;1.00000e+00;Pipeline { filter(avg_Y > 0.0000) | filter(avg_Y < 505000.0000) };4.14143e-01;1.00000e+00;Pipeline { filter(avg_Y > 370.0000) };2.02007e-02;0.00000e+00;Pipeline { filter(avg_X < 0.0008) | filter(avg_X < 242.0000) };0.00000e+00;0.00000e+00;Pipeline { filter(avg_Y < 271000.0000) | filter(avg_Y > 0.0085) | filter(avg_X > 40400.0000) | filter(avg_X < 0.0000) | filter(avg_Y > 0.9840) | filter(avg_X < 0.0572) | filter(avg_Y < 65.5000) | filter(avg_Y > 0.0047) | filter(avg_X > 0.0629) }
datasets/geolife_60mins.csv;nsga2;5;2;200;200;4.91000e+00;100;1;15;1.00000e+00;1.00000e+00;2.40000e-01;8.34453e-01;1.00000e+00;Pipeline { filter(avg_Y < 37500000.0000) | filter(avg_X > 3760.0000) | filter(avg_Y > 0.0000) | filter(avg_Y < 243000.0000) };4.13873e-01;1.00000e+00;Pipeline { filter(avg_Y > 9340.0000) };4.52957e-01;1.00000e+00;Pipeline { filter(avg_Y < 1730000000.0000) };7.31092e-01;1.00000e+00;Pipeline { filter(avg_X > 370.0000) }
datasets/geolife_60mins.csv;nsga2;5;3;300;300;7.17500e+00;100;1;16;1.00000e+00;1.00000e+00;2.50000e-01;8.34453e-01;1.00000e+00;Pipeline { filter(avg_Y < 37500000.0000) | filter(avg_X > 3760.0000) | filter(avg_Y > 0.0000) | filter(avg_Y < 243000.0000) };4.06886e-01;1.00000e+00;Pipeline { filter(avg_Y > 0.0000) | filter(avg_X < 505000.0000) };7.31092e-01;1.00000e+00;Pipeline { filter(avg_X > 0.0000) };4.14168e-01;1.00000e+00;Pipeline { filter(avg_Y > 0.0929) }
datasets/geolife_60mins.csv;nsga2;5;4;400;400;9.80200e+00;100;3;14;1.00000e+00;1.00000e+00;2.00000e-01;8.34453e-01;1.00000e+00;Pipeline { filter(avg_Y < 38500000.0000) | filter(avg_X > 3760.0000) | filter(avg_Y > 0.0000) | filter(avg_Y < 243000.0000) };4.52957e-01;1.00000e+00;Pipeline { filter(avg_Y < 1720000000.0000) };7.31092e-01;1.00000e+00;Pipeline { filter(avg_X > 75.0000) };6.87470e-01;1.00000e+00;Pipeline { filter(avg_Y < 940000000.0000) | filter(avg_Y > 0.0000) | filter(avg_X > 0.0021) | filter(avg_Y > 0.0009) | filter(avg_X > 67.1000) | filter(avg_X < 1210000000.0000) }
datasets/geolife_60mins.csv;nsga2;5;5;500;500;1.26750e+01;100;5;69;1.00000e+00;9.90000e-01;1.60000e-01;8.34453e-01;1.00000e+00;Pipeline { filter(avg_Y < 37500000.0000) | filter(avg_X > 3760.0000) | filter(avg_Y > 0.0000) | filter(avg_Y < 243000.0000) };7.31092e-01;1.00000e+00;Pipeline { filter(avg_X > 454.0000) | filter(avg_X > 0.0297) };7.41738e-01;1.00000e+00;Pipeline { filter(avg_Y > 0.0000) | filter(avg_Y < 505000.0000) };7.31092e-01;1.00000e+00;Pipeline { filter(avg_X > 0.0001) }
datasets/geolife_60mins.csv;nsga2;5;6;600;600;1.50910e+01;100;1;44;1.00000e+00;1.00000e+00;2.50000e-01;8.40275e-01;1.00000e+00;Pipeline { filter(avg_Y < 37500000.0000) | filter(avg_X > 3760.0000) | filter(avg_Y > 0.0000) | filter(avg_Y < 443000.0000) };7.31092e-01;1.00000e+00;Pipeline { filter(avg_X > 0.0000) | filter(avg_X > 0.0000) };8.00286e-01;1.00000e+00;Pipeline { filter(avg_Y < 37500000.0000) | filter(avg_X > 3760.0000) | filter(avg_X < 6840000000.0000) | filter(avg_Y < 243000.0000) };7.31092e-01;1.00000e+00;Pipeline { filter(avg_X > 454.0000) | filter(avg_Y < 3620000.0000) }
datasets/geolife_60mins.csv;nsga2;5;7;700;700;1.78090e+01;100;1;5;1.00000e+00;1.00000e+00;3.70000e-01;8.40275e-01;1.00000e+00;Pipeline { filter(avg_Y < 37500000.0000) | filter(avg_X > 3760.0000) | filter(avg_Y > 0.0000) | filter(avg_Y < 443000.0000) };7.31092e-01;1.00000e+00;Pipeline { filter(avg_X < 7440000000.0000) | filter(avg_X > 0.0000) | filter(avg_X > 0.0000) | filter(avg_X < 5260000000.0000) | filter(avg_Y < 5560000000.0000) | filter(avg_Y < 6420000000.0000) | filter(avg_X > 0.0001) };8.08017e-01;1.00000e+00;Pipeline { filter(avg_X > 0.0000) | filter(avg_Y < 596000.0000) };7.41738e-01;1.00000e+00;Pipeline { filter(avg_Y > 0.0151) | filter(avg_Y < 505000.0000) }
datasets/geolife_60mins.csv;nsga2;5;8;800;800;2.05380e+01;100;3;7;1.00000e+00;1.00000e+00;2.70000e-01;8.40275e-01;1.00000e+00;Pipeline { filter(avg_Y < 37500000.0000) | filter(avg_X > 0.0038) | filter(avg_Y > 0.0000) | filter(avg_Y < 443000.0000) };7.45094e-01;1.00000e+00;Pipeline { filter(avg_Y > 0.0000) | filter(avg_Y < 591000.0000) };8.34453e-01;1.00000e+00;Pipeline { filter(avg_Y < 37300000.0000) | filter(avg_X > 0.0000) | filter(avg_Y > 0.0000) | filter(avg_Y < 243000.0000) };8.01452e-01;1.00000e+00;Pipeline { filter(avg_X > 121000.0000) | filter(avg_Y < 505000.0000) }
datasets/geolife_60mins.csv;nsga2;5;9;900;900;2.34460e+01;100;5;2;1.00000e+00;1.00000e+00;1.90000e-01;8.40275e-01;1.00000e+00;Pipeline { filter(avg_Y < 37500000.0000) | filter(avg_X > 3760.0000) | filter(avg_Y > 0.0000) | filter(avg_Y < 443000.0000) };8.07579e-01;1.00000e+00;Pipeline { filter(avg_X < 727000.0000) | filter(avg_X > 0.0004) };8.34453e-01;1.00000e+00;Pipeline { filter(avg_Y < 38500000.0000) | filter(avg_X > 3750.0000) | filter(avg_Y > 0.0011) | filter(avg_Y < 243000.0000) };8.34453e-01;1.00000e+00;Pipeline { filter(avg_Y < 37500000.0000) | filter(avg_X > 3760.0000) | filter(avg_Y > 0.0000) | filter(avg_Y < 243000.0000) }
datasets/geolife_60mins.csv;nsga2;5;10;1000;1000;2.63140e+01;100;2;74;1.00000e+00;1.00000e+00;1.00000e-01;8.41467e-01;1.00000e+00;Pipeline { filter(avg_Y < 38500000.0000) | filter(avg_X > 0.0000) | filter(avg_Y > 0.4120) | filter(avg_Y < 543000.0000) };8.34453e-01;1.00000e+00;Pipeline { filter(avg_Y < 2150000000.0000) | filter(avg_X > 3750.0000) | filter(avg_Y > 0.0000) | filter(avg_Y < 243000.0000) };8.34487e-01;1.00000e+00;Pipeline { filter(avg_Y < 81500000.0000) | filter(avg_X > 3750.0000) | filter(avg_Y > 0.0000) | filter(avg_Y < 246000.0000) };8.34453e-01;1.00000e+00;Pipeline { filter(avg_X < 38500000.0000) | filter(avg_X > 0.0000) | filter(avg_Y > 0.0000) | filter(avg_Y < 243000.0000) }
datasets/geolife_60mins.csv;nsga2;5;11;1100;1100;2.95380e+01;100;1;44;1.00000e+00;1.00000e+00;1.40000e-01;8.54157e-01;1.00000e+00;Pipeline { filter(avg_X < 585000.0000) | filter(avg_X > 3760.0000) | filter(avg_Y > 0.0000) | filter(avg_Y < 243000.0000) };8.34453e-01;1.00000e+00;Pipeline { filter(avg_Y < 87500000.0000) | filter(avg_X > 3760.0000) | filter(avg_Y > 0.0000) | filter(avg_Y < 243000.0000) };8.40224e-01;1.00000e+00;Pipeline { filter(avg_Y < 37500000.0000) | filter(avg_X > 0.0038) | filter(avg_Y > 0.0000) | filter(avg_Y < 423000.0000) };8.34453e-01;1.00000e+00;Pipeline { filter(avg_Y < 38500000.0000) | filter(avg_X > 3700.0000) | filter(avg_Y > 0.0701) | filter(avg_Y < 243000.0000) }
datasets/geolife_60mins.csv;nsga2;5;12;1200;1200;3.29880e+01;100;1;4;1.00000e+00;1.00000e+00;2.10000e-01;8.54157e-01;1.00000e+00;Pipeline { filter(avg_X < 585000.0000) | filter(avg_X > 3760.0000) | filter(avg_Y > 0.0000) | filter(avg_Y < 243000.0000) };8.34453e-01;1.00000e+00;Pipeline { filter(avg_Y < 2150000000.0000) | filter(avg_X > 3850.0000) | filter(avg_Y > 0.0000) | filter(avg_Y < 243000.0000) };8.40275e-01;1.00000e+00;Pipeline { filter(avg_Y < 37500000.0000) | filter(avg_X > 3760.0000) | filter(avg_Y > 0.0000) | filter(avg_Y < 443000.0000) };8.34538e-01;1.00000e+00;Pipeline { filter(avg_Y < 37500000.0000) | filter(avg_X > 3760.0000) | filter(avg_Y > 0.0000) | filter(avg_Y < 249000.0000) }
datasets/geolife_60mins.csv;nsga2;5;13;1300;1300;3.61280e+01;100;2;6;1.00000e+00;1.00000e+00;2.10000e-01;8.54157e-01;1.00000e+00;Pipeline { filter(avg_X < 585000.0000) | filter(avg_X > 3760.0000) | filter(avg_Y > 0.0000) | filter(avg_Y < 243000.0000) };8.34793e-01;1.00000e+00;Pipeline { filter(avg_Y < 34500000.0000) | filter(avg_X > 9220.0000) | filter(avg_Y > 0.0000) | filter(avg_Y < 263000.0000) };8.41467e-01;1.00000e+00;Pipeline { filter(avg_Y < 58300000.0000) | filter(avg_X > 0.0000) | filter(avg_Y > 0.4120) | filter(avg_Y < 543000.0000) };8.40275e-01;1.00000e+00;Pipeline { filter(avg_Y < 37500000.0000) | filter(avg_X > 3760.0000) | filter(avg_Y > 0.0000) | filter(avg_Y < 443000.0000) }
datasets/geolife_60mins.csv;nsga2;5;14;1400;1400;3.92490e+01;100;1;32;1.00000e+00;1.00000e+00;1.90000e-01;8.56509e-01;1.00000e+00;Pipeline { filter(avg_X < 685000.0000) | filter(avg_X > 3760.0000) | filter(avg_Y > 0.0000) | filter(avg_Y < 213000.0000) };8.40275e-01;1.00000e+00;Pipeline { filter(avg_Y < 37500000.0000) | filter(avg_X > 57.6000) | filter(avg_Y > 0.0000) | filter(avg_Y < 443000.0000) };8.41467e-01;1.00000e+00;Pipeline { filter(avg_Y < 37500000.0000) | filter(avg_X > 0.0003) | filter(avg_Y > 0.0000) | filter(avg_Y < 543000.0000) };8.40275e-01;1.00000e+00;Pipeline { filter(avg_Y < 37500000.0000) | filter(avg_X > 57.6000) | filter(avg_Y > 0.0000) | filter(avg_Y < 443000.0000) }
datasets/geolife_60mins.csv;nsga2;5;15;1500;1500;4.24050e+01;100;2;8;1.00000e+00;1.00000e+00;1.70000e-01;8.56509e-01;1.00000e+00;Pipeline { filter(avg_X < 685000.0000) | filter(avg_X > 3760.0000) | filter(avg_Y > 0.0000) | filter(avg_Y < 213000.0000) };8.40837e-01;1.00000e+00;Pipeline { filter(avg_Y < 38500000.0000) | filter(avg_X > 0.0001) | filter(avg_Y > 0.4220) | filter(avg_Y < 512000.0000) };8.41467e-01;1.00000e+00;Pipeline { filter(avg_Y < 37500000.0000) | filter(avg_X > 9220.0000) | filter(avg_Y > 0.0000) | filter(avg_Y < 543000.0000) };8.41450e-01;1.00000e+00;Pipeline { filter(avg_X > 54700.0000) | filter(avg_X > 0.0000) | filter(avg_Y > 0.4120) | filter(avg_Y < 543000.0000) }
datasets/geolife_60mins.csv;nsga2;5;16;1600;1600;4.53920e+01;100;1;74;1.00000e+00;1.00000e+00;1.20000e-01;8.59341e-01;1.00000e+00;Pipeline { filter(avg_X < 685000.0000) | filter(avg_X > 3760.0000) | filter(avg_Y > 0.0000) | filter(avg_Y < 313000.0000) };8.41467e-01;1.00000e+00;Pipeline { filter(avg_Y < 37700000.0000) | filter(avg_X > 9220.0000) | filter(avg_Y > 0.0000) | filter(avg_Y < 543000.0000) };8.42488e-01;1.00000e+00;Pipeline { filter(avg_Y < 3770000.0000) | filter(avg_X > 9220.0000) | filter(avg_Y > 3.1700) | filter(avg_Y < 547000.0000) };8.41467e-01;1.00000e+00;Pipeline { filter(avg_X > 928.0000) | filter(avg_X > 9220.0000) | filter(avg_Y > 0.0000) | filter(avg_Y < 543000.0000) }
datasets/geolife_60mins.csv;nsga2;5;17;1700;1700;4.83990e+01;100;2;50;1.00000e+00;9.90000e-01;1.80000e-01;8.59341e-01;1.00000e+00;Pipeline { filter(avg_X < 685000.0000) | filter(avg_X > 3760.0000) | filter(avg_Y > 0.0000) | filter(avg_Y < 313000.0000) };8.41467e-01;1.00000e+00;Pipeline { filter(avg_Y > 7.8800) | filter(avg_X > 9220.0000) | filter(avg_Y > 0.0000) | filter(avg_Y < 543000.0000) };8.51033e-01;1.00000e+00;Pipeline { filter(avg_X < 585000.0000) | filter(avg_X > 3760.0000) | filter(avg_Y > 0.0000) | filter(avg_Y < 213000.0000) };8.41467e-01;1.00000e+00;Pipeline { filter(avg_Y < 96500000.0000) | filter(avg_X > 0.0007) | filter(avg_Y > 0.4100) | filter(avg_Y < 543000.0000) }
datasets/geolife_60mins.csv;nsga2;5;18;1800;1800;5.12120e+01;100;3;23;1.00000e+00;9.90000e-01;2.60000e-01;8.59341e-01;1.00000e+00;Pipeline { filter(avg_X < 685000.0000) | filter(avg_X > 2440.0000) | filter(avg_Y > 0.0000) | filter(avg_Y < 313000.0000) };8.41467e-01;1.00000e+00;Pipeline { filter(avg_X > 0.0000) | filter(avg_X > 6.9200) | filter(avg_Y > 0.0000) | filter(avg_Y < 543000.0000) };8.54157e-01;1.00000e+00;Pipeline { filter(avg_X < 585000.0000) | filter(avg_X > 3760.0000) | filter(avg_Y > 0.0000) | filter(avg_Y < 243000.0000) };8.41927e-01;1.00000e+00;Pipeline { filter(avg_X > 54700.0000) | filter(avg_X > 144000.0000) | filter(avg_Y > 0.4120) | filter(avg_Y < 553000.0000) }
datasets/geolife_60mins.csv;nsga2;5;19;1900;1900;5.40100e+01;100;1;8;1.00000e+00;1.00000e+00;2.60000e-01;8.86635e-01;1.00000e+00;Pipeline { filter(avg_X < 985000.0000) | filter(avg_X > 3260.0000) | filter(avg_X > 0.0000) | filter(avg_Y < 243000.0000) };8.42761e-01;1.00000e+00;Pipeline { filter(avg_X > 545.0000) | filter(avg_X > 0.0002) | filter(avg_Y > 0.4120) | filter(avg_Y < 553000.0000) };8.54895e-01;1.00000e+00;Pipeline { filter(avg_X < 615000.0000) | filter(avg_X > 0.0000) | filter(avg_Y > 0.0000) | filter(avg_Y < 213000.0000) };8.51033e-01;1.00000e+00;Pipeline { filter(avg_X < 585000.0000) | filter(avg_X > 3760.0000) | filter(avg_Y > 9.2100) | filter(avg_Y < 213000.0000) }
datasets/geolife_60mins.csv;nsga2;5;20;2000;2000;5.67590e+01;100;2;5;1.00000e+00;1.00000e+00;3.00000e-01;8.86635e-01;1.00000e+00;Pipeline { filter(avg_X < 985000.0000) | filter(avg_X > 3260.0000) | filter(avg_X > 0.0000) | filter(avg_Y < 243000.0000) };8.51033e-01;1.00000e+00;Pipeline { filter(avg_X < 585000.0000) | filter(avg_X > 7760.0000) | filter(avg_Y > 0.0000) | filter(avg_Y < 213000.0000) };8.58955e-01;1.00000e+00;Pipeline { filter(avg_X < 685000.0000) | filter(avg_X > 509.0000) | filter(avg_Y > 0.0000) | filter(avg_Y < 283000.0000) };8.54157e-01;1.00000e+00;Pipeline { filter(avg_X < 585000.0000) | filter(avg_X > 0.0038) | filter(avg_Y > 0.0276) | filter(avg_Y < 243000.0000) }
datasets/geolife_60mins.csv;nsga2;5;21;2100;2100;5.97920e+01;100;3;19;1.00000e+00;1.00000e+00;3.60000e-01;8.86635e-01;1.00000e+00;Pipeline { filter(avg_X < 985000.0000) | filter(avg_X > 3260.0000) | filter(avg_X > 0.0500) | filter(avg_Y < 243000.0000) };8.54157e-01;1.00000e+00;Pipeline { filter(avg_X < 585000.0000) | filter(avg_X > 0.0037) | filter(avg_Y > 0.0000) | filter(avg_Y < 243000.0000) };8.59341e-01;1.00000e+00;Pipeline { filter(avg_X < 685000.0000) | filter(avg_X > 2440.0000) | filter(avg_Y > 0.0000) | filter(avg_Y < 313000.0000) };8.54298e-01;1.00000e+00;Pipeline { filter(avg_X < 585000.0000) | filter(avg_X > 3760.0000) | filter(avg_Y > 0.0000) | filter(avg_Y < 253000.0000) }
datasets/geolife_60mins.csv;nsga2;5;22;2200;2200;6.28040e+01;100;4;13;1.00000e+00;1.00000e+00;3.80000e-01;8.86635e-01;1.00000e+00;Pipeline { filter(avg_X < 985000.0000) | filter(avg_X > 3260.0000) | filter(avg_X > 0.0000) | filter(avg_Y < 243000.0000) };8.56509e-01;1.00000e+00;Pipeline { filter(avg_X < 685000.0000) | filter(avg_X > 3760.0000) | filter(avg_Y > 0.0000) | filter(avg_Y < 213000.0000) };8.74527e-01;1.00000e+00;Pipeline { filter(avg_X < 685000.0000) | filter(avg_X > 0.0038) | filter(avg_X > 0.0000) | filter(avg_Y < 211000.0000) };8.58868e-01;1.00000e+00;Pipeline { filter(avg_X < 655000.0000) | filter(avg_X > 509.0000) | filter(avg_Y > 0.0000) | filter(avg_Y < 283000.0000) }
datasets/geolife_60mins.csv;nsga2;5;23;2300;2300;6.55450e+01;100;1;4;1.00000e+00;1.00000e+00;4.00000e-01;8.86720e-01;1.00000e+00;Pipeline { filter(avg_X < 985000.0000) | filter(avg_X > 3260.0000) | filter(avg_X > 5.0500) | filter(avg_Y < 249000.0000) };8.58955e-01;1.00000e+00;Pipeline { filter(avg_X < 685000.0000) | filter(avg_X > 509.0000) | filter(avg_Y > 0.0000) | filter(avg_Y < 283000.0000) };8.75677e-01;1.00000e+00;Pipeline { filter(avg_X < 615000.0000) | filter(avg_X > 0.0038) | filter(avg_X > 0.0000) | filter(avg_Y < 211000.0000) };8.59341e-01;1.00000e+00;Pipeline { filter(avg_X < 685000.0000) | filter(avg_X > 3700.0000) | filter(avg_Y > 0.0000) | filter(avg_Y < 313000.0000) }
datasets/geolife_60mins.csv;nsga2;5;24;2400;2400;6.82300e+01;100;1;1;1.00000e+00;1.00000e+00;4.00000e-01;8.86720e-01;1.00000e+00;Pipeline { filter(avg_X < 985000.0000) | filter(avg_X > 3260.0000) | filter(avg_X > 5.0500) | filter(avg_Y < 249000.0000) };8.59394e-01;1.00000e+00;Pipeline { filter(avg_X < 685000.0000) | filter(avg_X > 3460.0000) | filter(avg_Y > 0.0425) | filter(avg_Y < 315000.0000) };8.79089e-01;1.00000e+00;Pipeline { filter(avg_X < 619000.0000) | filter(avg_X > 0.0000) | filter(avg_Y < 736000000.0000) | filter(avg_Y < 232000.0000) };8.73045e-01;1.00000e+00;Pipeline { filter(avg_X < 586000.0000) | filter(avg_X > 37600.0000) | filter(avg_Y < 24100000.0000) | filter(avg_Y < 243000.0000) }
datasets/geolife_60mins.csv;nsga2;5;25;2500;2500;7.10900e+01;100;3;6;1.00000e+00;1.00000e+00;3.10000e-01;8.86720e-01;1.00000e+00;Pipeline { filter(avg_X < 985000.0000) | filter(avg_X > 3260.0000) | filter(avg_X > 5.5500) | filter(avg_Y < 249000.0000) };8.74527e-01;1.00000e+00;Pipeline { filter(avg_X < 685000.0000) | filter(avg_X > 0.0038) | filter(avg_X > 0.0004) | filter(avg_Y < 211000.0000) };8.86635e-01;1.00000e+00;Pipeline { filter(avg_X < 985000.0000) | filter(avg_X > 3200.0000) | filter(avg_X > 0.0000) | filter(avg_Y < 243000.0000) };8.74828e-01;1.00000e+00;Pipeline { filter(avg_X < 585000.0000) | filter(avg_X > 0.0001) | filter(avg_Y < 24100000.0000) | filter(avg_Y < 243000.0000) }
datasets/geolife_60mins.csv;nsga2;5;26;2600;2600;7.43810e+01;100;1;1;1.00000e+00;1.00000e+00;2.70000e-01;8.86839e-01;1.00000e+00;Pipeline { filter(avg_X < 985000.0000) | filter(avg_X > 3200.0000) | filter(avg_X > 0.0000) | filter(avg_Y < 253000.0000) };8.77513e-01;1.00000e+00;Pipeline { filter(avg_X < 612000.0000) | filter(avg_X > 0.0000) | filter(avg_Y < 7360000000.0000) | filter(avg_Y < 233000.0000) };8.86635e-01;1.00000e+00;Pipeline { filter(avg_X < 985000.0000) | filter(avg_X > 3260.0000) | filter(avg_X > 0.0050) | filter(avg_Y < 243000.0000) };8.79089e-01;1.00000e+00;Pipeline { filter(avg_X < 619000.0000) | filter(avg_X > 0.0003) | filter(avg_Y < 736000000.0000) | filter(avg_Y < 232000.0000) }
datasets/geolife_60mins.csv;nsga2;5;27;2700;2700;7.71900e+01;100;2;8;1.00000e+00;9.90000e-01;1.90000e-01;8.88575e-01;1.00000e+00;Pipeline { filter(avg_X < 985000.0000) | filter(avg_X > 0.0007) | filter(avg_X > 0.0000) | filter(avg_Y < 343000.0000) };8.80128e-01;1.00000e+00;Pipeline { filter(avg_X < 635000.0000) | filter(avg_X > 0.0037) | filter(avg_X > 0.0000) | filter(avg_Y < 261000.0000) };8.86686e-01;1.00000e+00;Pipeline { filter(avg_X < 985000.0000) | filter(avg_X > 7260.0000) | filter(avg_X > 5.0500) | filter(avg_Y < 249000.0000) };8.86635e-01;1.00000e+00;Pipeline { filter(avg_X < 985000.0000) | filter(avg_X > 3200.0000) | filter(avg_X > 0.0000) | filter(avg_Y < 243000.0000) }
datasets/geolife_60mins.csv;nsga2;5;28;2800;2800;8.00930e+01;100;1;50;1.00000e+00;9.80000e-01;1.00000e-01;8.91143e-01;1.00000e+00;Pipeline { filter(avg_X < 985000.0000) | filter(avg_X > 3260.0000) | filter(avg_X > 0.0500) | filter(avg_Y < 543000.0000) };8.86635e-01;1.00000e+00;Pipeline { filter(avg_X < 985000.0000) | filter(avg_X > 3200.0000) | filter(avg_X > 0.0000) | filter(avg_Y < 243000.0000) };8.86720e-01;1.00000e+00;Pipeline { filter(avg_X < 985000.0000) | filter(avg_X > 3260.0000) | filter(avg_X > 5.0500) | filter(avg_Y < 249000.0000) };8.86635e-01;1.00000e+00;Pipeline { filter(avg_X < 985000.0000) | filter(avg_X > 0.0038) | filter(avg_X > 0.0500) | filter(avg_Y < 243000.0000) }
datasets/geolife_60mins.csv;nsga2;5;29;2900;2900;8.30910e+01;100;1;19;1.00000e+00;9.90000e-01;1.20000e-01;8.91143e-01;1.00000e+00;Pipeline { filter(avg_X < 985000.0000) | filter(avg_X > 3260.0000) | filter(avg_X > 0.0500) | filter(avg_Y < 543000.0000) };8.86635e-01;1.00000e+00;Pipeline { filter(avg_X < 955000.0000) | filter(avg_X > 3260.0000) | filter(avg_X > 0.0500) | filter(avg_Y < 243000.0000) };8.86720e-01;1.00000e+00;Pipeline { filter(avg_X < 980000.0000) | filter(avg_X > 3260.0000) | filter(avg_X > 5.5300) | filter(avg_Y < 249000.0000) };8.86669e-01;1.00000e+00;Pipeline { filter(avg_X < 985000.0000) | filter(avg_X > 3260.0000) | filter(avg_X > 0.0000) | filter(avg_Y < 245000.0000) }
datasets/geolife_60mins.csv;nsga2;5;30;3000;3000;8.62100e+01;100;3;4;1.00000e+00;9.90000e-01;9.00000e-02;8.91143e-01;1.00000e+00;Pipeline { filter(avg_X < 985000.0000) | filter(avg_X > 0.0000) | filter(avg_X > 0.0500) | filter(avg_Y < 543000.0000) };8.86703e-01;1.00000e+00;Pipeline { filter(avg_X < 985000.0000) | filter(avg_X > 3260.0000) | filter(avg_X > 0.0006) | filter(avg_Y < 248000.0000) };8.86720e-01;1.00000e+00;Pipeline { filter(avg_X < 989000.0000) | filter(avg_X > 3460.0000) | filter(avg_X > 0.0000) | filter(avg_Y < 249000.0000) };8.86720e-01;1.00000e+00;Pipeline { filter(avg_X < 989000.0000) | filter(avg_X > 3260.0000) | filter(avg_X > 3.0500) | filter(avg_Y < 249000.0000) }
datasets/geolife_60mins.csv;nsga2;5;31;3100;3100;8.90380e+01;100;4;69;1.00000e+00;9.90000e-01;1.00000e-01;8.91143e-01;1.00000e+00;Pipeline { filter(avg_X < 985000.0000) | filter(avg_X > 3260.0000) | filter(avg_X > 0.0500) | filter(avg_Y < 543000.0000) };8.86720e-01;1.00000e+00;Pipeline { filter(avg_X < 909000.0000) | filter(avg_X > 3260.0000) | filter(avg_X > 5.0500) | filter(avg_Y < 249000.0000) };8.87146e-01;1.00000e+00;Pipeline { filter(avg_X < 985000.0000) | filter(avg_X > 3260.0000) | filter(avg_X > 5.0500) | filter(avg_Y < 279000.0000) };8.86720e-01;1.00000e+00;Pipeline { filter(avg_X < 989000.0000) | filter(avg_X > 260.0000) | filter(avg_X > 5.0500) | filter(avg_Y < 249000.0000) }
datasets/geolife_60mins.csv;nsga2;5;32;3200;3200;9.19200e+01;100;8;51;1.00000e+00;1.00000e+00;1.40000e-01;8.91143e-01;1.00000e+00;Pipeline { filter(avg_X < 985000.0000) | filter(avg_X > 3260.0000) | filter(avg_X > 0.5500) | filter(avg_Y < 543000.0000) };8.86720e-01;1.00000e+00;Pipeline { filter(avg_X < 985000.0000) | filter(avg_X > 3260.0000) | filter(avg_X > 0.0458) | filter(avg_Y < 249000.0000) };8.88575e-01;1.00000e+00;Pipeline { filter(avg_X < 989000.0000) | filter(avg_X > 0.0007) | filter(avg_X > 0.0000) | filter(avg_Y < 343000.0000) };8.86720e-01;1.00000e+00;Pipeline { filter(avg_X < 980000.0000) | filter(avg_X > 3760.0000) | filter(avg_X > 5.5400) | filter(avg_Y < 249000.0000) }
datasets/geolife_60mins.csv;nsga2;5;33;3300;3300;9.50980e+01;100;12;20;1.00000e+00;9.80000e-01;2.40000e-01;8.91143e-01;1.00000e+00;Pipeline { filter(avg_X < 985000.0000) | filter(avg_X > 0.0000) | filter(avg_X > 0.0500) | filter(avg_Y < 543000.0000) };8.86720e-01;1.00000e+00;Pipeline { filter(avg_X < 938000.0000) | filter(avg_X > 3860.0000) | filter(avg_X > 0.0000) | filter(avg_Y < 249000.0000) };8.88677e-01;1.00000e+00;Pipeline { filter(avg_X < 989000.0000) | filter(avg_X > 6260.0000) | filter(avg_X > 5.0500) | filter(avg_Y < 349000.0000) };8.86839e-01;1.00000e+00;Pipeline { filter(avg_X < 985000.0000) | filter(avg_X > 3200.0000) | filter(avg_X > 0.0000) | filter(avg_Y < 253000.0000) }
datasets/geolife_60mins.csv;nsga2;5;34;3400;3400;9.83300e+01;100;16;7;1.00000e+00;9.80000e-01;2.30000e-01;8.91143e-01;1.00000e+00;Pipeline { filter(avg_X < 985000.0000) | filter(avg_X > 3260.0000) | filter(avg_X > 0.0046) | filter(avg_Y < 543000.0000) };8.87146e-01;1.00000e+00;Pipeline { filter(avg_X < 985000.0000) | filter(avg_X > 0.0001) | filter(avg_X > 0.0000) | filter(avg_Y < 279000.0000) };8.91041e-01;1.00000e+00;Pipeline { filter(avg_X < 985000.0000) | filter(avg_X > 0.0000) | filter(avg_X > 0.0500) | filter(avg_Y < 533000.0000) };8.88575e-01;1.00000e+00;Pipeline { filter(avg_X < 985000.0000) | filter(avg_X > 0.0007) | filter(avg_X > 0.0000) | filter(avg_Y < 343000.0000) }
datasets/geolife_60mins.csv;nsga2;5;35;3500;3500;1.01318e+02;100;21;38;1.00000e+00;9.80000e-01;1.70000e-01;8.91143e-01;1.00000e+00;Pipeline { filter(avg_X < 985000.0000) | filter(avg_X > 0.0033) | filter(avg_X > 0.0046) | filter(avg_Y < 543000.0000) };8.88575e-01;1.00000e+00;Pipeline { filter(avg_X < 985000.0000) | filter(avg_X > 3760.0000) | filter(avg_X > 2.0600) | filter(avg_Y < 343000.0000) };8.91109e-01;1.00000e+00;Pipeline { filter(avg_X < 987000.0000) | filter(avg_X > 0.0797) | filter(avg_X > 0.0500) | filter(avg_Y < 540000.0000) };8.88575e-01;1.00000e+00;Pipeline { filter(avg_X < 985000.0000) | filter(avg_X > 3760.0000) | filter(avg_X > 2.2300) | filter(avg_Y < 343000.0000) }
datasets/geolife_60mins.csv;nsga2;5;36;3600;3600;1.04279e+02;100;1;11;1.00000e+00;9.80000e-01;2.30000e-01;8.91416e-01;1.00000e+00;Pipeline { filter(avg_X < 985000.0000) | filter(avg_X > 0.0000) | filter(avg_X > 0.0500) | filter(avg_Y < 560000.0000) };8.88575e-01;1.00000e+00;Pipeline { filter(avg_X < 985000.0000) | filter(avg_X > 0.0000) | filter(avg_X > 0.0000) | filter(avg_Y < 343000.0000) };8.91143e-01;1.00000e+00;Pipeline { filter(avg_X < 985000.0000) | filter(avg_X > 5.6400) | filter(avg_X > 0.0046) | filter(avg_Y < 543000.0000) };8.88677e-01;1.00000e+00;Pipeline { filter(avg_X < 989000.0000) | filter(avg_X > 3260.0000) | filter(avg_X > 5.0500) | filter(avg_Y < 349000.0000) }
datasets/geolife_60mins.csv;nsga2;5;37;3700;3700;1.07340e+02;100;1;2;1.00000e+00;9.80000e-01;1.90000e-01;8.91416e-01;1.00000e+00;Pipeline { filter(avg_X < 985000.0000) | filter(avg_X > 0.0000) | filter(avg_X > 0.0500) | filter(avg_Y < 560000.0000) };8.89425e-01;1.00000e+00;Pipeline { filter(avg_X < 985000.0000) | filter(avg_X > 32600.0000) | filter(avg_X > 5500.0000) | filter(avg_Y < 543000.0000) };8.91143e-01;1.00000e+00;Pipeline { filter(avg_X < 985000.0000) | filter(avg_X > 5.6400) | filter(avg_X > 0.0046) | filter(avg_Y < 543000.0000) };8.90973e-01;1.00000e+00;Pipeline { filter(avg_X < 985000.0000) | filter(avg_X > 8260.0000) | filter(avg_X > 0.0500) | filter(avg_Y < 512000.0000) }
datasets/geolife_60mins.csv;nsga2;5;38;3800;3800;1.11060e+02;100;2;3;1.00000e+00;9.80000e-01;9.00000e-02;8.91416e-01;1.00000e+00;Pipeline { filter(avg_X < 985000.0000) | filter(avg_X > 0.0000) | filter(avg_X > 0.0500) | filter(avg_Y < 560000.0000) };8.91041e-01;1.00000e+00;Pipeline { filter(avg_X < 985000.0000) | filter(avg_X > 0.0001) | filter(avg_X > 0.0500) | filter(avg_Y < 533000.0000) };8.91143e-01;1.00000e+00;Pipeline { filter(avg_X < 985000.0000) | filter(avg_X > 82.6000) | filter(avg_X > 0.0000) | filter(avg_Y < 543000.0000) };8.91126e-01;1.00000e+00;Pipeline { filter(avg_X < 980000.0000) | filter(avg_X > 3260.0000) | filter(avg_X > 333.0000) | filter(avg_Y < 543000.0000) }
datasets/geolife_60mins.csv;nsga2;5;39;3900;3900;1.16224e+02;100;5;6;1.00000e+00;9.80000e-01;6.00000e-02;8.91416e-01;1.00000e+00;Pipeline { filter(avg_X < 985000.0000) | filter(avg_X > 0.0043) | filter(avg_X > 0.0046) | filter(avg_Y < 573000.0000) };8.91126e-01;1.00000e+00;Pipeline { filter(avg_X < 983000.0000) | filter(avg_X > 3220.0000) | filter(avg_X > 0.5500) | filter(avg_Y < 543000.0000) };8.91143e-01;1.00000e+00;Pipeline { filter(avg_X < 985000.0000) | filter(avg_X > 740.0000) | filter(avg_X > 0.0000) | filter(avg_Y < 543000.0000) };8.91143e-01;1.00000e+00;Pipeline { filter(avg_X < 985000.0000) | filter(avg_X > 0.0008) | filter(avg_X > 0.0000) | filter(avg_Y < 543000.0000) }
datasets/geolife_60mins.csv;nsga2;5;40;4000;4000;1.21450e+02;100;10;78;1.00000e+00;9.80000e-01;7.00000e-02;8.91416e-01;1.00000e+00;Pipeline { filter(avg_X < 985000.0000) | filter(avg_X > 3260.0000) | filter(avg_X > 0.0036) | filter(avg_Y < 564000.0000) };8.91143e-01;1.00000e+00;Pipeline { filter(avg_X < 985000.0000) | filter(avg_X > 0.0000) | filter(avg_X > 4.0500) | filter(avg_Y < 543000.0000) };8.91143e-01;1.00000e+00;Pipeline { filter(avg_X < 985000.0000) | filter(avg_X > 3260.0000) | filter(avg_X > 9.0200) | filter(avg_Y < 543000.0000) };8.91143e-01;1.00000e+00;Pipeline { filter(avg_X < 985000.0000) | filter(avg_X > 740.0000) | filter(avg_X > 0.0000) | filter(avg_Y < 543000.0000) }
datasets/geolife_60mins.csv;nsga2;5;41;4100;4100;1.26439e+02;100;17;63;1.00000e+00;9.70000e-01;8.00000e-02;8.91416e-01;1.00000e+00;Pipeline { filter(avg_X < 985000.0000) | filter(avg_X > 0.0000) | filter(avg_X > 0.5500) | filter(avg_Y < 563000.0000) };8.91143e-01;1.00000e+00;Pipeline { filter(avg_X < 987000.0000) | filter(avg_X > 0.0033) | filter(avg_X > 0.0046) | filter(avg_Y < 543000.0000) };8.91398e-01;1.00000e+00;Pipeline { filter(avg_X < 983000.0000) | filter(avg_X > 260.0000) | filter(avg_X > 0.0000) | filter(avg_Y < 563000.0000) };8.91143e-01;1.00000e+00;Pipeline { filter(avg_X < 985000.0000) | filter(avg_X > 53.4000) | filter(avg_X > 4580.0000) | filter(avg_Y < 543000.0000) }
datasets/geolife_60mins.csv;nsga2;5;42;4200;4200;1.29618e+02;100;32;34;1.00000e+00;9.90000e-01;9.00000e-02;8.91416e-01;1.00000e+00;Pipeline { filter(avg_X < 985000.0000) | filter(avg_X > 0.0000) | filter(avg_X > 0.0500) | filter(avg_Y < 560000.0000) };8.91143e-01;1.00000e+00;Pipeline { filter(avg_X < 985000.0000) | filter(avg_X > 0.0000) | filter(avg_X > 6.0500) | filter(avg_Y < 546000.0000) };8.91416e-01;1.00000e+00;Pipeline { filter(avg_X < 985000.0000) | filter(avg_X > 0.0003) | filter(avg_X > 0.0050) | filter(avg_Y < 573000.0000) };8.91143e-01;1.00000e+00;Pipeline { filter(avg_X < 985000.0000) | filter(avg_X > 0.0000) | filter(avg_X > 8.2500) | filter(avg_Y < 543000.0000) }
datasets/geolife_60mins.csv;nsga2;5;43;4300;4300;1.33043e+02;100;50;5;1.00000e+00;9.90000e-01;1.10000e-01;8.91416e-01;1.00000e+00;Pipeline { filter(avg_X < 985000.0000) | filter(avg_X > 0.0000) | filter(avg_X > 5.0500) | filter(avg_Y < 556000.0000) };8.91143e-01;1.00000e+00;Pipeline { filter(avg_X < 985000.0000) | filter(avg_X > 0.0000) | filter(avg_X > 0.0001) | filter(avg_Y < 543000.0000) };8.91416e-01;1.00000e+00;Pipeline { filter(avg_X < 985000.0000) | filter(avg_X > 0.0047) | filter(avg_X > 0.0050) | filter(avg_Y < 573000.0000) };8.91330e-01;1.00000e+00;Pipeline { filter(avg_X < 985000.0000) | filter(avg_X < 2400000.0000) | filter(avg_X > 0.0500) | filter(avg_Y < 553000.0000) }
datasets/geolife_60mins.csv;nsga2;5;44;4400;4400;1.36296e+02;100;71;29;1.00000e+00;9.90000e-01;2.00000e-02;8.91416e-01;1.00000e+00;Pipeline { filter(avg_X < 985000.0000) | filter(avg_X > 40.0000) | filter(avg_X > 0.0000) | filter(avg_Y < 573000.0000) };8.91398e-01;1.00000e+00;Pipeline { filter(avg_X < 980000.0000) | filter(avg_X > 3260.0000) | filter(avg_X > 0.0000) | filter(avg_Y < 563000.0000) };8.91416e-01;1.00000e+00;Pipeline { filter(avg_X < 985000.0000) | filter(avg_X > 0.0033) | filter(avg_X > 0.0030) | filter(avg_Y < 573000.0000) };8.91398e-01;1.00000e+00;Pipeline { filter(avg_X < 981000.0000) | filter(avg_X > 3260.0000) | filter(avg_X > 0.0000) | filter(avg_Y < 568000.0000) }
datasets/geolife_60mins.csv;nsga2;5;45;4500;4500;1.40086e+02;100;97;3;1.00000e+00;9.80000e-01;2.00000e-02;8.91416e-01;1.00000e+00;Pipeline { filter(avg_X < 985000.0000) | filter(avg_X > 3660.0000) | filter(avg_X > 0.0036) | filter(avg_Y < 564000.0000) };8.91398e-01;1.00000e+00;Pipeline { filter(avg_X < 984000.0000) | filter(avg_X > 0.0040) | filter(avg_X > 0.0046) | filter(avg_Y < 563000.0000) };8.91416e-01;1.00000e+00;Pipeline { filter(avg_X < 985000.0000) | filter(avg_X > 0.0073) | filter(avg_X > 0.0046) | filter(avg_Y < 573000.0000) };8.91416e-01;1.00000e+00;Pipeline { filter(avg_X < 985000.0000) | filter(avg_X > 0.0003) | filter(avg_X > 0.0050) | filter(avg_Y < 573000.0000) }
datasets/geolife_60mins.csv;nsga2;5;46;4600;4600;1.44737e+02;100;1;99;1.00000e+00;1.00000e+00;2.00000e-02;8.91433e-01;1.00000e+00;Pipeline { filter(avg_X < 995000.0000) | filter(avg_X > 0.0043) | filter(avg_X > 0.0050) | filter(avg_Y < 573000.0000) };8.91416e-01;1.00000e+00;Pipeline { filter(avg_X < 985000.0000) | filter(avg_X > 3.0000) | filter(avg_X > 0.2500) | filter(avg_Y < 560000.0000) };8.91416e-01;1.00000e+00;Pipeline { filter(avg_X < 985000.0000) | filter(avg_X > 0.0043) | filter(avg_X > 0.0066) | filter(avg_Y < 573000.0000) };8.91416e-01;1.00000e+00;Pipeline { filter(avg_X < 985000.0000) | filter(avg_X > 0.0063) | filter(avg_X > 0.0045) | filter(avg_Y < 583000.0000) }
datasets/geolife_60mins.csv;nsga2;5;47;4700;4700;1.50758e+02;100;1;99;1.00000e+00;1.00000e+00;2.00000e-02;8.91433e-01;1.00000e+00;Pipeline { filter(avg_X < 995000.0000) | filter(avg_X > 0.0043) | filter(avg_X > 0.0050) | filter(avg_Y < 573000.0000) };8.91416e-01;1.00000e+00;Pipeline { filter(avg_X < 985000.0000) | filter(avg_X > 0.0033) | filter(avg_X > 0.6130) | filter(avg_Y < 564000.0000) };8.91416e-01;1.00000e+00;Pipeline { filter(avg_X < 985000.0000) | filter(avg_X > 0.0000) | filter(avg_X > 0.9300) | filter(avg_Y < 561000.0000) };8.91416e-01;1.00000e+00;Pipeline { filter(avg_X < 985000.0000) | filter(avg_X > 0.0001) | filter(avg_X > 0.0050) | filter(avg_Y < 573000.0000) }
datasets/geolife_60mins.csv;nsga2;5;48;4800;4800;1.56020e+02;100;1;99;1.00000e+00;1.00000e+00;2.00000e-02;8.91433e-01;1.00000e+00;Pipeline { filter(avg_X < 995000.0000) | filter(avg_X > 0.0043) | filter(avg_X > 0.0050) | filter(avg_Y < 573000.0000) };8.91416e-01;1.00000e+00;Pipeline { filter(avg_X < 985000.0000) | filter(avg_X > 0.0042) | filter(avg_X > 0.0000) | filter(avg_Y < 573000.0000) };8.91416e-01;1.00000e+00;Pipeline { filter(avg_X < 985000.0000) | filter(avg_X > 3370.0000) | filter(avg_X > 0.0050) | filter(avg_Y < 573000.0000) };8.91416e-01;1.00000e+00;Pipeline { filter(avg_X < 985000.0000) | filter(avg_X > 0.0008) | filter(avg_X > 0.0049) | filter(avg_Y < 573000.0000) }
datasets/geolife_60mins.csv;nsga2;5;49;4900;4900;1.61956e+02;100;1;99;1.00000e+00;1.00000e+00;2.00000e-02;8.91433e-01;1.00000e+00;Pipeline { filter(avg_X < 995000.0000) | filter(avg_X > 0.0043) | filter(avg_X > 0.0050) | filter(avg_Y < 573000.0000) };8.91416e-01;1.00000e+00;Pipeline { filter(avg_X < 985000.0000) | filter(avg_X > 0.0000) | filter(avg_X > 0.0500) | filter(avg_Y < 569000.0000) };8.91416e-01;1.00000e+00;Pipeline { filter(avg_X < 985000.0000) | filter(avg_X > 3290.0000) | filter(avg_X > 0.0076) | filter(avg_Y < 564000.0000) };8.91416e-01;1.00000e+00;Pipeline { filter(avg_X < 985000.0000) | filter(avg_X > 3.2900) | filter(avg_X > 0.0066) | filter(avg_Y < 564000.0000) }
datasets/geolife_60mins.csv;nsga2;5;50;5000;5000;1.67950e+02;100;1;99;1.00000e+00;1.00000e+00;2.00000e-02;8.91433e-01;1.00000e+00;Pipeline { filter(avg_X < 995000.0000) | filter(avg_X > 0.0043) | filter(avg_X > 0.0050) | filter(avg_Y < 573000.0000) };8.91416e-01;1.00000e+00;Pipeline { filter(avg_X < 985000.0000) | filter(avg_X > 0.0033) | filter(avg_X > 0.0055) | filter(avg_Y < 564000.0000) };8.91416e-01;1.00000e+00;Pipeline { filter(avg_X < 985000.0000) | filter(avg_X > 0.0001) | filter(avg_X > 0.0050) | filter(avg_Y < 577000.0000) };8.91416e-01;1.00000e+00;Pipeline { filter(avg_X < 985000.0000) | filter(avg_X > 140.0000) | filter(avg_X > 0.0000) | filter(avg_Y < 573000.0000) }
