problem.name;solver.name;randomGenerator.seed;n.iterations;n.evals;n.births;elapsed.secs;all→size;firsts→size;lasts→size;all→each[genotype]→uniqueness;all→each[solution]→uniqueness;all→each[quality]→uniqueness;"all→percentile[quality→privacy;100]→quality→privacy";"all→percentile[quality→privacy;100]→quality→results-similarity";"all→percentile[quality→privacy;100]→quality→performance-similarity";"all→percentile[quality→privacy;100]→solution";"all→percentile[quality→results-similarity;100]→quality→privacy";"all→percentile[quality→results-similarity;100]→quality→results-similarity";"all→percentile[quality→results-similarity;100]→quality→performance-similarity";"all→percentile[quality→results-similarity;100]→solution";"all→percentile[quality→performance-similarity;100]→quality→privacy";"all→percentile[quality→performance-similarity;100]→quality→results-similarity";"all→percentile[quality→performance-similarity;100]→quality→performance-similarity";"all→percentile[quality→performance-similarity;100]→solution";"all→percentile[quality→privacy;75]→quality→privacy";"all→percentile[quality→privacy;75]→quality→results-similarity";"all→percentile[quality→privacy;75]→quality→performance-similarity";"all→percentile[quality→privacy;75]→solution";"all→percentile[quality→results-similarity;75]→quality→privacy";"all→percentile[quality→results-similarity;75]→quality→results-similarity";"all→percentile[quality→results-similarity;75]→quality→performance-similarity";"all→percentile[quality→results-similarity;75]→solution";"all→percentile[quality→performance-similarity;75]→quality→privacy";"all→percentile[quality→performance-similarity;75]→quality→results-similarity";"all→percentile[quality→performance-similarity;75]→quality→performance-similarity";"all→percentile[quality→performance-similarity;75]→solution"
datasets/geolife_60mins.csv;nsga2;1;1;100;100;8.48200e+00;100;6;37;9.20000e-01;9.20000e-01;6.10000e-01;9.29526e-01;4.64243e-02;7.33673e-01;Pipeline { map_noise(attribute=avg_X, percentage=0.25) | filter(avg_X > 12700.0000) };4.59304e-01;1.00000e+00;7.13554e-01;Pipeline { map_duplicate(probability=1.00) };9.18608e-01;1.00000e+00;1.00000e+00;Pipeline { filter(avg_X < 8150000000.0000) };5.54829e-01;2.51077e-01;6.25027e-01;Pipeline { map_duplicate(probability=0.90) | filter(avg_Y > 0.0073) | map_noise(attribute=avg_X, percentage=0.01) | map_noise(attribute=avg_X, percentage=0.05) };9.21060e-01;4.52978e-01;7.92938e-01;Pipeline { map_noise(attribute=avg_Y, percentage=0.05) };8.47511e-01;1.12854e-01;7.17766e-01;Pipeline { map_noise(attribute=avg_X, percentage=0.10) | map_duplicate(probability=0.20) | filter(avg_X > 0.0041) }
datasets/geolife_60mins.csv;nsga2;1;2;200;200;1.33870e+01;100;14;1;9.20000e-01;9.20000e-01;8.90000e-01;9.29712e-01;4.21161e-02;7.33300e-01;Pipeline { map_noise(attribute=avg_X, percentage=0.25) | filter(avg_X > 0.0001) };4.59304e-01;1.00000e+00;7.13554e-01;Pipeline { map_duplicate(probability=1.00) };9.18608e-01;1.00000e+00;1.00000e+00;Pipeline { filter(avg_X < 8150000000.0000) };9.18608e-01;1.00000e+00;1.00000e+00;Pipeline { filter(avg_X < 8150000000.0000) };7.07964e-01;9.74740e-01;8.55131e-01;Pipeline { map_duplicate(probability=0.30) };9.22551e-01;4.55474e-01;7.93487e-01;Pipeline { filter(avg_Y < 7370000.0000) | map_noise(attribute=avg_Y, percentage=0.05) }
datasets/geolife_60mins.csv;nsga2;1;3;300;300;1.81310e+01;100;31;2;9.30000e-01;9.20000e-01;6.30000e-01;9.29895e-01;8.19542e-02;7.61208e-01;Pipeline { map_noise(attribute=avg_Y, percentage=0.05) | filter(avg_X < 85100000.0000) | map_noise(attribute=avg_X, percentage=0.05) };4.59304e-01;1.00000e+00;7.13554e-01;Pipeline { map_duplicate(probability=1.00) };9.18608e-01;1.00000e+00;1.00000e+00;Pipeline { filter(avg_X < 2150000000.0000) };9.26629e-01;1.00000e+00;8.85427e-01;Pipeline { filter(avg_X > 8.9000) };9.18608e-01;1.00000e+00;1.00000e+00;Pipeline { filter(avg_X < 8150000.0000) };9.26629e-01;1.00000e+00;8.85427e-01;Pipeline { filter(avg_X > 8.9000) }
datasets/geolife_60mins.csv;nsga2;1;4;400;400;2.17880e+01;100;60;40;1.00000e+00;9.90000e-01;2.60000e-01;9.29895e-01;8.19542e-02;7.61208e-01;Pipeline { map_noise(attribute=avg_Y, percentage=0.05) | filter(avg_X < 85100000.0000) | map_noise(attribute=avg_X, percentage=0.05) };8.85581e-01;1.00000e+00;8.14393e-01;Pipeline { filter(avg_X > 0.0735) | filter(avg_Y > 8.0400) };9.18608e-01;1.00000e+00;1.00000e+00;Pipeline { filter(avg_X < 7150000000.0000) };9.26629e-01;1.00000e+00;8.85427e-01;Pipeline { filter(avg_X > 8.9700) };9.18608e-01;1.00000e+00;1.00000e+00;Pipeline { filter(avg_X < 2120000000.0000) };9.26629e-01;1.00000e+00;8.85427e-01;Pipeline { filter(avg_X > 0.9540) }
datasets/geolife_60mins.csv;nsga2;1;5;500;500;2.48200e+01;100;100;100;1.00000e+00;9.80000e-01;6.00000e-02;9.29895e-01;8.19542e-02;7.61208e-01;Pipeline { map_noise(attribute=avg_Y, percentage=0.05) | filter(avg_X < 85100000.0000) | map_noise(attribute=avg_X, percentage=0.05) };9.18608e-01;1.00000e+00;1.00000e+00;Pipeline { filter(avg_X < 8250000.0000) };9.18608e-01;1.00000e+00;1.00000e+00;Pipeline { filter(avg_X < 8250000.0000) };9.26629e-01;1.00000e+00;8.85427e-01;Pipeline { filter(avg_X > 0.0010) };9.26629e-01;1.00000e+00;8.85427e-01;Pipeline { filter(avg_X > 8.9700) };9.26629e-01;1.00000e+00;8.85427e-01;Pipeline { filter(avg_X > 0.0924) }
datasets/geolife_60mins.csv;nsga2;1;6;600;600;2.74810e+01;100;17;83;1.00000e+00;1.00000e+00;7.00000e-02;9.33631e-01;1.00000e+00;9.20224e-01;Pipeline { filter(avg_Y < 350000.0000) };9.26629e-01;1.00000e+00;8.85427e-01;Pipeline { filter(avg_X > 0.0001) };9.18608e-01;1.00000e+00;1.00000e+00;Pipeline { filter(avg_X < 3120000000.0000) };9.26629e-01;1.00000e+00;8.85427e-01;Pipeline { filter(avg_X > 0.0457) };9.26629e-01;1.00000e+00;8.85427e-01;Pipeline { filter(avg_X > 90.0000) };9.26629e-01;1.00000e+00;8.85427e-01;Pipeline { filter(avg_X > 0.0004) }
datasets/geolife_60mins.csv;nsga2;1;7;700;700;3.05640e+01;100;36;64;1.00000e+00;1.00000e+00;9.00000e-02;9.34563e-01;1.00000e+00;9.13972e-01;Pipeline { filter(avg_Y < 310000.0000) };9.26629e-01;1.00000e+00;8.85427e-01;Pipeline { filter(avg_X > 0.0001) };9.18608e-01;1.00000e+00;1.00000e+00;Pipeline { filter(avg_X < 2150000000.0000) };9.26629e-01;1.00000e+00;8.85427e-01;Pipeline { filter(avg_X > 0.0000) };9.26629e-01;1.00000e+00;8.85427e-01;Pipeline { filter(avg_X > 0.0735) | filter(avg_X > 814.0000) };9.18608e-01;1.00000e+00;1.00000e+00;Pipeline { filter(avg_Y < 23500000.0000) }
datasets/geolife_60mins.csv;nsga2;1;8;800;800;3.38570e+01;100;65;35;1.00000e+00;1.00000e+00;1.00000e-01;9.34563e-01;1.00000e+00;9.13972e-01;Pipeline { filter(avg_Y < 310000.0000) };9.26629e-01;1.00000e+00;8.85427e-01;Pipeline { filter(avg_X > 0.0731) | filter(avg_X > 8.4400) };9.18608e-01;1.00000e+00;1.00000e+00;Pipeline { filter(avg_X < 6150000.0000) };9.26629e-01;1.00000e+00;8.85427e-01;Pipeline { filter(avg_X > 0.0003) };9.26629e-01;1.00000e+00;8.85427e-01;Pipeline { filter(avg_X > 0.0074) };9.18608e-01;1.00000e+00;1.00000e+00;Pipeline { filter(avg_X < 332000000.0000) }
datasets/geolife_60mins.csv;nsga2;1;9;900;900;3.64790e+01;100;100;100;1.00000e+00;1.00000e+00;8.00000e-02;9.34563e-01;1.00000e+00;9.13972e-01;Pipeline { filter(avg_Y < 310000.0000) };9.18779e-01;1.00000e+00;9.99137e-01;Pipeline { filter(avg_X < 2120000.0000) };9.18608e-01;1.00000e+00;1.00000e+00;Pipeline { filter(avg_X < 6350000000.0000) };9.18608e-01;1.00000e+00;1.00000e+00;Pipeline { filter(avg_X < 3820000000.0000) };9.18608e-01;1.00000e+00;1.00000e+00;Pipeline { filter(avg_X < 7110000000.0000) };9.18608e-01;1.00000e+00;1.00000e+00;Pipeline { filter(avg_X < 302000000.0000) }
datasets/geolife_60mins.csv;nsga2;1;10;1000;1000;3.96270e+01;100;100;100;1.00000e+00;1.00000e+00;8.00000e-02;9.34563e-01;1.00000e+00;9.13972e-01;Pipeline { filter(avg_Y < 310000.0000) };9.18771e-01;1.00000e+00;9.99657e-01;Pipeline { filter(avg_X < 3790000.0000) };9.18608e-01;1.00000e+00;1.00000e+00;Pipeline { filter(avg_X < 5510000000.0000) };9.18608e-01;1.00000e+00;1.00000e+00;Pipeline { filter(avg_X < 7130000000.0000) };9.18608e-01;1.00000e+00;1.00000e+00;Pipeline { filter(avg_X < 7130000000.0000) };9.18608e-01;1.00000e+00;1.00000e+00;Pipeline { filter(avg_X < 43900000.0000) }
datasets/geolife_60mins.csv;nsga2;1;11;1100;1100;4.22610e+01;100;100;100;1.00000e+00;1.00000e+00;7.00000e-02;9.34563e-01;1.00000e+00;9.13972e-01;Pipeline { filter(avg_Y < 310000.0000) };9.18771e-01;1.00000e+00;9.99657e-01;Pipeline { filter(avg_X < 3150000.0000) };9.18608e-01;1.00000e+00;1.00000e+00;Pipeline { filter(avg_X < 4020000000.0000) };9.18608e-01;1.00000e+00;1.00000e+00;Pipeline { filter(avg_Y < 19900000.0000) };9.18608e-01;1.00000e+00;1.00000e+00;Pipeline { filter(avg_Y < 19900000.0000) };9.18608e-01;1.00000e+00;1.00000e+00;Pipeline { filter(avg_X < 415000000.0000) }
datasets/geolife_60mins.csv;nsga2;1;12;1200;1200;4.50010e+01;100;100;100;1.00000e+00;1.00000e+00;7.00000e-02;9.34563e-01;1.00000e+00;9.13972e-01;Pipeline { filter(avg_Y < 310000.0000) };9.18779e-01;1.00000e+00;9.99137e-01;Pipeline { filter(avg_X < 2120000.0000) };9.18608e-01;1.00000e+00;1.00000e+00;Pipeline { filter(avg_X < 23100000.0000) };9.18608e-01;1.00000e+00;1.00000e+00;Pipeline { filter(avg_X < 6850000000.0000) };9.18608e-01;1.00000e+00;1.00000e+00;Pipeline { filter(avg_X < 6850000000.0000) };9.18608e-01;1.00000e+00;1.00000e+00;Pipeline { filter(avg_X < 17800000.0000) }
datasets/geolife_60mins.csv;nsga2;1;13;1300;1300;4.75920e+01;100;100;100;1.00000e+00;1.00000e+00;7.00000e-02;9.36791e-01;1.00000e+00;9.28596e-01;Pipeline { filter(avg_Y < 425000.0000) };9.18771e-01;1.00000e+00;9.99657e-01;Pipeline { filter(avg_X < 3480000.0000) };9.18608e-01;1.00000e+00;1.00000e+00;Pipeline { filter(avg_X < 24000000.0000) };9.18608e-01;1.00000e+00;1.00000e+00;Pipeline { filter(avg_X < 305000000.0000) };9.18608e-01;1.00000e+00;1.00000e+00;Pipeline { filter(avg_X < 305000000.0000) };9.18608e-01;1.00000e+00;1.00000e+00;Pipeline { filter(avg_Y < 898000000.0000) }
datasets/geolife_60mins.csv;nsga2;1;14;1400;1400;5.05250e+01;100;100;100;1.00000e+00;1.00000e+00;8.00000e-02;9.52902e-01;9.89138e-01;8.11959e-01;Pipeline { filter(avg_Y > 91.4000) | map_duplicate(probability=0.10) };9.18771e-01;1.00000e+00;9.99657e-01;Pipeline { filter(avg_X < 2900000.0000) };9.18608e-01;1.00000e+00;1.00000e+00;Pipeline { filter(avg_X < 4020000000.0000) };9.18608e-01;1.00000e+00;1.00000e+00;Pipeline { filter(avg_Y < 4730000000.0000) };9.18608e-01;1.00000e+00;1.00000e+00;Pipeline { filter(avg_Y < 139000000.0000) };9.18608e-01;1.00000e+00;1.00000e+00;Pipeline { filter(avg_Y < 39900000.0000) }
datasets/geolife_60mins.csv;nsga2;1;15;1500;1500;5.31340e+01;100;100;100;1.00000e+00;1.00000e+00;9.00000e-02;9.52902e-01;9.89138e-01;8.11959e-01;Pipeline { filter(avg_Y > 91.4000) | map_duplicate(probability=0.10) };9.18771e-01;1.00000e+00;9.99657e-01;Pipeline { filter(avg_X < 4660000.0000) };9.18608e-01;1.00000e+00;1.00000e+00;Pipeline { filter(avg_X < 6590000000.0000) };9.18608e-01;1.00000e+00;1.00000e+00;Pipeline { filter(avg_Y < 633000000.0000) };9.18608e-01;1.00000e+00;1.00000e+00;Pipeline { filter(avg_X < 6950000000.0000) };9.18608e-01;1.00000e+00;1.00000e+00;Pipeline { filter(avg_X < 4010000000.0000) }
datasets/geolife_60mins.csv;nsga2;1;16;1600;1600;5.58730e+01;100;100;100;1.00000e+00;1.00000e+00;9.00000e-02;9.52902e-01;9.89138e-01;8.11959e-01;Pipeline { filter(avg_Y > 91.4000) | map_duplicate(probability=0.10) };9.18827e-01;1.00000e+00;9.98141e-01;Pipeline { filter(avg_Y < 2650000.0000) };9.18608e-01;1.00000e+00;1.00000e+00;Pipeline { filter(avg_Y < 4660000.0000) };9.18608e-01;1.00000e+00;1.00000e+00;Pipeline { filter(avg_Y < 7970000.0000) };9.18608e-01;1.00000e+00;1.00000e+00;Pipeline { filter(avg_Y < 826000000.0000) };9.18608e-01;1.00000e+00;1.00000e+00;Pipeline { filter(avg_Y < 295000000.0000) }
datasets/geolife_60mins.csv;nsga2;1;17;1700;1700;5.81880e+01;100;100;100;1.00000e+00;9.90000e-01;9.00000e-02;9.52902e-01;9.89138e-01;8.11959e-01;Pipeline { filter(avg_Y > 91.4000) | map_duplicate(probability=0.10) };9.18771e-01;1.00000e+00;9.99657e-01;Pipeline { filter(avg_X < 4660000.0000) };9.18608e-01;1.00000e+00;1.00000e+00;Pipeline { filter(avg_Y < 91200000.0000) };9.18608e-01;1.00000e+00;1.00000e+00;Pipeline { filter(avg_X < 4080000000.0000) };9.18608e-01;1.00000e+00;1.00000e+00;Pipeline { filter(avg_X < 3850000000.0000) };9.18608e-01;1.00000e+00;1.00000e+00;Pipeline { filter(avg_Y < 70000000.0000) }
datasets/geolife_60mins.csv;nsga2;1;18;1800;1800;6.07900e+01;100;100;100;1.00000e+00;9.90000e-01;1.10000e-01;9.52902e-01;9.89138e-01;8.11959e-01;Pipeline { filter(avg_Y > 91.4000) | map_duplicate(probability=0.10) };9.18827e-01;1.00000e+00;9.98141e-01;Pipeline { filter(avg_Y < 2650000.0000) };9.18608e-01;1.00000e+00;1.00000e+00;Pipeline { filter(avg_Y < 33500000.0000) };9.18608e-01;1.00000e+00;1.00000e+00;Pipeline { filter(avg_X < 9480000000.0000) };9.18608e-01;1.00000e+00;1.00000e+00;Pipeline { filter(avg_X < 877000000.0000) };9.18608e-01;1.00000e+00;1.00000e+00;Pipeline { filter(avg_X < 385000000.0000) }
datasets/geolife_60mins.csv;nsga2;1;19;1900;1900;6.38120e+01;100;100;100;1.00000e+00;1.00000e+00;1.20000e-01;9.52902e-01;9.89138e-01;8.11959e-01;Pipeline { filter(avg_Y > 91.4000) | map_duplicate(probability=0.10) };9.18771e-01;1.00000e+00;9.99657e-01;Pipeline { filter(avg_X < 4660000.0000) };9.18608e-01;1.00000e+00;1.00000e+00;Pipeline { filter(avg_Y < 9740000000.0000) };9.18608e-01;1.00000e+00;1.00000e+00;Pipeline { filter(avg_X < 235000000.0000) };9.18608e-01;1.00000e+00;1.00000e+00;Pipeline { filter(avg_Y < 402000000.0000) };9.18608e-01;1.00000e+00;1.00000e+00;Pipeline { filter(avg_Y < 444000000.0000) }
datasets/geolife_60mins.csv;nsga2;1;20;2000;2000;6.65250e+01;100;100;100;1.00000e+00;1.00000e+00;1.30000e-01;9.52902e-01;9.89138e-01;8.11959e-01;Pipeline { filter(avg_Y > 91.4000) | map_duplicate(probability=0.10) };9.18827e-01;1.00000e+00;9.98141e-01;Pipeline { filter(avg_Y < 2650000.0000) };9.18608e-01;1.00000e+00;1.00000e+00;Pipeline { filter(avg_Y < 4020000.0000) };9.18608e-01;1.00000e+00;1.00000e+00;Pipeline { filter(avg_X < 365000000.0000) };9.18608e-01;1.00000e+00;1.00000e+00;Pipeline { filter(avg_Y < 4050000.0000) };9.18608e-01;1.00000e+00;1.00000e+00;Pipeline { filter(avg_X < 750000000.0000) }
datasets/geolife_60mins.csv;nsga2;1;21;2100;2100;6.91940e+01;100;100;100;1.00000e+00;1.00000e+00;1.30000e-01;9.52902e-01;9.89138e-01;8.11959e-01;Pipeline { filter(avg_Y > 91.4000) | map_duplicate(probability=0.10) };9.18771e-01;1.00000e+00;9.99657e-01;Pipeline { filter(avg_X < 4660000.0000) };9.18608e-01;1.00000e+00;1.00000e+00;Pipeline { filter(avg_X < 906000000.0000) };9.18608e-01;1.00000e+00;1.00000e+00;Pipeline { filter(avg_Y < 635000000.0000) };9.18608e-01;1.00000e+00;1.00000e+00;Pipeline { filter(avg_Y < 65500000.0000) };9.18608e-01;1.00000e+00;1.00000e+00;Pipeline { filter(avg_Y < 9940000.0000) }
datasets/geolife_60mins.csv;nsga2;1;22;2200;2200;7.16160e+01;100;100;100;1.00000e+00;1.00000e+00;1.20000e-01;9.52902e-01;9.89138e-01;8.11959e-01;Pipeline { filter(avg_Y > 91.4000) | map_duplicate(probability=0.10) };9.18771e-01;1.00000e+00;9.99657e-01;Pipeline { filter(avg_X < 3220000.0000) };9.18608e-01;1.00000e+00;1.00000e+00;Pipeline { filter(avg_X < 588000000.0000) };9.18608e-01;1.00000e+00;1.00000e+00;Pipeline { filter(avg_X < 765000000.0000) };9.18608e-01;1.00000e+00;1.00000e+00;Pipeline { filter(avg_X < 3220000000.0000) };9.18608e-01;1.00000e+00;1.00000e+00;Pipeline { filter(avg_X < 993000000.0000) }
datasets/geolife_60mins.csv;nsga2;1;23;2300;2300;7.46690e+01;100;100;100;1.00000e+00;9.90000e-01;1.20000e-01;9.52902e-01;9.89138e-01;8.11959e-01;Pipeline { filter(avg_Y > 91.4000) | map_duplicate(probability=0.10) };9.18827e-01;1.00000e+00;9.98141e-01;Pipeline { filter(avg_Y < 2650000.0000) };9.18608e-01;1.00000e+00;1.00000e+00;Pipeline { filter(avg_Y < 158000000.0000) };9.18608e-01;1.00000e+00;1.00000e+00;Pipeline { filter(avg_X < 8280000.0000) };9.18608e-01;1.00000e+00;1.00000e+00;Pipeline { filter(avg_Y < 444000000.0000) };9.18608e-01;1.00000e+00;1.00000e+00;Pipeline { filter(avg_Y < 9980000.0000) }
datasets/geolife_60mins.csv;nsga2;1;24;2400;2400;7.72160e+01;100;100;100;1.00000e+00;1.00000e+00;1.30000e-01;9.52902e-01;9.89138e-01;8.11959e-01;Pipeline { filter(avg_Y > 91.4000) | map_duplicate(probability=0.10) };9.18771e-01;1.00000e+00;9.99657e-01;Pipeline { filter(avg_X < 3220000.0000) };9.18608e-01;1.00000e+00;1.00000e+00;Pipeline { filter(avg_Y < 4740000000.0000) };9.18608e-01;1.00000e+00;1.00000e+00;Pipeline { filter(avg_Y < 32300000.0000) };9.18608e-01;1.00000e+00;1.00000e+00;Pipeline { filter(avg_Y < 80800000.0000) };9.18608e-01;1.00000e+00;1.00000e+00;Pipeline { filter(avg_Y < 5530000.0000) }
datasets/geolife_60mins.csv;nsga2;1;25;2500;2500;7.98990e+01;100;100;100;1.00000e+00;1.00000e+00;1.50000e-01;9.52902e-01;9.89138e-01;8.11959e-01;Pipeline { filter(avg_Y > 91.4000) | map_duplicate(probability=0.10) };9.18771e-01;1.00000e+00;9.99657e-01;Pipeline { filter(avg_X < 3530000.0000) };9.18608e-01;1.00000e+00;1.00000e+00;Pipeline { filter(avg_Y < 9250000.0000) };9.18608e-01;1.00000e+00;1.00000e+00;Pipeline { filter(avg_Y < 186000000.0000) };9.18608e-01;1.00000e+00;1.00000e+00;Pipeline { filter(avg_Y < 493000000.0000) };9.18608e-01;1.00000e+00;1.00000e+00;Pipeline { filter(avg_Y < 30300000.0000) }
datasets/geolife_60mins.csv;nsga2;1;26;2600;2600;8.28940e+01;100;100;100;1.00000e+00;1.00000e+00;1.50000e-01;9.52902e-01;9.89138e-01;8.11959e-01;Pipeline { filter(avg_Y > 91.4000) | map_duplicate(probability=0.10) };9.18827e-01;1.00000e+00;9.98141e-01;Pipeline { filter(avg_Y < 2650000.0000) };9.18608e-01;1.00000e+00;1.00000e+00;Pipeline { filter(avg_X < 4890000000.0000) };9.18608e-01;1.00000e+00;1.00000e+00;Pipeline { filter(avg_X < 2640000000.0000) };9.18608e-01;1.00000e+00;1.00000e+00;Pipeline { filter(avg_Y < 4490000.0000) };9.18608e-01;1.00000e+00;1.00000e+00;Pipeline { filter(avg_X < 9190000000.0000) }
datasets/geolife_60mins.csv;nsga2;1;27;2700;2700;8.52880e+01;100;100;100;1.00000e+00;1.00000e+00;1.70000e-01;9.52902e-01;9.89138e-01;8.11959e-01;Pipeline { filter(avg_Y > 91.4000) | map_duplicate(probability=0.10) };9.19829e-01;1.00000e+00;9.84340e-01;Pipeline { filter(avg_Y < 1730000.0000) };9.18608e-01;1.00000e+00;1.00000e+00;Pipeline { filter(avg_X < 33000000.0000) };9.18608e-01;1.00000e+00;1.00000e+00;Pipeline { filter(avg_Y < 6220000000.0000) };9.18608e-01;1.00000e+00;1.00000e+00;Pipeline { filter(avg_Y < 878000000.0000) };9.18608e-01;1.00000e+00;1.00000e+00;Pipeline { filter(avg_Y < 93900000.0000) }
datasets/geolife_60mins.csv;nsga2;1;28;2800;2800;8.75140e+01;100;100;100;1.00000e+00;1.00000e+00;1.70000e-01;9.54813e-01;9.89053e-01;8.12557e-01;Pipeline { filter(avg_Y > 0.0000) | map_duplicate(probability=0.10) };9.18771e-01;1.00000e+00;9.99657e-01;Pipeline { filter(avg_X < 3220000.0000) };9.18608e-01;1.00000e+00;1.00000e+00;Pipeline { filter(avg_Y < 432000000.0000) };9.18608e-01;1.00000e+00;1.00000e+00;Pipeline { filter(avg_X < 4770000.0000) };9.18608e-01;1.00000e+00;1.00000e+00;Pipeline { filter(avg_Y < 7780000.0000) };9.18608e-01;1.00000e+00;1.00000e+00;Pipeline { filter(avg_X < 875000000.0000) }
datasets/geolife_60mins.csv;nsga2;1;29;2900;2900;9.01220e+01;100;100;100;1.00000e+00;1.00000e+00;1.70000e-01;9.54813e-01;9.89053e-01;8.12557e-01;Pipeline { filter(avg_Y > 0.0000) | map_duplicate(probability=0.10) };9.19829e-01;1.00000e+00;9.84340e-01;Pipeline { filter(avg_Y < 1730000.0000) };9.18608e-01;1.00000e+00;1.00000e+00;Pipeline { filter(avg_X < 4890000000.0000) };9.18608e-01;1.00000e+00;1.00000e+00;Pipeline { filter(avg_X < 437000000.0000) };9.18608e-01;1.00000e+00;1.00000e+00;Pipeline { filter(avg_Y < 100000000.0000) };9.18608e-01;1.00000e+00;1.00000e+00;Pipeline { filter(avg_X < 493000000.0000) }
datasets/geolife_60mins.csv;nsga2;1;30;3000;3000;9.31190e+01;100;100;100;1.00000e+00;1.00000e+00;1.70000e-01;9.54813e-01;9.89053e-01;8.12557e-01;Pipeline { filter(avg_Y > 0.0000) | map_duplicate(probability=0.10) };9.18771e-01;1.00000e+00;9.99657e-01;Pipeline { filter(avg_X < 3220000.0000) };9.18608e-01;1.00000e+00;1.00000e+00;Pipeline { filter(avg_X < 650000000.0000) };9.18608e-01;1.00000e+00;1.00000e+00;Pipeline { filter(avg_Y < 3590000000.0000) };9.18608e-01;1.00000e+00;1.00000e+00;Pipeline { filter(avg_Y < 9720000000.0000) };9.18608e-01;1.00000e+00;1.00000e+00;Pipeline { filter(avg_Y < 129000000.0000) }
datasets/geolife_60mins.csv;nsga2;1;31;3100;3100;9.59270e+01;100;100;100;1.00000e+00;1.00000e+00;1.70000e-01;9.54813e-01;9.89053e-01;8.12557e-01;Pipeline { filter(avg_Y > 0.0000) | map_duplicate(probability=0.10) };9.19829e-01;1.00000e+00;9.84340e-01;Pipeline { filter(avg_Y < 1730000.0000) };9.18608e-01;1.00000e+00;1.00000e+00;Pipeline { filter(avg_Y < 247000000.0000) };9.18608e-01;1.00000e+00;1.00000e+00;Pipeline { filter(avg_X < 9160000.0000) };9.18608e-01;1.00000e+00;1.00000e+00;Pipeline { filter(avg_Y < 193000000.0000) };9.18608e-01;1.00000e+00;1.00000e+00;Pipeline { filter(avg_X < 4760000.0000) }
datasets/geolife_60mins.csv;nsga2;1;32;3200;3200;9.87230e+01;100;100;100;1.00000e+00;1.00000e+00;1.70000e-01;9.54813e-01;9.89053e-01;8.12557e-01;Pipeline { filter(avg_Y > 0.0000) | map_duplicate(probability=0.10) };9.18771e-01;1.00000e+00;9.99657e-01;Pipeline { filter(avg_X < 3220000.0000) };9.18608e-01;1.00000e+00;1.00000e+00;Pipeline { filter(avg_X < 98900000.0000) };9.18608e-01;1.00000e+00;1.00000e+00;Pipeline { filter(avg_X < 829000000.0000) };9.18608e-01;1.00000e+00;1.00000e+00;Pipeline { filter(avg_X < 4890000000.0000) };9.18608e-01;1.00000e+00;1.00000e+00;Pipeline { filter(avg_Y < 60000000.0000) }
datasets/geolife_60mins.csv;nsga2;1;33;3300;3300;1.01528e+02;100;100;100;1.00000e+00;1.00000e+00;1.80000e-01;9.54813e-01;9.89053e-01;8.12557e-01;Pipeline { filter(avg_Y > 0.0000) | map_duplicate(probability=0.10) };9.19829e-01;1.00000e+00;9.84340e-01;Pipeline { filter(avg_Y < 1730000.0000) };9.18608e-01;1.00000e+00;1.00000e+00;Pipeline { filter(avg_Y < 558000000.0000) };9.18608e-01;1.00000e+00;1.00000e+00;Pipeline { filter(avg_Y < 2600000000.0000) };9.18608e-01;1.00000e+00;1.00000e+00;Pipeline { filter(avg_X < 650000000.0000) };9.18608e-01;1.00000e+00;1.00000e+00;Pipeline { filter(avg_Y < 7450000.0000) }
datasets/geolife_60mins.csv;nsga2;1;34;3400;3400;1.04451e+02;100;100;100;1.00000e+00;1.00000e+00;1.80000e-01;9.54813e-01;9.89053e-01;8.12557e-01;Pipeline { filter(avg_Y > 0.0000) | map_duplicate(probability=0.10) };9.19829e-01;1.00000e+00;9.84340e-01;Pipeline { filter(avg_Y < 1730000.0000) };9.18608e-01;1.00000e+00;1.00000e+00;Pipeline { filter(avg_X < 18300000.0000) };9.18608e-01;1.00000e+00;1.00000e+00;Pipeline { filter(avg_Y < 708000000.0000) };9.18608e-01;1.00000e+00;1.00000e+00;Pipeline { filter(avg_Y < 7400000.0000) };9.18608e-01;1.00000e+00;1.00000e+00;Pipeline { filter(avg_Y < 7470000000.0000) }
datasets/geolife_60mins.csv;nsga2;1;35;3500;3500;1.07458e+02;100;100;100;1.00000e+00;1.00000e+00;1.80000e-01;9.54813e-01;9.89053e-01;8.12557e-01;Pipeline { filter(avg_Y > 0.0000) | map_duplicate(probability=0.10) };9.18771e-01;1.00000e+00;9.99657e-01;Pipeline { filter(avg_X < 4220000.0000) };9.18608e-01;1.00000e+00;1.00000e+00;Pipeline { filter(avg_X < 6880000000.0000) };9.18608e-01;1.00000e+00;1.00000e+00;Pipeline { filter(avg_Y < 134000000.0000) };9.18608e-01;1.00000e+00;1.00000e+00;Pipeline { filter(avg_X < 4720000.0000) };9.18608e-01;1.00000e+00;1.00000e+00;Pipeline { filter(avg_X < 708000000.0000) }
datasets/geolife_60mins.csv;nsga2;1;36;3600;3600;1.09771e+02;100;100;100;1.00000e+00;9.90000e-01;1.80000e-01;9.54813e-01;9.89053e-01;8.12557e-01;Pipeline { filter(avg_Y > 0.0000) | map_duplicate(probability=0.10) };9.19829e-01;1.00000e+00;9.84340e-01;Pipeline { filter(avg_Y < 1590000.0000) };9.18608e-01;1.00000e+00;1.00000e+00;Pipeline { filter(avg_Y < 9780000.0000) };9.18608e-01;1.00000e+00;1.00000e+00;Pipeline { filter(avg_Y < 67700000.0000) };9.18608e-01;1.00000e+00;1.00000e+00;Pipeline { filter(avg_Y < 8190000.0000) };9.18608e-01;1.00000e+00;1.00000e+00;Pipeline { filter(avg_X < 12900000.0000) }
datasets/geolife_60mins.csv;nsga2;1;37;3700;3700;1.12552e+02;100;100;100;1.00000e+00;9.90000e-01;1.90000e-01;9.54813e-01;9.89053e-01;8.12557e-01;Pipeline { filter(avg_Y > 0.0000) | map_duplicate(probability=0.10) };9.18771e-01;1.00000e+00;9.99657e-01;Pipeline { filter(avg_X < 3690000.0000) };9.18608e-01;1.00000e+00;1.00000e+00;Pipeline { filter(avg_X < 985000000.0000) };9.18608e-01;1.00000e+00;1.00000e+00;Pipeline { filter(avg_X < 985000000.0000) };9.18608e-01;1.00000e+00;1.00000e+00;Pipeline { filter(avg_X < 123000000.0000) };9.18608e-01;1.00000e+00;1.00000e+00;Pipeline { filter(avg_X < 68800000.0000) }
datasets/geolife_60mins.csv;nsga2;1;38;3800;3800;1.15633e+02;100;100;100;1.00000e+00;9.90000e-01;1.90000e-01;9.54813e-01;9.89053e-01;8.12557e-01;Pipeline { filter(avg_Y > 0.0000) | map_duplicate(probability=0.10) };9.19829e-01;1.00000e+00;9.84340e-01;Pipeline { filter(avg_Y < 1730000.0000) };9.18608e-01;1.00000e+00;1.00000e+00;Pipeline { filter(avg_Y < 70000000.0000) };9.18608e-01;1.00000e+00;1.00000e+00;Pipeline { filter(avg_Y < 70000000.0000) };9.18608e-01;1.00000e+00;1.00000e+00;Pipeline { filter(avg_X < 2350000000.0000) };9.18608e-01;1.00000e+00;1.00000e+00;Pipeline { filter(avg_X < 7880000000.0000) }
datasets/geolife_60mins.csv;nsga2;1;39;3900;3900;1.18211e+02;100;100;100;1.00000e+00;9.90000e-01;1.90000e-01;9.54813e-01;9.89053e-01;8.12557e-01;Pipeline { filter(avg_Y > 0.0000) | map_duplicate(probability=0.10) };9.18771e-01;1.00000e+00;9.99657e-01;Pipeline { filter(avg_X < 3690000.0000) };9.18608e-01;1.00000e+00;1.00000e+00;Pipeline { filter(avg_Y < 89700000.0000) };9.18608e-01;1.00000e+00;1.00000e+00;Pipeline { filter(avg_Y < 89700000.0000) };9.18608e-01;1.00000e+00;1.00000e+00;Pipeline { filter(avg_Y < 51800000.0000) };9.18608e-01;1.00000e+00;1.00000e+00;Pipeline { filter(avg_Y < 53100000.0000) }
datasets/geolife_60mins.csv;nsga2;1;40;4000;4000;1.20801e+02;100;100;100;1.00000e+00;9.90000e-01;2.00000e-01;9.54813e-01;9.89053e-01;8.12557e-01;Pipeline { filter(avg_Y > 0.0000) | map_duplicate(probability=0.10) };9.19829e-01;1.00000e+00;9.84340e-01;Pipeline { filter(avg_Y < 1590000.0000) };9.18608e-01;1.00000e+00;1.00000e+00;Pipeline { filter(avg_Y < 34400000.0000) };9.18771e-01;1.00000e+00;9.99657e-01;Pipeline { filter(avg_X < 3690000.0000) };9.18608e-01;1.00000e+00;1.00000e+00;Pipeline { filter(avg_X < 28100000.0000) };9.18608e-01;1.00000e+00;1.00000e+00;Pipeline { filter(avg_Y < 235000000.0000) }
datasets/geolife_60mins.csv;nsga2;1;41;4100;4100;1.23922e+02;100;100;100;1.00000e+00;9.90000e-01;2.20000e-01;9.54813e-01;9.89053e-01;8.12557e-01;Pipeline { filter(avg_Y > 0.0000) | map_duplicate(probability=0.10) };9.18771e-01;1.00000e+00;9.99657e-01;Pipeline { filter(avg_X < 3690000.0000) };9.18608e-01;1.00000e+00;1.00000e+00;Pipeline { filter(avg_X < 7430000.0000) };9.18779e-01;1.00000e+00;9.99137e-01;Pipeline { filter(avg_X < 2400000.0000) };9.18608e-01;1.00000e+00;1.00000e+00;Pipeline { filter(avg_X < 82000000.0000) };9.18608e-01;1.00000e+00;1.00000e+00;Pipeline { filter(avg_Y < 2400000000.0000) }
datasets/geolife_60mins.csv;nsga2;1;42;4200;4200;1.26544e+02;100;100;100;1.00000e+00;9.90000e-01;2.20000e-01;9.54813e-01;9.89053e-01;8.12557e-01;Pipeline { filter(avg_Y > 0.0000) | map_duplicate(probability=0.10) };9.19829e-01;1.00000e+00;9.84340e-01;Pipeline { filter(avg_Y < 1730000.0000) };9.18608e-01;1.00000e+00;1.00000e+00;Pipeline { filter(avg_Y < 4680000.0000) };9.18779e-01;1.00000e+00;9.99137e-01;Pipeline { filter(avg_X < 2400000.0000) };9.18608e-01;1.00000e+00;1.00000e+00;Pipeline { filter(avg_Y < 4680000.0000) };9.18608e-01;1.00000e+00;1.00000e+00;Pipeline { filter(avg_Y < 1220000000.0000) }
datasets/geolife_60mins.csv;nsga2;1;43;4300;4300;1.29394e+02;100;100;100;1.00000e+00;9.90000e-01;2.20000e-01;9.54813e-01;9.89053e-01;8.12557e-01;Pipeline { filter(avg_Y > 0.0000) | map_duplicate(probability=0.10) };9.18771e-01;1.00000e+00;9.99657e-01;Pipeline { filter(avg_X < 3690000.0000) };9.18608e-01;1.00000e+00;1.00000e+00;Pipeline { filter(avg_X < 865000000.0000) };9.18779e-01;1.00000e+00;9.99137e-01;Pipeline { filter(avg_X < 2200000.0000) };9.18608e-01;1.00000e+00;1.00000e+00;Pipeline { filter(avg_X < 865000000.0000) };9.18608e-01;1.00000e+00;1.00000e+00;Pipeline { filter(avg_X < 16400000.0000) }
datasets/geolife_60mins.csv;nsga2;1;44;4400;4400;1.32185e+02;100;100;100;1.00000e+00;9.90000e-01;2.00000e-01;9.54908e-01;9.89946e-01;8.12100e-01;Pipeline { filter(avg_Y > 21.7000) | map_duplicate(probability=0.10) };9.19829e-01;1.00000e+00;9.84340e-01;Pipeline { filter(avg_Y < 1590000.0000) };9.18608e-01;1.00000e+00;1.00000e+00;Pipeline { filter(avg_Y < 1280000000.0000) };9.18771e-01;1.00000e+00;9.99657e-01;Pipeline { filter(avg_X < 3710000.0000) };9.18608e-01;1.00000e+00;1.00000e+00;Pipeline { filter(avg_Y < 1280000000.0000) };9.18608e-01;1.00000e+00;1.00000e+00;Pipeline { filter(avg_Y < 8730000000.0000) }
datasets/geolife_60mins.csv;nsga2;1;45;4500;4500;1.35195e+02;100;100;100;1.00000e+00;1.00000e+00;2.00000e-01;9.54908e-01;9.89946e-01;8.12100e-01;Pipeline { filter(avg_Y > 21.7000) | map_duplicate(probability=0.10) };9.18771e-01;1.00000e+00;9.99657e-01;Pipeline { filter(avg_X < 3690000.0000) };9.18608e-01;1.00000e+00;1.00000e+00;Pipeline { filter(avg_X < 267000000.0000) };9.18771e-01;1.00000e+00;9.99657e-01;Pipeline { filter(avg_X < 3690000.0000) };9.18608e-01;1.00000e+00;1.00000e+00;Pipeline { filter(avg_X < 267000000.0000) };9.18608e-01;1.00000e+00;1.00000e+00;Pipeline { filter(avg_X < 25900000.0000) }
datasets/geolife_60mins.csv;nsga2;1;46;4600;4600;1.38319e+02;100;100;100;1.00000e+00;1.00000e+00;2.00000e-01;9.54908e-01;9.89946e-01;8.12100e-01;Pipeline { filter(avg_Y > 21.7000) | map_duplicate(probability=0.10) };9.19829e-01;1.00000e+00;9.84340e-01;Pipeline { filter(avg_Y < 1730000.0000) };9.18608e-01;1.00000e+00;1.00000e+00;Pipeline { filter(avg_Y < 39600000.0000) };9.18771e-01;1.00000e+00;9.99657e-01;Pipeline { filter(avg_X < 3710000.0000) };9.18608e-01;1.00000e+00;1.00000e+00;Pipeline { filter(avg_Y < 39600000.0000) };9.18608e-01;1.00000e+00;1.00000e+00;Pipeline { filter(avg_Y < 1670000000.0000) }
datasets/geolife_60mins.csv;nsga2;1;47;4700;4700;1.41444e+02;100;100;100;1.00000e+00;1.00000e+00;2.00000e-01;9.54908e-01;9.89946e-01;8.12100e-01;Pipeline { filter(avg_Y > 21.7000) | map_duplicate(probability=0.10) };9.18771e-01;1.00000e+00;9.99657e-01;Pipeline { filter(avg_X < 3690000.0000) };9.18608e-01;1.00000e+00;1.00000e+00;Pipeline { filter(avg_Y < 91900000.0000) };9.18771e-01;1.00000e+00;9.99657e-01;Pipeline { filter(avg_X < 3690000.0000) };9.18608e-01;1.00000e+00;1.00000e+00;Pipeline { filter(avg_Y < 91900000.0000) };9.18608e-01;1.00000e+00;1.00000e+00;Pipeline { filter(avg_X < 20600000.0000) }
datasets/geolife_60mins.csv;nsga2;1;48;4800;4800;1.43863e+02;100;100;100;1.00000e+00;1.00000e+00;2.10000e-01;9.55181e-01;9.89860e-01;8.12320e-01;Pipeline { filter(avg_Y > 0.0000) | map_duplicate(probability=0.10) };9.19829e-01;1.00000e+00;9.84340e-01;Pipeline { filter(avg_Y < 1590000.0000) };9.18608e-01;1.00000e+00;1.00000e+00;Pipeline { filter(avg_Y < 5100000000.0000) };9.18779e-01;1.00000e+00;9.99137e-01;Pipeline { filter(avg_X < 2200000.0000) };9.18608e-01;1.00000e+00;1.00000e+00;Pipeline { filter(avg_Y < 5100000000.0000) };9.18608e-01;1.00000e+00;1.00000e+00;Pipeline { filter(avg_X < 1970000000.0000) }
datasets/geolife_60mins.csv;nsga2;1;49;4900;4900;1.46675e+02;100;100;100;1.00000e+00;1.00000e+00;2.10000e-01;9.55181e-01;9.89860e-01;8.12320e-01;Pipeline { filter(avg_Y > 0.0000) | map_duplicate(probability=0.10) };9.18771e-01;1.00000e+00;9.99657e-01;Pipeline { filter(avg_X < 3690000.0000) };9.18608e-01;1.00000e+00;1.00000e+00;Pipeline { filter(avg_Y < 4330000000.0000) };9.18827e-01;1.00000e+00;9.98141e-01;Pipeline { filter(avg_Y < 2640000.0000) };9.27898e-01;1.00000e+00;9.46430e-01;Pipeline { filter(avg_Y < 668000.0000) };9.18608e-01;1.00000e+00;1.00000e+00;Pipeline { filter(avg_X < 1440000000.0000) }
datasets/geolife_60mins.csv;nsga2;1;50;5000;5000;1.50064e+02;100;100;100;1.00000e+00;1.00000e+00;2.10000e-01;9.55181e-01;9.89860e-01;8.12320e-01;Pipeline { filter(avg_Y > 0.0000) | map_duplicate(probability=0.10) };9.19829e-01;1.00000e+00;9.84340e-01;Pipeline { filter(avg_Y < 1730000.0000) };9.18608e-01;1.00000e+00;1.00000e+00;Pipeline { filter(avg_Y < 1020000000.0000) };9.18827e-01;1.00000e+00;9.98141e-01;Pipeline { filter(avg_Y < 2640000.0000) };9.27898e-01;1.00000e+00;9.46430e-01;Pipeline { filter(avg_Y < 668000.0000) };9.18608e-01;1.00000e+00;1.00000e+00;Pipeline { filter(avg_X < 9700000000.0000) }
datasets/geolife_60mins.csv;nsga2;2;1;100;100;9.32500e+00;100;3;27;9.40000e-01;9.40000e-01;7.20000e-01;9.30895e-01;7.91327e-02;7.61174e-01;Pipeline { map_noise(attribute=avg_Y, percentage=0.05) | map_noise(attribute=avg_X, percentage=0.05) | map_noise(attribute=avg_Y, percentage=0.01) };9.26629e-01;1.00000e+00;8.85427e-01;Pipeline { filter(avg_X > 694.0000) };9.26629e-01;1.00000e+00;8.85427e-01;Pipeline { filter(avg_X > 694.0000) };6.55724e-01;9.73255e-01;8.29611e-01;Pipeline { map_duplicate(probability=0.40) };2.81157e-01;1.70506e-01;2.20586e-01;Pipeline { map_noise(attribute=avg_Y, percentage=0.10) | map_duplicate(probability=0.90) | filter(avg_X > 0.0000) | filter(avg_Y < 2050000.0000) | map_noise(attribute=avg_Y, percentage=0.10) | map_duplicate(probability=0.90) | map_noise(attribute=avg_Y, percentage=0.25) | filter(avg_X > 15700.0000) };8.87426e-01;2.06609e-01;7.03848e-01;Pipeline { map_noise(attribute=avg_X, percentage=0.05) | filter(avg_X > 0.0000) | filter(avg_Y > 0.0600) | filter(avg_X > 35500.0000) }
datasets/geolife_60mins.csv;nsga2;2;2;200;200;1.44880e+01;100;7;12;9.40000e-01;9.40000e-01;9.50000e-01;9.77422e-01;4.51565e-01;7.13731e-01;Pipeline { filter(avg_Y > 0.0000) | filter(avg_X > 696.0000) | map_noise(attribute=avg_Y, percentage=0.05) | map_duplicate(probability=0.10) };4.59304e-01;1.00000e+00;7.13554e-01;Pipeline { map_duplicate(probability=1.00) };8.34560e-01;9.88154e-01;9.16803e-01;Pipeline { map_duplicate(probability=0.10) };9.15050e-01;9.81552e-01;7.86142e-01;Pipeline { filter(avg_Y > 0.0000) | map_duplicate(probability=0.20) | filter(avg_X > 0.0001) };4.59434e-01;9.23807e-01;6.99209e-01;Pipeline { map_duplicate(probability=1.00) | map_noise(attribute=avg_Y, percentage=0.01) };5.39735e-01;9.74544e-01;7.67430e-01;Pipeline { map_duplicate(probability=0.70) }
datasets/geolife_60mins.csv;nsga2;2;3;300;300;2.07870e+01;100;16;5;9.40000e-01;9.40000e-01;8.60000e-01;9.77422e-01;4.51565e-01;7.13731e-01;Pipeline { filter(avg_Y > 0.0000) | filter(avg_X > 696.0000) | map_noise(attribute=avg_Y, percentage=0.05) | map_duplicate(probability=0.10) };4.59304e-01;1.00000e+00;7.13554e-01;Pipeline { map_duplicate(probability=1.00) };8.34560e-01;9.88154e-01;9.16803e-01;Pipeline { map_duplicate(probability=0.10) };9.23583e-01;1.11165e-01;7.63326e-01;Pipeline { map_noise(attribute=avg_X, percentage=0.10) };5.64359e-01;9.81610e-01;7.34334e-01;Pipeline { filter(avg_X > 0.0006) | map_duplicate(probability=0.80) };8.77344e-01;1.00000e+00;8.28148e-01;Pipeline { filter(avg_Y > 0.0007) }
datasets/geolife_60mins.csv;nsga2;2;4;400;400;2.49490e+01;100;29;1;9.60000e-01;9.60000e-01;5.60000e-01;9.77422e-01;4.51565e-01;7.13731e-01;Pipeline { filter(avg_Y > 0.0000) | filter(avg_X > 696.0000) | map_noise(attribute=avg_Y, percentage=0.05) | map_duplicate(probability=0.10) };8.76824e-01;1.00000e+00;8.27779e-01;Pipeline { filter(avg_Y > 6940.0000) };9.18608e-01;1.00000e+00;1.00000e+00;Pipeline { filter(avg_Y < 8400000.0000) };9.26629e-01;1.00000e+00;8.85427e-01;Pipeline { filter(avg_X > 0.0000) };9.26611e-01;1.00000e+00;8.85427e-01;Pipeline { filter(avg_X > 6940.0000) };9.26629e-01;1.00000e+00;8.85427e-01;Pipeline { filter(avg_X > 694.0000) }
datasets/geolife_60mins.csv;nsga2;2;5;500;500;2.81000e+01;100;57;17;9.80000e-01;9.80000e-01;4.60000e-01;9.77422e-01;4.51565e-01;7.13731e-01;Pipeline { filter(avg_Y > 0.0000) | filter(avg_X > 696.0000) | map_noise(attribute=avg_Y, percentage=0.05) | map_duplicate(probability=0.10) };8.77344e-01;1.00000e+00;8.28148e-01;Pipeline { filter(avg_Y > 4.6000) };9.18608e-01;1.00000e+00;1.00000e+00;Pipeline { filter(avg_X < 1890000000.0000) };9.26629e-01;1.00000e+00;8.85427e-01;Pipeline { filter(avg_X > 0.4300) };9.26629e-01;1.00000e+00;8.85427e-01;Pipeline { filter(avg_X > 0.0969) };9.26629e-01;1.00000e+00;8.85427e-01;Pipeline { filter(avg_X > 0.0917) }
datasets/geolife_60mins.csv;nsga2;2;6;600;600;3.12110e+01;100;98;2;1.00000e+00;1.00000e+00;9.00000e-02;9.77484e-01;2.07621e-01;6.97063e-01;Pipeline { filter(avg_Y > 0.0000) | filter(avg_X > 690.0000) | map_noise(attribute=avg_X, percentage=0.05) | map_duplicate(probability=0.10) };9.12983e-01;1.00000e+00;9.47370e-01;Pipeline { filter(avg_X < 880000.0000) };9.18608e-01;1.00000e+00;1.00000e+00;Pipeline { filter(avg_Y < 8400000.0000) };9.26629e-01;1.00000e+00;8.85427e-01;Pipeline { filter(avg_X > 2.1200) };9.26629e-01;1.00000e+00;8.85427e-01;Pipeline { filter(avg_X > 0.0004) };9.26629e-01;1.00000e+00;8.85427e-01;Pipeline { filter(avg_X > 7.8600) }
datasets/geolife_60mins.csv;nsga2;2;7;700;700;3.39410e+01;100;100;100;1.00000e+00;9.90000e-01;7.00000e-02;9.77484e-01;2.07621e-01;6.97063e-01;Pipeline { filter(avg_Y > 0.0000) | filter(avg_X > 690.0000) | map_noise(attribute=avg_X, percentage=0.05) | map_duplicate(probability=0.10) };9.18608e-01;1.00000e+00;1.00000e+00;Pipeline { filter(avg_Y < 8400000.0000) };9.18608e-01;1.00000e+00;1.00000e+00;Pipeline { filter(avg_Y < 8400000.0000) };9.26629e-01;1.00000e+00;8.85427e-01;Pipeline { filter(avg_X > 0.0001) };9.26629e-01;1.00000e+00;8.85427e-01;Pipeline { filter(avg_X > 7.3900) };9.26629e-01;1.00000e+00;8.85427e-01;Pipeline { filter(avg_X > 7.3900) }
datasets/geolife_60mins.csv;nsga2;2;8;800;800;3.67370e+01;100;100;100;1.00000e+00;1.00000e+00;7.00000e-02;9.77484e-01;2.07621e-01;6.97063e-01;Pipeline { filter(avg_Y > 0.0000) | filter(avg_X > 690.0000) | map_noise(attribute=avg_X, percentage=0.05) | map_duplicate(probability=0.10) };9.18608e-01;1.00000e+00;1.00000e+00;Pipeline { filter(avg_Y < 8400000.0000) };9.18608e-01;1.00000e+00;1.00000e+00;Pipeline { filter(avg_Y < 8400000.0000) };9.26629e-01;1.00000e+00;8.85427e-01;Pipeline { filter(avg_X > 0.0000) };9.26629e-01;1.00000e+00;8.85427e-01;Pipeline { filter(avg_X > 0.0004) };9.26629e-01;1.00000e+00;8.85427e-01;Pipeline { filter(avg_X > 0.0004) }
datasets/geolife_60mins.csv;nsga2;2;9;900;900;3.98560e+01;100;100;100;1.00000e+00;1.00000e+00;8.00000e-02;9.77484e-01;2.07621e-01;6.97063e-01;Pipeline { filter(avg_Y > 0.0000) | filter(avg_X > 690.0000) | map_noise(attribute=avg_X, percentage=0.05) | map_duplicate(probability=0.10) };9.18779e-01;1.00000e+00;9.99137e-01;Pipeline { filter(avg_X < 2570000.0000) };9.18608e-01;1.00000e+00;1.00000e+00;Pipeline { filter(avg_Y < 8400000.0000) };9.26629e-01;1.00000e+00;8.85427e-01;Pipeline { filter(avg_X > 7.3300) };9.26629e-01;1.00000e+00;8.85427e-01;Pipeline { filter(avg_X > 463.0000) };9.26629e-01;1.00000e+00;8.85427e-01;Pipeline { filter(avg_X > 463.0000) }
datasets/geolife_60mins.csv;nsga2;2;10;1000;1000;4.27250e+01;100;11;89;1.00000e+00;9.90000e-01;1.10000e-01;9.77484e-01;2.07621e-01;6.97063e-01;Pipeline { filter(avg_Y > 0.0000) | filter(avg_X > 690.0000) | map_noise(attribute=avg_X, percentage=0.05) | map_duplicate(probability=0.10) };9.26629e-01;1.00000e+00;8.85427e-01;Pipeline { filter(avg_X > 81.8000) };9.18608e-01;1.00000e+00;1.00000e+00;Pipeline { filter(avg_X < 363000000.0000) };9.26629e-01;1.00000e+00;8.85427e-01;Pipeline { filter(avg_X > 0.5430) };9.26629e-01;1.00000e+00;8.85427e-01;Pipeline { filter(avg_X > 0.0000) };9.26629e-01;1.00000e+00;8.85427e-01;Pipeline { filter(avg_X > 5.6900) }
datasets/geolife_60mins.csv;nsga2;2;11;1100;1100;4.59400e+01;100;15;85;1.00000e+00;9.80000e-01;1.50000e-01;9.77484e-01;2.07621e-01;6.97063e-01;Pipeline { filter(avg_Y > 0.0000) | filter(avg_X > 690.0000) | map_noise(attribute=avg_X, percentage=0.05) | map_duplicate(probability=0.10) };9.26629e-01;1.00000e+00;8.85427e-01;Pipeline { filter(avg_X > 0.4960) };9.18608e-01;1.00000e+00;1.00000e+00;Pipeline { filter(avg_Y < 8400000.0000) };9.26629e-01;1.00000e+00;8.85427e-01;Pipeline { filter(avg_X > 404.0000) };9.26629e-01;1.00000e+00;8.85427e-01;Pipeline { filter(avg_X > 984.0000) };9.26629e-01;1.00000e+00;8.85427e-01;Pipeline { filter(avg_X > 0.3120) }
datasets/geolife_60mins.csv;nsga2;2;12;1200;1200;4.91500e+01;100;27;73;1.00000e+00;1.00000e+00;2.10000e-01;9.77484e-01;2.07621e-01;6.97063e-01;Pipeline { filter(avg_Y > 0.0000) | filter(avg_X > 690.0000) | map_noise(attribute=avg_X, percentage=0.05) | map_duplicate(probability=0.10) };9.26629e-01;1.00000e+00;8.85427e-01;Pipeline { filter(avg_X > 0.0006) };9.18608e-01;1.00000e+00;1.00000e+00;Pipeline { filter(avg_Y < 365000000.0000) };9.26629e-01;1.00000e+00;8.85427e-01;Pipeline { filter(avg_X > 5.6100) };9.26629e-01;1.00000e+00;8.85427e-01;Pipeline { filter(avg_X > 0.5300) };9.26629e-01;1.00000e+00;8.85427e-01;Pipeline { filter(avg_X > 0.7580) }
datasets/geolife_60mins.csv;nsga2;2;13;1300;1300;5.25080e+01;100;42;58;1.00000e+00;1.00000e+00;2.60000e-01;9.77895e-01;2.00249e-01;6.96389e-01;Pipeline { filter(avg_Y > 0.0000) | filter(avg_X > 626.0000) | map_noise(attribute=avg_X, percentage=0.05) | map_duplicate(probability=0.10) };8.91794e-01;1.00000e+00;9.03274e-01;Pipeline { filter(avg_X < 694000.0000) };9.18608e-01;1.00000e+00;1.00000e+00;Pipeline { filter(avg_X < 365000000.0000) };9.26629e-01;1.00000e+00;8.85427e-01;Pipeline { filter(avg_X > 4.9900) };9.26629e-01;1.00000e+00;8.85427e-01;Pipeline { filter(avg_X > 468.0000) };9.18608e-01;1.00000e+00;1.00000e+00;Pipeline { filter(avg_X < 393000000.0000) }
datasets/geolife_60mins.csv;nsga2;2;14;1400;1400;5.57130e+01;100;65;35;1.00000e+00;1.00000e+00;3.10000e-01;9.77895e-01;2.00249e-01;6.96389e-01;Pipeline { filter(avg_Y > 0.0000) | filter(avg_X > 626.0000) | map_noise(attribute=avg_X, percentage=0.05) | map_duplicate(probability=0.10) };8.91794e-01;1.00000e+00;9.03274e-01;Pipeline { filter(avg_X < 694000.0000) };9.18608e-01;1.00000e+00;1.00000e+00;Pipeline { filter(avg_Y < 2620000000.0000) };9.36914e-01;8.86398e-01;8.64748e-01;Pipeline { filter(avg_Y < 386000.0000) | map_noise(attribute=avg_Y, percentage=0.01) };9.26629e-01;1.00000e+00;8.85427e-01;Pipeline { filter(avg_X > 8.1900) };9.18608e-01;1.00000e+00;1.00000e+00;Pipeline { filter(avg_X < 16000000.0000) }
datasets/geolife_60mins.csv;nsga2;2;15;1500;1500;5.87910e+01;100;92;8;1.00000e+00;1.00000e+00;2.80000e-01;9.77895e-01;2.00249e-01;6.96389e-01;Pipeline { filter(avg_Y > 0.0000) | filter(avg_X > 626.0000) | map_noise(attribute=avg_X, percentage=0.05) | map_duplicate(probability=0.10) };9.33976e-01;1.00000e+00;9.20912e-01;Pipeline { filter(avg_Y < 363000.0000) };9.18608e-01;1.00000e+00;1.00000e+00;Pipeline { filter(avg_X < 363000000.0000) };9.35219e-01;8.85070e-01;8.61713e-01;Pipeline { filter(avg_Y < 356000.0000) | map_noise(attribute=avg_Y, percentage=0.01) };9.18608e-01;1.00000e+00;1.00000e+00;Pipeline { filter(avg_X < 353000000.0000) };9.18608e-01;1.00000e+00;1.00000e+00;Pipeline { filter(avg_Y < 365000000.0000) }
datasets/geolife_60mins.csv;nsga2;2;16;1600;1600;6.15150e+01;100;100;100;1.00000e+00;1.00000e+00;2.40000e-01;9.77895e-01;2.00249e-01;6.96389e-01;Pipeline { filter(avg_Y > 0.0000) | filter(avg_X > 626.0000) | map_noise(attribute=avg_X, percentage=0.05) | map_duplicate(probability=0.10) };9.18779e-01;1.00000e+00;9.99137e-01;Pipeline { filter(avg_X < 2570000.0000) };9.18608e-01;1.00000e+00;1.00000e+00;Pipeline { filter(avg_Y < 353000000.0000) };9.18608e-01;1.00000e+00;1.00000e+00;Pipeline { filter(avg_Y < 14100000.0000) };9.18608e-01;1.00000e+00;1.00000e+00;Pipeline { filter(avg_Y < 367000000.0000) };9.18608e-01;1.00000e+00;1.00000e+00;Pipeline { filter(avg_X < 880000000.0000) }
datasets/geolife_60mins.csv;nsga2;2;17;1700;1700;6.42560e+01;100;100;100;1.00000e+00;1.00000e+00;2.80000e-01;9.77895e-01;2.00249e-01;6.96389e-01;Pipeline { filter(avg_Y > 0.0000) | filter(avg_X > 626.0000) | map_noise(attribute=avg_X, percentage=0.05) | map_duplicate(probability=0.10) };9.18779e-01;1.00000e+00;9.99137e-01;Pipeline { filter(avg_X < 2240000.0000) };9.18608e-01;1.00000e+00;1.00000e+00;Pipeline { filter(avg_X < 655000000.0000) };9.27898e-01;1.00000e+00;9.46430e-01;Pipeline { filter(avg_Y < 668000.0000) };9.18608e-01;1.00000e+00;1.00000e+00;Pipeline { filter(avg_Y < 267000000.0000) };9.18608e-01;1.00000e+00;1.00000e+00;Pipeline { filter(avg_Y < 3670000.0000) }
datasets/geolife_60mins.csv;nsga2;2;18;1800;1800;6.75490e+01;100;100;100;1.00000e+00;1.00000e+00;2.90000e-01;9.77895e-01;2.00249e-01;6.96389e-01;Pipeline { filter(avg_Y > 0.0000) | filter(avg_X > 626.0000) | map_noise(attribute=avg_X, percentage=0.05) | map_duplicate(probability=0.10) };9.18771e-01;1.00000e+00;9.99657e-01;Pipeline { filter(avg_X < 4450000.0000) };9.18608e-01;1.00000e+00;1.00000e+00;Pipeline { filter(avg_X < 12000000.0000) };9.27898e-01;1.00000e+00;9.46430e-01;Pipeline { filter(avg_Y < 668000.0000) };9.18608e-01;1.00000e+00;1.00000e+00;Pipeline { filter(avg_Y < 743000000.0000) };9.18608e-01;1.00000e+00;1.00000e+00;Pipeline { filter(avg_X < 8260000000.0000) }
datasets/geolife_60mins.csv;nsga2;2;19;1900;1900;7.09300e+01;100;100;100;1.00000e+00;1.00000e+00;3.10000e-01;9.77895e-01;2.00249e-01;6.96389e-01;Pipeline { filter(avg_Y > 0.0000) | filter(avg_X > 626.0000) | map_noise(attribute=avg_X, percentage=0.05) | map_duplicate(probability=0.10) };9.18771e-01;1.00000e+00;9.99657e-01;Pipeline { filter(avg_X < 4210000.0000) };9.18608e-01;1.00000e+00;1.00000e+00;Pipeline { filter(avg_X < 860000000.0000) };9.33824e-01;1.00000e+00;9.42912e-01;Pipeline { filter(avg_Y < 566000.0000) };9.18608e-01;1.00000e+00;1.00000e+00;Pipeline { filter(avg_Y < 306000000.0000) };9.18608e-01;1.00000e+00;1.00000e+00;Pipeline { filter(avg_Y < 2120000000.0000) }
datasets/geolife_60mins.csv;nsga2;2;20;2000;2000;7.42090e+01;100;100;100;1.00000e+00;1.00000e+00;3.20000e-01;9.77895e-01;2.00249e-01;6.96389e-01;Pipeline { filter(avg_Y > 0.0000) | filter(avg_X > 626.0000) | map_noise(attribute=avg_X, percentage=0.05) | map_duplicate(probability=0.10) };9.18771e-01;1.00000e+00;9.99657e-01;Pipeline { filter(avg_X < 4500000.0000) };9.18608e-01;1.00000e+00;1.00000e+00;Pipeline { filter(avg_Y < 2090000000.0000) };9.33824e-01;1.00000e+00;9.42912e-01;Pipeline { filter(avg_Y < 566000.0000) };9.18608e-01;1.00000e+00;1.00000e+00;Pipeline { filter(avg_Y < 4040000000.0000) };9.18608e-01;1.00000e+00;1.00000e+00;Pipeline { filter(avg_X < 4750000.0000) }
datasets/geolife_60mins.csv;nsga2;2;21;2100;2100;7.68680e+01;100;100;100;1.00000e+00;1.00000e+00;3.30000e-01;9.77895e-01;2.00249e-01;6.96389e-01;Pipeline { filter(avg_Y > 0.0000) | filter(avg_X > 626.0000) | map_noise(attribute=avg_X, percentage=0.05) | map_duplicate(probability=0.10) };9.33116e-01;1.00000e+00;9.43632e-01;Pipeline { filter(avg_Y < 618000.0000) };9.18608e-01;1.00000e+00;1.00000e+00;Pipeline { filter(avg_Y < 2170000000.0000) };9.36775e-01;1.00000e+00;9.28061e-01;Pipeline { filter(avg_Y < 403000.0000) };9.18608e-01;1.00000e+00;1.00000e+00;Pipeline { filter(avg_Y < 2390000000.0000) };9.18608e-01;1.00000e+00;1.00000e+00;Pipeline { filter(avg_X < 4170000000.0000) }
datasets/geolife_60mins.csv;nsga2;2;22;2200;2200;7.97300e+01;100;100;100;1.00000e+00;1.00000e+00;3.30000e-01;9.77895e-01;2.00249e-01;6.96389e-01;Pipeline { filter(avg_Y > 0.0000) | filter(avg_X > 626.0000) | map_noise(attribute=avg_X, percentage=0.05) | map_duplicate(probability=0.10) };9.18771e-01;1.00000e+00;9.99657e-01;Pipeline { filter(avg_X < 4500000.0000) };9.18608e-01;1.00000e+00;1.00000e+00;Pipeline { filter(avg_Y < 4280000000.0000) };9.36775e-01;1.00000e+00;9.28061e-01;Pipeline { filter(avg_Y < 403000.0000) };9.18608e-01;1.00000e+00;1.00000e+00;Pipeline { filter(avg_Y < 3100000000.0000) };9.18608e-01;1.00000e+00;1.00000e+00;Pipeline { filter(avg_X < 4730000000.0000) }
datasets/geolife_60mins.csv;nsga2;2;23;2300;2300;8.23430e+01;100;100;100;1.00000e+00;1.00000e+00;3.30000e-01;9.77895e-01;2.00249e-01;6.96389e-01;Pipeline { filter(avg_Y > 0.0000) | filter(avg_X > 626.0000) | map_noise(attribute=avg_X, percentage=0.05) | map_duplicate(probability=0.10) };9.33116e-01;1.00000e+00;9.43632e-01;Pipeline { filter(avg_Y < 618000.0000) };9.18608e-01;1.00000e+00;1.00000e+00;Pipeline { filter(avg_Y < 465000000.0000) };9.36775e-01;1.00000e+00;9.28061e-01;Pipeline { filter(avg_Y < 403000.0000) };9.18608e-01;1.00000e+00;1.00000e+00;Pipeline { filter(avg_X < 4370000000.0000) };9.18608e-01;1.00000e+00;1.00000e+00;Pipeline { filter(avg_Y < 4480000000.0000) }
datasets/geolife_60mins.csv;nsga2;2;24;2400;2400;8.60080e+01;100;100;100;1.00000e+00;1.00000e+00;3.30000e-01;9.77895e-01;2.00249e-01;6.96389e-01;Pipeline { filter(avg_Y > 0.0000) | filter(avg_X > 626.0000) | map_noise(attribute=avg_X, percentage=0.05) | map_duplicate(probability=0.10) };9.18771e-01;1.00000e+00;9.99657e-01;Pipeline { filter(avg_X < 2800000.0000) };9.18608e-01;1.00000e+00;1.00000e+00;Pipeline { filter(avg_Y < 5090000000.0000) };9.36775e-01;1.00000e+00;9.28061e-01;Pipeline { filter(avg_Y < 403000.0000) };9.18608e-01;1.00000e+00;1.00000e+00;Pipeline { filter(avg_X < 222000000.0000) };9.18608e-01;1.00000e+00;1.00000e+00;Pipeline { filter(avg_Y < 3470000000.0000) }
datasets/geolife_60mins.csv;nsga2;2;25;2500;2500;8.92190e+01;100;100;100;1.00000e+00;1.00000e+00;3.60000e-01;9.77895e-01;2.00249e-01;6.96389e-01;Pipeline { filter(avg_Y > 0.0000) | filter(avg_X > 626.0000) | map_noise(attribute=avg_X, percentage=0.05) | map_duplicate(probability=0.10) };9.33116e-01;1.00000e+00;9.43632e-01;Pipeline { filter(avg_Y < 618000.0000) };9.18608e-01;1.00000e+00;1.00000e+00;Pipeline { filter(avg_X < 5730000.0000) };9.37395e-01;8.86231e-01;8.63842e-01;Pipeline { filter(avg_Y < 388000.0000) | map_noise(attribute=avg_Y, percentage=0.01) };9.18608e-01;1.00000e+00;1.00000e+00;Pipeline { filter(avg_Y < 4440000000.0000) };9.18608e-01;1.00000e+00;1.00000e+00;Pipeline { filter(avg_Y < 8600000.0000) }
datasets/geolife_60mins.csv;nsga2;2;26;2600;2600;9.21860e+01;100;100;100;1.00000e+00;1.00000e+00;3.70000e-01;9.77895e-01;2.00249e-01;6.96389e-01;Pipeline { filter(avg_Y > 0.0000) | filter(avg_X > 626.0000) | map_noise(attribute=avg_X, percentage=0.05) | map_duplicate(probability=0.10) };9.18771e-01;1.00000e+00;9.99657e-01;Pipeline { filter(avg_X < 3130000.0000) };9.18608e-01;1.00000e+00;1.00000e+00;Pipeline { filter(avg_Y < 7050000000.0000) };9.52133e-01;9.89814e-01;8.12441e-01;Pipeline { filter(avg_Y > 0.0303) | map_duplicate(probability=0.10) | filter(avg_Y > 0.6470) };9.18608e-01;1.00000e+00;1.00000e+00;Pipeline { filter(avg_X < 9790000.0000) };9.18608e-01;1.00000e+00;1.00000e+00;Pipeline { filter(avg_X < 83100000.0000) }
datasets/geolife_60mins.csv;nsga2;2;27;2700;2700;9.48230e+01;100;100;100;1.00000e+00;1.00000e+00;3.90000e-01;9.77895e-01;2.00249e-01;6.96389e-01;Pipeline { filter(avg_Y > 0.0000) | filter(avg_X > 626.0000) | map_noise(attribute=avg_X, percentage=0.05) | map_duplicate(probability=0.10) };9.18779e-01;1.00000e+00;9.99137e-01;Pipeline { filter(avg_X < 2200000.0000) };9.18608e-01;1.00000e+00;1.00000e+00;Pipeline { filter(avg_X < 9600000.0000) };9.52753e-01;9.90573e-01;8.12286e-01;Pipeline { filter(avg_Y > 0.0000) | map_duplicate(probability=0.10) | filter(avg_Y > 0.0001) };9.18608e-01;1.00000e+00;1.00000e+00;Pipeline { filter(avg_Y < 7650000000.0000) };9.18608e-01;1.00000e+00;1.00000e+00;Pipeline { filter(avg_Y < 252000000.0000) }
datasets/geolife_60mins.csv;nsga2;2;28;2800;2800;9.73930e+01;100;100;100;1.00000e+00;1.00000e+00;4.10000e-01;9.77895e-01;2.00249e-01;6.96389e-01;Pipeline { filter(avg_Y > 0.0000) | filter(avg_X > 626.0000) | map_noise(attribute=avg_X, percentage=0.05) | map_duplicate(probability=0.10) };9.18771e-01;1.00000e+00;9.99657e-01;Pipeline { filter(avg_X < 3700000.0000) };9.18608e-01;1.00000e+00;1.00000e+00;Pipeline { filter(avg_X < 459000000.0000) };9.53464e-01;9.90440e-01;8.12542e-01;Pipeline { filter(avg_Y > 0.0305) | map_duplicate(probability=0.10) | filter(avg_Y > 0.0001) };9.18608e-01;1.00000e+00;1.00000e+00;Pipeline { filter(avg_X < 324000000.0000) };9.18608e-01;1.00000e+00;1.00000e+00;Pipeline { filter(avg_Y < 3150000000.0000) }
datasets/geolife_60mins.csv;nsga2;2;29;2900;2900;1.00218e+02;100;100;100;1.00000e+00;1.00000e+00;4.30000e-01;9.77895e-01;2.00249e-01;6.96389e-01;Pipeline { filter(avg_Y > 0.0000) | filter(avg_X > 626.0000) | map_noise(attribute=avg_X, percentage=0.05) | map_duplicate(probability=0.10) };9.18771e-01;1.00000e+00;9.99657e-01;Pipeline { filter(avg_X < 4270000.0000) };9.18608e-01;1.00000e+00;1.00000e+00;Pipeline { filter(avg_Y < 49200000.0000) };9.55252e-01;9.90082e-01;8.12365e-01;Pipeline { filter(avg_Y > 0.0303) | map_duplicate(probability=0.10) | filter(avg_Y > 0.0000) };9.18608e-01;1.00000e+00;1.00000e+00;Pipeline { filter(avg_X < 759000000.0000) };9.18608e-01;1.00000e+00;1.00000e+00;Pipeline { filter(avg_X < 719000000.0000) }
datasets/geolife_60mins.csv;nsga2;2;30;3000;3000;1.03250e+02;100;100;100;1.00000e+00;1.00000e+00;4.30000e-01;9.77895e-01;2.00249e-01;6.96389e-01;Pipeline { filter(avg_Y > 0.0000) | filter(avg_X > 626.0000) | map_noise(attribute=avg_X, percentage=0.05) | map_duplicate(probability=0.10) };9.18771e-01;1.00000e+00;9.99657e-01;Pipeline { filter(avg_X < 2860000.0000) };9.18608e-01;1.00000e+00;1.00000e+00;Pipeline { filter(avg_X < 413000000.0000) };9.55252e-01;9.90082e-01;8.12365e-01;Pipeline { filter(avg_Y > 0.0303) | map_duplicate(probability=0.10) | filter(avg_Y > 0.0000) };9.18608e-01;1.00000e+00;1.00000e+00;Pipeline { filter(avg_X < 262000000.0000) };9.18608e-01;1.00000e+00;1.00000e+00;Pipeline { filter(avg_X < 17000000.0000) }
datasets/geolife_60mins.csv;nsga2;2;31;3100;3100;1.06291e+02;100;100;100;1.00000e+00;1.00000e+00;4.30000e-01;9.77895e-01;2.00249e-01;6.96389e-01;Pipeline { filter(avg_Y > 0.0000) | filter(avg_X > 626.0000) | map_noise(attribute=avg_X, percentage=0.05) | map_duplicate(probability=0.10) };9.19790e-01;1.00000e+00;9.84704e-01;Pipeline { filter(avg_Y < 2270000.0000) };9.18608e-01;1.00000e+00;1.00000e+00;Pipeline { filter(avg_X < 39600000.0000) };9.55252e-01;9.90082e-01;8.12365e-01;Pipeline { filter(avg_Y > 0.0303) | map_duplicate(probability=0.10) | filter(avg_Y > 0.0000) };9.18608e-01;1.00000e+00;1.00000e+00;Pipeline { filter(avg_X < 292000000.0000) };9.18608e-01;1.00000e+00;1.00000e+00;Pipeline { filter(avg_X < 5520000000.0000) }
datasets/geolife_60mins.csv;nsga2;2;32;3200;3200;1.09396e+02;100;100;100;1.00000e+00;1.00000e+00;4.60000e-01;9.77895e-01;2.00249e-01;6.96389e-01;Pipeline { filter(avg_Y > 0.0000) | filter(avg_X > 626.0000) | map_noise(attribute=avg_X, percentage=0.05) | map_duplicate(probability=0.10) };9.18771e-01;1.00000e+00;9.99657e-01;Pipeline { filter(avg_X < 2860000.0000) };9.18608e-01;1.00000e+00;1.00000e+00;Pipeline { filter(avg_Y < 9960000.0000) };9.55576e-01;9.90040e-01;8.12319e-01;Pipeline { filter(avg_Y > 0.0353) | map_duplicate(probability=0.10) | filter(avg_Y > 0.0001) };9.18608e-01;1.00000e+00;1.00000e+00;Pipeline { filter(avg_Y < 784000000.0000) };9.18608e-01;1.00000e+00;1.00000e+00;Pipeline { filter(avg_Y < 689000000.0000) }
datasets/geolife_60mins.csv;nsga2;2;33;3300;3300;1.12382e+02;100;100;100;1.00000e+00;1.00000e+00;4.90000e-01;9.77895e-01;2.00249e-01;6.96389e-01;Pipeline { filter(avg_Y > 0.0000) | filter(avg_X > 626.0000) | map_noise(attribute=avg_X, percentage=0.05) | map_duplicate(probability=0.10) };9.19790e-01;1.00000e+00;9.84704e-01;Pipeline { filter(avg_Y < 2240000.0000) };9.18608e-01;1.00000e+00;1.00000e+00;Pipeline { filter(avg_X < 9170000000.0000) };9.58102e-01;9.89104e-01;8.08647e-01;Pipeline { filter(avg_Y > 20900.0000) | map_duplicate(probability=0.10) | filter(avg_Y > 0.6440) };9.18608e-01;1.00000e+00;1.00000e+00;Pipeline { filter(avg_X < 403000000.0000) };9.18608e-01;1.00000e+00;1.00000e+00;Pipeline { filter(avg_X < 197000000.0000) }
datasets/geolife_60mins.csv;nsga2;2;34;3400;3400;1.15403e+02;100;100;100;1.00000e+00;1.00000e+00;4.90000e-01;9.77895e-01;2.00249e-01;6.96389e-01;Pipeline { filter(avg_Y > 0.0000) | filter(avg_X > 626.0000) | map_noise(attribute=avg_X, percentage=0.05) | map_duplicate(probability=0.10) };9.18771e-01;1.00000e+00;9.99657e-01;Pipeline { filter(avg_X < 2840000.0000) };9.18608e-01;1.00000e+00;1.00000e+00;Pipeline { filter(avg_X < 1310000000.0000) };9.58570e-01;9.89374e-01;8.08519e-01;Pipeline { filter(avg_Y > 24900.0000) | map_duplicate(probability=0.10) | filter(avg_Y > 0.6440) };9.18608e-01;1.00000e+00;1.00000e+00;Pipeline { filter(avg_Y < 157000000.0000) };9.18608e-01;1.00000e+00;1.00000e+00;Pipeline { filter(avg_Y < 313000000.0000) }
datasets/geolife_60mins.csv;nsga2;2;35;3500;3500;1.18234e+02;100;100;100;1.00000e+00;1.00000e+00;4.50000e-01;9.77895e-01;2.00249e-01;6.96389e-01;Pipeline { filter(avg_Y > 0.0000) | filter(avg_X > 626.0000) | map_noise(attribute=avg_X, percentage=0.05) | map_duplicate(probability=0.10) };9.18771e-01;1.00000e+00;9.99657e-01;Pipeline { filter(avg_X < 3590000.0000) };9.18608e-01;1.00000e+00;1.00000e+00;Pipeline { filter(avg_Y < 2900000000.0000) };9.55836e-01;9.90387e-01;8.12633e-01;Pipeline { filter(avg_Y > 0.0000) | map_duplicate(probability=0.10) | filter(avg_Y > 0.0001) };9.18608e-01;1.00000e+00;1.00000e+00;Pipeline { filter(avg_X < 790000000.0000) };9.18608e-01;1.00000e+00;1.00000e+00;Pipeline { filter(avg_X < 2650000000.0000) }
datasets/geolife_60mins.csv;nsga2;2;36;3600;3600;1.20779e+02;100;100;100;1.00000e+00;1.00000e+00;4.50000e-01;9.77895e-01;2.00249e-01;6.96389e-01;Pipeline { filter(avg_Y > 0.0000) | filter(avg_X > 626.0000) | map_noise(attribute=avg_X, percentage=0.05) | map_duplicate(probability=0.10) };9.19790e-01;1.00000e+00;9.84704e-01;Pipeline { filter(avg_Y < 2230000.0000) };9.18608e-01;1.00000e+00;1.00000e+00;Pipeline { filter(avg_X < 29600000.0000) };9.54700e-01;9.89989e-01;8.12671e-01;Pipeline { filter(avg_Y > 0.0000) | map_duplicate(probability=0.10) | filter(avg_X < 385000000.0000) };9.18608e-01;1.00000e+00;1.00000e+00;Pipeline { filter(avg_X < 57400000.0000) };9.18608e-01;1.00000e+00;1.00000e+00;Pipeline { filter(avg_Y < 27000000.0000) }
datasets/geolife_60mins.csv;nsga2;2;37;3700;3700;1.23605e+02;100;100;100;1.00000e+00;1.00000e+00;4.60000e-01;9.77895e-01;2.00249e-01;6.96389e-01;Pipeline { filter(avg_Y > 0.0000) | filter(avg_X > 626.0000) | map_noise(attribute=avg_X, percentage=0.05) | map_duplicate(probability=0.10) };9.18771e-01;1.00000e+00;9.99657e-01;Pipeline { filter(avg_X < 3590000.0000) };9.18608e-01;1.00000e+00;1.00000e+00;Pipeline { filter(avg_X < 30800000.0000) };9.54700e-01;9.89989e-01;8.12671e-01;Pipeline { filter(avg_Y > 0.0000) | map_duplicate(probability=0.10) | filter(avg_X < 385000000.0000) };9.18608e-01;1.00000e+00;1.00000e+00;Pipeline { filter(avg_Y < 3270000000.0000) };9.18608e-01;1.00000e+00;1.00000e+00;Pipeline { filter(avg_Y < 29600000.0000) }
datasets/geolife_60mins.csv;nsga2;2;38;3800;3800;1.26207e+02;100;100;100;1.00000e+00;1.00000e+00;4.80000e-01;9.77895e-01;2.00249e-01;6.96389e-01;Pipeline { filter(avg_Y > 0.0000) | filter(avg_X > 626.0000) | map_noise(attribute=avg_X, percentage=0.05) | map_duplicate(probability=0.10) };9.19790e-01;1.00000e+00;9.84704e-01;Pipeline { filter(avg_Y < 2240000.0000) };9.18608e-01;1.00000e+00;1.00000e+00;Pipeline { filter(avg_Y < 558000000.0000) };9.55836e-01;9.90387e-01;8.12633e-01;Pipeline { filter(avg_Y > 0.0000) | map_duplicate(probability=0.10) | filter(avg_Y > 0.0001) };9.18608e-01;1.00000e+00;1.00000e+00;Pipeline { filter(avg_X < 822000000.0000) };9.18608e-01;1.00000e+00;1.00000e+00;Pipeline { filter(avg_Y < 1770000000.0000) }
datasets/geolife_60mins.csv;nsga2;2;39;3900;3900;1.29101e+02;100;100;100;1.00000e+00;1.00000e+00;5.20000e-01;9.77895e-01;2.00249e-01;6.96389e-01;Pipeline { filter(avg_Y > 0.0000) | filter(avg_X > 626.0000) | map_noise(attribute=avg_X, percentage=0.05) | map_duplicate(probability=0.10) };9.19829e-01;1.00000e+00;9.84340e-01;Pipeline { filter(avg_Y < 1650000.0000) };9.18608e-01;1.00000e+00;1.00000e+00;Pipeline { filter(avg_X < 49300000.0000) };9.57959e-01;9.88733e-01;8.12425e-01;Pipeline { filter(avg_Y > 0.0000) | map_duplicate(probability=0.10) | filter(avg_Y > 0.0001) };9.36791e-01;1.00000e+00;9.28183e-01;Pipeline { filter(avg_Y < 409000.0000) };9.18608e-01;1.00000e+00;1.00000e+00;Pipeline { filter(avg_X < 3740000000.0000) }
datasets/geolife_60mins.csv;nsga2;2;40;4000;4000;1.32128e+02;100;100;100;1.00000e+00;1.00000e+00;5.30000e-01;9.78573e-01;1.94078e-01;6.95815e-01;Pipeline { filter(avg_Y > 0.0000) | filter(avg_X > 696.0000) | map_noise(attribute=avg_X, percentage=0.05) | map_duplicate(probability=0.10) };9.18771e-01;1.00000e+00;9.99657e-01;Pipeline { filter(avg_X < 2840000.0000) };9.18608e-01;1.00000e+00;1.00000e+00;Pipeline { filter(avg_X < 21400000.0000) };9.58102e-01;9.89104e-01;8.08647e-01;Pipeline { filter(avg_Y > 20900.0000) | map_duplicate(probability=0.10) | filter(avg_Y > 0.6440) };9.36791e-01;1.00000e+00;9.28183e-01;Pipeline { filter(avg_Y < 409000.0000) };9.18608e-01;1.00000e+00;1.00000e+00;Pipeline { filter(avg_X < 4130000000.0000) }
datasets/geolife_60mins.csv;nsga2;2;41;4100;4100;1.35191e+02;100;100;100;1.00000e+00;1.00000e+00;5.40000e-01;9.78573e-01;1.94078e-01;6.95815e-01;Pipeline { filter(avg_Y > 0.0000) | filter(avg_X > 696.0000) | map_noise(attribute=avg_X, percentage=0.05) | map_duplicate(probability=0.10) };9.19829e-01;1.00000e+00;9.84340e-01;Pipeline { filter(avg_Y < 1650000.0000) };9.18608e-01;1.00000e+00;1.00000e+00;Pipeline { filter(avg_X < 3500000000.0000) };9.58570e-01;9.89374e-01;8.08519e-01;Pipeline { filter(avg_Y > 24900.0000) | map_duplicate(probability=0.10) | filter(avg_Y > 0.6440) };9.36791e-01;1.00000e+00;9.28183e-01;Pipeline { filter(avg_Y < 409000.0000) };9.18608e-01;1.00000e+00;1.00000e+00;Pipeline { filter(avg_Y < 9160000.0000) }
datasets/geolife_60mins.csv;nsga2;2;42;4200;4200;1.38589e+02;100;100;100;1.00000e+00;1.00000e+00;5.50000e-01;9.78573e-01;1.94078e-01;6.95815e-01;Pipeline { filter(avg_Y > 0.0000) | filter(avg_X > 696.0000) | map_noise(attribute=avg_X, percentage=0.05) | map_duplicate(probability=0.10) };9.18771e-01;1.00000e+00;9.99657e-01;Pipeline { filter(avg_X < 3920000.0000) };9.18608e-01;1.00000e+00;1.00000e+00;Pipeline { filter(avg_Y < 6030000000.0000) };9.58570e-01;9.89374e-01;8.08519e-01;Pipeline { filter(avg_Y > 24900.0000) | map_duplicate(probability=0.10) | filter(avg_Y > 0.6440) };9.25549e-01;1.00000e+00;9.74779e-01;Pipeline { filter(avg_Y < 999000.0000) };9.18608e-01;1.00000e+00;1.00000e+00;Pipeline { filter(avg_Y < 3010000000.0000) }
datasets/geolife_60mins.csv;nsga2;2;43;4300;4300;1.41716e+02;100;100;100;1.00000e+00;1.00000e+00;5.70000e-01;9.78573e-01;1.94078e-01;6.95815e-01;Pipeline { filter(avg_Y > 0.0000) | filter(avg_X > 696.0000) | map_noise(attribute=avg_X, percentage=0.05) | map_duplicate(probability=0.10) };9.19829e-01;1.00000e+00;9.84340e-01;Pipeline { filter(avg_Y < 1650000.0000) };9.18608e-01;1.00000e+00;1.00000e+00;Pipeline { filter(avg_X < 63800000.0000) };9.60071e-01;9.87810e-01;8.07535e-01;Pipeline { filter(avg_Y > 24900.0000) | map_duplicate(probability=0.10) | filter(avg_Y > 0.7440) };9.33978e-01;1.00000e+00;9.43602e-01;Pipeline { filter(avg_Y < 600000.0000) };9.18608e-01;1.00000e+00;1.00000e+00;Pipeline { filter(avg_Y < 9570000.0000) }
datasets/geolife_60mins.csv;nsga2;2;44;4400;4400;1.44664e+02;100;100;100;1.00000e+00;1.00000e+00;5.80000e-01;9.78573e-01;1.94078e-01;6.95815e-01;Pipeline { filter(avg_Y > 0.0000) | filter(avg_X > 696.0000) | map_noise(attribute=avg_X, percentage=0.05) | map_duplicate(probability=0.10) };9.18771e-01;1.00000e+00;9.99657e-01;Pipeline { filter(avg_X < 3920000.0000) };9.18608e-01;1.00000e+00;1.00000e+00;Pipeline { filter(avg_Y < 245000000.0000) };9.58570e-01;9.89374e-01;8.08519e-01;Pipeline { filter(avg_Y > 24900.0000) | map_duplicate(probability=0.10) | filter(avg_Y > 0.6440) };9.36791e-01;1.00000e+00;9.28183e-01;Pipeline { filter(avg_Y < 409000.0000) };9.18608e-01;1.00000e+00;1.00000e+00;Pipeline { filter(avg_Y < 39400000.0000) }
datasets/geolife_60mins.csv;nsga2;2;45;4500;4500;1.47590e+02;100;100;100;1.00000e+00;1.00000e+00;5.90000e-01;9.78573e-01;1.94078e-01;6.95815e-01;Pipeline { filter(avg_Y > 0.0000) | filter(avg_X > 696.0000) | map_noise(attribute=avg_X, percentage=0.05) | map_duplicate(probability=0.10) };9.19829e-01;1.00000e+00;9.84340e-01;Pipeline { filter(avg_Y < 1620000.0000) };9.18608e-01;1.00000e+00;1.00000e+00;Pipeline { filter(avg_X < 9340000.0000) };9.58570e-01;9.89374e-01;8.08519e-01;Pipeline { filter(avg_Y > 24900.0000) | map_duplicate(probability=0.10) | filter(avg_Y > 0.6440) };9.20153e-01;1.00000e+00;9.83044e-01;Pipeline { filter(avg_Y < 1350000.0000) };9.18608e-01;1.00000e+00;1.00000e+00;Pipeline { filter(avg_Y < 576000000.0000) }
datasets/geolife_60mins.csv;nsga2;2;46;4600;4600;1.50869e+02;100;100;100;1.00000e+00;1.00000e+00;6.00000e-01;9.78573e-01;1.94078e-01;6.95815e-01;Pipeline { filter(avg_Y > 0.0000) | filter(avg_X > 696.0000) | map_noise(attribute=avg_X, percentage=0.05) | map_duplicate(probability=0.10) };9.18771e-01;1.00000e+00;9.99657e-01;Pipeline { filter(avg_X < 3800000.0000) };9.18608e-01;1.00000e+00;1.00000e+00;Pipeline { filter(avg_Y < 3330000.0000) };9.58570e-01;9.89374e-01;8.08519e-01;Pipeline { filter(avg_Y > 24900.0000) | map_duplicate(probability=0.10) | filter(avg_Y > 0.6440) };9.25432e-01;1.00000e+00;9.75129e-01;Pipeline { filter(avg_Y < 1070000.0000) };9.18608e-01;1.00000e+00;1.00000e+00;Pipeline { filter(avg_Y < 7330000.0000) }
datasets/geolife_60mins.csv;nsga2;2;47;4700;4700;1.54296e+02;100;100;100;1.00000e+00;1.00000e+00;6.10000e-01;9.78573e-01;1.94078e-01;6.95815e-01;Pipeline { filter(avg_Y > 0.0000) | filter(avg_X > 696.0000) | map_noise(attribute=avg_X, percentage=0.05) | map_duplicate(probability=0.10) };9.19829e-01;1.00000e+00;9.84340e-01;Pipeline { filter(avg_Y < 1650000.0000) };9.18608e-01;1.00000e+00;1.00000e+00;Pipeline { filter(avg_X < 592000000.0000) };9.59024e-01;9.89270e-01;8.08191e-01;Pipeline { filter(avg_Y > 21900.0000) | map_duplicate(probability=0.10) | filter(avg_Y > 64.4000) };9.25432e-01;1.00000e+00;9.75129e-01;Pipeline { filter(avg_Y < 1070000.0000) };9.18608e-01;1.00000e+00;1.00000e+00;Pipeline { filter(avg_X < 5920000000.0000) }
datasets/geolife_60mins.csv;nsga2;2;48;4800;4800;1.57377e+02;100;100;100;1.00000e+00;1.00000e+00;6.20000e-01;9.78573e-01;1.94078e-01;6.95815e-01;Pipeline { filter(avg_Y > 0.0000) | filter(avg_X > 696.0000) | map_noise(attribute=avg_X, percentage=0.05) | map_duplicate(probability=0.10) };9.18771e-01;1.00000e+00;9.99657e-01;Pipeline { filter(avg_X < 3800000.0000) };9.18608e-01;1.00000e+00;1.00000e+00;Pipeline { filter(avg_Y < 3330000.0000) };9.59329e-01;9.89059e-01;8.08707e-01;Pipeline { filter(avg_Y > 21900.0000) | map_duplicate(probability=0.10) | filter(avg_Y > 0.6440) };9.25432e-01;1.00000e+00;9.75129e-01;Pipeline { filter(avg_Y < 1070000.0000) };9.18608e-01;1.00000e+00;1.00000e+00;Pipeline { filter(avg_Y < 47000000.0000) }
datasets/geolife_60mins.csv;nsga2;2;49;4900;4900;1.61640e+02;100;100;100;1.00000e+00;1.00000e+00;6.30000e-01;9.78573e-01;1.94078e-01;6.95815e-01;Pipeline { filter(avg_Y > 0.0000) | filter(avg_X > 696.0000) | map_noise(attribute=avg_X, percentage=0.05) | map_duplicate(probability=0.10) };9.19829e-01;1.00000e+00;9.84340e-01;Pipeline { filter(avg_Y < 1860000.0000) };9.18608e-01;1.00000e+00;1.00000e+00;Pipeline { filter(avg_X < 61500000.0000) };9.59548e-01;9.88795e-01;8.08078e-01;Pipeline { filter(avg_Y > 24900.0000) | map_duplicate(probability=0.10) | filter(avg_Y > 0.0004) };9.25432e-01;1.00000e+00;9.75129e-01;Pipeline { filter(avg_Y < 1070000.0000) };9.18608e-01;1.00000e+00;1.00000e+00;Pipeline { filter(avg_Y < 978000000.0000) }
datasets/geolife_60mins.csv;nsga2;2;50;5000;5000;1.64686e+02;100;100;100;1.00000e+00;1.00000e+00;6.40000e-01;9.78573e-01;1.94078e-01;6.95815e-01;Pipeline { filter(avg_Y > 0.0000) | filter(avg_X > 696.0000) | map_noise(attribute=avg_X, percentage=0.05) | map_duplicate(probability=0.10) };9.18771e-01;1.00000e+00;9.99657e-01;Pipeline { filter(avg_X < 3800000.0000) };9.18608e-01;1.00000e+00;1.00000e+00;Pipeline { filter(avg_X < 496000000.0000) };9.59329e-01;9.89059e-01;8.08707e-01;Pipeline { filter(avg_Y > 21900.0000) | map_duplicate(probability=0.10) | filter(avg_Y > 0.6440) };9.19011e-01;1.00000e+00;9.97549e-01;Pipeline { filter(avg_Y < 2580000.0000) };9.18608e-01;1.00000e+00;1.00000e+00;Pipeline { filter(avg_X < 78600000.0000) }
datasets/geolife_60mins.csv;nsga2;3;1;100;100;4.90600e+00;100;9;39;9.50000e-01;9.50000e-01;6.10000e-01;9.26626e-01;1.09642e-01;7.63653e-01;Pipeline { map_noise(attribute=avg_X, percentage=0.10) };8.77344e-01;1.00000e+00;8.28148e-01;Pipeline { filter(avg_Y > 1.2500) };8.37018e-01;9.90745e-01;9.19355e-01;Pipeline { map_duplicate(probability=0.10) };5.40786e-01;9.75505e-01;7.67809e-01;Pipeline { map_duplicate(probability=0.70) };7.92577e-01;1.13870e-01;6.74010e-01;Pipeline { map_duplicate(probability=0.10) | filter(avg_Y > 0.0000) | map_noise(attribute=avg_X, percentage=0.10) | map_noise(attribute=avg_X, percentage=0.01) | map_duplicate(probability=0.20) | filter(avg_Y > 0.0004) };7.34012e-01;1.95799e-03;6.68468e-01;Pipeline { map_noise(attribute=avg_X, percentage=0.05) | map_noise(attribute=avg_Y, percentage=0.25) | map_noise(attribute=avg_X, percentage=0.25) | map_duplicate(probability=0.40) | filter(avg_Y > 0.0000) | map_noise(attribute=avg_Y, percentage=0.25) | map_noise(attribute=avg_Y, percentage=0.01) }
datasets/geolife_60mins.csv;nsga2;3;2;200;200;1.05250e+01;100;13;8;9.50000e-01;9.50000e-01;9.60000e-01;9.26626e-01;1.09642e-01;7.63653e-01;Pipeline { map_noise(attribute=avg_X, percentage=0.10) };4.59304e-01;1.00000e+00;7.13554e-01;Pipeline { map_duplicate(probability=1.00) };8.37018e-01;9.90745e-01;9.19355e-01;Pipeline { map_duplicate(probability=0.10) };8.37018e-01;9.90745e-01;9.19355e-01;Pipeline { map_duplicate(probability=0.10) };1.45145e-01;9.61338e-01;0.00000e+00;Pipeline { filter(avg_Y > 2650.0000) | map_duplicate(probability=0.70) | map_duplicate(probability=0.90) | filter(avg_Y > 575.0000) | map_duplicate(probability=0.60) | map_duplicate(probability=0.40) };9.19046e-01;1.65975e-01;7.67762e-01;Pipeline { map_noise(attribute=avg_Y, percentage=0.10) | map_noise(attribute=avg_X, percentage=0.01) }
datasets/geolife_60mins.csv;nsga2;3;3;300;300;1.69210e+01;100;4;5;9.50000e-01;9.50000e-01;9.30000e-01;9.26655e-01;4.51725e-02;7.58550e-01;Pipeline { map_noise(attribute=avg_Y, percentage=0.10) | map_noise(attribute=avg_Y, percentage=0.01) | map_noise(attribute=avg_X, percentage=0.05) };4.59304e-01;1.00000e+00;7.13554e-01;Pipeline { map_duplicate(probability=1.00) };9.18608e-01;1.00000e+00;1.00000e+00;Pipeline { filter(avg_X < 5420000000.0000) };9.19046e-01;1.65975e-01;7.67762e-01;Pipeline { map_noise(attribute=avg_Y, percentage=0.10) | map_noise(attribute=avg_X, percentage=0.01) };6.96337e-01;9.73682e-01;8.34532e-01;Pipeline { map_duplicate(probability=0.20) | map_duplicate(probability=0.10) | filter(avg_X < 2900000.0000) };6.11916e-01;9.69464e-01;8.06382e-01;Pipeline { map_duplicate(probability=0.50) }
datasets/geolife_60mins.csv;nsga2;3;4;400;400;2.15250e+01;100;13;11;9.50000e-01;9.50000e-01;7.50000e-01;9.28181e-01;1.11280e-01;7.36679e-01;Pipeline { map_noise(attribute=avg_X, percentage=0.10) | filter(avg_X > 0.0000) };4.59304e-01;1.00000e+00;7.13554e-01;Pipeline { map_duplicate(probability=1.00) };9.18608e-01;1.00000e+00;1.00000e+00;Pipeline { filter(avg_Y < 92400000.0000) };9.23820e-01;2.08078e-01;7.69219e-01;Pipeline { map_noise(attribute=avg_X, percentage=0.05) };9.26629e-01;1.00000e+00;8.85427e-01;Pipeline { filter(avg_X > 0.0000) };8.77344e-01;1.00000e+00;8.28148e-01;Pipeline { filter(avg_Y > 1.2200) }
datasets/geolife_60mins.csv;nsga2;3;5;500;500;2.51870e+01;100;28;4;9.70000e-01;9.60000e-01;4.60000e-01;9.60069e-01;2.05490e-01;7.04427e-01;Pipeline { map_duplicate(probability=0.10) | filter(avg_Y > 47.3000) | map_noise(attribute=avg_X, percentage=0.05) };8.77327e-01;1.00000e+00;8.28136e-01;Pipeline { filter(avg_Y > 97.6000) };9.18608e-01;1.00000e+00;1.00000e+00;Pipeline { filter(avg_X < 5420000000.0000) };9.26304e-01;1.07371e-01;7.62824e-01;Pipeline { map_noise(attribute=avg_X, percentage=0.10) | map_noise(attribute=avg_X, percentage=0.05) };8.77344e-01;1.00000e+00;8.28148e-01;Pipeline { filter(avg_Y > 0.0000) };9.26629e-01;1.00000e+00;8.85427e-01;Pipeline { filter(avg_X > 4280.0000) }
datasets/geolife_60mins.csv;nsga2;3;6;600;600;2.85360e+01;100;48;5;9.70000e-01;9.70000e-01;5.90000e-01;9.60069e-01;2.05490e-01;7.04427e-01;Pipeline { map_duplicate(probability=0.10) | filter(avg_Y > 47.3000) | map_noise(attribute=avg_X, percentage=0.05) };8.77344e-01;1.00000e+00;8.28148e-01;Pipeline { filter(avg_Y > 0.0000) };9.18608e-01;1.00000e+00;1.00000e+00;Pipeline { filter(avg_Y < 473000000.0000) };9.26629e-01;1.00000e+00;8.85427e-01;Pipeline { filter(avg_X > 0.0000) };9.26629e-01;1.00000e+00;8.85427e-01;Pipeline { filter(avg_X > 691.0000) };9.26629e-01;1.00000e+00;8.85427e-01;Pipeline { filter(avg_X > 1.8000) }
datasets/geolife_60mins.csv;nsga2;3;7;700;700;3.24340e+01;100;87;5;9.80000e-01;9.70000e-01;2.30000e-01;9.60069e-01;2.05490e-01;7.04427e-01;Pipeline { map_duplicate(probability=0.10) | filter(avg_Y > 47.3000) | map_noise(attribute=avg_X, percentage=0.05) };9.25357e-01;1.00000e+00;8.84236e-01;Pipeline { filter(avg_X > 29300.0000) };9.18608e-01;1.00000e+00;1.00000e+00;Pipeline { filter(avg_X < 473000000.0000) };9.26629e-01;1.00000e+00;8.85427e-01;Pipeline { filter(avg_X > 5.5000) };9.26629e-01;1.00000e+00;8.85427e-01;Pipeline { filter(avg_X > 0.0008) };9.26629e-01;1.00000e+00;8.85427e-01;Pipeline { filter(avg_X > 0.9120) }
datasets/geolife_60mins.csv;nsga2;3;8;800;800;3.59280e+01;100;100;100;1.00000e+00;1.00000e+00;9.00000e-02;9.60069e-01;2.05490e-01;7.04427e-01;Pipeline { map_duplicate(probability=0.10) | filter(avg_Y > 47.3000) | map_noise(attribute=avg_X, percentage=0.05) };9.18608e-01;1.00000e+00;1.00000e+00;Pipeline { filter(avg_X < 473000000.0000) };9.18608e-01;1.00000e+00;1.00000e+00;Pipeline { filter(avg_X < 473000000.0000) };9.26629e-01;1.00000e+00;8.85427e-01;Pipeline { filter(avg_X > 0.0005) };9.26629e-01;1.00000e+00;8.85427e-01;Pipeline { filter(avg_X > 0.0000) };9.26629e-01;1.00000e+00;8.85427e-01;Pipeline { filter(avg_X > 22.5000) }
datasets/geolife_60mins.csv;nsga2;3;9;900;900;3.89580e+01;100;100;100;1.00000e+00;9.90000e-01;1.10000e-01;9.60069e-01;2.05490e-01;7.04427e-01;Pipeline { map_duplicate(probability=0.10) | filter(avg_Y > 47.3000) | map_noise(attribute=avg_X, percentage=0.05) };9.18779e-01;1.00000e+00;9.98643e-01;Pipeline { filter(avg_Y < 2750000.0000) };9.18608e-01;1.00000e+00;1.00000e+00;Pipeline { filter(avg_X < 473000000.0000) };9.26629e-01;1.00000e+00;8.85427e-01;Pipeline { filter(avg_X > 0.6510) };9.26629e-01;1.00000e+00;8.85427e-01;Pipeline { filter(avg_X > 0.0000) };9.26629e-01;1.00000e+00;8.85427e-01;Pipeline { filter(avg_X > 0.0000) }
datasets/geolife_60mins.csv;nsga2;3;10;1000;1000;4.18590e+01;100;11;89;1.00000e+00;1.00000e+00;1.20000e-01;9.60069e-01;2.05490e-01;7.04427e-01;Pipeline { map_duplicate(probability=0.10) | filter(avg_Y > 47.3000) | map_noise(attribute=avg_X, percentage=0.05) };9.26629e-01;1.00000e+00;8.85427e-01;Pipeline { filter(avg_X > 0.0000) };9.18608e-01;1.00000e+00;1.00000e+00;Pipeline { filter(avg_X < 1490000000.0000) };9.26629e-01;1.00000e+00;8.85427e-01;Pipeline { filter(avg_X > 0.0000) };9.26629e-01;1.00000e+00;8.85427e-01;Pipeline { filter(avg_X > 0.0042) };9.26629e-01;1.00000e+00;8.85427e-01;Pipeline { filter(avg_X > 5.8300) }
datasets/geolife_60mins.csv;nsga2;3;11;1100;1100;4.51220e+01;100;17;83;1.00000e+00;1.00000e+00;1.50000e-01;9.60069e-01;2.05490e-01;7.04427e-01;Pipeline { map_duplicate(probability=0.10) | filter(avg_Y > 47.3000) | map_noise(attribute=avg_X, percentage=0.05) };9.26629e-01;1.00000e+00;8.85427e-01;Pipeline { filter(avg_X > 8.8200) };9.18608e-01;1.00000e+00;1.00000e+00;Pipeline { filter(avg_Y < 4450000.0000) };9.26629e-01;1.00000e+00;8.85427e-01;Pipeline { filter(avg_X > 9.1200) };9.26629e-01;1.00000e+00;8.85427e-01;Pipeline { filter(avg_X > 0.0000) };9.26629e-01;1.00000e+00;8.85427e-01;Pipeline { filter(avg_X > 0.0007) }
datasets/geolife_60mins.csv;nsga2;3;12;1200;1200;4.83280e+01;100;33;61;1.00000e+00;1.00000e+00;2.20000e-01;9.60991e-01;2.11594e-01;7.05415e-01;Pipeline { map_duplicate(probability=0.10) | filter(avg_Y > 65.3000) | map_noise(attribute=avg_X, percentage=0.05) };9.26629e-01;1.00000e+00;8.85427e-01;Pipeline { filter(avg_X > 541.0000) };9.18608e-01;1.00000e+00;1.00000e+00;Pipeline { filter(avg_X < 47300000.0000) };9.26629e-01;1.00000e+00;8.85427e-01;Pipeline { filter(avg_X > 0.0582) };9.26629e-01;1.00000e+00;8.85427e-01;Pipeline { filter(avg_X > 0.0004) };9.18771e-01;1.00000e+00;9.99657e-01;Pipeline { filter(avg_X < 4410000.0000) }
datasets/geolife_60mins.csv;nsga2;3;13;1300;1300;5.13340e+01;100;56;34;1.00000e+00;1.00000e+00;2.80000e-01;9.60991e-01;2.11594e-01;7.05415e-01;Pipeline { map_duplicate(probability=0.10) | filter(avg_Y > 65.3000) | map_noise(attribute=avg_X, percentage=0.05) };9.26629e-01;1.00000e+00;8.85427e-01;Pipeline { filter(avg_X > 5790.0000) };9.18608e-01;1.00000e+00;1.00000e+00;Pipeline { filter(avg_X < 473000000.0000) };9.26629e-01;1.00000e+00;8.85427e-01;Pipeline { filter(avg_X > 8.8200) };9.26629e-01;1.00000e+00;8.85427e-01;Pipeline { filter(avg_X > 0.0009) };9.18608e-01;1.00000e+00;1.00000e+00;Pipeline { filter(avg_X < 463000000.0000) }
datasets/geolife_60mins.csv;nsga2;3;14;1400;1400;5.40930e+01;100;87;6;1.00000e+00;1.00000e+00;2.70000e-01;9.61730e-01;4.72607e-01;7.25285e-01;Pipeline { map_duplicate(probability=0.10) | filter(avg_Y > 5.3000) | map_noise(attribute=avg_Y, percentage=0.05) };9.34302e-01;1.00000e+00;9.08702e-01;Pipeline { filter(avg_Y < 226000.0000) };9.18608e-01;1.00000e+00;1.00000e+00;Pipeline { filter(avg_X < 52200000.0000) };9.19007e-01;1.00000e+00;9.92108e-01;Pipeline { filter(avg_X < 1910000.0000) };9.18608e-01;1.00000e+00;1.00000e+00;Pipeline { filter(avg_Y < 4180000.0000) };9.18608e-01;1.00000e+00;1.00000e+00;Pipeline { filter(avg_Y < 93300000.0000) }
datasets/geolife_60mins.csv;nsga2;3;15;1500;1500;5.70600e+01;100;100;100;1.00000e+00;1.00000e+00;1.50000e-01;9.61730e-01;4.72607e-01;7.25285e-01;Pipeline { map_duplicate(probability=0.10) | filter(avg_Y > 5.3000) | map_noise(attribute=avg_Y, percentage=0.05) };9.18771e-01;1.00000e+00;9.99657e-01;Pipeline { filter(avg_X < 4160000.0000) };9.18608e-01;1.00000e+00;1.00000e+00;Pipeline { filter(avg_X < 907000000.0000) };9.18608e-01;1.00000e+00;1.00000e+00;Pipeline { filter(avg_X < 40000000.0000) };9.18608e-01;1.00000e+00;1.00000e+00;Pipeline { filter(avg_X < 476000000.0000) };9.18608e-01;1.00000e+00;1.00000e+00;Pipeline { filter(avg_X < 230000000.0000) }
datasets/geolife_60mins.csv;nsga2;3;16;1600;1600;5.99080e+01;100;100;100;1.00000e+00;1.00000e+00;1.50000e-01;9.61730e-01;4.72607e-01;7.25285e-01;Pipeline { map_duplicate(probability=0.10) | filter(avg_Y > 5.3000) | map_noise(attribute=avg_Y, percentage=0.05) };9.19787e-01;1.00000e+00;9.84680e-01;Pipeline { filter(avg_Y < 1950000.0000) };9.18608e-01;1.00000e+00;1.00000e+00;Pipeline { filter(avg_X < 140000000.0000) };9.18608e-01;1.00000e+00;1.00000e+00;Pipeline { filter(avg_Y < 54200000.0000) };9.18608e-01;1.00000e+00;1.00000e+00;Pipeline { filter(avg_X < 1230000000.0000) };9.18608e-01;1.00000e+00;1.00000e+00;Pipeline { filter(avg_X < 4040000000.0000) }
datasets/geolife_60mins.csv;nsga2;3;17;1700;1700;6.26090e+01;100;100;100;1.00000e+00;1.00000e+00;1.60000e-01;9.61730e-01;4.72607e-01;7.25285e-01;Pipeline { map_duplicate(probability=0.10) | filter(avg_Y > 5.3000) | map_noise(attribute=avg_Y, percentage=0.05) };9.18771e-01;1.00000e+00;9.99657e-01;Pipeline { filter(avg_X < 4160000.0000) };9.18608e-01;1.00000e+00;1.00000e+00;Pipeline { filter(avg_X < 5990000000.0000) };9.18608e-01;1.00000e+00;1.00000e+00;Pipeline { filter(avg_X < 453000000.0000) };9.18608e-01;1.00000e+00;1.00000e+00;Pipeline { filter(avg_Y < 650000000.0000) };9.18608e-01;1.00000e+00;1.00000e+00;Pipeline { filter(avg_Y < 66200000.0000) }
datasets/geolife_60mins.csv;nsga2;3;18;1800;1800;6.52920e+01;100;100;100;1.00000e+00;1.00000e+00;1.60000e-01;9.61730e-01;4.72607e-01;7.25285e-01;Pipeline { map_duplicate(probability=0.10) | filter(avg_Y > 5.3000) | map_noise(attribute=avg_Y, percentage=0.05) };9.19787e-01;1.00000e+00;9.84680e-01;Pipeline { filter(avg_Y < 1950000.0000) };9.18608e-01;1.00000e+00;1.00000e+00;Pipeline { filter(avg_X < 1770000000.0000) };9.18608e-01;1.00000e+00;1.00000e+00;Pipeline { filter(avg_X < 4010000000.0000) };9.18608e-01;1.00000e+00;1.00000e+00;Pipeline { filter(avg_X < 55200000.0000) };9.18608e-01;1.00000e+00;1.00000e+00;Pipeline { filter(avg_X < 49300000.0000) }
datasets/geolife_60mins.csv;nsga2;3;19;1900;1900;6.77670e+01;100;100;100;1.00000e+00;1.00000e+00;1.60000e-01;9.61730e-01;4.72607e-01;7.25285e-01;Pipeline { map_duplicate(probability=0.10) | filter(avg_Y > 5.3000) | map_noise(attribute=avg_Y, percentage=0.05) };9.18771e-01;1.00000e+00;9.99657e-01;Pipeline { filter(avg_X < 4160000.0000) };9.18608e-01;1.00000e+00;1.00000e+00;Pipeline { filter(avg_Y < 902000000.0000) };9.18608e-01;1.00000e+00;1.00000e+00;Pipeline { filter(avg_X < 78200000.0000) };9.18608e-01;1.00000e+00;1.00000e+00;Pipeline { filter(avg_X < 580000000.0000) };9.18608e-01;1.00000e+00;1.00000e+00;Pipeline { filter(avg_Y < 32400000.0000) }
datasets/geolife_60mins.csv;nsga2;3;20;2000;2000;7.09150e+01;100;100;100;1.00000e+00;1.00000e+00;1.50000e-01;9.61730e-01;4.72607e-01;7.25285e-01;Pipeline { map_duplicate(probability=0.10) | filter(avg_Y > 5.3000) | map_noise(attribute=avg_Y, percentage=0.05) };9.18779e-01;1.00000e+00;9.99137e-01;Pipeline { filter(avg_X < 2450000.0000) };9.18608e-01;1.00000e+00;1.00000e+00;Pipeline { filter(avg_Y < 5340000000.0000) };9.18608e-01;1.00000e+00;1.00000e+00;Pipeline { filter(avg_X < 9170000.0000) };9.18608e-01;1.00000e+00;1.00000e+00;Pipeline { filter(avg_Y < 40400000.0000) };9.18608e-01;1.00000e+00;1.00000e+00;Pipeline { filter(avg_Y < 41400000.0000) }
datasets/geolife_60mins.csv;nsga2;3;21;2100;2100;7.34470e+01;100;100;100;1.00000e+00;1.00000e+00;1.50000e-01;9.61730e-01;4.72607e-01;7.25285e-01;Pipeline { map_duplicate(probability=0.10) | filter(avg_Y > 5.3000) | map_noise(attribute=avg_Y, percentage=0.05) };9.18771e-01;1.00000e+00;9.99657e-01;Pipeline { filter(avg_X < 4160000.0000) };9.18608e-01;1.00000e+00;1.00000e+00;Pipeline { filter(avg_X < 1770000000.0000) };9.18608e-01;1.00000e+00;1.00000e+00;Pipeline { filter(avg_Y < 5650000000.0000) };9.18608e-01;1.00000e+00;1.00000e+00;Pipeline { filter(avg_X < 433000000.0000) };9.18608e-01;1.00000e+00;1.00000e+00;Pipeline { filter(avg_X < 9070000.0000) }
datasets/geolife_60mins.csv;nsga2;3;22;2200;2200;7.61450e+01;100;100;100;1.00000e+00;1.00000e+00;1.40000e-01;9.61730e-01;4.72607e-01;7.25285e-01;Pipeline { map_duplicate(probability=0.10) | filter(avg_Y > 5.3000) | map_noise(attribute=avg_Y, percentage=0.05) };9.18771e-01;1.00000e+00;9.99657e-01;Pipeline { filter(avg_X < 3750000.0000) };9.18608e-01;1.00000e+00;1.00000e+00;Pipeline { filter(avg_X < 6330000000.0000) };9.18608e-01;1.00000e+00;1.00000e+00;Pipeline { filter(avg_X < 11400000.0000) };9.18608e-01;1.00000e+00;1.00000e+00;Pipeline { filter(avg_Y < 9190000.0000) };9.18608e-01;1.00000e+00;1.00000e+00;Pipeline { filter(avg_Y < 66400000.0000) }
datasets/geolife_60mins.csv;nsga2;3;23;2300;2300;7.91870e+01;100;100;100;1.00000e+00;1.00000e+00;1.40000e-01;9.61730e-01;4.72607e-01;7.25285e-01;Pipeline { map_duplicate(probability=0.10) | filter(avg_Y > 5.3000) | map_noise(attribute=avg_Y, percentage=0.05) };9.18779e-01;1.00000e+00;9.99137e-01;Pipeline { filter(avg_X < 2490000.0000) };9.18608e-01;1.00000e+00;1.00000e+00;Pipeline { filter(avg_Y < 286000000.0000) };9.18608e-01;1.00000e+00;1.00000e+00;Pipeline { filter(avg_Y < 78500000.0000) };9.18608e-01;1.00000e+00;1.00000e+00;Pipeline { filter(avg_Y < 1820000000.0000) };9.18608e-01;1.00000e+00;1.00000e+00;Pipeline { filter(avg_Y < 4030000.0000) }
datasets/geolife_60mins.csv;nsga2;3;24;2400;2400;8.23300e+01;100;100;100;1.00000e+00;1.00000e+00;1.50000e-01;9.61730e-01;4.72607e-01;7.25285e-01;Pipeline { map_duplicate(probability=0.10) | filter(avg_Y > 5.3000) | map_noise(attribute=avg_Y, percentage=0.05) };9.18771e-01;1.00000e+00;9.99657e-01;Pipeline { filter(avg_X < 3750000.0000) };9.18608e-01;1.00000e+00;1.00000e+00;Pipeline { filter(avg_Y < 71000000.0000) };9.18608e-01;1.00000e+00;1.00000e+00;Pipeline { filter(avg_Y < 2540000000.0000) };9.18608e-01;1.00000e+00;1.00000e+00;Pipeline { filter(avg_X < 509000000.0000) };9.18608e-01;1.00000e+00;1.00000e+00;Pipeline { filter(avg_X < 1720000000.0000) }
datasets/geolife_60mins.csv;nsga2;3;25;2500;2500;8.52340e+01;100;100;100;1.00000e+00;1.00000e+00;1.60000e-01;9.61730e-01;4.72607e-01;7.25285e-01;Pipeline { map_duplicate(probability=0.10) | filter(avg_Y > 5.3000) | map_noise(attribute=avg_Y, percentage=0.05) };9.19829e-01;1.00000e+00;9.84340e-01;Pipeline { filter(avg_Y < 1770000.0000) };9.18608e-01;1.00000e+00;1.00000e+00;Pipeline { filter(avg_Y < 31200000.0000) };9.18608e-01;1.00000e+00;1.00000e+00;Pipeline { filter(avg_Y < 794000000.0000) };9.18608e-01;1.00000e+00;1.00000e+00;Pipeline { filter(avg_X < 457000000.0000) };9.18608e-01;1.00000e+00;1.00000e+00;Pipeline { filter(avg_X < 1560000000.0000) }
datasets/geolife_60mins.csv;nsga2;3;26;2600;2600;8.80960e+01;100;100;100;1.00000e+00;1.00000e+00;1.70000e-01;9.61730e-01;4.72607e-01;7.25285e-01;Pipeline { map_duplicate(probability=0.10) | filter(avg_Y > 5.3000) | map_noise(attribute=avg_Y, percentage=0.05) };9.18771e-01;1.00000e+00;9.99657e-01;Pipeline { filter(avg_X < 3750000.0000) };9.18608e-01;1.00000e+00;1.00000e+00;Pipeline { filter(avg_Y < 947000000.0000) };9.18608e-01;1.00000e+00;1.00000e+00;Pipeline { filter(avg_Y < 140000000.0000) };9.18608e-01;1.00000e+00;1.00000e+00;Pipeline { filter(avg_X < 1790000000.0000) };9.18608e-01;1.00000e+00;1.00000e+00;Pipeline { filter(avg_X < 274000000.0000) }
datasets/geolife_60mins.csv;nsga2;3;27;2700;2700;9.09840e+01;100;100;100;1.00000e+00;1.00000e+00;1.90000e-01;9.61730e-01;4.72607e-01;7.25285e-01;Pipeline { map_duplicate(probability=0.10) | filter(avg_Y > 5.3000) | map_noise(attribute=avg_Y, percentage=0.05) };9.19829e-01;1.00000e+00;9.84340e-01;Pipeline { filter(avg_Y < 1770000.0000) };9.18608e-01;1.00000e+00;1.00000e+00;Pipeline { filter(avg_Y < 7900000.0000) };9.18608e-01;1.00000e+00;1.00000e+00;Pipeline { filter(avg_Y < 71800000.0000) };9.18608e-01;1.00000e+00;1.00000e+00;Pipeline { filter(avg_X < 9320000.0000) };9.18608e-01;1.00000e+00;1.00000e+00;Pipeline { filter(avg_X < 9010000000.0000) }
datasets/geolife_60mins.csv;nsga2;3;28;2800;2800;9.41470e+01;100;100;100;1.00000e+00;1.00000e+00;2.00000e-01;9.61730e-01;4.72607e-01;7.25285e-01;Pipeline { map_duplicate(probability=0.10) | filter(avg_Y > 5.3000) | map_noise(attribute=avg_Y, percentage=0.05) };9.18771e-01;1.00000e+00;9.99657e-01;Pipeline { filter(avg_X < 3300000.0000) };9.18608e-01;1.00000e+00;1.00000e+00;Pipeline { filter(avg_X < 7290000000.0000) };9.18608e-01;1.00000e+00;1.00000e+00;Pipeline { filter(avg_X < 76000000.0000) };9.18608e-01;1.00000e+00;1.00000e+00;Pipeline { filter(avg_X < 829000000.0000) };9.18608e-01;1.00000e+00;1.00000e+00;Pipeline { filter(avg_Y < 203000000.0000) }
datasets/geolife_60mins.csv;nsga2;3;29;2900;2900;9.73700e+01;100;100;100;1.00000e+00;1.00000e+00;2.10000e-01;9.64425e-01;4.63128e-01;7.24665e-01;Pipeline { map_duplicate(probability=0.10) | filter(avg_Y > 97.3000) | map_noise(attribute=avg_Y, percentage=0.05) };9.19829e-01;1.00000e+00;9.84340e-01;Pipeline { filter(avg_Y < 1770000.0000) };9.18608e-01;1.00000e+00;1.00000e+00;Pipeline { filter(avg_Y < 9130000.0000) };9.18608e-01;1.00000e+00;1.00000e+00;Pipeline { filter(avg_Y < 3170000.0000) };9.18608e-01;1.00000e+00;1.00000e+00;Pipeline { filter(avg_X < 9960000000.0000) };9.18608e-01;1.00000e+00;1.00000e+00;Pipeline { filter(avg_X < 850000000.0000) }
datasets/geolife_60mins.csv;nsga2;3;30;3000;3000;1.00006e+02;100;100;100;1.00000e+00;1.00000e+00;2.30000e-01;9.64425e-01;4.63128e-01;7.24665e-01;Pipeline { map_duplicate(probability=0.10) | filter(avg_Y > 97.3000) | map_noise(attribute=avg_Y, percentage=0.05) };9.18771e-01;1.00000e+00;9.99657e-01;Pipeline { filter(avg_X < 3300000.0000) };9.18608e-01;1.00000e+00;1.00000e+00;Pipeline { filter(avg_X < 7390000000.0000) };9.18771e-01;1.00000e+00;9.99657e-01;Pipeline { filter(avg_X < 3610000.0000) };9.18608e-01;1.00000e+00;1.00000e+00;Pipeline { filter(avg_X < 198000000.0000) };9.18608e-01;1.00000e+00;1.00000e+00;Pipeline { filter(avg_X < 7890000000.0000) }
datasets/geolife_60mins.csv;nsga2;3;31;3100;3100;1.03006e+02;100;100;100;1.00000e+00;1.00000e+00;2.30000e-01;9.64425e-01;4.63128e-01;7.24665e-01;Pipeline { map_duplicate(probability=0.10) | filter(avg_Y > 97.3000) | map_noise(attribute=avg_Y, percentage=0.05) };9.19829e-01;1.00000e+00;9.84340e-01;Pipeline { filter(avg_Y < 1770000.0000) };9.18608e-01;1.00000e+00;1.00000e+00;Pipeline { filter(avg_Y < 896000000.0000) };9.18771e-01;1.00000e+00;9.99657e-01;Pipeline { filter(avg_X < 3300000.0000) };9.18608e-01;1.00000e+00;1.00000e+00;Pipeline { filter(avg_Y < 898000000.0000) };9.18608e-01;1.00000e+00;1.00000e+00;Pipeline { filter(avg_Y < 8260000.0000) }
datasets/geolife_60mins.csv;nsga2;3;32;3200;3200;1.05438e+02;100;100;100;1.00000e+00;1.00000e+00;2.40000e-01;9.64425e-01;4.63128e-01;7.24665e-01;Pipeline { map_duplicate(probability=0.10) | filter(avg_Y > 97.3000) | map_noise(attribute=avg_Y, percentage=0.05) };9.18771e-01;1.00000e+00;9.99657e-01;Pipeline { filter(avg_X < 3640000.0000) };9.18608e-01;1.00000e+00;1.00000e+00;Pipeline { filter(avg_X < 7020000000.0000) };9.18779e-01;1.00000e+00;9.99137e-01;Pipeline { filter(avg_X < 2490000.0000) };9.18608e-01;1.00000e+00;1.00000e+00;Pipeline { filter(avg_X < 879000000.0000) };9.18608e-01;1.00000e+00;1.00000e+00;Pipeline { filter(avg_Y < 8280000.0000) }
datasets/geolife_60mins.csv;nsga2;3;33;3300;3300;1.08011e+02;100;100;100;1.00000e+00;1.00000e+00;2.40000e-01;9.64425e-01;4.63128e-01;7.24665e-01;Pipeline { map_duplicate(probability=0.10) | filter(avg_Y > 97.3000) | map_noise(attribute=avg_Y, percentage=0.05) };9.19829e-01;1.00000e+00;9.84340e-01;Pipeline { filter(avg_Y < 1770000.0000) };9.18608e-01;1.00000e+00;1.00000e+00;Pipeline { filter(avg_Y < 5370000.0000) };9.18779e-01;1.00000e+00;9.99137e-01;Pipeline { filter(avg_X < 2290000.0000) };9.18608e-01;1.00000e+00;1.00000e+00;Pipeline { filter(avg_X < 2440000000.0000) };9.18608e-01;1.00000e+00;1.00000e+00;Pipeline { filter(avg_X < 9540000000.0000) }
datasets/geolife_60mins.csv;nsga2;3;34;3400;3400;1.10911e+02;100;100;100;1.00000e+00;1.00000e+00;2.40000e-01;9.64425e-01;4.63128e-01;7.24665e-01;Pipeline { map_duplicate(probability=0.10) | filter(avg_Y > 97.3000) | map_noise(attribute=avg_Y, percentage=0.05) };9.18771e-01;1.00000e+00;9.99657e-01;Pipeline { filter(avg_X < 2800000.0000) };9.18608e-01;1.00000e+00;1.00000e+00;Pipeline { filter(avg_X < 595000000.0000) };9.18779e-01;1.00000e+00;9.99137e-01;Pipeline { filter(avg_X < 2490000.0000) };9.18608e-01;1.00000e+00;1.00000e+00;Pipeline { filter(avg_Y < 896000000.0000) };9.18608e-01;1.00000e+00;1.00000e+00;Pipeline { filter(avg_X < 825000000.0000) }
datasets/geolife_60mins.csv;nsga2;3;35;3500;3500;1.13766e+02;100;100;100;1.00000e+00;9.90000e-01;2.10000e-01;9.64425e-01;4.63128e-01;7.24665e-01;Pipeline { map_duplicate(probability=0.10) | filter(avg_Y > 97.3000) | map_noise(attribute=avg_Y, percentage=0.05) };9.19829e-01;1.00000e+00;9.84340e-01;Pipeline { filter(avg_Y < 1770000.0000) };9.18608e-01;1.00000e+00;1.00000e+00;Pipeline { filter(avg_Y < 75200000.0000) };9.18771e-01;1.00000e+00;9.99657e-01;Pipeline { filter(avg_X < 4640000.0000) };9.18608e-01;1.00000e+00;1.00000e+00;Pipeline { filter(avg_X < 9970000000.0000) };9.18608e-01;1.00000e+00;1.00000e+00;Pipeline { filter(avg_Y < 683000000.0000) }
datasets/geolife_60mins.csv;nsga2;3;36;3600;3600;1.16290e+02;100;100;100;1.00000e+00;1.00000e+00;2.10000e-01;9.64425e-01;4.63128e-01;7.24665e-01;Pipeline { map_duplicate(probability=0.10) | filter(avg_Y > 97.3000) | map_noise(attribute=avg_Y, percentage=0.05) };9.18771e-01;1.00000e+00;9.99657e-01;Pipeline { filter(avg_X < 3920000.0000) };9.18608e-01;1.00000e+00;1.00000e+00;Pipeline { filter(avg_X < 283000000.0000) };9.18771e-01;1.00000e+00;9.99657e-01;Pipeline { filter(avg_X < 3920000.0000) };9.18608e-01;1.00000e+00;1.00000e+00;Pipeline { filter(avg_X < 2160000000.0000) };9.18608e-01;1.00000e+00;1.00000e+00;Pipeline { filter(avg_Y < 3020000000.0000) }
datasets/geolife_60mins.csv;nsga2;3;37;3700;3700;1.18862e+02;100;100;100;1.00000e+00;1.00000e+00;2.10000e-01;9.64425e-01;4.63128e-01;7.24665e-01;Pipeline { map_duplicate(probability=0.10) | filter(avg_Y > 97.3000) | map_noise(attribute=avg_Y, percentage=0.05) };9.19829e-01;1.00000e+00;9.84340e-01;Pipeline { filter(avg_Y < 1770000.0000) };9.18608e-01;1.00000e+00;1.00000e+00;Pipeline { filter(avg_Y < 40400000.0000) };9.18771e-01;1.00000e+00;9.99657e-01;Pipeline { filter(avg_X < 4640000.0000) };9.18608e-01;1.00000e+00;1.00000e+00;Pipeline { filter(avg_Y < 5330000.0000) };9.18608e-01;1.00000e+00;1.00000e+00;Pipeline { filter(avg_Y < 367000000.0000) }
datasets/geolife_60mins.csv;nsga2;3;38;3800;3800;1.21649e+02;100;100;100;1.00000e+00;1.00000e+00;2.20000e-01;9.64425e-01;4.63128e-01;7.24665e-01;Pipeline { map_duplicate(probability=0.10) | filter(avg_Y > 97.3000) | map_noise(attribute=avg_Y, percentage=0.05) };9.18771e-01;1.00000e+00;9.99657e-01;Pipeline { filter(avg_X < 3340000.0000) };9.18608e-01;1.00000e+00;1.00000e+00;Pipeline { filter(avg_Y < 45300000.0000) };9.18779e-01;1.00000e+00;9.99137e-01;Pipeline { filter(avg_X < 2490000.0000) };9.18608e-01;1.00000e+00;1.00000e+00;Pipeline { filter(avg_X < 9010000000.0000) };9.18608e-01;1.00000e+00;1.00000e+00;Pipeline { filter(avg_Y < 6620000.0000) }
datasets/geolife_60mins.csv;nsga2;3;39;3900;3900;1.24344e+02;100;100;100;1.00000e+00;1.00000e+00;2.30000e-01;9.64425e-01;4.63128e-01;7.24665e-01;Pipeline { map_duplicate(probability=0.10) | filter(avg_Y > 97.3000) | map_noise(attribute=avg_Y, percentage=0.05) };9.19829e-01;1.00000e+00;9.84340e-01;Pipeline { filter(avg_Y < 1770000.0000) };9.18608e-01;1.00000e+00;1.00000e+00;Pipeline { filter(avg_Y < 5810000.0000) };9.18779e-01;1.00000e+00;9.99137e-01;Pipeline { filter(avg_X < 2490000.0000) };9.18608e-01;1.00000e+00;1.00000e+00;Pipeline { filter(avg_Y < 5810000.0000) };9.18608e-01;1.00000e+00;1.00000e+00;Pipeline { filter(avg_X < 357000000.0000) }
datasets/geolife_60mins.csv;nsga2;3;40;4000;4000;1.27081e+02;100;100;100;1.00000e+00;1.00000e+00;2.60000e-01;9.64425e-01;4.63128e-01;7.24665e-01;Pipeline { map_duplicate(probability=0.10) | filter(avg_Y > 97.3000) | map_noise(attribute=avg_Y, percentage=0.05) };9.18771e-01;1.00000e+00;9.99657e-01;Pipeline { filter(avg_X < 3570000.0000) };9.18608e-01;1.00000e+00;1.00000e+00;Pipeline { filter(avg_X < 353000000.0000) };9.19073e-01;1.00000e+00;9.92903e-01;Pipeline { filter(avg_Y < 2450000.0000) };9.27852e-01;1.00000e+00;9.46503e-01;Pipeline { filter(avg_Y < 675000.0000) };9.18608e-01;1.00000e+00;1.00000e+00;Pipeline { filter(avg_X < 327000000.0000) }
datasets/geolife_60mins.csv;nsga2;3;41;4100;4100;1.29875e+02;100;100;100;1.00000e+00;1.00000e+00;2.60000e-01;9.64425e-01;4.63128e-01;7.24665e-01;Pipeline { map_duplicate(probability=0.10) | filter(avg_Y > 97.3000) | map_noise(attribute=avg_Y, percentage=0.05) };9.19829e-01;1.00000e+00;9.84340e-01;Pipeline { filter(avg_Y < 1770000.0000) };9.18608e-01;1.00000e+00;1.00000e+00;Pipeline { filter(avg_Y < 42800000.0000) };9.19790e-01;1.00000e+00;9.84704e-01;Pipeline { filter(avg_Y < 2280000.0000) };9.26707e-01;1.00000e+00;9.78508e-01;Pipeline { filter(avg_Y < 1130000.0000) };9.18608e-01;1.00000e+00;1.00000e+00;Pipeline { filter(avg_Y < 5800000.0000) }
datasets/geolife_60mins.csv;nsga2;3;42;4200;4200;1.32442e+02;100;100;100;1.00000e+00;1.00000e+00;2.60000e-01;9.64425e-01;4.63128e-01;7.24665e-01;Pipeline { map_duplicate(probability=0.10) | filter(avg_Y > 97.3000) | map_noise(attribute=avg_Y, percentage=0.05) };9.19829e-01;1.00000e+00;9.84340e-01;Pipeline { filter(avg_Y < 1770000.0000) };9.18608e-01;1.00000e+00;1.00000e+00;Pipeline { filter(avg_Y < 5840000.0000) };9.19790e-01;1.00000e+00;9.84704e-01;Pipeline { filter(avg_Y < 2280000.0000) };9.26707e-01;1.00000e+00;9.78508e-01;Pipeline { filter(avg_Y < 1130000.0000) };9.18608e-01;1.00000e+00;1.00000e+00;Pipeline { filter(avg_Y < 5830000.0000) }
datasets/geolife_60mins.csv;nsga2;3;43;4300;4300;1.35654e+02;100;100;100;1.00000e+00;1.00000e+00;2.60000e-01;9.64425e-01;4.63128e-01;7.24665e-01;Pipeline { map_duplicate(probability=0.10) | filter(avg_Y > 97.3000) | map_noise(attribute=avg_Y, percentage=0.05) };9.18771e-01;1.00000e+00;9.99657e-01;Pipeline { filter(avg_X < 4570000.0000) };9.18608e-01;1.00000e+00;1.00000e+00;Pipeline { filter(avg_Y < 4680000.0000) };9.19790e-01;1.00000e+00;9.84704e-01;Pipeline { filter(avg_Y < 2280000.0000) };9.26707e-01;1.00000e+00;9.78508e-01;Pipeline { filter(avg_Y < 1130000.0000) };9.18608e-01;1.00000e+00;1.00000e+00;Pipeline { filter(avg_X < 159000000.0000) }
datasets/geolife_60mins.csv;nsga2;3;44;4400;4400;1.38621e+02;100;100;100;1.00000e+00;1.00000e+00;2.70000e-01;9.64425e-01;4.63128e-01;7.24665e-01;Pipeline { map_duplicate(probability=0.10) | filter(avg_Y > 97.3000) | map_noise(attribute=avg_Y, percentage=0.05) };9.19829e-01;1.00000e+00;9.84340e-01;Pipeline { filter(avg_Y < 1650000.0000) };9.18608e-01;1.00000e+00;1.00000e+00;Pipeline { filter(avg_Y < 43500000.0000) };9.19829e-01;1.00000e+00;9.84340e-01;Pipeline { filter(avg_Y < 1770000.0000) };9.33909e-01;1.00000e+00;9.43425e-01;Pipeline { filter(avg_Y < 584000.0000) };9.18608e-01;1.00000e+00;1.00000e+00;Pipeline { filter(avg_Y < 4490000000.0000) }
datasets/geolife_60mins.csv;nsga2;3;45;4500;4500;1.41288e+02;100;100;100;1.00000e+00;1.00000e+00;2.80000e-01;9.64425e-01;4.63128e-01;7.24665e-01;Pipeline { map_duplicate(probability=0.10) | filter(avg_Y > 97.3000) | map_noise(attribute=avg_Y, percentage=0.05) };9.18771e-01;1.00000e+00;9.99657e-01;Pipeline { filter(avg_X < 4570000.0000) };9.18608e-01;1.00000e+00;1.00000e+00;Pipeline { filter(avg_X < 25100000.0000) };9.19829e-01;1.00000e+00;9.84340e-01;Pipeline { filter(avg_Y < 1770000.0000) };9.33909e-01;1.00000e+00;9.43425e-01;Pipeline { filter(avg_Y < 580000.0000) };9.18608e-01;1.00000e+00;1.00000e+00;Pipeline { filter(avg_X < 57600000.0000) }
datasets/geolife_60mins.csv;nsga2;3;46;4600;4600;1.44233e+02;100;100;100;1.00000e+00;1.00000e+00;2.80000e-01;9.64425e-01;4.63128e-01;7.24665e-01;Pipeline { map_duplicate(probability=0.10) | filter(avg_Y > 97.3000) | map_noise(attribute=avg_Y, percentage=0.05) };9.19829e-01;1.00000e+00;9.84340e-01;Pipeline { filter(avg_Y < 1770000.0000) };9.18608e-01;1.00000e+00;1.00000e+00;Pipeline { filter(avg_X < 744000000.0000) };9.19829e-01;1.00000e+00;9.84340e-01;Pipeline { filter(avg_Y < 1770000.0000) };9.33909e-01;1.00000e+00;9.43425e-01;Pipeline { filter(avg_Y < 584000.0000) };9.18608e-01;1.00000e+00;1.00000e+00;Pipeline { filter(avg_Y < 980000000.0000) }
datasets/geolife_60mins.csv;nsga2;3;47;4700;4700;1.47048e+02;100;100;100;1.00000e+00;1.00000e+00;2.80000e-01;9.64425e-01;4.63128e-01;7.24665e-01;Pipeline { map_duplicate(probability=0.10) | filter(avg_Y > 97.3000) | map_noise(attribute=avg_Y, percentage=0.05) };9.18771e-01;1.00000e+00;9.99657e-01;Pipeline { filter(avg_X < 4090000.0000) };9.18608e-01;1.00000e+00;1.00000e+00;Pipeline { filter(avg_X < 83500000.0000) };9.19832e-01;1.00000e+00;9.84327e-01;Pipeline { filter(avg_Y < 1450000.0000) };9.33909e-01;1.00000e+00;9.43425e-01;Pipeline { filter(avg_Y < 580000.0000) };9.18608e-01;1.00000e+00;1.00000e+00;Pipeline { filter(avg_Y < 29100000.0000) }
datasets/geolife_60mins.csv;nsga2;3;48;4800;4800;1.49699e+02;100;100;100;1.00000e+00;1.00000e+00;2.90000e-01;9.64425e-01;4.63128e-01;7.24665e-01;Pipeline { map_duplicate(probability=0.10) | filter(avg_Y > 97.3000) | map_noise(attribute=avg_Y, percentage=0.05) };9.19829e-01;1.00000e+00;9.84340e-01;Pipeline { filter(avg_Y < 1670000.0000) };9.18608e-01;1.00000e+00;1.00000e+00;Pipeline { filter(avg_Y < 22000000.0000) };9.19832e-01;1.00000e+00;9.84327e-01;Pipeline { filter(avg_Y < 1450000.0000) };9.33909e-01;1.00000e+00;9.43425e-01;Pipeline { filter(avg_Y < 580000.0000) };9.18608e-01;1.00000e+00;1.00000e+00;Pipeline { filter(avg_X < 73600000.0000) }
datasets/geolife_60mins.csv;nsga2;3;49;4900;4900;1.52468e+02;100;100;100;1.00000e+00;1.00000e+00;3.00000e-01;9.64425e-01;4.63128e-01;7.24665e-01;Pipeline { map_duplicate(probability=0.10) | filter(avg_Y > 97.3000) | map_noise(attribute=avg_Y, percentage=0.05) };9.18771e-01;1.00000e+00;9.99657e-01;Pipeline { filter(avg_X < 4090000.0000) };9.18608e-01;1.00000e+00;1.00000e+00;Pipeline { filter(avg_X < 970000000.0000) };9.19886e-01;1.00000e+00;9.83218e-01;Pipeline { filter(avg_Y < 1380000.0000) };9.33909e-01;1.00000e+00;9.43425e-01;Pipeline { filter(avg_Y < 579000.0000) };9.18608e-01;1.00000e+00;1.00000e+00;Pipeline { filter(avg_X < 350000000.0000) }
datasets/geolife_60mins.csv;nsga2;3;50;5000;5000;1.55022e+02;100;100;100;1.00000e+00;1.00000e+00;3.00000e-01;9.64425e-01;4.63128e-01;7.24665e-01;Pipeline { map_duplicate(probability=0.10) | filter(avg_Y > 97.3000) | map_noise(attribute=avg_Y, percentage=0.05) };9.19829e-01;1.00000e+00;9.84340e-01;Pipeline { filter(avg_Y < 1770000.0000) };9.18608e-01;1.00000e+00;1.00000e+00;Pipeline { filter(avg_Y < 568000000.0000) };9.19886e-01;1.00000e+00;9.83218e-01;Pipeline { filter(avg_Y < 1380000.0000) };9.33909e-01;1.00000e+00;9.43425e-01;Pipeline { filter(avg_Y < 580000.0000) };9.18608e-01;1.00000e+00;1.00000e+00;Pipeline { filter(avg_Y < 2930000000.0000) }
datasets/geolife_60mins.csv;nsga2;4;1;100;100;8.88500e+00;100;3;35;9.50000e-01;9.50000e-01;6.60000e-01;9.26629e-01;1.00000e+00;8.85427e-01;Pipeline { filter(avg_X > 944.0000) };5.07578e-01;1.00000e+00;7.03515e-01;Pipeline { map_duplicate(probability=1.00) | filter(avg_X > 0.9020) };9.18839e-01;8.87600e-01;8.87848e-01;Pipeline { map_noise(attribute=avg_Y, percentage=0.01) };6.09808e-01;9.83382e-01;7.08103e-01;Pipeline { filter(avg_Y > 8290.0000) | map_duplicate(probability=0.80) | filter(avg_X > 29.3000) | filter(avg_Y < 5790000.0000) };9.19100e-01;2.78695e-01;7.78332e-01;Pipeline { map_noise(attribute=avg_Y, percentage=0.10) };8.81087e-01;2.10158e-01;7.12967e-01;Pipeline { map_noise(attribute=avg_X, percentage=0.05) | filter(avg_Y > 0.0990) }
datasets/geolife_60mins.csv;nsga2;4;2;200;200;1.48640e+01;100;7;8;9.50000e-01;9.50000e-01;9.50000e-01;9.26629e-01;1.00000e+00;8.85427e-01;Pipeline { filter(avg_X > 8.5400) };5.07578e-01;1.00000e+00;7.03515e-01;Pipeline { map_duplicate(probability=1.00) | filter(avg_X > 0.9030) };9.18608e-01;1.00000e+00;1.00000e+00;Pipeline { filter(avg_Y < 91500000.0000) };9.18779e-01;1.00000e+00;9.99137e-01;Pipeline { filter(avg_X < 2340000.0000) };7.08093e-01;9.74593e-01;8.54373e-01;Pipeline { map_duplicate(probability=0.30) };9.20486e-01;5.15047e-01;8.02125e-01;Pipeline { map_noise(attribute=avg_X, percentage=0.01) | map_noise(attribute=avg_X, percentage=0.01) }
datasets/geolife_60mins.csv;nsga2;4;3;300;300;2.00110e+01;100;16;5;9.50000e-01;9.50000e-01;8.20000e-01;9.29752e-01;8.47003e-02;7.60787e-01;Pipeline { map_noise(attribute=avg_Y, percentage=0.05) | map_noise(attribute=avg_X, percentage=0.05) };4.59304e-01;1.00000e+00;7.13554e-01;Pipeline { map_duplicate(probability=1.00) };9.18608e-01;1.00000e+00;1.00000e+00;Pipeline { filter(avg_Y < 91600000.0000) };9.24143e-01;9.89276e-01;8.60447e-01;Pipeline { map_duplicate(probability=0.10) | filter(avg_X > 300.0000) | filter(avg_X > 8570.0000) };9.18608e-01;1.00000e+00;1.00000e+00;Pipeline { filter(avg_Y < 915000000.0000) };9.19011e-01;8.19028e-01;8.61380e-01;Pipeline { map_noise(attribute=avg_Y, percentage=0.01) | map_noise(attribute=avg_Y, percentage=0.01) }
datasets/geolife_60mins.csv;nsga2;4;4;400;400;2.37630e+01;100;37;4;9.90000e-01;9.90000e-01;6.00000e-01;9.29755e-01;4.87429e-02;7.34099e-01;Pipeline { map_noise(attribute=avg_X, percentage=0.25) | filter(avg_X > 0.2300) };5.27220e-01;1.00000e+00;6.86247e-01;Pipeline { map_duplicate(probability=1.00) | filter(avg_Y > 20900.0000) };9.18608e-01;1.00000e+00;1.00000e+00;Pipeline { filter(avg_X < 986000000.0000) };9.26611e-01;1.00000e+00;8.85427e-01;Pipeline { filter(avg_X > 7010.0000) };9.18779e-01;1.00000e+00;9.99137e-01;Pipeline { filter(avg_X < 2340000.0000) };9.26629e-01;1.00000e+00;8.85427e-01;Pipeline { filter(avg_X > 0.0000) }
datasets/geolife_60mins.csv;nsga2;4;5;500;500;2.67080e+01;100;64;3;9.90000e-01;9.90000e-01;4.70000e-01;9.29755e-01;4.87429e-02;7.34099e-01;Pipeline { map_noise(attribute=avg_X, percentage=0.25) | filter(avg_X > 0.2300) };9.24536e-01;1.00000e+00;8.82071e-01;Pipeline { filter(avg_X > 76100.0000) };9.18608e-01;1.00000e+00;1.00000e+00;Pipeline { filter(avg_Y < 915000000.0000) };9.26629e-01;1.00000e+00;8.85427e-01;Pipeline { filter(avg_X > 826.0000) };9.26629e-01;1.00000e+00;8.85427e-01;Pipeline { filter(avg_X > 0.0000) };9.18779e-01;1.00000e+00;9.99137e-01;Pipeline { filter(avg_X < 2440000.0000) }
datasets/geolife_60mins.csv;nsga2;4;6;600;600;2.96580e+01;100;57;43;9.90000e-01;9.90000e-01;2.10000e-01;9.32334e-01;1.00000e+00;9.29976e-01;Pipeline { filter(avg_Y < 461000.0000) };9.12983e-01;1.00000e+00;9.47370e-01;Pipeline { filter(avg_X < 896000.0000) };9.18608e-01;1.00000e+00;1.00000e+00;Pipeline { filter(avg_X < 8390000.0000) };9.26629e-01;1.00000e+00;8.85427e-01;Pipeline { filter(avg_X > 194.0000) };9.26629e-01;1.00000e+00;8.85427e-01;Pipeline { filter(avg_X > 0.0650) };9.18608e-01;1.00000e+00;1.00000e+00;Pipeline { filter(avg_X < 8120000.0000) }
datasets/geolife_60mins.csv;nsga2;4;7;700;700;3.23750e+01;100;91;9;1.00000e+00;1.00000e+00;1.90000e-01;9.32334e-01;1.00000e+00;9.29976e-01;Pipeline { filter(avg_Y < 461000.0000) };9.20761e-01;1.00000e+00;9.51434e-01;Pipeline { filter(avg_Y < 763000.0000) };9.18608e-01;1.00000e+00;1.00000e+00;Pipeline { filter(avg_Y < 91500000.0000) };9.18771e-01;1.00000e+00;9.99657e-01;Pipeline { filter(avg_X < 2870000.0000) };9.18608e-01;1.00000e+00;1.00000e+00;Pipeline { filter(avg_Y < 94500000.0000) };9.18608e-01;1.00000e+00;1.00000e+00;Pipeline { filter(avg_Y < 21400000.0000) }
datasets/geolife_60mins.csv;nsga2;4;8;800;800;3.53390e+01;100;100;100;1.00000e+00;1.00000e+00;1.30000e-01;9.35015e-01;1.00000e+00;9.13042e-01;Pipeline { filter(avg_Y < 300000.0000) };9.18771e-01;1.00000e+00;9.99657e-01;Pipeline { filter(avg_X < 3090000.0000) };9.18608e-01;1.00000e+00;1.00000e+00;Pipeline { filter(avg_X < 93400000.0000) };9.18608e-01;1.00000e+00;1.00000e+00;Pipeline { filter(avg_Y < 386000000.0000) };9.18608e-01;1.00000e+00;1.00000e+00;Pipeline { filter(avg_Y < 386000000.0000) };9.18608e-01;1.00000e+00;1.00000e+00;Pipeline { filter(avg_X < 63600000.0000) }
datasets/geolife_60mins.csv;nsga2;4;9;900;900;3.80070e+01;100;100;100;1.00000e+00;1.00000e+00;1.30000e-01;9.35015e-01;1.00000e+00;9.13042e-01;Pipeline { filter(avg_Y < 300000.0000) };9.18771e-01;1.00000e+00;9.99657e-01;Pipeline { filter(avg_X < 3340000.0000) };9.18608e-01;1.00000e+00;1.00000e+00;Pipeline { filter(avg_X < 9150000000.0000) };9.18608e-01;1.00000e+00;1.00000e+00;Pipeline { filter(avg_X < 6360000000.0000) };9.18608e-01;1.00000e+00;1.00000e+00;Pipeline { filter(avg_X < 6360000000.0000) };9.18608e-01;1.00000e+00;1.00000e+00;Pipeline { filter(avg_X < 96700000.0000) }
datasets/geolife_60mins.csv;nsga2;4;10;1000;1000;4.04850e+01;100;100;100;1.00000e+00;1.00000e+00;1.30000e-01;9.35015e-01;1.00000e+00;9.13042e-01;Pipeline { filter(avg_Y < 300000.0000) };9.18771e-01;1.00000e+00;9.99657e-01;Pipeline { filter(avg_X < 4330000.0000) };9.18608e-01;1.00000e+00;1.00000e+00;Pipeline { filter(avg_Y < 71300000.0000) };9.18608e-01;1.00000e+00;1.00000e+00;Pipeline { filter(avg_Y < 94700000.0000) };9.18608e-01;1.00000e+00;1.00000e+00;Pipeline { filter(avg_Y < 94700000.0000) };9.18608e-01;1.00000e+00;1.00000e+00;Pipeline { filter(avg_X < 633000000.0000) }
datasets/geolife_60mins.csv;nsga2;4;11;1100;1100;4.33330e+01;100;100;100;1.00000e+00;1.00000e+00;1.10000e-01;9.36791e-01;1.00000e+00;9.28596e-01;Pipeline { filter(avg_Y < 422000.0000) };9.18779e-01;1.00000e+00;9.99137e-01;Pipeline { filter(avg_X < 2440000.0000) };9.18608e-01;1.00000e+00;1.00000e+00;Pipeline { filter(avg_X < 78100000.0000) };9.18608e-01;1.00000e+00;1.00000e+00;Pipeline { filter(avg_X < 9670000000.0000) };9.18608e-01;1.00000e+00;1.00000e+00;Pipeline { filter(avg_X < 9670000000.0000) };9.18608e-01;1.00000e+00;1.00000e+00;Pipeline { filter(avg_X < 41000000.0000) }
datasets/geolife_60mins.csv;nsga2;4;12;1200;1200;4.59830e+01;100;100;100;1.00000e+00;1.00000e+00;1.20000e-01;9.36791e-01;1.00000e+00;9.28596e-01;Pipeline { filter(avg_Y < 422000.0000) };9.18771e-01;1.00000e+00;9.99657e-01;Pipeline { filter(avg_X < 4330000.0000) };9.18608e-01;1.00000e+00;1.00000e+00;Pipeline { filter(avg_X < 945000000.0000) };9.18608e-01;1.00000e+00;1.00000e+00;Pipeline { filter(avg_X < 6800000000.0000) };9.18608e-01;1.00000e+00;1.00000e+00;Pipeline { filter(avg_X < 6800000000.0000) };9.18608e-01;1.00000e+00;1.00000e+00;Pipeline { filter(avg_Y < 483000000.0000) }
datasets/geolife_60mins.csv;nsga2;4;13;1300;1300;4.84850e+01;100;100;100;1.00000e+00;1.00000e+00;1.20000e-01;9.36791e-01;1.00000e+00;9.28596e-01;Pipeline { filter(avg_Y < 422000.0000) };9.18771e-01;1.00000e+00;9.99657e-01;Pipeline { filter(avg_X < 3000000.0000) };9.18608e-01;1.00000e+00;1.00000e+00;Pipeline { filter(avg_Y < 915000000.0000) };9.18608e-01;1.00000e+00;1.00000e+00;Pipeline { filter(avg_Y < 909000000.0000) };9.18608e-01;1.00000e+00;1.00000e+00;Pipeline { filter(avg_Y < 909000000.0000) };9.18608e-01;1.00000e+00;1.00000e+00;Pipeline { filter(avg_Y < 3610000000.0000) }
datasets/geolife_60mins.csv;nsga2;4;14;1400;1400;5.09620e+01;100;100;100;1.00000e+00;1.00000e+00;1.30000e-01;9.36791e-01;1.00000e+00;9.28596e-01;Pipeline { filter(avg_Y < 422000.0000) };9.18771e-01;1.00000e+00;9.99657e-01;Pipeline { filter(avg_X < 3840000.0000) };9.18608e-01;1.00000e+00;1.00000e+00;Pipeline { filter(avg_Y < 76000000.0000) };9.18608e-01;1.00000e+00;1.00000e+00;Pipeline { filter(avg_X < 955000000.0000) };9.18608e-01;1.00000e+00;1.00000e+00;Pipeline { filter(avg_X < 955000000.0000) };9.18608e-01;1.00000e+00;1.00000e+00;Pipeline { filter(avg_Y < 75800000.0000) }
datasets/geolife_60mins.csv;nsga2;4;15;1500;1500;5.38250e+01;100;100;100;1.00000e+00;1.00000e+00;1.30000e-01;9.36791e-01;1.00000e+00;9.28596e-01;Pipeline { filter(avg_Y < 422000.0000) };9.18771e-01;1.00000e+00;9.99657e-01;Pipeline { filter(avg_X < 4210000.0000) };9.18608e-01;1.00000e+00;1.00000e+00;Pipeline { filter(avg_Y < 31100000.0000) };9.18608e-01;1.00000e+00;1.00000e+00;Pipeline { filter(avg_X < 8960000000.0000) };9.18608e-01;1.00000e+00;1.00000e+00;Pipeline { filter(avg_X < 8960000000.0000) };9.18608e-01;1.00000e+00;1.00000e+00;Pipeline { filter(avg_X < 8170000000.0000) }
datasets/geolife_60mins.csv;nsga2;4;16;1600;1600;5.64550e+01;100;100;100;1.00000e+00;1.00000e+00;1.40000e-01;9.36791e-01;1.00000e+00;9.28596e-01;Pipeline { filter(avg_Y < 422000.0000) };9.19654e-01;1.00000e+00;9.86080e-01;Pipeline { filter(avg_Y < 2320000.0000) };9.18608e-01;1.00000e+00;1.00000e+00;Pipeline { filter(avg_X < 70500000.0000) };9.18608e-01;1.00000e+00;1.00000e+00;Pipeline { filter(avg_Y < 55800000.0000) };9.18608e-01;1.00000e+00;1.00000e+00;Pipeline { filter(avg_Y < 55800000.0000) };9.18608e-01;1.00000e+00;1.00000e+00;Pipeline { filter(avg_X < 183000000.0000) }
datasets/geolife_60mins.csv;nsga2;4;17;1700;1700;5.97400e+01;100;100;100;1.00000e+00;1.00000e+00;1.50000e-01;9.36791e-01;1.00000e+00;9.28596e-01;Pipeline { filter(avg_Y < 422000.0000) };9.18771e-01;1.00000e+00;9.99657e-01;Pipeline { filter(avg_X < 3850000.0000) };9.18608e-01;1.00000e+00;1.00000e+00;Pipeline { filter(avg_Y < 76000000.0000) };9.18608e-01;1.00000e+00;1.00000e+00;Pipeline { filter(avg_X < 78500000.0000) };9.18608e-01;1.00000e+00;1.00000e+00;Pipeline { filter(avg_X < 78500000.0000) };9.18608e-01;1.00000e+00;1.00000e+00;Pipeline { filter(avg_X < 997000000.0000) }
datasets/geolife_60mins.csv;nsga2;4;18;1800;1800;6.25740e+01;100;100;100;1.00000e+00;1.00000e+00;1.70000e-01;9.36791e-01;1.00000e+00;9.28596e-01;Pipeline { filter(avg_Y < 422000.0000) };9.18779e-01;1.00000e+00;9.99137e-01;Pipeline { filter(avg_X < 2360000.0000) };9.18608e-01;1.00000e+00;1.00000e+00;Pipeline { filter(avg_Y < 9500000.0000) };9.18608e-01;1.00000e+00;1.00000e+00;Pipeline { filter(avg_Y < 271000000.0000) };9.18608e-01;1.00000e+00;1.00000e+00;Pipeline { filter(avg_Y < 271000000.0000) };9.18608e-01;1.00000e+00;1.00000e+00;Pipeline { filter(avg_X < 9730000.0000) }
datasets/geolife_60mins.csv;nsga2;4;19;1900;1900;6.55000e+01;100;100;100;1.00000e+00;1.00000e+00;1.70000e-01;9.36791e-01;1.00000e+00;9.28596e-01;Pipeline { filter(avg_Y < 422000.0000) };9.18771e-01;1.00000e+00;9.99657e-01;Pipeline { filter(avg_X < 3850000.0000) };9.18608e-01;1.00000e+00;1.00000e+00;Pipeline { filter(avg_Y < 406000000.0000) };9.18608e-01;1.00000e+00;1.00000e+00;Pipeline { filter(avg_X < 77500000.0000) };9.18608e-01;1.00000e+00;1.00000e+00;Pipeline { filter(avg_X < 77500000.0000) };9.18608e-01;1.00000e+00;1.00000e+00;Pipeline { filter(avg_Y < 70300000.0000) }
datasets/geolife_60mins.csv;nsga2;4;20;2000;2000;6.78900e+01;100;100;100;1.00000e+00;9.90000e-01;1.70000e-01;9.36791e-01;1.00000e+00;9.28596e-01;Pipeline { filter(avg_Y < 422000.0000) };9.18771e-01;1.00000e+00;9.99657e-01;Pipeline { filter(avg_X < 3170000.0000) };9.18608e-01;1.00000e+00;1.00000e+00;Pipeline { filter(avg_X < 1270000000.0000) };9.18608e-01;1.00000e+00;1.00000e+00;Pipeline { filter(avg_Y < 76400000.0000) };9.18608e-01;1.00000e+00;1.00000e+00;Pipeline { filter(avg_Y < 76400000.0000) };9.18608e-01;1.00000e+00;1.00000e+00;Pipeline { filter(avg_Y < 759000000.0000) }
datasets/geolife_60mins.csv;nsga2;4;21;2100;2100;7.08630e+01;100;100;100;1.00000e+00;9.90000e-01;1.70000e-01;9.36791e-01;1.00000e+00;9.28596e-01;Pipeline { filter(avg_Y < 422000.0000) };9.18779e-01;1.00000e+00;9.99137e-01;Pipeline { filter(avg_X < 2320000.0000) };9.18608e-01;1.00000e+00;1.00000e+00;Pipeline { filter(avg_Y < 35800000.0000) };9.18608e-01;1.00000e+00;1.00000e+00;Pipeline { filter(avg_Y < 92500000.0000) };9.18608e-01;1.00000e+00;1.00000e+00;Pipeline { filter(avg_Y < 92500000.0000) };9.18608e-01;1.00000e+00;1.00000e+00;Pipeline { filter(avg_X < 30200000.0000) }
datasets/geolife_60mins.csv;nsga2;4;22;2200;2200;7.34770e+01;100;100;100;1.00000e+00;1.00000e+00;1.80000e-01;9.36791e-01;1.00000e+00;9.28596e-01;Pipeline { filter(avg_Y < 422000.0000) };9.19829e-01;1.00000e+00;9.84340e-01;Pipeline { filter(avg_Y < 1650000.0000) };9.18608e-01;1.00000e+00;1.00000e+00;Pipeline { filter(avg_Y < 936000000.0000) };9.18608e-01;1.00000e+00;1.00000e+00;Pipeline { filter(avg_X < 36300000.0000) };9.18608e-01;1.00000e+00;1.00000e+00;Pipeline { filter(avg_X < 36300000.0000) };9.18608e-01;1.00000e+00;1.00000e+00;Pipeline { filter(avg_Y < 56400000.0000) }
datasets/geolife_60mins.csv;nsga2;4;23;2300;2300;7.58730e+01;100;100;100;1.00000e+00;1.00000e+00;1.90000e-01;9.36791e-01;1.00000e+00;9.28596e-01;Pipeline { filter(avg_Y < 422000.0000) };9.18771e-01;1.00000e+00;9.99657e-01;Pipeline { filter(avg_X < 3850000.0000) };9.18608e-01;1.00000e+00;1.00000e+00;Pipeline { filter(avg_X < 7200000.0000) };9.18608e-01;1.00000e+00;1.00000e+00;Pipeline { filter(avg_X < 7200000.0000) };9.18608e-01;1.00000e+00;1.00000e+00;Pipeline { filter(avg_X < 7200000.0000) };9.18608e-01;1.00000e+00;1.00000e+00;Pipeline { filter(avg_X < 64200000.0000) }
datasets/geolife_60mins.csv;nsga2;4;24;2400;2400;7.83850e+01;100;100;100;1.00000e+00;1.00000e+00;2.00000e-01;9.36791e-01;1.00000e+00;9.28596e-01;Pipeline { filter(avg_Y < 422000.0000) };9.19829e-01;1.00000e+00;9.84340e-01;Pipeline { filter(avg_Y < 1860000.0000) };9.18608e-01;1.00000e+00;1.00000e+00;Pipeline { filter(avg_Y < 7530000.0000) };9.18771e-01;1.00000e+00;9.99657e-01;Pipeline { filter(avg_X < 3850000.0000) };9.36791e-01;1.00000e+00;9.28596e-01;Pipeline { filter(avg_Y < 422000.0000) };9.18608e-01;1.00000e+00;1.00000e+00;Pipeline { filter(avg_Y < 9550000.0000) }
datasets/geolife_60mins.csv;nsga2;4;25;2500;2500;8.08240e+01;100;100;100;1.00000e+00;1.00000e+00;2.10000e-01;9.36791e-01;1.00000e+00;9.28596e-01;Pipeline { filter(avg_Y < 422000.0000) };9.18771e-01;1.00000e+00;9.99657e-01;Pipeline { filter(avg_X < 2780000.0000) };9.18608e-01;1.00000e+00;1.00000e+00;Pipeline { filter(avg_X < 222000000.0000) };9.18771e-01;1.00000e+00;9.99657e-01;Pipeline { filter(avg_X < 2780000.0000) };9.19829e-01;1.00000e+00;9.84340e-01;Pipeline { filter(avg_Y < 1860000.0000) };9.18608e-01;1.00000e+00;1.00000e+00;Pipeline { filter(avg_X < 49200000.0000) }
datasets/geolife_60mins.csv;nsga2;4;26;2600;2600;8.36790e+01;100;100;100;1.00000e+00;1.00000e+00;2.00000e-01;9.36791e-01;1.00000e+00;9.28596e-01;Pipeline { filter(avg_Y < 422000.0000) };9.19829e-01;1.00000e+00;9.84340e-01;Pipeline { filter(avg_Y < 1650000.0000) };9.18608e-01;1.00000e+00;1.00000e+00;Pipeline { filter(avg_Y < 9270000000.0000) };9.18771e-01;1.00000e+00;9.99657e-01;Pipeline { filter(avg_X < 3270000.0000) };9.18779e-01;1.00000e+00;9.99137e-01;Pipeline { filter(avg_X < 2490000.0000) };9.18608e-01;1.00000e+00;1.00000e+00;Pipeline { filter(avg_X < 5500000.0000) }
datasets/geolife_60mins.csv;nsga2;4;27;2700;2700;8.65450e+01;100;100;100;1.00000e+00;1.00000e+00;2.10000e-01;9.36791e-01;1.00000e+00;9.28596e-01;Pipeline { filter(avg_Y < 422000.0000) };9.18771e-01;1.00000e+00;9.99657e-01;Pipeline { filter(avg_X < 4240000.0000) };9.18608e-01;1.00000e+00;1.00000e+00;Pipeline { filter(avg_Y < 1680000000.0000) };9.18779e-01;1.00000e+00;9.99137e-01;Pipeline { filter(avg_X < 2350000.0000) };9.19829e-01;1.00000e+00;9.84340e-01;Pipeline { filter(avg_Y < 1860000.0000) };9.18608e-01;1.00000e+00;1.00000e+00;Pipeline { filter(avg_Y < 24300000.0000) }
datasets/geolife_60mins.csv;nsga2;4;28;2800;2800;8.94390e+01;100;100;100;1.00000e+00;1.00000e+00;2.10000e-01;9.36791e-01;1.00000e+00;9.28596e-01;Pipeline { filter(avg_Y < 422000.0000) };9.19829e-01;1.00000e+00;9.84340e-01;Pipeline { filter(avg_Y < 1860000.0000) };9.18608e-01;1.00000e+00;1.00000e+00;Pipeline { filter(avg_Y < 92000000.0000) };9.18779e-01;1.00000e+00;9.99137e-01;Pipeline { filter(avg_X < 2220000.0000) };9.18779e-01;1.00000e+00;9.99137e-01;Pipeline { filter(avg_X < 2350000.0000) };9.18608e-01;1.00000e+00;1.00000e+00;Pipeline { filter(avg_Y < 24000000.0000) }
datasets/geolife_60mins.csv;nsga2;4;29;2900;2900;9.19940e+01;100;100;100;1.00000e+00;1.00000e+00;2.10000e-01;9.36791e-01;1.00000e+00;9.28596e-01;Pipeline { filter(avg_Y < 422000.0000) };9.18771e-01;1.00000e+00;9.99657e-01;Pipeline { filter(avg_X < 3390000.0000) };9.18608e-01;1.00000e+00;1.00000e+00;Pipeline { filter(avg_X < 20700000.0000) };9.18779e-01;1.00000e+00;9.99137e-01;Pipeline { filter(avg_X < 2350000.0000) };9.19829e-01;1.00000e+00;9.84340e-01;Pipeline { filter(avg_Y < 1650000.0000) };9.18608e-01;1.00000e+00;1.00000e+00;Pipeline { filter(avg_Y < 96000000.0000) }
datasets/geolife_60mins.csv;nsga2;4;30;3000;3000;9.52630e+01;100;100;100;1.00000e+00;1.00000e+00;2.10000e-01;9.36791e-01;1.00000e+00;9.28596e-01;Pipeline { filter(avg_Y < 422000.0000) };9.19829e-01;1.00000e+00;9.84340e-01;Pipeline { filter(avg_Y < 1650000.0000) };9.18608e-01;1.00000e+00;1.00000e+00;Pipeline { filter(avg_Y < 151000000.0000) };9.18779e-01;1.00000e+00;9.99137e-01;Pipeline { filter(avg_X < 2220000.0000) };9.18771e-01;1.00000e+00;9.99657e-01;Pipeline { filter(avg_X < 3220000.0000) };9.18608e-01;1.00000e+00;1.00000e+00;Pipeline { filter(avg_X < 12700000.0000) }
datasets/geolife_60mins.csv;nsga2;4;31;3100;3100;9.77490e+01;100;100;100;1.00000e+00;1.00000e+00;2.20000e-01;9.36791e-01;1.00000e+00;9.28596e-01;Pipeline { filter(avg_Y < 422000.0000) };9.18771e-01;1.00000e+00;9.99657e-01;Pipeline { filter(avg_X < 3390000.0000) };9.18608e-01;1.00000e+00;1.00000e+00;Pipeline { filter(avg_X < 32700000.0000) };9.18779e-01;1.00000e+00;9.99137e-01;Pipeline { filter(avg_X < 2220000.0000) };9.19829e-01;1.00000e+00;9.84340e-01;Pipeline { filter(avg_Y < 1860000.0000) };9.18608e-01;1.00000e+00;1.00000e+00;Pipeline { filter(avg_X < 46400000.0000) }
datasets/geolife_60mins.csv;nsga2;4;32;3200;3200;1.00478e+02;100;100;100;1.00000e+00;1.00000e+00;2.20000e-01;9.36791e-01;1.00000e+00;9.28596e-01;Pipeline { filter(avg_Y < 422000.0000) };9.19829e-01;1.00000e+00;9.84340e-01;Pipeline { filter(avg_Y < 1860000.0000) };9.18608e-01;1.00000e+00;1.00000e+00;Pipeline { filter(avg_Y < 6340000000.0000) };9.18779e-01;1.00000e+00;9.99137e-01;Pipeline { filter(avg_X < 2350000.0000) };9.25432e-01;1.00000e+00;9.73966e-01;Pipeline { filter(avg_Y < 989000.0000) };9.18608e-01;1.00000e+00;1.00000e+00;Pipeline { filter(avg_X < 52700000.0000) }
datasets/geolife_60mins.csv;nsga2;4;33;3300;3300;1.02849e+02;100;100;100;1.00000e+00;1.00000e+00;2.20000e-01;9.36791e-01;1.00000e+00;9.28596e-01;Pipeline { filter(avg_Y < 422000.0000) };9.18771e-01;1.00000e+00;9.99657e-01;Pipeline { filter(avg_X < 3140000.0000) };9.18608e-01;1.00000e+00;1.00000e+00;Pipeline { filter(avg_X < 1430000000.0000) };9.18779e-01;1.00000e+00;9.99137e-01;Pipeline { filter(avg_X < 2220000.0000) };9.25432e-01;1.00000e+00;9.73966e-01;Pipeline { filter(avg_Y < 989000.0000) };9.18608e-01;1.00000e+00;1.00000e+00;Pipeline { filter(avg_Y < 54500000.0000) }
datasets/geolife_60mins.csv;nsga2;4;34;3400;3400;1.05657e+02;100;100;100;1.00000e+00;1.00000e+00;2.30000e-01;9.36791e-01;1.00000e+00;9.28596e-01;Pipeline { filter(avg_Y < 422000.0000) };9.19829e-01;1.00000e+00;9.84340e-01;Pipeline { filter(avg_Y < 1650000.0000) };9.18608e-01;1.00000e+00;1.00000e+00;Pipeline { filter(avg_X < 8540000000.0000) };9.18827e-01;1.00000e+00;9.98141e-01;Pipeline { filter(avg_Y < 2630000.0000) };9.30946e-01;1.00000e+00;9.44285e-01;Pipeline { filter(avg_Y < 660000.0000) };9.18608e-01;1.00000e+00;1.00000e+00;Pipeline { filter(avg_X < 43400000.0000) }
datasets/geolife_60mins.csv;nsga2;4;35;3500;3500;1.08537e+02;100;100;100;1.00000e+00;1.00000e+00;2.40000e-01;9.36842e-01;1.00000e+00;9.28302e-01;Pipeline { filter(avg_Y < 412000.0000) };9.19829e-01;1.00000e+00;9.84340e-01;Pipeline { filter(avg_Y < 1650000.0000) };9.18608e-01;1.00000e+00;1.00000e+00;Pipeline { filter(avg_X < 441000000.0000) };9.18827e-01;1.00000e+00;9.98141e-01;Pipeline { filter(avg_Y < 2620000.0000) };9.33585e-01;1.00000e+00;9.42327e-01;Pipeline { filter(avg_Y < 555000.0000) };9.18608e-01;1.00000e+00;1.00000e+00;Pipeline { filter(avg_X < 1410000000.0000) }
datasets/geolife_60mins.csv;nsga2;4;36;3600;3600;1.11018e+02;100;100;100;1.00000e+00;1.00000e+00;2.40000e-01;9.36842e-01;1.00000e+00;9.28302e-01;Pipeline { filter(avg_Y < 412000.0000) };9.19829e-01;1.00000e+00;9.84340e-01;Pipeline { filter(avg_Y < 1650000.0000) };9.18608e-01;1.00000e+00;1.00000e+00;Pipeline { filter(avg_Y < 4840000.0000) };9.19011e-01;1.00000e+00;9.97549e-01;Pipeline { filter(avg_Y < 2570000.0000) };9.36791e-01;1.00000e+00;9.28596e-01;Pipeline { filter(avg_Y < 422000.0000) };9.18608e-01;1.00000e+00;1.00000e+00;Pipeline { filter(avg_X < 88500000.0000) }
datasets/geolife_60mins.csv;nsga2;4;37;3700;3700;1.14066e+02;100;100;100;1.00000e+00;1.00000e+00;2.50000e-01;9.36842e-01;1.00000e+00;9.28302e-01;Pipeline { filter(avg_Y < 412000.0000) };9.18771e-01;1.00000e+00;9.99657e-01;Pipeline { filter(avg_X < 3140000.0000) };9.18608e-01;1.00000e+00;1.00000e+00;Pipeline { filter(avg_Y < 6340000.0000) };9.19063e-01;1.00000e+00;9.92607e-01;Pipeline { filter(avg_Y < 2430000.0000) };9.21238e-01;1.00000e+00;9.79602e-01;Pipeline { filter(avg_Y < 1230000.0000) };9.18608e-01;1.00000e+00;1.00000e+00;Pipeline { filter(avg_X < 725000000.0000) }
datasets/geolife_60mins.csv;nsga2;4;38;3800;3800;1.16625e+02;100;100;100;1.00000e+00;1.00000e+00;2.50000e-01;9.36842e-01;1.00000e+00;9.28302e-01;Pipeline { filter(avg_Y < 412000.0000) };9.19829e-01;1.00000e+00;9.84340e-01;Pipeline { filter(avg_Y < 1630000.0000) };9.18608e-01;1.00000e+00;1.00000e+00;Pipeline { filter(avg_X < 51600000.0000) };9.19063e-01;1.00000e+00;9.92607e-01;Pipeline { filter(avg_Y < 2430000.0000) };9.21238e-01;1.00000e+00;9.79602e-01;Pipeline { filter(avg_Y < 1230000.0000) };9.18608e-01;1.00000e+00;1.00000e+00;Pipeline { filter(avg_X < 65400000.0000) }
datasets/geolife_60mins.csv;nsga2;4;39;3900;3900;1.19751e+02;100;100;100;1.00000e+00;1.00000e+00;2.50000e-01;9.36860e-01;1.00000e+00;9.28344e-01;Pipeline { filter(avg_Y < 414000.0000) };9.18771e-01;1.00000e+00;9.99657e-01;Pipeline { filter(avg_X < 4190000.0000) };9.18608e-01;1.00000e+00;1.00000e+00;Pipeline { filter(avg_Y < 3540000000.0000) };9.19063e-01;1.00000e+00;9.92607e-01;Pipeline { filter(avg_Y < 2430000.0000) };9.21238e-01;1.00000e+00;9.79602e-01;Pipeline { filter(avg_Y < 1230000.0000) };9.18608e-01;1.00000e+00;1.00000e+00;Pipeline { filter(avg_X < 8550000000.0000) }
datasets/geolife_60mins.csv;nsga2;4;40;4000;4000;1.22291e+02;100;100;100;1.00000e+00;1.00000e+00;2.50000e-01;9.36860e-01;1.00000e+00;9.28344e-01;Pipeline { filter(avg_Y < 414000.0000) };9.19829e-01;1.00000e+00;9.84340e-01;Pipeline { filter(avg_Y < 1650000.0000) };9.18608e-01;1.00000e+00;1.00000e+00;Pipeline { filter(avg_Y < 6240000.0000) };9.19063e-01;1.00000e+00;9.92607e-01;Pipeline { filter(avg_Y < 2430000.0000) };9.21238e-01;1.00000e+00;9.79602e-01;Pipeline { filter(avg_Y < 1230000.0000) };9.18608e-01;1.00000e+00;1.00000e+00;Pipeline { filter(avg_X < 43600000.0000) }
datasets/geolife_60mins.csv;nsga2;4;41;4100;4100;1.25709e+02;100;100;100;1.00000e+00;1.00000e+00;2.50000e-01;9.36860e-01;1.00000e+00;9.28344e-01;Pipeline { filter(avg_Y < 414000.0000) };9.18771e-01;1.00000e+00;9.99657e-01;Pipeline { filter(avg_X < 4190000.0000) };9.18608e-01;1.00000e+00;1.00000e+00;Pipeline { filter(avg_X < 921000000.0000) };9.19063e-01;1.00000e+00;9.92607e-01;Pipeline { filter(avg_Y < 2430000.0000) };9.21238e-01;1.00000e+00;9.79602e-01;Pipeline { filter(avg_Y < 1230000.0000) };9.18608e-01;1.00000e+00;1.00000e+00;Pipeline { filter(avg_Y < 62700000.0000) }
datasets/geolife_60mins.csv;nsga2;4;42;4200;4200;1.29243e+02;100;100;100;1.00000e+00;1.00000e+00;2.60000e-01;9.53419e-01;9.88741e-01;8.11360e-01;Pipeline { filter(avg_Y > 0.0000) | map_duplicate(probability=0.10) };9.19829e-01;1.00000e+00;9.84340e-01;Pipeline { filter(avg_Y < 1630000.0000) };9.18608e-01;1.00000e+00;1.00000e+00;Pipeline { filter(avg_Y < 7740000000.0000) };9.19137e-01;1.00000e+00;9.90041e-01;Pipeline { filter(avg_Y < 2360000.0000) };9.18771e-01;1.00000e+00;9.99657e-01;Pipeline { filter(avg_X < 3700000.0000) };9.18608e-01;1.00000e+00;1.00000e+00;Pipeline { filter(avg_Y < 98900000.0000) }
datasets/geolife_60mins.csv;nsga2;4;43;4300;4300;1.32586e+02;100;100;100;1.00000e+00;1.00000e+00;2.70000e-01;9.53419e-01;9.88741e-01;8.11360e-01;Pipeline { filter(avg_Y > 0.0000) | map_duplicate(probability=0.10) };9.18771e-01;1.00000e+00;9.99657e-01;Pipeline { filter(avg_X < 4190000.0000) };9.18608e-01;1.00000e+00;1.00000e+00;Pipeline { filter(avg_Y < 34200000.0000) };9.19325e-01;1.00000e+00;9.87743e-01;Pipeline { filter(avg_Y < 2350000.0000) };9.19063e-01;1.00000e+00;9.92607e-01;Pipeline { filter(avg_Y < 2430000.0000) };9.18608e-01;1.00000e+00;1.00000e+00;Pipeline { filter(avg_Y < 55400000.0000) }
datasets/geolife_60mins.csv;nsga2;4;44;4400;4400;1.35255e+02;100;100;100;1.00000e+00;1.00000e+00;2.70000e-01;9.53419e-01;9.88741e-01;8.11360e-01;Pipeline { filter(avg_Y > 0.0000) | map_duplicate(probability=0.10) };9.19829e-01;1.00000e+00;9.84340e-01;Pipeline { filter(avg_Y < 1650000.0000) };9.18608e-01;1.00000e+00;1.00000e+00;Pipeline { filter(avg_Y < 94000000.0000) };9.19325e-01;1.00000e+00;9.87743e-01;Pipeline { filter(avg_Y < 2350000.0000) };9.18771e-01;1.00000e+00;9.99657e-01;Pipeline { filter(avg_X < 3700000.0000) };9.18608e-01;1.00000e+00;1.00000e+00;Pipeline { filter(avg_X < 94000000.0000) }
datasets/geolife_60mins.csv;nsga2;4;45;4500;4500;1.37699e+02;100;100;100;1.00000e+00;1.00000e+00;2.80000e-01;9.53464e-01;9.88376e-01;8.11641e-01;Pipeline { filter(avg_Y > 0.0000) | map_duplicate(probability=0.10) };9.19829e-01;1.00000e+00;9.84340e-01;Pipeline { filter(avg_Y < 1650000.0000) };9.18608e-01;1.00000e+00;1.00000e+00;Pipeline { filter(avg_X < 5820000000.0000) };9.19429e-01;1.00000e+00;9.86898e-01;Pipeline { filter(avg_Y < 2340000.0000) };9.18779e-01;1.00000e+00;9.99137e-01;Pipeline { filter(avg_X < 2300000.0000) };9.18608e-01;1.00000e+00;1.00000e+00;Pipeline { filter(avg_X < 6970000000.0000) }
datasets/geolife_60mins.csv;nsga2;4;46;4600;4600;1.40323e+02;100;100;100;1.00000e+00;1.00000e+00;2.90000e-01;9.54987e-01;9.87717e-01;8.11327e-01;Pipeline { filter(avg_Y > 0.0000) | map_duplicate(probability=0.10) };9.18771e-01;1.00000e+00;9.99657e-01;Pipeline { filter(avg_X < 3700000.0000) };9.18608e-01;1.00000e+00;1.00000e+00;Pipeline { filter(avg_X < 12800000.0000) };9.19654e-01;1.00000e+00;9.86080e-01;Pipeline { filter(avg_Y < 2320000.0000) };9.19829e-01;1.00000e+00;9.84340e-01;Pipeline { filter(avg_Y < 1730000.0000) };9.18608e-01;1.00000e+00;1.00000e+00;Pipeline { filter(avg_X < 794000000.0000) }
datasets/geolife_60mins.csv;nsga2;4;47;4700;4700;1.42941e+02;100;100;100;1.00000e+00;1.00000e+00;3.00000e-01;9.54987e-01;9.87717e-01;8.11327e-01;Pipeline { filter(avg_Y > 0.0000) | map_duplicate(probability=0.10) };9.19829e-01;1.00000e+00;9.84340e-01;Pipeline { filter(avg_Y < 1730000.0000) };9.18608e-01;1.00000e+00;1.00000e+00;Pipeline { filter(avg_Y < 34900000.0000) };9.19707e-01;1.00000e+00;9.85937e-01;Pipeline { filter(avg_Y < 2310000.0000) };9.19063e-01;1.00000e+00;9.92607e-01;Pipeline { filter(avg_Y < 2430000.0000) };9.18608e-01;1.00000e+00;1.00000e+00;Pipeline { filter(avg_X < 7960000.0000) }
datasets/geolife_60mins.csv;nsga2;4;48;4800;4800;1.46017e+02;100;100;100;1.00000e+00;1.00000e+00;3.20000e-01;9.57206e-01;9.88262e-01;8.05769e-01;Pipeline { filter(avg_Y > 74000.0000) | map_duplicate(probability=0.10) };9.18771e-01;1.00000e+00;9.99657e-01;Pipeline { filter(avg_X < 2920000.0000) };9.18608e-01;1.00000e+00;1.00000e+00;Pipeline { filter(avg_Y < 98300000.0000) };9.19790e-01;1.00000e+00;9.84704e-01;Pipeline { filter(avg_Y < 2300000.0000) };9.19063e-01;1.00000e+00;9.92607e-01;Pipeline { filter(avg_Y < 2430000.0000) };9.18608e-01;1.00000e+00;1.00000e+00;Pipeline { filter(avg_X < 26200000.0000) }
datasets/geolife_60mins.csv;nsga2;4;49;4900;4900;1.48717e+02;100;100;100;1.00000e+00;1.00000e+00;3.10000e-01;9.57206e-01;9.88262e-01;8.05769e-01;Pipeline { filter(avg_Y > 74000.0000) | map_duplicate(probability=0.10) };9.19829e-01;1.00000e+00;9.84340e-01;Pipeline { filter(avg_Y < 1650000.0000) };9.18608e-01;1.00000e+00;1.00000e+00;Pipeline { filter(avg_Y < 520000000.0000) };9.19707e-01;1.00000e+00;9.85937e-01;Pipeline { filter(avg_Y < 2310000.0000) };9.27898e-01;1.00000e+00;9.46430e-01;Pipeline { filter(avg_Y < 670000.0000) };9.18608e-01;1.00000e+00;1.00000e+00;Pipeline { filter(avg_Y < 31900000.0000) }
datasets/geolife_60mins.csv;nsga2;4;50;5000;5000;1.51376e+02;100;100;100;1.00000e+00;1.00000e+00;3.20000e-01;9.57206e-01;9.88262e-01;8.05769e-01;Pipeline { filter(avg_Y > 74000.0000) | map_duplicate(probability=0.10) };9.18771e-01;1.00000e+00;9.99657e-01;Pipeline { filter(avg_X < 2920000.0000) };9.18608e-01;1.00000e+00;1.00000e+00;Pipeline { filter(avg_X < 55600000.0000) };9.19790e-01;1.00000e+00;9.84704e-01;Pipeline { filter(avg_Y < 2240000.0000) };9.19011e-01;1.00000e+00;9.97549e-01;Pipeline { filter(avg_Y < 2570000.0000) };9.18608e-01;1.00000e+00;1.00000e+00;Pipeline { filter(avg_Y < 51000000.0000) }
datasets/geolife_60mins.csv;nsga2;5;1;100;100;7.49500e+00;100;5;33;9.30000e-01;9.30000e-01;6.80000e-01;9.52801e-01;9.89821e-01;8.11592e-01;Pipeline { filter(avg_Y > 0.0000) | map_duplicate(probability=0.10) };4.59304e-01;1.00000e+00;7.13554e-01;Pipeline { map_duplicate(probability=1.00) };9.18608e-01;1.00000e+00;1.00000e+00;Pipeline { filter(avg_X < 52700000.0000) };7.23281e-01;9.71999e-01;7.99189e-01;Pipeline { map_duplicate(probability=0.40) | filter(avg_X > 0.0000) };9.24341e-01;2.03655e-01;7.68969e-01;Pipeline { map_noise(attribute=avg_X, percentage=0.05) };4.59304e-01;1.00000e+00;7.13554e-01;Pipeline { map_duplicate(probability=1.00) }
datasets/geolife_60mins.csv;nsga2;5;2;200;200;1.58430e+01;100;8;1;9.30000e-01;9.30000e-01;9.50000e-01;9.54985e-01;9.89993e-01;8.12238e-01;Pipeline { filter(avg_Y > 0.0000) | map_duplicate(probability=0.10) };4.59304e-01;1.00000e+00;7.13554e-01;Pipeline { map_duplicate(probability=1.00) };9.18608e-01;1.00000e+00;1.00000e+00;Pipeline { filter(avg_X < 52500000.0000) };9.17280e-01;2.91938e-01;7.78851e-01;Pipeline { map_noise(attribute=avg_Y, percentage=0.10) };3.39592e-01;9.71112e-01;3.54188e-01;Pipeline { filter(avg_X > 0.0682) | map_duplicate(probability=0.70) | filter(avg_Y > 684.0000) | map_duplicate(probability=0.90) | filter(avg_Y > 0.2700) | filter(avg_X > 91.4000) | filter(avg_X > 7.1900) };9.20525e-01;4.50965e-01;7.93836e-01;Pipeline { map_noise(attribute=avg_Y, percentage=0.05) }
datasets/geolife_60mins.csv;nsga2;5;3;300;300;2.30240e+01;100;13;2;9.40000e-01;9.40000e-01;8.40000e-01;9.55610e-01;9.89776e-01;8.12613e-01;Pipeline { filter(avg_Y > 0.0000) | map_duplicate(probability=0.10) };4.59304e-01;1.00000e+00;7.13554e-01;Pipeline { map_duplicate(probability=1.00) };9.18608e-01;1.00000e+00;1.00000e+00;Pipeline { filter(avg_X < 52000000.0000) };9.20636e-01;2.80631e-01;7.77446e-01;Pipeline { map_noise(attribute=avg_Y, percentage=0.01) | map_noise(attribute=avg_Y, percentage=0.10) };5.34556e-01;9.90520e-01;7.19142e-01;Pipeline { map_duplicate(probability=0.90) | filter(avg_X > 0.0880) };8.77344e-01;1.00000e+00;8.28148e-01;Pipeline { filter(avg_Y > 0.0000) }
datasets/geolife_60mins.csv;nsga2;5;4;400;400;2.70250e+01;100;27;9;9.60000e-01;9.50000e-01;6.50000e-01;9.57400e-01;9.89632e-01;8.12774e-01;Pipeline { filter(avg_Y > 2.2900) | map_duplicate(probability=0.10) };4.59304e-01;1.00000e+00;7.13554e-01;Pipeline { map_duplicate(probability=1.00) };9.18608e-01;1.00000e+00;1.00000e+00;Pipeline { filter(avg_X < 52700000.0000) };9.28738e-01;8.84204e-01;8.38150e-01;Pipeline { map_noise(attribute=avg_Y, percentage=0.01) | filter(avg_X > 9.0700) };9.18779e-01;1.00000e+00;9.99137e-01;Pipeline { filter(avg_X < 2500000.0000) };9.29278e-01;1.00000e+00;9.30819e-01;Pipeline { filter(avg_Y < 515000.0000) }
datasets/geolife_60mins.csv;nsga2;5;5;500;500;3.04800e+01;100;50;5;1.00000e+00;9.80000e-01;5.30000e-01;9.57400e-01;9.89632e-01;8.12774e-01;Pipeline { filter(avg_Y > 2.2900) | map_duplicate(probability=0.10) };8.77344e-01;1.00000e+00;8.28148e-01;Pipeline { filter(avg_Y > 0.0000) };9.18608e-01;1.00000e+00;1.00000e+00;Pipeline { filter(avg_Y < 52700000.0000) };9.51927e-01;9.89330e-01;8.11850e-01;Pipeline { filter(avg_Y > 0.0000) | map_duplicate(probability=0.10) };9.18608e-01;1.00000e+00;1.00000e+00;Pipeline { filter(avg_X < 72700000.0000) };9.18608e-01;1.00000e+00;1.00000e+00;Pipeline { filter(avg_X < 72500000.0000) }
datasets/geolife_60mins.csv;nsga2;5;6;600;600;3.33280e+01;100;78;22;1.00000e+00;9.90000e-01;2.60000e-01;9.57400e-01;9.89632e-01;8.12774e-01;Pipeline { filter(avg_Y > 2.2900) | map_duplicate(probability=0.10) };9.12983e-01;1.00000e+00;9.47370e-01;Pipeline { filter(avg_X < 925000.0000) };9.18608e-01;1.00000e+00;1.00000e+00;Pipeline { filter(avg_X < 520000000.0000) };9.26629e-01;1.00000e+00;8.85427e-01;Pipeline { filter(avg_X > 6300.0000) };9.18608e-01;1.00000e+00;1.00000e+00;Pipeline { filter(avg_X < 51100000.0000) };9.18608e-01;1.00000e+00;1.00000e+00;Pipeline { filter(avg_X < 5270000000.0000) }
datasets/geolife_60mins.csv;nsga2;5;7;700;700;3.59880e+01;100;100;100;1.00000e+00;1.00000e+00;1.30000e-01;9.57400e-01;9.89632e-01;8.12774e-01;Pipeline { filter(avg_Y > 2.2900) | map_duplicate(probability=0.10) };9.18771e-01;1.00000e+00;9.99657e-01;Pipeline { filter(avg_X < 4170000.0000) };9.18608e-01;1.00000e+00;1.00000e+00;Pipeline { filter(avg_X < 52000000.0000) };9.18608e-01;1.00000e+00;1.00000e+00;Pipeline { filter(avg_X < 7210000000.0000) };9.18608e-01;1.00000e+00;1.00000e+00;Pipeline { filter(avg_X < 4260000000.0000) };9.18608e-01;1.00000e+00;1.00000e+00;Pipeline { filter(avg_X < 941000000.0000) }
datasets/geolife_60mins.csv;nsga2;5;8;800;800;3.88780e+01;100;100;100;1.00000e+00;1.00000e+00;1.40000e-01;9.57400e-01;9.89632e-01;8.12774e-01;Pipeline { filter(avg_Y > 2.2900) | map_duplicate(probability=0.10) };9.18779e-01;1.00000e+00;9.99137e-01;Pipeline { filter(avg_X < 2700000.0000) };9.18608e-01;1.00000e+00;1.00000e+00;Pipeline { filter(avg_X < 7290000000.0000) };9.18608e-01;1.00000e+00;1.00000e+00;Pipeline { filter(avg_X < 719000000.0000) };9.18608e-01;1.00000e+00;1.00000e+00;Pipeline { filter(avg_Y < 52600000.0000) };9.18608e-01;1.00000e+00;1.00000e+00;Pipeline { filter(avg_X < 841000000.0000) }
datasets/geolife_60mins.csv;nsga2;5;9;900;900;4.21240e+01;100;100;100;1.00000e+00;1.00000e+00;1.70000e-01;9.57400e-01;9.89632e-01;8.12774e-01;Pipeline { filter(avg_Y > 2.2900) | map_duplicate(probability=0.10) };9.18973e-01;1.00000e+00;9.91800e-01;Pipeline { filter(avg_X < 1700000.0000) };9.18608e-01;1.00000e+00;1.00000e+00;Pipeline { filter(avg_X < 620000000.0000) };9.18608e-01;1.00000e+00;1.00000e+00;Pipeline { filter(avg_X < 891000000.0000) };9.18608e-01;1.00000e+00;1.00000e+00;Pipeline { filter(avg_Y < 7940000.0000) };9.18608e-01;1.00000e+00;1.00000e+00;Pipeline { filter(avg_Y < 5790000.0000) }
datasets/geolife_60mins.csv;nsga2;5;10;1000;1000;4.50150e+01;100;100;100;1.00000e+00;1.00000e+00;1.70000e-01;9.57400e-01;9.89632e-01;8.12774e-01;Pipeline { filter(avg_Y > 2.2900) | map_duplicate(probability=0.10) };9.18771e-01;1.00000e+00;9.99657e-01;Pipeline { filter(avg_X < 3550000.0000) };9.18608e-01;1.00000e+00;1.00000e+00;Pipeline { filter(avg_Y < 5720000.0000) };9.18608e-01;1.00000e+00;1.00000e+00;Pipeline { filter(avg_X < 42000000.0000) };9.18608e-01;1.00000e+00;1.00000e+00;Pipeline { filter(avg_X < 51400000.0000) };9.18608e-01;1.00000e+00;1.00000e+00;Pipeline { filter(avg_X < 55300000.0000) }
datasets/geolife_60mins.csv;nsga2;5;11;1100;1100;4.76580e+01;100;100;100;1.00000e+00;1.00000e+00;1.90000e-01;9.57400e-01;9.89632e-01;8.12774e-01;Pipeline { filter(avg_Y > 2.2900) | map_duplicate(probability=0.10) };9.18771e-01;1.00000e+00;9.99657e-01;Pipeline { filter(avg_X < 4260000.0000) };9.18608e-01;1.00000e+00;1.00000e+00;Pipeline { filter(avg_X < 2470000000.0000) };9.18608e-01;1.00000e+00;1.00000e+00;Pipeline { filter(avg_X < 3590000000.0000) };9.18608e-01;1.00000e+00;1.00000e+00;Pipeline { filter(avg_X < 7990000000.0000) };9.18608e-01;1.00000e+00;1.00000e+00;Pipeline { filter(avg_X < 8690000000.0000) }
datasets/geolife_60mins.csv;nsga2;5;12;1200;1200;5.00810e+01;100;100;100;1.00000e+00;1.00000e+00;1.90000e-01;9.57400e-01;9.89632e-01;8.12774e-01;Pipeline { filter(avg_Y > 2.2900) | map_duplicate(probability=0.10) };9.25085e-01;1.00000e+00;9.47812e-01;Pipeline { filter(avg_Y < 742000.0000) };9.18608e-01;1.00000e+00;1.00000e+00;Pipeline { filter(avg_X < 8490000000.0000) };9.18608e-01;1.00000e+00;1.00000e+00;Pipeline { filter(avg_Y < 6860000000.0000) };9.18608e-01;1.00000e+00;1.00000e+00;Pipeline { filter(avg_Y < 33100000.0000) };9.18608e-01;1.00000e+00;1.00000e+00;Pipeline { filter(avg_X < 58800000.0000) }
datasets/geolife_60mins.csv;nsga2;5;13;1300;1300;5.25640e+01;100;100;100;1.00000e+00;1.00000e+00;1.90000e-01;9.57400e-01;9.89632e-01;8.12774e-01;Pipeline { filter(avg_Y > 2.2900) | map_duplicate(probability=0.10) };9.18771e-01;1.00000e+00;9.99657e-01;Pipeline { filter(avg_X < 4260000.0000) };9.18608e-01;1.00000e+00;1.00000e+00;Pipeline { filter(avg_X < 5960000000.0000) };9.18608e-01;1.00000e+00;1.00000e+00;Pipeline { filter(avg_X < 95400000.0000) };9.18608e-01;1.00000e+00;1.00000e+00;Pipeline { filter(avg_X < 52200000.0000) };9.18608e-01;1.00000e+00;1.00000e+00;Pipeline { filter(avg_X < 4530000000.0000) }
datasets/geolife_60mins.csv;nsga2;5;14;1400;1400;5.52670e+01;100;100;100;1.00000e+00;1.00000e+00;1.70000e-01;9.57400e-01;9.89632e-01;8.12774e-01;Pipeline { filter(avg_Y > 2.2900) | map_duplicate(probability=0.10) };9.18779e-01;1.00000e+00;9.99137e-01;Pipeline { filter(avg_X < 2700000.0000) };9.18608e-01;1.00000e+00;1.00000e+00;Pipeline { filter(avg_X < 98100000.0000) };9.18608e-01;1.00000e+00;1.00000e+00;Pipeline { filter(avg_Y < 778000000.0000) };9.18608e-01;1.00000e+00;1.00000e+00;Pipeline { filter(avg_Y < 5970000.0000) };9.18608e-01;1.00000e+00;1.00000e+00;Pipeline { filter(avg_X < 220000000.0000) }
datasets/geolife_60mins.csv;nsga2;5;15;1500;1500;5.78220e+01;100;100;100;1.00000e+00;1.00000e+00;1.70000e-01;9.57400e-01;9.89632e-01;8.12774e-01;Pipeline { filter(avg_Y > 2.2900) | map_duplicate(probability=0.10) };9.18771e-01;1.00000e+00;9.99657e-01;Pipeline { filter(avg_X < 4260000.0000) };9.18608e-01;1.00000e+00;1.00000e+00;Pipeline { filter(avg_Y < 91900000.0000) };9.18608e-01;1.00000e+00;1.00000e+00;Pipeline { filter(avg_X < 8370000000.0000) };9.18608e-01;1.00000e+00;1.00000e+00;Pipeline { filter(avg_X < 1490000000.0000) };9.18608e-01;1.00000e+00;1.00000e+00;Pipeline { filter(avg_X < 11600000.0000) }
datasets/geolife_60mins.csv;nsga2;5;16;1600;1600;6.07210e+01;100;100;100;1.00000e+00;1.00000e+00;1.70000e-01;9.57400e-01;9.89632e-01;8.12774e-01;Pipeline { filter(avg_Y > 2.2900) | map_duplicate(probability=0.10) };9.19829e-01;1.00000e+00;9.84340e-01;Pipeline { filter(avg_Y < 1700000.0000) };9.18608e-01;1.00000e+00;1.00000e+00;Pipeline { filter(avg_X < 342000000.0000) };9.18608e-01;1.00000e+00;1.00000e+00;Pipeline { filter(avg_X < 96600000.0000) };9.18608e-01;1.00000e+00;1.00000e+00;Pipeline { filter(avg_Y < 6900000.0000) };9.18608e-01;1.00000e+00;1.00000e+00;Pipeline { filter(avg_X < 378000000.0000) }
datasets/geolife_60mins.csv;nsga2;5;17;1700;1700;6.32480e+01;100;100;100;1.00000e+00;1.00000e+00;1.70000e-01;9.57400e-01;9.89632e-01;8.12774e-01;Pipeline { filter(avg_Y > 2.2900) | map_duplicate(probability=0.10) };9.18771e-01;1.00000e+00;9.99657e-01;Pipeline { filter(avg_X < 4260000.0000) };9.18608e-01;1.00000e+00;1.00000e+00;Pipeline { filter(avg_X < 8500000.0000) };9.18608e-01;1.00000e+00;1.00000e+00;Pipeline { filter(avg_X < 9770000.0000) };9.18608e-01;1.00000e+00;1.00000e+00;Pipeline { filter(avg_Y < 442000000.0000) };9.18608e-01;1.00000e+00;1.00000e+00;Pipeline { filter(avg_Y < 578000000.0000) }
datasets/geolife_60mins.csv;nsga2;5;18;1800;1800;6.65990e+01;100;100;100;1.00000e+00;1.00000e+00;1.70000e-01;9.57400e-01;9.89632e-01;8.12774e-01;Pipeline { filter(avg_Y > 2.2900) | map_duplicate(probability=0.10) };9.19829e-01;1.00000e+00;9.84340e-01;Pipeline { filter(avg_Y < 1700000.0000) };9.18608e-01;1.00000e+00;1.00000e+00;Pipeline { filter(avg_Y < 91900000.0000) };9.18608e-01;1.00000e+00;1.00000e+00;Pipeline { filter(avg_Y < 598000000.0000) };9.18608e-01;1.00000e+00;1.00000e+00;Pipeline { filter(avg_Y < 98700000.0000) };9.18608e-01;1.00000e+00;1.00000e+00;Pipeline { filter(avg_X < 148000000.0000) }
datasets/geolife_60mins.csv;nsga2;5;19;1900;1900;6.93080e+01;100;100;100;1.00000e+00;1.00000e+00;1.80000e-01;9.57400e-01;9.89632e-01;8.12774e-01;Pipeline { filter(avg_Y > 2.2900) | map_duplicate(probability=0.10) };9.18771e-01;1.00000e+00;9.99657e-01;Pipeline { filter(avg_X < 3300000.0000) };9.18608e-01;1.00000e+00;1.00000e+00;Pipeline { filter(avg_Y < 28200000.0000) };9.18608e-01;1.00000e+00;1.00000e+00;Pipeline { filter(avg_X < 5050000.0000) };9.18608e-01;1.00000e+00;1.00000e+00;Pipeline { filter(avg_X < 191000000.0000) };9.18608e-01;1.00000e+00;1.00000e+00;Pipeline { filter(avg_Y < 8250000.0000) }
datasets/geolife_60mins.csv;nsga2;5;20;2000;2000;7.20030e+01;100;100;100;1.00000e+00;1.00000e+00;1.90000e-01;9.57400e-01;9.89632e-01;8.12774e-01;Pipeline { filter(avg_Y > 2.2900) | map_duplicate(probability=0.10) };9.18771e-01;1.00000e+00;9.99657e-01;Pipeline { filter(avg_X < 3920000.0000) };9.18608e-01;1.00000e+00;1.00000e+00;Pipeline { filter(avg_X < 8500000.0000) };9.18608e-01;1.00000e+00;1.00000e+00;Pipeline { filter(avg_X < 8880000000.0000) };9.18608e-01;1.00000e+00;1.00000e+00;Pipeline { filter(avg_X < 6940000000.0000) };9.18608e-01;1.00000e+00;1.00000e+00;Pipeline { filter(avg_X < 68900000.0000) }
datasets/geolife_60mins.csv;nsga2;5;21;2100;2100;7.46570e+01;100;100;100;1.00000e+00;1.00000e+00;1.80000e-01;9.57400e-01;9.89632e-01;8.12774e-01;Pipeline { filter(avg_Y > 2.2900) | map_duplicate(probability=0.10) };9.18771e-01;1.00000e+00;9.99657e-01;Pipeline { filter(avg_X < 3500000.0000) };9.18608e-01;1.00000e+00;1.00000e+00;Pipeline { filter(avg_Y < 443000000.0000) };9.18608e-01;1.00000e+00;1.00000e+00;Pipeline { filter(avg_Y < 91900000.0000) };9.18608e-01;1.00000e+00;1.00000e+00;Pipeline { filter(avg_X < 602000000.0000) };9.18608e-01;1.00000e+00;1.00000e+00;Pipeline { filter(avg_X < 450000000.0000) }
datasets/geolife_60mins.csv;nsga2;5;22;2200;2200;7.76380e+01;100;100;100;1.00000e+00;1.00000e+00;1.80000e-01;9.57400e-01;9.89632e-01;8.12774e-01;Pipeline { filter(avg_Y > 2.2900) | map_duplicate(probability=0.10) };9.18771e-01;1.00000e+00;9.99657e-01;Pipeline { filter(avg_X < 4670000.0000) };9.18608e-01;1.00000e+00;1.00000e+00;Pipeline { filter(avg_Y < 79300000.0000) };9.18608e-01;1.00000e+00;1.00000e+00;Pipeline { filter(avg_X < 161000000.0000) };9.18608e-01;1.00000e+00;1.00000e+00;Pipeline { filter(avg_X < 6500000.0000) };9.18608e-01;1.00000e+00;1.00000e+00;Pipeline { filter(avg_X < 3400000000.0000) }
datasets/geolife_60mins.csv;nsga2;5;23;2300;2300;8.02110e+01;100;100;100;1.00000e+00;1.00000e+00;1.70000e-01;9.57400e-01;9.89632e-01;8.12774e-01;Pipeline { filter(avg_Y > 2.2900) | map_duplicate(probability=0.10) };9.19829e-01;1.00000e+00;9.84340e-01;Pipeline { filter(avg_Y < 1700000.0000) };9.18608e-01;1.00000e+00;1.00000e+00;Pipeline { filter(avg_Y < 5050000.0000) };9.18608e-01;1.00000e+00;1.00000e+00;Pipeline { filter(avg_Y < 8910000.0000) };9.18608e-01;1.00000e+00;1.00000e+00;Pipeline { filter(avg_X < 6090000000.0000) };9.18608e-01;1.00000e+00;1.00000e+00;Pipeline { filter(avg_Y < 240000000.0000) }
datasets/geolife_60mins.csv;nsga2;5;24;2400;2400;8.27040e+01;100;100;100;1.00000e+00;1.00000e+00;1.70000e-01;9.57400e-01;9.89632e-01;8.12774e-01;Pipeline { filter(avg_Y > 2.2900) | map_duplicate(probability=0.10) };9.18771e-01;1.00000e+00;9.99657e-01;Pipeline { filter(avg_X < 4670000.0000) };9.18608e-01;1.00000e+00;1.00000e+00;Pipeline { filter(avg_Y < 68300000.0000) };9.18608e-01;1.00000e+00;1.00000e+00;Pipeline { filter(avg_X < 62900000.0000) };9.18608e-01;1.00000e+00;1.00000e+00;Pipeline { filter(avg_X < 873000000.0000) };9.18608e-01;1.00000e+00;1.00000e+00;Pipeline { filter(avg_X < 8020000.0000) }
datasets/geolife_60mins.csv;nsga2;5;25;2500;2500;8.53160e+01;100;100;100;1.00000e+00;1.00000e+00;1.70000e-01;9.57400e-01;9.89632e-01;8.12774e-01;Pipeline { filter(avg_Y > 2.2900) | map_duplicate(probability=0.10) };9.19829e-01;1.00000e+00;9.84340e-01;Pipeline { filter(avg_Y < 1700000.0000) };9.18608e-01;1.00000e+00;1.00000e+00;Pipeline { filter(avg_Y < 2710000000.0000) };9.18608e-01;1.00000e+00;1.00000e+00;Pipeline { filter(avg_X < 657000000.0000) };9.18608e-01;1.00000e+00;1.00000e+00;Pipeline { filter(avg_X < 5100000000.0000) };9.18608e-01;1.00000e+00;1.00000e+00;Pipeline { filter(avg_Y < 75300000.0000) }
datasets/geolife_60mins.csv;nsga2;5;26;2600;2600;8.80460e+01;100;100;100;1.00000e+00;1.00000e+00;1.80000e-01;9.57400e-01;9.89632e-01;8.12774e-01;Pipeline { filter(avg_Y > 2.2900) | map_duplicate(probability=0.10) };9.18771e-01;1.00000e+00;9.99657e-01;Pipeline { filter(avg_X < 3650000.0000) };9.18608e-01;1.00000e+00;1.00000e+00;Pipeline { filter(avg_Y < 9010000000.0000) };9.18608e-01;1.00000e+00;1.00000e+00;Pipeline { filter(avg_Y < 7490000000.0000) };9.18608e-01;1.00000e+00;1.00000e+00;Pipeline { filter(avg_X < 279000000.0000) };9.18608e-01;1.00000e+00;1.00000e+00;Pipeline { filter(avg_X < 822000000.0000) }
datasets/geolife_60mins.csv;nsga2;5;27;2700;2700;9.09620e+01;100;100;100;1.00000e+00;1.00000e+00;1.80000e-01;9.57400e-01;9.89632e-01;8.12774e-01;Pipeline { filter(avg_Y > 2.2900) | map_duplicate(probability=0.10) };9.19829e-01;1.00000e+00;9.84340e-01;Pipeline { filter(avg_Y < 1700000.0000) };9.18608e-01;1.00000e+00;1.00000e+00;Pipeline { filter(avg_X < 18500000.0000) };9.18608e-01;1.00000e+00;1.00000e+00;Pipeline { filter(avg_Y < 68300000.0000) };9.18608e-01;1.00000e+00;1.00000e+00;Pipeline { filter(avg_X < 8140000000.0000) };9.18608e-01;1.00000e+00;1.00000e+00;Pipeline { filter(avg_X < 7990000.0000) }
datasets/geolife_60mins.csv;nsga2;5;28;2800;2800;9.36010e+01;100;100;100;1.00000e+00;1.00000e+00;1.90000e-01;9.57400e-01;9.89632e-01;8.12774e-01;Pipeline { filter(avg_Y > 2.2900) | map_duplicate(probability=0.10) };9.18771e-01;1.00000e+00;9.99657e-01;Pipeline { filter(avg_X < 3650000.0000) };9.18608e-01;1.00000e+00;1.00000e+00;Pipeline { filter(avg_Y < 3500000.0000) };9.18608e-01;1.00000e+00;1.00000e+00;Pipeline { filter(avg_Y < 5070000.0000) };9.18608e-01;1.00000e+00;1.00000e+00;Pipeline { filter(avg_Y < 8940000.0000) };9.18608e-01;1.00000e+00;1.00000e+00;Pipeline { filter(avg_Y < 9730000.0000) }
datasets/geolife_60mins.csv;nsga2;5;29;2900;2900;9.63560e+01;100;100;100;1.00000e+00;1.00000e+00;2.00000e-01;9.57400e-01;9.89632e-01;8.12774e-01;Pipeline { filter(avg_Y > 2.2900) | map_duplicate(probability=0.10) };9.19829e-01;1.00000e+00;9.84340e-01;Pipeline { filter(avg_Y < 1700000.0000) };9.18608e-01;1.00000e+00;1.00000e+00;Pipeline { filter(avg_Y < 9800000.0000) };9.18608e-01;1.00000e+00;1.00000e+00;Pipeline { filter(avg_Y < 675000000.0000) };9.18608e-01;1.00000e+00;1.00000e+00;Pipeline { filter(avg_Y < 9010000000.0000) };9.18608e-01;1.00000e+00;1.00000e+00;Pipeline { filter(avg_X < 28400000.0000) }
datasets/geolife_60mins.csv;nsga2;5;30;3000;3000;9.87880e+01;100;100;100;1.00000e+00;1.00000e+00;2.10000e-01;9.57400e-01;9.89632e-01;8.12774e-01;Pipeline { filter(avg_Y > 2.2900) | map_duplicate(probability=0.10) };9.18771e-01;1.00000e+00;9.99657e-01;Pipeline { filter(avg_X < 3650000.0000) };9.18608e-01;1.00000e+00;1.00000e+00;Pipeline { filter(avg_Y < 9710000.0000) };9.18608e-01;1.00000e+00;1.00000e+00;Pipeline { filter(avg_Y < 9710000.0000) };9.18608e-01;1.00000e+00;1.00000e+00;Pipeline { filter(avg_X < 46900000.0000) };9.18608e-01;1.00000e+00;1.00000e+00;Pipeline { filter(avg_Y < 9500000.0000) }
datasets/geolife_60mins.csv;nsga2;5;31;3100;3100;1.01270e+02;100;100;100;1.00000e+00;1.00000e+00;2.10000e-01;9.57400e-01;9.89632e-01;8.12774e-01;Pipeline { filter(avg_Y > 2.2900) | map_duplicate(probability=0.10) };9.19829e-01;1.00000e+00;9.84340e-01;Pipeline { filter(avg_Y < 1700000.0000) };9.18608e-01;1.00000e+00;1.00000e+00;Pipeline { filter(avg_Y < 20000000.0000) };9.18608e-01;1.00000e+00;1.00000e+00;Pipeline { filter(avg_Y < 20000000.0000) };9.18608e-01;1.00000e+00;1.00000e+00;Pipeline { filter(avg_Y < 9750000.0000) };9.18608e-01;1.00000e+00;1.00000e+00;Pipeline { filter(avg_X < 41900000.0000) }
datasets/geolife_60mins.csv;nsga2;5;32;3200;3200;1.03984e+02;100;100;100;1.00000e+00;1.00000e+00;2.10000e-01;9.57400e-01;9.89632e-01;8.12774e-01;Pipeline { filter(avg_Y > 2.2900) | map_duplicate(probability=0.10) };9.18771e-01;1.00000e+00;9.99657e-01;Pipeline { filter(avg_X < 2770000.0000) };9.18608e-01;1.00000e+00;1.00000e+00;Pipeline { filter(avg_X < 1460000000.0000) };9.18608e-01;1.00000e+00;1.00000e+00;Pipeline { filter(avg_X < 1460000000.0000) };9.18608e-01;1.00000e+00;1.00000e+00;Pipeline { filter(avg_Y < 70600000.0000) };9.18608e-01;1.00000e+00;1.00000e+00;Pipeline { filter(avg_Y < 5680000000.0000) }
datasets/geolife_60mins.csv;nsga2;5;33;3300;3300;1.06817e+02;100;100;100;1.00000e+00;1.00000e+00;2.30000e-01;9.58352e-01;9.89408e-01;8.12558e-01;Pipeline { filter(avg_Y > 0.0000) | map_duplicate(probability=0.10) };9.19829e-01;1.00000e+00;9.84340e-01;Pipeline { filter(avg_Y < 1700000.0000) };9.18608e-01;1.00000e+00;1.00000e+00;Pipeline { filter(avg_Y < 9710000.0000) };9.18779e-01;1.00000e+00;9.99137e-01;Pipeline { filter(avg_X < 2640000.0000) };9.18608e-01;1.00000e+00;1.00000e+00;Pipeline { filter(avg_Y < 19600000.0000) };9.18608e-01;1.00000e+00;1.00000e+00;Pipeline { filter(avg_Y < 2850000000.0000) }
datasets/geolife_60mins.csv;nsga2;5;34;3400;3400;1.09617e+02;100;100;100;1.00000e+00;1.00000e+00;2.40000e-01;9.58352e-01;9.89408e-01;8.12558e-01;Pipeline { filter(avg_Y > 0.0000) | map_duplicate(probability=0.10) };9.18771e-01;1.00000e+00;9.99657e-01;Pipeline { filter(avg_X < 2770000.0000) };9.18608e-01;1.00000e+00;1.00000e+00;Pipeline { filter(avg_Y < 850000000.0000) };9.19010e-01;1.00000e+00;9.96867e-01;Pipeline { filter(avg_Y < 2520000.0000) };9.18608e-01;1.00000e+00;1.00000e+00;Pipeline { filter(avg_Y < 38800000.0000) };9.18608e-01;1.00000e+00;1.00000e+00;Pipeline { filter(avg_Y < 3850000.0000) }
datasets/geolife_60mins.csv;nsga2;5;35;3500;3500;1.12089e+02;100;100;100;1.00000e+00;1.00000e+00;2.40000e-01;9.58352e-01;9.89408e-01;8.12558e-01;Pipeline { filter(avg_Y > 0.0000) | map_duplicate(probability=0.10) };9.19829e-01;1.00000e+00;9.84340e-01;Pipeline { filter(avg_Y < 1700000.0000) };9.18608e-01;1.00000e+00;1.00000e+00;Pipeline { filter(avg_X < 690000000.0000) };9.19137e-01;1.00000e+00;9.90041e-01;Pipeline { filter(avg_Y < 2360000.0000) };9.18608e-01;1.00000e+00;1.00000e+00;Pipeline { filter(avg_Y < 318000000.0000) };9.18608e-01;1.00000e+00;1.00000e+00;Pipeline { filter(avg_Y < 330000000.0000) }
datasets/geolife_60mins.csv;nsga2;5;36;3600;3600;1.14937e+02;100;100;100;1.00000e+00;1.00000e+00;2.40000e-01;9.58352e-01;9.89408e-01;8.12558e-01;Pipeline { filter(avg_Y > 0.0000) | map_duplicate(probability=0.10) };9.18771e-01;1.00000e+00;9.99657e-01;Pipeline { filter(avg_X < 2770000.0000) };9.18608e-01;1.00000e+00;1.00000e+00;Pipeline { filter(avg_Y < 271000000.0000) };9.19137e-01;1.00000e+00;9.90041e-01;Pipeline { filter(avg_Y < 2360000.0000) };9.18608e-01;1.00000e+00;1.00000e+00;Pipeline { filter(avg_X < 8810000000.0000) };9.18608e-01;1.00000e+00;1.00000e+00;Pipeline { filter(avg_Y < 159000000.0000) }
datasets/geolife_60mins.csv;nsga2;5;37;3700;3700;1.17641e+02;100;100;100;1.00000e+00;1.00000e+00;2.40000e-01;9.58352e-01;9.89408e-01;8.12558e-01;Pipeline { filter(avg_Y > 0.0000) | map_duplicate(probability=0.10) };9.19829e-01;1.00000e+00;9.84340e-01;Pipeline { filter(avg_Y < 1760000.0000) };9.18608e-01;1.00000e+00;1.00000e+00;Pipeline { filter(avg_Y < 157000000.0000) };9.19790e-01;1.00000e+00;9.84704e-01;Pipeline { filter(avg_Y < 2250000.0000) };9.18608e-01;1.00000e+00;1.00000e+00;Pipeline { filter(avg_Y < 157000000.0000) };9.18608e-01;1.00000e+00;1.00000e+00;Pipeline { filter(avg_Y < 8330000000.0000) }
datasets/geolife_60mins.csv;nsga2;5;38;3800;3800;1.20486e+02;100;100;100;1.00000e+00;1.00000e+00;2.60000e-01;9.58352e-01;9.89408e-01;8.12558e-01;Pipeline { filter(avg_Y > 0.0000) | map_duplicate(probability=0.10) };9.18771e-01;1.00000e+00;9.99657e-01;Pipeline { filter(avg_X < 3760000.0000) };9.18608e-01;1.00000e+00;1.00000e+00;Pipeline { filter(avg_Y < 672000000.0000) };9.19790e-01;1.00000e+00;9.84704e-01;Pipeline { filter(avg_Y < 2220000.0000) };9.36739e-01;1.00000e+00;9.28151e-01;Pipeline { filter(avg_Y < 408000.0000) };9.18608e-01;1.00000e+00;1.00000e+00;Pipeline { filter(avg_Y < 53800000.0000) }
datasets/geolife_60mins.csv;nsga2;5;39;3900;3900;1.23284e+02;100;100;100;1.00000e+00;1.00000e+00;2.80000e-01;9.58352e-01;9.89408e-01;8.12558e-01;Pipeline { filter(avg_Y > 0.0000) | map_duplicate(probability=0.10) };9.19829e-01;1.00000e+00;9.84340e-01;Pipeline { filter(avg_Y < 1700000.0000) };9.18608e-01;1.00000e+00;1.00000e+00;Pipeline { filter(avg_Y < 340000000.0000) };9.19832e-01;1.00000e+00;9.84327e-01;Pipeline { filter(avg_Y < 1410000.0000) };9.27365e-01;1.00000e+00;9.46654e-01;Pipeline { filter(avg_Y < 679000.0000) };9.18608e-01;1.00000e+00;1.00000e+00;Pipeline { filter(avg_Y < 23900000.0000) }
datasets/geolife_60mins.csv;nsga2;5;40;4000;4000;1.25727e+02;100;100;100;1.00000e+00;1.00000e+00;2.80000e-01;9.58352e-01;9.89408e-01;8.12558e-01;Pipeline { filter(avg_Y > 0.0000) | map_duplicate(probability=0.10) };9.27852e-01;1.00000e+00;9.46503e-01;Pipeline { filter(avg_Y < 674000.0000) };9.18608e-01;1.00000e+00;1.00000e+00;Pipeline { filter(avg_Y < 771000000.0000) };9.19832e-01;1.00000e+00;9.84327e-01;Pipeline { filter(avg_Y < 1390000.0000) };9.33909e-01;1.00000e+00;9.43425e-01;Pipeline { filter(avg_Y < 578000.0000) };9.18608e-01;1.00000e+00;1.00000e+00;Pipeline { filter(avg_Y < 479000000.0000) }
datasets/geolife_60mins.csv;nsga2;5;41;4100;4100;1.28208e+02;100;100;100;1.00000e+00;1.00000e+00;2.90000e-01;9.58352e-01;9.89408e-01;8.12558e-01;Pipeline { filter(avg_Y > 0.0000) | map_duplicate(probability=0.10) };9.19829e-01;1.00000e+00;9.84340e-01;Pipeline { filter(avg_Y < 1760000.0000) };9.18608e-01;1.00000e+00;1.00000e+00;Pipeline { filter(avg_Y < 520000000.0000) };9.20624e-01;1.00000e+00;9.82424e-01;Pipeline { filter(avg_Y < 1310000.0000) };9.34716e-01;1.00000e+00;9.29242e-01;Pipeline { filter(avg_Y < 444000.0000) };9.18608e-01;1.00000e+00;1.00000e+00;Pipeline { filter(avg_X < 546000000.0000) }
datasets/geolife_60mins.csv;nsga2;5;42;4200;4200;1.31673e+02;100;100;100;1.00000e+00;1.00000e+00;2.90000e-01;9.58352e-01;9.89408e-01;8.12558e-01;Pipeline { filter(avg_Y > 0.0000) | map_duplicate(probability=0.10) };9.27852e-01;1.00000e+00;9.46503e-01;Pipeline { filter(avg_Y < 674000.0000) };9.18608e-01;1.00000e+00;1.00000e+00;Pipeline { filter(avg_X < 673000000.0000) };9.19832e-01;1.00000e+00;9.84327e-01;Pipeline { filter(avg_Y < 1390000.0000) };9.33909e-01;1.00000e+00;9.43425e-01;Pipeline { filter(avg_Y < 580000.0000) };9.18608e-01;1.00000e+00;1.00000e+00;Pipeline { filter(avg_Y < 402000000.0000) }
datasets/geolife_60mins.csv;nsga2;5;43;4300;4300;1.34184e+02;100;100;100;1.00000e+00;1.00000e+00;2.80000e-01;9.58352e-01;9.89408e-01;8.12558e-01;Pipeline { filter(avg_Y > 0.0000) | map_duplicate(probability=0.10) };9.19829e-01;1.00000e+00;9.84340e-01;Pipeline { filter(avg_Y < 1700000.0000) };9.18608e-01;1.00000e+00;1.00000e+00;Pipeline { filter(avg_X < 18600000.0000) };9.19832e-01;1.00000e+00;9.84327e-01;Pipeline { filter(avg_Y < 1390000.0000) };9.33909e-01;1.00000e+00;9.43425e-01;Pipeline { filter(avg_Y < 578000.0000) };9.18608e-01;1.00000e+00;1.00000e+00;Pipeline { filter(avg_Y < 892000000.0000) }
datasets/geolife_60mins.csv;nsga2;5;44;4400;4400;1.36749e+02;100;100;100;1.00000e+00;1.00000e+00;2.80000e-01;9.58352e-01;9.89408e-01;8.12558e-01;Pipeline { filter(avg_Y > 0.0000) | map_duplicate(probability=0.10) };9.27852e-01;1.00000e+00;9.46503e-01;Pipeline { filter(avg_Y < 674000.0000) };9.18608e-01;1.00000e+00;1.00000e+00;Pipeline { filter(avg_X < 6980000.0000) };9.19832e-01;1.00000e+00;9.84327e-01;Pipeline { filter(avg_Y < 1480000.0000) };9.33909e-01;1.00000e+00;9.43425e-01;Pipeline { filter(avg_Y < 580000.0000) };9.18608e-01;1.00000e+00;1.00000e+00;Pipeline { filter(avg_X < 563000000.0000) }
datasets/geolife_60mins.csv;nsga2;5;45;4500;4500;1.39338e+02;100;100;100;1.00000e+00;1.00000e+00;2.90000e-01;9.58352e-01;9.89408e-01;8.12558e-01;Pipeline { filter(avg_Y > 0.0000) | map_duplicate(probability=0.10) };9.19829e-01;1.00000e+00;9.84340e-01;Pipeline { filter(avg_Y < 1760000.0000) };9.18608e-01;1.00000e+00;1.00000e+00;Pipeline { filter(avg_X < 190000000.0000) };9.19832e-01;1.00000e+00;9.84327e-01;Pipeline { filter(avg_Y < 1390000.0000) };9.19137e-01;1.00000e+00;9.90041e-01;Pipeline { filter(avg_Y < 2360000.0000) };9.18608e-01;1.00000e+00;1.00000e+00;Pipeline { filter(avg_Y < 750000000.0000) }
datasets/geolife_60mins.csv;nsga2;5;46;4600;4600;1.41926e+02;100;100;100;1.00000e+00;1.00000e+00;3.00000e-01;9.58352e-01;9.89408e-01;8.12558e-01;Pipeline { filter(avg_Y > 0.0000) | map_duplicate(probability=0.10) };9.27852e-01;1.00000e+00;9.46503e-01;Pipeline { filter(avg_Y < 674000.0000) };9.18608e-01;1.00000e+00;1.00000e+00;Pipeline { filter(avg_Y < 581000000.0000) };9.20624e-01;1.00000e+00;9.82424e-01;Pipeline { filter(avg_Y < 1310000.0000) };9.19829e-01;1.00000e+00;9.84340e-01;Pipeline { filter(avg_Y < 1760000.0000) };9.18608e-01;1.00000e+00;1.00000e+00;Pipeline { filter(avg_X < 5420000.0000) }
datasets/geolife_60mins.csv;nsga2;5;47;4700;4700;1.45106e+02;100;100;100;1.00000e+00;1.00000e+00;3.00000e-01;9.58352e-01;9.89408e-01;8.12558e-01;Pipeline { filter(avg_Y > 0.0000) | map_duplicate(probability=0.10) };9.19829e-01;1.00000e+00;9.84340e-01;Pipeline { filter(avg_Y < 1700000.0000) };9.18608e-01;1.00000e+00;1.00000e+00;Pipeline { filter(avg_Y < 7220000000.0000) };9.20624e-01;1.00000e+00;9.82424e-01;Pipeline { filter(avg_Y < 1310000.0000) };9.27852e-01;1.00000e+00;9.46503e-01;Pipeline { filter(avg_Y < 674000.0000) };9.18608e-01;1.00000e+00;1.00000e+00;Pipeline { filter(avg_X < 881000000.0000) }
datasets/geolife_60mins.csv;nsga2;5;48;4800;4800;1.47948e+02;100;100;100;1.00000e+00;1.00000e+00;3.30000e-01;9.58352e-01;9.89408e-01;8.12558e-01;Pipeline { filter(avg_Y > 0.0000) | map_duplicate(probability=0.10) };9.27852e-01;1.00000e+00;9.46503e-01;Pipeline { filter(avg_Y < 674000.0000) };9.18608e-01;1.00000e+00;1.00000e+00;Pipeline { filter(avg_Y < 3810000000.0000) };9.26606e-01;1.00000e+00;9.78411e-01;Pipeline { filter(avg_Y < 1100000.0000) };9.19790e-01;1.00000e+00;9.84704e-01;Pipeline { filter(avg_Y < 2280000.0000) };9.18608e-01;1.00000e+00;1.00000e+00;Pipeline { filter(avg_Y < 3590000000.0000) }
datasets/geolife_60mins.csv;nsga2;5;49;4900;4900;1.51179e+02;100;100;100;1.00000e+00;1.00000e+00;3.20000e-01;9.58352e-01;9.89408e-01;8.12558e-01;Pipeline { filter(avg_Y > 0.0000) | map_duplicate(probability=0.10) };9.19829e-01;1.00000e+00;9.84340e-01;Pipeline { filter(avg_Y < 1760000.0000) };9.18608e-01;1.00000e+00;1.00000e+00;Pipeline { filter(avg_X < 44300000.0000) };9.26606e-01;1.00000e+00;9.78411e-01;Pipeline { filter(avg_Y < 1100000.0000) };9.19790e-01;1.00000e+00;9.84704e-01;Pipeline { filter(avg_Y < 2280000.0000) };9.18608e-01;1.00000e+00;1.00000e+00;Pipeline { filter(avg_Y < 39700000.0000) }
datasets/geolife_60mins.csv;nsga2;5;50;5000;5000;1.54245e+02;100;100;100;1.00000e+00;1.00000e+00;3.30000e-01;9.58352e-01;9.89408e-01;8.12558e-01;Pipeline { filter(avg_Y > 0.0000) | map_duplicate(probability=0.10) };9.19829e-01;1.00000e+00;9.84340e-01;Pipeline { filter(avg_Y < 1760000.0000) };9.18608e-01;1.00000e+00;1.00000e+00;Pipeline { filter(avg_X < 94600000.0000) };9.26606e-01;1.00000e+00;9.78411e-01;Pipeline { filter(avg_Y < 1100000.0000) };9.19790e-01;1.00000e+00;9.84704e-01;Pipeline { filter(avg_Y < 2220000.0000) };9.18608e-01;1.00000e+00;1.00000e+00;Pipeline { filter(avg_Y < 3700000.0000) }
