problem.name;solver.name;randomGenerator.seed;n.iterations;n.evals;n.births;elapsed.secs;all→size;firsts→size;lasts→size;all→each[genotype]→uniqueness;all→each[solution]→uniqueness;all→each[quality]→uniqueness;"all→percentile[quality→privacy;100]→quality→privacy";"all→percentile[quality→privacy;100]→quality→performance-similarity";"all→percentile[quality→privacy;100]→solution";"all→percentile[quality→performance-similarity;100]→quality→privacy";"all→percentile[quality→performance-similarity;100]→quality→performance-similarity";"all→percentile[quality→performance-similarity;100]→solution";"all→percentile[quality→privacy;75]→quality→privacy";"all→percentile[quality→privacy;75]→quality→performance-similarity";"all→percentile[quality→privacy;75]→solution";"all→percentile[quality→performance-similarity;75]→quality→privacy";"all→percentile[quality→performance-similarity;75]→quality→performance-similarity";"all→percentile[quality→performance-similarity;75]→solution"
datasets/geolife_60mins.csv;nsga2;1;1;100;100;8.27600e+00;100;6;1;9.20000e-01;9.20000e-01;6.10000e-01;9.29568e-01;7.33882e-01;Pipeline { map_noise(attribute=avg_X, percentage=0.25) | filter(avg_X > 12700.0000) };9.18608e-01;1.00000e+00;Pipeline { filter(avg_X < 8150000000.0000) };5.54310e-01;6.25333e-01;Pipeline { map_duplicate(probability=0.90) | filter(avg_Y > 0.0073) | map_noise(attribute=avg_X, percentage=0.01) | map_noise(attribute=avg_X, percentage=0.05) };8.48316e-01;7.17482e-01;Pipeline { map_noise(attribute=avg_X, percentage=0.10) | map_duplicate(probability=0.20) | filter(avg_X > 0.0041) }
datasets/geolife_60mins.csv;nsga2;1;2;200;200;1.49640e+01;100;12;2;9.20000e-01;9.10000e-01;9.00000e-01;9.29573e-01;7.33589e-01;Pipeline { map_noise(attribute=avg_X, percentage=0.25) | filter(avg_X > 0.0000) };9.18608e-01;1.00000e+00;Pipeline { filter(avg_X < 8150000000.0000) };9.20270e-01;7.78517e-01;Pipeline { filter(avg_Y < 7370000.0000) | map_noise(attribute=avg_Y, percentage=0.10) };9.20937e-01;7.95691e-01;Pipeline { map_noise(attribute=avg_Y, percentage=0.05) }
datasets/geolife_60mins.csv;nsga2;1;3;300;300;1.99440e+01;100;25;2;9.60000e-01;9.50000e-01;7.60000e-01;9.30384e-01;7.33844e-01;Pipeline { filter(avg_X > 0.0000) | map_noise(attribute=avg_X, percentage=0.25) | map_noise(attribute=avg_Y, percentage=0.01) };9.18608e-01;1.00000e+00;Pipeline { filter(avg_X < 8150000000.0000) };9.26629e-01;8.85427e-01;Pipeline { filter(avg_X > 9.5400) };7.65257e-01;8.81610e-01;Pipeline { map_duplicate(probability=0.20) }
datasets/geolife_60mins.csv;nsga2;1;4;400;400;2.33190e+01;100;46;14;9.80000e-01;9.70000e-01;5.80000e-01;9.30384e-01;7.33844e-01;Pipeline { filter(avg_X > 0.0000) | map_noise(attribute=avg_X, percentage=0.25) | map_noise(attribute=avg_Y, percentage=0.01) };9.18608e-01;1.00000e+00;Pipeline { filter(avg_Y < 7670000000.0000) };9.27359e-01;7.41328e-01;Pipeline { map_noise(attribute=avg_X, percentage=0.05) | filter(avg_X > 12700.0000) };9.26629e-01;8.85427e-01;Pipeline { filter(avg_X > 0.0954) }
datasets/geolife_60mins.csv;nsga2;1;5;500;500;2.66580e+01;100;11;2;1.00000e+00;9.80000e-01;3.50000e-01;9.31479e-01;9.44208e-01;Pipeline { filter(avg_Y < 642000.0000) };9.18608e-01;1.00000e+00;Pipeline { filter(avg_X < 8150000000.0000) };9.26629e-01;8.85427e-01;Pipeline { filter(avg_X > 0.9000) };9.26629e-01;8.85427e-01;Pipeline { filter(avg_X > 9.5400) }
datasets/geolife_60mins.csv;nsga2;1;6;600;600;2.98220e+01;100;23;75;1.00000e+00;9.90000e-01;1.90000e-01;9.31479e-01;9.44208e-01;Pipeline { filter(avg_Y < 642000.0000) };9.18608e-01;1.00000e+00;Pipeline { filter(avg_Y < 8150000000.0000) };9.26629e-01;8.85427e-01;Pipeline { filter(avg_X > 80.0000) };8.32952e-01;9.17476e-01;Pipeline { map_duplicate(probability=0.10) }
datasets/geolife_60mins.csv;nsga2;1;7;700;700;3.31420e+01;100;48;50;1.00000e+00;1.00000e+00;2.30000e-01;9.34324e-01;9.11258e-01;Pipeline { filter(avg_Y < 271000.0000) };9.18608e-01;1.00000e+00;Pipeline { filter(avg_X < 8150000.0000) };9.26629e-01;8.85427e-01;Pipeline { filter(avg_X > 3.7500) };9.18608e-01;1.00000e+00;Pipeline { filter(avg_X < 8750000.0000) }
datasets/geolife_60mins.csv;nsga2;1;8;800;800;3.57630e+01;100;77;18;1.00000e+00;1.00000e+00;2.90000e-01;9.34324e-01;9.11258e-01;Pipeline { filter(avg_Y < 271000.0000) };9.18608e-01;1.00000e+00;Pipeline { filter(avg_Y < 5100000.0000) };9.20532e-01;9.81202e-01;Pipeline { filter(avg_Y < 1250000.0000) };9.18608e-01;1.00000e+00;Pipeline { filter(avg_X < 72200000.0000) }
datasets/geolife_60mins.csv;nsga2;1;9;900;900;3.81270e+01;100;100;100;1.00000e+00;1.00000e+00;1.50000e-01;9.36842e-01;9.28302e-01;Pipeline { filter(avg_Y < 411000.0000) };9.18608e-01;1.00000e+00;Pipeline { filter(avg_X < 72800000.0000) };9.18608e-01;1.00000e+00;Pipeline { filter(avg_X < 8150000000.0000) };9.18608e-01;1.00000e+00;Pipeline { filter(avg_Y < 3150000.0000) }
datasets/geolife_60mins.csv;nsga2;1;10;1000;1000;4.10170e+01;100;100;100;1.00000e+00;1.00000e+00;1.80000e-01;9.36842e-01;9.28302e-01;Pipeline { filter(avg_Y < 411000.0000) };9.18608e-01;1.00000e+00;Pipeline { filter(avg_Y < 5790000.0000) };9.18608e-01;1.00000e+00;Pipeline { filter(avg_X < 9190000000.0000) };9.18608e-01;1.00000e+00;Pipeline { filter(avg_Y < 94200000.0000) }
datasets/geolife_60mins.csv;nsga2;1;11;1100;1100;4.41900e+01;100;100;100;1.00000e+00;1.00000e+00;1.80000e-01;9.36842e-01;9.28302e-01;Pipeline { filter(avg_Y < 411000.0000) };9.18608e-01;1.00000e+00;Pipeline { filter(avg_Y < 4150000000.0000) };9.18608e-01;1.00000e+00;Pipeline { filter(avg_X < 93300000.0000) };9.18608e-01;1.00000e+00;Pipeline { filter(avg_Y < 8180000000.0000) }
datasets/geolife_60mins.csv;nsga2;1;12;1200;1200;4.69220e+01;100;100;100;1.00000e+00;1.00000e+00;2.10000e-01;9.36842e-01;9.28302e-01;Pipeline { filter(avg_Y < 411000.0000) };9.18608e-01;1.00000e+00;Pipeline { filter(avg_Y < 8120000000.0000) };9.18608e-01;1.00000e+00;Pipeline { filter(avg_Y < 519000000.0000) };9.18608e-01;1.00000e+00;Pipeline { filter(avg_Y < 5250000.0000) }
datasets/geolife_60mins.csv;nsga2;1;13;1300;1300;4.95440e+01;100;100;100;1.00000e+00;1.00000e+00;2.20000e-01;9.52770e-01;8.11938e-01;Pipeline { filter(avg_Y > 91.4000) | map_duplicate(probability=0.10) };9.18608e-01;1.00000e+00;Pipeline { filter(avg_Y < 71900000.0000) };9.18608e-01;1.00000e+00;Pipeline { filter(avg_Y < 86200000.0000) };9.18608e-01;1.00000e+00;Pipeline { filter(avg_X < 920000000.0000) }
datasets/geolife_60mins.csv;nsga2;1;14;1400;1400;5.21980e+01;100;100;100;1.00000e+00;1.00000e+00;2.40000e-01;9.52770e-01;8.11938e-01;Pipeline { filter(avg_Y > 91.4000) | map_duplicate(probability=0.10) };9.18608e-01;1.00000e+00;Pipeline { filter(avg_Y < 9070000000.0000) };9.18771e-01;9.99657e-01;Pipeline { filter(avg_X < 2900000.0000) };9.18608e-01;1.00000e+00;Pipeline { filter(avg_Y < 88200000.0000) }
datasets/geolife_60mins.csv;nsga2;1;15;1500;1500;5.46770e+01;100;100;100;1.00000e+00;1.00000e+00;2.40000e-01;9.52770e-01;8.11938e-01;Pipeline { filter(avg_Y > 91.4000) | map_duplicate(probability=0.10) };9.18608e-01;1.00000e+00;Pipeline { filter(avg_Y < 2310000000.0000) };9.18771e-01;9.99657e-01;Pipeline { filter(avg_X < 4100000.0000) };9.18608e-01;1.00000e+00;Pipeline { filter(avg_Y < 513000000.0000) }
datasets/geolife_60mins.csv;nsga2;1;16;1600;1600;5.71300e+01;100;100;100;1.00000e+00;1.00000e+00;2.50000e-01;9.52770e-01;8.11938e-01;Pipeline { filter(avg_Y > 91.4000) | map_duplicate(probability=0.10) };9.18608e-01;1.00000e+00;Pipeline { filter(avg_Y < 7120000.0000) };9.18779e-01;9.99137e-01;Pipeline { filter(avg_X < 2250000.0000) };9.18608e-01;1.00000e+00;Pipeline { filter(avg_X < 8720000000.0000) }
datasets/geolife_60mins.csv;nsga2;1;17;1700;1700;6.03860e+01;100;100;100;1.00000e+00;1.00000e+00;2.50000e-01;9.52770e-01;8.11938e-01;Pipeline { filter(avg_Y > 91.4000) | map_duplicate(probability=0.10) };9.18608e-01;1.00000e+00;Pipeline { filter(avg_X < 3590000000.0000) };9.18779e-01;9.99137e-01;Pipeline { filter(avg_X < 2240000.0000) };9.18608e-01;1.00000e+00;Pipeline { filter(avg_Y < 91700000.0000) }
datasets/geolife_60mins.csv;nsga2;1;18;1800;1800;6.36770e+01;100;100;100;1.00000e+00;1.00000e+00;2.60000e-01;9.53109e-01;8.11721e-01;Pipeline { filter(avg_Y > 92.4000) | map_duplicate(probability=0.10) };9.18608e-01;1.00000e+00;Pipeline { filter(avg_X < 1090000000.0000) };9.18914e-01;9.97706e-01;Pipeline { filter(avg_Y < 2610000.0000) };9.18608e-01;1.00000e+00;Pipeline { filter(avg_Y < 4020000000.0000) }
datasets/geolife_60mins.csv;nsga2;1;19;1900;1900;6.67690e+01;100;100;100;1.00000e+00;1.00000e+00;2.60000e-01;9.53109e-01;8.11721e-01;Pipeline { filter(avg_Y > 92.4000) | map_duplicate(probability=0.10) };9.18608e-01;1.00000e+00;Pipeline { filter(avg_X < 64700000.0000) };9.18914e-01;9.97706e-01;Pipeline { filter(avg_Y < 2610000.0000) };9.18608e-01;1.00000e+00;Pipeline { filter(avg_X < 5380000.0000) }
datasets/geolife_60mins.csv;nsga2;1;20;2000;2000;6.97530e+01;100;100;100;1.00000e+00;1.00000e+00;2.70000e-01;9.54958e-01;8.11707e-01;Pipeline { filter(avg_Y > 0.9140) | map_duplicate(probability=0.10) };9.18608e-01;1.00000e+00;Pipeline { filter(avg_Y < 53500000.0000) };9.19011e-01;9.97549e-01;Pipeline { filter(avg_Y < 2580000.0000) };9.18608e-01;1.00000e+00;Pipeline { filter(avg_Y < 677000000.0000) }
datasets/geolife_60mins.csv;nsga2;1;21;2100;2100;7.25250e+01;100;100;100;1.00000e+00;1.00000e+00;2.70000e-01;9.54958e-01;8.11707e-01;Pipeline { filter(avg_Y > 0.9140) | map_duplicate(probability=0.10) };9.18608e-01;1.00000e+00;Pipeline { filter(avg_Y < 63500000.0000) };9.19707e-01;9.85937e-01;Pipeline { filter(avg_Y < 2310000.0000) };9.18608e-01;1.00000e+00;Pipeline { filter(avg_X < 9930000000.0000) }
datasets/geolife_60mins.csv;nsga2;1;22;2200;2200;7.53070e+01;100;100;100;1.00000e+00;1.00000e+00;2.70000e-01;9.54958e-01;8.11707e-01;Pipeline { filter(avg_Y > 0.9140) | map_duplicate(probability=0.10) };9.18608e-01;1.00000e+00;Pipeline { filter(avg_X < 85600000.0000) };9.19707e-01;9.85937e-01;Pipeline { filter(avg_Y < 2310000.0000) };9.18608e-01;1.00000e+00;Pipeline { filter(avg_X < 25500000.0000) }
datasets/geolife_60mins.csv;nsga2;1;23;2300;2300;7.82140e+01;100;100;100;1.00000e+00;1.00000e+00;2.60000e-01;9.55376e-01;8.12159e-01;Pipeline { filter(avg_Y > 96.4000) | map_duplicate(probability=0.10) };9.18608e-01;1.00000e+00;Pipeline { filter(avg_X < 6950000000.0000) };9.19011e-01;9.97549e-01;Pipeline { filter(avg_Y < 2580000.0000) };9.18608e-01;1.00000e+00;Pipeline { filter(avg_Y < 63500000.0000) }
datasets/geolife_60mins.csv;nsga2;1;24;2400;2400;8.08150e+01;100;100;100;1.00000e+00;1.00000e+00;2.60000e-01;9.55376e-01;8.12159e-01;Pipeline { filter(avg_Y > 96.4000) | map_duplicate(probability=0.10) };9.18608e-01;1.00000e+00;Pipeline { filter(avg_Y < 2980000.0000) };9.19011e-01;9.97549e-01;Pipeline { filter(avg_Y < 2580000.0000) };9.18608e-01;1.00000e+00;Pipeline { filter(avg_Y < 630000000.0000) }
datasets/geolife_60mins.csv;nsga2;1;25;2500;2500;8.40490e+01;100;100;100;1.00000e+00;1.00000e+00;2.70000e-01;9.55376e-01;8.12159e-01;Pipeline { filter(avg_Y > 96.4000) | map_duplicate(probability=0.10) };9.18608e-01;1.00000e+00;Pipeline { filter(avg_Y < 3880000.0000) };9.19067e-01;9.92539e-01;Pipeline { filter(avg_Y < 2410000.0000) };9.18608e-01;1.00000e+00;Pipeline { filter(avg_Y < 4030000.0000) }
datasets/geolife_60mins.csv;nsga2;1;26;2600;2600;8.66020e+01;100;100;100;1.00000e+00;1.00000e+00;2.70000e-01;9.55376e-01;8.12159e-01;Pipeline { filter(avg_Y > 96.4000) | map_duplicate(probability=0.10) };9.18608e-01;1.00000e+00;Pipeline { filter(avg_Y < 8560000.0000) };9.19067e-01;9.92539e-01;Pipeline { filter(avg_Y < 2410000.0000) };9.18608e-01;1.00000e+00;Pipeline { filter(avg_X < 9600000.0000) }
datasets/geolife_60mins.csv;nsga2;1;27;2700;2700;8.96510e+01;100;100;100;1.00000e+00;1.00000e+00;2.70000e-01;9.55785e-01;8.12209e-01;Pipeline { filter(avg_Y > 0.0327) | map_duplicate(probability=0.10) };9.18608e-01;1.00000e+00;Pipeline { filter(avg_X < 8400000.0000) };9.19707e-01;9.85937e-01;Pipeline { filter(avg_Y < 2310000.0000) };9.18608e-01;1.00000e+00;Pipeline { filter(avg_Y < 5800000.0000) }
datasets/geolife_60mins.csv;nsga2;1;28;2800;2800;9.23680e+01;100;100;100;1.00000e+00;1.00000e+00;2.90000e-01;9.55785e-01;8.12209e-01;Pipeline { filter(avg_Y > 0.0327) | map_duplicate(probability=0.10) };9.18608e-01;1.00000e+00;Pipeline { filter(avg_Y < 4750000.0000) };9.19790e-01;9.84704e-01;Pipeline { filter(avg_Y < 2250000.0000) };9.18608e-01;1.00000e+00;Pipeline { filter(avg_Y < 8560000.0000) }
datasets/geolife_60mins.csv;nsga2;1;29;2900;2900;9.54950e+01;100;100;100;1.00000e+00;1.00000e+00;2.90000e-01;9.55785e-01;8.12209e-01;Pipeline { filter(avg_Y > 0.0327) | map_duplicate(probability=0.10) };9.18608e-01;1.00000e+00;Pipeline { filter(avg_X < 63300000.0000) };9.19790e-01;9.84704e-01;Pipeline { filter(avg_Y < 2250000.0000) };9.18608e-01;1.00000e+00;Pipeline { filter(avg_X < 55000000.0000) }
datasets/geolife_60mins.csv;nsga2;1;30;3000;3000;9.83060e+01;100;100;100;1.00000e+00;1.00000e+00;3.00000e-01;9.55785e-01;8.12209e-01;Pipeline { filter(avg_Y > 0.0327) | map_duplicate(probability=0.10) };9.18608e-01;1.00000e+00;Pipeline { filter(avg_Y < 8970000.0000) };9.19804e-01;9.84350e-01;Pipeline { filter(avg_Y < 1880000.0000) };9.18608e-01;1.00000e+00;Pipeline { filter(avg_X < 2970000000.0000) }
datasets/geolife_60mins.csv;nsga2;1;31;3100;3100;1.00918e+02;100;100;100;1.00000e+00;1.00000e+00;3.00000e-01;9.55785e-01;8.12209e-01;Pipeline { filter(avg_Y > 0.0327) | map_duplicate(probability=0.10) };9.18608e-01;1.00000e+00;Pipeline { filter(avg_Y < 6570000000.0000) };9.19804e-01;9.84350e-01;Pipeline { filter(avg_Y < 1880000.0000) };9.18608e-01;1.00000e+00;Pipeline { filter(avg_Y < 3280000000.0000) }
datasets/geolife_60mins.csv;nsga2;1;32;3200;3200;1.03592e+02;100;100;100;1.00000e+00;1.00000e+00;3.00000e-01;9.55785e-01;8.12209e-01;Pipeline { filter(avg_Y > 0.0327) | map_duplicate(probability=0.10) };9.18608e-01;1.00000e+00;Pipeline { filter(avg_Y < 5760000000.0000) };9.19829e-01;9.84340e-01;Pipeline { filter(avg_Y < 1860000.0000) };9.18608e-01;1.00000e+00;Pipeline { filter(avg_X < 28300000.0000) }
datasets/geolife_60mins.csv;nsga2;1;33;3300;3300;1.06613e+02;100;100;100;1.00000e+00;1.00000e+00;3.10000e-01;9.55958e-01;8.11532e-01;Pipeline { filter(avg_Y > 0.0427) | map_duplicate(probability=0.10) };9.18608e-01;1.00000e+00;Pipeline { filter(avg_Y < 164000000.0000) };9.19829e-01;9.84340e-01;Pipeline { filter(avg_Y < 1860000.0000) };9.18608e-01;1.00000e+00;Pipeline { filter(avg_Y < 6570000000.0000) }
datasets/geolife_60mins.csv;nsga2;1;34;3400;3400;1.09297e+02;100;100;100;1.00000e+00;1.00000e+00;3.10000e-01;9.55958e-01;8.11532e-01;Pipeline { filter(avg_Y > 0.0427) | map_duplicate(probability=0.10) };9.18608e-01;1.00000e+00;Pipeline { filter(avg_X < 32300000.0000) };9.19832e-01;9.84327e-01;Pipeline { filter(avg_Y < 1500000.0000) };9.18608e-01;1.00000e+00;Pipeline { filter(avg_Y < 5760000000.0000) }
datasets/geolife_60mins.csv;nsga2;1;35;3500;3500;1.11692e+02;100;100;100;1.00000e+00;1.00000e+00;3.20000e-01;9.55958e-01;8.11532e-01;Pipeline { filter(avg_Y > 0.0427) | map_duplicate(probability=0.10) };9.18608e-01;1.00000e+00;Pipeline { filter(avg_Y < 348000000.0000) };9.19832e-01;9.84327e-01;Pipeline { filter(avg_Y < 1500000.0000) };9.18608e-01;1.00000e+00;Pipeline { filter(avg_X < 52700000.0000) }
datasets/geolife_60mins.csv;nsga2;1;36;3600;3600;1.14699e+02;100;100;100;1.00000e+00;1.00000e+00;3.20000e-01;9.55958e-01;8.11532e-01;Pipeline { filter(avg_Y > 0.0427) | map_duplicate(probability=0.10) };9.18608e-01;1.00000e+00;Pipeline { filter(avg_X < 4200000000.0000) };9.19832e-01;9.84327e-01;Pipeline { filter(avg_Y < 1580000.0000) };9.18608e-01;1.00000e+00;Pipeline { filter(avg_Y < 9530000.0000) }
datasets/geolife_60mins.csv;nsga2;1;37;3700;3700;1.17325e+02;100;100;100;1.00000e+00;1.00000e+00;3.20000e-01;9.55958e-01;8.11532e-01;Pipeline { filter(avg_Y > 0.0427) | map_duplicate(probability=0.10) };9.18608e-01;1.00000e+00;Pipeline { filter(avg_X < 2240000000.0000) };9.19886e-01;9.83218e-01;Pipeline { filter(avg_Y < 1380000.0000) };9.18608e-01;1.00000e+00;Pipeline { filter(avg_Y < 662000000.0000) }
datasets/geolife_60mins.csv;nsga2;1;38;3800;3800;1.20087e+02;100;100;100;1.00000e+00;1.00000e+00;3.20000e-01;9.55958e-01;8.11532e-01;Pipeline { filter(avg_Y > 0.0427) | map_duplicate(probability=0.10) };9.18608e-01;1.00000e+00;Pipeline { filter(avg_Y < 24100000.0000) };9.21818e-01;9.79026e-01;Pipeline { filter(avg_Y < 1190000.0000) };9.18608e-01;1.00000e+00;Pipeline { filter(avg_Y < 95500000.0000) }
datasets/geolife_60mins.csv;nsga2;1;39;3900;3900;1.22825e+02;100;100;100;1.00000e+00;1.00000e+00;3.30000e-01;9.55958e-01;8.11532e-01;Pipeline { filter(avg_Y > 0.0427) | map_duplicate(probability=0.10) };9.18608e-01;1.00000e+00;Pipeline { filter(avg_X < 448000000.0000) };9.23944e-01;9.79011e-01;Pipeline { filter(avg_Y < 1180000.0000) };9.18608e-01;1.00000e+00;Pipeline { filter(avg_X < 2240000000.0000) }
datasets/geolife_60mins.csv;nsga2;1;40;4000;4000;1.26216e+02;100;100;100;1.00000e+00;1.00000e+00;3.30000e-01;9.55958e-01;8.11532e-01;Pipeline { filter(avg_Y > 0.0427) | map_duplicate(probability=0.10) };9.18608e-01;1.00000e+00;Pipeline { filter(avg_X < 700000000.0000) };9.23944e-01;9.79011e-01;Pipeline { filter(avg_Y < 1180000.0000) };9.18608e-01;1.00000e+00;Pipeline { filter(avg_X < 5410000000.0000) }
datasets/geolife_60mins.csv;nsga2;1;41;4100;4100;1.29354e+02;100;100;100;1.00000e+00;1.00000e+00;3.40000e-01;9.55958e-01;8.11532e-01;Pipeline { filter(avg_Y > 0.0427) | map_duplicate(probability=0.10) };9.18608e-01;1.00000e+00;Pipeline { filter(avg_X < 19800000.0000) };9.23944e-01;9.79011e-01;Pipeline { filter(avg_Y < 1180000.0000) };9.18608e-01;1.00000e+00;Pipeline { filter(avg_X < 5750000.0000) }
datasets/geolife_60mins.csv;nsga2;1;42;4200;4200;1.31753e+02;100;100;100;1.00000e+00;1.00000e+00;3.40000e-01;9.56785e-01;8.12534e-01;Pipeline { filter(avg_Y > 194.0000) | map_duplicate(probability=0.10) };9.18608e-01;1.00000e+00;Pipeline { filter(avg_X < 85600000.0000) };9.23944e-01;9.79011e-01;Pipeline { filter(avg_Y < 1180000.0000) };9.18608e-01;1.00000e+00;Pipeline { filter(avg_Y < 43900000.0000) }
datasets/geolife_60mins.csv;nsga2;1;43;4300;4300;1.34308e+02;100;100;100;1.00000e+00;1.00000e+00;3.40000e-01;9.56785e-01;8.12534e-01;Pipeline { filter(avg_Y > 194.0000) | map_duplicate(probability=0.10) };9.18608e-01;1.00000e+00;Pipeline { filter(avg_Y < 16300000.0000) };9.23944e-01;9.79011e-01;Pipeline { filter(avg_Y < 1180000.0000) };9.18608e-01;1.00000e+00;Pipeline { filter(avg_X < 836000000.0000) }
datasets/geolife_60mins.csv;nsga2;1;44;4400;4400;1.37275e+02;100;100;100;1.00000e+00;1.00000e+00;3.50000e-01;9.56785e-01;8.12534e-01;Pipeline { filter(avg_Y > 194.0000) | map_duplicate(probability=0.10) };9.18608e-01;1.00000e+00;Pipeline { filter(avg_X < 22000000.0000) };9.23944e-01;9.79011e-01;Pipeline { filter(avg_Y < 1180000.0000) };9.18608e-01;1.00000e+00;Pipeline { filter(avg_X < 251000000.0000) }
datasets/geolife_60mins.csv;nsga2;1;45;4500;4500;1.40506e+02;100;100;100;1.00000e+00;1.00000e+00;3.50000e-01;9.56785e-01;8.12534e-01;Pipeline { filter(avg_Y > 194.0000) | map_duplicate(probability=0.10) };9.18608e-01;1.00000e+00;Pipeline { filter(avg_Y < 65000000.0000) };9.24802e-01;9.78942e-01;Pipeline { filter(avg_Y < 1170000.0000) };9.18608e-01;1.00000e+00;Pipeline { filter(avg_X < 1840000000.0000) }
datasets/geolife_60mins.csv;nsga2;1;46;4600;4600;1.43510e+02;100;100;100;1.00000e+00;1.00000e+00;3.80000e-01;9.56785e-01;8.12534e-01;Pipeline { filter(avg_Y > 194.0000) | map_duplicate(probability=0.10) };9.18608e-01;1.00000e+00;Pipeline { filter(avg_X < 11300000.0000) };9.25942e-01;9.78925e-01;Pipeline { filter(avg_Y < 1150000.0000) };9.18608e-01;1.00000e+00;Pipeline { filter(avg_Y < 96300000.0000) }
datasets/geolife_60mins.csv;nsga2;1;47;4700;4700;1.46065e+02;100;100;100;1.00000e+00;1.00000e+00;4.00000e-01;9.56785e-01;8.12534e-01;Pipeline { filter(avg_Y > 194.0000) | map_duplicate(probability=0.10) };9.18608e-01;1.00000e+00;Pipeline { filter(avg_X < 92000000.0000) };9.25942e-01;9.78925e-01;Pipeline { filter(avg_Y < 1150000.0000) };9.18608e-01;1.00000e+00;Pipeline { filter(avg_X < 21400000.0000) }
datasets/geolife_60mins.csv;nsga2;1;48;4800;4800;1.48888e+02;100;100;100;1.00000e+00;1.00000e+00;4.00000e-01;9.56785e-01;8.12534e-01;Pipeline { filter(avg_Y > 194.0000) | map_duplicate(probability=0.10) };9.18608e-01;1.00000e+00;Pipeline { filter(avg_X < 5640000.0000) };9.25942e-01;9.78925e-01;Pipeline { filter(avg_Y < 1150000.0000) };9.18608e-01;1.00000e+00;Pipeline { filter(avg_Y < 7570000.0000) }
datasets/geolife_60mins.csv;nsga2;1;49;4900;4900;1.51937e+02;100;100;100;1.00000e+00;1.00000e+00;4.00000e-01;9.56785e-01;8.12534e-01;Pipeline { filter(avg_Y > 194.0000) | map_duplicate(probability=0.10) };9.18608e-01;1.00000e+00;Pipeline { filter(avg_X < 92000000.0000) };9.25942e-01;9.78925e-01;Pipeline { filter(avg_Y < 1150000.0000) };9.18608e-01;1.00000e+00;Pipeline { filter(avg_X < 65900000.0000) }
datasets/geolife_60mins.csv;nsga2;1;50;5000;5000;1.54855e+02;100;100;100;1.00000e+00;1.00000e+00;4.00000e-01;9.56785e-01;8.12534e-01;Pipeline { filter(avg_Y > 194.0000) | map_duplicate(probability=0.10) };9.18608e-01;1.00000e+00;Pipeline { filter(avg_Y < 23400000.0000) };9.25942e-01;9.78925e-01;Pipeline { filter(avg_Y < 1150000.0000) };9.18608e-01;1.00000e+00;Pipeline { filter(avg_Y < 9950000.0000) }
datasets/geolife_60mins.csv;nsga2;2;1;100;100;8.92900e+00;100;3;27;9.40000e-01;9.40000e-01;7.20000e-01;9.28733e-01;7.60264e-01;Pipeline { map_noise(attribute=avg_Y, percentage=0.05) | map_noise(attribute=avg_X, percentage=0.05) | map_noise(attribute=avg_Y, percentage=0.01) };9.26629e-01;8.85427e-01;Pipeline { filter(avg_X > 694.0000) };6.56491e-01;8.30419e-01;Pipeline { map_duplicate(probability=0.40) };8.87632e-01;7.03935e-01;Pipeline { map_noise(attribute=avg_X, percentage=0.05) | filter(avg_X > 0.0000) | filter(avg_Y > 0.0600) | filter(avg_X > 35500.0000) }
datasets/geolife_60mins.csv;nsga2;2;2;200;200;1.84430e+01;100;2;4;9.40000e-01;9.40000e-01;9.50000e-01;9.34852e-01;9.11099e-01;Pipeline { filter(avg_Y < 270000.0000) };8.35973e-01;9.18001e-01;Pipeline { map_duplicate(probability=0.10) };8.88681e-01;6.98783e-01;Pipeline { filter(avg_Y > 0.0817) | map_noise(attribute=avg_X, percentage=0.10) | filter(avg_Y > 0.0426) | filter(avg_X > 8.6600) };9.23746e-01;7.69263e-01;Pipeline { map_noise(attribute=avg_X, percentage=0.05) }
datasets/geolife_60mins.csv;nsga2;2;3;300;300;2.42100e+01;100;3;2;9.40000e-01;9.40000e-01;8.60000e-01;9.41106e-01;6.95104e-01;Pipeline { map_noise(attribute=avg_X, percentage=0.10) | map_noise(attribute=avg_Y, percentage=0.25) | filter(avg_Y > 0.3540) | map_duplicate(probability=0.10) };8.35973e-01;9.18001e-01;Pipeline { map_duplicate(probability=0.10) };9.26096e-01;7.40321e-01;Pipeline { map_noise(attribute=avg_X, percentage=0.05) | filter(avg_X > 0.0000) | filter(avg_X > 0.0000) | filter(avg_X > 35300.0000) };6.55837e-01;8.30384e-01;Pipeline { map_duplicate(probability=0.40) }
datasets/geolife_60mins.csv;nsga2;2;4;400;400;2.81320e+01;100;7;1;9.60000e-01;9.50000e-01;6.00000e-01;9.41106e-01;6.95104e-01;Pipeline { map_noise(attribute=avg_X, percentage=0.10) | map_noise(attribute=avg_Y, percentage=0.25) | filter(avg_Y > 0.3540) | map_duplicate(probability=0.10) };9.18608e-01;1.00000e+00;Pipeline { filter(avg_X < 554000000.0000) };9.26629e-01;8.85427e-01;Pipeline { filter(avg_X > 294.0000) };9.26629e-01;8.85427e-01;Pipeline { filter(avg_X > 8.4400) }
datasets/geolife_60mins.csv;nsga2;2;5;500;500;3.16640e+01;100;14;3;1.00000e+00;9.90000e-01;3.10000e-01;9.43545e-01;6.95689e-01;Pipeline { map_noise(attribute=avg_X, percentage=0.05) | map_noise(attribute=avg_Y, percentage=0.25) | filter(avg_Y > 0.3540) | map_duplicate(probability=0.10) };9.18608e-01;1.00000e+00;Pipeline { filter(avg_Y < 30000000.0000) };9.26629e-01;8.85427e-01;Pipeline { filter(avg_X > 6.4000) };9.26629e-01;8.85427e-01;Pipeline { filter(avg_X > 794.0000) }
datasets/geolife_60mins.csv;nsga2;2;6;600;600;3.47750e+01;100;23;72;1.00000e+00;9.90000e-01;2.40000e-01;9.44248e-01;6.95677e-01;Pipeline { map_noise(attribute=avg_X, percentage=0.10) | map_noise(attribute=avg_Y, percentage=0.25) | filter(avg_Y > 90.2000) | map_duplicate(probability=0.10) };9.18608e-01;1.00000e+00;Pipeline { filter(avg_Y < 270000000.0000) };9.26629e-01;8.85427e-01;Pipeline { filter(avg_X > 0.0000) };9.34852e-01;9.11099e-01;Pipeline { filter(avg_Y < 270000.0000) }
datasets/geolife_60mins.csv;nsga2;2;7;700;700;3.77500e+01;100;41;54;1.00000e+00;1.00000e+00;2.90000e-01;9.44526e-01;6.95696e-01;Pipeline { map_noise(attribute=avg_X, percentage=0.10) | map_noise(attribute=avg_Y, percentage=0.25) | filter(avg_Y > 90.6000) | map_duplicate(probability=0.10) };9.18608e-01;1.00000e+00;Pipeline { filter(avg_Y < 6430000.0000) };9.26629e-01;8.85427e-01;Pipeline { filter(avg_X > 0.0001) };9.18608e-01;1.00000e+00;Pipeline { filter(avg_Y < 3190000000.0000) }
datasets/geolife_60mins.csv;nsga2;2;8;800;800;4.07850e+01;100;65;20;1.00000e+00;1.00000e+00;4.00000e-01;9.54609e-01;6.96032e-01;Pipeline { map_noise(attribute=avg_X, percentage=0.10) | map_noise(attribute=avg_Y, percentage=0.10) | filter(avg_Y > 0.3310) | map_duplicate(probability=0.10) };9.18608e-01;1.00000e+00;Pipeline { filter(avg_X < 558000000.0000) };9.29534e-01;7.60598e-01;Pipeline { map_noise(attribute=avg_X, percentage=0.05) | map_noise(attribute=avg_Y, percentage=0.05) | map_noise(attribute=avg_X, percentage=0.05) };9.18608e-01;1.00000e+00;Pipeline { filter(avg_Y < 583000000.0000) }
datasets/geolife_60mins.csv;nsga2;2;9;900;900;4.42830e+01;100;99;1;1.00000e+00;1.00000e+00;1.50000e-01;9.54609e-01;6.96032e-01;Pipeline { map_noise(attribute=avg_X, percentage=0.10) | map_noise(attribute=avg_Y, percentage=0.10) | filter(avg_Y > 0.3310) | map_duplicate(probability=0.10) };9.18608e-01;1.00000e+00;Pipeline { filter(avg_Y < 271000000.0000) };9.18608e-01;1.00000e+00;Pipeline { filter(avg_Y < 8660000000.0000) };9.18608e-01;1.00000e+00;Pipeline { filter(avg_Y < 372000000.0000) }
datasets/geolife_60mins.csv;nsga2;2;10;1000;1000;4.68930e+01;100;100;100;1.00000e+00;9.90000e-01;1.40000e-01;9.54609e-01;6.96032e-01;Pipeline { map_noise(attribute=avg_X, percentage=0.10) | map_noise(attribute=avg_Y, percentage=0.10) | filter(avg_Y > 0.3310) | map_duplicate(probability=0.10) };9.18608e-01;1.00000e+00;Pipeline { filter(avg_Y < 3290000000.0000) };9.18608e-01;1.00000e+00;Pipeline { filter(avg_X < 8060000000.0000) };9.18608e-01;1.00000e+00;Pipeline { filter(avg_X < 754000000.0000) }
datasets/geolife_60mins.csv;nsga2;2;11;1100;1100;4.97420e+01;100;100;100;1.00000e+00;9.90000e-01;1.50000e-01;9.54609e-01;6.96032e-01;Pipeline { map_noise(attribute=avg_X, percentage=0.10) | map_noise(attribute=avg_Y, percentage=0.10) | filter(avg_Y > 0.3310) | map_duplicate(probability=0.10) };9.18608e-01;1.00000e+00;Pipeline { filter(avg_Y < 9700000.0000) };9.18608e-01;1.00000e+00;Pipeline { filter(avg_Y < 470000000.0000) };9.18608e-01;1.00000e+00;Pipeline { filter(avg_X < 724000000.0000) }
datasets/geolife_60mins.csv;nsga2;2;12;1200;1200;5.22370e+01;100;100;100;1.00000e+00;1.00000e+00;1.50000e-01;9.54609e-01;6.96032e-01;Pipeline { map_noise(attribute=avg_X, percentage=0.10) | map_noise(attribute=avg_Y, percentage=0.10) | filter(avg_Y > 0.3310) | map_duplicate(probability=0.10) };9.18608e-01;1.00000e+00;Pipeline { filter(avg_Y < 138000000.0000) };9.18608e-01;1.00000e+00;Pipeline { filter(avg_X < 7580000.0000) };9.18608e-01;1.00000e+00;Pipeline { filter(avg_X < 6970000000.0000) }
datasets/geolife_60mins.csv;nsga2;2;13;1300;1300;5.49390e+01;100;100;100;1.00000e+00;1.00000e+00;1.60000e-01;9.54609e-01;6.96032e-01;Pipeline { map_noise(attribute=avg_X, percentage=0.10) | map_noise(attribute=avg_Y, percentage=0.10) | filter(avg_Y > 0.3310) | map_duplicate(probability=0.10) };9.18608e-01;1.00000e+00;Pipeline { filter(avg_X < 755000000.0000) };9.18608e-01;1.00000e+00;Pipeline { filter(avg_Y < 3290000000.0000) };9.18608e-01;1.00000e+00;Pipeline { filter(avg_X < 124000000.0000) }
datasets/geolife_60mins.csv;nsga2;2;14;1400;1400;5.78600e+01;100;100;100;1.00000e+00;9.90000e-01;1.60000e-01;9.54609e-01;6.96032e-01;Pipeline { map_noise(attribute=avg_X, percentage=0.10) | map_noise(attribute=avg_Y, percentage=0.10) | filter(avg_Y > 0.3310) | map_duplicate(probability=0.10) };9.18608e-01;1.00000e+00;Pipeline { filter(avg_Y < 540000000.0000) };9.18608e-01;1.00000e+00;Pipeline { filter(avg_Y < 272000000.0000) };9.18608e-01;1.00000e+00;Pipeline { filter(avg_Y < 7420000.0000) }
datasets/geolife_60mins.csv;nsga2;2;15;1500;1500;6.04610e+01;100;100;100;1.00000e+00;9.90000e-01;1.50000e-01;9.54609e-01;6.96032e-01;Pipeline { map_noise(attribute=avg_X, percentage=0.10) | map_noise(attribute=avg_Y, percentage=0.10) | filter(avg_Y > 0.3310) | map_duplicate(probability=0.10) };9.18608e-01;1.00000e+00;Pipeline { filter(avg_Y < 570000000.0000) };9.18608e-01;1.00000e+00;Pipeline { filter(avg_X < 1970000000.0000) };9.18608e-01;1.00000e+00;Pipeline { filter(avg_Y < 7880000000.0000) }
datasets/geolife_60mins.csv;nsga2;2;16;1600;1600;6.40460e+01;100;100;100;1.00000e+00;9.90000e-01;1.60000e-01;9.54609e-01;6.96032e-01;Pipeline { map_noise(attribute=avg_X, percentage=0.10) | map_noise(attribute=avg_Y, percentage=0.10) | filter(avg_Y > 0.3310) | map_duplicate(probability=0.10) };9.18608e-01;1.00000e+00;Pipeline { filter(avg_X < 755000000.0000) };9.18608e-01;1.00000e+00;Pipeline { filter(avg_Y < 41000000.0000) };9.18608e-01;1.00000e+00;Pipeline { filter(avg_Y < 8970000.0000) }
datasets/geolife_60mins.csv;nsga2;2;17;1700;1700;6.68790e+01;100;100;100;1.00000e+00;9.90000e-01;1.70000e-01;9.54609e-01;6.96032e-01;Pipeline { map_noise(attribute=avg_X, percentage=0.10) | map_noise(attribute=avg_Y, percentage=0.10) | filter(avg_Y > 0.3310) | map_duplicate(probability=0.10) };9.18608e-01;1.00000e+00;Pipeline { filter(avg_X < 560000000.0000) };9.18608e-01;1.00000e+00;Pipeline { filter(avg_Y < 274000000.0000) };9.18608e-01;1.00000e+00;Pipeline { filter(avg_X < 353000000.0000) }
datasets/geolife_60mins.csv;nsga2;2;18;1800;1800;6.97070e+01;100;100;100;1.00000e+00;9.90000e-01;1.70000e-01;9.54609e-01;6.96032e-01;Pipeline { map_noise(attribute=avg_X, percentage=0.10) | map_noise(attribute=avg_Y, percentage=0.10) | filter(avg_Y > 0.3310) | map_duplicate(probability=0.10) };9.18608e-01;1.00000e+00;Pipeline { filter(avg_X < 27100000.0000) };9.18608e-01;1.00000e+00;Pipeline { filter(avg_Y < 16400000.0000) };9.18608e-01;1.00000e+00;Pipeline { filter(avg_Y < 16300000.0000) }
datasets/geolife_60mins.csv;nsga2;2;19;1900;1900;7.26520e+01;100;100;100;1.00000e+00;9.80000e-01;1.50000e-01;9.54609e-01;6.96032e-01;Pipeline { map_noise(attribute=avg_X, percentage=0.10) | map_noise(attribute=avg_Y, percentage=0.10) | filter(avg_Y > 0.3310) | map_duplicate(probability=0.10) };9.18608e-01;1.00000e+00;Pipeline { filter(avg_X < 54600000.0000) };9.18608e-01;1.00000e+00;Pipeline { filter(avg_Y < 54600000.0000) };9.18608e-01;1.00000e+00;Pipeline { filter(avg_X < 539000000.0000) }
datasets/geolife_60mins.csv;nsga2;2;20;2000;2000;7.54130e+01;100;100;100;1.00000e+00;9.80000e-01;1.50000e-01;9.54609e-01;6.96032e-01;Pipeline { map_noise(attribute=avg_X, percentage=0.10) | map_noise(attribute=avg_Y, percentage=0.10) | filter(avg_Y > 0.3310) | map_duplicate(probability=0.10) };9.18608e-01;1.00000e+00;Pipeline { filter(avg_Y < 340000000.0000) };9.18608e-01;1.00000e+00;Pipeline { filter(avg_X < 44100000.0000) };9.18608e-01;1.00000e+00;Pipeline { filter(avg_Y < 253000000.0000) }
datasets/geolife_60mins.csv;nsga2;2;21;2100;2100;7.83110e+01;100;100;100;1.00000e+00;9.80000e-01;1.30000e-01;9.55454e-01;8.12234e-01;Pipeline { filter(avg_Y > 0.0000) | map_duplicate(probability=0.10) };9.18608e-01;1.00000e+00;Pipeline { filter(avg_X < 27100000.0000) };9.18608e-01;1.00000e+00;Pipeline { filter(avg_X < 1590000000.0000) };9.18608e-01;1.00000e+00;Pipeline { filter(avg_X < 605000000.0000) }
datasets/geolife_60mins.csv;nsga2;2;22;2200;2200;8.08540e+01;100;100;100;1.00000e+00;9.80000e-01;1.40000e-01;9.55454e-01;8.12234e-01;Pipeline { filter(avg_Y > 0.0000) | map_duplicate(probability=0.10) };9.18608e-01;1.00000e+00;Pipeline { filter(avg_X < 23100000.0000) };9.18608e-01;1.00000e+00;Pipeline { filter(avg_Y < 8050000.0000) };9.18608e-01;1.00000e+00;Pipeline { filter(avg_X < 805000000.0000) }
datasets/geolife_60mins.csv;nsga2;2;23;2300;2300;8.37510e+01;100;100;100;1.00000e+00;9.80000e-01;1.40000e-01;9.55454e-01;8.12234e-01;Pipeline { filter(avg_Y > 0.0000) | map_duplicate(probability=0.10) };9.18608e-01;1.00000e+00;Pipeline { filter(avg_X < 956000000.0000) };9.18608e-01;1.00000e+00;Pipeline { filter(avg_X < 897000000.0000) };9.18608e-01;1.00000e+00;Pipeline { filter(avg_X < 26800000.0000) }
datasets/geolife_60mins.csv;nsga2;2;24;2400;2400;8.65910e+01;100;100;100;1.00000e+00;9.80000e-01;1.40000e-01;9.55454e-01;8.12234e-01;Pipeline { filter(avg_Y > 0.0000) | map_duplicate(probability=0.10) };9.18608e-01;1.00000e+00;Pipeline { filter(avg_X < 2060000000.0000) };9.18608e-01;1.00000e+00;Pipeline { filter(avg_Y < 6530000.0000) };9.18608e-01;1.00000e+00;Pipeline { filter(avg_Y < 182000000.0000) }
datasets/geolife_60mins.csv;nsga2;2;25;2500;2500;8.99300e+01;100;100;100;1.00000e+00;9.80000e-01;1.40000e-01;9.55454e-01;8.12234e-01;Pipeline { filter(avg_Y > 0.0000) | map_duplicate(probability=0.10) };9.18608e-01;1.00000e+00;Pipeline { filter(avg_Y < 5010000000.0000) };9.18608e-01;1.00000e+00;Pipeline { filter(avg_X < 23100000.0000) };9.18608e-01;1.00000e+00;Pipeline { filter(avg_X < 21800000.0000) }
datasets/geolife_60mins.csv;nsga2;2;26;2600;2600;9.28890e+01;100;100;100;1.00000e+00;9.80000e-01;1.50000e-01;9.55685e-01;8.12352e-01;Pipeline { filter(avg_Y > 0.0005) | map_duplicate(probability=0.10) };9.18608e-01;1.00000e+00;Pipeline { filter(avg_Y < 2040000000.0000) };9.18608e-01;1.00000e+00;Pipeline { filter(avg_X < 78300000.0000) };9.18608e-01;1.00000e+00;Pipeline { filter(avg_X < 30100000.0000) }
datasets/geolife_60mins.csv;nsga2;2;27;2700;2700;9.54550e+01;100;100;100;1.00000e+00;9.80000e-01;1.50000e-01;9.55685e-01;8.12352e-01;Pipeline { filter(avg_Y > 0.0005) | map_duplicate(probability=0.10) };9.18608e-01;1.00000e+00;Pipeline { filter(avg_X < 62000000.0000) };9.18608e-01;1.00000e+00;Pipeline { filter(avg_X < 38200000.0000) };9.18608e-01;1.00000e+00;Pipeline { filter(avg_X < 38100000.0000) }
datasets/geolife_60mins.csv;nsga2;2;28;2800;2800;9.83380e+01;100;100;100;1.00000e+00;9.80000e-01;1.50000e-01;9.55685e-01;8.12352e-01;Pipeline { filter(avg_Y > 0.0005) | map_duplicate(probability=0.10) };9.18608e-01;1.00000e+00;Pipeline { filter(avg_Y < 5010000000.0000) };9.18608e-01;1.00000e+00;Pipeline { filter(avg_X < 9040000000.0000) };9.18608e-01;1.00000e+00;Pipeline { filter(avg_Y < 48600000.0000) }
datasets/geolife_60mins.csv;nsga2;2;29;2900;2900;1.00944e+02;100;100;100;1.00000e+00;9.80000e-01;1.60000e-01;9.55685e-01;8.12352e-01;Pipeline { filter(avg_Y > 0.0005) | map_duplicate(probability=0.10) };9.18608e-01;1.00000e+00;Pipeline { filter(avg_X < 9940000000.0000) };9.18608e-01;1.00000e+00;Pipeline { filter(avg_X < 76200000.0000) };9.18608e-01;1.00000e+00;Pipeline { filter(avg_X < 726000000.0000) }
datasets/geolife_60mins.csv;nsga2;2;30;3000;3000;1.03502e+02;100;100;100;1.00000e+00;9.80000e-01;1.60000e-01;9.55685e-01;8.12352e-01;Pipeline { filter(avg_Y > 0.0005) | map_duplicate(probability=0.10) };9.18608e-01;1.00000e+00;Pipeline { filter(avg_Y < 410000000.0000) };9.18608e-01;1.00000e+00;Pipeline { filter(avg_Y < 9450000000.0000) };9.18608e-01;1.00000e+00;Pipeline { filter(avg_Y < 6450000000.0000) }
datasets/geolife_60mins.csv;nsga2;2;31;3100;3100;1.06027e+02;100;100;100;1.00000e+00;9.80000e-01;1.60000e-01;9.55685e-01;8.12352e-01;Pipeline { filter(avg_Y > 0.0005) | map_duplicate(probability=0.10) };9.18608e-01;1.00000e+00;Pipeline { filter(avg_Y < 5010000000.0000) };9.18608e-01;1.00000e+00;Pipeline { filter(avg_Y < 380000000.0000) };9.18608e-01;1.00000e+00;Pipeline { filter(avg_X < 6090000000.0000) }
datasets/geolife_60mins.csv;nsga2;2;32;3200;3200;1.08441e+02;100;100;100;1.00000e+00;9.80000e-01;1.60000e-01;9.55685e-01;8.12352e-01;Pipeline { filter(avg_Y > 0.0005) | map_duplicate(probability=0.10) };9.18608e-01;1.00000e+00;Pipeline { filter(avg_Y < 569000000.0000) };9.18608e-01;1.00000e+00;Pipeline { filter(avg_Y < 943000000.0000) };9.18608e-01;1.00000e+00;Pipeline { filter(avg_Y < 715000000.0000) }
datasets/geolife_60mins.csv;nsga2;2;33;3300;3300;1.10809e+02;100;100;100;1.00000e+00;9.80000e-01;1.60000e-01;9.55685e-01;8.12352e-01;Pipeline { filter(avg_Y > 0.0005) | map_duplicate(probability=0.10) };9.18608e-01;1.00000e+00;Pipeline { filter(avg_Y < 4200000.0000) };9.18608e-01;1.00000e+00;Pipeline { filter(avg_X < 1780000000.0000) };9.18608e-01;1.00000e+00;Pipeline { filter(avg_X < 9780000000.0000) }
datasets/geolife_60mins.csv;nsga2;2;34;3400;3400;1.13550e+02;100;100;100;1.00000e+00;9.90000e-01;1.60000e-01;9.55685e-01;8.12352e-01;Pipeline { filter(avg_Y > 0.0005) | map_duplicate(probability=0.10) };9.18608e-01;1.00000e+00;Pipeline { filter(avg_X < 8040000000.0000) };9.18608e-01;1.00000e+00;Pipeline { filter(avg_X < 71900000.0000) };9.18608e-01;1.00000e+00;Pipeline { filter(avg_Y < 523000000.0000) }
datasets/geolife_60mins.csv;nsga2;2;35;3500;3500;1.16592e+02;100;100;100;1.00000e+00;9.90000e-01;1.60000e-01;9.55685e-01;8.12352e-01;Pipeline { filter(avg_Y > 0.0005) | map_duplicate(probability=0.10) };9.18608e-01;1.00000e+00;Pipeline { filter(avg_Y < 489000000.0000) };9.18608e-01;1.00000e+00;Pipeline { filter(avg_X < 889000000.0000) };9.18608e-01;1.00000e+00;Pipeline { filter(avg_X < 13900000.0000) }
datasets/geolife_60mins.csv;nsga2;2;36;3600;3600;1.19590e+02;100;100;100;1.00000e+00;9.90000e-01;1.70000e-01;9.55685e-01;8.12352e-01;Pipeline { filter(avg_Y > 0.0005) | map_duplicate(probability=0.10) };9.18608e-01;1.00000e+00;Pipeline { filter(avg_Y < 4200000.0000) };9.18608e-01;1.00000e+00;Pipeline { filter(avg_Y < 379000000.0000) };9.18608e-01;1.00000e+00;Pipeline { filter(avg_X < 559000000.0000) }
datasets/geolife_60mins.csv;nsga2;2;37;3700;3700;1.22238e+02;100;100;100;1.00000e+00;9.90000e-01;1.70000e-01;9.55685e-01;8.12352e-01;Pipeline { filter(avg_Y > 0.0005) | map_duplicate(probability=0.10) };9.18608e-01;1.00000e+00;Pipeline { filter(avg_X < 3710000000.0000) };9.18608e-01;1.00000e+00;Pipeline { filter(avg_X < 34000000.0000) };9.18608e-01;1.00000e+00;Pipeline { filter(avg_X < 8840000000.0000) }
datasets/geolife_60mins.csv;nsga2;2;38;3800;3800;1.25082e+02;100;100;100;1.00000e+00;9.90000e-01;1.80000e-01;9.55685e-01;8.12352e-01;Pipeline { filter(avg_Y > 0.0005) | map_duplicate(probability=0.10) };9.18608e-01;1.00000e+00;Pipeline { filter(avg_Y < 9740000000.0000) };9.18608e-01;1.00000e+00;Pipeline { filter(avg_Y < 75300000.0000) };9.18608e-01;1.00000e+00;Pipeline { filter(avg_X < 59000000.0000) }
datasets/geolife_60mins.csv;nsga2;2;39;3900;3900;1.27788e+02;100;100;100;1.00000e+00;9.90000e-01;1.80000e-01;9.55685e-01;8.12352e-01;Pipeline { filter(avg_Y > 0.0005) | map_duplicate(probability=0.10) };9.18608e-01;1.00000e+00;Pipeline { filter(avg_Y < 8200000.0000) };9.18608e-01;1.00000e+00;Pipeline { filter(avg_X < 467000000.0000) };9.18608e-01;1.00000e+00;Pipeline { filter(avg_X < 8870000.0000) }
datasets/geolife_60mins.csv;nsga2;2;40;4000;4000;1.30488e+02;100;100;100;1.00000e+00;9.90000e-01;1.90000e-01;9.55685e-01;8.12352e-01;Pipeline { filter(avg_Y > 0.0005) | map_duplicate(probability=0.10) };9.18608e-01;1.00000e+00;Pipeline { filter(avg_Y < 75600000.0000) };9.18608e-01;1.00000e+00;Pipeline { filter(avg_Y < 75600000.0000) };9.18608e-01;1.00000e+00;Pipeline { filter(avg_X < 420000000.0000) }
datasets/geolife_60mins.csv;nsga2;2;41;4100;4100;1.33215e+02;100;100;100;1.00000e+00;9.90000e-01;2.00000e-01;9.55685e-01;8.12352e-01;Pipeline { filter(avg_Y > 0.0005) | map_duplicate(probability=0.10) };9.18608e-01;1.00000e+00;Pipeline { filter(avg_Y < 8740000000.0000) };9.18771e-01;9.99657e-01;Pipeline { filter(avg_X < 3710000.0000) };9.18608e-01;1.00000e+00;Pipeline { filter(avg_Y < 4940000000.0000) }
datasets/geolife_60mins.csv;nsga2;2;42;4200;4200;1.36033e+02;100;100;100;1.00000e+00;9.90000e-01;2.00000e-01;9.55685e-01;8.12352e-01;Pipeline { filter(avg_Y > 0.0005) | map_duplicate(probability=0.10) };9.18608e-01;1.00000e+00;Pipeline { filter(avg_X < 139000000.0000) };9.18771e-01;9.99657e-01;Pipeline { filter(avg_X < 4600000.0000) };9.18608e-01;1.00000e+00;Pipeline { filter(avg_X < 82300000.0000) }
datasets/geolife_60mins.csv;nsga2;2;43;4300;4300;1.38719e+02;100;100;100;1.00000e+00;9.90000e-01;2.00000e-01;9.55685e-01;8.12352e-01;Pipeline { filter(avg_Y > 0.0005) | map_duplicate(probability=0.10) };9.18608e-01;1.00000e+00;Pipeline { filter(avg_X < 6670000000.0000) };9.18771e-01;9.99657e-01;Pipeline { filter(avg_X < 3710000.0000) };9.18608e-01;1.00000e+00;Pipeline { filter(avg_Y < 7400000.0000) }
datasets/geolife_60mins.csv;nsga2;2;44;4400;4400;1.41452e+02;100;100;100;1.00000e+00;9.90000e-01;2.00000e-01;9.55685e-01;8.12352e-01;Pipeline { filter(avg_Y > 0.0005) | map_duplicate(probability=0.10) };9.18608e-01;1.00000e+00;Pipeline { filter(avg_X < 1060000000.0000) };9.18771e-01;9.99657e-01;Pipeline { filter(avg_X < 4600000.0000) };9.18608e-01;1.00000e+00;Pipeline { filter(avg_Y < 799000000.0000) }
datasets/geolife_60mins.csv;nsga2;2;45;4500;4500;1.44433e+02;100;100;100;1.00000e+00;9.90000e-01;2.10000e-01;9.55685e-01;8.12352e-01;Pipeline { filter(avg_Y > 0.0005) | map_duplicate(probability=0.10) };9.18608e-01;1.00000e+00;Pipeline { filter(avg_Y < 70600000.0000) };9.18771e-01;9.99657e-01;Pipeline { filter(avg_X < 4600000.0000) };9.18608e-01;1.00000e+00;Pipeline { filter(avg_Y < 16400000.0000) }
datasets/geolife_60mins.csv;nsga2;2;46;4600;4600;1.47013e+02;100;100;100;1.00000e+00;9.80000e-01;2.10000e-01;9.55685e-01;8.12352e-01;Pipeline { filter(avg_Y > 0.0005) | map_duplicate(probability=0.10) };9.18608e-01;1.00000e+00;Pipeline { filter(avg_X < 132000000.0000) };9.18771e-01;9.99657e-01;Pipeline { filter(avg_X < 3710000.0000) };9.18608e-01;1.00000e+00;Pipeline { filter(avg_Y < 119000000.0000) }
datasets/geolife_60mins.csv;nsga2;2;47;4700;4700;1.49594e+02;100;100;100;1.00000e+00;9.90000e-01;2.20000e-01;9.55685e-01;8.12352e-01;Pipeline { filter(avg_Y > 0.0005) | map_duplicate(probability=0.10) };9.18608e-01;1.00000e+00;Pipeline { filter(avg_X < 5280000.0000) };9.18779e-01;9.99137e-01;Pipeline { filter(avg_X < 2520000.0000) };9.18608e-01;1.00000e+00;Pipeline { filter(avg_X < 610000000.0000) }
datasets/geolife_60mins.csv;nsga2;2;48;4800;4800;1.52113e+02;100;100;100;1.00000e+00;9.90000e-01;2.20000e-01;9.55685e-01;8.12352e-01;Pipeline { filter(avg_Y > 0.0005) | map_duplicate(probability=0.10) };9.18608e-01;1.00000e+00;Pipeline { filter(avg_X < 51600000.0000) };9.18779e-01;9.99137e-01;Pipeline { filter(avg_X < 2140000.0000) };9.18608e-01;1.00000e+00;Pipeline { filter(avg_X < 1910000000.0000) }
datasets/geolife_60mins.csv;nsga2;2;49;4900;4900;1.54723e+02;100;100;100;1.00000e+00;9.90000e-01;2.20000e-01;9.55685e-01;8.12352e-01;Pipeline { filter(avg_Y > 0.0005) | map_duplicate(probability=0.10) };9.18608e-01;1.00000e+00;Pipeline { filter(avg_Y < 7780000000.0000) };9.18779e-01;9.99137e-01;Pipeline { filter(avg_X < 2580000.0000) };9.18608e-01;1.00000e+00;Pipeline { filter(avg_X < 1210000000.0000) }
datasets/geolife_60mins.csv;nsga2;2;50;5000;5000;1.57432e+02;100;100;100;1.00000e+00;9.90000e-01;2.20000e-01;9.55685e-01;8.12352e-01;Pipeline { filter(avg_Y > 0.0005) | map_duplicate(probability=0.10) };9.18608e-01;1.00000e+00;Pipeline { filter(avg_Y < 590000000.0000) };9.18779e-01;9.99137e-01;Pipeline { filter(avg_X < 2390000.0000) };9.18608e-01;1.00000e+00;Pipeline { filter(avg_X < 40500000.0000) }
datasets/geolife_60mins.csv;nsga2;3;1;100;100;5.01500e+00;100;7;38;9.50000e-01;9.50000e-01;6.20000e-01;9.25833e-01;7.63364e-01;Pipeline { map_noise(attribute=avg_X, percentage=0.10) };8.33943e-01;9.17674e-01;Pipeline { map_duplicate(probability=0.10) };5.38319e-01;7.67143e-01;Pipeline { map_duplicate(probability=0.70) };7.30938e-01;6.68662e-01;Pipeline { map_noise(attribute=avg_X, percentage=0.05) | map_noise(attribute=avg_Y, percentage=0.25) | map_noise(attribute=avg_X, percentage=0.25) | map_duplicate(probability=0.40) | filter(avg_Y > 0.0000) | map_noise(attribute=avg_Y, percentage=0.25) | map_noise(attribute=avg_Y, percentage=0.01) }
datasets/geolife_60mins.csv;nsga2;3;2;200;200;1.23030e+01;100;4;1;9.50000e-01;9.40000e-01;9.60000e-01;9.74176e-01;7.99299e-01;Pipeline { map_duplicate(probability=0.10) | filter(avg_Y > 0.0000) | filter(avg_X > 0.0000) | filter(avg_Y > 4580.0000) | filter(avg_Y > 9240.0000) | filter(avg_X > 40.6000) };8.33943e-01;9.17674e-01;Pipeline { map_duplicate(probability=0.10) };8.33943e-01;9.17674e-01;Pipeline { map_duplicate(probability=0.10) };9.25833e-01;7.63364e-01;Pipeline { map_noise(attribute=avg_X, percentage=0.10) }
datasets/geolife_60mins.csv;nsga2;3;3;300;300;1.99360e+01;100;10;4;9.50000e-01;9.40000e-01;8.70000e-01;9.74176e-01;7.99299e-01;Pipeline { map_duplicate(probability=0.10) | filter(avg_Y > 0.0000) | filter(avg_X > 0.0000) | filter(avg_Y > 4580.0000) | filter(avg_Y > 9240.0000) | filter(avg_X > 40.6000) };8.33943e-01;9.17674e-01;Pipeline { map_duplicate(probability=0.10) };9.24187e-01;7.63189e-01;Pipeline { map_noise(attribute=avg_X, percentage=0.05) | map_noise(attribute=avg_X, percentage=0.10) };8.77344e-01;8.28148e-01;Pipeline { filter(avg_Y > 0.0000) }
datasets/geolife_60mins.csv;nsga2;3;4;400;400;2.39410e+01;100;25;2;9.50000e-01;9.40000e-01;6.80000e-01;9.77189e-01;7.98685e-01;Pipeline { map_duplicate(probability=0.10) | filter(avg_Y > 0.0000) | filter(avg_X > 0.0000) | filter(avg_Y > 4580.0000) | filter(avg_Y > 9240.0000) | filter(avg_X > 40.6000) };9.18608e-01;1.00000e+00;Pipeline { filter(avg_X < 6980000000.0000) };9.26629e-01;8.85427e-01;Pipeline { filter(avg_X > 0.6500) };9.19347e-01;8.84873e-01;Pipeline { map_noise(attribute=avg_Y, percentage=0.01) }
datasets/geolife_60mins.csv;nsga2;3;5;500;500;2.74870e+01;100;50;4;9.80000e-01;9.50000e-01;3.30000e-01;9.77189e-01;7.98685e-01;Pipeline { map_duplicate(probability=0.10) | filter(avg_Y > 0.0000) | filter(avg_X > 0.0000) | filter(avg_Y > 4580.0000) | filter(avg_Y > 9240.0000) | filter(avg_X > 40.6000) };9.18608e-01;1.00000e+00;Pipeline { filter(avg_Y < 72400000.0000) };9.26629e-01;8.85427e-01;Pipeline { filter(avg_X > 1.2500) };9.26629e-01;8.85427e-01;Pipeline { filter(avg_X > 0.0000) }
datasets/geolife_60mins.csv;nsga2;3;6;600;600;3.08360e+01;100;88;4;1.00000e+00;9.80000e-01;2.00000e-01;9.77190e-01;7.99673e-01;Pipeline { map_duplicate(probability=0.10) | filter(avg_Y > 0.0000) | filter(avg_X > 0.0000) | filter(avg_Y > 4580.0000) | filter(avg_Y > 4240.0000) | filter(avg_X > 40.6000) };9.18608e-01;1.00000e+00;Pipeline { filter(avg_X < 6980000000.0000) };9.26629e-01;8.85427e-01;Pipeline { filter(avg_X > 0.0001) };9.26629e-01;8.85427e-01;Pipeline { filter(avg_X > 0.0001) }
datasets/geolife_60mins.csv;nsga2;3;7;700;700;3.38880e+01;100;100;100;1.00000e+00;1.00000e+00;1.00000e-01;9.77190e-01;7.99673e-01;Pipeline { map_duplicate(probability=0.10) | filter(avg_Y > 0.0000) | filter(avg_X > 0.0000) | filter(avg_Y > 4580.0000) | filter(avg_Y > 4240.0000) | filter(avg_X > 40.6000) };9.18608e-01;1.00000e+00;Pipeline { filter(avg_Y < 843000000.0000) };9.26629e-01;8.85427e-01;Pipeline { filter(avg_X > 5250.0000) };9.26629e-01;8.85427e-01;Pipeline { filter(avg_X > 93.0000) }
datasets/geolife_60mins.csv;nsga2;3;8;800;800;3.68680e+01;100;45;55;1.00000e+00;1.00000e+00;1.40000e-01;9.77190e-01;7.99673e-01;Pipeline { map_duplicate(probability=0.10) | filter(avg_Y > 0.0000) | filter(avg_X > 0.0000) | filter(avg_Y > 4580.0000) | filter(avg_Y > 4240.0000) | filter(avg_X > 40.6000) };9.18608e-01;1.00000e+00;Pipeline { filter(avg_Y < 143000000.0000) };9.26629e-01;8.85427e-01;Pipeline { filter(avg_X > 583.0000) };9.18608e-01;1.00000e+00;Pipeline { filter(avg_Y < 7720000.0000) }
datasets/geolife_60mins.csv;nsga2;3;9;900;900;4.10670e+01;100;72;22;1.00000e+00;1.00000e+00;2.40000e-01;9.77190e-01;7.99673e-01;Pipeline { map_duplicate(probability=0.10) | filter(avg_Y > 0.0000) | filter(avg_X > 0.0000) | filter(avg_Y > 4580.0000) | filter(avg_Y > 4240.0000) | filter(avg_X > 40.6000) };9.18608e-01;1.00000e+00;Pipeline { filter(avg_Y < 72900000.0000) };9.26629e-01;8.85427e-01;Pipeline { filter(avg_X > 0.0044) };9.18608e-01;1.00000e+00;Pipeline { filter(avg_X < 85800000.0000) }
datasets/geolife_60mins.csv;nsga2;3;10;1000;1000;4.39650e+01;100;100;100;1.00000e+00;1.00000e+00;1.40000e-01;9.77190e-01;7.99673e-01;Pipeline { map_duplicate(probability=0.10) | filter(avg_Y > 0.0000) | filter(avg_X > 0.0000) | filter(avg_Y > 4580.0000) | filter(avg_Y > 4240.0000) | filter(avg_X > 40.6000) };9.18608e-01;1.00000e+00;Pipeline { filter(avg_Y < 4160000.0000) };9.18608e-01;1.00000e+00;Pipeline { filter(avg_Y < 9160000.0000) };9.18608e-01;1.00000e+00;Pipeline { filter(avg_X < 30000000.0000) }
datasets/geolife_60mins.csv;nsga2;3;11;1100;1100;4.68980e+01;100;100;100;1.00000e+00;1.00000e+00;1.40000e-01;9.77190e-01;7.99673e-01;Pipeline { map_duplicate(probability=0.10) | filter(avg_Y > 0.0000) | filter(avg_X > 0.0000) | filter(avg_Y > 4580.0000) | filter(avg_Y > 4240.0000) | filter(avg_X > 40.6000) };9.18608e-01;1.00000e+00;Pipeline { filter(avg_X < 843000000.0000) };9.18608e-01;1.00000e+00;Pipeline { filter(avg_X < 609000000.0000) };9.18608e-01;1.00000e+00;Pipeline { filter(avg_Y < 608000000.0000) }
datasets/geolife_60mins.csv;nsga2;3;12;1200;1200;4.95580e+01;100;100;100;1.00000e+00;1.00000e+00;1.40000e-01;9.77190e-01;7.99673e-01;Pipeline { map_duplicate(probability=0.10) | filter(avg_Y > 0.0000) | filter(avg_X > 0.0000) | filter(avg_Y > 4580.0000) | filter(avg_Y > 4240.0000) | filter(avg_X > 40.6000) };9.18608e-01;1.00000e+00;Pipeline { filter(avg_Y < 2970000000.0000) };9.18608e-01;1.00000e+00;Pipeline { filter(avg_Y < 55600000.0000) };9.18608e-01;1.00000e+00;Pipeline { filter(avg_Y < 7440000.0000) }
datasets/geolife_60mins.csv;nsga2;3;13;1300;1300;5.22070e+01;100;100;100;1.00000e+00;1.00000e+00;1.40000e-01;9.77190e-01;7.99673e-01;Pipeline { map_duplicate(probability=0.10) | filter(avg_Y > 0.0000) | filter(avg_X > 0.0000) | filter(avg_Y > 4580.0000) | filter(avg_Y > 4240.0000) | filter(avg_X > 40.6000) };9.18608e-01;1.00000e+00;Pipeline { filter(avg_Y < 75400000.0000) };9.18608e-01;1.00000e+00;Pipeline { filter(avg_X < 47300000.0000) };9.18608e-01;1.00000e+00;Pipeline { filter(avg_X < 96400000.0000) }
datasets/geolife_60mins.csv;nsga2;3;14;1400;1400;5.51080e+01;100;100;100;1.00000e+00;1.00000e+00;1.50000e-01;9.77190e-01;7.99673e-01;Pipeline { map_duplicate(probability=0.10) | filter(avg_Y > 0.0000) | filter(avg_X > 0.0000) | filter(avg_Y > 4580.0000) | filter(avg_Y > 4240.0000) | filter(avg_X > 40.6000) };9.18608e-01;1.00000e+00;Pipeline { filter(avg_Y < 20900000.0000) };9.18608e-01;1.00000e+00;Pipeline { filter(avg_Y < 42800000.0000) };9.18608e-01;1.00000e+00;Pipeline { filter(avg_Y < 91200000.0000) }
datasets/geolife_60mins.csv;nsga2;3;15;1500;1500;5.76360e+01;100;100;100;1.00000e+00;1.00000e+00;1.60000e-01;9.77190e-01;7.99673e-01;Pipeline { map_duplicate(probability=0.10) | filter(avg_Y > 0.0000) | filter(avg_X > 0.0000) | filter(avg_Y > 4580.0000) | filter(avg_Y > 4240.0000) | filter(avg_X > 40.6000) };9.18608e-01;1.00000e+00;Pipeline { filter(avg_Y < 3320000.0000) };9.18608e-01;1.00000e+00;Pipeline { filter(avg_Y < 23300000.0000) };9.18608e-01;1.00000e+00;Pipeline { filter(avg_X < 67600000.0000) }
datasets/geolife_60mins.csv;nsga2;3;16;1600;1600;6.06870e+01;100;100;100;1.00000e+00;1.00000e+00;1.70000e-01;9.77190e-01;7.99673e-01;Pipeline { map_duplicate(probability=0.10) | filter(avg_Y > 0.0000) | filter(avg_X > 0.0000) | filter(avg_Y > 4580.0000) | filter(avg_Y > 4240.0000) | filter(avg_X > 40.6000) };9.18608e-01;1.00000e+00;Pipeline { filter(avg_X < 63100000.0000) };9.18608e-01;1.00000e+00;Pipeline { filter(avg_Y < 6250000000.0000) };9.18608e-01;1.00000e+00;Pipeline { filter(avg_Y < 42300000.0000) }
datasets/geolife_60mins.csv;nsga2;3;17;1700;1700;6.35100e+01;100;100;100;1.00000e+00;1.00000e+00;1.70000e-01;9.77190e-01;7.99673e-01;Pipeline { map_duplicate(probability=0.10) | filter(avg_Y > 0.0000) | filter(avg_X > 0.0000) | filter(avg_Y > 4580.0000) | filter(avg_Y > 4240.0000) | filter(avg_X > 40.6000) };9.18608e-01;1.00000e+00;Pipeline { filter(avg_X < 9650000.0000) };9.18608e-01;1.00000e+00;Pipeline { filter(avg_Y < 26300000.0000) };9.18608e-01;1.00000e+00;Pipeline { filter(avg_Y < 313000000.0000) }
datasets/geolife_60mins.csv;nsga2;3;18;1800;1800;6.59800e+01;100;100;100;1.00000e+00;1.00000e+00;1.60000e-01;9.77190e-01;7.99673e-01;Pipeline { map_duplicate(probability=0.10) | filter(avg_Y > 0.0000) | filter(avg_X > 0.0000) | filter(avg_Y > 4580.0000) | filter(avg_Y > 4240.0000) | filter(avg_X > 40.6000) };9.18608e-01;1.00000e+00;Pipeline { filter(avg_Y < 78800000.0000) };9.18608e-01;1.00000e+00;Pipeline { filter(avg_X < 4730000.0000) };9.18608e-01;1.00000e+00;Pipeline { filter(avg_Y < 50700000.0000) }
datasets/geolife_60mins.csv;nsga2;3;19;1900;1900;6.88500e+01;100;100;100;1.00000e+00;1.00000e+00;1.50000e-01;9.77190e-01;7.99673e-01;Pipeline { map_duplicate(probability=0.10) | filter(avg_Y > 0.0000) | filter(avg_X > 0.0000) | filter(avg_Y > 4580.0000) | filter(avg_Y > 4240.0000) | filter(avg_X > 40.6000) };9.18608e-01;1.00000e+00;Pipeline { filter(avg_X < 46200000.0000) };9.18608e-01;1.00000e+00;Pipeline { filter(avg_X < 73200000.0000) };9.18608e-01;1.00000e+00;Pipeline { filter(avg_Y < 92700000.0000) }
datasets/geolife_60mins.csv;nsga2;3;20;2000;2000;7.16520e+01;100;100;100;1.00000e+00;1.00000e+00;1.60000e-01;9.77190e-01;7.99673e-01;Pipeline { map_duplicate(probability=0.10) | filter(avg_Y > 0.0000) | filter(avg_X > 0.0000) | filter(avg_Y > 4580.0000) | filter(avg_Y > 4240.0000) | filter(avg_X > 40.6000) };9.18608e-01;1.00000e+00;Pipeline { filter(avg_Y < 524000000.0000) };9.18608e-01;1.00000e+00;Pipeline { filter(avg_X < 841000000.0000) };9.18608e-01;1.00000e+00;Pipeline { filter(avg_X < 14000000.0000) }
datasets/geolife_60mins.csv;nsga2;3;21;2100;2100;7.41890e+01;100;100;100;1.00000e+00;1.00000e+00;1.60000e-01;9.77190e-01;7.99673e-01;Pipeline { map_duplicate(probability=0.10) | filter(avg_Y > 0.0000) | filter(avg_X > 0.0000) | filter(avg_Y > 4580.0000) | filter(avg_Y > 4240.0000) | filter(avg_X > 40.6000) };9.18608e-01;1.00000e+00;Pipeline { filter(avg_Y < 978000000.0000) };9.18608e-01;1.00000e+00;Pipeline { filter(avg_Y < 9190000.0000) };9.18608e-01;1.00000e+00;Pipeline { filter(avg_Y < 7380000000.0000) }
datasets/geolife_60mins.csv;nsga2;3;22;2200;2200;7.66340e+01;100;100;100;1.00000e+00;1.00000e+00;1.70000e-01;9.77190e-01;7.99673e-01;Pipeline { map_duplicate(probability=0.10) | filter(avg_Y > 0.0000) | filter(avg_X > 0.0000) | filter(avg_Y > 4580.0000) | filter(avg_Y > 4240.0000) | filter(avg_X > 40.6000) };9.18608e-01;1.00000e+00;Pipeline { filter(avg_Y < 83500000.0000) };9.18608e-01;1.00000e+00;Pipeline { filter(avg_X < 78000000.0000) };9.18608e-01;1.00000e+00;Pipeline { filter(avg_Y < 318000000.0000) }
datasets/geolife_60mins.csv;nsga2;3;23;2300;2300;7.94730e+01;100;100;100;1.00000e+00;1.00000e+00;1.70000e-01;9.77190e-01;7.99673e-01;Pipeline { map_duplicate(probability=0.10) | filter(avg_Y > 0.0000) | filter(avg_X > 0.0000) | filter(avg_Y > 4580.0000) | filter(avg_Y > 4240.0000) | filter(avg_X > 40.6000) };9.18608e-01;1.00000e+00;Pipeline { filter(avg_X < 6950000000.0000) };9.18608e-01;1.00000e+00;Pipeline { filter(avg_Y < 70000000.0000) };9.18608e-01;1.00000e+00;Pipeline { filter(avg_Y < 409000000.0000) }
datasets/geolife_60mins.csv;nsga2;3;24;2400;2400;8.20980e+01;100;100;100;1.00000e+00;9.90000e-01;1.70000e-01;9.77190e-01;7.99673e-01;Pipeline { map_duplicate(probability=0.10) | filter(avg_Y > 0.0000) | filter(avg_X > 0.0000) | filter(avg_Y > 4580.0000) | filter(avg_Y > 4240.0000) | filter(avg_X > 40.6000) };9.18608e-01;1.00000e+00;Pipeline { filter(avg_X < 4300000000.0000) };9.18608e-01;1.00000e+00;Pipeline { filter(avg_Y < 9400000.0000) };9.18608e-01;1.00000e+00;Pipeline { filter(avg_Y < 419000000.0000) }
datasets/geolife_60mins.csv;nsga2;3;25;2500;2500;8.49090e+01;100;100;100;1.00000e+00;9.90000e-01;1.80000e-01;9.77190e-01;7.99673e-01;Pipeline { map_duplicate(probability=0.10) | filter(avg_Y > 0.0000) | filter(avg_X > 0.0000) | filter(avg_Y > 4580.0000) | filter(avg_Y > 4240.0000) | filter(avg_X > 40.6000) };9.18608e-01;1.00000e+00;Pipeline { filter(avg_Y < 50900000.0000) };9.18608e-01;1.00000e+00;Pipeline { filter(avg_Y < 83500000.0000) };9.18608e-01;1.00000e+00;Pipeline { filter(avg_Y < 5030000000.0000) }
datasets/geolife_60mins.csv;nsga2;3;26;2600;2600;8.79150e+01;100;100;100;1.00000e+00;9.90000e-01;2.10000e-01;9.77190e-01;7.99673e-01;Pipeline { map_duplicate(probability=0.10) | filter(avg_Y > 0.0000) | filter(avg_X > 0.0000) | filter(avg_Y > 4580.0000) | filter(avg_Y > 4240.0000) | filter(avg_X > 40.6000) };9.18608e-01;1.00000e+00;Pipeline { filter(avg_Y < 138000000.0000) };9.18771e-01;9.99657e-01;Pipeline { filter(avg_X < 3750000.0000) };9.18608e-01;1.00000e+00;Pipeline { filter(avg_X < 4300000000.0000) }
datasets/geolife_60mins.csv;nsga2;3;27;2700;2700;9.07730e+01;100;100;100;1.00000e+00;9.90000e-01;2.20000e-01;9.77190e-01;7.99673e-01;Pipeline { map_duplicate(probability=0.10) | filter(avg_Y > 0.0000) | filter(avg_X > 0.0000) | filter(avg_Y > 4580.0000) | filter(avg_Y > 4240.0000) | filter(avg_X > 40.6000) };9.18608e-01;1.00000e+00;Pipeline { filter(avg_Y < 9540000.0000) };9.18771e-01;9.99657e-01;Pipeline { filter(avg_X < 3750000.0000) };9.18608e-01;1.00000e+00;Pipeline { filter(avg_Y < 5830000.0000) }
datasets/geolife_60mins.csv;nsga2;3;28;2800;2800;9.34380e+01;100;100;100;1.00000e+00;9.90000e-01;2.20000e-01;9.77190e-01;7.99673e-01;Pipeline { map_duplicate(probability=0.10) | filter(avg_Y > 0.0000) | filter(avg_X > 0.0000) | filter(avg_Y > 4580.0000) | filter(avg_Y > 4240.0000) | filter(avg_X > 40.6000) };9.18608e-01;1.00000e+00;Pipeline { filter(avg_X < 9250000.0000) };9.18771e-01;9.99657e-01;Pipeline { filter(avg_X < 3390000.0000) };9.18608e-01;1.00000e+00;Pipeline { filter(avg_X < 50400000.0000) }
datasets/geolife_60mins.csv;nsga2;3;29;2900;2900;9.63200e+01;100;100;100;1.00000e+00;9.80000e-01;2.50000e-01;9.77190e-01;7.99673e-01;Pipeline { map_duplicate(probability=0.10) | filter(avg_Y > 0.0000) | filter(avg_X > 0.0000) | filter(avg_Y > 4580.0000) | filter(avg_Y > 4240.0000) | filter(avg_X > 40.6000) };9.18608e-01;1.00000e+00;Pipeline { filter(avg_X < 9320000.0000) };9.18827e-01;9.98141e-01;Pipeline { filter(avg_Y < 2650000.0000) };9.18608e-01;1.00000e+00;Pipeline { filter(avg_Y < 5880000000.0000) }
datasets/geolife_60mins.csv;nsga2;3;30;3000;3000;9.94880e+01;100;100;100;1.00000e+00;9.90000e-01;2.60000e-01;9.77190e-01;7.99673e-01;Pipeline { map_duplicate(probability=0.10) | filter(avg_Y > 0.0000) | filter(avg_X > 0.0000) | filter(avg_Y > 4580.0000) | filter(avg_Y > 4240.0000) | filter(avg_X > 40.6000) };9.18608e-01;1.00000e+00;Pipeline { filter(avg_Y < 417000000.0000) };9.19011e-01;9.97549e-01;Pipeline { filter(avg_Y < 2580000.0000) };9.18608e-01;1.00000e+00;Pipeline { filter(avg_Y < 7420000000.0000) }
datasets/geolife_60mins.csv;nsga2;3;31;3100;3100;1.01880e+02;100;100;100;1.00000e+00;9.90000e-01;2.50000e-01;9.77190e-01;7.99673e-01;Pipeline { map_duplicate(probability=0.10) | filter(avg_Y > 0.0000) | filter(avg_X > 0.0000) | filter(avg_Y > 4580.0000) | filter(avg_Y > 4240.0000) | filter(avg_X > 40.6000) };9.18608e-01;1.00000e+00;Pipeline { filter(avg_Y < 9480000.0000) };9.18827e-01;9.98141e-01;Pipeline { filter(avg_Y < 2650000.0000) };9.18608e-01;1.00000e+00;Pipeline { filter(avg_Y < 5800000.0000) }
datasets/geolife_60mins.csv;nsga2;3;32;3200;3200;1.05227e+02;100;100;100;1.00000e+00;9.90000e-01;2.50000e-01;9.77190e-01;7.99673e-01;Pipeline { map_duplicate(probability=0.10) | filter(avg_Y > 0.0000) | filter(avg_X > 0.0000) | filter(avg_Y > 4580.0000) | filter(avg_Y > 4240.0000) | filter(avg_X > 40.6000) };9.18608e-01;1.00000e+00;Pipeline { filter(avg_X < 250000000.0000) };9.19056e-01;9.92512e-01;Pipeline { filter(avg_Y < 2400000.0000) };9.18608e-01;1.00000e+00;Pipeline { filter(avg_Y < 9050000.0000) }
datasets/geolife_60mins.csv;nsga2;3;33;3300;3300;1.08346e+02;100;100;100;1.00000e+00;9.90000e-01;2.60000e-01;9.77190e-01;7.99673e-01;Pipeline { map_duplicate(probability=0.10) | filter(avg_Y > 0.0000) | filter(avg_X > 0.0000) | filter(avg_Y > 4580.0000) | filter(avg_Y > 4240.0000) | filter(avg_X > 40.6000) };9.18608e-01;1.00000e+00;Pipeline { filter(avg_Y < 83200000.0000) };9.19790e-01;9.84704e-01;Pipeline { filter(avg_Y < 2280000.0000) };9.18608e-01;1.00000e+00;Pipeline { filter(avg_X < 921000000.0000) }
datasets/geolife_60mins.csv;nsga2;3;34;3400;3400;1.11257e+02;100;100;100;1.00000e+00;9.90000e-01;2.70000e-01;9.77190e-01;7.99673e-01;Pipeline { map_duplicate(probability=0.10) | filter(avg_Y > 0.0000) | filter(avg_X > 0.0000) | filter(avg_Y > 4580.0000) | filter(avg_Y > 4240.0000) | filter(avg_X > 40.6000) };9.18608e-01;1.00000e+00;Pipeline { filter(avg_Y < 924000000.0000) };9.19829e-01;9.84340e-01;Pipeline { filter(avg_Y < 1630000.0000) };9.18608e-01;1.00000e+00;Pipeline { filter(avg_Y < 5560000.0000) }
datasets/geolife_60mins.csv;nsga2;3;35;3500;3500;1.14688e+02;100;100;100;1.00000e+00;9.90000e-01;2.70000e-01;9.77190e-01;7.99673e-01;Pipeline { map_duplicate(probability=0.10) | filter(avg_Y > 0.0000) | filter(avg_X > 0.0000) | filter(avg_Y > 4580.0000) | filter(avg_Y > 4240.0000) | filter(avg_X > 40.6000) };9.18608e-01;1.00000e+00;Pipeline { filter(avg_Y < 1730000000.0000) };9.19829e-01;9.84340e-01;Pipeline { filter(avg_Y < 1630000.0000) };9.18608e-01;1.00000e+00;Pipeline { filter(avg_Y < 4630000000.0000) }
datasets/geolife_60mins.csv;nsga2;3;36;3600;3600;1.17544e+02;100;100;100;1.00000e+00;9.90000e-01;2.70000e-01;9.77190e-01;7.99673e-01;Pipeline { map_duplicate(probability=0.10) | filter(avg_Y > 0.0000) | filter(avg_X > 0.0000) | filter(avg_Y > 4580.0000) | filter(avg_Y > 4240.0000) | filter(avg_X > 40.6000) };9.18608e-01;1.00000e+00;Pipeline { filter(avg_Y < 9680000.0000) };9.19829e-01;9.84340e-01;Pipeline { filter(avg_Y < 1630000.0000) };9.18608e-01;1.00000e+00;Pipeline { filter(avg_Y < 924000000.0000) }
datasets/geolife_60mins.csv;nsga2;3;37;3700;3700;1.20453e+02;100;100;100;1.00000e+00;9.80000e-01;3.00000e-01;9.77190e-01;7.99673e-01;Pipeline { map_duplicate(probability=0.10) | filter(avg_Y > 0.0000) | filter(avg_X > 0.0000) | filter(avg_Y > 4580.0000) | filter(avg_Y > 4240.0000) | filter(avg_X > 40.6000) };9.18608e-01;1.00000e+00;Pipeline { filter(avg_X < 30300000.0000) };9.24802e-01;9.78942e-01;Pipeline { filter(avg_Y < 1170000.0000) };9.18608e-01;1.00000e+00;Pipeline { filter(avg_Y < 26300000.0000) }
datasets/geolife_60mins.csv;nsga2;3;38;3800;3800;1.23635e+02;100;100;100;1.00000e+00;9.80000e-01;3.10000e-01;9.77190e-01;7.99673e-01;Pipeline { map_duplicate(probability=0.10) | filter(avg_Y > 0.0000) | filter(avg_X > 0.0000) | filter(avg_Y > 4580.0000) | filter(avg_Y > 4240.0000) | filter(avg_X > 40.6000) };9.18608e-01;1.00000e+00;Pipeline { filter(avg_Y < 9760000000.0000) };9.25535e-01;9.78937e-01;Pipeline { filter(avg_Y < 1160000.0000) };9.18608e-01;1.00000e+00;Pipeline { filter(avg_Y < 1130000000.0000) }
datasets/geolife_60mins.csv;nsga2;3;39;3900;3900;1.26256e+02;100;100;100;1.00000e+00;9.80000e-01;3.40000e-01;9.77190e-01;7.99673e-01;Pipeline { map_duplicate(probability=0.10) | filter(avg_Y > 0.0000) | filter(avg_X > 0.0000) | filter(avg_Y > 4580.0000) | filter(avg_Y > 4240.0000) | filter(avg_X > 40.6000) };9.18608e-01;1.00000e+00;Pipeline { filter(avg_Y < 892000000.0000) };9.26707e-01;9.78508e-01;Pipeline { filter(avg_Y < 1120000.0000) };9.18608e-01;1.00000e+00;Pipeline { filter(avg_X < 371000000.0000) }
datasets/geolife_60mins.csv;nsga2;3;40;4000;4000;1.28894e+02;100;100;100;1.00000e+00;9.80000e-01;3.40000e-01;9.77190e-01;7.99673e-01;Pipeline { map_duplicate(probability=0.10) | filter(avg_Y > 0.0000) | filter(avg_X > 0.0000) | filter(avg_Y > 4580.0000) | filter(avg_Y > 4240.0000) | filter(avg_X > 40.6000) };9.18608e-01;1.00000e+00;Pipeline { filter(avg_Y < 5960000.0000) };9.26707e-01;9.78508e-01;Pipeline { filter(avg_Y < 1130000.0000) };9.18608e-01;1.00000e+00;Pipeline { filter(avg_X < 858000000.0000) }
datasets/geolife_60mins.csv;nsga2;3;41;4100;4100;1.31515e+02;100;100;100;1.00000e+00;9.80000e-01;3.50000e-01;9.77190e-01;7.99673e-01;Pipeline { map_duplicate(probability=0.10) | filter(avg_Y > 0.0000) | filter(avg_X > 0.0000) | filter(avg_Y > 4580.0000) | filter(avg_Y > 4240.0000) | filter(avg_X > 40.6000) };9.18608e-01;1.00000e+00;Pipeline { filter(avg_X < 5860000.0000) };9.26707e-01;9.78508e-01;Pipeline { filter(avg_Y < 1120000.0000) };9.18608e-01;1.00000e+00;Pipeline { filter(avg_Y < 3170000000.0000) }
datasets/geolife_60mins.csv;nsga2;3;42;4200;4200;1.34234e+02;100;100;100;1.00000e+00;9.80000e-01;3.50000e-01;9.77190e-01;7.99673e-01;Pipeline { map_duplicate(probability=0.10) | filter(avg_Y > 0.0000) | filter(avg_X > 0.0000) | filter(avg_Y > 4580.0000) | filter(avg_Y > 4240.0000) | filter(avg_X > 40.6000) };9.18608e-01;1.00000e+00;Pipeline { filter(avg_Y < 5150000.0000) };9.26707e-01;9.78508e-01;Pipeline { filter(avg_Y < 1130000.0000) };9.18608e-01;1.00000e+00;Pipeline { filter(avg_X < 5960000.0000) }
datasets/geolife_60mins.csv;nsga2;3;43;4300;4300;1.37182e+02;100;100;100;1.00000e+00;9.80000e-01;3.50000e-01;9.77190e-01;7.99673e-01;Pipeline { map_duplicate(probability=0.10) | filter(avg_Y > 0.0000) | filter(avg_X > 0.0000) | filter(avg_Y > 4580.0000) | filter(avg_Y > 4240.0000) | filter(avg_X > 40.6000) };9.18608e-01;1.00000e+00;Pipeline { filter(avg_X < 4800000.0000) };9.25942e-01;9.78925e-01;Pipeline { filter(avg_Y < 1150000.0000) };9.18608e-01;1.00000e+00;Pipeline { filter(avg_X < 94000000.0000) }
datasets/geolife_60mins.csv;nsga2;3;44;4400;4400;1.39742e+02;100;100;100;1.00000e+00;9.80000e-01;3.50000e-01;9.77190e-01;7.99673e-01;Pipeline { map_duplicate(probability=0.10) | filter(avg_Y > 0.0000) | filter(avg_X > 0.0000) | filter(avg_Y > 4580.0000) | filter(avg_Y > 4240.0000) | filter(avg_X > 40.6000) };9.18608e-01;1.00000e+00;Pipeline { filter(avg_X < 6960000.0000) };9.25942e-01;9.78925e-01;Pipeline { filter(avg_Y < 1150000.0000) };9.18608e-01;1.00000e+00;Pipeline { filter(avg_Y < 5150000.0000) }
datasets/geolife_60mins.csv;nsga2;3;45;4500;4500;1.42836e+02;100;100;100;1.00000e+00;9.80000e-01;3.60000e-01;9.77190e-01;7.99673e-01;Pipeline { map_duplicate(probability=0.10) | filter(avg_Y > 0.0000) | filter(avg_X > 0.0000) | filter(avg_Y > 4580.0000) | filter(avg_Y > 4240.0000) | filter(avg_X > 40.6000) };9.18608e-01;1.00000e+00;Pipeline { filter(avg_X < 650000000.0000) };9.26165e-01;9.78525e-01;Pipeline { filter(avg_Y < 1140000.0000) };9.18608e-01;1.00000e+00;Pipeline { filter(avg_Y < 4880000.0000) }
datasets/geolife_60mins.csv;nsga2;3;46;4600;4600;1.45978e+02;100;100;100;1.00000e+00;9.80000e-01;3.90000e-01;9.77190e-01;7.99673e-01;Pipeline { map_duplicate(probability=0.10) | filter(avg_Y > 0.0000) | filter(avg_X > 0.0000) | filter(avg_Y > 4580.0000) | filter(avg_Y > 4240.0000) | filter(avg_X > 40.6000) };9.18608e-01;1.00000e+00;Pipeline { filter(avg_X < 6180000.0000) };9.26165e-01;9.78525e-01;Pipeline { filter(avg_Y < 1140000.0000) };9.18608e-01;1.00000e+00;Pipeline { filter(avg_X < 1790000000.0000) }
datasets/geolife_60mins.csv;nsga2;3;47;4700;4700;1.48491e+02;100;100;100;1.00000e+00;9.90000e-01;3.90000e-01;9.77190e-01;7.99673e-01;Pipeline { map_duplicate(probability=0.10) | filter(avg_Y > 0.0000) | filter(avg_X > 0.0000) | filter(avg_Y > 4580.0000) | filter(avg_Y > 4240.0000) | filter(avg_X > 40.6000) };9.18608e-01;1.00000e+00;Pipeline { filter(avg_X < 600000000.0000) };9.25942e-01;9.78925e-01;Pipeline { filter(avg_Y < 1150000.0000) };9.18608e-01;1.00000e+00;Pipeline { filter(avg_Y < 9010000000.0000) }
datasets/geolife_60mins.csv;nsga2;3;48;4800;4800;1.52210e+02;100;100;100;1.00000e+00;9.90000e-01;3.90000e-01;9.77190e-01;7.99673e-01;Pipeline { map_duplicate(probability=0.10) | filter(avg_Y > 0.0000) | filter(avg_X > 0.0000) | filter(avg_Y > 4580.0000) | filter(avg_Y > 4240.0000) | filter(avg_X > 40.6000) };9.18608e-01;1.00000e+00;Pipeline { filter(avg_Y < 684000000.0000) };9.25942e-01;9.78925e-01;Pipeline { filter(avg_Y < 1150000.0000) };9.18608e-01;1.00000e+00;Pipeline { filter(avg_X < 6760000000.0000) }
datasets/geolife_60mins.csv;nsga2;3;49;4900;4900;1.54802e+02;100;100;100;1.00000e+00;1.00000e+00;3.80000e-01;9.77190e-01;7.99673e-01;Pipeline { map_duplicate(probability=0.10) | filter(avg_Y > 0.0000) | filter(avg_X > 0.0000) | filter(avg_Y > 4580.0000) | filter(avg_Y > 4240.0000) | filter(avg_X > 40.6000) };9.18608e-01;1.00000e+00;Pipeline { filter(avg_Y < 55000000.0000) };9.25535e-01;9.78937e-01;Pipeline { filter(avg_Y < 1160000.0000) };9.18608e-01;1.00000e+00;Pipeline { filter(avg_X < 5140000.0000) }
datasets/geolife_60mins.csv;nsga2;3;50;5000;5000;1.57308e+02;100;100;100;1.00000e+00;1.00000e+00;3.80000e-01;9.77190e-01;7.99673e-01;Pipeline { map_duplicate(probability=0.10) | filter(avg_Y > 0.0000) | filter(avg_X > 0.0000) | filter(avg_Y > 4580.0000) | filter(avg_Y > 4240.0000) | filter(avg_X > 40.6000) };9.18608e-01;1.00000e+00;Pipeline { filter(avg_Y < 4270000000.0000) };9.25535e-01;9.78937e-01;Pipeline { filter(avg_Y < 1160000.0000) };9.18608e-01;1.00000e+00;Pipeline { filter(avg_Y < 5380000.0000) }
datasets/geolife_60mins.csv;nsga2;4;1;100;100;9.21100e+00;100;2;35;9.50000e-01;9.50000e-01;6.60000e-01;9.26629e-01;8.85427e-01;Pipeline { filter(avg_X > 944.0000) };9.18656e-01;8.86389e-01;Pipeline { map_noise(attribute=avg_Y, percentage=0.01) };6.09598e-01;6.38843e-01;Pipeline { map_duplicate(probability=0.70) | map_noise(attribute=avg_Y, percentage=0.25) | map_noise(attribute=avg_X, percentage=0.10) | filter(avg_Y > 0.0000) };8.81529e-01;7.11724e-01;Pipeline { map_noise(attribute=avg_X, percentage=0.05) | filter(avg_Y > 0.0990) }
datasets/geolife_60mins.csv;nsga2;4;2;200;200;1.80150e+01;100;5;1;9.50000e-01;9.50000e-01;9.70000e-01;9.29845e-01;7.34169e-01;Pipeline { map_noise(attribute=avg_X, percentage=0.25) | filter(avg_X > 0.9020) };9.18608e-01;1.00000e+00;Pipeline { filter(avg_Y < 127000000.0000) };9.19247e-01;8.61001e-01;Pipeline { map_noise(attribute=avg_Y, percentage=0.01) | map_noise(attribute=avg_Y, percentage=0.01) };9.21612e-01;7.92542e-01;Pipeline { map_noise(attribute=avg_Y, percentage=0.05) }
datasets/geolife_60mins.csv;nsga2;4;3;300;300;2.32550e+01;100;12;3;9.50000e-01;9.50000e-01;9.20000e-01;9.29845e-01;7.34169e-01;Pipeline { map_noise(attribute=avg_X, percentage=0.25) | filter(avg_X > 0.9020) };9.18608e-01;1.00000e+00;Pipeline { filter(avg_Y < 127000000.0000) };9.24045e-01;7.69488e-01;Pipeline { map_noise(attribute=avg_X, percentage=0.05) };7.06621e-01;8.53737e-01;Pipeline { map_duplicate(probability=0.30) }
datasets/geolife_60mins.csv;nsga2;4;4;400;400;2.67370e+01;100;16;7;9.70000e-01;9.70000e-01;8.20000e-01;9.34925e-01;7.64603e-01;Pipeline { map_noise(attribute=avg_X, percentage=0.05) | filter(avg_Y < 880000.0000) };9.18608e-01;1.00000e+00;Pipeline { filter(avg_Y < 127000000.0000) };9.26629e-01;8.85427e-01;Pipeline { filter(avg_X > 14.4000) };9.24436e-01;8.61147e-01;Pipeline { map_duplicate(probability=0.10) | filter(avg_X > 302.0000) | filter(avg_X < 8000000.0000) }
datasets/geolife_60mins.csv;nsga2;4;5;500;500;3.05780e+01;100;31;2;9.90000e-01;9.90000e-01;7.20000e-01;9.56332e-01;8.11740e-01;Pipeline { map_duplicate(probability=0.10) | filter(avg_Y > 300.0000) | filter(avg_X < 9360000.0000) };9.18608e-01;1.00000e+00;Pipeline { filter(avg_Y < 124000000.0000) };9.27427e-01;7.42134e-01;Pipeline { map_noise(attribute=avg_X, percentage=0.05) | filter(avg_X > 0.7000) };9.26629e-01;8.85427e-01;Pipeline { filter(avg_X > 0.0000) }
datasets/geolife_60mins.csv;nsga2;4;6;600;600;3.38130e+01;100;63;8;9.90000e-01;9.90000e-01;4.30000e-01;9.56332e-01;8.11740e-01;Pipeline { map_duplicate(probability=0.10) | filter(avg_Y > 300.0000) | filter(avg_X < 9360000.0000) };9.18608e-01;1.00000e+00;Pipeline { filter(avg_X < 828000000.0000) };9.26666e-01;7.86082e-01;Pipeline { map_noise(attribute=avg_X, percentage=0.01) | filter(avg_X > 1.5000) };9.26629e-01;8.85427e-01;Pipeline { filter(avg_X > 0.0007) }
datasets/geolife_60mins.csv;nsga2;4;7;700;700;3.66710e+01;100;100;100;1.00000e+00;1.00000e+00;9.00000e-02;9.77082e-01;7.98971e-01;Pipeline { map_duplicate(probability=0.10) | filter(avg_X > 30000.0000) | filter(avg_Y > 3.2600) };9.18608e-01;1.00000e+00;Pipeline { filter(avg_Y < 15700000.0000) };9.26629e-01;8.85427e-01;Pipeline { filter(avg_X > 5.4000) };9.18608e-01;1.00000e+00;Pipeline { filter(avg_Y < 424000000.0000) }
datasets/geolife_60mins.csv;nsga2;4;8;800;800;3.97340e+01;100;100;100;1.00000e+00;1.00000e+00;1.00000e-01;9.77082e-01;7.98971e-01;Pipeline { map_duplicate(probability=0.10) | filter(avg_X > 30000.0000) | filter(avg_Y > 3.2600) };9.18608e-01;1.00000e+00;Pipeline { filter(avg_Y < 142000000.0000) };9.26629e-01;8.85427e-01;Pipeline { filter(avg_X > 5.4000) };9.26629e-01;8.85427e-01;Pipeline { filter(avg_X > 5.4000) }
datasets/geolife_60mins.csv;nsga2;4;9;900;900;4.25580e+01;100;100;100;1.00000e+00;9.80000e-01;1.10000e-01;9.77082e-01;7.98971e-01;Pipeline { map_duplicate(probability=0.10) | filter(avg_X > 30000.0000) | filter(avg_Y > 3.2600) };9.18608e-01;1.00000e+00;Pipeline { filter(avg_Y < 14700000.0000) };9.26629e-01;8.85427e-01;Pipeline { filter(avg_X > 0.0000) };9.26629e-01;8.85427e-01;Pipeline { filter(avg_X > 0.0000) }
datasets/geolife_60mins.csv;nsga2;4;10;1000;1000;4.53670e+01;100;100;100;1.00000e+00;9.90000e-01;1.10000e-01;9.77082e-01;7.98971e-01;Pipeline { map_duplicate(probability=0.10) | filter(avg_X > 30000.0000) | filter(avg_Y > 3.2600) };9.18608e-01;1.00000e+00;Pipeline { filter(avg_Y < 15700000.0000) };9.26629e-01;8.85427e-01;Pipeline { filter(avg_X > 9.2400) };9.19832e-01;9.84327e-01;Pipeline { filter(avg_Y < 1510000.0000) }
datasets/geolife_60mins.csv;nsga2;4;11;1100;1100;4.81450e+01;100;100;100;1.00000e+00;1.00000e+00;1.20000e-01;9.77082e-01;7.98971e-01;Pipeline { map_duplicate(probability=0.10) | filter(avg_X > 30000.0000) | filter(avg_Y > 3.2600) };9.18608e-01;1.00000e+00;Pipeline { filter(avg_Y < 494000000.0000) };9.26629e-01;8.85427e-01;Pipeline { filter(avg_X > 0.0000) };9.18608e-01;1.00000e+00;Pipeline { filter(avg_Y < 65700000.0000) }
datasets/geolife_60mins.csv;nsga2;4;12;1200;1200;5.10010e+01;100;100;100;1.00000e+00;1.00000e+00;1.30000e-01;9.77082e-01;7.98971e-01;Pipeline { map_duplicate(probability=0.10) | filter(avg_X > 30000.0000) | filter(avg_Y > 3.2600) };9.18608e-01;1.00000e+00;Pipeline { filter(avg_Y < 17200000.0000) };9.26629e-01;8.85427e-01;Pipeline { filter(avg_X > 0.0000) };9.19832e-01;9.84327e-01;Pipeline { filter(avg_Y < 1510000.0000) }
datasets/geolife_60mins.csv;nsga2;4;13;1300;1300;5.38880e+01;100;100;100;1.00000e+00;1.00000e+00;1.40000e-01;9.77082e-01;7.98971e-01;Pipeline { map_duplicate(probability=0.10) | filter(avg_X > 30000.0000) | filter(avg_Y > 3.2600) };9.18608e-01;1.00000e+00;Pipeline { filter(avg_X < 152000000.0000) };9.26629e-01;8.85427e-01;Pipeline { filter(avg_X > 54.6000) };9.18608e-01;1.00000e+00;Pipeline { filter(avg_X < 6740000000.0000) }
datasets/geolife_60mins.csv;nsga2;4;14;1400;1400;5.68340e+01;100;72;28;1.00000e+00;1.00000e+00;1.70000e-01;9.77082e-01;7.98971e-01;Pipeline { map_duplicate(probability=0.10) | filter(avg_X > 30000.0000) | filter(avg_Y > 3.2600) };9.18608e-01;1.00000e+00;Pipeline { filter(avg_X < 9400000.0000) };9.26629e-01;8.85427e-01;Pipeline { filter(avg_X > 63.8000) };9.18608e-01;1.00000e+00;Pipeline { filter(avg_Y < 47700000.0000) }
datasets/geolife_60mins.csv;nsga2;4;15;1500;1500;5.99430e+01;100;100;100;1.00000e+00;9.90000e-01;1.30000e-01;9.77082e-01;7.98971e-01;Pipeline { map_duplicate(probability=0.10) | filter(avg_X > 30000.0000) | filter(avg_Y > 3.2600) };9.18608e-01;1.00000e+00;Pipeline { filter(avg_Y < 74700000.0000) };9.18608e-01;1.00000e+00;Pipeline { filter(avg_Y < 77700000.0000) };9.18608e-01;1.00000e+00;Pipeline { filter(avg_Y < 66000000.0000) }
datasets/geolife_60mins.csv;nsga2;4;16;1600;1600;6.32060e+01;100;100;100;1.00000e+00;1.00000e+00;1.50000e-01;9.77082e-01;7.98971e-01;Pipeline { map_duplicate(probability=0.10) | filter(avg_X > 30000.0000) | filter(avg_Y > 3.2600) };9.18608e-01;1.00000e+00;Pipeline { filter(avg_Y < 956000000.0000) };9.18608e-01;1.00000e+00;Pipeline { filter(avg_X < 950000000.0000) };9.18608e-01;1.00000e+00;Pipeline { filter(avg_Y < 65000000.0000) }
datasets/geolife_60mins.csv;nsga2;4;17;1700;1700;6.64060e+01;100;100;100;1.00000e+00;1.00000e+00;1.50000e-01;9.77082e-01;7.98971e-01;Pipeline { map_duplicate(probability=0.10) | filter(avg_X > 30000.0000) | filter(avg_Y > 3.2600) };9.18608e-01;1.00000e+00;Pipeline { filter(avg_Y < 2670000000.0000) };9.18608e-01;1.00000e+00;Pipeline { filter(avg_Y < 97200000.0000) };9.18608e-01;1.00000e+00;Pipeline { filter(avg_Y < 859000000.0000) }
datasets/geolife_60mins.csv;nsga2;4;18;1800;1800;6.98660e+01;100;100;100;1.00000e+00;1.00000e+00;1.60000e-01;9.77082e-01;7.98971e-01;Pipeline { map_duplicate(probability=0.10) | filter(avg_X > 30000.0000) | filter(avg_Y > 3.2600) };9.18608e-01;1.00000e+00;Pipeline { filter(avg_Y < 1220000000.0000) };9.18608e-01;1.00000e+00;Pipeline { filter(avg_Y < 7380000.0000) };9.18608e-01;1.00000e+00;Pipeline { filter(avg_Y < 7760000000.0000) }
datasets/geolife_60mins.csv;nsga2;4;19;1900;1900;7.25330e+01;100;100;100;1.00000e+00;1.00000e+00;1.60000e-01;9.77082e-01;7.98971e-01;Pipeline { map_duplicate(probability=0.10) | filter(avg_X > 30000.0000) | filter(avg_Y > 3.2600) };9.18608e-01;1.00000e+00;Pipeline { filter(avg_X < 596000000.0000) };9.18608e-01;1.00000e+00;Pipeline { filter(avg_X < 1350000000.0000) };9.18608e-01;1.00000e+00;Pipeline { filter(avg_X < 3250000000.0000) }
datasets/geolife_60mins.csv;nsga2;4;20;2000;2000;7.55350e+01;100;100;100;1.00000e+00;1.00000e+00;1.70000e-01;9.77082e-01;7.98971e-01;Pipeline { map_duplicate(probability=0.10) | filter(avg_X > 30000.0000) | filter(avg_Y > 3.2600) };9.18608e-01;1.00000e+00;Pipeline { filter(avg_Y < 4930000.0000) };9.18608e-01;1.00000e+00;Pipeline { filter(avg_Y < 2610000000.0000) };9.18608e-01;1.00000e+00;Pipeline { filter(avg_Y < 81900000.0000) }
datasets/geolife_60mins.csv;nsga2;4;21;2100;2100;7.82450e+01;100;100;100;1.00000e+00;1.00000e+00;1.90000e-01;9.77082e-01;7.98971e-01;Pipeline { map_duplicate(probability=0.10) | filter(avg_X > 30000.0000) | filter(avg_Y > 3.2600) };9.18608e-01;1.00000e+00;Pipeline { filter(avg_X < 1250000000.0000) };9.18608e-01;1.00000e+00;Pipeline { filter(avg_Y < 91000000.0000) };9.18608e-01;1.00000e+00;Pipeline { filter(avg_X < 2520000000.0000) }
datasets/geolife_60mins.csv;nsga2;4;22;2200;2200;8.10000e+01;100;100;100;1.00000e+00;1.00000e+00;2.00000e-01;9.77082e-01;7.98971e-01;Pipeline { map_duplicate(probability=0.10) | filter(avg_X > 30000.0000) | filter(avg_Y > 3.2600) };9.18608e-01;1.00000e+00;Pipeline { filter(avg_X < 81300000.0000) };9.18771e-01;9.99657e-01;Pipeline { filter(avg_X < 3540000.0000) };9.18608e-01;1.00000e+00;Pipeline { filter(avg_X < 4990000.0000) }
datasets/geolife_60mins.csv;nsga2;4;23;2300;2300;8.35110e+01;100;100;100;1.00000e+00;1.00000e+00;2.00000e-01;9.77082e-01;7.98971e-01;Pipeline { map_duplicate(probability=0.10) | filter(avg_X > 30000.0000) | filter(avg_Y > 3.2600) };9.18608e-01;1.00000e+00;Pipeline { filter(avg_X < 9220000000.0000) };9.18771e-01;9.99657e-01;Pipeline { filter(avg_X < 4580000.0000) };9.18608e-01;1.00000e+00;Pipeline { filter(avg_X < 519000000.0000) }
datasets/geolife_60mins.csv;nsga2;4;24;2400;2400;8.58560e+01;100;100;100;1.00000e+00;1.00000e+00;2.00000e-01;9.77082e-01;7.98971e-01;Pipeline { map_duplicate(probability=0.10) | filter(avg_X > 30000.0000) | filter(avg_Y > 3.2600) };9.18608e-01;1.00000e+00;Pipeline { filter(avg_Y < 4730000000.0000) };9.18771e-01;9.99657e-01;Pipeline { filter(avg_X < 3540000.0000) };9.18608e-01;1.00000e+00;Pipeline { filter(avg_X < 9180000.0000) }
datasets/geolife_60mins.csv;nsga2;4;25;2500;2500;8.95720e+01;100;100;100;1.00000e+00;1.00000e+00;2.00000e-01;9.77082e-01;7.98971e-01;Pipeline { map_duplicate(probability=0.10) | filter(avg_X > 30000.0000) | filter(avg_Y > 3.2600) };9.18608e-01;1.00000e+00;Pipeline { filter(avg_X < 9260000000.0000) };9.18771e-01;9.99657e-01;Pipeline { filter(avg_X < 4580000.0000) };9.18608e-01;1.00000e+00;Pipeline { filter(avg_X < 7240000.0000) }
datasets/geolife_60mins.csv;nsga2;4;26;2600;2600;9.28530e+01;100;100;100;1.00000e+00;1.00000e+00;2.00000e-01;9.77082e-01;7.98971e-01;Pipeline { map_duplicate(probability=0.10) | filter(avg_X > 30000.0000) | filter(avg_Y > 3.2600) };9.18608e-01;1.00000e+00;Pipeline { filter(avg_Y < 63100000.0000) };9.18771e-01;9.99657e-01;Pipeline { filter(avg_X < 4240000.0000) };9.18608e-01;1.00000e+00;Pipeline { filter(avg_X < 81700000.0000) }
datasets/geolife_60mins.csv;nsga2;4;27;2700;2700;9.56670e+01;100;100;100;1.00000e+00;1.00000e+00;2.00000e-01;9.77082e-01;7.98971e-01;Pipeline { map_duplicate(probability=0.10) | filter(avg_X > 30000.0000) | filter(avg_Y > 3.2600) };9.18608e-01;1.00000e+00;Pipeline { filter(avg_Y < 4730000000.0000) };9.18771e-01;9.99657e-01;Pipeline { filter(avg_X < 3880000.0000) };9.18608e-01;1.00000e+00;Pipeline { filter(avg_Y < 11300000.0000) }
datasets/geolife_60mins.csv;nsga2;4;28;2800;2800;9.82720e+01;100;100;100;1.00000e+00;1.00000e+00;2.00000e-01;9.77082e-01;7.98971e-01;Pipeline { map_duplicate(probability=0.10) | filter(avg_X > 30000.0000) | filter(avg_Y > 3.2600) };9.18608e-01;1.00000e+00;Pipeline { filter(avg_X < 1260000000.0000) };9.18779e-01;9.99137e-01;Pipeline { filter(avg_X < 2280000.0000) };9.18608e-01;1.00000e+00;Pipeline { filter(avg_Y < 4530000.0000) }
datasets/geolife_60mins.csv;nsga2;4;29;2900;2900;1.01465e+02;100;100;100;1.00000e+00;1.00000e+00;2.00000e-01;9.77082e-01;7.98971e-01;Pipeline { map_duplicate(probability=0.10) | filter(avg_X > 30000.0000) | filter(avg_Y > 3.2600) };9.18608e-01;1.00000e+00;Pipeline { filter(avg_X < 74000000.0000) };9.18779e-01;9.99137e-01;Pipeline { filter(avg_X < 2600000.0000) };9.18608e-01;1.00000e+00;Pipeline { filter(avg_X < 4080000000.0000) }
datasets/geolife_60mins.csv;nsga2;4;30;3000;3000;1.03978e+02;100;100;100;1.00000e+00;1.00000e+00;2.00000e-01;9.77082e-01;7.98971e-01;Pipeline { map_duplicate(probability=0.10) | filter(avg_X > 30000.0000) | filter(avg_Y > 3.2600) };9.18608e-01;1.00000e+00;Pipeline { filter(avg_X < 5200000.0000) };9.18779e-01;9.99137e-01;Pipeline { filter(avg_X < 2280000.0000) };9.18608e-01;1.00000e+00;Pipeline { filter(avg_X < 7830000.0000) }
datasets/geolife_60mins.csv;nsga2;4;31;3100;3100;1.06859e+02;100;100;100;1.00000e+00;1.00000e+00;2.00000e-01;9.77082e-01;7.98971e-01;Pipeline { map_duplicate(probability=0.10) | filter(avg_X > 30000.0000) | filter(avg_Y > 3.2600) };9.18608e-01;1.00000e+00;Pipeline { filter(avg_X < 5700000.0000) };9.18779e-01;9.99137e-01;Pipeline { filter(avg_X < 2600000.0000) };9.18608e-01;1.00000e+00;Pipeline { filter(avg_X < 17100000.0000) }
datasets/geolife_60mins.csv;nsga2;4;32;3200;3200;1.09555e+02;100;100;100;1.00000e+00;1.00000e+00;2.00000e-01;9.77082e-01;7.98971e-01;Pipeline { map_duplicate(probability=0.10) | filter(avg_X > 30000.0000) | filter(avg_Y > 3.2600) };9.18608e-01;1.00000e+00;Pipeline { filter(avg_X < 59800000.0000) };9.18779e-01;9.99137e-01;Pipeline { filter(avg_X < 2320000.0000) };9.18608e-01;1.00000e+00;Pipeline { filter(avg_Y < 36800000.0000) }
datasets/geolife_60mins.csv;nsga2;4;33;3300;3300;1.11957e+02;100;100;100;1.00000e+00;1.00000e+00;2.20000e-01;9.77082e-01;7.98971e-01;Pipeline { map_duplicate(probability=0.10) | filter(avg_X > 30000.0000) | filter(avg_Y > 3.2600) };9.18608e-01;1.00000e+00;Pipeline { filter(avg_Y < 3630000000.0000) };9.18779e-01;9.99137e-01;Pipeline { filter(avg_X < 2300000.0000) };9.18608e-01;1.00000e+00;Pipeline { filter(avg_Y < 717000000.0000) }
datasets/geolife_60mins.csv;nsga2;4;34;3400;3400;1.15128e+02;100;100;100;1.00000e+00;1.00000e+00;2.20000e-01;9.77082e-01;7.98971e-01;Pipeline { map_duplicate(probability=0.10) | filter(avg_X > 30000.0000) | filter(avg_Y > 3.2600) };9.18608e-01;1.00000e+00;Pipeline { filter(avg_Y < 7110000000.0000) };9.18779e-01;9.99137e-01;Pipeline { filter(avg_X < 2400000.0000) };9.18608e-01;1.00000e+00;Pipeline { filter(avg_X < 1640000000.0000) }
datasets/geolife_60mins.csv;nsga2;4;35;3500;3500;1.17910e+02;100;100;100;1.00000e+00;1.00000e+00;2.30000e-01;9.77082e-01;7.98971e-01;Pipeline { map_duplicate(probability=0.10) | filter(avg_X > 30000.0000) | filter(avg_Y > 3.2600) };9.18608e-01;1.00000e+00;Pipeline { filter(avg_Y < 19100000.0000) };9.18827e-01;9.98141e-01;Pipeline { filter(avg_Y < 2630000.0000) };9.18608e-01;1.00000e+00;Pipeline { filter(avg_Y < 730000000.0000) }
datasets/geolife_60mins.csv;nsga2;4;36;3600;3600;1.21075e+02;100;100;100;1.00000e+00;1.00000e+00;2.40000e-01;9.77082e-01;7.98971e-01;Pipeline { map_duplicate(probability=0.10) | filter(avg_X > 30000.0000) | filter(avg_Y > 3.2600) };9.18608e-01;1.00000e+00;Pipeline { filter(avg_X < 640000000.0000) };9.19790e-01;9.84704e-01;Pipeline { filter(avg_Y < 2200000.0000) };9.18608e-01;1.00000e+00;Pipeline { filter(avg_X < 5450000.0000) }
datasets/geolife_60mins.csv;nsga2;4;37;3700;3700;1.23875e+02;100;100;100;1.00000e+00;1.00000e+00;2.50000e-01;9.77082e-01;7.98971e-01;Pipeline { map_duplicate(probability=0.10) | filter(avg_X > 30000.0000) | filter(avg_Y > 3.2600) };9.18608e-01;1.00000e+00;Pipeline { filter(avg_Y < 61700000.0000) };9.19429e-01;9.86898e-01;Pipeline { filter(avg_Y < 2330000.0000) };9.18608e-01;1.00000e+00;Pipeline { filter(avg_X < 21500000.0000) }
datasets/geolife_60mins.csv;nsga2;4;38;3800;3800;1.26648e+02;100;100;100;1.00000e+00;1.00000e+00;2.50000e-01;9.77082e-01;7.98971e-01;Pipeline { map_duplicate(probability=0.10) | filter(avg_X > 30000.0000) | filter(avg_Y > 3.2600) };9.18608e-01;1.00000e+00;Pipeline { filter(avg_X < 194000000.0000) };9.19429e-01;9.86898e-01;Pipeline { filter(avg_Y < 2330000.0000) };9.18608e-01;1.00000e+00;Pipeline { filter(avg_Y < 3920000.0000) }
datasets/geolife_60mins.csv;nsga2;4;39;3900;3900;1.29311e+02;100;100;100;1.00000e+00;1.00000e+00;2.70000e-01;9.77082e-01;7.98971e-01;Pipeline { map_duplicate(probability=0.10) | filter(avg_X > 30000.0000) | filter(avg_Y > 3.2600) };9.18608e-01;1.00000e+00;Pipeline { filter(avg_Y < 69100000.0000) };9.19790e-01;9.84704e-01;Pipeline { filter(avg_Y < 2240000.0000) };9.18608e-01;1.00000e+00;Pipeline { filter(avg_X < 2640000000.0000) }
datasets/geolife_60mins.csv;nsga2;4;40;4000;4000;1.32039e+02;100;100;100;1.00000e+00;1.00000e+00;2.80000e-01;9.77082e-01;7.98971e-01;Pipeline { map_duplicate(probability=0.10) | filter(avg_X > 30000.0000) | filter(avg_Y > 3.2600) };9.18608e-01;1.00000e+00;Pipeline { filter(avg_Y < 4210000.0000) };9.19829e-01;9.84340e-01;Pipeline { filter(avg_Y < 1650000.0000) };9.18608e-01;1.00000e+00;Pipeline { filter(avg_Y < 50800000.0000) }
datasets/geolife_60mins.csv;nsga2;4;41;4100;4100;1.35370e+02;100;100;100;1.00000e+00;1.00000e+00;2.90000e-01;9.77082e-01;7.98971e-01;Pipeline { map_duplicate(probability=0.10) | filter(avg_X > 30000.0000) | filter(avg_Y > 3.2600) };9.18608e-01;1.00000e+00;Pipeline { filter(avg_Y < 61800000.0000) };9.19829e-01;9.84340e-01;Pipeline { filter(avg_Y < 1700000.0000) };9.18608e-01;1.00000e+00;Pipeline { filter(avg_Y < 212000000.0000) }
datasets/geolife_60mins.csv;nsga2;4;42;4200;4200;1.38603e+02;100;100;100;1.00000e+00;1.00000e+00;2.90000e-01;9.77082e-01;7.98971e-01;Pipeline { map_duplicate(probability=0.10) | filter(avg_X > 30000.0000) | filter(avg_Y > 3.2600) };9.18608e-01;1.00000e+00;Pipeline { filter(avg_X < 13100000.0000) };9.19829e-01;9.84340e-01;Pipeline { filter(avg_Y < 1700000.0000) };9.18608e-01;1.00000e+00;Pipeline { filter(avg_Y < 7590000.0000) }
datasets/geolife_60mins.csv;nsga2;4;43;4300;4300;1.41560e+02;100;100;100;1.00000e+00;1.00000e+00;3.10000e-01;9.77082e-01;7.98971e-01;Pipeline { map_duplicate(probability=0.10) | filter(avg_X > 30000.0000) | filter(avg_Y > 3.2600) };9.18608e-01;1.00000e+00;Pipeline { filter(avg_Y < 9400000.0000) };9.19832e-01;9.84327e-01;Pipeline { filter(avg_Y < 1510000.0000) };9.18608e-01;1.00000e+00;Pipeline { filter(avg_Y < 105000000.0000) }
datasets/geolife_60mins.csv;nsga2;4;44;4400;4400;1.44833e+02;100;100;100;1.00000e+00;1.00000e+00;3.30000e-01;9.77082e-01;7.98971e-01;Pipeline { map_duplicate(probability=0.10) | filter(avg_X > 30000.0000) | filter(avg_Y > 3.2600) };9.18608e-01;1.00000e+00;Pipeline { filter(avg_X < 3440000000.0000) };9.19832e-01;9.84327e-01;Pipeline { filter(avg_Y < 1510000.0000) };9.18608e-01;1.00000e+00;Pipeline { filter(avg_X < 39900000.0000) }
datasets/geolife_60mins.csv;nsga2;4;45;4500;4500;1.47652e+02;100;100;100;1.00000e+00;1.00000e+00;3.40000e-01;9.77082e-01;7.98971e-01;Pipeline { map_duplicate(probability=0.10) | filter(avg_X > 30000.0000) | filter(avg_Y > 3.2600) };9.18608e-01;1.00000e+00;Pipeline { filter(avg_X < 7190000000.0000) };9.20599e-01;9.81727e-01;Pipeline { filter(avg_Y < 1260000.0000) };9.18608e-01;1.00000e+00;Pipeline { filter(avg_X < 1440000000.0000) }
datasets/geolife_60mins.csv;nsga2;4;46;4600;4600;1.50570e+02;100;100;100;1.00000e+00;1.00000e+00;3.30000e-01;9.77082e-01;7.98971e-01;Pipeline { map_duplicate(probability=0.10) | filter(avg_X > 30000.0000) | filter(avg_Y > 3.2600) };9.18608e-01;1.00000e+00;Pipeline { filter(avg_X < 3060000000.0000) };9.19832e-01;9.84327e-01;Pipeline { filter(avg_Y < 1510000.0000) };9.18608e-01;1.00000e+00;Pipeline { filter(avg_Y < 9180000.0000) }
datasets/geolife_60mins.csv;nsga2;4;47;4700;4700;1.53766e+02;100;100;100;1.00000e+00;1.00000e+00;3.30000e-01;9.77082e-01;7.98971e-01;Pipeline { map_duplicate(probability=0.10) | filter(avg_X > 30000.0000) | filter(avg_Y > 3.2600) };9.18608e-01;1.00000e+00;Pipeline { filter(avg_X < 73700000.0000) };9.19832e-01;9.84327e-01;Pipeline { filter(avg_Y < 1400000.0000) };9.18608e-01;1.00000e+00;Pipeline { filter(avg_Y < 18000000.0000) }
datasets/geolife_60mins.csv;nsga2;4;48;4800;4800;1.56865e+02;100;100;100;1.00000e+00;1.00000e+00;3.40000e-01;9.77082e-01;7.98971e-01;Pipeline { map_duplicate(probability=0.10) | filter(avg_X > 30000.0000) | filter(avg_Y > 3.2600) };9.18608e-01;1.00000e+00;Pipeline { filter(avg_X < 190000000.0000) };9.19832e-01;9.84327e-01;Pipeline { filter(avg_Y < 1510000.0000) };9.18608e-01;1.00000e+00;Pipeline { filter(avg_Y < 950000000.0000) }
datasets/geolife_60mins.csv;nsga2;4;49;4900;4900;1.59339e+02;100;100;100;1.00000e+00;1.00000e+00;3.50000e-01;9.77082e-01;7.98971e-01;Pipeline { map_duplicate(probability=0.10) | filter(avg_X > 30000.0000) | filter(avg_Y > 3.2600) };9.18608e-01;1.00000e+00;Pipeline { filter(avg_X < 4760000.0000) };9.20152e-01;9.83097e-01;Pipeline { filter(avg_Y < 1360000.0000) };9.18608e-01;1.00000e+00;Pipeline { filter(avg_X < 53900000.0000) }
datasets/geolife_60mins.csv;nsga2;4;50;5000;5000;1.62347e+02;100;100;100;1.00000e+00;1.00000e+00;3.50000e-01;9.77082e-01;7.98971e-01;Pipeline { map_duplicate(probability=0.10) | filter(avg_X > 30000.0000) | filter(avg_Y > 3.2600) };9.18608e-01;1.00000e+00;Pipeline { filter(avg_Y < 9480000.0000) };9.20152e-01;9.83097e-01;Pipeline { filter(avg_Y < 1360000.0000) };9.18608e-01;1.00000e+00;Pipeline { filter(avg_X < 631000000.0000) }
datasets/geolife_60mins.csv;nsga2;5;1;100;100;7.83300e+00;100;3;34;9.30000e-01;9.30000e-01;6.80000e-01;9.54830e-01;8.12572e-01;Pipeline { filter(avg_Y > 0.0000) | map_duplicate(probability=0.10) };9.18608e-01;1.00000e+00;Pipeline { filter(avg_X < 52700000.0000) };7.23256e-01;7.99487e-01;Pipeline { map_duplicate(probability=0.40) | filter(avg_X > 0.0000) };4.59304e-01;7.13554e-01;Pipeline { map_duplicate(probability=1.00) }
datasets/geolife_60mins.csv;nsga2;5;2;200;200;1.49840e+01;100;7;2;9.30000e-01;9.30000e-01;9.80000e-01;9.55021e-01;8.11769e-01;Pipeline { filter(avg_Y > 0.0000) | map_duplicate(probability=0.10) };9.18608e-01;1.00000e+00;Pipeline { filter(avg_X < 52700000.0000) };8.81725e-01;8.86746e-01;Pipeline { filter(avg_X < 515000.0000) };9.18286e-01;7.78248e-01;Pipeline { map_noise(attribute=avg_Y, percentage=0.10) }
datasets/geolife_60mins.csv;nsga2;5;3;300;300;2.37410e+01;100;9;5;9.40000e-01;9.40000e-01;9.50000e-01;9.55021e-01;8.11769e-01;Pipeline { filter(avg_Y > 0.0000) | map_duplicate(probability=0.10) };9.18608e-01;1.00000e+00;Pipeline { filter(avg_Y < 5700000.0000) };9.19538e-01;8.18796e-01;Pipeline { map_noise(attribute=avg_X, percentage=0.01) };8.77344e-01;8.28148e-01;Pipeline { filter(avg_Y > 5.5800) }
datasets/geolife_60mins.csv;nsga2;5;4;400;400;2.78100e+01;100;16;4;9.50000e-01;9.40000e-01;8.40000e-01;9.55248e-01;8.11861e-01;Pipeline { filter(avg_Y > 0.0000) | map_duplicate(probability=0.10) };9.18608e-01;1.00000e+00;Pipeline { filter(avg_Y < 770000000.0000) };9.24357e-01;8.61023e-01;Pipeline { filter(avg_X > 4.9400) | map_duplicate(probability=0.10) };9.18744e-01;8.83449e-01;Pipeline { map_noise(attribute=avg_Y, percentage=0.01) }
datasets/geolife_60mins.csv;nsga2;5;5;500;500;3.12820e+01;100;31;2;9.80000e-01;9.80000e-01;7.00000e-01;9.57257e-01;8.06217e-01;Pipeline { filter(avg_Y > 65800.0000) | map_duplicate(probability=0.10) };9.18608e-01;1.00000e+00;Pipeline { filter(avg_X < 52700000.0000) };9.26629e-01;8.85427e-01;Pipeline { filter(avg_X > 0.0000) };9.18608e-01;1.00000e+00;Pipeline { filter(avg_Y < 6670000000.0000) }
datasets/geolife_60mins.csv;nsga2;5;6;600;600;3.41680e+01;100;50;2;1.00000e+00;9.90000e-01;4.10000e-01;9.57257e-01;8.06217e-01;Pipeline { filter(avg_Y > 65800.0000) | map_duplicate(probability=0.10) };9.18608e-01;1.00000e+00;Pipeline { filter(avg_Y < 170000000.0000) };9.26629e-01;8.85427e-01;Pipeline { filter(avg_X > 1.0000) };9.18608e-01;1.00000e+00;Pipeline { filter(avg_X < 57000000.0000) }
datasets/geolife_60mins.csv;nsga2;5;7;700;700;3.68740e+01;100;79;12;1.00000e+00;1.00000e+00;2.20000e-01;9.57257e-01;8.06217e-01;Pipeline { filter(avg_Y > 65800.0000) | map_duplicate(probability=0.10) };9.18608e-01;1.00000e+00;Pipeline { filter(avg_Y < 6770000000.0000) };9.22919e-01;9.54125e-01;Pipeline { filter(avg_Y < 910000.0000) };9.18608e-01;1.00000e+00;Pipeline { filter(avg_Y < 5770000.0000) }
datasets/geolife_60mins.csv;nsga2;5;8;800;800;3.93080e+01;100;100;100;1.00000e+00;1.00000e+00;1.10000e-01;9.57257e-01;8.06217e-01;Pipeline { filter(avg_Y > 65800.0000) | map_duplicate(probability=0.10) };9.18608e-01;1.00000e+00;Pipeline { filter(avg_Y < 8700000.0000) };9.18608e-01;1.00000e+00;Pipeline { filter(avg_Y < 878000000.0000) };9.18608e-01;1.00000e+00;Pipeline { filter(avg_Y < 8600000.0000) }
datasets/geolife_60mins.csv;nsga2;5;9;900;900;4.18380e+01;100;100;100;1.00000e+00;1.00000e+00;1.30000e-01;9.57257e-01;8.06217e-01;Pipeline { filter(avg_Y > 65800.0000) | map_duplicate(probability=0.10) };9.18608e-01;1.00000e+00;Pipeline { filter(avg_Y < 160000000.0000) };9.18608e-01;1.00000e+00;Pipeline { filter(avg_X < 59900000.0000) };9.18608e-01;1.00000e+00;Pipeline { filter(avg_Y < 52900000.0000) }
datasets/geolife_60mins.csv;nsga2;5;10;1000;1000;4.52860e+01;100;100;100;1.00000e+00;1.00000e+00;1.40000e-01;9.57257e-01;8.06217e-01;Pipeline { filter(avg_Y > 65800.0000) | map_duplicate(probability=0.10) };9.18608e-01;1.00000e+00;Pipeline { filter(avg_Y < 977000000.0000) };9.18608e-01;1.00000e+00;Pipeline { filter(avg_Y < 3770000000.0000) };9.18608e-01;1.00000e+00;Pipeline { filter(avg_X < 640000000.0000) }
datasets/geolife_60mins.csv;nsga2;5;11;1100;1100;4.79340e+01;100;100;100;1.00000e+00;1.00000e+00;1.40000e-01;9.57257e-01;8.06217e-01;Pipeline { filter(avg_Y > 65800.0000) | map_duplicate(probability=0.10) };9.18608e-01;1.00000e+00;Pipeline { filter(avg_Y < 6980000.0000) };9.18608e-01;1.00000e+00;Pipeline { filter(avg_Y < 8930000.0000) };9.18608e-01;1.00000e+00;Pipeline { filter(avg_Y < 1540000000.0000) }
datasets/geolife_60mins.csv;nsga2;5;12;1200;1200;5.06290e+01;100;100;100;1.00000e+00;1.00000e+00;1.50000e-01;9.57257e-01;8.06217e-01;Pipeline { filter(avg_Y > 65800.0000) | map_duplicate(probability=0.10) };9.18608e-01;1.00000e+00;Pipeline { filter(avg_X < 725000000.0000) };9.18608e-01;1.00000e+00;Pipeline { filter(avg_X < 5150000.0000) };9.18608e-01;1.00000e+00;Pipeline { filter(avg_Y < 710000000.0000) }
datasets/geolife_60mins.csv;nsga2;5;13;1300;1300;5.33750e+01;100;100;100;1.00000e+00;1.00000e+00;1.50000e-01;9.57257e-01;8.06217e-01;Pipeline { filter(avg_Y > 65800.0000) | map_duplicate(probability=0.10) };9.18608e-01;1.00000e+00;Pipeline { filter(avg_Y < 553000000.0000) };9.18608e-01;1.00000e+00;Pipeline { filter(avg_X < 526000000.0000) };9.18608e-01;1.00000e+00;Pipeline { filter(avg_X < 49700000.0000) }
datasets/geolife_60mins.csv;nsga2;5;14;1400;1400;5.59290e+01;100;100;100;1.00000e+00;1.00000e+00;1.60000e-01;9.57257e-01;8.06217e-01;Pipeline { filter(avg_Y > 65800.0000) | map_duplicate(probability=0.10) };9.18608e-01;1.00000e+00;Pipeline { filter(avg_Y < 563000000.0000) };9.18608e-01;1.00000e+00;Pipeline { filter(avg_X < 4350000000.0000) };9.18608e-01;1.00000e+00;Pipeline { filter(avg_Y < 8600000.0000) }
datasets/geolife_60mins.csv;nsga2;5;15;1500;1500;5.88960e+01;100;100;100;1.00000e+00;1.00000e+00;1.60000e-01;9.57257e-01;8.06217e-01;Pipeline { filter(avg_Y > 65800.0000) | map_duplicate(probability=0.10) };9.18608e-01;1.00000e+00;Pipeline { filter(avg_X < 21000000.0000) };9.18608e-01;1.00000e+00;Pipeline { filter(avg_X < 8500000.0000) };9.18608e-01;1.00000e+00;Pipeline { filter(avg_Y < 41200000.0000) }
datasets/geolife_60mins.csv;nsga2;5;16;1600;1600;6.18250e+01;100;100;100;1.00000e+00;1.00000e+00;1.70000e-01;9.57257e-01;8.06217e-01;Pipeline { filter(avg_Y > 65800.0000) | map_duplicate(probability=0.10) };9.18608e-01;1.00000e+00;Pipeline { filter(avg_X < 960000000.0000) };9.18608e-01;1.00000e+00;Pipeline { filter(avg_Y < 593000000.0000) };9.18608e-01;1.00000e+00;Pipeline { filter(avg_X < 659000000.0000) }
datasets/geolife_60mins.csv;nsga2;5;17;1700;1700;6.42540e+01;100;100;100;1.00000e+00;1.00000e+00;1.90000e-01;9.57257e-01;8.06217e-01;Pipeline { filter(avg_Y > 65800.0000) | map_duplicate(probability=0.10) };9.18608e-01;1.00000e+00;Pipeline { filter(avg_X < 7890000.0000) };9.18608e-01;1.00000e+00;Pipeline { filter(avg_X < 86100000.0000) };9.18608e-01;1.00000e+00;Pipeline { filter(avg_Y < 77600000.0000) }
datasets/geolife_60mins.csv;nsga2;5;18;1800;1800;6.72310e+01;100;100;100;1.00000e+00;1.00000e+00;1.70000e-01;9.57257e-01;8.06217e-01;Pipeline { filter(avg_Y > 65800.0000) | map_duplicate(probability=0.10) };9.18608e-01;1.00000e+00;Pipeline { filter(avg_Y < 38200000.0000) };9.18608e-01;1.00000e+00;Pipeline { filter(avg_X < 21000000.0000) };9.18608e-01;1.00000e+00;Pipeline { filter(avg_Y < 2020000000.0000) }
datasets/geolife_60mins.csv;nsga2;5;19;1900;1900;6.98450e+01;100;100;100;1.00000e+00;1.00000e+00;1.70000e-01;9.57257e-01;8.06217e-01;Pipeline { filter(avg_Y > 65800.0000) | map_duplicate(probability=0.10) };9.18608e-01;1.00000e+00;Pipeline { filter(avg_X < 419000000.0000) };9.18608e-01;1.00000e+00;Pipeline { filter(avg_Y < 96000000.0000) };9.18608e-01;1.00000e+00;Pipeline { filter(avg_Y < 27100000.0000) }
datasets/geolife_60mins.csv;nsga2;5;20;2000;2000;7.25670e+01;100;100;100;1.00000e+00;1.00000e+00;1.70000e-01;9.57257e-01;8.06217e-01;Pipeline { filter(avg_Y > 65800.0000) | map_duplicate(probability=0.10) };9.18608e-01;1.00000e+00;Pipeline { filter(avg_Y < 556000000.0000) };9.18608e-01;1.00000e+00;Pipeline { filter(avg_Y < 94300000.0000) };9.18608e-01;1.00000e+00;Pipeline { filter(avg_Y < 265000000.0000) }
datasets/geolife_60mins.csv;nsga2;5;21;2100;2100;7.53070e+01;100;100;100;1.00000e+00;1.00000e+00;1.70000e-01;9.57257e-01;8.06217e-01;Pipeline { filter(avg_Y > 65800.0000) | map_duplicate(probability=0.10) };9.18608e-01;1.00000e+00;Pipeline { filter(avg_Y < 953000000.0000) };9.18608e-01;1.00000e+00;Pipeline { filter(avg_X < 620000000.0000) };9.18608e-01;1.00000e+00;Pipeline { filter(avg_Y < 570000000.0000) }
datasets/geolife_60mins.csv;nsga2;5;22;2200;2200;7.80370e+01;100;100;100;1.00000e+00;1.00000e+00;1.80000e-01;9.57257e-01;8.06217e-01;Pipeline { filter(avg_Y > 65800.0000) | map_duplicate(probability=0.10) };9.18608e-01;1.00000e+00;Pipeline { filter(avg_Y < 748000000.0000) };9.18608e-01;1.00000e+00;Pipeline { filter(avg_X < 9370000000.0000) };9.18608e-01;1.00000e+00;Pipeline { filter(avg_X < 80200000.0000) }
datasets/geolife_60mins.csv;nsga2;5;23;2300;2300;8.08750e+01;100;100;100;1.00000e+00;1.00000e+00;1.80000e-01;9.57257e-01;8.06217e-01;Pipeline { filter(avg_Y > 65800.0000) | map_duplicate(probability=0.10) };9.18608e-01;1.00000e+00;Pipeline { filter(avg_Y < 16300000.0000) };9.18608e-01;1.00000e+00;Pipeline { filter(avg_Y < 1520000000.0000) };9.18608e-01;1.00000e+00;Pipeline { filter(avg_X < 5800000000.0000) }
datasets/geolife_60mins.csv;nsga2;5;24;2400;2400;8.34110e+01;100;100;100;1.00000e+00;1.00000e+00;1.80000e-01;9.57257e-01;8.06217e-01;Pipeline { filter(avg_Y > 65800.0000) | map_duplicate(probability=0.10) };9.18608e-01;1.00000e+00;Pipeline { filter(avg_X < 427000000.0000) };9.18608e-01;1.00000e+00;Pipeline { filter(avg_Y < 75000000.0000) };9.18608e-01;1.00000e+00;Pipeline { filter(avg_X < 88200000.0000) }
datasets/geolife_60mins.csv;nsga2;5;25;2500;2500;8.59240e+01;100;100;100;1.00000e+00;1.00000e+00;1.90000e-01;9.57257e-01;8.06217e-01;Pipeline { filter(avg_Y > 65800.0000) | map_duplicate(probability=0.10) };9.18608e-01;1.00000e+00;Pipeline { filter(avg_X < 657000000.0000) };9.18608e-01;1.00000e+00;Pipeline { filter(avg_X < 47100000.0000) };9.18608e-01;1.00000e+00;Pipeline { filter(avg_Y < 742000000.0000) }
datasets/geolife_60mins.csv;nsga2;5;26;2600;2600;8.84630e+01;100;100;100;1.00000e+00;1.00000e+00;1.90000e-01;9.57257e-01;8.06217e-01;Pipeline { filter(avg_Y > 65800.0000) | map_duplicate(probability=0.10) };9.18608e-01;1.00000e+00;Pipeline { filter(avg_Y < 8280000000.0000) };9.18608e-01;1.00000e+00;Pipeline { filter(avg_Y < 65400000.0000) };9.18608e-01;1.00000e+00;Pipeline { filter(avg_Y < 727000000.0000) }
datasets/geolife_60mins.csv;nsga2;5;27;2700;2700;9.16480e+01;100;100;100;1.00000e+00;1.00000e+00;1.90000e-01;9.57257e-01;8.06217e-01;Pipeline { filter(avg_Y > 65800.0000) | map_duplicate(probability=0.10) };9.18608e-01;1.00000e+00;Pipeline { filter(avg_Y < 66300000.0000) };9.18608e-01;1.00000e+00;Pipeline { filter(avg_X < 8010000.0000) };9.18608e-01;1.00000e+00;Pipeline { filter(avg_Y < 630000000.0000) }
datasets/geolife_60mins.csv;nsga2;5;28;2800;2800;9.44320e+01;100;100;100;1.00000e+00;1.00000e+00;1.90000e-01;9.57257e-01;8.06217e-01;Pipeline { filter(avg_Y > 65800.0000) | map_duplicate(probability=0.10) };9.18608e-01;1.00000e+00;Pipeline { filter(avg_Y < 4520000000.0000) };9.18608e-01;1.00000e+00;Pipeline { filter(avg_X < 715000000.0000) };9.18608e-01;1.00000e+00;Pipeline { filter(avg_Y < 81200000.0000) }
datasets/geolife_60mins.csv;nsga2;5;29;2900;2900;9.72270e+01;100;100;100;1.00000e+00;1.00000e+00;2.10000e-01;9.58700e-01;8.06015e-01;Pipeline { filter(avg_Y > 65500.0000) | map_duplicate(probability=0.10) };9.18608e-01;1.00000e+00;Pipeline { filter(avg_Y < 8220000.0000) };9.18608e-01;1.00000e+00;Pipeline { filter(avg_Y < 8220000.0000) };9.18608e-01;1.00000e+00;Pipeline { filter(avg_Y < 39000000.0000) }
datasets/geolife_60mins.csv;nsga2;5;30;3000;3000;1.00323e+02;100;100;100;1.00000e+00;1.00000e+00;2.10000e-01;9.58700e-01;8.06015e-01;Pipeline { filter(avg_Y > 65500.0000) | map_duplicate(probability=0.10) };9.18608e-01;1.00000e+00;Pipeline { filter(avg_Y < 66300000.0000) };9.18608e-01;1.00000e+00;Pipeline { filter(avg_Y < 66300000.0000) };9.18608e-01;1.00000e+00;Pipeline { filter(avg_Y < 8840000.0000) }
datasets/geolife_60mins.csv;nsga2;5;31;3100;3100;1.02866e+02;100;100;100;1.00000e+00;1.00000e+00;2.30000e-01;9.58700e-01;8.06015e-01;Pipeline { filter(avg_Y > 65500.0000) | map_duplicate(probability=0.10) };9.18608e-01;1.00000e+00;Pipeline { filter(avg_Y < 66600000.0000) };9.18771e-01;9.99657e-01;Pipeline { filter(avg_X < 3640000.0000) };9.18608e-01;1.00000e+00;Pipeline { filter(avg_X < 9350000.0000) }
datasets/geolife_60mins.csv;nsga2;5;32;3200;3200;1.05483e+02;100;100;100;1.00000e+00;1.00000e+00;2.40000e-01;9.58700e-01;8.06015e-01;Pipeline { filter(avg_Y > 65500.0000) | map_duplicate(probability=0.10) };9.18608e-01;1.00000e+00;Pipeline { filter(avg_Y < 6660000.0000) };9.18779e-01;9.99137e-01;Pipeline { filter(avg_X < 2200000.0000) };9.18608e-01;1.00000e+00;Pipeline { filter(avg_Y < 376000000.0000) }
datasets/geolife_60mins.csv;nsga2;5;33;3300;3300;1.08754e+02;100;100;100;1.00000e+00;1.00000e+00;2.50000e-01;9.58700e-01;8.06015e-01;Pipeline { filter(avg_Y > 65500.0000) | map_duplicate(probability=0.10) };9.18608e-01;1.00000e+00;Pipeline { filter(avg_Y < 655000000.0000) };9.19011e-01;9.97549e-01;Pipeline { filter(avg_Y < 2570000.0000) };9.18608e-01;1.00000e+00;Pipeline { filter(avg_X < 42000000.0000) }
datasets/geolife_60mins.csv;nsga2;5;34;3400;3400;1.11608e+02;100;100;100;1.00000e+00;1.00000e+00;2.60000e-01;9.58700e-01;8.06015e-01;Pipeline { filter(avg_Y > 65500.0000) | map_duplicate(probability=0.10) };9.18608e-01;1.00000e+00;Pipeline { filter(avg_Y < 6570000000.0000) };9.19067e-01;9.92539e-01;Pipeline { filter(avg_Y < 2420000.0000) };9.18608e-01;1.00000e+00;Pipeline { filter(avg_Y < 6660000.0000) }
datasets/geolife_60mins.csv;nsga2;5;35;3500;3500;1.14164e+02;100;100;100;1.00000e+00;1.00000e+00;2.70000e-01;9.58700e-01;8.06015e-01;Pipeline { filter(avg_Y > 65500.0000) | map_duplicate(probability=0.10) };9.18608e-01;1.00000e+00;Pipeline { filter(avg_X < 23000000.0000) };9.19429e-01;9.86898e-01;Pipeline { filter(avg_Y < 2340000.0000) };9.18608e-01;1.00000e+00;Pipeline { filter(avg_Y < 9610000.0000) }
datasets/geolife_60mins.csv;nsga2;5;36;3600;3600;1.16649e+02;100;100;100;1.00000e+00;1.00000e+00;2.70000e-01;9.58700e-01;8.06015e-01;Pipeline { filter(avg_Y > 65500.0000) | map_duplicate(probability=0.10) };9.18608e-01;1.00000e+00;Pipeline { filter(avg_Y < 37000000.0000) };9.19429e-01;9.86898e-01;Pipeline { filter(avg_Y < 2340000.0000) };9.18608e-01;1.00000e+00;Pipeline { filter(avg_Y < 3320000.0000) }
datasets/geolife_60mins.csv;nsga2;5;37;3700;3700;1.19850e+02;100;100;100;1.00000e+00;1.00000e+00;2.70000e-01;9.58700e-01;8.06015e-01;Pipeline { filter(avg_Y > 65500.0000) | map_duplicate(probability=0.10) };9.18608e-01;1.00000e+00;Pipeline { filter(avg_Y < 5360000000.0000) };9.19429e-01;9.86898e-01;Pipeline { filter(avg_Y < 2340000.0000) };9.18608e-01;1.00000e+00;Pipeline { filter(avg_Y < 316000000.0000) }
datasets/geolife_60mins.csv;nsga2;5;38;3800;3800;1.22441e+02;100;100;100;1.00000e+00;1.00000e+00;2.80000e-01;9.58700e-01;8.06015e-01;Pipeline { filter(avg_Y > 65500.0000) | map_duplicate(probability=0.10) };9.18608e-01;1.00000e+00;Pipeline { filter(avg_Y < 8900000.0000) };9.19654e-01;9.86080e-01;Pipeline { filter(avg_Y < 2320000.0000) };9.18608e-01;1.00000e+00;Pipeline { filter(avg_X < 266000000.0000) }
datasets/geolife_60mins.csv;nsga2;5;39;3900;3900;1.24986e+02;100;100;100;1.00000e+00;1.00000e+00;2.80000e-01;9.58700e-01;8.06015e-01;Pipeline { filter(avg_Y > 65500.0000) | map_duplicate(probability=0.10) };9.18608e-01;1.00000e+00;Pipeline { filter(avg_X < 22600000.0000) };9.19654e-01;9.86080e-01;Pipeline { filter(avg_Y < 2320000.0000) };9.18608e-01;1.00000e+00;Pipeline { filter(avg_Y < 380000000.0000) }
datasets/geolife_60mins.csv;nsga2;5;40;4000;4000;1.27722e+02;100;100;100;1.00000e+00;1.00000e+00;2.90000e-01;9.58700e-01;8.06015e-01;Pipeline { filter(avg_Y > 65500.0000) | map_duplicate(probability=0.10) };9.18608e-01;1.00000e+00;Pipeline { filter(avg_Y < 6050000.0000) };9.19790e-01;9.84704e-01;Pipeline { filter(avg_Y < 2250000.0000) };9.18608e-01;1.00000e+00;Pipeline { filter(avg_Y < 8900000.0000) }
datasets/geolife_60mins.csv;nsga2;5;41;4100;4100;1.30702e+02;100;100;100;1.00000e+00;1.00000e+00;3.10000e-01;9.58700e-01;8.06015e-01;Pipeline { filter(avg_Y > 65500.0000) | map_duplicate(probability=0.10) };9.18608e-01;1.00000e+00;Pipeline { filter(avg_Y < 5410000000.0000) };9.19832e-01;9.84327e-01;Pipeline { filter(avg_Y < 1390000.0000) };9.18608e-01;1.00000e+00;Pipeline { filter(avg_Y < 61000000.0000) }
datasets/geolife_60mins.csv;nsga2;5;42;4200;4200;1.33298e+02;100;100;100;1.00000e+00;1.00000e+00;3.10000e-01;9.58700e-01;8.06015e-01;Pipeline { filter(avg_Y > 65500.0000) | map_duplicate(probability=0.10) };9.18608e-01;1.00000e+00;Pipeline { filter(avg_Y < 30400000.0000) };9.19832e-01;9.84327e-01;Pipeline { filter(avg_Y < 1390000.0000) };9.18608e-01;1.00000e+00;Pipeline { filter(avg_X < 30400000.0000) }
datasets/geolife_60mins.csv;nsga2;5;43;4300;4300;1.35738e+02;100;100;100;1.00000e+00;1.00000e+00;3.10000e-01;9.58700e-01;8.06015e-01;Pipeline { filter(avg_Y > 65500.0000) | map_duplicate(probability=0.10) };9.18608e-01;1.00000e+00;Pipeline { filter(avg_Y < 3290000.0000) };9.19832e-01;9.84327e-01;Pipeline { filter(avg_Y < 1390000.0000) };9.18608e-01;1.00000e+00;Pipeline { filter(avg_X < 3560000000.0000) }
datasets/geolife_60mins.csv;nsga2;5;44;4400;4400;1.38129e+02;100;100;100;1.00000e+00;1.00000e+00;3.10000e-01;9.58700e-01;8.06015e-01;Pipeline { filter(avg_Y > 65500.0000) | map_duplicate(probability=0.10) };9.18608e-01;1.00000e+00;Pipeline { filter(avg_Y < 6580000000.0000) };9.19832e-01;9.84327e-01;Pipeline { filter(avg_Y < 1390000.0000) };9.18608e-01;1.00000e+00;Pipeline { filter(avg_X < 9410000.0000) }
datasets/geolife_60mins.csv;nsga2;5;45;4500;4500;1.41434e+02;100;100;100;1.00000e+00;1.00000e+00;3.10000e-01;9.58700e-01;8.06015e-01;Pipeline { filter(avg_Y > 65500.0000) | map_duplicate(probability=0.10) };9.18608e-01;1.00000e+00;Pipeline { filter(avg_Y < 30400000.0000) };9.19832e-01;9.84327e-01;Pipeline { filter(avg_Y < 1390000.0000) };9.18608e-01;1.00000e+00;Pipeline { filter(avg_X < 35100000.0000) }
datasets/geolife_60mins.csv;nsga2;5;46;4600;4600;1.44375e+02;100;100;100;1.00000e+00;1.00000e+00;3.10000e-01;9.59857e-01;8.06220e-01;Pipeline { filter(avg_Y > 65600.0000) | map_duplicate(probability=0.10) };9.18608e-01;1.00000e+00;Pipeline { filter(avg_X < 42200000.0000) };9.20628e-01;9.82228e-01;Pipeline { filter(avg_Y < 1290000.0000) };9.18608e-01;1.00000e+00;Pipeline { filter(avg_Y < 4720000.0000) }
datasets/geolife_60mins.csv;nsga2;5;47;4700;4700;1.46911e+02;100;100;100;1.00000e+00;1.00000e+00;3.40000e-01;9.59857e-01;8.06220e-01;Pipeline { filter(avg_Y > 65600.0000) | map_duplicate(probability=0.10) };9.18608e-01;1.00000e+00;Pipeline { filter(avg_Y < 4180000000.0000) };9.25432e-01;9.75129e-01;Pipeline { filter(avg_Y < 1080000.0000) };9.18608e-01;1.00000e+00;Pipeline { filter(avg_Y < 30400000.0000) }
datasets/geolife_60mins.csv;nsga2;5;48;4800;4800;1.49919e+02;100;100;100;1.00000e+00;1.00000e+00;3.40000e-01;9.59857e-01;8.06220e-01;Pipeline { filter(avg_Y > 65600.0000) | map_duplicate(probability=0.10) };9.18608e-01;1.00000e+00;Pipeline { filter(avg_X < 353000000.0000) };9.25499e-01;9.74446e-01;Pipeline { filter(avg_Y < 994000.0000) };9.18608e-01;1.00000e+00;Pipeline { filter(avg_Y < 77200000.0000) }
datasets/geolife_60mins.csv;nsga2;5;49;4900;4900;1.52506e+02;100;100;100;1.00000e+00;1.00000e+00;3.40000e-01;9.59857e-01;8.06220e-01;Pipeline { filter(avg_Y > 65600.0000) | map_duplicate(probability=0.10) };9.18608e-01;1.00000e+00;Pipeline { filter(avg_X < 267000000.0000) };9.25499e-01;9.74446e-01;Pipeline { filter(avg_Y < 996000.0000) };9.18608e-01;1.00000e+00;Pipeline { filter(avg_Y < 4400000.0000) }
datasets/geolife_60mins.csv;nsga2;5;50;5000;5000;1.55687e+02;100;100;100;1.00000e+00;1.00000e+00;3.40000e-01;9.59857e-01;8.06220e-01;Pipeline { filter(avg_Y > 65600.0000) | map_duplicate(probability=0.10) };9.18608e-01;1.00000e+00;Pipeline { filter(avg_X < 905000000.0000) };9.25583e-01;9.75040e-01;Pipeline { filter(avg_Y < 1010000.0000) };9.18608e-01;1.00000e+00;Pipeline { filter(avg_X < 7900000.0000) }
