problem.name;solver.name;randomGenerator.seed;n.iterations;n.evals;n.births;elapsed.secs;all→size;firsts→size;lasts→size;all→each[genotype]→uniqueness;all→each[solution]→uniqueness;all→each[quality]→uniqueness;"all→percentile[quality→privacy;100]→quality→privacy";"all→percentile[quality→privacy;100]→quality→results-similarity";"all→percentile[quality→privacy;100]→solution";"all→percentile[quality→results-similarity;100]→quality→privacy";"all→percentile[quality→results-similarity;100]→quality→results-similarity";"all→percentile[quality→results-similarity;100]→solution";"all→percentile[quality→privacy;75]→quality→privacy";"all→percentile[quality→privacy;75]→quality→results-similarity";"all→percentile[quality→privacy;75]→solution";"all→percentile[quality→results-similarity;75]→quality→privacy";"all→percentile[quality→results-similarity;75]→quality→results-similarity";"all→percentile[quality→results-similarity;75]→solution"
datasets/geolife_60mins.csv;nsga2;1;1;100;100;2.36510e+01;100;4;37;9.20000e-01;9.20000e-01;6.10000e-01;7.49694e-01;4.83265e-02;Pipeline { map_noise(attribute=avg_X, percentage=0.25) | filter(avg_X > 12700.0000) };2.26479e-01;1.00000e+00;Pipeline { map_duplicate(probability=1.00) };2.95402e-01;6.88568e-01;Pipeline { filter(avg_Y > 0.0000) | filter(avg_Y > 0.0000) | map_duplicate(probability=0.80) | filter(avg_X < 81100000.0000) | map_noise(attribute=avg_X, percentage=0.01) | filter(avg_Y < 1370000000.0000) | map_duplicate(probability=0.60) | filter(avg_Y > 0.0257) | filter(avg_X > 0.0005) };4.52495e-01;4.50208e-01;Pipeline { map_noise(attribute=avg_Y, percentage=0.05) }
datasets/geolife_60mins.csv;nsga2;1;2;200;200;4.57550e+01;100;7;1;9.20000e-01;9.20000e-01;9.20000e-01;7.49694e-01;4.83265e-02;Pipeline { map_noise(attribute=avg_X, percentage=0.25) | filter(avg_X > 12700.0000) };2.26479e-01;1.00000e+00;Pipeline { map_duplicate(probability=1.00) };4.52957e-01;1.00000e+00;Pipeline { filter(avg_X < 8150000000.0000) };3.24058e-01;9.71395e-01;Pipeline { map_duplicate(probability=0.40) }
datasets/geolife_60mins.csv;nsga2;1;3;300;300;6.56070e+01;100;19;1;9.20000e-01;9.20000e-01;7.40000e-01;7.49694e-01;4.83265e-02;Pipeline { map_noise(attribute=avg_X, percentage=0.25) | filter(avg_X > 12700.0000) };2.26479e-01;1.00000e+00;Pipeline { map_duplicate(probability=1.00) };7.31092e-01;1.00000e+00;Pipeline { filter(avg_X > 0.0954) };7.31092e-01;1.00000e+00;Pipeline { filter(avg_X > 0.0000) }
datasets/geolife_60mins.csv;nsga2;1;4;400;400;7.60950e+01;100;31;3;9.90000e-01;9.80000e-01;4.40000e-01;7.49694e-01;4.83265e-02;Pipeline { map_noise(attribute=avg_X, percentage=0.25) | filter(avg_X > 12700.0000) };2.26479e-01;1.00000e+00;Pipeline { map_duplicate(probability=1.00) };7.31092e-01;1.00000e+00;Pipeline { filter(avg_X > 0.0000) };6.87470e-01;1.00000e+00;Pipeline { filter(avg_X > 0.0739) | filter(avg_Y > 0.5080) }
datasets/geolife_60mins.csv;nsga2;1;5;500;500;8.60910e+01;100;57;16;1.00000e+00;9.80000e-01;3.90000e-01;7.49694e-01;4.83265e-02;Pipeline { map_noise(attribute=avg_X, percentage=0.25) | filter(avg_X > 12700.0000) };6.87470e-01;1.00000e+00;Pipeline { filter(avg_X > 0.0734) | filter(avg_Y > 0.5080) };7.31213e-01;6.19948e-01;Pipeline { filter(avg_X > 0.0000) | filter(avg_X > 0.0005) | map_noise(attribute=avg_X, percentage=0.01) };7.31092e-01;1.00000e+00;Pipeline { filter(avg_X > 0.0000) }
datasets/geolife_60mins.csv;nsga2;1;6;600;600;9.50380e+01;100;100;100;1.00000e+00;9.80000e-01;4.00000e-02;7.77810e-01;2.09910e-01;Pipeline { filter(avg_X > 6.4700) | map_noise(attribute=avg_Y, percentage=0.10) | map_noise(attribute=avg_Y, percentage=0.10) };7.31092e-01;1.00000e+00;Pipeline { filter(avg_X > 0.0000) };7.31092e-01;1.00000e+00;Pipeline { filter(avg_X > 0.0904) };7.31092e-01;1.00000e+00;Pipeline { filter(avg_X > 3.9100) }
datasets/geolife_60mins.csv;nsga2;1;7;700;700;1.06776e+02;100;100;100;1.00000e+00;1.00000e+00;5.00000e-02;7.77810e-01;2.09910e-01;Pipeline { filter(avg_X > 6.4700) | map_noise(attribute=avg_Y, percentage=0.10) | map_noise(attribute=avg_Y, percentage=0.10) };7.31092e-01;1.00000e+00;Pipeline { filter(avg_X > 0.1570) };7.31092e-01;1.00000e+00;Pipeline { filter(avg_X > 0.0000) };7.31092e-01;1.00000e+00;Pipeline { filter(avg_X > 4.9200) }
datasets/geolife_60mins.csv;nsga2;1;8;800;800;1.18165e+02;100;100;100;1.00000e+00;1.00000e+00;5.00000e-02;7.77810e-01;2.09910e-01;Pipeline { filter(avg_X > 6.4700) | map_noise(attribute=avg_Y, percentage=0.10) | map_noise(attribute=avg_Y, percentage=0.10) };7.31092e-01;1.00000e+00;Pipeline { filter(avg_X > 0.0000) };7.31092e-01;1.00000e+00;Pipeline { filter(avg_X > 0.9400) };7.31092e-01;1.00000e+00;Pipeline { filter(avg_X > 0.0010) }
datasets/geolife_60mins.csv;nsga2;1;9;900;900;1.28438e+02;100;100;100;1.00000e+00;9.80000e-01;5.00000e-02;7.77810e-01;2.09910e-01;Pipeline { filter(avg_X > 6.4700) | map_noise(attribute=avg_Y, percentage=0.10) | map_noise(attribute=avg_Y, percentage=0.10) };7.31092e-01;1.00000e+00;Pipeline { filter(avg_X > 1.9400) };7.31092e-01;1.00000e+00;Pipeline { filter(avg_X > 652.0000) };7.31092e-01;1.00000e+00;Pipeline { filter(avg_X > 2.0200) }
datasets/geolife_60mins.csv;nsga2;1;10;1000;1000;1.39784e+02;100;100;100;1.00000e+00;1.00000e+00;5.00000e-02;7.77810e-01;2.09910e-01;Pipeline { filter(avg_X > 6.4700) | map_noise(attribute=avg_Y, percentage=0.10) | map_noise(attribute=avg_Y, percentage=0.10) };7.31092e-01;1.00000e+00;Pipeline { filter(avg_X > 6.0500) };7.31092e-01;1.00000e+00;Pipeline { filter(avg_X > 46.3000) };7.31092e-01;1.00000e+00;Pipeline { filter(avg_X > 0.0000) }
datasets/geolife_60mins.csv;nsga2;1;11;1100;1100;1.48648e+02;100;100;100;1.00000e+00;9.80000e-01;5.00000e-02;7.77810e-01;2.09910e-01;Pipeline { filter(avg_X > 6.4700) | map_noise(attribute=avg_Y, percentage=0.10) | map_noise(attribute=avg_Y, percentage=0.10) };7.31092e-01;1.00000e+00;Pipeline { filter(avg_X > 7.2800) };7.31092e-01;1.00000e+00;Pipeline { filter(avg_X > 0.0000) };7.31092e-01;1.00000e+00;Pipeline { filter(avg_X > 6.0900) }
datasets/geolife_60mins.csv;nsga2;1;12;1200;1200;1.58072e+02;100;100;100;1.00000e+00;9.70000e-01;5.00000e-02;7.77810e-01;2.09910e-01;Pipeline { filter(avg_X > 6.4700) | map_noise(attribute=avg_Y, percentage=0.10) | map_noise(attribute=avg_Y, percentage=0.10) };7.31092e-01;1.00000e+00;Pipeline { filter(avg_X > 0.0000) };7.31092e-01;1.00000e+00;Pipeline { filter(avg_X > 0.0000) };7.31092e-01;1.00000e+00;Pipeline { filter(avg_X > 0.0001) }
datasets/geolife_60mins.csv;nsga2;1;13;1300;1300;1.68613e+02;100;100;100;1.00000e+00;1.00000e+00;5.00000e-02;7.77810e-01;2.09910e-01;Pipeline { filter(avg_X > 6.4700) | map_noise(attribute=avg_Y, percentage=0.10) | map_noise(attribute=avg_Y, percentage=0.10) };7.31092e-01;1.00000e+00;Pipeline { filter(avg_X > 0.1360) };7.31092e-01;1.00000e+00;Pipeline { filter(avg_X > 7.6000) };7.31092e-01;1.00000e+00;Pipeline { filter(avg_X > 0.0177) }
datasets/geolife_60mins.csv;nsga2;1;14;1400;1400;1.78326e+02;100;100;100;1.00000e+00;9.90000e-01;5.00000e-02;7.77810e-01;2.09910e-01;Pipeline { filter(avg_X > 6.4700) | map_noise(attribute=avg_Y, percentage=0.10) | map_noise(attribute=avg_Y, percentage=0.10) };7.31092e-01;1.00000e+00;Pipeline { filter(avg_X > 0.0000) };7.31092e-01;1.00000e+00;Pipeline { filter(avg_X > 0.0660) };7.31092e-01;1.00000e+00;Pipeline { filter(avg_X > 3.6400) }
datasets/geolife_60mins.csv;nsga2;1;15;1500;1500;1.87255e+02;100;100;100;1.00000e+00;1.00000e+00;5.00000e-02;7.77810e-01;2.09910e-01;Pipeline { filter(avg_X > 6.4700) | map_noise(attribute=avg_Y, percentage=0.10) | map_noise(attribute=avg_Y, percentage=0.10) };7.31092e-01;1.00000e+00;Pipeline { filter(avg_X > 67.5000) | filter(avg_X > 0.0000) };7.31092e-01;1.00000e+00;Pipeline { filter(avg_X > 0.0008) };7.31092e-01;1.00000e+00;Pipeline { filter(avg_X > 0.0781) }
datasets/geolife_60mins.csv;nsga2;1;16;1600;1600;1.96404e+02;100;100;100;1.00000e+00;9.90000e-01;5.00000e-02;7.77810e-01;2.09910e-01;Pipeline { filter(avg_X > 6.4700) | map_noise(attribute=avg_Y, percentage=0.10) | map_noise(attribute=avg_Y, percentage=0.10) };7.31092e-01;1.00000e+00;Pipeline { filter(avg_X > 0.0000) };7.31092e-01;1.00000e+00;Pipeline { filter(avg_X > 0.0095) };7.31092e-01;1.00000e+00;Pipeline { filter(avg_X > 0.0016) }
datasets/geolife_60mins.csv;nsga2;1;17;1700;1700;2.06531e+02;100;100;100;1.00000e+00;1.00000e+00;5.00000e-02;7.77810e-01;2.09910e-01;Pipeline { filter(avg_X > 6.4700) | map_noise(attribute=avg_Y, percentage=0.10) | map_noise(attribute=avg_Y, percentage=0.10) };7.31092e-01;1.00000e+00;Pipeline { filter(avg_X > 0.0000) };7.31092e-01;1.00000e+00;Pipeline { filter(avg_X > 0.0000) };7.31092e-01;1.00000e+00;Pipeline { filter(avg_X > 0.0486) }
datasets/geolife_60mins.csv;nsga2;1;18;1800;1800;2.15154e+02;100;100;100;1.00000e+00;9.80000e-01;5.00000e-02;7.77810e-01;2.09910e-01;Pipeline { filter(avg_X > 6.4700) | map_noise(attribute=avg_Y, percentage=0.10) | map_noise(attribute=avg_Y, percentage=0.10) };7.31092e-01;1.00000e+00;Pipeline { filter(avg_X > 4740.0000) };7.31092e-01;1.00000e+00;Pipeline { filter(avg_X > 0.4590) };7.31092e-01;1.00000e+00;Pipeline { filter(avg_X > 0.0000) }
datasets/geolife_60mins.csv;nsga2;1;19;1900;1900;2.26251e+02;100;100;100;1.00000e+00;1.00000e+00;5.00000e-02;7.77810e-01;2.09910e-01;Pipeline { filter(avg_X > 6.4700) | map_noise(attribute=avg_Y, percentage=0.10) | map_noise(attribute=avg_Y, percentage=0.10) };7.31092e-01;1.00000e+00;Pipeline { filter(avg_X > 8.7700) };7.31092e-01;1.00000e+00;Pipeline { filter(avg_X > 2.0100) };7.31092e-01;1.00000e+00;Pipeline { filter(avg_X > 0.0000) }
datasets/geolife_60mins.csv;nsga2;1;20;2000;2000;2.36632e+02;100;100;100;1.00000e+00;9.70000e-01;5.00000e-02;7.77810e-01;2.09910e-01;Pipeline { filter(avg_X > 6.4700) | map_noise(attribute=avg_Y, percentage=0.10) | map_noise(attribute=avg_Y, percentage=0.10) };7.31092e-01;1.00000e+00;Pipeline { filter(avg_X > 9.3500) };7.31092e-01;1.00000e+00;Pipeline { filter(avg_X > 0.0727) | filter(avg_X > 893.0000) };7.31092e-01;1.00000e+00;Pipeline { filter(avg_X > 0.0000) }
datasets/geolife_60mins.csv;nsga2;1;21;2100;2100;2.47424e+02;100;100;100;1.00000e+00;9.80000e-01;5.00000e-02;7.77810e-01;2.09910e-01;Pipeline { filter(avg_X > 6.4700) | map_noise(attribute=avg_Y, percentage=0.10) | map_noise(attribute=avg_Y, percentage=0.10) };7.31092e-01;1.00000e+00;Pipeline { filter(avg_X > 0.0000) };7.31092e-01;1.00000e+00;Pipeline { filter(avg_X > 0.8240) };7.31092e-01;1.00000e+00;Pipeline { filter(avg_X > 0.0007) }
datasets/geolife_60mins.csv;nsga2;1;22;2200;2200;2.55689e+02;100;100;100;1.00000e+00;1.00000e+00;5.00000e-02;7.77810e-01;2.09910e-01;Pipeline { filter(avg_X > 6.4700) | map_noise(attribute=avg_Y, percentage=0.10) | map_noise(attribute=avg_Y, percentage=0.10) };7.31092e-01;1.00000e+00;Pipeline { filter(avg_X > 0.3660) };7.31092e-01;1.00000e+00;Pipeline { filter(avg_X > 0.0127) | filter(avg_X > 843.0000) };7.31092e-01;1.00000e+00;Pipeline { filter(avg_X > 0.0000) }
datasets/geolife_60mins.csv;nsga2;1;23;2300;2300;2.63994e+02;100;100;100;1.00000e+00;1.00000e+00;5.00000e-02;7.77810e-01;2.09910e-01;Pipeline { filter(avg_X > 6.4700) | map_noise(attribute=avg_Y, percentage=0.10) | map_noise(attribute=avg_Y, percentage=0.10) };7.31092e-01;1.00000e+00;Pipeline { filter(avg_X > 448.0000) };7.31092e-01;1.00000e+00;Pipeline { filter(avg_X > 0.0073) | filter(avg_X > 843.0000) };7.31092e-01;1.00000e+00;Pipeline { filter(avg_X > 0.0000) }
datasets/geolife_60mins.csv;nsga2;1;24;2400;2400;2.73462e+02;100;100;100;1.00000e+00;1.00000e+00;5.00000e-02;7.77810e-01;2.09910e-01;Pipeline { filter(avg_X > 6.4700) | map_noise(attribute=avg_Y, percentage=0.10) | map_noise(attribute=avg_Y, percentage=0.10) };7.31092e-01;1.00000e+00;Pipeline { filter(avg_X > 0.4140) };7.31092e-01;1.00000e+00;Pipeline { filter(avg_X > 79.1000) };7.31092e-01;1.00000e+00;Pipeline { filter(avg_X > 0.0009) }
datasets/geolife_60mins.csv;nsga2;1;25;2500;2500;2.85729e+02;100;100;100;1.00000e+00;1.00000e+00;5.00000e-02;7.77810e-01;2.09910e-01;Pipeline { filter(avg_X > 6.4700) | map_noise(attribute=avg_Y, percentage=0.10) | map_noise(attribute=avg_Y, percentage=0.10) };7.31092e-01;1.00000e+00;Pipeline { filter(avg_X > 0.0004) };7.31092e-01;1.00000e+00;Pipeline { filter(avg_X > 0.0000) };7.31092e-01;1.00000e+00;Pipeline { filter(avg_X > 955.0000) }
datasets/geolife_60mins.csv;nsga2;1;26;2600;2600;2.96729e+02;100;100;100;1.00000e+00;1.00000e+00;5.00000e-02;7.77810e-01;2.09910e-01;Pipeline { filter(avg_X > 6.4700) | map_noise(attribute=avg_Y, percentage=0.10) | map_noise(attribute=avg_Y, percentage=0.10) };7.31092e-01;1.00000e+00;Pipeline { filter(avg_X > 0.0000) };7.31092e-01;1.00000e+00;Pipeline { filter(avg_X > 0.0000) };7.31092e-01;1.00000e+00;Pipeline { filter(avg_X > 7.0100) }
datasets/geolife_60mins.csv;nsga2;1;27;2700;2700;3.06008e+02;100;100;100;1.00000e+00;9.90000e-01;5.00000e-02;7.77810e-01;2.09910e-01;Pipeline { filter(avg_X > 6.4700) | map_noise(attribute=avg_Y, percentage=0.10) | map_noise(attribute=avg_Y, percentage=0.10) };7.31092e-01;1.00000e+00;Pipeline { filter(avg_X > 382.0000) };7.31092e-01;1.00000e+00;Pipeline { filter(avg_X > 854.0000) };7.31092e-01;1.00000e+00;Pipeline { filter(avg_X > 0.0000) }
datasets/geolife_60mins.csv;nsga2;1;28;2800;2800;3.17620e+02;100;100;100;1.00000e+00;9.90000e-01;5.00000e-02;7.77810e-01;2.09910e-01;Pipeline { filter(avg_X > 6.4700) | map_noise(attribute=avg_Y, percentage=0.10) | map_noise(attribute=avg_Y, percentage=0.10) };7.31092e-01;1.00000e+00;Pipeline { filter(avg_X > 0.0000) };7.31092e-01;1.00000e+00;Pipeline { filter(avg_X > 99.4000) };7.31092e-01;1.00000e+00;Pipeline { filter(avg_X > 0.0061) }
datasets/geolife_60mins.csv;nsga2;1;29;2900;2900;3.27173e+02;100;100;100;1.00000e+00;9.90000e-01;5.00000e-02;7.77810e-01;2.09910e-01;Pipeline { filter(avg_X > 6.4700) | map_noise(attribute=avg_Y, percentage=0.10) | map_noise(attribute=avg_Y, percentage=0.10) };7.31092e-01;1.00000e+00;Pipeline { filter(avg_X > 40.9000) };7.31092e-01;1.00000e+00;Pipeline { filter(avg_X > 0.0528) };7.31092e-01;1.00000e+00;Pipeline { filter(avg_X > 0.0008) }
datasets/geolife_60mins.csv;nsga2;1;30;3000;3000;3.37518e+02;100;100;100;1.00000e+00;9.90000e-01;5.00000e-02;7.77810e-01;2.09910e-01;Pipeline { filter(avg_X > 6.4700) | map_noise(attribute=avg_Y, percentage=0.10) | map_noise(attribute=avg_Y, percentage=0.10) };7.31092e-01;1.00000e+00;Pipeline { filter(avg_X > 0.0001) };7.31092e-01;1.00000e+00;Pipeline { filter(avg_X > 0.0000) };7.31092e-01;1.00000e+00;Pipeline { filter(avg_X > 0.1270) }
datasets/geolife_60mins.csv;nsga2;1;31;3100;3100;3.47881e+02;100;100;100;1.00000e+00;1.00000e+00;5.00000e-02;7.77810e-01;2.09910e-01;Pipeline { filter(avg_X > 6.4700) | map_noise(attribute=avg_Y, percentage=0.10) | map_noise(attribute=avg_Y, percentage=0.10) };7.31092e-01;1.00000e+00;Pipeline { filter(avg_X > 0.0991) };7.31092e-01;1.00000e+00;Pipeline { filter(avg_X > 32.0000) };7.31092e-01;1.00000e+00;Pipeline { filter(avg_Y < 56800000.0000) | filter(avg_X > 0.0004) }
datasets/geolife_60mins.csv;nsga2;1;32;3200;3200;3.57369e+02;100;100;100;1.00000e+00;1.00000e+00;5.00000e-02;7.77810e-01;2.09910e-01;Pipeline { filter(avg_X > 6.4700) | map_noise(attribute=avg_Y, percentage=0.10) | map_noise(attribute=avg_Y, percentage=0.10) };7.31092e-01;1.00000e+00;Pipeline { filter(avg_X > 0.0000) };7.31092e-01;1.00000e+00;Pipeline { filter(avg_X > 0.0003) };7.31092e-01;1.00000e+00;Pipeline { filter(avg_X > 0.0006) }
datasets/geolife_60mins.csv;nsga2;1;33;3300;3300;3.67037e+02;100;100;100;1.00000e+00;1.00000e+00;5.00000e-02;7.77810e-01;2.09910e-01;Pipeline { filter(avg_X > 6.4700) | map_noise(attribute=avg_Y, percentage=0.10) | map_noise(attribute=avg_Y, percentage=0.10) };7.31092e-01;1.00000e+00;Pipeline { filter(avg_X > 7.9200) };7.31092e-01;1.00000e+00;Pipeline { filter(avg_X > 0.0000) };7.31092e-01;1.00000e+00;Pipeline { filter(avg_X > 561.0000) }
datasets/geolife_60mins.csv;nsga2;1;34;3400;3400;3.75531e+02;100;100;100;1.00000e+00;9.90000e-01;5.00000e-02;7.77810e-01;2.09910e-01;Pipeline { filter(avg_X > 6.4700) | map_noise(attribute=avg_Y, percentage=0.10) | map_noise(attribute=avg_Y, percentage=0.10) };7.31092e-01;1.00000e+00;Pipeline { filter(avg_X > 0.0001) };7.31092e-01;1.00000e+00;Pipeline { filter(avg_X > 66.8000) };7.31092e-01;1.00000e+00;Pipeline { filter(avg_X > 0.0000) }
datasets/geolife_60mins.csv;nsga2;1;35;3500;3500;3.85207e+02;100;100;100;1.00000e+00;9.80000e-01;5.00000e-02;7.77810e-01;2.09910e-01;Pipeline { filter(avg_X > 6.4700) | map_noise(attribute=avg_Y, percentage=0.10) | map_noise(attribute=avg_Y, percentage=0.10) };7.31092e-01;1.00000e+00;Pipeline { filter(avg_X > 0.0001) };7.31092e-01;1.00000e+00;Pipeline { filter(avg_X > 91.0000) };7.31092e-01;1.00000e+00;Pipeline { filter(avg_X > 0.0042) }
datasets/geolife_60mins.csv;nsga2;1;36;3600;3600;3.93862e+02;100;100;100;1.00000e+00;1.00000e+00;5.00000e-02;7.77810e-01;2.09910e-01;Pipeline { filter(avg_X > 6.4700) | map_noise(attribute=avg_Y, percentage=0.10) | map_noise(attribute=avg_Y, percentage=0.10) };7.31092e-01;1.00000e+00;Pipeline { filter(avg_X > 7.2200) };7.31092e-01;1.00000e+00;Pipeline { filter(avg_X > 0.4940) };7.31092e-01;1.00000e+00;Pipeline { filter(avg_X > 0.0931) }
datasets/geolife_60mins.csv;nsga2;1;37;3700;3700;4.03355e+02;100;100;100;1.00000e+00;9.90000e-01;5.00000e-02;7.77810e-01;2.09910e-01;Pipeline { filter(avg_X > 6.4700) | map_noise(attribute=avg_Y, percentage=0.10) | map_noise(attribute=avg_Y, percentage=0.10) };7.31092e-01;1.00000e+00;Pipeline { filter(avg_X > 0.0001) };7.31092e-01;1.00000e+00;Pipeline { filter(avg_X > 615.0000) };7.31092e-01;1.00000e+00;Pipeline { filter(avg_X > 3.0200) }
datasets/geolife_60mins.csv;nsga2;1;38;3800;3800;4.12122e+02;100;100;100;1.00000e+00;9.80000e-01;5.00000e-02;7.77810e-01;2.09910e-01;Pipeline { filter(avg_X > 6.4700) | map_noise(attribute=avg_Y, percentage=0.10) | map_noise(attribute=avg_Y, percentage=0.10) };7.31092e-01;1.00000e+00;Pipeline { filter(avg_X > 0.0007) };7.31092e-01;1.00000e+00;Pipeline { filter(avg_X > 33.1000) };7.31092e-01;1.00000e+00;Pipeline { filter(avg_X > 1.4400) }
datasets/geolife_60mins.csv;nsga2;1;39;3900;3900;4.23421e+02;100;100;100;1.00000e+00;1.00000e+00;5.00000e-02;7.77810e-01;2.09910e-01;Pipeline { filter(avg_X > 6.4700) | map_noise(attribute=avg_Y, percentage=0.10) | map_noise(attribute=avg_Y, percentage=0.10) };7.31092e-01;1.00000e+00;Pipeline { filter(avg_X > 99.7000) };7.31092e-01;1.00000e+00;Pipeline { filter(avg_X > 0.0000) };7.31092e-01;1.00000e+00;Pipeline { filter(avg_X > 0.0001) }
datasets/geolife_60mins.csv;nsga2;1;40;4000;4000;4.34441e+02;100;100;100;1.00000e+00;9.90000e-01;5.00000e-02;7.77810e-01;2.09910e-01;Pipeline { filter(avg_X > 6.4700) | map_noise(attribute=avg_Y, percentage=0.10) | map_noise(attribute=avg_Y, percentage=0.10) };7.31092e-01;1.00000e+00;Pipeline { filter(avg_X > 0.0000) };7.31092e-01;1.00000e+00;Pipeline { filter(avg_X > 0.0610) };7.31092e-01;1.00000e+00;Pipeline { filter(avg_X > 0.0000) }
datasets/geolife_60mins.csv;nsga2;1;41;4100;4100;4.43944e+02;100;100;100;1.00000e+00;9.80000e-01;5.00000e-02;7.77810e-01;2.09910e-01;Pipeline { filter(avg_X > 6.4700) | map_noise(attribute=avg_Y, percentage=0.10) | map_noise(attribute=avg_Y, percentage=0.10) };7.31092e-01;1.00000e+00;Pipeline { filter(avg_X > 0.0020) };7.31092e-01;1.00000e+00;Pipeline { filter(avg_X > 438.0000) };7.31092e-01;1.00000e+00;Pipeline { filter(avg_X > 0.0032) }
datasets/geolife_60mins.csv;nsga2;1;42;4200;4200;4.53171e+02;100;100;100;1.00000e+00;9.90000e-01;5.00000e-02;7.77810e-01;2.09910e-01;Pipeline { filter(avg_X > 6.4700) | map_noise(attribute=avg_Y, percentage=0.10) | map_noise(attribute=avg_Y, percentage=0.10) };7.31092e-01;1.00000e+00;Pipeline { filter(avg_X > 65.9000) };7.31092e-01;1.00000e+00;Pipeline { filter(avg_X > 0.4010) };7.31092e-01;1.00000e+00;Pipeline { filter(avg_X > 3.3400) }
datasets/geolife_60mins.csv;nsga2;1;43;4300;4300;4.63743e+02;100;100;100;1.00000e+00;1.00000e+00;5.00000e-02;7.77810e-01;2.09910e-01;Pipeline { filter(avg_X > 6.4700) | map_noise(attribute=avg_Y, percentage=0.10) | map_noise(attribute=avg_Y, percentage=0.10) };7.31092e-01;1.00000e+00;Pipeline { filter(avg_X > 918.0000) };7.31092e-01;1.00000e+00;Pipeline { filter(avg_X > 6.7000) };7.31092e-01;1.00000e+00;Pipeline { filter(avg_X > 136.0000) }
datasets/geolife_60mins.csv;nsga2;1;44;4400;4400;4.75195e+02;100;100;100;1.00000e+00;1.00000e+00;5.00000e-02;7.77810e-01;2.09910e-01;Pipeline { filter(avg_X > 6.4700) | map_noise(attribute=avg_Y, percentage=0.10) | map_noise(attribute=avg_Y, percentage=0.10) };7.31092e-01;1.00000e+00;Pipeline { filter(avg_X > 4.1200) };7.31092e-01;1.00000e+00;Pipeline { filter(avg_X > 518.0000) };7.31092e-01;1.00000e+00;Pipeline { filter(avg_X > 208.0000) }
datasets/geolife_60mins.csv;nsga2;1;45;4500;4500;4.84846e+02;100;100;100;1.00000e+00;1.00000e+00;5.00000e-02;7.77810e-01;2.09910e-01;Pipeline { filter(avg_X > 6.4700) | map_noise(attribute=avg_Y, percentage=0.10) | map_noise(attribute=avg_Y, percentage=0.10) };7.31092e-01;1.00000e+00;Pipeline { filter(avg_X > 94.0000) };7.31092e-01;1.00000e+00;Pipeline { filter(avg_X > 0.0000) };7.31092e-01;1.00000e+00;Pipeline { filter(avg_X > 0.0000) }
datasets/geolife_60mins.csv;nsga2;1;46;4600;4600;4.93941e+02;100;100;100;1.00000e+00;9.90000e-01;5.00000e-02;7.77810e-01;2.09910e-01;Pipeline { filter(avg_X > 6.4700) | map_noise(attribute=avg_Y, percentage=0.10) | map_noise(attribute=avg_Y, percentage=0.10) };7.31092e-01;1.00000e+00;Pipeline { filter(avg_X > 5.3800) };7.31092e-01;1.00000e+00;Pipeline { filter(avg_X > 0.0000) };7.31092e-01;1.00000e+00;Pipeline { filter(avg_X > 238.0000) }
datasets/geolife_60mins.csv;nsga2;1;47;4700;4700;5.06107e+02;100;100;100;1.00000e+00;9.90000e-01;5.00000e-02;7.77810e-01;2.09910e-01;Pipeline { filter(avg_X > 6.4700) | map_noise(attribute=avg_Y, percentage=0.10) | map_noise(attribute=avg_Y, percentage=0.10) };7.31092e-01;1.00000e+00;Pipeline { filter(avg_X > 0.0000) };7.31092e-01;1.00000e+00;Pipeline { filter(avg_X > 72.9000) };7.31092e-01;1.00000e+00;Pipeline { filter(avg_X > 36.0000) }
datasets/geolife_60mins.csv;nsga2;1;48;4800;4800;5.15636e+02;100;100;100;1.00000e+00;9.90000e-01;5.00000e-02;7.77810e-01;2.09910e-01;Pipeline { filter(avg_X > 6.4700) | map_noise(attribute=avg_Y, percentage=0.10) | map_noise(attribute=avg_Y, percentage=0.10) };7.31092e-01;1.00000e+00;Pipeline { filter(avg_X > 99.0000) };7.31092e-01;1.00000e+00;Pipeline { filter(avg_X > 5.3000) };7.31092e-01;1.00000e+00;Pipeline { filter(avg_X > 0.6110) }
datasets/geolife_60mins.csv;nsga2;1;49;4900;4900;5.25092e+02;100;100;100;1.00000e+00;9.90000e-01;5.00000e-02;7.77810e-01;2.09910e-01;Pipeline { filter(avg_X > 6.4700) | map_noise(attribute=avg_Y, percentage=0.10) | map_noise(attribute=avg_Y, percentage=0.10) };7.31092e-01;1.00000e+00;Pipeline { filter(avg_X > 6.2900) };7.31092e-01;1.00000e+00;Pipeline { filter(avg_X > 0.0000) };7.31092e-01;1.00000e+00;Pipeline { filter(avg_X > 0.0000) }
datasets/geolife_60mins.csv;nsga2;1;50;5000;5000;5.35698e+02;100;100;100;1.00000e+00;1.00000e+00;5.00000e-02;7.77810e-01;2.09910e-01;Pipeline { filter(avg_X > 6.4700) | map_noise(attribute=avg_Y, percentage=0.10) | map_noise(attribute=avg_Y, percentage=0.10) };7.31092e-01;1.00000e+00;Pipeline { filter(avg_X > 19.0000) };7.31092e-01;1.00000e+00;Pipeline { filter(avg_X > 0.0000) };7.31092e-01;1.00000e+00;Pipeline { filter(avg_X > 0.0000) }
datasets/geolife_60mins.csv;nsga2;2;1;100;100;2.59610e+01;100;2;27;9.40000e-01;9.40000e-01;7.20000e-01;7.31092e-01;1.00000e+00;Pipeline { filter(avg_X > 694.0000) };7.31092e-01;1.00000e+00;Pipeline { filter(avg_X > 694.0000) };3.29408e-01;1.29032e-01;Pipeline { map_noise(attribute=avg_Y, percentage=0.25) | filter(avg_Y > 0.0000) | map_duplicate(probability=0.50) };2.16825e-01;1.81076e-01;Pipeline { map_noise(attribute=avg_Y, percentage=0.10) | map_duplicate(probability=0.90) | filter(avg_X > 0.0000) | filter(avg_Y < 2050000.0000) | map_noise(attribute=avg_Y, percentage=0.10) | map_duplicate(probability=0.90) | map_noise(attribute=avg_Y, percentage=0.25) | filter(avg_X > 15700.0000) }
datasets/geolife_60mins.csv;nsga2;2;2;200;200;4.83590e+01;100;8;1;9.40000e-01;9.40000e-01;9.40000e-01;7.43508e-01;2.79408e-01;Pipeline { filter(avg_X > 0.6020) | filter(avg_Y < 6210000000.0000) | map_noise(attribute=avg_Y, percentage=0.10) };2.26479e-01;1.00000e+00;Pipeline { map_duplicate(probability=1.00) };4.53587e-01;6.22719e-01;Pipeline { map_noise(attribute=avg_X, percentage=0.01) };5.96257e-01;9.69405e-01;Pipeline { filter(avg_Y > 0.0000) | filter(avg_X > 696.0000) | map_duplicate(probability=0.30) | map_duplicate(probability=0.10) }
datasets/geolife_60mins.csv;nsga2;2;3;300;300;6.49570e+01;100;16;15;9.40000e-01;9.40000e-01;8.20000e-01;7.55392e-01;4.59438e-01;Pipeline { filter(avg_Y > 0.0000) | filter(avg_X > 696.0000) | map_noise(attribute=avg_Y, percentage=0.05) | map_duplicate(probability=0.10) };2.26479e-01;1.00000e+00;Pipeline { map_duplicate(probability=1.00) };6.87851e-01;1.96533e-01;Pipeline { map_noise(attribute=avg_X, percentage=0.05) | filter(avg_X > 0.0224) | filter(avg_Y > 0.0600) | filter(avg_X > 0.0070) };4.10863e-01;9.87994e-01;Pipeline { map_duplicate(probability=0.10) }
datasets/geolife_60mins.csv;nsga2;2;4;400;400;8.00090e+01;100;32;7;9.90000e-01;9.90000e-01;6.00000e-01;8.28705e-01;2.11663e-01;Pipeline { map_noise(attribute=avg_X, percentage=0.05) | filter(avg_X > 0.0000) | filter(avg_Y > 60000.0000) | filter(avg_Y < 250000.0000) };2.26479e-01;1.00000e+00;Pipeline { map_duplicate(probability=1.00) };7.31092e-01;1.00000e+00;Pipeline { filter(avg_X > 0.0010) };7.31092e-01;1.00000e+00;Pipeline { filter(avg_X > 0.0001) }
datasets/geolife_60mins.csv;nsga2;2;5;500;500;9.01010e+01;100;65;9;1.00000e+00;9.90000e-01;3.30000e-01;8.28705e-01;2.11663e-01;Pipeline { map_noise(attribute=avg_X, percentage=0.05) | filter(avg_X > 0.0000) | filter(avg_Y > 60000.0000) | filter(avg_Y < 250000.0000) };4.52196e-01;1.00000e+00;Pipeline { filter(avg_X < 1270000.0000) };7.31092e-01;1.00000e+00;Pipeline { filter(avg_X > 0.0010) };7.31092e-01;1.00000e+00;Pipeline { filter(avg_X > 0.0001) }
datasets/geolife_60mins.csv;nsga2;2;6;600;600;9.94250e+01;100;100;100;1.00000e+00;9.90000e-01;3.00000e-02;8.28705e-01;2.11663e-01;Pipeline { map_noise(attribute=avg_X, percentage=0.05) | filter(avg_X > 0.0000) | filter(avg_Y > 60000.0000) | filter(avg_Y < 250000.0000) };7.31092e-01;1.00000e+00;Pipeline { filter(avg_X > 694.0000) };7.31092e-01;1.00000e+00;Pipeline { filter(avg_X > 69.4000) };7.31092e-01;1.00000e+00;Pipeline { filter(avg_X > 0.0000) }
datasets/geolife_60mins.csv;nsga2;2;7;700;700;1.08342e+02;100;100;100;1.00000e+00;1.00000e+00;3.00000e-02;8.28705e-01;2.11663e-01;Pipeline { map_noise(attribute=avg_X, percentage=0.05) | filter(avg_X > 0.0000) | filter(avg_Y > 60000.0000) | filter(avg_Y < 250000.0000) };7.31092e-01;1.00000e+00;Pipeline { filter(avg_X > 0.0009) };7.31092e-01;1.00000e+00;Pipeline { filter(avg_X > 0.0000) };7.31092e-01;1.00000e+00;Pipeline { filter(avg_X > 44.7000) }
datasets/geolife_60mins.csv;nsga2;2;8;800;800;1.17238e+02;100;100;100;1.00000e+00;9.80000e-01;3.00000e-02;8.28705e-01;2.11663e-01;Pipeline { map_noise(attribute=avg_X, percentage=0.05) | filter(avg_X > 0.0000) | filter(avg_Y > 60000.0000) | filter(avg_Y < 250000.0000) };7.31092e-01;1.00000e+00;Pipeline { filter(avg_X > 9.6000) };7.31092e-01;1.00000e+00;Pipeline { filter(avg_X > 5.3200) };7.31092e-01;1.00000e+00;Pipeline { filter(avg_X > 9.9000) }
datasets/geolife_60mins.csv;nsga2;2;9;900;900;1.27178e+02;100;100;100;1.00000e+00;9.90000e-01;3.00000e-02;8.28705e-01;2.11663e-01;Pipeline { map_noise(attribute=avg_X, percentage=0.05) | filter(avg_X > 0.0000) | filter(avg_Y > 60000.0000) | filter(avg_Y < 250000.0000) };7.31092e-01;1.00000e+00;Pipeline { filter(avg_X > 764.0000) };7.31092e-01;1.00000e+00;Pipeline { filter(avg_X > 0.0001) };7.31092e-01;1.00000e+00;Pipeline { filter(avg_X > 0.0000) }
datasets/geolife_60mins.csv;nsga2;2;10;1000;1000;1.37562e+02;100;100;100;1.00000e+00;1.00000e+00;3.00000e-02;8.28705e-01;2.11663e-01;Pipeline { map_noise(attribute=avg_X, percentage=0.05) | filter(avg_X > 0.0000) | filter(avg_Y > 60000.0000) | filter(avg_Y < 250000.0000) };7.31092e-01;1.00000e+00;Pipeline { filter(avg_X > 0.0000) };7.31092e-01;1.00000e+00;Pipeline { filter(avg_X > 2.5200) };7.31092e-01;1.00000e+00;Pipeline { filter(avg_X > 6.4300) }
datasets/geolife_60mins.csv;nsga2;2;11;1100;1100;1.48052e+02;100;100;100;1.00000e+00;9.90000e-01;3.00000e-02;8.28705e-01;2.11663e-01;Pipeline { map_noise(attribute=avg_X, percentage=0.05) | filter(avg_X > 0.0000) | filter(avg_Y > 60000.0000) | filter(avg_Y < 250000.0000) };7.31092e-01;1.00000e+00;Pipeline { filter(avg_X > 0.5900) };7.31092e-01;1.00000e+00;Pipeline { filter(avg_X > 0.0000) };7.31092e-01;1.00000e+00;Pipeline { filter(avg_X > 0.0073) }
datasets/geolife_60mins.csv;nsga2;2;12;1200;1200;1.59562e+02;100;100;100;1.00000e+00;1.00000e+00;3.00000e-02;8.28705e-01;2.11663e-01;Pipeline { map_noise(attribute=avg_X, percentage=0.05) | filter(avg_X > 0.0000) | filter(avg_Y > 60000.0000) | filter(avg_Y < 250000.0000) };7.31092e-01;1.00000e+00;Pipeline { filter(avg_X > 0.0897) };7.31092e-01;1.00000e+00;Pipeline { filter(avg_X > 0.0000) };7.31092e-01;1.00000e+00;Pipeline { filter(avg_X > 0.0000) }
datasets/geolife_60mins.csv;nsga2;2;13;1300;1300;1.68136e+02;100;100;100;1.00000e+00;1.00000e+00;3.00000e-02;8.28705e-01;2.11663e-01;Pipeline { map_noise(attribute=avg_X, percentage=0.05) | filter(avg_X > 0.0000) | filter(avg_Y > 60000.0000) | filter(avg_Y < 250000.0000) };7.31092e-01;1.00000e+00;Pipeline { filter(avg_X > 0.0000) };7.31092e-01;1.00000e+00;Pipeline { filter(avg_X > 6.0000) };7.31092e-01;1.00000e+00;Pipeline { filter(avg_X > 0.0000) }
datasets/geolife_60mins.csv;nsga2;2;14;1400;1400;1.77760e+02;100;100;100;1.00000e+00;9.90000e-01;3.00000e-02;8.28705e-01;2.11663e-01;Pipeline { map_noise(attribute=avg_X, percentage=0.05) | filter(avg_X > 0.0000) | filter(avg_Y > 60000.0000) | filter(avg_Y < 250000.0000) };7.31092e-01;1.00000e+00;Pipeline { filter(avg_X > 0.0000) };7.31092e-01;1.00000e+00;Pipeline { filter(avg_X > 0.0830) };7.31092e-01;1.00000e+00;Pipeline { filter(avg_X > 0.0000) }
datasets/geolife_60mins.csv;nsga2;2;15;1500;1500;1.86272e+02;100;100;100;1.00000e+00;9.90000e-01;3.00000e-02;8.28705e-01;2.11663e-01;Pipeline { map_noise(attribute=avg_X, percentage=0.05) | filter(avg_X > 0.0000) | filter(avg_Y > 60000.0000) | filter(avg_Y < 250000.0000) };7.31092e-01;1.00000e+00;Pipeline { filter(avg_X > 0.0000) };7.31092e-01;1.00000e+00;Pipeline { filter(avg_X > 0.0000) };7.31092e-01;1.00000e+00;Pipeline { filter(avg_X > 0.0009) }
datasets/geolife_60mins.csv;nsga2;2;16;1600;1600;1.97582e+02;100;100;100;1.00000e+00;9.90000e-01;3.00000e-02;8.28705e-01;2.11663e-01;Pipeline { map_noise(attribute=avg_X, percentage=0.05) | filter(avg_X > 0.0000) | filter(avg_Y > 60000.0000) | filter(avg_Y < 250000.0000) };7.31092e-01;1.00000e+00;Pipeline { filter(avg_X > 96.0000) };7.31092e-01;1.00000e+00;Pipeline { filter(avg_X > 0.0002) };7.31092e-01;1.00000e+00;Pipeline { filter(avg_X > 0.0009) }
datasets/geolife_60mins.csv;nsga2;2;17;1700;1700;2.08107e+02;100;100;100;1.00000e+00;1.00000e+00;3.00000e-02;8.28705e-01;2.11663e-01;Pipeline { map_noise(attribute=avg_X, percentage=0.05) | filter(avg_X > 0.0000) | filter(avg_Y > 60000.0000) | filter(avg_Y < 250000.0000) };7.31092e-01;1.00000e+00;Pipeline { filter(avg_X > 0.0000) };7.31092e-01;1.00000e+00;Pipeline { filter(avg_X > 8.0300) };7.31092e-01;1.00000e+00;Pipeline { filter(avg_X > 0.0002) }
datasets/geolife_60mins.csv;nsga2;2;18;1800;1800;2.17819e+02;100;100;100;1.00000e+00;9.90000e-01;3.00000e-02;8.28705e-01;2.11663e-01;Pipeline { map_noise(attribute=avg_X, percentage=0.05) | filter(avg_X > 0.0000) | filter(avg_Y > 60000.0000) | filter(avg_Y < 250000.0000) };7.31092e-01;1.00000e+00;Pipeline { filter(avg_X > 95.0000) };7.31092e-01;1.00000e+00;Pipeline { filter(avg_X > 0.0002) };7.31092e-01;1.00000e+00;Pipeline { filter(avg_X > 76.5000) }
datasets/geolife_60mins.csv;nsga2;2;19;1900;1900;2.26787e+02;100;100;100;1.00000e+00;9.90000e-01;3.00000e-02;8.28705e-01;2.11663e-01;Pipeline { map_noise(attribute=avg_X, percentage=0.05) | filter(avg_X > 0.0000) | filter(avg_Y > 60000.0000) | filter(avg_Y < 250000.0000) };7.31092e-01;1.00000e+00;Pipeline { filter(avg_X > 818.0000) };7.31092e-01;1.00000e+00;Pipeline { filter(avg_X > 0.0001) };7.31092e-01;1.00000e+00;Pipeline { filter(avg_X > 0.0000) }
datasets/geolife_60mins.csv;nsga2;2;20;2000;2000;2.34879e+02;100;100;100;1.00000e+00;9.90000e-01;3.00000e-02;8.28705e-01;2.11663e-01;Pipeline { map_noise(attribute=avg_X, percentage=0.05) | filter(avg_X > 0.0000) | filter(avg_Y > 60000.0000) | filter(avg_Y < 250000.0000) };7.31092e-01;1.00000e+00;Pipeline { filter(avg_X > 628.0000) };7.31092e-01;1.00000e+00;Pipeline { filter(avg_X > 0.0000) };7.31092e-01;1.00000e+00;Pipeline { filter(avg_X > 0.0001) }
datasets/geolife_60mins.csv;nsga2;2;21;2100;2100;2.45188e+02;100;100;100;1.00000e+00;9.80000e-01;3.00000e-02;8.28705e-01;2.11663e-01;Pipeline { map_noise(attribute=avg_X, percentage=0.05) | filter(avg_X > 0.0000) | filter(avg_Y > 60000.0000) | filter(avg_Y < 250000.0000) };7.31092e-01;1.00000e+00;Pipeline { filter(avg_X > 0.0000) };7.31092e-01;1.00000e+00;Pipeline { filter(avg_X > 0.0000) };7.31092e-01;1.00000e+00;Pipeline { filter(avg_X > 36.4000) }
datasets/geolife_60mins.csv;nsga2;2;22;2200;2200;2.55088e+02;100;100;100;1.00000e+00;1.00000e+00;3.00000e-02;8.28705e-01;2.11663e-01;Pipeline { map_noise(attribute=avg_X, percentage=0.05) | filter(avg_X > 0.0000) | filter(avg_Y > 60000.0000) | filter(avg_Y < 250000.0000) };7.31092e-01;1.00000e+00;Pipeline { filter(avg_X > 0.0914) };7.31092e-01;1.00000e+00;Pipeline { filter(avg_X > 0.0004) };7.31092e-01;1.00000e+00;Pipeline { filter(avg_X > 0.0077) }
datasets/geolife_60mins.csv;nsga2;2;23;2300;2300;2.66678e+02;100;100;100;1.00000e+00;1.00000e+00;3.00000e-02;8.28705e-01;2.11663e-01;Pipeline { map_noise(attribute=avg_X, percentage=0.05) | filter(avg_X > 0.0000) | filter(avg_Y > 60000.0000) | filter(avg_Y < 250000.0000) };7.31092e-01;1.00000e+00;Pipeline { filter(avg_X > 0.0000) };7.31092e-01;1.00000e+00;Pipeline { filter(avg_X > 0.0000) };7.31092e-01;1.00000e+00;Pipeline { filter(avg_X > 0.0000) }
datasets/geolife_60mins.csv;nsga2;2;24;2400;2400;2.76485e+02;100;100;100;1.00000e+00;1.00000e+00;3.00000e-02;8.28705e-01;2.11663e-01;Pipeline { map_noise(attribute=avg_X, percentage=0.05) | filter(avg_X > 0.0000) | filter(avg_Y > 60000.0000) | filter(avg_Y < 250000.0000) };7.31092e-01;1.00000e+00;Pipeline { filter(avg_X > 0.0883) };7.31092e-01;1.00000e+00;Pipeline { filter(avg_X > 5.0500) };7.31092e-01;1.00000e+00;Pipeline { filter(avg_X > 4.0600) }
datasets/geolife_60mins.csv;nsga2;2;25;2500;2500;2.86483e+02;100;100;100;1.00000e+00;1.00000e+00;3.00000e-02;8.28705e-01;2.11663e-01;Pipeline { map_noise(attribute=avg_X, percentage=0.05) | filter(avg_X > 0.0000) | filter(avg_Y > 60000.0000) | filter(avg_Y < 250000.0000) };7.31092e-01;1.00000e+00;Pipeline { filter(avg_X > 0.0000) };7.31092e-01;1.00000e+00;Pipeline { filter(avg_X > 0.0000) };7.31092e-01;1.00000e+00;Pipeline { filter(avg_X > 0.0000) }
datasets/geolife_60mins.csv;nsga2;2;26;2600;2600;2.95531e+02;100;100;100;1.00000e+00;1.00000e+00;3.00000e-02;8.28705e-01;2.11663e-01;Pipeline { map_noise(attribute=avg_X, percentage=0.05) | filter(avg_X > 0.0000) | filter(avg_Y > 60000.0000) | filter(avg_Y < 250000.0000) };7.31092e-01;1.00000e+00;Pipeline { filter(avg_X > 0.6720) };7.31092e-01;1.00000e+00;Pipeline { filter(avg_X > 934.0000) };7.31092e-01;1.00000e+00;Pipeline { filter(avg_X > 0.0411) }
datasets/geolife_60mins.csv;nsga2;2;27;2700;2700;3.04558e+02;100;100;100;1.00000e+00;1.00000e+00;3.00000e-02;8.28705e-01;2.11663e-01;Pipeline { map_noise(attribute=avg_X, percentage=0.05) | filter(avg_X > 0.0000) | filter(avg_Y > 60000.0000) | filter(avg_Y < 250000.0000) };7.31092e-01;1.00000e+00;Pipeline { filter(avg_X > 0.0000) };7.31092e-01;1.00000e+00;Pipeline { filter(avg_X > 0.0007) };7.31092e-01;1.00000e+00;Pipeline { filter(avg_X > 0.0004) }
datasets/geolife_60mins.csv;nsga2;2;28;2800;2800;3.15113e+02;100;100;100;1.00000e+00;1.00000e+00;3.00000e-02;8.28705e-01;2.11663e-01;Pipeline { map_noise(attribute=avg_X, percentage=0.05) | filter(avg_X > 0.0000) | filter(avg_Y > 60000.0000) | filter(avg_Y < 250000.0000) };7.31092e-01;1.00000e+00;Pipeline { filter(avg_X > 0.0058) };7.31092e-01;1.00000e+00;Pipeline { filter(avg_X > 0.0000) };7.31092e-01;1.00000e+00;Pipeline { filter(avg_X > 0.5430) }
datasets/geolife_60mins.csv;nsga2;2;29;2900;2900;3.23876e+02;100;100;100;1.00000e+00;1.00000e+00;3.00000e-02;8.28705e-01;2.11663e-01;Pipeline { map_noise(attribute=avg_X, percentage=0.05) | filter(avg_X > 0.0000) | filter(avg_Y > 60000.0000) | filter(avg_Y < 250000.0000) };7.31092e-01;1.00000e+00;Pipeline { filter(avg_X > 0.0000) };7.31092e-01;1.00000e+00;Pipeline { filter(avg_X > 74.7000) };7.31092e-01;1.00000e+00;Pipeline { filter(avg_X > 65.7000) }
datasets/geolife_60mins.csv;nsga2;2;30;3000;3000;3.32808e+02;100;100;100;1.00000e+00;1.00000e+00;3.00000e-02;8.28705e-01;2.11663e-01;Pipeline { map_noise(attribute=avg_X, percentage=0.05) | filter(avg_X > 0.0000) | filter(avg_Y > 60000.0000) | filter(avg_Y < 250000.0000) };7.31092e-01;1.00000e+00;Pipeline { filter(avg_X > 0.0027) };7.31092e-01;1.00000e+00;Pipeline { filter(avg_X > 0.0000) };7.31092e-01;1.00000e+00;Pipeline { filter(avg_X > 0.2170) }
datasets/geolife_60mins.csv;nsga2;2;31;3100;3100;3.44661e+02;100;100;100;1.00000e+00;9.90000e-01;3.00000e-02;8.28705e-01;2.11663e-01;Pipeline { map_noise(attribute=avg_X, percentage=0.05) | filter(avg_X > 0.0000) | filter(avg_Y > 60000.0000) | filter(avg_Y < 250000.0000) };7.31092e-01;1.00000e+00;Pipeline { filter(avg_X > 0.0000) };7.31092e-01;1.00000e+00;Pipeline { filter(avg_X > 0.0006) };7.31092e-01;1.00000e+00;Pipeline { filter(avg_X > 1.6800) }
datasets/geolife_60mins.csv;nsga2;2;32;3200;3200;3.55180e+02;100;100;100;1.00000e+00;9.90000e-01;3.00000e-02;8.28705e-01;2.11663e-01;Pipeline { map_noise(attribute=avg_X, percentage=0.05) | filter(avg_X > 0.0000) | filter(avg_Y > 60000.0000) | filter(avg_Y < 250000.0000) };7.31092e-01;1.00000e+00;Pipeline { filter(avg_X > 0.0919) };7.31092e-01;1.00000e+00;Pipeline { filter(avg_X > 0.0000) };7.31092e-01;1.00000e+00;Pipeline { filter(avg_X > 0.0000) }
datasets/geolife_60mins.csv;nsga2;2;33;3300;3300;3.65728e+02;100;100;100;1.00000e+00;1.00000e+00;3.00000e-02;8.28705e-01;2.11663e-01;Pipeline { map_noise(attribute=avg_X, percentage=0.05) | filter(avg_X > 0.0000) | filter(avg_Y > 60000.0000) | filter(avg_Y < 250000.0000) };7.31092e-01;1.00000e+00;Pipeline { filter(avg_X > 0.0018) };7.31092e-01;1.00000e+00;Pipeline { filter(avg_X > 6.4800) };7.31092e-01;1.00000e+00;Pipeline { filter(avg_X > 0.0027) }
datasets/geolife_60mins.csv;nsga2;2;34;3400;3400;3.76307e+02;100;100;100;1.00000e+00;9.80000e-01;3.00000e-02;8.28705e-01;2.11663e-01;Pipeline { map_noise(attribute=avg_X, percentage=0.05) | filter(avg_X > 0.0000) | filter(avg_Y > 60000.0000) | filter(avg_Y < 250000.0000) };7.31092e-01;1.00000e+00;Pipeline { filter(avg_X > 0.0081) };7.31092e-01;1.00000e+00;Pipeline { filter(avg_X > 0.4670) };7.31092e-01;1.00000e+00;Pipeline { filter(avg_X > 0.0000) }
datasets/geolife_60mins.csv;nsga2;2;35;3500;3500;3.85851e+02;100;100;100;1.00000e+00;9.80000e-01;3.00000e-02;8.28705e-01;2.11663e-01;Pipeline { map_noise(attribute=avg_X, percentage=0.05) | filter(avg_X > 0.0000) | filter(avg_Y > 60000.0000) | filter(avg_Y < 250000.0000) };7.31092e-01;1.00000e+00;Pipeline { filter(avg_X > 0.0001) };7.31092e-01;1.00000e+00;Pipeline { filter(avg_X > 0.0007) };7.31092e-01;1.00000e+00;Pipeline { filter(avg_X > 8.4400) }
datasets/geolife_60mins.csv;nsga2;2;36;3600;3600;3.96345e+02;100;100;100;1.00000e+00;1.00000e+00;3.00000e-02;8.28705e-01;2.11663e-01;Pipeline { map_noise(attribute=avg_X, percentage=0.05) | filter(avg_X > 0.0000) | filter(avg_Y > 60000.0000) | filter(avg_Y < 250000.0000) };7.31092e-01;1.00000e+00;Pipeline { filter(avg_X > 0.0002) };7.31092e-01;1.00000e+00;Pipeline { filter(avg_X > 5.4100) };7.31092e-01;1.00000e+00;Pipeline { filter(avg_X > 0.0000) }
datasets/geolife_60mins.csv;nsga2;2;37;3700;3700;4.07025e+02;100;100;100;1.00000e+00;9.70000e-01;4.00000e-02;8.28705e-01;2.11663e-01;Pipeline { map_noise(attribute=avg_X, percentage=0.05) | filter(avg_X > 0.0000) | filter(avg_Y > 60000.0000) | filter(avg_Y < 250000.0000) };7.31092e-01;1.00000e+00;Pipeline { filter(avg_X > 0.0004) };7.31092e-01;1.00000e+00;Pipeline { filter(avg_X > 0.1630) };7.31092e-01;1.00000e+00;Pipeline { filter(avg_X > 0.0004) }
datasets/geolife_60mins.csv;nsga2;2;38;3800;3800;4.15867e+02;100;100;100;1.00000e+00;1.00000e+00;4.00000e-02;8.28705e-01;2.11663e-01;Pipeline { map_noise(attribute=avg_X, percentage=0.05) | filter(avg_X > 0.0000) | filter(avg_Y > 60000.0000) | filter(avg_Y < 250000.0000) };7.31092e-01;1.00000e+00;Pipeline { filter(avg_X > 3020.0000) };7.31092e-01;1.00000e+00;Pipeline { filter(avg_X > 0.0020) };7.31092e-01;1.00000e+00;Pipeline { filter(avg_X > 5.5800) }
datasets/geolife_60mins.csv;nsga2;2;39;3900;3900;4.26111e+02;100;100;100;1.00000e+00;1.00000e+00;4.00000e-02;8.28705e-01;2.11663e-01;Pipeline { map_noise(attribute=avg_X, percentage=0.05) | filter(avg_X > 0.0000) | filter(avg_Y > 60000.0000) | filter(avg_Y < 250000.0000) };7.31092e-01;1.00000e+00;Pipeline { filter(avg_X > 23.7000) };7.31092e-01;1.00000e+00;Pipeline { filter(avg_X > 0.0000) };7.31092e-01;1.00000e+00;Pipeline { filter(avg_X > 0.0000) }
datasets/geolife_60mins.csv;nsga2;2;40;4000;4000;4.34766e+02;100;100;100;1.00000e+00;1.00000e+00;4.00000e-02;8.28705e-01;2.11663e-01;Pipeline { map_noise(attribute=avg_X, percentage=0.05) | filter(avg_X > 0.0000) | filter(avg_Y > 60000.0000) | filter(avg_Y < 250000.0000) };7.31092e-01;1.00000e+00;Pipeline { filter(avg_X > 0.0083) };7.31092e-01;1.00000e+00;Pipeline { filter(avg_X > 121.0000) };7.31092e-01;1.00000e+00;Pipeline { filter(avg_X > 0.0751) }
datasets/geolife_60mins.csv;nsga2;2;41;4100;4100;4.43695e+02;100;100;100;1.00000e+00;1.00000e+00;4.00000e-02;8.28705e-01;2.11663e-01;Pipeline { map_noise(attribute=avg_X, percentage=0.05) | filter(avg_X > 0.0000) | filter(avg_Y > 60000.0000) | filter(avg_Y < 250000.0000) };7.31092e-01;1.00000e+00;Pipeline { filter(avg_X > 0.0000) };7.31092e-01;1.00000e+00;Pipeline { filter(avg_X > 1.5800) };7.31092e-01;1.00000e+00;Pipeline { filter(avg_X > 0.0007) }
datasets/geolife_60mins.csv;nsga2;2;42;4200;4200;4.53564e+02;100;100;100;1.00000e+00;1.00000e+00;4.00000e-02;8.28705e-01;2.11663e-01;Pipeline { map_noise(attribute=avg_X, percentage=0.05) | filter(avg_X > 0.0000) | filter(avg_Y > 60000.0000) | filter(avg_Y < 250000.0000) };7.31092e-01;1.00000e+00;Pipeline { filter(avg_X > 0.0000) };7.31092e-01;1.00000e+00;Pipeline { filter(avg_X > 0.0000) };7.31092e-01;1.00000e+00;Pipeline { filter(avg_X > 0.0071) }
datasets/geolife_60mins.csv;nsga2;2;43;4300;4300;4.64057e+02;100;100;100;1.00000e+00;1.00000e+00;4.00000e-02;8.28705e-01;2.11663e-01;Pipeline { map_noise(attribute=avg_X, percentage=0.05) | filter(avg_X > 0.0000) | filter(avg_Y > 60000.0000) | filter(avg_Y < 250000.0000) };7.31092e-01;1.00000e+00;Pipeline { filter(avg_X > 68.0000) };7.31092e-01;1.00000e+00;Pipeline { filter(avg_X > 0.0031) };7.31092e-01;1.00000e+00;Pipeline { filter(avg_X > 0.0054) }
datasets/geolife_60mins.csv;nsga2;2;44;4400;4400;4.75459e+02;100;100;100;1.00000e+00;1.00000e+00;4.00000e-02;8.28705e-01;2.11663e-01;Pipeline { map_noise(attribute=avg_X, percentage=0.05) | filter(avg_X > 0.0000) | filter(avg_Y > 60000.0000) | filter(avg_Y < 250000.0000) };7.31092e-01;1.00000e+00;Pipeline { filter(avg_X > 0.0000) };7.31092e-01;1.00000e+00;Pipeline { filter(avg_X > 0.5900) };7.31092e-01;1.00000e+00;Pipeline { filter(avg_X > 955.0000) }
datasets/geolife_60mins.csv;nsga2;2;45;4500;4500;4.83750e+02;100;100;100;1.00000e+00;1.00000e+00;4.00000e-02;8.28705e-01;2.11663e-01;Pipeline { map_noise(attribute=avg_X, percentage=0.05) | filter(avg_X > 0.0000) | filter(avg_Y > 60000.0000) | filter(avg_Y < 250000.0000) };7.31092e-01;1.00000e+00;Pipeline { filter(avg_X > 0.8200) };7.31092e-01;1.00000e+00;Pipeline { filter(avg_X > 0.0008) };7.31092e-01;1.00000e+00;Pipeline { filter(avg_X > 28.0000) }
datasets/geolife_60mins.csv;nsga2;2;46;4600;4600;4.93754e+02;100;100;100;1.00000e+00;1.00000e+00;4.00000e-02;8.28705e-01;2.11663e-01;Pipeline { map_noise(attribute=avg_X, percentage=0.05) | filter(avg_X > 0.0000) | filter(avg_Y > 60000.0000) | filter(avg_Y < 250000.0000) };7.31092e-01;1.00000e+00;Pipeline { filter(avg_X > 68.0000) };7.31092e-01;1.00000e+00;Pipeline { filter(avg_X > 0.8220) };7.31092e-01;1.00000e+00;Pipeline { filter(avg_X > 0.0049) }
datasets/geolife_60mins.csv;nsga2;2;47;4700;4700;5.03052e+02;100;100;100;1.00000e+00;1.00000e+00;4.00000e-02;8.28705e-01;2.11663e-01;Pipeline { map_noise(attribute=avg_X, percentage=0.05) | filter(avg_X > 0.0000) | filter(avg_Y > 60000.0000) | filter(avg_Y < 250000.0000) };7.31092e-01;1.00000e+00;Pipeline { filter(avg_X > 0.6200) };7.31092e-01;1.00000e+00;Pipeline { filter(avg_X > 0.0000) };7.31092e-01;1.00000e+00;Pipeline { filter(avg_X > 0.0000) }
datasets/geolife_60mins.csv;nsga2;2;48;4800;4800;5.11697e+02;100;100;100;1.00000e+00;9.90000e-01;4.00000e-02;8.28705e-01;2.11663e-01;Pipeline { map_noise(attribute=avg_X, percentage=0.05) | filter(avg_X > 0.0000) | filter(avg_Y > 60000.0000) | filter(avg_Y < 250000.0000) };7.31092e-01;1.00000e+00;Pipeline { filter(avg_X > 7.9600) };7.31092e-01;1.00000e+00;Pipeline { filter(avg_X > 0.0000) };7.31092e-01;1.00000e+00;Pipeline { filter(avg_X > 0.0000) }
datasets/geolife_60mins.csv;nsga2;2;49;4900;4900;5.21810e+02;100;100;100;1.00000e+00;9.80000e-01;4.00000e-02;8.28705e-01;2.11663e-01;Pipeline { map_noise(attribute=avg_X, percentage=0.05) | filter(avg_X > 0.0000) | filter(avg_Y > 60000.0000) | filter(avg_Y < 250000.0000) };7.31092e-01;1.00000e+00;Pipeline { filter(avg_X > 8.2900) };7.31092e-01;1.00000e+00;Pipeline { filter(avg_X > 0.0000) };7.31092e-01;1.00000e+00;Pipeline { filter(avg_X > 0.0000) }
datasets/geolife_60mins.csv;nsga2;2;50;5000;5000;5.32526e+02;100;100;100;1.00000e+00;9.80000e-01;5.00000e-02;8.39918e-01;1.96849e-01;Pipeline { map_noise(attribute=avg_X, percentage=0.05) | filter(avg_X > 0.0000) | filter(avg_Y > 0.0600) | filter(avg_Y < 250000.0000) };7.31092e-01;1.00000e+00;Pipeline { filter(avg_X > 0.0000) };7.31092e-01;1.00000e+00;Pipeline { filter(avg_X > 0.0632) };7.31092e-01;1.00000e+00;Pipeline { filter(avg_X > 0.0000) }
datasets/geolife_60mins.csv;nsga2;3;1;100;100;1.49720e+01;100;3;38;9.50000e-01;9.50000e-01;6.20000e-01;4.87402e-01;9.65259e-01;Pipeline { map_duplicate(probability=0.10) | map_duplicate(probability=0.60) | filter(avg_Y > 70900.0000) | filter(avg_X > 0.0000) | filter(avg_X < 328000000.0000) };4.14168e-01;1.00000e+00;Pipeline { filter(avg_Y > 1.2500) };2.82086e-01;2.52603e-02;Pipeline { map_noise(attribute=avg_X, percentage=0.10) | map_noise(attribute=avg_Y, percentage=0.05) | map_duplicate(probability=0.90) | map_noise(attribute=avg_Y, percentage=0.10) | map_noise(attribute=avg_X, percentage=0.01) | filter(avg_X < 77800000.0000) | map_duplicate(probability=0.60) | filter(avg_Y > 5.1000) | filter(avg_Y < 897000.0000) };2.40593e-01;1.15126e-01;Pipeline { map_noise(attribute=avg_X, percentage=0.10) | map_noise(attribute=avg_X, percentage=0.01) | map_duplicate(probability=0.90) }
datasets/geolife_60mins.csv;nsga2;3;2;200;200;3.38320e+01;100;7;1;9.50000e-01;9.50000e-01;9.50000e-01;4.90438e-01;9.66527e-01;Pipeline { map_duplicate(probability=0.10) | map_duplicate(probability=0.60) | filter(avg_Y > 70900.0000) | filter(avg_X > 0.0000) | filter(avg_X < 326000000.0000) };2.26479e-01;1.00000e+00;Pipeline { map_duplicate(probability=1.00) };4.12011e-01;9.89719e-01;Pipeline { map_duplicate(probability=0.10) };6.83769e-02;9.62435e-01;Pipeline { filter(avg_Y > 2650.0000) | map_duplicate(probability=0.70) | map_duplicate(probability=0.90) | filter(avg_Y > 575.0000) | map_duplicate(probability=0.60) | map_duplicate(probability=0.40) }
datasets/geolife_60mins.csv;nsga2;3;3;300;300;5.36290e+01;100;4;8;9.50000e-01;9.50000e-01;8.10000e-01;7.31092e-01;1.00000e+00;Pipeline { filter(avg_X > 0.0000) };2.26479e-01;1.00000e+00;Pipeline { map_duplicate(probability=1.00) };4.51838e-01;1.39370e-01;Pipeline { map_noise(attribute=avg_X, percentage=0.05) | map_noise(attribute=avg_Y, percentage=0.01) | map_noise(attribute=avg_X, percentage=0.05) };2.38407e-01;9.90357e-01;Pipeline { map_duplicate(probability=0.90) }
datasets/geolife_60mins.csv;nsga2;3;4;400;400;6.85080e+01;100;12;5;9.60000e-01;9.50000e-01;4.90000e-01;7.40349e-01;1.14698e-01;Pipeline { map_noise(attribute=avg_X, percentage=0.10) | filter(avg_X > 0.0000) };2.26479e-01;1.00000e+00;Pipeline { map_duplicate(probability=1.00) };4.71077e-01;1.68593e-02;Pipeline { map_duplicate(probability=0.80) | filter(avg_X > 0.0001) | map_noise(attribute=avg_Y, percentage=0.10) | filter(avg_Y > 0.3360) | map_noise(attribute=avg_X, percentage=0.25) | filter(avg_X > 0.0000) | filter(avg_X > 0.5630) };4.14168e-01;1.00000e+00;Pipeline { filter(avg_Y > 0.0013) }
datasets/geolife_60mins.csv;nsga2;3;5;500;500;8.12930e+01;100;27;48;1.00000e+00;9.90000e-01;2.50000e-01;7.40349e-01;1.14698e-01;Pipeline { map_noise(attribute=avg_X, percentage=0.10) | filter(avg_X > 0.0000) };4.14168e-01;1.00000e+00;Pipeline { filter(avg_Y > 1.2700) };7.31092e-01;1.00000e+00;Pipeline { filter(avg_X > 0.0000) };4.14168e-01;1.00000e+00;Pipeline { filter(avg_Y > 7.9200) }
datasets/geolife_60mins.csv;nsga2;3;6;600;600;9.77500e+01;100;59;5;1.00000e+00;9.80000e-01;3.30000e-01;7.40349e-01;1.14698e-01;Pipeline { map_noise(attribute=avg_X, percentage=0.10) | filter(avg_X > 0.0000) };4.33575e-01;1.00000e+00;Pipeline { filter(avg_X < 509000.0000) };7.31092e-01;1.00000e+00;Pipeline { filter(avg_X > 0.0000) };7.31092e-01;1.00000e+00;Pipeline { filter(avg_X > 9.5000) }
datasets/geolife_60mins.csv;nsga2;3;7;700;700;1.07912e+02;100;100;100;1.00000e+00;9.70000e-01;2.00000e-02;7.40349e-01;1.14698e-01;Pipeline { map_noise(attribute=avg_X, percentage=0.10) | filter(avg_X > 0.0000) };7.31092e-01;1.00000e+00;Pipeline { filter(avg_X > 0.0000) };7.31092e-01;1.00000e+00;Pipeline { filter(avg_X > 0.0000) };7.31092e-01;1.00000e+00;Pipeline { filter(avg_X > 0.0323) }
datasets/geolife_60mins.csv;nsga2;3;8;800;800;1.17022e+02;100;100;100;1.00000e+00;9.90000e-01;2.00000e-02;7.40349e-01;1.14698e-01;Pipeline { map_noise(attribute=avg_X, percentage=0.10) | filter(avg_X > 0.0000) };7.31092e-01;1.00000e+00;Pipeline { filter(avg_X > 0.0208) };7.31092e-01;1.00000e+00;Pipeline { filter(avg_X > 0.0000) };7.31092e-01;1.00000e+00;Pipeline { filter(avg_X > 0.0000) }
datasets/geolife_60mins.csv;nsga2;3;9;900;900;1.28200e+02;100;100;100;1.00000e+00;9.80000e-01;2.00000e-02;7.40349e-01;1.14698e-01;Pipeline { map_noise(attribute=avg_X, percentage=0.10) | filter(avg_X > 0.0000) };7.31092e-01;1.00000e+00;Pipeline { filter(avg_X > 5.5600) };7.31092e-01;1.00000e+00;Pipeline { filter(avg_X > 45.4000) };7.31092e-01;1.00000e+00;Pipeline { filter(avg_X > 0.0001) }
datasets/geolife_60mins.csv;nsga2;3;10;1000;1000;1.37844e+02;100;100;100;1.00000e+00;9.90000e-01;2.00000e-02;7.40349e-01;1.14698e-01;Pipeline { map_noise(attribute=avg_X, percentage=0.10) | filter(avg_X > 0.0000) };7.31092e-01;1.00000e+00;Pipeline { filter(avg_X > 0.0000) };7.31092e-01;1.00000e+00;Pipeline { filter(avg_X > 0.0911) };7.31092e-01;1.00000e+00;Pipeline { filter(avg_X > 0.0000) }
datasets/geolife_60mins.csv;nsga2;3;11;1100;1100;1.47060e+02;100;100;100;1.00000e+00;9.80000e-01;2.00000e-02;7.40349e-01;1.14698e-01;Pipeline { map_noise(attribute=avg_X, percentage=0.10) | filter(avg_X > 0.0000) };7.31092e-01;1.00000e+00;Pipeline { filter(avg_X > 0.6620) };7.31092e-01;1.00000e+00;Pipeline { filter(avg_X > 0.0001) };7.31092e-01;1.00000e+00;Pipeline { filter(avg_X > 920.0000) }
datasets/geolife_60mins.csv;nsga2;3;12;1200;1200;1.56191e+02;100;100;100;1.00000e+00;1.00000e+00;2.00000e-02;7.40349e-01;1.14698e-01;Pipeline { map_noise(attribute=avg_X, percentage=0.10) | filter(avg_X > 0.0000) };7.31092e-01;1.00000e+00;Pipeline { filter(avg_X > 0.0000) };7.31092e-01;1.00000e+00;Pipeline { filter(avg_X > 0.0001) };7.31092e-01;1.00000e+00;Pipeline { filter(avg_X > 408.0000) }
datasets/geolife_60mins.csv;nsga2;3;13;1300;1300;1.66557e+02;100;100;100;1.00000e+00;9.80000e-01;2.00000e-02;7.40349e-01;1.14698e-01;Pipeline { map_noise(attribute=avg_X, percentage=0.10) | filter(avg_X > 0.0000) };7.31092e-01;1.00000e+00;Pipeline { filter(avg_X > 0.0000) };7.31092e-01;1.00000e+00;Pipeline { filter(avg_X > 0.0413) };7.31092e-01;1.00000e+00;Pipeline { filter(avg_X > 0.0000) }
datasets/geolife_60mins.csv;nsga2;3;14;1400;1400;1.74997e+02;100;100;100;1.00000e+00;9.90000e-01;2.00000e-02;7.40349e-01;1.14698e-01;Pipeline { map_noise(attribute=avg_X, percentage=0.10) | filter(avg_X > 0.0000) };7.31092e-01;1.00000e+00;Pipeline { filter(avg_X > 0.0000) };7.31092e-01;1.00000e+00;Pipeline { filter(avg_X > 0.0002) };7.31092e-01;1.00000e+00;Pipeline { filter(avg_X > 0.0000) }
datasets/geolife_60mins.csv;nsga2;3;15;1500;1500;1.83745e+02;100;100;100;1.00000e+00;1.00000e+00;2.00000e-02;7.40349e-01;1.14698e-01;Pipeline { map_noise(attribute=avg_X, percentage=0.10) | filter(avg_X > 0.0000) };7.31092e-01;1.00000e+00;Pipeline { filter(avg_X > 0.0000) };7.31092e-01;1.00000e+00;Pipeline { filter(avg_X > 0.0627) };7.31092e-01;1.00000e+00;Pipeline { filter(avg_X > 0.0737) }
datasets/geolife_60mins.csv;nsga2;3;16;1600;1600;1.93420e+02;100;100;100;1.00000e+00;9.90000e-01;2.00000e-02;7.40349e-01;1.14698e-01;Pipeline { map_noise(attribute=avg_X, percentage=0.10) | filter(avg_X > 0.0000) };7.31092e-01;1.00000e+00;Pipeline { filter(avg_X > 0.0003) };7.31092e-01;1.00000e+00;Pipeline { filter(avg_X > 0.0004) };7.31092e-01;1.00000e+00;Pipeline { filter(avg_X > 0.0000) }
datasets/geolife_60mins.csv;nsga2;3;17;1700;1700;2.02435e+02;100;100;100;1.00000e+00;1.00000e+00;2.00000e-02;7.40349e-01;1.14698e-01;Pipeline { map_noise(attribute=avg_X, percentage=0.10) | filter(avg_X > 0.0000) };7.31092e-01;1.00000e+00;Pipeline { filter(avg_X > 1.1800) };7.31092e-01;1.00000e+00;Pipeline { filter(avg_X > 82.0000) };7.31092e-01;1.00000e+00;Pipeline { filter(avg_X > 0.0007) }
datasets/geolife_60mins.csv;nsga2;3;18;1800;1800;2.11089e+02;100;100;100;1.00000e+00;9.90000e-01;2.00000e-02;7.40349e-01;1.14698e-01;Pipeline { map_noise(attribute=avg_X, percentage=0.10) | filter(avg_X > 0.0000) };7.31092e-01;1.00000e+00;Pipeline { filter(avg_X > 0.0666) };7.31092e-01;1.00000e+00;Pipeline { filter(avg_X > 90.0000) };7.31092e-01;1.00000e+00;Pipeline { filter(avg_X > 0.0967) }
datasets/geolife_60mins.csv;nsga2;3;19;1900;1900;2.19778e+02;100;100;100;1.00000e+00;1.00000e+00;2.00000e-02;7.40349e-01;1.14698e-01;Pipeline { map_noise(attribute=avg_X, percentage=0.10) | filter(avg_X > 0.0000) };7.31092e-01;1.00000e+00;Pipeline { filter(avg_X > 0.0003) };7.31092e-01;1.00000e+00;Pipeline { filter(avg_X > 728.0000) };7.31092e-01;1.00000e+00;Pipeline { filter(avg_X > 0.0000) }
datasets/geolife_60mins.csv;nsga2;3;20;2000;2000;2.28110e+02;100;100;100;1.00000e+00;9.90000e-01;2.00000e-02;7.40349e-01;1.14698e-01;Pipeline { map_noise(attribute=avg_X, percentage=0.10) | filter(avg_X > 0.0000) };7.31092e-01;1.00000e+00;Pipeline { filter(avg_X > 0.0004) };7.31092e-01;1.00000e+00;Pipeline { filter(avg_X > 8.9600) };7.31092e-01;1.00000e+00;Pipeline { filter(avg_X > 0.0004) }
datasets/geolife_60mins.csv;nsga2;3;21;2100;2100;2.35732e+02;100;100;100;1.00000e+00;9.80000e-01;4.00000e-02;7.40349e-01;1.14698e-01;Pipeline { map_noise(attribute=avg_X, percentage=0.10) | filter(avg_X > 0.0000) };7.31092e-01;1.00000e+00;Pipeline { filter(avg_X > 4.5400) };7.31092e-01;1.00000e+00;Pipeline { filter(avg_X > 0.0000) };7.31092e-01;1.00000e+00;Pipeline { filter(avg_X > 0.0000) }
datasets/geolife_60mins.csv;nsga2;3;22;2200;2200;2.44818e+02;100;100;100;1.00000e+00;9.90000e-01;4.00000e-02;7.40349e-01;1.14698e-01;Pipeline { map_noise(attribute=avg_X, percentage=0.10) | filter(avg_X > 0.0000) };7.31092e-01;1.00000e+00;Pipeline { filter(avg_X > 0.0001) };7.31092e-01;1.00000e+00;Pipeline { filter(avg_X > 4.8000) };7.31092e-01;1.00000e+00;Pipeline { filter(avg_X > 8.8600) }
datasets/geolife_60mins.csv;nsga2;3;23;2300;2300;2.54757e+02;100;100;100;1.00000e+00;1.00000e+00;4.00000e-02;7.40349e-01;1.14698e-01;Pipeline { map_noise(attribute=avg_X, percentage=0.10) | filter(avg_X > 0.0000) };7.31092e-01;1.00000e+00;Pipeline { filter(avg_X > 0.0004) };7.31092e-01;1.00000e+00;Pipeline { filter(avg_X > 0.0004) };7.31092e-01;1.00000e+00;Pipeline { filter(avg_X > 0.0001) }
datasets/geolife_60mins.csv;nsga2;3;24;2400;2400;2.64059e+02;100;100;100;1.00000e+00;9.90000e-01;4.00000e-02;7.40349e-01;1.14698e-01;Pipeline { map_noise(attribute=avg_X, percentage=0.10) | filter(avg_X > 0.0000) };7.31092e-01;1.00000e+00;Pipeline { filter(avg_X > 0.0000) };7.31092e-01;1.00000e+00;Pipeline { filter(avg_X > 4.5000) };7.31092e-01;1.00000e+00;Pipeline { filter(avg_X > 0.0001) }
datasets/geolife_60mins.csv;nsga2;3;25;2500;2500;2.73430e+02;100;100;100;1.00000e+00;9.90000e-01;4.00000e-02;7.40349e-01;1.14698e-01;Pipeline { map_noise(attribute=avg_X, percentage=0.10) | filter(avg_X > 0.0000) };7.31092e-01;1.00000e+00;Pipeline { filter(avg_X > 0.0000) };7.31092e-01;1.00000e+00;Pipeline { filter(avg_X > 0.0000) };7.31092e-01;1.00000e+00;Pipeline { filter(avg_X > 0.0000) }
datasets/geolife_60mins.csv;nsga2;3;26;2600;2600;2.83161e+02;100;100;100;1.00000e+00;9.80000e-01;4.00000e-02;7.40349e-01;1.14698e-01;Pipeline { map_noise(attribute=avg_X, percentage=0.10) | filter(avg_X > 0.0000) };7.31092e-01;1.00000e+00;Pipeline { filter(avg_X > 0.0004) };7.31092e-01;1.00000e+00;Pipeline { filter(avg_X > 0.0060) };7.31092e-01;1.00000e+00;Pipeline { filter(avg_X > 0.0001) }
datasets/geolife_60mins.csv;nsga2;3;27;2700;2700;2.91231e+02;100;100;100;1.00000e+00;1.00000e+00;4.00000e-02;7.40349e-01;1.14698e-01;Pipeline { map_noise(attribute=avg_X, percentage=0.10) | filter(avg_X > 0.0000) };7.31092e-01;1.00000e+00;Pipeline { filter(avg_X > 16.8000) };7.31092e-01;1.00000e+00;Pipeline { filter(avg_X > 0.0000) };7.31092e-01;1.00000e+00;Pipeline { filter(avg_X > 98.5000) }
datasets/geolife_60mins.csv;nsga2;3;28;2800;2800;3.02298e+02;100;100;100;1.00000e+00;9.90000e-01;4.00000e-02;7.40349e-01;1.14698e-01;Pipeline { map_noise(attribute=avg_X, percentage=0.10) | filter(avg_X > 0.0000) };7.31092e-01;1.00000e+00;Pipeline { filter(avg_X > 0.4100) };7.31092e-01;1.00000e+00;Pipeline { filter(avg_X > 0.0000) };7.31092e-01;1.00000e+00;Pipeline { filter(avg_X > 0.0001) }
datasets/geolife_60mins.csv;nsga2;3;29;2900;2900;3.10901e+02;100;100;100;1.00000e+00;9.80000e-01;4.00000e-02;7.40349e-01;1.14698e-01;Pipeline { map_noise(attribute=avg_X, percentage=0.10) | filter(avg_X > 0.0000) };7.31092e-01;1.00000e+00;Pipeline { filter(avg_X > 0.4710) };7.31092e-01;1.00000e+00;Pipeline { filter(avg_X > 0.6610) };7.31092e-01;1.00000e+00;Pipeline { filter(avg_X > 0.0000) }
datasets/geolife_60mins.csv;nsga2;3;30;3000;3000;3.20364e+02;100;100;100;1.00000e+00;9.90000e-01;4.00000e-02;7.40349e-01;1.14698e-01;Pipeline { map_noise(attribute=avg_X, percentage=0.10) | filter(avg_X > 0.0000) };7.31092e-01;1.00000e+00;Pipeline { filter(avg_X > 0.0000) };7.31092e-01;1.00000e+00;Pipeline { filter(avg_X > 0.0000) };7.31092e-01;1.00000e+00;Pipeline { filter(avg_X > 0.0006) }
datasets/geolife_60mins.csv;nsga2;3;31;3100;3100;3.32639e+02;100;100;100;1.00000e+00;1.00000e+00;4.00000e-02;7.40349e-01;1.14698e-01;Pipeline { map_noise(attribute=avg_X, percentage=0.10) | filter(avg_X > 0.0000) };7.31092e-01;1.00000e+00;Pipeline { filter(avg_X > 0.0000) };7.31092e-01;1.00000e+00;Pipeline { filter(avg_X > 0.0000) };7.31092e-01;1.00000e+00;Pipeline { filter(avg_X > 0.0780) }
datasets/geolife_60mins.csv;nsga2;3;32;3200;3200;3.42268e+02;100;100;100;1.00000e+00;1.00000e+00;4.00000e-02;7.40349e-01;1.14698e-01;Pipeline { map_noise(attribute=avg_X, percentage=0.10) | filter(avg_X > 0.0000) };7.31092e-01;1.00000e+00;Pipeline { filter(avg_X > 0.0624) };7.31092e-01;1.00000e+00;Pipeline { filter(avg_X > 0.0000) };7.31092e-01;1.00000e+00;Pipeline { filter(avg_X > 8.6400) }
datasets/geolife_60mins.csv;nsga2;3;33;3300;3300;3.54458e+02;100;100;100;1.00000e+00;1.00000e+00;4.00000e-02;7.40349e-01;1.14698e-01;Pipeline { map_noise(attribute=avg_X, percentage=0.10) | filter(avg_X > 0.0000) };7.31092e-01;1.00000e+00;Pipeline { filter(avg_X > 4070.0000) };7.31092e-01;1.00000e+00;Pipeline { filter(avg_X > 0.0001) };7.31092e-01;1.00000e+00;Pipeline { filter(avg_X > 0.0000) }
datasets/geolife_60mins.csv;nsga2;3;34;3400;3400;3.65280e+02;100;100;100;1.00000e+00;1.00000e+00;5.00000e-02;7.40349e-01;1.14698e-01;Pipeline { map_noise(attribute=avg_X, percentage=0.10) | filter(avg_X > 0.0000) };7.31092e-01;1.00000e+00;Pipeline { filter(avg_X > 0.0022) };7.31092e-01;1.00000e+00;Pipeline { filter(avg_X > 200.0000) };7.31092e-01;1.00000e+00;Pipeline { filter(avg_X > 96.7000) }
datasets/geolife_60mins.csv;nsga2;3;35;3500;3500;3.71203e+02;100;100;100;1.00000e+00;1.00000e+00;5.00000e-02;7.40349e-01;1.14698e-01;Pipeline { map_noise(attribute=avg_X, percentage=0.10) | filter(avg_X > 0.0000) };7.31092e-01;1.00000e+00;Pipeline { filter(avg_X > 0.0000) };7.31092e-01;1.00000e+00;Pipeline { filter(avg_X > 0.0000) };7.31092e-01;1.00000e+00;Pipeline { filter(avg_X > 0.0009) }
datasets/geolife_60mins.csv;nsga2;3;36;3600;3600;3.74925e+02;100;100;100;1.00000e+00;1.00000e+00;5.00000e-02;7.40349e-01;1.14698e-01;Pipeline { map_noise(attribute=avg_X, percentage=0.10) | filter(avg_X > 0.0000) };7.31092e-01;1.00000e+00;Pipeline { filter(avg_X > 0.0000) };7.31092e-01;1.00000e+00;Pipeline { filter(avg_X > 0.0015) };7.31092e-01;1.00000e+00;Pipeline { filter(avg_X > 0.6500) }
datasets/geolife_60mins.csv;nsga2;3;37;3700;3700;3.78330e+02;100;100;100;1.00000e+00;1.00000e+00;5.00000e-02;7.40349e-01;1.14698e-01;Pipeline { map_noise(attribute=avg_X, percentage=0.10) | filter(avg_X > 0.0000) };7.31092e-01;1.00000e+00;Pipeline { filter(avg_X > 0.0000) };7.31092e-01;1.00000e+00;Pipeline { filter(avg_X > 0.0000) };7.31092e-01;1.00000e+00;Pipeline { filter(avg_X > 0.0000) }
datasets/geolife_60mins.csv;nsga2;3;38;3800;3800;3.82342e+02;100;100;100;1.00000e+00;1.00000e+00;5.00000e-02;7.40349e-01;1.14698e-01;Pipeline { map_noise(attribute=avg_X, percentage=0.10) | filter(avg_X > 0.0000) };7.31092e-01;1.00000e+00;Pipeline { filter(avg_X > 991.0000) };7.31092e-01;1.00000e+00;Pipeline { filter(avg_X > 0.0067) };7.31092e-01;1.00000e+00;Pipeline { filter(avg_X > 0.0008) }
datasets/geolife_60mins.csv;nsga2;3;39;3900;3900;3.85802e+02;100;100;100;1.00000e+00;9.80000e-01;5.00000e-02;8.05404e-01;2.92789e-01;Pipeline { filter(avg_X > 0.0041) | map_noise(attribute=avg_Y, percentage=0.10) };7.31092e-01;1.00000e+00;Pipeline { filter(avg_X > 0.0010) };7.31092e-01;1.00000e+00;Pipeline { filter(avg_X > 0.0000) };7.31092e-01;1.00000e+00;Pipeline { filter(avg_X > 0.0015) }
datasets/geolife_60mins.csv;nsga2;3;40;4000;4000;3.89130e+02;100;100;100;1.00000e+00;9.90000e-01;5.00000e-02;8.05404e-01;2.92789e-01;Pipeline { filter(avg_X > 0.0041) | map_noise(attribute=avg_Y, percentage=0.10) };7.31092e-01;1.00000e+00;Pipeline { filter(avg_X > 6170.0000) };7.31092e-01;1.00000e+00;Pipeline { filter(avg_X > 7.1300) };7.31092e-01;1.00000e+00;Pipeline { filter(avg_X > 5.7900) }
datasets/geolife_60mins.csv;nsga2;3;41;4100;4100;3.92766e+02;100;100;100;1.00000e+00;9.90000e-01;5.00000e-02;8.05404e-01;2.92789e-01;Pipeline { filter(avg_X > 0.0041) | map_noise(attribute=avg_Y, percentage=0.10) };7.31092e-01;1.00000e+00;Pipeline { filter(avg_X > 0.0000) };7.31092e-01;1.00000e+00;Pipeline { filter(avg_X > 5270.0000) };7.31092e-01;1.00000e+00;Pipeline { filter(avg_X > 0.0009) }
datasets/geolife_60mins.csv;nsga2;3;42;4200;4200;3.95995e+02;100;100;100;1.00000e+00;1.00000e+00;5.00000e-02;8.05404e-01;2.92789e-01;Pipeline { filter(avg_X > 0.0041) | map_noise(attribute=avg_Y, percentage=0.10) };7.31092e-01;1.00000e+00;Pipeline { filter(avg_X > 3.0100) };7.31092e-01;1.00000e+00;Pipeline { filter(avg_X > 0.0018) };7.31092e-01;1.00000e+00;Pipeline { filter(avg_X > 0.0088) }
datasets/geolife_60mins.csv;nsga2;3;43;4300;4300;3.99163e+02;100;100;100;1.00000e+00;9.90000e-01;5.00000e-02;8.05404e-01;2.92789e-01;Pipeline { filter(avg_X > 0.0041) | map_noise(attribute=avg_Y, percentage=0.10) };7.31092e-01;1.00000e+00;Pipeline { filter(avg_X > 3.6900) };7.31092e-01;1.00000e+00;Pipeline { filter(avg_X > 610.0000) };7.31092e-01;1.00000e+00;Pipeline { filter(avg_X > 0.0013) }
datasets/geolife_60mins.csv;nsga2;3;44;4400;4400;4.02400e+02;100;100;100;1.00000e+00;9.80000e-01;5.00000e-02;8.05404e-01;2.92789e-01;Pipeline { filter(avg_X > 0.0041) | map_noise(attribute=avg_Y, percentage=0.10) };7.31092e-01;1.00000e+00;Pipeline { filter(avg_X > 4.0000) };7.31092e-01;1.00000e+00;Pipeline { filter(avg_X > 0.0047) };7.31092e-01;1.00000e+00;Pipeline { filter(avg_X > 6130.0000) }
datasets/geolife_60mins.csv;nsga2;3;45;4500;4500;4.05858e+02;100;100;100;1.00000e+00;9.90000e-01;5.00000e-02;8.05404e-01;2.92789e-01;Pipeline { filter(avg_X > 0.0041) | map_noise(attribute=avg_Y, percentage=0.10) };7.31092e-01;1.00000e+00;Pipeline { filter(avg_X > 0.0093) };7.31092e-01;1.00000e+00;Pipeline { filter(avg_X > 0.0000) };7.31092e-01;1.00000e+00;Pipeline { filter(avg_X > 0.0000) }
datasets/geolife_60mins.csv;nsga2;3;46;4600;4600;4.09269e+02;100;100;100;1.00000e+00;9.80000e-01;5.00000e-02;8.05404e-01;2.92789e-01;Pipeline { filter(avg_X > 0.0041) | map_noise(attribute=avg_Y, percentage=0.10) };7.31092e-01;1.00000e+00;Pipeline { filter(avg_X > 9.6900) };7.31092e-01;1.00000e+00;Pipeline { filter(avg_X > 0.8590) };7.31092e-01;1.00000e+00;Pipeline { filter(avg_X > 2.6400) }
datasets/geolife_60mins.csv;nsga2;3;47;4700;4700;4.12551e+02;100;100;100;1.00000e+00;9.90000e-01;5.00000e-02;8.05404e-01;2.92789e-01;Pipeline { filter(avg_X > 0.0041) | map_noise(attribute=avg_Y, percentage=0.10) };7.31092e-01;1.00000e+00;Pipeline { filter(avg_X > 0.0046) };7.31092e-01;1.00000e+00;Pipeline { filter(avg_X > 0.0001) };7.31092e-01;1.00000e+00;Pipeline { filter(avg_X > 3000.0000) }
datasets/geolife_60mins.csv;nsga2;3;48;4800;4800;4.16137e+02;100;100;100;1.00000e+00;9.90000e-01;5.00000e-02;8.05404e-01;2.92789e-01;Pipeline { filter(avg_X > 0.0041) | map_noise(attribute=avg_Y, percentage=0.10) };7.31092e-01;1.00000e+00;Pipeline { filter(avg_X > 0.0013) };7.31092e-01;1.00000e+00;Pipeline { filter(avg_X > 0.9400) };7.31092e-01;1.00000e+00;Pipeline { filter(avg_X > 9.1300) }
datasets/geolife_60mins.csv;nsga2;3;49;4900;4900;4.19405e+02;100;100;100;1.00000e+00;1.00000e+00;5.00000e-02;8.05404e-01;2.92789e-01;Pipeline { filter(avg_X > 0.0041) | map_noise(attribute=avg_Y, percentage=0.10) };7.31092e-01;1.00000e+00;Pipeline { filter(avg_X > 5.9300) };7.31092e-01;1.00000e+00;Pipeline { filter(avg_X > 0.0000) };7.31092e-01;1.00000e+00;Pipeline { filter(avg_X > 0.0125) }
datasets/geolife_60mins.csv;nsga2;3;50;5000;5000;4.22465e+02;100;100;100;1.00000e+00;1.00000e+00;5.00000e-02;8.05404e-01;2.92789e-01;Pipeline { filter(avg_X > 0.0041) | map_noise(attribute=avg_Y, percentage=0.10) };7.31092e-01;1.00000e+00;Pipeline { filter(avg_X > 0.9840) };7.31092e-01;1.00000e+00;Pipeline { filter(avg_X > 0.0026) };7.31092e-01;1.00000e+00;Pipeline { filter(avg_X > 1930.0000) }
datasets/geolife_60mins.csv;nsga2;4;1;100;100;9.30900e+00;100;1;35;9.50000e-01;9.50000e-01;6.60000e-01;7.31092e-01;1.00000e+00;Pipeline { filter(avg_X > 944.0000) };4.00469e-01;1.00000e+00;Pipeline { map_duplicate(probability=1.00) | filter(avg_X > 0.9020) };3.48553e-01;9.75793e-01;Pipeline { map_duplicate(probability=0.30) };4.10098e-01;2.71337e-01;Pipeline { map_noise(attribute=avg_Y, percentage=0.10) | map_duplicate(probability=0.10) }
datasets/geolife_60mins.csv;nsga2;4;2;200;200;1.82170e+01;100;4;1;9.50000e-01;9.40000e-01;9.80000e-01;8.38929e-01;5.41750e-02;Pipeline { map_noise(attribute=avg_X, percentage=0.01) | map_noise(attribute=avg_X, percentage=0.01) | filter(avg_X > 0.0000) | map_noise(attribute=avg_Y, percentage=0.25) | filter(avg_X < 2780000.0000) | filter(avg_Y > 416.0000) | filter(avg_Y > 0.0890) | filter(avg_X > 3500.0000) | map_duplicate(probability=0.10) };2.26479e-01;1.00000e+00;Pipeline { map_duplicate(probability=1.00) };4.55380e-01;4.43184e-03;Pipeline { map_noise(attribute=avg_X, percentage=0.25) | map_duplicate(probability=0.70) | filter(avg_X > 0.0001) | map_noise(attribute=avg_Y, percentage=0.25) };3.01536e-01;9.70532e-01;Pipeline { map_duplicate(probability=0.50) }
datasets/geolife_60mins.csv;nsga2;4;3;300;300;2.84080e+01;100;9;4;9.60000e-01;9.60000e-01;8.60000e-01;8.38929e-01;5.41750e-02;Pipeline { map_noise(attribute=avg_X, percentage=0.01) | map_noise(attribute=avg_X, percentage=0.01) | filter(avg_X > 0.0000) | map_noise(attribute=avg_Y, percentage=0.25) | filter(avg_X < 2780000.0000) | filter(avg_Y > 416.0000) | filter(avg_Y > 0.0890) | filter(avg_X > 3500.0000) | map_duplicate(probability=0.10) };2.26479e-01;1.00000e+00;Pipeline { map_duplicate(probability=1.00) | filter(avg_X < 7500000.0000) };7.04869e-01;5.83193e-03;Pipeline { filter(avg_X > 180000.0000) | map_noise(attribute=avg_Y, percentage=0.25) | map_noise(attribute=avg_X, percentage=0.10) | map_noise(attribute=avg_Y, percentage=0.25) | map_noise(attribute=avg_Y, percentage=0.10) | map_noise(attribute=avg_X, percentage=0.05) };4.12315e-01;9.89593e-01;Pipeline { map_duplicate(probability=0.10) }
datasets/geolife_60mins.csv;nsga2;4;4;400;400;3.39240e+01;100;17;2;1.00000e+00;9.90000e-01;6.90000e-01;8.38929e-01;5.41750e-02;Pipeline { map_noise(attribute=avg_X, percentage=0.01) | map_noise(attribute=avg_X, percentage=0.01) | filter(avg_X > 0.0000) | map_noise(attribute=avg_Y, percentage=0.25) | filter(avg_X < 2780000.0000) | filter(avg_Y > 416.0000) | filter(avg_Y > 0.0890) | filter(avg_X > 3500.0000) | map_duplicate(probability=0.10) };2.26479e-01;1.00000e+00;Pipeline { map_duplicate(probability=1.00) | filter(avg_X < 7500000.0000) };7.30755e-01;9.88603e-01;Pipeline { map_duplicate(probability=0.10) | filter(avg_X > 98000.0000) | filter(avg_X < 8000000.0000) };6.71056e-01;1.00000e+00;Pipeline { filter(avg_Y < 969000.0000) }
datasets/geolife_60mins.csv;nsga2;4;5;500;500;3.90730e+01;100;35;17;1.00000e+00;1.00000e+00;5.40000e-01;8.55681e-01;1.26601e-01;Pipeline { map_noise(attribute=avg_X, percentage=0.01) | map_noise(attribute=avg_X, percentage=0.01) | filter(avg_X > 0.0000) | map_noise(attribute=avg_Y, percentage=0.10) | filter(avg_X < 2780000.0000) | filter(avg_X > 416.0000) | filter(avg_Y > 0.0890) | filter(avg_X > 3500.0000) | map_duplicate(probability=0.10) };4.14168e-01;1.00000e+00;Pipeline { filter(avg_Y > 0.0465) };7.31092e-01;1.00000e+00;Pipeline { filter(avg_X > 0.0000) };7.31092e-01;1.00000e+00;Pipeline { filter(avg_X > 934.0000) }
datasets/geolife_60mins.csv;nsga2;4;6;600;600;4.31180e+01;100;64;3;1.00000e+00;9.90000e-01;3.60000e-01;8.55681e-01;1.26601e-01;Pipeline { map_noise(attribute=avg_X, percentage=0.01) | map_noise(attribute=avg_X, percentage=0.01) | filter(avg_X > 0.0000) | map_noise(attribute=avg_Y, percentage=0.10) | filter(avg_X < 2780000.0000) | filter(avg_X > 416.0000) | filter(avg_Y > 0.0890) | filter(avg_X > 3500.0000) | map_duplicate(probability=0.10) };6.71056e-01;1.00000e+00;Pipeline { filter(avg_Y < 969000.0000) };7.31092e-01;1.00000e+00;Pipeline { filter(avg_X > 844.0000) };7.31092e-01;1.00000e+00;Pipeline { filter(avg_X > 3.9700) }
datasets/geolife_60mins.csv;nsga2;4;7;700;700;4.63630e+01;100;100;100;1.00000e+00;9.90000e-01;3.00000e-02;8.55681e-01;1.26601e-01;Pipeline { map_noise(attribute=avg_X, percentage=0.01) | map_noise(attribute=avg_X, percentage=0.01) | filter(avg_X > 0.0000) | map_noise(attribute=avg_Y, percentage=0.10) | filter(avg_X < 2780000.0000) | filter(avg_X > 416.0000) | filter(avg_Y > 0.0890) | filter(avg_X > 3500.0000) | map_duplicate(probability=0.10) };7.31092e-01;1.00000e+00;Pipeline { filter(avg_X > 0.0000) };7.31092e-01;1.00000e+00;Pipeline { filter(avg_X > 0.0000) };7.31092e-01;1.00000e+00;Pipeline { filter(avg_X > 88.1000) }
datasets/geolife_60mins.csv;nsga2;4;8;800;800;4.91440e+01;100;100;100;1.00000e+00;9.90000e-01;3.00000e-02;8.55681e-01;1.26601e-01;Pipeline { map_noise(attribute=avg_X, percentage=0.01) | map_noise(attribute=avg_X, percentage=0.01) | filter(avg_X > 0.0000) | map_noise(attribute=avg_Y, percentage=0.10) | filter(avg_X < 2780000.0000) | filter(avg_X > 416.0000) | filter(avg_Y > 0.0890) | filter(avg_X > 3500.0000) | map_duplicate(probability=0.10) };7.31092e-01;1.00000e+00;Pipeline { filter(avg_X > 0.9060) };7.31092e-01;1.00000e+00;Pipeline { filter(avg_X > 0.0001) };7.31092e-01;1.00000e+00;Pipeline { filter(avg_X > 0.0006) }
datasets/geolife_60mins.csv;nsga2;4;9;900;900;5.24710e+01;100;100;100;1.00000e+00;1.00000e+00;3.00000e-02;8.55681e-01;1.26601e-01;Pipeline { map_noise(attribute=avg_X, percentage=0.01) | map_noise(attribute=avg_X, percentage=0.01) | filter(avg_X > 0.0000) | map_noise(attribute=avg_Y, percentage=0.10) | filter(avg_X < 2780000.0000) | filter(avg_X > 416.0000) | filter(avg_Y > 0.0890) | filter(avg_X > 3500.0000) | map_duplicate(probability=0.10) };7.31092e-01;1.00000e+00;Pipeline { filter(avg_X > 5.2000) };7.31092e-01;1.00000e+00;Pipeline { filter(avg_X > 0.0033) };7.31092e-01;1.00000e+00;Pipeline { filter(avg_X > 0.0644) }
datasets/geolife_60mins.csv;nsga2;4;10;1000;1000;5.52580e+01;100;100;100;1.00000e+00;1.00000e+00;3.00000e-02;8.55681e-01;1.26601e-01;Pipeline { map_noise(attribute=avg_X, percentage=0.01) | map_noise(attribute=avg_X, percentage=0.01) | filter(avg_X > 0.0000) | map_noise(attribute=avg_Y, percentage=0.10) | filter(avg_X < 2780000.0000) | filter(avg_X > 416.0000) | filter(avg_Y > 0.0890) | filter(avg_X > 3500.0000) | map_duplicate(probability=0.10) };7.31092e-01;1.00000e+00;Pipeline { filter(avg_X > 0.0000) };7.31092e-01;1.00000e+00;Pipeline { filter(avg_X > 0.0000) };7.31092e-01;1.00000e+00;Pipeline { filter(avg_X > 292.0000) }
datasets/geolife_60mins.csv;nsga2;4;11;1100;1100;5.84840e+01;100;100;100;1.00000e+00;1.00000e+00;3.00000e-02;8.55681e-01;1.26601e-01;Pipeline { map_noise(attribute=avg_X, percentage=0.01) | map_noise(attribute=avg_X, percentage=0.01) | filter(avg_X > 0.0000) | map_noise(attribute=avg_Y, percentage=0.10) | filter(avg_X < 2780000.0000) | filter(avg_X > 416.0000) | filter(avg_Y > 0.0890) | filter(avg_X > 3500.0000) | map_duplicate(probability=0.10) };7.31092e-01;1.00000e+00;Pipeline { filter(avg_X > 0.0000) };7.31092e-01;1.00000e+00;Pipeline { filter(avg_X > 0.0977) };7.31092e-01;1.00000e+00;Pipeline { filter(avg_X > 0.0510) }
datasets/geolife_60mins.csv;nsga2;4;12;1200;1200;6.14090e+01;100;100;100;1.00000e+00;1.00000e+00;3.00000e-02;8.55681e-01;1.26601e-01;Pipeline { map_noise(attribute=avg_X, percentage=0.01) | map_noise(attribute=avg_X, percentage=0.01) | filter(avg_X > 0.0000) | map_noise(attribute=avg_Y, percentage=0.10) | filter(avg_X < 2780000.0000) | filter(avg_X > 416.0000) | filter(avg_Y > 0.0890) | filter(avg_X > 3500.0000) | map_duplicate(probability=0.10) };7.31092e-01;1.00000e+00;Pipeline { filter(avg_X > 0.5010) };7.31092e-01;1.00000e+00;Pipeline { filter(avg_X > 0.0570) };7.31092e-01;1.00000e+00;Pipeline { filter(avg_X > 0.0000) }
datasets/geolife_60mins.csv;nsga2;4;13;1300;1300;6.50760e+01;100;100;100;1.00000e+00;1.00000e+00;3.00000e-02;8.55681e-01;1.26601e-01;Pipeline { map_noise(attribute=avg_X, percentage=0.01) | map_noise(attribute=avg_X, percentage=0.01) | filter(avg_X > 0.0000) | map_noise(attribute=avg_Y, percentage=0.10) | filter(avg_X < 2780000.0000) | filter(avg_X > 416.0000) | filter(avg_Y > 0.0890) | filter(avg_X > 3500.0000) | map_duplicate(probability=0.10) };7.31092e-01;1.00000e+00;Pipeline { filter(avg_X > 0.0375) };7.31092e-01;1.00000e+00;Pipeline { filter(avg_X > 0.0001) };7.31092e-01;1.00000e+00;Pipeline { filter(avg_X > 0.0000) }
datasets/geolife_60mins.csv;nsga2;4;14;1400;1400;6.77970e+01;100;100;100;1.00000e+00;1.00000e+00;3.00000e-02;8.55681e-01;1.26601e-01;Pipeline { map_noise(attribute=avg_X, percentage=0.01) | map_noise(attribute=avg_X, percentage=0.01) | filter(avg_X > 0.0000) | map_noise(attribute=avg_Y, percentage=0.10) | filter(avg_X < 2780000.0000) | filter(avg_X > 416.0000) | filter(avg_Y > 0.0890) | filter(avg_X > 3500.0000) | map_duplicate(probability=0.10) };7.31092e-01;1.00000e+00;Pipeline { filter(avg_X > 0.0001) };7.31092e-01;1.00000e+00;Pipeline { filter(avg_X > 57.4000) };7.31092e-01;1.00000e+00;Pipeline { filter(avg_X > 0.0004) }
datasets/geolife_60mins.csv;nsga2;4;15;1500;1500;7.05920e+01;100;100;100;1.00000e+00;1.00000e+00;3.00000e-02;8.55681e-01;1.26601e-01;Pipeline { map_noise(attribute=avg_X, percentage=0.01) | map_noise(attribute=avg_X, percentage=0.01) | filter(avg_X > 0.0000) | map_noise(attribute=avg_Y, percentage=0.10) | filter(avg_X < 2780000.0000) | filter(avg_X > 416.0000) | filter(avg_Y > 0.0890) | filter(avg_X > 3500.0000) | map_duplicate(probability=0.10) };7.31092e-01;1.00000e+00;Pipeline { filter(avg_X > 8.2500) };7.31092e-01;1.00000e+00;Pipeline { filter(avg_X > 0.0065) };7.31092e-01;1.00000e+00;Pipeline { filter(avg_X > 335.0000) }
datasets/geolife_60mins.csv;nsga2;4;16;1600;1600;7.35120e+01;100;100;100;1.00000e+00;1.00000e+00;3.00000e-02;8.55681e-01;1.26601e-01;Pipeline { map_noise(attribute=avg_X, percentage=0.01) | map_noise(attribute=avg_X, percentage=0.01) | filter(avg_X > 0.0000) | map_noise(attribute=avg_Y, percentage=0.10) | filter(avg_X < 2780000.0000) | filter(avg_X > 416.0000) | filter(avg_Y > 0.0890) | filter(avg_X > 3500.0000) | map_duplicate(probability=0.10) };7.31092e-01;1.00000e+00;Pipeline { filter(avg_X > 435.0000) };7.31092e-01;1.00000e+00;Pipeline { filter(avg_X > 0.0000) };7.31092e-01;1.00000e+00;Pipeline { filter(avg_X > 0.0000) }
datasets/geolife_60mins.csv;nsga2;4;17;1700;1700;7.66870e+01;100;100;100;1.00000e+00;9.90000e-01;3.00000e-02;8.55681e-01;1.26601e-01;Pipeline { map_noise(attribute=avg_X, percentage=0.01) | map_noise(attribute=avg_X, percentage=0.01) | filter(avg_X > 0.0000) | map_noise(attribute=avg_Y, percentage=0.10) | filter(avg_X < 2780000.0000) | filter(avg_X > 416.0000) | filter(avg_Y > 0.0890) | filter(avg_X > 3500.0000) | map_duplicate(probability=0.10) };7.31092e-01;1.00000e+00;Pipeline { filter(avg_X > 0.0000) };7.31092e-01;1.00000e+00;Pipeline { filter(avg_X > 2390.0000) };7.31092e-01;1.00000e+00;Pipeline { filter(avg_X > 4.1000) }
datasets/geolife_60mins.csv;nsga2;4;18;1800;1800;7.94750e+01;100;100;100;1.00000e+00;9.90000e-01;3.00000e-02;8.55681e-01;1.26601e-01;Pipeline { map_noise(attribute=avg_X, percentage=0.01) | map_noise(attribute=avg_X, percentage=0.01) | filter(avg_X > 0.0000) | map_noise(attribute=avg_Y, percentage=0.10) | filter(avg_X < 2780000.0000) | filter(avg_X > 416.0000) | filter(avg_Y > 0.0890) | filter(avg_X > 3500.0000) | map_duplicate(probability=0.10) };7.31092e-01;1.00000e+00;Pipeline { filter(avg_X > 0.0000) };7.31092e-01;1.00000e+00;Pipeline { filter(avg_X > 84.0000) };7.31092e-01;1.00000e+00;Pipeline { filter(avg_X > 0.0000) }
datasets/geolife_60mins.csv;nsga2;4;19;1900;1900;8.26310e+01;100;100;100;1.00000e+00;1.00000e+00;3.00000e-02;8.55681e-01;1.26601e-01;Pipeline { map_noise(attribute=avg_X, percentage=0.01) | map_noise(attribute=avg_X, percentage=0.01) | filter(avg_X > 0.0000) | map_noise(attribute=avg_Y, percentage=0.10) | filter(avg_X < 2780000.0000) | filter(avg_X > 416.0000) | filter(avg_Y > 0.0890) | filter(avg_X > 3500.0000) | map_duplicate(probability=0.10) };7.31092e-01;1.00000e+00;Pipeline { filter(avg_X > 0.0285) };7.31092e-01;1.00000e+00;Pipeline { filter(avg_X > 0.0000) };7.31092e-01;1.00000e+00;Pipeline { filter(avg_X > 0.0000) }
datasets/geolife_60mins.csv;nsga2;4;20;2000;2000;8.56640e+01;100;100;100;1.00000e+00;1.00000e+00;3.00000e-02;8.55681e-01;1.26601e-01;Pipeline { map_noise(attribute=avg_X, percentage=0.01) | map_noise(attribute=avg_X, percentage=0.01) | filter(avg_X > 0.0000) | map_noise(attribute=avg_Y, percentage=0.10) | filter(avg_X < 2780000.0000) | filter(avg_X > 416.0000) | filter(avg_Y > 0.0890) | filter(avg_X > 3500.0000) | map_duplicate(probability=0.10) };7.31092e-01;1.00000e+00;Pipeline { filter(avg_X > 0.0000) };7.31092e-01;1.00000e+00;Pipeline { filter(avg_X > 0.0000) };7.31092e-01;1.00000e+00;Pipeline { filter(avg_X > 3.3500) }
datasets/geolife_60mins.csv;nsga2;4;21;2100;2100;8.84180e+01;100;100;100;1.00000e+00;1.00000e+00;3.00000e-02;8.55681e-01;1.26601e-01;Pipeline { map_noise(attribute=avg_X, percentage=0.01) | map_noise(attribute=avg_X, percentage=0.01) | filter(avg_X > 0.0000) | map_noise(attribute=avg_Y, percentage=0.10) | filter(avg_X < 2780000.0000) | filter(avg_X > 416.0000) | filter(avg_Y > 0.0890) | filter(avg_X > 3500.0000) | map_duplicate(probability=0.10) };7.31092e-01;1.00000e+00;Pipeline { filter(avg_X > 0.0079) };7.31092e-01;1.00000e+00;Pipeline { filter(avg_X > 0.0000) };7.31092e-01;1.00000e+00;Pipeline { filter(avg_X > 0.0000) }
datasets/geolife_60mins.csv;nsga2;4;22;2200;2200;9.16680e+01;100;100;100;1.00000e+00;9.80000e-01;3.00000e-02;8.55681e-01;1.26601e-01;Pipeline { map_noise(attribute=avg_X, percentage=0.01) | map_noise(attribute=avg_X, percentage=0.01) | filter(avg_X > 0.0000) | map_noise(attribute=avg_Y, percentage=0.10) | filter(avg_X < 2780000.0000) | filter(avg_X > 416.0000) | filter(avg_Y > 0.0890) | filter(avg_X > 3500.0000) | map_duplicate(probability=0.10) };7.31092e-01;1.00000e+00;Pipeline { filter(avg_X > 0.0000) };7.31092e-01;1.00000e+00;Pipeline { filter(avg_X > 0.0010) };7.31092e-01;1.00000e+00;Pipeline { filter(avg_X > 2.9100) }
datasets/geolife_60mins.csv;nsga2;4;23;2300;2300;9.42170e+01;100;100;100;1.00000e+00;1.00000e+00;3.00000e-02;8.55681e-01;1.26601e-01;Pipeline { map_noise(attribute=avg_X, percentage=0.01) | map_noise(attribute=avg_X, percentage=0.01) | filter(avg_X > 0.0000) | map_noise(attribute=avg_Y, percentage=0.10) | filter(avg_X < 2780000.0000) | filter(avg_X > 416.0000) | filter(avg_Y > 0.0890) | filter(avg_X > 3500.0000) | map_duplicate(probability=0.10) };7.31092e-01;1.00000e+00;Pipeline { filter(avg_X > 0.0000) };7.31092e-01;1.00000e+00;Pipeline { filter(avg_X > 0.0000) };7.31092e-01;1.00000e+00;Pipeline { filter(avg_X > 0.0000) }
datasets/geolife_60mins.csv;nsga2;4;24;2400;2400;9.73460e+01;100;100;100;1.00000e+00;9.90000e-01;3.00000e-02;8.55681e-01;1.26601e-01;Pipeline { map_noise(attribute=avg_X, percentage=0.01) | map_noise(attribute=avg_X, percentage=0.01) | filter(avg_X > 0.0000) | map_noise(attribute=avg_Y, percentage=0.10) | filter(avg_X < 2780000.0000) | filter(avg_X > 416.0000) | filter(avg_Y > 0.0890) | filter(avg_X > 3500.0000) | map_duplicate(probability=0.10) };7.31092e-01;1.00000e+00;Pipeline { filter(avg_X > 3480.0000) };7.31092e-01;1.00000e+00;Pipeline { filter(avg_X > 0.0000) };7.31092e-01;1.00000e+00;Pipeline { filter(avg_X > 0.0000) }
datasets/geolife_60mins.csv;nsga2;4;25;2500;2500;1.00319e+02;100;100;100;1.00000e+00;9.90000e-01;3.00000e-02;8.55681e-01;1.26601e-01;Pipeline { map_noise(attribute=avg_X, percentage=0.01) | map_noise(attribute=avg_X, percentage=0.01) | filter(avg_X > 0.0000) | map_noise(attribute=avg_Y, percentage=0.10) | filter(avg_X < 2780000.0000) | filter(avg_X > 416.0000) | filter(avg_Y > 0.0890) | filter(avg_X > 3500.0000) | map_duplicate(probability=0.10) };7.31092e-01;1.00000e+00;Pipeline { filter(avg_X > 0.0036) };7.31092e-01;1.00000e+00;Pipeline { filter(avg_X > 0.1590) };7.31092e-01;1.00000e+00;Pipeline { filter(avg_X > 0.0000) }
datasets/geolife_60mins.csv;nsga2;4;26;2600;2600;1.03473e+02;100;100;100;1.00000e+00;9.70000e-01;3.00000e-02;8.55681e-01;1.26601e-01;Pipeline { map_noise(attribute=avg_X, percentage=0.01) | map_noise(attribute=avg_X, percentage=0.01) | filter(avg_X > 0.0000) | map_noise(attribute=avg_Y, percentage=0.10) | filter(avg_X < 2780000.0000) | filter(avg_X > 416.0000) | filter(avg_Y > 0.0890) | filter(avg_X > 3500.0000) | map_duplicate(probability=0.10) };7.31092e-01;1.00000e+00;Pipeline { filter(avg_X > 0.0000) };7.31092e-01;1.00000e+00;Pipeline { filter(avg_X > 958.0000) };7.31092e-01;1.00000e+00;Pipeline { filter(avg_X > 0.0029) }
datasets/geolife_60mins.csv;nsga2;4;27;2700;2700;1.06317e+02;100;100;100;1.00000e+00;9.80000e-01;3.00000e-02;8.55681e-01;1.26601e-01;Pipeline { map_noise(attribute=avg_X, percentage=0.01) | map_noise(attribute=avg_X, percentage=0.01) | filter(avg_X > 0.0000) | map_noise(attribute=avg_Y, percentage=0.10) | filter(avg_X < 2780000.0000) | filter(avg_X > 416.0000) | filter(avg_Y > 0.0890) | filter(avg_X > 3500.0000) | map_duplicate(probability=0.10) };7.31092e-01;1.00000e+00;Pipeline { filter(avg_X > 0.0000) };7.31092e-01;1.00000e+00;Pipeline { filter(avg_X > 0.0000) };7.31092e-01;1.00000e+00;Pipeline { filter(avg_X > 420.0000) }
datasets/geolife_60mins.csv;nsga2;4;28;2800;2800;1.09314e+02;100;100;100;1.00000e+00;9.70000e-01;3.00000e-02;8.55681e-01;1.26601e-01;Pipeline { map_noise(attribute=avg_X, percentage=0.01) | map_noise(attribute=avg_X, percentage=0.01) | filter(avg_X > 0.0000) | map_noise(attribute=avg_Y, percentage=0.10) | filter(avg_X < 2780000.0000) | filter(avg_X > 416.0000) | filter(avg_Y > 0.0890) | filter(avg_X > 3500.0000) | map_duplicate(probability=0.10) };7.31092e-01;1.00000e+00;Pipeline { filter(avg_X > 0.0043) };7.31092e-01;1.00000e+00;Pipeline { filter(avg_X > 0.0000) };7.31092e-01;1.00000e+00;Pipeline { filter(avg_X > 0.0000) }
datasets/geolife_60mins.csv;nsga2;4;29;2900;2900;1.12197e+02;100;100;100;1.00000e+00;9.60000e-01;3.00000e-02;8.55681e-01;1.26601e-01;Pipeline { map_noise(attribute=avg_X, percentage=0.01) | map_noise(attribute=avg_X, percentage=0.01) | filter(avg_X > 0.0000) | map_noise(attribute=avg_Y, percentage=0.10) | filter(avg_X < 2780000.0000) | filter(avg_X > 416.0000) | filter(avg_Y > 0.0890) | filter(avg_X > 3500.0000) | map_duplicate(probability=0.10) };7.31092e-01;1.00000e+00;Pipeline { filter(avg_X > 0.0000) };7.31092e-01;1.00000e+00;Pipeline { filter(avg_X > 5.0700) };7.31092e-01;1.00000e+00;Pipeline { filter(avg_X > 0.0000) }
datasets/geolife_60mins.csv;nsga2;4;30;3000;3000;1.15340e+02;100;100;100;1.00000e+00;9.90000e-01;3.00000e-02;8.55681e-01;1.26601e-01;Pipeline { map_noise(attribute=avg_X, percentage=0.01) | map_noise(attribute=avg_X, percentage=0.01) | filter(avg_X > 0.0000) | map_noise(attribute=avg_Y, percentage=0.10) | filter(avg_X < 2780000.0000) | filter(avg_X > 416.0000) | filter(avg_Y > 0.0890) | filter(avg_X > 3500.0000) | map_duplicate(probability=0.10) };7.31092e-01;1.00000e+00;Pipeline { filter(avg_X > 0.0013) };7.31092e-01;1.00000e+00;Pipeline { filter(avg_X > 0.0005) };7.31092e-01;1.00000e+00;Pipeline { filter(avg_X > 0.0032) }
datasets/geolife_60mins.csv;nsga2;4;31;3100;3100;1.18096e+02;100;100;100;1.00000e+00;1.00000e+00;3.00000e-02;8.55681e-01;1.26601e-01;Pipeline { map_noise(attribute=avg_X, percentage=0.01) | map_noise(attribute=avg_X, percentage=0.01) | filter(avg_X > 0.0000) | map_noise(attribute=avg_Y, percentage=0.10) | filter(avg_X < 2780000.0000) | filter(avg_X > 416.0000) | filter(avg_Y > 0.0890) | filter(avg_X > 3500.0000) | map_duplicate(probability=0.10) };7.31092e-01;1.00000e+00;Pipeline { filter(avg_X > 0.1180) };7.31092e-01;1.00000e+00;Pipeline { filter(avg_X > 0.0084) };7.31092e-01;1.00000e+00;Pipeline { filter(avg_X > 0.0000) }
datasets/geolife_60mins.csv;nsga2;4;32;3200;3200;1.20753e+02;100;100;100;1.00000e+00;1.00000e+00;3.00000e-02;8.55681e-01;1.26601e-01;Pipeline { map_noise(attribute=avg_X, percentage=0.01) | map_noise(attribute=avg_X, percentage=0.01) | filter(avg_X > 0.0000) | map_noise(attribute=avg_Y, percentage=0.10) | filter(avg_X < 2780000.0000) | filter(avg_X > 416.0000) | filter(avg_Y > 0.0890) | filter(avg_X > 3500.0000) | map_duplicate(probability=0.10) };7.31092e-01;1.00000e+00;Pipeline { filter(avg_X > 0.2620) };7.31092e-01;1.00000e+00;Pipeline { filter(avg_X > 0.0000) };7.31092e-01;1.00000e+00;Pipeline { filter(avg_X > 5.5100) }
datasets/geolife_60mins.csv;nsga2;4;33;3300;3300;1.24166e+02;100;100;100;1.00000e+00;9.90000e-01;3.00000e-02;8.55681e-01;1.26601e-01;Pipeline { map_noise(attribute=avg_X, percentage=0.01) | map_noise(attribute=avg_X, percentage=0.01) | filter(avg_X > 0.0000) | map_noise(attribute=avg_Y, percentage=0.10) | filter(avg_X < 2780000.0000) | filter(avg_X > 416.0000) | filter(avg_Y > 0.0890) | filter(avg_X > 3500.0000) | map_duplicate(probability=0.10) };7.31092e-01;1.00000e+00;Pipeline { filter(avg_X > 0.0000) };7.31092e-01;1.00000e+00;Pipeline { filter(avg_X > 26.2000) };7.31092e-01;1.00000e+00;Pipeline { filter(avg_X > 0.0000) }
datasets/geolife_60mins.csv;nsga2;4;34;3400;3400;1.27025e+02;100;100;100;1.00000e+00;9.90000e-01;3.00000e-02;8.55681e-01;1.26601e-01;Pipeline { map_noise(attribute=avg_X, percentage=0.01) | map_noise(attribute=avg_X, percentage=0.01) | filter(avg_X > 0.0000) | map_noise(attribute=avg_Y, percentage=0.10) | filter(avg_X < 2780000.0000) | filter(avg_X > 416.0000) | filter(avg_Y > 0.0890) | filter(avg_X > 3500.0000) | map_duplicate(probability=0.10) };7.31092e-01;1.00000e+00;Pipeline { filter(avg_X > 0.0000) };7.31092e-01;1.00000e+00;Pipeline { filter(avg_X > 0.0000) };7.31092e-01;1.00000e+00;Pipeline { filter(avg_X > 0.0000) }
datasets/geolife_60mins.csv;nsga2;4;35;3500;3500;1.30855e+02;100;100;100;1.00000e+00;9.80000e-01;3.00000e-02;8.55681e-01;1.26601e-01;Pipeline { map_noise(attribute=avg_X, percentage=0.01) | map_noise(attribute=avg_X, percentage=0.01) | filter(avg_X > 0.0000) | map_noise(attribute=avg_Y, percentage=0.10) | filter(avg_X < 2780000.0000) | filter(avg_X > 416.0000) | filter(avg_Y > 0.0890) | filter(avg_X > 3500.0000) | map_duplicate(probability=0.10) };7.31092e-01;1.00000e+00;Pipeline { filter(avg_X > 0.0000) };7.31092e-01;1.00000e+00;Pipeline { filter(avg_X > 0.0000) };7.31092e-01;1.00000e+00;Pipeline { filter(avg_X > 0.0001) }
datasets/geolife_60mins.csv;nsga2;4;36;3600;3600;1.34157e+02;100;100;100;1.00000e+00;1.00000e+00;3.00000e-02;8.55681e-01;1.26601e-01;Pipeline { map_noise(attribute=avg_X, percentage=0.01) | map_noise(attribute=avg_X, percentage=0.01) | filter(avg_X > 0.0000) | map_noise(attribute=avg_Y, percentage=0.10) | filter(avg_X < 2780000.0000) | filter(avg_X > 416.0000) | filter(avg_Y > 0.0890) | filter(avg_X > 3500.0000) | map_duplicate(probability=0.10) };7.31092e-01;1.00000e+00;Pipeline { filter(avg_X > 0.0000) };7.31092e-01;1.00000e+00;Pipeline { filter(avg_X > 7.3400) };7.31092e-01;1.00000e+00;Pipeline { filter(avg_X > 9.2800) }
datasets/geolife_60mins.csv;nsga2;4;37;3700;3700;1.37917e+02;100;100;100;1.00000e+00;9.90000e-01;3.00000e-02;8.55681e-01;1.26601e-01;Pipeline { map_noise(attribute=avg_X, percentage=0.01) | map_noise(attribute=avg_X, percentage=0.01) | filter(avg_X > 0.0000) | map_noise(attribute=avg_Y, percentage=0.10) | filter(avg_X < 2780000.0000) | filter(avg_X > 416.0000) | filter(avg_Y > 0.0890) | filter(avg_X > 3500.0000) | map_duplicate(probability=0.10) };7.31092e-01;1.00000e+00;Pipeline { filter(avg_X > 0.9070) };7.31092e-01;1.00000e+00;Pipeline { filter(avg_X > 0.0000) };7.31092e-01;1.00000e+00;Pipeline { filter(avg_X > 1950.0000) }
datasets/geolife_60mins.csv;nsga2;4;38;3800;3800;1.41079e+02;100;100;100;1.00000e+00;1.00000e+00;3.00000e-02;8.55681e-01;1.26601e-01;Pipeline { map_noise(attribute=avg_X, percentage=0.01) | map_noise(attribute=avg_X, percentage=0.01) | filter(avg_X > 0.0000) | map_noise(attribute=avg_Y, percentage=0.10) | filter(avg_X < 2780000.0000) | filter(avg_X > 416.0000) | filter(avg_Y > 0.0890) | filter(avg_X > 3500.0000) | map_duplicate(probability=0.10) };7.31092e-01;1.00000e+00;Pipeline { filter(avg_X > 0.0002) };7.31092e-01;1.00000e+00;Pipeline { filter(avg_X > 0.0000) };7.31092e-01;1.00000e+00;Pipeline { filter(avg_X > 0.0000) }
datasets/geolife_60mins.csv;nsga2;4;39;3900;3900;1.44191e+02;100;100;100;1.00000e+00;1.00000e+00;3.00000e-02;8.55681e-01;1.26601e-01;Pipeline { map_noise(attribute=avg_X, percentage=0.01) | map_noise(attribute=avg_X, percentage=0.01) | filter(avg_X > 0.0000) | map_noise(attribute=avg_Y, percentage=0.10) | filter(avg_X < 2780000.0000) | filter(avg_X > 416.0000) | filter(avg_Y > 0.0890) | filter(avg_X > 3500.0000) | map_duplicate(probability=0.10) };7.31092e-01;1.00000e+00;Pipeline { filter(avg_X > 0.0000) };7.31092e-01;1.00000e+00;Pipeline { filter(avg_X > 0.0000) };7.31092e-01;1.00000e+00;Pipeline { filter(avg_X > 0.0000) }
datasets/geolife_60mins.csv;nsga2;4;40;4000;4000;1.47513e+02;100;100;100;1.00000e+00;1.00000e+00;3.00000e-02;8.55681e-01;1.26601e-01;Pipeline { map_noise(attribute=avg_X, percentage=0.01) | map_noise(attribute=avg_X, percentage=0.01) | filter(avg_X > 0.0000) | map_noise(attribute=avg_Y, percentage=0.10) | filter(avg_X < 2780000.0000) | filter(avg_X > 416.0000) | filter(avg_Y > 0.0890) | filter(avg_X > 3500.0000) | map_duplicate(probability=0.10) };7.31092e-01;1.00000e+00;Pipeline { filter(avg_X > 0.0001) };7.31092e-01;1.00000e+00;Pipeline { filter(avg_X > 1.9100) };7.31092e-01;1.00000e+00;Pipeline { filter(avg_X > 4.1400) }
datasets/geolife_60mins.csv;nsga2;4;41;4100;4100;1.50411e+02;100;100;100;1.00000e+00;1.00000e+00;3.00000e-02;8.55681e-01;1.26601e-01;Pipeline { map_noise(attribute=avg_X, percentage=0.01) | map_noise(attribute=avg_X, percentage=0.01) | filter(avg_X > 0.0000) | map_noise(attribute=avg_Y, percentage=0.10) | filter(avg_X < 2780000.0000) | filter(avg_X > 416.0000) | filter(avg_Y > 0.0890) | filter(avg_X > 3500.0000) | map_duplicate(probability=0.10) };7.31092e-01;1.00000e+00;Pipeline { filter(avg_X > 6.4700) };7.31092e-01;1.00000e+00;Pipeline { filter(avg_X > 0.9330) };7.31092e-01;1.00000e+00;Pipeline { filter(avg_X > 0.3320) }
datasets/geolife_60mins.csv;nsga2;4;42;4200;4200;1.53601e+02;100;100;100;1.00000e+00;9.90000e-01;3.00000e-02;8.55681e-01;1.26601e-01;Pipeline { map_noise(attribute=avg_X, percentage=0.01) | map_noise(attribute=avg_X, percentage=0.01) | filter(avg_X > 0.0000) | map_noise(attribute=avg_Y, percentage=0.10) | filter(avg_X < 2780000.0000) | filter(avg_X > 416.0000) | filter(avg_Y > 0.0890) | filter(avg_X > 3500.0000) | map_duplicate(probability=0.10) };7.31092e-01;1.00000e+00;Pipeline { filter(avg_X > 0.0345) };7.31092e-01;1.00000e+00;Pipeline { filter(avg_X > 0.0001) };7.31092e-01;1.00000e+00;Pipeline { filter(avg_X > 0.0000) }
datasets/geolife_60mins.csv;nsga2;4;43;4300;4300;1.56301e+02;100;100;100;1.00000e+00;1.00000e+00;3.00000e-02;8.55681e-01;1.26601e-01;Pipeline { map_noise(attribute=avg_X, percentage=0.01) | map_noise(attribute=avg_X, percentage=0.01) | filter(avg_X > 0.0000) | map_noise(attribute=avg_Y, percentage=0.10) | filter(avg_X < 2780000.0000) | filter(avg_X > 416.0000) | filter(avg_Y > 0.0890) | filter(avg_X > 3500.0000) | map_duplicate(probability=0.10) };7.31092e-01;1.00000e+00;Pipeline { filter(avg_X > 9.8300) };7.31092e-01;1.00000e+00;Pipeline { filter(avg_X > 0.0000) };7.31092e-01;1.00000e+00;Pipeline { filter(avg_X > 0.0030) }
datasets/geolife_60mins.csv;nsga2;4;44;4400;4400;1.59341e+02;100;100;100;1.00000e+00;1.00000e+00;3.00000e-02;8.55681e-01;1.26601e-01;Pipeline { map_noise(attribute=avg_X, percentage=0.01) | map_noise(attribute=avg_X, percentage=0.01) | filter(avg_X > 0.0000) | map_noise(attribute=avg_Y, percentage=0.10) | filter(avg_X < 2780000.0000) | filter(avg_X > 416.0000) | filter(avg_Y > 0.0890) | filter(avg_X > 3500.0000) | map_duplicate(probability=0.10) };7.31092e-01;1.00000e+00;Pipeline { filter(avg_X > 0.0000) };7.31092e-01;1.00000e+00;Pipeline { filter(avg_X > 5130.0000) };7.31092e-01;1.00000e+00;Pipeline { filter(avg_X > 0.8060) }
datasets/geolife_60mins.csv;nsga2;4;45;4500;4500;1.62013e+02;100;100;100;1.00000e+00;1.00000e+00;3.00000e-02;8.55681e-01;1.26601e-01;Pipeline { map_noise(attribute=avg_X, percentage=0.01) | map_noise(attribute=avg_X, percentage=0.01) | filter(avg_X > 0.0000) | map_noise(attribute=avg_Y, percentage=0.10) | filter(avg_X < 2780000.0000) | filter(avg_X > 416.0000) | filter(avg_Y > 0.0890) | filter(avg_X > 3500.0000) | map_duplicate(probability=0.10) };7.31092e-01;1.00000e+00;Pipeline { filter(avg_X > 0.0000) };7.31092e-01;1.00000e+00;Pipeline { filter(avg_X > 0.0085) };7.31092e-01;1.00000e+00;Pipeline { filter(avg_X > 0.0063) }
datasets/geolife_60mins.csv;nsga2;4;46;4600;4600;1.64561e+02;100;100;100;1.00000e+00;1.00000e+00;3.00000e-02;8.55681e-01;1.26601e-01;Pipeline { map_noise(attribute=avg_X, percentage=0.01) | map_noise(attribute=avg_X, percentage=0.01) | filter(avg_X > 0.0000) | map_noise(attribute=avg_Y, percentage=0.10) | filter(avg_X < 2780000.0000) | filter(avg_X > 416.0000) | filter(avg_Y > 0.0890) | filter(avg_X > 3500.0000) | map_duplicate(probability=0.10) };7.31092e-01;1.00000e+00;Pipeline { filter(avg_X > 0.0000) };7.31092e-01;1.00000e+00;Pipeline { filter(avg_X > 0.0000) };7.31092e-01;1.00000e+00;Pipeline { filter(avg_X > 0.0000) }
datasets/geolife_60mins.csv;nsga2;4;47;4700;4700;1.68189e+02;100;100;100;1.00000e+00;1.00000e+00;3.00000e-02;8.55681e-01;1.26601e-01;Pipeline { map_noise(attribute=avg_X, percentage=0.01) | map_noise(attribute=avg_X, percentage=0.01) | filter(avg_X > 0.0000) | map_noise(attribute=avg_Y, percentage=0.10) | filter(avg_X < 2780000.0000) | filter(avg_X > 416.0000) | filter(avg_Y > 0.0890) | filter(avg_X > 3500.0000) | map_duplicate(probability=0.10) };7.31092e-01;1.00000e+00;Pipeline { filter(avg_X > 0.0016) };7.31092e-01;1.00000e+00;Pipeline { filter(avg_X > 0.0003) };7.31092e-01;1.00000e+00;Pipeline { filter(avg_X > 453.0000) }
datasets/geolife_60mins.csv;nsga2;4;48;4800;4800;1.70848e+02;100;100;100;1.00000e+00;9.80000e-01;3.00000e-02;8.55681e-01;1.26601e-01;Pipeline { map_noise(attribute=avg_X, percentage=0.01) | map_noise(attribute=avg_X, percentage=0.01) | filter(avg_X > 0.0000) | map_noise(attribute=avg_Y, percentage=0.10) | filter(avg_X < 2780000.0000) | filter(avg_X > 416.0000) | filter(avg_Y > 0.0890) | filter(avg_X > 3500.0000) | map_duplicate(probability=0.10) };7.31092e-01;1.00000e+00;Pipeline { filter(avg_X > 45.3000) };7.31092e-01;1.00000e+00;Pipeline { filter(avg_X > 69.7000) };7.31092e-01;1.00000e+00;Pipeline { filter(avg_X > 0.0685) }
datasets/geolife_60mins.csv;nsga2;4;49;4900;4900;1.73713e+02;100;100;100;1.00000e+00;1.00000e+00;3.00000e-02;8.55681e-01;1.26601e-01;Pipeline { map_noise(attribute=avg_X, percentage=0.01) | map_noise(attribute=avg_X, percentage=0.01) | filter(avg_X > 0.0000) | map_noise(attribute=avg_Y, percentage=0.10) | filter(avg_X < 2780000.0000) | filter(avg_X > 416.0000) | filter(avg_Y > 0.0890) | filter(avg_X > 3500.0000) | map_duplicate(probability=0.10) };7.31092e-01;1.00000e+00;Pipeline { filter(avg_X > 0.0000) };7.31092e-01;1.00000e+00;Pipeline { filter(avg_X > 0.0057) };7.31092e-01;1.00000e+00;Pipeline { filter(avg_X > 0.0002) }
datasets/geolife_60mins.csv;nsga2;4;50;5000;5000;1.77123e+02;100;100;100;1.00000e+00;1.00000e+00;3.00000e-02;8.55681e-01;1.26601e-01;Pipeline { map_noise(attribute=avg_X, percentage=0.01) | map_noise(attribute=avg_X, percentage=0.01) | filter(avg_X > 0.0000) | map_noise(attribute=avg_Y, percentage=0.10) | filter(avg_X < 2780000.0000) | filter(avg_X > 416.0000) | filter(avg_Y > 0.0890) | filter(avg_X > 3500.0000) | map_duplicate(probability=0.10) };7.31092e-01;1.00000e+00;Pipeline { filter(avg_X > 0.8120) };7.31092e-01;1.00000e+00;Pipeline { filter(avg_X > 0.0044) };7.31092e-01;1.00000e+00;Pipeline { filter(avg_X > 0.0005) }
datasets/geolife_60mins.csv;nsga2;5;1;100;100;7.60700e+00;100;4;32;9.30000e-01;9.30000e-01;6.80000e-01;7.11385e-01;1.35966e-01;Pipeline { map_noise(attribute=avg_Y, percentage=0.25) | filter(avg_X > 0.0880) };2.26479e-01;1.00000e+00;Pipeline { map_duplicate(probability=1.00) };3.76990e-01;9.81215e-01;Pipeline { map_duplicate(probability=0.20) };4.52016e-01;1.96856e-01;Pipeline { map_noise(attribute=avg_X, percentage=0.05) }
datasets/geolife_60mins.csv;nsga2;5;2;200;200;1.72660e+01;100;1;4;9.30000e-01;9.30000e-01;9.80000e-01;7.31092e-01;1.00000e+00;Pipeline { filter(avg_X > 20.9000) };2.26479e-01;1.00000e+00;Pipeline { map_duplicate(probability=1.00) };4.52047e-01;6.24043e-01;Pipeline { map_noise(attribute=avg_X, percentage=0.01) };3.01699e-01;9.71069e-01;Pipeline { map_duplicate(probability=0.50) }
datasets/geolife_60mins.csv;nsga2;5;3;300;300;2.43810e+01;100;5;2;9.40000e-01;9.40000e-01;9.40000e-01;7.39790e-01;1.79380e-02;Pipeline { map_noise(attribute=avg_Y, percentage=0.01) | filter(avg_X > 0.0000) | map_noise(attribute=avg_X, percentage=0.05) | map_noise(attribute=avg_X, percentage=0.25) | map_noise(attribute=avg_Y, percentage=0.05) };2.26479e-01;1.00000e+00;Pipeline { map_duplicate(probability=1.00) };6.76089e-01;1.78658e-01;Pipeline { filter(avg_Y < 308000000.0000) | filter(avg_Y > 88300.0000) | map_noise(attribute=avg_Y, percentage=0.01) | map_noise(attribute=avg_X, percentage=0.05) | filter(avg_X > 0.0000) };4.50662e-01;9.88528e-01;Pipeline { filter(avg_Y > 0.0000) | map_duplicate(probability=0.10) }
datasets/geolife_60mins.csv;nsga2;5;4;400;400;2.89460e+01;100;17;8;9.80000e-01;9.80000e-01;8.10000e-01;7.39830e-01;4.46001e-02;Pipeline { map_noise(attribute=avg_X, percentage=0.25) | filter(avg_X > 0.0680) };2.47690e-01;1.00000e+00;Pipeline { filter(avg_Y > 0.0000) | map_duplicate(probability=1.00) };7.19316e-01;1.00000e+00;Pipeline { filter(avg_X > 209000.0000) };7.31092e-01;1.00000e+00;Pipeline { filter(avg_X > 0.0001) }
datasets/geolife_60mins.csv;nsga2;5;5;500;500;3.38430e+01;100;30;1;1.00000e+00;1.00000e+00;5.70000e-01;7.46915e-01;6.08608e-01;Pipeline { filter(avg_X < 1160000.0000) | map_noise(attribute=avg_X, percentage=0.01) | map_duplicate(probability=0.30) | filter(avg_Y > 33900.0000) | filter(avg_X > 0.0000) };4.14168e-01;1.00000e+00;Pipeline { filter(avg_Y > 5.5600) };7.31092e-01;1.00000e+00;Pipeline { filter(avg_X > 0.0000) };7.31092e-01;1.00000e+00;Pipeline { filter(avg_X > 0.0785) }
datasets/geolife_60mins.csv;nsga2;5;6;600;600;3.75930e+01;100;55;7;1.00000e+00;1.00000e+00;4.70000e-01;7.49953e-01;8.61835e-01;Pipeline { filter(avg_X < 1160000.0000) | map_noise(attribute=avg_Y, percentage=0.01) | map_duplicate(probability=0.30) | filter(avg_Y > 33900.0000) | filter(avg_X > 0.0000) };4.52957e-01;1.00000e+00;Pipeline { filter(avg_Y < 7020000.0000) };7.31372e-01;4.55320e-01;Pipeline { map_noise(attribute=avg_Y, percentage=0.05) | filter(avg_X > 0.0153) };7.31092e-01;1.00000e+00;Pipeline { filter(avg_X > 8.0900) }
datasets/geolife_60mins.csv;nsga2;5;7;700;700;4.08400e+01;100;94;3;1.00000e+00;1.00000e+00;9.00000e-02;7.49953e-01;8.61835e-01;Pipeline { filter(avg_X < 1160000.0000) | map_noise(attribute=avg_Y, percentage=0.01) | map_duplicate(probability=0.30) | filter(avg_Y > 33900.0000) | filter(avg_X > 0.0000) };7.29765e-01;1.00000e+00;Pipeline { filter(avg_X > 29300.0000) };7.31092e-01;1.00000e+00;Pipeline { filter(avg_X > 0.0000) };7.31092e-01;1.00000e+00;Pipeline { filter(avg_X > 32.0000) }
datasets/geolife_60mins.csv;nsga2;5;8;800;800;4.41470e+01;100;100;100;1.00000e+00;9.80000e-01;3.00000e-02;7.49953e-01;8.61835e-01;Pipeline { filter(avg_X < 1160000.0000) | map_noise(attribute=avg_Y, percentage=0.01) | map_duplicate(probability=0.30) | filter(avg_Y > 33900.0000) | filter(avg_X > 0.0000) };7.31092e-01;1.00000e+00;Pipeline { filter(avg_X > 0.5090) };7.31092e-01;1.00000e+00;Pipeline { filter(avg_X > 0.0000) };7.31092e-01;1.00000e+00;Pipeline { filter(avg_X > 0.0000) }
datasets/geolife_60mins.csv;nsga2;5;9;900;900;4.76040e+01;100;100;100;1.00000e+00;9.80000e-01;3.00000e-02;7.49953e-01;8.61835e-01;Pipeline { filter(avg_X < 1160000.0000) | map_noise(attribute=avg_Y, percentage=0.01) | map_duplicate(probability=0.30) | filter(avg_Y > 33900.0000) | filter(avg_X > 0.0000) };7.31092e-01;1.00000e+00;Pipeline { filter(avg_X > 0.3100) };7.31092e-01;1.00000e+00;Pipeline { filter(avg_X > 9.2700) };7.31092e-01;1.00000e+00;Pipeline { filter(avg_X > 9.1600) }
datasets/geolife_60mins.csv;nsga2;5;10;1000;1000;5.08250e+01;100;100;100;1.00000e+00;1.00000e+00;3.00000e-02;7.49953e-01;8.61835e-01;Pipeline { filter(avg_X < 1160000.0000) | map_noise(attribute=avg_Y, percentage=0.01) | map_duplicate(probability=0.30) | filter(avg_Y > 33900.0000) | filter(avg_X > 0.0000) };7.31092e-01;1.00000e+00;Pipeline { filter(avg_X > 0.0000) };7.31092e-01;1.00000e+00;Pipeline { filter(avg_X > 0.0000) };7.31092e-01;1.00000e+00;Pipeline { filter(avg_X > 0.0000) }
datasets/geolife_60mins.csv;nsga2;5;11;1100;1100;5.36760e+01;100;100;100;1.00000e+00;9.90000e-01;3.00000e-02;7.49953e-01;8.61835e-01;Pipeline { filter(avg_X < 1160000.0000) | map_noise(attribute=avg_Y, percentage=0.01) | map_duplicate(probability=0.30) | filter(avg_Y > 33900.0000) | filter(avg_X > 0.0000) };7.31092e-01;1.00000e+00;Pipeline { filter(avg_X > 0.0002) };7.31092e-01;1.00000e+00;Pipeline { filter(avg_X > 8.5400) };7.31092e-01;1.00000e+00;Pipeline { filter(avg_X > 0.0001) }
datasets/geolife_60mins.csv;nsga2;5;12;1200;1200;5.64270e+01;100;100;100;1.00000e+00;1.00000e+00;3.00000e-02;7.49953e-01;8.61835e-01;Pipeline { filter(avg_X < 1160000.0000) | map_noise(attribute=avg_Y, percentage=0.01) | map_duplicate(probability=0.30) | filter(avg_Y > 33900.0000) | filter(avg_X > 0.0000) };7.31092e-01;1.00000e+00;Pipeline { filter(avg_X > 0.9520) };7.31092e-01;1.00000e+00;Pipeline { filter(avg_X > 0.0001) };7.31092e-01;1.00000e+00;Pipeline { filter(avg_X > 0.0000) }
datasets/geolife_60mins.csv;nsga2;5;13;1300;1300;5.95890e+01;100;100;100;1.00000e+00;1.00000e+00;3.00000e-02;7.49953e-01;8.61835e-01;Pipeline { filter(avg_X < 1160000.0000) | map_noise(attribute=avg_Y, percentage=0.01) | map_duplicate(probability=0.30) | filter(avg_Y > 33900.0000) | filter(avg_X > 0.0000) };7.31092e-01;1.00000e+00;Pipeline { filter(avg_X > 0.0000) };7.31092e-01;1.00000e+00;Pipeline { filter(avg_X > 6.4000) };7.31092e-01;1.00000e+00;Pipeline { filter(avg_X > 4.3600) }
datasets/geolife_60mins.csv;nsga2;5;14;1400;1400;6.24920e+01;100;100;100;1.00000e+00;9.80000e-01;3.00000e-02;7.49953e-01;8.61835e-01;Pipeline { filter(avg_X < 1160000.0000) | map_noise(attribute=avg_Y, percentage=0.01) | map_duplicate(probability=0.30) | filter(avg_Y > 33900.0000) | filter(avg_X > 0.0000) };7.31092e-01;1.00000e+00;Pipeline { filter(avg_X > 4230.0000) };7.31092e-01;1.00000e+00;Pipeline { filter(avg_X > 0.0008) };7.31092e-01;1.00000e+00;Pipeline { filter(avg_X > 5.5200) }
datasets/geolife_60mins.csv;nsga2;5;15;1500;1500;6.56570e+01;100;100;100;1.00000e+00;9.90000e-01;3.00000e-02;7.49953e-01;8.61835e-01;Pipeline { filter(avg_X < 1160000.0000) | map_noise(attribute=avg_Y, percentage=0.01) | map_duplicate(probability=0.30) | filter(avg_Y > 33900.0000) | filter(avg_X > 0.0000) };7.31092e-01;1.00000e+00;Pipeline { filter(avg_X > 0.0000) };7.31092e-01;1.00000e+00;Pipeline { filter(avg_X > 0.2820) };7.31092e-01;1.00000e+00;Pipeline { filter(avg_X > 0.0001) }
datasets/geolife_60mins.csv;nsga2;5;16;1600;1600;6.86140e+01;100;100;100;1.00000e+00;9.90000e-01;3.00000e-02;7.49953e-01;8.61835e-01;Pipeline { filter(avg_X < 1160000.0000) | map_noise(attribute=avg_Y, percentage=0.01) | map_duplicate(probability=0.30) | filter(avg_Y > 33900.0000) | filter(avg_X > 0.0000) };7.31092e-01;1.00000e+00;Pipeline { filter(avg_X > 0.0000) };7.31092e-01;1.00000e+00;Pipeline { filter(avg_X > 0.0000) };7.31092e-01;1.00000e+00;Pipeline { filter(avg_X > 0.0000) }
datasets/geolife_60mins.csv;nsga2;5;17;1700;1700;7.20710e+01;100;100;100;1.00000e+00;1.00000e+00;3.00000e-02;7.49953e-01;8.61835e-01;Pipeline { filter(avg_X < 1160000.0000) | map_noise(attribute=avg_Y, percentage=0.01) | map_duplicate(probability=0.30) | filter(avg_Y > 33900.0000) | filter(avg_X > 0.0000) };7.31092e-01;1.00000e+00;Pipeline { filter(avg_X > 0.0029) };7.31092e-01;1.00000e+00;Pipeline { filter(avg_X > 1830.0000) };7.31092e-01;1.00000e+00;Pipeline { filter(avg_X > 1.5400) }
datasets/geolife_60mins.csv;nsga2;5;18;1800;1800;7.50970e+01;100;100;100;1.00000e+00;9.80000e-01;3.00000e-02;7.49953e-01;8.61835e-01;Pipeline { filter(avg_X < 1160000.0000) | map_noise(attribute=avg_Y, percentage=0.01) | map_duplicate(probability=0.30) | filter(avg_Y > 33900.0000) | filter(avg_X > 0.0000) };7.31092e-01;1.00000e+00;Pipeline { filter(avg_X > 0.0000) };7.31092e-01;1.00000e+00;Pipeline { filter(avg_X > 0.0000) };7.31092e-01;1.00000e+00;Pipeline { filter(avg_X > 0.0000) }
datasets/geolife_60mins.csv;nsga2;5;19;1900;1900;7.77290e+01;100;100;100;1.00000e+00;9.90000e-01;3.00000e-02;7.49953e-01;8.61835e-01;Pipeline { filter(avg_X < 1160000.0000) | map_noise(attribute=avg_Y, percentage=0.01) | map_duplicate(probability=0.30) | filter(avg_Y > 33900.0000) | filter(avg_X > 0.0000) };7.31092e-01;1.00000e+00;Pipeline { filter(avg_X > 0.0000) };7.31092e-01;1.00000e+00;Pipeline { filter(avg_X > 7.4500) };7.31092e-01;1.00000e+00;Pipeline { filter(avg_X > 6.5700) }
datasets/geolife_60mins.csv;nsga2;5;20;2000;2000;8.06040e+01;100;100;100;1.00000e+00;9.70000e-01;3.00000e-02;7.49953e-01;8.61835e-01;Pipeline { filter(avg_X < 1160000.0000) | map_noise(attribute=avg_Y, percentage=0.01) | map_duplicate(probability=0.30) | filter(avg_Y > 33900.0000) | filter(avg_X > 0.0000) };7.31092e-01;1.00000e+00;Pipeline { filter(avg_X > 0.0005) };7.31092e-01;1.00000e+00;Pipeline { filter(avg_X > 0.0000) };7.31092e-01;1.00000e+00;Pipeline { filter(avg_X > 7.4500) }
datasets/geolife_60mins.csv;nsga2;5;21;2100;2100;8.32190e+01;100;100;100;1.00000e+00;1.00000e+00;3.00000e-02;7.49953e-01;8.61835e-01;Pipeline { filter(avg_X < 1160000.0000) | map_noise(attribute=avg_Y, percentage=0.01) | map_duplicate(probability=0.30) | filter(avg_Y > 33900.0000) | filter(avg_X > 0.0000) };7.31092e-01;1.00000e+00;Pipeline { filter(avg_X > 0.0000) };7.31092e-01;1.00000e+00;Pipeline { filter(avg_X > 0.0000) };7.31092e-01;1.00000e+00;Pipeline { filter(avg_X > 0.0074) }
datasets/geolife_60mins.csv;nsga2;5;22;2200;2200;8.65050e+01;100;100;100;1.00000e+00;9.90000e-01;3.00000e-02;7.49953e-01;8.61835e-01;Pipeline { filter(avg_X < 1160000.0000) | map_noise(attribute=avg_Y, percentage=0.01) | map_duplicate(probability=0.30) | filter(avg_Y > 33900.0000) | filter(avg_X > 0.0000) };7.31092e-01;1.00000e+00;Pipeline { filter(avg_X > 0.0000) };7.31092e-01;1.00000e+00;Pipeline { filter(avg_X > 0.0966) };7.31092e-01;1.00000e+00;Pipeline { filter(avg_X > 0.0000) }
datasets/geolife_60mins.csv;nsga2;5;23;2300;2300;8.90410e+01;100;100;100;1.00000e+00;1.00000e+00;3.00000e-02;7.49953e-01;8.61835e-01;Pipeline { filter(avg_X < 1160000.0000) | map_noise(attribute=avg_Y, percentage=0.01) | map_duplicate(probability=0.30) | filter(avg_Y > 33900.0000) | filter(avg_X > 0.0000) };7.31092e-01;1.00000e+00;Pipeline { filter(avg_X > 0.0000) };7.31092e-01;1.00000e+00;Pipeline { filter(avg_X > 0.0526) };7.31092e-01;1.00000e+00;Pipeline { filter(avg_X > 0.0003) }
datasets/geolife_60mins.csv;nsga2;5;24;2400;2400;9.19560e+01;100;100;100;1.00000e+00;1.00000e+00;3.00000e-02;7.93951e-01;8.68385e-01;Pipeline { filter(avg_Y < 715000.0000) | map_noise(attribute=avg_Y, percentage=0.01) | map_duplicate(probability=0.30) | filter(avg_Y > 33900.0000) | filter(avg_X > 0.0000) };7.31092e-01;1.00000e+00;Pipeline { filter(avg_X > 655.0000) };7.31092e-01;1.00000e+00;Pipeline { filter(avg_X > 0.0000) };7.31092e-01;1.00000e+00;Pipeline { filter(avg_X > 0.0000) }
datasets/geolife_60mins.csv;nsga2;5;25;2500;2500;9.57530e+01;100;100;100;1.00000e+00;1.00000e+00;3.00000e-02;7.93951e-01;8.68385e-01;Pipeline { filter(avg_Y < 715000.0000) | map_noise(attribute=avg_Y, percentage=0.01) | map_duplicate(probability=0.30) | filter(avg_Y > 33900.0000) | filter(avg_X > 0.0000) };7.31092e-01;1.00000e+00;Pipeline { filter(avg_X > 0.4270) };7.31092e-01;1.00000e+00;Pipeline { filter(avg_X > 0.0000) };7.31092e-01;1.00000e+00;Pipeline { filter(avg_X > 0.0000) }
datasets/geolife_60mins.csv;nsga2;5;26;2600;2600;9.87390e+01;100;100;100;1.00000e+00;1.00000e+00;3.00000e-02;7.93951e-01;8.68385e-01;Pipeline { filter(avg_Y < 715000.0000) | map_noise(attribute=avg_Y, percentage=0.01) | map_duplicate(probability=0.30) | filter(avg_Y > 33900.0000) | filter(avg_X > 0.0000) };7.31092e-01;1.00000e+00;Pipeline { filter(avg_X > 0.0331) };7.31092e-01;1.00000e+00;Pipeline { filter(avg_X > 0.0001) };7.31092e-01;1.00000e+00;Pipeline { filter(avg_X > 9.4900) }
datasets/geolife_60mins.csv;nsga2;5;27;2700;2700;1.01366e+02;100;100;100;1.00000e+00;1.00000e+00;3.00000e-02;7.93951e-01;8.68385e-01;Pipeline { filter(avg_Y < 715000.0000) | map_noise(attribute=avg_Y, percentage=0.01) | map_duplicate(probability=0.30) | filter(avg_Y > 33900.0000) | filter(avg_X > 0.0000) };7.31092e-01;1.00000e+00;Pipeline { filter(avg_X > 0.0000) };7.31092e-01;1.00000e+00;Pipeline { filter(avg_X > 331.0000) };7.31092e-01;1.00000e+00;Pipeline { filter(avg_X > 250.0000) }
datasets/geolife_60mins.csv;nsga2;5;28;2800;2800;1.04686e+02;100;100;100;1.00000e+00;1.00000e+00;3.00000e-02;7.93951e-01;8.68385e-01;Pipeline { filter(avg_Y < 715000.0000) | map_noise(attribute=avg_Y, percentage=0.01) | map_duplicate(probability=0.30) | filter(avg_Y > 33900.0000) | filter(avg_X > 0.0000) };7.31092e-01;1.00000e+00;Pipeline { filter(avg_X > 0.0250) };7.31092e-01;1.00000e+00;Pipeline { filter(avg_X > 0.0994) };7.31092e-01;1.00000e+00;Pipeline { filter(avg_X > 0.0008) }
datasets/geolife_60mins.csv;nsga2;5;29;2900;2900;1.07308e+02;100;100;100;1.00000e+00;1.00000e+00;3.00000e-02;7.93951e-01;8.68385e-01;Pipeline { filter(avg_Y < 715000.0000) | map_noise(attribute=avg_Y, percentage=0.01) | map_duplicate(probability=0.30) | filter(avg_Y > 33900.0000) | filter(avg_X > 0.0000) };7.31092e-01;1.00000e+00;Pipeline { filter(avg_X > 0.0000) };7.31092e-01;1.00000e+00;Pipeline { filter(avg_X > 2660.0000) };7.31092e-01;1.00000e+00;Pipeline { filter(avg_X > 0.0009) }
datasets/geolife_60mins.csv;nsga2;5;30;3000;3000;1.10247e+02;100;100;100;1.00000e+00;1.00000e+00;3.00000e-02;7.93951e-01;8.68385e-01;Pipeline { filter(avg_Y < 715000.0000) | map_noise(attribute=avg_Y, percentage=0.01) | map_duplicate(probability=0.30) | filter(avg_Y > 33900.0000) | filter(avg_X > 0.0000) };7.31092e-01;1.00000e+00;Pipeline { filter(avg_X > 0.0000) };7.31092e-01;1.00000e+00;Pipeline { filter(avg_X > 5420.0000) };7.31092e-01;1.00000e+00;Pipeline { filter(avg_X > 0.0000) }
datasets/geolife_60mins.csv;nsga2;5;31;3100;3100;1.13362e+02;100;100;100;1.00000e+00;1.00000e+00;3.00000e-02;7.93951e-01;8.68385e-01;Pipeline { filter(avg_Y < 715000.0000) | map_noise(attribute=avg_Y, percentage=0.01) | map_duplicate(probability=0.30) | filter(avg_Y > 33900.0000) | filter(avg_X > 0.0000) };7.31092e-01;1.00000e+00;Pipeline { filter(avg_X > 0.0230) };7.31092e-01;1.00000e+00;Pipeline { filter(avg_X > 3670.0000) };7.31092e-01;1.00000e+00;Pipeline { filter(avg_X > 5470.0000) }
datasets/geolife_60mins.csv;nsga2;5;32;3200;3200;1.16198e+02;100;100;100;1.00000e+00;9.90000e-01;3.00000e-02;7.93951e-01;8.68385e-01;Pipeline { filter(avg_Y < 715000.0000) | map_noise(attribute=avg_Y, percentage=0.01) | map_duplicate(probability=0.30) | filter(avg_Y > 33900.0000) | filter(avg_X > 0.0000) };7.31092e-01;1.00000e+00;Pipeline { filter(avg_X > 0.0037) };7.31092e-01;1.00000e+00;Pipeline { filter(avg_X > 0.9450) };7.31092e-01;1.00000e+00;Pipeline { filter(avg_X > 0.0000) }
datasets/geolife_60mins.csv;nsga2;5;33;3300;3300;1.19343e+02;100;100;100;1.00000e+00;1.00000e+00;3.00000e-02;7.93951e-01;8.68385e-01;Pipeline { filter(avg_Y < 715000.0000) | map_noise(attribute=avg_Y, percentage=0.01) | map_duplicate(probability=0.30) | filter(avg_Y > 33900.0000) | filter(avg_X > 0.0000) };7.31092e-01;1.00000e+00;Pipeline { filter(avg_X > 0.0043) };7.31092e-01;1.00000e+00;Pipeline { filter(avg_X > 2.4800) };7.31092e-01;1.00000e+00;Pipeline { filter(avg_X > 0.0000) }
datasets/geolife_60mins.csv;nsga2;5;34;3400;3400;1.22374e+02;100;100;100;1.00000e+00;1.00000e+00;3.00000e-02;7.93951e-01;8.68385e-01;Pipeline { filter(avg_Y < 715000.0000) | map_noise(attribute=avg_Y, percentage=0.01) | map_duplicate(probability=0.30) | filter(avg_Y > 33900.0000) | filter(avg_X > 0.0000) };7.31092e-01;1.00000e+00;Pipeline { filter(avg_X > 891.0000) };7.31092e-01;1.00000e+00;Pipeline { filter(avg_X > 0.0002) };7.31092e-01;1.00000e+00;Pipeline { filter(avg_X > 0.0000) }
datasets/geolife_60mins.csv;nsga2;5;35;3500;3500;1.25035e+02;100;100;100;1.00000e+00;1.00000e+00;3.00000e-02;7.93951e-01;8.68385e-01;Pipeline { filter(avg_Y < 715000.0000) | map_noise(attribute=avg_Y, percentage=0.01) | map_duplicate(probability=0.30) | filter(avg_Y > 33900.0000) | filter(avg_X > 0.0000) };7.31092e-01;1.00000e+00;Pipeline { filter(avg_X > 508.0000) };7.31092e-01;1.00000e+00;Pipeline { filter(avg_X > 2530.0000) };7.31092e-01;1.00000e+00;Pipeline { filter(avg_X > 21.6000) }
datasets/geolife_60mins.csv;nsga2;5;36;3600;3600;1.27901e+02;100;100;100;1.00000e+00;1.00000e+00;3.00000e-02;7.93951e-01;8.68385e-01;Pipeline { filter(avg_Y < 715000.0000) | map_noise(attribute=avg_Y, percentage=0.01) | map_duplicate(probability=0.30) | filter(avg_Y > 33900.0000) | filter(avg_X > 0.0000) };7.31092e-01;1.00000e+00;Pipeline { filter(avg_X > 0.0053) };7.31092e-01;1.00000e+00;Pipeline { filter(avg_X > 169.0000) };7.31092e-01;1.00000e+00;Pipeline { filter(avg_X > 0.0000) }
datasets/geolife_60mins.csv;nsga2;5;37;3700;3700;1.30736e+02;100;100;100;1.00000e+00;1.00000e+00;3.00000e-02;7.93951e-01;8.68385e-01;Pipeline { filter(avg_Y < 715000.0000) | map_noise(attribute=avg_Y, percentage=0.01) | map_duplicate(probability=0.30) | filter(avg_Y > 33900.0000) | filter(avg_X > 0.0000) };7.31092e-01;1.00000e+00;Pipeline { filter(avg_X > 0.3690) };7.31092e-01;1.00000e+00;Pipeline { filter(avg_X > 49.6000) };7.31092e-01;1.00000e+00;Pipeline { filter(avg_X > 144.0000) }
datasets/geolife_60mins.csv;nsga2;5;38;3800;3800;1.33551e+02;100;100;100;1.00000e+00;9.90000e-01;4.00000e-02;7.99200e-01;2.90667e-01;Pipeline { filter(avg_X > 67.7000) | map_noise(attribute=avg_Y, percentage=0.10) };7.31092e-01;1.00000e+00;Pipeline { filter(avg_X > 0.0000) };7.31092e-01;1.00000e+00;Pipeline { filter(avg_X > 0.0000) };7.31092e-01;1.00000e+00;Pipeline { filter(avg_X > 0.7310) }
datasets/geolife_60mins.csv;nsga2;5;39;3900;3900;1.36798e+02;100;100;100;1.00000e+00;1.00000e+00;4.00000e-02;7.99200e-01;2.90667e-01;Pipeline { filter(avg_X > 67.7000) | map_noise(attribute=avg_Y, percentage=0.10) };7.31092e-01;1.00000e+00;Pipeline { filter(avg_X > 359.0000) };7.31092e-01;1.00000e+00;Pipeline { filter(avg_X > 0.0000) };7.31092e-01;1.00000e+00;Pipeline { filter(avg_X > 0.0841) }
datasets/geolife_60mins.csv;nsga2;5;40;4000;4000;1.39782e+02;100;100;100;1.00000e+00;9.70000e-01;4.00000e-02;7.99200e-01;2.90667e-01;Pipeline { filter(avg_X > 67.7000) | map_noise(attribute=avg_Y, percentage=0.10) };7.31092e-01;1.00000e+00;Pipeline { filter(avg_X > 0.0001) };7.31092e-01;1.00000e+00;Pipeline { filter(avg_X > 0.0000) };7.31092e-01;1.00000e+00;Pipeline { filter(avg_X > 453.0000) }
datasets/geolife_60mins.csv;nsga2;5;41;4100;4100;1.42415e+02;100;100;100;1.00000e+00;1.00000e+00;4.00000e-02;7.99200e-01;2.90667e-01;Pipeline { filter(avg_X > 67.7000) | map_noise(attribute=avg_Y, percentage=0.10) };7.31092e-01;1.00000e+00;Pipeline { filter(avg_X > 847.0000) };7.31092e-01;1.00000e+00;Pipeline { filter(avg_X > 0.0000) };7.31092e-01;1.00000e+00;Pipeline { filter(avg_X > 0.0000) }
datasets/geolife_60mins.csv;nsga2;5;42;4200;4200;1.45213e+02;100;100;100;1.00000e+00;9.90000e-01;4.00000e-02;7.99200e-01;2.90667e-01;Pipeline { filter(avg_X > 67.7000) | map_noise(attribute=avg_Y, percentage=0.10) };7.31092e-01;1.00000e+00;Pipeline { filter(avg_X > 0.0537) };7.31092e-01;1.00000e+00;Pipeline { filter(avg_X > 0.0322) };7.31092e-01;1.00000e+00;Pipeline { filter(avg_X > 4.6800) }
datasets/geolife_60mins.csv;nsga2;5;43;4300;4300;1.48245e+02;100;100;100;1.00000e+00;1.00000e+00;4.00000e-02;7.99200e-01;2.90667e-01;Pipeline { filter(avg_X > 67.7000) | map_noise(attribute=avg_Y, percentage=0.10) };7.31092e-01;1.00000e+00;Pipeline { filter(avg_X > 0.0000) };7.31092e-01;1.00000e+00;Pipeline { filter(avg_X > 0.0000) };7.31092e-01;1.00000e+00;Pipeline { filter(avg_X > 0.0002) }
datasets/geolife_60mins.csv;nsga2;5;44;4400;4400;1.51379e+02;100;100;100;1.00000e+00;1.00000e+00;4.00000e-02;7.99200e-01;2.90667e-01;Pipeline { filter(avg_X > 67.7000) | map_noise(attribute=avg_Y, percentage=0.10) };7.31092e-01;1.00000e+00;Pipeline { filter(avg_X > 0.1040) };7.31092e-01;1.00000e+00;Pipeline { filter(avg_X > 0.0003) };7.31092e-01;1.00000e+00;Pipeline { filter(avg_X > 0.0000) }
datasets/geolife_60mins.csv;nsga2;5;45;4500;4500;1.54616e+02;100;100;100;1.00000e+00;1.00000e+00;4.00000e-02;7.99200e-01;2.90667e-01;Pipeline { filter(avg_X > 67.7000) | map_noise(attribute=avg_Y, percentage=0.10) };7.31092e-01;1.00000e+00;Pipeline { filter(avg_X > 0.0843) };7.31092e-01;1.00000e+00;Pipeline { filter(avg_X > 0.0000) };7.31092e-01;1.00000e+00;Pipeline { filter(avg_X > 0.0001) }
datasets/geolife_60mins.csv;nsga2;5;46;4600;4600;1.57778e+02;100;100;100;1.00000e+00;9.90000e-01;4.00000e-02;7.99200e-01;2.90667e-01;Pipeline { filter(avg_X > 67.7000) | map_noise(attribute=avg_Y, percentage=0.10) };7.31092e-01;1.00000e+00;Pipeline { filter(avg_X > 0.0000) };7.31092e-01;1.00000e+00;Pipeline { filter(avg_X > 0.4850) };7.31092e-01;1.00000e+00;Pipeline { filter(avg_X > 48.2000) }
datasets/geolife_60mins.csv;nsga2;5;47;4700;4700;1.61123e+02;100;100;100;1.00000e+00;1.00000e+00;4.00000e-02;7.99200e-01;2.90667e-01;Pipeline { filter(avg_X > 67.7000) | map_noise(attribute=avg_Y, percentage=0.10) };7.31092e-01;1.00000e+00;Pipeline { filter(avg_X > 0.0098) };7.31092e-01;1.00000e+00;Pipeline { filter(avg_X > 0.8860) };7.31092e-01;1.00000e+00;Pipeline { filter(avg_X > 0.0000) }
datasets/geolife_60mins.csv;nsga2;5;48;4800;4800;1.63900e+02;100;100;100;1.00000e+00;9.90000e-01;4.00000e-02;7.99200e-01;2.90667e-01;Pipeline { filter(avg_X > 67.7000) | map_noise(attribute=avg_Y, percentage=0.10) };7.31092e-01;1.00000e+00;Pipeline { filter(avg_X > 0.0151) };7.31092e-01;1.00000e+00;Pipeline { filter(avg_X > 0.0001) };7.31092e-01;1.00000e+00;Pipeline { filter(avg_X > 0.0000) }
datasets/geolife_60mins.csv;nsga2;5;49;4900;4900;1.67592e+02;100;100;100;1.00000e+00;1.00000e+00;4.00000e-02;7.99200e-01;2.90667e-01;Pipeline { filter(avg_X > 67.7000) | map_noise(attribute=avg_Y, percentage=0.10) };7.31092e-01;1.00000e+00;Pipeline { filter(avg_X > 0.0000) };7.31092e-01;1.00000e+00;Pipeline { filter(avg_X > 0.0000) };7.31092e-01;1.00000e+00;Pipeline { filter(avg_X > 0.0000) }
datasets/geolife_60mins.csv;nsga2;5;50;5000;5000;1.70388e+02;100;100;100;1.00000e+00;1.00000e+00;4.00000e-02;7.99200e-01;2.90667e-01;Pipeline { filter(avg_X > 67.7000) | map_noise(attribute=avg_Y, percentage=0.10) };7.31092e-01;1.00000e+00;Pipeline { filter(avg_X > 0.0006) };7.31092e-01;1.00000e+00;Pipeline { filter(avg_X > 0.0055) };7.31092e-01;1.00000e+00;Pipeline { filter(avg_X > 0.0000) }
