problem.name;solver.name;randomGenerator.seed;n.iterations;n.evals;n.births;elapsed.secs;all→size;firsts→size;lasts→size;all→each[genotype]→uniqueness;all→each[solution]→uniqueness;all→each[quality]→uniqueness;"all→percentile[quality→privacy;100]→quality→privacy";"all→percentile[quality→privacy;100]→quality→performance-similarity";"all→percentile[quality→privacy;100]→solution";"all→percentile[quality→performance-similarity;100]→quality→privacy";"all→percentile[quality→performance-similarity;100]→quality→performance-similarity";"all→percentile[quality→performance-similarity;100]→solution";"all→percentile[quality→privacy;75]→quality→privacy";"all→percentile[quality→privacy;75]→quality→performance-similarity";"all→percentile[quality→privacy;75]→solution";"all→percentile[quality→performance-similarity;75]→quality→privacy";"all→percentile[quality→performance-similarity;75]→quality→performance-similarity";"all→percentile[quality→performance-similarity;75]→solution"
datasets/airQuality_parallel.csv;nsga2;1;1;100;100;1.18950e+01;100;2;59;9.80000e-01;9.80000e-01;4.20000e-01;8.79455e-01;9.23203e-01;Pipeline { map_aggregate(attribute=NO2(GT), function=avg, window=10) };8.46251e-01;1.00000e+00;Pipeline { map_aggregate(attribute=PT08.S1(CO), function=min, window=7) };5.41671e-01;7.95239e-01;Pipeline { map_duplicate(probability=0.60) };6.12640e-01;7.81266e-01;Pipeline { map_duplicate(probability=0.30) | map_duplicate(probability=0.40) | filter(NOx(GT) > 0.5210) | map_aggregate(attribute=NOx(GT), function=avg, window=5) | filter(AH > 0.0000) }
datasets/airQuality_parallel.csv;nsga2;1;2;200;200;2.17870e+01;100;1;2;9.80000e-01;9.80000e-01;9.50000e-01;8.81885e-01;1.00000e+00;Pipeline { map_aggregate(attribute=PT08.S4(NO2), function=avg, window=8) };8.44283e-01;1.00000e+00;Pipeline { map_aggregate(attribute=PT08.S1(CO), function=min, window=9) };8.63339e-01;1.00000e+00;Pipeline { map_aggregate(attribute=PT08.S5(O3), function=max, window=3) };7.85888e-01;9.65522e-01;Pipeline { map_duplicate(probability=0.10) }
datasets/airQuality_parallel.csv;nsga2;1;3;300;300;2.66560e+01;100;1;2;1.00000e+00;1.00000e+00;9.60000e-01;8.84183e-01;1.00000e+00;Pipeline { map_aggregate(attribute=NOx(GT), function=min, window=3) };8.41904e-01;1.00000e+00;Pipeline { map_aggregate(attribute=PT08.S1(CO), function=min, window=10) };8.72417e-01;1.00000e+00;Pipeline { map_aggregate(attribute=T, function=min, window=9) };8.67861e-01;1.00000e+00;Pipeline { map_noise(attribute=NOx(GT), percentage=0.01) }
datasets/airQuality_parallel.csv;nsga2;1;4;400;400;3.04360e+01;100;1;3;1.00000e+00;1.00000e+00;9.20000e-01;8.84183e-01;1.00000e+00;Pipeline { map_aggregate(attribute=NOx(GT), function=min, window=3) };8.68460e-01;1.00000e+00;Pipeline { map_aggregate(attribute=AH, function=max, window=8) };8.79169e-01;1.00000e+00;Pipeline { map_aggregate(attribute=NOx(GT), function=min, window=10) };8.70450e-01;1.00000e+00;Pipeline { map_aggregate(attribute=T, function=min, window=3) | map_noise(attribute=PT08.S5(O3), percentage=0.01) }
datasets/airQuality_parallel.csv;nsga2;1;5;500;500;3.48100e+01;100;2;2;1.00000e+00;1.00000e+00;9.20000e-01;8.84183e-01;1.00000e+00;Pipeline { map_aggregate(attribute=NOx(GT), function=min, window=3) };8.70800e-01;1.00000e+00;Pipeline { map_aggregate(attribute=T, function=avg, window=4) };8.80022e-01;1.00000e+00;Pipeline { map_aggregate(attribute=C6H6(GT), function=avg, window=7) };8.73204e-01;1.00000e+00;Pipeline { map_noise(attribute=PT08.S2(NMHC), percentage=0.10) }
datasets/airQuality_parallel.csv;nsga2;1;6;600;600;3.90050e+01;100;2;1;1.00000e+00;1.00000e+00;9.30000e-01;8.84183e-01;1.00000e+00;Pipeline { map_aggregate(attribute=NOx(GT), function=min, window=3) };8.72991e-01;1.00000e+00;Pipeline { map_aggregate(attribute=AH, function=min, window=8) };8.80982e-01;1.00000e+00;Pipeline { map_aggregate(attribute=C6H6(GT), function=avg, window=4) };8.77968e-01;1.00000e+00;Pipeline { map_aggregate(attribute=PT08.S4(NO2), function=avg, window=6) | map_noise(attribute=AH, percentage=0.25) }
datasets/airQuality_parallel.csv;nsga2;1;7;700;700;4.37760e+01;100;2;1;1.00000e+00;1.00000e+00;8.70000e-01;8.84183e-01;1.00000e+00;Pipeline { map_aggregate(attribute=NOx(GT), function=min, window=3) };8.78301e-01;1.00000e+00;Pipeline { map_aggregate(attribute=PT08.S2(NMHC), function=avg, window=5) };8.81578e-01;1.00000e+00;Pipeline { map_aggregate(attribute=PT08.S4(NO2), function=avg, window=6) | map_noise(attribute=PT08.S5(O3), percentage=0.05) };8.79699e-01;1.00000e+00;Pipeline { map_aggregate(attribute=PT08.S5(O3), function=avg, window=3) }
datasets/airQuality_parallel.csv;nsga2;1;8;800;800;4.82940e+01;100;2;2;1.00000e+00;1.00000e+00;8.70000e-01;8.84183e-01;1.00000e+00;Pipeline { map_aggregate(attribute=NOx(GT), function=min, window=3) };8.79224e-01;1.00000e+00;Pipeline { map_aggregate(attribute=PT08.S4(NO2), function=avg, window=9) | map_aggregate(attribute=RH, function=min, window=3) };8.81677e-01;1.00000e+00;Pipeline { map_aggregate(attribute=PT08.S4(NO2), function=avg, window=6) };8.80022e-01;1.00000e+00;Pipeline { map_aggregate(attribute=C6H6(GT), function=avg, window=7) }
datasets/airQuality_parallel.csv;nsga2;1;9;900;900;5.24030e+01;100;2;1;1.00000e+00;1.00000e+00;8.90000e-01;8.84183e-01;1.00000e+00;Pipeline { map_aggregate(attribute=NOx(GT), function=min, window=3) };8.80009e-01;1.00000e+00;Pipeline { map_aggregate(attribute=PT08.S5(O3), function=avg, window=7) };8.82027e-01;1.00000e+00;Pipeline { map_aggregate(attribute=PT08.S4(NO2), function=avg, window=10) | map_noise(attribute=NO2(GT), percentage=0.01) };8.80862e-01;1.00000e+00;Pipeline { map_aggregate(attribute=PT08.S5(O3), function=avg, window=4) | map_noise(attribute=NOx(GT), percentage=0.25) }
datasets/airQuality_parallel.csv;nsga2;1;10;1000;1000;5.69240e+01;100;2;1;1.00000e+00;1.00000e+00;8.30000e-01;8.84183e-01;1.00000e+00;Pipeline { map_aggregate(attribute=NOx(GT), function=min, window=3) };8.80862e-01;1.00000e+00;Pipeline { map_aggregate(attribute=PT08.S5(O3), function=avg, window=4) | map_noise(attribute=NOx(GT), percentage=0.25) };8.82313e-01;1.00000e+00;Pipeline { map_aggregate(attribute=PT08.S4(NO2), function=avg, window=6) | map_aggregate(attribute=NMHC(GT), function=min, window=3) };8.81412e-01;1.00000e+00;Pipeline { map_aggregate(attribute=PT08.S4(NO2), function=avg, window=6) | map_noise(attribute=RH, percentage=0.10) }
datasets/airQuality_parallel.csv;nsga2;1;11;1100;1100;6.19640e+01;100;2;1;1.00000e+00;1.00000e+00;7.70000e-01;8.84183e-01;1.00000e+00;Pipeline { map_aggregate(attribute=NOx(GT), function=min, window=3) };8.81344e-01;1.00000e+00;Pipeline { map_aggregate(attribute=PT08.S5(O3), function=avg, window=7) | map_noise(attribute=NMHC(GT), percentage=0.25) };8.82441e-01;1.00000e+00;Pipeline { map_aggregate(attribute=PT08.S5(O3), function=avg, window=4) | map_noise(attribute=PT08.S5(O3), percentage=0.01) };8.81677e-01;1.00000e+00;Pipeline { map_aggregate(attribute=PT08.S4(NO2), function=avg, window=6) | map_noise(attribute=NMHC(GT), percentage=0.10) }
datasets/airQuality_parallel.csv;nsga2;1;12;1200;1200;6.59960e+01;100;3;1;1.00000e+00;1.00000e+00;7.10000e-01;8.86183e-01;8.97267e-01;Pipeline { map_aggregate(attribute=NO2(GT), function=min, window=3) | map_aggregate(attribute=PT08.S1(CO), function=avg, window=10) };8.81647e-01;1.00000e+00;Pipeline { map_aggregate(attribute=PT08.S4(NO2), function=avg, window=6) | map_aggregate(attribute=T, function=avg, window=5) };8.82516e-01;1.00000e+00;Pipeline { map_aggregate(attribute=PT08.S5(O3), function=avg, window=4) | map_noise(attribute=C6H6(GT), percentage=0.01) };8.81997e-01;1.00000e+00;Pipeline { map_aggregate(attribute=PT08.S4(NO2), function=avg, window=6) | map_noise(attribute=NOx(GT), percentage=0.01) }
datasets/airQuality_parallel.csv;nsga2;1;13;1300;1300;6.98550e+01;100;2;2;1.00000e+00;1.00000e+00;6.90000e-01;8.86183e-01;8.97267e-01;Pipeline { map_aggregate(attribute=NO2(GT), function=min, window=3) | map_aggregate(attribute=PT08.S1(CO), function=avg, window=10) };8.81918e-01;1.00000e+00;Pipeline { map_aggregate(attribute=PT08.S4(NO2), function=avg, window=6) | map_aggregate(attribute=T, function=avg, window=10) };8.82652e-01;1.00000e+00;Pipeline { map_aggregate(attribute=PT08.S5(O3), function=avg, window=4) | map_noise(attribute=NOx(GT), percentage=0.01) };8.82215e-01;1.00000e+00;Pipeline { map_aggregate(attribute=C6H6(GT), function=avg, window=8) }
datasets/airQuality_parallel.csv;nsga2;1;14;1400;1400;7.37680e+01;100;2;1;1.00000e+00;1.00000e+00;7.00000e-01;8.86183e-01;8.97267e-01;Pipeline { map_aggregate(attribute=NO2(GT), function=min, window=3) | map_aggregate(attribute=PT08.S1(CO), function=avg, window=10) };8.82151e-01;1.00000e+00;Pipeline { map_aggregate(attribute=PT08.S4(NO2), function=avg, window=10) | map_noise(attribute=NOx(GT), percentage=0.25) };8.82998e-01;1.00000e+00;Pipeline { map_aggregate(attribute=PT08.S5(O3), function=avg, window=4) | map_noise(attribute=NOx(GT), percentage=0.25) };8.82354e-01;1.00000e+00;Pipeline { map_aggregate(attribute=PT08.S4(NO2), function=avg, window=10) | map_noise(attribute=NMHC(GT), percentage=0.25) }
datasets/airQuality_parallel.csv;nsga2;1;15;1500;1500;7.76090e+01;100;2;5;1.00000e+00;1.00000e+00;7.00000e-01;8.87633e-01;8.97267e-01;Pipeline { map_aggregate(attribute=NO2(GT), function=min, window=3) | map_aggregate(attribute=C6H6(GT), function=avg, window=3) };8.82313e-01;1.00000e+00;Pipeline { map_aggregate(attribute=PT08.S4(NO2), function=avg, window=6) | map_aggregate(attribute=NMHC(GT), function=min, window=9) };8.83126e-01;1.00000e+00;Pipeline { map_aggregate(attribute=PT08.S4(NO2), function=avg, window=10) | map_aggregate(attribute=T, function=avg, window=3) };8.82441e-01;1.00000e+00;Pipeline { map_aggregate(attribute=PT08.S4(NO2), function=avg, window=10) | map_noise(attribute=RH, percentage=0.05) }
datasets/airQuality_parallel.csv;nsga2;1;16;1600;1600;8.16940e+01;100;3;2;1.00000e+00;1.00000e+00;7.80000e-01;8.87748e-01;8.45608e-01;Pipeline { map_aggregate(attribute=PT08.S5(O3), function=avg, window=4) | map_aggregate(attribute=NO2(GT), function=min, window=5) };8.82354e-01;1.00000e+00;Pipeline { map_aggregate(attribute=PT08.S4(NO2), function=avg, window=10) | map_noise(attribute=NMHC(GT), percentage=0.01) };8.83320e-01;1.00000e+00;Pipeline { map_noise(attribute=NOx(GT), percentage=0.10) | map_aggregate(attribute=C6H6(GT), function=avg, window=3) };8.82472e-01;1.00000e+00;Pipeline { map_aggregate(attribute=PT08.S4(NO2), function=avg, window=9) | map_aggregate(attribute=NOx(GT), function=avg, window=7) }
datasets/airQuality_parallel.csv;nsga2;1;17;1700;1700;8.65810e+01;100;3;9;1.00000e+00;1.00000e+00;8.70000e-01;8.87748e-01;8.45608e-01;Pipeline { map_aggregate(attribute=PT08.S5(O3), function=avg, window=4) | map_aggregate(attribute=NO2(GT), function=min, window=5) };8.82441e-01;1.00000e+00;Pipeline { map_aggregate(attribute=PT08.S5(O3), function=avg, window=4) | map_noise(attribute=PT08.S2(NMHC), percentage=0.01) };8.83726e-01;1.00000e+00;Pipeline { map_aggregate(attribute=PT08.S4(NO2), function=avg, window=9) | map_aggregate(attribute=NOx(GT), function=min, window=8) };8.82736e-01;1.00000e+00;Pipeline { map_aggregate(attribute=PT08.S4(NO2), function=avg, window=9) | map_noise(attribute=RH, percentage=0.05) }
datasets/airQuality_parallel.csv;nsga2;1;18;1800;1800;9.08080e+01;100;1;2;1.00000e+00;1.00000e+00;9.30000e-01;8.88608e-01;1.00000e+00;Pipeline { map_aggregate(attribute=PT08.S4(NO2), function=avg, window=6) | map_aggregate(attribute=NOx(GT), function=min, window=3) };8.82579e-01;1.00000e+00;Pipeline { map_aggregate(attribute=PT08.S4(NO2), function=avg, window=7) | map_aggregate(attribute=T, function=avg, window=4) };8.84804e-01;9.23203e-01;Pipeline { map_aggregate(attribute=PT08.S4(NO2), function=avg, window=9) | map_aggregate(attribute=NO2(GT), function=avg, window=10) };8.83402e-01;1.00000e+00;Pipeline { map_aggregate(attribute=PT08.S4(NO2), function=avg, window=6) | map_aggregate(attribute=NOx(GT), function=min, window=8) }
datasets/airQuality_parallel.csv;nsga2;1;19;1900;1900;9.51810e+01;100;1;3;1.00000e+00;1.00000e+00;9.30000e-01;8.88608e-01;1.00000e+00;Pipeline { map_aggregate(attribute=PT08.S4(NO2), function=avg, window=6) | map_aggregate(attribute=NOx(GT), function=min, window=3) };8.82816e-01;1.00000e+00;Pipeline { map_aggregate(attribute=PT08.S4(NO2), function=avg, window=4) | map_aggregate(attribute=RH, function=avg, window=8) };8.85202e-01;8.45608e-01;Pipeline { map_aggregate(attribute=NO2(GT), function=min, window=5) | map_aggregate(attribute=PT08.S1(CO), function=avg, window=9) };8.83696e-01;1.00000e+00;Pipeline { map_aggregate(attribute=PT08.S4(NO2), function=avg, window=4) | map_aggregate(attribute=NOx(GT), function=min, window=10) }
datasets/airQuality_parallel.csv;nsga2;1;20;2000;2000;9.93720e+01;100;1;1;1.00000e+00;1.00000e+00;9.40000e-01;8.88916e-01;1.00000e+00;Pipeline { map_aggregate(attribute=PT08.S4(NO2), function=avg, window=10) | map_aggregate(attribute=NOx(GT), function=min, window=3) };8.83055e-01;1.00000e+00;Pipeline { map_aggregate(attribute=PT08.S5(O3), function=avg, window=4) | map_aggregate(attribute=NMHC(GT), function=min, window=4) };8.86113e-01;8.45608e-01;Pipeline { map_aggregate(attribute=NO2(GT), function=min, window=5) | map_aggregate(attribute=C6H6(GT), function=avg, window=3) };8.83926e-01;1.00000e+00;Pipeline { map_aggregate(attribute=PT08.S4(NO2), function=avg, window=10) | map_aggregate(attribute=RH, function=avg, window=10) }
datasets/airQuality_parallel.csv;nsga2;1;21;2100;2100;1.04002e+02;100;1;3;1.00000e+00;1.00000e+00;9.80000e-01;8.88916e-01;1.00000e+00;Pipeline { map_aggregate(attribute=PT08.S4(NO2), function=avg, window=10) | map_aggregate(attribute=NOx(GT), function=min, window=3) };8.83195e-01;1.00000e+00;Pipeline { map_aggregate(attribute=PT08.S4(NO2), function=avg, window=10) | map_noise(attribute=NOx(GT), percentage=0.05) };8.86367e-01;8.45608e-01;Pipeline { map_aggregate(attribute=NO2(GT), function=min, window=5) | map_aggregate(attribute=PT08.S5(O3), function=avg, window=7) };8.84512e-01;1.00000e+00;Pipeline { map_aggregate(attribute=PT08.S4(NO2), function=avg, window=9) | map_aggregate(attribute=NOx(GT), function=avg, window=3) }
datasets/airQuality_parallel.csv;nsga2;1;22;2200;2200;1.08619e+02;100;1;2;1.00000e+00;1.00000e+00;9.70000e-01;8.88916e-01;1.00000e+00;Pipeline { map_aggregate(attribute=PT08.S4(NO2), function=avg, window=10) | map_aggregate(attribute=NOx(GT), function=min, window=3) };8.83717e-01;1.00000e+00;Pipeline { map_aggregate(attribute=NOx(GT), function=min, window=3) | map_noise(attribute=PT08.S4(NO2), percentage=0.01) };8.86578e-01;8.97267e-01;Pipeline { map_aggregate(attribute=NO2(GT), function=min, window=3) | map_aggregate(attribute=PT08.S4(NO2), function=avg, window=6) };8.85044e-01;1.00000e+00;Pipeline { map_aggregate(attribute=NOx(GT), function=min, window=7) | map_aggregate(attribute=PT08.S2(NMHC), function=avg, window=7) }
datasets/airQuality_parallel.csv;nsga2;1;23;2300;2300;1.12888e+02;100;1;1;1.00000e+00;1.00000e+00;9.30000e-01;8.89719e-01;1.00000e+00;Pipeline { map_aggregate(attribute=PT08.S4(NO2), function=avg, window=7) | map_aggregate(attribute=NOx(GT), function=min, window=3) };8.84317e-01;1.00000e+00;Pipeline { map_aggregate(attribute=PT08.S4(NO2), function=avg, window=9) | map_aggregate(attribute=NOx(GT), function=min, window=7) };8.86889e-01;1.00000e+00;Pipeline { map_aggregate(attribute=C6H6(GT), function=avg, window=9) | map_aggregate(attribute=NOx(GT), function=min, window=8) };8.86058e-01;1.00000e+00;Pipeline { map_aggregate(attribute=NOx(GT), function=min, window=4) | map_aggregate(attribute=PT08.S1(CO), function=avg, window=7) }
datasets/airQuality_parallel.csv;nsga2;1;24;2400;2400;1.17159e+02;100;1;1;1.00000e+00;1.00000e+00;9.20000e-01;8.89719e-01;1.00000e+00;Pipeline { map_aggregate(attribute=PT08.S4(NO2), function=avg, window=7) | map_aggregate(attribute=NOx(GT), function=min, window=3) };8.84640e-01;1.00000e+00;Pipeline { map_aggregate(attribute=C6H6(GT), function=avg, window=7) | map_aggregate(attribute=NOx(GT), function=min, window=9) };8.87296e-01;1.00000e+00;Pipeline { map_aggregate(attribute=PT08.S3(NOx), function=avg, window=6) | map_aggregate(attribute=NOx(GT), function=min, window=3) };8.86456e-01;1.00000e+00;Pipeline { map_aggregate(attribute=NOx(GT), function=min, window=3) | map_aggregate(attribute=T, function=min, window=9) }
datasets/airQuality_parallel.csv;nsga2;1;25;2500;2500;1.21192e+02;100;1;2;1.00000e+00;1.00000e+00;8.90000e-01;8.89719e-01;1.00000e+00;Pipeline { map_aggregate(attribute=PT08.S4(NO2), function=avg, window=7) | map_aggregate(attribute=NOx(GT), function=min, window=3) };8.85115e-01;1.00000e+00;Pipeline { map_aggregate(attribute=NOx(GT), function=min, window=3) | map_aggregate(attribute=NMHC(GT), function=min, window=9) };8.87724e-01;1.00000e+00;Pipeline { map_aggregate(attribute=NOx(GT), function=min, window=3) | map_aggregate(attribute=PT08.S3(NOx), function=avg, window=10) };8.86696e-01;1.00000e+00;Pipeline { map_aggregate(attribute=PT08.S4(NO2), function=avg, window=7) | map_aggregate(attribute=NOx(GT), function=min, window=5) }
datasets/airQuality_parallel.csv;nsga2;1;26;2600;2600;1.25092e+02;100;1;2;1.00000e+00;1.00000e+00;8.90000e-01;8.90211e-01;1.00000e+00;Pipeline { map_aggregate(attribute=NOx(GT), function=min, window=3) | map_aggregate(attribute=PT08.S5(O3), function=avg, window=9) };8.85567e-01;1.00000e+00;Pipeline { map_aggregate(attribute=PT08.S2(NMHC), function=avg, window=9) | map_aggregate(attribute=NOx(GT), function=min, window=7) };8.87785e-01;9.18060e-01;Pipeline { map_aggregate(attribute=NO2(GT), function=avg, window=9) | map_aggregate(attribute=NOx(GT), function=min, window=7) };8.86889e-01;1.00000e+00;Pipeline { map_aggregate(attribute=C6H6(GT), function=avg, window=9) | map_aggregate(attribute=NOx(GT), function=min, window=8) }
datasets/airQuality_parallel.csv;nsga2;1;27;2700;2700;1.28952e+02;100;1;2;1.00000e+00;1.00000e+00;8.70000e-01;8.90211e-01;1.00000e+00;Pipeline { map_aggregate(attribute=NOx(GT), function=min, window=3) | map_aggregate(attribute=PT08.S5(O3), function=avg, window=9) };8.85916e-01;1.00000e+00;Pipeline { map_aggregate(attribute=NOx(GT), function=min, window=3) | map_aggregate(attribute=T, function=min, window=10) };8.87969e-01;1.00000e+00;Pipeline { map_aggregate(attribute=NOx(GT), function=min, window=3) | map_aggregate(attribute=PT08.S4(NO2), function=avg, window=4) };8.87364e-01;1.00000e+00;Pipeline { map_aggregate(attribute=C6H6(GT), function=avg, window=10) | map_aggregate(attribute=NOx(GT), function=min, window=7) }
datasets/airQuality_parallel.csv;nsga2;1;28;2800;2800;1.33078e+02;100;1;2;1.00000e+00;1.00000e+00;8.70000e-01;8.90563e-01;1.00000e+00;Pipeline { map_aggregate(attribute=NOx(GT), function=min, window=3) | map_aggregate(attribute=PT08.S5(O3), function=avg, window=10) };8.86223e-01;1.00000e+00;Pipeline { map_aggregate(attribute=PT08.S4(NO2), function=avg, window=8) | map_aggregate(attribute=NOx(GT), function=min, window=5) };8.88004e-01;9.32372e-01;Pipeline { map_aggregate(attribute=NO2(GT), function=avg, window=6) | map_aggregate(attribute=NOx(GT), function=min, window=6) };8.87296e-01;1.00000e+00;Pipeline { map_aggregate(attribute=PT08.S3(NOx), function=avg, window=6) | map_aggregate(attribute=NOx(GT), function=min, window=3) }
datasets/airQuality_parallel.csv;nsga2;1;29;2900;2900;1.37444e+02;100;1;2;1.00000e+00;1.00000e+00;8.80000e-01;8.90563e-01;1.00000e+00;Pipeline { map_aggregate(attribute=NOx(GT), function=min, window=3) | map_aggregate(attribute=PT08.S5(O3), function=avg, window=10) };8.86388e-01;1.00000e+00;Pipeline { map_aggregate(attribute=RH, function=avg, window=8) | map_aggregate(attribute=NOx(GT), function=min, window=4) };8.88123e-01;1.00000e+00;Pipeline { map_aggregate(attribute=PT08.S4(NO2), function=avg, window=3) | map_aggregate(attribute=NOx(GT), function=min, window=3) };8.87296e-01;1.00000e+00;Pipeline { map_aggregate(attribute=PT08.S3(NOx), function=avg, window=6) | map_aggregate(attribute=NOx(GT), function=min, window=3) }
datasets/airQuality_parallel.csv;nsga2;1;30;3000;3000;1.42599e+02;100;1;2;1.00000e+00;1.00000e+00;8.70000e-01;8.90563e-01;1.00000e+00;Pipeline { map_aggregate(attribute=NOx(GT), function=min, window=3) | map_aggregate(attribute=PT08.S5(O3), function=avg, window=10) };8.86559e-01;1.00000e+00;Pipeline { map_aggregate(attribute=PT08.S4(NO2), function=avg, window=6) | map_aggregate(attribute=NOx(GT), function=min, window=5) };8.88256e-01;9.33242e-01;Pipeline { map_aggregate(attribute=NO2(GT), function=avg, window=4) | map_aggregate(attribute=NOx(GT), function=min, window=3) };8.87367e-01;1.00000e+00;Pipeline { map_aggregate(attribute=RH, function=avg, window=6) | map_aggregate(attribute=NOx(GT), function=min, window=3) }
datasets/airQuality_parallel.csv;nsga2;1;31;3100;3100;1.47085e+02;100;1;1;1.00000e+00;1.00000e+00;8.30000e-01;8.90563e-01;1.00000e+00;Pipeline { map_aggregate(attribute=NOx(GT), function=min, window=3) | map_aggregate(attribute=PT08.S5(O3), function=avg, window=10) };8.86722e-01;1.00000e+00;Pipeline { map_aggregate(attribute=C6H6(GT), function=avg, window=6) | map_aggregate(attribute=NOx(GT), function=min, window=3) };8.88437e-01;9.30443e-01;Pipeline { map_aggregate(attribute=NO2(GT), function=avg, window=7) | map_aggregate(attribute=NOx(GT), function=min, window=3) };8.87405e-01;1.00000e+00;Pipeline { map_aggregate(attribute=PT08.S3(NOx), function=avg, window=4) | map_aggregate(attribute=NOx(GT), function=min, window=4) }
datasets/airQuality_parallel.csv;nsga2;1;32;3200;3200;1.52520e+02;100;1;2;1.00000e+00;1.00000e+00;8.40000e-01;8.90563e-01;1.00000e+00;Pipeline { map_aggregate(attribute=NOx(GT), function=min, window=3) | map_aggregate(attribute=PT08.S5(O3), function=avg, window=10) };8.86777e-01;1.00000e+00;Pipeline { map_aggregate(attribute=PT08.S2(NMHC), function=avg, window=7) | map_aggregate(attribute=NOx(GT), function=min, window=5) };8.88470e-01;9.30443e-01;Pipeline { map_aggregate(attribute=NO2(GT), function=avg, window=7) | map_aggregate(attribute=NOx(GT), function=min, window=5) };8.87521e-01;1.00000e+00;Pipeline { map_aggregate(attribute=C6H6(GT), function=avg, window=9) | map_aggregate(attribute=NOx(GT), function=min, window=6) }
datasets/airQuality_parallel.csv;nsga2;1;33;3300;3300;1.56803e+02;100;1;1;1.00000e+00;1.00000e+00;8.30000e-01;8.90563e-01;1.00000e+00;Pipeline { map_aggregate(attribute=NOx(GT), function=min, window=3) | map_aggregate(attribute=PT08.S5(O3), function=avg, window=10) };8.86866e-01;1.00000e+00;Pipeline { map_aggregate(attribute=PT08.S4(NO2), function=avg, window=4) | map_aggregate(attribute=NOx(GT), function=min, window=5) };8.88554e-01;9.54126e-01;Pipeline { map_aggregate(attribute=NO2(GT), function=avg, window=5) | map_aggregate(attribute=NOx(GT), function=min, window=3) };8.87521e-01;1.00000e+00;Pipeline { map_aggregate(attribute=C6H6(GT), function=avg, window=9) | map_aggregate(attribute=NOx(GT), function=min, window=6) }
datasets/airQuality_parallel.csv;nsga2;1;34;3400;3400;1.61214e+02;100;1;1;1.00000e+00;1.00000e+00;8.10000e-01;8.90563e-01;1.00000e+00;Pipeline { map_aggregate(attribute=NOx(GT), function=min, window=3) | map_aggregate(attribute=PT08.S5(O3), function=avg, window=10) };8.87075e-01;1.00000e+00;Pipeline { map_aggregate(attribute=C6H6(GT), function=avg, window=7) | map_aggregate(attribute=NOx(GT), function=min, window=3) };8.88631e-01;9.23203e-01;Pipeline { map_aggregate(attribute=NO2(GT), function=avg, window=8) | map_aggregate(attribute=NOx(GT), function=min, window=4) };8.87786e-01;1.00000e+00;Pipeline { map_aggregate(attribute=PT08.S3(NOx), function=avg, window=8) | map_aggregate(attribute=NOx(GT), function=min, window=3) }
datasets/airQuality_parallel.csv;nsga2;1;35;3500;3500;1.65792e+02;100;1;2;1.00000e+00;1.00000e+00;8.00000e-01;8.90563e-01;1.00000e+00;Pipeline { map_aggregate(attribute=NOx(GT), function=min, window=3) | map_aggregate(attribute=PT08.S5(O3), function=avg, window=10) };8.87186e-01;1.00000e+00;Pipeline { map_aggregate(attribute=NOx(GT), function=min, window=4) | map_aggregate(attribute=PT08.S4(NO2), function=avg, window=4) };8.88887e-01;1.00000e+00;Pipeline { map_aggregate(attribute=C6H6(GT), function=avg, window=10) | map_aggregate(attribute=NOx(GT), function=min, window=3) };8.87811e-01;1.00000e+00;Pipeline { map_aggregate(attribute=PT08.S3(NOx), function=avg, window=7) | map_aggregate(attribute=NOx(GT), function=min, window=4) }
datasets/airQuality_parallel.csv;nsga2;1;36;3600;3600;1.69843e+02;100;1;1;1.00000e+00;1.00000e+00;7.80000e-01;8.90563e-01;1.00000e+00;Pipeline { map_aggregate(attribute=NOx(GT), function=min, window=3) | map_aggregate(attribute=PT08.S5(O3), function=avg, window=10) };8.87205e-01;1.00000e+00;Pipeline { map_aggregate(attribute=PT08.S1(CO), function=avg, window=8) | map_aggregate(attribute=NOx(GT), function=min, window=3) };8.88887e-01;1.00000e+00;Pipeline { map_aggregate(attribute=NOx(GT), function=min, window=4) | map_aggregate(attribute=C6H6(GT), function=avg, window=8) };8.87811e-01;1.00000e+00;Pipeline { map_aggregate(attribute=PT08.S3(NOx), function=avg, window=7) | map_aggregate(attribute=NOx(GT), function=min, window=4) }
datasets/airQuality_parallel.csv;nsga2;1;37;3700;3700;1.74010e+02;100;1;3;1.00000e+00;1.00000e+00;7.30000e-01;8.90563e-01;1.00000e+00;Pipeline { map_aggregate(attribute=NOx(GT), function=min, window=3) | map_aggregate(attribute=PT08.S5(O3), function=avg, window=10) };8.87336e-01;1.00000e+00;Pipeline { map_aggregate(attribute=NOx(GT), function=min, window=3) | map_aggregate(attribute=PT08.S2(NMHC), function=avg, window=9) };8.88916e-01;1.00000e+00;Pipeline { map_aggregate(attribute=NOx(GT), function=min, window=3) | map_aggregate(attribute=PT08.S4(NO2), function=avg, window=9) };8.87932e-01;1.00000e+00;Pipeline { map_aggregate(attribute=NOx(GT), function=min, window=4) | map_aggregate(attribute=PT08.S5(O3), function=avg, window=3) }
datasets/airQuality_parallel.csv;nsga2;1;38;3800;3800;1.78601e+02;100;1;1;1.00000e+00;1.00000e+00;7.00000e-01;8.90563e-01;1.00000e+00;Pipeline { map_aggregate(attribute=NOx(GT), function=min, window=3) | map_aggregate(attribute=PT08.S5(O3), function=avg, window=10) };8.87488e-01;1.00000e+00;Pipeline { map_aggregate(attribute=PT08.S1(CO), function=avg, window=9) | map_aggregate(attribute=NOx(GT), function=min, window=3) };8.88916e-01;1.00000e+00;Pipeline { map_aggregate(attribute=NOx(GT), function=min, window=3) | map_aggregate(attribute=PT08.S4(NO2), function=avg, window=9) };8.87999e-01;1.00000e+00;Pipeline { map_aggregate(attribute=PT08.S3(NOx), function=avg, window=8) | map_aggregate(attribute=NOx(GT), function=min, window=4) }
datasets/airQuality_parallel.csv;nsga2;1;39;3900;3900;1.82764e+02;100;1;1;1.00000e+00;1.00000e+00;6.50000e-01;8.90563e-01;1.00000e+00;Pipeline { map_aggregate(attribute=NOx(GT), function=min, window=3) | map_aggregate(attribute=PT08.S5(O3), function=avg, window=10) };8.87535e-01;1.00000e+00;Pipeline { map_aggregate(attribute=PT08.S4(NO2), function=avg, window=8) | map_aggregate(attribute=NOx(GT), function=min, window=4) };8.88916e-01;1.00000e+00;Pipeline { map_aggregate(attribute=NOx(GT), function=min, window=3) | map_aggregate(attribute=PT08.S4(NO2), function=avg, window=9) };8.88008e-01;1.00000e+00;Pipeline { map_aggregate(attribute=NOx(GT), function=min, window=4) | map_aggregate(attribute=PT08.S2(NMHC), function=avg, window=5) }
datasets/airQuality_parallel.csv;nsga2;1;40;4000;4000;1.86884e+02;100;1;3;1.00000e+00;1.00000e+00;6.20000e-01;8.90563e-01;1.00000e+00;Pipeline { map_aggregate(attribute=NOx(GT), function=min, window=3) | map_aggregate(attribute=PT08.S5(O3), function=avg, window=10) };8.87742e-01;1.00000e+00;Pipeline { map_aggregate(attribute=PT08.S2(NMHC), function=avg, window=4) | map_aggregate(attribute=NOx(GT), function=min, window=5) };8.88916e-01;1.00000e+00;Pipeline { map_aggregate(attribute=NOx(GT), function=min, window=3) | map_aggregate(attribute=PT08.S4(NO2), function=avg, window=10) };8.88123e-01;1.00000e+00;Pipeline { map_aggregate(attribute=PT08.S4(NO2), function=avg, window=3) | map_aggregate(attribute=NOx(GT), function=min, window=3) }
datasets/airQuality_parallel.csv;nsga2;1;41;4100;4100;1.90987e+02;100;1;2;1.00000e+00;1.00000e+00;6.00000e-01;8.90563e-01;1.00000e+00;Pipeline { map_aggregate(attribute=NOx(GT), function=min, window=3) | map_aggregate(attribute=PT08.S5(O3), function=avg, window=10) };8.87755e-01;1.00000e+00;Pipeline { map_aggregate(attribute=PT08.S3(NOx), function=avg, window=7) | map_aggregate(attribute=NOx(GT), function=min, window=3) };8.88916e-01;1.00000e+00;Pipeline { map_aggregate(attribute=NOx(GT), function=min, window=3) | map_aggregate(attribute=PT08.S5(O3), function=avg, window=8) };8.88123e-01;1.00000e+00;Pipeline { map_aggregate(attribute=NOx(GT), function=min, window=3) | map_aggregate(attribute=PT08.S4(NO2), function=avg, window=3) }
datasets/airQuality_parallel.csv;nsga2;1;42;4200;4200;1.95080e+02;100;1;1;1.00000e+00;1.00000e+00;6.20000e-01;8.90563e-01;1.00000e+00;Pipeline { map_aggregate(attribute=NOx(GT), function=min, window=3) | map_aggregate(attribute=PT08.S5(O3), function=avg, window=10) };8.87794e-01;1.00000e+00;Pipeline { map_aggregate(attribute=PT08.S2(NMHC), function=avg, window=8) | map_aggregate(attribute=NOx(GT), function=min, window=5) };8.88925e-01;1.00000e+00;Pipeline { map_aggregate(attribute=NOx(GT), function=min, window=3) | map_aggregate(attribute=PT08.S4(NO2), function=avg, window=8) };8.88233e-01;1.00000e+00;Pipeline { map_aggregate(attribute=NOx(GT), function=min, window=3) | map_aggregate(attribute=PT08.S2(NMHC), function=avg, window=4) }
datasets/airQuality_parallel.csv;nsga2;1;43;4300;4300;1.99408e+02;100;1;1;1.00000e+00;1.00000e+00;6.00000e-01;8.90563e-01;1.00000e+00;Pipeline { map_aggregate(attribute=NOx(GT), function=min, window=3) | map_aggregate(attribute=PT08.S5(O3), function=avg, window=10) };8.87824e-01;1.00000e+00;Pipeline { map_aggregate(attribute=C6H6(GT), function=avg, window=6) | map_aggregate(attribute=NOx(GT), function=min, window=4) };8.88925e-01;1.00000e+00;Pipeline { map_aggregate(attribute=PT08.S4(NO2), function=avg, window=8) | map_aggregate(attribute=NOx(GT), function=min, window=3) };8.88293e-01;1.00000e+00;Pipeline { map_aggregate(attribute=NOx(GT), function=min, window=3) | map_aggregate(attribute=PT08.S5(O3), function=avg, window=3) }
datasets/airQuality_parallel.csv;nsga2;1;44;4400;4400;2.03748e+02;100;1;1;1.00000e+00;1.00000e+00;5.90000e-01;8.90563e-01;1.00000e+00;Pipeline { map_aggregate(attribute=NOx(GT), function=min, window=3) | map_aggregate(attribute=PT08.S5(O3), function=avg, window=10) };8.87832e-01;1.00000e+00;Pipeline { map_aggregate(attribute=NOx(GT), function=min, window=3) | map_aggregate(attribute=PT08.S4(NO2), function=avg, window=5) };8.89045e-01;9.23203e-01;Pipeline { map_aggregate(attribute=NO2(GT), function=avg, window=10) | map_aggregate(attribute=NOx(GT), function=min, window=7) };8.88293e-01;1.00000e+00;Pipeline { map_aggregate(attribute=PT08.S5(O3), function=avg, window=3) | map_aggregate(attribute=NOx(GT), function=min, window=3) }
datasets/airQuality_parallel.csv;nsga2;1;45;4500;4500;2.09074e+02;100;1;1;1.00000e+00;1.00000e+00;5.90000e-01;8.90563e-01;1.00000e+00;Pipeline { map_aggregate(attribute=NOx(GT), function=min, window=3) | map_aggregate(attribute=PT08.S5(O3), function=avg, window=10) };8.87832e-01;1.00000e+00;Pipeline { map_aggregate(attribute=NOx(GT), function=min, window=3) | map_aggregate(attribute=PT08.S4(NO2), function=avg, window=5) };8.89045e-01;9.23203e-01;Pipeline { map_aggregate(attribute=NO2(GT), function=avg, window=10) | map_aggregate(attribute=NOx(GT), function=min, window=9) };8.88293e-01;1.00000e+00;Pipeline { map_aggregate(attribute=PT08.S5(O3), function=avg, window=3) | map_aggregate(attribute=NOx(GT), function=min, window=3) }
datasets/airQuality_parallel.csv;nsga2;1;46;4600;4600;2.13563e+02;100;2;1;1.00000e+00;1.00000e+00;5.80000e-01;8.90563e-01;1.00000e+00;Pipeline { map_aggregate(attribute=NOx(GT), function=min, window=3) | map_aggregate(attribute=PT08.S5(O3), function=avg, window=10) };8.87925e-01;1.00000e+00;Pipeline { map_aggregate(attribute=PT08.S3(NOx), function=avg, window=10) | map_aggregate(attribute=NOx(GT), function=min, window=4) };8.89045e-01;9.23203e-01;Pipeline { map_aggregate(attribute=NO2(GT), function=avg, window=10) | map_aggregate(attribute=NOx(GT), function=min, window=9) };8.88300e-01;1.00000e+00;Pipeline { map_aggregate(attribute=NOx(GT), function=min, window=3) | map_aggregate(attribute=PT08.S5(O3), function=avg, window=7) }
datasets/airQuality_parallel.csv;nsga2;1;47;4700;4700;2.17742e+02;100;2;2;1.00000e+00;1.00000e+00;5.70000e-01;8.90563e-01;1.00000e+00;Pipeline { map_aggregate(attribute=NOx(GT), function=min, window=3) | map_aggregate(attribute=PT08.S5(O3), function=avg, window=10) };8.87932e-01;1.00000e+00;Pipeline { map_aggregate(attribute=NOx(GT), function=min, window=4) | map_aggregate(attribute=PT08.S5(O3), function=avg, window=3) };8.89045e-01;9.23203e-01;Pipeline { map_aggregate(attribute=NO2(GT), function=avg, window=10) | map_aggregate(attribute=NOx(GT), function=min, window=7) };8.88300e-01;1.00000e+00;Pipeline { map_aggregate(attribute=PT08.S5(O3), function=avg, window=7) | map_aggregate(attribute=NOx(GT), function=min, window=3) }
datasets/airQuality_parallel.csv;nsga2;1;48;4800;4800;2.21781e+02;100;2;1;1.00000e+00;1.00000e+00;5.60000e-01;8.90563e-01;1.00000e+00;Pipeline { map_aggregate(attribute=NOx(GT), function=min, window=3) | map_aggregate(attribute=PT08.S5(O3), function=avg, window=10) };8.87932e-01;1.00000e+00;Pipeline { map_aggregate(attribute=NOx(GT), function=min, window=4) | map_aggregate(attribute=PT08.S5(O3), function=avg, window=3) };8.89045e-01;9.23203e-01;Pipeline { map_aggregate(attribute=NO2(GT), function=avg, window=10) | map_aggregate(attribute=NOx(GT), function=min, window=9) };8.88300e-01;1.00000e+00;Pipeline { map_aggregate(attribute=PT08.S5(O3), function=avg, window=7) | map_aggregate(attribute=NOx(GT), function=min, window=3) }
datasets/airQuality_parallel.csv;nsga2;1;49;4900;4900;2.25947e+02;100;2;1;1.00000e+00;1.00000e+00;5.30000e-01;8.90563e-01;1.00000e+00;Pipeline { map_aggregate(attribute=NOx(GT), function=min, window=3) | map_aggregate(attribute=PT08.S5(O3), function=avg, window=10) };8.88008e-01;1.00000e+00;Pipeline { map_aggregate(attribute=NOx(GT), function=min, window=3) | map_aggregate(attribute=PT08.S2(NMHC), function=avg, window=5) };8.89073e-01;9.23203e-01;Pipeline { map_aggregate(attribute=NO2(GT), function=avg, window=10) | map_aggregate(attribute=NOx(GT), function=min, window=8) };8.88361e-01;1.00000e+00;Pipeline { map_aggregate(attribute=PT08.S5(O3), function=avg, window=7) | map_aggregate(attribute=NOx(GT), function=min, window=4) }
datasets/airQuality_parallel.csv;nsga2;1;50;5000;5000;2.30149e+02;100;2;2;1.00000e+00;1.00000e+00;5.20000e-01;8.90563e-01;1.00000e+00;Pipeline { map_aggregate(attribute=NOx(GT), function=min, window=3) | map_aggregate(attribute=PT08.S5(O3), function=avg, window=10) };8.88008e-01;1.00000e+00;Pipeline { map_aggregate(attribute=NOx(GT), function=min, window=3) | map_aggregate(attribute=PT08.S2(NMHC), function=avg, window=5) };8.89073e-01;9.23203e-01;Pipeline { map_aggregate(attribute=NO2(GT), function=avg, window=10) | map_aggregate(attribute=NOx(GT), function=min, window=8) };8.88511e-01;1.00000e+00;Pipeline { map_aggregate(attribute=C6H6(GT), function=avg, window=8) | map_aggregate(attribute=NOx(GT), function=min, window=3) }
datasets/airQuality_parallel.csv;nsga2;2;1;100;100;6.18900e+00;100;1;57;9.90000e-01;9.90000e-01;4.10000e-01;8.73362e-01;1.00000e+00;Pipeline { map_noise(attribute=PT08.S1(CO), percentage=0.10) };8.45479e-01;1.00000e+00;Pipeline { map_aggregate(attribute=PT08.S2(NMHC), function=min, window=5) | map_noise(attribute=AH, percentage=0.25) };7.19640e-01;9.28468e-01;Pipeline { map_duplicate(probability=0.20) };5.86632e-01;7.80098e-01;Pipeline { map_duplicate(probability=0.10) | map_duplicate(probability=0.30) | map_aggregate(attribute=NOx(GT), function=avg, window=10) | map_duplicate(probability=0.10) | filter(PT08.S3(NOx) < 9320000000.0000) }
datasets/airQuality_parallel.csv;nsga2;2;2;200;200;1.29850e+01;100;1;3;9.90000e-01;9.90000e-01;9.10000e-01;8.79161e-01;1.00000e+00;Pipeline { map_aggregate(attribute=PT08.S1(CO), function=avg, window=10) };8.45479e-01;1.00000e+00;Pipeline { map_aggregate(attribute=PT08.S2(NMHC), function=min, window=5) | map_noise(attribute=AH, percentage=0.25) };8.68139e-01;1.00000e+00;Pipeline { map_noise(attribute=NMHC(GT), percentage=0.10) };8.71387e-01;1.00000e+00;Pipeline { map_noise(attribute=NOx(GT), percentage=0.25) }
datasets/airQuality_parallel.csv;nsga2;2;3;300;300;1.77560e+01;100;2;2;9.90000e-01;9.90000e-01;9.00000e-01;8.80971e-01;9.52227e-01;Pipeline { map_aggregate(attribute=NO2(GT), function=avg, window=3) | map_noise(attribute=AH, percentage=0.25) };8.46686e-01;1.00000e+00;Pipeline { map_aggregate(attribute=PT08.S2(NMHC), function=min, window=5) | map_noise(attribute=PT08.S3(NOx), percentage=0.10) };8.70800e-01;1.00000e+00;Pipeline { map_noise(attribute=T, percentage=0.25) };8.68134e-01;1.00000e+00;Pipeline { map_noise(attribute=PT08.S5(O3), percentage=0.01) }
datasets/airQuality_parallel.csv;nsga2;2;4;400;400;2.17640e+01;100;2;2;9.90000e-01;9.90000e-01;9.00000e-01;8.82771e-01;8.80488e-01;Pipeline { map_aggregate(attribute=NO2(GT), function=min, window=4) };8.68377e-01;1.00000e+00;Pipeline { map_noise(attribute=PT08.S4(NO2), percentage=0.01) };8.77508e-01;7.97486e-01;Pipeline { map_aggregate(attribute=NO2(GT), function=min, window=7) };8.70052e-01;1.00000e+00;Pipeline { map_noise(attribute=PT08.S4(NO2), percentage=0.05) }
datasets/airQuality_parallel.csv;nsga2;2;5;500;500;2.57880e+01;100;1;2;9.90000e-01;9.90000e-01;9.20000e-01;8.86789e-01;1.00000e+00;Pipeline { map_aggregate(attribute=PT08.S2(NMHC), function=avg, window=5) | map_aggregate(attribute=NOx(GT), function=min, window=5) };8.70891e-01;1.00000e+00;Pipeline { map_aggregate(attribute=RH, function=max, window=6) };8.79328e-01;1.00000e+00;Pipeline { map_aggregate(attribute=NOx(GT), function=avg, window=8) };8.72163e-01;1.00000e+00;Pipeline { map_aggregate(attribute=RH, function=max, window=9) | map_noise(attribute=C6H6(GT), percentage=0.01) }
datasets/airQuality_parallel.csv;nsga2;2;6;600;600;2.98590e+01;100;1;2;9.90000e-01;9.90000e-01;9.40000e-01;8.86789e-01;1.00000e+00;Pipeline { map_aggregate(attribute=PT08.S2(NMHC), function=avg, window=5) | map_aggregate(attribute=NOx(GT), function=min, window=5) };8.72528e-01;1.00000e+00;Pipeline { map_noise(attribute=C6H6(GT), percentage=0.25) };8.79853e-01;1.00000e+00;Pipeline { map_aggregate(attribute=PT08.S5(O3), function=avg, window=9) };8.76750e-01;1.00000e+00;Pipeline { map_aggregate(attribute=PT08.S3(NOx), function=avg, window=7) }
datasets/airQuality_parallel.csv;nsga2;2;7;700;700;3.43740e+01;100;1;2;1.00000e+00;1.00000e+00;9.00000e-01;8.86789e-01;1.00000e+00;Pipeline { map_aggregate(attribute=PT08.S2(NMHC), function=avg, window=5) | map_aggregate(attribute=NOx(GT), function=min, window=5) };8.75776e-01;1.00000e+00;Pipeline { map_aggregate(attribute=PT08.S3(NOx), function=avg, window=3) };8.81046e-01;1.00000e+00;Pipeline { map_aggregate(attribute=NOx(GT), function=avg, window=7) };8.79013e-01;1.00000e+00;Pipeline { map_aggregate(attribute=NOx(GT), function=avg, window=3) }
datasets/airQuality_parallel.csv;nsga2;2;8;800;800;3.84510e+01;100;1;2;1.00000e+00;1.00000e+00;9.00000e-01;8.86789e-01;1.00000e+00;Pipeline { map_aggregate(attribute=PT08.S2(NMHC), function=avg, window=5) | map_aggregate(attribute=NOx(GT), function=min, window=5) };8.78322e-01;1.00000e+00;Pipeline { map_aggregate(attribute=NOx(GT), function=min, window=10) | map_noise(attribute=AH, percentage=0.25) };8.81875e-01;1.00000e+00;Pipeline { map_aggregate(attribute=C6H6(GT), function=avg, window=5) | map_noise(attribute=NMHC(GT), percentage=0.10) };8.79705e-01;1.00000e+00;Pipeline { map_aggregate(attribute=NOx(GT), function=min, window=8) }
datasets/airQuality_parallel.csv;nsga2;2;9;900;900;4.28430e+01;100;1;1;1.00000e+00;1.00000e+00;8.70000e-01;8.87806e-01;1.00000e+00;Pipeline { map_aggregate(attribute=C6H6(GT), function=avg, window=7) | map_aggregate(attribute=NOx(GT), function=min, window=5) };8.79328e-01;1.00000e+00;Pipeline { map_aggregate(attribute=NOx(GT), function=avg, window=8) };8.82415e-01;9.02427e-01;Pipeline { map_aggregate(attribute=NO2(GT), function=min, window=3) | map_noise(attribute=NO2(GT), percentage=0.10) };8.80259e-01;1.00000e+00;Pipeline { map_aggregate(attribute=NOx(GT), function=avg, window=5) | map_aggregate(attribute=NMHC(GT), function=max, window=8) }
datasets/airQuality_parallel.csv;nsga2;2;10;1000;1000;4.78140e+01;100;1;1;1.00000e+00;1.00000e+00;8.70000e-01;8.87806e-01;1.00000e+00;Pipeline { map_aggregate(attribute=C6H6(GT), function=avg, window=7) | map_aggregate(attribute=NOx(GT), function=min, window=5) };8.80080e-01;1.00000e+00;Pipeline { map_aggregate(attribute=PT08.S5(O3), function=avg, window=7) | map_noise(attribute=AH, percentage=0.05) };8.83006e-01;1.00000e+00;Pipeline { map_aggregate(attribute=AH, function=avg, window=5) | map_aggregate(attribute=NOx(GT), function=min, window=5) };8.81340e-01;1.00000e+00;Pipeline { map_aggregate(attribute=C6H6(GT), function=avg, window=5) | map_noise(attribute=PT08.S4(NO2), percentage=0.01) }
datasets/airQuality_parallel.csv;nsga2;2;11;1100;1100;5.27340e+01;100;1;1;1.00000e+00;1.00000e+00;8.90000e-01;8.88175e-01;1.00000e+00;Pipeline { map_aggregate(attribute=PT08.S2(NMHC), function=avg, window=8) | map_aggregate(attribute=NOx(GT), function=min, window=4) };8.81105e-01;1.00000e+00;Pipeline { map_aggregate(attribute=C6H6(GT), function=avg, window=3) | map_aggregate(attribute=NMHC(GT), function=max, window=8) };8.84183e-01;1.00000e+00;Pipeline { map_aggregate(attribute=NOx(GT), function=min, window=3) };8.82131e-01;1.00000e+00;Pipeline { map_aggregate(attribute=PT08.S5(O3), function=min, window=3) | map_aggregate(attribute=NOx(GT), function=min, window=5) }
datasets/airQuality_parallel.csv;nsga2;2;12;1200;1200;5.76600e+01;100;1;2;1.00000e+00;1.00000e+00;8.70000e-01;8.89420e-01;1.00000e+00;Pipeline { map_aggregate(attribute=C6H6(GT), function=avg, window=9) | map_aggregate(attribute=NOx(GT), function=min, window=3) };8.82153e-01;1.00000e+00;Pipeline { map_aggregate(attribute=PT08.S5(O3), function=avg, window=10) };8.86034e-01;1.00000e+00;Pipeline { map_aggregate(attribute=RH, function=avg, window=5) | map_aggregate(attribute=NOx(GT), function=min, window=5) };8.83961e-01;1.00000e+00;Pipeline { map_aggregate(attribute=PT08.S2(NMHC), function=avg, window=9) | map_aggregate(attribute=NOx(GT), function=min, window=8) }
datasets/airQuality_parallel.csv;nsga2;2;13;1300;1300;6.18950e+01;100;1;2;1.00000e+00;1.00000e+00;9.40000e-01;8.89420e-01;1.00000e+00;Pipeline { map_aggregate(attribute=C6H6(GT), function=avg, window=9) | map_aggregate(attribute=NOx(GT), function=min, window=3) };8.82354e-01;1.00000e+00;Pipeline { map_aggregate(attribute=PT08.S4(NO2), function=avg, window=10) };8.86367e-01;8.97267e-01;Pipeline { map_aggregate(attribute=NO2(GT), function=min, window=3) | map_aggregate(attribute=PT08.S1(CO), function=avg, window=5) };8.84795e-01;1.00000e+00;Pipeline { map_aggregate(attribute=C6H6(GT), function=avg, window=7) | map_aggregate(attribute=NOx(GT), function=min, window=8) }
datasets/airQuality_parallel.csv;nsga2;2;14;1400;1400;6.61640e+01;100;1;1;1.00000e+00;1.00000e+00;9.40000e-01;8.89420e-01;1.00000e+00;Pipeline { map_aggregate(attribute=C6H6(GT), function=avg, window=9) | map_aggregate(attribute=NOx(GT), function=min, window=3) };8.82820e-01;1.00000e+00;Pipeline { map_aggregate(attribute=T, function=max, window=10) | map_aggregate(attribute=NOx(GT), function=min, window=5) };8.86583e-01;8.97267e-01;Pipeline { map_aggregate(attribute=NO2(GT), function=min, window=3) | map_aggregate(attribute=PT08.S5(O3), function=avg, window=7) };8.84991e-01;1.00000e+00;Pipeline { map_aggregate(attribute=AH, function=avg, window=8) | map_aggregate(attribute=NOx(GT), function=min, window=4) }
datasets/airQuality_parallel.csv;nsga2;2;15;1500;1500;7.07200e+01;100;1;1;1.00000e+00;1.00000e+00;9.50000e-01;8.89420e-01;1.00000e+00;Pipeline { map_aggregate(attribute=C6H6(GT), function=avg, window=9) | map_aggregate(attribute=NOx(GT), function=min, window=3) };8.83939e-01;1.00000e+00;Pipeline { map_noise(attribute=PT08.S4(NO2), percentage=0.05) | map_aggregate(attribute=NOx(GT), function=min, window=5) };8.87316e-01;1.00000e+00;Pipeline { map_aggregate(attribute=PT08.S5(O3), function=avg, window=6) | map_aggregate(attribute=NOx(GT), function=min, window=4) };8.86322e-01;1.00000e+00;Pipeline { map_aggregate(attribute=PT08.S3(NOx), function=avg, window=7) | map_aggregate(attribute=NOx(GT), function=min, window=5) }
datasets/airQuality_parallel.csv;nsga2;2;16;1600;1600;7.56020e+01;100;1;1;1.00000e+00;1.00000e+00;9.50000e-01;8.89420e-01;1.00000e+00;Pipeline { map_aggregate(attribute=C6H6(GT), function=avg, window=9) | map_aggregate(attribute=NOx(GT), function=min, window=3) };8.84354e-01;1.00000e+00;Pipeline { map_aggregate(attribute=AH, function=avg, window=9) | map_aggregate(attribute=NOx(GT), function=min, window=5) };8.87364e-01;1.00000e+00;Pipeline { map_aggregate(attribute=C6H6(GT), function=avg, window=10) | map_aggregate(attribute=NOx(GT), function=min, window=7) };8.86487e-01;1.00000e+00;Pipeline { map_aggregate(attribute=PT08.S4(NO2), function=avg, window=5) | map_aggregate(attribute=NOx(GT), function=min, window=5) }
datasets/airQuality_parallel.csv;nsga2;2;17;1700;1700;7.98370e+01;100;1;2;1.00000e+00;1.00000e+00;9.40000e-01;8.89420e-01;1.00000e+00;Pipeline { map_aggregate(attribute=C6H6(GT), function=avg, window=9) | map_aggregate(attribute=NOx(GT), function=min, window=3) };8.84837e-01;1.00000e+00;Pipeline { map_aggregate(attribute=C6H6(GT), function=avg, window=6) | map_aggregate(attribute=NOx(GT), function=min, window=7) };8.87440e-01;8.80488e-01;Pipeline { map_aggregate(attribute=NO2(GT), function=min, window=4) | map_aggregate(attribute=PT08.S5(O3), function=avg, window=7) };8.86701e-01;1.00000e+00;Pipeline { map_aggregate(attribute=C6H6(GT), function=avg, window=5) | map_aggregate(attribute=NOx(GT), function=min, window=7) }
datasets/airQuality_parallel.csv;nsga2;2;18;1800;1800;8.47930e+01;100;1;1;1.00000e+00;1.00000e+00;9.40000e-01;8.89420e-01;1.00000e+00;Pipeline { map_aggregate(attribute=C6H6(GT), function=avg, window=9) | map_aggregate(attribute=NOx(GT), function=min, window=3) };8.85223e-01;1.00000e+00;Pipeline { map_noise(attribute=PT08.S3(NOx), percentage=0.10) | map_aggregate(attribute=NOx(GT), function=min, window=4) };8.87748e-01;1.00000e+00;Pipeline { map_aggregate(attribute=PT08.S5(O3), function=avg, window=4) | map_aggregate(attribute=NOx(GT), function=min, window=4) };8.86733e-01;1.00000e+00;Pipeline { map_aggregate(attribute=AH, function=avg, window=10) | map_aggregate(attribute=NOx(GT), function=min, window=4) }
datasets/airQuality_parallel.csv;nsga2;2;19;1900;1900;8.92660e+01;100;1;2;1.00000e+00;1.00000e+00;8.90000e-01;8.89420e-01;1.00000e+00;Pipeline { map_aggregate(attribute=C6H6(GT), function=avg, window=9) | map_aggregate(attribute=NOx(GT), function=min, window=3) };8.85877e-01;1.00000e+00;Pipeline { map_aggregate(attribute=PT08.S2(NMHC), function=avg, window=6) | map_aggregate(attribute=NOx(GT), function=min, window=3) };8.87823e-01;1.00000e+00;Pipeline { map_aggregate(attribute=PT08.S2(NMHC), function=avg, window=3) | map_aggregate(attribute=NOx(GT), function=min, window=4) };8.87041e-01;1.00000e+00;Pipeline { map_aggregate(attribute=C6H6(GT), function=avg, window=4) | map_aggregate(attribute=NOx(GT), function=min, window=6) }
datasets/airQuality_parallel.csv;nsga2;2;20;2000;2000;9.40620e+01;100;2;2;1.00000e+00;1.00000e+00;9.00000e-01;8.90228e-01;9.23203e-01;Pipeline { map_aggregate(attribute=NO2(GT), function=avg, window=10) | map_aggregate(attribute=NOx(GT), function=min, window=6) };8.85969e-01;1.00000e+00;Pipeline { map_aggregate(attribute=PT08.S5(O3), function=avg, window=4) | map_aggregate(attribute=NOx(GT), function=min, window=5) };8.88013e-01;1.00000e+00;Pipeline { map_aggregate(attribute=RH, function=avg, window=5) | map_aggregate(attribute=NOx(GT), function=min, window=3) };8.87088e-01;1.00000e+00;Pipeline { map_aggregate(attribute=C6H6(GT), function=avg, window=10) | map_aggregate(attribute=NOx(GT), function=min, window=8) }
datasets/airQuality_parallel.csv;nsga2;2;21;2100;2100;9.92160e+01;100;3;1;1.00000e+00;1.00000e+00;9.20000e-01;8.90228e-01;9.23203e-01;Pipeline { map_aggregate(attribute=NO2(GT), function=avg, window=10) | map_aggregate(attribute=NOx(GT), function=min, window=6) };8.86242e-01;1.00000e+00;Pipeline { map_aggregate(attribute=PT08.S5(O3), function=avg, window=5) | map_aggregate(attribute=NOx(GT), function=min, window=5) };8.88256e-01;9.33242e-01;Pipeline { map_aggregate(attribute=NO2(GT), function=avg, window=4) | map_aggregate(attribute=NOx(GT), function=min, window=3) };8.87122e-01;1.00000e+00;Pipeline { map_aggregate(attribute=PT08.S2(NMHC), function=avg, window=10) | map_aggregate(attribute=NOx(GT), function=min, window=4) }
datasets/airQuality_parallel.csv;nsga2;2;22;2200;2200;1.03810e+02;100;1;2;1.00000e+00;1.00000e+00;9.20000e-01;8.90563e-01;1.00000e+00;Pipeline { map_aggregate(attribute=PT08.S5(O3), function=avg, window=10) | map_aggregate(attribute=NOx(GT), function=min, window=3) };8.86487e-01;1.00000e+00;Pipeline { map_aggregate(attribute=PT08.S4(NO2), function=avg, window=5) | map_aggregate(attribute=NOx(GT), function=min, window=5) };8.88334e-01;1.00000e+00;Pipeline { map_aggregate(attribute=C6H6(GT), function=avg, window=5) | map_aggregate(attribute=NOx(GT), function=min, window=3) };8.87279e-01;1.00000e+00;Pipeline { map_aggregate(attribute=PT08.S4(NO2), function=avg, window=6) | map_aggregate(attribute=NOx(GT), function=min, window=4) }
datasets/airQuality_parallel.csv;nsga2;2;23;2300;2300;1.08293e+02;100;1;1;1.00000e+00;1.00000e+00;8.80000e-01;8.90563e-01;1.00000e+00;Pipeline { map_aggregate(attribute=PT08.S5(O3), function=avg, window=10) | map_aggregate(attribute=NOx(GT), function=min, window=3) };8.86701e-01;1.00000e+00;Pipeline { map_aggregate(attribute=C6H6(GT), function=avg, window=5) | map_aggregate(attribute=NOx(GT), function=min, window=7) };8.88631e-01;9.23203e-01;Pipeline { map_aggregate(attribute=NO2(GT), function=avg, window=8) | map_aggregate(attribute=NOx(GT), function=min, window=3) };8.87377e-01;1.00000e+00;Pipeline { map_aggregate(attribute=PT08.S3(NOx), function=avg, window=10) | map_aggregate(attribute=NOx(GT), function=min, window=5) }
datasets/airQuality_parallel.csv;nsga2;2;24;2400;2400;1.12930e+02;100;1;1;1.00000e+00;1.00000e+00;8.40000e-01;8.90563e-01;1.00000e+00;Pipeline { map_aggregate(attribute=PT08.S5(O3), function=avg, window=10) | map_aggregate(attribute=NOx(GT), function=min, window=3) };8.86822e-01;1.00000e+00;Pipeline { map_aggregate(attribute=PT08.S2(NMHC), function=avg, window=6) | map_aggregate(attribute=NOx(GT), function=min, window=4) };8.88767e-01;9.54126e-01;Pipeline { map_aggregate(attribute=NO2(GT), function=avg, window=5) | map_aggregate(attribute=NOx(GT), function=min, window=4) };8.87636e-01;1.00000e+00;Pipeline { map_aggregate(attribute=PT08.S2(NMHC), function=avg, window=9) | map_aggregate(attribute=NOx(GT), function=min, window=4) }
datasets/airQuality_parallel.csv;nsga2;2;25;2500;2500;1.17467e+02;100;1;1;1.00000e+00;1.00000e+00;8.30000e-01;8.90563e-01;1.00000e+00;Pipeline { map_aggregate(attribute=PT08.S5(O3), function=avg, window=10) | map_aggregate(attribute=NOx(GT), function=min, window=3) };8.87121e-01;1.00000e+00;Pipeline { map_aggregate(attribute=PT08.S3(NOx), function=avg, window=5) | map_aggregate(attribute=NOx(GT), function=min, window=3) };8.88887e-01;1.00000e+00;Pipeline { map_aggregate(attribute=C6H6(GT), function=avg, window=8) | map_aggregate(attribute=NOx(GT), function=min, window=4) };8.87724e-01;1.00000e+00;Pipeline { map_aggregate(attribute=PT08.S3(NOx), function=avg, window=10) | map_aggregate(attribute=NOx(GT), function=min, window=3) }
datasets/airQuality_parallel.csv;nsga2;2;26;2600;2600;1.21663e+02;100;1;2;1.00000e+00;1.00000e+00;8.20000e-01;8.90563e-01;1.00000e+00;Pipeline { map_aggregate(attribute=PT08.S5(O3), function=avg, window=10) | map_aggregate(attribute=NOx(GT), function=min, window=3) };8.87156e-01;1.00000e+00;Pipeline { map_aggregate(attribute=PT08.S4(NO2), function=avg, window=10) | map_aggregate(attribute=NOx(GT), function=min, window=4) };8.88887e-01;1.00000e+00;Pipeline { map_aggregate(attribute=C6H6(GT), function=avg, window=8) | map_aggregate(attribute=NOx(GT), function=min, window=4) };8.87794e-01;1.00000e+00;Pipeline { map_aggregate(attribute=PT08.S2(NMHC), function=avg, window=8) | map_aggregate(attribute=NOx(GT), function=min, window=5) }
datasets/airQuality_parallel.csv;nsga2;2;27;2700;2700;1.25987e+02;100;1;2;1.00000e+00;1.00000e+00;7.60000e-01;8.90563e-01;1.00000e+00;Pipeline { map_aggregate(attribute=PT08.S5(O3), function=avg, window=10) | map_aggregate(attribute=NOx(GT), function=min, window=3) };8.87336e-01;1.00000e+00;Pipeline { map_aggregate(attribute=PT08.S2(NMHC), function=avg, window=9) | map_aggregate(attribute=NOx(GT), function=min, window=3) };8.88916e-01;1.00000e+00;Pipeline { map_aggregate(attribute=PT08.S5(O3), function=avg, window=8) | map_aggregate(attribute=NOx(GT), function=min, window=3) };8.87818e-01;1.00000e+00;Pipeline { map_aggregate(attribute=C6H6(GT), function=avg, window=5) | map_aggregate(attribute=NOx(GT), function=min, window=6) }
datasets/airQuality_parallel.csv;nsga2;2;28;2800;2800;1.30277e+02;100;1;2;1.00000e+00;1.00000e+00;7.40000e-01;8.90563e-01;1.00000e+00;Pipeline { map_aggregate(attribute=PT08.S5(O3), function=avg, window=10) | map_aggregate(attribute=NOx(GT), function=min, window=3) };8.87377e-01;1.00000e+00;Pipeline { map_aggregate(attribute=PT08.S3(NOx), function=avg, window=10) | map_aggregate(attribute=NOx(GT), function=min, window=5) };8.88916e-01;1.00000e+00;Pipeline { map_aggregate(attribute=PT08.S5(O3), function=avg, window=8) | map_aggregate(attribute=NOx(GT), function=min, window=3) };8.87824e-01;1.00000e+00;Pipeline { map_aggregate(attribute=C6H6(GT), function=avg, window=6) | map_aggregate(attribute=NOx(GT), function=min, window=4) }
datasets/airQuality_parallel.csv;nsga2;2;29;2900;2900;1.34648e+02;100;1;1;1.00000e+00;1.00000e+00;7.40000e-01;8.90563e-01;1.00000e+00;Pipeline { map_aggregate(attribute=PT08.S5(O3), function=avg, window=10) | map_aggregate(attribute=NOx(GT), function=min, window=3) };8.87513e-01;1.00000e+00;Pipeline { map_aggregate(attribute=PT08.S5(O3), function=avg, window=10) | map_aggregate(attribute=NOx(GT), function=min, window=5) };8.88916e-01;1.00000e+00;Pipeline { map_aggregate(attribute=PT08.S4(NO2), function=avg, window=9) | map_aggregate(attribute=NOx(GT), function=min, window=3) };8.87932e-01;1.00000e+00;Pipeline { map_aggregate(attribute=PT08.S5(O3), function=avg, window=3) | map_aggregate(attribute=NOx(GT), function=min, window=4) }
datasets/airQuality_parallel.csv;nsga2;2;30;3000;3000;1.38792e+02;100;1;1;1.00000e+00;1.00000e+00;7.30000e-01;8.90563e-01;1.00000e+00;Pipeline { map_aggregate(attribute=PT08.S5(O3), function=avg, window=10) | map_aggregate(attribute=NOx(GT), function=min, window=3) };8.87535e-01;1.00000e+00;Pipeline { map_aggregate(attribute=PT08.S4(NO2), function=avg, window=8) | map_aggregate(attribute=NOx(GT), function=min, window=4) };8.88916e-01;1.00000e+00;Pipeline { map_aggregate(attribute=PT08.S5(O3), function=avg, window=10) | map_aggregate(attribute=NOx(GT), function=min, window=4) };8.88008e-01;1.00000e+00;Pipeline { map_aggregate(attribute=PT08.S2(NMHC), function=avg, window=5) | map_aggregate(attribute=NOx(GT), function=min, window=4) }
datasets/airQuality_parallel.csv;nsga2;2;31;3100;3100;1.42671e+02;100;1;1;1.00000e+00;1.00000e+00;7.20000e-01;8.90563e-01;1.00000e+00;Pipeline { map_aggregate(attribute=PT08.S5(O3), function=avg, window=10) | map_aggregate(attribute=NOx(GT), function=min, window=3) };8.87617e-01;1.00000e+00;Pipeline { map_aggregate(attribute=PT08.S3(NOx), function=avg, window=9) | map_aggregate(attribute=NOx(GT), function=min, window=3) };8.88916e-01;1.00000e+00;Pipeline { map_aggregate(attribute=PT08.S4(NO2), function=avg, window=10) | map_aggregate(attribute=NOx(GT), function=min, window=3) };8.88013e-01;1.00000e+00;Pipeline { map_aggregate(attribute=RH, function=avg, window=5) | map_aggregate(attribute=NOx(GT), function=min, window=3) }
datasets/airQuality_parallel.csv;nsga2;2;32;3200;3200;1.47436e+02;100;1;2;1.00000e+00;1.00000e+00;7.20000e-01;8.90563e-01;1.00000e+00;Pipeline { map_aggregate(attribute=PT08.S5(O3), function=avg, window=10) | map_aggregate(attribute=NOx(GT), function=min, window=3) };8.87636e-01;1.00000e+00;Pipeline { map_aggregate(attribute=PT08.S2(NMHC), function=avg, window=10) | map_aggregate(attribute=NOx(GT), function=min, window=3) };8.88916e-01;1.00000e+00;Pipeline { map_aggregate(attribute=PT08.S4(NO2), function=avg, window=10) | map_aggregate(attribute=NOx(GT), function=min, window=3) };8.88082e-01;1.00000e+00;Pipeline { map_aggregate(attribute=C6H6(GT), function=avg, window=3) | map_aggregate(attribute=NOx(GT), function=min, window=5) }
datasets/airQuality_parallel.csv;nsga2;2;33;3300;3300;1.51524e+02;100;1;2;1.00000e+00;1.00000e+00;7.20000e-01;8.90563e-01;1.00000e+00;Pipeline { map_aggregate(attribute=PT08.S5(O3), function=avg, window=10) | map_aggregate(attribute=NOx(GT), function=min, window=3) };8.87636e-01;1.00000e+00;Pipeline { map_aggregate(attribute=PT08.S2(NMHC), function=avg, window=10) | map_aggregate(attribute=NOx(GT), function=min, window=3) };8.88916e-01;1.00000e+00;Pipeline { map_aggregate(attribute=PT08.S4(NO2), function=avg, window=9) | map_aggregate(attribute=NOx(GT), function=min, window=3) };8.88082e-01;1.00000e+00;Pipeline { map_aggregate(attribute=C6H6(GT), function=avg, window=3) | map_aggregate(attribute=NOx(GT), function=min, window=5) }
datasets/airQuality_parallel.csv;nsga2;2;34;3400;3400;1.56852e+02;100;1;2;1.00000e+00;1.00000e+00;7.20000e-01;8.90563e-01;1.00000e+00;Pipeline { map_aggregate(attribute=PT08.S5(O3), function=avg, window=10) | map_aggregate(attribute=NOx(GT), function=min, window=3) };8.87693e-01;1.00000e+00;Pipeline { map_aggregate(attribute=NOx(GT), function=min, window=4) | map_aggregate(attribute=RH, function=avg, window=5) };8.88916e-01;1.00000e+00;Pipeline { map_aggregate(attribute=PT08.S5(O3), function=avg, window=10) | map_aggregate(attribute=NOx(GT), function=min, window=4) };8.88123e-01;1.00000e+00;Pipeline { map_aggregate(attribute=PT08.S4(NO2), function=avg, window=3) | map_aggregate(attribute=NOx(GT), function=min, window=3) }
datasets/airQuality_parallel.csv;nsga2;2;35;3500;3500;1.60994e+02;100;1;1;1.00000e+00;1.00000e+00;6.90000e-01;8.90563e-01;1.00000e+00;Pipeline { map_aggregate(attribute=PT08.S5(O3), function=avg, window=10) | map_aggregate(attribute=NOx(GT), function=min, window=3) };8.87786e-01;1.00000e+00;Pipeline { map_aggregate(attribute=PT08.S3(NOx), function=avg, window=8) | map_aggregate(attribute=NOx(GT), function=min, window=3) };8.89045e-01;9.23203e-01;Pipeline { map_aggregate(attribute=NO2(GT), function=avg, window=10) | map_aggregate(attribute=NOx(GT), function=min, window=10) };8.88293e-01;1.00000e+00;Pipeline { map_aggregate(attribute=PT08.S5(O3), function=avg, window=3) | map_aggregate(attribute=NOx(GT), function=min, window=3) }
datasets/airQuality_parallel.csv;nsga2;2;36;3600;3600;1.65220e+02;100;1;1;1.00000e+00;1.00000e+00;6.70000e-01;8.90563e-01;1.00000e+00;Pipeline { map_aggregate(attribute=PT08.S5(O3), function=avg, window=10) | map_aggregate(attribute=NOx(GT), function=min, window=3) };8.87806e-01;1.00000e+00;Pipeline { map_aggregate(attribute=C6H6(GT), function=avg, window=7) | map_aggregate(attribute=NOx(GT), function=min, window=5) };8.89045e-01;9.23203e-01;Pipeline { map_aggregate(attribute=NO2(GT), function=avg, window=10) | map_aggregate(attribute=NOx(GT), function=min, window=7) };8.88334e-01;1.00000e+00;Pipeline { map_aggregate(attribute=C6H6(GT), function=avg, window=5) | map_aggregate(attribute=NOx(GT), function=min, window=3) }
datasets/airQuality_parallel.csv;nsga2;2;37;3700;3700;1.69827e+02;100;1;1;1.00000e+00;1.00000e+00;6.60000e-01;8.90563e-01;1.00000e+00;Pipeline { map_aggregate(attribute=PT08.S5(O3), function=avg, window=10) | map_aggregate(attribute=NOx(GT), function=min, window=3) };8.87811e-01;1.00000e+00;Pipeline { map_aggregate(attribute=PT08.S3(NOx), function=avg, window=7) | map_aggregate(attribute=NOx(GT), function=min, window=4) };8.89045e-01;9.23203e-01;Pipeline { map_aggregate(attribute=NO2(GT), function=avg, window=10) | map_aggregate(attribute=NOx(GT), function=min, window=9) };8.88334e-01;1.00000e+00;Pipeline { map_aggregate(attribute=NOx(GT), function=min, window=3) | map_aggregate(attribute=C6H6(GT), function=avg, window=5) }
datasets/airQuality_parallel.csv;nsga2;2;38;3800;3800;1.73940e+02;100;1;1;1.00000e+00;1.00000e+00;6.50000e-01;8.90563e-01;1.00000e+00;Pipeline { map_aggregate(attribute=PT08.S5(O3), function=avg, window=10) | map_aggregate(attribute=NOx(GT), function=min, window=3) };8.87823e-01;1.00000e+00;Pipeline { map_aggregate(attribute=PT08.S2(NMHC), function=avg, window=3) | map_aggregate(attribute=NOx(GT), function=min, window=3) };8.89045e-01;9.23203e-01;Pipeline { map_aggregate(attribute=NO2(GT), function=avg, window=10) | map_aggregate(attribute=NOx(GT), function=min, window=9) };8.88511e-01;1.00000e+00;Pipeline { map_aggregate(attribute=C6H6(GT), function=avg, window=8) | map_aggregate(attribute=NOx(GT), function=min, window=5) }
datasets/airQuality_parallel.csv;nsga2;2;39;3900;3900;1.78124e+02;100;1;6;1.00000e+00;1.00000e+00;6.40000e-01;8.90563e-01;1.00000e+00;Pipeline { map_aggregate(attribute=PT08.S5(O3), function=avg, window=10) | map_aggregate(attribute=NOx(GT), function=min, window=3) };8.87832e-01;1.00000e+00;Pipeline { map_aggregate(attribute=PT08.S4(NO2), function=avg, window=5) | map_aggregate(attribute=NOx(GT), function=min, window=3) };8.89045e-01;9.23203e-01;Pipeline { map_aggregate(attribute=NO2(GT), function=avg, window=10) | map_aggregate(attribute=NOx(GT), function=min, window=7) };8.88511e-01;1.00000e+00;Pipeline { map_aggregate(attribute=C6H6(GT), function=avg, window=8) | map_aggregate(attribute=NOx(GT), function=min, window=5) }
datasets/airQuality_parallel.csv;nsga2;2;40;4000;4000;1.82385e+02;100;2;2;1.00000e+00;1.00000e+00;6.20000e-01;8.90563e-01;1.00000e+00;Pipeline { map_aggregate(attribute=PT08.S5(O3), function=avg, window=10) | map_aggregate(attribute=NOx(GT), function=min, window=3) };8.87832e-01;1.00000e+00;Pipeline { map_aggregate(attribute=PT08.S4(NO2), function=avg, window=5) | map_aggregate(attribute=NOx(GT), function=min, window=3) };8.89073e-01;9.23203e-01;Pipeline { map_aggregate(attribute=NO2(GT), function=avg, window=10) | map_aggregate(attribute=NOx(GT), function=min, window=8) };8.88511e-01;1.00000e+00;Pipeline { map_aggregate(attribute=C6H6(GT), function=avg, window=8) | map_aggregate(attribute=NOx(GT), function=min, window=3) }
datasets/airQuality_parallel.csv;nsga2;2;41;4100;4100;1.86524e+02;100;2;2;1.00000e+00;1.00000e+00;5.90000e-01;8.90563e-01;1.00000e+00;Pipeline { map_aggregate(attribute=PT08.S5(O3), function=avg, window=10) | map_aggregate(attribute=NOx(GT), function=min, window=3) };8.87969e-01;1.00000e+00;Pipeline { map_aggregate(attribute=PT08.S4(NO2), function=avg, window=4) | map_aggregate(attribute=NOx(GT), function=min, window=3) };8.89074e-01;1.00000e+00;Pipeline { map_aggregate(attribute=C6H6(GT), function=avg, window=3) | map_aggregate(attribute=NOx(GT), function=min, window=3) };8.88589e-01;1.00000e+00;Pipeline { map_aggregate(attribute=NOx(GT), function=min, window=4) | map_aggregate(attribute=PT08.S5(O3), function=avg, window=8) }
datasets/airQuality_parallel.csv;nsga2;2;42;4200;4200;1.90545e+02;100;2;1;1.00000e+00;1.00000e+00;5.90000e-01;8.90563e-01;1.00000e+00;Pipeline { map_aggregate(attribute=PT08.S5(O3), function=avg, window=10) | map_aggregate(attribute=NOx(GT), function=min, window=3) };8.87969e-01;1.00000e+00;Pipeline { map_aggregate(attribute=PT08.S4(NO2), function=avg, window=4) | map_aggregate(attribute=NOx(GT), function=min, window=3) };8.89074e-01;1.00000e+00;Pipeline { map_aggregate(attribute=C6H6(GT), function=avg, window=3) | map_aggregate(attribute=NOx(GT), function=min, window=4) };8.88589e-01;1.00000e+00;Pipeline { map_aggregate(attribute=PT08.S5(O3), function=avg, window=8) | map_aggregate(attribute=NOx(GT), function=min, window=4) }
datasets/airQuality_parallel.csv;nsga2;2;43;4300;4300;1.95002e+02;100;2;3;1.00000e+00;1.00000e+00;5.80000e-01;8.90563e-01;1.00000e+00;Pipeline { map_aggregate(attribute=PT08.S5(O3), function=avg, window=10) | map_aggregate(attribute=NOx(GT), function=min, window=3) };8.87999e-01;1.00000e+00;Pipeline { map_aggregate(attribute=PT08.S3(NOx), function=avg, window=8) | map_aggregate(attribute=NOx(GT), function=min, window=4) };8.89074e-01;1.00000e+00;Pipeline { map_aggregate(attribute=C6H6(GT), function=avg, window=3) | map_aggregate(attribute=NOx(GT), function=min, window=4) };8.88589e-01;1.00000e+00;Pipeline { map_aggregate(attribute=NOx(GT), function=min, window=4) | map_aggregate(attribute=PT08.S5(O3), function=avg, window=8) }
datasets/airQuality_parallel.csv;nsga2;2;44;4400;4400;1.99217e+02;100;2;1;1.00000e+00;1.00000e+00;5.70000e-01;8.90563e-01;1.00000e+00;Pipeline { map_aggregate(attribute=PT08.S5(O3), function=avg, window=10) | map_aggregate(attribute=NOx(GT), function=min, window=3) };8.87999e-01;1.00000e+00;Pipeline { map_aggregate(attribute=PT08.S3(NOx), function=avg, window=8) | map_aggregate(attribute=NOx(GT), function=min, window=4) };8.89074e-01;1.00000e+00;Pipeline { map_aggregate(attribute=C6H6(GT), function=avg, window=3) | map_aggregate(attribute=NOx(GT), function=min, window=4) };8.88589e-01;1.00000e+00;Pipeline { map_aggregate(attribute=NOx(GT), function=min, window=4) | map_aggregate(attribute=PT08.S5(O3), function=avg, window=8) }
datasets/airQuality_parallel.csv;nsga2;2;45;4500;4500;2.04087e+02;100;2;1;1.00000e+00;1.00000e+00;5.60000e-01;8.90563e-01;1.00000e+00;Pipeline { map_aggregate(attribute=PT08.S5(O3), function=avg, window=10) | map_aggregate(attribute=NOx(GT), function=min, window=3) };8.88008e-01;1.00000e+00;Pipeline { map_aggregate(attribute=PT08.S2(NMHC), function=avg, window=5) | map_aggregate(attribute=NOx(GT), function=min, window=3) };8.89134e-01;1.00000e+00;Pipeline { map_aggregate(attribute=NOx(GT), function=min, window=4) | map_aggregate(attribute=C6H6(GT), function=avg, window=5) };8.88599e-01;1.00000e+00;Pipeline { map_aggregate(attribute=C6H6(GT), function=avg, window=10) | map_aggregate(attribute=NOx(GT), function=min, window=4) }
datasets/airQuality_parallel.csv;nsga2;2;46;4600;4600;2.08308e+02;100;2;1;1.00000e+00;1.00000e+00;5.50000e-01;8.90563e-01;1.00000e+00;Pipeline { map_aggregate(attribute=PT08.S5(O3), function=avg, window=10) | map_aggregate(attribute=NOx(GT), function=min, window=3) };8.88082e-01;1.00000e+00;Pipeline { map_aggregate(attribute=C6H6(GT), function=avg, window=3) | map_aggregate(attribute=NOx(GT), function=min, window=5) };8.89134e-01;1.00000e+00;Pipeline { map_aggregate(attribute=NOx(GT), function=min, window=4) | map_aggregate(attribute=C6H6(GT), function=avg, window=5) };8.88599e-01;1.00000e+00;Pipeline { map_aggregate(attribute=NOx(GT), function=min, window=4) | map_aggregate(attribute=C6H6(GT), function=avg, window=10) }
datasets/airQuality_parallel.csv;nsga2;2;47;4700;4700;2.12791e+02;100;2;4;1.00000e+00;1.00000e+00;5.30000e-01;8.90563e-01;1.00000e+00;Pipeline { map_aggregate(attribute=PT08.S5(O3), function=avg, window=10) | map_aggregate(attribute=NOx(GT), function=min, window=3) };8.88123e-01;1.00000e+00;Pipeline { map_aggregate(attribute=PT08.S4(NO2), function=avg, window=3) | map_aggregate(attribute=NOx(GT), function=min, window=3) };8.89134e-01;1.00000e+00;Pipeline { map_aggregate(attribute=NOx(GT), function=min, window=4) | map_aggregate(attribute=C6H6(GT), function=avg, window=5) };8.88608e-01;1.00000e+00;Pipeline { map_aggregate(attribute=PT08.S4(NO2), function=avg, window=6) | map_aggregate(attribute=NOx(GT), function=min, window=3) }
datasets/airQuality_parallel.csv;nsga2;2;48;4800;4800;2.17763e+02;100;2;4;1.00000e+00;1.00000e+00;5.30000e-01;8.90563e-01;1.00000e+00;Pipeline { map_aggregate(attribute=PT08.S5(O3), function=avg, window=10) | map_aggregate(attribute=NOx(GT), function=min, window=3) };8.88123e-01;1.00000e+00;Pipeline { map_aggregate(attribute=PT08.S4(NO2), function=avg, window=3) | map_aggregate(attribute=NOx(GT), function=min, window=3) };8.89134e-01;1.00000e+00;Pipeline { map_aggregate(attribute=NOx(GT), function=min, window=4) | map_aggregate(attribute=C6H6(GT), function=avg, window=5) };8.88608e-01;1.00000e+00;Pipeline { map_aggregate(attribute=PT08.S4(NO2), function=avg, window=6) | map_aggregate(attribute=NOx(GT), function=min, window=3) }
datasets/airQuality_parallel.csv;nsga2;2;49;4900;4900;2.22299e+02;100;2;1;1.00000e+00;1.00000e+00;5.30000e-01;8.90563e-01;1.00000e+00;Pipeline { map_aggregate(attribute=PT08.S5(O3), function=avg, window=10) | map_aggregate(attribute=NOx(GT), function=min, window=3) };8.88128e-01;1.00000e+00;Pipeline { map_aggregate(attribute=PT08.S5(O3), function=avg, window=4) | map_aggregate(attribute=NOx(GT), function=min, window=3) };8.89148e-01;9.23203e-01;Pipeline { map_aggregate(attribute=NOx(GT), function=min, window=3) | map_aggregate(attribute=NO2(GT), function=avg, window=10) };8.88727e-01;1.00000e+00;Pipeline { map_aggregate(attribute=NOx(GT), function=min, window=5) | map_aggregate(attribute=C6H6(GT), function=avg, window=9) }
datasets/airQuality_parallel.csv;nsga2;2;50;5000;5000;2.26599e+02;100;2;2;1.00000e+00;1.00000e+00;5.20000e-01;8.90563e-01;1.00000e+00;Pipeline { map_aggregate(attribute=PT08.S5(O3), function=avg, window=10) | map_aggregate(attribute=NOx(GT), function=min, window=3) };8.88128e-01;1.00000e+00;Pipeline { map_aggregate(attribute=PT08.S5(O3), function=avg, window=4) | map_aggregate(attribute=NOx(GT), function=min, window=3) };8.89148e-01;9.23203e-01;Pipeline { map_aggregate(attribute=NO2(GT), function=avg, window=10) | map_aggregate(attribute=NOx(GT), function=min, window=4) };8.88727e-01;1.00000e+00;Pipeline { map_aggregate(attribute=NOx(GT), function=min, window=5) | map_aggregate(attribute=C6H6(GT), function=avg, window=9) }
datasets/airQuality_parallel.csv;nsga2;3;1;100;100;5.04900e+00;100;1;58;9.90000e-01;9.90000e-01;4.00000e-01;8.82315e-01;1.00000e+00;Pipeline { map_aggregate(attribute=NOx(GT), function=min, window=5) };8.41904e-01;1.00000e+00;Pipeline { map_aggregate(attribute=PT08.S1(CO), function=min, window=10) };6.43984e-01;8.89591e-01;Pipeline { filter(PT08.S2(NMHC) > 0.0000) | filter(CO(GT) < 608000000.0000) | filter(PT08.S5(O3) > 0.0682) | filter(NO2(GT) < 89500000.0000) };5.79821e-01;8.28248e-01;Pipeline { map_duplicate(probability=0.50) | map_aggregate(attribute=AH, function=avg, window=9) | map_noise(attribute=PT08.S2(NMHC), percentage=0.01) }
datasets/airQuality_parallel.csv;nsga2;3;2;200;200;1.18240e+01;100;1;3;9.90000e-01;9.90000e-01;8.70000e-01;8.82315e-01;1.00000e+00;Pipeline { map_aggregate(attribute=NOx(GT), function=min, window=5) };8.37968e-01;1.00000e+00;Pipeline { map_aggregate(attribute=PT08.S2(NMHC), function=min, window=10) };8.50988e-01;5.97988e-01;Pipeline { map_aggregate(attribute=CO(GT), function=min, window=3) };8.74903e-01;1.00000e+00;Pipeline { map_noise(attribute=RH, percentage=0.10) | map_noise(attribute=AH, percentage=0.25) }
datasets/airQuality_parallel.csv;nsga2;3;3;300;300;1.61530e+01;100;1;22;9.90000e-01;9.90000e-01;7.20000e-01;8.82315e-01;1.00000e+00;Pipeline { map_aggregate(attribute=NOx(GT), function=min, window=5) };8.37968e-01;1.00000e+00;Pipeline { map_aggregate(attribute=PT08.S2(NMHC), function=min, window=10) };8.71773e-01;1.00000e+00;Pipeline { map_aggregate(attribute=T, function=min, window=7) };8.68139e-01;1.00000e+00;Pipeline { map_noise(attribute=NMHC(GT), percentage=0.10) }
datasets/airQuality_parallel.csv;nsga2;3;4;400;400;2.04740e+01;100;1;1;1.00000e+00;1.00000e+00;9.00000e-01;8.84183e-01;1.00000e+00;Pipeline { map_aggregate(attribute=NOx(GT), function=min, window=3) };8.68553e-01;1.00000e+00;Pipeline { map_noise(attribute=PT08.S5(O3), percentage=0.05) };8.78550e-01;1.00000e+00;Pipeline { map_aggregate(attribute=PT08.S2(NMHC), function=avg, window=3) };8.70800e-01;1.00000e+00;Pipeline { map_noise(attribute=PT08.S2(NMHC), percentage=0.05) }
datasets/airQuality_parallel.csv;nsga2;3;5;500;500;2.47100e+01;100;1;1;1.00000e+00;1.00000e+00;9.40000e-01;8.84183e-01;1.00000e+00;Pipeline { map_aggregate(attribute=NOx(GT), function=min, window=3) };8.71006e-01;1.00000e+00;Pipeline { map_noise(attribute=RH, percentage=0.05) | map_noise(attribute=AH, percentage=0.25) };8.79707e-01;1.00000e+00;Pipeline { map_aggregate(attribute=PT08.S2(NMHC), function=avg, window=8) };8.72909e-01;1.00000e+00;Pipeline { map_noise(attribute=PT08.S4(NO2), percentage=0.10) | map_noise(attribute=T, percentage=0.25) }
datasets/airQuality_parallel.csv;nsga2;3;6;600;600;2.88220e+01;100;2;1;1.00000e+00;1.00000e+00;9.30000e-01;8.84183e-01;1.00000e+00;Pipeline { map_aggregate(attribute=NOx(GT), function=min, window=3) };8.72580e-01;1.00000e+00;Pipeline { map_noise(attribute=PT08.S2(NMHC), percentage=0.10) };8.79989e-01;1.00000e+00;Pipeline { map_aggregate(attribute=PT08.S1(CO), function=avg, window=4) };8.75229e-01;1.00000e+00;Pipeline { map_aggregate(attribute=RH, function=avg, window=9) }
datasets/airQuality_parallel.csv;nsga2;3;7;700;700;3.31010e+01;100;2;1;1.00000e+00;1.00000e+00;9.40000e-01;8.84183e-01;1.00000e+00;Pipeline { map_aggregate(attribute=NOx(GT), function=min, window=3) };8.73928e-01;1.00000e+00;Pipeline { map_aggregate(attribute=RH, function=min, window=6) };8.80022e-01;1.00000e+00;Pipeline { map_aggregate(attribute=C6H6(GT), function=avg, window=7) };8.77580e-01;1.00000e+00;Pipeline { map_aggregate(attribute=PT08.S3(NOx), function=avg, window=8) }
datasets/airQuality_parallel.csv;nsga2;3;8;800;800;3.80820e+01;100;2;1;1.00000e+00;1.00000e+00;9.30000e-01;8.84183e-01;1.00000e+00;Pipeline { map_aggregate(attribute=NOx(GT), function=min, window=3) };8.74552e-01;1.00000e+00;Pipeline { map_noise(attribute=PT08.S2(NMHC), percentage=0.10) | map_noise(attribute=AH, percentage=0.25) };8.80423e-01;1.00000e+00;Pipeline { map_aggregate(attribute=PT08.S5(O3), function=avg, window=6) };8.78544e-01;1.00000e+00;Pipeline { map_aggregate(attribute=NOx(GT), function=avg, window=9) }
datasets/airQuality_parallel.csv;nsga2;3;9;900;900;4.22230e+01;100;2;1;1.00000e+00;1.00000e+00;9.30000e-01;8.84183e-01;1.00000e+00;Pipeline { map_aggregate(attribute=NOx(GT), function=min, window=3) };8.75229e-01;1.00000e+00;Pipeline { map_aggregate(attribute=RH, function=avg, window=9) };8.80691e-01;1.00000e+00;Pipeline { map_aggregate(attribute=PT08.S5(O3), function=avg, window=8) };8.78755e-01;1.00000e+00;Pipeline { map_aggregate(attribute=NOx(GT), function=avg, window=10) }
datasets/airQuality_parallel.csv;nsga2;3;10;1000;1000;4.65140e+01;100;2;3;1.00000e+00;1.00000e+00;9.30000e-01;8.84183e-01;1.00000e+00;Pipeline { map_aggregate(attribute=NOx(GT), function=min, window=3) };8.76807e-01;1.00000e+00;Pipeline { map_aggregate(attribute=RH, function=avg, window=3) | map_noise(attribute=NOx(GT), percentage=0.25) };8.80691e-01;1.00000e+00;Pipeline { map_aggregate(attribute=PT08.S5(O3), function=avg, window=8) };8.79328e-01;1.00000e+00;Pipeline { map_aggregate(attribute=NOx(GT), function=avg, window=8) }
datasets/airQuality_parallel.csv;nsga2;3;11;1100;1100;5.11170e+01;100;3;2;1.00000e+00;1.00000e+00;9.00000e-01;8.84476e-01;8.97267e-01;Pipeline { map_aggregate(attribute=RH, function=avg, window=3) | map_aggregate(attribute=NO2(GT), function=min, window=3) };8.78179e-01;1.00000e+00;Pipeline { map_aggregate(attribute=RH, function=min, window=3) | map_aggregate(attribute=PT08.S1(CO), function=avg, window=10) };8.80883e-01;1.00000e+00;Pipeline { map_aggregate(attribute=RH, function=avg, window=3) | map_aggregate(attribute=PT08.S1(CO), function=avg, window=10) };8.79317e-01;1.00000e+00;Pipeline { map_aggregate(attribute=NOx(GT), function=min, window=9) }
datasets/airQuality_parallel.csv;nsga2;3;12;1200;1200;5.53390e+01;100;1;2;1.00000e+00;1.00000e+00;9.10000e-01;8.86121e-01;1.00000e+00;Pipeline { map_aggregate(attribute=NOx(GT), function=min, window=4) | map_aggregate(attribute=PT08.S1(CO), function=avg, window=10) };8.78550e-01;1.00000e+00;Pipeline { map_aggregate(attribute=PT08.S2(NMHC), function=avg, window=3) };8.81358e-01;1.00000e+00;Pipeline { map_aggregate(attribute=RH, function=avg, window=10) | map_aggregate(attribute=PT08.S1(CO), function=avg, window=10) };8.79609e-01;1.00000e+00;Pipeline { map_aggregate(attribute=NOx(GT), function=avg, window=6) }
datasets/airQuality_parallel.csv;nsga2;3;13;1300;1300;5.94470e+01;100;1;1;1.00000e+00;1.00000e+00;8.90000e-01;8.86121e-01;1.00000e+00;Pipeline { map_aggregate(attribute=NOx(GT), function=min, window=4) | map_aggregate(attribute=PT08.S1(CO), function=avg, window=10) };8.79210e-01;1.00000e+00;Pipeline { map_noise(attribute=PT08.S4(NO2), percentage=0.10) | map_aggregate(attribute=PT08.S1(CO), function=avg, window=9) };8.81626e-01;1.00000e+00;Pipeline { map_aggregate(attribute=PT08.S5(O3), function=avg, window=5) };8.79914e-01;1.00000e+00;Pipeline { map_noise(attribute=PT08.S4(NO2), percentage=0.01) | map_aggregate(attribute=NOx(GT), function=avg, window=6) }
datasets/airQuality_parallel.csv;nsga2;3;14;1400;1400;6.42340e+01;100;1;4;1.00000e+00;1.00000e+00;9.00000e-01;8.86121e-01;1.00000e+00;Pipeline { map_aggregate(attribute=NOx(GT), function=min, window=4) | map_aggregate(attribute=PT08.S1(CO), function=avg, window=10) };8.79705e-01;1.00000e+00;Pipeline { map_aggregate(attribute=NOx(GT), function=min, window=9) | map_noise(attribute=PT08.S3(NOx), percentage=0.05) };8.82441e-01;1.00000e+00;Pipeline { map_aggregate(attribute=PT08.S5(O3), function=avg, window=4) };8.80080e-01;1.00000e+00;Pipeline { map_noise(attribute=T, percentage=0.05) | map_aggregate(attribute=PT08.S5(O3), function=avg, window=6) }
datasets/airQuality_parallel.csv;nsga2;3;15;1500;1500;6.89750e+01;100;2;1;1.00000e+00;1.00000e+00;9.70000e-01;8.87673e-01;8.97267e-01;Pipeline { map_aggregate(attribute=PT08.S5(O3), function=avg, window=4) | map_aggregate(attribute=NO2(GT), function=min, window=3) };8.80086e-01;1.00000e+00;Pipeline { map_noise(attribute=PT08.S5(O3), percentage=0.01) | map_aggregate(attribute=NOx(GT), function=min, window=7) };8.82790e-01;9.32372e-01;Pipeline { map_aggregate(attribute=RH, function=avg, window=9) | map_aggregate(attribute=NO2(GT), function=avg, window=6) };8.80982e-01;1.00000e+00;Pipeline { map_aggregate(attribute=C6H6(GT), function=avg, window=4) }
datasets/airQuality_parallel.csv;nsga2;3;16;1600;1600;7.30520e+01;100;2;1;1.00000e+00;1.00000e+00;9.50000e-01;8.87673e-01;8.97267e-01;Pipeline { map_aggregate(attribute=PT08.S5(O3), function=avg, window=4) | map_aggregate(attribute=NO2(GT), function=min, window=3) };8.80744e-01;1.00000e+00;Pipeline { map_aggregate(attribute=PT08.S4(NO2), function=avg, window=4) };8.83178e-01;8.80488e-01;Pipeline { map_aggregate(attribute=NO2(GT), function=min, window=4) | map_aggregate(attribute=NOx(GT), function=avg, window=10) };8.81574e-01;1.00000e+00;Pipeline { map_noise(attribute=PT08.S5(O3), percentage=0.10) | map_aggregate(attribute=NOx(GT), function=min, window=6) }
datasets/airQuality_parallel.csv;nsga2;3;17;1700;1700;7.74530e+01;100;2;1;1.00000e+00;1.00000e+00;9.50000e-01;8.87673e-01;8.97267e-01;Pipeline { map_aggregate(attribute=PT08.S5(O3), function=avg, window=4) | map_aggregate(attribute=NO2(GT), function=min, window=3) };8.81364e-01;1.00000e+00;Pipeline { map_aggregate(attribute=C6H6(GT), function=avg, window=5) };8.84134e-01;1.00000e+00;Pipeline { map_aggregate(attribute=NOx(GT), function=min, window=4) | map_noise(attribute=NMHC(GT), percentage=0.01) };8.82387e-01;1.00000e+00;Pipeline { map_aggregate(attribute=T, function=avg, window=8) | map_aggregate(attribute=PT08.S4(NO2), function=avg, window=4) }
datasets/airQuality_parallel.csv;nsga2;3;18;1800;1800;8.14490e+01;100;2;1;1.00000e+00;1.00000e+00;9.50000e-01;8.87944e-01;9.23203e-01;Pipeline { map_aggregate(attribute=NOx(GT), function=min, window=10) | map_aggregate(attribute=NO2(GT), function=avg, window=8) };8.82215e-01;1.00000e+00;Pipeline { map_aggregate(attribute=C6H6(GT), function=avg, window=8) };8.84520e-01;1.00000e+00;Pipeline { map_aggregate(attribute=NOx(GT), function=min, window=5) | map_aggregate(attribute=T, function=avg, window=7) };8.84183e-01;1.00000e+00;Pipeline { map_aggregate(attribute=NOx(GT), function=min, window=4) }
datasets/airQuality_parallel.csv;nsga2;3;19;1900;1900;8.54130e+01;100;1;1;1.00000e+00;1.00000e+00;9.20000e-01;8.88599e-01;1.00000e+00;Pipeline { map_aggregate(attribute=NOx(GT), function=min, window=4) | map_aggregate(attribute=C6H6(GT), function=avg, window=10) };8.82543e-01;1.00000e+00;Pipeline { map_aggregate(attribute=RH, function=avg, window=3) | map_aggregate(attribute=C6H6(GT), function=avg, window=8) };8.85095e-01;8.97267e-01;Pipeline { map_aggregate(attribute=PT08.S2(NMHC), function=avg, window=9) | map_aggregate(attribute=NO2(GT), function=min, window=3) };8.84196e-01;1.00000e+00;Pipeline { map_aggregate(attribute=NOx(GT), function=min, window=4) | map_noise(attribute=PT08.S4(NO2), percentage=0.01) }
datasets/airQuality_parallel.csv;nsga2;3;20;2000;2000;8.99490e+01;100;1;1;1.00000e+00;1.00000e+00;9.20000e-01;8.88887e-01;1.00000e+00;Pipeline { map_aggregate(attribute=NOx(GT), function=min, window=3) | map_aggregate(attribute=C6H6(GT), function=avg, window=10) };8.82845e-01;1.00000e+00;Pipeline { map_aggregate(attribute=NOx(GT), function=min, window=4) | map_aggregate(attribute=NOx(GT), function=avg, window=3) };8.86121e-01;1.00000e+00;Pipeline { map_aggregate(attribute=NOx(GT), function=min, window=4) | map_aggregate(attribute=PT08.S1(CO), function=avg, window=10) };8.84243e-01;1.00000e+00;Pipeline { map_aggregate(attribute=NOx(GT), function=min, window=3) | map_aggregate(attribute=NMHC(GT), function=max, window=3) }
datasets/airQuality_parallel.csv;nsga2;3;21;2100;2100;9.45860e+01;100;1;1;1.00000e+00;1.00000e+00;9.40000e-01;8.88887e-01;1.00000e+00;Pipeline { map_aggregate(attribute=NOx(GT), function=min, window=3) | map_aggregate(attribute=C6H6(GT), function=avg, window=10) };8.83953e-01;1.00000e+00;Pipeline { map_aggregate(attribute=NOx(GT), function=min, window=4) | map_aggregate(attribute=NOx(GT), function=avg, window=8) };8.86386e-01;1.00000e+00;Pipeline { map_aggregate(attribute=NOx(GT), function=min, window=5) | map_aggregate(attribute=PT08.S3(NOx), function=avg, window=5) };8.84520e-01;1.00000e+00;Pipeline { map_aggregate(attribute=NOx(GT), function=min, window=5) | map_aggregate(attribute=T, function=avg, window=7) }
datasets/airQuality_parallel.csv;nsga2;3;22;2200;2200;9.98740e+01;100;2;1;1.00000e+00;1.00000e+00;9.40000e-01;8.89446e-01;9.30443e-01;Pipeline { map_aggregate(attribute=NOx(GT), function=min, window=4) | map_aggregate(attribute=NO2(GT), function=avg, window=7) };8.84248e-01;1.00000e+00;Pipeline { map_aggregate(attribute=NOx(GT), function=min, window=5) | map_aggregate(attribute=T, function=avg, window=10) };8.86561e-01;8.97267e-01;Pipeline { map_aggregate(attribute=PT08.S5(O3), function=avg, window=6) | map_aggregate(attribute=NO2(GT), function=min, window=3) };8.85179e-01;1.00000e+00;Pipeline { map_aggregate(attribute=NOx(GT), function=min, window=9) | map_aggregate(attribute=C6H6(GT), function=avg, window=5) }
datasets/airQuality_parallel.csv;nsga2;3;23;2300;2300;1.04438e+02;100;2;2;1.00000e+00;1.00000e+00;9.50000e-01;8.89446e-01;9.30443e-01;Pipeline { map_aggregate(attribute=NOx(GT), function=min, window=4) | map_aggregate(attribute=NO2(GT), function=avg, window=7) };8.84520e-01;1.00000e+00;Pipeline { map_aggregate(attribute=NOx(GT), function=min, window=4) | map_noise(attribute=NMHC(GT), percentage=0.10) };8.86745e-01;1.00000e+00;Pipeline { map_aggregate(attribute=NOx(GT), function=min, window=5) | map_aggregate(attribute=C6H6(GT), function=avg, window=6) };8.85969e-01;1.00000e+00;Pipeline { map_aggregate(attribute=NOx(GT), function=min, window=5) | map_aggregate(attribute=PT08.S5(O3), function=avg, window=4) }
datasets/airQuality_parallel.csv;nsga2;3;24;2400;2400;1.09072e+02;100;1;2;1.00000e+00;1.00000e+00;9.40000e-01;8.90563e-01;1.00000e+00;Pipeline { map_aggregate(attribute=NOx(GT), function=min, window=3) | map_aggregate(attribute=PT08.S5(O3), function=avg, window=10) };8.84901e-01;1.00000e+00;Pipeline { map_aggregate(attribute=NOx(GT), function=min, window=3) | map_aggregate(attribute=AH, function=avg, window=7) };8.87121e-01;1.00000e+00;Pipeline { map_aggregate(attribute=NOx(GT), function=min, window=3) | map_aggregate(attribute=PT08.S3(NOx), function=avg, window=5) };8.86701e-01;1.00000e+00;Pipeline { map_aggregate(attribute=NOx(GT), function=min, window=7) | map_aggregate(attribute=C6H6(GT), function=avg, window=5) }
datasets/airQuality_parallel.csv;nsga2;3;25;2500;2500;1.13511e+02;100;1;1;1.00000e+00;1.00000e+00;9.40000e-01;8.90563e-01;1.00000e+00;Pipeline { map_aggregate(attribute=NOx(GT), function=min, window=3) | map_aggregate(attribute=PT08.S5(O3), function=avg, window=10) };8.85137e-01;1.00000e+00;Pipeline { map_aggregate(attribute=NOx(GT), function=min, window=4) | map_noise(attribute=RH, percentage=0.10) };8.87636e-01;1.00000e+00;Pipeline { map_aggregate(attribute=PT08.S2(NMHC), function=avg, window=10) | map_aggregate(attribute=NOx(GT), function=min, window=3) };8.86888e-01;1.00000e+00;Pipeline { map_aggregate(attribute=NOx(GT), function=min, window=4) | map_aggregate(attribute=PT08.S4(NO2), function=avg, window=3) }
datasets/airQuality_parallel.csv;nsga2;3;26;2600;2600;1.18530e+02;100;1;2;1.00000e+00;1.00000e+00;9.00000e-01;8.90563e-01;1.00000e+00;Pipeline { map_aggregate(attribute=NOx(GT), function=min, window=3) | map_aggregate(attribute=PT08.S5(O3), function=avg, window=10) };8.85524e-01;1.00000e+00;Pipeline { map_aggregate(attribute=PT08.S2(NMHC), function=avg, window=10) | map_aggregate(attribute=NOx(GT), function=min, window=6) };8.87918e-01;9.23203e-01;Pipeline { map_aggregate(attribute=NOx(GT), function=min, window=6) | map_aggregate(attribute=NO2(GT), function=avg, window=8) };8.87000e-01;1.00000e+00;Pipeline { map_aggregate(attribute=NOx(GT), function=min, window=5) | map_aggregate(attribute=PT08.S3(NOx), function=avg, window=3) }
datasets/airQuality_parallel.csv;nsga2;3;27;2700;2700;1.23420e+02;100;1;4;1.00000e+00;1.00000e+00;9.20000e-01;8.90563e-01;1.00000e+00;Pipeline { map_aggregate(attribute=NOx(GT), function=min, window=3) | map_aggregate(attribute=PT08.S5(O3), function=avg, window=10) };8.86121e-01;1.00000e+00;Pipeline { map_aggregate(attribute=NOx(GT), function=min, window=4) | map_aggregate(attribute=PT08.S1(CO), function=avg, window=10) };8.88004e-01;9.32372e-01;Pipeline { map_aggregate(attribute=NOx(GT), function=min, window=5) | map_aggregate(attribute=NO2(GT), function=avg, window=6) };8.87088e-01;1.00000e+00;Pipeline { map_aggregate(attribute=NOx(GT), function=min, window=8) | map_aggregate(attribute=C6H6(GT), function=avg, window=10) }
datasets/airQuality_parallel.csv;nsga2;3;28;2800;2800;1.27457e+02;100;1;1;1.00000e+00;1.00000e+00;9.10000e-01;8.90563e-01;1.00000e+00;Pipeline { map_aggregate(attribute=NOx(GT), function=min, window=3) | map_aggregate(attribute=PT08.S5(O3), function=avg, window=10) };8.86472e-01;1.00000e+00;Pipeline { map_aggregate(attribute=NOx(GT), function=min, window=5) | map_aggregate(attribute=PT08.S2(NMHC), function=avg, window=9) };8.88256e-01;9.33242e-01;Pipeline { map_aggregate(attribute=NOx(GT), function=min, window=4) | map_aggregate(attribute=NO2(GT), function=avg, window=4) };8.87336e-01;1.00000e+00;Pipeline { map_aggregate(attribute=PT08.S2(NMHC), function=avg, window=9) | map_aggregate(attribute=NOx(GT), function=min, window=3) }
datasets/airQuality_parallel.csv;nsga2;3;29;2900;2900;1.32260e+02;100;1;2;1.00000e+00;1.00000e+00;8.90000e-01;8.90563e-01;1.00000e+00;Pipeline { map_aggregate(attribute=NOx(GT), function=min, window=3) | map_aggregate(attribute=PT08.S5(O3), function=avg, window=10) };8.86611e-01;1.00000e+00;Pipeline { map_aggregate(attribute=NOx(GT), function=min, window=4) | map_aggregate(attribute=PT08.S1(CO), function=avg, window=4) };8.88437e-01;9.30443e-01;Pipeline { map_aggregate(attribute=NOx(GT), function=min, window=3) | map_aggregate(attribute=NO2(GT), function=avg, window=7) };8.87565e-01;1.00000e+00;Pipeline { map_aggregate(attribute=NOx(GT), function=min, window=4) | map_aggregate(attribute=PT08.S4(NO2), function=avg, window=9) }
datasets/airQuality_parallel.csv;nsga2;3;30;3000;3000;1.36864e+02;100;1;1;1.00000e+00;1.00000e+00;8.50000e-01;8.90563e-01;1.00000e+00;Pipeline { map_aggregate(attribute=NOx(GT), function=min, window=3) | map_aggregate(attribute=PT08.S5(O3), function=avg, window=10) };8.86788e-01;1.00000e+00;Pipeline { map_aggregate(attribute=NOx(GT), function=min, window=4) | map_noise(attribute=PT08.S2(NMHC), percentage=0.10) };8.88511e-01;1.00000e+00;Pipeline { map_aggregate(attribute=C6H6(GT), function=avg, window=8) | map_aggregate(attribute=NOx(GT), function=min, window=3) };8.87636e-01;1.00000e+00;Pipeline { map_aggregate(attribute=NOx(GT), function=min, window=4) | map_aggregate(attribute=PT08.S2(NMHC), function=avg, window=9) }
datasets/airQuality_parallel.csv;nsga2;3;31;3100;3100;1.41850e+02;100;1;1;1.00000e+00;1.00000e+00;8.50000e-01;8.90563e-01;1.00000e+00;Pipeline { map_aggregate(attribute=NOx(GT), function=min, window=3) | map_aggregate(attribute=PT08.S5(O3), function=avg, window=10) };8.87075e-01;1.00000e+00;Pipeline { map_aggregate(attribute=NOx(GT), function=min, window=3) | map_aggregate(attribute=C6H6(GT), function=avg, window=7) };8.88631e-01;9.23203e-01;Pipeline { map_aggregate(attribute=NOx(GT), function=min, window=4) | map_aggregate(attribute=NO2(GT), function=avg, window=8) };8.87786e-01;1.00000e+00;Pipeline { map_aggregate(attribute=PT08.S3(NOx), function=avg, window=8) | map_aggregate(attribute=NOx(GT), function=min, window=3) }
datasets/airQuality_parallel.csv;nsga2;3;32;3200;3200;1.46240e+02;100;1;2;1.00000e+00;1.00000e+00;8.40000e-01;8.90563e-01;1.00000e+00;Pipeline { map_aggregate(attribute=NOx(GT), function=min, window=3) | map_aggregate(attribute=PT08.S5(O3), function=avg, window=10) };8.87156e-01;1.00000e+00;Pipeline { map_aggregate(attribute=NOx(GT), function=min, window=4) | map_aggregate(attribute=PT08.S4(NO2), function=avg, window=10) };8.88749e-01;9.32372e-01;Pipeline { map_aggregate(attribute=NOx(GT), function=min, window=3) | map_aggregate(attribute=NO2(GT), function=avg, window=6) };8.87794e-01;1.00000e+00;Pipeline { map_aggregate(attribute=NOx(GT), function=min, window=5) | map_aggregate(attribute=PT08.S2(NMHC), function=avg, window=8) }
datasets/airQuality_parallel.csv;nsga2;3;33;3300;3300;1.51246e+02;100;1;1;1.00000e+00;1.00000e+00;8.30000e-01;8.90563e-01;1.00000e+00;Pipeline { map_aggregate(attribute=NOx(GT), function=min, window=3) | map_aggregate(attribute=PT08.S5(O3), function=avg, window=10) };8.87205e-01;1.00000e+00;Pipeline { map_aggregate(attribute=PT08.S1(CO), function=avg, window=8) | map_aggregate(attribute=NOx(GT), function=min, window=3) };8.88749e-01;9.32372e-01;Pipeline { map_aggregate(attribute=NOx(GT), function=min, window=3) | map_aggregate(attribute=NO2(GT), function=avg, window=6) };8.87794e-01;1.00000e+00;Pipeline { map_aggregate(attribute=NOx(GT), function=min, window=5) | map_aggregate(attribute=PT08.S2(NMHC), function=avg, window=8) }
datasets/airQuality_parallel.csv;nsga2;3;34;3400;3400;1.55781e+02;100;1;1;1.00000e+00;1.00000e+00;8.00000e-01;8.90563e-01;1.00000e+00;Pipeline { map_aggregate(attribute=NOx(GT), function=min, window=3) | map_aggregate(attribute=PT08.S5(O3), function=avg, window=10) };8.87488e-01;1.00000e+00;Pipeline { map_aggregate(attribute=NOx(GT), function=min, window=3) | map_aggregate(attribute=PT08.S1(CO), function=avg, window=9) };8.88887e-01;1.00000e+00;Pipeline { map_aggregate(attribute=C6H6(GT), function=avg, window=8) | map_aggregate(attribute=NOx(GT), function=min, window=4) };8.87823e-01;1.00000e+00;Pipeline { map_aggregate(attribute=NOx(GT), function=min, window=4) | map_aggregate(attribute=PT08.S2(NMHC), function=avg, window=3) }
datasets/airQuality_parallel.csv;nsga2;3;35;3500;3500;1.60888e+02;100;2;1;1.00000e+00;1.00000e+00;7.50000e-01;8.90563e-01;1.00000e+00;Pipeline { map_aggregate(attribute=NOx(GT), function=min, window=3) | map_aggregate(attribute=PT08.S5(O3), function=avg, window=10) };8.87568e-01;1.00000e+00;Pipeline { map_aggregate(attribute=NOx(GT), function=min, window=3) | map_aggregate(attribute=RH, function=avg, window=4) };8.88916e-01;1.00000e+00;Pipeline { map_aggregate(attribute=NOx(GT), function=min, window=3) | map_aggregate(attribute=PT08.S4(NO2), function=avg, window=10) };8.88123e-01;1.00000e+00;Pipeline { map_aggregate(attribute=NOx(GT), function=min, window=3) | map_aggregate(attribute=PT08.S4(NO2), function=avg, window=3) }
datasets/airQuality_parallel.csv;nsga2;3;36;3600;3600;1.66399e+02;100;2;3;1.00000e+00;1.00000e+00;7.20000e-01;8.90563e-01;1.00000e+00;Pipeline { map_aggregate(attribute=NOx(GT), function=min, window=3) | map_aggregate(attribute=PT08.S5(O3), function=avg, window=10) };8.87636e-01;1.00000e+00;Pipeline { map_aggregate(attribute=PT08.S2(NMHC), function=avg, window=10) | map_aggregate(attribute=NOx(GT), function=min, window=3) };8.88916e-01;1.00000e+00;Pipeline { map_aggregate(attribute=PT08.S5(O3), function=avg, window=8) | map_aggregate(attribute=NOx(GT), function=min, window=3) };8.88175e-01;1.00000e+00;Pipeline { map_aggregate(attribute=NOx(GT), function=min, window=4) | map_aggregate(attribute=PT08.S2(NMHC), function=avg, window=8) }
datasets/airQuality_parallel.csv;nsga2;3;37;3700;3700;1.70739e+02;100;2;1;1.00000e+00;1.00000e+00;7.10000e-01;8.90563e-01;1.00000e+00;Pipeline { map_aggregate(attribute=NOx(GT), function=min, window=3) | map_aggregate(attribute=PT08.S5(O3), function=avg, window=10) };8.87688e-01;1.00000e+00;Pipeline { map_aggregate(attribute=PT08.S2(NMHC), function=avg, window=8) | map_aggregate(attribute=NOx(GT), function=min, window=3) };8.88916e-01;1.00000e+00;Pipeline { map_aggregate(attribute=PT08.S5(O3), function=avg, window=8) | map_aggregate(attribute=NOx(GT), function=min, window=3) };8.88233e-01;1.00000e+00;Pipeline { map_aggregate(attribute=PT08.S2(NMHC), function=avg, window=4) | map_aggregate(attribute=NOx(GT), function=min, window=3) }
datasets/airQuality_parallel.csv;nsga2;3;38;3800;3800;1.75070e+02;100;2;1;1.00000e+00;1.00000e+00;6.90000e-01;8.90563e-01;1.00000e+00;Pipeline { map_aggregate(attribute=NOx(GT), function=min, window=3) | map_aggregate(attribute=PT08.S5(O3), function=avg, window=10) };8.87724e-01;1.00000e+00;Pipeline { map_aggregate(attribute=PT08.S3(NOx), function=avg, window=10) | map_aggregate(attribute=NOx(GT), function=min, window=3) };8.88925e-01;1.00000e+00;Pipeline { map_aggregate(attribute=PT08.S4(NO2), function=avg, window=8) | map_aggregate(attribute=NOx(GT), function=min, window=3) };8.88250e-01;1.00000e+00;Pipeline { map_aggregate(attribute=NOx(GT), function=min, window=4) | map_aggregate(attribute=C6H6(GT), function=avg, window=7) }
datasets/airQuality_parallel.csv;nsga2;3;39;3900;3900;1.79311e+02;100;2;1;1.00000e+00;1.00000e+00;6.50000e-01;8.90563e-01;1.00000e+00;Pipeline { map_aggregate(attribute=NOx(GT), function=min, window=3) | map_aggregate(attribute=PT08.S5(O3), function=avg, window=10) };8.87755e-01;1.00000e+00;Pipeline { map_aggregate(attribute=NOx(GT), function=min, window=3) | map_aggregate(attribute=PT08.S3(NOx), function=avg, window=7) };8.89045e-01;9.23203e-01;Pipeline { map_aggregate(attribute=NOx(GT), function=min, window=9) | map_aggregate(attribute=NO2(GT), function=avg, window=10) };8.88293e-01;1.00000e+00;Pipeline { map_aggregate(attribute=NOx(GT), function=min, window=3) | map_aggregate(attribute=PT08.S5(O3), function=avg, window=3) }
datasets/airQuality_parallel.csv;nsga2;3;40;4000;4000;1.83681e+02;100;2;1;1.00000e+00;1.00000e+00;6.40000e-01;8.90563e-01;1.00000e+00;Pipeline { map_aggregate(attribute=NOx(GT), function=min, window=3) | map_aggregate(attribute=PT08.S5(O3), function=avg, window=10) };8.87790e-01;1.00000e+00;Pipeline { map_aggregate(attribute=NOx(GT), function=min, window=4) | map_aggregate(attribute=PT08.S3(NOx), function=avg, window=9) };8.89045e-01;9.23203e-01;Pipeline { map_aggregate(attribute=NOx(GT), function=min, window=7) | map_aggregate(attribute=NO2(GT), function=avg, window=10) };8.88334e-01;1.00000e+00;Pipeline { map_aggregate(attribute=NOx(GT), function=min, window=3) | map_aggregate(attribute=C6H6(GT), function=avg, window=5) }
datasets/airQuality_parallel.csv;nsga2;3;41;4100;4100;1.88184e+02;100;2;1;1.00000e+00;1.00000e+00;6.10000e-01;8.90563e-01;1.00000e+00;Pipeline { map_aggregate(attribute=NOx(GT), function=min, window=3) | map_aggregate(attribute=PT08.S5(O3), function=avg, window=10) };8.87806e-01;1.00000e+00;Pipeline { map_aggregate(attribute=C6H6(GT), function=avg, window=7) | map_aggregate(attribute=NOx(GT), function=min, window=5) };8.89045e-01;9.23203e-01;Pipeline { map_aggregate(attribute=NOx(GT), function=min, window=10) | map_aggregate(attribute=NO2(GT), function=avg, window=10) };8.88511e-01;1.00000e+00;Pipeline { map_aggregate(attribute=C6H6(GT), function=avg, window=8) | map_aggregate(attribute=NOx(GT), function=min, window=3) }
datasets/airQuality_parallel.csv;nsga2;3;42;4200;4200;1.92258e+02;100;2;1;1.00000e+00;1.00000e+00;6.00000e-01;8.90563e-01;1.00000e+00;Pipeline { map_aggregate(attribute=NOx(GT), function=min, window=3) | map_aggregate(attribute=PT08.S5(O3), function=avg, window=10) };8.87811e-01;1.00000e+00;Pipeline { map_aggregate(attribute=NOx(GT), function=min, window=4) | map_aggregate(attribute=PT08.S3(NOx), function=avg, window=7) };8.89045e-01;9.23203e-01;Pipeline { map_aggregate(attribute=NOx(GT), function=min, window=7) | map_aggregate(attribute=NO2(GT), function=avg, window=10) };8.88511e-01;1.00000e+00;Pipeline { map_aggregate(attribute=C6H6(GT), function=avg, window=8) | map_aggregate(attribute=NOx(GT), function=min, window=5) }
datasets/airQuality_parallel.csv;nsga2;3;43;4300;4300;1.96364e+02;100;2;6;1.00000e+00;1.00000e+00;5.90000e-01;8.90563e-01;1.00000e+00;Pipeline { map_aggregate(attribute=NOx(GT), function=min, window=3) | map_aggregate(attribute=PT08.S5(O3), function=avg, window=10) };8.87832e-01;1.00000e+00;Pipeline { map_aggregate(attribute=NOx(GT), function=min, window=3) | map_aggregate(attribute=PT08.S4(NO2), function=avg, window=5) };8.89045e-01;9.23203e-01;Pipeline { map_aggregate(attribute=NOx(GT), function=min, window=7) | map_aggregate(attribute=NO2(GT), function=avg, window=10) };8.88589e-01;1.00000e+00;Pipeline { map_aggregate(attribute=NOx(GT), function=min, window=4) | map_aggregate(attribute=PT08.S5(O3), function=avg, window=8) }
datasets/airQuality_parallel.csv;nsga2;3;44;4400;4400;2.01189e+02;100;2;4;1.00000e+00;1.00000e+00;5.90000e-01;8.90563e-01;1.00000e+00;Pipeline { map_aggregate(attribute=NOx(GT), function=min, window=3) | map_aggregate(attribute=PT08.S5(O3), function=avg, window=10) };8.87832e-01;1.00000e+00;Pipeline { map_aggregate(attribute=NOx(GT), function=min, window=3) | map_aggregate(attribute=PT08.S4(NO2), function=avg, window=5) };8.89045e-01;9.23203e-01;Pipeline { map_aggregate(attribute=NOx(GT), function=min, window=10) | map_aggregate(attribute=NO2(GT), function=avg, window=10) };8.88511e-01;1.00000e+00;Pipeline { map_aggregate(attribute=NOx(GT), function=min, window=3) | map_aggregate(attribute=C6H6(GT), function=avg, window=8) }
datasets/airQuality_parallel.csv;nsga2;3;45;4500;4500;2.05399e+02;100;2;1;1.00000e+00;1.00000e+00;5.60000e-01;8.90563e-01;1.00000e+00;Pipeline { map_aggregate(attribute=NOx(GT), function=min, window=3) | map_aggregate(attribute=PT08.S5(O3), function=avg, window=10) };8.87832e-01;1.00000e+00;Pipeline { map_aggregate(attribute=NOx(GT), function=min, window=3) | map_aggregate(attribute=PT08.S4(NO2), function=avg, window=5) };8.89073e-01;9.23203e-01;Pipeline { map_aggregate(attribute=NOx(GT), function=min, window=8) | map_aggregate(attribute=NO2(GT), function=avg, window=10) };8.88511e-01;1.00000e+00;Pipeline { map_aggregate(attribute=C6H6(GT), function=avg, window=8) | map_aggregate(attribute=NOx(GT), function=min, window=3) }
datasets/airQuality_parallel.csv;nsga2;3;46;4600;4600;2.10070e+02;100;2;1;1.00000e+00;1.00000e+00;5.40000e-01;8.90563e-01;1.00000e+00;Pipeline { map_aggregate(attribute=NOx(GT), function=min, window=3) | map_aggregate(attribute=PT08.S5(O3), function=avg, window=10) };8.87969e-01;1.00000e+00;Pipeline { map_aggregate(attribute=NOx(GT), function=min, window=3) | map_aggregate(attribute=PT08.S4(NO2), function=avg, window=4) };8.89074e-01;1.00000e+00;Pipeline { map_aggregate(attribute=C6H6(GT), function=avg, window=3) | map_aggregate(attribute=NOx(GT), function=min, window=4) };8.88511e-01;1.00000e+00;Pipeline { map_aggregate(attribute=NOx(GT), function=min, window=3) | map_aggregate(attribute=C6H6(GT), function=avg, window=8) }
datasets/airQuality_parallel.csv;nsga2;3;47;4700;4700;2.14434e+02;100;2;1;1.00000e+00;1.00000e+00;5.40000e-01;8.90563e-01;1.00000e+00;Pipeline { map_aggregate(attribute=NOx(GT), function=min, window=3) | map_aggregate(attribute=PT08.S5(O3), function=avg, window=10) };8.87832e-01;1.00000e+00;Pipeline { map_aggregate(attribute=NOx(GT), function=min, window=3) | map_aggregate(attribute=PT08.S4(NO2), function=avg, window=5) };8.89074e-01;1.00000e+00;Pipeline { map_aggregate(attribute=C6H6(GT), function=avg, window=3) | map_aggregate(attribute=NOx(GT), function=min, window=4) };8.88511e-01;1.00000e+00;Pipeline { map_aggregate(attribute=C6H6(GT), function=avg, window=8) | map_aggregate(attribute=NOx(GT), function=min, window=3) }
datasets/airQuality_parallel.csv;nsga2;3;48;4800;4800;2.18429e+02;100;2;2;1.00000e+00;1.00000e+00;5.30000e-01;8.90563e-01;1.00000e+00;Pipeline { map_aggregate(attribute=NOx(GT), function=min, window=3) | map_aggregate(attribute=PT08.S5(O3), function=avg, window=10) };8.87969e-01;1.00000e+00;Pipeline { map_aggregate(attribute=NOx(GT), function=min, window=3) | map_aggregate(attribute=PT08.S4(NO2), function=avg, window=4) };8.89074e-01;1.00000e+00;Pipeline { map_aggregate(attribute=C6H6(GT), function=avg, window=3) | map_aggregate(attribute=NOx(GT), function=min, window=4) };8.88511e-01;1.00000e+00;Pipeline { map_aggregate(attribute=NOx(GT), function=min, window=3) | map_aggregate(attribute=C6H6(GT), function=avg, window=8) }
datasets/airQuality_parallel.csv;nsga2;3;49;4900;4900;2.23555e+02;100;2;3;1.00000e+00;1.00000e+00;5.20000e-01;8.90563e-01;1.00000e+00;Pipeline { map_aggregate(attribute=NOx(GT), function=min, window=3) | map_aggregate(attribute=PT08.S5(O3), function=avg, window=10) };8.87999e-01;1.00000e+00;Pipeline { map_aggregate(attribute=NOx(GT), function=min, window=4) | map_aggregate(attribute=PT08.S3(NOx), function=avg, window=8) };8.89074e-01;1.00000e+00;Pipeline { map_aggregate(attribute=NOx(GT), function=min, window=3) | map_aggregate(attribute=C6H6(GT), function=avg, window=3) };8.88589e-01;1.00000e+00;Pipeline { map_aggregate(attribute=PT08.S5(O3), function=avg, window=8) | map_aggregate(attribute=NOx(GT), function=min, window=4) }
datasets/airQuality_parallel.csv;nsga2;3;50;5000;5000;2.27576e+02;100;2;2;1.00000e+00;1.00000e+00;5.30000e-01;8.90563e-01;1.00000e+00;Pipeline { map_aggregate(attribute=NOx(GT), function=min, window=3) | map_aggregate(attribute=PT08.S5(O3), function=avg, window=10) };8.87999e-01;1.00000e+00;Pipeline { map_aggregate(attribute=NOx(GT), function=min, window=4) | map_aggregate(attribute=PT08.S3(NOx), function=avg, window=8) };8.89074e-01;1.00000e+00;Pipeline { map_aggregate(attribute=NOx(GT), function=min, window=4) | map_aggregate(attribute=C6H6(GT), function=avg, window=3) };8.88589e-01;1.00000e+00;Pipeline { map_aggregate(attribute=NOx(GT), function=min, window=4) | map_aggregate(attribute=PT08.S5(O3), function=avg, window=8) }
datasets/airQuality_parallel.csv;nsga2;4;1;100;100;5.85900e+00;100;1;52;9.70000e-01;9.70000e-01;4.70000e-01;8.74466e-01;1.00000e+00;Pipeline { map_noise(attribute=C6H6(GT), percentage=0.25) };8.38969e-01;1.00000e+00;Pipeline { map_aggregate(attribute=PT08.S3(NOx), function=max, window=9) };7.10638e-01;9.22706e-01;Pipeline { filter(NO2(GT) > 8.4900) };7.79157e-01;9.22104e-01;Pipeline { map_duplicate(probability=0.10) | filter(NO2(GT) > 0.0000) }
datasets/airQuality_parallel.csv;nsga2;4;2;200;200;1.10370e+01;100;1;1;9.70000e-01;9.70000e-01;9.70000e-01;8.76867e-01;1.00000e+00;Pipeline { map_aggregate(attribute=PT08.S3(NOx), function=avg, window=5) };8.38969e-01;1.00000e+00;Pipeline { map_aggregate(attribute=PT08.S3(NOx), function=max, window=9) };8.45071e-01;9.42281e-01;Pipeline { filter(RH < 130000000.0000) | map_noise(attribute=NO2(GT), percentage=0.25) | filter(RH > 0.0737) };7.85103e-01;9.64552e-01;Pipeline { map_duplicate(probability=0.10) }
datasets/airQuality_parallel.csv;nsga2;4;3;300;300;1.65590e+01;100;1;1;9.70000e-01;9.70000e-01;9.10000e-01;8.82315e-01;1.00000e+00;Pipeline { map_aggregate(attribute=NOx(GT), function=min, window=5) };8.38969e-01;1.00000e+00;Pipeline { map_aggregate(attribute=PT08.S3(NOx), function=max, window=9) };8.70690e-01;1.00000e+00;Pipeline { map_noise(attribute=T, percentage=0.25) };8.68518e-01;1.00000e+00;Pipeline { map_noise(attribute=PT08.S4(NO2), percentage=0.01) }
datasets/airQuality_parallel.csv;nsga2;4;4;400;400;2.05900e+01;100;1;2;9.90000e-01;9.90000e-01;8.10000e-01;8.82354e-01;1.00000e+00;Pipeline { map_aggregate(attribute=PT08.S4(NO2), function=avg, window=10) };8.68219e-01;1.00000e+00;Pipeline { map_aggregate(attribute=NMHC(GT), function=max, window=6) };8.77607e-01;6.54266e-01;Pipeline { map_aggregate(attribute=CO(GT), function=avg, window=9) };8.69828e-01;1.00000e+00;Pipeline { map_aggregate(attribute=T, function=max, window=7) }
datasets/airQuality_parallel.csv;nsga2;4;5;500;500;2.48440e+01;100;1;1;1.00000e+00;1.00000e+00;9.30000e-01;8.84183e-01;1.00000e+00;Pipeline { map_aggregate(attribute=NOx(GT), function=min, window=3) };8.70798e-01;1.00000e+00;Pipeline { map_aggregate(attribute=T, function=avg, window=5) };8.79864e-01;1.00000e+00;Pipeline { map_aggregate(attribute=PT08.S2(NMHC), function=avg, window=10) };8.73697e-01;1.00000e+00;Pipeline { map_aggregate(attribute=RH, function=avg, window=4) }
datasets/airQuality_parallel.csv;nsga2;4;6;600;600;2.90960e+01;100;1;1;1.00000e+00;1.00000e+00;9.60000e-01;8.84183e-01;1.00000e+00;Pipeline { map_aggregate(attribute=NOx(GT), function=min, window=3) };8.73557e-01;1.00000e+00;Pipeline { map_noise(attribute=RH, percentage=0.05) | map_aggregate(attribute=AH, function=avg, window=8) };8.80616e-01;8.95429e-01;Pipeline { map_noise(attribute=CO(GT), percentage=0.10) | map_aggregate(attribute=NOx(GT), function=avg, window=8) };8.75776e-01;1.00000e+00;Pipeline { map_aggregate(attribute=PT08.S3(NOx), function=avg, window=3) }
datasets/airQuality_parallel.csv;nsga2;4;7;700;700;3.30790e+01;100;2;1;1.00000e+00;1.00000e+00;9.50000e-01;8.84183e-01;1.00000e+00;Pipeline { map_aggregate(attribute=NOx(GT), function=min, window=3) };8.74814e-01;1.00000e+00;Pipeline { map_noise(attribute=NOx(GT), percentage=0.10) | map_aggregate(attribute=AH, function=min, window=9) };8.80671e-01;1.00000e+00;Pipeline { map_aggregate(attribute=PT08.S1(CO), function=avg, window=9) };8.78550e-01;1.00000e+00;Pipeline { map_aggregate(attribute=PT08.S2(NMHC), function=avg, window=3) }
datasets/airQuality_parallel.csv;nsga2;4;8;800;800;3.72060e+01;100;2;1;1.00000e+00;1.00000e+00;9.20000e-01;8.84183e-01;1.00000e+00;Pipeline { map_aggregate(attribute=NOx(GT), function=min, window=3) };8.75561e-01;1.00000e+00;Pipeline { map_aggregate(attribute=RH, function=avg, window=8) };8.80691e-01;1.00000e+00;Pipeline { map_aggregate(attribute=PT08.S5(O3), function=avg, window=8) };8.79339e-01;1.00000e+00;Pipeline { map_noise(attribute=T, percentage=0.01) | map_aggregate(attribute=NOx(GT), function=avg, window=8) }
datasets/airQuality_parallel.csv;nsga2;4;9;900;900;4.15290e+01;100;2;1;1.00000e+00;1.00000e+00;9.10000e-01;8.84183e-01;1.00000e+00;Pipeline { map_aggregate(attribute=NOx(GT), function=min, window=3) };8.76884e-01;1.00000e+00;Pipeline { map_aggregate(attribute=PT08.S3(NOx), function=avg, window=6) };8.80982e-01;1.00000e+00;Pipeline { map_aggregate(attribute=C6H6(GT), function=avg, window=4) };8.79509e-01;1.00000e+00;Pipeline { map_aggregate(attribute=PT08.S2(NMHC), function=avg, window=9) }
datasets/airQuality_parallel.csv;nsga2;4;10;1000;1000;4.58790e+01;100;2;1;1.00000e+00;1.00000e+00;9.10000e-01;8.84183e-01;1.00000e+00;Pipeline { map_aggregate(attribute=NOx(GT), function=min, window=3) };8.78422e-01;1.00000e+00;Pipeline { map_aggregate(attribute=PT08.S2(NMHC), function=avg, window=7) };8.81105e-01;1.00000e+00;Pipeline { map_aggregate(attribute=C6H6(GT), function=avg, window=3) };8.79598e-01;1.00000e+00;Pipeline { map_noise(attribute=C6H6(GT), percentage=0.10) | map_aggregate(attribute=PT08.S5(O3), function=avg, window=5) }
datasets/airQuality_parallel.csv;nsga2;4;11;1100;1100;4.99170e+01;100;2;1;1.00000e+00;1.00000e+00;9.00000e-01;8.84183e-01;1.00000e+00;Pipeline { map_aggregate(attribute=NOx(GT), function=min, window=3) };8.79013e-01;1.00000e+00;Pipeline { map_aggregate(attribute=NOx(GT), function=avg, window=3) };8.81677e-01;1.00000e+00;Pipeline { map_noise(attribute=NMHC(GT), percentage=0.05) | map_aggregate(attribute=PT08.S4(NO2), function=avg, window=6) };8.79989e-01;1.00000e+00;Pipeline { map_aggregate(attribute=PT08.S1(CO), function=avg, window=4) }
datasets/airQuality_parallel.csv;nsga2;4;12;1200;1200;5.43290e+01;100;2;1;1.00000e+00;1.00000e+00;8.80000e-01;8.84183e-01;1.00000e+00;Pipeline { map_aggregate(attribute=NOx(GT), function=min, window=3) };8.79544e-01;1.00000e+00;Pipeline { map_aggregate(attribute=C6H6(GT), function=avg, window=6) };8.82001e-01;7.03269e-01;Pipeline { map_aggregate(attribute=T, function=max, window=8) | map_aggregate(attribute=CO(GT), function=avg, window=3) };8.80330e-01;1.00000e+00;Pipeline { map_noise(attribute=T, percentage=0.25) | map_aggregate(attribute=PT08.S4(NO2), function=avg, window=9) }
datasets/airQuality_parallel.csv;nsga2;4;13;1300;1300;5.86470e+01;100;2;1;1.00000e+00;1.00000e+00;8.40000e-01;8.84183e-01;1.00000e+00;Pipeline { map_aggregate(attribute=NOx(GT), function=min, window=3) };8.79989e-01;1.00000e+00;Pipeline { map_noise(attribute=PT08.S1(CO), percentage=0.05) | map_aggregate(attribute=PT08.S4(NO2), function=avg, window=3) };8.82231e-01;1.00000e+00;Pipeline { map_noise(attribute=NOx(GT), percentage=0.10) | map_aggregate(attribute=PT08.S5(O3), function=avg, window=4) };8.80744e-01;1.00000e+00;Pipeline { map_aggregate(attribute=PT08.S4(NO2), function=avg, window=4) }
datasets/airQuality_parallel.csv;nsga2;4;14;1400;1400;6.30480e+01;100;4;2;1.00000e+00;1.00000e+00;8.30000e-01;8.86435e-01;8.97267e-01;Pipeline { map_aggregate(attribute=NO2(GT), function=min, window=3) | map_aggregate(attribute=C6H6(GT), function=avg, window=5) };8.80499e-01;1.00000e+00;Pipeline { map_noise(attribute=PT08.S1(CO), percentage=0.05) | map_aggregate(attribute=PT08.S5(O3), function=avg, window=3) };8.82441e-01;1.00000e+00;Pipeline { map_noise(attribute=T, percentage=0.05) | map_aggregate(attribute=PT08.S5(O3), function=avg, window=4) };8.81369e-01;1.00000e+00;Pipeline { map_noise(attribute=PT08.S2(NMHC), percentage=0.05) | map_aggregate(attribute=C6H6(GT), function=avg, window=4) }
datasets/airQuality_parallel.csv;nsga2;4;15;1500;1500;6.74290e+01;100;5;1;1.00000e+00;1.00000e+00;8.10000e-01;8.86435e-01;8.97267e-01;Pipeline { map_aggregate(attribute=NO2(GT), function=min, window=3) | map_aggregate(attribute=C6H6(GT), function=avg, window=5) };8.81105e-01;1.00000e+00;Pipeline { map_aggregate(attribute=T, function=max, window=4) | map_aggregate(attribute=C6H6(GT), function=avg, window=3) };8.82498e-01;1.00000e+00;Pipeline { map_aggregate(attribute=PT08.S5(O3), function=avg, window=4) | map_aggregate(attribute=NMHC(GT), function=max, window=9) };8.81768e-01;1.00000e+00;Pipeline { map_aggregate(attribute=PT08.S5(O3), function=avg, window=4) | map_noise(attribute=PT08.S2(NMHC), percentage=0.05) }
datasets/airQuality_parallel.csv;nsga2;4;16;1600;1600;7.18320e+01;100;5;2;1.00000e+00;1.00000e+00;7.90000e-01;8.86435e-01;8.97267e-01;Pipeline { map_aggregate(attribute=NO2(GT), function=min, window=3) | map_aggregate(attribute=C6H6(GT), function=avg, window=5) };8.81600e-01;1.00000e+00;Pipeline { map_noise(attribute=T, percentage=0.10) | map_aggregate(attribute=PT08.S5(O3), function=avg, window=5) };8.82759e-01;1.00000e+00;Pipeline { map_noise(attribute=PT08.S2(NMHC), percentage=0.05) | map_aggregate(attribute=PT08.S4(NO2), function=avg, window=9) };8.81955e-01;1.00000e+00;Pipeline { map_noise(attribute=PT08.S5(O3), percentage=0.10) | map_aggregate(attribute=C6H6(GT), function=avg, window=4) }
datasets/airQuality_parallel.csv;nsga2;4;17;1700;1700;7.59800e+01;100;5;1;1.00000e+00;1.00000e+00;7.90000e-01;8.86435e-01;8.97267e-01;Pipeline { map_aggregate(attribute=NO2(GT), function=min, window=3) | map_aggregate(attribute=C6H6(GT), function=avg, window=5) };8.81885e-01;1.00000e+00;Pipeline { map_aggregate(attribute=PT08.S4(NO2), function=avg, window=8) };8.82928e-01;1.00000e+00;Pipeline { map_noise(attribute=NOx(GT), percentage=0.10) | map_aggregate(attribute=C6H6(GT), function=avg, window=9) };8.82315e-01;1.00000e+00;Pipeline { map_aggregate(attribute=NOx(GT), function=min, window=5) }
datasets/airQuality_parallel.csv;nsga2;4;18;1800;1800;8.06610e+01;100;2;5;1.00000e+00;1.00000e+00;8.10000e-01;8.86626e-01;8.97267e-01;Pipeline { map_aggregate(attribute=NO2(GT), function=min, window=3) | map_aggregate(attribute=C6H6(GT), function=avg, window=8) };8.81955e-01;1.00000e+00;Pipeline { map_noise(attribute=PT08.S2(NMHC), percentage=0.10) | map_aggregate(attribute=PT08.S4(NO2), function=avg, window=7) };8.83091e-01;1.00000e+00;Pipeline { map_aggregate(attribute=PT08.S5(O3), function=avg, window=4) | map_aggregate(attribute=NMHC(GT), function=min, window=9) };8.82441e-01;1.00000e+00;Pipeline { map_noise(attribute=T, percentage=0.05) | map_aggregate(attribute=PT08.S5(O3), function=avg, window=4) }
datasets/airQuality_parallel.csv;nsga2;4;19;1900;1900;8.51510e+01;100;2;2;1.00000e+00;1.00000e+00;8.30000e-01;8.86626e-01;8.97267e-01;Pipeline { map_aggregate(attribute=NO2(GT), function=min, window=3) | map_aggregate(attribute=C6H6(GT), function=avg, window=8) };8.82217e-01;1.00000e+00;Pipeline { map_aggregate(attribute=PT08.S4(NO2), function=avg, window=9) };8.84166e-01;6.80699e-01;Pipeline { map_aggregate(attribute=CO(GT), function=avg, window=4) | map_aggregate(attribute=NO2(GT), function=avg, window=3) };8.82441e-01;1.00000e+00;Pipeline { map_noise(attribute=RH, percentage=0.01) | map_aggregate(attribute=PT08.S5(O3), function=avg, window=4) }
datasets/airQuality_parallel.csv;nsga2;4;20;2000;2000;8.96540e+01;100;2;1;1.00000e+00;1.00000e+00;8.00000e-01;8.86626e-01;8.97267e-01;Pipeline { map_aggregate(attribute=NO2(GT), function=min, window=3) | map_aggregate(attribute=C6H6(GT), function=avg, window=8) };8.82386e-01;1.00000e+00;Pipeline { map_noise(attribute=NOx(GT), percentage=0.05) | map_aggregate(attribute=PT08.S4(NO2), function=avg, window=9) };8.84217e-01;9.52227e-01;Pipeline { map_aggregate(attribute=PT08.S3(NOx), function=avg, window=9) | map_aggregate(attribute=NO2(GT), function=avg, window=3) };8.82507e-01;1.00000e+00;Pipeline { map_noise(attribute=PT08.S4(NO2), percentage=0.05) | map_aggregate(attribute=PT08.S5(O3), function=avg, window=4) }
datasets/airQuality_parallel.csv;nsga2;4;21;2100;2100;9.39410e+01;100;1;1;1.00000e+00;1.00000e+00;9.10000e-01;8.90211e-01;1.00000e+00;Pipeline { map_aggregate(attribute=NOx(GT), function=min, window=3) | map_aggregate(attribute=PT08.S5(O3), function=avg, window=9) };8.82461e-01;1.00000e+00;Pipeline { map_noise(attribute=NOx(GT), percentage=0.01) | map_aggregate(attribute=PT08.S4(NO2), function=avg, window=9) };8.84469e-01;8.45608e-01;Pipeline { map_aggregate(attribute=NOx(GT), function=avg, window=3) | map_aggregate(attribute=NO2(GT), function=min, window=5) };8.83609e-01;1.00000e+00;Pipeline { map_aggregate(attribute=NOx(GT), function=min, window=5) | map_noise(attribute=PT08.S4(NO2), percentage=0.10) }
datasets/airQuality_parallel.csv;nsga2;4;22;2200;2200;9.81080e+01;100;1;2;1.00000e+00;1.00000e+00;9.60000e-01;8.90211e-01;1.00000e+00;Pipeline { map_aggregate(attribute=NOx(GT), function=min, window=3) | map_aggregate(attribute=PT08.S5(O3), function=avg, window=9) };8.82759e-01;1.00000e+00;Pipeline { map_noise(attribute=PT08.S2(NMHC), percentage=0.05) | map_aggregate(attribute=PT08.S4(NO2), function=avg, window=9) };8.85420e-01;9.54126e-01;Pipeline { map_aggregate(attribute=NOx(GT), function=avg, window=3) | map_aggregate(attribute=NO2(GT), function=avg, window=5) };8.84868e-01;1.00000e+00;Pipeline { map_aggregate(attribute=NOx(GT), function=min, window=3) | map_aggregate(attribute=NMHC(GT), function=avg, window=4) }
datasets/airQuality_parallel.csv;nsga2;4;23;2300;2300;1.02220e+02;100;1;1;1.00000e+00;1.00000e+00;9.70000e-01;8.90211e-01;1.00000e+00;Pipeline { map_aggregate(attribute=NOx(GT), function=min, window=3) | map_aggregate(attribute=PT08.S5(O3), function=avg, window=9) };8.83022e-01;1.00000e+00;Pipeline { map_aggregate(attribute=NOx(GT), function=min, window=4) | map_aggregate(attribute=NOx(GT), function=avg, window=9) };8.85553e-01;1.00000e+00;Pipeline { map_aggregate(attribute=NOx(GT), function=min, window=3) | map_noise(attribute=AH, percentage=0.10) };8.85136e-01;1.00000e+00;Pipeline { map_aggregate(attribute=NOx(GT), function=min, window=3) | map_noise(attribute=PT08.S1(CO), percentage=0.05) }
datasets/airQuality_parallel.csv;nsga2;4;24;2400;2400;1.06694e+02;100;1;1;1.00000e+00;1.00000e+00;9.40000e-01;8.90211e-01;1.00000e+00;Pipeline { map_aggregate(attribute=NOx(GT), function=min, window=3) | map_aggregate(attribute=PT08.S5(O3), function=avg, window=9) };8.83655e-01;1.00000e+00;Pipeline { map_aggregate(attribute=PT08.S3(NOx), function=avg, window=8) | map_aggregate(attribute=NOx(GT), function=min, window=7) };8.86241e-01;9.33242e-01;Pipeline { map_aggregate(attribute=NOx(GT), function=avg, window=3) | map_aggregate(attribute=NO2(GT), function=avg, window=4) };8.85553e-01;1.00000e+00;Pipeline { map_aggregate(attribute=NOx(GT), function=min, window=3) | map_noise(attribute=AH, percentage=0.10) }
datasets/airQuality_parallel.csv;nsga2;4;25;2500;2500;1.10912e+02;100;1;6;1.00000e+00;1.00000e+00;9.20000e-01;8.90211e-01;1.00000e+00;Pipeline { map_aggregate(attribute=NOx(GT), function=min, window=3) | map_aggregate(attribute=PT08.S5(O3), function=avg, window=9) };8.84183e-01;1.00000e+00;Pipeline { map_aggregate(attribute=NOx(GT), function=min, window=3) };8.86435e-01;8.97267e-01;Pipeline { map_aggregate(attribute=NO2(GT), function=min, window=3) | map_aggregate(attribute=C6H6(GT), function=avg, window=5) };8.85581e-01;1.00000e+00;Pipeline { map_aggregate(attribute=NOx(GT), function=min, window=3) | map_noise(attribute=RH, percentage=0.10) }
datasets/airQuality_parallel.csv;nsga2;4;26;2600;2600;1.14980e+02;100;1;2;1.00000e+00;1.00000e+00;9.20000e-01;8.90211e-01;1.00000e+00;Pipeline { map_aggregate(attribute=NOx(GT), function=min, window=3) | map_aggregate(attribute=PT08.S5(O3), function=avg, window=9) };8.84574e-01;1.00000e+00;Pipeline { map_aggregate(attribute=NOx(GT), function=min, window=4) | map_noise(attribute=T, percentage=0.10) };8.87122e-01;1.00000e+00;Pipeline { map_aggregate(attribute=NOx(GT), function=min, window=4) | map_aggregate(attribute=PT08.S2(NMHC), function=avg, window=10) };8.85731e-01;1.00000e+00;Pipeline { map_aggregate(attribute=NOx(GT), function=min, window=3) | map_aggregate(attribute=NOx(GT), function=avg, window=5) }
datasets/airQuality_parallel.csv;nsga2;4;27;2700;2700;1.20070e+02;100;1;1;1.00000e+00;1.00000e+00;9.10000e-01;8.90211e-01;1.00000e+00;Pipeline { map_aggregate(attribute=NOx(GT), function=min, window=3) | map_aggregate(attribute=PT08.S5(O3), function=avg, window=9) };8.84982e-01;1.00000e+00;Pipeline { map_aggregate(attribute=NOx(GT), function=min, window=3) | map_noise(attribute=PT08.S3(NOx), percentage=0.10) };8.87358e-01;8.97267e-01;Pipeline { map_aggregate(attribute=NO2(GT), function=min, window=3) | map_aggregate(attribute=C6H6(GT), function=avg, window=4) };8.87000e-01;1.00000e+00;Pipeline { map_aggregate(attribute=PT08.S3(NOx), function=avg, window=3) | map_aggregate(attribute=NOx(GT), function=min, window=5) }
datasets/airQuality_parallel.csv;nsga2;4;28;2800;2800;1.24462e+02;100;2;2;1.00000e+00;1.00000e+00;9.00000e-01;8.90228e-01;9.23203e-01;Pipeline { map_aggregate(attribute=NOx(GT), function=min, window=6) | map_aggregate(attribute=NO2(GT), function=avg, window=10) };8.85244e-01;1.00000e+00;Pipeline { map_aggregate(attribute=NOx(GT), function=min, window=7) | map_aggregate(attribute=C6H6(GT), function=avg, window=7) };8.87786e-01;1.00000e+00;Pipeline { map_aggregate(attribute=NOx(GT), function=min, window=3) | map_aggregate(attribute=PT08.S3(NOx), function=avg, window=8) };8.87405e-01;1.00000e+00;Pipeline { map_aggregate(attribute=NOx(GT), function=min, window=4) | map_aggregate(attribute=PT08.S3(NOx), function=avg, window=4) }
datasets/airQuality_parallel.csv;nsga2;4;29;2900;2900;1.29242e+02;100;2;2;1.00000e+00;1.00000e+00;8.90000e-01;8.90228e-01;9.23203e-01;Pipeline { map_aggregate(attribute=NOx(GT), function=min, window=6) | map_aggregate(attribute=NO2(GT), function=avg, window=10) };8.85438e-01;1.00000e+00;Pipeline { map_aggregate(attribute=NOx(GT), function=min, window=3) | map_aggregate(attribute=NOx(GT), function=avg, window=10) };8.88013e-01;1.00000e+00;Pipeline { map_aggregate(attribute=NOx(GT), function=min, window=3) | map_aggregate(attribute=RH, function=avg, window=5) };8.87755e-01;1.00000e+00;Pipeline { map_aggregate(attribute=NOx(GT), function=min, window=3) | map_aggregate(attribute=PT08.S3(NOx), function=avg, window=7) }
datasets/airQuality_parallel.csv;nsga2;4;30;3000;3000;1.33204e+02;100;2;4;1.00000e+00;1.00000e+00;8.70000e-01;8.90228e-01;9.23203e-01;Pipeline { map_aggregate(attribute=NOx(GT), function=min, window=6) | map_aggregate(attribute=NO2(GT), function=avg, window=10) };8.85581e-01;1.00000e+00;Pipeline { map_aggregate(attribute=NOx(GT), function=min, window=3) | map_noise(attribute=RH, percentage=0.10) };8.88123e-01;1.00000e+00;Pipeline { map_aggregate(attribute=NOx(GT), function=min, window=3) | map_aggregate(attribute=PT08.S4(NO2), function=avg, window=3) };8.87786e-01;1.00000e+00;Pipeline { map_aggregate(attribute=NOx(GT), function=min, window=3) | map_aggregate(attribute=PT08.S3(NOx), function=avg, window=8) }
datasets/airQuality_parallel.csv;nsga2;4;31;3100;3100;1.37264e+02;100;2;2;1.00000e+00;1.00000e+00;8.60000e-01;8.90228e-01;9.23203e-01;Pipeline { map_aggregate(attribute=NOx(GT), function=min, window=6) | map_aggregate(attribute=NO2(GT), function=avg, window=10) };8.85953e-01;1.00000e+00;Pipeline { map_aggregate(attribute=NOx(GT), function=min, window=3) | map_aggregate(attribute=PT08.S1(CO), function=avg, window=6) };8.88168e-01;9.54126e-01;Pipeline { map_aggregate(attribute=NOx(GT), function=min, window=5) | map_aggregate(attribute=NO2(GT), function=avg, window=5) };8.87755e-01;1.00000e+00;Pipeline { map_aggregate(attribute=NOx(GT), function=min, window=3) | map_aggregate(attribute=PT08.S3(NOx), function=avg, window=7) }
datasets/airQuality_parallel.csv;nsga2;4;32;3200;3200;1.41658e+02;100;2;5;1.00000e+00;1.00000e+00;8.90000e-01;8.90228e-01;9.23203e-01;Pipeline { map_aggregate(attribute=NOx(GT), function=min, window=6) | map_aggregate(attribute=NO2(GT), function=avg, window=10) };8.86258e-01;1.00000e+00;Pipeline { map_aggregate(attribute=PT08.S3(NOx), function=avg, window=6) | map_aggregate(attribute=NOx(GT), function=min, window=5) };8.88256e-01;9.33242e-01;Pipeline { map_aggregate(attribute=NOx(GT), function=min, window=4) | map_aggregate(attribute=NO2(GT), function=avg, window=4) };8.87636e-01;1.00000e+00;Pipeline { map_aggregate(attribute=NOx(GT), function=min, window=4) | map_aggregate(attribute=PT08.S2(NMHC), function=avg, window=9) }
datasets/airQuality_parallel.csv;nsga2;4;33;3300;3300;1.46108e+02;100;2;1;1.00000e+00;1.00000e+00;8.80000e-01;8.90228e-01;9.23203e-01;Pipeline { map_aggregate(attribute=NOx(GT), function=min, window=6) | map_aggregate(attribute=NO2(GT), function=avg, window=10) };8.86322e-01;1.00000e+00;Pipeline { map_aggregate(attribute=PT08.S3(NOx), function=avg, window=7) | map_aggregate(attribute=NOx(GT), function=min, window=5) };8.88470e-01;9.30443e-01;Pipeline { map_aggregate(attribute=NOx(GT), function=min, window=5) | map_aggregate(attribute=NO2(GT), function=avg, window=7) };8.87570e-01;1.00000e+00;Pipeline { map_aggregate(attribute=NOx(GT), function=min, window=4) | map_aggregate(attribute=RH, function=avg, window=4) }
datasets/airQuality_parallel.csv;nsga2;4;34;3400;3400;1.50958e+02;100;2;2;1.00000e+00;1.00000e+00;8.70000e-01;8.90228e-01;9.23203e-01;Pipeline { map_aggregate(attribute=NOx(GT), function=min, window=6) | map_aggregate(attribute=NO2(GT), function=avg, window=10) };8.86487e-01;1.00000e+00;Pipeline { map_aggregate(attribute=NOx(GT), function=min, window=5) | map_aggregate(attribute=PT08.S4(NO2), function=avg, window=5) };8.88554e-01;9.54126e-01;Pipeline { map_aggregate(attribute=NOx(GT), function=min, window=3) | map_aggregate(attribute=NO2(GT), function=avg, window=5) };8.87693e-01;1.00000e+00;Pipeline { map_aggregate(attribute=NOx(GT), function=min, window=4) | map_aggregate(attribute=RH, function=avg, window=5) }
datasets/airQuality_parallel.csv;nsga2;4;35;3500;3500;1.55386e+02;100;2;3;1.00000e+00;1.00000e+00;8.50000e-01;8.90228e-01;9.23203e-01;Pipeline { map_aggregate(attribute=NOx(GT), function=min, window=6) | map_aggregate(attribute=NO2(GT), function=avg, window=10) };8.86573e-01;1.00000e+00;Pipeline { map_aggregate(attribute=NOx(GT), function=min, window=7) | map_aggregate(attribute=C6H6(GT), function=avg, window=4) };8.88608e-01;1.00000e+00;Pipeline { map_aggregate(attribute=NOx(GT), function=min, window=3) | map_aggregate(attribute=PT08.S4(NO2), function=avg, window=6) };8.87755e-01;1.00000e+00;Pipeline { map_aggregate(attribute=NOx(GT), function=min, window=3) | map_aggregate(attribute=PT08.S3(NOx), function=avg, window=7) }
datasets/airQuality_parallel.csv;nsga2;4;36;3600;3600;1.59963e+02;100;2;1;1.00000e+00;1.00000e+00;8.60000e-01;8.90228e-01;9.23203e-01;Pipeline { map_aggregate(attribute=NOx(GT), function=min, window=6) | map_aggregate(attribute=NO2(GT), function=avg, window=10) };8.86822e-01;1.00000e+00;Pipeline { map_aggregate(attribute=NOx(GT), function=min, window=4) | map_aggregate(attribute=PT08.S2(NMHC), function=avg, window=6) };8.88608e-01;1.00000e+00;Pipeline { map_aggregate(attribute=NOx(GT), function=min, window=3) | map_aggregate(attribute=PT08.S4(NO2), function=avg, window=6) };8.87693e-01;1.00000e+00;Pipeline { map_aggregate(attribute=NOx(GT), function=min, window=4) | map_aggregate(attribute=RH, function=avg, window=5) }
datasets/airQuality_parallel.csv;nsga2;4;37;3700;3700;1.64130e+02;100;2;1;1.00000e+00;1.00000e+00;8.70000e-01;8.90228e-01;9.23203e-01;Pipeline { map_aggregate(attribute=NOx(GT), function=min, window=6) | map_aggregate(attribute=NO2(GT), function=avg, window=10) };8.87041e-01;1.00000e+00;Pipeline { map_aggregate(attribute=NOx(GT), function=min, window=6) | map_aggregate(attribute=C6H6(GT), function=avg, window=4) };8.88631e-01;9.18060e-01;Pipeline { map_aggregate(attribute=NOx(GT), function=min, window=6) | map_aggregate(attribute=NO2(GT), function=avg, window=9) };8.87719e-01;1.00000e+00;Pipeline { map_aggregate(attribute=NOx(GT), function=min, window=5) | map_aggregate(attribute=C6H6(GT), function=avg, window=10) }
datasets/airQuality_parallel.csv;nsga2;4;38;3800;3800;1.68518e+02;100;2;1;1.00000e+00;1.00000e+00;8.60000e-01;8.90228e-01;9.23203e-01;Pipeline { map_aggregate(attribute=NOx(GT), function=min, window=6) | map_aggregate(attribute=NO2(GT), function=avg, window=10) };8.87122e-01;1.00000e+00;Pipeline { map_aggregate(attribute=NOx(GT), function=min, window=4) | map_aggregate(attribute=PT08.S2(NMHC), function=avg, window=10) };8.88631e-01;9.18060e-01;Pipeline { map_aggregate(attribute=NOx(GT), function=min, window=6) | map_aggregate(attribute=NO2(GT), function=avg, window=9) };8.87755e-01;1.00000e+00;Pipeline { map_aggregate(attribute=NOx(GT), function=min, window=3) | map_aggregate(attribute=PT08.S3(NOx), function=avg, window=7) }
datasets/airQuality_parallel.csv;nsga2;4;39;3900;3900;1.72917e+02;100;2;3;1.00000e+00;1.00000e+00;8.40000e-01;8.90228e-01;9.23203e-01;Pipeline { map_aggregate(attribute=NOx(GT), function=min, window=6) | map_aggregate(attribute=NO2(GT), function=avg, window=10) };8.87296e-01;1.00000e+00;Pipeline { map_aggregate(attribute=NOx(GT), function=min, window=3) | map_aggregate(attribute=PT08.S3(NOx), function=avg, window=6) };8.88767e-01;9.54126e-01;Pipeline { map_aggregate(attribute=NOx(GT), function=min, window=4) | map_aggregate(attribute=NO2(GT), function=avg, window=5) };8.87818e-01;1.00000e+00;Pipeline { map_aggregate(attribute=NOx(GT), function=min, window=6) | map_aggregate(attribute=C6H6(GT), function=avg, window=5) }
datasets/airQuality_parallel.csv;nsga2;4;40;4000;4000;1.77656e+02;100;2;1;1.00000e+00;1.00000e+00;8.50000e-01;8.90228e-01;9.23203e-01;Pipeline { map_aggregate(attribute=NOx(GT), function=min, window=6) | map_aggregate(attribute=NO2(GT), function=avg, window=10) };8.87336e-01;1.00000e+00;Pipeline { map_aggregate(attribute=NOx(GT), function=min, window=3) | map_aggregate(attribute=PT08.S2(NMHC), function=avg, window=9) };8.88864e-01;9.32372e-01;Pipeline { map_aggregate(attribute=NOx(GT), function=min, window=4) | map_aggregate(attribute=NO2(GT), function=avg, window=6) };8.87818e-01;1.00000e+00;Pipeline { map_aggregate(attribute=NOx(GT), function=min, window=6) | map_aggregate(attribute=C6H6(GT), function=avg, window=5) }
datasets/airQuality_parallel.csv;nsga2;4;41;4100;4100;1.82172e+02;100;2;1;1.00000e+00;1.00000e+00;8.50000e-01;8.90228e-01;9.23203e-01;Pipeline { map_aggregate(attribute=NOx(GT), function=min, window=6) | map_aggregate(attribute=NO2(GT), function=avg, window=10) };8.87364e-01;1.00000e+00;Pipeline { map_aggregate(attribute=NOx(GT), function=min, window=7) | map_aggregate(attribute=C6H6(GT), function=avg, window=10) };8.88864e-01;9.32372e-01;Pipeline { map_aggregate(attribute=NOx(GT), function=min, window=4) | map_aggregate(attribute=NO2(GT), function=avg, window=6) };8.87823e-01;1.00000e+00;Pipeline { map_aggregate(attribute=NOx(GT), function=min, window=3) | map_aggregate(attribute=PT08.S2(NMHC), function=avg, window=3) }
datasets/airQuality_parallel.csv;nsga2;4;42;4200;4200;1.87027e+02;100;2;3;1.00000e+00;1.00000e+00;8.40000e-01;8.90228e-01;9.23203e-01;Pipeline { map_aggregate(attribute=NOx(GT), function=min, window=6) | map_aggregate(attribute=NO2(GT), function=avg, window=10) };8.87405e-01;1.00000e+00;Pipeline { map_aggregate(attribute=NOx(GT), function=min, window=4) | map_aggregate(attribute=PT08.S3(NOx), function=avg, window=4) };8.88887e-01;1.00000e+00;Pipeline { map_aggregate(attribute=NOx(GT), function=min, window=4) | map_aggregate(attribute=C6H6(GT), function=avg, window=8) };8.87823e-01;1.00000e+00;Pipeline { map_aggregate(attribute=NOx(GT), function=min, window=4) | map_aggregate(attribute=PT08.S2(NMHC), function=avg, window=3) }
datasets/airQuality_parallel.csv;nsga2;4;43;4300;4300;1.91875e+02;100;2;1;1.00000e+00;1.00000e+00;8.30000e-01;8.90563e-01;1.00000e+00;Pipeline { map_aggregate(attribute=NOx(GT), function=min, window=3) | map_aggregate(attribute=PT08.S5(O3), function=avg, window=10) };8.87488e-01;1.00000e+00;Pipeline { map_aggregate(attribute=NOx(GT), function=min, window=3) | map_aggregate(attribute=PT08.S1(CO), function=avg, window=9) };8.88916e-01;1.00000e+00;Pipeline { map_aggregate(attribute=NOx(GT), function=min, window=3) | map_aggregate(attribute=PT08.S4(NO2), function=avg, window=9) };8.87824e-01;1.00000e+00;Pipeline { map_aggregate(attribute=NOx(GT), function=min, window=4) | map_aggregate(attribute=C6H6(GT), function=avg, window=6) }
datasets/airQuality_parallel.csv;nsga2;4;44;4400;4400;1.96225e+02;100;2;1;1.00000e+00;1.00000e+00;8.30000e-01;8.90563e-01;1.00000e+00;Pipeline { map_aggregate(attribute=NOx(GT), function=min, window=3) | map_aggregate(attribute=PT08.S5(O3), function=avg, window=10) };8.87513e-01;1.00000e+00;Pipeline { map_aggregate(attribute=NOx(GT), function=min, window=5) | map_aggregate(attribute=PT08.S5(O3), function=avg, window=10) };8.88916e-01;1.00000e+00;Pipeline { map_aggregate(attribute=NOx(GT), function=min, window=3) | map_aggregate(attribute=PT08.S4(NO2), function=avg, window=9) };8.87925e-01;1.00000e+00;Pipeline { map_aggregate(attribute=NOx(GT), function=min, window=4) | map_aggregate(attribute=PT08.S3(NOx), function=avg, window=10) }
datasets/airQuality_parallel.csv;nsga2;4;45;4500;4500;2.00376e+02;100;2;1;1.00000e+00;1.00000e+00;8.20000e-01;8.90563e-01;1.00000e+00;Pipeline { map_aggregate(attribute=NOx(GT), function=min, window=3) | map_aggregate(attribute=PT08.S5(O3), function=avg, window=10) };8.87565e-01;1.00000e+00;Pipeline { map_aggregate(attribute=NOx(GT), function=min, window=4) | map_aggregate(attribute=PT08.S4(NO2), function=avg, window=9) };8.88916e-01;1.00000e+00;Pipeline { map_aggregate(attribute=NOx(GT), function=min, window=3) | map_aggregate(attribute=PT08.S4(NO2), function=avg, window=9) };8.87969e-01;1.00000e+00;Pipeline { map_aggregate(attribute=NOx(GT), function=min, window=3) | map_aggregate(attribute=PT08.S4(NO2), function=avg, window=4) }
datasets/airQuality_parallel.csv;nsga2;4;46;4600;4600;2.04567e+02;100;2;1;1.00000e+00;1.00000e+00;8.00000e-01;8.90563e-01;1.00000e+00;Pipeline { map_aggregate(attribute=NOx(GT), function=min, window=3) | map_aggregate(attribute=PT08.S5(O3), function=avg, window=10) };8.87599e-01;1.00000e+00;Pipeline { map_aggregate(attribute=NOx(GT), function=min, window=6) | map_aggregate(attribute=C6H6(GT), function=avg, window=10) };8.88916e-01;1.00000e+00;Pipeline { map_aggregate(attribute=NOx(GT), function=min, window=4) | map_aggregate(attribute=PT08.S5(O3), function=avg, window=10) };8.88008e-01;1.00000e+00;Pipeline { map_aggregate(attribute=NOx(GT), function=min, window=3) | map_aggregate(attribute=PT08.S2(NMHC), function=avg, window=5) }
datasets/airQuality_parallel.csv;nsga2;4;47;4700;4700;2.09578e+02;100;2;1;1.00000e+00;1.00000e+00;7.90000e-01;8.90563e-01;1.00000e+00;Pipeline { map_aggregate(attribute=NOx(GT), function=min, window=3) | map_aggregate(attribute=PT08.S5(O3), function=avg, window=10) };8.87636e-01;1.00000e+00;Pipeline { map_aggregate(attribute=PT08.S2(NMHC), function=avg, window=10) | map_aggregate(attribute=NOx(GT), function=min, window=3) };8.88916e-01;1.00000e+00;Pipeline { map_aggregate(attribute=NOx(GT), function=min, window=3) | map_aggregate(attribute=PT08.S4(NO2), function=avg, window=10) };8.88013e-01;1.00000e+00;Pipeline { map_aggregate(attribute=NOx(GT), function=min, window=3) | map_aggregate(attribute=RH, function=avg, window=5) }
datasets/airQuality_parallel.csv;nsga2;4;48;4800;4800;2.13765e+02;100;2;1;1.00000e+00;1.00000e+00;7.90000e-01;8.90563e-01;1.00000e+00;Pipeline { map_aggregate(attribute=NOx(GT), function=min, window=3) | map_aggregate(attribute=PT08.S5(O3), function=avg, window=10) };8.87669e-01;1.00000e+00;Pipeline { map_aggregate(attribute=NOx(GT), function=min, window=4) | map_aggregate(attribute=PT08.S3(NOx), function=avg, window=5) };8.88916e-01;1.00000e+00;Pipeline { map_aggregate(attribute=NOx(GT), function=min, window=3) | map_aggregate(attribute=PT08.S4(NO2), function=avg, window=9) };8.88082e-01;1.00000e+00;Pipeline { map_aggregate(attribute=NOx(GT), function=min, window=5) | map_aggregate(attribute=C6H6(GT), function=avg, window=3) }
datasets/airQuality_parallel.csv;nsga2;4;49;4900;4900;2.17965e+02;100;2;1;1.00000e+00;1.00000e+00;7.90000e-01;8.90563e-01;1.00000e+00;Pipeline { map_aggregate(attribute=NOx(GT), function=min, window=3) | map_aggregate(attribute=PT08.S5(O3), function=avg, window=10) };8.87669e-01;1.00000e+00;Pipeline { map_aggregate(attribute=NOx(GT), function=min, window=4) | map_aggregate(attribute=PT08.S3(NOx), function=avg, window=5) };8.88916e-01;1.00000e+00;Pipeline { map_aggregate(attribute=NOx(GT), function=min, window=4) | map_aggregate(attribute=PT08.S5(O3), function=avg, window=10) };8.88082e-01;1.00000e+00;Pipeline { map_aggregate(attribute=NOx(GT), function=min, window=5) | map_aggregate(attribute=C6H6(GT), function=avg, window=3) }
datasets/airQuality_parallel.csv;nsga2;4;50;5000;5000;2.22673e+02;100;2;1;1.00000e+00;1.00000e+00;7.90000e-01;8.90563e-01;1.00000e+00;Pipeline { map_aggregate(attribute=NOx(GT), function=min, window=3) | map_aggregate(attribute=PT08.S5(O3), function=avg, window=10) };8.87719e-01;1.00000e+00;Pipeline { map_aggregate(attribute=NOx(GT), function=min, window=5) | map_aggregate(attribute=C6H6(GT), function=avg, window=10) };8.88916e-01;1.00000e+00;Pipeline { map_aggregate(attribute=NOx(GT), function=min, window=3) | map_aggregate(attribute=PT08.S4(NO2), function=avg, window=10) };8.88123e-01;1.00000e+00;Pipeline { map_aggregate(attribute=NOx(GT), function=min, window=3) | map_aggregate(attribute=PT08.S4(NO2), function=avg, window=3) }
datasets/airQuality_parallel.csv;nsga2;5;1;100;100;7.38600e+00;100;1;58;9.80000e-01;9.80000e-01;4.20000e-01;8.77204e-01;1.00000e+00;Pipeline { map_aggregate(attribute=PT08.S3(NOx), function=avg, window=7) | map_noise(attribute=NMHC(GT), percentage=0.25) };8.67689e-01;1.00000e+00;Pipeline { map_noise(attribute=T, percentage=0.01) };6.73046e-01;8.91020e-01;Pipeline { map_noise(attribute=CO(GT), percentage=0.05) | map_duplicate(probability=0.30) | map_noise(attribute=AH, percentage=0.01) | map_noise(attribute=C6H6(GT), percentage=0.10) };5.06906e-01;7.59560e-01;Pipeline { map_duplicate(probability=0.80) | filter(PT08.S5(O3) > 0.0000) | map_noise(attribute=NOx(GT), percentage=0.10) }
datasets/airQuality_parallel.csv;nsga2;5;2;200;200;1.24090e+01;100;1;1;9.80000e-01;9.80000e-01;9.70000e-01;8.81046e-01;1.00000e+00;Pipeline { map_aggregate(attribute=NOx(GT), function=avg, window=7) };8.38969e-01;1.00000e+00;Pipeline { map_aggregate(attribute=PT08.S3(NOx), function=max, window=9) };8.68510e-01;1.00000e+00;Pipeline { map_noise(attribute=NOx(GT), percentage=0.01) };8.79707e-01;1.00000e+00;Pipeline { map_aggregate(attribute=PT08.S2(NMHC), function=avg, window=8) }
datasets/airQuality_parallel.csv;nsga2;5;3;300;300;1.64710e+01;100;1;1;9.90000e-01;9.90000e-01;9.20000e-01;8.81885e-01;1.00000e+00;Pipeline { map_aggregate(attribute=PT08.S4(NO2), function=avg, window=8) };8.37968e-01;1.00000e+00;Pipeline { map_aggregate(attribute=PT08.S2(NMHC), function=min, window=10) };8.71668e-01;1.00000e+00;Pipeline { map_aggregate(attribute=RH, function=min, window=8) };8.69565e-01;1.00000e+00;Pipeline { map_noise(attribute=AH, percentage=0.10) }
datasets/airQuality_parallel.csv;nsga2;5;4;400;400;2.10350e+01;100;1;2;9.90000e-01;9.90000e-01;9.20000e-01;8.82354e-01;1.00000e+00;Pipeline { map_aggregate(attribute=PT08.S4(NO2), function=avg, window=10) | map_noise(attribute=NMHC(GT), percentage=0.25) };8.68778e-01;1.00000e+00;Pipeline { map_noise(attribute=NOx(GT), percentage=0.05) };8.77204e-01;1.00000e+00;Pipeline { map_aggregate(attribute=PT08.S3(NOx), function=avg, window=7) | map_noise(attribute=NMHC(GT), percentage=0.25) };8.70613e-01;1.00000e+00;Pipeline { map_aggregate(attribute=AH, function=min, window=5) }
datasets/airQuality_parallel.csv;nsga2;5;5;500;500;2.52480e+01;100;1;1;9.90000e-01;9.90000e-01;9.30000e-01;8.82354e-01;1.00000e+00;Pipeline { map_aggregate(attribute=PT08.S4(NO2), function=avg, window=10) | map_noise(attribute=NMHC(GT), percentage=0.25) };8.70875e-01;1.00000e+00;Pipeline { map_noise(attribute=PT08.S1(CO), percentage=0.10) };8.79328e-01;1.00000e+00;Pipeline { map_aggregate(attribute=NOx(GT), function=avg, window=8) };8.73557e-01;1.00000e+00;Pipeline { map_aggregate(attribute=PT08.S1(CO), function=avg, window=9) | map_aggregate(attribute=AH, function=max, window=9) }
datasets/airQuality_parallel.csv;nsga2;5;6;600;600;2.93080e+01;100;1;1;9.90000e-01;9.90000e-01;9.30000e-01;8.84183e-01;1.00000e+00;Pipeline { map_aggregate(attribute=NOx(GT), function=min, window=4) };8.72991e-01;1.00000e+00;Pipeline { map_aggregate(attribute=AH, function=min, window=8) };8.80038e-01;1.00000e+00;Pipeline { map_aggregate(attribute=NOx(GT), function=min, window=7) };8.76884e-01;1.00000e+00;Pipeline { map_aggregate(attribute=PT08.S3(NOx), function=avg, window=6) }
datasets/airQuality_parallel.csv;nsga2;5;7;700;700;3.37820e+01;100;2;1;1.00000e+00;1.00000e+00;9.20000e-01;8.84183e-01;1.00000e+00;Pipeline { map_aggregate(attribute=NOx(GT), function=min, window=4) };8.74996e-01;1.00000e+00;Pipeline { map_aggregate(attribute=RH, function=avg, window=3) };8.80671e-01;1.00000e+00;Pipeline { map_aggregate(attribute=PT08.S1(CO), function=avg, window=9) };8.78511e-01;1.00000e+00;Pipeline { map_aggregate(attribute=PT08.S3(NOx), function=avg, window=9) }
datasets/airQuality_parallel.csv;nsga2;5;8;800;800;3.79200e+01;100;1;1;1.00000e+00;1.00000e+00;8.90000e-01;8.86590e-01;1.00000e+00;Pipeline { map_aggregate(attribute=PT08.S4(NO2), function=avg, window=10) | map_aggregate(attribute=NOx(GT), function=min, window=5) };8.77204e-01;1.00000e+00;Pipeline { map_aggregate(attribute=PT08.S3(NOx), function=avg, window=7) | map_noise(attribute=NMHC(GT), percentage=0.10) };8.81046e-01;1.00000e+00;Pipeline { map_aggregate(attribute=NOx(GT), function=avg, window=7) };8.79369e-01;1.00000e+00;Pipeline { map_aggregate(attribute=NOx(GT), function=avg, window=3) | map_noise(attribute=NMHC(GT), percentage=0.25) }
datasets/airQuality_parallel.csv;nsga2;5;9;900;900;4.21680e+01;100;1;1;1.00000e+00;1.00000e+00;8.80000e-01;8.86590e-01;1.00000e+00;Pipeline { map_aggregate(attribute=PT08.S4(NO2), function=avg, window=10) | map_aggregate(attribute=NOx(GT), function=min, window=5) };8.78964e-01;1.00000e+00;Pipeline { map_noise(attribute=C6H6(GT), percentage=0.01) | map_aggregate(attribute=NOx(GT), function=min, window=10) };8.81739e-01;1.00000e+00;Pipeline { map_aggregate(attribute=PT08.S3(NOx), function=avg, window=7) | map_aggregate(attribute=NOx(GT), function=min, window=10) };8.79934e-01;1.00000e+00;Pipeline { map_aggregate(attribute=PT08.S1(CO), function=avg, window=9) | map_noise(attribute=NOx(GT), percentage=0.05) }
datasets/airQuality_parallel.csv;nsga2;5;10;1000;1000;4.70940e+01;100;1;1;1.00000e+00;1.00000e+00;8.20000e-01;8.86590e-01;1.00000e+00;Pipeline { map_aggregate(attribute=PT08.S4(NO2), function=avg, window=10) | map_aggregate(attribute=NOx(GT), function=min, window=5) };8.79509e-01;1.00000e+00;Pipeline { map_aggregate(attribute=PT08.S2(NMHC), function=avg, window=9) };8.82046e-01;1.00000e+00;Pipeline { map_aggregate(attribute=PT08.S4(NO2), function=avg, window=10) | map_noise(attribute=AH, percentage=0.10) };8.80006e-01;1.00000e+00;Pipeline { map_aggregate(attribute=PT08.S1(CO), function=avg, window=4) | map_noise(attribute=PT08.S3(NOx), percentage=0.05) }
datasets/airQuality_parallel.csv;nsga2;5;11;1100;1100;5.13180e+01;100;1;2;1.00000e+00;1.00000e+00;8.60000e-01;8.86590e-01;1.00000e+00;Pipeline { map_aggregate(attribute=PT08.S4(NO2), function=avg, window=10) | map_aggregate(attribute=NOx(GT), function=min, window=5) };8.79989e-01;1.00000e+00;Pipeline { map_aggregate(attribute=PT08.S1(CO), function=avg, window=4) };8.82328e-01;1.00000e+00;Pipeline { map_aggregate(attribute=PT08.S4(NO2), function=avg, window=10) | map_noise(attribute=PT08.S3(NOx), percentage=0.01) };8.80852e-01;1.00000e+00;Pipeline { map_aggregate(attribute=C6H6(GT), function=avg, window=9) }
datasets/airQuality_parallel.csv;nsga2;5;12;1200;1200;5.57860e+01;100;1;1;1.00000e+00;1.00000e+00;8.80000e-01;8.86590e-01;1.00000e+00;Pipeline { map_aggregate(attribute=PT08.S4(NO2), function=avg, window=10) | map_aggregate(attribute=NOx(GT), function=min, window=5) };8.80744e-01;1.00000e+00;Pipeline { map_aggregate(attribute=PT08.S4(NO2), function=avg, window=4) };8.82441e-01;1.00000e+00;Pipeline { map_aggregate(attribute=PT08.S5(O3), function=avg, window=4) };8.81485e-01;1.00000e+00;Pipeline { map_aggregate(attribute=PT08.S4(NO2), function=avg, window=5) | map_noise(attribute=C6H6(GT), percentage=0.10) }
datasets/airQuality_parallel.csv;nsga2;5;13;1300;1300;6.05480e+01;100;1;2;1.00000e+00;1.00000e+00;8.50000e-01;8.87811e-01;1.00000e+00;Pipeline { map_aggregate(attribute=PT08.S3(NOx), function=avg, window=7) | map_aggregate(attribute=NOx(GT), function=min, window=4) };8.81216e-01;1.00000e+00;Pipeline { map_aggregate(attribute=PT08.S4(NO2), function=avg, window=3) | map_aggregate(attribute=RH, function=avg, window=7) };8.82625e-01;1.00000e+00;Pipeline { map_aggregate(attribute=PT08.S4(NO2), function=avg, window=10) | map_noise(attribute=PT08.S3(NOx), percentage=0.05) };8.81955e-01;1.00000e+00;Pipeline { map_aggregate(attribute=PT08.S4(NO2), function=avg, window=6) | map_noise(attribute=PT08.S5(O3), percentage=0.01) }
datasets/airQuality_parallel.csv;nsga2;5;14;1400;1400;6.52680e+01;100;1;1;1.00000e+00;1.00000e+00;8.50000e-01;8.87811e-01;1.00000e+00;Pipeline { map_aggregate(attribute=PT08.S3(NOx), function=avg, window=7) | map_aggregate(attribute=NOx(GT), function=min, window=4) };8.81677e-01;1.00000e+00;Pipeline { map_aggregate(attribute=PT08.S4(NO2), function=avg, window=6) };8.83020e-01;1.00000e+00;Pipeline { map_aggregate(attribute=PT08.S4(NO2), function=avg, window=10) | map_aggregate(attribute=AH, function=avg, window=5) };8.82207e-01;1.00000e+00;Pipeline { map_aggregate(attribute=PT08.S4(NO2), function=avg, window=10) | map_noise(attribute=PT08.S4(NO2), percentage=0.05) }
datasets/airQuality_parallel.csv;nsga2;5;15;1500;1500;6.95520e+01;100;2;1;1.00000e+00;1.00000e+00;8.50000e-01;8.88004e-01;9.32372e-01;Pipeline { map_aggregate(attribute=NO2(GT), function=avg, window=6) | map_aggregate(attribute=NOx(GT), function=min, window=5) };8.82146e-01;1.00000e+00;Pipeline { map_aggregate(attribute=PT08.S4(NO2), function=avg, window=7) | map_noise(attribute=NOx(GT), percentage=0.05) };8.83926e-01;1.00000e+00;Pipeline { map_aggregate(attribute=PT08.S4(NO2), function=avg, window=10) | map_aggregate(attribute=RH, function=avg, window=10) };8.82327e-01;1.00000e+00;Pipeline { map_aggregate(attribute=PT08.S4(NO2), function=avg, window=10) | map_noise(attribute=T, percentage=0.01) }
datasets/airQuality_parallel.csv;nsga2;5;16;1600;1600;7.38590e+01;100;2;2;1.00000e+00;1.00000e+00;8.60000e-01;8.88004e-01;9.32372e-01;Pipeline { map_aggregate(attribute=NO2(GT), function=avg, window=6) | map_aggregate(attribute=NOx(GT), function=min, window=5) };8.82315e-01;1.00000e+00;Pipeline { map_aggregate(attribute=NOx(GT), function=min, window=5) };8.84449e-01;1.00000e+00;Pipeline { map_aggregate(attribute=T, function=avg, window=6) | map_aggregate(attribute=NOx(GT), function=min, window=5) };8.82492e-01;1.00000e+00;Pipeline { map_aggregate(attribute=NMHC(GT), function=avg, window=5) | map_aggregate(attribute=NOx(GT), function=min, window=5) }
datasets/airQuality_parallel.csv;nsga2;5;17;1700;1700;7.81120e+01;100;2;3;1.00000e+00;1.00000e+00;9.40000e-01;8.88004e-01;9.32372e-01;Pipeline { map_aggregate(attribute=NO2(GT), function=avg, window=6) | map_aggregate(attribute=NOx(GT), function=min, window=5) };8.82441e-01;1.00000e+00;Pipeline { map_aggregate(attribute=PT08.S5(O3), function=avg, window=4) };8.84851e-01;8.45608e-01;Pipeline { map_aggregate(attribute=C6H6(GT), function=avg, window=9) | map_aggregate(attribute=NO2(GT), function=min, window=5) };8.82776e-01;1.00000e+00;Pipeline { map_aggregate(attribute=PT08.S4(NO2), function=avg, window=9) | map_noise(attribute=PT08.S3(NOx), percentage=0.10) }
datasets/airQuality_parallel.csv;nsga2;5;18;1800;1800;8.25320e+01;100;1;1;1.00000e+00;1.00000e+00;9.80000e-01;8.88511e-01;1.00000e+00;Pipeline { map_aggregate(attribute=C6H6(GT), function=avg, window=8) | map_aggregate(attribute=NOx(GT), function=min, window=5) };8.82674e-01;1.00000e+00;Pipeline { map_aggregate(attribute=NOx(GT), function=min, window=5) | map_noise(attribute=T, percentage=0.10) };8.86034e-01;1.00000e+00;Pipeline { map_aggregate(attribute=RH, function=avg, window=5) | map_aggregate(attribute=NOx(GT), function=min, window=5) };8.83651e-01;1.00000e+00;Pipeline { map_aggregate(attribute=PT08.S4(NO2), function=avg, window=10) | map_aggregate(attribute=RH, function=avg, window=7) }
datasets/airQuality_parallel.csv;nsga2;5;19;1900;1900;8.68890e+01;100;1;1;1.00000e+00;1.00000e+00;9.80000e-01;8.88511e-01;1.00000e+00;Pipeline { map_aggregate(attribute=C6H6(GT), function=avg, window=8) | map_aggregate(attribute=NOx(GT), function=min, window=5) };8.82993e-01;1.00000e+00;Pipeline { map_aggregate(attribute=NOx(GT), function=min, window=5) | map_noise(attribute=NOx(GT), percentage=0.10) };8.86386e-01;1.00000e+00;Pipeline { map_aggregate(attribute=PT08.S3(NOx), function=avg, window=5) | map_aggregate(attribute=NOx(GT), function=min, window=5) };8.83977e-01;1.00000e+00;Pipeline { map_aggregate(attribute=T, function=max, window=10) | map_aggregate(attribute=NOx(GT), function=min, window=3) }
datasets/airQuality_parallel.csv;nsga2;5;20;2000;2000;9.12840e+01;100;1;1;1.00000e+00;1.00000e+00;9.80000e-01;8.89711e-01;1.00000e+00;Pipeline { map_aggregate(attribute=PT08.S5(O3), function=avg, window=9) | map_aggregate(attribute=NOx(GT), function=min, window=4) };8.83873e-01;1.00000e+00;Pipeline { map_aggregate(attribute=PT08.S5(O3), function=avg, window=9) | map_aggregate(attribute=NOx(GT), function=min, window=8) };8.87088e-01;1.00000e+00;Pipeline { map_aggregate(attribute=C6H6(GT), function=avg, window=10) | map_aggregate(attribute=NOx(GT), function=min, window=8) };8.84674e-01;1.00000e+00;Pipeline { map_aggregate(attribute=RH, function=avg, window=10) | map_aggregate(attribute=NOx(GT), function=min, window=5) }
datasets/airQuality_parallel.csv;nsga2;5;21;2100;2100;9.61620e+01;100;1;2;1.00000e+00;1.00000e+00;9.90000e-01;8.89711e-01;1.00000e+00;Pipeline { map_aggregate(attribute=PT08.S5(O3), function=avg, window=9) | map_aggregate(attribute=NOx(GT), function=min, window=4) };8.84348e-01;1.00000e+00;Pipeline { map_aggregate(attribute=AH, function=avg, window=7) | map_aggregate(attribute=NOx(GT), function=min, window=4) };8.87583e-01;1.00000e+00;Pipeline { map_aggregate(attribute=PT08.S3(NOx), function=avg, window=3) | map_aggregate(attribute=NOx(GT), function=min, window=4) };8.85058e-01;1.00000e+00;Pipeline { map_aggregate(attribute=T, function=avg, window=10) | map_aggregate(attribute=NOx(GT), function=min, window=3) }
datasets/airQuality_parallel.csv;nsga2;5;22;2200;2200;1.01691e+02;100;1;1;1.00000e+00;1.00000e+00;1.00000e+00;8.89711e-01;1.00000e+00;Pipeline { map_aggregate(attribute=PT08.S5(O3), function=avg, window=9) | map_aggregate(attribute=NOx(GT), function=min, window=4) };8.84606e-01;1.00000e+00;Pipeline { map_aggregate(attribute=PT08.S5(O3), function=avg, window=5) | map_aggregate(attribute=NOx(GT), function=min, window=7) };8.87811e-01;1.00000e+00;Pipeline { map_aggregate(attribute=PT08.S3(NOx), function=avg, window=7) | map_aggregate(attribute=NOx(GT), function=min, window=4) };8.86034e-01;1.00000e+00;Pipeline { map_aggregate(attribute=RH, function=avg, window=5) | map_aggregate(attribute=NOx(GT), function=min, window=5) }
datasets/airQuality_parallel.csv;nsga2;5;23;2300;2300;1.06249e+02;100;1;2;1.00000e+00;1.00000e+00;1.00000e+00;8.89711e-01;1.00000e+00;Pipeline { map_aggregate(attribute=PT08.S5(O3), function=avg, window=9) | map_aggregate(attribute=NOx(GT), function=min, window=4) };8.84868e-01;1.00000e+00;Pipeline { map_aggregate(attribute=T, function=max, window=9) | map_aggregate(attribute=NOx(GT), function=min, window=3) };8.87824e-01;1.00000e+00;Pipeline { map_aggregate(attribute=C6H6(GT), function=avg, window=6) | map_aggregate(attribute=NOx(GT), function=min, window=4) };8.86405e-01;1.00000e+00;Pipeline { map_aggregate(attribute=PT08.S1(CO), function=avg, window=7) | map_aggregate(attribute=NOx(GT), function=min, window=3) }
datasets/airQuality_parallel.csv;nsga2;5;24;2400;2400;1.11012e+02;100;1;1;1.00000e+00;1.00000e+00;9.90000e-01;8.89711e-01;1.00000e+00;Pipeline { map_aggregate(attribute=PT08.S5(O3), function=avg, window=9) | map_aggregate(attribute=NOx(GT), function=min, window=4) };8.85157e-01;1.00000e+00;Pipeline { map_noise(attribute=AH, percentage=0.10) | map_aggregate(attribute=NOx(GT), function=min, window=4) };8.87936e-01;9.18060e-01;Pipeline { map_aggregate(attribute=NO2(GT), function=avg, window=9) | map_aggregate(attribute=NOx(GT), function=min, window=5) };8.86573e-01;1.00000e+00;Pipeline { map_aggregate(attribute=C6H6(GT), function=avg, window=4) | map_aggregate(attribute=NOx(GT), function=min, window=7) }
datasets/airQuality_parallel.csv;nsga2;5;25;2500;2500;1.16479e+02;100;1;2;1.00000e+00;1.00000e+00;9.90000e-01;8.89711e-01;1.00000e+00;Pipeline { map_aggregate(attribute=PT08.S5(O3), function=avg, window=9) | map_aggregate(attribute=NOx(GT), function=min, window=4) };8.85488e-01;1.00000e+00;Pipeline { map_aggregate(attribute=C6H6(GT), function=avg, window=6) | map_aggregate(attribute=NOx(GT), function=min, window=6) };8.88082e-01;1.00000e+00;Pipeline { map_aggregate(attribute=C6H6(GT), function=avg, window=3) | map_aggregate(attribute=NOx(GT), function=min, window=5) };8.86745e-01;1.00000e+00;Pipeline { map_aggregate(attribute=C6H6(GT), function=avg, window=6) | map_aggregate(attribute=NOx(GT), function=min, window=5) }
datasets/airQuality_parallel.csv;nsga2;5;26;2600;2600;1.20732e+02;100;1;1;1.00000e+00;1.00000e+00;9.80000e-01;8.89711e-01;1.00000e+00;Pipeline { map_aggregate(attribute=PT08.S5(O3), function=avg, window=9) | map_aggregate(attribute=NOx(GT), function=min, window=4) };8.85929e-01;1.00000e+00;Pipeline { map_aggregate(attribute=PT08.S5(O3), function=avg, window=8) | map_aggregate(attribute=NOx(GT), function=min, window=5) };8.88233e-01;1.00000e+00;Pipeline { map_aggregate(attribute=PT08.S2(NMHC), function=avg, window=4) | map_aggregate(attribute=NOx(GT), function=min, window=3) };8.86822e-01;1.00000e+00;Pipeline { map_aggregate(attribute=PT08.S2(NMHC), function=avg, window=6) | map_aggregate(attribute=NOx(GT), function=min, window=4) }
datasets/airQuality_parallel.csv;nsga2;5;27;2700;2700;1.25451e+02;100;1;1;1.00000e+00;1.00000e+00;9.70000e-01;8.89711e-01;1.00000e+00;Pipeline { map_aggregate(attribute=PT08.S5(O3), function=avg, window=9) | map_aggregate(attribute=NOx(GT), function=min, window=4) };8.86386e-01;1.00000e+00;Pipeline { map_aggregate(attribute=PT08.S3(NOx), function=avg, window=5) | map_aggregate(attribute=NOx(GT), function=min, window=5) };8.88233e-01;1.00000e+00;Pipeline { map_aggregate(attribute=PT08.S2(NMHC), function=avg, window=4) | map_aggregate(attribute=NOx(GT), function=min, window=4) };8.87100e-01;1.00000e+00;Pipeline { map_aggregate(attribute=AH, function=avg, window=10) | map_aggregate(attribute=NOx(GT), function=min, window=3) }
datasets/airQuality_parallel.csv;nsga2;5;28;2800;2800;1.30675e+02;100;1;1;1.00000e+00;1.00000e+00;9.70000e-01;8.89711e-01;1.00000e+00;Pipeline { map_aggregate(attribute=PT08.S5(O3), function=avg, window=9) | map_aggregate(attribute=NOx(GT), function=min, window=4) };8.86487e-01;1.00000e+00;Pipeline { map_aggregate(attribute=PT08.S4(NO2), function=avg, window=5) | map_aggregate(attribute=NOx(GT), function=min, window=5) };8.88267e-01;1.00000e+00;Pipeline { map_aggregate(attribute=PT08.S4(NO2), function=avg, window=7) | map_aggregate(attribute=NOx(GT), function=min, window=4) };8.87186e-01;1.00000e+00;Pipeline { map_aggregate(attribute=PT08.S4(NO2), function=avg, window=4) | map_aggregate(attribute=NOx(GT), function=min, window=4) }
datasets/airQuality_parallel.csv;nsga2;5;29;2900;2900;1.35099e+02;100;1;1;1.00000e+00;1.00000e+00;9.70000e-01;8.90211e-01;1.00000e+00;Pipeline { map_aggregate(attribute=PT08.S5(O3), function=avg, window=9) | map_aggregate(attribute=NOx(GT), function=min, window=3) };8.86573e-01;1.00000e+00;Pipeline { map_aggregate(attribute=C6H6(GT), function=avg, window=4) | map_aggregate(attribute=NOx(GT), function=min, window=7) };8.88361e-01;1.00000e+00;Pipeline { map_aggregate(attribute=PT08.S5(O3), function=avg, window=7) | map_aggregate(attribute=NOx(GT), function=min, window=4) };8.87279e-01;1.00000e+00;Pipeline { map_aggregate(attribute=PT08.S4(NO2), function=avg, window=6) | map_aggregate(attribute=NOx(GT), function=min, window=4) }
datasets/airQuality_parallel.csv;nsga2;5;30;3000;3000;1.39519e+02;100;1;1;1.00000e+00;1.00000e+00;9.40000e-01;8.90211e-01;1.00000e+00;Pipeline { map_aggregate(attribute=PT08.S5(O3), function=avg, window=9) | map_aggregate(attribute=NOx(GT), function=min, window=3) };8.86745e-01;1.00000e+00;Pipeline { map_aggregate(attribute=C6H6(GT), function=avg, window=6) | map_aggregate(attribute=NOx(GT), function=min, window=5) };8.88470e-01;9.30443e-01;Pipeline { map_aggregate(attribute=NO2(GT), function=avg, window=7) | map_aggregate(attribute=NOx(GT), function=min, window=5) };8.87513e-01;1.00000e+00;Pipeline { map_aggregate(attribute=PT08.S5(O3), function=avg, window=10) | map_aggregate(attribute=NOx(GT), function=min, window=5) }
datasets/airQuality_parallel.csv;nsga2;5;31;3100;3100;1.44800e+02;100;1;1;1.00000e+00;1.00000e+00;9.30000e-01;8.90211e-01;1.00000e+00;Pipeline { map_aggregate(attribute=PT08.S5(O3), function=avg, window=9) | map_aggregate(attribute=NOx(GT), function=min, window=3) };8.86822e-01;1.00000e+00;Pipeline { map_aggregate(attribute=PT08.S2(NMHC), function=avg, window=6) | map_aggregate(attribute=NOx(GT), function=min, window=4) };8.88511e-01;1.00000e+00;Pipeline { map_aggregate(attribute=C6H6(GT), function=avg, window=8) | map_aggregate(attribute=NOx(GT), function=min, window=3) };8.87565e-01;1.00000e+00;Pipeline { map_aggregate(attribute=PT08.S4(NO2), function=avg, window=9) | map_aggregate(attribute=NOx(GT), function=min, window=4) }
datasets/airQuality_parallel.csv;nsga2;5;32;3200;3200;1.50035e+02;100;1;1;1.00000e+00;1.00000e+00;9.30000e-01;8.90563e-01;1.00000e+00;Pipeline { map_aggregate(attribute=PT08.S5(O3), function=avg, window=10) | map_aggregate(attribute=NOx(GT), function=min, window=3) };8.86889e-01;1.00000e+00;Pipeline { map_aggregate(attribute=C6H6(GT), function=avg, window=9) | map_aggregate(attribute=NOx(GT), function=min, window=8) };8.88589e-01;1.00000e+00;Pipeline { map_aggregate(attribute=PT08.S5(O3), function=avg, window=8) | map_aggregate(attribute=NOx(GT), function=min, window=4) };8.87617e-01;1.00000e+00;Pipeline { map_aggregate(attribute=PT08.S3(NOx), function=avg, window=9) | map_aggregate(attribute=NOx(GT), function=min, window=3) }
datasets/airQuality_parallel.csv;nsga2;5;33;3300;3300;1.54693e+02;100;1;1;1.00000e+00;1.00000e+00;9.20000e-01;8.90563e-01;1.00000e+00;Pipeline { map_aggregate(attribute=PT08.S5(O3), function=avg, window=10) | map_aggregate(attribute=NOx(GT), function=min, window=3) };8.87121e-01;1.00000e+00;Pipeline { map_aggregate(attribute=PT08.S3(NOx), function=avg, window=5) | map_aggregate(attribute=NOx(GT), function=min, window=3) };8.88599e-01;1.00000e+00;Pipeline { map_aggregate(attribute=C6H6(GT), function=avg, window=10) | map_aggregate(attribute=NOx(GT), function=min, window=4) };8.87693e-01;1.00000e+00;Pipeline { map_aggregate(attribute=RH, function=avg, window=5) | map_aggregate(attribute=NOx(GT), function=min, window=4) }
datasets/airQuality_parallel.csv;nsga2;5;34;3400;3400;1.60423e+02;100;1;2;1.00000e+00;1.00000e+00;9.20000e-01;8.90563e-01;1.00000e+00;Pipeline { map_aggregate(attribute=PT08.S5(O3), function=avg, window=10) | map_aggregate(attribute=NOx(GT), function=min, window=3) };8.87156e-01;1.00000e+00;Pipeline { map_aggregate(attribute=PT08.S4(NO2), function=avg, window=10) | map_aggregate(attribute=NOx(GT), function=min, window=4) };8.88599e-01;1.00000e+00;Pipeline { map_aggregate(attribute=C6H6(GT), function=avg, window=10) | map_aggregate(attribute=NOx(GT), function=min, window=4) };8.87719e-01;1.00000e+00;Pipeline { map_aggregate(attribute=C6H6(GT), function=avg, window=10) | map_aggregate(attribute=NOx(GT), function=min, window=5) }
datasets/airQuality_parallel.csv;nsga2;5;35;3500;3500;1.64828e+02;100;1;1;1.00000e+00;1.00000e+00;9.20000e-01;8.90563e-01;1.00000e+00;Pipeline { map_aggregate(attribute=PT08.S5(O3), function=avg, window=10) | map_aggregate(attribute=NOx(GT), function=min, window=3) };8.87186e-01;1.00000e+00;Pipeline { map_aggregate(attribute=PT08.S4(NO2), function=avg, window=4) | map_aggregate(attribute=NOx(GT), function=min, window=4) };8.88631e-01;9.52227e-01;Pipeline { map_aggregate(attribute=NO2(GT), function=avg, window=3) | map_aggregate(attribute=NOx(GT), function=min, window=3) };8.87742e-01;1.00000e+00;Pipeline { map_aggregate(attribute=PT08.S2(NMHC), function=avg, window=4) | map_aggregate(attribute=NOx(GT), function=min, window=5) }
datasets/airQuality_parallel.csv;nsga2;5;36;3600;3600;1.69309e+02;100;1;1;1.00000e+00;1.00000e+00;9.10000e-01;8.90563e-01;1.00000e+00;Pipeline { map_aggregate(attribute=PT08.S5(O3), function=avg, window=10) | map_aggregate(attribute=NOx(GT), function=min, window=3) };8.87248e-01;1.00000e+00;Pipeline { map_aggregate(attribute=PT08.S3(NOx), function=avg, window=3) | map_aggregate(attribute=NOx(GT), function=min, window=3) };8.88631e-01;9.23203e-01;Pipeline { map_aggregate(attribute=NO2(GT), function=avg, window=8) | map_aggregate(attribute=NOx(GT), function=min, window=4) };8.87786e-01;1.00000e+00;Pipeline { map_aggregate(attribute=PT08.S3(NOx), function=avg, window=8) | map_aggregate(attribute=NOx(GT), function=min, window=3) }
datasets/airQuality_parallel.csv;nsga2;5;37;3700;3700;1.74108e+02;100;1;1;1.00000e+00;1.00000e+00;9.10000e-01;8.90563e-01;1.00000e+00;Pipeline { map_aggregate(attribute=PT08.S5(O3), function=avg, window=10) | map_aggregate(attribute=NOx(GT), function=min, window=3) };8.87368e-01;1.00000e+00;Pipeline { map_aggregate(attribute=PT08.S5(O3), function=avg, window=6) | map_aggregate(attribute=NOx(GT), function=min, window=3) };8.88631e-01;9.18060e-01;Pipeline { map_aggregate(attribute=NO2(GT), function=avg, window=9) | map_aggregate(attribute=NOx(GT), function=min, window=6) };8.87806e-01;1.00000e+00;Pipeline { map_aggregate(attribute=C6H6(GT), function=avg, window=7) | map_aggregate(attribute=NOx(GT), function=min, window=5) }
datasets/airQuality_parallel.csv;nsga2;5;38;3800;3800;1.78914e+02;100;1;1;1.00000e+00;1.00000e+00;9.00000e-01;8.90563e-01;1.00000e+00;Pipeline { map_aggregate(attribute=PT08.S5(O3), function=avg, window=10) | map_aggregate(attribute=NOx(GT), function=min, window=3) };8.87372e-01;1.00000e+00;Pipeline { map_aggregate(attribute=C6H6(GT), function=avg, window=9) | map_aggregate(attribute=NOx(GT), function=min, window=7) };8.88727e-01;1.00000e+00;Pipeline { map_aggregate(attribute=C6H6(GT), function=avg, window=9) | map_aggregate(attribute=NOx(GT), function=min, window=5) };8.87811e-01;1.00000e+00;Pipeline { map_aggregate(attribute=PT08.S3(NOx), function=avg, window=7) | map_aggregate(attribute=NOx(GT), function=min, window=4) }
datasets/airQuality_parallel.csv;nsga2;5;39;3900;3900;1.83981e+02;100;1;1;1.00000e+00;1.00000e+00;8.90000e-01;8.90563e-01;1.00000e+00;Pipeline { map_aggregate(attribute=PT08.S5(O3), function=avg, window=10) | map_aggregate(attribute=NOx(GT), function=min, window=3) };8.87498e-01;1.00000e+00;Pipeline { map_aggregate(attribute=PT08.S2(NMHC), function=avg, window=7) | map_aggregate(attribute=NOx(GT), function=min, window=4) };8.88749e-01;9.32372e-01;Pipeline { map_aggregate(attribute=NO2(GT), function=avg, window=6) | map_aggregate(attribute=NOx(GT), function=min, window=3) };8.87824e-01;1.00000e+00;Pipeline { map_aggregate(attribute=C6H6(GT), function=avg, window=6) | map_aggregate(attribute=NOx(GT), function=min, window=4) }
datasets/airQuality_parallel.csv;nsga2;5;40;4000;4000;1.88535e+02;100;1;1;1.00000e+00;1.00000e+00;8.90000e-01;8.90563e-01;1.00000e+00;Pipeline { map_aggregate(attribute=PT08.S5(O3), function=avg, window=10) | map_aggregate(attribute=NOx(GT), function=min, window=3) };8.87535e-01;1.00000e+00;Pipeline { map_aggregate(attribute=PT08.S4(NO2), function=avg, window=8) | map_aggregate(attribute=NOx(GT), function=min, window=4) };8.88864e-01;9.32372e-01;Pipeline { map_aggregate(attribute=NO2(GT), function=avg, window=6) | map_aggregate(attribute=NOx(GT), function=min, window=4) };8.87925e-01;1.00000e+00;Pipeline { map_aggregate(attribute=PT08.S3(NOx), function=avg, window=10) | map_aggregate(attribute=NOx(GT), function=min, window=4) }
datasets/airQuality_parallel.csv;nsga2;5;41;4100;4100;1.93192e+02;100;1;1;1.00000e+00;1.00000e+00;8.70000e-01;8.90563e-01;1.00000e+00;Pipeline { map_aggregate(attribute=PT08.S5(O3), function=avg, window=10) | map_aggregate(attribute=NOx(GT), function=min, window=3) };8.87568e-01;1.00000e+00;Pipeline { map_aggregate(attribute=RH, function=avg, window=4) | map_aggregate(attribute=NOx(GT), function=min, window=3) };8.88887e-01;1.00000e+00;Pipeline { map_aggregate(attribute=C6H6(GT), function=avg, window=8) | map_aggregate(attribute=NOx(GT), function=min, window=4) };8.87969e-01;1.00000e+00;Pipeline { map_aggregate(attribute=PT08.S4(NO2), function=avg, window=4) | map_aggregate(attribute=NOx(GT), function=min, window=3) }
datasets/airQuality_parallel.csv;nsga2;5;42;4200;4200;1.97971e+02;100;1;1;1.00000e+00;1.00000e+00;8.70000e-01;8.90563e-01;1.00000e+00;Pipeline { map_aggregate(attribute=PT08.S5(O3), function=avg, window=10) | map_aggregate(attribute=NOx(GT), function=min, window=3) };8.87570e-01;1.00000e+00;Pipeline { map_aggregate(attribute=RH, function=avg, window=4) | map_aggregate(attribute=NOx(GT), function=min, window=4) };8.88887e-01;1.00000e+00;Pipeline { map_aggregate(attribute=C6H6(GT), function=avg, window=8) | map_aggregate(attribute=NOx(GT), function=min, window=4) };8.87999e-01;1.00000e+00;Pipeline { map_aggregate(attribute=PT08.S3(NOx), function=avg, window=8) | map_aggregate(attribute=NOx(GT), function=min, window=4) }
datasets/airQuality_parallel.csv;nsga2;5;43;4300;4300;2.02425e+02;100;1;1;1.00000e+00;1.00000e+00;8.60000e-01;8.90563e-01;1.00000e+00;Pipeline { map_aggregate(attribute=PT08.S5(O3), function=avg, window=10) | map_aggregate(attribute=NOx(GT), function=min, window=3) };8.87617e-01;1.00000e+00;Pipeline { map_aggregate(attribute=PT08.S3(NOx), function=avg, window=9) | map_aggregate(attribute=NOx(GT), function=min, window=3) };8.88887e-01;1.00000e+00;Pipeline { map_aggregate(attribute=C6H6(GT), function=avg, window=8) | map_aggregate(attribute=NOx(GT), function=min, window=4) };8.88008e-01;1.00000e+00;Pipeline { map_aggregate(attribute=PT08.S2(NMHC), function=avg, window=5) | map_aggregate(attribute=NOx(GT), function=min, window=4) }
datasets/airQuality_parallel.csv;nsga2;5;44;4400;4400;2.06663e+02;100;1;1;1.00000e+00;1.00000e+00;8.60000e-01;8.90563e-01;1.00000e+00;Pipeline { map_aggregate(attribute=PT08.S5(O3), function=avg, window=10) | map_aggregate(attribute=NOx(GT), function=min, window=3) };8.87617e-01;1.00000e+00;Pipeline { map_aggregate(attribute=PT08.S3(NOx), function=avg, window=9) | map_aggregate(attribute=NOx(GT), function=min, window=3) };8.88887e-01;1.00000e+00;Pipeline { map_aggregate(attribute=C6H6(GT), function=avg, window=8) | map_aggregate(attribute=NOx(GT), function=min, window=4) };8.88008e-01;1.00000e+00;Pipeline { map_aggregate(attribute=PT08.S2(NMHC), function=avg, window=5) | map_aggregate(attribute=NOx(GT), function=min, window=4) }
datasets/airQuality_parallel.csv;nsga2;5;45;4500;4500;2.11415e+02;100;1;1;1.00000e+00;1.00000e+00;8.60000e-01;8.90563e-01;1.00000e+00;Pipeline { map_aggregate(attribute=PT08.S5(O3), function=avg, window=10) | map_aggregate(attribute=NOx(GT), function=min, window=3) };8.87636e-01;1.00000e+00;Pipeline { map_aggregate(attribute=PT08.S2(NMHC), function=avg, window=9) | map_aggregate(attribute=NOx(GT), function=min, window=4) };8.88915e-01;1.00000e+00;Pipeline { map_aggregate(attribute=C6H6(GT), function=avg, window=5) | map_aggregate(attribute=NOx(GT), function=min, window=5) };8.88008e-01;1.00000e+00;Pipeline { map_aggregate(attribute=PT08.S2(NMHC), function=avg, window=5) | map_aggregate(attribute=NOx(GT), function=min, window=3) }
datasets/airQuality_parallel.csv;nsga2;5;46;4600;4600;2.15703e+02;100;1;1;1.00000e+00;1.00000e+00;8.50000e-01;8.90563e-01;1.00000e+00;Pipeline { map_aggregate(attribute=PT08.S5(O3), function=avg, window=10) | map_aggregate(attribute=NOx(GT), function=min, window=3) };8.87636e-01;1.00000e+00;Pipeline { map_aggregate(attribute=PT08.S2(NMHC), function=avg, window=10) | map_aggregate(attribute=NOx(GT), function=min, window=3) };8.88915e-01;1.00000e+00;Pipeline { map_aggregate(attribute=C6H6(GT), function=avg, window=5) | map_aggregate(attribute=NOx(GT), function=min, window=5) };8.88013e-01;1.00000e+00;Pipeline { map_aggregate(attribute=RH, function=avg, window=5) | map_aggregate(attribute=NOx(GT), function=min, window=3) }
datasets/airQuality_parallel.csv;nsga2;5;47;4700;4700;2.21549e+02;100;1;1;1.00000e+00;1.00000e+00;8.50000e-01;8.90563e-01;1.00000e+00;Pipeline { map_aggregate(attribute=PT08.S5(O3), function=avg, window=10) | map_aggregate(attribute=NOx(GT), function=min, window=3) };8.87636e-01;1.00000e+00;Pipeline { map_aggregate(attribute=PT08.S2(NMHC), function=avg, window=10) | map_aggregate(attribute=NOx(GT), function=min, window=3) };8.88915e-01;1.00000e+00;Pipeline { map_aggregate(attribute=C6H6(GT), function=avg, window=5) | map_aggregate(attribute=NOx(GT), function=min, window=5) };8.88013e-01;1.00000e+00;Pipeline { map_aggregate(attribute=RH, function=avg, window=5) | map_aggregate(attribute=NOx(GT), function=min, window=3) }
datasets/airQuality_parallel.csv;nsga2;5;48;4800;4800;2.26331e+02;100;1;1;1.00000e+00;1.00000e+00;8.50000e-01;8.90563e-01;1.00000e+00;Pipeline { map_aggregate(attribute=PT08.S5(O3), function=avg, window=10) | map_aggregate(attribute=NOx(GT), function=min, window=3) };8.87636e-01;1.00000e+00;Pipeline { map_aggregate(attribute=PT08.S2(NMHC), function=avg, window=10) | map_aggregate(attribute=NOx(GT), function=min, window=3) };8.88915e-01;1.00000e+00;Pipeline { map_aggregate(attribute=C6H6(GT), function=avg, window=5) | map_aggregate(attribute=NOx(GT), function=min, window=5) };8.88013e-01;1.00000e+00;Pipeline { map_aggregate(attribute=RH, function=avg, window=5) | map_aggregate(attribute=NOx(GT), function=min, window=3) }
datasets/airQuality_parallel.csv;nsga2;5;49;4900;4900;2.31256e+02;100;1;1;1.00000e+00;1.00000e+00;8.50000e-01;8.90563e-01;1.00000e+00;Pipeline { map_aggregate(attribute=PT08.S5(O3), function=avg, window=10) | map_aggregate(attribute=NOx(GT), function=min, window=3) };8.87636e-01;1.00000e+00;Pipeline { map_aggregate(attribute=PT08.S2(NMHC), function=avg, window=10) | map_aggregate(attribute=NOx(GT), function=min, window=3) };8.88915e-01;1.00000e+00;Pipeline { map_aggregate(attribute=C6H6(GT), function=avg, window=5) | map_aggregate(attribute=NOx(GT), function=min, window=5) };8.88013e-01;1.00000e+00;Pipeline { map_aggregate(attribute=RH, function=avg, window=5) | map_aggregate(attribute=NOx(GT), function=min, window=3) }
datasets/airQuality_parallel.csv;nsga2;5;50;5000;5000;2.35959e+02;100;1;1;1.00000e+00;1.00000e+00;8.40000e-01;8.90563e-01;1.00000e+00;Pipeline { map_aggregate(attribute=PT08.S5(O3), function=avg, window=10) | map_aggregate(attribute=NOx(GT), function=min, window=3) };8.87669e-01;1.00000e+00;Pipeline { map_aggregate(attribute=PT08.S3(NOx), function=avg, window=5) | map_aggregate(attribute=NOx(GT), function=min, window=4) };8.88916e-01;1.00000e+00;Pipeline { map_aggregate(attribute=PT08.S5(O3), function=avg, window=10) | map_aggregate(attribute=NOx(GT), function=min, window=4) };8.88082e-01;1.00000e+00;Pipeline { map_aggregate(attribute=C6H6(GT), function=avg, window=3) | map_aggregate(attribute=NOx(GT), function=min, window=5) }
