problem.name;solver.name;randomGenerator.seed;n.iterations;n.evals;n.births;elapsed.secs;all→size;firsts→size;lasts→size;all→each[genotype]→uniqueness;all→each[solution]→uniqueness;all→each[quality]→uniqueness;"all→percentile[quality→privacy;100]→quality→privacy";"all→percentile[quality→privacy;100]→quality→results-similarity";"all→percentile[quality→privacy;100]→quality→performance-similarity";"all→percentile[quality→privacy;100]→solution";"all→percentile[quality→results-similarity;100]→quality→privacy";"all→percentile[quality→results-similarity;100]→quality→results-similarity";"all→percentile[quality→results-similarity;100]→quality→performance-similarity";"all→percentile[quality→results-similarity;100]→solution";"all→percentile[quality→performance-similarity;100]→quality→privacy";"all→percentile[quality→performance-similarity;100]→quality→results-similarity";"all→percentile[quality→performance-similarity;100]→quality→performance-similarity";"all→percentile[quality→performance-similarity;100]→solution";"all→percentile[quality→privacy;75]→quality→privacy";"all→percentile[quality→privacy;75]→quality→results-similarity";"all→percentile[quality→privacy;75]→quality→performance-similarity";"all→percentile[quality→privacy;75]→solution";"all→percentile[quality→results-similarity;75]→quality→privacy";"all→percentile[quality→results-similarity;75]→quality→results-similarity";"all→percentile[quality→results-similarity;75]→quality→performance-similarity";"all→percentile[quality→results-similarity;75]→solution";"all→percentile[quality→performance-similarity;75]→quality→privacy";"all→percentile[quality→performance-similarity;75]→quality→results-similarity";"all→percentile[quality→performance-similarity;75]→quality→performance-similarity";"all→percentile[quality→performance-similarity;75]→solution"
datasets/airQuality_parallel.csv;nsga2;1;1;100;100;6.64100e+00;100;5;83;1.00000e+00;1.00000e+00;1.40000e-01;8.38116e-01;9.36567e-01;9.19684e-01;Pipeline { filter(RH > 0.0000) };5.84076e-01;1.00000e+00;7.61586e-01;Pipeline { filter(NO2(GT) > 66.9000) };8.38116e-01;9.36567e-01;9.19684e-01;Pipeline { filter(RH > 0.0000) };0.00000e+00;0.00000e+00;0.00000e+00;Pipeline { filter(PT08.S3(NOx) < 96.5000) | filter(PT08.S4(NO2) > 43.3000) | filter(C6H6(GT) > 4.7100) | filter(PT08.S1(CO) < 336.0000) | filter(CO(GT) < 0.0000) | filter(RH > 0.0000) };0.00000e+00;0.00000e+00;0.00000e+00;Pipeline { filter(PT08.S4(NO2) < 578.0000) | filter(NOx(GT) < 0.6130) | filter(PT08.S2(NMHC) > 0.0022) | filter(NMHC(GT) > 40.1000) };0.00000e+00;0.00000e+00;0.00000e+00;Pipeline { filter(PT08.S3(NOx) < 96.5000) | filter(PT08.S4(NO2) > 43.3000) | filter(C6H6(GT) > 4.7100) | filter(PT08.S1(CO) < 336.0000) | filter(CO(GT) < 0.0000) | filter(RH > 0.0000) }
datasets/airQuality_parallel.csv;nsga2;1;2;200;200;9.51900e+00;100;11;58;1.00000e+00;9.90000e-01;2.40000e-01;8.38116e-01;9.36567e-01;9.19684e-01;Pipeline { filter(PT08.S5(O3) > 17.6000) };5.84076e-01;1.00000e+00;7.61586e-01;Pipeline { filter(NO2(GT) > 66.9000) };8.38116e-01;9.36567e-01;9.19684e-01;Pipeline { filter(PT08.S5(O3) > 17.6000) };9.47535e-02;8.06510e-01;2.85636e-01;Pipeline { filter(NOx(GT) > 462.0000) };9.47535e-02;8.06510e-01;2.85636e-01;Pipeline { filter(NOx(GT) > 462.0000) };9.47535e-02;8.06510e-01;2.85636e-01;Pipeline { filter(NOx(GT) > 462.0000) }
datasets/airQuality_parallel.csv;nsga2;1;3;300;300;1.17220e+01;100;39;6;1.00000e+00;9.90000e-01;3.40000e-01;8.38116e-01;9.36567e-01;9.19684e-01;Pipeline { filter(PT08.S3(NOx) < 24500000.0000) };5.84076e-01;1.00000e+00;7.61586e-01;Pipeline { filter(NO2(GT) > 66.9000) };8.38116e-01;9.36567e-01;9.19684e-01;Pipeline { filter(PT08.S3(NOx) < 24500000.0000) };8.38116e-01;9.36567e-01;9.19684e-01;Pipeline { filter(PT08.S3(NOx) < 27000000.0000) };7.07174e-01;1.00000e+00;8.99054e-01;Pipeline { filter(CO(GT) > 0.0116) };8.38116e-01;9.36567e-01;9.19684e-01;Pipeline { filter(PT08.S3(NOx) < 27000000.0000) }
datasets/airQuality_parallel.csv;nsga2;1;4;400;400;1.41930e+01;100;78;2;1.00000e+00;1.00000e+00;1.00000e-01;8.38116e-01;9.36567e-01;9.19684e-01;Pipeline { filter(RH > 4.9200) };7.10915e-01;1.00000e+00;8.77892e-01;Pipeline { filter(NO2(GT) > 6.6800) | filter(NO2(GT) > 0.0003) };8.38116e-01;9.36567e-01;9.19684e-01;Pipeline { filter(RH > 4.9200) };8.38116e-01;9.36567e-01;9.19684e-01;Pipeline { filter(PT08.S3(NOx) < 4530000000.0000) };7.11560e-01;1.00000e+00;8.78132e-01;Pipeline { filter(NOx(GT) > 0.5200) };8.38116e-01;9.36567e-01;9.19684e-01;Pipeline { filter(PT08.S3(NOx) < 4530000000.0000) }
datasets/airQuality_parallel.csv;nsga2;1;5;500;500;1.66540e+01;100;100;100;1.00000e+00;1.00000e+00;3.00000e-02;8.38116e-01;9.36567e-01;9.19684e-01;Pipeline { filter(PT08.S5(O3) > 0.0000) };7.11560e-01;1.00000e+00;8.78132e-01;Pipeline { filter(NOx(GT) < 1710.0000) };8.38116e-01;9.36567e-01;9.19684e-01;Pipeline { filter(PT08.S5(O3) > 0.0000) };8.38116e-01;9.36567e-01;9.19684e-01;Pipeline { filter(PT08.S3(NOx) < 453000000.0000) };8.38116e-01;9.36567e-01;9.19684e-01;Pipeline { filter(PT08.S5(O3) < 27500000.0000) };8.38116e-01;9.36567e-01;9.19684e-01;Pipeline { filter(PT08.S3(NOx) < 453000000.0000) }
datasets/airQuality_parallel.csv;nsga2;1;6;600;600;1.88960e+01;100;100;100;1.00000e+00;9.90000e-01;3.00000e-02;8.38116e-01;9.36567e-01;9.19684e-01;Pipeline { filter(RH > 0.0000) };7.07174e-01;1.00000e+00;8.99054e-01;Pipeline { filter(CO(GT) > 0.0000) };8.38116e-01;9.36567e-01;9.19684e-01;Pipeline { filter(RH > 0.0000) };8.38116e-01;9.36567e-01;9.19684e-01;Pipeline { filter(PT08.S2(NMHC) > 0.0000) };8.38116e-01;9.36567e-01;9.19684e-01;Pipeline { filter(C6H6(GT) < 73400000.0000) };8.38116e-01;9.36567e-01;9.19684e-01;Pipeline { filter(PT08.S2(NMHC) > 0.0000) }
datasets/airQuality_parallel.csv;nsga2;1;7;700;700;2.13080e+01;100;100;100;1.00000e+00;9.90000e-01;3.00000e-02;8.38116e-01;9.36567e-01;9.19684e-01;Pipeline { filter(PT08.S3(NOx) < 37500000.0000) };7.07174e-01;1.00000e+00;8.99054e-01;Pipeline { filter(CO(GT) > 0.0005) };8.38116e-01;9.36567e-01;9.19684e-01;Pipeline { filter(PT08.S3(NOx) < 37500000.0000) };8.38116e-01;9.36567e-01;9.19684e-01;Pipeline { filter(RH > 4.6400) | filter(PT08.S5(O3) < 1970000000.0000) };8.38116e-01;9.36567e-01;9.19684e-01;Pipeline { filter(RH < 11600000.0000) };8.38116e-01;9.36567e-01;9.19684e-01;Pipeline { filter(RH > 4.6400) | filter(PT08.S5(O3) < 1970000000.0000) }
datasets/airQuality_parallel.csv;nsga2;1;8;800;800;2.41780e+01;100;100;100;1.00000e+00;1.00000e+00;3.00000e-02;8.38116e-01;9.36567e-01;9.19684e-01;Pipeline { filter(PT08.S1(CO) > 0.0000) };7.07174e-01;1.00000e+00;8.99054e-01;Pipeline { filter(CO(GT) < 11600000.0000) };8.38116e-01;9.36567e-01;9.19684e-01;Pipeline { filter(PT08.S1(CO) > 0.0000) };8.38116e-01;9.36567e-01;9.19684e-01;Pipeline { filter(PT08.S2(NMHC) < 3160000.0000) };8.38116e-01;9.36567e-01;9.19684e-01;Pipeline { filter(PT08.S3(NOx) > 0.0000) };8.38116e-01;9.36567e-01;9.19684e-01;Pipeline { filter(PT08.S2(NMHC) < 3160000.0000) }
datasets/airQuality_parallel.csv;nsga2;1;9;900;900;2.65750e+01;100;100;100;1.00000e+00;1.00000e+00;3.00000e-02;8.38116e-01;9.36567e-01;9.19684e-01;Pipeline { filter(PT08.S4(NO2) > 0.5400) | filter(RH > 0.0000) };7.11560e-01;1.00000e+00;8.78132e-01;Pipeline { filter(NOx(GT) < 5400000.0000) };8.38116e-01;9.36567e-01;9.19684e-01;Pipeline { filter(PT08.S4(NO2) > 0.5400) | filter(RH > 0.0000) };8.38116e-01;9.36567e-01;9.19684e-01;Pipeline { filter(RH > 1.5400) | filter(PT08.S4(NO2) > 0.0000) };8.38116e-01;9.36567e-01;9.19684e-01;Pipeline { filter(RH > 0.0000) | filter(PT08.S1(CO) < 8950000.0000) };8.38116e-01;9.36567e-01;9.19684e-01;Pipeline { filter(RH > 1.5400) | filter(PT08.S4(NO2) > 0.0000) }
datasets/airQuality_parallel.csv;nsga2;1;10;1000;1000;2.90490e+01;100;100;100;1.00000e+00;9.90000e-01;3.00000e-02;8.38116e-01;9.36567e-01;9.19684e-01;Pipeline { filter(C6H6(GT) < 26700000.0000) };7.11560e-01;1.00000e+00;8.78132e-01;Pipeline { filter(NOx(GT) < 145000000.0000) };8.38116e-01;9.36567e-01;9.19684e-01;Pipeline { filter(C6H6(GT) < 26700000.0000) };8.38116e-01;9.36567e-01;9.19684e-01;Pipeline { filter(RH > 0.0000) };8.38116e-01;9.36567e-01;9.19684e-01;Pipeline { filter(C6H6(GT) < 64100000.0000) };8.38116e-01;9.36567e-01;9.19684e-01;Pipeline { filter(RH > 0.0000) }
datasets/airQuality_parallel.csv;nsga2;1;11;1100;1100;3.15980e+01;100;100;100;1.00000e+00;9.90000e-01;4.00000e-02;8.41970e-01;7.71784e-01;8.59642e-01;Pipeline { filter(PT08.S5(O3) < 8040000.0000) | filter(PT08.S3(NOx) > 387.0000) };7.11560e-01;1.00000e+00;8.78132e-01;Pipeline { filter(NOx(GT) < 145000000.0000) };8.38116e-01;9.36567e-01;9.19684e-01;Pipeline { filter(PT08.S5(O3) < 649000000.0000) };8.38116e-01;9.36567e-01;9.19684e-01;Pipeline { filter(PT08.S4(NO2) > 4.4300) };8.38116e-01;9.36567e-01;9.19684e-01;Pipeline { filter(PT08.S4(NO2) > 0.4490) | filter(C6H6(GT) > 0.0000) };8.38116e-01;9.36567e-01;9.19684e-01;Pipeline { filter(PT08.S1(CO) > 78.7000) }
datasets/airQuality_parallel.csv;nsga2;1;12;1200;1200;3.40230e+01;100;100;100;1.00000e+00;9.90000e-01;4.00000e-02;8.41970e-01;7.71784e-01;8.59642e-01;Pipeline { filter(PT08.S5(O3) < 8040000.0000) | filter(PT08.S3(NOx) > 387.0000) };7.07174e-01;1.00000e+00;8.99054e-01;Pipeline { filter(CO(GT) < 43800.0000) };8.38116e-01;9.36567e-01;9.19684e-01;Pipeline { filter(AH < 34000.0000) | filter(C6H6(GT) > 0.0000) };8.38116e-01;9.36567e-01;9.19684e-01;Pipeline { filter(RH > 3.4400) };8.38116e-01;9.36567e-01;9.19684e-01;Pipeline { filter(C6H6(GT) < 97500000.0000) };8.38116e-01;9.36567e-01;9.19684e-01;Pipeline { filter(PT08.S4(NO2) > 0.0000) }
datasets/airQuality_parallel.csv;nsga2;1;13;1300;1300;3.65570e+01;100;100;100;1.00000e+00;1.00000e+00;4.00000e-02;8.41970e-01;7.71784e-01;8.59642e-01;Pipeline { filter(PT08.S5(O3) < 8040000.0000) | filter(PT08.S3(NOx) > 387.0000) };7.11560e-01;1.00000e+00;8.78132e-01;Pipeline { filter(NOx(GT) < 145000000.0000) };8.38116e-01;9.36567e-01;9.19684e-01;Pipeline { filter(AH > 0.0002) };8.38116e-01;9.36567e-01;9.19684e-01;Pipeline { filter(T < 426.0000) };8.38116e-01;9.36567e-01;9.19684e-01;Pipeline { filter(RH > 3.4400) };8.38116e-01;9.36567e-01;9.19684e-01;Pipeline { filter(C6H6(GT) < 2940.0000) }
datasets/airQuality_parallel.csv;nsga2;1;14;1400;1400;3.96140e+01;100;100;100;1.00000e+00;9.90000e-01;5.00000e-02;8.41970e-01;7.71784e-01;8.59642e-01;Pipeline { filter(PT08.S5(O3) < 8040000.0000) | filter(PT08.S3(NOx) > 387.0000) };7.11560e-01;1.00000e+00;8.78132e-01;Pipeline { filter(NOx(GT) < 145000000.0000) };8.38116e-01;9.36567e-01;9.19684e-01;Pipeline { filter(C6H6(GT) < 3330000000.0000) | filter(PT08.S5(O3) > 0.0008) };8.38116e-01;9.36567e-01;9.19684e-01;Pipeline { filter(RH < 5570000000.0000) };8.38116e-01;9.36567e-01;9.19684e-01;Pipeline { filter(RH > 6.5400) | filter(PT08.S3(NOx) > 7.3000) };8.38116e-01;9.36567e-01;9.19684e-01;Pipeline { filter(PT08.S3(NOx) < 3620.0000) | filter(PT08.S1(CO) < 8940000.0000) }
datasets/airQuality_parallel.csv;nsga2;1;15;1500;1500;4.23950e+01;100;100;100;1.00000e+00;1.00000e+00;5.00000e-02;8.41970e-01;7.71784e-01;8.59642e-01;Pipeline { filter(PT08.S5(O3) < 8040000.0000) | filter(PT08.S3(NOx) > 387.0000) };7.11560e-01;1.00000e+00;8.78132e-01;Pipeline { filter(NOx(GT) < 145000000.0000) };8.38116e-01;9.36567e-01;9.19684e-01;Pipeline { filter(PT08.S1(CO) > 0.0000) };8.38116e-01;9.36567e-01;9.19684e-01;Pipeline { filter(C6H6(GT) < 798000000.0000) | filter(PT08.S1(CO) < 8940000.0000) };8.38116e-01;9.36567e-01;9.19684e-01;Pipeline { filter(PT08.S4(NO2) < 57900000.0000) };8.38116e-01;9.36567e-01;9.19684e-01;Pipeline { filter(RH > 6.5400) | filter(PT08.S1(CO) > 0.0000) }
datasets/airQuality_parallel.csv;nsga2;1;16;1600;1600;4.51560e+01;100;100;100;1.00000e+00;1.00000e+00;5.00000e-02;8.41970e-01;7.71784e-01;8.59642e-01;Pipeline { filter(PT08.S5(O3) < 8040000.0000) | filter(PT08.S3(NOx) > 387.0000) };7.11560e-01;1.00000e+00;8.78132e-01;Pipeline { filter(NOx(GT) < 145000000.0000) };8.38116e-01;9.36567e-01;9.19684e-01;Pipeline { filter(PT08.S5(O3) < 6520000.0000) | filter(PT08.S4(NO2) > 0.0000) };8.38116e-01;9.36567e-01;9.19684e-01;Pipeline { filter(RH < 358000000.0000) | filter(PT08.S1(CO) < 1940000.0000) };8.38116e-01;9.36567e-01;9.19684e-01;Pipeline { filter(PT08.S4(NO2) < 16500.0000) };8.38116e-01;9.36567e-01;9.19684e-01;Pipeline { filter(AH < 97300000.0000) | filter(PT08.S2(NMHC) > 0.0000) }
datasets/airQuality_parallel.csv;nsga2;1;17;1700;1700;4.76740e+01;100;100;100;1.00000e+00;1.00000e+00;5.00000e-02;8.41970e-01;7.71784e-01;8.59642e-01;Pipeline { filter(PT08.S5(O3) < 8040000.0000) | filter(PT08.S3(NOx) > 387.0000) };7.07174e-01;1.00000e+00;8.99054e-01;Pipeline { filter(CO(GT) < 351.0000) };8.38116e-01;9.36567e-01;9.19684e-01;Pipeline { filter(PT08.S1(CO) > 0.0002) };8.38116e-01;9.36567e-01;9.19684e-01;Pipeline { filter(PT08.S1(CO) > 0.0213) | filter(PT08.S2(NMHC) > 0.0000) };8.38116e-01;9.36567e-01;9.19684e-01;Pipeline { filter(RH < 22400000.0000) };8.38116e-01;9.36567e-01;9.19684e-01;Pipeline { filter(RH < 398000000.0000) | filter(PT08.S1(CO) > 7.2500) }
datasets/airQuality_parallel.csv;nsga2;1;18;1800;1800;5.00250e+01;100;100;100;1.00000e+00;9.90000e-01;5.00000e-02;8.41970e-01;7.71784e-01;8.59642e-01;Pipeline { filter(PT08.S5(O3) < 8040000.0000) | filter(PT08.S3(NOx) > 387.0000) };7.07174e-01;1.00000e+00;8.99054e-01;Pipeline { filter(CO(GT) < 43800.0000) };8.38116e-01;9.36567e-01;9.19684e-01;Pipeline { filter(PT08.S2(NMHC) > 0.0000) | filter(C6H6(GT) > 0.0000) };8.38116e-01;9.36567e-01;9.19684e-01;Pipeline { filter(AH < 973.0000) | filter(PT08.S2(NMHC) > 0.0000) };8.38116e-01;9.36567e-01;9.19684e-01;Pipeline { filter(AH < 398000000.0000) | filter(PT08.S5(O3) < 793000.0000) };8.38116e-01;9.36567e-01;9.19684e-01;Pipeline { filter(AH > 0.0023) | filter(PT08.S3(NOx) > 7.3700) }
datasets/airQuality_parallel.csv;nsga2;1;19;1900;1900;5.24250e+01;100;100;100;1.00000e+00;1.00000e+00;5.00000e-02;8.41970e-01;7.71784e-01;8.59642e-01;Pipeline { filter(PT08.S5(O3) < 8040000.0000) | filter(PT08.S3(NOx) > 387.0000) };7.07174e-01;1.00000e+00;8.99054e-01;Pipeline { filter(CO(GT) < 351.0000) };8.38116e-01;9.36567e-01;9.19684e-01;Pipeline { filter(PT08.S4(NO2) < 3330000000.0000) | filter(PT08.S2(NMHC) < 5940000.0000) };8.38116e-01;9.36567e-01;9.19684e-01;Pipeline { filter(PT08.S4(NO2) < 3900000000.0000) | filter(PT08.S2(NMHC) < 89600000.0000) };8.38116e-01;9.36567e-01;9.19684e-01;Pipeline { filter(PT08.S1(CO) < 384000000.0000) };8.38116e-01;9.36567e-01;9.19684e-01;Pipeline { filter(AH < 71.3000) }
datasets/airQuality_parallel.csv;nsga2;1;20;2000;2000;5.48670e+01;100;100;100;1.00000e+00;1.00000e+00;5.00000e-02;8.41970e-01;7.71784e-01;8.59642e-01;Pipeline { filter(PT08.S5(O3) < 8040000.0000) | filter(PT08.S3(NOx) > 387.0000) };7.11560e-01;1.00000e+00;8.78132e-01;Pipeline { filter(NOx(GT) < 145000000.0000) };8.38116e-01;9.36567e-01;9.19684e-01;Pipeline { filter(T < 6560000.0000) | filter(PT08.S2(NMHC) > 0.0094) };8.38116e-01;9.36567e-01;9.19684e-01;Pipeline { filter(PT08.S2(NMHC) > 0.0567) };8.38116e-01;9.36567e-01;9.19684e-01;Pipeline { filter(PT08.S4(NO2) > 0.0000) | filter(PT08.S3(NOx) > 0.0000) };8.38116e-01;9.36567e-01;9.19684e-01;Pipeline { filter(AH < 260.0000) | filter(PT08.S5(O3) < 793000.0000) }
datasets/airQuality_parallel.csv;nsga2;1;21;2100;2100;5.73940e+01;100;100;100;1.00000e+00;1.00000e+00;5.00000e-02;8.41970e-01;7.71784e-01;8.59642e-01;Pipeline { filter(PT08.S5(O3) < 8040000.0000) | filter(PT08.S3(NOx) > 387.0000) };7.11560e-01;1.00000e+00;8.78132e-01;Pipeline { filter(NOx(GT) < 145000000.0000) };8.38116e-01;9.36567e-01;9.19684e-01;Pipeline { filter(RH > 0.0326) };8.38116e-01;9.36567e-01;9.19684e-01;Pipeline { filter(T < 2560000000.0000) };8.38116e-01;9.36567e-01;9.19684e-01;Pipeline { filter(PT08.S2(NMHC) > 0.0000) };8.38116e-01;9.36567e-01;9.19684e-01;Pipeline { filter(PT08.S1(CO) < 229000.0000) }
datasets/airQuality_parallel.csv;nsga2;1;22;2200;2200;5.98500e+01;100;100;100;1.00000e+00;1.00000e+00;5.00000e-02;8.41970e-01;7.71784e-01;8.59642e-01;Pipeline { filter(PT08.S5(O3) < 8040000.0000) | filter(PT08.S3(NOx) > 387.0000) };7.07174e-01;1.00000e+00;8.99054e-01;Pipeline { filter(CO(GT) > 0.0000) };8.38116e-01;9.36567e-01;9.19684e-01;Pipeline { filter(PT08.S1(CO) < 5230.0000) };8.38116e-01;9.36567e-01;9.19684e-01;Pipeline { filter(AH < 6160.0000) };8.38116e-01;9.36567e-01;9.19684e-01;Pipeline { filter(PT08.S1(CO) > 0.0000) | filter(AH < 77.7000) };8.38116e-01;9.36567e-01;9.19684e-01;Pipeline { filter(PT08.S3(NOx) > 0.0001) | filter(AH > 0.0001) }
datasets/airQuality_parallel.csv;nsga2;1;23;2300;2300;6.22040e+01;100;100;100;1.00000e+00;9.90000e-01;5.00000e-02;8.41970e-01;7.71784e-01;8.59642e-01;Pipeline { filter(PT08.S5(O3) < 8040000.0000) | filter(PT08.S3(NOx) > 387.0000) };7.07174e-01;1.00000e+00;8.99054e-01;Pipeline { filter(CO(GT) < 351.0000) };8.38116e-01;9.36567e-01;9.19684e-01;Pipeline { filter(PT08.S4(NO2) < 3380000.0000) | filter(PT08.S2(NMHC) < 5940000.0000) };8.38116e-01;9.36567e-01;9.19684e-01;Pipeline { filter(PT08.S1(CO) > 8.3300) };8.38116e-01;9.36567e-01;9.19684e-01;Pipeline { filter(AH < 97200000.0000) | filter(PT08.S4(NO2) > 0.0000) };8.38116e-01;9.36567e-01;9.19684e-01;Pipeline { filter(PT08.S5(O3) > 0.0424) | filter(C6H6(GT) < 146000000.0000) }
datasets/airQuality_parallel.csv;nsga2;1;24;2400;2400;6.50070e+01;100;100;100;1.00000e+00;9.90000e-01;5.00000e-02;8.41970e-01;7.71784e-01;8.59642e-01;Pipeline { filter(PT08.S5(O3) < 8040000.0000) | filter(PT08.S3(NOx) > 387.0000) };7.07174e-01;1.00000e+00;8.99054e-01;Pipeline { filter(CO(GT) < 23800000.0000) };8.38116e-01;9.36567e-01;9.19684e-01;Pipeline { filter(PT08.S5(O3) < 348000.0000) };8.38116e-01;9.36567e-01;9.19684e-01;Pipeline { filter(T < 6560000.0000) | filter(PT08.S2(NMHC) > 0.0064) };8.38116e-01;9.36567e-01;9.19684e-01;Pipeline { filter(PT08.S5(O3) > 0.0074) | filter(AH > 0.1490) };8.38116e-01;9.36567e-01;9.19684e-01;Pipeline { filter(PT08.S3(NOx) > 0.0030) | filter(AH > 0.0000) }
datasets/airQuality_parallel.csv;nsga2;1;25;2500;2500;6.72920e+01;100;100;100;1.00000e+00;1.00000e+00;5.00000e-02;8.41970e-01;7.71784e-01;8.59642e-01;Pipeline { filter(PT08.S5(O3) < 8040000.0000) | filter(PT08.S3(NOx) > 387.0000) };7.07174e-01;1.00000e+00;8.99054e-01;Pipeline { filter(CO(GT) < 351.0000) };8.38116e-01;9.36567e-01;9.19684e-01;Pipeline { filter(PT08.S5(O3) > 0.0028) | filter(AH > 0.0014) };8.38116e-01;9.36567e-01;9.19684e-01;Pipeline { filter(AH < 277.0000) | filter(PT08.S2(NMHC) < 4920.0000) };8.38116e-01;9.36567e-01;9.19684e-01;Pipeline { filter(T < 1040.0000) };8.38116e-01;9.36567e-01;9.19684e-01;Pipeline { filter(PT08.S1(CO) > 0.0055) }
datasets/airQuality_parallel.csv;nsga2;1;26;2600;2600;7.00930e+01;100;100;100;1.00000e+00;1.00000e+00;5.00000e-02;8.41970e-01;7.71784e-01;8.59642e-01;Pipeline { filter(PT08.S5(O3) < 8040000.0000) | filter(PT08.S3(NOx) > 387.0000) };7.11560e-01;1.00000e+00;8.78132e-01;Pipeline { filter(NOx(GT) < 145000000.0000) };8.38116e-01;9.36567e-01;9.19684e-01;Pipeline { filter(PT08.S1(CO) > 8.2800) };8.38116e-01;9.36567e-01;9.19684e-01;Pipeline { filter(PT08.S5(O3) > 0.0924) | filter(C6H6(GT) < 1490000000.0000) };8.38116e-01;9.36567e-01;9.19684e-01;Pipeline { filter(PT08.S5(O3) > 0.0954) | filter(C6H6(GT) < 1460000000.0000) };8.38116e-01;9.36567e-01;9.19684e-01;Pipeline { filter(RH > 0.0336) }
datasets/airQuality_parallel.csv;nsga2;1;27;2700;2700;7.26870e+01;100;100;100;1.00000e+00;1.00000e+00;5.00000e-02;8.41970e-01;7.71784e-01;8.59642e-01;Pipeline { filter(PT08.S5(O3) < 8040000.0000) | filter(PT08.S3(NOx) > 387.0000) };7.07174e-01;1.00000e+00;8.99054e-01;Pipeline { filter(CO(GT) > 0.0336) };8.38116e-01;9.36567e-01;9.19684e-01;Pipeline { filter(RH > 0.0066) };8.38116e-01;9.36567e-01;9.19684e-01;Pipeline { filter(PT08.S4(NO2) < 3380000.0000) | filter(C6H6(GT) > 0.0001) };8.38116e-01;9.36567e-01;9.19684e-01;Pipeline { filter(PT08.S3(NOx) > 0.0000) | filter(C6H6(GT) < 1460000000.0000) };8.38116e-01;9.36567e-01;9.19684e-01;Pipeline { filter(PT08.S3(NOx) > 0.0944) | filter(C6H6(GT) < 1460000000.0000) }
datasets/airQuality_parallel.csv;nsga2;1;28;2800;2800;7.49340e+01;100;100;100;1.00000e+00;1.00000e+00;5.00000e-02;8.41970e-01;7.71784e-01;8.59642e-01;Pipeline { filter(PT08.S5(O3) < 8040000.0000) | filter(PT08.S3(NOx) > 387.0000) };7.07174e-01;1.00000e+00;8.99054e-01;Pipeline { filter(CO(GT) > 0.0000) };8.38116e-01;9.36567e-01;9.19684e-01;Pipeline { filter(PT08.S5(O3) > 0.0562) | filter(PT08.S3(NOx) > 0.0000) };8.38116e-01;9.36567e-01;9.19684e-01;Pipeline { filter(RH > 0.0624) | filter(C6H6(GT) < 2390000000.0000) };8.38116e-01;9.36567e-01;9.19684e-01;Pipeline { filter(PT08.S1(CO) > 0.0000) };8.38116e-01;9.36567e-01;9.19684e-01;Pipeline { filter(PT08.S3(NOx) > 0.0755) }
datasets/airQuality_parallel.csv;nsga2;1;29;2900;2900;7.74460e+01;100;100;100;1.00000e+00;1.00000e+00;5.00000e-02;8.41970e-01;7.71784e-01;8.59642e-01;Pipeline { filter(PT08.S5(O3) < 8040000.0000) | filter(PT08.S3(NOx) > 387.0000) };7.11560e-01;1.00000e+00;8.78132e-01;Pipeline { filter(NOx(GT) < 145000000.0000) };8.38116e-01;9.36567e-01;9.19684e-01;Pipeline { filter(T < 59400000.0000) };8.38116e-01;9.36567e-01;9.19684e-01;Pipeline { filter(T < 6370000000.0000) };8.38116e-01;9.36567e-01;9.19684e-01;Pipeline { filter(PT08.S3(NOx) > 0.0008) };8.38116e-01;9.36567e-01;9.19684e-01;Pipeline { filter(PT08.S3(NOx) > 3.9000) | filter(PT08.S1(CO) > 0.6610) }
datasets/airQuality_parallel.csv;nsga2;1;30;3000;3000;7.98650e+01;100;100;100;1.00000e+00;1.00000e+00;5.00000e-02;8.41970e-01;7.71784e-01;8.59642e-01;Pipeline { filter(PT08.S5(O3) < 8040000.0000) | filter(PT08.S3(NOx) > 387.0000) };7.07174e-01;1.00000e+00;8.99054e-01;Pipeline { filter(CO(GT) < 299.0000) };8.38116e-01;9.36567e-01;9.19684e-01;Pipeline { filter(PT08.S3(NOx) > 0.0027) };8.38116e-01;9.36567e-01;9.19684e-01;Pipeline { filter(C6H6(GT) > 0.0031) | filter(AH > 0.0000) };8.38116e-01;9.36567e-01;9.19684e-01;Pipeline { filter(PT08.S1(CO) < 440000000.0000) };8.38116e-01;9.36567e-01;9.19684e-01;Pipeline { filter(AH < 90100000.0000) | filter(PT08.S4(NO2) > 0.0008) }
datasets/airQuality_parallel.csv;nsga2;1;31;3100;3100;8.23410e+01;100;100;100;1.00000e+00;1.00000e+00;6.00000e-02;8.41970e-01;7.71784e-01;8.59642e-01;Pipeline { filter(PT08.S5(O3) < 8040000.0000) | filter(PT08.S3(NOx) > 387.0000) };7.11560e-01;1.00000e+00;8.78132e-01;Pipeline { filter(NOx(GT) < 145000000.0000) };8.38116e-01;9.36567e-01;9.19684e-01;Pipeline { filter(PT08.S5(O3) > 0.0047) | filter(PT08.S1(CO) > 0.0000) };8.38116e-01;9.36567e-01;9.19684e-01;Pipeline { filter(PT08.S5(O3) > 0.0000) | filter(PT08.S3(NOx) > 0.0000) };8.38116e-01;9.36567e-01;9.19684e-01;Pipeline { filter(C6H6(GT) > 0.0027) };8.38116e-01;9.36567e-01;9.19684e-01;Pipeline { filter(PT08.S5(O3) > 4.1900) | filter(RH < 560000000.0000) }
datasets/airQuality_parallel.csv;nsga2;1;32;3200;3200;8.48150e+01;100;100;100;1.00000e+00;1.00000e+00;6.00000e-02;8.41970e-01;7.71784e-01;8.59642e-01;Pipeline { filter(PT08.S5(O3) < 8040000.0000) | filter(PT08.S3(NOx) > 387.0000) };7.11560e-01;1.00000e+00;8.78132e-01;Pipeline { filter(NOx(GT) < 145000000.0000) };8.38116e-01;9.36567e-01;9.19684e-01;Pipeline { filter(PT08.S5(O3) > 0.0000) | filter(AH > 0.0026) };8.38116e-01;9.36567e-01;9.19684e-01;Pipeline { filter(PT08.S5(O3) > 0.0000) | filter(AH > 0.0000) };8.38116e-01;9.36567e-01;9.19684e-01;Pipeline { filter(PT08.S4(NO2) < 751000000.0000) | filter(T < 630.0000) };8.38116e-01;9.36567e-01;9.19684e-01;Pipeline { filter(C6H6(GT) > 0.0035) | filter(PT08.S4(NO2) < 3460.0000) }
datasets/airQuality_parallel.csv;nsga2;1;33;3300;3300;8.76440e+01;100;100;100;1.00000e+00;1.00000e+00;6.00000e-02;8.41970e-01;7.71784e-01;8.59642e-01;Pipeline { filter(PT08.S5(O3) < 8040000.0000) | filter(PT08.S3(NOx) > 387.0000) };7.11560e-01;1.00000e+00;8.78132e-01;Pipeline { filter(NOx(GT) < 145000000.0000) };8.38116e-01;9.36567e-01;9.19684e-01;Pipeline { filter(PT08.S1(CO) < 80200.0000) | filter(RH > 0.0001) };8.38116e-01;9.36567e-01;9.19684e-01;Pipeline { filter(T < 5300.0000) | filter(AH > 0.0000) };8.38116e-01;9.36567e-01;9.19684e-01;Pipeline { filter(PT08.S5(O3) > 0.0006) };8.38116e-01;9.36567e-01;9.19684e-01;Pipeline { filter(C6H6(GT) > 0.0030) | filter(PT08.S2(NMHC) < 306000.0000) }
datasets/airQuality_parallel.csv;nsga2;1;34;3400;3400;8.99160e+01;100;100;100;1.00000e+00;1.00000e+00;7.00000e-02;8.41970e-01;7.71784e-01;8.59642e-01;Pipeline { filter(PT08.S5(O3) < 8040000.0000) | filter(PT08.S3(NOx) > 387.0000) };7.11560e-01;1.00000e+00;8.78132e-01;Pipeline { filter(NOx(GT) < 145000000.0000) };8.38116e-01;9.36567e-01;9.19684e-01;Pipeline { filter(PT08.S5(O3) > 0.9200) | filter(C6H6(GT) < 86.4000) };8.38116e-01;9.36567e-01;9.19684e-01;Pipeline { filter(PT08.S5(O3) > 0.0047) | filter(PT08.S1(CO) > 0.0000) };8.38116e-01;9.36567e-01;9.19684e-01;Pipeline { filter(PT08.S2(NMHC) > 0.0000) };8.38116e-01;9.36567e-01;9.19684e-01;Pipeline { filter(RH < 130000000.0000) }
datasets/airQuality_parallel.csv;nsga2;1;35;3500;3500;9.21670e+01;100;100;100;1.00000e+00;1.00000e+00;7.00000e-02;8.41970e-01;7.71784e-01;8.59642e-01;Pipeline { filter(PT08.S5(O3) < 8040000.0000) | filter(PT08.S3(NOx) > 387.0000) };7.07174e-01;1.00000e+00;8.99054e-01;Pipeline { filter(CO(GT) > 0.0000) };8.38116e-01;9.36567e-01;9.19684e-01;Pipeline { filter(PT08.S5(O3) > 0.0000) | filter(PT08.S1(CO) < 63000.0000) };8.38116e-01;9.36567e-01;9.19684e-01;Pipeline { filter(PT08.S3(NOx) < 11500000.0000) };8.38116e-01;9.36567e-01;9.19684e-01;Pipeline { filter(PT08.S2(NMHC) > 0.0000) };8.38116e-01;9.36567e-01;9.19684e-01;Pipeline { filter(T < 153.0000) }
datasets/airQuality_parallel.csv;nsga2;1;36;3600;3600;9.45790e+01;100;100;100;1.00000e+00;1.00000e+00;7.00000e-02;8.41970e-01;7.71784e-01;8.59642e-01;Pipeline { filter(PT08.S5(O3) < 8040000.0000) | filter(PT08.S3(NOx) > 387.0000) };7.11560e-01;1.00000e+00;8.78132e-01;Pipeline { filter(NOx(GT) < 145000000.0000) };8.38116e-01;9.36567e-01;9.19684e-01;Pipeline { filter(PT08.S3(NOx) > 0.0000) };8.38116e-01;9.36567e-01;9.19684e-01;Pipeline { filter(PT08.S5(O3) > 0.9280) | filter(C6H6(GT) < 2790.0000) };8.38116e-01;9.36567e-01;9.19684e-01;Pipeline { filter(PT08.S5(O3) > 0.9270) | filter(C6H6(GT) < 2490.0000) };8.38116e-01;9.36567e-01;9.19684e-01;Pipeline { filter(PT08.S5(O3) > 0.0000) | filter(PT08.S2(NMHC) > 0.0000) }
datasets/airQuality_parallel.csv;nsga2;1;37;3700;3700;9.72630e+01;100;100;100;1.00000e+00;1.00000e+00;8.00000e-02;8.41970e-01;7.71784e-01;8.59642e-01;Pipeline { filter(PT08.S5(O3) < 8040000.0000) | filter(PT08.S3(NOx) > 387.0000) };7.07174e-01;1.00000e+00;8.99054e-01;Pipeline { filter(CO(GT) > 0.0003) };8.38116e-01;9.36567e-01;9.19684e-01;Pipeline { filter(PT08.S5(O3) > 0.3970) | filter(PT08.S1(CO) < 63000.0000) };8.38116e-01;9.36567e-01;9.19684e-01;Pipeline { filter(PT08.S3(NOx) > 9.8500) };8.38116e-01;9.36567e-01;9.19684e-01;Pipeline { filter(PT08.S3(NOx) > 9.8500) };8.38116e-01;9.36567e-01;9.19684e-01;Pipeline { filter(PT08.S5(O3) > 0.9270) | filter(C6H6(GT) < 2030.0000) }
datasets/airQuality_parallel.csv;nsga2;1;38;3800;3800;9.94780e+01;100;100;100;1.00000e+00;1.00000e+00;8.00000e-02;8.41970e-01;7.71784e-01;8.59642e-01;Pipeline { filter(PT08.S5(O3) < 8040000.0000) | filter(PT08.S3(NOx) > 387.0000) };7.07174e-01;1.00000e+00;8.99054e-01;Pipeline { filter(CO(GT) < 4370000000.0000) };8.38116e-01;9.36567e-01;9.19684e-01;Pipeline { filter(PT08.S5(O3) < 8860.0000) };8.38116e-01;9.36567e-01;9.19684e-01;Pipeline { filter(PT08.S5(O3) > 0.9700) | filter(C6H6(GT) < 86.4000) };8.38116e-01;9.36567e-01;9.19684e-01;Pipeline { filter(PT08.S5(O3) > 0.9700) | filter(C6H6(GT) < 86.4000) };8.38116e-01;9.36567e-01;9.19684e-01;Pipeline { filter(RH < 68900000.0000) }
datasets/airQuality_parallel.csv;nsga2;1;39;3900;3900;1.01938e+02;100;100;100;1.00000e+00;1.00000e+00;9.00000e-02;8.41970e-01;7.71784e-01;8.59642e-01;Pipeline { filter(PT08.S5(O3) < 8040000.0000) | filter(PT08.S3(NOx) > 387.0000) };7.07174e-01;1.00000e+00;8.99054e-01;Pipeline { filter(CO(GT) > 0.0003) };8.38116e-01;9.36567e-01;9.19684e-01;Pipeline { filter(PT08.S5(O3) > 0.0000) | filter(C6H6(GT) > 0.0003) };8.38116e-01;9.36567e-01;9.19684e-01;Pipeline { filter(PT08.S5(O3) > 0.0040) | filter(PT08.S1(CO) < 63000.0000) };8.38116e-01;9.36567e-01;9.19684e-01;Pipeline { filter(PT08.S5(O3) > 0.0030) | filter(AH > 0.0000) };8.38116e-01;9.36567e-01;9.19684e-01;Pipeline { filter(PT08.S5(O3) > 0.0000) | filter(PT08.S1(CO) < 63000.0000) }
datasets/airQuality_parallel.csv;nsga2;1;40;4000;4000;1.04283e+02;100;100;100;1.00000e+00;1.00000e+00;9.00000e-02;8.41970e-01;7.71784e-01;8.59642e-01;Pipeline { filter(PT08.S5(O3) < 8040000.0000) | filter(PT08.S3(NOx) > 387.0000) };7.11560e-01;1.00000e+00;8.78132e-01;Pipeline { filter(NOx(GT) < 145000000.0000) };8.38116e-01;9.36567e-01;9.19684e-01;Pipeline { filter(PT08.S5(O3) > 97.0000) | filter(C6H6(GT) < 86.7000) };8.38116e-01;9.36567e-01;9.19684e-01;Pipeline { filter(PT08.S5(O3) > 0.0000) | filter(AH < 7750000000.0000) };8.38116e-01;9.36567e-01;9.19684e-01;Pipeline { filter(PT08.S5(O3) > 0.0000) | filter(PT08.S5(O3) > 0.0000) };8.38116e-01;9.36567e-01;9.19684e-01;Pipeline { filter(PT08.S5(O3) > 0.0000) | filter(PT08.S1(CO) > 0.0000) }
datasets/airQuality_parallel.csv;nsga2;1;41;4100;4100;1.06550e+02;100;100;100;1.00000e+00;1.00000e+00;9.00000e-02;8.42726e-01;7.94297e-01;8.63421e-01;Pipeline { filter(PT08.S5(O3) < 2160.0000) };7.07174e-01;1.00000e+00;8.99054e-01;Pipeline { filter(CO(GT) > 0.0000) };8.38116e-01;9.36567e-01;9.19684e-01;Pipeline { filter(PT08.S5(O3) > 39.6000) | filter(PT08.S1(CO) < 13000.0000) };8.38116e-01;9.36567e-01;9.19684e-01;Pipeline { filter(C6H6(GT) > 0.0000) };8.38116e-01;9.36567e-01;9.19684e-01;Pipeline { filter(C6H6(GT) > 0.0000) };8.38116e-01;9.36567e-01;9.19684e-01;Pipeline { filter(RH > 0.0000) }
datasets/airQuality_parallel.csv;nsga2;1;42;4200;4200;1.08984e+02;100;100;100;1.00000e+00;1.00000e+00;1.00000e-01;8.42726e-01;7.94297e-01;8.63421e-01;Pipeline { filter(PT08.S5(O3) < 2160.0000) };7.11560e-01;1.00000e+00;8.78132e-01;Pipeline { filter(NOx(GT) < 145000000.0000) };8.38116e-01;9.36567e-01;9.19684e-01;Pipeline { filter(PT08.S5(O3) > 0.2940) | filter(RH > 0.0286) };8.38116e-01;9.36567e-01;9.19684e-01;Pipeline { filter(PT08.S5(O3) > 0.0000) | filter(AH < 7750000000.0000) };8.38116e-01;9.36567e-01;9.19684e-01;Pipeline { filter(PT08.S1(CO) > 0.0000) };8.38116e-01;9.36567e-01;9.19684e-01;Pipeline { filter(AH < 26.7000) }
datasets/airQuality_parallel.csv;nsga2;1;43;4300;4300;1.11412e+02;100;100;100;1.00000e+00;1.00000e+00;1.00000e-01;8.42726e-01;7.94297e-01;8.63421e-01;Pipeline { filter(PT08.S5(O3) < 2160.0000) };7.11560e-01;1.00000e+00;8.78132e-01;Pipeline { filter(NOx(GT) < 145000000.0000) };8.38116e-01;9.36567e-01;9.19684e-01;Pipeline { filter(PT08.S5(O3) > 0.0000) | filter(PT08.S1(CO) > 0.0000) };8.38116e-01;9.36567e-01;9.19684e-01;Pipeline { filter(PT08.S1(CO) < 932000000.0000) };8.38116e-01;9.36567e-01;9.19684e-01;Pipeline { filter(PT08.S2(NMHC) < 3080.0000) };8.38116e-01;9.36567e-01;9.19684e-01;Pipeline { filter(PT08.S5(O3) > 39.6000) | filter(PT08.S1(CO) < 13000.0000) }
datasets/airQuality_parallel.csv;nsga2;1;44;4400;4400;1.14052e+02;100;100;100;1.00000e+00;9.90000e-01;1.00000e-01;8.42726e-01;7.94297e-01;8.63421e-01;Pipeline { filter(PT08.S5(O3) < 2160.0000) };7.11560e-01;1.00000e+00;8.78132e-01;Pipeline { filter(NOx(GT) < 145000000.0000) };8.38116e-01;9.36567e-01;9.19684e-01;Pipeline { filter(T < 445000.0000) };8.38116e-01;9.36567e-01;9.19684e-01;Pipeline { filter(PT08.S2(NMHC) > 0.0000) };8.38116e-01;9.36567e-01;9.19684e-01;Pipeline { filter(PT08.S2(NMHC) > 6.9100) };8.38116e-01;9.36567e-01;9.19684e-01;Pipeline { filter(PT08.S3(NOx) < 6540.0000) }
datasets/airQuality_parallel.csv;nsga2;1;45;4500;4500;1.16398e+02;100;100;100;1.00000e+00;1.00000e+00;1.00000e-01;8.42726e-01;7.94297e-01;8.63421e-01;Pipeline { filter(PT08.S5(O3) < 2160.0000) };7.11560e-01;1.00000e+00;8.78132e-01;Pipeline { filter(NOx(GT) < 145000000.0000) };8.38116e-01;9.36567e-01;9.19684e-01;Pipeline { filter(PT08.S4(NO2) > 0.0000) };8.38116e-01;9.36567e-01;9.19684e-01;Pipeline { filter(C6H6(GT) > 0.0000) };8.38116e-01;9.36567e-01;9.19684e-01;Pipeline { filter(PT08.S1(CO) < 6260000.0000) };8.38116e-01;9.36567e-01;9.19684e-01;Pipeline { filter(PT08.S2(NMHC) > 39.1000) }
datasets/airQuality_parallel.csv;nsga2;1;46;4600;4600;1.18880e+02;100;100;100;1.00000e+00;1.00000e+00;1.00000e-01;8.42726e-01;7.94297e-01;8.63421e-01;Pipeline { filter(PT08.S5(O3) < 2160.0000) };7.07174e-01;1.00000e+00;8.99054e-01;Pipeline { filter(CO(GT) < 9490.0000) };8.38116e-01;9.36567e-01;9.19684e-01;Pipeline { filter(PT08.S2(NMHC) > 0.0000) | filter(C6H6(GT) < 77900000.0000) };8.38116e-01;9.36567e-01;9.19684e-01;Pipeline { filter(PT08.S5(O3) < 6970000000.0000) };8.38116e-01;9.36567e-01;9.19684e-01;Pipeline { filter(PT08.S4(NO2) < 81700000.0000) | filter(PT08.S3(NOx) > 0.0286) };8.38116e-01;9.36567e-01;9.19684e-01;Pipeline { filter(PT08.S3(NOx) > 0.7240) }
datasets/airQuality_parallel.csv;nsga2;1;47;4700;4700;1.21332e+02;100;100;100;1.00000e+00;1.00000e+00;1.00000e-01;8.42726e-01;7.94297e-01;8.63421e-01;Pipeline { filter(PT08.S5(O3) < 2160.0000) };7.07174e-01;1.00000e+00;8.99054e-01;Pipeline { filter(CO(GT) < 7160000.0000) };8.38116e-01;9.36567e-01;9.19684e-01;Pipeline { filter(PT08.S3(NOx) < 42200000.0000) };8.38116e-01;9.36567e-01;9.19684e-01;Pipeline { filter(PT08.S5(O3) > 0.3160) | filter(PT08.S1(CO) > 0.0000) };8.38116e-01;9.36567e-01;9.19684e-01;Pipeline { filter(PT08.S5(O3) > 0.0682) };8.38116e-01;9.36567e-01;9.19684e-01;Pipeline { filter(PT08.S5(O3) > 0.0000) }
datasets/airQuality_parallel.csv;nsga2;1;48;4800;4800;1.23650e+02;100;100;100;1.00000e+00;1.00000e+00;1.00000e-01;8.42726e-01;7.94297e-01;8.63421e-01;Pipeline { filter(PT08.S5(O3) < 2160.0000) };7.07174e-01;1.00000e+00;8.99054e-01;Pipeline { filter(CO(GT) < 9490.0000) };8.38116e-01;9.36567e-01;9.19684e-01;Pipeline { filter(AH > 0.0000) | filter(PT08.S1(CO) > 0.0000) };8.38116e-01;9.36567e-01;9.19684e-01;Pipeline { filter(PT08.S1(CO) > 0.0000) };8.38116e-01;9.36567e-01;9.19684e-01;Pipeline { filter(AH < 82.3000) | filter(PT08.S3(NOx) < 2710000000.0000) };8.38116e-01;9.36567e-01;9.19684e-01;Pipeline { filter(RH < 836000000.0000) }
datasets/airQuality_parallel.csv;nsga2;1;49;4900;4900;1.26101e+02;100;100;100;1.00000e+00;1.00000e+00;1.00000e-01;8.42726e-01;7.94297e-01;8.63421e-01;Pipeline { filter(PT08.S5(O3) < 2160.0000) };7.11560e-01;1.00000e+00;8.78132e-01;Pipeline { filter(NOx(GT) < 93400.0000) };8.38116e-01;9.36567e-01;9.19684e-01;Pipeline { filter(AH < 926.0000) };8.38116e-01;9.36567e-01;9.19684e-01;Pipeline { filter(PT08.S1(CO) > 0.0000) };8.38116e-01;9.36567e-01;9.19684e-01;Pipeline { filter(PT08.S4(NO2) < 81700000.0000) | filter(RH > 0.0286) };8.38116e-01;9.36567e-01;9.19684e-01;Pipeline { filter(PT08.S2(NMHC) < 67100000.0000) }
datasets/airQuality_parallel.csv;nsga2;1;50;5000;5000;1.28477e+02;100;100;100;1.00000e+00;1.00000e+00;1.00000e-01;8.42726e-01;7.94297e-01;8.63421e-01;Pipeline { filter(PT08.S5(O3) < 2160.0000) };7.07174e-01;1.00000e+00;8.99054e-01;Pipeline { filter(CO(GT) > 0.0005) };8.38116e-01;9.36567e-01;9.19684e-01;Pipeline { filter(PT08.S5(O3) > 0.0000) | filter(PT08.S1(CO) > 0.0000) };8.38116e-01;9.36567e-01;9.19684e-01;Pipeline { filter(AH > 0.0000) };8.38116e-01;9.36567e-01;9.19684e-01;Pipeline { filter(PT08.S2(NMHC) > 0.0004) };8.38116e-01;9.36567e-01;9.19684e-01;Pipeline { filter(PT08.S2(NMHC) > 24.9000) }
datasets/airQuality_parallel.csv;nsga2;2;1;100;100;1.87500e+00;100;4;83;1.00000e+00;1.00000e+00;1.40000e-01;8.38116e-01;9.36567e-01;9.19684e-01;Pipeline { filter(RH > 0.0000) };6.86543e-01;9.36567e-01;8.45646e-01;Pipeline { filter(AH > 0.0077) | filter(NOx(GT) < 40700000.0000) | filter(T < 37100000.0000) | filter(NOx(GT) < 96000.0000) | filter(PT08.S2(NMHC) > 0.0000) };8.38116e-01;9.36567e-01;9.19684e-01;Pipeline { filter(RH > 0.0000) };0.00000e+00;0.00000e+00;0.00000e+00;Pipeline { filter(RH < 0.0084) | filter(PT08.S2(NMHC) > 0.0000) | filter(NO2(GT) < 79100000.0000) | filter(RH > 38.3000) | filter(RH > 241.0000) | filter(NMHC(GT) > 83300.0000) | filter(NMHC(GT) < 0.9710) };0.00000e+00;0.00000e+00;0.00000e+00;Pipeline { filter(NOx(GT) > 0.0000) | filter(PT08.S1(CO) > 0.0000) | filter(NO2(GT) > 5410000000.0000) };0.00000e+00;0.00000e+00;0.00000e+00;Pipeline { filter(RH < 0.0084) | filter(PT08.S2(NMHC) > 0.0000) | filter(NO2(GT) < 79100000.0000) | filter(RH > 38.3000) | filter(RH > 241.0000) | filter(NMHC(GT) > 83300.0000) | filter(NMHC(GT) < 0.9710) }
datasets/airQuality_parallel.csv;nsga2;2;2;200;200;4.25600e+00;100;14;56;1.00000e+00;1.00000e+00;2.40000e-01;8.38116e-01;9.36567e-01;9.19684e-01;Pipeline { filter(T < 319000000.0000) };7.07174e-01;1.00000e+00;8.99054e-01;Pipeline { filter(CO(GT) < 2520.0000) };8.38116e-01;9.36567e-01;9.19684e-01;Pipeline { filter(T < 319000000.0000) };6.00855e-01;0.00000e+00;4.28647e-01;Pipeline { filter(PT08.S4(NO2) < 7340.0000) | filter(PT08.S2(NMHC) < 9380000000.0000) | filter(T < 919.0000) | filter(PT08.S5(O3) < 446000.0000) | filter(PT08.S3(NOx) < 9650.0000) | filter(NO2(GT) < 123000.0000) | filter(CO(GT) < 4.2200) | filter(PT08.S3(NOx) > 0.0000) | filter(CO(GT) < 953.0000) };6.85699e-01;3.86555e-01;6.24248e-01;Pipeline { filter(NOx(GT) < 631.0000) };6.00855e-01;0.00000e+00;4.28647e-01;Pipeline { filter(PT08.S4(NO2) < 7340.0000) | filter(PT08.S2(NMHC) < 9380000000.0000) | filter(T < 919.0000) | filter(PT08.S5(O3) < 446000.0000) | filter(PT08.S3(NOx) < 9650.0000) | filter(NO2(GT) < 123000.0000) | filter(CO(GT) < 4.2200) | filter(PT08.S3(NOx) > 0.0000) | filter(CO(GT) < 953.0000) }
datasets/airQuality_parallel.csv;nsga2;2;3;300;300;6.79700e+00;100;39;4;1.00000e+00;1.00000e+00;3.40000e-01;8.38116e-01;9.36567e-01;9.19684e-01;Pipeline { filter(RH > 0.0073) };7.11284e-01;1.00000e+00;8.78028e-01;Pipeline { filter(NO2(GT) < 170000.0000) };8.38116e-01;9.36567e-01;9.19684e-01;Pipeline { filter(RH > 0.0073) };8.38116e-01;9.36567e-01;9.19684e-01;Pipeline { filter(PT08.S3(NOx) < 85900000.0000) };8.38116e-01;9.36567e-01;9.19684e-01;Pipeline { filter(PT08.S3(NOx) < 87000000.0000) };8.38116e-01;9.36567e-01;9.19684e-01;Pipeline { filter(PT08.S3(NOx) < 85900000.0000) }
datasets/airQuality_parallel.csv;nsga2;2;4;400;400;9.67400e+00;100;89;2;1.00000e+00;1.00000e+00;7.00000e-02;8.38116e-01;9.36567e-01;9.19684e-01;Pipeline { filter(PT08.S3(NOx) < 87000000.0000) };6.34245e-01;1.00000e+00;8.31393e-01;Pipeline { filter(NO2(GT) > 55.5000) };8.38116e-01;9.36567e-01;9.19684e-01;Pipeline { filter(PT08.S3(NOx) < 87000000.0000) };8.38116e-01;9.36567e-01;9.19684e-01;Pipeline { filter(PT08.S4(NO2) < 7250.0000) };8.38116e-01;9.36567e-01;9.19684e-01;Pipeline { filter(PT08.S3(NOx) < 8700000000.0000) };8.38116e-01;9.36567e-01;9.19684e-01;Pipeline { filter(PT08.S4(NO2) < 7250.0000) }
datasets/airQuality_parallel.csv;nsga2;2;5;500;500;1.20020e+01;100;100;100;1.00000e+00;1.00000e+00;3.00000e-02;8.38116e-01;9.36567e-01;9.19684e-01;Pipeline { filter(PT08.S3(NOx) < 47900000.0000) };7.11560e-01;1.00000e+00;8.78132e-01;Pipeline { filter(NOx(GT) > 0.0009) };8.38116e-01;9.36567e-01;9.19684e-01;Pipeline { filter(PT08.S3(NOx) < 47900000.0000) };8.38116e-01;9.36567e-01;9.19684e-01;Pipeline { filter(PT08.S2(NMHC) > 0.0060) };8.38116e-01;9.36567e-01;9.19684e-01;Pipeline { filter(RH > 0.0006) };8.38116e-01;9.36567e-01;9.19684e-01;Pipeline { filter(PT08.S2(NMHC) > 0.0060) }
datasets/airQuality_parallel.csv;nsga2;2;6;600;600;1.44530e+01;100;100;100;1.00000e+00;1.00000e+00;3.00000e-02;8.38116e-01;9.36567e-01;9.19684e-01;Pipeline { filter(RH > 0.0000) };7.11560e-01;1.00000e+00;8.78132e-01;Pipeline { filter(NOx(GT) > 0.0000) };8.38116e-01;9.36567e-01;9.19684e-01;Pipeline { filter(RH > 0.0000) };8.38116e-01;9.36567e-01;9.19684e-01;Pipeline { filter(PT08.S2(NMHC) < 15000000.0000) };8.38116e-01;9.36567e-01;9.19684e-01;Pipeline { filter(C6H6(GT) > 0.0000) };8.38116e-01;9.36567e-01;9.19684e-01;Pipeline { filter(PT08.S2(NMHC) < 15000000.0000) }
datasets/airQuality_parallel.csv;nsga2;2;7;700;700;1.66410e+01;100;100;100;1.00000e+00;1.00000e+00;3.00000e-02;8.38116e-01;9.36567e-01;9.19684e-01;Pipeline { filter(AH < 9.5300) };7.11560e-01;1.00000e+00;8.78132e-01;Pipeline { filter(NOx(GT) > 0.0009) };8.38116e-01;9.36567e-01;9.19684e-01;Pipeline { filter(AH < 9.5300) };8.38116e-01;9.36567e-01;9.19684e-01;Pipeline { filter(C6H6(GT) > 0.0000) };8.38116e-01;9.36567e-01;9.19684e-01;Pipeline { filter(PT08.S2(NMHC) < 312000000.0000) };8.38116e-01;9.36567e-01;9.19684e-01;Pipeline { filter(C6H6(GT) > 0.0000) }
datasets/airQuality_parallel.csv;nsga2;2;8;800;800;1.89990e+01;100;100;100;1.00000e+00;9.90000e-01;4.00000e-02;8.38664e-01;7.03786e-01;8.13887e-01;Pipeline { filter(PT08.S3(NOx) > 411.0000) };7.07174e-01;1.00000e+00;8.99054e-01;Pipeline { filter(CO(GT) > 0.0000) };8.38116e-01;9.36567e-01;9.19684e-01;Pipeline { filter(AH < 2620000000.0000) };8.38116e-01;9.36567e-01;9.19684e-01;Pipeline { filter(PT08.S2(NMHC) > 4.3600) };8.38116e-01;9.36567e-01;9.19684e-01;Pipeline { filter(PT08.S2(NMHC) < 5400000.0000) };8.38116e-01;9.36567e-01;9.19684e-01;Pipeline { filter(T < 14700000.0000) }
datasets/airQuality_parallel.csv;nsga2;2;9;900;900;2.14230e+01;100;100;100;1.00000e+00;1.00000e+00;4.00000e-02;8.38664e-01;7.03786e-01;8.13887e-01;Pipeline { filter(PT08.S3(NOx) > 411.0000) };7.07174e-01;1.00000e+00;8.99054e-01;Pipeline { filter(CO(GT) < 2220.0000) };8.38116e-01;9.36567e-01;9.19684e-01;Pipeline { filter(PT08.S3(NOx) > 4.3600) };8.38116e-01;9.36567e-01;9.19684e-01;Pipeline { filter(RH > 0.0007) };8.38116e-01;9.36567e-01;9.19684e-01;Pipeline { filter(PT08.S2(NMHC) < 5300000.0000) };8.38116e-01;9.36567e-01;9.19684e-01;Pipeline { filter(PT08.S5(O3) > 0.0008) }
datasets/airQuality_parallel.csv;nsga2;2;10;1000;1000;2.37330e+01;100;100;100;1.00000e+00;1.00000e+00;4.00000e-02;8.38664e-01;7.03786e-01;8.13887e-01;Pipeline { filter(PT08.S3(NOx) > 411.0000) };7.07174e-01;1.00000e+00;8.99054e-01;Pipeline { filter(CO(GT) > 0.0000) };8.38116e-01;9.36567e-01;9.19684e-01;Pipeline { filter(PT08.S3(NOx) > 0.0000) };8.38116e-01;9.36567e-01;9.19684e-01;Pipeline { filter(T < 2630.0000) };8.38116e-01;9.36567e-01;9.19684e-01;Pipeline { filter(PT08.S2(NMHC) < 85100.0000) };8.38116e-01;9.36567e-01;9.19684e-01;Pipeline { filter(PT08.S5(O3) < 2630.0000) }
datasets/airQuality_parallel.csv;nsga2;2;11;1100;1100;2.60320e+01;100;100;100;1.00000e+00;9.80000e-01;4.00000e-02;8.38664e-01;7.03786e-01;8.13887e-01;Pipeline { filter(PT08.S3(NOx) > 411.0000) };7.11560e-01;1.00000e+00;8.78132e-01;Pipeline { filter(NOx(GT) > 0.0009) };8.38116e-01;9.36567e-01;9.19684e-01;Pipeline { filter(RH > 0.0000) };8.38116e-01;9.36567e-01;9.19684e-01;Pipeline { filter(AH < 9.7300) };8.38116e-01;9.36567e-01;9.19684e-01;Pipeline { filter(PT08.S4(NO2) < 6110000.0000) };8.38116e-01;9.36567e-01;9.19684e-01;Pipeline { filter(RH > 0.0000) }
datasets/airQuality_parallel.csv;nsga2;2;12;1200;1200;2.83700e+01;100;100;100;1.00000e+00;9.90000e-01;5.00000e-02;8.38664e-01;7.03786e-01;8.13887e-01;Pipeline { filter(PT08.S3(NOx) > 411.0000) };7.07174e-01;1.00000e+00;8.99054e-01;Pipeline { filter(CO(GT) > 0.0350) };8.38116e-01;9.36567e-01;9.19684e-01;Pipeline { filter(T < 98500.0000) };8.38116e-01;9.36567e-01;9.19684e-01;Pipeline { filter(PT08.S1(CO) < 6110000.0000) };8.38116e-01;9.36567e-01;9.19684e-01;Pipeline { filter(PT08.S3(NOx) > 5.0600) };8.38116e-01;9.36567e-01;9.19684e-01;Pipeline { filter(PT08.S5(O3) > 0.0005) }
datasets/airQuality_parallel.csv;nsga2;2;13;1300;1300;3.09180e+01;100;100;100;1.00000e+00;9.90000e-01;5.00000e-02;8.38664e-01;7.03786e-01;8.13887e-01;Pipeline { filter(PT08.S3(NOx) > 411.0000) };7.11560e-01;1.00000e+00;8.78132e-01;Pipeline { filter(NOx(GT) > 0.0009) };8.38116e-01;9.36567e-01;9.19684e-01;Pipeline { filter(AH < 57.4000) };8.38116e-01;9.36567e-01;9.19684e-01;Pipeline { filter(PT08.S2(NMHC) > 0.2300) };8.38116e-01;9.36567e-01;9.19684e-01;Pipeline { filter(PT08.S5(O3) > 0.2300) };8.38116e-01;9.36567e-01;9.19684e-01;Pipeline { filter(AH < 5840000.0000) }
datasets/airQuality_parallel.csv;nsga2;2;14;1400;1400;3.34510e+01;100;100;100;1.00000e+00;1.00000e+00;5.00000e-02;8.38664e-01;7.03786e-01;8.13887e-01;Pipeline { filter(PT08.S3(NOx) > 411.0000) };7.07174e-01;1.00000e+00;8.99054e-01;Pipeline { filter(CO(GT) > 0.0000) };8.38116e-01;9.36567e-01;9.19684e-01;Pipeline { filter(PT08.S4(NO2) > 5.4800) };8.38116e-01;9.36567e-01;9.19684e-01;Pipeline { filter(PT08.S2(NMHC) > 0.0000) };8.38116e-01;9.36567e-01;9.19684e-01;Pipeline { filter(PT08.S1(CO) > 0.0085) };8.38116e-01;9.36567e-01;9.19684e-01;Pipeline { filter(AH < 8840000.0000) }
datasets/airQuality_parallel.csv;nsga2;2;15;1500;1500;3.59790e+01;100;100;100;1.00000e+00;1.00000e+00;5.00000e-02;8.38664e-01;7.03786e-01;8.13887e-01;Pipeline { filter(PT08.S3(NOx) > 411.0000) };7.11560e-01;1.00000e+00;8.78132e-01;Pipeline { filter(NOx(GT) > 0.0009) };8.38116e-01;9.36567e-01;9.19684e-01;Pipeline { filter(PT08.S5(O3) < 378000.0000) };8.38116e-01;9.36567e-01;9.19684e-01;Pipeline { filter(PT08.S2(NMHC) > 0.0003) };8.38116e-01;9.36567e-01;9.19684e-01;Pipeline { filter(PT08.S3(NOx) > 0.0000) };8.38116e-01;9.36567e-01;9.19684e-01;Pipeline { filter(RH > 0.0000) }
datasets/airQuality_parallel.csv;nsga2;2;16;1600;1600;3.83600e+01;100;100;100;1.00000e+00;1.00000e+00;5.00000e-02;8.38664e-01;7.03786e-01;8.13887e-01;Pipeline { filter(PT08.S3(NOx) > 411.0000) };7.07174e-01;1.00000e+00;8.99054e-01;Pipeline { filter(CO(GT) > 0.0001) };8.38116e-01;9.36567e-01;9.19684e-01;Pipeline { filter(PT08.S3(NOx) < 70900000.0000) };8.38116e-01;9.36567e-01;9.19684e-01;Pipeline { filter(PT08.S1(CO) > 0.0000) };8.38116e-01;9.36567e-01;9.19684e-01;Pipeline { filter(PT08.S2(NMHC) > 0.0000) };8.38116e-01;9.36567e-01;9.19684e-01;Pipeline { filter(PT08.S2(NMHC) < 423000000.0000) }
datasets/airQuality_parallel.csv;nsga2;2;17;1700;1700;4.06760e+01;100;100;100;1.00000e+00;1.00000e+00;5.00000e-02;8.38664e-01;7.03786e-01;8.13887e-01;Pipeline { filter(PT08.S3(NOx) > 411.0000) };7.11560e-01;1.00000e+00;8.78132e-01;Pipeline { filter(NOx(GT) > 0.0009) };8.38116e-01;9.36567e-01;9.19684e-01;Pipeline { filter(PT08.S1(CO) > 0.0000) };8.38116e-01;9.36567e-01;9.19684e-01;Pipeline { filter(AH > 0.0019) };8.38116e-01;9.36567e-01;9.19684e-01;Pipeline { filter(PT08.S2(NMHC) > 5.2000) };8.38116e-01;9.36567e-01;9.19684e-01;Pipeline { filter(PT08.S4(NO2) < 54900.0000) }
datasets/airQuality_parallel.csv;nsga2;2;18;1800;1800;4.30930e+01;100;100;100;1.00000e+00;9.90000e-01;5.00000e-02;8.38664e-01;7.03786e-01;8.13887e-01;Pipeline { filter(PT08.S3(NOx) > 411.0000) };7.07174e-01;1.00000e+00;8.99054e-01;Pipeline { filter(CO(GT) < 643000.0000) };8.38116e-01;9.36567e-01;9.19684e-01;Pipeline { filter(PT08.S2(NMHC) > 0.0001) };8.38116e-01;9.36567e-01;9.19684e-01;Pipeline { filter(AH < 93400.0000) };8.38116e-01;9.36567e-01;9.19684e-01;Pipeline { filter(PT08.S4(NO2) > 0.0092) };8.38116e-01;9.36567e-01;9.19684e-01;Pipeline { filter(RH < 3260.0000) }
datasets/airQuality_parallel.csv;nsga2;2;19;1900;1900;4.55460e+01;100;100;100;1.00000e+00;1.00000e+00;5.00000e-02;8.39771e-01;9.07721e-01;9.15426e-01;Pipeline { filter(PT08.S2(NMHC) < 1950.0000) };7.07174e-01;1.00000e+00;8.99054e-01;Pipeline { filter(CO(GT) > 0.0000) };8.38116e-01;9.36567e-01;9.19684e-01;Pipeline { filter(RH > 9.0200) };8.38116e-01;9.36567e-01;9.19684e-01;Pipeline { filter(RH > 0.0000) };8.38116e-01;9.36567e-01;9.19684e-01;Pipeline { filter(AH < 14200.0000) };8.38116e-01;9.36567e-01;9.19684e-01;Pipeline { filter(PT08.S2(NMHC) > 2.2500) }
datasets/airQuality_parallel.csv;nsga2;2;20;2000;2000;4.78020e+01;100;100;100;1.00000e+00;1.00000e+00;5.00000e-02;8.39771e-01;9.07721e-01;9.15426e-01;Pipeline { filter(PT08.S2(NMHC) < 1950.0000) };7.11560e-01;1.00000e+00;8.78132e-01;Pipeline { filter(NOx(GT) > 0.4030) };8.38116e-01;9.36567e-01;9.19684e-01;Pipeline { filter(PT08.S2(NMHC) > 0.0000) };8.38116e-01;9.36567e-01;9.19684e-01;Pipeline { filter(AH < 1240000000.0000) };8.38116e-01;9.36567e-01;9.19684e-01;Pipeline { filter(C6H6(GT) > 0.0000) };8.38116e-01;9.36567e-01;9.19684e-01;Pipeline { filter(PT08.S5(O3) > 0.0045) }
datasets/airQuality_parallel.csv;nsga2;2;21;2100;2100;5.00960e+01;100;100;100;1.00000e+00;9.90000e-01;5.00000e-02;8.39771e-01;9.07721e-01;9.15426e-01;Pipeline { filter(PT08.S2(NMHC) < 1950.0000) };7.11560e-01;1.00000e+00;8.78132e-01;Pipeline { filter(NOx(GT) > 0.0000) };8.38116e-01;9.36567e-01;9.19684e-01;Pipeline { filter(AH < 143000000.0000) };8.38116e-01;9.36567e-01;9.19684e-01;Pipeline { filter(RH > 0.0008) };8.38116e-01;9.36567e-01;9.19684e-01;Pipeline { filter(C6H6(GT) < 81.0000) };8.38116e-01;9.36567e-01;9.19684e-01;Pipeline { filter(PT08.S3(NOx) < 32300000.0000) }
datasets/airQuality_parallel.csv;nsga2;2;22;2200;2200;5.24900e+01;100;100;100;1.00000e+00;1.00000e+00;7.00000e-02;8.41752e-01;8.58252e-01;8.89569e-01;Pipeline { filter(C6H6(GT) < 42.0000) };7.11560e-01;1.00000e+00;8.78132e-01;Pipeline { filter(NOx(GT) < 7340.0000) };8.37277e-01;9.34823e-01;9.23706e-01;Pipeline { filter(RH < 86.0000) };8.38116e-01;9.36567e-01;9.19684e-01;Pipeline { filter(C6H6(GT) < 884000000.0000) };8.38116e-01;9.36567e-01;9.19684e-01;Pipeline { filter(C6H6(GT) > 0.0044) };8.38116e-01;9.36567e-01;9.19684e-01;Pipeline { filter(PT08.S1(CO) > 0.1000) }
datasets/airQuality_parallel.csv;nsga2;2;23;2300;2300;5.49240e+01;100;100;100;1.00000e+00;1.00000e+00;8.00000e-02;8.41782e-01;8.53229e-01;8.95998e-01;Pipeline { filter(PT08.S5(O3) < 2230.0000) };7.11560e-01;1.00000e+00;8.78132e-01;Pipeline { filter(NOx(GT) < 744000.0000) };8.37277e-01;9.34823e-01;9.23706e-01;Pipeline { filter(RH < 86.0000) };8.38116e-01;9.36567e-01;9.19684e-01;Pipeline { filter(C6H6(GT) > 0.0069) };8.38116e-01;9.36567e-01;9.19684e-01;Pipeline { filter(PT08.S4(NO2) > 373.0000) };8.38116e-01;9.36567e-01;9.19684e-01;Pipeline { filter(RH < 9200.0000) }
datasets/airQuality_parallel.csv;nsga2;2;24;2400;2400;5.72310e+01;100;100;100;1.00000e+00;1.00000e+00;8.00000e-02;8.41782e-01;8.53229e-01;8.95998e-01;Pipeline { filter(PT08.S5(O3) < 2230.0000) };7.07174e-01;1.00000e+00;8.99054e-01;Pipeline { filter(CO(GT) > 0.0000) };8.37277e-01;9.34823e-01;9.23706e-01;Pipeline { filter(RH < 86.0000) };8.38116e-01;9.36567e-01;9.19684e-01;Pipeline { filter(AH < 4.0300) };8.38116e-01;9.36567e-01;9.19684e-01;Pipeline { filter(RH < 86000.0000) };8.38116e-01;9.36567e-01;9.19684e-01;Pipeline { filter(PT08.S5(O3) > 9.1000) }
datasets/airQuality_parallel.csv;nsga2;2;25;2500;2500;5.96250e+01;100;100;100;1.00000e+00;1.00000e+00;8.00000e-02;8.41782e-01;8.53229e-01;8.95998e-01;Pipeline { filter(PT08.S5(O3) < 2230.0000) };7.11560e-01;1.00000e+00;8.78132e-01;Pipeline { filter(NOx(GT) < 36200000.0000) };8.37277e-01;9.34823e-01;9.23706e-01;Pipeline { filter(RH < 86.0000) };8.38116e-01;9.36567e-01;9.19684e-01;Pipeline { filter(AH > 0.0000) };8.38116e-01;9.36567e-01;9.19684e-01;Pipeline { filter(PT08.S2(NMHC) > 0.0430) };8.38116e-01;9.36567e-01;9.19684e-01;Pipeline { filter(PT08.S4(NO2) > 64.3000) }
datasets/airQuality_parallel.csv;nsga2;2;26;2600;2600;6.18980e+01;100;100;100;1.00000e+00;1.00000e+00;9.00000e-02;8.41782e-01;8.53229e-01;8.95998e-01;Pipeline { filter(PT08.S5(O3) < 2230.0000) };7.11560e-01;1.00000e+00;8.78132e-01;Pipeline { filter(NOx(GT) < 7440000.0000) };8.37277e-01;9.34823e-01;9.23706e-01;Pipeline { filter(RH < 86.0000) };8.38116e-01;9.36567e-01;9.19684e-01;Pipeline { filter(PT08.S3(NOx) < 9500.0000) };8.38116e-01;9.36567e-01;9.19684e-01;Pipeline { filter(PT08.S1(CO) > 0.0000) };8.38116e-01;9.36567e-01;9.19684e-01;Pipeline { filter(AH > 0.0001) }
datasets/airQuality_parallel.csv;nsga2;2;27;2700;2700;6.43240e+01;100;100;100;1.00000e+00;1.00000e+00;9.00000e-02;8.41782e-01;8.53229e-01;8.95998e-01;Pipeline { filter(PT08.S5(O3) < 2230.0000) };7.11560e-01;1.00000e+00;8.78132e-01;Pipeline { filter(NOx(GT) > 0.0000) };8.37277e-01;9.34823e-01;9.23706e-01;Pipeline { filter(RH < 86.0000) };8.38116e-01;9.36567e-01;9.19684e-01;Pipeline { filter(AH < 94500000.0000) };8.38116e-01;9.36567e-01;9.19684e-01;Pipeline { filter(PT08.S1(CO) > 0.6150) };8.38116e-01;9.36567e-01;9.19684e-01;Pipeline { filter(PT08.S1(CO) > 0.0000) }
datasets/airQuality_parallel.csv;nsga2;2;28;2800;2800;6.66780e+01;100;100;100;1.00000e+00;1.00000e+00;9.00000e-02;8.41782e-01;8.53229e-01;8.95998e-01;Pipeline { filter(PT08.S5(O3) < 2230.0000) };7.07174e-01;1.00000e+00;8.99054e-01;Pipeline { filter(CO(GT) < 61900000.0000) };8.37277e-01;9.34823e-01;9.23706e-01;Pipeline { filter(RH < 86.0000) };8.38116e-01;9.36567e-01;9.19684e-01;Pipeline { filter(PT08.S2(NMHC) > 0.6150) };8.38116e-01;9.36567e-01;9.19684e-01;Pipeline { filter(AH > 0.0049) };8.38116e-01;9.36567e-01;9.19684e-01;Pipeline { filter(AH > 0.0000) }
datasets/airQuality_parallel.csv;nsga2;2;29;2900;2900;6.89260e+01;100;100;100;1.00000e+00;1.00000e+00;1.10000e-01;8.41782e-01;8.53229e-01;8.95998e-01;Pipeline { filter(PT08.S5(O3) < 2230.0000) };7.07174e-01;1.00000e+00;8.99054e-01;Pipeline { filter(CO(GT) > 0.0000) };8.37277e-01;9.34823e-01;9.23706e-01;Pipeline { filter(RH < 86.0000) };8.38116e-01;9.36567e-01;9.19684e-01;Pipeline { filter(RH > 0.0137) };8.38116e-01;9.36567e-01;9.19684e-01;Pipeline { filter(RH > 0.0137) };8.38116e-01;9.36567e-01;9.19684e-01;Pipeline { filter(AH < 317000.0000) }
datasets/airQuality_parallel.csv;nsga2;2;30;3000;3000;7.15560e+01;100;100;100;1.00000e+00;1.00000e+00;1.10000e-01;8.41782e-01;8.53229e-01;8.95998e-01;Pipeline { filter(PT08.S5(O3) < 2230.0000) };7.07174e-01;1.00000e+00;8.99054e-01;Pipeline { filter(CO(GT) < 6190.0000) };8.37370e-01;9.34823e-01;9.23719e-01;Pipeline { filter(RH < 86.3000) };8.38116e-01;9.36567e-01;9.19684e-01;Pipeline { filter(PT08.S3(NOx) < 45600000.0000) };8.38116e-01;9.36567e-01;9.19684e-01;Pipeline { filter(PT08.S3(NOx) < 45600000.0000) };8.38116e-01;9.36567e-01;9.19684e-01;Pipeline { filter(PT08.S5(O3) > 3.6700) }
datasets/airQuality_parallel.csv;nsga2;2;31;3100;3100;7.37130e+01;100;100;100;1.00000e+00;1.00000e+00;1.10000e-01;8.41782e-01;8.53229e-01;8.95998e-01;Pipeline { filter(PT08.S5(O3) < 2230.0000) };7.07174e-01;1.00000e+00;8.99054e-01;Pipeline { filter(CO(GT) > 0.0000) };8.37370e-01;9.34823e-01;9.23719e-01;Pipeline { filter(RH < 86.3000) };8.38116e-01;9.36567e-01;9.19684e-01;Pipeline { filter(PT08.S4(NO2) > 0.0001) };8.38116e-01;9.36567e-01;9.19684e-01;Pipeline { filter(PT08.S4(NO2) > 0.0001) };8.38116e-01;9.36567e-01;9.19684e-01;Pipeline { filter(PT08.S4(NO2) > 0.0809) }
datasets/airQuality_parallel.csv;nsga2;2;32;3200;3200;7.60570e+01;100;100;100;1.00000e+00;1.00000e+00;1.20000e-01;8.41782e-01;8.53229e-01;8.95998e-01;Pipeline { filter(PT08.S5(O3) < 2230.0000) };7.11560e-01;1.00000e+00;8.78132e-01;Pipeline { filter(NOx(GT) > 0.0000) };8.37370e-01;9.34823e-01;9.23719e-01;Pipeline { filter(RH < 86.3000) };8.38116e-01;9.36567e-01;9.19684e-01;Pipeline { filter(PT08.S2(NMHC) > 0.6250) };8.38116e-01;9.36567e-01;9.19684e-01;Pipeline { filter(PT08.S3(NOx) > 0.0000) };8.38116e-01;9.36567e-01;9.19684e-01;Pipeline { filter(PT08.S5(O3) < 4310.0000) }
datasets/airQuality_parallel.csv;nsga2;2;33;3300;3300;7.84740e+01;100;100;100;1.00000e+00;1.00000e+00;1.30000e-01;8.41782e-01;8.53229e-01;8.95998e-01;Pipeline { filter(PT08.S5(O3) < 2230.0000) };7.11560e-01;1.00000e+00;8.78132e-01;Pipeline { filter(NOx(GT) > 0.0000) };8.37370e-01;9.34823e-01;9.23719e-01;Pipeline { filter(RH < 86.3000) };8.38116e-01;9.36567e-01;9.19684e-01;Pipeline { filter(PT08.S4(NO2) > 0.2660) };8.38116e-01;9.36567e-01;9.19684e-01;Pipeline { filter(RH > 0.0530) };8.38116e-01;9.36567e-01;9.19684e-01;Pipeline { filter(RH > 0.0001) }
datasets/airQuality_parallel.csv;nsga2;2;34;3400;3400;8.11550e+01;100;100;100;1.00000e+00;1.00000e+00;1.30000e-01;8.41782e-01;8.53229e-01;8.95998e-01;Pipeline { filter(PT08.S5(O3) < 2230.0000) };7.11560e-01;1.00000e+00;8.78132e-01;Pipeline { filter(NOx(GT) > 0.7500) };8.37370e-01;9.34823e-01;9.23719e-01;Pipeline { filter(RH < 86.3000) };8.38116e-01;9.36567e-01;9.19684e-01;Pipeline { filter(C6H6(GT) > 0.0000) };8.38116e-01;9.36567e-01;9.19684e-01;Pipeline { filter(PT08.S3(NOx) > 0.0084) };8.38116e-01;9.36567e-01;9.19684e-01;Pipeline { filter(RH > 0.0730) }
datasets/airQuality_parallel.csv;nsga2;2;35;3500;3500;8.36380e+01;100;100;100;1.00000e+00;1.00000e+00;1.30000e-01;8.41782e-01;8.53229e-01;8.95998e-01;Pipeline { filter(PT08.S5(O3) < 2230.0000) };7.11560e-01;1.00000e+00;8.78132e-01;Pipeline { filter(NOx(GT) > 0.0000) };8.37370e-01;9.34823e-01;9.23719e-01;Pipeline { filter(RH < 86.3000) };8.38116e-01;9.36567e-01;9.19684e-01;Pipeline { filter(PT08.S2(NMHC) > 0.0001) };7.07174e-01;1.00000e+00;8.99054e-01;Pipeline { filter(CO(GT) > 0.0000) };8.38116e-01;9.36567e-01;9.19684e-01;Pipeline { filter(PT08.S5(O3) > 0.1300) }
datasets/airQuality_parallel.csv;nsga2;2;36;3600;3600;8.59090e+01;100;100;100;1.00000e+00;1.00000e+00;1.30000e-01;8.41782e-01;8.53229e-01;8.95998e-01;Pipeline { filter(PT08.S5(O3) < 2230.0000) };7.11560e-01;1.00000e+00;8.78132e-01;Pipeline { filter(NOx(GT) > 0.0010) };8.37370e-01;9.34823e-01;9.23719e-01;Pipeline { filter(RH < 86.3000) };8.38116e-01;9.36567e-01;9.19684e-01;Pipeline { filter(PT08.S4(NO2) > 0.2860) };8.38116e-01;9.36567e-01;9.19684e-01;Pipeline { filter(PT08.S2(NMHC) > 0.0001) };8.38116e-01;9.36567e-01;9.19684e-01;Pipeline { filter(PT08.S1(CO) > 0.0000) }
datasets/airQuality_parallel.csv;nsga2;2;37;3700;3700;8.80990e+01;100;100;100;1.00000e+00;1.00000e+00;1.30000e-01;8.41782e-01;8.53229e-01;8.95998e-01;Pipeline { filter(PT08.S5(O3) < 2230.0000) };7.11560e-01;1.00000e+00;8.78132e-01;Pipeline { filter(NOx(GT) > 0.0000) };8.37370e-01;9.34823e-01;9.23719e-01;Pipeline { filter(RH < 86.3000) };8.38116e-01;9.36567e-01;9.19684e-01;Pipeline { filter(PT08.S1(CO) > 0.0000) };8.38116e-01;9.36567e-01;9.19684e-01;Pipeline { filter(PT08.S2(NMHC) < 6590.0000) };8.38116e-01;9.36567e-01;9.19684e-01;Pipeline { filter(RH < 96.5000) }
datasets/airQuality_parallel.csv;nsga2;2;38;3800;3800;9.02720e+01;100;100;100;1.00000e+00;9.90000e-01;1.30000e-01;8.41782e-01;8.53229e-01;8.95998e-01;Pipeline { filter(PT08.S5(O3) < 2230.0000) };7.07174e-01;1.00000e+00;8.99054e-01;Pipeline { filter(CO(GT) > 0.0010) };8.37370e-01;9.34823e-01;9.23719e-01;Pipeline { filter(RH < 86.3000) };8.38116e-01;9.36567e-01;9.19684e-01;Pipeline { filter(C6H6(GT) < 568.0000) };8.38116e-01;9.36567e-01;9.19684e-01;Pipeline { filter(PT08.S1(CO) > 0.0000) };8.38116e-01;9.36567e-01;9.19684e-01;Pipeline { filter(PT08.S1(CO) < 4260000.0000) }
datasets/airQuality_parallel.csv;nsga2;2;39;3900;3900;9.26600e+01;100;100;100;1.00000e+00;1.00000e+00;1.30000e-01;8.41782e-01;8.53229e-01;8.95998e-01;Pipeline { filter(PT08.S5(O3) < 2230.0000) };7.07174e-01;1.00000e+00;8.99054e-01;Pipeline { filter(CO(GT) < 313.0000) };8.37370e-01;9.34823e-01;9.23719e-01;Pipeline { filter(RH < 86.3000) };8.38116e-01;9.36567e-01;9.19684e-01;Pipeline { filter(PT08.S1(CO) > 2.2600) };8.38116e-01;9.36567e-01;9.19684e-01;Pipeline { filter(RH > 0.0024) };8.38116e-01;9.36567e-01;9.19684e-01;Pipeline { filter(PT08.S2(NMHC) > 0.0000) }
datasets/airQuality_parallel.csv;nsga2;2;40;4000;4000;9.49300e+01;100;100;100;1.00000e+00;9.90000e-01;1.30000e-01;8.41782e-01;8.53229e-01;8.95998e-01;Pipeline { filter(PT08.S5(O3) < 2230.0000) };7.11560e-01;1.00000e+00;8.78132e-01;Pipeline { filter(NOx(GT) > 0.0000) };8.37370e-01;9.34823e-01;9.23719e-01;Pipeline { filter(RH < 86.3000) };8.38116e-01;9.36567e-01;9.19684e-01;Pipeline { filter(PT08.S1(CO) > 0.0000) };8.38116e-01;9.36567e-01;9.19684e-01;Pipeline { filter(PT08.S4(NO2) > 4.2900) };8.38116e-01;9.36567e-01;9.19684e-01;Pipeline { filter(PT08.S4(NO2) > 0.0000) }
datasets/airQuality_parallel.csv;nsga2;2;41;4100;4100;9.71220e+01;100;100;100;1.00000e+00;9.90000e-01;1.40000e-01;8.42519e-01;7.74327e-01;8.50595e-01;Pipeline { filter(PT08.S5(O3) < 2130.0000) };7.11560e-01;1.00000e+00;8.78132e-01;Pipeline { filter(NOx(GT) > 0.0000) };8.37370e-01;9.34823e-01;9.23719e-01;Pipeline { filter(RH < 86.3000) };8.38116e-01;9.36567e-01;9.19684e-01;Pipeline { filter(AH < 8630000000.0000) };8.38116e-01;9.36567e-01;9.19684e-01;Pipeline { filter(PT08.S2(NMHC) > 0.0930) };8.38116e-01;9.36567e-01;9.19684e-01;Pipeline { filter(PT08.S2(NMHC) > 0.0000) }
datasets/airQuality_parallel.csv;nsga2;2;42;4200;4200;9.94230e+01;100;100;100;1.00000e+00;1.00000e+00;1.40000e-01;8.42519e-01;7.74327e-01;8.50595e-01;Pipeline { filter(PT08.S5(O3) < 2130.0000) };7.07174e-01;1.00000e+00;8.99054e-01;Pipeline { filter(CO(GT) > 0.0000) };8.37370e-01;9.34823e-01;9.23719e-01;Pipeline { filter(RH < 86.3000) };8.38116e-01;9.36567e-01;9.19684e-01;Pipeline { filter(RH > 0.1860) };8.38116e-01;9.36567e-01;9.19684e-01;Pipeline { filter(PT08.S5(O3) > 0.0000) };8.38116e-01;9.36567e-01;9.19684e-01;Pipeline { filter(PT08.S2(NMHC) < 5700.0000) }
datasets/airQuality_parallel.csv;nsga2;2;43;4300;4300;1.01748e+02;100;100;100;1.00000e+00;1.00000e+00;1.40000e-01;8.42519e-01;7.74327e-01;8.50595e-01;Pipeline { filter(PT08.S5(O3) < 2130.0000) };7.07174e-01;1.00000e+00;8.99054e-01;Pipeline { filter(CO(GT) < 313.0000) };8.37370e-01;9.34823e-01;9.23719e-01;Pipeline { filter(RH < 86.3000) };8.38116e-01;9.36567e-01;9.19684e-01;Pipeline { filter(PT08.S2(NMHC) > 0.9400) };8.38116e-01;9.36567e-01;9.19684e-01;Pipeline { filter(C6H6(GT) < 86.5000) };8.38116e-01;9.36567e-01;9.19684e-01;Pipeline { filter(RH > 8.5100) }
datasets/airQuality_parallel.csv;nsga2;2;44;4400;4400;1.03997e+02;100;100;100;1.00000e+00;9.90000e-01;1.50000e-01;8.42519e-01;7.74327e-01;8.50595e-01;Pipeline { filter(PT08.S5(O3) < 2130.0000) };7.11560e-01;1.00000e+00;8.78132e-01;Pipeline { filter(NOx(GT) > 0.0000) };8.37370e-01;9.34823e-01;9.23719e-01;Pipeline { filter(RH < 86.3000) };8.38116e-01;9.36567e-01;9.19684e-01;Pipeline { filter(C6H6(GT) < 950000.0000) };8.38116e-01;9.36567e-01;9.19684e-01;Pipeline { filter(PT08.S3(NOx) > 0.8820) };8.38116e-01;9.36567e-01;9.19684e-01;Pipeline { filter(PT08.S3(NOx) > 4.9500) }
datasets/airQuality_parallel.csv;nsga2;2;45;4500;4500;1.06338e+02;100;100;100;1.00000e+00;1.00000e+00;1.60000e-01;8.42519e-01;7.74327e-01;8.50595e-01;Pipeline { filter(PT08.S5(O3) < 2130.0000) };7.11560e-01;1.00000e+00;8.78132e-01;Pipeline { filter(NOx(GT) > 0.0000) };8.37370e-01;9.34823e-01;9.23719e-01;Pipeline { filter(RH < 86.3000) };8.38116e-01;9.36567e-01;9.19684e-01;Pipeline { filter(C6H6(GT) < 4120000000.0000) };8.38116e-01;9.36567e-01;9.19684e-01;Pipeline { filter(C6H6(GT) < 4120000000.0000) };8.38116e-01;9.36567e-01;9.19684e-01;Pipeline { filter(RH < 3230000.0000) }
datasets/airQuality_parallel.csv;nsga2;2;46;4600;4600;1.08827e+02;100;100;100;1.00000e+00;1.00000e+00;1.70000e-01;8.42519e-01;7.74327e-01;8.50595e-01;Pipeline { filter(PT08.S5(O3) < 2130.0000) };7.11560e-01;1.00000e+00;8.78132e-01;Pipeline { filter(NOx(GT) > 0.0000) };8.37370e-01;9.34823e-01;9.23719e-01;Pipeline { filter(RH < 86.3000) };8.38116e-01;9.36567e-01;9.19684e-01;Pipeline { filter(AH > 0.0040) };8.38116e-01;9.36567e-01;9.19684e-01;Pipeline { filter(PT08.S3(NOx) > 0.0000) };8.38116e-01;9.36567e-01;9.19684e-01;Pipeline { filter(PT08.S1(CO) < 94000.0000) }
datasets/airQuality_parallel.csv;nsga2;2;47;4700;4700;1.11570e+02;100;100;100;1.00000e+00;1.00000e+00;1.90000e-01;8.42519e-01;7.74327e-01;8.50595e-01;Pipeline { filter(PT08.S5(O3) < 2130.0000) };7.07174e-01;1.00000e+00;8.99054e-01;Pipeline { filter(CO(GT) > 0.0000) };8.37370e-01;9.34823e-01;9.23719e-01;Pipeline { filter(RH < 86.3000) };8.38116e-01;9.36567e-01;9.19684e-01;Pipeline { filter(AH < 7240000.0000) };8.38116e-01;9.36567e-01;9.19684e-01;Pipeline { filter(T < 172000.0000) };8.38116e-01;9.36567e-01;9.19684e-01;Pipeline { filter(AH < 94000.0000) }
datasets/airQuality_parallel.csv;nsga2;2;48;4800;4800;1.14224e+02;100;100;100;1.00000e+00;1.00000e+00;1.90000e-01;8.42519e-01;7.74327e-01;8.50595e-01;Pipeline { filter(PT08.S5(O3) < 2130.0000) };7.11560e-01;1.00000e+00;8.78132e-01;Pipeline { filter(NOx(GT) > 0.0000) };8.37370e-01;9.34823e-01;9.23719e-01;Pipeline { filter(RH < 86.3000) };8.38116e-01;9.36567e-01;9.19684e-01;Pipeline { filter(C6H6(GT) > 0.0167) };8.38116e-01;9.36567e-01;9.19684e-01;Pipeline { filter(C6H6(GT) > 0.0169) };8.38116e-01;9.36567e-01;9.19684e-01;Pipeline { filter(PT08.S2(NMHC) < 7950000.0000) }
datasets/airQuality_parallel.csv;nsga2;2;49;4900;4900;1.16914e+02;100;100;100;1.00000e+00;1.00000e+00;2.00000e-01;8.42519e-01;7.74327e-01;8.50595e-01;Pipeline { filter(PT08.S5(O3) < 2130.0000) };7.11560e-01;1.00000e+00;8.78132e-01;Pipeline { filter(NOx(GT) > 0.0000) };8.37370e-01;9.34823e-01;9.23719e-01;Pipeline { filter(RH < 86.3000) };8.38116e-01;9.36567e-01;9.19684e-01;Pipeline { filter(PT08.S3(NOx) > 68.2000) };8.38116e-01;9.36567e-01;9.19684e-01;Pipeline { filter(AH < 2210.0000) };8.38116e-01;9.36567e-01;9.19684e-01;Pipeline { filter(PT08.S5(O3) < 2210000000.0000) }
datasets/airQuality_parallel.csv;nsga2;2;50;5000;5000;1.19126e+02;100;100;100;1.00000e+00;1.00000e+00;2.00000e-01;8.42519e-01;7.74327e-01;8.50595e-01;Pipeline { filter(PT08.S5(O3) < 2130.0000) };7.07174e-01;1.00000e+00;8.99054e-01;Pipeline { filter(CO(GT) < 62800.0000) };8.37370e-01;9.34823e-01;9.23719e-01;Pipeline { filter(RH < 86.3000) };8.38116e-01;9.36567e-01;9.19684e-01;Pipeline { filter(PT08.S1(CO) < 92700000.0000) };8.38116e-01;9.36567e-01;9.19684e-01;Pipeline { filter(PT08.S5(O3) < 462000000.0000) };8.38116e-01;9.36567e-01;9.19684e-01;Pipeline { filter(PT08.S3(NOx) > 0.5220) }
datasets/airQuality_parallel.csv;nsga2;3;1;100;100;2.73800e+00;100;11;81;1.00000e+00;1.00000e+00;1.10000e-01;8.38116e-01;9.36567e-01;9.19684e-01;Pipeline { filter(PT08.S5(O3) > 0.0026) };7.11560e-01;1.00000e+00;8.78132e-01;Pipeline { filter(NOx(GT) < 2670.0000) };8.38116e-01;9.36567e-01;9.19684e-01;Pipeline { filter(PT08.S5(O3) > 0.0026) };0.00000e+00;0.00000e+00;0.00000e+00;Pipeline { filter(RH > 0.0000) | filter(PT08.S2(NMHC) < 0.0000) | filter(T < 0.0000) | filter(T > 6.6700) | filter(T < 0.0001) | filter(NMHC(GT) < 0.0000) | filter(RH < 0.0000) | filter(PT08.S3(NOx) > 0.0000) };0.00000e+00;0.00000e+00;0.00000e+00;Pipeline { filter(PT08.S3(NOx) > 135.0000) | filter(PT08.S3(NOx) > 6730000000.0000) | filter(NO2(GT) > 0.0000) | filter(PT08.S2(NMHC) < 0.0558) | filter(T < 0.0094) | filter(RH < 487000000.0000) | filter(NOx(GT) < 0.0686) };0.00000e+00;0.00000e+00;0.00000e+00;Pipeline { filter(RH > 0.0000) | filter(PT08.S2(NMHC) < 0.0000) | filter(T < 0.0000) | filter(T > 6.6700) | filter(T < 0.0001) | filter(NMHC(GT) < 0.0000) | filter(RH < 0.0000) | filter(PT08.S3(NOx) > 0.0000) }
datasets/airQuality_parallel.csv;nsga2;3;2;200;200;4.64100e+00;100;26;50;1.00000e+00;1.00000e+00;2.00000e-01;8.38116e-01;9.36567e-01;9.19684e-01;Pipeline { filter(PT08.S2(NMHC) < 6150000.0000) };7.11284e-01;1.00000e+00;8.78028e-01;Pipeline { filter(NO2(GT) > 0.0000) };8.38116e-01;9.36567e-01;9.19684e-01;Pipeline { filter(PT08.S2(NMHC) < 6150000.0000) };7.11560e-01;1.00000e+00;8.78132e-01;Pipeline { filter(NOx(GT) < 8140000.0000) };8.38116e-01;9.36567e-01;9.19684e-01;Pipeline { filter(RH > 8.2800) };7.11560e-01;1.00000e+00;8.78132e-01;Pipeline { filter(NOx(GT) < 2170.0000) }
datasets/airQuality_parallel.csv;nsga2;3;3;300;300;6.74400e+00;100;57;2;1.00000e+00;1.00000e+00;2.20000e-01;8.40020e-01;8.90152e-01;9.11930e-01;Pipeline { filter(C6H6(GT) < 47.2000) };6.07064e-01;1.00000e+00;8.20590e-01;Pipeline { filter(CO(GT) > 0.7670) };8.38116e-01;9.36567e-01;9.19684e-01;Pipeline { filter(C6H6(GT) < 8750000.0000) };8.38116e-01;9.36567e-01;9.19684e-01;Pipeline { filter(PT08.S2(NMHC) < 9410000.0000) };6.81626e-01;9.36567e-01;8.59376e-01;Pipeline { filter(CO(GT) < 32.1000) | filter(PT08.S5(O3) > 0.0000) | filter(C6H6(GT) > 0.0000) };8.38116e-01;9.36567e-01;9.19684e-01;Pipeline { filter(PT08.S1(CO) > 0.8780) | filter(RH < 6000000.0000) }
datasets/airQuality_parallel.csv;nsga2;3;4;400;400;9.14500e+00;100;100;100;1.00000e+00;9.80000e-01;4.00000e-02;8.40020e-01;8.90152e-01;9.11930e-01;Pipeline { filter(C6H6(GT) < 47.2000) };7.07174e-01;1.00000e+00;8.99054e-01;Pipeline { filter(CO(GT) > 0.0000) };8.38116e-01;9.36567e-01;9.19684e-01;Pipeline { filter(RH > 8.2800) };8.38116e-01;9.36567e-01;9.19684e-01;Pipeline { filter(PT08.S5(O3) < 2940.0000) };8.38116e-01;9.36567e-01;9.19684e-01;Pipeline { filter(PT08.S4(NO2) < 9360000000.0000) };8.38116e-01;9.36567e-01;9.19684e-01;Pipeline { filter(PT08.S2(NMHC) < 8160000.0000) }
datasets/airQuality_parallel.csv;nsga2;3;5;500;500;1.14080e+01;100;100;100;1.00000e+00;9.90000e-01;4.00000e-02;8.40020e-01;8.90152e-01;9.11930e-01;Pipeline { filter(C6H6(GT) < 47.2000) };7.11560e-01;1.00000e+00;8.78132e-01;Pipeline { filter(NOx(GT) > 0.0000) };8.38116e-01;9.36567e-01;9.19684e-01;Pipeline { filter(AH < 11.2000) };8.38116e-01;9.36567e-01;9.19684e-01;Pipeline { filter(AH < 5060000000.0000) | filter(AH < 8610000.0000) };8.38116e-01;9.36567e-01;9.19684e-01;Pipeline { filter(PT08.S4(NO2) > 8.8300) };8.38116e-01;9.36567e-01;9.19684e-01;Pipeline { filter(RH > 3.4800) }
datasets/airQuality_parallel.csv;nsga2;3;6;600;600;1.38600e+01;100;100;100;1.00000e+00;9.90000e-01;4.00000e-02;8.40020e-01;8.90152e-01;9.11930e-01;Pipeline { filter(C6H6(GT) < 47.2000) };7.07174e-01;1.00000e+00;8.99054e-01;Pipeline { filter(CO(GT) > 0.0000) };8.38116e-01;9.36567e-01;9.19684e-01;Pipeline { filter(AH < 7860000000.0000) };8.38116e-01;9.36567e-01;9.19684e-01;Pipeline { filter(PT08.S4(NO2) > 24.6000) };8.38116e-01;9.36567e-01;9.19684e-01;Pipeline { filter(PT08.S4(NO2) > 98.2000) };8.38116e-01;9.36567e-01;9.19684e-01;Pipeline { filter(PT08.S2(NMHC) > 0.0075) | filter(PT08.S3(NOx) < 6000000.0000) }
datasets/airQuality_parallel.csv;nsga2;3;7;700;700;1.62560e+01;100;100;100;1.00000e+00;1.00000e+00;4.00000e-02;8.40020e-01;8.90152e-01;9.11930e-01;Pipeline { filter(C6H6(GT) < 47.2000) };7.11560e-01;1.00000e+00;8.78132e-01;Pipeline { filter(NOx(GT) < 75700000.0000) };8.38116e-01;9.36567e-01;9.19684e-01;Pipeline { filter(PT08.S1(CO) > 0.0878) | filter(AH < 4480000.0000) };8.38116e-01;9.36567e-01;9.19684e-01;Pipeline { filter(PT08.S1(CO) > 0.8780) | filter(AH < 6.6000) };8.38116e-01;9.36567e-01;9.19684e-01;Pipeline { filter(PT08.S2(NMHC) < 6830000.0000) };8.38116e-01;9.36567e-01;9.19684e-01;Pipeline { filter(PT08.S1(CO) > 0.0873) | filter(RH < 6000000.0000) }
datasets/airQuality_parallel.csv;nsga2;3;8;800;800;1.86830e+01;100;100;100;1.00000e+00;1.00000e+00;4.00000e-02;8.40020e-01;8.90152e-01;9.11930e-01;Pipeline { filter(C6H6(GT) < 47.2000) };7.11560e-01;1.00000e+00;8.78132e-01;Pipeline { filter(NOx(GT) > 0.0000) };8.38116e-01;9.36567e-01;9.19684e-01;Pipeline { filter(PT08.S1(CO) > 87.8000) | filter(AH < 6.6000) };8.38116e-01;9.36567e-01;9.19684e-01;Pipeline { filter(PT08.S4(NO2) < 9950000000.0000) };8.38116e-01;9.36567e-01;9.19684e-01;Pipeline { filter(PT08.S1(CO) > 0.0878) | filter(C6H6(GT) < 4480000.0000) };8.38116e-01;9.36567e-01;9.19684e-01;Pipeline { filter(RH > 0.0140) | filter(PT08.S2(NMHC) < 1310000.0000) | filter(PT08.S1(CO) < 525000.0000) }
datasets/airQuality_parallel.csv;nsga2;3;9;900;900;2.13010e+01;100;100;100;1.00000e+00;1.00000e+00;4.00000e-02;8.40020e-01;8.90152e-01;9.11930e-01;Pipeline { filter(C6H6(GT) < 47.2000) };7.11560e-01;1.00000e+00;8.78132e-01;Pipeline { filter(NOx(GT) < 61400000.0000) };8.38116e-01;9.36567e-01;9.19684e-01;Pipeline { filter(PT08.S4(NO2) > 0.0008) };8.38116e-01;9.36567e-01;9.19684e-01;Pipeline { filter(RH > 0.0000) | filter(PT08.S2(NMHC) < 1300000.0000) | filter(PT08.S4(NO2) < 565000.0000) };8.38116e-01;9.36567e-01;9.19684e-01;Pipeline { filter(PT08.S1(CO) > 0.0373) | filter(RH < 6000000.0000) };8.38116e-01;9.36567e-01;9.19684e-01;Pipeline { filter(PT08.S1(CO) > 0.0578) | filter(C6H6(GT) < 4480000.0000) }
datasets/airQuality_parallel.csv;nsga2;3;10;1000;1000;2.37270e+01;100;100;100;1.00000e+00;1.00000e+00;4.00000e-02;8.40020e-01;8.90152e-01;9.11930e-01;Pipeline { filter(C6H6(GT) < 47.2000) };7.11560e-01;1.00000e+00;8.78132e-01;Pipeline { filter(NOx(GT) > 0.0000) };8.38116e-01;9.36567e-01;9.19684e-01;Pipeline { filter(PT08.S4(NO2) < 645000.0000) };8.38116e-01;9.36567e-01;9.19684e-01;Pipeline { filter(PT08.S4(NO2) > 1.7200) };8.38116e-01;9.36567e-01;9.19684e-01;Pipeline { filter(RH > 0.6400) | filter(PT08.S2(NMHC) < 9330000.0000) | filter(PT08.S1(CO) < 515000.0000) };8.38116e-01;9.36567e-01;9.19684e-01;Pipeline { filter(RH > 0.0094) | filter(PT08.S4(NO2) < 451000000.0000) | filter(C6H6(GT) < 565000.0000) }
datasets/airQuality_parallel.csv;nsga2;3;11;1100;1100;2.65110e+01;100;100;100;1.00000e+00;1.00000e+00;4.00000e-02;8.40020e-01;8.90152e-01;9.11930e-01;Pipeline { filter(C6H6(GT) < 47.2000) };7.11560e-01;1.00000e+00;8.78132e-01;Pipeline { filter(NOx(GT) < 61400000.0000) };8.38116e-01;9.36567e-01;9.19684e-01;Pipeline { filter(PT08.S2(NMHC) < 5850000.0000) };8.38116e-01;9.36567e-01;9.19684e-01;Pipeline { filter(PT08.S4(NO2) < 5000000000.0000) | filter(PT08.S1(CO) < 784000.0000) };8.38116e-01;9.36567e-01;9.19684e-01;Pipeline { filter(RH > 0.8910) };8.38116e-01;9.36567e-01;9.19684e-01;Pipeline { filter(PT08.S2(NMHC) < 30000000.0000) }
datasets/airQuality_parallel.csv;nsga2;3;12;1200;1200;2.89560e+01;100;100;100;1.00000e+00;1.00000e+00;4.00000e-02;8.40020e-01;8.90152e-01;9.11930e-01;Pipeline { filter(C6H6(GT) < 47.2000) };7.11560e-01;1.00000e+00;8.78132e-01;Pipeline { filter(NOx(GT) > 0.0000) };8.38116e-01;9.36567e-01;9.19684e-01;Pipeline { filter(PT08.S1(CO) > 0.0000) | filter(C6H6(GT) < 4880000.0000) };8.38116e-01;9.36567e-01;9.19684e-01;Pipeline { filter(PT08.S1(CO) > 0.0710) | filter(AH < 6200000.0000) };8.38116e-01;9.36567e-01;9.19684e-01;Pipeline { filter(PT08.S4(NO2) < 5000000000.0000) | filter(RH > 0.7010) };8.38116e-01;9.36567e-01;9.19684e-01;Pipeline { filter(PT08.S4(NO2) < 5870000000.0000) | filter(AH < 8670000.0000) }
datasets/airQuality_parallel.csv;nsga2;3;13;1300;1300;3.14510e+01;100;100;100;1.00000e+00;1.00000e+00;4.00000e-02;8.40020e-01;8.90152e-01;9.11930e-01;Pipeline { filter(C6H6(GT) < 47.2000) };7.11560e-01;1.00000e+00;8.78132e-01;Pipeline { filter(NOx(GT) > 0.0000) };8.38116e-01;9.36567e-01;9.19684e-01;Pipeline { filter(RH > 0.0760) | filter(PT08.S2(NMHC) < 9000000000.0000) | filter(PT08.S5(O3) < 565000.0000) };8.38116e-01;9.36567e-01;9.19684e-01;Pipeline { filter(C6H6(GT) > 0.0000) | filter(PT08.S2(NMHC) < 9300000.0000) | filter(PT08.S5(O3) < 3040000000.0000) };8.38116e-01;9.36567e-01;9.19684e-01;Pipeline { filter(RH > 0.9400) | filter(PT08.S4(NO2) < 902000.0000) | filter(C6H6(GT) < 465000.0000) };8.38116e-01;9.36567e-01;9.19684e-01;Pipeline { filter(RH > 0.8210) }
datasets/airQuality_parallel.csv;nsga2;3;14;1400;1400;3.40040e+01;100;100;100;1.00000e+00;1.00000e+00;5.00000e-02;8.41746e-01;8.64865e-01;8.94083e-01;Pipeline { filter(RH > 0.3450) | filter(PT08.S3(NOx) > 0.0000) | filter(C6H6(GT) < 43.6000) };7.11560e-01;1.00000e+00;8.78132e-01;Pipeline { filter(NOx(GT) > 0.0000) };8.38116e-01;9.36567e-01;9.19684e-01;Pipeline { filter(PT08.S4(NO2) > 0.0000) };8.38116e-01;9.36567e-01;9.19684e-01;Pipeline { filter(PT08.S2(NMHC) > 0.0059) };8.38116e-01;9.36567e-01;9.19684e-01;Pipeline { filter(PT08.S1(CO) > 0.0210) | filter(AH < 5.6000) };8.38116e-01;9.36567e-01;9.19684e-01;Pipeline { filter(PT08.S2(NMHC) < 585000.0000) }
datasets/airQuality_parallel.csv;nsga2;3;15;1500;1500;3.66330e+01;100;100;100;1.00000e+00;1.00000e+00;5.00000e-02;8.41746e-01;8.64865e-01;8.94083e-01;Pipeline { filter(RH > 0.3450) | filter(PT08.S3(NOx) > 0.0000) | filter(C6H6(GT) < 43.6000) };7.11560e-01;1.00000e+00;8.78132e-01;Pipeline { filter(NOx(GT) < 9940000000.0000) };8.38116e-01;9.36567e-01;9.19684e-01;Pipeline { filter(PT08.S2(NMHC) < 9650000.0000) };8.38116e-01;9.36567e-01;9.19684e-01;Pipeline { filter(PT08.S4(NO2) < 5060000000.0000) | filter(PT08.S4(NO2) > 0.0000) };8.38116e-01;9.36567e-01;9.19684e-01;Pipeline { filter(AH < 6.8400) | filter(AH < 8600000.0000) };8.38116e-01;9.36567e-01;9.19684e-01;Pipeline { filter(PT08.S4(NO2) > 0.0000) }
datasets/airQuality_parallel.csv;nsga2;3;16;1600;1600;3.91890e+01;100;100;100;1.00000e+00;1.00000e+00;6.00000e-02;8.41755e-01;8.34646e-01;8.84171e-01;Pipeline { filter(PT08.S4(NO2) < 3050000000.0000) | filter(PT08.S1(CO) < 1820.0000) };7.07174e-01;1.00000e+00;8.99054e-01;Pipeline { filter(CO(GT) > 0.0005) };8.38116e-01;9.36567e-01;9.19684e-01;Pipeline { filter(RH > 0.0000) | filter(PT08.S2(NMHC) < 933000.0000) | filter(PT08.S1(CO) < 505000.0000) };8.38116e-01;9.36567e-01;9.19684e-01;Pipeline { filter(PT08.S4(NO2) > 0.0000) };8.38116e-01;9.36567e-01;9.19684e-01;Pipeline { filter(RH > 0.0001) | filter(PT08.S2(NMHC) < 1340000.0000) | filter(C6H6(GT) < 669000.0000) };8.38116e-01;9.36567e-01;9.19684e-01;Pipeline { filter(PT08.S4(NO2) < 5070000000.0000) | filter(PT08.S4(NO2) > 0.0000) }
datasets/airQuality_parallel.csv;nsga2;3;17;1700;1700;4.17520e+01;100;100;100;1.00000e+00;1.00000e+00;6.00000e-02;8.41755e-01;8.34646e-01;8.84171e-01;Pipeline { filter(PT08.S4(NO2) < 3050000000.0000) | filter(PT08.S1(CO) < 1820.0000) };7.11560e-01;1.00000e+00;8.78132e-01;Pipeline { filter(NOx(GT) < 63700000.0000) };8.38116e-01;9.36567e-01;9.19684e-01;Pipeline { filter(RH > 0.0001) | filter(PT08.S2(NMHC) < 1340000.0000) | filter(C6H6(GT) < 5910000000.0000) };8.38116e-01;9.36567e-01;9.19684e-01;Pipeline { filter(PT08.S2(NMHC) > 0.0000) };8.38116e-01;9.36567e-01;9.19684e-01;Pipeline { filter(PT08.S4(NO2) > 0.0000) };8.38116e-01;9.36567e-01;9.19684e-01;Pipeline { filter(PT08.S4(NO2) > 0.0001) }
datasets/airQuality_parallel.csv;nsga2;3;18;1800;1800;4.42820e+01;100;100;100;1.00000e+00;1.00000e+00;6.00000e-02;8.41755e-01;8.34646e-01;8.84171e-01;Pipeline { filter(PT08.S4(NO2) < 3050000000.0000) | filter(PT08.S1(CO) < 1820.0000) };7.07174e-01;1.00000e+00;8.99054e-01;Pipeline { filter(CO(GT) > 0.0000) };8.38116e-01;9.36567e-01;9.19684e-01;Pipeline { filter(RH < 305000.0000) | filter(PT08.S1(CO) < 184000.0000) };8.38116e-01;9.36567e-01;9.19684e-01;Pipeline { filter(PT08.S5(O3) > 0.0000) };8.38116e-01;9.36567e-01;9.19684e-01;Pipeline { filter(PT08.S4(NO2) < 332000.0000) | filter(PT08.S1(CO) < 784000.0000) };8.38116e-01;9.36567e-01;9.19684e-01;Pipeline { filter(RH > 0.0035) | filter(PT08.S2(NMHC) < 2030000.0000) | filter(PT08.S1(CO) < 507000.0000) }
datasets/airQuality_parallel.csv;nsga2;3;19;1900;1900;4.69020e+01;100;100;100;1.00000e+00;9.90000e-01;6.00000e-02;8.41755e-01;8.34646e-01;8.84171e-01;Pipeline { filter(PT08.S4(NO2) < 3050000000.0000) | filter(PT08.S1(CO) < 1820.0000) };7.07174e-01;1.00000e+00;8.99054e-01;Pipeline { filter(CO(GT) > 0.0005) };8.38116e-01;9.36567e-01;9.19684e-01;Pipeline { filter(PT08.S4(NO2) > 0.0027) };8.38116e-01;9.36567e-01;9.19684e-01;Pipeline { filter(AH < 1640000000.0000) | filter(AH < 116.0000) };8.38116e-01;9.36567e-01;9.19684e-01;Pipeline { filter(PT08.S5(O3) > 0.0000) | filter(PT08.S2(NMHC) > 0.0000) | filter(T < 56.0000) };8.38116e-01;9.36567e-01;9.19684e-01;Pipeline { filter(PT08.S2(NMHC) < 2140000.0000) }
datasets/airQuality_parallel.csv;nsga2;3;20;2000;2000;5.03610e+01;100;100;100;1.00000e+00;1.00000e+00;6.00000e-02;8.41755e-01;8.34646e-01;8.84171e-01;Pipeline { filter(PT08.S4(NO2) < 3050000000.0000) | filter(PT08.S1(CO) < 1820.0000) };7.11560e-01;1.00000e+00;8.78132e-01;Pipeline { filter(NOx(GT) > 0.0087) };8.38116e-01;9.36567e-01;9.19684e-01;Pipeline { filter(RH > 0.0032) | filter(PT08.S2(NMHC) < 20300000.0000) | filter(PT08.S1(CO) < 507000.0000) };8.38116e-01;9.36567e-01;9.19684e-01;Pipeline { filter(AH > 0.0000) | filter(PT08.S2(NMHC) < 933000.0000) | filter(PT08.S1(CO) < 575000.0000) };8.38116e-01;9.36567e-01;9.19684e-01;Pipeline { filter(PT08.S4(NO2) > 0.0000) };8.38116e-01;9.36567e-01;9.19684e-01;Pipeline { filter(RH < 2870000000.0000) }
datasets/airQuality_parallel.csv;nsga2;3;21;2100;2100;5.26960e+01;100;100;100;1.00000e+00;1.00000e+00;6.00000e-02;8.41755e-01;8.34646e-01;8.84171e-01;Pipeline { filter(PT08.S4(NO2) < 3050000000.0000) | filter(PT08.S1(CO) < 1820.0000) };7.07174e-01;1.00000e+00;8.99054e-01;Pipeline { filter(CO(GT) < 9050000.0000) };8.38116e-01;9.36567e-01;9.19684e-01;Pipeline { filter(PT08.S2(NMHC) > 0.0006) | filter(PT08.S4(NO2) > 33.0000) };8.38116e-01;9.36567e-01;9.19684e-01;Pipeline { filter(PT08.S4(NO2) > 0.0000) };8.38116e-01;9.36567e-01;9.19684e-01;Pipeline { filter(RH > 0.0000) | filter(PT08.S2(NMHC) < 933000.0000) | filter(PT08.S1(CO) < 505000.0000) };8.38116e-01;9.36567e-01;9.19684e-01;Pipeline { filter(PT08.S4(NO2) < 358000000.0000) | filter(PT08.S1(CO) < 684000.0000) }
datasets/airQuality_parallel.csv;nsga2;3;22;2200;2200;5.52350e+01;100;100;100;1.00000e+00;1.00000e+00;6.00000e-02;8.41755e-01;8.34646e-01;8.84171e-01;Pipeline { filter(PT08.S4(NO2) < 3050000000.0000) | filter(PT08.S1(CO) < 1820.0000) };7.07174e-01;1.00000e+00;8.99054e-01;Pipeline { filter(CO(GT) > 0.0005) };8.38116e-01;9.36567e-01;9.19684e-01;Pipeline { filter(PT08.S4(NO2) > 0.3800) | filter(PT08.S3(NOx) < 97000.0000) | filter(C6H6(GT) < 669000000.0000) };8.38116e-01;9.36567e-01;9.19684e-01;Pipeline { filter(PT08.S4(NO2) < 252000.0000) | filter(RH < 8190.0000) };8.38116e-01;9.36567e-01;9.19684e-01;Pipeline { filter(RH > 0.0000) | filter(PT08.S2(NMHC) < 1340000.0000) | filter(C6H6(GT) < 5910000000.0000) };8.38116e-01;9.36567e-01;9.19684e-01;Pipeline { filter(RH > 0.0000) | filter(PT08.S2(NMHC) < 933000.0000) | filter(PT08.S1(CO) < 875000.0000) }
datasets/airQuality_parallel.csv;nsga2;3;23;2300;2300;5.77970e+01;100;100;100;1.00000e+00;1.00000e+00;6.00000e-02;8.41755e-01;8.34646e-01;8.84171e-01;Pipeline { filter(PT08.S4(NO2) < 3050000000.0000) | filter(PT08.S1(CO) < 1820.0000) };7.07174e-01;1.00000e+00;8.99054e-01;Pipeline { filter(CO(GT) < 9050000.0000) };8.38116e-01;9.36567e-01;9.19684e-01;Pipeline { filter(PT08.S4(NO2) < 354000000.0000) | filter(PT08.S1(CO) < 687000.0000) };8.38116e-01;9.36567e-01;9.19684e-01;Pipeline { filter(PT08.S4(NO2) < 3320.0000) | filter(PT08.S1(CO) < 78800000.0000) };8.38116e-01;9.36567e-01;9.19684e-01;Pipeline { filter(PT08.S4(NO2) > 18.6000) | filter(PT08.S5(O3) > 0.0883) };8.38116e-01;9.36567e-01;9.19684e-01;Pipeline { filter(PT08.S1(CO) > 0.7270) }
datasets/airQuality_parallel.csv;nsga2;3;24;2400;2400;6.10940e+01;100;100;100;1.00000e+00;1.00000e+00;6.00000e-02;8.41755e-01;8.34646e-01;8.84171e-01;Pipeline { filter(PT08.S4(NO2) < 3050000000.0000) | filter(PT08.S1(CO) < 1820.0000) };7.07174e-01;1.00000e+00;8.99054e-01;Pipeline { filter(CO(GT) > 0.0005) };8.38116e-01;9.36567e-01;9.19684e-01;Pipeline { filter(PT08.S1(CO) > 0.0000) | filter(PT08.S2(NMHC) < 932000.0000) | filter(PT08.S1(CO) < 505000.0000) };8.38116e-01;9.36567e-01;9.19684e-01;Pipeline { filter(PT08.S4(NO2) > 0.0000) };8.38116e-01;9.36567e-01;9.19684e-01;Pipeline { filter(PT08.S3(NOx) < 753000000.0000) };8.38116e-01;9.36567e-01;9.19684e-01;Pipeline { filter(PT08.S4(NO2) < 222000.0000) | filter(RH < 1190.0000) }
datasets/airQuality_parallel.csv;nsga2;3;25;2500;2500;6.34110e+01;100;100;100;1.00000e+00;1.00000e+00;6.00000e-02;8.41755e-01;8.34646e-01;8.84171e-01;Pipeline { filter(PT08.S4(NO2) < 3050000000.0000) | filter(PT08.S1(CO) < 1820.0000) };7.11560e-01;1.00000e+00;8.78132e-01;Pipeline { filter(NOx(GT) < 2730.0000) };8.38116e-01;9.36567e-01;9.19684e-01;Pipeline { filter(PT08.S3(NOx) < 783000000.0000) };8.38116e-01;9.36567e-01;9.19684e-01;Pipeline { filter(PT08.S5(O3) < 2990000.0000) | filter(AH < 4700000.0000) };8.38116e-01;9.36567e-01;9.19684e-01;Pipeline { filter(AH > 0.0000) | filter(PT08.S2(NMHC) < 923000.0000) | filter(PT08.S1(CO) < 555000.0000) };8.38116e-01;9.36567e-01;9.19684e-01;Pipeline { filter(RH < 2470000000.0000) }
datasets/airQuality_parallel.csv;nsga2;3;26;2600;2600;6.59720e+01;100;100;100;1.00000e+00;1.00000e+00;6.00000e-02;8.41755e-01;8.34646e-01;8.84171e-01;Pipeline { filter(PT08.S4(NO2) < 3050000000.0000) | filter(PT08.S1(CO) < 1820.0000) };7.07174e-01;1.00000e+00;8.99054e-01;Pipeline { filter(CO(GT) > 0.0000) };8.38116e-01;9.36567e-01;9.19684e-01;Pipeline { filter(PT08.S4(NO2) > 13.6000) | filter(PT08.S5(O3) > 8.8300) };8.38116e-01;9.36567e-01;9.19684e-01;Pipeline { filter(RH > 7.4600) };8.38116e-01;9.36567e-01;9.19684e-01;Pipeline { filter(PT08.S4(NO2) < 654000000.0000) | filter(PT08.S1(CO) < 687000.0000) };8.38116e-01;9.36567e-01;9.19684e-01;Pipeline { filter(PT08.S4(NO2) > 0.1860) | filter(PT08.S5(O3) > 8.8300) }
datasets/airQuality_parallel.csv;nsga2;3;27;2700;2700;6.83580e+01;100;100;100;1.00000e+00;1.00000e+00;6.00000e-02;8.41755e-01;8.34646e-01;8.84171e-01;Pipeline { filter(PT08.S4(NO2) < 3050000000.0000) | filter(PT08.S1(CO) < 1820.0000) };7.07174e-01;1.00000e+00;8.99054e-01;Pipeline { filter(CO(GT) > 0.0000) };8.38116e-01;9.36567e-01;9.19684e-01;Pipeline { filter(RH > 0.0000) };8.38116e-01;9.36567e-01;9.19684e-01;Pipeline { filter(PT08.S4(NO2) > 7.1100) };8.38116e-01;9.36567e-01;9.19684e-01;Pipeline { filter(PT08.S4(NO2) > 0.0029) };8.38116e-01;9.36567e-01;9.19684e-01;Pipeline { filter(PT08.S3(NOx) < 4520.0000) }
datasets/airQuality_parallel.csv;nsga2;3;28;2800;2800;7.09370e+01;100;100;100;1.00000e+00;1.00000e+00;6.00000e-02;8.41755e-01;8.34646e-01;8.84171e-01;Pipeline { filter(PT08.S4(NO2) < 3050000000.0000) | filter(PT08.S1(CO) < 1820.0000) };7.11560e-01;1.00000e+00;8.78132e-01;Pipeline { filter(NOx(GT) > 0.0460) };8.38116e-01;9.36567e-01;9.19684e-01;Pipeline { filter(PT08.S4(NO2) > 7.0500) | filter(PT08.S2(NMHC) < 1790000.0000) | filter(PT08.S1(CO) < 669000000.0000) };8.38116e-01;9.36567e-01;9.19684e-01;Pipeline { filter(PT08.S3(NOx) > 0.4440) };8.38116e-01;9.36567e-01;9.19684e-01;Pipeline { filter(PT08.S3(NOx) > 0.0000) | filter(PT08.S1(CO) < 907000.0000) };8.38116e-01;9.36567e-01;9.19684e-01;Pipeline { filter(PT08.S4(NO2) > 0.0039) | filter(PT08.S2(NMHC) < 1910000.0000) | filter(C6H6(GT) < 669000000.0000) }
datasets/airQuality_parallel.csv;nsga2;3;29;2900;2900;7.35360e+01;100;100;100;1.00000e+00;9.90000e-01;6.00000e-02;8.41755e-01;8.34646e-01;8.84171e-01;Pipeline { filter(PT08.S4(NO2) < 3050000000.0000) | filter(PT08.S1(CO) < 1820.0000) };7.07174e-01;1.00000e+00;8.99054e-01;Pipeline { filter(CO(GT) < 150000000.0000) };8.38116e-01;9.36567e-01;9.19684e-01;Pipeline { filter(PT08.S4(NO2) > 0.0000) | filter(PT08.S1(CO) < 907000.0000) };8.38116e-01;9.36567e-01;9.19684e-01;Pipeline { filter(PT08.S4(NO2) < 39900.0000) | filter(PT08.S4(NO2) < 8390000000.0000) };8.38116e-01;9.36567e-01;9.19684e-01;Pipeline { filter(PT08.S4(NO2) > 0.0033) | filter(PT08.S2(NMHC) < 1910000.0000) | filter(C6H6(GT) < 669000000.0000) };8.38116e-01;9.36567e-01;9.19684e-01;Pipeline { filter(PT08.S2(NMHC) > 0.0000) }
datasets/airQuality_parallel.csv;nsga2;3;30;3000;3000;7.60550e+01;100;100;100;1.00000e+00;1.00000e+00;6.00000e-02;8.41755e-01;8.34646e-01;8.84171e-01;Pipeline { filter(PT08.S4(NO2) < 3050000000.0000) | filter(PT08.S1(CO) < 1820.0000) };7.07174e-01;1.00000e+00;8.99054e-01;Pipeline { filter(CO(GT) > 0.0000) };8.38116e-01;9.36567e-01;9.19684e-01;Pipeline { filter(PT08.S3(NOx) > 0.9530) | filter(PT08.S1(CO) < 307000.0000) };8.38116e-01;9.36567e-01;9.19684e-01;Pipeline { filter(PT08.S2(NMHC) > 0.0480) | filter(PT08.S2(NMHC) < 323000.0000) | filter(PT08.S1(CO) < 5550000.0000) };8.38116e-01;9.36567e-01;9.19684e-01;Pipeline { filter(PT08.S4(NO2) > 8.6200) };8.38116e-01;9.36567e-01;9.19684e-01;Pipeline { filter(AH > 0.0001) | filter(PT08.S2(NMHC) < 523000.0000) | filter(PT08.S1(CO) < 5550000.0000) }
datasets/airQuality_parallel.csv;nsga2;3;31;3100;3100;7.86030e+01;100;100;100;1.00000e+00;9.90000e-01;6.00000e-02;8.41755e-01;8.34646e-01;8.84171e-01;Pipeline { filter(PT08.S4(NO2) < 3050000000.0000) | filter(PT08.S1(CO) < 1820.0000) };7.07174e-01;1.00000e+00;8.99054e-01;Pipeline { filter(CO(GT) < 619000000.0000) };8.38116e-01;9.36567e-01;9.19684e-01;Pipeline { filter(PT08.S4(NO2) > 0.0033) | filter(PT08.S2(NMHC) < 1540000.0000) | filter(C6H6(GT) < 769000000.0000) };8.38116e-01;9.36567e-01;9.19684e-01;Pipeline { filter(PT08.S4(NO2) > 0.0019) };8.38116e-01;9.36567e-01;9.19684e-01;Pipeline { filter(AH > 0.0038) };8.38116e-01;9.36567e-01;9.19684e-01;Pipeline { filter(C6H6(GT) < 65000000.0000) }
datasets/airQuality_parallel.csv;nsga2;3;32;3200;3200;8.09990e+01;100;100;100;1.00000e+00;1.00000e+00;6.00000e-02;8.41755e-01;8.34646e-01;8.84171e-01;Pipeline { filter(PT08.S4(NO2) < 3050000000.0000) | filter(PT08.S1(CO) < 1820.0000) };7.07174e-01;1.00000e+00;8.99054e-01;Pipeline { filter(CO(GT) > 0.0008) };8.38116e-01;9.36567e-01;9.19684e-01;Pipeline { filter(PT08.S1(CO) > 0.0000) };8.38116e-01;9.36567e-01;9.19684e-01;Pipeline { filter(PT08.S5(O3) > 0.0913) };8.38116e-01;9.36567e-01;9.19684e-01;Pipeline { filter(AH > 0.0000) | filter(PT08.S1(CO) < 907000.0000) };8.38116e-01;9.36567e-01;9.19684e-01;Pipeline { filter(PT08.S4(NO2) > 0.0000) | filter(PT08.S2(NMHC) < 1790000.0000) | filter(PT08.S1(CO) < 669000000.0000) }
datasets/airQuality_parallel.csv;nsga2;3;33;3300;3300;8.35060e+01;100;100;100;1.00000e+00;1.00000e+00;6.00000e-02;8.41755e-01;8.34646e-01;8.84171e-01;Pipeline { filter(PT08.S4(NO2) < 3050000000.0000) | filter(PT08.S1(CO) < 1820.0000) };7.11560e-01;1.00000e+00;8.78132e-01;Pipeline { filter(NOx(GT) < 3020.0000) };8.38116e-01;9.36567e-01;9.19684e-01;Pipeline { filter(PT08.S4(NO2) > 0.0080) };8.38116e-01;9.36567e-01;9.19684e-01;Pipeline { filter(PT08.S5(O3) > 0.0000) };8.38116e-01;9.36567e-01;9.19684e-01;Pipeline { filter(PT08.S3(NOx) > 0.9530) | filter(PT08.S2(NMHC) > 0.0095) };8.38116e-01;9.36567e-01;9.19684e-01;Pipeline { filter(AH > 0.0000) | filter(PT08.S2(NMHC) < 123000000.0000) | filter(PT08.S1(CO) < 5450000.0000) }
datasets/airQuality_parallel.csv;nsga2;3;34;3400;3400;8.59790e+01;100;100;100;1.00000e+00;9.90000e-01;6.00000e-02;8.41755e-01;8.34646e-01;8.84171e-01;Pipeline { filter(PT08.S4(NO2) < 3050000000.0000) | filter(PT08.S1(CO) < 1820.0000) };7.07174e-01;1.00000e+00;8.99054e-01;Pipeline { filter(CO(GT) > 0.0000) };8.38116e-01;9.36567e-01;9.19684e-01;Pipeline { filter(C6H6(GT) > 0.0000) };8.38116e-01;9.36567e-01;9.19684e-01;Pipeline { filter(PT08.S5(O3) > 8.6300) };8.38116e-01;9.36567e-01;9.19684e-01;Pipeline { filter(PT08.S4(NO2) > 0.0000) | filter(PT08.S2(NMHC) < 1790000.0000) | filter(PT08.S1(CO) < 669000000.0000) };8.38116e-01;9.36567e-01;9.19684e-01;Pipeline { filter(PT08.S4(NO2) > 7.0600) | filter(PT08.S2(NMHC) < 5580000000.0000) | filter(PT08.S1(CO) < 666000000.0000) }
datasets/airQuality_parallel.csv;nsga2;3;35;3500;3500;8.86670e+01;100;100;100;1.00000e+00;1.00000e+00;6.00000e-02;8.41755e-01;8.34646e-01;8.84171e-01;Pipeline { filter(PT08.S4(NO2) < 3050000000.0000) | filter(PT08.S1(CO) < 1820.0000) };7.07174e-01;1.00000e+00;8.99054e-01;Pipeline { filter(CO(GT) < 43.7000) };8.38116e-01;9.36567e-01;9.19684e-01;Pipeline { filter(PT08.S3(NOx) > 0.9530) | filter(AH > 0.0095) };8.38116e-01;9.36567e-01;9.19684e-01;Pipeline { filter(AH > 0.0036) };8.38116e-01;9.36567e-01;9.19684e-01;Pipeline { filter(PT08.S4(NO2) > 0.0000) };8.38116e-01;9.36567e-01;9.19684e-01;Pipeline { filter(AH < 601000.0000) }
datasets/airQuality_parallel.csv;nsga2;3;36;3600;3600;9.10210e+01;100;100;100;1.00000e+00;1.00000e+00;6.00000e-02;8.41755e-01;8.34646e-01;8.84171e-01;Pipeline { filter(PT08.S4(NO2) < 3050000000.0000) | filter(PT08.S1(CO) < 1820.0000) };7.07174e-01;1.00000e+00;8.99054e-01;Pipeline { filter(CO(GT) > 0.0007) };8.38116e-01;9.36567e-01;9.19684e-01;Pipeline { filter(PT08.S4(NO2) > 0.0033) | filter(PT08.S2(NMHC) < 1940000.0000) | filter(AH < 12100.0000) };8.38116e-01;9.36567e-01;9.19684e-01;Pipeline { filter(PT08.S1(CO) < 9620.0000) };8.38116e-01;9.36567e-01;9.19684e-01;Pipeline { filter(PT08.S4(NO2) > 0.9960) };8.38116e-01;9.36567e-01;9.19684e-01;Pipeline { filter(PT08.S5(O3) > 0.0000) }
datasets/airQuality_parallel.csv;nsga2;3;37;3700;3700;9.39090e+01;100;100;100;1.00000e+00;1.00000e+00;6.00000e-02;8.41755e-01;8.34646e-01;8.84171e-01;Pipeline { filter(PT08.S4(NO2) < 3050000000.0000) | filter(PT08.S1(CO) < 1820.0000) };7.11560e-01;1.00000e+00;8.78132e-01;Pipeline { filter(NOx(GT) > 0.0000) };8.38116e-01;9.36567e-01;9.19684e-01;Pipeline { filter(RH > 0.0054) };8.38116e-01;9.36567e-01;9.19684e-01;Pipeline { filter(AH < 66200000.0000) };8.38116e-01;9.36567e-01;9.19684e-01;Pipeline { filter(PT08.S5(O3) > 8.0300) };8.38116e-01;9.36567e-01;9.19684e-01;Pipeline { filter(PT08.S4(NO2) > 0.0011) }
datasets/airQuality_parallel.csv;nsga2;3;38;3800;3800;9.63340e+01;100;100;100;1.00000e+00;1.00000e+00;6.00000e-02;8.41755e-01;8.34646e-01;8.84171e-01;Pipeline { filter(PT08.S4(NO2) < 3050000000.0000) | filter(PT08.S1(CO) < 1820.0000) };7.07174e-01;1.00000e+00;8.99054e-01;Pipeline { filter(CO(GT) < 849000.0000) };8.38116e-01;9.36567e-01;9.19684e-01;Pipeline { filter(T < 47400000.0000) };8.38116e-01;9.36567e-01;9.19684e-01;Pipeline { filter(PT08.S4(NO2) > 0.0000) };8.38116e-01;9.36567e-01;9.19684e-01;Pipeline { filter(AH > 0.0000) | filter(PT08.S2(NMHC) < 240000.0000) | filter(PT08.S1(CO) < 5450000.0000) };8.38116e-01;9.36567e-01;9.19684e-01;Pipeline { filter(AH > 0.0000) }
datasets/airQuality_parallel.csv;nsga2;3;39;3900;3900;9.87060e+01;100;100;100;1.00000e+00;1.00000e+00;6.00000e-02;8.41755e-01;8.34646e-01;8.84171e-01;Pipeline { filter(PT08.S4(NO2) < 3050000000.0000) | filter(PT08.S1(CO) < 1820.0000) };7.07174e-01;1.00000e+00;8.99054e-01;Pipeline { filter(CO(GT) > 0.0010) };8.38116e-01;9.36567e-01;9.19684e-01;Pipeline { filter(AH > 0.0000) | filter(PT08.S2(NMHC) < 425000.0000) | filter(PT08.S1(CO) < 6450000.0000) };8.38116e-01;9.36567e-01;9.19684e-01;Pipeline { filter(PT08.S5(O3) > 0.0002) };8.38116e-01;9.36567e-01;9.19684e-01;Pipeline { filter(AH > 0.0000) | filter(PT08.S2(NMHC) < 421000.0000) | filter(C6H6(GT) > 0.0008) };8.38116e-01;9.36567e-01;9.19684e-01;Pipeline { filter(RH < 818.0000) }
datasets/airQuality_parallel.csv;nsga2;3;40;4000;4000;1.01007e+02;100;100;100;1.00000e+00;1.00000e+00;6.00000e-02;8.41755e-01;8.34646e-01;8.84171e-01;Pipeline { filter(PT08.S4(NO2) < 3050000000.0000) | filter(PT08.S1(CO) < 1820.0000) };7.11560e-01;1.00000e+00;8.78132e-01;Pipeline { filter(NOx(GT) > 0.0000) };8.38116e-01;9.36567e-01;9.19684e-01;Pipeline { filter(RH > 0.0094) };8.38116e-01;9.36567e-01;9.19684e-01;Pipeline { filter(AH > 0.0000) | filter(PT08.S2(NMHC) < 821000.0000) | filter(PT08.S3(NOx) < 96000000.0000) };8.38116e-01;9.36567e-01;9.19684e-01;Pipeline { filter(AH > 0.0000) | filter(PT08.S2(NMHC) < 431000.0000) | filter(PT08.S4(NO2) > 0.0000) };8.38116e-01;9.36567e-01;9.19684e-01;Pipeline { filter(PT08.S5(O3) > 0.0000) }
datasets/airQuality_parallel.csv;nsga2;3;41;4100;4100;1.03552e+02;100;100;100;1.00000e+00;1.00000e+00;7.00000e-02;8.41755e-01;8.34646e-01;8.84171e-01;Pipeline { filter(PT08.S4(NO2) < 3050000000.0000) | filter(PT08.S1(CO) < 1820.0000) };7.11560e-01;1.00000e+00;8.78132e-01;Pipeline { filter(NOx(GT) > 0.0000) };8.38116e-01;9.36567e-01;9.19684e-01;Pipeline { filter(AH > 0.0000) | filter(PT08.S2(NMHC) < 4210.0000) | filter(PT08.S1(CO) < 5450000.0000) };8.38116e-01;9.36567e-01;9.19684e-01;Pipeline { filter(AH > 0.0000) | filter(PT08.S2(NMHC) < 70800000.0000) | filter(PT08.S1(CO) < 6450000.0000) };8.38116e-01;9.36567e-01;9.19684e-01;Pipeline { filter(RH < 860.0000) };8.38116e-01;9.36567e-01;9.19684e-01;Pipeline { filter(PT08.S4(NO2) < 693000000.0000) }
datasets/airQuality_parallel.csv;nsga2;3;42;4200;4200;1.05875e+02;100;100;100;1.00000e+00;1.00000e+00;7.00000e-02;8.41755e-01;8.34646e-01;8.84171e-01;Pipeline { filter(PT08.S4(NO2) < 3050000000.0000) | filter(PT08.S1(CO) < 1820.0000) };7.07174e-01;1.00000e+00;8.99054e-01;Pipeline { filter(CO(GT) > 0.0000) };8.38116e-01;9.36567e-01;9.19684e-01;Pipeline { filter(PT08.S4(NO2) > 0.0903) };8.38116e-01;9.36567e-01;9.19684e-01;Pipeline { filter(PT08.S5(O3) > 0.0000) };8.38116e-01;9.36567e-01;9.19684e-01;Pipeline { filter(AH > 0.0000) | filter(PT08.S2(NMHC) < 425000.0000) | filter(PT08.S1(CO) < 6050000.0000) };8.38116e-01;9.36567e-01;9.19684e-01;Pipeline { filter(PT08.S3(NOx) > 0.7470) }
datasets/airQuality_parallel.csv;nsga2;3;43;4300;4300;1.08351e+02;100;100;100;1.00000e+00;1.00000e+00;7.00000e-02;8.41755e-01;8.34646e-01;8.84171e-01;Pipeline { filter(PT08.S4(NO2) < 3050000000.0000) | filter(PT08.S1(CO) < 1820.0000) };7.11560e-01;1.00000e+00;8.78132e-01;Pipeline { filter(NOx(GT) < 90900.0000) };8.38116e-01;9.36567e-01;9.19684e-01;Pipeline { filter(PT08.S2(NMHC) > 0.0000) };8.38116e-01;9.36567e-01;9.19684e-01;Pipeline { filter(PT08.S3(NOx) > 0.0000) };8.38116e-01;9.36567e-01;9.19684e-01;Pipeline { filter(AH > 0.0000) | filter(PT08.S1(CO) < 828000.0000) | filter(PT08.S3(NOx) < 696000000.0000) };8.38116e-01;9.36567e-01;9.19684e-01;Pipeline { filter(PT08.S2(NMHC) < 4930000000.0000) }
datasets/airQuality_parallel.csv;nsga2;3;44;4400;4400;1.10749e+02;100;100;100;1.00000e+00;1.00000e+00;7.00000e-02;8.41755e-01;8.34646e-01;8.84171e-01;Pipeline { filter(PT08.S4(NO2) < 3050000000.0000) | filter(PT08.S1(CO) < 1820.0000) };7.11560e-01;1.00000e+00;8.78132e-01;Pipeline { filter(NOx(GT) > 0.0117) };8.38116e-01;9.36567e-01;9.19684e-01;Pipeline { filter(PT08.S3(NOx) < 267000000.0000) };8.38116e-01;9.36567e-01;9.19684e-01;Pipeline { filter(PT08.S4(NO2) > 0.0000) | filter(PT08.S2(NMHC) < 3490000.0000) | filter(RH < 268000000.0000) };8.38116e-01;9.36567e-01;9.19684e-01;Pipeline { filter(AH > 0.0000) | filter(PT08.S2(NMHC) < 4210.0000) | filter(T < 5450000.0000) };8.38116e-01;9.36567e-01;9.19684e-01;Pipeline { filter(T < 7870000000.0000) }
datasets/airQuality_parallel.csv;nsga2;3;45;4500;4500;1.13015e+02;100;100;100;1.00000e+00;1.00000e+00;7.00000e-02;8.41755e-01;8.34646e-01;8.84171e-01;Pipeline { filter(PT08.S4(NO2) < 3050000000.0000) | filter(PT08.S1(CO) < 1820.0000) };7.11560e-01;1.00000e+00;8.78132e-01;Pipeline { filter(NOx(GT) > 0.0000) };8.38116e-01;9.36567e-01;9.19684e-01;Pipeline { filter(PT08.S2(NMHC) > 0.0000) };8.38116e-01;9.36567e-01;9.19684e-01;Pipeline { filter(PT08.S2(NMHC) > 0.0000) };8.38116e-01;9.36567e-01;9.19684e-01;Pipeline { filter(C6H6(GT) < 8340000000.0000) };8.38116e-01;9.36567e-01;9.19684e-01;Pipeline { filter(PT08.S2(NMHC) > 0.0000) }
datasets/airQuality_parallel.csv;nsga2;3;46;4600;4600;1.15399e+02;100;100;100;1.00000e+00;1.00000e+00;7.00000e-02;8.41755e-01;8.34646e-01;8.84171e-01;Pipeline { filter(PT08.S4(NO2) < 3050000000.0000) | filter(PT08.S1(CO) < 1820.0000) };7.11560e-01;1.00000e+00;8.78132e-01;Pipeline { filter(NOx(GT) > 0.0000) };8.38116e-01;9.36567e-01;9.19684e-01;Pipeline { filter(PT08.S1(CO) < 93000000.0000) };8.38116e-01;9.36567e-01;9.19684e-01;Pipeline { filter(AH > 0.0008) };8.38116e-01;9.36567e-01;9.19684e-01;Pipeline { filter(PT08.S5(O3) > 72.4000) };8.38116e-01;9.36567e-01;9.19684e-01;Pipeline { filter(RH < 8180000.0000) }
datasets/airQuality_parallel.csv;nsga2;3;47;4700;4700;1.17907e+02;100;100;100;1.00000e+00;1.00000e+00;7.00000e-02;8.41755e-01;8.34646e-01;8.84171e-01;Pipeline { filter(PT08.S4(NO2) < 3050000000.0000) | filter(PT08.S1(CO) < 1820.0000) };7.07174e-01;1.00000e+00;8.99054e-01;Pipeline { filter(CO(GT) > 0.0008) };8.38116e-01;9.36567e-01;9.19684e-01;Pipeline { filter(PT08.S1(CO) < 7350000.0000) };8.38116e-01;9.36567e-01;9.19684e-01;Pipeline { filter(AH > 0.0470) };8.38116e-01;9.36567e-01;9.19684e-01;Pipeline { filter(PT08.S4(NO2) > 0.0000) };8.38116e-01;9.36567e-01;9.19684e-01;Pipeline { filter(PT08.S2(NMHC) > 0.0000) }
datasets/airQuality_parallel.csv;nsga2;3;48;4800;4800;1.20467e+02;100;100;100;1.00000e+00;9.90000e-01;7.00000e-02;8.41755e-01;8.34646e-01;8.84171e-01;Pipeline { filter(PT08.S4(NO2) < 3050000000.0000) | filter(PT08.S1(CO) < 1820.0000) };7.11560e-01;1.00000e+00;8.78132e-01;Pipeline { filter(NOx(GT) > 0.0000) };8.38116e-01;9.36567e-01;9.19684e-01;Pipeline { filter(PT08.S4(NO2) > 0.0001) };8.38116e-01;9.36567e-01;9.19684e-01;Pipeline { filter(PT08.S2(NMHC) > 0.0000) };8.38116e-01;9.36567e-01;9.19684e-01;Pipeline { filter(RH > 0.0000) };8.38116e-01;9.36567e-01;9.19684e-01;Pipeline { filter(PT08.S2(NMHC) > 0.0000) | filter(PT08.S2(NMHC) < 928000.0000) | filter(PT08.S3(NOx) < 656000000.0000) }
datasets/airQuality_parallel.csv;nsga2;3;49;4900;4900;1.22864e+02;100;100;100;1.00000e+00;1.00000e+00;7.00000e-02;8.41755e-01;8.34646e-01;8.84171e-01;Pipeline { filter(PT08.S4(NO2) < 3050000000.0000) | filter(PT08.S1(CO) < 1820.0000) };7.07174e-01;1.00000e+00;8.99054e-01;Pipeline { filter(CO(GT) > 0.0000) };8.38116e-01;9.36567e-01;9.19684e-01;Pipeline { filter(PT08.S5(O3) > 0.0000) };8.38116e-01;9.36567e-01;9.19684e-01;Pipeline { filter(PT08.S2(NMHC) > 0.0000) | filter(PT08.S2(NMHC) < 928000.0000) | filter(PT08.S3(NOx) < 6960.0000) };8.38116e-01;9.36567e-01;9.19684e-01;Pipeline { filter(PT08.S2(NMHC) < 2780000000.0000) };8.38116e-01;9.36567e-01;9.19684e-01;Pipeline { filter(C6H6(GT) < 804000.0000) }
datasets/airQuality_parallel.csv;nsga2;3;50;5000;5000;1.25375e+02;100;100;100;1.00000e+00;1.00000e+00;7.00000e-02;8.41755e-01;8.34646e-01;8.84171e-01;Pipeline { filter(PT08.S4(NO2) < 3050000000.0000) | filter(PT08.S1(CO) < 1820.0000) };7.07174e-01;1.00000e+00;8.99054e-01;Pipeline { filter(CO(GT) > 0.0008) };8.38116e-01;9.36567e-01;9.19684e-01;Pipeline { filter(PT08.S4(NO2) > 29.6000) };8.38116e-01;9.36567e-01;9.19684e-01;Pipeline { filter(PT08.S1(CO) < 1350000.0000) };8.38116e-01;9.36567e-01;9.19684e-01;Pipeline { filter(PT08.S4(NO2) > 0.0000) };8.38116e-01;9.36567e-01;9.19684e-01;Pipeline { filter(PT08.S5(O3) > 0.0000) }
datasets/airQuality_parallel.csv;nsga2;4;1;100;100;3.43400e+00;100;8;82;1.00000e+00;1.00000e+00;1.30000e-01;8.38116e-01;9.36567e-01;9.19684e-01;Pipeline { filter(RH > 0.0151) };7.11284e-01;1.00000e+00;8.78028e-01;Pipeline { filter(NO2(GT) < 238000000.0000) };8.38116e-01;9.36567e-01;9.19684e-01;Pipeline { filter(RH > 0.0151) };0.00000e+00;0.00000e+00;0.00000e+00;Pipeline { filter(PT08.S5(O3) > 3.7900) | filter(NO2(GT) < 614000.0000) | filter(PT08.S2(NMHC) < 0.0000) | filter(PT08.S1(CO) < 349000.0000) | filter(PT08.S4(NO2) < 0.0001) | filter(NOx(GT) > 43500.0000) };0.00000e+00;0.00000e+00;0.00000e+00;Pipeline { filter(NO2(GT) < 0.0026) | filter(RH > 359000.0000) | filter(PT08.S4(NO2) > 0.8180) | filter(RH > 310.0000) };0.00000e+00;0.00000e+00;0.00000e+00;Pipeline { filter(PT08.S5(O3) > 3.7900) | filter(NO2(GT) < 614000.0000) | filter(PT08.S2(NMHC) < 0.0000) | filter(PT08.S1(CO) < 349000.0000) | filter(PT08.S4(NO2) < 0.0001) | filter(NOx(GT) > 43500.0000) }
datasets/airQuality_parallel.csv;nsga2;4;2;200;200;6.31300e+00;100;27;54;1.00000e+00;1.00000e+00;1.90000e-01;8.38116e-01;9.36567e-01;9.19684e-01;Pipeline { filter(PT08.S5(O3) > 4.0000) | filter(AH < 26800.0000) };7.07174e-01;1.00000e+00;8.99054e-01;Pipeline { filter(CO(GT) > 0.0001) };8.38116e-01;9.36567e-01;9.19684e-01;Pipeline { filter(PT08.S5(O3) > 4.0000) | filter(AH < 26800.0000) };8.35785e-01;9.36567e-01;9.19221e-01;Pipeline { filter(T > 0.0063) | filter(T > 0.6900) };8.38116e-01;9.36567e-01;9.19684e-01;Pipeline { filter(PT08.S2(NMHC) > 0.0630) };8.35785e-01;9.36567e-01;9.19221e-01;Pipeline { filter(T > 0.0063) | filter(T > 0.6900) }
datasets/airQuality_parallel.csv;nsga2;4;3;300;300;8.89800e+00;100;66;1;1.00000e+00;1.00000e+00;2.10000e-01;8.38116e-01;9.36567e-01;9.19684e-01;Pipeline { filter(C6H6(GT) > 0.0000) };7.11284e-01;1.00000e+00;8.78028e-01;Pipeline { filter(NO2(GT) < 238000000.0000) };8.38116e-01;9.36567e-01;9.19684e-01;Pipeline { filter(C6H6(GT) > 0.0000) };8.38116e-01;9.36567e-01;9.19684e-01;Pipeline { filter(C6H6(GT) > 0.0084) };6.86543e-01;9.36567e-01;8.45646e-01;Pipeline { filter(PT08.S3(NOx) < 28600000.0000) | filter(NOx(GT) > 0.0000) | filter(PT08.S2(NMHC) > 0.0003) };8.38116e-01;9.36567e-01;9.19684e-01;Pipeline { filter(C6H6(GT) > 0.0084) }
datasets/airQuality_parallel.csv;nsga2;4;4;400;400;1.11740e+01;100;100;100;1.00000e+00;1.00000e+00;3.00000e-02;8.38116e-01;9.36567e-01;9.19684e-01;Pipeline { filter(C6H6(GT) > 0.0001) };7.07174e-01;1.00000e+00;8.99054e-01;Pipeline { filter(CO(GT) > 0.0000) };8.38116e-01;9.36567e-01;9.19684e-01;Pipeline { filter(C6H6(GT) > 0.0001) };8.38116e-01;9.36567e-01;9.19684e-01;Pipeline { filter(PT08.S5(O3) > 4.0000) | filter(RH > 0.0000) };8.38116e-01;9.36567e-01;9.19684e-01;Pipeline { filter(C6H6(GT) > 0.0001) };8.38116e-01;9.36567e-01;9.19684e-01;Pipeline { filter(PT08.S5(O3) > 4.0000) | filter(RH > 0.0000) }
datasets/airQuality_parallel.csv;nsga2;4;5;500;500;1.35770e+01;100;100;100;1.00000e+00;1.00000e+00;3.00000e-02;8.38116e-01;9.36567e-01;9.19684e-01;Pipeline { filter(PT08.S3(NOx) < 88600000.0000) | filter(PT08.S3(NOx) > 0.0000) | filter(PT08.S2(NMHC) > 0.0003) };7.07174e-01;1.00000e+00;8.99054e-01;Pipeline { filter(CO(GT) > 0.0001) };8.38116e-01;9.36567e-01;9.19684e-01;Pipeline { filter(PT08.S3(NOx) < 88600000.0000) | filter(PT08.S3(NOx) > 0.0000) | filter(PT08.S2(NMHC) > 0.0003) };8.38116e-01;9.36567e-01;9.19684e-01;Pipeline { filter(PT08.S5(O3) > 0.0401) };8.38116e-01;9.36567e-01;9.19684e-01;Pipeline { filter(PT08.S4(NO2) < 57800.0000) };8.38116e-01;9.36567e-01;9.19684e-01;Pipeline { filter(PT08.S5(O3) > 0.0401) }
datasets/airQuality_parallel.csv;nsga2;4;6;600;600;1.59800e+01;100;100;100;1.00000e+00;1.00000e+00;3.00000e-02;8.38116e-01;9.36567e-01;9.19684e-01;Pipeline { filter(T < 322000000.0000) };7.07174e-01;1.00000e+00;8.99054e-01;Pipeline { filter(CO(GT) > 0.0951) };8.38116e-01;9.36567e-01;9.19684e-01;Pipeline { filter(T < 322000000.0000) };8.38116e-01;9.36567e-01;9.19684e-01;Pipeline { filter(PT08.S5(O3) > 0.0015) };8.38116e-01;9.36567e-01;9.19684e-01;Pipeline { filter(PT08.S3(NOx) < 76500.0000) };8.38116e-01;9.36567e-01;9.19684e-01;Pipeline { filter(PT08.S5(O3) > 0.0015) }
datasets/airQuality_parallel.csv;nsga2;4;7;700;700;1.84000e+01;100;100;100;1.00000e+00;1.00000e+00;3.00000e-02;8.38116e-01;9.36567e-01;9.19684e-01;Pipeline { filter(PT08.S3(NOx) < 169000000.0000) };7.07174e-01;1.00000e+00;8.99054e-01;Pipeline { filter(CO(GT) > 0.0000) };8.38116e-01;9.36567e-01;9.19684e-01;Pipeline { filter(PT08.S3(NOx) < 169000000.0000) };8.38116e-01;9.36567e-01;9.19684e-01;Pipeline { filter(PT08.S2(NMHC) > 0.8540) };8.38116e-01;9.36567e-01;9.19684e-01;Pipeline { filter(PT08.S1(CO) > 0.0000) };8.38116e-01;9.36567e-01;9.19684e-01;Pipeline { filter(PT08.S2(NMHC) > 0.8540) }
datasets/airQuality_parallel.csv;nsga2;4;8;800;800;2.07280e+01;100;100;100;1.00000e+00;1.00000e+00;3.00000e-02;8.38116e-01;9.36567e-01;9.19684e-01;Pipeline { filter(T < 3380.0000) };7.07174e-01;1.00000e+00;8.99054e-01;Pipeline { filter(CO(GT) > 0.0000) };8.38116e-01;9.36567e-01;9.19684e-01;Pipeline { filter(T < 3380.0000) };8.38116e-01;9.36567e-01;9.19684e-01;Pipeline { filter(RH > 0.0000) };8.38116e-01;9.36567e-01;9.19684e-01;Pipeline { filter(PT08.S4(NO2) > 507.0000) };8.38116e-01;9.36567e-01;9.19684e-01;Pipeline { filter(RH > 0.0000) }
datasets/airQuality_parallel.csv;nsga2;4;9;900;900;2.32670e+01;100;100;100;1.00000e+00;1.00000e+00;3.00000e-02;8.38116e-01;9.36567e-01;9.19684e-01;Pipeline { filter(PT08.S5(O3) < 427000.0000) };7.07174e-01;1.00000e+00;8.99054e-01;Pipeline { filter(CO(GT) < 76700000.0000) };8.38116e-01;9.36567e-01;9.19684e-01;Pipeline { filter(PT08.S5(O3) < 427000.0000) };8.38116e-01;9.36567e-01;9.19684e-01;Pipeline { filter(PT08.S3(NOx) < 8140000.0000) | filter(C6H6(GT) > 0.0000) | filter(PT08.S2(NMHC) > 0.0003) };8.38116e-01;9.36567e-01;9.19684e-01;Pipeline { filter(PT08.S4(NO2) > 0.0700) };8.38116e-01;9.36567e-01;9.19684e-01;Pipeline { filter(PT08.S3(NOx) < 8140000.0000) | filter(C6H6(GT) > 0.0000) | filter(PT08.S2(NMHC) > 0.0003) }
datasets/airQuality_parallel.csv;nsga2;4;10;1000;1000;2.56710e+01;100;100;100;1.00000e+00;1.00000e+00;3.00000e-02;8.38116e-01;9.36567e-01;9.19684e-01;Pipeline { filter(PT08.S4(NO2) > 0.0493) };7.07174e-01;1.00000e+00;8.99054e-01;Pipeline { filter(CO(GT) > 0.0000) };8.38116e-01;9.36567e-01;9.19684e-01;Pipeline { filter(PT08.S4(NO2) > 0.0493) };8.38116e-01;9.36567e-01;9.19684e-01;Pipeline { filter(PT08.S5(O3) > 80.0000) | filter(PT08.S3(NOx) < 26800000.0000) };8.38116e-01;9.36567e-01;9.19684e-01;Pipeline { filter(T < 325000.0000) };8.38116e-01;9.36567e-01;9.19684e-01;Pipeline { filter(PT08.S5(O3) > 80.0000) | filter(PT08.S3(NOx) < 26800000.0000) }
datasets/airQuality_parallel.csv;nsga2;4;11;1100;1100;2.81300e+01;100;100;100;1.00000e+00;1.00000e+00;3.00000e-02;8.38116e-01;9.36567e-01;9.19684e-01;Pipeline { filter(PT08.S1(CO) > 0.0018) };7.07174e-01;1.00000e+00;8.99054e-01;Pipeline { filter(CO(GT) < 76700000.0000) };8.38116e-01;9.36567e-01;9.19684e-01;Pipeline { filter(PT08.S1(CO) > 0.0018) };8.38116e-01;9.36567e-01;9.19684e-01;Pipeline { filter(T < 1910000.0000) };8.38116e-01;9.36567e-01;9.19684e-01;Pipeline { filter(PT08.S3(NOx) < 88600000.0000) | filter(PT08.S3(NOx) > 0.0000) | filter(PT08.S2(NMHC) > 0.0002) };8.38116e-01;9.36567e-01;9.19684e-01;Pipeline { filter(T < 1910000.0000) }
datasets/airQuality_parallel.csv;nsga2;4;12;1200;1200;3.05860e+01;100;100;100;1.00000e+00;1.00000e+00;3.00000e-02;8.38116e-01;9.36567e-01;9.19684e-01;Pipeline { filter(C6H6(GT) > 0.0669) };7.07174e-01;1.00000e+00;8.99054e-01;Pipeline { filter(CO(GT) < 959000.0000) };8.38116e-01;9.36567e-01;9.19684e-01;Pipeline { filter(C6H6(GT) > 0.0669) };8.38116e-01;9.36567e-01;9.19684e-01;Pipeline { filter(PT08.S2(NMHC) > 0.0001) };8.38116e-01;9.36567e-01;9.19684e-01;Pipeline { filter(PT08.S1(CO) > 0.0000) };8.38116e-01;9.36567e-01;9.19684e-01;Pipeline { filter(PT08.S2(NMHC) > 0.0001) }
datasets/airQuality_parallel.csv;nsga2;4;13;1300;1300;3.29330e+01;100;100;100;1.00000e+00;1.00000e+00;3.00000e-02;8.38116e-01;9.36567e-01;9.19684e-01;Pipeline { filter(PT08.S4(NO2) > 0.0455) };7.07174e-01;1.00000e+00;8.99054e-01;Pipeline { filter(CO(GT) < 454000000.0000) };8.38116e-01;9.36567e-01;9.19684e-01;Pipeline { filter(PT08.S4(NO2) > 0.0455) };8.38116e-01;9.36567e-01;9.19684e-01;Pipeline { filter(PT08.S1(CO) > 0.0001) };8.38116e-01;9.36567e-01;9.19684e-01;Pipeline { filter(PT08.S5(O3) < 8520000000.0000) | filter(PT08.S3(NOx) > 0.0000) | filter(PT08.S2(NMHC) > 0.0001) };8.38116e-01;9.36567e-01;9.19684e-01;Pipeline { filter(PT08.S1(CO) > 0.0001) }
datasets/airQuality_parallel.csv;nsga2;4;14;1400;1400;3.56070e+01;100;100;100;1.00000e+00;9.80000e-01;3.00000e-02;8.38116e-01;9.36567e-01;9.19684e-01;Pipeline { filter(PT08.S5(O3) > 0.2250) };7.07174e-01;1.00000e+00;8.99054e-01;Pipeline { filter(CO(GT) < 959000.0000) };8.38116e-01;9.36567e-01;9.19684e-01;Pipeline { filter(PT08.S5(O3) > 0.2250) };8.38116e-01;9.36567e-01;9.19684e-01;Pipeline { filter(PT08.S4(NO2) > 9.4600) };8.38116e-01;9.36567e-01;9.19684e-01;Pipeline { filter(C6H6(GT) > 0.0000) };8.38116e-01;9.36567e-01;9.19684e-01;Pipeline { filter(PT08.S4(NO2) > 9.4600) }
datasets/airQuality_parallel.csv;nsga2;4;15;1500;1500;3.79780e+01;100;100;100;1.00000e+00;1.00000e+00;3.00000e-02;8.38116e-01;9.36567e-01;9.19684e-01;Pipeline { filter(RH > 0.0043) };7.11560e-01;1.00000e+00;8.78132e-01;Pipeline { filter(NOx(GT) > 0.0604) };8.38116e-01;9.36567e-01;9.19684e-01;Pipeline { filter(RH > 0.0043) };8.38116e-01;9.36567e-01;9.19684e-01;Pipeline { filter(PT08.S3(NOx) < 28400000.0000) | filter(PT08.S3(NOx) > 0.9930) | filter(PT08.S2(NMHC) > 64.4000) };8.38116e-01;9.36567e-01;9.19684e-01;Pipeline { filter(PT08.S5(O3) > 0.0225) };8.38116e-01;9.36567e-01;9.19684e-01;Pipeline { filter(PT08.S3(NOx) < 28400000.0000) | filter(PT08.S3(NOx) > 0.9930) | filter(PT08.S2(NMHC) > 64.4000) }
datasets/airQuality_parallel.csv;nsga2;4;16;1600;1600;4.03280e+01;100;100;100;1.00000e+00;1.00000e+00;3.00000e-02;8.38116e-01;9.36567e-01;9.19684e-01;Pipeline { filter(C6H6(GT) > 0.0000) };7.07174e-01;1.00000e+00;8.99054e-01;Pipeline { filter(CO(GT) < 11900.0000) };8.38116e-01;9.36567e-01;9.19684e-01;Pipeline { filter(C6H6(GT) > 0.0000) };8.38116e-01;9.36567e-01;9.19684e-01;Pipeline { filter(PT08.S3(NOx) < 73100000.0000) | filter(C6H6(GT) > 0.0001) | filter(PT08.S2(NMHC) > 0.2000) };8.38116e-01;9.36567e-01;9.19684e-01;Pipeline { filter(PT08.S1(CO) < 6990000000.0000) };8.38116e-01;9.36567e-01;9.19684e-01;Pipeline { filter(PT08.S3(NOx) < 73100000.0000) | filter(C6H6(GT) > 0.0001) | filter(PT08.S2(NMHC) > 0.2000) }
datasets/airQuality_parallel.csv;nsga2;4;17;1700;1700;4.28030e+01;100;100;100;1.00000e+00;1.00000e+00;3.00000e-02;8.38116e-01;9.36567e-01;9.19684e-01;Pipeline { filter(PT08.S4(NO2) > 455.0000) };7.11560e-01;1.00000e+00;8.78132e-01;Pipeline { filter(NOx(GT) < 906000.0000) };8.38116e-01;9.36567e-01;9.19684e-01;Pipeline { filter(PT08.S4(NO2) > 455.0000) };8.38116e-01;9.36567e-01;9.19684e-01;Pipeline { filter(PT08.S3(NOx) < 48300000.0000) };8.38116e-01;9.36567e-01;9.19684e-01;Pipeline { filter(PT08.S4(NO2) > 2.4200) };8.38116e-01;9.36567e-01;9.19684e-01;Pipeline { filter(PT08.S3(NOx) < 48300000.0000) }
datasets/airQuality_parallel.csv;nsga2;4;18;1800;1800;4.54470e+01;100;100;100;1.00000e+00;9.90000e-01;3.00000e-02;8.38116e-01;9.36567e-01;9.19684e-01;Pipeline { filter(PT08.S4(NO2) > 9.4300) };7.07174e-01;1.00000e+00;8.99054e-01;Pipeline { filter(CO(GT) > 0.0852) };8.38116e-01;9.36567e-01;9.19684e-01;Pipeline { filter(PT08.S4(NO2) > 9.4300) };8.38116e-01;9.36567e-01;9.19684e-01;Pipeline { filter(PT08.S5(O3) > 0.0043) };8.38116e-01;9.36567e-01;9.19684e-01;Pipeline { filter(PT08.S4(NO2) > 242.0000) };8.38116e-01;9.36567e-01;9.19684e-01;Pipeline { filter(PT08.S5(O3) > 0.0043) }
datasets/airQuality_parallel.csv;nsga2;4;19;1900;1900;4.79760e+01;100;100;100;1.00000e+00;1.00000e+00;3.00000e-02;8.38116e-01;9.36567e-01;9.19684e-01;Pipeline { filter(AH < 946.0000) };7.11560e-01;1.00000e+00;8.78132e-01;Pipeline { filter(NOx(GT) > 0.0001) };8.38116e-01;9.36567e-01;9.19684e-01;Pipeline { filter(AH < 946.0000) };8.38116e-01;9.36567e-01;9.19684e-01;Pipeline { filter(PT08.S2(NMHC) > 0.0813) };8.38116e-01;9.36567e-01;9.19684e-01;Pipeline { filter(PT08.S2(NMHC) > 6.8900) };8.38116e-01;9.36567e-01;9.19684e-01;Pipeline { filter(PT08.S2(NMHC) > 0.0813) }
datasets/airQuality_parallel.csv;nsga2;4;20;2000;2000;5.05600e+01;100;100;100;1.00000e+00;1.00000e+00;3.00000e-02;8.38116e-01;9.36567e-01;9.19684e-01;Pipeline { filter(PT08.S3(NOx) > 4.0400) };7.07174e-01;1.00000e+00;8.99054e-01;Pipeline { filter(CO(GT) > 0.0000) };8.38116e-01;9.36567e-01;9.19684e-01;Pipeline { filter(PT08.S3(NOx) > 4.0400) };8.38116e-01;9.36567e-01;9.19684e-01;Pipeline { filter(PT08.S1(CO) > 83.5000) };8.38116e-01;9.36567e-01;9.19684e-01;Pipeline { filter(PT08.S2(NMHC) > 0.1020) };8.38116e-01;9.36567e-01;9.19684e-01;Pipeline { filter(PT08.S1(CO) > 83.5000) }
datasets/airQuality_parallel.csv;nsga2;4;21;2100;2100;5.30450e+01;100;100;100;1.00000e+00;1.00000e+00;4.00000e-02;8.38514e-01;9.21348e-01;9.17492e-01;Pipeline { filter(C6H6(GT) < 50.8000) };7.07174e-01;1.00000e+00;8.99054e-01;Pipeline { filter(CO(GT) > 0.0000) };8.38116e-01;9.36567e-01;9.19684e-01;Pipeline { filter(T < 8300000.0000) };8.38116e-01;9.36567e-01;9.19684e-01;Pipeline { filter(PT08.S1(CO) > 0.0000) };8.38116e-01;9.36567e-01;9.19684e-01;Pipeline { filter(PT08.S1(CO) > 0.0014) };8.38116e-01;9.36567e-01;9.19684e-01;Pipeline { filter(C6H6(GT) < 56300000.0000) }
datasets/airQuality_parallel.csv;nsga2;4;22;2200;2200;5.55890e+01;100;100;100;1.00000e+00;1.00000e+00;4.00000e-02;8.38514e-01;9.21348e-01;9.17492e-01;Pipeline { filter(C6H6(GT) < 50.8000) };7.07174e-01;1.00000e+00;8.99054e-01;Pipeline { filter(CO(GT) > 0.0001) };8.38116e-01;9.36567e-01;9.19684e-01;Pipeline { filter(T < 9300000.0000) };8.38116e-01;9.36567e-01;9.19684e-01;Pipeline { filter(AH < 7780000000.0000) };8.38116e-01;9.36567e-01;9.19684e-01;Pipeline { filter(RH < 480000000.0000) };8.38116e-01;9.36567e-01;9.19684e-01;Pipeline { filter(PT08.S1(CO) < 86800000.0000) }
datasets/airQuality_parallel.csv;nsga2;4;23;2300;2300;5.81180e+01;100;100;100;1.00000e+00;1.00000e+00;4.00000e-02;8.38514e-01;9.21348e-01;9.17492e-01;Pipeline { filter(C6H6(GT) < 50.8000) };7.07174e-01;1.00000e+00;8.99054e-01;Pipeline { filter(CO(GT) > 0.0000) };8.38116e-01;9.36567e-01;9.19684e-01;Pipeline { filter(PT08.S1(CO) > 0.0000) };8.38116e-01;9.36567e-01;9.19684e-01;Pipeline { filter(PT08.S2(NMHC) > 0.0006) };8.38116e-01;9.36567e-01;9.19684e-01;Pipeline { filter(AH < 7480000000.0000) };8.38116e-01;9.36567e-01;9.19684e-01;Pipeline { filter(PT08.S2(NMHC) > 0.0000) }
datasets/airQuality_parallel.csv;nsga2;4;24;2400;2400;6.06910e+01;100;100;100;1.00000e+00;1.00000e+00;5.00000e-02;8.41896e-01;7.04595e-01;8.16566e-01;Pipeline { filter(C6H6(GT) < 34.6000) };7.11560e-01;1.00000e+00;8.78132e-01;Pipeline { filter(NOx(GT) > 0.0001) };8.38116e-01;9.36567e-01;9.19684e-01;Pipeline { filter(T < 8000000.0000) };8.38116e-01;9.36567e-01;9.19684e-01;Pipeline { filter(PT08.S5(O3) > 0.0856) };8.38116e-01;9.36567e-01;9.19684e-01;Pipeline { filter(PT08.S1(CO) < 81800000.0000) };8.38116e-01;9.36567e-01;9.19684e-01;Pipeline { filter(PT08.S4(NO2) > 0.0008) }
datasets/airQuality_parallel.csv;nsga2;4;25;2500;2500;6.31150e+01;100;100;100;1.00000e+00;9.90000e-01;6.00000e-02;8.41896e-01;7.04595e-01;8.16566e-01;Pipeline { filter(C6H6(GT) < 34.6000) };7.07174e-01;1.00000e+00;8.99054e-01;Pipeline { filter(CO(GT) < 26000.0000) };8.38116e-01;9.36567e-01;9.19684e-01;Pipeline { filter(PT08.S4(NO2) < 30300000.0000) };8.38116e-01;9.36567e-01;9.19684e-01;Pipeline { filter(PT08.S4(NO2) > 0.0000) };8.38116e-01;9.36567e-01;9.19684e-01;Pipeline { filter(C6H6(GT) < 84600000.0000) };8.38116e-01;9.36567e-01;9.19684e-01;Pipeline { filter(RH < 6980.0000) }
datasets/airQuality_parallel.csv;nsga2;4;26;2600;2600;6.53700e+01;100;100;100;1.00000e+00;1.00000e+00;6.00000e-02;8.41896e-01;7.04595e-01;8.16566e-01;Pipeline { filter(C6H6(GT) < 34.6000) };7.07174e-01;1.00000e+00;8.99054e-01;Pipeline { filter(CO(GT) < 5000.0000) };8.38116e-01;9.36567e-01;9.19684e-01;Pipeline { filter(PT08.S3(NOx) > 0.0098) };8.38116e-01;9.36567e-01;9.19684e-01;Pipeline { filter(PT08.S5(O3) < 84000000.0000) | filter(PT08.S3(NOx) > 0.0000) | filter(PT08.S2(NMHC) > 0.0000) };8.38116e-01;9.36567e-01;9.19684e-01;Pipeline { filter(C6H6(GT) < 1260000.0000) };8.38116e-01;9.36567e-01;9.19684e-01;Pipeline { filter(PT08.S4(NO2) < 40700.0000) }
datasets/airQuality_parallel.csv;nsga2;4;27;2700;2700;6.76750e+01;100;100;100;1.00000e+00;1.00000e+00;6.00000e-02;8.41896e-01;7.04595e-01;8.16566e-01;Pipeline { filter(C6H6(GT) < 34.6000) };7.07174e-01;1.00000e+00;8.99054e-01;Pipeline { filter(CO(GT) > 0.0000) };8.38116e-01;9.36567e-01;9.19684e-01;Pipeline { filter(AH < 32300000.0000) };8.38116e-01;9.36567e-01;9.19684e-01;Pipeline { filter(RH > 1.7700) };8.38116e-01;9.36567e-01;9.19684e-01;Pipeline { filter(PT08.S4(NO2) > 0.0000) };8.38116e-01;9.36567e-01;9.19684e-01;Pipeline { filter(C6H6(GT) < 9220000000.0000) }
datasets/airQuality_parallel.csv;nsga2;4;28;2800;2800;7.00790e+01;100;100;100;1.00000e+00;1.00000e+00;6.00000e-02;8.41896e-01;7.04595e-01;8.16566e-01;Pipeline { filter(C6H6(GT) < 34.6000) };7.07174e-01;1.00000e+00;8.99054e-01;Pipeline { filter(CO(GT) < 5000.0000) };8.38116e-01;9.36567e-01;9.19684e-01;Pipeline { filter(PT08.S3(NOx) > 0.0003) };8.38116e-01;9.36567e-01;9.19684e-01;Pipeline { filter(RH < 379000000.0000) };8.38116e-01;9.36567e-01;9.19684e-01;Pipeline { filter(PT08.S2(NMHC) > 0.3940) };8.38116e-01;9.36567e-01;9.19684e-01;Pipeline { filter(PT08.S1(CO) > 186.0000) }
datasets/airQuality_parallel.csv;nsga2;4;29;2900;2900;7.25360e+01;100;100;100;1.00000e+00;1.00000e+00;6.00000e-02;8.41896e-01;7.04595e-01;8.16566e-01;Pipeline { filter(C6H6(GT) < 34.6000) };7.11560e-01;1.00000e+00;8.78132e-01;Pipeline { filter(NOx(GT) > 0.0001) };8.38116e-01;9.36567e-01;9.19684e-01;Pipeline { filter(PT08.S5(O3) < 87000000.0000) | filter(PT08.S3(NOx) > 0.0000) | filter(PT08.S3(NOx) > 0.0005) };8.38116e-01;9.36567e-01;9.19684e-01;Pipeline { filter(C6H6(GT) < 66200000.0000) };8.38116e-01;9.36567e-01;9.19684e-01;Pipeline { filter(C6H6(GT) > 0.0000) };8.38116e-01;9.36567e-01;9.19684e-01;Pipeline { filter(PT08.S5(O3) > 0.0845) }
datasets/airQuality_parallel.csv;nsga2;4;30;3000;3000;7.47310e+01;100;100;100;1.00000e+00;1.00000e+00;6.00000e-02;8.41896e-01;7.04595e-01;8.16566e-01;Pipeline { filter(C6H6(GT) < 34.6000) };7.07174e-01;1.00000e+00;8.99054e-01;Pipeline { filter(CO(GT) < 976000.0000) };8.38116e-01;9.36567e-01;9.19684e-01;Pipeline { filter(AH < 10900.0000) };8.38116e-01;9.36567e-01;9.19684e-01;Pipeline { filter(PT08.S5(O3) > 0.0001) };8.38116e-01;9.36567e-01;9.19684e-01;Pipeline { filter(AH > 0.0008) };8.38116e-01;9.36567e-01;9.19684e-01;Pipeline { filter(C6H6(GT) < 7000000.0000) }
datasets/airQuality_parallel.csv;nsga2;4;31;3100;3100;7.73630e+01;100;100;100;1.00000e+00;1.00000e+00;7.00000e-02;8.41896e-01;7.04595e-01;8.16566e-01;Pipeline { filter(C6H6(GT) < 34.6000) };7.11560e-01;1.00000e+00;8.78132e-01;Pipeline { filter(NOx(GT) > 0.0000) };8.32895e-01;9.34823e-01;9.23247e-01;Pipeline { filter(AH < 2.0100) };8.38116e-01;9.36567e-01;9.19684e-01;Pipeline { filter(PT08.S3(NOx) > 0.0004) };8.38116e-01;9.36567e-01;9.19684e-01;Pipeline { filter(PT08.S1(CO) > 0.0014) };8.38116e-01;9.36567e-01;9.19684e-01;Pipeline { filter(PT08.S1(CO) > 0.5560) }
datasets/airQuality_parallel.csv;nsga2;4;32;3200;3200;7.96990e+01;100;100;100;1.00000e+00;1.00000e+00;7.00000e-02;8.42048e-01;7.40426e-01;8.30815e-01;Pipeline { filter(C6H6(GT) < 35.6000) };7.07174e-01;1.00000e+00;8.99054e-01;Pipeline { filter(CO(GT) < 926000.0000) };8.32895e-01;9.34823e-01;9.23247e-01;Pipeline { filter(AH < 2.0100) };8.38116e-01;9.36567e-01;9.19684e-01;Pipeline { filter(RH < 923000000.0000) };8.38116e-01;9.36567e-01;9.19684e-01;Pipeline { filter(C6H6(GT) < 87500000.0000) | filter(PT08.S3(NOx) > 0.0000) | filter(PT08.S3(NOx) > 0.0000) };8.38116e-01;9.36567e-01;9.19684e-01;Pipeline { filter(T < 268000000.0000) }
datasets/airQuality_parallel.csv;nsga2;4;33;3300;3300;8.21400e+01;100;100;100;1.00000e+00;1.00000e+00;8.00000e-02;8.42048e-01;7.40426e-01;8.30815e-01;Pipeline { filter(C6H6(GT) < 35.6000) };7.07174e-01;1.00000e+00;8.99054e-01;Pipeline { filter(CO(GT) > 0.0821) };8.32895e-01;9.34823e-01;9.23247e-01;Pipeline { filter(AH < 2.0100) };8.38116e-01;9.36567e-01;9.19684e-01;Pipeline { filter(AH > 0.0000) };8.38116e-01;9.36567e-01;9.19684e-01;Pipeline { filter(PT08.S4(NO2) > 0.0001) };8.38116e-01;9.36567e-01;9.19684e-01;Pipeline { filter(AH > 0.0000) }
datasets/airQuality_parallel.csv;nsga2;4;34;3400;3400;8.45200e+01;100;100;100;1.00000e+00;1.00000e+00;9.00000e-02;8.42048e-01;7.40426e-01;8.30815e-01;Pipeline { filter(C6H6(GT) < 35.6000) };7.07174e-01;1.00000e+00;8.99054e-01;Pipeline { filter(CO(GT) < 214000.0000) };8.32895e-01;9.34823e-01;9.23247e-01;Pipeline { filter(AH < 2.0100) };8.38116e-01;9.36567e-01;9.19684e-01;Pipeline { filter(PT08.S4(NO2) < 64700.0000) };8.38116e-01;9.36567e-01;9.19684e-01;Pipeline { filter(PT08.S1(CO) > 0.0015) };8.38116e-01;9.36567e-01;9.19684e-01;Pipeline { filter(C6H6(GT) < 502000000.0000) }
datasets/airQuality_parallel.csv;nsga2;4;35;3500;3500;8.68170e+01;100;100;100;1.00000e+00;9.90000e-01;9.00000e-02;8.42048e-01;7.40426e-01;8.30815e-01;Pipeline { filter(C6H6(GT) < 35.6000) };7.07174e-01;1.00000e+00;8.99054e-01;Pipeline { filter(CO(GT) < 9280.0000) };8.32895e-01;9.34823e-01;9.23247e-01;Pipeline { filter(AH < 2.0100) };8.38116e-01;9.36567e-01;9.19684e-01;Pipeline { filter(AH < 4.7600) };8.38116e-01;9.36567e-01;9.19684e-01;Pipeline { filter(PT08.S4(NO2) > 0.0000) };8.38116e-01;9.36567e-01;9.19684e-01;Pipeline { filter(PT08.S2(NMHC) > 0.0046) }
datasets/airQuality_parallel.csv;nsga2;4;36;3600;3600;8.92670e+01;100;100;100;1.00000e+00;9.90000e-01;9.00000e-02;8.42253e-01;7.87755e-01;8.55615e-01;Pipeline { filter(PT08.S2(NMHC) < 1700.0000) };7.11560e-01;1.00000e+00;8.78132e-01;Pipeline { filter(NOx(GT) > 0.0000) };8.32895e-01;9.34823e-01;9.23247e-01;Pipeline { filter(AH < 2.0100) };8.38116e-01;9.36567e-01;9.19684e-01;Pipeline { filter(PT08.S3(NOx) > 0.0000) };8.38116e-01;9.36567e-01;9.19684e-01;Pipeline { filter(PT08.S1(CO) > 0.0526) };8.38116e-01;9.36567e-01;9.19684e-01;Pipeline { filter(PT08.S2(NMHC) > 0.0075) }
datasets/airQuality_parallel.csv;nsga2;4;37;3700;3700;9.16510e+01;100;100;100;1.00000e+00;9.90000e-01;1.10000e-01;8.42253e-01;7.87755e-01;8.55615e-01;Pipeline { filter(PT08.S2(NMHC) < 1700.0000) };7.07174e-01;1.00000e+00;8.99054e-01;Pipeline { filter(CO(GT) < 9290.0000) };8.32895e-01;9.34823e-01;9.23247e-01;Pipeline { filter(AH < 2.0100) };8.38116e-01;9.36567e-01;9.19684e-01;Pipeline { filter(PT08.S1(CO) > 0.6660) };8.38116e-01;9.36567e-01;9.19684e-01;Pipeline { filter(PT08.S3(NOx) > 0.0000) };8.38116e-01;9.36567e-01;9.19684e-01;Pipeline { filter(C6H6(GT) < 534000.0000) }
datasets/airQuality_parallel.csv;nsga2;4;38;3800;3800;9.40190e+01;100;100;100;1.00000e+00;9.80000e-01;1.30000e-01;8.42253e-01;7.87755e-01;8.55615e-01;Pipeline { filter(PT08.S2(NMHC) < 1700.0000) };7.11560e-01;1.00000e+00;8.78132e-01;Pipeline { filter(NOx(GT) > 0.0000) };8.32895e-01;9.34823e-01;9.23247e-01;Pipeline { filter(AH < 2.0100) };8.38116e-01;9.36567e-01;9.19684e-01;Pipeline { filter(PT08.S2(NMHC) < 599000.0000) | filter(PT08.S4(NO2) > 0.0000) | filter(PT08.S3(NOx) > 0.0096) };8.38116e-01;9.36567e-01;9.19684e-01;Pipeline { filter(PT08.S5(O3) < 27800000.0000) | filter(PT08.S3(NOx) > 0.0000) | filter(PT08.S5(O3) > 0.0000) };8.38116e-01;9.36567e-01;9.19684e-01;Pipeline { filter(PT08.S2(NMHC) < 7800.0000) }
datasets/airQuality_parallel.csv;nsga2;4;39;3900;3900;9.64030e+01;100;100;100;1.00000e+00;9.90000e-01;1.30000e-01;8.42253e-01;7.87755e-01;8.55615e-01;Pipeline { filter(PT08.S2(NMHC) < 1700.0000) };7.07174e-01;1.00000e+00;8.99054e-01;Pipeline { filter(CO(GT) > 0.0000) };8.32895e-01;9.34823e-01;9.23247e-01;Pipeline { filter(AH < 2.0100) };8.38116e-01;9.36567e-01;9.19684e-01;Pipeline { filter(PT08.S4(NO2) > 0.0000) };8.38116e-01;9.36567e-01;9.19684e-01;Pipeline { filter(PT08.S4(NO2) > 0.7240) };8.38116e-01;9.36567e-01;9.19684e-01;Pipeline { filter(PT08.S5(O3) > 6.7900) }
datasets/airQuality_parallel.csv;nsga2;4;40;4000;4000;9.88390e+01;100;100;100;1.00000e+00;9.80000e-01;1.30000e-01;8.42253e-01;7.87755e-01;8.55615e-01;Pipeline { filter(PT08.S2(NMHC) < 1700.0000) };7.07174e-01;1.00000e+00;8.99054e-01;Pipeline { filter(CO(GT) < 53500000.0000) };8.32895e-01;9.34823e-01;9.23247e-01;Pipeline { filter(AH < 2.0100) };8.38116e-01;9.36567e-01;9.19684e-01;Pipeline { filter(PT08.S4(NO2) > 319.0000) };8.38116e-01;9.36567e-01;9.19684e-01;Pipeline { filter(PT08.S2(NMHC) < 37300.0000) };8.38116e-01;9.36567e-01;9.19684e-01;Pipeline { filter(PT08.S3(NOx) > 0.0000) }
datasets/airQuality_parallel.csv;nsga2;4;41;4100;4100;1.01298e+02;100;100;100;1.00000e+00;9.80000e-01;1.30000e-01;8.42253e-01;7.87755e-01;8.55615e-01;Pipeline { filter(PT08.S2(NMHC) < 1700.0000) };7.11560e-01;1.00000e+00;8.78132e-01;Pipeline { filter(NOx(GT) > 0.0000) };8.32895e-01;9.34823e-01;9.23247e-01;Pipeline { filter(AH < 2.0100) };8.38116e-01;9.36567e-01;9.19684e-01;Pipeline { filter(PT08.S4(NO2) > 0.0023) };8.38116e-01;9.36567e-01;9.19684e-01;Pipeline { filter(PT08.S5(O3) > 16.0000) };8.38116e-01;9.36567e-01;9.19684e-01;Pipeline { filter(PT08.S4(NO2) > 329.0000) }
datasets/airQuality_parallel.csv;nsga2;4;42;4200;4200;1.03515e+02;100;100;100;1.00000e+00;9.90000e-01;1.30000e-01;8.42253e-01;7.87755e-01;8.55615e-01;Pipeline { filter(PT08.S2(NMHC) < 1700.0000) };7.07174e-01;1.00000e+00;8.99054e-01;Pipeline { filter(CO(GT) < 73500000.0000) };8.32895e-01;9.34823e-01;9.23247e-01;Pipeline { filter(AH < 2.0100) };8.38116e-01;9.36567e-01;9.19684e-01;Pipeline { filter(AH < 97900.0000) };8.38116e-01;9.36567e-01;9.19684e-01;Pipeline { filter(PT08.S2(NMHC) < 175000.0000) };8.38116e-01;9.36567e-01;9.19684e-01;Pipeline { filter(PT08.S2(NMHC) < 87200000.0000) }
datasets/airQuality_parallel.csv;nsga2;4;43;4300;4300;1.05840e+02;100;100;100;1.00000e+00;9.60000e-01;1.40000e-01;8.42253e-01;7.87755e-01;8.55615e-01;Pipeline { filter(PT08.S2(NMHC) < 1700.0000) };7.11560e-01;1.00000e+00;8.78132e-01;Pipeline { filter(NOx(GT) > 0.0000) };8.32895e-01;9.34823e-01;9.23247e-01;Pipeline { filter(AH < 2.0100) };8.38116e-01;9.36567e-01;9.19684e-01;Pipeline { filter(RH > 0.0000) };8.38116e-01;9.36567e-01;9.19684e-01;Pipeline { filter(PT08.S4(NO2) > 0.0959) };8.38116e-01;9.36567e-01;9.19684e-01;Pipeline { filter(C6H6(GT) > 0.0000) }
datasets/airQuality_parallel.csv;nsga2;4;44;4400;4400;1.08365e+02;100;100;100;1.00000e+00;9.70000e-01;1.50000e-01;8.42253e-01;7.87755e-01;8.55615e-01;Pipeline { filter(PT08.S2(NMHC) < 1700.0000) };7.07174e-01;1.00000e+00;8.99054e-01;Pipeline { filter(CO(GT) < 6040.0000) };8.32895e-01;9.34823e-01;9.23247e-01;Pipeline { filter(AH < 2.0100) };8.38116e-01;9.36567e-01;9.19684e-01;Pipeline { filter(PT08.S2(NMHC) > 0.0043) };8.38116e-01;9.36567e-01;9.19684e-01;Pipeline { filter(PT08.S2(NMHC) > 0.0043) };8.38116e-01;9.36567e-01;9.19684e-01;Pipeline { filter(PT08.S2(NMHC) < 2870.0000) }
datasets/airQuality_parallel.csv;nsga2;4;45;4500;4500;1.10808e+02;100;100;100;1.00000e+00;9.80000e-01;1.50000e-01;8.42253e-01;7.87755e-01;8.55615e-01;Pipeline { filter(PT08.S2(NMHC) < 1700.0000) };7.11560e-01;1.00000e+00;8.78132e-01;Pipeline { filter(NOx(GT) > 0.0000) };8.32895e-01;9.34823e-01;9.23247e-01;Pipeline { filter(AH < 2.0100) };8.38116e-01;9.36567e-01;9.19684e-01;Pipeline { filter(AH < 10.0000) };8.38116e-01;9.36567e-01;9.19684e-01;Pipeline { filter(AH < 10.0000) };8.38116e-01;9.36567e-01;9.19684e-01;Pipeline { filter(AH < 48500.0000) }
datasets/airQuality_parallel.csv;nsga2;4;46;4600;4600;1.13310e+02;100;100;100;1.00000e+00;9.70000e-01;1.40000e-01;8.42253e-01;7.87755e-01;8.55615e-01;Pipeline { filter(PT08.S2(NMHC) < 1700.0000) };7.07174e-01;1.00000e+00;8.99054e-01;Pipeline { filter(CO(GT) < 8040.0000) };8.32895e-01;9.34823e-01;9.23247e-01;Pipeline { filter(AH < 2.0100) };8.38116e-01;9.36567e-01;9.19684e-01;Pipeline { filter(AH > 0.0006) };8.38116e-01;9.36567e-01;9.19684e-01;Pipeline { filter(PT08.S5(O3) > 0.7330) };8.38116e-01;9.36567e-01;9.19684e-01;Pipeline { filter(AH < 89900.0000) }
datasets/airQuality_parallel.csv;nsga2;4;47;4700;4700;1.15758e+02;100;100;100;1.00000e+00;9.80000e-01;1.50000e-01;8.42253e-01;7.87755e-01;8.55615e-01;Pipeline { filter(PT08.S2(NMHC) < 1700.0000) };7.11560e-01;1.00000e+00;8.78132e-01;Pipeline { filter(NOx(GT) > 0.0000) };8.32895e-01;9.34823e-01;9.23247e-01;Pipeline { filter(AH < 2.0100) };8.38116e-01;9.36567e-01;9.19684e-01;Pipeline { filter(PT08.S1(CO) > 0.0078) };8.38116e-01;9.36567e-01;9.19684e-01;Pipeline { filter(C6H6(GT) < 80.3000) };8.38116e-01;9.36567e-01;9.19684e-01;Pipeline { filter(PT08.S3(NOx) > 0.0000) }
datasets/airQuality_parallel.csv;nsga2;4;48;4800;4800;1.18144e+02;100;100;100;1.00000e+00;9.80000e-01;1.70000e-01;8.42253e-01;7.87755e-01;8.55615e-01;Pipeline { filter(PT08.S2(NMHC) < 1700.0000) };7.11560e-01;1.00000e+00;8.78132e-01;Pipeline { filter(NOx(GT) > 0.0000) };8.32895e-01;9.34823e-01;9.23247e-01;Pipeline { filter(AH < 2.0100) };8.38116e-01;9.36567e-01;9.19684e-01;Pipeline { filter(AH < 79200000.0000) };8.38116e-01;9.36567e-01;9.19684e-01;Pipeline { filter(C6H6(GT) > 0.0506) };8.38116e-01;9.36567e-01;9.19684e-01;Pipeline { filter(PT08.S5(O3) > 0.0000) }
datasets/airQuality_parallel.csv;nsga2;4;49;4900;4900;1.20489e+02;100;100;100;1.00000e+00;9.70000e-01;1.70000e-01;8.42253e-01;7.87755e-01;8.55615e-01;Pipeline { filter(PT08.S2(NMHC) < 1700.0000) };7.11560e-01;1.00000e+00;8.78132e-01;Pipeline { filter(NOx(GT) > 0.0000) };8.32895e-01;9.34823e-01;9.23247e-01;Pipeline { filter(AH < 2.0100) };8.38116e-01;9.36567e-01;9.19684e-01;Pipeline { filter(C6H6(GT) > 0.0001) };8.38116e-01;9.36567e-01;9.19684e-01;Pipeline { filter(AH < 6870000000.0000) };8.38116e-01;9.36567e-01;9.19684e-01;Pipeline { filter(C6H6(GT) < 2070000000.0000) }
datasets/airQuality_parallel.csv;nsga2;4;50;5000;5000;1.22789e+02;100;100;100;1.00000e+00;9.80000e-01;1.80000e-01;8.42253e-01;7.87755e-01;8.55615e-01;Pipeline { filter(PT08.S2(NMHC) < 1700.0000) };7.07174e-01;1.00000e+00;8.99054e-01;Pipeline { filter(CO(GT) < 13400000.0000) };8.32895e-01;9.34823e-01;9.23247e-01;Pipeline { filter(AH < 2.0100) };8.38116e-01;9.36567e-01;9.19684e-01;Pipeline { filter(C6H6(GT) < 96.1000) };8.38116e-01;9.36567e-01;9.19684e-01;Pipeline { filter(C6H6(GT) < 96.1000) };8.38116e-01;9.36567e-01;9.19684e-01;Pipeline { filter(PT08.S1(CO) < 556000.0000) }
datasets/airQuality_parallel.csv;nsga2;5;1;100;100;2.41700e+00;100;12;78;1.00000e+00;1.00000e+00;1.30000e-01;8.41386e-01;8.21429e-01;8.82704e-01;Pipeline { filter(PT08.S3(NOx) > 370.0000) };7.11284e-01;1.00000e+00;8.78028e-01;Pipeline { filter(NO2(GT) < 6550.0000) };8.38116e-01;9.36567e-01;9.19684e-01;Pipeline { filter(AH < 865.0000) };0.00000e+00;0.00000e+00;0.00000e+00;Pipeline { filter(AH > 59000000.0000) | filter(PT08.S2(NMHC) > 4060.0000) | filter(NO2(GT) > 0.0000) | filter(PT08.S1(CO) < 0.0000) | filter(NMHC(GT) > 318000.0000) | filter(PT08.S2(NMHC) < 0.0000) | filter(PT08.S3(NOx) > 0.0051) | filter(NMHC(GT) > 0.0000) | filter(RH < 0.8780) | filter(CO(GT) > 145.0000) | filter(RH > 883000.0000) };0.00000e+00;0.00000e+00;0.00000e+00;Pipeline { filter(PT08.S2(NMHC) > 0.0055) | filter(PT08.S2(NMHC) > 0.2460) | filter(PT08.S4(NO2) > 0.0000) | filter(RH < 44.0000) | filter(NMHC(GT) < 46.5000) | filter(RH > 0.0000) | filter(CO(GT) < 844.0000) | filter(PT08.S2(NMHC) < 2900.0000) | filter(RH < 0.0000) | filter(PT08.S3(NOx) > 0.0000) };0.00000e+00;0.00000e+00;0.00000e+00;Pipeline { filter(AH > 59000000.0000) | filter(PT08.S2(NMHC) > 4060.0000) | filter(NO2(GT) > 0.0000) | filter(PT08.S1(CO) < 0.0000) | filter(NMHC(GT) > 318000.0000) | filter(PT08.S2(NMHC) < 0.0000) | filter(PT08.S3(NOx) > 0.0051) | filter(NMHC(GT) > 0.0000) | filter(RH < 0.8780) | filter(CO(GT) > 145.0000) | filter(RH > 883000.0000) }
datasets/airQuality_parallel.csv;nsga2;5;2;200;200;6.15500e+00;100;25;47;1.00000e+00;1.00000e+00;2.50000e-01;8.41386e-01;8.21429e-01;8.82704e-01;Pipeline { filter(PT08.S3(NOx) > 370.0000) };7.11284e-01;1.00000e+00;8.78028e-01;Pipeline { filter(NO2(GT) < 6550.0000) };8.38116e-01;9.36567e-01;9.19684e-01;Pipeline { filter(PT08.S5(O3) > 0.0000) | filter(PT08.S3(NOx) < 505000.0000) };7.11560e-01;1.00000e+00;8.78132e-01;Pipeline { filter(NOx(GT) > 0.0000) | filter(NOx(GT) < 6560000000.0000) };8.38116e-01;9.36567e-01;9.19684e-01;Pipeline { filter(PT08.S4(NO2) > 0.0023) };8.41386e-01;8.21429e-01;8.82704e-01;Pipeline { filter(PT08.S3(NOx) > 370.0000) }
datasets/airQuality_parallel.csv;nsga2;5;3;300;300;8.37600e+00;100;52;2;1.00000e+00;1.00000e+00;2.70000e-01;8.41386e-01;8.21429e-01;8.82704e-01;Pipeline { filter(PT08.S3(NOx) > 370.0000) };5.78314e-01;1.00000e+00;8.05424e-01;Pipeline { filter(NOx(GT) > 76.6000) };8.38116e-01;9.36567e-01;9.19684e-01;Pipeline { filter(PT08.S4(NO2) > 0.0002) };8.38116e-01;9.36567e-01;9.19684e-01;Pipeline { filter(PT08.S1(CO) > 0.0006) | filter(AH < 3.9800) | filter(RH < 592.0000) };6.86264e-01;9.36567e-01;8.45547e-01;Pipeline { filter(PT08.S4(NO2) < 22100.0000) | filter(NO2(GT) < 38800000.0000) | filter(PT08.S1(CO) > 54.5000) };8.38116e-01;9.36567e-01;9.19684e-01;Pipeline { filter(C6H6(GT) > 0.0020) }
datasets/airQuality_parallel.csv;nsga2;5;4;400;400;1.08080e+01;100;98;2;1.00000e+00;9.90000e-01;5.00000e-02;8.41386e-01;8.21429e-01;8.82704e-01;Pipeline { filter(PT08.S3(NOx) > 370.0000) };7.11284e-01;1.00000e+00;8.78028e-01;Pipeline { filter(NO2(GT) < 475.0000) };8.38116e-01;9.36567e-01;9.19684e-01;Pipeline { filter(C6H6(GT) < 1720000000.0000) };8.38116e-01;9.36567e-01;9.19684e-01;Pipeline { filter(C6H6(GT) > 0.0020) };8.38116e-01;9.36567e-01;9.19684e-01;Pipeline { filter(PT08.S4(NO2) > 0.0199) };8.38116e-01;9.36567e-01;9.19684e-01;Pipeline { filter(PT08.S2(NMHC) < 2580000000.0000) }
datasets/airQuality_parallel.csv;nsga2;5;5;500;500;1.32570e+01;100;100;100;1.00000e+00;1.00000e+00;4.00000e-02;8.41386e-01;8.21429e-01;8.82704e-01;Pipeline { filter(PT08.S3(NOx) > 370.0000) };7.11560e-01;1.00000e+00;8.78132e-01;Pipeline { filter(NOx(GT) > 0.0002) };8.38116e-01;9.36567e-01;9.19684e-01;Pipeline { filter(PT08.S3(NOx) > 0.0000) };8.38116e-01;9.36567e-01;9.19684e-01;Pipeline { filter(RH < 8200000.0000) };8.38116e-01;9.36567e-01;9.19684e-01;Pipeline { filter(PT08.S2(NMHC) > 0.0750) };8.38116e-01;9.36567e-01;9.19684e-01;Pipeline { filter(PT08.S3(NOx) > 3.8700) }
datasets/airQuality_parallel.csv;nsga2;5;6;600;600;1.55980e+01;100;100;100;1.00000e+00;1.00000e+00;4.00000e-02;8.41386e-01;8.21429e-01;8.82704e-01;Pipeline { filter(PT08.S3(NOx) > 370.0000) };7.07174e-01;1.00000e+00;8.99054e-01;Pipeline { filter(CO(GT) > 0.0000) };8.38116e-01;9.36567e-01;9.19684e-01;Pipeline { filter(RH > 0.0000) };8.38116e-01;9.36567e-01;9.19684e-01;Pipeline { filter(PT08.S3(NOx) > 0.0000) };8.38116e-01;9.36567e-01;9.19684e-01;Pipeline { filter(PT08.S4(NO2) > 0.0000) };8.38116e-01;9.36567e-01;9.19684e-01;Pipeline { filter(PT08.S1(CO) > 0.0239) }
datasets/airQuality_parallel.csv;nsga2;5;7;700;700;1.80410e+01;100;100;100;1.00000e+00;1.00000e+00;4.00000e-02;8.41386e-01;8.21429e-01;8.82704e-01;Pipeline { filter(PT08.S3(NOx) > 370.0000) };7.11560e-01;1.00000e+00;8.78132e-01;Pipeline { filter(NOx(GT) > 0.0000) };8.38116e-01;9.36567e-01;9.19684e-01;Pipeline { filter(AH < 6.2700) };8.38116e-01;9.36567e-01;9.19684e-01;Pipeline { filter(PT08.S4(NO2) > 0.0002) };8.38116e-01;9.36567e-01;9.19684e-01;Pipeline { filter(PT08.S2(NMHC) < 88900000.0000) };8.38116e-01;9.36567e-01;9.19684e-01;Pipeline { filter(C6H6(GT) < 40900000.0000) }
datasets/airQuality_parallel.csv;nsga2;5;8;800;800;2.02570e+01;100;100;100;1.00000e+00;1.00000e+00;4.00000e-02;8.41386e-01;8.21429e-01;8.82704e-01;Pipeline { filter(PT08.S3(NOx) > 370.0000) };7.07174e-01;1.00000e+00;8.99054e-01;Pipeline { filter(CO(GT) > 0.0088) };8.38116e-01;9.36567e-01;9.19684e-01;Pipeline { filter(PT08.S4(NO2) > 0.0000) };8.38116e-01;9.36567e-01;9.19684e-01;Pipeline { filter(PT08.S1(CO) > 0.0041) };8.38116e-01;9.36567e-01;9.19684e-01;Pipeline { filter(PT08.S5(O3) > 0.0009) };8.38116e-01;9.36567e-01;9.19684e-01;Pipeline { filter(PT08.S2(NMHC) < 2580000000.0000) }
datasets/airQuality_parallel.csv;nsga2;5;9;900;900;2.32260e+01;100;100;100;1.00000e+00;9.70000e-01;4.00000e-02;8.41386e-01;8.21429e-01;8.82704e-01;Pipeline { filter(PT08.S3(NOx) > 370.0000) };7.11560e-01;1.00000e+00;8.78132e-01;Pipeline { filter(NOx(GT) < 4670000.0000) };8.38116e-01;9.36567e-01;9.19684e-01;Pipeline { filter(PT08.S3(NOx) > 0.0000) };8.38116e-01;9.36567e-01;9.19684e-01;Pipeline { filter(PT08.S4(NO2) < 7860000000.0000) };8.38116e-01;9.36567e-01;9.19684e-01;Pipeline { filter(RH > 6.1200) };8.38116e-01;9.36567e-01;9.19684e-01;Pipeline { filter(PT08.S2(NMHC) < 4430000000.0000) }
datasets/airQuality_parallel.csv;nsga2;5;10;1000;1000;2.55890e+01;100;100;100;1.00000e+00;1.00000e+00;4.00000e-02;8.41386e-01;8.21429e-01;8.82704e-01;Pipeline { filter(PT08.S3(NOx) > 370.0000) };7.11560e-01;1.00000e+00;8.78132e-01;Pipeline { filter(NOx(GT) < 91900000.0000) };8.38116e-01;9.36567e-01;9.19684e-01;Pipeline { filter(AH < 7.2700) };8.38116e-01;9.36567e-01;9.19684e-01;Pipeline { filter(PT08.S1(CO) > 0.0239) };8.38116e-01;9.36567e-01;9.19684e-01;Pipeline { filter(PT08.S3(NOx) < 93100.0000) };8.38116e-01;9.36567e-01;9.19684e-01;Pipeline { filter(RH > 6.1200) }
datasets/airQuality_parallel.csv;nsga2;5;11;1100;1100;2.81550e+01;100;100;100;1.00000e+00;1.00000e+00;5.00000e-02;8.41386e-01;8.21429e-01;8.82704e-01;Pipeline { filter(PT08.S3(NOx) > 370.0000) };7.11560e-01;1.00000e+00;8.78132e-01;Pipeline { filter(NOx(GT) > 0.0001) };8.38116e-01;9.36567e-01;9.19684e-01;Pipeline { filter(PT08.S3(NOx) > 0.0000) };8.38116e-01;9.36567e-01;9.19684e-01;Pipeline { filter(PT08.S1(CO) > 0.0100) };8.38116e-01;9.36567e-01;9.19684e-01;Pipeline { filter(AH < 5300.0000) };8.38116e-01;9.36567e-01;9.19684e-01;Pipeline { filter(RH > 0.0000) }
datasets/airQuality_parallel.csv;nsga2;5;12;1200;1200;3.08460e+01;100;100;100;1.00000e+00;1.00000e+00;5.00000e-02;8.41386e-01;8.21429e-01;8.82704e-01;Pipeline { filter(PT08.S3(NOx) > 370.0000) };7.11560e-01;1.00000e+00;8.78132e-01;Pipeline { filter(NOx(GT) > 0.0000) };8.38116e-01;9.36567e-01;9.19684e-01;Pipeline { filter(PT08.S1(CO) > 0.0010) };8.38116e-01;9.36567e-01;9.19684e-01;Pipeline { filter(PT08.S5(O3) > 5.0400) };8.38116e-01;9.36567e-01;9.19684e-01;Pipeline { filter(PT08.S5(O3) > 0.0008) };8.38116e-01;9.36567e-01;9.19684e-01;Pipeline { filter(RH > 0.0000) }
datasets/airQuality_parallel.csv;nsga2;5;13;1300;1300;3.31670e+01;100;100;100;1.00000e+00;9.90000e-01;5.00000e-02;8.41386e-01;8.21429e-01;8.82704e-01;Pipeline { filter(PT08.S3(NOx) > 370.0000) };7.11560e-01;1.00000e+00;8.78132e-01;Pipeline { filter(NOx(GT) < 3310.0000) };8.38116e-01;9.36567e-01;9.19684e-01;Pipeline { filter(PT08.S2(NMHC) > 0.4600) };8.38116e-01;9.36567e-01;9.19684e-01;Pipeline { filter(PT08.S1(CO) > 0.0000) };8.38116e-01;9.36567e-01;9.19684e-01;Pipeline { filter(PT08.S3(NOx) > 0.0000) };8.38116e-01;9.36567e-01;9.19684e-01;Pipeline { filter(PT08.S1(CO) > 0.0010) }
datasets/airQuality_parallel.csv;nsga2;5;14;1400;1400;3.57100e+01;100;100;100;1.00000e+00;9.90000e-01;5.00000e-02;8.41386e-01;8.21429e-01;8.82704e-01;Pipeline { filter(PT08.S3(NOx) > 370.0000) };7.11560e-01;1.00000e+00;8.78132e-01;Pipeline { filter(NOx(GT) > 0.0000) };8.38116e-01;9.36567e-01;9.19684e-01;Pipeline { filter(PT08.S2(NMHC) > 0.4800) };8.38116e-01;9.36567e-01;9.19684e-01;Pipeline { filter(PT08.S3(NOx) > 0.0000) };8.38116e-01;9.36567e-01;9.19684e-01;Pipeline { filter(PT08.S5(O3) > 0.0001) };8.38116e-01;9.36567e-01;9.19684e-01;Pipeline { filter(T < 467000000.0000) }
datasets/airQuality_parallel.csv;nsga2;5;15;1500;1500;3.79800e+01;100;100;100;1.00000e+00;9.90000e-01;6.00000e-02;8.41386e-01;8.21429e-01;8.82704e-01;Pipeline { filter(PT08.S3(NOx) > 370.0000) };7.07174e-01;1.00000e+00;8.99054e-01;Pipeline { filter(CO(GT) > 0.0000) };8.38116e-01;9.36567e-01;9.19684e-01;Pipeline { filter(C6H6(GT) > 0.0000) };8.38116e-01;9.36567e-01;9.19684e-01;Pipeline { filter(PT08.S2(NMHC) > 6.1100) };8.38116e-01;9.36567e-01;9.19684e-01;Pipeline { filter(PT08.S1(CO) > 0.0000) };8.38116e-01;9.36567e-01;9.19684e-01;Pipeline { filter(PT08.S5(O3) > 0.0950) }
datasets/airQuality_parallel.csv;nsga2;5;16;1600;1600;4.03070e+01;100;100;100;1.00000e+00;1.00000e+00;6.00000e-02;8.41386e-01;8.21429e-01;8.82704e-01;Pipeline { filter(PT08.S3(NOx) > 370.0000) };7.11560e-01;1.00000e+00;8.78132e-01;Pipeline { filter(NOx(GT) < 97100.0000) };8.38116e-01;9.36567e-01;9.19684e-01;Pipeline { filter(PT08.S3(NOx) > 3.1800) };8.38116e-01;9.36567e-01;9.19684e-01;Pipeline { filter(PT08.S2(NMHC) > 1.2100) };8.38116e-01;9.36567e-01;9.19684e-01;Pipeline { filter(PT08.S5(O3) > 0.0000) };8.38116e-01;9.36567e-01;9.19684e-01;Pipeline { filter(PT08.S1(CO) > 0.0000) }
datasets/airQuality_parallel.csv;nsga2;5;17;1700;1700;4.26300e+01;100;100;100;1.00000e+00;1.00000e+00;6.00000e-02;8.41386e-01;8.21429e-01;8.82704e-01;Pipeline { filter(PT08.S3(NOx) > 370.0000) };7.07174e-01;1.00000e+00;8.99054e-01;Pipeline { filter(CO(GT) < 97200.0000) };8.38116e-01;9.36567e-01;9.19684e-01;Pipeline { filter(RH < 730.0000) };8.38116e-01;9.36567e-01;9.19684e-01;Pipeline { filter(PT08.S1(CO) > 0.0000) };8.38116e-01;9.36567e-01;9.19684e-01;Pipeline { filter(C6H6(GT) > 0.0000) };8.38116e-01;9.36567e-01;9.19684e-01;Pipeline { filter(PT08.S5(O3) < 9600.0000) }
datasets/airQuality_parallel.csv;nsga2;5;18;1800;1800;4.49470e+01;100;100;100;1.00000e+00;1.00000e+00;6.00000e-02;8.41386e-01;8.21429e-01;8.82704e-01;Pipeline { filter(PT08.S3(NOx) > 370.0000) };7.07174e-01;1.00000e+00;8.99054e-01;Pipeline { filter(CO(GT) < 91500.0000) };8.38116e-01;9.36567e-01;9.19684e-01;Pipeline { filter(PT08.S4(NO2) > 0.0080) };8.38116e-01;9.36567e-01;9.19684e-01;Pipeline { filter(PT08.S5(O3) > 0.0570) };8.38116e-01;9.36567e-01;9.19684e-01;Pipeline { filter(C6H6(GT) < 20700.0000) };8.38116e-01;9.36567e-01;9.19684e-01;Pipeline { filter(PT08.S3(NOx) < 9680.0000) }
datasets/airQuality_parallel.csv;nsga2;5;19;1900;1900;4.76680e+01;100;100;100;1.00000e+00;1.00000e+00;7.00000e-02;8.42726e-01;7.94297e-01;8.63421e-01;Pipeline { filter(PT08.S5(O3) < 2160.0000) };7.11560e-01;1.00000e+00;8.78132e-01;Pipeline { filter(NOx(GT) < 97100.0000) };8.38116e-01;9.36567e-01;9.19684e-01;Pipeline { filter(PT08.S3(NOx) < 46200.0000) };8.38116e-01;9.36567e-01;9.19684e-01;Pipeline { filter(PT08.S5(O3) > 0.0047) };8.38116e-01;9.36567e-01;9.19684e-01;Pipeline { filter(PT08.S4(NO2) > 0.0510) };8.38116e-01;9.36567e-01;9.19684e-01;Pipeline { filter(PT08.S3(NOx) > 3.2500) }
datasets/airQuality_parallel.csv;nsga2;5;20;2000;2000;5.00390e+01;100;100;100;1.00000e+00;1.00000e+00;7.00000e-02;8.42726e-01;7.94297e-01;8.63421e-01;Pipeline { filter(PT08.S5(O3) < 2160.0000) };7.11560e-01;1.00000e+00;8.78132e-01;Pipeline { filter(NOx(GT) < 97100.0000) };8.38116e-01;9.36567e-01;9.19684e-01;Pipeline { filter(PT08.S3(NOx) > 0.0001) };8.38116e-01;9.36567e-01;9.19684e-01;Pipeline { filter(RH > 0.0005) };8.38116e-01;9.36567e-01;9.19684e-01;Pipeline { filter(PT08.S3(NOx) < 9510.0000) };8.38116e-01;9.36567e-01;9.19684e-01;Pipeline { filter(PT08.S4(NO2) > 0.0080) }
datasets/airQuality_parallel.csv;nsga2;5;21;2100;2100;5.24320e+01;100;100;100;1.00000e+00;1.00000e+00;7.00000e-02;8.42726e-01;7.94297e-01;8.63421e-01;Pipeline { filter(PT08.S5(O3) < 2160.0000) };7.11560e-01;1.00000e+00;8.78132e-01;Pipeline { filter(NOx(GT) < 97100.0000) };8.38116e-01;9.36567e-01;9.19684e-01;Pipeline { filter(PT08.S2(NMHC) > 0.0005) };8.38116e-01;9.36567e-01;9.19684e-01;Pipeline { filter(C6H6(GT) < 25700.0000) };8.38116e-01;9.36567e-01;9.19684e-01;Pipeline { filter(RH > 0.0000) };8.38116e-01;9.36567e-01;9.19684e-01;Pipeline { filter(PT08.S4(NO2) < 7200000000.0000) }
datasets/airQuality_parallel.csv;nsga2;5;22;2200;2200;5.52430e+01;100;100;100;1.00000e+00;1.00000e+00;7.00000e-02;8.42726e-01;7.94297e-01;8.63421e-01;Pipeline { filter(PT08.S5(O3) < 2160.0000) };7.11560e-01;1.00000e+00;8.78132e-01;Pipeline { filter(NOx(GT) < 97100.0000) };8.38116e-01;9.36567e-01;9.19684e-01;Pipeline { filter(RH < 19800.0000) };8.38116e-01;9.36567e-01;9.19684e-01;Pipeline { filter(PT08.S3(NOx) > 0.0696) };8.38116e-01;9.36567e-01;9.19684e-01;Pipeline { filter(PT08.S3(NOx) < 48200000.0000) };8.38116e-01;9.36567e-01;9.19684e-01;Pipeline { filter(PT08.S3(NOx) < 6930.0000) }
datasets/airQuality_parallel.csv;nsga2;5;23;2300;2300;5.74980e+01;100;100;100;1.00000e+00;1.00000e+00;7.00000e-02;8.42726e-01;7.94297e-01;8.63421e-01;Pipeline { filter(PT08.S5(O3) < 2160.0000) };7.11560e-01;1.00000e+00;8.78132e-01;Pipeline { filter(NOx(GT) < 97100.0000) };8.38116e-01;9.36567e-01;9.19684e-01;Pipeline { filter(C6H6(GT) < 78100.0000) };8.38116e-01;9.36567e-01;9.19684e-01;Pipeline { filter(PT08.S3(NOx) < 38200000.0000) };8.38116e-01;9.36567e-01;9.19684e-01;Pipeline { filter(PT08.S1(CO) > 0.7520) };8.38116e-01;9.36567e-01;9.19684e-01;Pipeline { filter(PT08.S3(NOx) > 0.0518) }
datasets/airQuality_parallel.csv;nsga2;5;24;2400;2400;6.00490e+01;100;100;100;1.00000e+00;1.00000e+00;7.00000e-02;8.42726e-01;7.94297e-01;8.63421e-01;Pipeline { filter(PT08.S5(O3) < 2160.0000) };7.07174e-01;1.00000e+00;8.99054e-01;Pipeline { filter(CO(GT) > 0.0982) };8.38116e-01;9.36567e-01;9.19684e-01;Pipeline { filter(PT08.S3(NOx) > 0.0000) };8.38116e-01;9.36567e-01;9.19684e-01;Pipeline { filter(PT08.S3(NOx) > 0.0002) };8.38116e-01;9.36567e-01;9.19684e-01;Pipeline { filter(C6H6(GT) > 0.0000) };8.38116e-01;9.36567e-01;9.19684e-01;Pipeline { filter(PT08.S2(NMHC) > 0.0694) }
datasets/airQuality_parallel.csv;nsga2;5;25;2500;2500;6.24050e+01;100;100;100;1.00000e+00;1.00000e+00;7.00000e-02;8.42726e-01;7.94297e-01;8.63421e-01;Pipeline { filter(PT08.S5(O3) < 2160.0000) };7.11560e-01;1.00000e+00;8.78132e-01;Pipeline { filter(NOx(GT) < 97100.0000) };8.38116e-01;9.36567e-01;9.19684e-01;Pipeline { filter(PT08.S3(NOx) < 72700000.0000) };8.38116e-01;9.36567e-01;9.19684e-01;Pipeline { filter(PT08.S3(NOx) > 0.0000) };8.38116e-01;9.36567e-01;9.19684e-01;Pipeline { filter(PT08.S2(NMHC) < 411000000.0000) };8.38116e-01;9.36567e-01;9.19684e-01;Pipeline { filter(PT08.S2(NMHC) < 6430000.0000) }
datasets/airQuality_parallel.csv;nsga2;5;26;2600;2600;6.47960e+01;100;100;100;1.00000e+00;1.00000e+00;7.00000e-02;8.42726e-01;7.94297e-01;8.63421e-01;Pipeline { filter(PT08.S5(O3) < 2160.0000) };7.11560e-01;1.00000e+00;8.78132e-01;Pipeline { filter(NOx(GT) < 97100.0000) };8.38116e-01;9.36567e-01;9.19684e-01;Pipeline { filter(PT08.S2(NMHC) < 5620.0000) };8.38116e-01;9.36567e-01;9.19684e-01;Pipeline { filter(PT08.S2(NMHC) < 1740000000.0000) };8.38116e-01;9.36567e-01;9.19684e-01;Pipeline { filter(PT08.S5(O3) > 5.1900) };8.38116e-01;9.36567e-01;9.19684e-01;Pipeline { filter(PT08.S3(NOx) > 0.0000) }
datasets/airQuality_parallel.csv;nsga2;5;27;2700;2700;6.70560e+01;100;100;100;1.00000e+00;1.00000e+00;8.00000e-02;8.42726e-01;7.94297e-01;8.63421e-01;Pipeline { filter(PT08.S5(O3) < 2160.0000) };7.11560e-01;1.00000e+00;8.78132e-01;Pipeline { filter(NOx(GT) < 97100.0000) };8.38116e-01;9.36567e-01;9.19684e-01;Pipeline { filter(PT08.S5(O3) > 0.0815) };8.38116e-01;9.36567e-01;9.19684e-01;Pipeline { filter(PT08.S4(NO2) > 96.5000) };8.38116e-01;9.36567e-01;9.19684e-01;Pipeline { filter(PT08.S3(NOx) > 0.0000) };8.38116e-01;9.36567e-01;9.19684e-01;Pipeline { filter(AH > 0.0000) }
datasets/airQuality_parallel.csv;nsga2;5;28;2800;2800;6.93270e+01;100;100;100;1.00000e+00;1.00000e+00;8.00000e-02;8.42726e-01;7.94297e-01;8.63421e-01;Pipeline { filter(PT08.S5(O3) < 2160.0000) };7.11560e-01;1.00000e+00;8.78132e-01;Pipeline { filter(NOx(GT) < 97100.0000) };8.38116e-01;9.36567e-01;9.19684e-01;Pipeline { filter(PT08.S3(NOx) > 0.0006) };8.38116e-01;9.36567e-01;9.19684e-01;Pipeline { filter(PT08.S4(NO2) < 34600000.0000) };8.38116e-01;9.36567e-01;9.19684e-01;Pipeline { filter(RH > 7.7900) };8.38116e-01;9.36567e-01;9.19684e-01;Pipeline { filter(PT08.S5(O3) > 0.0000) }
datasets/airQuality_parallel.csv;nsga2;5;29;2900;2900;7.17360e+01;100;100;100;1.00000e+00;1.00000e+00;8.00000e-02;8.42726e-01;7.94297e-01;8.63421e-01;Pipeline { filter(PT08.S5(O3) < 2160.0000) };7.07174e-01;1.00000e+00;8.99054e-01;Pipeline { filter(CO(GT) < 75.7000) };8.38116e-01;9.36567e-01;9.19684e-01;Pipeline { filter(PT08.S3(NOx) > 0.0000) };8.38116e-01;9.36567e-01;9.19684e-01;Pipeline { filter(T < 693000000.0000) };8.38116e-01;9.36567e-01;9.19684e-01;Pipeline { filter(AH > 0.0003) };8.38116e-01;9.36567e-01;9.19684e-01;Pipeline { filter(C6H6(GT) < 4110000000.0000) }
datasets/airQuality_parallel.csv;nsga2;5;30;3000;3000;7.39790e+01;100;100;100;1.00000e+00;1.00000e+00;8.00000e-02;8.42726e-01;7.94297e-01;8.63421e-01;Pipeline { filter(PT08.S5(O3) < 2160.0000) };7.07174e-01;1.00000e+00;8.99054e-01;Pipeline { filter(CO(GT) < 64.0000) };8.38116e-01;9.36567e-01;9.19684e-01;Pipeline { filter(RH < 446.0000) };8.38116e-01;9.36567e-01;9.19684e-01;Pipeline { filter(RH > 0.0000) };8.38116e-01;9.36567e-01;9.19684e-01;Pipeline { filter(AH > 0.0000) };8.38116e-01;9.36567e-01;9.19684e-01;Pipeline { filter(PT08.S2(NMHC) < 5700.0000) }
datasets/airQuality_parallel.csv;nsga2;5;31;3100;3100;7.63340e+01;100;100;100;1.00000e+00;1.00000e+00;8.00000e-02;8.42726e-01;7.94297e-01;8.63421e-01;Pipeline { filter(PT08.S5(O3) < 2160.0000) };7.07174e-01;1.00000e+00;8.99054e-01;Pipeline { filter(CO(GT) < 704000000.0000) };8.38116e-01;9.36567e-01;9.19684e-01;Pipeline { filter(PT08.S1(CO) > 0.0000) };8.38116e-01;9.36567e-01;9.19684e-01;Pipeline { filter(PT08.S3(NOx) > 0.0624) };8.38116e-01;9.36567e-01;9.19684e-01;Pipeline { filter(PT08.S2(NMHC) > 9.3900) };8.38116e-01;9.36567e-01;9.19684e-01;Pipeline { filter(PT08.S3(NOx) > 0.0000) }
datasets/airQuality_parallel.csv;nsga2;5;32;3200;3200;7.87240e+01;100;100;100;1.00000e+00;1.00000e+00;9.00000e-02;8.42726e-01;7.94297e-01;8.63421e-01;Pipeline { filter(PT08.S5(O3) < 2160.0000) };7.07174e-01;1.00000e+00;8.99054e-01;Pipeline { filter(CO(GT) < 64.0000) };8.38116e-01;9.36567e-01;9.19684e-01;Pipeline { filter(PT08.S5(O3) > 0.0889) };8.38116e-01;9.36567e-01;9.19684e-01;Pipeline { filter(RH > 0.0000) };8.38116e-01;9.36567e-01;9.19684e-01;Pipeline { filter(RH > 0.0003) };8.38116e-01;9.36567e-01;9.19684e-01;Pipeline { filter(PT08.S5(O3) < 578000.0000) }
datasets/airQuality_parallel.csv;nsga2;5;33;3300;3300;8.11710e+01;100;100;100;1.00000e+00;1.00000e+00;9.00000e-02;8.42726e-01;7.94297e-01;8.63421e-01;Pipeline { filter(PT08.S5(O3) < 2160.0000) };7.11560e-01;1.00000e+00;8.78132e-01;Pipeline { filter(NOx(GT) < 1690000000.0000) };8.38116e-01;9.36567e-01;9.19684e-01;Pipeline { filter(PT08.S3(NOx) > 197.0000) };8.38116e-01;9.36567e-01;9.19684e-01;Pipeline { filter(C6H6(GT) < 7330000.0000) };8.38116e-01;9.36567e-01;9.19684e-01;Pipeline { filter(C6H6(GT) > 0.0000) };8.38116e-01;9.36567e-01;9.19684e-01;Pipeline { filter(PT08.S2(NMHC) < 7840000000.0000) }
datasets/airQuality_parallel.csv;nsga2;5;34;3400;3400;8.37320e+01;100;100;100;1.00000e+00;1.00000e+00;1.00000e-01;8.42726e-01;7.94297e-01;8.63421e-01;Pipeline { filter(PT08.S5(O3) < 2160.0000) };7.11560e-01;1.00000e+00;8.78132e-01;Pipeline { filter(NOx(GT) < 1690000000.0000) };8.38116e-01;9.36567e-01;9.19684e-01;Pipeline { filter(PT08.S1(CO) > 0.0000) };8.38116e-01;9.36567e-01;9.19684e-01;Pipeline { filter(PT08.S3(NOx) > 0.0000) };8.38116e-01;9.36567e-01;9.19684e-01;Pipeline { filter(RH > 0.0844) };8.38116e-01;9.36567e-01;9.19684e-01;Pipeline { filter(PT08.S5(O3) > 0.0889) }
datasets/airQuality_parallel.csv;nsga2;5;35;3500;3500;8.61640e+01;100;100;100;1.00000e+00;1.00000e+00;1.00000e-01;8.42726e-01;7.94297e-01;8.63421e-01;Pipeline { filter(PT08.S5(O3) < 2160.0000) };7.11560e-01;1.00000e+00;8.78132e-01;Pipeline { filter(NOx(GT) < 1690000000.0000) };8.38116e-01;9.36567e-01;9.19684e-01;Pipeline { filter(PT08.S2(NMHC) > 0.0000) };8.38116e-01;9.36567e-01;9.19684e-01;Pipeline { filter(AH > 0.0000) };8.38116e-01;9.36567e-01;9.19684e-01;Pipeline { filter(PT08.S1(CO) > 0.0000) };8.38116e-01;9.36567e-01;9.19684e-01;Pipeline { filter(AH > 0.0000) }
datasets/airQuality_parallel.csv;nsga2;5;36;3600;3600;8.84840e+01;100;100;100;1.00000e+00;1.00000e+00;1.00000e-01;8.42726e-01;7.94297e-01;8.63421e-01;Pipeline { filter(PT08.S5(O3) < 2160.0000) };7.11560e-01;1.00000e+00;8.78132e-01;Pipeline { filter(NOx(GT) < 1690000000.0000) };8.38116e-01;9.36567e-01;9.19684e-01;Pipeline { filter(PT08.S4(NO2) < 29600000.0000) };8.38116e-01;9.36567e-01;9.19684e-01;Pipeline { filter(PT08.S5(O3) < 90600000.0000) };8.38116e-01;9.36567e-01;9.19684e-01;Pipeline { filter(PT08.S5(O3) > 197.0000) };8.38116e-01;9.36567e-01;9.19684e-01;Pipeline { filter(PT08.S4(NO2) > 0.0006) }
datasets/airQuality_parallel.csv;nsga2;5;37;3700;3700;9.08120e+01;100;100;100;1.00000e+00;1.00000e+00;1.10000e-01;8.42726e-01;7.94297e-01;8.63421e-01;Pipeline { filter(PT08.S5(O3) < 2160.0000) };7.11560e-01;1.00000e+00;8.78132e-01;Pipeline { filter(NOx(GT) < 1690000000.0000) };8.38116e-01;9.36567e-01;9.19684e-01;Pipeline { filter(PT08.S4(NO2) < 2390000000.0000) };8.38116e-01;9.36567e-01;9.19684e-01;Pipeline { filter(RH > 0.0000) };8.38116e-01;9.36567e-01;9.19684e-01;Pipeline { filter(PT08.S4(NO2) > 67.7000) };8.38116e-01;9.36567e-01;9.19684e-01;Pipeline { filter(RH > 1.1200) }
datasets/airQuality_parallel.csv;nsga2;5;38;3800;3800;9.31820e+01;100;100;100;1.00000e+00;9.90000e-01;1.10000e-01;8.42726e-01;7.94297e-01;8.63421e-01;Pipeline { filter(PT08.S5(O3) < 2160.0000) };7.11560e-01;1.00000e+00;8.78132e-01;Pipeline { filter(NOx(GT) < 1690000000.0000) };8.38116e-01;9.36567e-01;9.19684e-01;Pipeline { filter(RH > 0.0000) };8.38116e-01;9.36567e-01;9.19684e-01;Pipeline { filter(RH < 34000000.0000) };8.38116e-01;9.36567e-01;9.19684e-01;Pipeline { filter(PT08.S2(NMHC) < 7080000000.0000) };8.38116e-01;9.36567e-01;9.19684e-01;Pipeline { filter(PT08.S4(NO2) < 410000.0000) }
datasets/airQuality_parallel.csv;nsga2;5;39;3900;3900;9.57310e+01;100;100;100;1.00000e+00;1.00000e+00;1.10000e-01;8.42726e-01;7.94297e-01;8.63421e-01;Pipeline { filter(PT08.S5(O3) < 2160.0000) };7.07174e-01;1.00000e+00;8.99054e-01;Pipeline { filter(CO(GT) > 0.0080) };8.38116e-01;9.36567e-01;9.19684e-01;Pipeline { filter(PT08.S3(NOx) > 0.0000) };8.38116e-01;9.36567e-01;9.19684e-01;Pipeline { filter(PT08.S5(O3) < 556000000.0000) };8.38116e-01;9.36567e-01;9.19684e-01;Pipeline { filter(PT08.S4(NO2) < 8990000000.0000) };8.38116e-01;9.36567e-01;9.19684e-01;Pipeline { filter(PT08.S3(NOx) > 0.0059) }
datasets/airQuality_parallel.csv;nsga2;5;40;4000;4000;9.81380e+01;100;100;100;1.00000e+00;1.00000e+00;1.10000e-01;8.42726e-01;7.94297e-01;8.63421e-01;Pipeline { filter(PT08.S5(O3) < 2160.0000) };7.11560e-01;1.00000e+00;8.78132e-01;Pipeline { filter(NOx(GT) < 1690000000.0000) };8.38116e-01;9.36567e-01;9.19684e-01;Pipeline { filter(RH > 0.0000) };8.38116e-01;9.36567e-01;9.19684e-01;Pipeline { filter(PT08.S3(NOx) > 0.0027) };8.38116e-01;9.36567e-01;9.19684e-01;Pipeline { filter(RH > 0.0000) };8.38116e-01;9.36567e-01;9.19684e-01;Pipeline { filter(PT08.S4(NO2) > 0.0000) }
datasets/airQuality_parallel.csv;nsga2;5;41;4100;4100;1.00314e+02;100;100;100;1.00000e+00;9.90000e-01;1.10000e-01;8.42726e-01;7.94297e-01;8.63421e-01;Pipeline { filter(PT08.S5(O3) < 2160.0000) };7.07174e-01;1.00000e+00;8.99054e-01;Pipeline { filter(CO(GT) > 0.0015) };8.38116e-01;9.36567e-01;9.19684e-01;Pipeline { filter(PT08.S4(NO2) > 0.8300) };8.38116e-01;9.36567e-01;9.19684e-01;Pipeline { filter(T < 100.0000) };8.38116e-01;9.36567e-01;9.19684e-01;Pipeline { filter(PT08.S5(O3) > 75.2000) };8.38116e-01;9.36567e-01;9.19684e-01;Pipeline { filter(RH > 0.0401) }
datasets/airQuality_parallel.csv;nsga2;5;42;4200;4200;1.02659e+02;100;100;100;1.00000e+00;9.90000e-01;1.10000e-01;8.42726e-01;7.94297e-01;8.63421e-01;Pipeline { filter(PT08.S5(O3) < 2160.0000) };7.07174e-01;1.00000e+00;8.99054e-01;Pipeline { filter(CO(GT) < 36400.0000) };8.38116e-01;9.36567e-01;9.19684e-01;Pipeline { filter(PT08.S3(NOx) > 0.0000) };8.38116e-01;9.36567e-01;9.19684e-01;Pipeline { filter(C6H6(GT) > 0.0000) };8.38116e-01;9.36567e-01;9.19684e-01;Pipeline { filter(PT08.S5(O3) > 0.0000) };8.38116e-01;9.36567e-01;9.19684e-01;Pipeline { filter(PT08.S3(NOx) > 0.5900) }
datasets/airQuality_parallel.csv;nsga2;5;43;4300;4300;1.05100e+02;100;100;100;1.00000e+00;1.00000e+00;1.10000e-01;8.42726e-01;7.94297e-01;8.63421e-01;Pipeline { filter(PT08.S5(O3) < 2160.0000) };7.11560e-01;1.00000e+00;8.78132e-01;Pipeline { filter(NOx(GT) > 0.3900) };8.38116e-01;9.36567e-01;9.19684e-01;Pipeline { filter(PT08.S1(CO) > 83.0000) };8.38116e-01;9.36567e-01;9.19684e-01;Pipeline { filter(C6H6(GT) < 410.0000) };8.38116e-01;9.36567e-01;9.19684e-01;Pipeline { filter(PT08.S4(NO2) < 33100000.0000) };8.38116e-01;9.36567e-01;9.19684e-01;Pipeline { filter(C6H6(GT) < 555.0000) }
datasets/airQuality_parallel.csv;nsga2;5;44;4400;4400;1.07440e+02;100;100;100;1.00000e+00;9.90000e-01;1.10000e-01;8.42726e-01;7.94297e-01;8.63421e-01;Pipeline { filter(PT08.S5(O3) < 2160.0000) };7.11560e-01;1.00000e+00;8.78132e-01;Pipeline { filter(NOx(GT) > 0.3900) };8.38116e-01;9.36567e-01;9.19684e-01;Pipeline { filter(PT08.S1(CO) > 0.0000) };8.38116e-01;9.36567e-01;9.19684e-01;Pipeline { filter(PT08.S5(O3) > 0.7610) };8.38116e-01;9.36567e-01;9.19684e-01;Pipeline { filter(C6H6(GT) > 0.0009) };8.38116e-01;9.36567e-01;9.19684e-01;Pipeline { filter(RH > 0.0676) }
datasets/airQuality_parallel.csv;nsga2;5;45;4500;4500;1.09756e+02;100;100;100;1.00000e+00;1.00000e+00;1.10000e-01;8.42726e-01;7.94297e-01;8.63421e-01;Pipeline { filter(PT08.S5(O3) < 2160.0000) };7.11560e-01;1.00000e+00;8.78132e-01;Pipeline { filter(NOx(GT) > 0.3900) };8.38116e-01;9.36567e-01;9.19684e-01;Pipeline { filter(RH > 0.0000) };8.38116e-01;9.36567e-01;9.19684e-01;Pipeline { filter(RH < 672000000.0000) };8.38116e-01;9.36567e-01;9.19684e-01;Pipeline { filter(PT08.S1(CO) > 0.0004) };8.38116e-01;9.36567e-01;9.19684e-01;Pipeline { filter(PT08.S1(CO) < 4330000000.0000) }
datasets/airQuality_parallel.csv;nsga2;5;46;4600;4600;1.12161e+02;100;100;100;1.00000e+00;1.00000e+00;1.10000e-01;8.42726e-01;7.94297e-01;8.63421e-01;Pipeline { filter(PT08.S5(O3) < 2160.0000) };7.11560e-01;1.00000e+00;8.78132e-01;Pipeline { filter(NOx(GT) > 0.3900) };8.38116e-01;9.36567e-01;9.19684e-01;Pipeline { filter(PT08.S5(O3) > 0.0000) };8.38116e-01;9.36567e-01;9.19684e-01;Pipeline { filter(T < 240000.0000) };8.38116e-01;9.36567e-01;9.19684e-01;Pipeline { filter(RH > 0.0001) };8.38116e-01;9.36567e-01;9.19684e-01;Pipeline { filter(PT08.S3(NOx) > 78.2000) }
datasets/airQuality_parallel.csv;nsga2;5;47;4700;4700;1.14570e+02;100;100;100;1.00000e+00;1.00000e+00;1.10000e-01;8.42726e-01;7.94297e-01;8.63421e-01;Pipeline { filter(PT08.S5(O3) < 2160.0000) };7.07174e-01;1.00000e+00;8.99054e-01;Pipeline { filter(CO(GT) < 81100000.0000) };8.38116e-01;9.36567e-01;9.19684e-01;Pipeline { filter(PT08.S5(O3) > 0.8400) };8.38116e-01;9.36567e-01;9.19684e-01;Pipeline { filter(RH > 0.0000) };8.38116e-01;9.36567e-01;9.19684e-01;Pipeline { filter(PT08.S1(CO) > 5.6000) };8.38116e-01;9.36567e-01;9.19684e-01;Pipeline { filter(AH < 86700000.0000) }
datasets/airQuality_parallel.csv;nsga2;5;48;4800;4800;1.16981e+02;100;100;100;1.00000e+00;1.00000e+00;1.10000e-01;8.42726e-01;7.94297e-01;8.63421e-01;Pipeline { filter(PT08.S5(O3) < 2160.0000) };7.11560e-01;1.00000e+00;8.78132e-01;Pipeline { filter(NOx(GT) > 0.3900) };8.38116e-01;9.36567e-01;9.19684e-01;Pipeline { filter(PT08.S3(NOx) > 0.8240) };8.38116e-01;9.36567e-01;9.19684e-01;Pipeline { filter(T < 71100000.0000) };8.38116e-01;9.36567e-01;9.19684e-01;Pipeline { filter(T < 210000.0000) };8.38116e-01;9.36567e-01;9.19684e-01;Pipeline { filter(PT08.S5(O3) > 0.8840) }
datasets/airQuality_parallel.csv;nsga2;5;49;4900;4900;1.19443e+02;100;100;100;1.00000e+00;1.00000e+00;1.10000e-01;8.42726e-01;7.94297e-01;8.63421e-01;Pipeline { filter(PT08.S5(O3) < 2160.0000) };7.11560e-01;1.00000e+00;8.78132e-01;Pipeline { filter(NOx(GT) > 0.3900) };8.38116e-01;9.36567e-01;9.19684e-01;Pipeline { filter(PT08.S5(O3) > 0.0005) };8.38116e-01;9.36567e-01;9.19684e-01;Pipeline { filter(C6H6(GT) < 6170000.0000) };8.38116e-01;9.36567e-01;9.19684e-01;Pipeline { filter(PT08.S1(CO) > 0.0000) };8.38116e-01;9.36567e-01;9.19684e-01;Pipeline { filter(AH > 0.0000) }
datasets/airQuality_parallel.csv;nsga2;5;50;5000;5000;1.21846e+02;100;100;100;1.00000e+00;9.90000e-01;1.20000e-01;8.42726e-01;7.94297e-01;8.63421e-01;Pipeline { filter(PT08.S5(O3) < 2160.0000) };7.11560e-01;1.00000e+00;8.78132e-01;Pipeline { filter(NOx(GT) > 0.3900) };8.38116e-01;9.36567e-01;9.19684e-01;Pipeline { filter(PT08.S5(O3) > 0.0000) };8.38116e-01;9.36567e-01;9.19684e-01;Pipeline { filter(AH < 829.0000) };8.38116e-01;9.36567e-01;9.19684e-01;Pipeline { filter(PT08.S4(NO2) > 0.0000) };8.38116e-01;9.36567e-01;9.19684e-01;Pipeline { filter(AH > 0.0000) }
