problem.name;solver.name;randomGenerator.seed;n.iterations;n.evals;n.births;elapsed.secs;all→size;firsts→size;lasts→size;all→each[genotype]→uniqueness;all→each[solution]→uniqueness;all→each[quality]→uniqueness;"all→percentile[quality→privacy;100]→quality→privacy";"all→percentile[quality→privacy;100]→quality→results-similarity";"all→percentile[quality→privacy;100]→solution";"all→percentile[quality→results-similarity;100]→quality→privacy";"all→percentile[quality→results-similarity;100]→quality→results-similarity";"all→percentile[quality→results-similarity;100]→solution";"all→percentile[quality→privacy;75]→quality→privacy";"all→percentile[quality→privacy;75]→quality→results-similarity";"all→percentile[quality→privacy;75]→solution";"all→percentile[quality→results-similarity;75]→quality→privacy";"all→percentile[quality→results-similarity;75]→quality→results-similarity";"all→percentile[quality→results-similarity;75]→solution"
datasets/airQuality_parallel.csv;nsga2;1;1;100;100;7.13700e+00;100;4;83;1.00000e+00;1.00000e+00;1.40000e-01;7.39254e-01;9.36567e-01;Pipeline { filter(RH > 0.0000) };5.05940e-01;1.00000e+00;Pipeline { filter(NO2(GT) > 66.9000) };0.00000e+00;0.00000e+00;Pipeline { filter(PT08.S3(NOx) < 96.5000) | filter(PT08.S4(NO2) > 43.3000) | filter(C6H6(GT) > 4.7100) | filter(PT08.S1(CO) < 336.0000) | filter(CO(GT) < 0.0000) | filter(RH > 0.0000) };0.00000e+00;0.00000e+00;Pipeline { filter(PT08.S4(NO2) < 578.0000) | filter(NOx(GT) < 0.6130) | filter(PT08.S2(NMHC) > 0.0022) | filter(NMHC(GT) > 40.1000) }
datasets/airQuality_parallel.csv;nsga2;1;2;200;200;9.08100e+00;100;10;65;1.00000e+00;1.00000e+00;1.70000e-01;7.39254e-01;9.36567e-01;Pipeline { filter(PT08.S5(O3) > 17.6000) };5.05940e-01;1.00000e+00;Pipeline { filter(NO2(GT) > 66.9000) };8.24266e-02;2.13166e-01;Pipeline { filter(NMHC(GT) > 0.0001) };7.97212e-02;2.13166e-01;Pipeline { filter(NMHC(GT) < 8370000000.0000) | filter(PT08.S4(NO2) > 3.1800) | filter(NMHC(GT) > 9.5100) }
datasets/airQuality_parallel.csv;nsga2;1;3;300;300;1.13900e+01;100;22;18;1.00000e+00;1.00000e+00;2.80000e-01;7.39254e-01;9.36567e-01;Pipeline { filter(PT08.S3(NOx) < 24500000.0000) };5.05940e-01;1.00000e+00;Pipeline { filter(NO2(GT) > 66.9000) };7.38103e-01;9.36567e-01;Pipeline { filter(T > 0.0001) };7.34814e-01;9.36567e-01;Pipeline { filter(PT08.S2(NMHC) > 0.0037) | filter(C6H6(GT) > 0.5490) }
datasets/airQuality_parallel.csv;nsga2;1;4;400;400;1.38360e+01;100;51;1;1.00000e+00;1.00000e+00;1.60000e-01;7.39254e-01;9.36567e-01;Pipeline { filter(AH > 0.0000) };5.05940e-01;1.00000e+00;Pipeline { filter(NO2(GT) > 66.9000) };7.39254e-01;9.36567e-01;Pipeline { filter(PT08.S5(O3) < 249000.0000) | filter(AH > 0.0000) };6.07042e-01;9.36567e-01;Pipeline { filter(NOx(GT) > 0.1400) | filter(T > 0.0007) }
datasets/airQuality_parallel.csv;nsga2;1;5;500;500;1.61090e+01;100;90;10;1.00000e+00;1.00000e+00;4.00000e-02;7.39254e-01;9.36567e-01;Pipeline { filter(PT08.S5(O3) > 0.0000) | filter(PT08.S4(NO2) > 8.8000) | filter(C6H6(GT) < 422000.0000) | filter(RH > 4.0500) };6.11232e-01;1.00000e+00;Pipeline { filter(NOx(GT) > 0.5400) | filter(NO2(GT) > 0.0000) };7.39254e-01;9.36567e-01;Pipeline { filter(PT08.S3(NOx) < 82700000.0000) };7.39254e-01;9.36567e-01;Pipeline { filter(PT08.S5(O3) > 0.0000) | filter(PT08.S4(NO2) > 6.8100) | filter(C6H6(GT) < 422000.0000) | filter(RH > 4.0500) }
datasets/airQuality_parallel.csv;nsga2;1;6;600;600;1.84610e+01;100;100;100;1.00000e+00;1.00000e+00;2.00000e-02;7.39254e-01;9.36567e-01;Pipeline { filter(T < 310000.0000) };6.11470e-01;1.00000e+00;Pipeline { filter(NOx(GT) > 0.0000) };7.39254e-01;9.36567e-01;Pipeline { filter(AH > 0.0006) };7.39254e-01;9.36567e-01;Pipeline { filter(PT08.S3(NOx) < 4600000.0000) }
datasets/airQuality_parallel.csv;nsga2;1;7;700;700;2.07570e+01;100;100;100;1.00000e+00;1.00000e+00;3.00000e-02;7.75313e-01;8.45401e-01;Pipeline { filter(C6H6(GT) < 40.8000) };6.11470e-01;1.00000e+00;Pipeline { filter(NOx(GT) > 0.0000) };7.39254e-01;9.36567e-01;Pipeline { filter(PT08.S3(NOx) > 0.0949) };7.39254e-01;9.36567e-01;Pipeline { filter(PT08.S3(NOx) < 6440000000.0000) }
datasets/airQuality_parallel.csv;nsga2;1;8;800;800;2.35940e+01;100;100;100;1.00000e+00;1.00000e+00;3.00000e-02;7.75313e-01;8.45401e-01;Pipeline { filter(C6H6(GT) < 40.8000) };6.11470e-01;1.00000e+00;Pipeline { filter(NOx(GT) > 0.0000) };7.39254e-01;9.36567e-01;Pipeline { filter(PT08.S3(NOx) < 6470000000.0000) };7.39254e-01;9.36567e-01;Pipeline { filter(T < 6430000000.0000) }
datasets/airQuality_parallel.csv;nsga2;1;9;900;900;2.61220e+01;100;100;100;1.00000e+00;1.00000e+00;3.00000e-02;7.75313e-01;8.45401e-01;Pipeline { filter(C6H6(GT) < 40.8000) };6.11470e-01;1.00000e+00;Pipeline { filter(NOx(GT) > 0.0000) };7.39254e-01;9.36567e-01;Pipeline { filter(PT08.S2(NMHC) < 17600000.0000) };7.39254e-01;9.36567e-01;Pipeline { filter(PT08.S2(NMHC) < 96600000.0000) }
datasets/airQuality_parallel.csv;nsga2;1;10;1000;1000;2.85740e+01;100;100;100;1.00000e+00;1.00000e+00;3.00000e-02;7.75313e-01;8.45401e-01;Pipeline { filter(C6H6(GT) < 40.8000) };6.11470e-01;1.00000e+00;Pipeline { filter(NOx(GT) > 0.0000) };7.39254e-01;9.36567e-01;Pipeline { filter(AH > 0.0000) };7.39254e-01;9.36567e-01;Pipeline { filter(PT08.S2(NMHC) < 9400000000.0000) }
datasets/airQuality_parallel.csv;nsga2;1;11;1100;1100;3.11140e+01;100;100;100;1.00000e+00;1.00000e+00;4.00000e-02;7.75313e-01;8.45401e-01;Pipeline { filter(C6H6(GT) < 40.8000) };6.11470e-01;1.00000e+00;Pipeline { filter(NOx(GT) > 0.0000) };7.39254e-01;9.36567e-01;Pipeline { filter(PT08.S3(NOx) > 0.0000) };7.39254e-01;9.36567e-01;Pipeline { filter(PT08.S3(NOx) > 0.0000) }
datasets/airQuality_parallel.csv;nsga2;1;12;1200;1200;3.35420e+01;100;100;100;1.00000e+00;1.00000e+00;4.00000e-02;7.75313e-01;8.45401e-01;Pipeline { filter(C6H6(GT) < 40.8000) };6.11470e-01;1.00000e+00;Pipeline { filter(NOx(GT) > 0.0000) };7.39254e-01;9.36567e-01;Pipeline { filter(RH < 73000000.0000) | filter(C6H6(GT) < 324000000.0000) };7.39254e-01;9.36567e-01;Pipeline { filter(RH < 73000000.0000) | filter(C6H6(GT) < 324000000.0000) }
datasets/airQuality_parallel.csv;nsga2;1;13;1300;1300;3.63710e+01;100;100;100;1.00000e+00;9.90000e-01;4.00000e-02;7.75313e-01;8.45401e-01;Pipeline { filter(C6H6(GT) < 40.8000) };6.11470e-01;1.00000e+00;Pipeline { filter(NOx(GT) > 0.0000) };7.39254e-01;9.36567e-01;Pipeline { filter(PT08.S2(NMHC) < 5530000.0000) };7.39254e-01;9.36567e-01;Pipeline { filter(PT08.S2(NMHC) < 5530000.0000) }
datasets/airQuality_parallel.csv;nsga2;1;14;1400;1400;3.87740e+01;100;100;100;1.00000e+00;1.00000e+00;4.00000e-02;7.75313e-01;8.45401e-01;Pipeline { filter(C6H6(GT) < 40.8000) };6.11470e-01;1.00000e+00;Pipeline { filter(NOx(GT) > 0.0000) };7.39254e-01;9.36567e-01;Pipeline { filter(C6H6(GT) < 149000.0000) | filter(PT08.S1(CO) < 9440000.0000) };7.39254e-01;9.36567e-01;Pipeline { filter(C6H6(GT) < 149000.0000) | filter(PT08.S1(CO) < 9440000.0000) }
datasets/airQuality_parallel.csv;nsga2;1;15;1500;1500;4.13330e+01;100;100;100;1.00000e+00;1.00000e+00;4.00000e-02;7.75313e-01;8.45401e-01;Pipeline { filter(C6H6(GT) < 40.8000) };6.11470e-01;1.00000e+00;Pipeline { filter(NOx(GT) > 0.0000) };7.39254e-01;9.36567e-01;Pipeline { filter(PT08.S5(O3) > 47.6000) };7.39254e-01;9.36567e-01;Pipeline { filter(PT08.S5(O3) > 47.6000) }
datasets/airQuality_parallel.csv;nsga2;1;16;1600;1600;4.36830e+01;100;100;100;1.00000e+00;1.00000e+00;4.00000e-02;7.75313e-01;8.45401e-01;Pipeline { filter(C6H6(GT) < 40.8000) };6.11470e-01;1.00000e+00;Pipeline { filter(NOx(GT) > 0.0000) };7.39254e-01;9.36567e-01;Pipeline { filter(PT08.S5(O3) > 0.0001) };7.39254e-01;9.36567e-01;Pipeline { filter(PT08.S5(O3) > 0.0001) }
datasets/airQuality_parallel.csv;nsga2;1;17;1700;1700;4.61160e+01;100;100;100;1.00000e+00;9.90000e-01;4.00000e-02;7.75313e-01;8.45401e-01;Pipeline { filter(C6H6(GT) < 40.8000) };6.11470e-01;1.00000e+00;Pipeline { filter(NOx(GT) > 0.0000) };7.39254e-01;9.36567e-01;Pipeline { filter(PT08.S1(CO) > 0.0000) };7.39254e-01;9.36567e-01;Pipeline { filter(PT08.S1(CO) > 0.0000) }
datasets/airQuality_parallel.csv;nsga2;1;18;1800;1800;4.86420e+01;100;100;100;1.00000e+00;1.00000e+00;4.00000e-02;7.75313e-01;8.45401e-01;Pipeline { filter(C6H6(GT) < 40.8000) };6.11470e-01;1.00000e+00;Pipeline { filter(NOx(GT) > 0.0007) };7.39254e-01;9.36567e-01;Pipeline { filter(PT08.S3(NOx) < 23000000.0000) | filter(PT08.S4(NO2) < 9440000.0000) };7.39254e-01;9.36567e-01;Pipeline { filter(PT08.S2(NMHC) > 0.0602) }
datasets/airQuality_parallel.csv;nsga2;1;19;1900;1900;5.11510e+01;100;100;100;1.00000e+00;1.00000e+00;4.00000e-02;7.75313e-01;8.45401e-01;Pipeline { filter(C6H6(GT) < 40.8000) };6.11470e-01;1.00000e+00;Pipeline { filter(NOx(GT) > 0.0000) };7.39254e-01;9.36567e-01;Pipeline { filter(RH < 2430000.0000) };7.39254e-01;9.36567e-01;Pipeline { filter(PT08.S3(NOx) < 59000000.0000) | filter(PT08.S4(NO2) < 3440000.0000) }
datasets/airQuality_parallel.csv;nsga2;1;20;2000;2000;5.40900e+01;100;100;100;1.00000e+00;1.00000e+00;4.00000e-02;7.75313e-01;8.45401e-01;Pipeline { filter(C6H6(GT) < 40.8000) };6.11470e-01;1.00000e+00;Pipeline { filter(NOx(GT) > 0.0000) };7.39254e-01;9.36567e-01;Pipeline { filter(PT08.S3(NOx) > 0.0000) };7.39254e-01;9.36567e-01;Pipeline { filter(PT08.S3(NOx) > 0.0000) }
datasets/airQuality_parallel.csv;nsga2;1;21;2100;2100;5.65720e+01;100;100;100;1.00000e+00;1.00000e+00;5.00000e-02;7.75313e-01;8.45401e-01;Pipeline { filter(C6H6(GT) < 40.8000) };6.11470e-01;1.00000e+00;Pipeline { filter(NOx(GT) > 0.0000) };7.39254e-01;9.36567e-01;Pipeline { filter(C6H6(GT) < 5700000.0000) | filter(PT08.S1(CO) < 846000000.0000) };7.39254e-01;9.36567e-01;Pipeline { filter(PT08.S2(NMHC) > 64.5000) }
datasets/airQuality_parallel.csv;nsga2;1;22;2200;2200;5.89390e+01;100;100;100;1.00000e+00;1.00000e+00;5.00000e-02;7.75313e-01;8.45401e-01;Pipeline { filter(C6H6(GT) < 40.8000) };6.11470e-01;1.00000e+00;Pipeline { filter(NOx(GT) > 0.0000) };7.39254e-01;9.36567e-01;Pipeline { filter(C6H6(GT) < 5700000.0000) | filter(PT08.S5(O3) > 2.8500) };7.39254e-01;9.36567e-01;Pipeline { filter(PT08.S5(O3) < 926000.0000) | filter(PT08.S1(CO) > 0.0000) }
datasets/airQuality_parallel.csv;nsga2;1;23;2300;2300;6.13420e+01;100;100;100;1.00000e+00;1.00000e+00;5.00000e-02;7.75313e-01;8.45401e-01;Pipeline { filter(C6H6(GT) < 40.8000) };6.11470e-01;1.00000e+00;Pipeline { filter(NOx(GT) > 0.0000) };7.39254e-01;9.36567e-01;Pipeline { filter(C6H6(GT) < 2130.0000) };7.39254e-01;9.36567e-01;Pipeline { filter(RH > 0.0000) }
datasets/airQuality_parallel.csv;nsga2;1;24;2400;2400;6.37000e+01;100;100;100;1.00000e+00;1.00000e+00;5.00000e-02;7.75313e-01;8.45401e-01;Pipeline { filter(C6H6(GT) < 40.8000) };6.11470e-01;1.00000e+00;Pipeline { filter(NOx(GT) > 0.0000) };7.39254e-01;9.36567e-01;Pipeline { filter(RH > 0.0000) };7.39254e-01;9.36567e-01;Pipeline { filter(RH > 0.0000) }
datasets/airQuality_parallel.csv;nsga2;1;25;2500;2500;6.62190e+01;100;100;100;1.00000e+00;9.90000e-01;5.00000e-02;7.75313e-01;8.45401e-01;Pipeline { filter(C6H6(GT) < 40.8000) };6.11470e-01;1.00000e+00;Pipeline { filter(NOx(GT) > 0.0000) };7.39254e-01;9.36567e-01;Pipeline { filter(PT08.S4(NO2) > 9.7600) };7.39254e-01;9.36567e-01;Pipeline { filter(RH < 250000.0000) }
datasets/airQuality_parallel.csv;nsga2;1;26;2600;2600;6.86430e+01;100;100;100;1.00000e+00;1.00000e+00;5.00000e-02;7.75313e-01;8.45401e-01;Pipeline { filter(C6H6(GT) < 40.8000) };6.11470e-01;1.00000e+00;Pipeline { filter(NOx(GT) > 0.0000) };7.39254e-01;9.36567e-01;Pipeline { filter(C6H6(GT) < 428.0000) };7.39254e-01;9.36567e-01;Pipeline { filter(AH < 2230000000.0000) }
datasets/airQuality_parallel.csv;nsga2;1;27;2700;2700;7.09450e+01;100;100;100;1.00000e+00;9.90000e-01;5.00000e-02;7.75313e-01;8.45401e-01;Pipeline { filter(C6H6(GT) < 40.8000) };6.11470e-01;1.00000e+00;Pipeline { filter(NOx(GT) > 0.0000) };7.39254e-01;9.36567e-01;Pipeline { filter(T < 978000000.0000) };7.39254e-01;9.36567e-01;Pipeline { filter(RH > 0.0000) }
datasets/airQuality_parallel.csv;nsga2;1;28;2800;2800;7.32170e+01;100;100;100;1.00000e+00;1.00000e+00;5.00000e-02;7.75313e-01;8.45401e-01;Pipeline { filter(C6H6(GT) < 40.8000) };6.11470e-01;1.00000e+00;Pipeline { filter(NOx(GT) > 0.0000) };7.39254e-01;9.36567e-01;Pipeline { filter(T < 670000.0000) };7.39254e-01;9.36567e-01;Pipeline { filter(PT08.S3(NOx) > 0.0000) }
datasets/airQuality_parallel.csv;nsga2;1;29;2900;2900;7.55490e+01;100;100;100;1.00000e+00;1.00000e+00;5.00000e-02;7.75313e-01;8.45401e-01;Pipeline { filter(C6H6(GT) < 40.8000) };6.11470e-01;1.00000e+00;Pipeline { filter(NOx(GT) > 0.0000) };7.39254e-01;9.36567e-01;Pipeline { filter(PT08.S3(NOx) > 0.0000) };7.39254e-01;9.36567e-01;Pipeline { filter(PT08.S2(NMHC) > 0.0000) }
datasets/airQuality_parallel.csv;nsga2;1;30;3000;3000;7.80240e+01;100;100;100;1.00000e+00;9.90000e-01;5.00000e-02;7.75313e-01;8.45401e-01;Pipeline { filter(C6H6(GT) < 40.8000) };6.11470e-01;1.00000e+00;Pipeline { filter(NOx(GT) > 0.0000) };7.39254e-01;9.36567e-01;Pipeline { filter(PT08.S3(NOx) < 6840.0000) };7.39254e-01;9.36567e-01;Pipeline { filter(PT08.S4(NO2) < 235000000.0000) }
datasets/airQuality_parallel.csv;nsga2;1;31;3100;3100;8.05170e+01;100;100;100;1.00000e+00;9.90000e-01;5.00000e-02;7.75313e-01;8.45401e-01;Pipeline { filter(C6H6(GT) < 40.8000) };6.11470e-01;1.00000e+00;Pipeline { filter(NOx(GT) > 0.0000) };7.39254e-01;9.36567e-01;Pipeline { filter(PT08.S5(O3) > 0.0005) };7.39254e-01;9.36567e-01;Pipeline { filter(PT08.S2(NMHC) < 475000000.0000) }
datasets/airQuality_parallel.csv;nsga2;1;32;3200;3200;8.27300e+01;100;100;100;1.00000e+00;9.80000e-01;5.00000e-02;7.75659e-01;8.58252e-01;Pipeline { filter(C6H6(GT) < 42.8000) };6.11470e-01;1.00000e+00;Pipeline { filter(NOx(GT) > 0.0000) };7.39254e-01;9.36567e-01;Pipeline { filter(PT08.S1(CO) < 6450000.0000) };7.39254e-01;9.36567e-01;Pipeline { filter(PT08.S5(O3) > 0.0000) }
datasets/airQuality_parallel.csv;nsga2;1;33;3300;3300;8.52190e+01;100;100;100;1.00000e+00;9.90000e-01;5.00000e-02;7.75659e-01;8.58252e-01;Pipeline { filter(C6H6(GT) < 42.8000) };6.11470e-01;1.00000e+00;Pipeline { filter(NOx(GT) > 0.0000) };7.39254e-01;9.36567e-01;Pipeline { filter(C6H6(GT) > 0.0084) | filter(PT08.S3(NOx) > 1.8800) };7.39254e-01;9.36567e-01;Pipeline { filter(PT08.S5(O3) < 5300000000.0000) }
datasets/airQuality_parallel.csv;nsga2;1;34;3400;3400;8.76260e+01;100;100;100;1.00000e+00;9.90000e-01;5.00000e-02;7.75659e-01;8.58252e-01;Pipeline { filter(C6H6(GT) < 42.8000) };6.11470e-01;1.00000e+00;Pipeline { filter(NOx(GT) > 0.0000) };7.39254e-01;9.36567e-01;Pipeline { filter(C6H6(GT) > 0.0008) | filter(PT08.S3(NOx) > 1.8800) };7.39254e-01;9.36567e-01;Pipeline { filter(T < 2480000000.0000) }
datasets/airQuality_parallel.csv;nsga2;1;35;3500;3500;9.00540e+01;100;100;100;1.00000e+00;9.90000e-01;5.00000e-02;7.76351e-01;8.73563e-01;Pipeline { filter(C6H6(GT) < 44.8000) };6.11470e-01;1.00000e+00;Pipeline { filter(NOx(GT) > 0.0000) };7.39254e-01;9.36567e-01;Pipeline { filter(PT08.S4(NO2) > 0.0000) };7.39254e-01;9.36567e-01;Pipeline { filter(C6H6(GT) < 74500000.0000) }
datasets/airQuality_parallel.csv;nsga2;1;36;3600;3600;9.22720e+01;100;100;100;1.00000e+00;1.00000e+00;5.00000e-02;7.76351e-01;8.73563e-01;Pipeline { filter(C6H6(GT) < 44.8000) };6.11470e-01;1.00000e+00;Pipeline { filter(NOx(GT) > 0.0000) };7.39254e-01;9.36567e-01;Pipeline { filter(PT08.S1(CO) < 9730000.0000) };7.39254e-01;9.36567e-01;Pipeline { filter(PT08.S2(NMHC) > 5.1800) }
datasets/airQuality_parallel.csv;nsga2;1;37;3700;3700;9.47900e+01;100;100;100;1.00000e+00;1.00000e+00;5.00000e-02;7.76351e-01;8.73563e-01;Pipeline { filter(C6H6(GT) < 44.8000) };6.11470e-01;1.00000e+00;Pipeline { filter(NOx(GT) > 0.0000) };7.39254e-01;9.36567e-01;Pipeline { filter(AH < 7280000000.0000) };7.39254e-01;9.36567e-01;Pipeline { filter(PT08.S5(O3) > 0.0000) }
datasets/airQuality_parallel.csv;nsga2;1;38;3800;3800;9.73880e+01;100;100;100;1.00000e+00;9.80000e-01;5.00000e-02;7.76351e-01;8.73563e-01;Pipeline { filter(C6H6(GT) < 44.8000) };6.11470e-01;1.00000e+00;Pipeline { filter(NOx(GT) > 0.0000) };7.39254e-01;9.36567e-01;Pipeline { filter(PT08.S2(NMHC) > 30.1000) };7.39254e-01;9.36567e-01;Pipeline { filter(PT08.S2(NMHC) > 2.7900) }
datasets/airQuality_parallel.csv;nsga2;1;39;3900;3900;9.98610e+01;100;100;100;1.00000e+00;1.00000e+00;5.00000e-02;7.76351e-01;8.73563e-01;Pipeline { filter(C6H6(GT) < 44.8000) };6.11470e-01;1.00000e+00;Pipeline { filter(NOx(GT) > 0.0000) };7.39254e-01;9.36567e-01;Pipeline { filter(PT08.S2(NMHC) > 0.0000) };7.39254e-01;9.36567e-01;Pipeline { filter(PT08.S1(CO) > 1.0100) | filter(RH > 0.0000) }
datasets/airQuality_parallel.csv;nsga2;1;40;4000;4000;1.01974e+02;100;100;100;1.00000e+00;1.00000e+00;5.00000e-02;7.76351e-01;8.73563e-01;Pipeline { filter(C6H6(GT) < 44.8000) };6.11470e-01;1.00000e+00;Pipeline { filter(NOx(GT) < 3550000.0000) };7.39254e-01;9.36567e-01;Pipeline { filter(C6H6(GT) < 439000.0000) };7.39254e-01;9.36567e-01;Pipeline { filter(PT08.S1(CO) > 1.0100) | filter(PT08.S3(NOx) > 2.7300) }
datasets/airQuality_parallel.csv;nsga2;1;41;4100;4100;1.04378e+02;100;100;100;1.00000e+00;9.90000e-01;5.00000e-02;7.76351e-01;8.73563e-01;Pipeline { filter(C6H6(GT) < 44.8000) };6.11470e-01;1.00000e+00;Pipeline { filter(NOx(GT) < 3590000.0000) };7.39254e-01;9.36567e-01;Pipeline { filter(PT08.S2(NMHC) > 0.0760) };7.39254e-01;9.36567e-01;Pipeline { filter(PT08.S2(NMHC) > 2.5900) }
datasets/airQuality_parallel.csv;nsga2;1;42;4200;4200;1.06605e+02;100;100;100;1.00000e+00;1.00000e+00;5.00000e-02;7.76351e-01;8.73563e-01;Pipeline { filter(C6H6(GT) < 44.8000) };6.11470e-01;1.00000e+00;Pipeline { filter(NOx(GT) < 2550000.0000) };7.39254e-01;9.36567e-01;Pipeline { filter(PT08.S5(O3) < 9630.0000) };6.11470e-01;1.00000e+00;Pipeline { filter(NOx(GT) < 3590000.0000) }
datasets/airQuality_parallel.csv;nsga2;1;43;4300;4300;1.08929e+02;100;100;100;1.00000e+00;1.00000e+00;5.00000e-02;7.76351e-01;8.73563e-01;Pipeline { filter(C6H6(GT) < 44.8000) };6.11470e-01;1.00000e+00;Pipeline { filter(NOx(GT) < 2550000.0000) };7.39254e-01;9.36567e-01;Pipeline { filter(C6H6(GT) < 471.0000) };7.39254e-01;9.36567e-01;Pipeline { filter(T < 10000.0000) }
datasets/airQuality_parallel.csv;nsga2;1;44;4400;4400;1.11592e+02;100;100;100;1.00000e+00;1.00000e+00;5.00000e-02;7.76351e-01;8.73563e-01;Pipeline { filter(C6H6(GT) < 44.8000) };6.11470e-01;1.00000e+00;Pipeline { filter(NOx(GT) < 2550000.0000) };7.39254e-01;9.36567e-01;Pipeline { filter(PT08.S4(NO2) < 844000.0000) };7.39254e-01;9.36567e-01;Pipeline { filter(T < 6270000000.0000) }
datasets/airQuality_parallel.csv;nsga2;1;45;4500;4500;1.14098e+02;100;100;100;1.00000e+00;1.00000e+00;5.00000e-02;7.76351e-01;8.73563e-01;Pipeline { filter(C6H6(GT) < 44.8000) };6.11470e-01;1.00000e+00;Pipeline { filter(NOx(GT) < 2550000.0000) };7.39254e-01;9.36567e-01;Pipeline { filter(RH > 0.0000) };7.39254e-01;9.36567e-01;Pipeline { filter(RH < 443000.0000) }
datasets/airQuality_parallel.csv;nsga2;1;46;4600;4600;1.16799e+02;100;100;100;1.00000e+00;1.00000e+00;5.00000e-02;7.76351e-01;8.73563e-01;Pipeline { filter(C6H6(GT) < 44.8000) };6.11470e-01;1.00000e+00;Pipeline { filter(NOx(GT) < 2550000.0000) };7.39254e-01;9.36567e-01;Pipeline { filter(PT08.S3(NOx) < 7270000000.0000) };7.39254e-01;9.36567e-01;Pipeline { filter(PT08.S5(O3) > 0.0144) }
datasets/airQuality_parallel.csv;nsga2;1;47;4700;4700;1.19543e+02;100;100;100;1.00000e+00;1.00000e+00;5.00000e-02;7.76351e-01;8.73563e-01;Pipeline { filter(C6H6(GT) < 44.8000) };6.11470e-01;1.00000e+00;Pipeline { filter(NOx(GT) < 2550000.0000) };7.39254e-01;9.36567e-01;Pipeline { filter(PT08.S4(NO2) > 6.7000) };7.39254e-01;9.36567e-01;Pipeline { filter(PT08.S2(NMHC) < 93000.0000) }
datasets/airQuality_parallel.csv;nsga2;1;48;4800;4800;1.21985e+02;100;100;100;1.00000e+00;1.00000e+00;5.00000e-02;7.76351e-01;8.73563e-01;Pipeline { filter(C6H6(GT) < 44.8000) };6.11470e-01;1.00000e+00;Pipeline { filter(NOx(GT) < 2550000.0000) };7.39254e-01;9.36567e-01;Pipeline { filter(PT08.S1(CO) > 325.0000) };7.39254e-01;9.36567e-01;Pipeline { filter(AH < 8.9500) }
datasets/airQuality_parallel.csv;nsga2;1;49;4900;4900;1.24354e+02;100;100;100;1.00000e+00;1.00000e+00;6.00000e-02;7.79811e-01;7.04595e-01;Pipeline { filter(C6H6(GT) < 34.8000) };6.11470e-01;1.00000e+00;Pipeline { filter(NOx(GT) < 2550000.0000) };7.39254e-01;9.36567e-01;Pipeline { filter(PT08.S5(O3) > 0.0000) };7.39254e-01;9.36567e-01;Pipeline { filter(PT08.S3(NOx) < 5710.0000) }
datasets/airQuality_parallel.csv;nsga2;1;50;5000;5000;1.26661e+02;100;100;100;1.00000e+00;1.00000e+00;6.00000e-02;7.79811e-01;7.04595e-01;Pipeline { filter(C6H6(GT) < 34.8000) };6.11470e-01;1.00000e+00;Pipeline { filter(NOx(GT) < 2550000.0000) };7.39254e-01;9.36567e-01;Pipeline { filter(PT08.S4(NO2) < 4320000000.0000) };7.39254e-01;9.36567e-01;Pipeline { filter(PT08.S3(NOx) < 6360.0000) }
datasets/airQuality_parallel.csv;nsga2;2;1;100;100;2.36000e+00;100;4;83;1.00000e+00;1.00000e+00;1.40000e-01;7.39254e-01;9.36567e-01;Pipeline { filter(RH > 0.0000) };6.08111e-01;9.36567e-01;Pipeline { filter(AH > 0.0077) | filter(NOx(GT) < 40700000.0000) | filter(T < 37100000.0000) | filter(NOx(GT) < 96000.0000) | filter(PT08.S2(NMHC) > 0.0000) };0.00000e+00;0.00000e+00;Pipeline { filter(RH < 0.0084) | filter(PT08.S2(NMHC) > 0.0000) | filter(NO2(GT) < 79100000.0000) | filter(RH > 38.3000) | filter(RH > 241.0000) | filter(NMHC(GT) > 83300.0000) | filter(NMHC(GT) < 0.9710) };0.00000e+00;0.00000e+00;Pipeline { filter(NOx(GT) > 0.0000) | filter(PT08.S1(CO) > 0.0000) | filter(NO2(GT) > 5410000000.0000) }
datasets/airQuality_parallel.csv;nsga2;2;2;200;200;5.03900e+00;100;16;58;1.00000e+00;1.00000e+00;2.20000e-01;7.39254e-01;9.36567e-01;Pipeline { filter(T < 319000000.0000) };6.11232e-01;1.00000e+00;Pipeline { filter(NO2(GT) > 0.7790) };5.41324e-01;0.00000e+00;Pipeline { filter(PT08.S4(NO2) < 73400000.0000) | filter(PT08.S2(NMHC) < 9380000000.0000) | filter(T < 919.0000) | filter(PT08.S5(O3) < 446000.0000) | filter(PT08.S3(NOx) < 9650.0000) | filter(NO2(GT) < 123000.0000) | filter(CO(GT) < 4.2200) | filter(PT08.S3(NOx) > 0.0000) | filter(CO(GT) < 963.0000) };6.53274e-01;4.15301e-01;Pipeline { filter(NOx(GT) < 661.0000) }
datasets/airQuality_parallel.csv;nsga2;2;3;300;300;7.22200e+00;100;40;7;1.00000e+00;1.00000e+00;3.20000e-01;7.39254e-01;9.36567e-01;Pipeline { filter(RH > 0.0073) };5.89207e-01;1.00000e+00;Pipeline { filter(NOx(GT) > 32.5000) };7.39254e-01;9.36567e-01;Pipeline { filter(PT08.S3(NOx) > 0.0000) };7.39254e-01;9.36567e-01;Pipeline { filter(C6H6(GT) < 30200.0000) | filter(RH > 3.7500) | filter(PT08.S5(O3) < 2700.0000) | filter(AH < 9.4800) }
datasets/airQuality_parallel.csv;nsga2;2;4;400;400;9.82400e+00;100;88;12;1.00000e+00;1.00000e+00;4.00000e-02;7.39254e-01;9.36567e-01;Pipeline { filter(PT08.S3(NOx) < 87000000.0000) };6.11232e-01;1.00000e+00;Pipeline { filter(NO2(GT) > 0.0790) };7.39254e-01;9.36567e-01;Pipeline { filter(C6H6(GT) > 0.0000) };7.39254e-01;9.36567e-01;Pipeline { filter(RH > 0.0000) }
datasets/airQuality_parallel.csv;nsga2;2;5;500;500;1.22280e+01;100;100;100;1.00000e+00;9.90000e-01;2.00000e-02;7.39254e-01;9.36567e-01;Pipeline { filter(RH > 0.0053) };6.11470e-01;1.00000e+00;Pipeline { filter(NOx(GT) > 0.0000) };7.39254e-01;9.36567e-01;Pipeline { filter(C6H6(GT) > 0.0005) };7.39254e-01;9.36567e-01;Pipeline { filter(T < 624.0000) }
datasets/airQuality_parallel.csv;nsga2;2;6;600;600;1.45450e+01;100;100;100;1.00000e+00;1.00000e+00;2.00000e-02;7.39254e-01;9.36567e-01;Pipeline { filter(PT08.S5(O3) > 1.0400) };6.11470e-01;1.00000e+00;Pipeline { filter(NOx(GT) > 0.0000) };7.39254e-01;9.36567e-01;Pipeline { filter(PT08.S1(CO) > 3.8000) };7.39254e-01;9.36567e-01;Pipeline { filter(AH < 374000.0000) | filter(RH > 3.7500) | filter(PT08.S5(O3) < 52700.0000) | filter(AH < 9.4800) }
datasets/airQuality_parallel.csv;nsga2;2;7;700;700;1.69900e+01;100;100;100;1.00000e+00;9.90000e-01;2.00000e-02;7.39254e-01;9.36567e-01;Pipeline { filter(C6H6(GT) < 30200.0000) | filter(RH > 3.9900) | filter(PT08.S5(O3) < 52700.0000) | filter(AH < 9480000.0000) };6.11470e-01;1.00000e+00;Pipeline { filter(NOx(GT) > 0.0000) };7.39254e-01;9.36567e-01;Pipeline { filter(PT08.S3(NOx) > 0.0803) };7.39254e-01;9.36567e-01;Pipeline { filter(PT08.S5(O3) < 78900.0000) }
datasets/airQuality_parallel.csv;nsga2;2;8;800;800;1.95650e+01;100;100;100;1.00000e+00;1.00000e+00;2.00000e-02;7.39254e-01;9.36567e-01;Pipeline { filter(PT08.S3(NOx) > 7.2000) };6.11470e-01;1.00000e+00;Pipeline { filter(NOx(GT) > 0.0000) };7.39254e-01;9.36567e-01;Pipeline { filter(PT08.S2(NMHC) < 18000.0000) };7.39254e-01;9.36567e-01;Pipeline { filter(T < 926000.0000) }
datasets/airQuality_parallel.csv;nsga2;2;9;900;900;2.20450e+01;100;100;100;1.00000e+00;1.00000e+00;2.00000e-02;7.39254e-01;9.36567e-01;Pipeline { filter(PT08.S3(NOx) < 5000000.0000) };6.11470e-01;1.00000e+00;Pipeline { filter(NOx(GT) > 0.0000) };7.39254e-01;9.36567e-01;Pipeline { filter(RH > 0.0000) };7.39254e-01;9.36567e-01;Pipeline { filter(PT08.S5(O3) > 0.0034) }
datasets/airQuality_parallel.csv;nsga2;2;10;1000;1000;2.45270e+01;100;100;100;1.00000e+00;1.00000e+00;2.00000e-02;7.39254e-01;9.36567e-01;Pipeline { filter(PT08.S1(CO) > 225.0000) };6.11470e-01;1.00000e+00;Pipeline { filter(NOx(GT) > 0.0000) };7.39254e-01;9.36567e-01;Pipeline { filter(T < 654.0000) };7.39254e-01;9.36567e-01;Pipeline { filter(RH < 534000000.0000) }
datasets/airQuality_parallel.csv;nsga2;2;11;1100;1100;2.71480e+01;100;100;100;1.00000e+00;1.00000e+00;2.00000e-02;7.39254e-01;9.36567e-01;Pipeline { filter(C6H6(GT) > 0.0002) };6.11470e-01;1.00000e+00;Pipeline { filter(NOx(GT) > 0.0000) };7.39254e-01;9.36567e-01;Pipeline { filter(PT08.S1(CO) > 0.0000) };7.39254e-01;9.36567e-01;Pipeline { filter(RH > 0.0007) }
datasets/airQuality_parallel.csv;nsga2;2;12;1200;1200;2.94340e+01;100;100;100;1.00000e+00;1.00000e+00;2.00000e-02;7.39254e-01;9.36567e-01;Pipeline { filter(T < 426000000.0000) };6.11470e-01;1.00000e+00;Pipeline { filter(NOx(GT) > 0.0000) };7.39254e-01;9.36567e-01;Pipeline { filter(RH > 0.9600) };7.39254e-01;9.36567e-01;Pipeline { filter(PT08.S3(NOx) > 0.0000) }
datasets/airQuality_parallel.csv;nsga2;2;13;1300;1300;3.18270e+01;100;100;100;1.00000e+00;1.00000e+00;2.00000e-02;7.39254e-01;9.36567e-01;Pipeline { filter(RH > 0.0000) };6.11470e-01;1.00000e+00;Pipeline { filter(NOx(GT) > 0.0000) };7.39254e-01;9.36567e-01;Pipeline { filter(AH < 35000000.0000) };7.39254e-01;9.36567e-01;Pipeline { filter(PT08.S2(NMHC) < 658000000.0000) }
datasets/airQuality_parallel.csv;nsga2;2;14;1400;1400;3.40700e+01;100;100;100;1.00000e+00;9.90000e-01;3.00000e-02;7.52878e-01;6.96429e-01;Pipeline { filter(PT08.S4(NO2) < 2180.0000) };6.11470e-01;1.00000e+00;Pipeline { filter(NOx(GT) > 0.0000) };7.39254e-01;9.36567e-01;Pipeline { filter(PT08.S5(O3) > 1.6700) };7.39254e-01;9.36567e-01;Pipeline { filter(PT08.S5(O3) < 190000000.0000) }
datasets/airQuality_parallel.csv;nsga2;2;15;1500;1500;3.65490e+01;100;100;100;1.00000e+00;1.00000e+00;3.00000e-02;7.52878e-01;6.96429e-01;Pipeline { filter(PT08.S4(NO2) < 2180.0000) };6.11470e-01;1.00000e+00;Pipeline { filter(NOx(GT) > 0.0000) };7.39254e-01;9.36567e-01;Pipeline { filter(PT08.S3(NOx) > 97.7000) };7.39254e-01;9.36567e-01;Pipeline { filter(PT08.S2(NMHC) > 0.0000) }
datasets/airQuality_parallel.csv;nsga2;2;16;1600;1600;3.90900e+01;100;100;100;1.00000e+00;1.00000e+00;3.00000e-02;7.52878e-01;6.96429e-01;Pipeline { filter(PT08.S4(NO2) < 2180.0000) };6.11470e-01;1.00000e+00;Pipeline { filter(NOx(GT) > 0.0000) };7.39254e-01;9.36567e-01;Pipeline { filter(T < 226000000.0000) };7.39254e-01;9.36567e-01;Pipeline { filter(PT08.S1(CO) < 21200.0000) }
datasets/airQuality_parallel.csv;nsga2;2;17;1700;1700;4.15540e+01;100;100;100;1.00000e+00;1.00000e+00;3.00000e-02;7.52878e-01;6.96429e-01;Pipeline { filter(PT08.S4(NO2) < 2180.0000) };6.11470e-01;1.00000e+00;Pipeline { filter(NOx(GT) > 0.0000) };7.39254e-01;9.36567e-01;Pipeline { filter(PT08.S1(CO) < 71200.0000) };7.39254e-01;9.36567e-01;Pipeline { filter(C6H6(GT) > 0.0000) }
datasets/airQuality_parallel.csv;nsga2;2;18;1800;1800;4.38930e+01;100;100;100;1.00000e+00;1.00000e+00;3.00000e-02;7.52878e-01;6.96429e-01;Pipeline { filter(PT08.S4(NO2) < 2180.0000) };6.11470e-01;1.00000e+00;Pipeline { filter(NOx(GT) > 0.0000) };7.39254e-01;9.36567e-01;Pipeline { filter(PT08.S2(NMHC) > 0.0000) };7.39254e-01;9.36567e-01;Pipeline { filter(PT08.S2(NMHC) > 0.0000) }
datasets/airQuality_parallel.csv;nsga2;2;19;1900;1900;4.62980e+01;100;100;100;1.00000e+00;1.00000e+00;3.00000e-02;7.52878e-01;6.96429e-01;Pipeline { filter(PT08.S4(NO2) < 2180.0000) };6.11470e-01;1.00000e+00;Pipeline { filter(NOx(GT) > 0.0000) };7.39254e-01;9.36567e-01;Pipeline { filter(PT08.S1(CO) > 2.9000) };7.39254e-01;9.36567e-01;Pipeline { filter(RH > 0.5090) }
datasets/airQuality_parallel.csv;nsga2;2;20;2000;2000;4.86820e+01;100;100;100;1.00000e+00;1.00000e+00;3.00000e-02;7.52878e-01;6.96429e-01;Pipeline { filter(PT08.S4(NO2) < 2180.0000) };6.11470e-01;1.00000e+00;Pipeline { filter(NOx(GT) > 0.0000) };7.39254e-01;9.36567e-01;Pipeline { filter(RH > 0.0000) };7.39254e-01;9.36567e-01;Pipeline { filter(RH > 0.3510) }
datasets/airQuality_parallel.csv;nsga2;2;21;2100;2100;5.09770e+01;100;100;100;1.00000e+00;1.00000e+00;3.00000e-02;7.52878e-01;6.96429e-01;Pipeline { filter(PT08.S4(NO2) < 2180.0000) };6.11470e-01;1.00000e+00;Pipeline { filter(NOx(GT) > 0.0000) };7.39254e-01;9.36567e-01;Pipeline { filter(RH > 0.0000) };7.39254e-01;9.36567e-01;Pipeline { filter(AH > 0.0090) }
datasets/airQuality_parallel.csv;nsga2;2;22;2200;2200;5.33060e+01;100;100;100;1.00000e+00;9.90000e-01;3.00000e-02;7.67001e-01;8.10484e-01;Pipeline { filter(PT08.S5(O3) < 2180.0000) };6.11470e-01;1.00000e+00;Pipeline { filter(NOx(GT) > 0.0000) };7.39254e-01;9.36567e-01;Pipeline { filter(PT08.S1(CO) > 0.0339) };7.39254e-01;9.36567e-01;Pipeline { filter(PT08.S4(NO2) < 14400000.0000) }
datasets/airQuality_parallel.csv;nsga2;2;23;2300;2300;5.58350e+01;100;100;100;1.00000e+00;1.00000e+00;3.00000e-02;7.67430e-01;8.22355e-01;Pipeline { filter(PT08.S5(O3) < 2190.0000) };6.11470e-01;1.00000e+00;Pipeline { filter(NOx(GT) > 0.0000) };7.39254e-01;9.36567e-01;Pipeline { filter(PT08.S4(NO2) > 0.0009) };7.39254e-01;9.36567e-01;Pipeline { filter(AH < 353000.0000) | filter(PT08.S4(NO2) < 1000000000.0000) | filter(PT08.S3(NOx) > 0.0383) | filter(AH < 9.9800) }
datasets/airQuality_parallel.csv;nsga2;2;24;2400;2400;5.81070e+01;100;100;100;1.00000e+00;1.00000e+00;3.00000e-02;7.67430e-01;8.22355e-01;Pipeline { filter(PT08.S5(O3) < 2190.0000) };6.11470e-01;1.00000e+00;Pipeline { filter(NOx(GT) > 0.0000) };7.39254e-01;9.36567e-01;Pipeline { filter(PT08.S2(NMHC) > 0.0000) };7.39254e-01;9.36567e-01;Pipeline { filter(PT08.S5(O3) > 0.0000) }
datasets/airQuality_parallel.csv;nsga2;2;25;2500;2500;6.06570e+01;100;100;100;1.00000e+00;1.00000e+00;3.00000e-02;7.67430e-01;8.22355e-01;Pipeline { filter(PT08.S5(O3) < 2190.0000) };6.11470e-01;1.00000e+00;Pipeline { filter(NOx(GT) > 0.0000) };7.39254e-01;9.36567e-01;Pipeline { filter(AH < 354000.0000) | filter(PT08.S4(NO2) < 1000000000.0000) | filter(PT08.S3(NOx) > 0.0383) | filter(AH < 9.9800) };7.39254e-01;9.36567e-01;Pipeline { filter(C6H6(GT) > 0.0000) }
datasets/airQuality_parallel.csv;nsga2;2;26;2600;2600;6.35800e+01;100;100;100;1.00000e+00;9.90000e-01;3.00000e-02;7.67430e-01;8.22355e-01;Pipeline { filter(PT08.S5(O3) < 2190.0000) };6.11470e-01;1.00000e+00;Pipeline { filter(NOx(GT) > 0.0000) };7.39254e-01;9.36567e-01;Pipeline { filter(RH > 3.5400) };7.39254e-01;9.36567e-01;Pipeline { filter(PT08.S2(NMHC) > 0.9100) }
datasets/airQuality_parallel.csv;nsga2;2;27;2700;2700;6.60810e+01;100;100;100;1.00000e+00;9.90000e-01;4.00000e-02;7.67430e-01;8.22355e-01;Pipeline { filter(PT08.S5(O3) < 2190.0000) };6.11470e-01;1.00000e+00;Pipeline { filter(NOx(GT) > 0.0000) };7.39254e-01;9.36567e-01;Pipeline { filter(AH < 354000.0000) | filter(PT08.S4(NO2) < 10000.0000) | filter(PT08.S3(NOx) > 0.0583) | filter(AH < 9.9800) };7.39254e-01;9.36567e-01;Pipeline { filter(AH < 354000.0000) | filter(PT08.S4(NO2) < 10000.0000) | filter(PT08.S3(NOx) > 0.0583) | filter(AH < 9.9800) }
datasets/airQuality_parallel.csv;nsga2;2;28;2800;2800;6.95260e+01;100;100;100;1.00000e+00;1.00000e+00;4.00000e-02;7.67430e-01;8.22355e-01;Pipeline { filter(PT08.S5(O3) < 2190.0000) };6.11470e-01;1.00000e+00;Pipeline { filter(NOx(GT) > 0.0000) };7.39254e-01;9.36567e-01;Pipeline { filter(AH > 0.0000) };7.39254e-01;9.36567e-01;Pipeline { filter(AH > 0.0000) }
datasets/airQuality_parallel.csv;nsga2;2;29;2900;2900;7.24570e+01;100;100;100;1.00000e+00;9.80000e-01;4.00000e-02;7.67430e-01;8.22355e-01;Pipeline { filter(PT08.S5(O3) < 2190.0000) };6.11470e-01;1.00000e+00;Pipeline { filter(NOx(GT) > 0.0000) };7.39254e-01;9.36567e-01;Pipeline { filter(PT08.S2(NMHC) > 0.0037) };7.39254e-01;9.36567e-01;Pipeline { filter(PT08.S2(NMHC) > 0.0037) }
datasets/airQuality_parallel.csv;nsga2;2;30;3000;3000;7.50100e+01;100;100;100;1.00000e+00;1.00000e+00;4.00000e-02;7.67430e-01;8.22355e-01;Pipeline { filter(PT08.S5(O3) < 2190.0000) };6.11470e-01;1.00000e+00;Pipeline { filter(NOx(GT) > 0.0000) };7.39254e-01;9.36567e-01;Pipeline { filter(PT08.S1(CO) > 5.2100) };7.39254e-01;9.36567e-01;Pipeline { filter(PT08.S1(CO) > 5.2100) }
datasets/airQuality_parallel.csv;nsga2;2;31;3100;3100;7.73050e+01;100;100;100;1.00000e+00;1.00000e+00;4.00000e-02;7.67430e-01;8.22355e-01;Pipeline { filter(PT08.S5(O3) < 2190.0000) };6.11470e-01;1.00000e+00;Pipeline { filter(NOx(GT) > 0.0000) };7.39254e-01;9.36567e-01;Pipeline { filter(AH < 344000.0000) | filter(PT08.S4(NO2) < 1000000000.0000) | filter(PT08.S3(NOx) > 0.0383) | filter(AH < 99600000.0000) };7.39254e-01;9.36567e-01;Pipeline { filter(AH < 344000.0000) | filter(PT08.S4(NO2) < 1000000000.0000) | filter(PT08.S3(NOx) > 0.0383) | filter(AH < 99600000.0000) }
datasets/airQuality_parallel.csv;nsga2;2;32;3200;3200;7.97390e+01;100;100;100;1.00000e+00;1.00000e+00;4.00000e-02;7.67430e-01;8.22355e-01;Pipeline { filter(PT08.S5(O3) < 2190.0000) };6.11470e-01;1.00000e+00;Pipeline { filter(NOx(GT) > 0.0000) };7.39254e-01;9.36567e-01;Pipeline { filter(PT08.S1(CO) > 0.3430) };7.39254e-01;9.36567e-01;Pipeline { filter(PT08.S1(CO) > 0.3430) }
datasets/airQuality_parallel.csv;nsga2;2;33;3300;3300;8.23360e+01;100;100;100;1.00000e+00;1.00000e+00;4.00000e-02;7.67430e-01;8.22355e-01;Pipeline { filter(PT08.S5(O3) < 2190.0000) };6.11470e-01;1.00000e+00;Pipeline { filter(NOx(GT) > 0.0000) };7.39254e-01;9.36567e-01;Pipeline { filter(PT08.S4(NO2) > 68.9000) };7.39254e-01;9.36567e-01;Pipeline { filter(PT08.S4(NO2) > 68.9000) }
datasets/airQuality_parallel.csv;nsga2;2;34;3400;3400;8.48430e+01;100;100;100;1.00000e+00;1.00000e+00;4.00000e-02;7.67430e-01;8.22355e-01;Pipeline { filter(PT08.S5(O3) < 2190.0000) };6.11470e-01;1.00000e+00;Pipeline { filter(NOx(GT) > 0.0000) };7.39254e-01;9.36567e-01;Pipeline { filter(PT08.S3(NOx) > 0.0049) };7.39254e-01;9.36567e-01;Pipeline { filter(PT08.S3(NOx) > 0.0049) }
datasets/airQuality_parallel.csv;nsga2;2;35;3500;3500;8.76440e+01;100;100;100;1.00000e+00;1.00000e+00;4.00000e-02;7.67430e-01;8.22355e-01;Pipeline { filter(PT08.S5(O3) < 2190.0000) };6.11470e-01;1.00000e+00;Pipeline { filter(NOx(GT) > 0.0000) };7.39254e-01;9.36567e-01;Pipeline { filter(PT08.S1(CO) > 0.0475) };7.39254e-01;9.36567e-01;Pipeline { filter(PT08.S1(CO) > 0.0475) }
datasets/airQuality_parallel.csv;nsga2;2;36;3600;3600;9.00400e+01;100;100;100;1.00000e+00;1.00000e+00;4.00000e-02;7.67430e-01;8.22355e-01;Pipeline { filter(PT08.S5(O3) < 2190.0000) };6.11470e-01;1.00000e+00;Pipeline { filter(NOx(GT) > 0.0000) };7.39254e-01;9.36567e-01;Pipeline { filter(PT08.S1(CO) > 475.0000) };7.39254e-01;9.36567e-01;Pipeline { filter(PT08.S1(CO) > 475.0000) }
datasets/airQuality_parallel.csv;nsga2;2;37;3700;3700;9.26750e+01;100;100;100;1.00000e+00;1.00000e+00;4.00000e-02;7.67430e-01;8.22355e-01;Pipeline { filter(PT08.S5(O3) < 2190.0000) };6.11470e-01;1.00000e+00;Pipeline { filter(NOx(GT) > 0.0000) };7.39254e-01;9.36567e-01;Pipeline { filter(PT08.S3(NOx) > 0.0009) };7.39254e-01;9.36567e-01;Pipeline { filter(PT08.S3(NOx) > 0.0009) }
datasets/airQuality_parallel.csv;nsga2;2;38;3800;3800;9.52720e+01;100;100;100;1.00000e+00;1.00000e+00;4.00000e-02;7.67430e-01;8.22355e-01;Pipeline { filter(PT08.S5(O3) < 2190.0000) };6.11470e-01;1.00000e+00;Pipeline { filter(NOx(GT) > 0.0000) };7.39254e-01;9.36567e-01;Pipeline { filter(AH < 81200.0000) | filter(PT08.S4(NO2) < 19000.0000) | filter(PT08.S3(NOx) > 0.7970) | filter(AH < 928000000.0000) };7.39254e-01;9.36567e-01;Pipeline { filter(AH < 81200.0000) | filter(PT08.S4(NO2) < 19000.0000) | filter(PT08.S3(NOx) > 0.7970) | filter(AH < 928000000.0000) }
datasets/airQuality_parallel.csv;nsga2;2;39;3900;3900;9.77200e+01;100;100;100;1.00000e+00;9.90000e-01;5.00000e-02;7.81069e-01;7.94297e-01;Pipeline { filter(PT08.S5(O3) < 2160.0000) };6.11470e-01;1.00000e+00;Pipeline { filter(NOx(GT) > 0.0000) };7.39254e-01;9.36567e-01;Pipeline { filter(PT08.S1(CO) > 0.0000) };7.39254e-01;9.36567e-01;Pipeline { filter(AH < 81200.0000) | filter(PT08.S4(NO2) < 19000.0000) | filter(PT08.S3(NOx) > 0.7470) | filter(AH < 928000000.0000) }
datasets/airQuality_parallel.csv;nsga2;2;40;4000;4000;1.00314e+02;100;100;100;1.00000e+00;9.90000e-01;5.00000e-02;7.81069e-01;7.94297e-01;Pipeline { filter(PT08.S5(O3) < 2160.0000) };6.11470e-01;1.00000e+00;Pipeline { filter(NOx(GT) > 0.0000) };7.39254e-01;9.36567e-01;Pipeline { filter(PT08.S3(NOx) > 0.0000) };7.39254e-01;9.36567e-01;Pipeline { filter(AH < 7870.0000) }
datasets/airQuality_parallel.csv;nsga2;2;41;4100;4100;1.02812e+02;100;100;100;1.00000e+00;9.90000e-01;5.00000e-02;7.81069e-01;7.94297e-01;Pipeline { filter(PT08.S5(O3) < 2160.0000) };6.11470e-01;1.00000e+00;Pipeline { filter(NOx(GT) > 0.0000) };7.39254e-01;9.36567e-01;Pipeline { filter(C6H6(GT) < 6400000.0000) };7.39254e-01;9.36567e-01;Pipeline { filter(PT08.S3(NOx) < 210000000.0000) }
datasets/airQuality_parallel.csv;nsga2;2;42;4200;4200;1.05446e+02;100;100;100;1.00000e+00;9.90000e-01;5.00000e-02;7.81069e-01;7.94297e-01;Pipeline { filter(PT08.S5(O3) < 2160.0000) };6.11470e-01;1.00000e+00;Pipeline { filter(NOx(GT) > 0.0063) };7.39254e-01;9.36567e-01;Pipeline { filter(AH < 81200.0000) | filter(PT08.S4(NO2) < 18900.0000) | filter(PT08.S3(NOx) > 0.7990) | filter(AH < 99.8000) };7.39254e-01;9.36567e-01;Pipeline { filter(PT08.S4(NO2) < 4400.0000) }
datasets/airQuality_parallel.csv;nsga2;2;43;4300;4300;1.08018e+02;100;100;100;1.00000e+00;1.00000e+00;5.00000e-02;7.81069e-01;7.94297e-01;Pipeline { filter(PT08.S5(O3) < 2160.0000) };6.11470e-01;1.00000e+00;Pipeline { filter(NOx(GT) > 0.0063) };7.39254e-01;9.36567e-01;Pipeline { filter(AH < 7370000000.0000) };7.39254e-01;9.36567e-01;Pipeline { filter(AH < 81400.0000) | filter(PT08.S4(NO2) < 185000000.0000) | filter(PT08.S3(NOx) > 0.7990) | filter(AH < 99.8000) }
datasets/airQuality_parallel.csv;nsga2;2;44;4400;4400;1.10534e+02;100;100;100;1.00000e+00;1.00000e+00;5.00000e-02;7.81069e-01;7.94297e-01;Pipeline { filter(PT08.S5(O3) < 2160.0000) };6.11470e-01;1.00000e+00;Pipeline { filter(NOx(GT) > 0.0063) };7.39254e-01;9.36567e-01;Pipeline { filter(AH < 81200.0000) | filter(PT08.S4(NO2) < 145000000.0000) | filter(PT08.S3(NOx) > 0.7290) | filter(AH < 99.8000) };7.39254e-01;9.36567e-01;Pipeline { filter(C6H6(GT) > 0.0005) }
datasets/airQuality_parallel.csv;nsga2;2;45;4500;4500;1.13075e+02;100;100;100;1.00000e+00;9.90000e-01;5.00000e-02;7.81069e-01;7.94297e-01;Pipeline { filter(PT08.S5(O3) < 2160.0000) };6.11470e-01;1.00000e+00;Pipeline { filter(NOx(GT) > 0.0063) };7.39254e-01;9.36567e-01;Pipeline { filter(PT08.S3(NOx) > 0.7480) };7.39254e-01;9.36567e-01;Pipeline { filter(PT08.S3(NOx) > 0.0000) }
datasets/airQuality_parallel.csv;nsga2;2;46;4600;4600;1.15686e+02;100;100;100;1.00000e+00;1.00000e+00;5.00000e-02;7.81069e-01;7.94297e-01;Pipeline { filter(PT08.S5(O3) < 2160.0000) };6.11470e-01;1.00000e+00;Pipeline { filter(NOx(GT) > 0.0063) };7.39254e-01;9.36567e-01;Pipeline { filter(PT08.S1(CO) > 0.1820) };7.39254e-01;9.36567e-01;Pipeline { filter(AH > 0.0081) }
datasets/airQuality_parallel.csv;nsga2;2;47;4700;4700;1.18131e+02;100;100;100;1.00000e+00;1.00000e+00;5.00000e-02;7.81069e-01;7.94297e-01;Pipeline { filter(PT08.S5(O3) < 2160.0000) };6.11470e-01;1.00000e+00;Pipeline { filter(NOx(GT) > 0.0063) };7.39254e-01;9.36567e-01;Pipeline { filter(AH > 0.0079) };7.39254e-01;9.36567e-01;Pipeline { filter(PT08.S5(O3) > 65.0000) }
datasets/airQuality_parallel.csv;nsga2;2;48;4800;4800;1.20653e+02;100;100;100;1.00000e+00;1.00000e+00;5.00000e-02;7.81069e-01;7.94297e-01;Pipeline { filter(PT08.S5(O3) < 2160.0000) };6.11470e-01;1.00000e+00;Pipeline { filter(NOx(GT) > 0.0063) };7.39254e-01;9.36567e-01;Pipeline { filter(PT08.S5(O3) < 3010.0000) };7.39254e-01;9.36567e-01;Pipeline { filter(AH < 84800000.0000) | filter(PT08.S4(NO2) < 68500.0000) | filter(PT08.S1(CO) > 0.0001) | filter(AH < 9980000.0000) }
datasets/airQuality_parallel.csv;nsga2;2;49;4900;4900;1.23137e+02;100;100;100;1.00000e+00;1.00000e+00;5.00000e-02;7.81069e-01;7.94297e-01;Pipeline { filter(PT08.S5(O3) < 2160.0000) };6.11470e-01;1.00000e+00;Pipeline { filter(NOx(GT) > 0.0063) };7.39254e-01;9.36567e-01;Pipeline { filter(RH > 0.0000) };7.39254e-01;9.36567e-01;Pipeline { filter(RH < 5770000.0000) }
datasets/airQuality_parallel.csv;nsga2;2;50;5000;5000;1.25651e+02;100;100;100;1.00000e+00;1.00000e+00;5.00000e-02;7.81069e-01;7.94297e-01;Pipeline { filter(PT08.S5(O3) < 2160.0000) };6.11470e-01;1.00000e+00;Pipeline { filter(NOx(GT) > 0.0063) };7.39254e-01;9.36567e-01;Pipeline { filter(RH > 6.0600) };7.39254e-01;9.36567e-01;Pipeline { filter(PT08.S5(O3) > 0.0000) }
datasets/airQuality_parallel.csv;nsga2;3;1;100;100;3.20500e+00;100;9;81;1.00000e+00;1.00000e+00;1.00000e-01;7.39254e-01;9.36567e-01;Pipeline { filter(PT08.S5(O3) > 0.0026) };6.07984e-01;1.00000e+00;Pipeline { filter(CO(GT) > 0.0000) };0.00000e+00;0.00000e+00;Pipeline { filter(RH > 0.0000) | filter(PT08.S2(NMHC) < 0.0000) | filter(T < 0.0000) | filter(T > 6.6700) | filter(T < 0.0001) | filter(NMHC(GT) < 0.0000) | filter(RH < 0.0000) | filter(PT08.S3(NOx) > 0.0000) };0.00000e+00;0.00000e+00;Pipeline { filter(PT08.S3(NOx) > 135.0000) | filter(PT08.S3(NOx) > 6730000000.0000) | filter(NO2(GT) > 0.0000) | filter(PT08.S2(NMHC) < 0.0558) | filter(T < 0.0094) | filter(RH < 487000000.0000) | filter(NOx(GT) < 0.0686) }
datasets/airQuality_parallel.csv;nsga2;3;2;200;200;5.18500e+00;100;24;51;1.00000e+00;1.00000e+00;1.80000e-01;7.39254e-01;9.36567e-01;Pipeline { filter(PT08.S2(NMHC) < 6150000.0000) };6.07984e-01;1.00000e+00;Pipeline { filter(CO(GT) > 0.0000) };6.08111e-01;9.36567e-01;Pipeline { filter(AH < 3910.0000) | filter(PT08.S3(NOx) < 9000.0000) | filter(NOx(GT) > 0.0000) };7.39254e-01;9.36567e-01;Pipeline { filter(PT08.S2(NMHC) < 615000.0000) }
datasets/airQuality_parallel.csv;nsga2;3;3;300;300;7.21700e+00;100;54;1;1.00000e+00;9.90000e-01;2.40000e-01;7.39254e-01;9.36567e-01;Pipeline { filter(C6H6(GT) < 8750000.0000) };6.07984e-01;1.00000e+00;Pipeline { filter(CO(GT) > 0.0000) };7.39254e-01;9.36567e-01;Pipeline { filter(RH > 0.0000) };6.06795e-01;9.36567e-01;Pipeline { filter(T > 0.0000) | filter(NO2(GT) > 0.5280) }
datasets/airQuality_parallel.csv;nsga2;3;4;400;400;9.63500e+00;100;95;3;1.00000e+00;9.90000e-01;6.00000e-02;7.39254e-01;9.36567e-01;Pipeline { filter(AH < 9360000000.0000) };6.11312e-01;1.00000e+00;Pipeline { filter(NOx(GT) > 5.8200) };7.39254e-01;9.36567e-01;Pipeline { filter(C6H6(GT) < 720.0000) };7.39254e-01;9.36567e-01;Pipeline { filter(PT08.S5(O3) > 0.0025) }
datasets/airQuality_parallel.csv;nsga2;3;5;500;500;1.25050e+01;100;100;100;1.00000e+00;9.90000e-01;2.00000e-02;7.39254e-01;9.36567e-01;Pipeline { filter(PT08.S5(O3) > 0.0029) };6.11470e-01;1.00000e+00;Pipeline { filter(NOx(GT) < 939000.0000) };7.39254e-01;9.36567e-01;Pipeline { filter(PT08.S2(NMHC) < 1050000.0000) };7.39254e-01;9.36567e-01;Pipeline { filter(PT08.S2(NMHC) > 6.9500) }
datasets/airQuality_parallel.csv;nsga2;3;6;600;600;1.49990e+01;100;100;100;1.00000e+00;1.00000e+00;3.00000e-02;7.76524e-01;8.80000e-01;Pipeline { filter(C6H6(GT) < 45.2000) };6.11470e-01;1.00000e+00;Pipeline { filter(NOx(GT) > 0.0000) };7.39254e-01;9.36567e-01;Pipeline { filter(PT08.S2(NMHC) > 0.0000) };7.39254e-01;9.36567e-01;Pipeline { filter(C6H6(GT) < 613000.0000) }
datasets/airQuality_parallel.csv;nsga2;3;7;700;700;1.75000e+01;100;100;100;1.00000e+00;9.90000e-01;4.00000e-02;7.76524e-01;8.80000e-01;Pipeline { filter(C6H6(GT) < 45.2000) };6.11470e-01;1.00000e+00;Pipeline { filter(NOx(GT) > 0.0000) };7.39254e-01;9.36567e-01;Pipeline { filter(AH < 9010000000.0000) | filter(AH < 5.0100) };7.39254e-01;9.36567e-01;Pipeline { filter(AH < 9010000000.0000) | filter(AH < 5.0100) }
datasets/airQuality_parallel.csv;nsga2;3;8;800;800;1.99810e+01;100;100;100;1.00000e+00;1.00000e+00;4.00000e-02;7.76610e-01;8.82129e-01;Pipeline { filter(C6H6(GT) < 45.4000) };6.11470e-01;1.00000e+00;Pipeline { filter(NOx(GT) > 0.0000) };7.39254e-01;9.36567e-01;Pipeline { filter(RH > 8.0900) };7.39254e-01;9.36567e-01;Pipeline { filter(RH > 8.0900) }
datasets/airQuality_parallel.csv;nsga2;3;9;900;900;2.24020e+01;100;100;100;1.00000e+00;1.00000e+00;6.00000e-02;7.80512e-01;7.32334e-01;Pipeline { filter(C6H6(GT) < 35.4000) };6.11470e-01;1.00000e+00;Pipeline { filter(NOx(GT) > 0.0000) };7.39254e-01;9.36567e-01;Pipeline { filter(T < 786000000.0000) };7.39254e-01;9.36567e-01;Pipeline { filter(RH > 8.4300) }
datasets/airQuality_parallel.csv;nsga2;3;10;1000;1000;2.47110e+01;100;100;100;1.00000e+00;1.00000e+00;6.00000e-02;7.80512e-01;7.32334e-01;Pipeline { filter(C6H6(GT) < 35.4000) };6.11470e-01;1.00000e+00;Pipeline { filter(NOx(GT) > 0.0000) };7.39254e-01;9.36567e-01;Pipeline { filter(PT08.S2(NMHC) > 0.0180) };7.39254e-01;9.36567e-01;Pipeline { filter(AH < 9010000000.0000) | filter(AH < 20100000.0000) }
datasets/airQuality_parallel.csv;nsga2;3;11;1100;1100;2.70280e+01;100;100;100;1.00000e+00;1.00000e+00;6.00000e-02;7.80512e-01;7.32334e-01;Pipeline { filter(C6H6(GT) < 35.4000) };6.11470e-01;1.00000e+00;Pipeline { filter(NOx(GT) > 0.0000) };7.39254e-01;9.36567e-01;Pipeline { filter(C6H6(GT) < 627000000.0000) };7.39254e-01;9.36567e-01;Pipeline { filter(PT08.S5(O3) > 0.0055) }
datasets/airQuality_parallel.csv;nsga2;3;12;1200;1200;2.92880e+01;100;100;100;1.00000e+00;1.00000e+00;6.00000e-02;7.80512e-01;7.32334e-01;Pipeline { filter(C6H6(GT) < 35.4000) };6.11470e-01;1.00000e+00;Pipeline { filter(NOx(GT) > 0.0000) };7.39254e-01;9.36567e-01;Pipeline { filter(PT08.S3(NOx) < 6350.0000) };7.39254e-01;9.36567e-01;Pipeline { filter(AH > 0.0000) }
datasets/airQuality_parallel.csv;nsga2;3;13;1300;1300;3.17830e+01;100;100;100;1.00000e+00;1.00000e+00;6.00000e-02;7.80512e-01;7.32334e-01;Pipeline { filter(C6H6(GT) < 35.4000) };6.11470e-01;1.00000e+00;Pipeline { filter(NOx(GT) > 0.0000) };7.39254e-01;9.36567e-01;Pipeline { filter(PT08.S2(NMHC) < 7240000000.0000) };7.39254e-01;9.36567e-01;Pipeline { filter(AH < 5010000000.0000) | filter(C6H6(GT) < 23100000.0000) }
datasets/airQuality_parallel.csv;nsga2;3;14;1400;1400;3.43950e+01;100;100;100;1.00000e+00;1.00000e+00;6.00000e-02;7.80512e-01;7.32334e-01;Pipeline { filter(C6H6(GT) < 35.4000) };6.11470e-01;1.00000e+00;Pipeline { filter(NOx(GT) > 0.0000) };7.39254e-01;9.36567e-01;Pipeline { filter(RH < 58700000.0000) };7.39254e-01;9.36567e-01;Pipeline { filter(PT08.S2(NMHC) > 0.0000) }
datasets/airQuality_parallel.csv;nsga2;3;15;1500;1500;3.68350e+01;100;100;100;1.00000e+00;1.00000e+00;7.00000e-02;7.80512e-01;7.32334e-01;Pipeline { filter(C6H6(GT) < 35.4000) };6.11470e-01;1.00000e+00;Pipeline { filter(NOx(GT) > 0.0000) };7.39254e-01;9.36567e-01;Pipeline { filter(PT08.S4(NO2) > 0.0000) };7.39254e-01;9.36567e-01;Pipeline { filter(AH > 0.0000) }
datasets/airQuality_parallel.csv;nsga2;3;16;1600;1600;3.92380e+01;100;100;100;1.00000e+00;1.00000e+00;7.00000e-02;7.80512e-01;7.32334e-01;Pipeline { filter(C6H6(GT) < 35.4000) };6.11470e-01;1.00000e+00;Pipeline { filter(NOx(GT) > 0.0000) };7.39254e-01;9.36567e-01;Pipeline { filter(PT08.S1(CO) > 0.0000) };7.39254e-01;9.36567e-01;Pipeline { filter(C6H6(GT) < 7780000000.0000) }
datasets/airQuality_parallel.csv;nsga2;3;17;1700;1700;4.15460e+01;100;100;100;1.00000e+00;9.90000e-01;7.00000e-02;7.80512e-01;7.32334e-01;Pipeline { filter(C6H6(GT) < 35.4000) };6.11470e-01;1.00000e+00;Pipeline { filter(NOx(GT) > 0.0000) };7.39254e-01;9.36567e-01;Pipeline { filter(C6H6(GT) < 8070.0000) | filter(PT08.S1(CO) > 0.0006) };7.39254e-01;9.36567e-01;Pipeline { filter(AH < 7.5600) }
datasets/airQuality_parallel.csv;nsga2;3;18;1800;1800;4.40000e+01;100;100;100;1.00000e+00;1.00000e+00;7.00000e-02;7.80512e-01;7.32334e-01;Pipeline { filter(C6H6(GT) < 35.4000) };6.11470e-01;1.00000e+00;Pipeline { filter(NOx(GT) > 0.0000) };7.39254e-01;9.36567e-01;Pipeline { filter(RH < 2890000.0000) };7.39254e-01;9.36567e-01;Pipeline { filter(AH < 9010000000.0000) | filter(C6H6(GT) < 572000000.0000) }
datasets/airQuality_parallel.csv;nsga2;3;19;1900;1900;4.64260e+01;100;100;100;1.00000e+00;1.00000e+00;7.00000e-02;7.80512e-01;7.32334e-01;Pipeline { filter(C6H6(GT) < 35.4000) };6.11470e-01;1.00000e+00;Pipeline { filter(NOx(GT) > 0.0000) };7.39254e-01;9.36567e-01;Pipeline { filter(PT08.S1(CO) < 38900.0000) };7.39254e-01;9.36567e-01;Pipeline { filter(AH > 0.0738) }
datasets/airQuality_parallel.csv;nsga2;3;20;2000;2000;4.87610e+01;100;100;100;1.00000e+00;1.00000e+00;7.00000e-02;7.80512e-01;7.32334e-01;Pipeline { filter(C6H6(GT) < 35.4000) };6.11470e-01;1.00000e+00;Pipeline { filter(NOx(GT) > 0.0000) };7.39254e-01;9.36567e-01;Pipeline { filter(AH < 9010000000.0000) | filter(PT08.S5(O3) < 79600.0000) };7.39254e-01;9.36567e-01;Pipeline { filter(PT08.S2(NMHC) < 775000000.0000) }
datasets/airQuality_parallel.csv;nsga2;3;21;2100;2100;5.13170e+01;100;100;100;1.00000e+00;1.00000e+00;7.00000e-02;7.80512e-01;7.32334e-01;Pipeline { filter(C6H6(GT) < 35.4000) };6.11470e-01;1.00000e+00;Pipeline { filter(NOx(GT) > 0.0000) };7.39254e-01;9.36567e-01;Pipeline { filter(AH < 7660000000.0000) };7.39254e-01;9.36567e-01;Pipeline { filter(PT08.S2(NMHC) > 0.0099) }
datasets/airQuality_parallel.csv;nsga2;3;22;2200;2200;5.36130e+01;100;100;100;1.00000e+00;1.00000e+00;7.00000e-02;7.80512e-01;7.32334e-01;Pipeline { filter(C6H6(GT) < 35.4000) };6.11470e-01;1.00000e+00;Pipeline { filter(NOx(GT) > 0.0000) };7.39254e-01;9.36567e-01;Pipeline { filter(C6H6(GT) < 807000.0000) | filter(PT08.S4(NO2) > 1.5500) };7.39254e-01;9.36567e-01;Pipeline { filter(PT08.S5(O3) < 807000.0000) | filter(PT08.S4(NO2) > 0.0000) }
datasets/airQuality_parallel.csv;nsga2;3;23;2300;2300;5.59450e+01;100;100;100;1.00000e+00;1.00000e+00;7.00000e-02;7.80512e-01;7.32334e-01;Pipeline { filter(C6H6(GT) < 35.4000) };6.11470e-01;1.00000e+00;Pipeline { filter(NOx(GT) > 0.0000) };7.39254e-01;9.36567e-01;Pipeline { filter(PT08.S2(NMHC) > 0.0093) };7.39254e-01;9.36567e-01;Pipeline { filter(RH > 0.0012) }
datasets/airQuality_parallel.csv;nsga2;3;24;2400;2400;5.85920e+01;100;100;100;1.00000e+00;1.00000e+00;7.00000e-02;7.80512e-01;7.32334e-01;Pipeline { filter(C6H6(GT) < 35.4000) };6.11470e-01;1.00000e+00;Pipeline { filter(NOx(GT) > 0.0001) };7.39254e-01;9.36567e-01;Pipeline { filter(AH < 385.0000) };7.39254e-01;9.36567e-01;Pipeline { filter(C6H6(GT) < 3540000000.0000) }
datasets/airQuality_parallel.csv;nsga2;3;25;2500;2500;6.09890e+01;100;100;100;1.00000e+00;1.00000e+00;7.00000e-02;7.80512e-01;7.32334e-01;Pipeline { filter(C6H6(GT) < 35.4000) };6.11470e-01;1.00000e+00;Pipeline { filter(NOx(GT) > 0.0001) };7.39254e-01;9.36567e-01;Pipeline { filter(PT08.S1(CO) > 0.0000) };7.39254e-01;9.36567e-01;Pipeline { filter(C6H6(GT) < 354000.0000) }
datasets/airQuality_parallel.csv;nsga2;3;26;2600;2600;6.34630e+01;100;100;100;1.00000e+00;9.90000e-01;7.00000e-02;7.80512e-01;7.32334e-01;Pipeline { filter(C6H6(GT) < 35.4000) };6.11470e-01;1.00000e+00;Pipeline { filter(NOx(GT) > 0.0001) };7.39254e-01;9.36567e-01;Pipeline { filter(AH < 185.0000) };7.39254e-01;9.36567e-01;Pipeline { filter(RH > 0.0078) | filter(PT08.S5(O3) < 9800.0000) }
datasets/airQuality_parallel.csv;nsga2;3;27;2700;2700;6.58070e+01;100;100;100;1.00000e+00;1.00000e+00;7.00000e-02;7.80512e-01;7.32334e-01;Pipeline { filter(C6H6(GT) < 35.4000) };6.11470e-01;1.00000e+00;Pipeline { filter(NOx(GT) > 0.0001) };7.39254e-01;9.36567e-01;Pipeline { filter(C6H6(GT) < 3630.0000) };7.39254e-01;9.36567e-01;Pipeline { filter(RH < 234000000.0000) }
datasets/airQuality_parallel.csv;nsga2;3;28;2800;2800;6.81780e+01;100;100;100;1.00000e+00;1.00000e+00;7.00000e-02;7.80512e-01;7.32334e-01;Pipeline { filter(C6H6(GT) < 35.4000) };6.11470e-01;1.00000e+00;Pipeline { filter(NOx(GT) > 0.0001) };7.39254e-01;9.36567e-01;Pipeline { filter(PT08.S4(NO2) > 0.0000) };7.39254e-01;9.36567e-01;Pipeline { filter(PT08.S1(CO) < 9990000.0000) }
datasets/airQuality_parallel.csv;nsga2;3;29;2900;2900;7.06160e+01;100;100;100;1.00000e+00;1.00000e+00;7.00000e-02;7.80512e-01;7.32334e-01;Pipeline { filter(C6H6(GT) < 35.4000) };6.11470e-01;1.00000e+00;Pipeline { filter(NOx(GT) > 0.0001) };7.39254e-01;9.36567e-01;Pipeline { filter(C6H6(GT) < 302000000.0000) | filter(C6H6(GT) > 0.0000) };7.39254e-01;9.36567e-01;Pipeline { filter(AH < 79500.0000) | filter(PT08.S5(O3) < 89700.0000) }
datasets/airQuality_parallel.csv;nsga2;3;30;3000;3000;7.31040e+01;100;100;100;1.00000e+00;1.00000e+00;7.00000e-02;7.80512e-01;7.32334e-01;Pipeline { filter(C6H6(GT) < 35.4000) };6.11470e-01;1.00000e+00;Pipeline { filter(NOx(GT) > 0.0001) };7.39254e-01;9.36567e-01;Pipeline { filter(AH < 4520000000.0000) | filter(T < 300.0000) };7.39254e-01;9.36567e-01;Pipeline { filter(PT08.S3(NOx) > 0.1400) | filter(PT08.S2(NMHC) < 7890.0000) }
datasets/airQuality_parallel.csv;nsga2;3;31;3100;3100;7.54940e+01;100;100;100;1.00000e+00;1.00000e+00;7.00000e-02;7.80512e-01;7.32334e-01;Pipeline { filter(C6H6(GT) < 35.4000) };6.11470e-01;1.00000e+00;Pipeline { filter(NOx(GT) > 0.0001) };7.39254e-01;9.36567e-01;Pipeline { filter(PT08.S3(NOx) < 1670000.0000) | filter(PT08.S5(O3) < 7790000.0000) };7.39254e-01;9.36567e-01;Pipeline { filter(PT08.S1(CO) > 0.0092) }
datasets/airQuality_parallel.csv;nsga2;3;32;3200;3200;7.78020e+01;100;100;100;1.00000e+00;1.00000e+00;7.00000e-02;7.80687e-01;7.40426e-01;Pipeline { filter(C6H6(GT) < 35.6000) };6.11470e-01;1.00000e+00;Pipeline { filter(NOx(GT) > 0.0001) };7.39254e-01;9.36567e-01;Pipeline { filter(PT08.S3(NOx) > 0.1700) | filter(PT08.S4(NO2) > 9.6400) };7.39254e-01;9.36567e-01;Pipeline { filter(PT08.S1(CO) > 0.0338) }
datasets/airQuality_parallel.csv;nsga2;3;33;3300;3300;8.02830e+01;100;100;100;1.00000e+00;1.00000e+00;7.00000e-02;7.80687e-01;7.40426e-01;Pipeline { filter(C6H6(GT) < 35.6000) };6.11470e-01;1.00000e+00;Pipeline { filter(NOx(GT) > 0.0001) };7.39254e-01;9.36567e-01;Pipeline { filter(RH > 0.0092) };7.39254e-01;9.36567e-01;Pipeline { filter(PT08.S3(NOx) > 0.4400) | filter(PT08.S2(NMHC) < 60500000.0000) }
datasets/airQuality_parallel.csv;nsga2;3;34;3400;3400;8.27960e+01;100;100;100;1.00000e+00;1.00000e+00;7.00000e-02;7.80687e-01;7.40426e-01;Pipeline { filter(C6H6(GT) < 35.6000) };6.11470e-01;1.00000e+00;Pipeline { filter(NOx(GT) > 0.0001) };7.39254e-01;9.36567e-01;Pipeline { filter(PT08.S2(NMHC) > 0.0000) };7.39254e-01;9.36567e-01;Pipeline { filter(T < 8600.0000) }
datasets/airQuality_parallel.csv;nsga2;3;35;3500;3500;8.51070e+01;100;100;100;1.00000e+00;1.00000e+00;7.00000e-02;7.80687e-01;7.40426e-01;Pipeline { filter(C6H6(GT) < 35.6000) };6.11470e-01;1.00000e+00;Pipeline { filter(NOx(GT) > 0.0001) };7.39254e-01;9.36567e-01;Pipeline { filter(PT08.S2(NMHC) > 0.0008) };7.39254e-01;9.36567e-01;Pipeline { filter(PT08.S4(NO2) > 0.0000) }
datasets/airQuality_parallel.csv;nsga2;3;36;3600;3600;8.74740e+01;100;100;100;1.00000e+00;1.00000e+00;7.00000e-02;7.80687e-01;7.40426e-01;Pipeline { filter(C6H6(GT) < 35.6000) };6.11470e-01;1.00000e+00;Pipeline { filter(NOx(GT) > 0.0001) };7.39254e-01;9.36567e-01;Pipeline { filter(PT08.S3(NOx) < 2100000.0000) };7.39254e-01;9.36567e-01;Pipeline { filter(PT08.S1(CO) < 663000.0000) }
datasets/airQuality_parallel.csv;nsga2;3;37;3700;3700;8.98630e+01;100;100;100;1.00000e+00;1.00000e+00;7.00000e-02;7.80687e-01;7.40426e-01;Pipeline { filter(C6H6(GT) < 35.6000) };6.11470e-01;1.00000e+00;Pipeline { filter(NOx(GT) > 0.0001) };7.39254e-01;9.36567e-01;Pipeline { filter(PT08.S1(CO) > 0.0254) };7.39254e-01;9.36567e-01;Pipeline { filter(PT08.S2(NMHC) > 0.0000) }
datasets/airQuality_parallel.csv;nsga2;3;38;3800;3800;9.22820e+01;100;100;100;1.00000e+00;1.00000e+00;7.00000e-02;7.80687e-01;7.40426e-01;Pipeline { filter(C6H6(GT) < 35.6000) };6.11470e-01;1.00000e+00;Pipeline { filter(NOx(GT) > 0.0001) };7.39254e-01;9.36567e-01;Pipeline { filter(C6H6(GT) < 2380000000.0000) };7.39254e-01;9.36567e-01;Pipeline { filter(PT08.S1(CO) < 140000000.0000) }
datasets/airQuality_parallel.csv;nsga2;3;39;3900;3900;9.48140e+01;100;100;100;1.00000e+00;1.00000e+00;7.00000e-02;7.80687e-01;7.40426e-01;Pipeline { filter(C6H6(GT) < 35.6000) };6.11470e-01;1.00000e+00;Pipeline { filter(NOx(GT) > 0.0001) };7.39254e-01;9.36567e-01;Pipeline { filter(PT08.S2(NMHC) > 0.0000) };7.39254e-01;9.36567e-01;Pipeline { filter(PT08.S1(CO) > 0.0000) }
datasets/airQuality_parallel.csv;nsga2;3;40;4000;4000;9.76230e+01;100;100;100;1.00000e+00;9.90000e-01;7.00000e-02;7.80687e-01;7.40426e-01;Pipeline { filter(C6H6(GT) < 35.6000) };6.11470e-01;1.00000e+00;Pipeline { filter(NOx(GT) > 0.0001) };7.39254e-01;9.36567e-01;Pipeline { filter(T < 42800000.0000) };7.39254e-01;9.36567e-01;Pipeline { filter(PT08.S3(NOx) > 0.0000) }
datasets/airQuality_parallel.csv;nsga2;3;41;4100;4100;9.98910e+01;100;100;100;1.00000e+00;9.90000e-01;7.00000e-02;7.80687e-01;7.40426e-01;Pipeline { filter(C6H6(GT) < 35.6000) };6.11470e-01;1.00000e+00;Pipeline { filter(NOx(GT) > 0.0001) };7.39254e-01;9.36567e-01;Pipeline { filter(PT08.S4(NO2) > 0.0000) };7.39254e-01;9.36567e-01;Pipeline { filter(PT08.S2(NMHC) > 9.5000) }
datasets/airQuality_parallel.csv;nsga2;3;42;4200;4200;1.02209e+02;100;100;100;1.00000e+00;1.00000e+00;7.00000e-02;7.80687e-01;7.40426e-01;Pipeline { filter(C6H6(GT) < 35.6000) };6.11470e-01;1.00000e+00;Pipeline { filter(NOx(GT) > 0.0001) };7.39254e-01;9.36567e-01;Pipeline { filter(PT08.S2(NMHC) > 9.6500) };7.39254e-01;9.36567e-01;Pipeline { filter(AH < 775000000.0000) | filter(PT08.S3(NOx) > 0.0000) }
datasets/airQuality_parallel.csv;nsga2;3;43;4300;4300;1.05045e+02;100;100;100;1.00000e+00;1.00000e+00;7.00000e-02;7.80687e-01;7.40426e-01;Pipeline { filter(C6H6(GT) < 35.6000) };6.11470e-01;1.00000e+00;Pipeline { filter(NOx(GT) > 0.0001) };7.39254e-01;9.36567e-01;Pipeline { filter(PT08.S4(NO2) > 0.0078) };7.39254e-01;9.36567e-01;Pipeline { filter(PT08.S2(NMHC) > 97.2000) }
datasets/airQuality_parallel.csv;nsga2;3;44;4400;4400;1.07649e+02;100;100;100;1.00000e+00;1.00000e+00;7.00000e-02;7.80687e-01;7.40426e-01;Pipeline { filter(C6H6(GT) < 35.6000) };6.11470e-01;1.00000e+00;Pipeline { filter(NOx(GT) > 0.0001) };7.39254e-01;9.36567e-01;Pipeline { filter(PT08.S2(NMHC) < 28800000.0000) };7.39254e-01;9.36567e-01;Pipeline { filter(PT08.S2(NMHC) > 9.4400) }
datasets/airQuality_parallel.csv;nsga2;3;45;4500;4500;1.10188e+02;100;100;100;1.00000e+00;1.00000e+00;7.00000e-02;7.80687e-01;7.40426e-01;Pipeline { filter(C6H6(GT) < 35.6000) };6.11470e-01;1.00000e+00;Pipeline { filter(NOx(GT) < 905000000.0000) };7.39254e-01;9.36567e-01;Pipeline { filter(PT08.S5(O3) > 0.0000) };7.39254e-01;9.36567e-01;Pipeline { filter(PT08.S2(NMHC) > 0.0000) }
datasets/airQuality_parallel.csv;nsga2;3;46;4600;4600;1.12897e+02;100;100;100;1.00000e+00;1.00000e+00;7.00000e-02;7.80687e-01;7.40426e-01;Pipeline { filter(C6H6(GT) < 35.6000) };6.11470e-01;1.00000e+00;Pipeline { filter(NOx(GT) < 905000000.0000) };7.39254e-01;9.36567e-01;Pipeline { filter(C6H6(GT) < 55000000.0000) };7.39254e-01;9.36567e-01;Pipeline { filter(AH < 2830000.0000) }
datasets/airQuality_parallel.csv;nsga2;3;47;4700;4700;1.15212e+02;100;100;100;1.00000e+00;1.00000e+00;7.00000e-02;7.80687e-01;7.40426e-01;Pipeline { filter(C6H6(GT) < 35.6000) };6.11470e-01;1.00000e+00;Pipeline { filter(NOx(GT) < 905000000.0000) };7.39254e-01;9.36567e-01;Pipeline { filter(PT08.S1(CO) > 186.0000) };7.39254e-01;9.36567e-01;Pipeline { filter(T < 3300000.0000) }
datasets/airQuality_parallel.csv;nsga2;3;48;4800;4800;1.17782e+02;100;100;100;1.00000e+00;9.90000e-01;7.00000e-02;7.80687e-01;7.40426e-01;Pipeline { filter(C6H6(GT) < 35.6000) };6.11470e-01;1.00000e+00;Pipeline { filter(NOx(GT) < 905000000.0000) };7.39254e-01;9.36567e-01;Pipeline { filter(PT08.S2(NMHC) > 4.0400) };7.39254e-01;9.36567e-01;Pipeline { filter(PT08.S3(NOx) > 0.0000) }
datasets/airQuality_parallel.csv;nsga2;3;49;4900;4900;1.20114e+02;100;100;100;1.00000e+00;9.90000e-01;7.00000e-02;7.80687e-01;7.40426e-01;Pipeline { filter(C6H6(GT) < 35.6000) };6.11470e-01;1.00000e+00;Pipeline { filter(NOx(GT) < 905000000.0000) };7.39254e-01;9.36567e-01;Pipeline { filter(T < 5370000.0000) };7.39254e-01;9.36567e-01;Pipeline { filter(AH < 230000.0000) }
datasets/airQuality_parallel.csv;nsga2;3;50;5000;5000;1.22709e+02;100;100;100;1.00000e+00;1.00000e+00;7.00000e-02;7.80687e-01;7.40426e-01;Pipeline { filter(C6H6(GT) < 35.6000) };6.11470e-01;1.00000e+00;Pipeline { filter(NOx(GT) < 905000000.0000) };7.39254e-01;9.36567e-01;Pipeline { filter(PT08.S4(NO2) > 0.0000) };7.39254e-01;9.36567e-01;Pipeline { filter(PT08.S5(O3) > 0.0000) }
datasets/airQuality_parallel.csv;nsga2;4;1;100;100;1.97000e+00;100;8;82;1.00000e+00;1.00000e+00;1.30000e-01;7.39254e-01;9.36567e-01;Pipeline { filter(RH > 0.0151) };6.11232e-01;1.00000e+00;Pipeline { filter(NO2(GT) < 238000000.0000) };0.00000e+00;0.00000e+00;Pipeline { filter(PT08.S5(O3) > 3.7900) | filter(NO2(GT) < 614000.0000) | filter(PT08.S2(NMHC) < 0.0000) | filter(PT08.S1(CO) < 349000.0000) | filter(PT08.S4(NO2) < 0.0001) | filter(NOx(GT) > 43500.0000) };0.00000e+00;0.00000e+00;Pipeline { filter(NO2(GT) < 0.0026) | filter(RH > 359000.0000) | filter(PT08.S4(NO2) > 0.8180) | filter(RH > 310.0000) }
datasets/airQuality_parallel.csv;nsga2;4;2;200;200;5.51900e+00;100;26;54;1.00000e+00;1.00000e+00;1.90000e-01;7.39254e-01;9.36567e-01;Pipeline { filter(PT08.S5(O3) > 4.0000) | filter(AH < 26800.0000) };6.07984e-01;1.00000e+00;Pipeline { filter(CO(GT) > 0.0001) };7.37199e-01;9.36567e-01;Pipeline { filter(T > 0.0063) | filter(T > 0.6900) };7.39254e-01;9.36567e-01;Pipeline { filter(PT08.S2(NMHC) > 0.0630) }
datasets/airQuality_parallel.csv;nsga2;4;3;300;300;7.98500e+00;100;64;2;1.00000e+00;1.00000e+00;2.10000e-01;7.39254e-01;9.36567e-01;Pipeline { filter(C6H6(GT) > 0.0000) };6.07984e-01;1.00000e+00;Pipeline { filter(CO(GT) > 0.0001) };7.39254e-01;9.36567e-01;Pipeline { filter(C6H6(GT) > 0.0084) };6.08111e-01;9.36567e-01;Pipeline { filter(PT08.S3(NOx) < 28600000.0000) | filter(NOx(GT) > 0.0000) | filter(PT08.S2(NMHC) > 0.0003) }
datasets/airQuality_parallel.csv;nsga2;4;4;400;400;1.02700e+01;100;97;3;1.00000e+00;1.00000e+00;4.00000e-02;7.39254e-01;9.36567e-01;Pipeline { filter(PT08.S3(NOx) < 63000.0000) };6.11232e-01;1.00000e+00;Pipeline { filter(NO2(GT) < 238000000.0000) };7.39254e-01;9.36567e-01;Pipeline { filter(RH > 8.0000) };7.39254e-01;9.36567e-01;Pipeline { filter(RH > 0.0154) }
datasets/airQuality_parallel.csv;nsga2;4;5;500;500;1.24920e+01;100;100;100;1.00000e+00;1.00000e+00;2.00000e-02;7.39254e-01;9.36567e-01;Pipeline { filter(PT08.S3(NOx) < 117000000.0000) };6.11470e-01;1.00000e+00;Pipeline { filter(NOx(GT) > 0.0000) };7.39254e-01;9.36567e-01;Pipeline { filter(RH > 8.4000) };7.39254e-01;9.36567e-01;Pipeline { filter(PT08.S3(NOx) < 76700000.0000) }
datasets/airQuality_parallel.csv;nsga2;4;6;600;600;1.48570e+01;100;100;100;1.00000e+00;1.00000e+00;3.00000e-02;7.72630e-01;5.52239e-01;Pipeline { filter(PT08.S2(NMHC) < 1560.0000) };6.11470e-01;1.00000e+00;Pipeline { filter(NOx(GT) > 0.0000) };7.39254e-01;9.36567e-01;Pipeline { filter(PT08.S2(NMHC) < 1650000000.0000) };7.39254e-01;9.36567e-01;Pipeline { filter(PT08.S2(NMHC) < 3980000000.0000) }
datasets/airQuality_parallel.csv;nsga2;4;7;700;700;1.72490e+01;100;100;100;1.00000e+00;9.90000e-01;3.00000e-02;7.72630e-01;5.52239e-01;Pipeline { filter(PT08.S2(NMHC) < 1560.0000) };6.11470e-01;1.00000e+00;Pipeline { filter(NOx(GT) > 0.0000) };7.39254e-01;9.36567e-01;Pipeline { filter(T < 3860000000.0000) };7.39254e-01;9.36567e-01;Pipeline { filter(C6H6(GT) < 317000000.0000) }
datasets/airQuality_parallel.csv;nsga2;4;8;800;800;1.96260e+01;100;100;100;1.00000e+00;1.00000e+00;3.00000e-02;7.72630e-01;5.52239e-01;Pipeline { filter(PT08.S2(NMHC) < 1560.0000) };6.11470e-01;1.00000e+00;Pipeline { filter(NOx(GT) > 0.0000) };7.39254e-01;9.36567e-01;Pipeline { filter(PT08.S3(NOx) < 53000.0000) };7.39254e-01;9.36567e-01;Pipeline { filter(PT08.S2(NMHC) < 4560000000.0000) | filter(PT08.S3(NOx) > 0.0000) | filter(PT08.S2(NMHC) > 0.0003) }
datasets/airQuality_parallel.csv;nsga2;4;9;900;900;2.25060e+01;100;100;100;1.00000e+00;1.00000e+00;3.00000e-02;7.72630e-01;5.52239e-01;Pipeline { filter(PT08.S2(NMHC) < 1560.0000) };6.11470e-01;1.00000e+00;Pipeline { filter(NOx(GT) > 0.0000) };7.39254e-01;9.36567e-01;Pipeline { filter(RH > 0.0972) };7.39254e-01;9.36567e-01;Pipeline { filter(PT08.S4(NO2) > 69.3000) }
datasets/airQuality_parallel.csv;nsga2;4;10;1000;1000;2.49700e+01;100;100;100;1.00000e+00;1.00000e+00;3.00000e-02;7.72630e-01;5.52239e-01;Pipeline { filter(PT08.S2(NMHC) < 1560.0000) };6.11470e-01;1.00000e+00;Pipeline { filter(NOx(GT) > 0.0000) };7.39254e-01;9.36567e-01;Pipeline { filter(PT08.S3(NOx) > 0.0000) | filter(PT08.S3(NOx) > 1.2600) | filter(PT08.S2(NMHC) > 0.0003) };7.39254e-01;9.36567e-01;Pipeline { filter(PT08.S2(NMHC) > 305.0000) }
datasets/airQuality_parallel.csv;nsga2;4;11;1100;1100;2.71760e+01;100;100;100;1.00000e+00;1.00000e+00;3.00000e-02;7.72630e-01;5.52239e-01;Pipeline { filter(PT08.S2(NMHC) < 1560.0000) };6.11470e-01;1.00000e+00;Pipeline { filter(NOx(GT) > 0.0000) };7.39254e-01;9.36567e-01;Pipeline { filter(C6H6(GT) > 0.0009) };7.39254e-01;9.36567e-01;Pipeline { filter(AH < 8300000.0000) }
datasets/airQuality_parallel.csv;nsga2;4;12;1200;1200;2.95310e+01;100;100;100;1.00000e+00;1.00000e+00;3.00000e-02;7.72630e-01;5.52239e-01;Pipeline { filter(PT08.S2(NMHC) < 1560.0000) };6.11470e-01;1.00000e+00;Pipeline { filter(NOx(GT) > 0.0000) };7.39254e-01;9.36567e-01;Pipeline { filter(PT08.S4(NO2) > 0.0000) };7.39254e-01;9.36567e-01;Pipeline { filter(PT08.S1(CO) > 0.0810) | filter(PT08.S3(NOx) > 0.0000) | filter(PT08.S3(NOx) > 0.0000) }
datasets/airQuality_parallel.csv;nsga2;4;13;1300;1300;3.19100e+01;100;100;100;1.00000e+00;1.00000e+00;3.00000e-02;7.72630e-01;5.52239e-01;Pipeline { filter(PT08.S2(NMHC) < 1560.0000) };6.11470e-01;1.00000e+00;Pipeline { filter(NOx(GT) > 0.0000) };7.39254e-01;9.36567e-01;Pipeline { filter(AH < 7530.0000) };7.39254e-01;9.36567e-01;Pipeline { filter(AH < 791.0000) }
datasets/airQuality_parallel.csv;nsga2;4;14;1400;1400;3.43140e+01;100;100;100;1.00000e+00;1.00000e+00;3.00000e-02;7.72630e-01;5.52239e-01;Pipeline { filter(PT08.S2(NMHC) < 1560.0000) };6.11470e-01;1.00000e+00;Pipeline { filter(NOx(GT) > 0.0000) };7.39254e-01;9.36567e-01;Pipeline { filter(PT08.S3(NOx) < 2060000000.0000) };7.39254e-01;9.36567e-01;Pipeline { filter(RH < 818000000.0000) }
datasets/airQuality_parallel.csv;nsga2;4;15;1500;1500;3.67250e+01;100;100;100;1.00000e+00;1.00000e+00;3.00000e-02;7.72630e-01;5.52239e-01;Pipeline { filter(PT08.S2(NMHC) < 1560.0000) };6.11470e-01;1.00000e+00;Pipeline { filter(NOx(GT) > 0.0000) };7.39254e-01;9.36567e-01;Pipeline { filter(PT08.S3(NOx) > 0.0001) };7.39254e-01;9.36567e-01;Pipeline { filter(PT08.S4(NO2) > 0.0000) }
datasets/airQuality_parallel.csv;nsga2;4;16;1600;1600;3.92690e+01;100;100;100;1.00000e+00;1.00000e+00;3.00000e-02;7.79811e-01;7.04595e-01;Pipeline { filter(PT08.S2(NMHC) < 1660.0000) };6.11470e-01;1.00000e+00;Pipeline { filter(NOx(GT) > 0.0000) };7.39254e-01;9.36567e-01;Pipeline { filter(PT08.S5(O3) > 1.0200) | filter(AH < 463.0000) };7.39254e-01;9.36567e-01;Pipeline { filter(C6H6(GT) < 5660.0000) | filter(PT08.S3(NOx) > 9.9900) }
datasets/airQuality_parallel.csv;nsga2;4;17;1700;1700;4.16480e+01;100;100;100;1.00000e+00;1.00000e+00;3.00000e-02;7.79811e-01;7.04595e-01;Pipeline { filter(PT08.S2(NMHC) < 1660.0000) };6.11470e-01;1.00000e+00;Pipeline { filter(NOx(GT) > 0.0000) };7.39254e-01;9.36567e-01;Pipeline { filter(PT08.S3(NOx) > 0.4620) };7.39254e-01;9.36567e-01;Pipeline { filter(T < 66.8000) }
datasets/airQuality_parallel.csv;nsga2;4;18;1800;1800;4.40040e+01;100;100;100;1.00000e+00;1.00000e+00;3.00000e-02;7.79811e-01;7.04595e-01;Pipeline { filter(PT08.S2(NMHC) < 1660.0000) };6.11470e-01;1.00000e+00;Pipeline { filter(NOx(GT) > 0.0000) };7.39254e-01;9.36567e-01;Pipeline { filter(AH > 0.0000) };7.39254e-01;9.36567e-01;Pipeline { filter(RH > 0.0000) }
datasets/airQuality_parallel.csv;nsga2;4;19;1900;1900;4.67670e+01;100;100;100;1.00000e+00;1.00000e+00;3.00000e-02;7.79811e-01;7.04595e-01;Pipeline { filter(PT08.S2(NMHC) < 1660.0000) };6.11470e-01;1.00000e+00;Pipeline { filter(NOx(GT) > 0.0000) };7.39254e-01;9.36567e-01;Pipeline { filter(RH > 0.0000) };7.39254e-01;9.36567e-01;Pipeline { filter(PT08.S3(NOx) < 1760000000.0000) }
datasets/airQuality_parallel.csv;nsga2;4;20;2000;2000;4.94540e+01;100;100;100;1.00000e+00;1.00000e+00;3.00000e-02;7.81125e-01;7.47899e-01;Pipeline { filter(C6H6(GT) < 35.9000) };6.11470e-01;1.00000e+00;Pipeline { filter(NOx(GT) > 0.0000) };7.39254e-01;9.36567e-01;Pipeline { filter(C6H6(GT) < 38300.0000) };7.39254e-01;9.36567e-01;Pipeline { filter(C6H6(GT) > 0.0000) }
datasets/airQuality_parallel.csv;nsga2;4;21;2100;2100;5.18880e+01;100;100;100;1.00000e+00;1.00000e+00;3.00000e-02;7.81125e-01;7.47899e-01;Pipeline { filter(C6H6(GT) < 35.9000) };6.11470e-01;1.00000e+00;Pipeline { filter(NOx(GT) > 0.0000) };7.39254e-01;9.36567e-01;Pipeline { filter(C6H6(GT) < 4830000.0000) };7.39254e-01;9.36567e-01;Pipeline { filter(T < 7870000000.0000) | filter(AH < 626.0000) | filter(C6H6(GT) > 0.0005) }
datasets/airQuality_parallel.csv;nsga2;4;22;2200;2200;5.41760e+01;100;100;100;1.00000e+00;1.00000e+00;4.00000e-02;7.81125e-01;7.47899e-01;Pipeline { filter(C6H6(GT) < 35.9000) };6.11470e-01;1.00000e+00;Pipeline { filter(NOx(GT) > 0.0000) };7.39254e-01;9.36567e-01;Pipeline { filter(C6H6(GT) < 459000000.0000) };7.39254e-01;9.36567e-01;Pipeline { filter(C6H6(GT) < 459000000.0000) }
datasets/airQuality_parallel.csv;nsga2;4;23;2300;2300;5.68720e+01;100;100;100;1.00000e+00;1.00000e+00;4.00000e-02;7.81125e-01;7.47899e-01;Pipeline { filter(C6H6(GT) < 35.9000) };6.11470e-01;1.00000e+00;Pipeline { filter(NOx(GT) > 0.0000) };7.39254e-01;9.36567e-01;Pipeline { filter(PT08.S2(NMHC) > 0.0260) | filter(PT08.S3(NOx) > 0.0000) | filter(PT08.S5(O3) < 458000.0000) };7.39254e-01;9.36567e-01;Pipeline { filter(PT08.S2(NMHC) > 0.0260) | filter(PT08.S3(NOx) > 0.0000) | filter(PT08.S5(O3) < 458000.0000) }
datasets/airQuality_parallel.csv;nsga2;4;24;2400;2400;5.91800e+01;100;100;100;1.00000e+00;9.90000e-01;4.00000e-02;7.81125e-01;7.47899e-01;Pipeline { filter(C6H6(GT) < 35.9000) };6.11470e-01;1.00000e+00;Pipeline { filter(NOx(GT) > 0.0000) };7.39254e-01;9.36567e-01;Pipeline { filter(PT08.S4(NO2) > 0.0000) };7.39254e-01;9.36567e-01;Pipeline { filter(PT08.S5(O3) < 144000000.0000) }
datasets/airQuality_parallel.csv;nsga2;4;25;2500;2500;6.12700e+01;100;100;100;1.00000e+00;1.00000e+00;4.00000e-02;7.81125e-01;7.47899e-01;Pipeline { filter(C6H6(GT) < 35.9000) };6.11470e-01;1.00000e+00;Pipeline { filter(NOx(GT) > 0.0000) };7.39254e-01;9.36567e-01;Pipeline { filter(PT08.S3(NOx) > 0.0000) };7.39254e-01;9.36567e-01;Pipeline { filter(T < 72.9000) | filter(AH < 52.6000) | filter(PT08.S5(O3) > 0.0036) }
datasets/airQuality_parallel.csv;nsga2;4;26;2600;2600;6.36920e+01;100;100;100;1.00000e+00;9.90000e-01;4.00000e-02;7.81125e-01;7.47899e-01;Pipeline { filter(C6H6(GT) < 35.9000) };6.11470e-01;1.00000e+00;Pipeline { filter(NOx(GT) > 0.0000) };7.39254e-01;9.36567e-01;Pipeline { filter(PT08.S1(CO) > 0.4800) };7.39254e-01;9.36567e-01;Pipeline { filter(T < 49900000.0000) }
datasets/airQuality_parallel.csv;nsga2;4;27;2700;2700;6.61230e+01;100;100;100;1.00000e+00;1.00000e+00;4.00000e-02;7.81125e-01;7.47899e-01;Pipeline { filter(C6H6(GT) < 35.9000) };6.11470e-01;1.00000e+00;Pipeline { filter(NOx(GT) < 185000000.0000) };7.39254e-01;9.36567e-01;Pipeline { filter(PT08.S5(O3) > 3.0200) };7.39254e-01;9.36567e-01;Pipeline { filter(PT08.S1(CO) > 0.0000) | filter(PT08.S3(NOx) > 0.0000) | filter(PT08.S4(NO2) < 1950000000.0000) }
datasets/airQuality_parallel.csv;nsga2;4;28;2800;2800;6.84840e+01;100;100;100;1.00000e+00;9.90000e-01;4.00000e-02;7.81125e-01;7.47899e-01;Pipeline { filter(C6H6(GT) < 35.9000) };6.11470e-01;1.00000e+00;Pipeline { filter(NOx(GT) < 185000000.0000) };7.39254e-01;9.36567e-01;Pipeline { filter(PT08.S1(CO) > 0.4490) };7.39254e-01;9.36567e-01;Pipeline { filter(PT08.S5(O3) > 3.0000) }
datasets/airQuality_parallel.csv;nsga2;4;29;2900;2900;7.08070e+01;100;100;100;1.00000e+00;1.00000e+00;4.00000e-02;7.81125e-01;7.47899e-01;Pipeline { filter(C6H6(GT) < 35.9000) };6.11470e-01;1.00000e+00;Pipeline { filter(NOx(GT) < 185000000.0000) };7.39254e-01;9.36567e-01;Pipeline { filter(C6H6(GT) > 0.0000) };7.39254e-01;9.36567e-01;Pipeline { filter(PT08.S1(CO) > 0.0000) | filter(AH > 0.0000) | filter(PT08.S5(O3) < 555000000.0000) }
datasets/airQuality_parallel.csv;nsga2;4;30;3000;3000;7.31840e+01;100;100;100;1.00000e+00;1.00000e+00;4.00000e-02;7.81125e-01;7.47899e-01;Pipeline { filter(C6H6(GT) < 35.9000) };6.11470e-01;1.00000e+00;Pipeline { filter(NOx(GT) < 185000000.0000) };7.39254e-01;9.36567e-01;Pipeline { filter(PT08.S2(NMHC) > 0.0000) };7.39254e-01;9.36567e-01;Pipeline { filter(C6H6(GT) < 65.9000) }
datasets/airQuality_parallel.csv;nsga2;4;31;3100;3100;7.57230e+01;100;100;100;1.00000e+00;1.00000e+00;4.00000e-02;7.81125e-01;7.47899e-01;Pipeline { filter(C6H6(GT) < 35.9000) };6.11470e-01;1.00000e+00;Pipeline { filter(NOx(GT) < 185000000.0000) };7.39254e-01;9.36567e-01;Pipeline { filter(AH > 0.0044) };7.39254e-01;9.36567e-01;Pipeline { filter(PT08.S1(CO) > 0.0220) | filter(C6H6(GT) > 0.0000) | filter(PT08.S5(O3) < 4180.0000) }
datasets/airQuality_parallel.csv;nsga2;4;32;3200;3200;7.81290e+01;100;100;100;1.00000e+00;1.00000e+00;4.00000e-02;7.81125e-01;7.47899e-01;Pipeline { filter(C6H6(GT) < 35.9000) };6.11470e-01;1.00000e+00;Pipeline { filter(NOx(GT) < 185000000.0000) };7.39254e-01;9.36567e-01;Pipeline { filter(PT08.S1(CO) > 0.0000) };7.39254e-01;9.36567e-01;Pipeline { filter(PT08.S1(CO) > 0.5160) }
datasets/airQuality_parallel.csv;nsga2;4;33;3300;3300;8.05850e+01;100;100;100;1.00000e+00;1.00000e+00;4.00000e-02;7.81125e-01;7.47899e-01;Pipeline { filter(C6H6(GT) < 35.9000) };6.11470e-01;1.00000e+00;Pipeline { filter(NOx(GT) < 185000000.0000) };7.39254e-01;9.36567e-01;Pipeline { filter(PT08.S1(CO) > 62.8000) };7.39254e-01;9.36567e-01;Pipeline { filter(PT08.S2(NMHC) > 0.0004) }
datasets/airQuality_parallel.csv;nsga2;4;34;3400;3400;8.29060e+01;100;100;100;1.00000e+00;1.00000e+00;4.00000e-02;7.81125e-01;7.47899e-01;Pipeline { filter(C6H6(GT) < 35.9000) };6.11470e-01;1.00000e+00;Pipeline { filter(NOx(GT) < 185000000.0000) };7.39254e-01;9.36567e-01;Pipeline { filter(PT08.S5(O3) > 0.0000) };7.39254e-01;9.36567e-01;Pipeline { filter(PT08.S1(CO) > 0.0220) | filter(C6H6(GT) > 0.0000) | filter(PT08.S5(O3) < 4180.0000) }
datasets/airQuality_parallel.csv;nsga2;4;35;3500;3500;8.52930e+01;100;100;100;1.00000e+00;9.90000e-01;4.00000e-02;7.81125e-01;7.47899e-01;Pipeline { filter(C6H6(GT) < 35.9000) };6.11470e-01;1.00000e+00;Pipeline { filter(NOx(GT) < 185000000.0000) };7.39254e-01;9.36567e-01;Pipeline { filter(PT08.S5(O3) > 0.0000) };7.39254e-01;9.36567e-01;Pipeline { filter(PT08.S1(CO) > 0.0000) }
datasets/airQuality_parallel.csv;nsga2;4;36;3600;3600;8.76530e+01;100;100;100;1.00000e+00;9.80000e-01;4.00000e-02;7.81125e-01;7.47899e-01;Pipeline { filter(C6H6(GT) < 35.9000) };6.11470e-01;1.00000e+00;Pipeline { filter(NOx(GT) < 185000000.0000) };7.39254e-01;9.36567e-01;Pipeline { filter(RH < 549000.0000) };7.39254e-01;9.36567e-01;Pipeline { filter(PT08.S2(NMHC) < 4400000000.0000) }
datasets/airQuality_parallel.csv;nsga2;4;37;3700;3700;8.98770e+01;100;100;100;1.00000e+00;9.90000e-01;4.00000e-02;7.81125e-01;7.47899e-01;Pipeline { filter(C6H6(GT) < 35.9000) };6.11470e-01;1.00000e+00;Pipeline { filter(NOx(GT) < 185000000.0000) };7.39254e-01;9.36567e-01;Pipeline { filter(PT08.S1(CO) > 0.0303) };7.39254e-01;9.36567e-01;Pipeline { filter(PT08.S4(NO2) > 0.0000) }
datasets/airQuality_parallel.csv;nsga2;4;38;3800;3800;9.22230e+01;100;100;100;1.00000e+00;9.90000e-01;4.00000e-02;7.81125e-01;7.47899e-01;Pipeline { filter(C6H6(GT) < 35.9000) };6.11470e-01;1.00000e+00;Pipeline { filter(NOx(GT) < 185000000.0000) };7.39254e-01;9.36567e-01;Pipeline { filter(PT08.S3(NOx) > 0.0488) };7.39254e-01;9.36567e-01;Pipeline { filter(AH < 7910000000.0000) }
datasets/airQuality_parallel.csv;nsga2;4;39;3900;3900;9.46100e+01;100;100;100;1.00000e+00;1.00000e+00;4.00000e-02;7.81125e-01;7.47899e-01;Pipeline { filter(C6H6(GT) < 35.9000) };6.11470e-01;1.00000e+00;Pipeline { filter(NOx(GT) < 185000000.0000) };7.39254e-01;9.36567e-01;Pipeline { filter(PT08.S4(NO2) > 518.0000) };7.39254e-01;9.36567e-01;Pipeline { filter(AH > 0.0000) }
datasets/airQuality_parallel.csv;nsga2;4;40;4000;4000;9.69110e+01;100;100;100;1.00000e+00;1.00000e+00;4.00000e-02;7.81125e-01;7.47899e-01;Pipeline { filter(C6H6(GT) < 35.9000) };6.11470e-01;1.00000e+00;Pipeline { filter(NOx(GT) < 185000000.0000) };7.39254e-01;9.36567e-01;Pipeline { filter(PT08.S1(CO) > 0.0004) };7.39254e-01;9.36567e-01;Pipeline { filter(AH < 66.2000) }
datasets/airQuality_parallel.csv;nsga2;4;41;4100;4100;9.92290e+01;100;100;100;1.00000e+00;9.80000e-01;4.00000e-02;7.81125e-01;7.47899e-01;Pipeline { filter(C6H6(GT) < 35.9000) };6.11470e-01;1.00000e+00;Pipeline { filter(NOx(GT) < 185000000.0000) };7.39254e-01;9.36567e-01;Pipeline { filter(PT08.S5(O3) > 0.0000) };7.39254e-01;9.36567e-01;Pipeline { filter(C6H6(GT) > 0.0001) }
datasets/airQuality_parallel.csv;nsga2;4;42;4200;4200;1.01541e+02;100;100;100;1.00000e+00;1.00000e+00;4.00000e-02;7.81125e-01;7.47899e-01;Pipeline { filter(C6H6(GT) < 35.9000) };6.11470e-01;1.00000e+00;Pipeline { filter(NOx(GT) < 185000000.0000) };7.39254e-01;9.36567e-01;Pipeline { filter(RH > 0.0000) };7.39254e-01;9.36567e-01;Pipeline { filter(PT08.S1(CO) > 0.0000) }
datasets/airQuality_parallel.csv;nsga2;4;43;4300;4300;1.04175e+02;100;100;100;1.00000e+00;1.00000e+00;4.00000e-02;7.81125e-01;7.47899e-01;Pipeline { filter(C6H6(GT) < 35.9000) };6.11470e-01;1.00000e+00;Pipeline { filter(NOx(GT) < 185000000.0000) };7.39254e-01;9.36567e-01;Pipeline { filter(PT08.S1(CO) > 0.0000) };7.39254e-01;9.36567e-01;Pipeline { filter(PT08.S5(O3) > 0.0616) }
datasets/airQuality_parallel.csv;nsga2;4;44;4400;4400;1.06823e+02;100;100;100;1.00000e+00;1.00000e+00;4.00000e-02;7.81125e-01;7.47899e-01;Pipeline { filter(C6H6(GT) < 35.9000) };6.11470e-01;1.00000e+00;Pipeline { filter(NOx(GT) < 4550000000.0000) };7.39254e-01;9.36567e-01;Pipeline { filter(RH > 0.0000) };7.39254e-01;9.36567e-01;Pipeline { filter(PT08.S2(NMHC) > 0.0853) }
datasets/airQuality_parallel.csv;nsga2;4;45;4500;4500;1.09267e+02;100;100;100;1.00000e+00;9.90000e-01;4.00000e-02;7.81125e-01;7.47899e-01;Pipeline { filter(C6H6(GT) < 35.9000) };6.11470e-01;1.00000e+00;Pipeline { filter(NOx(GT) < 4550000000.0000) };7.39254e-01;9.36567e-01;Pipeline { filter(RH > 2.8700) };7.39254e-01;9.36567e-01;Pipeline { filter(PT08.S3(NOx) > 0.0000) }
datasets/airQuality_parallel.csv;nsga2;4;46;4600;4600;1.11746e+02;100;100;100;1.00000e+00;1.00000e+00;4.00000e-02;7.81125e-01;7.47899e-01;Pipeline { filter(C6H6(GT) < 35.9000) };6.11470e-01;1.00000e+00;Pipeline { filter(NOx(GT) < 4550000000.0000) };7.39254e-01;9.36567e-01;Pipeline { filter(PT08.S1(CO) > 0.0000) };7.39254e-01;9.36567e-01;Pipeline { filter(C6H6(GT) > 0.0506) }
datasets/airQuality_parallel.csv;nsga2;4;47;4700;4700;1.14161e+02;100;100;100;1.00000e+00;1.00000e+00;4.00000e-02;7.81125e-01;7.47899e-01;Pipeline { filter(C6H6(GT) < 35.9000) };6.11470e-01;1.00000e+00;Pipeline { filter(NOx(GT) < 4550000000.0000) };7.39254e-01;9.36567e-01;Pipeline { filter(PT08.S1(CO) > 0.0727) };7.39254e-01;9.36567e-01;Pipeline { filter(PT08.S2(NMHC) < 8870.0000) }
datasets/airQuality_parallel.csv;nsga2;4;48;4800;4800;1.16555e+02;100;100;100;1.00000e+00;1.00000e+00;4.00000e-02;7.81125e-01;7.47899e-01;Pipeline { filter(C6H6(GT) < 35.9000) };6.11470e-01;1.00000e+00;Pipeline { filter(NOx(GT) < 4550000000.0000) };7.39254e-01;9.36567e-01;Pipeline { filter(AH > 0.0000) };7.39254e-01;9.36567e-01;Pipeline { filter(PT08.S5(O3) > 1.8400) }
datasets/airQuality_parallel.csv;nsga2;4;49;4900;4900;1.18920e+02;100;100;100;1.00000e+00;1.00000e+00;4.00000e-02;7.81125e-01;7.47899e-01;Pipeline { filter(C6H6(GT) < 35.9000) };6.11470e-01;1.00000e+00;Pipeline { filter(NOx(GT) < 4550000000.0000) };7.39254e-01;9.36567e-01;Pipeline { filter(PT08.S1(CO) > 0.0427) };7.39254e-01;9.36567e-01;Pipeline { filter(C6H6(GT) < 8590000000.0000) }
datasets/airQuality_parallel.csv;nsga2;4;50;5000;5000;1.21227e+02;100;100;100;1.00000e+00;1.00000e+00;4.00000e-02;7.81125e-01;7.47899e-01;Pipeline { filter(C6H6(GT) < 35.9000) };6.11470e-01;1.00000e+00;Pipeline { filter(NOx(GT) < 4550000000.0000) };7.39254e-01;9.36567e-01;Pipeline { filter(PT08.S5(O3) > 0.5560) };7.39254e-01;9.36567e-01;Pipeline { filter(PT08.S3(NOx) > 1.1600) }
datasets/airQuality_parallel.csv;nsga2;5;1;100;100;2.04800e+00;100;12;78;1.00000e+00;1.00000e+00;1.30000e-01;7.68406e-01;8.21429e-01;Pipeline { filter(PT08.S3(NOx) > 370.0000) };6.11232e-01;1.00000e+00;Pipeline { filter(NO2(GT) < 6550.0000) };0.00000e+00;0.00000e+00;Pipeline { filter(AH > 59000000.0000) | filter(PT08.S2(NMHC) > 4060.0000) | filter(NO2(GT) > 0.0000) | filter(PT08.S1(CO) < 0.0000) | filter(NMHC(GT) > 318000.0000) | filter(PT08.S2(NMHC) < 0.0000) | filter(PT08.S3(NOx) > 0.0051) | filter(NMHC(GT) > 0.0000) | filter(RH < 0.8780) | filter(CO(GT) > 145.0000) | filter(RH > 883000.0000) };0.00000e+00;0.00000e+00;Pipeline { filter(PT08.S2(NMHC) > 0.0055) | filter(PT08.S2(NMHC) > 0.2460) | filter(PT08.S4(NO2) > 0.0000) | filter(RH < 44.0000) | filter(NMHC(GT) < 46.5000) | filter(RH > 0.0000) | filter(CO(GT) < 844.0000) | filter(PT08.S2(NMHC) < 2900.0000) | filter(RH < 0.0000) | filter(PT08.S3(NOx) > 0.0000) }
datasets/airQuality_parallel.csv;nsga2;5;2;200;200;4.00800e+00;100;19;53;1.00000e+00;1.00000e+00;2.60000e-01;7.68406e-01;8.21429e-01;Pipeline { filter(PT08.S3(NOx) > 370.0000) };6.07984e-01;1.00000e+00;Pipeline { filter(CO(GT) > 0.0000) };6.11232e-01;1.00000e+00;Pipeline { filter(NO2(GT) < 655.0000) };7.39254e-01;9.36567e-01;Pipeline { filter(C6H6(GT) > 0.0199) }
datasets/airQuality_parallel.csv;nsga2;5;3;300;300;6.64000e+00;100;46;5;1.00000e+00;1.00000e+00;3.10000e-01;7.68406e-01;8.21429e-01;Pipeline { filter(PT08.S3(NOx) > 370.0000) };6.07984e-01;1.00000e+00;Pipeline { filter(CO(GT) > 0.0000) };7.39254e-01;9.36567e-01;Pipeline { filter(PT08.S2(NMHC) > 0.0000) };6.07864e-01;9.36567e-01;Pipeline { filter(PT08.S4(NO2) < 22400.0000) | filter(NO2(GT) < 38800000.0000) | filter(NO2(GT) > 0.0000) }
datasets/airQuality_parallel.csv;nsga2;5;4;400;400;9.01100e+00;100;89;11;1.00000e+00;1.00000e+00;6.00000e-02;7.68406e-01;8.21429e-01;Pipeline { filter(PT08.S3(NOx) > 370.0000) };6.11232e-01;1.00000e+00;Pipeline { filter(NO2(GT) < 655.0000) };7.39254e-01;9.36567e-01;Pipeline { filter(PT08.S4(NO2) > 0.0000) };7.39254e-01;9.36567e-01;Pipeline { filter(AH > 0.0060) }
datasets/airQuality_parallel.csv;nsga2;5;5;500;500;1.13780e+01;100;100;100;1.00000e+00;1.00000e+00;3.00000e-02;7.68406e-01;8.21429e-01;Pipeline { filter(PT08.S3(NOx) > 370.0000) };6.11470e-01;1.00000e+00;Pipeline { filter(NOx(GT) > 0.0000) };7.39254e-01;9.36567e-01;Pipeline { filter(PT08.S4(NO2) < 22100.0000) | filter(PT08.S4(NO2) < 9090000000.0000) | filter(T < 486000.0000) };7.39254e-01;9.36567e-01;Pipeline { filter(C6H6(GT) < 1620000.0000) }
datasets/airQuality_parallel.csv;nsga2;5;6;600;600;1.37950e+01;100;100;100;1.00000e+00;9.90000e-01;3.00000e-02;7.68406e-01;8.21429e-01;Pipeline { filter(PT08.S3(NOx) > 370.0000) };6.11470e-01;1.00000e+00;Pipeline { filter(NOx(GT) > 0.0000) };7.39254e-01;9.36567e-01;Pipeline { filter(PT08.S1(CO) > 0.0006) | filter(PT08.S5(O3) > 1.7300) | filter(RH < 292.0000) };7.39254e-01;9.36567e-01;Pipeline { filter(AH > 0.0000) }
datasets/airQuality_parallel.csv;nsga2;5;7;700;700;1.61250e+01;100;100;100;1.00000e+00;1.00000e+00;3.00000e-02;7.68406e-01;8.21429e-01;Pipeline { filter(PT08.S3(NOx) > 370.0000) };6.11470e-01;1.00000e+00;Pipeline { filter(NOx(GT) > 0.0000) };7.39254e-01;9.36567e-01;Pipeline { filter(C6H6(GT) > 0.0723) };7.39254e-01;9.36567e-01;Pipeline { filter(PT08.S1(CO) > 0.0070) }
datasets/airQuality_parallel.csv;nsga2;5;8;800;800;1.85550e+01;100;100;100;1.00000e+00;1.00000e+00;3.00000e-02;7.68406e-01;8.21429e-01;Pipeline { filter(PT08.S3(NOx) > 370.0000) };6.11470e-01;1.00000e+00;Pipeline { filter(NOx(GT) > 0.0000) };7.39254e-01;9.36567e-01;Pipeline { filter(PT08.S1(CO) > 93.9000) };7.39254e-01;9.36567e-01;Pipeline { filter(PT08.S1(CO) > 0.0000) }
datasets/airQuality_parallel.csv;nsga2;5;9;900;900;2.10780e+01;100;100;100;1.00000e+00;1.00000e+00;3.00000e-02;7.68406e-01;8.21429e-01;Pipeline { filter(PT08.S3(NOx) > 370.0000) };6.11470e-01;1.00000e+00;Pipeline { filter(NOx(GT) > 0.0000) };7.39254e-01;9.36567e-01;Pipeline { filter(PT08.S3(NOx) < 859000000.0000) };7.39254e-01;9.36567e-01;Pipeline { filter(PT08.S1(CO) > 87.3000) }
datasets/airQuality_parallel.csv;nsga2;5;10;1000;1000;2.34820e+01;100;100;100;1.00000e+00;9.90000e-01;3.00000e-02;7.68406e-01;8.21429e-01;Pipeline { filter(PT08.S3(NOx) > 370.0000) };6.11470e-01;1.00000e+00;Pipeline { filter(NOx(GT) > 0.0000) };7.39254e-01;9.36567e-01;Pipeline { filter(PT08.S3(NOx) > 0.5700) };7.39254e-01;9.36567e-01;Pipeline { filter(RH < 48800.0000) }
datasets/airQuality_parallel.csv;nsga2;5;11;1100;1100;2.58400e+01;100;100;100;1.00000e+00;9.90000e-01;3.00000e-02;7.68406e-01;8.21429e-01;Pipeline { filter(PT08.S3(NOx) > 370.0000) };6.11470e-01;1.00000e+00;Pipeline { filter(NOx(GT) > 0.0000) };7.39254e-01;9.36567e-01;Pipeline { filter(PT08.S3(NOx) > 0.5800) };7.39254e-01;9.36567e-01;Pipeline { filter(PT08.S1(CO) > 0.0005) }
datasets/airQuality_parallel.csv;nsga2;5;12;1200;1200;2.81560e+01;100;100;100;1.00000e+00;9.90000e-01;3.00000e-02;7.68406e-01;8.21429e-01;Pipeline { filter(PT08.S3(NOx) > 370.0000) };6.11470e-01;1.00000e+00;Pipeline { filter(NOx(GT) > 0.0000) };7.39254e-01;9.36567e-01;Pipeline { filter(PT08.S4(NO2) > 0.0007) };7.39254e-01;9.36567e-01;Pipeline { filter(PT08.S1(CO) > 0.0728) | filter(PT08.S5(O3) > 0.0000) | filter(RH < 692.0000) }
datasets/airQuality_parallel.csv;nsga2;5;13;1300;1300;3.04700e+01;100;100;100;1.00000e+00;9.80000e-01;3.00000e-02;7.68406e-01;8.21429e-01;Pipeline { filter(PT08.S3(NOx) > 370.0000) };6.11470e-01;1.00000e+00;Pipeline { filter(NOx(GT) > 0.0000) };7.39254e-01;9.36567e-01;Pipeline { filter(PT08.S3(NOx) > 0.0010) | filter(PT08.S1(CO) > 4.5100) };7.39254e-01;9.36567e-01;Pipeline { filter(PT08.S5(O3) > 0.0000) }
datasets/airQuality_parallel.csv;nsga2;5;14;1400;1400;3.26830e+01;100;100;100;1.00000e+00;1.00000e+00;3.00000e-02;7.68406e-01;8.21429e-01;Pipeline { filter(PT08.S3(NOx) > 370.0000) };6.11470e-01;1.00000e+00;Pipeline { filter(NOx(GT) > 0.0000) };7.39254e-01;9.36567e-01;Pipeline { filter(PT08.S5(O3) > 0.0000) };7.39254e-01;9.36567e-01;Pipeline { filter(PT08.S1(CO) > 0.0967) }
datasets/airQuality_parallel.csv;nsga2;5;15;1500;1500;3.50140e+01;100;100;100;1.00000e+00;1.00000e+00;3.00000e-02;7.68406e-01;8.21429e-01;Pipeline { filter(PT08.S3(NOx) > 370.0000) };6.11470e-01;1.00000e+00;Pipeline { filter(NOx(GT) > 0.0000) };7.39254e-01;9.36567e-01;Pipeline { filter(PT08.S5(O3) > 0.0000) | filter(PT08.S4(NO2) < 1670000.0000) };7.39254e-01;9.36567e-01;Pipeline { filter(C6H6(GT) < 5850000.0000) }
datasets/airQuality_parallel.csv;nsga2;5;16;1600;1600;3.75560e+01;100;100;100;1.00000e+00;1.00000e+00;3.00000e-02;7.68406e-01;8.21429e-01;Pipeline { filter(PT08.S3(NOx) > 370.0000) };6.11470e-01;1.00000e+00;Pipeline { filter(NOx(GT) > 0.0000) };7.39254e-01;9.36567e-01;Pipeline { filter(PT08.S1(CO) > 0.0000) | filter(AH < 8450.0000) | filter(RH < 2410.0000) };7.39254e-01;9.36567e-01;Pipeline { filter(C6H6(GT) > 0.0000) }
datasets/airQuality_parallel.csv;nsga2;5;17;1700;1700;4.04700e+01;100;100;100;1.00000e+00;1.00000e+00;3.00000e-02;7.68406e-01;8.21429e-01;Pipeline { filter(PT08.S3(NOx) > 370.0000) };6.11470e-01;1.00000e+00;Pipeline { filter(NOx(GT) > 0.0000) };7.39254e-01;9.36567e-01;Pipeline { filter(PT08.S3(NOx) > 0.0000) };7.39254e-01;9.36567e-01;Pipeline { filter(PT08.S3(NOx) > 0.0000) | filter(PT08.S1(CO) > 0.0000) }
datasets/airQuality_parallel.csv;nsga2;5;18;1800;1800;4.29020e+01;100;100;100;1.00000e+00;1.00000e+00;3.00000e-02;7.68406e-01;8.21429e-01;Pipeline { filter(PT08.S3(NOx) > 370.0000) };6.11470e-01;1.00000e+00;Pipeline { filter(NOx(GT) > 0.0000) };7.39254e-01;9.36567e-01;Pipeline { filter(C6H6(GT) > 0.0000) | filter(AH < 4.6100) | filter(RH < 2920000000.0000) };7.39254e-01;9.36567e-01;Pipeline { filter(AH > 0.0000) }
datasets/airQuality_parallel.csv;nsga2;5;19;1900;1900;4.53210e+01;100;100;100;1.00000e+00;1.00000e+00;3.00000e-02;7.68406e-01;8.21429e-01;Pipeline { filter(PT08.S3(NOx) > 370.0000) };6.11470e-01;1.00000e+00;Pipeline { filter(NOx(GT) > 0.0000) };7.39254e-01;9.36567e-01;Pipeline { filter(AH > 0.0000) };7.39254e-01;9.36567e-01;Pipeline { filter(AH > 0.0000) }
datasets/airQuality_parallel.csv;nsga2;5;20;2000;2000;4.77170e+01;100;100;100;1.00000e+00;9.90000e-01;3.00000e-02;7.68406e-01;8.21429e-01;Pipeline { filter(PT08.S3(NOx) > 370.0000) };6.11470e-01;1.00000e+00;Pipeline { filter(NOx(GT) > 0.0000) };7.39254e-01;9.36567e-01;Pipeline { filter(C6H6(GT) < 72300000.0000) };7.39254e-01;9.36567e-01;Pipeline { filter(PT08.S2(NMHC) > 7.7200) }
datasets/airQuality_parallel.csv;nsga2;5;21;2100;2100;5.01280e+01;100;100;100;1.00000e+00;1.00000e+00;3.00000e-02;7.68406e-01;8.21429e-01;Pipeline { filter(PT08.S3(NOx) > 370.0000) };6.11470e-01;1.00000e+00;Pipeline { filter(NOx(GT) > 0.0000) };7.39254e-01;9.36567e-01;Pipeline { filter(PT08.S5(O3) > 4.2600) };7.39254e-01;9.36567e-01;Pipeline { filter(PT08.S1(CO) > 0.0000) | filter(AH < 859.0000) | filter(RH < 2460.0000) }
datasets/airQuality_parallel.csv;nsga2;5;22;2200;2200;5.25170e+01;100;100;100;1.00000e+00;1.00000e+00;3.00000e-02;7.68406e-01;8.21429e-01;Pipeline { filter(PT08.S3(NOx) > 370.0000) };6.11470e-01;1.00000e+00;Pipeline { filter(NOx(GT) > 0.0000) };7.39254e-01;9.36567e-01;Pipeline { filter(AH > 0.0000) };7.39254e-01;9.36567e-01;Pipeline { filter(PT08.S5(O3) < 2000000.0000) }
datasets/airQuality_parallel.csv;nsga2;5;23;2300;2300;5.49640e+01;100;100;100;1.00000e+00;9.90000e-01;3.00000e-02;7.68406e-01;8.21429e-01;Pipeline { filter(PT08.S3(NOx) > 370.0000) };6.11470e-01;1.00000e+00;Pipeline { filter(NOx(GT) > 0.0000) };7.39254e-01;9.36567e-01;Pipeline { filter(PT08.S1(CO) > 0.0002) };7.39254e-01;9.36567e-01;Pipeline { filter(C6H6(GT) < 72500000.0000) }
datasets/airQuality_parallel.csv;nsga2;5;24;2400;2400;5.72690e+01;100;100;100;1.00000e+00;1.00000e+00;3.00000e-02;7.70379e-01;8.87619e-01;Pipeline { filter(PT08.S3(NOx) > 0.0000) | filter(PT08.S3(NOx) > 344.0000) };6.11470e-01;1.00000e+00;Pipeline { filter(NOx(GT) > 0.0000) };7.39254e-01;9.36567e-01;Pipeline { filter(PT08.S2(NMHC) > 0.5500) };7.39254e-01;9.36567e-01;Pipeline { filter(PT08.S3(NOx) > 9.5500) }
datasets/airQuality_parallel.csv;nsga2;5;25;2500;2500;5.96070e+01;100;100;100;1.00000e+00;9.90000e-01;3.00000e-02;7.70379e-01;8.87619e-01;Pipeline { filter(PT08.S3(NOx) > 0.0000) | filter(PT08.S3(NOx) > 344.0000) };6.11470e-01;1.00000e+00;Pipeline { filter(NOx(GT) > 0.0000) };7.39254e-01;9.36567e-01;Pipeline { filter(PT08.S1(CO) > 0.0001) };7.39254e-01;9.36567e-01;Pipeline { filter(PT08.S1(CO) < 159000.0000) }
datasets/airQuality_parallel.csv;nsga2;5;26;2600;2600;6.20390e+01;100;100;100;1.00000e+00;1.00000e+00;3.00000e-02;7.70379e-01;8.87619e-01;Pipeline { filter(PT08.S3(NOx) > 0.0000) | filter(PT08.S3(NOx) > 344.0000) };6.11470e-01;1.00000e+00;Pipeline { filter(NOx(GT) > 0.0000) };7.39254e-01;9.36567e-01;Pipeline { filter(PT08.S5(O3) > 0.0003) | filter(PT08.S4(NO2) < 260000.0000) };7.39254e-01;9.36567e-01;Pipeline { filter(PT08.S5(O3) > 0.0003) | filter(PT08.S4(NO2) < 260000.0000) }
datasets/airQuality_parallel.csv;nsga2;5;27;2700;2700;6.43530e+01;100;100;100;1.00000e+00;1.00000e+00;3.00000e-02;7.70379e-01;8.87619e-01;Pipeline { filter(PT08.S3(NOx) > 0.0000) | filter(PT08.S3(NOx) > 344.0000) };6.11470e-01;1.00000e+00;Pipeline { filter(NOx(GT) > 0.0000) };7.39254e-01;9.36567e-01;Pipeline { filter(PT08.S2(NMHC) < 770000000.0000) };7.39254e-01;9.36567e-01;Pipeline { filter(PT08.S2(NMHC) < 770000000.0000) }
datasets/airQuality_parallel.csv;nsga2;5;28;2800;2800;6.68020e+01;100;100;100;1.00000e+00;1.00000e+00;3.00000e-02;7.70379e-01;8.87619e-01;Pipeline { filter(PT08.S3(NOx) > 0.0000) | filter(PT08.S3(NOx) > 344.0000) };6.11470e-01;1.00000e+00;Pipeline { filter(NOx(GT) > 0.0000) };7.39254e-01;9.36567e-01;Pipeline { filter(PT08.S5(O3) > 0.0015) };7.39254e-01;9.36567e-01;Pipeline { filter(PT08.S5(O3) > 0.0015) }
datasets/airQuality_parallel.csv;nsga2;5;29;2900;2900;6.92670e+01;100;100;100;1.00000e+00;1.00000e+00;3.00000e-02;7.70379e-01;8.87619e-01;Pipeline { filter(PT08.S3(NOx) > 0.0000) | filter(PT08.S3(NOx) > 344.0000) };6.11470e-01;1.00000e+00;Pipeline { filter(NOx(GT) > 0.0000) };7.39254e-01;9.36567e-01;Pipeline { filter(RH > 0.0000) };7.39254e-01;9.36567e-01;Pipeline { filter(RH > 0.0000) }
datasets/airQuality_parallel.csv;nsga2;5;30;3000;3000;7.17410e+01;100;100;100;1.00000e+00;1.00000e+00;3.00000e-02;7.70379e-01;8.87619e-01;Pipeline { filter(PT08.S3(NOx) > 0.0000) | filter(PT08.S3(NOx) > 344.0000) };6.11470e-01;1.00000e+00;Pipeline { filter(NOx(GT) > 0.0000) };7.39254e-01;9.36567e-01;Pipeline { filter(PT08.S1(CO) < 66100.0000) | filter(AH < 3200.0000) };7.39254e-01;9.36567e-01;Pipeline { filter(PT08.S1(CO) < 66100.0000) | filter(AH < 3200.0000) }
datasets/airQuality_parallel.csv;nsga2;5;31;3100;3100;7.42090e+01;100;100;100;1.00000e+00;1.00000e+00;3.00000e-02;7.70379e-01;8.87619e-01;Pipeline { filter(PT08.S3(NOx) > 0.0000) | filter(PT08.S3(NOx) > 344.0000) };6.11470e-01;1.00000e+00;Pipeline { filter(NOx(GT) > 0.0000) };7.39254e-01;9.36567e-01;Pipeline { filter(C6H6(GT) < 942.0000) };7.39254e-01;9.36567e-01;Pipeline { filter(C6H6(GT) < 942.0000) }
datasets/airQuality_parallel.csv;nsga2;5;32;3200;3200;7.72800e+01;100;100;100;1.00000e+00;1.00000e+00;3.00000e-02;7.70379e-01;8.87619e-01;Pipeline { filter(PT08.S3(NOx) > 0.0000) | filter(PT08.S3(NOx) > 344.0000) };6.11470e-01;1.00000e+00;Pipeline { filter(NOx(GT) > 0.0000) };7.39254e-01;9.36567e-01;Pipeline { filter(PT08.S3(NOx) > 0.0027) };7.39254e-01;9.36567e-01;Pipeline { filter(PT08.S3(NOx) > 0.0027) }
datasets/airQuality_parallel.csv;nsga2;5;33;3300;3300;7.98890e+01;100;100;100;1.00000e+00;1.00000e+00;3.00000e-02;7.70379e-01;8.87619e-01;Pipeline { filter(PT08.S3(NOx) > 0.0000) | filter(PT08.S3(NOx) > 344.0000) };6.11470e-01;1.00000e+00;Pipeline { filter(NOx(GT) > 0.0000) };7.39254e-01;9.36567e-01;Pipeline { filter(PT08.S1(CO) > 0.0000) | filter(PT08.S3(NOx) > 1.1000) };7.39254e-01;9.36567e-01;Pipeline { filter(PT08.S1(CO) > 0.0000) | filter(PT08.S3(NOx) > 1.1000) }
datasets/airQuality_parallel.csv;nsga2;5;34;3400;3400;8.23010e+01;100;100;100;1.00000e+00;9.90000e-01;3.00000e-02;7.70379e-01;8.87619e-01;Pipeline { filter(PT08.S3(NOx) > 0.0000) | filter(PT08.S3(NOx) > 344.0000) };6.11470e-01;1.00000e+00;Pipeline { filter(NOx(GT) > 0.0000) };7.39254e-01;9.36567e-01;Pipeline { filter(RH < 370000000.0000) };7.39254e-01;9.36567e-01;Pipeline { filter(PT08.S3(NOx) > 0.0006) | filter(PT08.S3(NOx) > 0.0000) }
datasets/airQuality_parallel.csv;nsga2;5;35;3500;3500;8.47090e+01;100;100;100;1.00000e+00;1.00000e+00;3.00000e-02;7.70379e-01;8.87619e-01;Pipeline { filter(PT08.S3(NOx) > 0.0000) | filter(PT08.S3(NOx) > 344.0000) };6.11470e-01;1.00000e+00;Pipeline { filter(NOx(GT) > 0.0000) };7.39254e-01;9.36567e-01;Pipeline { filter(PT08.S3(NOx) > 0.0016) };7.39254e-01;9.36567e-01;Pipeline { filter(PT08.S3(NOx) > 0.0016) }
datasets/airQuality_parallel.csv;nsga2;5;36;3600;3600;8.70310e+01;100;100;100;1.00000e+00;1.00000e+00;3.00000e-02;7.70379e-01;8.87619e-01;Pipeline { filter(PT08.S3(NOx) > 0.0000) | filter(PT08.S3(NOx) > 344.0000) };6.11470e-01;1.00000e+00;Pipeline { filter(NOx(GT) > 0.0000) };7.39254e-01;9.36567e-01;Pipeline { filter(PT08.S1(CO) > 0.0000) | filter(RH > 0.0000) };7.39254e-01;9.36567e-01;Pipeline { filter(PT08.S1(CO) > 0.0000) | filter(RH > 0.0000) }
datasets/airQuality_parallel.csv;nsga2;5;37;3700;3700;8.97520e+01;100;100;100;1.00000e+00;1.00000e+00;3.00000e-02;7.70379e-01;8.87619e-01;Pipeline { filter(PT08.S3(NOx) > 0.0000) | filter(PT08.S3(NOx) > 344.0000) };6.11470e-01;1.00000e+00;Pipeline { filter(NOx(GT) > 0.0000) };7.39254e-01;9.36567e-01;Pipeline { filter(AH > 0.0000) };7.39254e-01;9.36567e-01;Pipeline { filter(AH > 0.0000) }
datasets/airQuality_parallel.csv;nsga2;5;38;3800;3800;9.21780e+01;100;100;100;1.00000e+00;1.00000e+00;3.00000e-02;7.70379e-01;8.87619e-01;Pipeline { filter(PT08.S3(NOx) > 0.0000) | filter(PT08.S3(NOx) > 344.0000) };6.11470e-01;1.00000e+00;Pipeline { filter(NOx(GT) > 0.0000) };7.39254e-01;9.36567e-01;Pipeline { filter(PT08.S5(O3) > 0.9400) };7.39254e-01;9.36567e-01;Pipeline { filter(PT08.S5(O3) > 0.9400) }
datasets/airQuality_parallel.csv;nsga2;5;39;3900;3900;9.48900e+01;100;100;100;1.00000e+00;1.00000e+00;3.00000e-02;7.70379e-01;8.87619e-01;Pipeline { filter(PT08.S3(NOx) > 0.0000) | filter(PT08.S3(NOx) > 344.0000) };6.11470e-01;1.00000e+00;Pipeline { filter(NOx(GT) > 0.0000) };7.39254e-01;9.36567e-01;Pipeline { filter(PT08.S3(NOx) > 0.0000) | filter(PT08.S3(NOx) > 314.0000) };7.39254e-01;9.36567e-01;Pipeline { filter(PT08.S3(NOx) > 0.0000) | filter(PT08.S3(NOx) > 314.0000) }
datasets/airQuality_parallel.csv;nsga2;5;40;4000;4000;9.72890e+01;100;100;100;1.00000e+00;1.00000e+00;3.00000e-02;7.70379e-01;8.87619e-01;Pipeline { filter(PT08.S3(NOx) > 0.0000) | filter(PT08.S3(NOx) > 344.0000) };6.11470e-01;1.00000e+00;Pipeline { filter(NOx(GT) > 0.0000) };7.39254e-01;9.36567e-01;Pipeline { filter(AH < 9.3000) | filter(PT08.S3(NOx) > 0.0000) };7.39254e-01;9.36567e-01;Pipeline { filter(AH < 9.3000) | filter(PT08.S3(NOx) > 0.0000) }
datasets/airQuality_parallel.csv;nsga2;5;41;4100;4100;9.97860e+01;100;100;100;1.00000e+00;9.90000e-01;3.00000e-02;7.70379e-01;8.87619e-01;Pipeline { filter(PT08.S3(NOx) > 0.0000) | filter(PT08.S3(NOx) > 344.0000) };6.11470e-01;1.00000e+00;Pipeline { filter(NOx(GT) > 0.0000) };7.39254e-01;9.36567e-01;Pipeline { filter(PT08.S2(NMHC) > 0.0000) };7.39254e-01;9.36567e-01;Pipeline { filter(PT08.S2(NMHC) > 0.0000) }
datasets/airQuality_parallel.csv;nsga2;5;42;4200;4200;1.02116e+02;100;100;100;1.00000e+00;1.00000e+00;3.00000e-02;7.70379e-01;8.87619e-01;Pipeline { filter(PT08.S3(NOx) > 0.0000) | filter(PT08.S3(NOx) > 344.0000) };6.11470e-01;1.00000e+00;Pipeline { filter(NOx(GT) > 0.0000) };7.39254e-01;9.36567e-01;Pipeline { filter(PT08.S3(NOx) > 0.0111) | filter(PT08.S5(O3) > 4.8000) };7.39254e-01;9.36567e-01;Pipeline { filter(PT08.S3(NOx) > 0.0111) | filter(PT08.S5(O3) > 4.8000) }
datasets/airQuality_parallel.csv;nsga2;5;43;4300;4300;1.04468e+02;100;100;100;1.00000e+00;1.00000e+00;3.00000e-02;7.70379e-01;8.87619e-01;Pipeline { filter(PT08.S3(NOx) > 0.0000) | filter(PT08.S3(NOx) > 344.0000) };6.11470e-01;1.00000e+00;Pipeline { filter(NOx(GT) > 0.0000) };7.39254e-01;9.36567e-01;Pipeline { filter(PT08.S5(O3) > 0.0000) };7.39254e-01;9.36567e-01;Pipeline { filter(PT08.S5(O3) > 0.0000) }
datasets/airQuality_parallel.csv;nsga2;5;44;4400;4400;1.06851e+02;100;100;100;1.00000e+00;9.90000e-01;3.00000e-02;7.70379e-01;8.87619e-01;Pipeline { filter(PT08.S3(NOx) > 0.0000) | filter(PT08.S3(NOx) > 344.0000) };6.11470e-01;1.00000e+00;Pipeline { filter(NOx(GT) > 0.0000) };7.39254e-01;9.36567e-01;Pipeline { filter(PT08.S3(NOx) > 0.0092) | filter(PT08.S3(NOx) > 0.0000) };7.39254e-01;9.36567e-01;Pipeline { filter(PT08.S3(NOx) > 0.0092) | filter(PT08.S3(NOx) > 0.0000) }
datasets/airQuality_parallel.csv;nsga2;5;45;4500;4500;1.09238e+02;100;100;100;1.00000e+00;1.00000e+00;3.00000e-02;7.70379e-01;8.87619e-01;Pipeline { filter(PT08.S3(NOx) > 0.0000) | filter(PT08.S3(NOx) > 344.0000) };6.11470e-01;1.00000e+00;Pipeline { filter(NOx(GT) > 0.0000) };7.39254e-01;9.36567e-01;Pipeline { filter(PT08.S3(NOx) > 0.0000) | filter(PT08.S4(NO2) > 344.0000) };7.39254e-01;9.36567e-01;Pipeline { filter(PT08.S3(NOx) > 0.0000) | filter(PT08.S4(NO2) > 344.0000) }
datasets/airQuality_parallel.csv;nsga2;5;46;4600;4600;1.11720e+02;100;100;100;1.00000e+00;9.90000e-01;3.00000e-02;7.70379e-01;8.87619e-01;Pipeline { filter(PT08.S3(NOx) > 0.0000) | filter(PT08.S3(NOx) > 344.0000) };6.11470e-01;1.00000e+00;Pipeline { filter(NOx(GT) > 0.0000) };7.39254e-01;9.36567e-01;Pipeline { filter(RH < 42900000.0000) };7.39254e-01;9.36567e-01;Pipeline { filter(RH < 42900000.0000) }
datasets/airQuality_parallel.csv;nsga2;5;47;4700;4700;1.14324e+02;100;100;100;1.00000e+00;9.80000e-01;3.00000e-02;7.70379e-01;8.87619e-01;Pipeline { filter(PT08.S3(NOx) > 0.0000) | filter(PT08.S3(NOx) > 344.0000) };6.11470e-01;1.00000e+00;Pipeline { filter(NOx(GT) > 0.0000) };7.39254e-01;9.36567e-01;Pipeline { filter(PT08.S5(O3) > 0.0007) };7.39254e-01;9.36567e-01;Pipeline { filter(PT08.S5(O3) > 0.0007) }
datasets/airQuality_parallel.csv;nsga2;5;48;4800;4800;1.16783e+02;100;100;100;1.00000e+00;1.00000e+00;3.00000e-02;7.70379e-01;8.87619e-01;Pipeline { filter(PT08.S3(NOx) > 0.0000) | filter(PT08.S3(NOx) > 344.0000) };6.11470e-01;1.00000e+00;Pipeline { filter(NOx(GT) > 0.0000) };7.39254e-01;9.36567e-01;Pipeline { filter(AH > 0.0000) | filter(PT08.S3(NOx) > 0.0001) };7.39254e-01;9.36567e-01;Pipeline { filter(AH > 0.0000) | filter(PT08.S3(NOx) > 0.0001) }
datasets/airQuality_parallel.csv;nsga2;5;49;4900;4900;1.19010e+02;100;100;100;1.00000e+00;1.00000e+00;3.00000e-02;7.70379e-01;8.87619e-01;Pipeline { filter(PT08.S3(NOx) > 0.0000) | filter(PT08.S3(NOx) > 344.0000) };6.11470e-01;1.00000e+00;Pipeline { filter(NOx(GT) > 0.0000) };7.39254e-01;9.36567e-01;Pipeline { filter(PT08.S1(CO) < 5780.0000) };7.39254e-01;9.36567e-01;Pipeline { filter(PT08.S1(CO) < 5780.0000) }
datasets/airQuality_parallel.csv;nsga2;5;50;5000;5000;1.21392e+02;100;100;100;1.00000e+00;1.00000e+00;3.00000e-02;7.70379e-01;8.87619e-01;Pipeline { filter(PT08.S3(NOx) > 0.0000) | filter(PT08.S3(NOx) > 344.0000) };6.11470e-01;1.00000e+00;Pipeline { filter(NOx(GT) > 0.0000) };7.39254e-01;9.36567e-01;Pipeline { filter(PT08.S3(NOx) > 0.0000) | filter(PT08.S5(O3) < 7260.0000) };7.39254e-01;9.36567e-01;Pipeline { filter(PT08.S3(NOx) > 0.0000) | filter(PT08.S5(O3) < 7260.0000) }
