problem.name;solver.name;randomGenerator.seed;n.iterations;n.evals;n.births;elapsed.secs;all→size;firsts→size;lasts→size;all→each[genotype]→uniqueness;all→each[solution]→uniqueness;all→each[quality]→uniqueness;"all→percentile[quality→privacy;100]→quality→privacy";"all→percentile[quality→privacy;100]→quality→performance-similarity";"all→percentile[quality→privacy;100]→solution";"all→percentile[quality→performance-similarity;100]→quality→privacy";"all→percentile[quality→performance-similarity;100]→quality→performance-similarity";"all→percentile[quality→performance-similarity;100]→solution";"all→percentile[quality→privacy;75]→quality→privacy";"all→percentile[quality→privacy;75]→quality→performance-similarity";"all→percentile[quality→privacy;75]→solution";"all→percentile[quality→performance-similarity;75]→quality→privacy";"all→percentile[quality→performance-similarity;75]→quality→performance-similarity";"all→percentile[quality→performance-similarity;75]→solution"
datasets/airQuality_parallel.csv;nsga2;1;1;100;100;1.07590e+01;100;6;1;9.40000e-01;9.40000e-01;3.70000e-01;7.41505e-01;9.09321e-01;Pipeline { map_noise(attribute=CO(GT), percentage=0.01) };7.41322e-01;1.00000e+00;Pipeline { map_noise(attribute=PT08.S3(NOx), percentage=0.25) | map_noise(attribute=C6H6(GT), percentage=0.05) | map_noise(attribute=PT08.S4(NO2), percentage=0.25) | map_noise(attribute=PT08.S4(NO2), percentage=0.10) | map_noise(attribute=RH, percentage=0.25) };4.21419e-01;7.31119e-01;Pipeline { map_duplicate(probability=0.90) | filter(RH > 0.0073) | map_noise(attribute=NO2(GT), percentage=0.01) | map_noise(attribute=AH, percentage=0.05) };4.21419e-01;7.31119e-01;Pipeline { map_duplicate(probability=0.90) | filter(RH > 0.0073) | map_noise(attribute=NO2(GT), percentage=0.01) | map_noise(attribute=AH, percentage=0.05) }
datasets/airQuality_parallel.csv;nsga2;1;2;200;200;1.56010e+01;100;2;2;9.40000e-01;9.40000e-01;7.70000e-01;7.51274e-01;9.98851e-01;Pipeline { map_noise(attribute=NMHC(GT), percentage=0.10) | map_noise(attribute=NO2(GT), percentage=0.05) };7.40254e-01;1.00000e+00;Pipeline { map_noise(attribute=NOx(GT), percentage=0.01) };7.40254e-01;1.00000e+00;Pipeline { map_noise(attribute=NOx(GT), percentage=0.01) };7.39254e-01;9.49204e-01;Pipeline { filter(PT08.S1(CO) < 8150000000.0000) }
datasets/airQuality_parallel.csv;nsga2;1;3;300;300;1.98580e+01;100;1;4;1.00000e+00;1.00000e+00;4.80000e-01;7.60868e-01;1.00000e+00;Pipeline { map_noise(attribute=NOx(GT), percentage=0.25) };7.38739e-01;1.00000e+00;Pipeline { map_noise(attribute=NOx(GT), percentage=0.10) };7.41322e-01;1.00000e+00;Pipeline { map_noise(attribute=AH, percentage=0.10) };7.41322e-01;1.00000e+00;Pipeline { map_noise(attribute=NMHC(GT), percentage=0.10) | map_noise(attribute=RH, percentage=0.05) }
datasets/airQuality_parallel.csv;nsga2;1;4;400;400;2.34350e+01;100;1;5;1.00000e+00;1.00000e+00;4.30000e-01;7.60868e-01;1.00000e+00;Pipeline { map_noise(attribute=NOx(GT), percentage=0.25) };7.38739e-01;1.00000e+00;Pipeline { map_noise(attribute=NOx(GT), percentage=0.10) };7.42361e-01;1.00000e+00;Pipeline { map_noise(attribute=AH, percentage=0.10) | map_noise(attribute=NO2(GT), percentage=0.05) };7.41322e-01;1.00000e+00;Pipeline { map_noise(attribute=T, percentage=0.10) }
datasets/airQuality_parallel.csv;nsga2;1;5;500;500;2.82160e+01;100;2;80;1.00000e+00;1.00000e+00;2.50000e-01;7.69933e-01;7.17929e-01;Pipeline { map_noise(attribute=NMHC(GT), percentage=0.05) | map_noise(attribute=CO(GT), percentage=0.25) | filter(AH > 0.0041) };7.41322e-01;1.00000e+00;Pipeline { map_noise(attribute=AH, percentage=0.10) | map_noise(attribute=PT08.S5(O3), percentage=0.01) };7.41322e-01;1.00000e+00;Pipeline { map_noise(attribute=AH, percentage=0.10) | map_noise(attribute=PT08.S5(O3), percentage=0.01) };7.41322e-01;1.00000e+00;Pipeline { map_noise(attribute=PT08.S3(NOx), percentage=0.01) | map_noise(attribute=PT08.S3(NOx), percentage=0.25) }
datasets/airQuality_parallel.csv;nsga2;1;6;600;600;3.21560e+01;100;5;61;1.00000e+00;1.00000e+00;4.10000e-01;7.69933e-01;7.17929e-01;Pipeline { map_noise(attribute=NMHC(GT), percentage=0.05) | map_noise(attribute=CO(GT), percentage=0.25) | filter(AH > 0.0041) };7.41322e-01;1.00000e+00;Pipeline { map_noise(attribute=NMHC(GT), percentage=0.10) | map_noise(attribute=RH, percentage=0.25) };7.46151e-01;9.69597e-01;Pipeline { map_noise(attribute=AH, percentage=0.10) | map_noise(attribute=CO(GT), percentage=0.01) };7.41322e-01;1.00000e+00;Pipeline { map_noise(attribute=NMHC(GT), percentage=0.25) | map_noise(attribute=RH, percentage=0.25) }
datasets/airQuality_parallel.csv;nsga2;1;7;700;700;3.65480e+01;100;5;52;1.00000e+00;1.00000e+00;5.20000e-01;7.69933e-01;7.17929e-01;Pipeline { map_noise(attribute=NMHC(GT), percentage=0.05) | map_noise(attribute=CO(GT), percentage=0.25) | filter(AH > 0.0041) };7.41322e-01;1.00000e+00;Pipeline { map_noise(attribute=PT08.S3(NOx), percentage=0.01) | map_noise(attribute=PT08.S3(NOx), percentage=0.05) };7.51090e-01;9.49204e-01;Pipeline { map_noise(attribute=PT08.S5(O3), percentage=0.10) | map_noise(attribute=NMHC(GT), percentage=0.25) | filter(RH < 281.0000) | map_noise(attribute=NO2(GT), percentage=0.01) };7.41322e-01;1.00000e+00;Pipeline { map_noise(attribute=AH, percentage=0.25) | map_noise(attribute=RH, percentage=0.05) }
datasets/airQuality_parallel.csv;nsga2;1;8;800;800;4.10260e+01;100;4;45;1.00000e+00;1.00000e+00;5.80000e-01;7.69933e-01;7.17929e-01;Pipeline { map_noise(attribute=NMHC(GT), percentage=0.05) | map_noise(attribute=CO(GT), percentage=0.25) | filter(AH > 0.0041) };7.41322e-01;1.00000e+00;Pipeline { map_noise(attribute=NMHC(GT), percentage=0.05) | map_noise(attribute=AH, percentage=0.25) };7.55888e-01;9.49204e-01;Pipeline { map_noise(attribute=AH, percentage=0.10) | map_noise(attribute=AH, percentage=0.25) | filter(AH > 0.0041) };7.41322e-01;1.00000e+00;Pipeline { map_noise(attribute=T, percentage=0.25) }
datasets/airQuality_parallel.csv;nsga2;1;9;900;900;4.49910e+01;100;4;24;1.00000e+00;1.00000e+00;7.90000e-01;7.69933e-01;7.17929e-01;Pipeline { map_noise(attribute=NMHC(GT), percentage=0.05) | map_noise(attribute=CO(GT), percentage=0.25) | filter(AH > 0.0041) };7.41322e-01;1.00000e+00;Pipeline { map_noise(attribute=PT08.S3(NOx), percentage=0.01) | map_noise(attribute=PT08.S3(NOx), percentage=0.05) };7.56319e-01;9.27110e-01;Pipeline { map_noise(attribute=PT08.S5(O3), percentage=0.10) | map_noise(attribute=NMHC(GT), percentage=0.25) | filter(RH < 281.0000) | map_noise(attribute=CO(GT), percentage=0.01) };7.41750e-01;1.00000e+00;Pipeline { map_noise(attribute=NO2(GT), percentage=0.01) }
datasets/airQuality_parallel.csv;nsga2;1;10;1000;1000;4.94300e+01;100;2;17;1.00000e+00;1.00000e+00;8.60000e-01;7.72444e-01;9.49309e-01;Pipeline { map_noise(attribute=NO2(GT), percentage=0.05) | map_noise(attribute=PT08.S4(NO2), percentage=0.25) | filter(C6H6(GT) > 0.0229) | map_noise(attribute=PT08.S3(NOx), percentage=0.05) };7.41322e-01;1.00000e+00;Pipeline { map_noise(attribute=AH, percentage=0.25) | map_noise(attribute=RH, percentage=0.10) };7.57745e-01;9.49204e-01;Pipeline { map_noise(attribute=PT08.S4(NO2), percentage=0.10) | map_noise(attribute=NMHC(GT), percentage=0.25) | filter(AH > 0.0040) };7.43491e-01;1.00000e+00;Pipeline { map_noise(attribute=NO2(GT), percentage=0.05) }
datasets/airQuality_parallel.csv;nsga2;1;11;1100;1100;5.42340e+01;100;3;1;1.00000e+00;1.00000e+00;1.00000e+00;7.72444e-01;9.49309e-01;Pipeline { map_noise(attribute=NO2(GT), percentage=0.05) | map_noise(attribute=PT08.S4(NO2), percentage=0.25) | filter(C6H6(GT) > 0.0229) | map_noise(attribute=PT08.S3(NOx), percentage=0.05) };7.41322e-01;1.00000e+00;Pipeline { map_noise(attribute=PT08.S1(CO), percentage=0.25) };7.58594e-01;7.38072e-01;Pipeline { map_noise(attribute=AH, percentage=0.01) | map_noise(attribute=CO(GT), percentage=0.25) | filter(AH > 0.0041) };7.52194e-01;1.00000e+00;Pipeline { map_noise(attribute=NOx(GT), percentage=0.10) | map_noise(attribute=PT08.S4(NO2), percentage=0.10) }
datasets/airQuality_parallel.csv;nsga2;1;12;1200;1200;5.98360e+01;100;3;3;1.00000e+00;1.00000e+00;1.00000e+00;7.72444e-01;9.49309e-01;Pipeline { map_noise(attribute=NO2(GT), percentage=0.05) | map_noise(attribute=PT08.S4(NO2), percentage=0.25) | filter(C6H6(GT) > 0.0229) | map_noise(attribute=PT08.S3(NOx), percentage=0.05) };7.42367e-01;1.00000e+00;Pipeline { map_noise(attribute=NOx(GT), percentage=0.10) | map_noise(attribute=PT08.S2(NMHC), percentage=0.10) };7.59289e-01;9.45750e-01;Pipeline { map_noise(attribute=NO2(GT), percentage=0.10) | map_noise(attribute=PT08.S4(NO2), percentage=0.25) | filter(C6H6(GT) > 0.0000) | map_noise(attribute=PT08.S3(NOx), percentage=0.05) };7.52879e-01;1.00000e+00;Pipeline { map_noise(attribute=NMHC(GT), percentage=0.05) | map_noise(attribute=NOx(GT), percentage=0.25) }
datasets/airQuality_parallel.csv;nsga2;1;13;1300;1300;6.41540e+01;100;3;1;1.00000e+00;1.00000e+00;1.00000e+00;7.72444e-01;9.49309e-01;Pipeline { map_noise(attribute=NO2(GT), percentage=0.05) | map_noise(attribute=PT08.S4(NO2), percentage=0.25) | filter(C6H6(GT) > 0.0229) | map_noise(attribute=PT08.S3(NOx), percentage=0.05) };7.43093e-01;1.00000e+00;Pipeline { map_noise(attribute=NOx(GT), percentage=0.01) | map_noise(attribute=PT08.S1(CO), percentage=0.10) };7.60242e-01;9.26898e-01;Pipeline { map_noise(attribute=PT08.S5(O3), percentage=0.10) | map_noise(attribute=NMHC(GT), percentage=0.25) | filter(RH < 281.0000) | map_noise(attribute=NO2(GT), percentage=0.25) };7.52194e-01;1.00000e+00;Pipeline { map_noise(attribute=NOx(GT), percentage=0.10) | map_noise(attribute=PT08.S4(NO2), percentage=0.10) }
datasets/airQuality_parallel.csv;nsga2;1;14;1400;1400;6.78430e+01;100;3;1;1.00000e+00;1.00000e+00;1.00000e+00;7.72444e-01;9.49309e-01;Pipeline { map_noise(attribute=NO2(GT), percentage=0.05) | map_noise(attribute=PT08.S4(NO2), percentage=0.25) | filter(C6H6(GT) > 0.0229) | map_noise(attribute=PT08.S3(NOx), percentage=0.05) };7.43491e-01;1.00000e+00;Pipeline { map_noise(attribute=NO2(GT), percentage=0.05) };7.60305e-01;9.49204e-01;Pipeline { map_noise(attribute=AH, percentage=0.10) | map_noise(attribute=AH, percentage=0.25) | filter(PT08.S4(NO2) > 0.0001) };7.52035e-01;1.00000e+00;Pipeline { map_noise(attribute=NOx(GT), percentage=0.10) | map_noise(attribute=T, percentage=0.05) }
datasets/airQuality_parallel.csv;nsga2;1;15;1500;1500;7.23100e+01;100;3;4;1.00000e+00;1.00000e+00;1.00000e+00;7.72444e-01;9.49309e-01;Pipeline { map_noise(attribute=NO2(GT), percentage=0.05) | map_noise(attribute=PT08.S4(NO2), percentage=0.25) | filter(C6H6(GT) > 0.0229) | map_noise(attribute=PT08.S3(NOx), percentage=0.05) };7.44249e-01;1.00000e+00;Pipeline { map_noise(attribute=PT08.S2(NMHC), percentage=0.25) | map_noise(attribute=NOx(GT), percentage=0.05) };7.60868e-01;1.00000e+00;Pipeline { map_noise(attribute=NOx(GT), percentage=0.25) };7.52194e-01;1.00000e+00;Pipeline { map_noise(attribute=NOx(GT), percentage=0.10) | map_noise(attribute=PT08.S4(NO2), percentage=0.10) }
datasets/airQuality_parallel.csv;nsga2;1;16;1600;1600;7.60740e+01;100;3;2;1.00000e+00;1.00000e+00;1.00000e+00;7.72444e-01;9.49309e-01;Pipeline { map_noise(attribute=NO2(GT), percentage=0.05) | map_noise(attribute=PT08.S4(NO2), percentage=0.25) | filter(C6H6(GT) > 0.0229) | map_noise(attribute=PT08.S3(NOx), percentage=0.05) };7.46028e-01;1.00000e+00;Pipeline { map_noise(attribute=NOx(GT), percentage=0.10) | map_noise(attribute=AH, percentage=0.25) };7.61385e-01;9.70652e-01;Pipeline { map_noise(attribute=NO2(GT), percentage=0.10) | map_noise(attribute=PT08.S4(NO2), percentage=0.10) };7.52194e-01;1.00000e+00;Pipeline { map_noise(attribute=NOx(GT), percentage=0.10) | map_noise(attribute=PT08.S4(NO2), percentage=0.10) }
datasets/airQuality_parallel.csv;nsga2;1;17;1700;1700;8.04050e+01;100;3;1;1.00000e+00;1.00000e+00;1.00000e+00;7.72444e-01;9.49309e-01;Pipeline { map_noise(attribute=NO2(GT), percentage=0.05) | map_noise(attribute=PT08.S4(NO2), percentage=0.25) | filter(C6H6(GT) > 0.0229) | map_noise(attribute=PT08.S3(NOx), percentage=0.05) };7.46896e-01;1.00000e+00;Pipeline { map_noise(attribute=NOx(GT), percentage=0.10) | map_noise(attribute=PT08.S3(NOx), percentage=0.10) };7.61944e-01;9.49204e-01;Pipeline { map_noise(attribute=T, percentage=0.05) | map_noise(attribute=PT08.S4(NO2), percentage=0.25) | filter(C6H6(GT) > 0.0000) | map_noise(attribute=NMHC(GT), percentage=0.05) };7.52879e-01;1.00000e+00;Pipeline { map_noise(attribute=NMHC(GT), percentage=0.05) | map_noise(attribute=NOx(GT), percentage=0.25) }
datasets/airQuality_parallel.csv;nsga2;1;18;1800;1800;8.49460e+01;100;3;1;1.00000e+00;1.00000e+00;1.00000e+00;7.72444e-01;9.49309e-01;Pipeline { map_noise(attribute=NO2(GT), percentage=0.05) | map_noise(attribute=PT08.S4(NO2), percentage=0.25) | filter(C6H6(GT) > 0.0229) | map_noise(attribute=PT08.S3(NOx), percentage=0.05) };7.47214e-01;1.00000e+00;Pipeline { map_noise(attribute=PT08.S5(O3), percentage=0.10) | map_noise(attribute=NOx(GT), percentage=0.05) };7.62360e-01;9.49204e-01;Pipeline { map_noise(attribute=T, percentage=0.05) | map_noise(attribute=PT08.S4(NO2), percentage=0.25) | filter(C6H6(GT) > 0.0000) | map_noise(attribute=AH, percentage=0.25) };7.53088e-01;1.00000e+00;Pipeline { map_noise(attribute=PT08.S2(NMHC), percentage=0.10) | map_noise(attribute=NOx(GT), percentage=0.25) }
datasets/airQuality_parallel.csv;nsga2;1;19;1900;1900;8.85950e+01;100;3;3;1.00000e+00;1.00000e+00;1.00000e+00;7.72444e-01;9.49309e-01;Pipeline { map_noise(attribute=NO2(GT), percentage=0.05) | map_noise(attribute=PT08.S4(NO2), percentage=0.25) | filter(C6H6(GT) > 0.0229) | map_noise(attribute=PT08.S3(NOx), percentage=0.05) };7.47992e-01;1.00000e+00;Pipeline { map_noise(attribute=NOx(GT), percentage=0.10) | map_noise(attribute=T, percentage=0.01) };7.62998e-01;9.43705e-01;Pipeline { map_noise(attribute=NO2(GT), percentage=0.25) | map_noise(attribute=PT08.S4(NO2), percentage=0.25) | filter(C6H6(GT) > 0.0729) | map_noise(attribute=PT08.S3(NOx), percentage=0.05) };7.54617e-01;1.00000e+00;Pipeline { map_noise(attribute=NOx(GT), percentage=0.10) | map_noise(attribute=PT08.S1(CO), percentage=0.01) }
datasets/airQuality_parallel.csv;nsga2;1;20;2000;2000;9.24660e+01;100;3;1;1.00000e+00;1.00000e+00;1.00000e+00;7.72444e-01;9.49309e-01;Pipeline { map_noise(attribute=NO2(GT), percentage=0.05) | map_noise(attribute=PT08.S4(NO2), percentage=0.25) | filter(C6H6(GT) > 0.0229) | map_noise(attribute=PT08.S3(NOx), percentage=0.05) };7.48430e-01;1.00000e+00;Pipeline { map_noise(attribute=NOx(GT), percentage=0.10) | map_noise(attribute=C6H6(GT), percentage=0.05) };7.63352e-01;9.49204e-01;Pipeline { map_noise(attribute=PT08.S5(O3), percentage=0.05) | map_noise(attribute=NOx(GT), percentage=0.25) | filter(C6H6(GT) > 0.0000) | map_noise(attribute=RH, percentage=0.25) };7.57860e-01;1.00000e+00;Pipeline { map_noise(attribute=PT08.S4(NO2), percentage=0.01) | map_noise(attribute=NOx(GT), percentage=0.10) }
datasets/airQuality_parallel.csv;nsga2;1;21;2100;2100;9.66250e+01;100;2;2;1.00000e+00;1.00000e+00;1.00000e+00;7.72444e-01;9.49309e-01;Pipeline { map_noise(attribute=NO2(GT), percentage=0.05) | map_noise(attribute=PT08.S4(NO2), percentage=0.25) | filter(C6H6(GT) > 0.0229) | map_noise(attribute=PT08.S3(NOx), percentage=0.05) };7.48862e-01;1.00000e+00;Pipeline { map_noise(attribute=PT08.S2(NMHC), percentage=0.10) | map_noise(attribute=NOx(GT), percentage=0.05) };7.64082e-01;9.40024e-01;Pipeline { map_noise(attribute=NO2(GT), percentage=0.25) | map_noise(attribute=PT08.S4(NO2), percentage=0.25) | filter(C6H6(GT) > 0.0000) | map_noise(attribute=AH, percentage=0.25) };7.57860e-01;1.00000e+00;Pipeline { map_noise(attribute=PT08.S4(NO2), percentage=0.01) | map_noise(attribute=NOx(GT), percentage=0.10) }
datasets/airQuality_parallel.csv;nsga2;1;22;2200;2200;1.00711e+02;100;3;1;1.00000e+00;1.00000e+00;1.00000e+00;7.72648e-01;9.31068e-01;Pipeline { map_noise(attribute=NO2(GT), percentage=0.25) | map_noise(attribute=PT08.S4(NO2), percentage=0.25) | filter(C6H6(GT) > 0.0000) | map_noise(attribute=AH, percentage=0.10) };7.49440e-01;1.00000e+00;Pipeline { map_noise(attribute=NOx(GT), percentage=0.10) };7.64945e-01;9.49204e-01;Pipeline { map_noise(attribute=T, percentage=0.05) | map_noise(attribute=PT08.S4(NO2), percentage=0.25) | filter(PT08.S5(O3) > 0.0000) | map_noise(attribute=PT08.S1(CO), percentage=0.10) };7.58510e-01;1.00000e+00;Pipeline { map_noise(attribute=PT08.S4(NO2), percentage=0.01) | map_noise(attribute=NOx(GT), percentage=0.25) }
datasets/airQuality_parallel.csv;nsga2;1;23;2300;2300;1.05656e+02;100;3;3;1.00000e+00;1.00000e+00;1.00000e+00;7.72648e-01;9.31068e-01;Pipeline { map_noise(attribute=NO2(GT), percentage=0.25) | map_noise(attribute=PT08.S4(NO2), percentage=0.25) | filter(C6H6(GT) > 0.0000) | map_noise(attribute=AH, percentage=0.10) };7.49925e-01;1.00000e+00;Pipeline { map_noise(attribute=NOx(GT), percentage=0.10) | map_noise(attribute=NMHC(GT), percentage=0.10) };7.65517e-01;9.25460e-01;Pipeline { map_noise(attribute=NO2(GT), percentage=0.25) | map_noise(attribute=PT08.S4(NO2), percentage=0.25) | filter(C6H6(GT) > 0.5210) | map_noise(attribute=PT08.S3(NOx), percentage=0.05) };7.59010e-01;1.00000e+00;Pipeline { map_noise(attribute=NOx(GT), percentage=0.10) | map_noise(attribute=NOx(GT), percentage=0.01) }
datasets/airQuality_parallel.csv;nsga2;1;24;2400;2400;1.09712e+02;100;3;3;1.00000e+00;1.00000e+00;1.00000e+00;7.74088e-01;9.49014e-01;Pipeline { map_noise(attribute=RH, percentage=0.10) | map_noise(attribute=PT08.S4(NO2), percentage=0.25) | filter(T > 0.0000) | map_noise(attribute=PT08.S1(CO), percentage=0.10) };7.50089e-01;1.00000e+00;Pipeline { map_noise(attribute=NOx(GT), percentage=0.10) | map_noise(attribute=RH, percentage=0.05) };7.65819e-01;1.00000e+00;Pipeline { map_noise(attribute=NOx(GT), percentage=0.25) | map_noise(attribute=PT08.S1(CO), percentage=0.01) };7.59010e-01;1.00000e+00;Pipeline { map_noise(attribute=NOx(GT), percentage=0.10) | map_noise(attribute=NOx(GT), percentage=0.01) }
datasets/airQuality_parallel.csv;nsga2;1;25;2500;2500;1.13885e+02;100;3;1;1.00000e+00;1.00000e+00;1.00000e+00;7.74088e-01;9.49014e-01;Pipeline { map_noise(attribute=RH, percentage=0.10) | map_noise(attribute=PT08.S4(NO2), percentage=0.25) | filter(T > 0.0000) | map_noise(attribute=PT08.S1(CO), percentage=0.10) };7.50603e-01;1.00000e+00;Pipeline { map_noise(attribute=NOx(GT), percentage=0.10) | map_noise(attribute=AH, percentage=0.05) };7.66019e-01;9.49204e-01;Pipeline { map_noise(attribute=PT08.S2(NMHC), percentage=0.10) | map_noise(attribute=PT08.S4(NO2), percentage=0.25) | filter(C6H6(GT) > 0.0000) | map_noise(attribute=NO2(GT), percentage=0.01) };7.60868e-01;1.00000e+00;Pipeline { map_noise(attribute=NOx(GT), percentage=0.25) }
datasets/airQuality_parallel.csv;nsga2;1;26;2600;2600;1.17642e+02;100;3;2;1.00000e+00;1.00000e+00;1.00000e+00;7.74088e-01;9.49014e-01;Pipeline { map_noise(attribute=RH, percentage=0.10) | map_noise(attribute=PT08.S4(NO2), percentage=0.25) | filter(T > 0.0000) | map_noise(attribute=PT08.S1(CO), percentage=0.10) };7.50603e-01;1.00000e+00;Pipeline { map_noise(attribute=NOx(GT), percentage=0.10) | map_noise(attribute=AH, percentage=0.05) };7.66019e-01;9.49204e-01;Pipeline { map_noise(attribute=PT08.S2(NMHC), percentage=0.10) | map_noise(attribute=PT08.S4(NO2), percentage=0.25) | filter(C6H6(GT) > 0.0000) | map_noise(attribute=NO2(GT), percentage=0.01) };7.59010e-01;1.00000e+00;Pipeline { map_noise(attribute=NOx(GT), percentage=0.10) | map_noise(attribute=NOx(GT), percentage=0.01) }
datasets/airQuality_parallel.csv;nsga2;1;27;2700;2700;1.23457e+02;100;3;3;1.00000e+00;1.00000e+00;1.00000e+00;7.74088e-01;9.49014e-01;Pipeline { map_noise(attribute=RH, percentage=0.10) | map_noise(attribute=PT08.S4(NO2), percentage=0.25) | filter(T > 0.0000) | map_noise(attribute=PT08.S1(CO), percentage=0.10) };7.51237e-01;1.00000e+00;Pipeline { map_noise(attribute=NOx(GT), percentage=0.10) | map_noise(attribute=PT08.S1(CO), percentage=0.05) };7.66189e-01;9.13880e-01;Pipeline { map_noise(attribute=NO2(GT), percentage=0.25) | map_noise(attribute=PT08.S4(NO2), percentage=0.10) | filter(C6H6(GT) > 0.0000) | map_noise(attribute=NMHC(GT), percentage=0.25) };7.60868e-01;1.00000e+00;Pipeline { map_noise(attribute=NOx(GT), percentage=0.25) }
datasets/airQuality_parallel.csv;nsga2;1;28;2800;2800;1.28006e+02;100;3;1;1.00000e+00;1.00000e+00;1.00000e+00;7.74088e-01;9.49014e-01;Pipeline { map_noise(attribute=RH, percentage=0.10) | map_noise(attribute=PT08.S4(NO2), percentage=0.25) | filter(T > 0.0000) | map_noise(attribute=PT08.S1(CO), percentage=0.10) };7.51464e-01;1.00000e+00;Pipeline { map_noise(attribute=NOx(GT), percentage=0.10) | map_noise(attribute=NOx(GT), percentage=0.05) };7.66646e-01;7.42656e-01;Pipeline { map_noise(attribute=AH, percentage=0.10) | map_noise(attribute=CO(GT), percentage=0.25) | filter(PT08.S5(O3) > 0.0041) };7.62458e-01;1.00000e+00;Pipeline { map_noise(attribute=PT08.S1(CO), percentage=0.01) | map_noise(attribute=NOx(GT), percentage=0.25) }
datasets/airQuality_parallel.csv;nsga2;1;29;2900;2900;1.31877e+02;100;3;2;1.00000e+00;1.00000e+00;1.00000e+00;7.74088e-01;9.49014e-01;Pipeline { map_noise(attribute=RH, percentage=0.10) | map_noise(attribute=PT08.S4(NO2), percentage=0.25) | filter(T > 0.0000) | map_noise(attribute=PT08.S1(CO), percentage=0.10) };7.51464e-01;1.00000e+00;Pipeline { map_noise(attribute=NOx(GT), percentage=0.10) | map_noise(attribute=NOx(GT), percentage=0.05) };7.66858e-01;9.36254e-01;Pipeline { map_noise(attribute=NO2(GT), percentage=0.25) | map_noise(attribute=PT08.S4(NO2), percentage=0.25) | filter(C6H6(GT) > 0.0229) | map_noise(attribute=PT08.S3(NOx), percentage=0.05) };7.62458e-01;1.00000e+00;Pipeline { map_noise(attribute=PT08.S1(CO), percentage=0.01) | map_noise(attribute=NOx(GT), percentage=0.25) }
datasets/airQuality_parallel.csv;nsga2;1;30;3000;3000;1.35623e+02;100;5;2;1.00000e+00;1.00000e+00;1.00000e+00;7.74088e-01;9.49014e-01;Pipeline { map_noise(attribute=RH, percentage=0.10) | map_noise(attribute=PT08.S4(NO2), percentage=0.25) | filter(T > 0.0000) | map_noise(attribute=PT08.S1(CO), percentage=0.10) };7.51834e-01;1.00000e+00;Pipeline { map_noise(attribute=NOx(GT), percentage=0.10) | map_noise(attribute=C6H6(GT), percentage=0.01) };7.67246e-01;9.49204e-01;Pipeline { map_noise(attribute=T, percentage=0.05) | map_noise(attribute=PT08.S4(NO2), percentage=0.25) | filter(PT08.S5(O3) > 0.0000) | map_noise(attribute=PT08.S1(CO), percentage=0.05) };7.65819e-01;1.00000e+00;Pipeline { map_noise(attribute=NOx(GT), percentage=0.25) | map_noise(attribute=PT08.S1(CO), percentage=0.01) }
datasets/airQuality_parallel.csv;nsga2;1;31;3100;3100;1.39328e+02;100;5;3;1.00000e+00;1.00000e+00;1.00000e+00;7.74088e-01;9.49014e-01;Pipeline { map_noise(attribute=RH, percentage=0.10) | map_noise(attribute=PT08.S4(NO2), percentage=0.25) | filter(T > 0.0000) | map_noise(attribute=PT08.S1(CO), percentage=0.10) };7.52178e-01;1.00000e+00;Pipeline { map_noise(attribute=NOx(GT), percentage=0.10) | map_noise(attribute=PT08.S2(NMHC), percentage=0.01) };7.67279e-01;9.49204e-01;Pipeline { map_noise(attribute=T, percentage=0.05) | map_noise(attribute=PT08.S4(NO2), percentage=0.25) | filter(C6H6(GT) > 0.0000) | map_noise(attribute=PT08.S1(CO), percentage=0.01) };7.56630e-01;9.98851e-01;Pipeline { map_noise(attribute=NO2(GT), percentage=0.10) | map_noise(attribute=PT08.S5(O3), percentage=0.10) }
datasets/airQuality_parallel.csv;nsga2;1;32;3200;3200;1.43902e+02;100;5;3;1.00000e+00;1.00000e+00;1.00000e+00;7.74088e-01;9.49014e-01;Pipeline { map_noise(attribute=RH, percentage=0.10) | map_noise(attribute=PT08.S4(NO2), percentage=0.25) | filter(T > 0.0000) | map_noise(attribute=PT08.S1(CO), percentage=0.10) };7.52178e-01;1.00000e+00;Pipeline { map_noise(attribute=NOx(GT), percentage=0.10) | map_noise(attribute=PT08.S2(NMHC), percentage=0.01) };7.67603e-01;9.44556e-01;Pipeline { map_noise(attribute=NO2(GT), percentage=0.10) | map_noise(attribute=PT08.S4(NO2), percentage=0.25) | filter(C6H6(GT) > 0.0229) | map_noise(attribute=PT08.S3(NOx), percentage=0.05) };7.56630e-01;9.98851e-01;Pipeline { map_noise(attribute=NO2(GT), percentage=0.10) | map_noise(attribute=PT08.S5(O3), percentage=0.10) }
datasets/airQuality_parallel.csv;nsga2;1;33;3300;3300;1.48334e+02;100;6;3;1.00000e+00;1.00000e+00;1.00000e+00;7.80817e-01;9.48319e-01;Pipeline { map_noise(attribute=NO2(GT), percentage=0.05) | map_noise(attribute=PT08.S4(NO2), percentage=0.25) | filter(RH > 0.0000) | map_noise(attribute=RH, percentage=0.10) };7.49906e-01;1.00000e+00;Pipeline { map_noise(attribute=NOx(GT), percentage=0.05) | map_noise(attribute=PT08.S5(O3), percentage=0.01) };7.68218e-01;9.49204e-01;Pipeline { map_noise(attribute=AH, percentage=0.25) | map_noise(attribute=NOx(GT), percentage=0.25) | filter(C6H6(GT) > 0.0000) | map_noise(attribute=RH, percentage=0.25) };7.65819e-01;1.00000e+00;Pipeline { map_noise(attribute=NOx(GT), percentage=0.25) | map_noise(attribute=PT08.S1(CO), percentage=0.01) }
datasets/airQuality_parallel.csv;nsga2;1;34;3400;3400;1.54126e+02;100;6;4;1.00000e+00;1.00000e+00;1.00000e+00;7.80817e-01;9.48319e-01;Pipeline { map_noise(attribute=NO2(GT), percentage=0.05) | map_noise(attribute=PT08.S4(NO2), percentage=0.25) | filter(RH > 0.0000) | map_noise(attribute=RH, percentage=0.10) };7.49906e-01;1.00000e+00;Pipeline { map_noise(attribute=NOx(GT), percentage=0.05) | map_noise(attribute=PT08.S5(O3), percentage=0.01) };7.68218e-01;9.49204e-01;Pipeline { map_noise(attribute=AH, percentage=0.25) | map_noise(attribute=NOx(GT), percentage=0.25) | filter(C6H6(GT) > 0.0000) | map_noise(attribute=RH, percentage=0.25) };7.63379e-01;1.00000e+00;Pipeline { map_noise(attribute=NOx(GT), percentage=0.25) | map_noise(attribute=PT08.S5(O3), percentage=0.01) }
datasets/airQuality_parallel.csv;nsga2;1;35;3500;3500;1.58429e+02;100;6;4;1.00000e+00;1.00000e+00;1.00000e+00;7.80817e-01;9.48319e-01;Pipeline { map_noise(attribute=NO2(GT), percentage=0.05) | map_noise(attribute=PT08.S4(NO2), percentage=0.25) | filter(RH > 0.0000) | map_noise(attribute=RH, percentage=0.10) };7.52178e-01;1.00000e+00;Pipeline { map_noise(attribute=NOx(GT), percentage=0.10) | map_noise(attribute=PT08.S2(NMHC), percentage=0.01) };7.68218e-01;9.49204e-01;Pipeline { map_noise(attribute=AH, percentage=0.25) | map_noise(attribute=NOx(GT), percentage=0.25) | filter(C6H6(GT) > 0.0000) | map_noise(attribute=RH, percentage=0.25) };7.62458e-01;1.00000e+00;Pipeline { map_noise(attribute=PT08.S1(CO), percentage=0.01) | map_noise(attribute=NOx(GT), percentage=0.25) }
datasets/airQuality_parallel.csv;nsga2;1;36;3600;3600;1.62650e+02;100;6;3;1.00000e+00;1.00000e+00;1.00000e+00;7.80817e-01;9.48319e-01;Pipeline { map_noise(attribute=NO2(GT), percentage=0.05) | map_noise(attribute=PT08.S4(NO2), percentage=0.25) | filter(RH > 0.0000) | map_noise(attribute=RH, percentage=0.10) };7.52178e-01;1.00000e+00;Pipeline { map_noise(attribute=NOx(GT), percentage=0.10) | map_noise(attribute=PT08.S2(NMHC), percentage=0.01) };7.68233e-01;9.43345e-01;Pipeline { map_noise(attribute=NO2(GT), percentage=0.25) | map_noise(attribute=PT08.S4(NO2), percentage=0.10) | filter(C6H6(GT) > 0.0000) | map_noise(attribute=PT08.S5(O3), percentage=0.25) };7.60868e-01;1.00000e+00;Pipeline { map_noise(attribute=NOx(GT), percentage=0.25) }
datasets/airQuality_parallel.csv;nsga2;1;37;3700;3700;1.66769e+02;100;6;2;1.00000e+00;1.00000e+00;1.00000e+00;7.80817e-01;9.48319e-01;Pipeline { map_noise(attribute=NO2(GT), percentage=0.05) | map_noise(attribute=PT08.S4(NO2), percentage=0.25) | filter(RH > 0.0000) | map_noise(attribute=RH, percentage=0.10) };7.52178e-01;1.00000e+00;Pipeline { map_noise(attribute=NOx(GT), percentage=0.10) | map_noise(attribute=PT08.S2(NMHC), percentage=0.01) };7.68957e-01;9.49204e-01;Pipeline { map_noise(attribute=T, percentage=0.05) | map_noise(attribute=PT08.S4(NO2), percentage=0.25) | filter(C6H6(GT) > 0.0000) | map_noise(attribute=PT08.S1(CO), percentage=0.10) };7.60868e-01;1.00000e+00;Pipeline { map_noise(attribute=NOx(GT), percentage=0.25) }
datasets/airQuality_parallel.csv;nsga2;1;38;3800;3800;1.70702e+02;100;6;3;1.00000e+00;1.00000e+00;1.00000e+00;7.80817e-01;9.48319e-01;Pipeline { map_noise(attribute=NO2(GT), percentage=0.05) | map_noise(attribute=PT08.S4(NO2), percentage=0.25) | filter(RH > 0.0000) | map_noise(attribute=RH, percentage=0.10) };7.52194e-01;1.00000e+00;Pipeline { map_noise(attribute=NOx(GT), percentage=0.10) | map_noise(attribute=PT08.S4(NO2), percentage=0.10) };7.68957e-01;9.49204e-01;Pipeline { map_noise(attribute=T, percentage=0.05) | map_noise(attribute=PT08.S4(NO2), percentage=0.25) | filter(C6H6(GT) > 0.0000) | map_noise(attribute=PT08.S1(CO), percentage=0.10) };7.62458e-01;1.00000e+00;Pipeline { map_noise(attribute=PT08.S1(CO), percentage=0.01) | map_noise(attribute=NOx(GT), percentage=0.25) }
datasets/airQuality_parallel.csv;nsga2;1;39;3900;3900;1.74226e+02;100;5;4;1.00000e+00;1.00000e+00;1.00000e+00;7.83567e-01;9.49204e-01;Pipeline { map_noise(attribute=NOx(GT), percentage=0.25) | map_noise(attribute=PT08.S4(NO2), percentage=0.10) | filter(C6H6(GT) > 0.0000) | map_noise(attribute=T, percentage=0.25) };7.47372e-01;1.00000e+00;Pipeline { map_noise(attribute=NMHC(GT), percentage=0.25) | map_noise(attribute=NOx(GT), percentage=0.10) };7.69543e-01;9.47508e-01;Pipeline { map_noise(attribute=NO2(GT), percentage=0.25) | map_noise(attribute=PT08.S4(NO2), percentage=0.25) | filter(C6H6(GT) > 0.0000) | map_noise(attribute=T, percentage=0.25) };7.60868e-01;1.00000e+00;Pipeline { map_noise(attribute=NOx(GT), percentage=0.25) }
datasets/airQuality_parallel.csv;nsga2;1;40;4000;4000;1.78081e+02;100;5;3;1.00000e+00;1.00000e+00;1.00000e+00;7.83567e-01;9.49204e-01;Pipeline { map_noise(attribute=NOx(GT), percentage=0.25) | map_noise(attribute=PT08.S4(NO2), percentage=0.10) | filter(C6H6(GT) > 0.0000) | map_noise(attribute=T, percentage=0.25) };7.50917e-01;1.00000e+00;Pipeline { map_noise(attribute=NOx(GT), percentage=0.10) | map_noise(attribute=NMHC(GT), percentage=0.10) };7.69695e-01;9.49204e-01;Pipeline { map_noise(attribute=AH, percentage=0.25) | map_noise(attribute=NOx(GT), percentage=0.05) | filter(C6H6(GT) > 0.0000) | map_noise(attribute=RH, percentage=0.25) };7.60868e-01;1.00000e+00;Pipeline { map_noise(attribute=NOx(GT), percentage=0.25) }
datasets/airQuality_parallel.csv;nsga2;1;41;4100;4100;1.83390e+02;100;5;2;1.00000e+00;1.00000e+00;1.00000e+00;7.83567e-01;9.49204e-01;Pipeline { map_noise(attribute=NOx(GT), percentage=0.25) | map_noise(attribute=PT08.S4(NO2), percentage=0.10) | filter(C6H6(GT) > 0.0000) | map_noise(attribute=T, percentage=0.25) };7.52194e-01;1.00000e+00;Pipeline { map_noise(attribute=NOx(GT), percentage=0.10) | map_noise(attribute=PT08.S4(NO2), percentage=0.10) };7.69933e-01;7.17929e-01;Pipeline { map_noise(attribute=NMHC(GT), percentage=0.05) | map_noise(attribute=CO(GT), percentage=0.25) | filter(AH > 0.0041) };7.62458e-01;1.00000e+00;Pipeline { map_noise(attribute=PT08.S1(CO), percentage=0.01) | map_noise(attribute=NOx(GT), percentage=0.25) }
datasets/airQuality_parallel.csv;nsga2;1;42;4200;4200;1.87807e+02;100;5;3;1.00000e+00;1.00000e+00;1.00000e+00;7.83567e-01;9.49204e-01;Pipeline { map_noise(attribute=NOx(GT), percentage=0.25) | map_noise(attribute=PT08.S4(NO2), percentage=0.10) | filter(C6H6(GT) > 0.0000) | map_noise(attribute=T, percentage=0.25) };7.52313e-01;1.00000e+00;Pipeline { map_noise(attribute=NOx(GT), percentage=0.05) | map_noise(attribute=AH, percentage=0.05) };7.70066e-01;8.89311e-01;Pipeline { map_noise(attribute=NO2(GT), percentage=0.25) | map_noise(attribute=PT08.S4(NO2), percentage=0.25) | filter(C6H6(GT) > 0.0000) | map_noise(attribute=CO(GT), percentage=0.05) };7.62526e-01;1.00000e+00;Pipeline { map_noise(attribute=PT08.S4(NO2), percentage=0.10) | map_noise(attribute=NOx(GT), percentage=0.10) }
datasets/airQuality_parallel.csv;nsga2;1;43;4300;4300;1.92333e+02;100;5;4;1.00000e+00;1.00000e+00;1.00000e+00;7.83567e-01;9.49204e-01;Pipeline { map_noise(attribute=NOx(GT), percentage=0.25) | map_noise(attribute=PT08.S4(NO2), percentage=0.10) | filter(C6H6(GT) > 0.0000) | map_noise(attribute=T, percentage=0.25) };7.52546e-01;1.00000e+00;Pipeline { map_noise(attribute=NMHC(GT), percentage=0.01) | map_noise(attribute=NOx(GT), percentage=0.25) };7.70250e-01;9.49204e-01;Pipeline { map_noise(attribute=T, percentage=0.05) | map_noise(attribute=PT08.S4(NO2), percentage=0.25) | filter(C6H6(GT) > 0.0000) | map_noise(attribute=NO2(GT), percentage=0.01) };7.62639e-01;1.00000e+00;Pipeline { map_noise(attribute=PT08.S2(NMHC), percentage=0.01) | map_noise(attribute=NOx(GT), percentage=0.25) }
datasets/airQuality_parallel.csv;nsga2;1;44;4400;4400;1.96358e+02;100;4;2;1.00000e+00;1.00000e+00;1.00000e+00;7.83567e-01;9.49204e-01;Pipeline { map_noise(attribute=NOx(GT), percentage=0.25) | map_noise(attribute=PT08.S4(NO2), percentage=0.10) | filter(C6H6(GT) > 0.0000) | map_noise(attribute=T, percentage=0.25) };7.52800e-01;1.00000e+00;Pipeline { map_noise(attribute=NOx(GT), percentage=0.10) | map_noise(attribute=PT08.S2(NMHC), percentage=0.05) };7.70250e-01;9.49204e-01;Pipeline { map_noise(attribute=T, percentage=0.05) | map_noise(attribute=PT08.S4(NO2), percentage=0.25) | filter(C6H6(GT) > 0.0000) | map_noise(attribute=NO2(GT), percentage=0.01) };7.63379e-01;1.00000e+00;Pipeline { map_noise(attribute=NOx(GT), percentage=0.25) | map_noise(attribute=PT08.S5(O3), percentage=0.01) }
datasets/airQuality_parallel.csv;nsga2;1;45;4500;4500;2.01971e+02;100;4;1;1.00000e+00;1.00000e+00;1.00000e+00;7.83567e-01;9.49204e-01;Pipeline { map_noise(attribute=NOx(GT), percentage=0.25) | map_noise(attribute=PT08.S4(NO2), percentage=0.10) | filter(C6H6(GT) > 0.0000) | map_noise(attribute=T, percentage=0.25) };7.52879e-01;1.00000e+00;Pipeline { map_noise(attribute=NMHC(GT), percentage=0.05) | map_noise(attribute=NOx(GT), percentage=0.25) };7.70250e-01;9.49204e-01;Pipeline { map_noise(attribute=T, percentage=0.05) | map_noise(attribute=PT08.S4(NO2), percentage=0.25) | filter(C6H6(GT) > 0.0000) | map_noise(attribute=NO2(GT), percentage=0.01) };7.63379e-01;1.00000e+00;Pipeline { map_noise(attribute=NOx(GT), percentage=0.25) | map_noise(attribute=PT08.S5(O3), percentage=0.01) }
datasets/airQuality_parallel.csv;nsga2;1;46;4600;4600;2.06403e+02;100;4;1;1.00000e+00;1.00000e+00;1.00000e+00;7.83567e-01;9.49204e-01;Pipeline { map_noise(attribute=NOx(GT), percentage=0.25) | map_noise(attribute=PT08.S4(NO2), percentage=0.10) | filter(C6H6(GT) > 0.0000) | map_noise(attribute=T, percentage=0.25) };7.52986e-01;1.00000e+00;Pipeline { map_noise(attribute=PT08.S1(CO), percentage=0.10) | map_noise(attribute=NOx(GT), percentage=0.25) };7.70815e-01;9.49204e-01;Pipeline { map_noise(attribute=PT08.S5(O3), percentage=0.05) | map_noise(attribute=NOx(GT), percentage=0.25) | filter(C6H6(GT) > 0.0000) | map_noise(attribute=RH, percentage=0.25) };7.70055e-01;1.00000e+00;Pipeline { map_noise(attribute=PT08.S5(O3), percentage=0.25) | map_noise(attribute=NOx(GT), percentage=0.25) }
datasets/airQuality_parallel.csv;nsga2;1;47;4700;4700;2.10630e+02;100;4;2;1.00000e+00;1.00000e+00;1.00000e+00;7.83567e-01;9.49204e-01;Pipeline { map_noise(attribute=NOx(GT), percentage=0.25) | map_noise(attribute=PT08.S4(NO2), percentage=0.10) | filter(C6H6(GT) > 0.0000) | map_noise(attribute=T, percentage=0.25) };7.52986e-01;1.00000e+00;Pipeline { map_noise(attribute=PT08.S1(CO), percentage=0.10) | map_noise(attribute=NOx(GT), percentage=0.25) };7.70815e-01;9.49204e-01;Pipeline { map_noise(attribute=PT08.S5(O3), percentage=0.05) | map_noise(attribute=NOx(GT), percentage=0.25) | filter(C6H6(GT) > 0.0000) | map_noise(attribute=RH, percentage=0.25) };7.70055e-01;1.00000e+00;Pipeline { map_noise(attribute=PT08.S5(O3), percentage=0.25) | map_noise(attribute=NOx(GT), percentage=0.25) }
datasets/airQuality_parallel.csv;nsga2;1;48;4800;4800;2.16713e+02;100;4;3;1.00000e+00;1.00000e+00;1.00000e+00;7.83567e-01;9.49204e-01;Pipeline { map_noise(attribute=NOx(GT), percentage=0.25) | map_noise(attribute=PT08.S4(NO2), percentage=0.10) | filter(C6H6(GT) > 0.0000) | map_noise(attribute=T, percentage=0.25) };7.53088e-01;1.00000e+00;Pipeline { map_noise(attribute=PT08.S2(NMHC), percentage=0.10) | map_noise(attribute=NOx(GT), percentage=0.25) };7.70910e-01;9.49204e-01;Pipeline { map_noise(attribute=PT08.S3(NOx), percentage=0.10) | map_noise(attribute=PT08.S4(NO2), percentage=0.25) | filter(C6H6(GT) > 0.0009) | map_noise(attribute=PT08.S1(CO), percentage=0.10) };7.70005e-01;9.96036e-01;Pipeline { map_noise(attribute=NO2(GT), percentage=0.10) | map_noise(attribute=NOx(GT), percentage=0.05) }
datasets/airQuality_parallel.csv;nsga2;1;49;4900;4900;2.20974e+02;100;4;1;1.00000e+00;1.00000e+00;1.00000e+00;7.83567e-01;9.49204e-01;Pipeline { map_noise(attribute=NOx(GT), percentage=0.25) | map_noise(attribute=PT08.S4(NO2), percentage=0.10) | filter(C6H6(GT) > 0.0000) | map_noise(attribute=T, percentage=0.25) };7.53090e-01;1.00000e+00;Pipeline { map_noise(attribute=NOx(GT), percentage=0.25) | map_noise(attribute=PT08.S1(CO), percentage=0.05) };7.70910e-01;9.49204e-01;Pipeline { map_noise(attribute=PT08.S3(NOx), percentage=0.10) | map_noise(attribute=PT08.S4(NO2), percentage=0.25) | filter(C6H6(GT) > 0.0009) | map_noise(attribute=PT08.S1(CO), percentage=0.10) };7.56050e-01;9.89684e-01;Pipeline { map_noise(attribute=NO2(GT), percentage=0.10) | map_noise(attribute=RH, percentage=0.05) }
datasets/airQuality_parallel.csv;nsga2;1;50;5000;5000;2.24675e+02;100;4;2;1.00000e+00;1.00000e+00;1.00000e+00;7.83567e-01;9.49204e-01;Pipeline { map_noise(attribute=NOx(GT), percentage=0.25) | map_noise(attribute=PT08.S4(NO2), percentage=0.10) | filter(C6H6(GT) > 0.0000) | map_noise(attribute=T, percentage=0.25) };7.53090e-01;1.00000e+00;Pipeline { map_noise(attribute=NOx(GT), percentage=0.25) | map_noise(attribute=PT08.S1(CO), percentage=0.05) };7.70918e-01;9.38895e-01;Pipeline { map_noise(attribute=NO2(GT), percentage=0.25) | map_noise(attribute=PT08.S4(NO2), percentage=0.10) | filter(C6H6(GT) > 0.0229) | map_noise(attribute=NMHC(GT), percentage=0.25) };7.70005e-01;9.96036e-01;Pipeline { map_noise(attribute=NO2(GT), percentage=0.10) | map_noise(attribute=NOx(GT), percentage=0.05) }
datasets/airQuality_parallel.csv;nsga2;2;1;100;100;7.33300e+00;100;7;57;9.60000e-01;9.60000e-01;3.90000e-01;7.63050e-01;9.49204e-01;Pipeline { filter(PT08.S4(NO2) > 0.0817) | map_noise(attribute=PT08.S1(CO), percentage=0.10) | filter(PT08.S1(CO) > 0.0426) | filter(PT08.S3(NOx) > 8.6600) };7.41322e-01;1.00000e+00;Pipeline { map_noise(attribute=PT08.S2(NMHC), percentage=0.01) };4.56543e-01;7.65819e-01;Pipeline { filter(PT08.S4(NO2) < 651000.0000) | map_noise(attribute=CO(GT), percentage=0.05) | map_noise(attribute=PT08.S3(NOx), percentage=0.25) | filter(PT08.S5(O3) < 178000.0000) | map_duplicate(probability=0.80) };4.56543e-01;7.65819e-01;Pipeline { filter(PT08.S4(NO2) < 651000.0000) | map_noise(attribute=CO(GT), percentage=0.05) | map_noise(attribute=PT08.S3(NOx), percentage=0.25) | filter(PT08.S5(O3) < 178000.0000) | map_duplicate(probability=0.80) }
datasets/airQuality_parallel.csv;nsga2;2;2;200;200;1.56250e+01;100;3;2;9.60000e-01;9.60000e-01;7.50000e-01;7.68684e-01;8.76429e-01;Pipeline { map_noise(attribute=PT08.S1(CO), percentage=0.05) | map_noise(attribute=T, percentage=0.25) | map_noise(attribute=CO(GT), percentage=0.10) | map_noise(attribute=NOx(GT), percentage=0.10) | map_noise(attribute=NOx(GT), percentage=0.01) | map_noise(attribute=PT08.S5(O3), percentage=0.05) };6.93722e-01;1.00000e+00;Pipeline { map_noise(attribute=PT08.S1(CO), percentage=0.25) };7.41322e-01;1.00000e+00;Pipeline { map_noise(attribute=T, percentage=0.01) };7.47718e-01;1.00000e+00;Pipeline { map_noise(attribute=NOx(GT), percentage=0.05) }
datasets/airQuality_parallel.csv;nsga2;2;3;300;300;2.12310e+01;100;3;2;9.90000e-01;9.90000e-01;5.30000e-01;7.68684e-01;8.76429e-01;Pipeline { map_noise(attribute=PT08.S1(CO), percentage=0.05) | map_noise(attribute=T, percentage=0.25) | map_noise(attribute=CO(GT), percentage=0.10) | map_noise(attribute=NOx(GT), percentage=0.10) | map_noise(attribute=NOx(GT), percentage=0.01) | map_noise(attribute=PT08.S5(O3), percentage=0.05) };6.93722e-01;1.00000e+00;Pipeline { map_noise(attribute=PT08.S1(CO), percentage=0.25) };7.41322e-01;1.00000e+00;Pipeline { map_noise(attribute=NMHC(GT), percentage=0.01) };7.41322e-01;1.00000e+00;Pipeline { map_noise(attribute=PT08.S5(O3), percentage=0.05) }
datasets/airQuality_parallel.csv;nsga2;2;4;400;400;2.60580e+01;100;3;4;1.00000e+00;1.00000e+00;6.10000e-01;7.68684e-01;8.76429e-01;Pipeline { map_noise(attribute=PT08.S1(CO), percentage=0.05) | map_noise(attribute=T, percentage=0.25) | map_noise(attribute=CO(GT), percentage=0.10) | map_noise(attribute=NOx(GT), percentage=0.10) | map_noise(attribute=NOx(GT), percentage=0.01) | map_noise(attribute=PT08.S5(O3), percentage=0.05) };7.35962e-01;1.00000e+00;Pipeline { map_noise(attribute=NO2(GT), percentage=0.05) | map_noise(attribute=NOx(GT), percentage=0.10) | map_noise(attribute=NOx(GT), percentage=0.01) };7.45334e-01;1.00000e+00;Pipeline { map_noise(attribute=PT08.S2(NMHC), percentage=0.05) | map_noise(attribute=T, percentage=0.25) | map_noise(attribute=AH, percentage=0.10) | map_noise(attribute=NOx(GT), percentage=0.01) | map_noise(attribute=NOx(GT), percentage=0.01) | map_noise(attribute=PT08.S5(O3), percentage=0.05) };7.41322e-01;1.00000e+00;Pipeline { map_noise(attribute=T, percentage=0.25) }
datasets/airQuality_parallel.csv;nsga2;2;5;500;500;3.04840e+01;100;3;38;1.00000e+00;1.00000e+00;6.60000e-01;7.79264e-01;8.87816e-01;Pipeline { map_noise(attribute=PT08.S2(NMHC), percentage=0.05) | map_noise(attribute=T, percentage=0.25) | map_noise(attribute=CO(GT), percentage=0.10) | map_noise(attribute=PT08.S2(NMHC), percentage=0.10) | map_noise(attribute=AH, percentage=0.25) | map_noise(attribute=C6H6(GT), percentage=0.05) };7.41322e-01;1.00000e+00;Pipeline { map_noise(attribute=C6H6(GT), percentage=0.05) };7.52694e-01;8.26169e-01;Pipeline { map_noise(attribute=PT08.S2(NMHC), percentage=0.05) | map_noise(attribute=T, percentage=0.25) | map_noise(attribute=CO(GT), percentage=0.10) | map_noise(attribute=NOx(GT), percentage=0.10) | map_noise(attribute=AH, percentage=0.25) | map_noise(attribute=PT08.S5(O3), percentage=0.05) };7.41322e-01;1.00000e+00;Pipeline { map_noise(attribute=AH, percentage=0.05) }
datasets/airQuality_parallel.csv;nsga2;2;6;600;600;3.49600e+01;100;4;9;1.00000e+00;1.00000e+00;9.50000e-01;7.79264e-01;8.87816e-01;Pipeline { map_noise(attribute=PT08.S2(NMHC), percentage=0.05) | map_noise(attribute=T, percentage=0.25) | map_noise(attribute=CO(GT), percentage=0.10) | map_noise(attribute=PT08.S2(NMHC), percentage=0.10) | map_noise(attribute=AH, percentage=0.25) | map_noise(attribute=C6H6(GT), percentage=0.05) };7.41322e-01;1.00000e+00;Pipeline { map_noise(attribute=RH, percentage=0.01) | map_noise(attribute=T, percentage=0.10) | map_noise(attribute=PT08.S2(NMHC), percentage=0.01) };7.55978e-01;8.21861e-01;Pipeline { map_noise(attribute=PT08.S2(NMHC), percentage=0.05) | map_noise(attribute=T, percentage=0.25) | map_noise(attribute=CO(GT), percentage=0.10) | map_noise(attribute=NOx(GT), percentage=0.10) | map_noise(attribute=NOx(GT), percentage=0.01) | map_noise(attribute=PT08.S5(O3), percentage=0.05) };7.48781e-01;1.00000e+00;Pipeline { map_noise(attribute=NMHC(GT), percentage=0.10) | map_noise(attribute=NOx(GT), percentage=0.05) | map_noise(attribute=PT08.S4(NO2), percentage=0.10) }
datasets/airQuality_parallel.csv;nsga2;2;7;700;700;3.91700e+01;100;4;1;1.00000e+00;1.00000e+00;1.00000e+00;7.79264e-01;8.87816e-01;Pipeline { map_noise(attribute=PT08.S2(NMHC), percentage=0.05) | map_noise(attribute=T, percentage=0.25) | map_noise(attribute=CO(GT), percentage=0.10) | map_noise(attribute=PT08.S2(NMHC), percentage=0.10) | map_noise(attribute=AH, percentage=0.25) | map_noise(attribute=C6H6(GT), percentage=0.05) };7.43321e-01;1.00000e+00;Pipeline { map_noise(attribute=C6H6(GT), percentage=0.01) | map_noise(attribute=T, percentage=0.05) | map_noise(attribute=NO2(GT), percentage=0.01) };7.57062e-01;9.49204e-01;Pipeline { filter(PT08.S4(NO2) > 0.0817) | map_noise(attribute=PT08.S1(CO), percentage=0.10) | filter(PT08.S1(CO) > 0.0466) | filter(PT08.S3(NOx) > 8.6600) };7.50424e-01;1.00000e+00;Pipeline { map_noise(attribute=RH, percentage=0.05) | map_noise(attribute=NOx(GT), percentage=0.05) | map_noise(attribute=PT08.S4(NO2), percentage=0.10) }
datasets/airQuality_parallel.csv;nsga2;2;8;800;800;4.43490e+01;100;3;1;1.00000e+00;1.00000e+00;1.00000e+00;7.79264e-01;8.87816e-01;Pipeline { map_noise(attribute=PT08.S2(NMHC), percentage=0.05) | map_noise(attribute=T, percentage=0.25) | map_noise(attribute=CO(GT), percentage=0.10) | map_noise(attribute=PT08.S2(NMHC), percentage=0.10) | map_noise(attribute=AH, percentage=0.25) | map_noise(attribute=C6H6(GT), percentage=0.05) };7.45585e-01;1.00000e+00;Pipeline { map_noise(attribute=AH, percentage=0.05) | map_noise(attribute=NOx(GT), percentage=0.05) | map_noise(attribute=PT08.S4(NO2), percentage=0.10) };7.58610e-01;9.31528e-01;Pipeline { map_noise(attribute=NO2(GT), percentage=0.25) | filter(PT08.S1(CO) > 0.0451) };7.51075e-01;1.00000e+00;Pipeline { map_noise(attribute=RH, percentage=0.01) | map_noise(attribute=RH, percentage=0.25) | map_noise(attribute=AH, percentage=0.10) | map_noise(attribute=NOx(GT), percentage=0.10) | map_noise(attribute=NOx(GT), percentage=0.01) | map_noise(attribute=PT08.S5(O3), percentage=0.05) }
datasets/airQuality_parallel.csv;nsga2;2;9;900;900;5.06250e+01;100;3;1;1.00000e+00;1.00000e+00;1.00000e+00;7.79264e-01;8.87816e-01;Pipeline { map_noise(attribute=PT08.S2(NMHC), percentage=0.05) | map_noise(attribute=T, percentage=0.25) | map_noise(attribute=CO(GT), percentage=0.10) | map_noise(attribute=PT08.S2(NMHC), percentage=0.10) | map_noise(attribute=AH, percentage=0.25) | map_noise(attribute=C6H6(GT), percentage=0.05) };7.46072e-01;1.00000e+00;Pipeline { map_noise(attribute=NMHC(GT), percentage=0.05) | map_noise(attribute=NOx(GT), percentage=0.05) | map_noise(attribute=PT08.S2(NMHC), percentage=0.05) };7.59802e-01;9.49204e-01;Pipeline { filter(T < 1070000000.0000) | map_noise(attribute=PT08.S3(NOx), percentage=0.01) | map_noise(attribute=NOx(GT), percentage=0.25) };7.51334e-01;1.00000e+00;Pipeline { map_noise(attribute=PT08.S2(NMHC), percentage=0.01) | map_noise(attribute=T, percentage=0.25) | map_noise(attribute=AH, percentage=0.10) | map_noise(attribute=NOx(GT), percentage=0.10) | map_noise(attribute=NOx(GT), percentage=0.01) | map_noise(attribute=PT08.S5(O3), percentage=0.05) }
datasets/airQuality_parallel.csv;nsga2;2;10;1000;1000;5.50680e+01;100;3;5;1.00000e+00;1.00000e+00;1.00000e+00;7.79264e-01;8.87816e-01;Pipeline { map_noise(attribute=PT08.S2(NMHC), percentage=0.05) | map_noise(attribute=T, percentage=0.25) | map_noise(attribute=CO(GT), percentage=0.10) | map_noise(attribute=PT08.S2(NMHC), percentage=0.10) | map_noise(attribute=AH, percentage=0.25) | map_noise(attribute=C6H6(GT), percentage=0.05) };7.47391e-01;1.00000e+00;Pipeline { map_noise(attribute=NMHC(GT), percentage=0.05) | map_noise(attribute=NOx(GT), percentage=0.05) | map_noise(attribute=C6H6(GT), percentage=0.05) };7.60020e-01;9.49204e-01;Pipeline { filter(T < 618000.0000) | map_noise(attribute=PT08.S3(NOx), percentage=0.01) | map_noise(attribute=NOx(GT), percentage=0.25) };7.52434e-01;1.00000e+00;Pipeline { map_noise(attribute=PT08.S2(NMHC), percentage=0.05) | map_noise(attribute=NMHC(GT), percentage=0.25) | map_noise(attribute=AH, percentage=0.10) | map_noise(attribute=NOx(GT), percentage=0.10) | map_noise(attribute=NOx(GT), percentage=0.01) | map_noise(attribute=PT08.S5(O3), percentage=0.05) }
datasets/airQuality_parallel.csv;nsga2;2;11;1100;1100;6.10260e+01;100;4;4;1.00000e+00;1.00000e+00;1.00000e+00;7.79264e-01;8.87816e-01;Pipeline { map_noise(attribute=PT08.S2(NMHC), percentage=0.05) | map_noise(attribute=T, percentage=0.25) | map_noise(attribute=CO(GT), percentage=0.10) | map_noise(attribute=PT08.S2(NMHC), percentage=0.10) | map_noise(attribute=AH, percentage=0.25) | map_noise(attribute=C6H6(GT), percentage=0.05) };7.47753e-01;1.00000e+00;Pipeline { map_noise(attribute=PT08.S3(NOx), percentage=0.05) | map_noise(attribute=T, percentage=0.25) | map_noise(attribute=AH, percentage=0.10) | map_noise(attribute=NOx(GT), percentage=0.10) | map_noise(attribute=NOx(GT), percentage=0.01) | map_noise(attribute=AH, percentage=0.25) };7.60673e-01;8.31656e-01;Pipeline { map_noise(attribute=PT08.S2(NMHC), percentage=0.05) | map_noise(attribute=T, percentage=0.25) | map_noise(attribute=CO(GT), percentage=0.10) | map_noise(attribute=NOx(GT), percentage=0.10) | map_noise(attribute=AH, percentage=0.25) | map_noise(attribute=C6H6(GT), percentage=0.05) };7.52434e-01;1.00000e+00;Pipeline { map_noise(attribute=PT08.S2(NMHC), percentage=0.05) | map_noise(attribute=NMHC(GT), percentage=0.25) | map_noise(attribute=AH, percentage=0.10) | map_noise(attribute=NOx(GT), percentage=0.10) | map_noise(attribute=NOx(GT), percentage=0.01) | map_noise(attribute=PT08.S5(O3), percentage=0.05) }
datasets/airQuality_parallel.csv;nsga2;2;12;1200;1200;6.57490e+01;100;4;2;1.00000e+00;1.00000e+00;1.00000e+00;7.79264e-01;8.87816e-01;Pipeline { map_noise(attribute=PT08.S2(NMHC), percentage=0.05) | map_noise(attribute=T, percentage=0.25) | map_noise(attribute=CO(GT), percentage=0.10) | map_noise(attribute=PT08.S2(NMHC), percentage=0.10) | map_noise(attribute=AH, percentage=0.25) | map_noise(attribute=C6H6(GT), percentage=0.05) };7.48622e-01;1.00000e+00;Pipeline { map_noise(attribute=PT08.S2(NMHC), percentage=0.05) | map_noise(attribute=PT08.S4(NO2), percentage=0.25) | map_noise(attribute=NMHC(GT), percentage=0.10) | map_noise(attribute=NOx(GT), percentage=0.10) | map_noise(attribute=AH, percentage=0.25) | map_noise(attribute=AH, percentage=0.10) };7.61225e-01;9.49204e-01;Pipeline { filter(T < 6000000.0000) | map_noise(attribute=PT08.S2(NMHC), percentage=0.10) | map_noise(attribute=PT08.S1(CO), percentage=0.05) };7.52983e-01;1.00000e+00;Pipeline { map_noise(attribute=PT08.S2(NMHC), percentage=0.05) | map_noise(attribute=C6H6(GT), percentage=0.10) | map_noise(attribute=PT08.S4(NO2), percentage=0.10) | map_noise(attribute=NOx(GT), percentage=0.10) | map_noise(attribute=AH, percentage=0.25) | map_noise(attribute=AH, percentage=0.10) }
datasets/airQuality_parallel.csv;nsga2;2;13;1300;1300;7.42930e+01;100;2;1;1.00000e+00;1.00000e+00;1.00000e+00;7.79264e-01;8.87816e-01;Pipeline { map_noise(attribute=PT08.S2(NMHC), percentage=0.05) | map_noise(attribute=T, percentage=0.25) | map_noise(attribute=CO(GT), percentage=0.10) | map_noise(attribute=PT08.S2(NMHC), percentage=0.10) | map_noise(attribute=AH, percentage=0.25) | map_noise(attribute=C6H6(GT), percentage=0.05) };7.48909e-01;1.00000e+00;Pipeline { map_noise(attribute=RH, percentage=0.25) | map_noise(attribute=T, percentage=0.25) | map_noise(attribute=PT08.S2(NMHC), percentage=0.05) | map_noise(attribute=NOx(GT), percentage=0.10) | map_noise(attribute=NOx(GT), percentage=0.01) | map_noise(attribute=PT08.S5(O3), percentage=0.05) };7.61944e-01;8.89063e-01;Pipeline { map_noise(attribute=PT08.S2(NMHC), percentage=0.05) | map_noise(attribute=T, percentage=0.01) | map_noise(attribute=CO(GT), percentage=0.10) | map_noise(attribute=NOx(GT), percentage=0.10) | map_noise(attribute=AH, percentage=0.25) | map_noise(attribute=PT08.S4(NO2), percentage=0.10) };7.53064e-01;1.00000e+00;Pipeline { map_noise(attribute=PT08.S2(NMHC), percentage=0.01) | map_noise(attribute=RH, percentage=0.25) | map_noise(attribute=AH, percentage=0.05) | map_noise(attribute=NOx(GT), percentage=0.10) | map_noise(attribute=NOx(GT), percentage=0.01) | map_noise(attribute=PT08.S5(O3), percentage=0.05) }
datasets/airQuality_parallel.csv;nsga2;2;14;1400;1400;7.99030e+01;100;3;2;1.00000e+00;1.00000e+00;1.00000e+00;7.79264e-01;8.87816e-01;Pipeline { map_noise(attribute=PT08.S2(NMHC), percentage=0.05) | map_noise(attribute=T, percentage=0.25) | map_noise(attribute=CO(GT), percentage=0.10) | map_noise(attribute=PT08.S2(NMHC), percentage=0.10) | map_noise(attribute=AH, percentage=0.25) | map_noise(attribute=C6H6(GT), percentage=0.05) };7.49050e-01;1.00000e+00;Pipeline { map_noise(attribute=PT08.S1(CO), percentage=0.01) | map_noise(attribute=NOx(GT), percentage=0.05) | map_noise(attribute=C6H6(GT), percentage=0.05) };7.62512e-01;9.49204e-01;Pipeline { filter(T < 947000000.0000) | map_noise(attribute=PT08.S2(NMHC), percentage=0.10) | map_noise(attribute=PT08.S1(CO), percentage=0.10) };7.53064e-01;1.00000e+00;Pipeline { map_noise(attribute=PT08.S2(NMHC), percentage=0.01) | map_noise(attribute=RH, percentage=0.25) | map_noise(attribute=AH, percentage=0.05) | map_noise(attribute=NOx(GT), percentage=0.10) | map_noise(attribute=NOx(GT), percentage=0.01) | map_noise(attribute=PT08.S5(O3), percentage=0.05) }
datasets/airQuality_parallel.csv;nsga2;2;15;1500;1500;8.49610e+01;100;3;1;1.00000e+00;1.00000e+00;1.00000e+00;7.79264e-01;8.87816e-01;Pipeline { map_noise(attribute=PT08.S2(NMHC), percentage=0.05) | map_noise(attribute=T, percentage=0.25) | map_noise(attribute=CO(GT), percentage=0.10) | map_noise(attribute=PT08.S2(NMHC), percentage=0.10) | map_noise(attribute=AH, percentage=0.25) | map_noise(attribute=C6H6(GT), percentage=0.05) };7.49852e-01;1.00000e+00;Pipeline { map_noise(attribute=PT08.S2(NMHC), percentage=0.05) | map_noise(attribute=T, percentage=0.25) | map_noise(attribute=PT08.S4(NO2), percentage=0.10) | map_noise(attribute=NOx(GT), percentage=0.10) | map_noise(attribute=AH, percentage=0.25) | map_noise(attribute=PT08.S4(NO2), percentage=0.01) };7.63050e-01;9.49204e-01;Pipeline { filter(PT08.S4(NO2) > 0.0817) | map_noise(attribute=PT08.S1(CO), percentage=0.10) | filter(PT08.S1(CO) > 0.0426) | filter(PT08.S3(NOx) > 8.6600) };7.55249e-01;1.00000e+00;Pipeline { map_noise(attribute=PT08.S2(NMHC), percentage=0.05) | map_noise(attribute=PT08.S4(NO2), percentage=0.25) | map_noise(attribute=NMHC(GT), percentage=0.01) | map_noise(attribute=NOx(GT), percentage=0.10) | map_noise(attribute=AH, percentage=0.25) | map_noise(attribute=AH, percentage=0.10) }
datasets/airQuality_parallel.csv;nsga2;2;16;1600;1600;9.01030e+01;100;3;2;1.00000e+00;1.00000e+00;1.00000e+00;7.79264e-01;8.87816e-01;Pipeline { map_noise(attribute=PT08.S2(NMHC), percentage=0.05) | map_noise(attribute=T, percentage=0.25) | map_noise(attribute=CO(GT), percentage=0.10) | map_noise(attribute=PT08.S2(NMHC), percentage=0.10) | map_noise(attribute=AH, percentage=0.25) | map_noise(attribute=C6H6(GT), percentage=0.05) };7.50297e-01;1.00000e+00;Pipeline { map_noise(attribute=PT08.S1(CO), percentage=0.01) | map_noise(attribute=NOx(GT), percentage=0.05) | map_noise(attribute=PT08.S2(NMHC), percentage=0.10) };7.63258e-01;9.49204e-01;Pipeline { filter(T < 8070000000.0000) | map_noise(attribute=PT08.S2(NMHC), percentage=0.10) | map_noise(attribute=NOx(GT), percentage=0.25) };7.56081e-01;1.00000e+00;Pipeline { map_noise(attribute=PT08.S2(NMHC), percentage=0.05) | map_noise(attribute=PT08.S3(NOx), percentage=0.25) | map_noise(attribute=AH, percentage=0.10) | map_noise(attribute=NOx(GT), percentage=0.10) | map_noise(attribute=NOx(GT), percentage=0.01) | map_noise(attribute=PT08.S5(O3), percentage=0.05) }
datasets/airQuality_parallel.csv;nsga2;2;17;1700;1700;9.55940e+01;100;3;2;1.00000e+00;1.00000e+00;1.00000e+00;7.79264e-01;8.87816e-01;Pipeline { map_noise(attribute=PT08.S2(NMHC), percentage=0.05) | map_noise(attribute=T, percentage=0.25) | map_noise(attribute=CO(GT), percentage=0.10) | map_noise(attribute=PT08.S2(NMHC), percentage=0.10) | map_noise(attribute=AH, percentage=0.25) | map_noise(attribute=C6H6(GT), percentage=0.05) };7.50466e-01;1.00000e+00;Pipeline { map_noise(attribute=PT08.S2(NMHC), percentage=0.05) | map_noise(attribute=NMHC(GT), percentage=0.25) | map_noise(attribute=AH, percentage=0.10) | map_noise(attribute=NOx(GT), percentage=0.10) | map_noise(attribute=NOx(GT), percentage=0.01) | map_noise(attribute=PT08.S1(CO), percentage=0.05) };7.63258e-01;9.49204e-01;Pipeline { filter(T < 8070000000.0000) | map_noise(attribute=PT08.S2(NMHC), percentage=0.10) | map_noise(attribute=NOx(GT), percentage=0.25) };7.56337e-01;1.00000e+00;Pipeline { map_noise(attribute=PT08.S3(NOx), percentage=0.25) | map_noise(attribute=PT08.S4(NO2), percentage=0.25) | map_noise(attribute=NMHC(GT), percentage=0.01) | map_noise(attribute=NOx(GT), percentage=0.10) | map_noise(attribute=PT08.S4(NO2), percentage=0.10) | map_noise(attribute=NO2(GT), percentage=0.10) }
datasets/airQuality_parallel.csv;nsga2;2;18;1800;1800;1.00511e+02;100;3;3;1.00000e+00;1.00000e+00;1.00000e+00;7.79264e-01;8.87816e-01;Pipeline { map_noise(attribute=PT08.S2(NMHC), percentage=0.05) | map_noise(attribute=T, percentage=0.25) | map_noise(attribute=CO(GT), percentage=0.10) | map_noise(attribute=PT08.S2(NMHC), percentage=0.10) | map_noise(attribute=AH, percentage=0.25) | map_noise(attribute=C6H6(GT), percentage=0.05) };7.51182e-01;1.00000e+00;Pipeline { map_noise(attribute=PT08.S2(NMHC), percentage=0.05) | map_noise(attribute=T, percentage=0.25) | map_noise(attribute=AH, percentage=0.10) | map_noise(attribute=NOx(GT), percentage=0.10) | map_noise(attribute=NOx(GT), percentage=0.01) | map_noise(attribute=PT08.S5(O3), percentage=0.25) };7.63718e-01;9.87750e-01;Pipeline { map_noise(attribute=PT08.S2(NMHC), percentage=0.05) | map_noise(attribute=PT08.S4(NO2), percentage=0.25) | map_noise(attribute=NMHC(GT), percentage=0.01) | map_noise(attribute=NOx(GT), percentage=0.10) | map_noise(attribute=AH, percentage=0.25) | map_noise(attribute=NO2(GT), percentage=0.10) };7.56337e-01;1.00000e+00;Pipeline { map_noise(attribute=PT08.S3(NOx), percentage=0.25) | map_noise(attribute=PT08.S4(NO2), percentage=0.25) | map_noise(attribute=NMHC(GT), percentage=0.01) | map_noise(attribute=NOx(GT), percentage=0.10) | map_noise(attribute=PT08.S4(NO2), percentage=0.10) | map_noise(attribute=NO2(GT), percentage=0.10) }
datasets/airQuality_parallel.csv;nsga2;2;19;1900;1900;1.06025e+02;100;3;2;1.00000e+00;1.00000e+00;1.00000e+00;7.79264e-01;8.87816e-01;Pipeline { map_noise(attribute=PT08.S2(NMHC), percentage=0.05) | map_noise(attribute=T, percentage=0.25) | map_noise(attribute=CO(GT), percentage=0.10) | map_noise(attribute=PT08.S2(NMHC), percentage=0.10) | map_noise(attribute=AH, percentage=0.25) | map_noise(attribute=C6H6(GT), percentage=0.05) };7.51424e-01;1.00000e+00;Pipeline { map_noise(attribute=PT08.S3(NOx), percentage=0.05) | map_noise(attribute=T, percentage=0.25) | map_noise(attribute=AH, percentage=0.10) | map_noise(attribute=NOx(GT), percentage=0.10) | map_noise(attribute=NOx(GT), percentage=0.01) | map_noise(attribute=PT08.S5(O3), percentage=0.05) };7.63718e-01;9.87750e-01;Pipeline { map_noise(attribute=PT08.S2(NMHC), percentage=0.05) | map_noise(attribute=PT08.S4(NO2), percentage=0.25) | map_noise(attribute=NMHC(GT), percentage=0.01) | map_noise(attribute=NOx(GT), percentage=0.10) | map_noise(attribute=AH, percentage=0.25) | map_noise(attribute=NO2(GT), percentage=0.10) };7.56337e-01;1.00000e+00;Pipeline { map_noise(attribute=PT08.S3(NOx), percentage=0.25) | map_noise(attribute=PT08.S4(NO2), percentage=0.25) | map_noise(attribute=NMHC(GT), percentage=0.01) | map_noise(attribute=NOx(GT), percentage=0.10) | map_noise(attribute=PT08.S4(NO2), percentage=0.10) | map_noise(attribute=NO2(GT), percentage=0.10) }
datasets/airQuality_parallel.csv;nsga2;2;20;2000;2000;1.10817e+02;100;2;1;1.00000e+00;1.00000e+00;1.00000e+00;7.79264e-01;8.87816e-01;Pipeline { map_noise(attribute=PT08.S2(NMHC), percentage=0.05) | map_noise(attribute=T, percentage=0.25) | map_noise(attribute=CO(GT), percentage=0.10) | map_noise(attribute=PT08.S2(NMHC), percentage=0.10) | map_noise(attribute=AH, percentage=0.25) | map_noise(attribute=C6H6(GT), percentage=0.05) };7.52042e-01;1.00000e+00;Pipeline { map_noise(attribute=T, percentage=0.01) | map_noise(attribute=RH, percentage=0.25) | map_noise(attribute=AH, percentage=0.10) | map_noise(attribute=NOx(GT), percentage=0.10) | map_noise(attribute=NOx(GT), percentage=0.01) | map_noise(attribute=PT08.S5(O3), percentage=0.05) };7.64242e-01;7.41273e-01;Pipeline { map_noise(attribute=CO(GT), percentage=0.25) };7.56702e-01;1.00000e+00;Pipeline { map_noise(attribute=PT08.S2(NMHC), percentage=0.05) | map_noise(attribute=PT08.S2(NMHC), percentage=0.25) | map_noise(attribute=AH, percentage=0.10) | map_noise(attribute=NOx(GT), percentage=0.10) | map_noise(attribute=NOx(GT), percentage=0.01) | map_noise(attribute=PT08.S5(O3), percentage=0.05) }
datasets/airQuality_parallel.csv;nsga2;2;21;2100;2100;1.16997e+02;100;2;1;1.00000e+00;1.00000e+00;1.00000e+00;7.79264e-01;8.87816e-01;Pipeline { map_noise(attribute=PT08.S2(NMHC), percentage=0.05) | map_noise(attribute=T, percentage=0.25) | map_noise(attribute=CO(GT), percentage=0.10) | map_noise(attribute=PT08.S2(NMHC), percentage=0.10) | map_noise(attribute=AH, percentage=0.25) | map_noise(attribute=C6H6(GT), percentage=0.05) };7.52434e-01;1.00000e+00;Pipeline { map_noise(attribute=PT08.S2(NMHC), percentage=0.05) | map_noise(attribute=NMHC(GT), percentage=0.25) | map_noise(attribute=AH, percentage=0.10) | map_noise(attribute=NOx(GT), percentage=0.10) | map_noise(attribute=NOx(GT), percentage=0.01) | map_noise(attribute=PT08.S5(O3), percentage=0.05) };7.64242e-01;7.41273e-01;Pipeline { map_noise(attribute=CO(GT), percentage=0.25) };7.58909e-01;1.00000e+00;Pipeline { map_noise(attribute=PT08.S2(NMHC), percentage=0.01) | map_noise(attribute=PT08.S3(NOx), percentage=0.05) | map_noise(attribute=AH, percentage=0.01) | map_noise(attribute=NOx(GT), percentage=0.10) | map_noise(attribute=NOx(GT), percentage=0.10) | map_noise(attribute=PT08.S5(O3), percentage=0.05) }
datasets/airQuality_parallel.csv;nsga2;2;22;2200;2200;1.21924e+02;100;2;2;1.00000e+00;1.00000e+00;1.00000e+00;7.79264e-01;8.87816e-01;Pipeline { map_noise(attribute=PT08.S2(NMHC), percentage=0.05) | map_noise(attribute=T, percentage=0.25) | map_noise(attribute=CO(GT), percentage=0.10) | map_noise(attribute=PT08.S2(NMHC), percentage=0.10) | map_noise(attribute=AH, percentage=0.25) | map_noise(attribute=C6H6(GT), percentage=0.05) };7.52758e-01;1.00000e+00;Pipeline { map_noise(attribute=PT08.S2(NMHC), percentage=0.01) | map_noise(attribute=RH, percentage=0.25) | map_noise(attribute=AH, percentage=0.10) | map_noise(attribute=NOx(GT), percentage=0.10) | map_noise(attribute=NOx(GT), percentage=0.01) | map_noise(attribute=PT08.S5(O3), percentage=0.05) };7.64496e-01;9.49204e-01;Pipeline { filter(T < 1070000000.0000) | map_noise(attribute=PT08.S2(NMHC), percentage=0.10) | map_noise(attribute=PT08.S3(NOx), percentage=0.25) };7.59779e-01;1.00000e+00;Pipeline { map_noise(attribute=PT08.S2(NMHC), percentage=0.01) | map_noise(attribute=PT08.S5(O3), percentage=0.25) | map_noise(attribute=AH, percentage=0.10) | map_noise(attribute=NOx(GT), percentage=0.10) | map_noise(attribute=NOx(GT), percentage=0.10) | map_noise(attribute=PT08.S1(CO), percentage=0.05) }
datasets/airQuality_parallel.csv;nsga2;2;23;2300;2300;1.29923e+02;100;2;1;1.00000e+00;1.00000e+00;1.00000e+00;7.79264e-01;8.87816e-01;Pipeline { map_noise(attribute=PT08.S2(NMHC), percentage=0.05) | map_noise(attribute=T, percentage=0.25) | map_noise(attribute=CO(GT), percentage=0.10) | map_noise(attribute=PT08.S2(NMHC), percentage=0.10) | map_noise(attribute=AH, percentage=0.25) | map_noise(attribute=C6H6(GT), percentage=0.05) };7.52980e-01;1.00000e+00;Pipeline { map_noise(attribute=PT08.S2(NMHC), percentage=0.01) | map_noise(attribute=PT08.S5(O3), percentage=0.05) | map_noise(attribute=AH, percentage=0.05) | map_noise(attribute=NOx(GT), percentage=0.10) | map_noise(attribute=NOx(GT), percentage=0.01) | map_noise(attribute=PT08.S5(O3), percentage=0.05) };7.64717e-01;9.36353e-01;Pipeline { map_noise(attribute=PT08.S1(CO), percentage=0.05) | map_noise(attribute=T, percentage=0.25) | map_noise(attribute=CO(GT), percentage=0.10) | map_noise(attribute=NOx(GT), percentage=0.10) | map_noise(attribute=NOx(GT), percentage=0.01) | map_noise(attribute=NOx(GT), percentage=0.10) };7.60390e-01;1.00000e+00;Pipeline { map_noise(attribute=NOx(GT), percentage=0.01) | map_noise(attribute=PT08.S4(NO2), percentage=0.25) | map_noise(attribute=NMHC(GT), percentage=0.01) | map_noise(attribute=NOx(GT), percentage=0.10) | map_noise(attribute=AH, percentage=0.25) | map_noise(attribute=AH, percentage=0.01) }
datasets/airQuality_parallel.csv;nsga2;2;24;2400;2400;1.35447e+02;100;2;1;1.00000e+00;1.00000e+00;1.00000e+00;7.79264e-01;8.87816e-01;Pipeline { map_noise(attribute=PT08.S2(NMHC), percentage=0.05) | map_noise(attribute=T, percentage=0.25) | map_noise(attribute=CO(GT), percentage=0.10) | map_noise(attribute=PT08.S2(NMHC), percentage=0.10) | map_noise(attribute=AH, percentage=0.25) | map_noise(attribute=C6H6(GT), percentage=0.05) };7.53055e-01;1.00000e+00;Pipeline { map_noise(attribute=PT08.S2(NMHC), percentage=0.01) | map_noise(attribute=PT08.S3(NOx), percentage=0.25) | map_noise(attribute=AH, percentage=0.10) | map_noise(attribute=NOx(GT), percentage=0.10) | map_noise(attribute=NOx(GT), percentage=0.01) | map_noise(attribute=PT08.S5(O3), percentage=0.05) };7.64961e-01;9.18422e-01;Pipeline { map_noise(attribute=PT08.S2(NMHC), percentage=0.01) | map_noise(attribute=RH, percentage=0.01) | map_noise(attribute=CO(GT), percentage=0.10) | map_noise(attribute=NOx(GT), percentage=0.10) | map_noise(attribute=NOx(GT), percentage=0.01) | map_noise(attribute=T, percentage=0.05) };7.60390e-01;1.00000e+00;Pipeline { map_noise(attribute=NOx(GT), percentage=0.01) | map_noise(attribute=PT08.S4(NO2), percentage=0.25) | map_noise(attribute=NMHC(GT), percentage=0.01) | map_noise(attribute=NOx(GT), percentage=0.10) | map_noise(attribute=AH, percentage=0.25) | map_noise(attribute=AH, percentage=0.01) }
datasets/airQuality_parallel.csv;nsga2;2;25;2500;2500;1.40279e+02;100;2;1;1.00000e+00;1.00000e+00;1.00000e+00;7.79264e-01;8.87816e-01;Pipeline { map_noise(attribute=PT08.S2(NMHC), percentage=0.05) | map_noise(attribute=T, percentage=0.25) | map_noise(attribute=CO(GT), percentage=0.10) | map_noise(attribute=PT08.S2(NMHC), percentage=0.10) | map_noise(attribute=AH, percentage=0.25) | map_noise(attribute=C6H6(GT), percentage=0.05) };7.53064e-01;1.00000e+00;Pipeline { map_noise(attribute=PT08.S2(NMHC), percentage=0.01) | map_noise(attribute=RH, percentage=0.25) | map_noise(attribute=AH, percentage=0.05) | map_noise(attribute=NOx(GT), percentage=0.10) | map_noise(attribute=NOx(GT), percentage=0.01) | map_noise(attribute=PT08.S5(O3), percentage=0.05) };7.65517e-01;8.81821e-01;Pipeline { map_noise(attribute=PT08.S2(NMHC), percentage=0.05) | map_noise(attribute=PT08.S4(NO2), percentage=0.25) | map_noise(attribute=CO(GT), percentage=0.10) | map_noise(attribute=NOx(GT), percentage=0.10) | filter(PT08.S4(NO2) < 3010000000.0000) };7.61085e-01;1.00000e+00;Pipeline { map_noise(attribute=PT08.S2(NMHC), percentage=0.05) | map_noise(attribute=T, percentage=0.25) | map_noise(attribute=AH, percentage=0.10) | map_noise(attribute=NOx(GT), percentage=0.10) | map_noise(attribute=NOx(GT), percentage=0.01) | map_noise(attribute=PT08.S5(O3), percentage=0.05) }
datasets/airQuality_parallel.csv;nsga2;2;26;2600;2600;1.47876e+02;100;2;3;1.00000e+00;1.00000e+00;1.00000e+00;7.79264e-01;8.87816e-01;Pipeline { map_noise(attribute=PT08.S2(NMHC), percentage=0.05) | map_noise(attribute=T, percentage=0.25) | map_noise(attribute=CO(GT), percentage=0.10) | map_noise(attribute=PT08.S2(NMHC), percentage=0.10) | map_noise(attribute=AH, percentage=0.25) | map_noise(attribute=C6H6(GT), percentage=0.05) };7.53487e-01;1.00000e+00;Pipeline { map_noise(attribute=NO2(GT), percentage=0.01) | map_noise(attribute=RH, percentage=0.25) | map_noise(attribute=AH, percentage=0.25) | map_noise(attribute=NOx(GT), percentage=0.10) | map_noise(attribute=RH, percentage=0.10) | map_noise(attribute=PT08.S4(NO2), percentage=0.05) };7.65556e-01;9.49204e-01;Pipeline { filter(PT08.S4(NO2) > 0.0818) | map_noise(attribute=PT08.S1(CO), percentage=0.10) | filter(PT08.S1(CO) > 0.0486) | filter(PT08.S3(NOx) > 0.0087) };7.60390e-01;1.00000e+00;Pipeline { map_noise(attribute=NOx(GT), percentage=0.01) | map_noise(attribute=PT08.S4(NO2), percentage=0.25) | map_noise(attribute=NMHC(GT), percentage=0.01) | map_noise(attribute=NOx(GT), percentage=0.10) | map_noise(attribute=AH, percentage=0.25) | map_noise(attribute=AH, percentage=0.01) }
datasets/airQuality_parallel.csv;nsga2;2;27;2700;2700;1.57335e+02;100;2;4;1.00000e+00;1.00000e+00;1.00000e+00;7.79264e-01;8.87816e-01;Pipeline { map_noise(attribute=PT08.S2(NMHC), percentage=0.05) | map_noise(attribute=T, percentage=0.25) | map_noise(attribute=CO(GT), percentage=0.10) | map_noise(attribute=PT08.S2(NMHC), percentage=0.10) | map_noise(attribute=AH, percentage=0.25) | map_noise(attribute=C6H6(GT), percentage=0.05) };7.53661e-01;1.00000e+00;Pipeline { map_noise(attribute=NO2(GT), percentage=0.05) | map_noise(attribute=PT08.S2(NMHC), percentage=0.01) | map_noise(attribute=NO2(GT), percentage=0.01) };7.65602e-01;8.83944e-01;Pipeline { map_noise(attribute=PT08.S2(NMHC), percentage=0.05) | map_noise(attribute=PT08.S4(NO2), percentage=0.25) | map_noise(attribute=CO(GT), percentage=0.10) | map_noise(attribute=NOx(GT), percentage=0.10) | map_noise(attribute=AH, percentage=0.25) | map_noise(attribute=AH, percentage=0.10) };7.60390e-01;1.00000e+00;Pipeline { map_noise(attribute=NOx(GT), percentage=0.01) | map_noise(attribute=PT08.S4(NO2), percentage=0.25) | map_noise(attribute=NMHC(GT), percentage=0.01) | map_noise(attribute=NOx(GT), percentage=0.10) | map_noise(attribute=AH, percentage=0.25) | map_noise(attribute=AH, percentage=0.01) }
datasets/airQuality_parallel.csv;nsga2;2;28;2800;2800;1.62344e+02;100;3;1;1.00000e+00;1.00000e+00;1.00000e+00;7.79264e-01;8.87816e-01;Pipeline { map_noise(attribute=PT08.S2(NMHC), percentage=0.05) | map_noise(attribute=T, percentage=0.25) | map_noise(attribute=CO(GT), percentage=0.10) | map_noise(attribute=PT08.S2(NMHC), percentage=0.10) | map_noise(attribute=AH, percentage=0.25) | map_noise(attribute=C6H6(GT), percentage=0.05) };7.54226e-01;1.00000e+00;Pipeline { map_noise(attribute=PT08.S2(NMHC), percentage=0.05) | map_noise(attribute=PT08.S4(NO2), percentage=0.25) | map_noise(attribute=NMHC(GT), percentage=0.01) | map_noise(attribute=NOx(GT), percentage=0.10) | map_noise(attribute=AH, percentage=0.25) | map_noise(attribute=AH, percentage=0.01) };7.65750e-01;9.49204e-01;Pipeline { filter(T < 76000000.0000) | map_noise(attribute=PT08.S2(NMHC), percentage=0.10) | map_noise(attribute=PT08.S4(NO2), percentage=0.25) };7.59779e-01;1.00000e+00;Pipeline { map_noise(attribute=PT08.S2(NMHC), percentage=0.01) | map_noise(attribute=PT08.S5(O3), percentage=0.25) | map_noise(attribute=AH, percentage=0.10) | map_noise(attribute=NOx(GT), percentage=0.10) | map_noise(attribute=NOx(GT), percentage=0.10) | map_noise(attribute=PT08.S1(CO), percentage=0.05) }
datasets/airQuality_parallel.csv;nsga2;2;29;2900;2900;1.68784e+02;100;3;2;1.00000e+00;1.00000e+00;1.00000e+00;7.79264e-01;8.87816e-01;Pipeline { map_noise(attribute=PT08.S2(NMHC), percentage=0.05) | map_noise(attribute=T, percentage=0.25) | map_noise(attribute=CO(GT), percentage=0.10) | map_noise(attribute=PT08.S2(NMHC), percentage=0.10) | map_noise(attribute=AH, percentage=0.25) | map_noise(attribute=C6H6(GT), percentage=0.05) };7.54856e-01;1.00000e+00;Pipeline { map_noise(attribute=PT08.S2(NMHC), percentage=0.01) | map_noise(attribute=RH, percentage=0.25) | map_noise(attribute=AH, percentage=0.10) | map_noise(attribute=C6H6(GT), percentage=0.10) | map_noise(attribute=NOx(GT), percentage=0.10) | map_noise(attribute=PT08.S5(O3), percentage=0.05) };7.65856e-01;9.47584e-01;Pipeline { map_noise(attribute=PT08.S1(CO), percentage=0.01) | map_noise(attribute=RH, percentage=0.25) | map_noise(attribute=AH, percentage=0.10) | map_noise(attribute=NOx(GT), percentage=0.10) | filter(RH > 0.0620) };7.60390e-01;1.00000e+00;Pipeline { map_noise(attribute=NOx(GT), percentage=0.01) | map_noise(attribute=PT08.S4(NO2), percentage=0.25) | map_noise(attribute=NMHC(GT), percentage=0.01) | map_noise(attribute=NOx(GT), percentage=0.10) | map_noise(attribute=AH, percentage=0.25) | map_noise(attribute=AH, percentage=0.01) }
datasets/airQuality_parallel.csv;nsga2;2;30;3000;3000;1.75562e+02;100;3;1;1.00000e+00;1.00000e+00;1.00000e+00;7.79264e-01;8.87816e-01;Pipeline { map_noise(attribute=PT08.S2(NMHC), percentage=0.05) | map_noise(attribute=T, percentage=0.25) | map_noise(attribute=CO(GT), percentage=0.10) | map_noise(attribute=PT08.S2(NMHC), percentage=0.10) | map_noise(attribute=AH, percentage=0.25) | map_noise(attribute=C6H6(GT), percentage=0.05) };7.54964e-01;1.00000e+00;Pipeline { map_noise(attribute=T, percentage=0.25) | map_noise(attribute=PT08.S4(NO2), percentage=0.25) | map_noise(attribute=NMHC(GT), percentage=0.01) | map_noise(attribute=NOx(GT), percentage=0.10) | map_noise(attribute=AH, percentage=0.25) | map_noise(attribute=AH, percentage=0.01) };7.66378e-01;9.49204e-01;Pipeline { filter(PT08.S4(NO2) > 0.0818) | map_noise(attribute=PT08.S1(CO), percentage=0.10) | filter(PT08.S1(CO) > 0.0426) | filter(PT08.S3(NOx) > 0.0087) };7.61085e-01;1.00000e+00;Pipeline { map_noise(attribute=PT08.S2(NMHC), percentage=0.05) | map_noise(attribute=T, percentage=0.25) | map_noise(attribute=AH, percentage=0.10) | map_noise(attribute=NOx(GT), percentage=0.10) | map_noise(attribute=NOx(GT), percentage=0.01) | map_noise(attribute=PT08.S5(O3), percentage=0.05) }
datasets/airQuality_parallel.csv;nsga2;2;31;3100;3100;1.81423e+02;100;3;1;1.00000e+00;1.00000e+00;1.00000e+00;7.79264e-01;8.87816e-01;Pipeline { map_noise(attribute=PT08.S2(NMHC), percentage=0.05) | map_noise(attribute=T, percentage=0.25) | map_noise(attribute=CO(GT), percentage=0.10) | map_noise(attribute=PT08.S2(NMHC), percentage=0.10) | map_noise(attribute=AH, percentage=0.25) | map_noise(attribute=C6H6(GT), percentage=0.05) };7.55249e-01;1.00000e+00;Pipeline { map_noise(attribute=PT08.S2(NMHC), percentage=0.05) | map_noise(attribute=PT08.S4(NO2), percentage=0.25) | map_noise(attribute=NMHC(GT), percentage=0.01) | map_noise(attribute=NOx(GT), percentage=0.10) | map_noise(attribute=AH, percentage=0.25) | map_noise(attribute=AH, percentage=0.10) };7.66378e-01;9.49204e-01;Pipeline { filter(PT08.S4(NO2) > 0.0818) | map_noise(attribute=PT08.S1(CO), percentage=0.10) | filter(PT08.S1(CO) > 0.0426) | filter(PT08.S3(NOx) > 0.0087) };7.61170e-01;1.00000e+00;Pipeline { map_noise(attribute=PT08.S2(NMHC), percentage=0.01) | map_noise(attribute=RH, percentage=0.25) | map_noise(attribute=AH, percentage=0.10) | map_noise(attribute=NOx(GT), percentage=0.10) | map_noise(attribute=NOx(GT), percentage=0.10) | map_noise(attribute=PT08.S5(O3), percentage=0.05) }
datasets/airQuality_parallel.csv;nsga2;2;32;3200;3200;1.88187e+02;100;3;2;1.00000e+00;1.00000e+00;1.00000e+00;7.80987e-01;9.08307e-01;Pipeline { map_noise(attribute=NO2(GT), percentage=0.25) | filter(PT08.S3(NOx) > 0.2700) | map_noise(attribute=PT08.S4(NO2), percentage=0.25) | map_duplicate(probability=0.30) | filter(CO(GT) < 32000000.0000) | map_noise(attribute=PT08.S5(O3), percentage=0.10) };7.55251e-01;1.00000e+00;Pipeline { map_noise(attribute=PT08.S2(NMHC), percentage=0.01) | map_noise(attribute=RH, percentage=0.25) | map_noise(attribute=RH, percentage=0.10) | map_noise(attribute=NOx(GT), percentage=0.25) | map_noise(attribute=NOx(GT), percentage=0.10) | map_noise(attribute=PT08.S5(O3), percentage=0.05) };7.66416e-01;6.66204e-01;Pipeline { map_noise(attribute=PT08.S1(CO), percentage=0.05) | map_noise(attribute=CO(GT), percentage=0.25) | map_noise(attribute=CO(GT), percentage=0.10) | map_noise(attribute=PT08.S5(O3), percentage=0.01) | filter(C6H6(GT) < 6020000.0000) };7.61170e-01;1.00000e+00;Pipeline { map_noise(attribute=PT08.S2(NMHC), percentage=0.01) | map_noise(attribute=RH, percentage=0.25) | map_noise(attribute=AH, percentage=0.10) | map_noise(attribute=NOx(GT), percentage=0.10) | map_noise(attribute=NOx(GT), percentage=0.10) | map_noise(attribute=PT08.S5(O3), percentage=0.05) }
datasets/airQuality_parallel.csv;nsga2;2;33;3300;3300;1.92816e+02;100;3;1;1.00000e+00;1.00000e+00;1.00000e+00;7.80987e-01;9.08307e-01;Pipeline { map_noise(attribute=NO2(GT), percentage=0.25) | filter(PT08.S3(NOx) > 0.2700) | map_noise(attribute=PT08.S4(NO2), percentage=0.25) | map_duplicate(probability=0.30) | filter(CO(GT) < 32000000.0000) | map_noise(attribute=PT08.S5(O3), percentage=0.10) };7.55492e-01;1.00000e+00;Pipeline { map_noise(attribute=PT08.S2(NMHC), percentage=0.01) | map_noise(attribute=NO2(GT), percentage=0.05) | map_noise(attribute=AH, percentage=0.10) | map_noise(attribute=NOx(GT), percentage=0.10) | map_noise(attribute=NOx(GT), percentage=0.01) | map_noise(attribute=PT08.S5(O3), percentage=0.05) };7.67299e-01;9.49204e-01;Pipeline { filter(T < 1070000000.0000) | map_noise(attribute=PT08.S5(O3), percentage=0.01) | map_noise(attribute=NOx(GT), percentage=0.25) };7.61893e-01;1.00000e+00;Pipeline { map_noise(attribute=PT08.S1(CO), percentage=0.01) | map_noise(attribute=NOx(GT), percentage=0.01) | map_noise(attribute=AH, percentage=0.10) | map_noise(attribute=NOx(GT), percentage=0.10) | map_noise(attribute=C6H6(GT), percentage=0.01) | map_noise(attribute=PT08.S3(NOx), percentage=0.05) }
datasets/airQuality_parallel.csv;nsga2;2;34;3400;3400;1.98091e+02;100;3;2;1.00000e+00;1.00000e+00;1.00000e+00;7.80987e-01;9.08307e-01;Pipeline { map_noise(attribute=NO2(GT), percentage=0.25) | filter(PT08.S3(NOx) > 0.2700) | map_noise(attribute=PT08.S4(NO2), percentage=0.25) | map_duplicate(probability=0.30) | filter(CO(GT) < 32000000.0000) | map_noise(attribute=PT08.S5(O3), percentage=0.10) };7.56081e-01;1.00000e+00;Pipeline { map_noise(attribute=PT08.S2(NMHC), percentage=0.05) | map_noise(attribute=PT08.S3(NOx), percentage=0.25) | map_noise(attribute=AH, percentage=0.10) | map_noise(attribute=NOx(GT), percentage=0.10) | map_noise(attribute=NOx(GT), percentage=0.01) | map_noise(attribute=PT08.S5(O3), percentage=0.05) };7.67491e-01;1.00000e+00;Pipeline { map_noise(attribute=PT08.S2(NMHC), percentage=0.01) | map_noise(attribute=RH, percentage=0.25) | map_noise(attribute=RH, percentage=0.10) | map_noise(attribute=NOx(GT), percentage=0.10) | map_noise(attribute=NOx(GT), percentage=0.10) | map_noise(attribute=PT08.S5(O3), percentage=0.01) };7.61893e-01;1.00000e+00;Pipeline { map_noise(attribute=PT08.S1(CO), percentage=0.01) | map_noise(attribute=NOx(GT), percentage=0.01) | map_noise(attribute=AH, percentage=0.10) | map_noise(attribute=NOx(GT), percentage=0.10) | map_noise(attribute=C6H6(GT), percentage=0.01) | map_noise(attribute=PT08.S3(NOx), percentage=0.05) }
datasets/airQuality_parallel.csv;nsga2;2;35;3500;3500;2.03729e+02;100;4;1;1.00000e+00;1.00000e+00;1.00000e+00;7.90061e-01;8.50392e-01;Pipeline { map_noise(attribute=PT08.S2(NMHC), percentage=0.01) | map_noise(attribute=RH, percentage=0.01) | filter(PT08.S1(CO) < 1700.0000) | map_noise(attribute=NOx(GT), percentage=0.01) | filter(NO2(GT) > 0.1140) | map_duplicate(probability=0.30) };7.56304e-01;1.00000e+00;Pipeline { map_noise(attribute=PT08.S2(NMHC), percentage=0.01) | map_noise(attribute=RH, percentage=0.01) | map_noise(attribute=RH, percentage=0.10) | map_noise(attribute=NOx(GT), percentage=0.10) | map_noise(attribute=NOx(GT), percentage=0.10) | map_noise(attribute=RH, percentage=0.05) };7.67797e-01;9.49204e-01;Pipeline { filter(T < 76.0000) | map_noise(attribute=PT08.S2(NMHC), percentage=0.10) | map_noise(attribute=PT08.S4(NO2), percentage=0.25) };7.63264e-01;1.00000e+00;Pipeline { map_noise(attribute=PT08.S2(NMHC), percentage=0.01) | map_noise(attribute=RH, percentage=0.25) | map_noise(attribute=RH, percentage=0.10) | map_noise(attribute=NOx(GT), percentage=0.10) | map_noise(attribute=NOx(GT), percentage=0.10) | map_noise(attribute=PT08.S5(O3), percentage=0.05) }
datasets/airQuality_parallel.csv;nsga2;2;36;3600;3600;2.13154e+02;100;4;3;1.00000e+00;1.00000e+00;1.00000e+00;7.90061e-01;8.50392e-01;Pipeline { map_noise(attribute=PT08.S2(NMHC), percentage=0.01) | map_noise(attribute=RH, percentage=0.01) | filter(PT08.S1(CO) < 1700.0000) | map_noise(attribute=NOx(GT), percentage=0.01) | filter(NO2(GT) > 0.1140) | map_duplicate(probability=0.30) };7.56304e-01;1.00000e+00;Pipeline { map_noise(attribute=PT08.S2(NMHC), percentage=0.01) | map_noise(attribute=RH, percentage=0.01) | map_noise(attribute=RH, percentage=0.10) | map_noise(attribute=NOx(GT), percentage=0.10) | map_noise(attribute=NOx(GT), percentage=0.10) | map_noise(attribute=RH, percentage=0.05) };7.68315e-01;9.49204e-01;Pipeline { filter(PT08.S1(CO) > 0.0000) | map_noise(attribute=PT08.S2(NMHC), percentage=0.25) | map_noise(attribute=PT08.S1(CO), percentage=0.10) };7.63264e-01;1.00000e+00;Pipeline { map_noise(attribute=PT08.S2(NMHC), percentage=0.01) | map_noise(attribute=RH, percentage=0.25) | map_noise(attribute=RH, percentage=0.10) | map_noise(attribute=NOx(GT), percentage=0.10) | map_noise(attribute=NOx(GT), percentage=0.10) | map_noise(attribute=PT08.S5(O3), percentage=0.05) }
datasets/airQuality_parallel.csv;nsga2;2;37;3700;3700;2.18832e+02;100;5;2;1.00000e+00;1.00000e+00;1.00000e+00;7.90061e-01;8.50392e-01;Pipeline { map_noise(attribute=PT08.S2(NMHC), percentage=0.01) | map_noise(attribute=RH, percentage=0.01) | filter(PT08.S1(CO) < 1700.0000) | map_noise(attribute=NOx(GT), percentage=0.01) | filter(NO2(GT) > 0.1140) | map_duplicate(probability=0.30) };7.56304e-01;1.00000e+00;Pipeline { map_noise(attribute=PT08.S2(NMHC), percentage=0.01) | map_noise(attribute=RH, percentage=0.01) | map_noise(attribute=RH, percentage=0.10) | map_noise(attribute=NOx(GT), percentage=0.10) | map_noise(attribute=NOx(GT), percentage=0.10) | map_noise(attribute=RH, percentage=0.05) };7.69061e-01;1.00000e+00;Pipeline { map_noise(attribute=NO2(GT), percentage=0.01) | map_noise(attribute=RH, percentage=0.25) | map_noise(attribute=T, percentage=0.10) | map_noise(attribute=NOx(GT), percentage=0.10) | map_noise(attribute=RH, percentage=0.10) | map_noise(attribute=PT08.S4(NO2), percentage=0.05) };7.63264e-01;1.00000e+00;Pipeline { map_noise(attribute=PT08.S2(NMHC), percentage=0.01) | map_noise(attribute=RH, percentage=0.25) | map_noise(attribute=RH, percentage=0.10) | map_noise(attribute=NOx(GT), percentage=0.10) | map_noise(attribute=NOx(GT), percentage=0.10) | map_noise(attribute=PT08.S5(O3), percentage=0.05) }
datasets/airQuality_parallel.csv;nsga2;2;38;3800;3800;2.25418e+02;100;6;1;1.00000e+00;1.00000e+00;1.00000e+00;7.98910e-01;8.48779e-01;Pipeline { map_noise(attribute=PT08.S2(NMHC), percentage=0.05) | map_noise(attribute=RH, percentage=0.01) | filter(PT08.S1(CO) < 1700.0000) | map_noise(attribute=NOx(GT), percentage=0.01) | filter(NO2(GT) > 0.1140) | map_duplicate(probability=0.30) };7.56378e-01;1.00000e+00;Pipeline { map_noise(attribute=PT08.S2(NMHC), percentage=0.01) | map_noise(attribute=RH, percentage=0.25) | map_noise(attribute=AH, percentage=0.10) | map_noise(attribute=NOx(GT), percentage=0.05) | map_noise(attribute=NOx(GT), percentage=0.10) | map_noise(attribute=PT08.S5(O3), percentage=0.05) };7.70100e-01;8.94819e-01;Pipeline { map_noise(attribute=NO2(GT), percentage=0.25) | filter(PT08.S3(NOx) > 0.2700) | map_noise(attribute=PT08.S4(NO2), percentage=0.25) | map_duplicate(probability=0.30) | filter(CO(GT) < 3910.0000) | map_noise(attribute=NOx(GT), percentage=0.01) };7.67491e-01;1.00000e+00;Pipeline { map_noise(attribute=PT08.S2(NMHC), percentage=0.01) | map_noise(attribute=RH, percentage=0.25) | map_noise(attribute=RH, percentage=0.10) | map_noise(attribute=NOx(GT), percentage=0.10) | map_noise(attribute=NOx(GT), percentage=0.10) | map_noise(attribute=PT08.S5(O3), percentage=0.01) }
datasets/airQuality_parallel.csv;nsga2;2;39;3900;3900;2.30655e+02;100;5;3;1.00000e+00;1.00000e+00;1.00000e+00;7.98910e-01;8.48779e-01;Pipeline { map_noise(attribute=PT08.S2(NMHC), percentage=0.05) | map_noise(attribute=RH, percentage=0.01) | filter(PT08.S1(CO) < 1700.0000) | map_noise(attribute=NOx(GT), percentage=0.01) | filter(NO2(GT) > 0.1140) | map_duplicate(probability=0.30) };7.56702e-01;1.00000e+00;Pipeline { map_noise(attribute=NO2(GT), percentage=0.01) | map_noise(attribute=RH, percentage=0.25) | map_noise(attribute=AH, percentage=0.10) | map_noise(attribute=NOx(GT), percentage=0.10) | map_noise(attribute=NOx(GT), percentage=0.10) | map_noise(attribute=PT08.S1(CO), percentage=0.05) };7.70781e-01;9.49204e-01;Pipeline { map_noise(attribute=PT08.S2(NMHC), percentage=0.05) | map_noise(attribute=PT08.S4(NO2), percentage=0.25) | map_noise(attribute=PT08.S4(NO2), percentage=0.10) | map_noise(attribute=NOx(GT), percentage=0.10) | filter(PT08.S4(NO2) < 3900000000.0000) };7.67491e-01;1.00000e+00;Pipeline { map_noise(attribute=PT08.S2(NMHC), percentage=0.01) | map_noise(attribute=RH, percentage=0.25) | map_noise(attribute=RH, percentage=0.10) | map_noise(attribute=NOx(GT), percentage=0.10) | map_noise(attribute=NOx(GT), percentage=0.10) | map_noise(attribute=PT08.S5(O3), percentage=0.01) }
datasets/airQuality_parallel.csv;nsga2;2;40;4000;4000;2.35819e+02;100;5;1;1.00000e+00;1.00000e+00;1.00000e+00;7.98910e-01;8.48779e-01;Pipeline { map_noise(attribute=PT08.S2(NMHC), percentage=0.05) | map_noise(attribute=RH, percentage=0.01) | filter(PT08.S1(CO) < 1700.0000) | map_noise(attribute=NOx(GT), percentage=0.01) | filter(NO2(GT) > 0.1140) | map_duplicate(probability=0.30) };7.57370e-01;1.00000e+00;Pipeline { map_noise(attribute=NO2(GT), percentage=0.01) | map_noise(attribute=RH, percentage=0.25) | map_noise(attribute=AH, percentage=0.25) | map_noise(attribute=NOx(GT), percentage=0.10) | map_noise(attribute=RH, percentage=0.10) | map_noise(attribute=PT08.S4(NO2), percentage=0.05) };7.71956e-01;8.89744e-01;Pipeline { map_noise(attribute=PT08.S2(NMHC), percentage=0.05) | map_noise(attribute=PT08.S4(NO2), percentage=0.25) | map_noise(attribute=CO(GT), percentage=0.10) | map_noise(attribute=NOx(GT), percentage=0.25) | filter(PT08.S4(NO2) < 3060000000.0000) };7.70461e-01;1.00000e+00;Pipeline { map_noise(attribute=PT08.S2(NMHC), percentage=0.01) | map_noise(attribute=RH, percentage=0.25) | map_noise(attribute=AH, percentage=0.10) | map_noise(attribute=NOx(GT), percentage=0.10) | map_noise(attribute=NOx(GT), percentage=0.10) | map_noise(attribute=PT08.S1(CO), percentage=0.25) }
datasets/airQuality_parallel.csv;nsga2;2;41;4100;4100;2.40017e+02;100;6;1;1.00000e+00;1.00000e+00;1.00000e+00;7.98910e-01;8.48779e-01;Pipeline { map_noise(attribute=PT08.S2(NMHC), percentage=0.05) | map_noise(attribute=RH, percentage=0.01) | filter(PT08.S1(CO) < 1700.0000) | map_noise(attribute=NOx(GT), percentage=0.01) | filter(NO2(GT) > 0.1140) | map_duplicate(probability=0.30) };7.58179e-01;1.00000e+00;Pipeline { map_noise(attribute=PT08.S2(NMHC), percentage=0.10) | map_noise(attribute=RH, percentage=0.25) | map_noise(attribute=RH, percentage=0.10) | map_noise(attribute=NOx(GT), percentage=0.10) | map_noise(attribute=NOx(GT), percentage=0.10) | map_noise(attribute=PT08.S5(O3), percentage=0.05) };7.74535e-01;9.01044e-01;Pipeline { map_noise(attribute=NO2(GT), percentage=0.25) | filter(PT08.S3(NOx) > 0.2500) | map_noise(attribute=PT08.S4(NO2), percentage=0.25) | map_duplicate(probability=0.30) | filter(CO(GT) < 3910.0000) | map_noise(attribute=NOx(GT), percentage=0.01) };7.58653e-01;9.90476e-01;Pipeline { map_noise(attribute=PT08.S2(NMHC), percentage=0.05) | map_noise(attribute=PT08.S4(NO2), percentage=0.25) | map_noise(attribute=NMHC(GT), percentage=0.01) | map_noise(attribute=NOx(GT), percentage=0.10) | map_noise(attribute=PT08.S4(NO2), percentage=0.10) | map_noise(attribute=NO2(GT), percentage=0.10) }
datasets/airQuality_parallel.csv;nsga2;2;42;4200;4200;2.45761e+02;100;8;2;1.00000e+00;1.00000e+00;1.00000e+00;7.99201e-01;8.47340e-01;Pipeline { map_noise(attribute=AH, percentage=0.01) | map_noise(attribute=AH, percentage=0.10) | filter(PT08.S1(CO) < 1700.0000) | map_noise(attribute=NOx(GT), percentage=0.01) | filter(NO2(GT) > 0.1940) | map_duplicate(probability=0.30) };7.58237e-01;1.00000e+00;Pipeline { map_noise(attribute=PT08.S2(NMHC), percentage=0.05) | map_noise(attribute=T, percentage=0.25) | map_noise(attribute=AH, percentage=0.10) | map_noise(attribute=NOx(GT), percentage=0.10) | map_noise(attribute=NOx(GT), percentage=0.01) | map_noise(attribute=T, percentage=0.05) };7.79055e-01;8.62831e-01;Pipeline { map_noise(attribute=NO2(GT), percentage=0.25) | filter(PT08.S3(NOx) > 0.2600) | map_noise(attribute=PT08.S4(NO2), percentage=0.25) | map_duplicate(probability=0.30) | filter(CO(GT) < 9.7700) | map_noise(attribute=NOx(GT), percentage=0.01) };7.63718e-01;9.87750e-01;Pipeline { map_noise(attribute=PT08.S2(NMHC), percentage=0.05) | map_noise(attribute=PT08.S4(NO2), percentage=0.25) | map_noise(attribute=NMHC(GT), percentage=0.01) | map_noise(attribute=NOx(GT), percentage=0.10) | map_noise(attribute=AH, percentage=0.25) | map_noise(attribute=NO2(GT), percentage=0.10) }
datasets/airQuality_parallel.csv;nsga2;2;43;4300;4300;2.51906e+02;100;9;1;1.00000e+00;1.00000e+00;1.00000e+00;7.99201e-01;8.47340e-01;Pipeline { map_noise(attribute=AH, percentage=0.01) | map_noise(attribute=AH, percentage=0.10) | filter(PT08.S1(CO) < 1700.0000) | map_noise(attribute=NOx(GT), percentage=0.01) | filter(NO2(GT) > 0.1940) | map_duplicate(probability=0.30) };7.59810e-01;1.00000e+00;Pipeline { map_noise(attribute=PT08.S2(NMHC), percentage=0.01) | map_noise(attribute=RH, percentage=0.25) | map_noise(attribute=RH, percentage=0.10) | map_noise(attribute=NOx(GT), percentage=0.10) | map_noise(attribute=NOx(GT), percentage=0.10) | map_noise(attribute=PT08.S2(NMHC), percentage=0.05) };7.88816e-01;9.04972e-01;Pipeline { map_noise(attribute=NO2(GT), percentage=0.25) | filter(PT08.S3(NOx) > 0.2600) | map_noise(attribute=PT08.S4(NO2), percentage=0.25) | map_duplicate(probability=0.30) | filter(CO(GT) < 3910.0000) | map_noise(attribute=NOx(GT), percentage=0.01) };7.69987e-01;9.49204e-01;Pipeline { map_noise(attribute=PT08.S2(NMHC), percentage=0.05) | map_noise(attribute=PT08.S4(NO2), percentage=0.25) | map_noise(attribute=T, percentage=0.10) | map_noise(attribute=NOx(GT), percentage=0.10) | filter(PT08.S4(NO2) < 3000000000.0000) }
datasets/airQuality_parallel.csv;nsga2;2;44;4400;4400;2.59691e+02;100;9;5;1.00000e+00;1.00000e+00;1.00000e+00;8.04434e-01;8.41888e-01;Pipeline { map_noise(attribute=AH, percentage=0.25) | map_noise(attribute=RH, percentage=0.05) | filter(PT08.S1(CO) < 1700.0000) | map_noise(attribute=NOx(GT), percentage=0.01) | filter(NO2(GT) > 0.1140) | map_duplicate(probability=0.30) };7.61085e-01;1.00000e+00;Pipeline { map_noise(attribute=PT08.S2(NMHC), percentage=0.05) | map_noise(attribute=T, percentage=0.25) | map_noise(attribute=AH, percentage=0.10) | map_noise(attribute=NOx(GT), percentage=0.10) | map_noise(attribute=NOx(GT), percentage=0.01) | map_noise(attribute=PT08.S5(O3), percentage=0.05) };7.92530e-01;8.46159e-01;Pipeline { map_noise(attribute=AH, percentage=0.10) | map_noise(attribute=T, percentage=0.01) | filter(PT08.S1(CO) < 1700.0000) | map_noise(attribute=NOx(GT), percentage=0.01) | filter(NO2(GT) > 0.1140) | map_duplicate(probability=0.30) };7.73063e-01;9.49204e-01;Pipeline { filter(T < 20700000.0000) | map_noise(attribute=RH, percentage=0.25) | map_noise(attribute=PT08.S1(CO), percentage=0.10) }
datasets/airQuality_parallel.csv;nsga2;2;45;4500;4500;2.64973e+02;100;7;2;1.00000e+00;1.00000e+00;1.00000e+00;8.04434e-01;8.41888e-01;Pipeline { map_noise(attribute=AH, percentage=0.25) | map_noise(attribute=RH, percentage=0.05) | filter(PT08.S1(CO) < 1700.0000) | map_noise(attribute=NOx(GT), percentage=0.01) | filter(NO2(GT) > 0.1140) | map_duplicate(probability=0.30) };7.61893e-01;1.00000e+00;Pipeline { map_noise(attribute=PT08.S1(CO), percentage=0.01) | map_noise(attribute=NOx(GT), percentage=0.01) | map_noise(attribute=AH, percentage=0.10) | map_noise(attribute=NOx(GT), percentage=0.10) | map_noise(attribute=C6H6(GT), percentage=0.01) | map_noise(attribute=PT08.S3(NOx), percentage=0.05) };7.94119e-01;8.55715e-01;Pipeline { map_noise(attribute=RH, percentage=0.10) | map_noise(attribute=AH, percentage=0.10) | filter(PT08.S1(CO) < 1700.0000) | map_noise(attribute=NOx(GT), percentage=0.01) | filter(NO2(GT) > 0.1140) | map_duplicate(probability=0.30) };7.80987e-01;9.08307e-01;Pipeline { map_noise(attribute=NO2(GT), percentage=0.25) | filter(PT08.S3(NOx) > 0.2700) | map_noise(attribute=PT08.S4(NO2), percentage=0.25) | map_duplicate(probability=0.30) | filter(CO(GT) < 32000000.0000) | map_noise(attribute=PT08.S5(O3), percentage=0.10) }
datasets/airQuality_parallel.csv;nsga2;2;46;4600;4600;2.70436e+02;100;9;11;1.00000e+00;1.00000e+00;1.00000e+00;8.04434e-01;8.41888e-01;Pipeline { map_noise(attribute=AH, percentage=0.25) | map_noise(attribute=RH, percentage=0.05) | filter(PT08.S1(CO) < 1700.0000) | map_noise(attribute=NOx(GT), percentage=0.01) | filter(NO2(GT) > 0.1140) | map_duplicate(probability=0.30) };7.63264e-01;1.00000e+00;Pipeline { map_noise(attribute=PT08.S2(NMHC), percentage=0.01) | map_noise(attribute=RH, percentage=0.25) | map_noise(attribute=RH, percentage=0.10) | map_noise(attribute=NOx(GT), percentage=0.10) | map_noise(attribute=NOx(GT), percentage=0.10) | map_noise(attribute=PT08.S5(O3), percentage=0.05) };7.95629e-01;8.51659e-01;Pipeline { map_noise(attribute=PT08.S2(NMHC), percentage=0.10) | map_noise(attribute=RH, percentage=0.01) | filter(PT08.S1(CO) < 1700.0000) | map_noise(attribute=NOx(GT), percentage=0.01) | filter(NO2(GT) > 0.0000) | map_duplicate(probability=0.30) };7.72697e-01;9.07396e-01;Pipeline { map_noise(attribute=NO2(GT), percentage=0.25) | filter(PT08.S3(NOx) > 0.2700) | map_noise(attribute=PT08.S4(NO2), percentage=0.25) | map_duplicate(probability=0.30) | filter(CO(GT) < 32000000.0000) | map_noise(attribute=NOx(GT), percentage=0.01) }
datasets/airQuality_parallel.csv;nsga2;2;47;4700;4700;2.75374e+02;100;11;9;1.00000e+00;1.00000e+00;1.00000e+00;8.09116e-01;7.03441e-01;Pipeline { map_noise(attribute=PT08.S5(O3), percentage=0.10) | map_noise(attribute=NOx(GT), percentage=0.25) | filter(PT08.S5(O3) < 1700.0000) | map_noise(attribute=NOx(GT), percentage=0.01) | filter(NO2(GT) > 0.1140) | map_duplicate(probability=0.40) };7.63264e-01;1.00000e+00;Pipeline { map_noise(attribute=PT08.S2(NMHC), percentage=0.01) | map_noise(attribute=RH, percentage=0.25) | map_noise(attribute=RH, percentage=0.10) | map_noise(attribute=NOx(GT), percentage=0.10) | map_noise(attribute=NOx(GT), percentage=0.10) | map_noise(attribute=PT08.S5(O3), percentage=0.05) };7.97327e-01;8.44449e-01;Pipeline { map_noise(attribute=RH, percentage=0.25) | map_noise(attribute=RH, percentage=0.01) | filter(PT08.S1(CO) < 1700.0000) | map_noise(attribute=NOx(GT), percentage=0.01) | filter(NO2(GT) > 0.1140) | map_duplicate(probability=0.30) };7.86380e-01;9.09231e-01;Pipeline { map_noise(attribute=NOx(GT), percentage=0.05) | filter(PT08.S3(NOx) > 0.0021) | map_noise(attribute=PT08.S4(NO2), percentage=0.25) | map_duplicate(probability=0.30) | filter(CO(GT) < 9.7700) | map_noise(attribute=NOx(GT), percentage=0.01) }
datasets/airQuality_parallel.csv;nsga2;2;48;4800;4800;2.81313e+02;100;14;21;1.00000e+00;1.00000e+00;1.00000e+00;8.34195e-01;6.82832e-01;Pipeline { map_noise(attribute=PT08.S5(O3), percentage=0.10) | map_noise(attribute=NOx(GT), percentage=0.25) | filter(PT08.S5(O3) < 1600.0000) | map_noise(attribute=NOx(GT), percentage=0.01) | filter(NO2(GT) > 0.1140) | map_duplicate(probability=0.40) };7.63368e-01;1.00000e+00;Pipeline { map_noise(attribute=PT08.S1(CO), percentage=0.05) | map_noise(attribute=T, percentage=0.25) | map_noise(attribute=C6H6(GT), percentage=0.01) | map_noise(attribute=NOx(GT), percentage=0.10) | map_noise(attribute=NOx(GT), percentage=0.10) | map_noise(attribute=PT08.S5(O3), percentage=0.05) };7.98295e-01;7.00410e-01;Pipeline { map_noise(attribute=T, percentage=0.10) | map_noise(attribute=NOx(GT), percentage=0.25) | filter(PT08.S5(O3) < 1700.0000) | map_noise(attribute=NOx(GT), percentage=0.01) | filter(NO2(GT) > 0.1140) | map_duplicate(probability=0.30) };7.80987e-01;9.08307e-01;Pipeline { map_noise(attribute=NO2(GT), percentage=0.25) | filter(PT08.S3(NOx) > 0.2700) | map_noise(attribute=PT08.S4(NO2), percentage=0.25) | map_duplicate(probability=0.30) | filter(CO(GT) < 32000000.0000) | map_noise(attribute=PT08.S5(O3), percentage=0.10) }
datasets/airQuality_parallel.csv;nsga2;2;49;4900;4900;2.87367e+02;100;14;8;1.00000e+00;1.00000e+00;1.00000e+00;8.34195e-01;6.82832e-01;Pipeline { map_noise(attribute=PT08.S5(O3), percentage=0.10) | map_noise(attribute=NOx(GT), percentage=0.25) | filter(PT08.S5(O3) < 1600.0000) | map_noise(attribute=NOx(GT), percentage=0.01) | filter(NO2(GT) > 0.1140) | map_duplicate(probability=0.40) };7.53084e-01;1.00000e+00;Pipeline { map_noise(attribute=PT08.S2(NMHC), percentage=0.01) | map_noise(attribute=C6H6(GT), percentage=0.05) | map_noise(attribute=AH, percentage=0.10) | map_noise(attribute=NOx(GT), percentage=0.10) | map_noise(attribute=NOx(GT), percentage=0.10) | map_noise(attribute=PT08.S1(CO), percentage=0.05) };7.99990e-01;8.53135e-01;Pipeline { map_noise(attribute=PT08.S2(NMHC), percentage=0.10) | map_noise(attribute=NMHC(GT), percentage=0.10) | filter(PT08.S1(CO) < 1700.0000) | map_noise(attribute=RH, percentage=0.10) | filter(NO2(GT) > 0.0328) | map_duplicate(probability=0.30) };7.86380e-01;9.09231e-01;Pipeline { map_noise(attribute=NOx(GT), percentage=0.05) | filter(PT08.S3(NOx) > 0.0021) | map_noise(attribute=PT08.S4(NO2), percentage=0.25) | map_duplicate(probability=0.30) | filter(CO(GT) < 9.7700) | map_noise(attribute=NOx(GT), percentage=0.01) }
datasets/airQuality_parallel.csv;nsga2;2;50;5000;5000;2.91872e+02;100;18;13;1.00000e+00;1.00000e+00;1.00000e+00;8.34195e-01;6.82832e-01;Pipeline { map_noise(attribute=PT08.S5(O3), percentage=0.10) | map_noise(attribute=NOx(GT), percentage=0.25) | filter(PT08.S5(O3) < 1600.0000) | map_noise(attribute=NOx(GT), percentage=0.01) | filter(NO2(GT) > 0.1140) | map_duplicate(probability=0.40) };7.63368e-01;1.00000e+00;Pipeline { map_noise(attribute=PT08.S1(CO), percentage=0.05) | map_noise(attribute=T, percentage=0.25) | map_noise(attribute=C6H6(GT), percentage=0.01) | map_noise(attribute=NOx(GT), percentage=0.10) | map_noise(attribute=NOx(GT), percentage=0.10) | map_noise(attribute=PT08.S5(O3), percentage=0.05) };8.01831e-01;8.29113e-01;Pipeline { map_noise(attribute=PT08.S1(CO), percentage=0.05) | map_noise(attribute=PT08.S5(O3), percentage=0.10) | filter(PT08.S1(CO) < 1700.0000) | map_noise(attribute=NOx(GT), percentage=0.01) | filter(NO2(GT) > 0.1140) | map_duplicate(probability=0.30) };7.85221e-01;9.09323e-01;Pipeline { map_noise(attribute=NOx(GT), percentage=0.05) | filter(PT08.S4(NO2) > 0.0000) | map_noise(attribute=PT08.S4(NO2), percentage=0.25) | map_duplicate(probability=0.30) | filter(CO(GT) < 9.7700) | map_noise(attribute=NOx(GT), percentage=0.01) }
datasets/airQuality_parallel.csv;nsga2;3;1;100;100;5.65400e+00;100;2;56;9.80000e-01;9.80000e-01;3.90000e-01;7.49527e-01;9.49204e-01;Pipeline { map_noise(attribute=PT08.S3(NOx), percentage=0.01) | map_noise(attribute=T, percentage=0.25) | filter(AH < 4.6500) };7.41322e-01;1.00000e+00;Pipeline { map_noise(attribute=PT08.S1(CO), percentage=0.10) };4.72304e-01;7.91995e-01;Pipeline { map_duplicate(probability=0.70) | filter(PT08.S3(NOx) < 84100000.0000) | map_noise(attribute=NO2(GT), percentage=0.05) };4.61176e-01;7.95565e-01;Pipeline { map_duplicate(probability=0.60) }
datasets/airQuality_parallel.csv;nsga2;3;2;200;200;1.22290e+01;100;2;4;9.80000e-01;9.80000e-01;7.80000e-01;7.49527e-01;9.49204e-01;Pipeline { map_noise(attribute=PT08.S3(NOx), percentage=0.01) | map_noise(attribute=T, percentage=0.25) | filter(AH < 4.6500) };7.40998e-01;1.00000e+00;Pipeline { map_noise(attribute=NOx(GT), percentage=0.01) };7.40998e-01;1.00000e+00;Pipeline { map_noise(attribute=NOx(GT), percentage=0.01) };6.74828e-01;9.66619e-01;Pipeline { map_noise(attribute=PT08.S1(CO), percentage=0.05) | map_duplicate(probability=0.10) }
datasets/airQuality_parallel.csv;nsga2;3;3;300;300;1.65590e+01;100;1;3;9.80000e-01;9.80000e-01;6.10000e-01;7.63538e-01;1.00000e+00;Pipeline { map_noise(attribute=NOx(GT), percentage=0.25) | map_noise(attribute=NO2(GT), percentage=0.01) | map_noise(attribute=AH, percentage=0.05) };6.77714e-01;1.00000e+00;Pipeline { map_noise(attribute=RH, percentage=0.25) | map_noise(attribute=NOx(GT), percentage=0.25) | map_noise(attribute=NOx(GT), percentage=0.25) };7.41322e-01;1.00000e+00;Pipeline { map_noise(attribute=PT08.S3(NOx), percentage=0.10) };7.41322e-01;1.00000e+00;Pipeline { map_noise(attribute=PT08.S3(NOx), percentage=0.01) }
datasets/airQuality_parallel.csv;nsga2;3;4;400;400;2.21310e+01;100;1;3;9.90000e-01;9.90000e-01;5.50000e-01;7.63538e-01;1.00000e+00;Pipeline { map_noise(attribute=NOx(GT), percentage=0.25) | map_noise(attribute=NO2(GT), percentage=0.01) | map_noise(attribute=AH, percentage=0.05) };7.18089e-01;1.00000e+00;Pipeline { map_noise(attribute=RH, percentage=0.25) | map_noise(attribute=NOx(GT), percentage=0.25) | map_noise(attribute=NOx(GT), percentage=0.10) };7.43006e-01;9.05890e-01;Pipeline { map_noise(attribute=CO(GT), percentage=0.05) | map_noise(attribute=NO2(GT), percentage=0.01) | map_noise(attribute=AH, percentage=0.05) };7.41322e-01;1.00000e+00;Pipeline { map_noise(attribute=PT08.S1(CO), percentage=0.05) | map_noise(attribute=PT08.S5(O3), percentage=0.25) }
datasets/airQuality_parallel.csv;nsga2;3;5;500;500;2.64530e+01;100;1;49;1.00000e+00;9.80000e-01;5.30000e-01;7.63538e-01;1.00000e+00;Pipeline { map_noise(attribute=NOx(GT), percentage=0.25) | map_noise(attribute=NO2(GT), percentage=0.01) | map_noise(attribute=AH, percentage=0.05) };7.41322e-01;1.00000e+00;Pipeline { map_noise(attribute=PT08.S1(CO), percentage=0.05) | map_noise(attribute=PT08.S5(O3), percentage=0.25) };7.46525e-01;6.91609e-01;Pipeline { map_noise(attribute=NMHC(GT), percentage=0.10) | map_noise(attribute=CO(GT), percentage=0.25) | filter(PT08.S4(NO2) > 0.0000) | map_noise(attribute=T, percentage=0.10) };7.41322e-01;1.00000e+00;Pipeline { map_noise(attribute=RH, percentage=0.25) | map_noise(attribute=PT08.S3(NOx), percentage=0.25) | map_noise(attribute=C6H6(GT), percentage=0.05) }
datasets/airQuality_parallel.csv;nsga2;3;6;600;600;3.16890e+01;100;1;20;1.00000e+00;9.80000e-01;8.20000e-01;7.63538e-01;1.00000e+00;Pipeline { map_noise(attribute=NOx(GT), percentage=0.25) | map_noise(attribute=NO2(GT), percentage=0.01) | map_noise(attribute=AH, percentage=0.05) };7.41322e-01;1.00000e+00;Pipeline { map_noise(attribute=PT08.S4(NO2), percentage=0.05) | map_noise(attribute=RH, percentage=0.25) | map_noise(attribute=PT08.S5(O3), percentage=0.25) };7.49791e-01;1.00000e+00;Pipeline { map_noise(attribute=PT08.S1(CO), percentage=0.05) | map_noise(attribute=NOx(GT), percentage=0.25) | map_noise(attribute=PT08.S5(O3), percentage=0.05) };7.41774e-01;1.00000e+00;Pipeline { map_noise(attribute=RH, percentage=0.25) | map_noise(attribute=NO2(GT), percentage=0.01) | map_noise(attribute=PT08.S1(CO), percentage=0.25) }
datasets/airQuality_parallel.csv;nsga2;3;7;700;700;3.68810e+01;100;1;3;1.00000e+00;9.80000e-01;1.00000e+00;7.63538e-01;1.00000e+00;Pipeline { map_noise(attribute=NOx(GT), percentage=0.25) | map_noise(attribute=NO2(GT), percentage=0.01) | map_noise(attribute=AH, percentage=0.05) };7.41517e-01;1.00000e+00;Pipeline { map_noise(attribute=NOx(GT), percentage=0.01) };7.51694e-01;9.14486e-01;Pipeline { map_noise(attribute=CO(GT), percentage=0.05) | filter(RH < 1630000000.0000) };7.43676e-01;1.00000e+00;Pipeline { map_noise(attribute=RH, percentage=0.25) | map_noise(attribute=NO2(GT), percentage=0.05) | map_noise(attribute=AH, percentage=0.25) }
datasets/airQuality_parallel.csv;nsga2;3;8;800;800;4.20550e+01;100;2;1;1.00000e+00;1.00000e+00;1.00000e+00;7.69722e-01;9.49204e-01;Pipeline { map_noise(attribute=NOx(GT), percentage=0.25) | filter(PT08.S2(NMHC) > 0.0000) };7.42132e-01;1.00000e+00;Pipeline { map_noise(attribute=RH, percentage=0.25) | map_noise(attribute=NO2(GT), percentage=0.01) | map_noise(attribute=PT08.S5(O3), percentage=0.05) };7.53012e-01;1.00000e+00;Pipeline { map_noise(attribute=PT08.S1(CO), percentage=0.01) | map_noise(attribute=NOx(GT), percentage=0.25) | map_noise(attribute=AH, percentage=0.05) };7.44618e-01;1.00000e+00;Pipeline { map_noise(attribute=PT08.S4(NO2), percentage=0.05) | map_noise(attribute=NO2(GT), percentage=0.01) | map_noise(attribute=C6H6(GT), percentage=0.01) }
datasets/airQuality_parallel.csv;nsga2;3;9;900;900;4.63530e+01;100;2;1;1.00000e+00;1.00000e+00;1.00000e+00;7.69722e-01;9.49204e-01;Pipeline { map_noise(attribute=NOx(GT), percentage=0.25) | filter(PT08.S2(NMHC) > 0.0000) };7.42564e-01;1.00000e+00;Pipeline { map_noise(attribute=PT08.S1(CO), percentage=0.10) | map_noise(attribute=NO2(GT), percentage=0.01) | map_noise(attribute=C6H6(GT), percentage=0.05) };7.53419e-01;9.49196e-01;Pipeline { map_noise(attribute=PT08.S5(O3), percentage=0.01) | map_noise(attribute=PT08.S3(NOx), percentage=0.25) | filter(PT08.S3(NOx) > 0.0001) | map_noise(attribute=PT08.S5(O3), percentage=0.10) };7.47903e-01;1.00000e+00;Pipeline { map_noise(attribute=NMHC(GT), percentage=0.01) | map_noise(attribute=NOx(GT), percentage=0.05) | map_noise(attribute=PT08.S5(O3), percentage=0.25) }
datasets/airQuality_parallel.csv;nsga2;3;10;1000;1000;5.06230e+01;100;1;1;1.00000e+00;9.90000e-01;1.00000e+00;7.78321e-01;1.00000e+00;Pipeline { map_noise(attribute=NOx(GT), percentage=0.25) | map_noise(attribute=T, percentage=0.25) | map_noise(attribute=PT08.S4(NO2), percentage=0.05) };7.43427e-01;1.00000e+00;Pipeline { map_noise(attribute=NOx(GT), percentage=0.05) | map_noise(attribute=NO2(GT), percentage=0.01) | map_noise(attribute=PT08.S2(NMHC), percentage=0.05) };7.55804e-01;9.49204e-01;Pipeline { map_noise(attribute=NOx(GT), percentage=0.01) | map_noise(attribute=T, percentage=0.25) | filter(T < 10600.0000) };7.49791e-01;1.00000e+00;Pipeline { map_noise(attribute=PT08.S1(CO), percentage=0.05) | map_noise(attribute=NOx(GT), percentage=0.25) | map_noise(attribute=PT08.S5(O3), percentage=0.05) }
datasets/airQuality_parallel.csv;nsga2;3;11;1100;1100;5.54760e+01;100;1;2;1.00000e+00;1.00000e+00;1.00000e+00;7.78321e-01;1.00000e+00;Pipeline { map_noise(attribute=NOx(GT), percentage=0.25) | map_noise(attribute=T, percentage=0.25) | map_noise(attribute=PT08.S4(NO2), percentage=0.05) };7.43676e-01;1.00000e+00;Pipeline { map_noise(attribute=RH, percentage=0.25) | map_noise(attribute=NO2(GT), percentage=0.05) | map_noise(attribute=AH, percentage=0.25) };7.58289e-01;9.49204e-01;Pipeline { map_noise(attribute=PT08.S4(NO2), percentage=0.10) | map_noise(attribute=T, percentage=0.05) | filter(AH < 6830000000.0000) };7.49791e-01;1.00000e+00;Pipeline { map_noise(attribute=PT08.S1(CO), percentage=0.05) | map_noise(attribute=NOx(GT), percentage=0.25) | map_noise(attribute=PT08.S5(O3), percentage=0.05) }
datasets/airQuality_parallel.csv;nsga2;3;12;1200;1200;6.09370e+01;100;1;1;1.00000e+00;1.00000e+00;1.00000e+00;7.78321e-01;1.00000e+00;Pipeline { map_noise(attribute=NOx(GT), percentage=0.25) | map_noise(attribute=T, percentage=0.25) | map_noise(attribute=PT08.S4(NO2), percentage=0.05) };7.45160e-01;1.00000e+00;Pipeline { map_noise(attribute=RH, percentage=0.25) | map_noise(attribute=NOx(GT), percentage=0.01) | map_noise(attribute=PT08.S5(O3), percentage=0.05) };7.58934e-01;9.49204e-01;Pipeline { map_noise(attribute=PT08.S1(CO), percentage=0.05) | map_noise(attribute=PT08.S3(NOx), percentage=0.25) | filter(PT08.S3(NOx) > 0.0001) | map_noise(attribute=PT08.S5(O3), percentage=0.10) };7.50224e-01;1.00000e+00;Pipeline { map_noise(attribute=T, percentage=0.25) | map_noise(attribute=NO2(GT), percentage=0.01) | map_noise(attribute=NOx(GT), percentage=0.05) }
datasets/airQuality_parallel.csv;nsga2;3;13;1300;1300;6.53410e+01;100;1;1;1.00000e+00;1.00000e+00;1.00000e+00;7.78321e-01;1.00000e+00;Pipeline { map_noise(attribute=NOx(GT), percentage=0.25) | map_noise(attribute=T, percentage=0.25) | map_noise(attribute=PT08.S4(NO2), percentage=0.05) };7.45865e-01;1.00000e+00;Pipeline { map_noise(attribute=NO2(GT), percentage=0.01) | map_noise(attribute=NOx(GT), percentage=0.10) | map_noise(attribute=NOx(GT), percentage=0.01) };7.59726e-01;9.49204e-01;Pipeline { map_noise(attribute=PT08.S4(NO2), percentage=0.10) | map_noise(attribute=T, percentage=0.25) | filter(AH < 6830000000.0000) };7.51286e-01;1.00000e+00;Pipeline { map_noise(attribute=NOx(GT), percentage=0.05) | map_noise(attribute=NO2(GT), percentage=0.01) | map_noise(attribute=NOx(GT), percentage=0.01) }
datasets/airQuality_parallel.csv;nsga2;3;14;1400;1400;7.08910e+01;100;1;3;1.00000e+00;1.00000e+00;1.00000e+00;7.78321e-01;1.00000e+00;Pipeline { map_noise(attribute=NOx(GT), percentage=0.25) | map_noise(attribute=T, percentage=0.25) | map_noise(attribute=PT08.S4(NO2), percentage=0.05) };7.47209e-01;1.00000e+00;Pipeline { map_noise(attribute=NMHC(GT), percentage=0.01) | map_noise(attribute=NOx(GT), percentage=0.05) | map_noise(attribute=RH, percentage=0.05) };7.59909e-01;9.49204e-01;Pipeline { map_noise(attribute=PT08.S2(NMHC), percentage=0.10) | map_noise(attribute=T, percentage=0.25) | filter(AH < 4.6500) };7.51892e-01;1.00000e+00;Pipeline { map_noise(attribute=NOx(GT), percentage=0.05) | map_noise(attribute=NO2(GT), percentage=0.01) | map_noise(attribute=C6H6(GT), percentage=0.05) }
datasets/airQuality_parallel.csv;nsga2;3;15;1500;1500;7.54250e+01;100;1;1;1.00000e+00;1.00000e+00;1.00000e+00;7.78321e-01;1.00000e+00;Pipeline { map_noise(attribute=NOx(GT), percentage=0.25) | map_noise(attribute=T, percentage=0.25) | map_noise(attribute=PT08.S4(NO2), percentage=0.05) };7.48472e-01;1.00000e+00;Pipeline { map_noise(attribute=NOx(GT), percentage=0.05) | map_noise(attribute=T, percentage=0.25) | map_noise(attribute=NMHC(GT), percentage=0.25) };7.60108e-01;9.49204e-01;Pipeline { map_noise(attribute=PT08.S4(NO2), percentage=0.10) | map_noise(attribute=T, percentage=0.25) | filter(AH < 3830000000.0000) };7.52279e-01;1.00000e+00;Pipeline { map_noise(attribute=RH, percentage=0.25) | map_noise(attribute=NOx(GT), percentage=0.25) | map_noise(attribute=PT08.S5(O3), percentage=0.25) }
datasets/airQuality_parallel.csv;nsga2;3;16;1600;1600;8.19510e+01;100;1;2;1.00000e+00;9.90000e-01;1.00000e+00;7.78321e-01;1.00000e+00;Pipeline { map_noise(attribute=NOx(GT), percentage=0.25) | map_noise(attribute=T, percentage=0.25) | map_noise(attribute=PT08.S4(NO2), percentage=0.05) };7.48865e-01;1.00000e+00;Pipeline { map_noise(attribute=NOx(GT), percentage=0.25) };7.60421e-01;9.49204e-01;Pipeline { map_noise(attribute=PT08.S4(NO2), percentage=0.10) | map_noise(attribute=RH, percentage=0.25) | filter(AH < 6830000000.0000) };7.52472e-01;1.00000e+00;Pipeline { map_noise(attribute=NMHC(GT), percentage=0.01) | map_noise(attribute=NOx(GT), percentage=0.05) | map_noise(attribute=PT08.S1(CO), percentage=0.25) }
datasets/airQuality_parallel.csv;nsga2;3;17;1700;1700;8.60190e+01;100;1;2;1.00000e+00;9.90000e-01;1.00000e+00;7.78321e-01;1.00000e+00;Pipeline { map_noise(attribute=NOx(GT), percentage=0.25) | map_noise(attribute=T, percentage=0.25) | map_noise(attribute=PT08.S4(NO2), percentage=0.05) };7.49662e-01;1.00000e+00;Pipeline { map_noise(attribute=NMHC(GT), percentage=0.25) | map_noise(attribute=NO2(GT), percentage=0.01) | map_noise(attribute=NOx(GT), percentage=0.05) };7.60848e-01;9.49204e-01;Pipeline { map_noise(attribute=PT08.S3(NOx), percentage=0.01) | map_noise(attribute=T, percentage=0.25) | filter(PT08.S5(O3) > 0.0001) | map_noise(attribute=PT08.S5(O3), percentage=0.10) };7.52748e-01;1.00000e+00;Pipeline { map_noise(attribute=PT08.S2(NMHC), percentage=0.01) | map_noise(attribute=NOx(GT), percentage=0.10) | map_noise(attribute=NOx(GT), percentage=0.01) }
datasets/airQuality_parallel.csv;nsga2;3;18;1800;1800;9.05780e+01;100;1;1;1.00000e+00;9.90000e-01;1.00000e+00;7.78321e-01;1.00000e+00;Pipeline { map_noise(attribute=NOx(GT), percentage=0.25) | map_noise(attribute=T, percentage=0.25) | map_noise(attribute=PT08.S4(NO2), percentage=0.05) };7.50224e-01;1.00000e+00;Pipeline { map_noise(attribute=T, percentage=0.25) | map_noise(attribute=NO2(GT), percentage=0.01) | map_noise(attribute=NOx(GT), percentage=0.05) };7.62939e-01;9.49204e-01;Pipeline { map_noise(attribute=NO2(GT), percentage=0.01) | map_noise(attribute=T, percentage=0.25) | filter(PT08.S3(NOx) > 0.0001) | map_noise(attribute=PT08.S5(O3), percentage=0.10) };7.53012e-01;1.00000e+00;Pipeline { map_noise(attribute=PT08.S1(CO), percentage=0.01) | map_noise(attribute=NOx(GT), percentage=0.25) | map_noise(attribute=AH, percentage=0.05) }
datasets/airQuality_parallel.csv;nsga2;3;19;1900;1900;9.47930e+01;100;1;3;1.00000e+00;9.90000e-01;1.00000e+00;7.78321e-01;1.00000e+00;Pipeline { map_noise(attribute=NOx(GT), percentage=0.25) | map_noise(attribute=T, percentage=0.25) | map_noise(attribute=PT08.S4(NO2), percentage=0.05) };7.50806e-01;1.00000e+00;Pipeline { map_noise(attribute=RH, percentage=0.25) | map_noise(attribute=NOx(GT), percentage=0.10) | map_noise(attribute=NOx(GT), percentage=0.10) };7.63114e-01;9.49204e-01;Pipeline { map_noise(attribute=AH, percentage=0.01) | map_noise(attribute=T, percentage=0.25) | filter(PT08.S2(NMHC) > 0.0000) | map_noise(attribute=PT08.S5(O3), percentage=0.10) };7.53095e-01;1.00000e+00;Pipeline { map_noise(attribute=NMHC(GT), percentage=0.01) | map_noise(attribute=NOx(GT), percentage=0.25) | map_noise(attribute=PT08.S5(O3), percentage=0.25) }
datasets/airQuality_parallel.csv;nsga2;3;20;2000;2000;1.00476e+02;100;1;1;1.00000e+00;9.90000e-01;1.00000e+00;7.78321e-01;1.00000e+00;Pipeline { map_noise(attribute=NOx(GT), percentage=0.25) | map_noise(attribute=T, percentage=0.25) | map_noise(attribute=PT08.S4(NO2), percentage=0.05) };7.50971e-01;1.00000e+00;Pipeline { map_noise(attribute=NO2(GT), percentage=0.01) | map_noise(attribute=NOx(GT), percentage=0.05) | map_noise(attribute=NOx(GT), percentage=0.25) };7.63146e-01;9.49204e-01;Pipeline { map_noise(attribute=NMHC(GT), percentage=0.10) | map_noise(attribute=PT08.S2(NMHC), percentage=0.10) | filter(PT08.S4(NO2) > 0.0000) | map_noise(attribute=PT08.S5(O3), percentage=0.01) };7.53572e-01;1.00000e+00;Pipeline { map_noise(attribute=NOx(GT), percentage=0.05) | map_noise(attribute=NO2(GT), percentage=0.05) | map_noise(attribute=AH, percentage=0.05) }
datasets/airQuality_parallel.csv;nsga2;3;21;2100;2100;1.06242e+02;100;1;2;1.00000e+00;9.90000e-01;1.00000e+00;7.78321e-01;1.00000e+00;Pipeline { map_noise(attribute=NOx(GT), percentage=0.25) | map_noise(attribute=T, percentage=0.25) | map_noise(attribute=PT08.S4(NO2), percentage=0.05) };7.51092e-01;1.00000e+00;Pipeline { map_noise(attribute=PT08.S4(NO2), percentage=0.01) | map_noise(attribute=NOx(GT), percentage=0.10) | map_noise(attribute=PT08.S3(NOx), percentage=0.25) };7.63368e-01;9.49204e-01;Pipeline { map_noise(attribute=NOx(GT), percentage=0.25) | filter(C6H6(GT) > 0.0000) | map_noise(attribute=RH, percentage=0.10) };7.53897e-01;1.00000e+00;Pipeline { map_noise(attribute=RH, percentage=0.25) | map_noise(attribute=NOx(GT), percentage=0.25) | map_noise(attribute=PT08.S3(NOx), percentage=0.25) }
datasets/airQuality_parallel.csv;nsga2;3;22;2200;2200;1.10469e+02;100;1;1;1.00000e+00;9.90000e-01;1.00000e+00;7.78321e-01;1.00000e+00;Pipeline { map_noise(attribute=NOx(GT), percentage=0.25) | map_noise(attribute=T, percentage=0.25) | map_noise(attribute=PT08.S4(NO2), percentage=0.05) };7.51599e-01;1.00000e+00;Pipeline { map_noise(attribute=PT08.S2(NMHC), percentage=0.01) | map_noise(attribute=NOx(GT), percentage=0.10) | map_noise(attribute=PT08.S5(O3), percentage=0.05) };7.63402e-01;1.00000e+00;Pipeline { map_noise(attribute=NMHC(GT), percentage=0.01) | map_noise(attribute=NOx(GT), percentage=0.05) | map_noise(attribute=NOx(GT), percentage=0.25) };7.56904e-01;1.00000e+00;Pipeline { map_noise(attribute=PT08.S2(NMHC), percentage=0.01) | map_noise(attribute=NOx(GT), percentage=0.10) | map_noise(attribute=NOx(GT), percentage=0.10) }
datasets/airQuality_parallel.csv;nsga2;3;23;2300;2300;1.14782e+02;100;1;3;1.00000e+00;9.90000e-01;1.00000e+00;7.78321e-01;1.00000e+00;Pipeline { map_noise(attribute=NOx(GT), percentage=0.25) | map_noise(attribute=T, percentage=0.25) | map_noise(attribute=PT08.S4(NO2), percentage=0.05) };7.51892e-01;1.00000e+00;Pipeline { map_noise(attribute=NOx(GT), percentage=0.05) | map_noise(attribute=NO2(GT), percentage=0.01) | map_noise(attribute=C6H6(GT), percentage=0.05) };7.63649e-01;9.50172e-01;Pipeline { map_noise(attribute=NO2(GT), percentage=0.10) | map_noise(attribute=T, percentage=0.25) | filter(PT08.S3(NOx) > 0.0001) | map_noise(attribute=PT08.S5(O3), percentage=0.25) };7.56967e-01;1.00000e+00;Pipeline { map_noise(attribute=PT08.S1(CO), percentage=0.01) | map_noise(attribute=NOx(GT), percentage=0.25) | map_noise(attribute=PT08.S4(NO2), percentage=0.05) }
datasets/airQuality_parallel.csv;nsga2;3;24;2400;2400;1.19749e+02;100;1;1;1.00000e+00;9.90000e-01;1.00000e+00;7.78321e-01;1.00000e+00;Pipeline { map_noise(attribute=NOx(GT), percentage=0.25) | map_noise(attribute=T, percentage=0.25) | map_noise(attribute=PT08.S4(NO2), percentage=0.05) };7.52045e-01;1.00000e+00;Pipeline { map_noise(attribute=NMHC(GT), percentage=0.10) | map_noise(attribute=NOx(GT), percentage=0.05) | map_noise(attribute=NOx(GT), percentage=0.25) };7.63649e-01;9.50172e-01;Pipeline { map_noise(attribute=NO2(GT), percentage=0.10) | map_noise(attribute=T, percentage=0.25) | filter(PT08.S3(NOx) > 0.0001) | map_noise(attribute=PT08.S5(O3), percentage=0.25) };7.56967e-01;1.00000e+00;Pipeline { map_noise(attribute=PT08.S1(CO), percentage=0.01) | map_noise(attribute=NOx(GT), percentage=0.25) | map_noise(attribute=PT08.S4(NO2), percentage=0.05) }
datasets/airQuality_parallel.csv;nsga2;3;25;2500;2500;1.24862e+02;100;1;1;1.00000e+00;9.90000e-01;1.00000e+00;7.78321e-01;1.00000e+00;Pipeline { map_noise(attribute=NOx(GT), percentage=0.25) | map_noise(attribute=T, percentage=0.25) | map_noise(attribute=PT08.S4(NO2), percentage=0.05) };7.52403e-01;1.00000e+00;Pipeline { map_noise(attribute=NOx(GT), percentage=0.10) | map_noise(attribute=PT08.S5(O3), percentage=0.05) | map_noise(attribute=PT08.S4(NO2), percentage=0.05) };7.63834e-01;9.49204e-01;Pipeline { map_noise(attribute=PT08.S4(NO2), percentage=0.10) | map_noise(attribute=T, percentage=0.25) | filter(AH < 387.0000) };7.58419e-01;1.00000e+00;Pipeline { map_noise(attribute=AH, percentage=0.01) | map_noise(attribute=NOx(GT), percentage=0.10) | map_noise(attribute=PT08.S3(NOx), percentage=0.25) }
datasets/airQuality_parallel.csv;nsga2;3;26;2600;2600;1.29014e+02;100;1;1;1.00000e+00;9.90000e-01;1.00000e+00;7.78321e-01;1.00000e+00;Pipeline { map_noise(attribute=NOx(GT), percentage=0.25) | map_noise(attribute=T, percentage=0.25) | map_noise(attribute=PT08.S4(NO2), percentage=0.05) };7.52521e-01;1.00000e+00;Pipeline { map_noise(attribute=AH, percentage=0.05) | map_noise(attribute=NOx(GT), percentage=0.05) | map_noise(attribute=NOx(GT), percentage=0.10) };7.64278e-01;9.49204e-01;Pipeline { map_noise(attribute=RH, percentage=0.25) | map_noise(attribute=PT08.S2(NMHC), percentage=0.10) | filter(PT08.S4(NO2) > 0.0000) | map_noise(attribute=PT08.S5(O3), percentage=0.05) };7.59263e-01;1.00000e+00;Pipeline { map_noise(attribute=RH, percentage=0.05) | map_noise(attribute=PT08.S2(NMHC), percentage=0.25) | map_noise(attribute=NOx(GT), percentage=0.10) }
datasets/airQuality_parallel.csv;nsga2;3;27;2700;2700;1.36008e+02;100;1;1;1.00000e+00;1.00000e+00;1.00000e+00;7.78321e-01;1.00000e+00;Pipeline { map_noise(attribute=NOx(GT), percentage=0.25) | map_noise(attribute=T, percentage=0.25) | map_noise(attribute=PT08.S4(NO2), percentage=0.05) };7.52580e-01;1.00000e+00;Pipeline { map_noise(attribute=PT08.S2(NMHC), percentage=0.01) | map_noise(attribute=NOx(GT), percentage=0.01) | map_noise(attribute=NOx(GT), percentage=0.10) };7.64315e-01;9.49204e-01;Pipeline { map_noise(attribute=PT08.S4(NO2), percentage=0.10) | map_noise(attribute=PT08.S2(NMHC), percentage=0.10) | filter(AH < 68.3000) };7.59263e-01;1.00000e+00;Pipeline { map_noise(attribute=RH, percentage=0.05) | map_noise(attribute=PT08.S2(NMHC), percentage=0.25) | map_noise(attribute=NOx(GT), percentage=0.10) }
datasets/airQuality_parallel.csv;nsga2;3;28;2800;2800;1.40136e+02;100;1;3;1.00000e+00;1.00000e+00;1.00000e+00;7.78321e-01;1.00000e+00;Pipeline { map_noise(attribute=NOx(GT), percentage=0.25) | map_noise(attribute=T, percentage=0.25) | map_noise(attribute=PT08.S4(NO2), percentage=0.05) };7.52607e-01;1.00000e+00;Pipeline { map_noise(attribute=PT08.S2(NMHC), percentage=0.01) | map_noise(attribute=NOx(GT), percentage=0.25) | map_noise(attribute=NOx(GT), percentage=0.01) };7.64332e-01;8.02739e-01;Pipeline { map_noise(attribute=RH, percentage=0.10) | map_noise(attribute=CO(GT), percentage=0.25) | filter(PT08.S4(NO2) > 0.0000) | map_noise(attribute=PT08.S5(O3), percentage=0.01) };7.59263e-01;1.00000e+00;Pipeline { map_noise(attribute=RH, percentage=0.05) | map_noise(attribute=PT08.S2(NMHC), percentage=0.25) | map_noise(attribute=NOx(GT), percentage=0.10) }
datasets/airQuality_parallel.csv;nsga2;3;29;2900;2900;1.44633e+02;100;1;3;1.00000e+00;1.00000e+00;1.00000e+00;7.78321e-01;1.00000e+00;Pipeline { map_noise(attribute=NOx(GT), percentage=0.25) | map_noise(attribute=T, percentage=0.25) | map_noise(attribute=PT08.S4(NO2), percentage=0.05) };7.52721e-01;1.00000e+00;Pipeline { map_noise(attribute=NOx(GT), percentage=0.25) | map_noise(attribute=T, percentage=0.10) | map_noise(attribute=PT08.S4(NO2), percentage=0.05) };7.64480e-01;9.49204e-01;Pipeline { map_noise(attribute=NMHC(GT), percentage=0.10) | map_noise(attribute=PT08.S2(NMHC), percentage=0.10) | filter(PT08.S4(NO2) > 0.0000) | map_noise(attribute=PT08.S5(O3), percentage=0.05) };7.59634e-01;1.00000e+00;Pipeline { map_noise(attribute=RH, percentage=0.25) | map_noise(attribute=NOx(GT), percentage=0.25) | map_noise(attribute=PT08.S3(NOx), percentage=0.05) }
datasets/airQuality_parallel.csv;nsga2;3;30;3000;3000;1.49299e+02;100;1;1;1.00000e+00;1.00000e+00;1.00000e+00;7.78321e-01;1.00000e+00;Pipeline { map_noise(attribute=NOx(GT), percentage=0.25) | map_noise(attribute=T, percentage=0.25) | map_noise(attribute=PT08.S4(NO2), percentage=0.05) };7.52721e-01;1.00000e+00;Pipeline { map_noise(attribute=NOx(GT), percentage=0.25) | map_noise(attribute=T, percentage=0.10) | map_noise(attribute=PT08.S4(NO2), percentage=0.05) };7.64481e-01;6.45862e-01;Pipeline { map_noise(attribute=RH, percentage=0.10) | map_noise(attribute=CO(GT), percentage=0.25) | filter(T > 0.0000) | map_noise(attribute=PT08.S5(O3), percentage=0.01) };7.59634e-01;1.00000e+00;Pipeline { map_noise(attribute=RH, percentage=0.25) | map_noise(attribute=NOx(GT), percentage=0.25) | map_noise(attribute=PT08.S3(NOx), percentage=0.05) }
datasets/airQuality_parallel.csv;nsga2;3;31;3100;3100;1.53250e+02;100;1;1;1.00000e+00;1.00000e+00;1.00000e+00;7.78321e-01;1.00000e+00;Pipeline { map_noise(attribute=NOx(GT), percentage=0.25) | map_noise(attribute=T, percentage=0.25) | map_noise(attribute=PT08.S4(NO2), percentage=0.05) };7.52742e-01;1.00000e+00;Pipeline { map_noise(attribute=PT08.S2(NMHC), percentage=0.01) | map_noise(attribute=NOx(GT), percentage=0.10) | map_noise(attribute=PT08.S3(NOx), percentage=0.25) };7.65178e-01;7.49151e-01;Pipeline { map_noise(attribute=NMHC(GT), percentage=0.10) | map_noise(attribute=CO(GT), percentage=0.25) | filter(PT08.S4(NO2) > 0.0000) | map_noise(attribute=PT08.S5(O3), percentage=0.01) };7.59994e-01;1.00000e+00;Pipeline { map_noise(attribute=NOx(GT), percentage=0.25) | map_noise(attribute=NO2(GT), percentage=0.01) | map_noise(attribute=NOx(GT), percentage=0.05) }
datasets/airQuality_parallel.csv;nsga2;3;32;3200;3200;1.58386e+02;100;1;3;1.00000e+00;1.00000e+00;1.00000e+00;7.78321e-01;1.00000e+00;Pipeline { map_noise(attribute=NOx(GT), percentage=0.25) | map_noise(attribute=T, percentage=0.25) | map_noise(attribute=PT08.S4(NO2), percentage=0.05) };7.52994e-01;1.00000e+00;Pipeline { map_noise(attribute=PT08.S1(CO), percentage=0.05) | map_noise(attribute=NOx(GT), percentage=0.25) | map_noise(attribute=PT08.S5(O3), percentage=0.25) };7.65329e-01;9.49204e-01;Pipeline { map_noise(attribute=RH, percentage=0.25) | map_noise(attribute=PT08.S2(NMHC), percentage=0.10) | filter(PT08.S4(NO2) > 0.0000) | map_noise(attribute=PT08.S5(O3), percentage=0.05) };7.59994e-01;1.00000e+00;Pipeline { map_noise(attribute=NOx(GT), percentage=0.25) | map_noise(attribute=NO2(GT), percentage=0.01) | map_noise(attribute=NOx(GT), percentage=0.05) }
datasets/airQuality_parallel.csv;nsga2;3;33;3300;3300;1.62528e+02;100;1;1;1.00000e+00;1.00000e+00;1.00000e+00;7.78321e-01;1.00000e+00;Pipeline { map_noise(attribute=NOx(GT), percentage=0.25) | map_noise(attribute=T, percentage=0.25) | map_noise(attribute=PT08.S4(NO2), percentage=0.05) };7.52997e-01;1.00000e+00;Pipeline { map_noise(attribute=PT08.S4(NO2), percentage=0.25) | map_noise(attribute=AH, percentage=0.25) | map_noise(attribute=NOx(GT), percentage=0.10) };7.65727e-01;9.49204e-01;Pipeline { map_noise(attribute=PT08.S2(NMHC), percentage=0.10) | map_noise(attribute=PT08.S1(CO), percentage=0.10) | filter(T < 3240000000.0000) };7.60561e-01;1.00000e+00;Pipeline { map_noise(attribute=AH, percentage=0.05) | map_noise(attribute=C6H6(GT), percentage=0.05) | map_noise(attribute=NOx(GT), percentage=0.10) }
datasets/airQuality_parallel.csv;nsga2;3;34;3400;3400;1.66683e+02;100;1;1;1.00000e+00;1.00000e+00;1.00000e+00;7.78321e-01;1.00000e+00;Pipeline { map_noise(attribute=NOx(GT), percentage=0.25) | map_noise(attribute=T, percentage=0.25) | map_noise(attribute=PT08.S4(NO2), percentage=0.05) };7.53078e-01;1.00000e+00;Pipeline { map_noise(attribute=C6H6(GT), percentage=0.25) | map_noise(attribute=NO2(GT), percentage=0.01) | map_noise(attribute=NOx(GT), percentage=0.05) };7.66696e-01;9.49204e-01;Pipeline { map_noise(attribute=PT08.S2(NMHC), percentage=0.10) | map_noise(attribute=PT08.S1(CO), percentage=0.10) | filter(PT08.S5(O3) < 17000000.0000) };7.60818e-01;1.00000e+00;Pipeline { map_noise(attribute=NOx(GT), percentage=0.05) | map_noise(attribute=PT08.S2(NMHC), percentage=0.25) | map_noise(attribute=NOx(GT), percentage=0.10) }
datasets/airQuality_parallel.csv;nsga2;3;35;3500;3500;1.70547e+02;100;1;2;1.00000e+00;1.00000e+00;1.00000e+00;7.78321e-01;1.00000e+00;Pipeline { map_noise(attribute=NOx(GT), percentage=0.25) | map_noise(attribute=T, percentage=0.25) | map_noise(attribute=PT08.S4(NO2), percentage=0.05) };7.53091e-01;1.00000e+00;Pipeline { map_noise(attribute=NOx(GT), percentage=0.05) | map_noise(attribute=PT08.S2(NMHC), percentage=0.01) | map_noise(attribute=NOx(GT), percentage=0.10) };7.66899e-01;9.49309e-01;Pipeline { map_noise(attribute=NO2(GT), percentage=0.10) | map_noise(attribute=NOx(GT), percentage=0.25) | filter(PT08.S3(NOx) > 0.0001) | map_noise(attribute=PT08.S5(O3), percentage=0.25) };7.60818e-01;1.00000e+00;Pipeline { map_noise(attribute=NOx(GT), percentage=0.05) | map_noise(attribute=PT08.S2(NMHC), percentage=0.25) | map_noise(attribute=NOx(GT), percentage=0.10) }
datasets/airQuality_parallel.csv;nsga2;3;36;3600;3600;1.75692e+02;100;1;1;1.00000e+00;1.00000e+00;1.00000e+00;7.78321e-01;1.00000e+00;Pipeline { map_noise(attribute=NOx(GT), percentage=0.25) | map_noise(attribute=T, percentage=0.25) | map_noise(attribute=PT08.S4(NO2), percentage=0.05) };7.53095e-01;1.00000e+00;Pipeline { map_noise(attribute=NMHC(GT), percentage=0.01) | map_noise(attribute=NOx(GT), percentage=0.25) | map_noise(attribute=PT08.S5(O3), percentage=0.25) };7.66899e-01;9.49309e-01;Pipeline { map_noise(attribute=NO2(GT), percentage=0.10) | map_noise(attribute=NOx(GT), percentage=0.25) | filter(PT08.S3(NOx) > 0.0001) | map_noise(attribute=PT08.S5(O3), percentage=0.25) };7.60818e-01;1.00000e+00;Pipeline { map_noise(attribute=NOx(GT), percentage=0.05) | map_noise(attribute=PT08.S2(NMHC), percentage=0.25) | map_noise(attribute=NOx(GT), percentage=0.10) }
datasets/airQuality_parallel.csv;nsga2;3;37;3700;3700;1.80449e+02;100;1;2;1.00000e+00;1.00000e+00;1.00000e+00;7.78321e-01;1.00000e+00;Pipeline { map_noise(attribute=NOx(GT), percentage=0.25) | map_noise(attribute=T, percentage=0.25) | map_noise(attribute=PT08.S4(NO2), percentage=0.05) };7.53095e-01;1.00000e+00;Pipeline { map_noise(attribute=NMHC(GT), percentage=0.01) | map_noise(attribute=NOx(GT), percentage=0.25) | map_noise(attribute=PT08.S5(O3), percentage=0.25) };7.67132e-01;9.49321e-01;Pipeline { map_noise(attribute=NO2(GT), percentage=0.10) | map_noise(attribute=NOx(GT), percentage=0.25) | filter(PT08.S3(NOx) > 0.0001) | map_noise(attribute=PT08.S5(O3), percentage=0.05) };7.60818e-01;1.00000e+00;Pipeline { map_noise(attribute=NOx(GT), percentage=0.05) | map_noise(attribute=PT08.S2(NMHC), percentage=0.25) | map_noise(attribute=NOx(GT), percentage=0.10) }
datasets/airQuality_parallel.csv;nsga2;3;38;3800;3800;1.84925e+02;100;1;2;1.00000e+00;1.00000e+00;1.00000e+00;7.78321e-01;1.00000e+00;Pipeline { map_noise(attribute=NOx(GT), percentage=0.25) | map_noise(attribute=T, percentage=0.25) | map_noise(attribute=PT08.S4(NO2), percentage=0.05) };7.53367e-01;1.00000e+00;Pipeline { map_noise(attribute=PT08.S3(NOx), percentage=0.01) | map_noise(attribute=C6H6(GT), percentage=0.05) | map_noise(attribute=NOx(GT), percentage=0.10) };7.67196e-01;9.49204e-01;Pipeline { map_noise(attribute=PT08.S2(NMHC), percentage=0.10) | map_noise(attribute=AH, percentage=0.10) | filter(AH < 4.6500) };7.61679e-01;1.00000e+00;Pipeline { map_noise(attribute=AH, percentage=0.05) | map_noise(attribute=T, percentage=0.25) | map_noise(attribute=NOx(GT), percentage=0.10) }
datasets/airQuality_parallel.csv;nsga2;3;39;3900;3900;1.88640e+02;100;1;4;1.00000e+00;1.00000e+00;1.00000e+00;7.78321e-01;1.00000e+00;Pipeline { map_noise(attribute=NOx(GT), percentage=0.25) | map_noise(attribute=T, percentage=0.25) | map_noise(attribute=PT08.S4(NO2), percentage=0.05) };7.53797e-01;1.00000e+00;Pipeline { map_noise(attribute=PT08.S1(CO), percentage=0.01) | map_noise(attribute=NOx(GT), percentage=0.25) | map_noise(attribute=AH, percentage=0.25) };7.67446e-01;9.49204e-01;Pipeline { map_noise(attribute=PT08.S2(NMHC), percentage=0.10) | filter(PT08.S5(O3) > 0.0000) | map_noise(attribute=PT08.S5(O3), percentage=0.25) };7.61939e-01;1.00000e+00;Pipeline { map_noise(attribute=NOx(GT), percentage=0.25) | map_noise(attribute=NO2(GT), percentage=0.01) | map_noise(attribute=NMHC(GT), percentage=0.05) }
datasets/airQuality_parallel.csv;nsga2;3;40;4000;4000;1.92935e+02;100;1;1;1.00000e+00;1.00000e+00;1.00000e+00;7.78321e-01;1.00000e+00;Pipeline { map_noise(attribute=NOx(GT), percentage=0.25) | map_noise(attribute=T, percentage=0.25) | map_noise(attribute=PT08.S4(NO2), percentage=0.05) };7.53059e-01;1.00000e+00;Pipeline { map_noise(attribute=RH, percentage=0.05) | map_noise(attribute=NOx(GT), percentage=0.10) | map_noise(attribute=PT08.S3(NOx), percentage=0.05) };7.67922e-01;1.00000e+00;Pipeline { map_noise(attribute=RH, percentage=0.25) | map_noise(attribute=NOx(GT), percentage=0.25) | map_noise(attribute=NO2(GT), percentage=0.05) };7.61703e-01;1.00000e+00;Pipeline { map_noise(attribute=RH, percentage=0.05) | map_noise(attribute=NOx(GT), percentage=0.25) | map_noise(attribute=PT08.S3(NOx), percentage=0.05) }
datasets/airQuality_parallel.csv;nsga2;3;41;4100;4100;1.97335e+02;100;1;1;1.00000e+00;1.00000e+00;1.00000e+00;7.78321e-01;1.00000e+00;Pipeline { map_noise(attribute=NOx(GT), percentage=0.25) | map_noise(attribute=T, percentage=0.25) | map_noise(attribute=PT08.S4(NO2), percentage=0.05) };7.53897e-01;1.00000e+00;Pipeline { map_noise(attribute=RH, percentage=0.25) | map_noise(attribute=NOx(GT), percentage=0.25) | map_noise(attribute=PT08.S3(NOx), percentage=0.25) };7.67931e-01;7.55200e-01;Pipeline { map_noise(attribute=PT08.S2(NMHC), percentage=0.10) | map_noise(attribute=CO(GT), percentage=0.25) | filter(PT08.S5(O3) < 17000000.0000) };7.61939e-01;1.00000e+00;Pipeline { map_noise(attribute=NOx(GT), percentage=0.25) | map_noise(attribute=NO2(GT), percentage=0.01) | map_noise(attribute=NMHC(GT), percentage=0.05) }
datasets/airQuality_parallel.csv;nsga2;3;42;4200;4200;2.01893e+02;100;1;1;1.00000e+00;1.00000e+00;1.00000e+00;7.78321e-01;1.00000e+00;Pipeline { map_noise(attribute=NOx(GT), percentage=0.25) | map_noise(attribute=T, percentage=0.25) | map_noise(attribute=PT08.S4(NO2), percentage=0.05) };7.54089e-01;1.00000e+00;Pipeline { map_noise(attribute=PT08.S1(CO), percentage=0.01) | map_noise(attribute=NOx(GT), percentage=0.25) | map_noise(attribute=PT08.S5(O3), percentage=0.05) };7.68177e-01;9.49204e-01;Pipeline { map_noise(attribute=C6H6(GT), percentage=0.10) | map_noise(attribute=PT08.S1(CO), percentage=0.10) | filter(PT08.S5(O3) < 17000000.0000) };7.61939e-01;1.00000e+00;Pipeline { map_noise(attribute=NOx(GT), percentage=0.25) | map_noise(attribute=NO2(GT), percentage=0.01) | map_noise(attribute=NMHC(GT), percentage=0.05) }
datasets/airQuality_parallel.csv;nsga2;3;43;4300;4300;2.06054e+02;100;2;2;1.00000e+00;1.00000e+00;1.00000e+00;7.79985e-01;9.49204e-01;Pipeline { map_noise(attribute=NOx(GT), percentage=0.25) | map_noise(attribute=PT08.S2(NMHC), percentage=0.10) | filter(PT08.S4(NO2) > 4.9000) | map_noise(attribute=PT08.S5(O3), percentage=0.05) };7.54404e-01;1.00000e+00;Pipeline { map_noise(attribute=PT08.S4(NO2), percentage=0.01) | map_noise(attribute=NOx(GT), percentage=0.25) | map_noise(attribute=PT08.S3(NOx), percentage=0.05) };7.68434e-01;9.49204e-01;Pipeline { map_noise(attribute=NMHC(GT), percentage=0.10) | map_noise(attribute=PT08.S2(NMHC), percentage=0.10) | filter(PT08.S2(NMHC) > 2.0100) | map_noise(attribute=PT08.S5(O3), percentage=0.25) };7.63125e-01;1.00000e+00;Pipeline { map_noise(attribute=NOx(GT), percentage=0.25) | map_noise(attribute=T, percentage=0.25) | map_noise(attribute=PT08.S4(NO2), percentage=0.01) }
datasets/airQuality_parallel.csv;nsga2;3;44;4400;4400;2.11289e+02;100;2;1;1.00000e+00;1.00000e+00;1.00000e+00;7.79985e-01;9.49204e-01;Pipeline { map_noise(attribute=NOx(GT), percentage=0.25) | map_noise(attribute=PT08.S2(NMHC), percentage=0.10) | filter(PT08.S4(NO2) > 4.9000) | map_noise(attribute=PT08.S5(O3), percentage=0.05) };7.54404e-01;1.00000e+00;Pipeline { map_noise(attribute=PT08.S4(NO2), percentage=0.01) | map_noise(attribute=NOx(GT), percentage=0.25) | map_noise(attribute=PT08.S3(NOx), percentage=0.05) };7.68434e-01;9.49204e-01;Pipeline { map_noise(attribute=NMHC(GT), percentage=0.10) | map_noise(attribute=PT08.S2(NMHC), percentage=0.10) | filter(PT08.S2(NMHC) > 2.0100) | map_noise(attribute=PT08.S5(O3), percentage=0.25) };7.63125e-01;1.00000e+00;Pipeline { map_noise(attribute=NOx(GT), percentage=0.25) | map_noise(attribute=T, percentage=0.25) | map_noise(attribute=PT08.S4(NO2), percentage=0.01) }
datasets/airQuality_parallel.csv;nsga2;3;45;4500;4500;2.15712e+02;100;2;2;1.00000e+00;1.00000e+00;1.00000e+00;7.79985e-01;9.49204e-01;Pipeline { map_noise(attribute=NOx(GT), percentage=0.25) | map_noise(attribute=PT08.S2(NMHC), percentage=0.10) | filter(PT08.S4(NO2) > 4.9000) | map_noise(attribute=PT08.S5(O3), percentage=0.05) };7.55136e-01;1.00000e+00;Pipeline { map_noise(attribute=NOx(GT), percentage=0.05) | map_noise(attribute=RH, percentage=0.10) | map_noise(attribute=NOx(GT), percentage=0.10) };7.68434e-01;9.49204e-01;Pipeline { map_noise(attribute=NMHC(GT), percentage=0.10) | map_noise(attribute=PT08.S2(NMHC), percentage=0.10) | filter(PT08.S2(NMHC) > 2.0100) | map_noise(attribute=PT08.S5(O3), percentage=0.25) };7.63125e-01;1.00000e+00;Pipeline { map_noise(attribute=NOx(GT), percentage=0.25) | map_noise(attribute=T, percentage=0.25) | map_noise(attribute=PT08.S4(NO2), percentage=0.01) }
datasets/airQuality_parallel.csv;nsga2;3;46;4600;4600;2.20730e+02;100;2;4;1.00000e+00;1.00000e+00;1.00000e+00;7.79985e-01;9.49204e-01;Pipeline { map_noise(attribute=NOx(GT), percentage=0.25) | map_noise(attribute=PT08.S2(NMHC), percentage=0.10) | filter(PT08.S4(NO2) > 4.9000) | map_noise(attribute=PT08.S5(O3), percentage=0.05) };7.55435e-01;1.00000e+00;Pipeline { map_noise(attribute=PT08.S1(CO), percentage=0.01) | map_noise(attribute=NOx(GT), percentage=0.25) | map_noise(attribute=PT08.S5(O3), percentage=0.01) };7.68434e-01;9.49204e-01;Pipeline { map_noise(attribute=NMHC(GT), percentage=0.10) | map_noise(attribute=PT08.S2(NMHC), percentage=0.10) | filter(PT08.S2(NMHC) > 2.0100) | map_noise(attribute=PT08.S5(O3), percentage=0.25) };7.63125e-01;1.00000e+00;Pipeline { map_noise(attribute=NOx(GT), percentage=0.25) | map_noise(attribute=T, percentage=0.25) | map_noise(attribute=PT08.S4(NO2), percentage=0.01) }
datasets/airQuality_parallel.csv;nsga2;3;47;4700;4700;2.26258e+02;100;2;5;1.00000e+00;1.00000e+00;1.00000e+00;7.79985e-01;9.49204e-01;Pipeline { map_noise(attribute=NOx(GT), percentage=0.25) | map_noise(attribute=PT08.S2(NMHC), percentage=0.10) | filter(PT08.S4(NO2) > 4.9000) | map_noise(attribute=PT08.S5(O3), percentage=0.05) };7.55435e-01;1.00000e+00;Pipeline { map_noise(attribute=PT08.S1(CO), percentage=0.01) | map_noise(attribute=NOx(GT), percentage=0.25) | map_noise(attribute=PT08.S5(O3), percentage=0.01) };7.68486e-01;9.49204e-01;Pipeline { map_noise(attribute=NO2(GT), percentage=0.10) | map_noise(attribute=NOx(GT), percentage=0.25) | filter(PT08.S3(NOx) > 0.0001) | map_noise(attribute=AH, percentage=0.05) };7.63125e-01;1.00000e+00;Pipeline { map_noise(attribute=NOx(GT), percentage=0.25) | map_noise(attribute=T, percentage=0.25) | map_noise(attribute=PT08.S4(NO2), percentage=0.01) }
datasets/airQuality_parallel.csv;nsga2;3;48;4800;4800;2.30511e+02;100;2;4;1.00000e+00;1.00000e+00;1.00000e+00;7.79985e-01;9.49204e-01;Pipeline { map_noise(attribute=NOx(GT), percentage=0.25) | map_noise(attribute=PT08.S2(NMHC), percentage=0.10) | filter(PT08.S4(NO2) > 4.9000) | map_noise(attribute=PT08.S5(O3), percentage=0.05) };7.55435e-01;1.00000e+00;Pipeline { map_noise(attribute=PT08.S1(CO), percentage=0.01) | map_noise(attribute=NOx(GT), percentage=0.25) | map_noise(attribute=PT08.S5(O3), percentage=0.01) };7.68486e-01;9.49204e-01;Pipeline { map_noise(attribute=NO2(GT), percentage=0.10) | map_noise(attribute=NOx(GT), percentage=0.25) | filter(PT08.S3(NOx) > 0.0001) | map_noise(attribute=AH, percentage=0.05) };7.63125e-01;1.00000e+00;Pipeline { map_noise(attribute=NOx(GT), percentage=0.25) | map_noise(attribute=T, percentage=0.25) | map_noise(attribute=PT08.S4(NO2), percentage=0.01) }
datasets/airQuality_parallel.csv;nsga2;3;49;4900;4900;2.34390e+02;100;2;1;1.00000e+00;1.00000e+00;1.00000e+00;7.79985e-01;9.49204e-01;Pipeline { map_noise(attribute=NOx(GT), percentage=0.25) | map_noise(attribute=PT08.S2(NMHC), percentage=0.10) | filter(PT08.S4(NO2) > 4.9000) | map_noise(attribute=PT08.S5(O3), percentage=0.05) };7.56904e-01;1.00000e+00;Pipeline { map_noise(attribute=PT08.S2(NMHC), percentage=0.01) | map_noise(attribute=NOx(GT), percentage=0.10) | map_noise(attribute=NOx(GT), percentage=0.10) };7.68486e-01;9.49204e-01;Pipeline { map_noise(attribute=NO2(GT), percentage=0.10) | map_noise(attribute=NOx(GT), percentage=0.25) | filter(PT08.S3(NOx) > 0.0001) | map_noise(attribute=AH, percentage=0.05) };7.63125e-01;1.00000e+00;Pipeline { map_noise(attribute=NOx(GT), percentage=0.25) | map_noise(attribute=T, percentage=0.25) | map_noise(attribute=PT08.S4(NO2), percentage=0.01) }
datasets/airQuality_parallel.csv;nsga2;3;50;5000;5000;2.39426e+02;100;2;2;1.00000e+00;1.00000e+00;1.00000e+00;7.79985e-01;9.49204e-01;Pipeline { map_noise(attribute=NOx(GT), percentage=0.25) | map_noise(attribute=PT08.S2(NMHC), percentage=0.10) | filter(PT08.S4(NO2) > 4.9000) | map_noise(attribute=PT08.S5(O3), percentage=0.05) };7.56904e-01;1.00000e+00;Pipeline { map_noise(attribute=PT08.S2(NMHC), percentage=0.01) | map_noise(attribute=NOx(GT), percentage=0.10) | map_noise(attribute=NOx(GT), percentage=0.10) };7.68817e-01;9.49204e-01;Pipeline { map_noise(attribute=PT08.S2(NMHC), percentage=0.10) | map_noise(attribute=PT08.S1(CO), percentage=0.10) | filter(PT08.S1(CO) > 174.0000) };7.62018e-01;1.00000e+00;Pipeline { map_noise(attribute=NOx(GT), percentage=0.25) | map_noise(attribute=AH, percentage=0.25) | map_noise(attribute=PT08.S4(NO2), percentage=0.05) }
datasets/airQuality_parallel.csv;nsga2;4;1;100;100;6.36900e+00;100;4;58;9.70000e-01;9.70000e-01;3.70000e-01;8.05053e-01;4.11110e-01;Pipeline { filter(AH > 0.0054) | filter(PT08.S3(NOx) > 997.0000) | map_noise(attribute=NOx(GT), percentage=0.01) | filter(PT08.S1(CO) > 0.0098) | map_duplicate(probability=1.00) | map_noise(attribute=RH, percentage=0.10) | map_duplicate(probability=0.30) | map_duplicate(probability=0.80) | map_noise(attribute=T, percentage=0.25) | map_noise(attribute=NMHC(GT), percentage=0.10) };7.41322e-01;1.00000e+00;Pipeline { map_noise(attribute=NMHC(GT), percentage=0.01) };5.63772e-01;8.71891e-01;Pipeline { map_noise(attribute=PT08.S2(NMHC), percentage=0.25) | filter(RH < 1290.0000) | filter(PT08.S2(NMHC) > 0.0000) | filter(T > 0.0000) | map_duplicate(probability=0.40) };5.37603e-01;8.45240e-01;Pipeline { map_noise(attribute=RH, percentage=0.10) | filter(PT08.S3(NOx) < 74900.0000) | map_noise(attribute=RH, percentage=0.25) | map_duplicate(probability=0.50) }
datasets/airQuality_parallel.csv;nsga2;4;2;200;200;1.05340e+01;100;5;2;9.70000e-01;9.60000e-01;7.20000e-01;8.33971e-01;6.09859e-01;Pipeline { filter(NOx(GT) < 290.0000) | map_duplicate(probability=0.80) };7.26202e-01;1.00000e+00;Pipeline { map_noise(attribute=RH, percentage=0.10) | map_noise(attribute=NOx(GT), percentage=0.25) };7.41322e-01;1.00000e+00;Pipeline { map_noise(attribute=PT08.S4(NO2), percentage=0.10) };7.43942e-01;1.00000e+00;Pipeline { map_noise(attribute=PT08.S4(NO2), percentage=0.01) | map_noise(attribute=NOx(GT), percentage=0.05) }
datasets/airQuality_parallel.csv;nsga2;4;3;300;300;1.57440e+01;100;4;1;9.90000e-01;9.80000e-01;4.60000e-01;8.36294e-01;4.14646e-01;Pipeline { filter(AH > 0.0054) | filter(PT08.S3(NOx) > 997.0000) | map_noise(attribute=CO(GT), percentage=0.25) | filter(PT08.S1(CO) > 0.0098) | map_duplicate(probability=1.00) | map_noise(attribute=RH, percentage=0.10) | map_duplicate(probability=0.30) | map_duplicate(probability=0.80) | map_noise(attribute=T, percentage=0.25) | map_noise(attribute=NMHC(GT), percentage=0.10) };7.01246e-01;1.00000e+00;Pipeline { map_noise(attribute=NOx(GT), percentage=0.25) };7.41322e-01;1.00000e+00;Pipeline { map_noise(attribute=PT08.S1(CO), percentage=0.01) };7.41322e-01;1.00000e+00;Pipeline { map_noise(attribute=NMHC(GT), percentage=0.01) }
datasets/airQuality_parallel.csv;nsga2;4;4;400;400;2.18330e+01;100;6;63;1.00000e+00;1.00000e+00;4.00000e-01;8.36294e-01;4.14646e-01;Pipeline { filter(AH > 0.0054) | filter(PT08.S3(NOx) > 997.0000) | map_noise(attribute=CO(GT), percentage=0.25) | filter(PT08.S1(CO) > 0.0098) | map_duplicate(probability=1.00) | map_noise(attribute=RH, percentage=0.10) | map_duplicate(probability=0.30) | map_duplicate(probability=0.80) | map_noise(attribute=T, percentage=0.25) | map_noise(attribute=NMHC(GT), percentage=0.10) };7.41322e-01;1.00000e+00;Pipeline { map_noise(attribute=C6H6(GT), percentage=0.25) };7.48495e-01;9.44768e-01;Pipeline { map_noise(attribute=NO2(GT), percentage=0.25) | filter(AH < 4.3400) };7.41322e-01;1.00000e+00;Pipeline { map_noise(attribute=PT08.S3(NOx), percentage=0.01) | map_noise(attribute=PT08.S5(O3), percentage=0.01) }
datasets/airQuality_parallel.csv;nsga2;4;5;500;500;2.74540e+01;100;7;37;1.00000e+00;1.00000e+00;6.40000e-01;8.36294e-01;4.14646e-01;Pipeline { filter(AH > 0.0054) | filter(PT08.S3(NOx) > 997.0000) | map_noise(attribute=CO(GT), percentage=0.25) | filter(PT08.S1(CO) > 0.0098) | map_duplicate(probability=1.00) | map_noise(attribute=RH, percentage=0.10) | map_duplicate(probability=0.30) | map_duplicate(probability=0.80) | map_noise(attribute=T, percentage=0.25) | map_noise(attribute=NMHC(GT), percentage=0.10) };7.41322e-01;1.00000e+00;Pipeline { map_noise(attribute=C6H6(GT), percentage=0.25) | map_noise(attribute=PT08.S3(NOx), percentage=0.10) };7.61925e-01;9.42594e-01;Pipeline { map_duplicate(probability=0.10) | filter(PT08.S3(NOx) > 345.0000) | filter(PT08.S1(CO) < 8000000.0000) };7.41322e-01;1.00000e+00;Pipeline { map_noise(attribute=C6H6(GT), percentage=0.01) | map_noise(attribute=PT08.S5(O3), percentage=0.10) }
datasets/airQuality_parallel.csv;nsga2;4;6;600;600;3.09580e+01;100;8;6;1.00000e+00;1.00000e+00;9.50000e-01;8.37149e-01;4.13899e-01;Pipeline { filter(AH > 0.0054) | filter(PT08.S3(NOx) > 997.0000) | map_noise(attribute=CO(GT), percentage=0.25) | filter(PT08.S1(CO) > 0.0098) | map_duplicate(probability=1.00) | map_noise(attribute=NO2(GT), percentage=0.01) | map_duplicate(probability=0.30) | map_duplicate(probability=0.80) | map_noise(attribute=T, percentage=0.25) | map_noise(attribute=NMHC(GT), percentage=0.10) };7.41322e-01;1.00000e+00;Pipeline { map_noise(attribute=PT08.S4(NO2), percentage=0.01) | map_noise(attribute=NMHC(GT), percentage=0.10) };8.02788e-01;4.10825e-01;Pipeline { filter(PT08.S1(CO) > 0.0054) | filter(PT08.S3(NOx) > 997.0000) | map_noise(attribute=NOx(GT), percentage=0.01) | filter(PT08.S1(CO) > 0.0980) | map_duplicate(probability=1.00) | map_noise(attribute=RH, percentage=0.10) | map_duplicate(probability=0.30) | map_duplicate(probability=0.80) | map_noise(attribute=T, percentage=0.25) | map_noise(attribute=NMHC(GT), percentage=0.10) };7.41760e-01;9.49204e-01;Pipeline { map_noise(attribute=PT08.S4(NO2), percentage=0.25) | filter(PT08.S3(NOx) > 0.0000) }
datasets/airQuality_parallel.csv;nsga2;4;7;700;700;3.75780e+01;100;7;7;1.00000e+00;1.00000e+00;1.00000e+00;8.50307e-01;5.79795e-01;Pipeline { filter(NOx(GT) < 260.0000) | map_duplicate(probability=0.80) };7.43942e-01;1.00000e+00;Pipeline { map_noise(attribute=PT08.S4(NO2), percentage=0.01) | map_noise(attribute=NOx(GT), percentage=0.05) };8.06706e-01;4.09378e-01;Pipeline { filter(PT08.S1(CO) > 0.0052) | filter(PT08.S3(NOx) > 997.0000) | map_noise(attribute=NOx(GT), percentage=0.01) | filter(PT08.S1(CO) > 0.0098) | map_duplicate(probability=1.00) | map_noise(attribute=RH, percentage=0.10) | map_duplicate(probability=0.30) | map_duplicate(probability=0.80) | map_noise(attribute=T, percentage=0.25) | map_noise(attribute=NMHC(GT), percentage=0.10) };7.49722e-01;9.46492e-01;Pipeline { map_noise(attribute=CO(GT), percentage=0.05) | map_noise(attribute=NOx(GT), percentage=0.10) }
datasets/airQuality_parallel.csv;nsga2;4;8;800;800;4.32230e+01;100;7;4;1.00000e+00;1.00000e+00;1.00000e+00;8.50307e-01;5.79795e-01;Pipeline { filter(NOx(GT) < 260.0000) | map_duplicate(probability=0.80) };7.46275e-01;1.00000e+00;Pipeline { map_noise(attribute=PT08.S2(NMHC), percentage=0.01) | map_noise(attribute=NOx(GT), percentage=0.10) };8.12709e-01;4.13179e-01;Pipeline { filter(AH > 0.0054) | filter(PT08.S3(NOx) > 997.0000) | map_noise(attribute=CO(GT), percentage=0.25) | filter(PT08.S1(CO) > 0.0092) | map_duplicate(probability=1.00) | map_noise(attribute=RH, percentage=0.10) | map_duplicate(probability=0.30) | map_duplicate(probability=0.80) | map_noise(attribute=T, percentage=0.25) | map_noise(attribute=NMHC(GT), percentage=0.10) };7.60768e-01;9.47324e-01;Pipeline { map_duplicate(probability=0.10) | filter(PT08.S3(NOx) > 340.0000) | filter(PT08.S1(CO) < 800000000.0000) }
datasets/airQuality_parallel.csv;nsga2;4;9;900;900;5.14160e+01;100;7;3;1.00000e+00;1.00000e+00;1.00000e+00;8.69109e-01;5.95559e-01;Pipeline { filter(NOx(GT) < 270.0000) | map_duplicate(probability=0.80) };7.46853e-01;1.00000e+00;Pipeline { map_noise(attribute=NOx(GT), percentage=0.01) | map_noise(attribute=C6H6(GT), percentage=0.10) };8.17645e-01;4.21019e-01;Pipeline { filter(AH > 0.0000) | filter(PT08.S3(NOx) > 997.0000) | map_noise(attribute=CO(GT), percentage=0.25) | filter(PT08.S1(CO) > 0.0098) | map_duplicate(probability=1.00) | map_noise(attribute=CO(GT), percentage=0.10) | map_duplicate(probability=0.30) | map_duplicate(probability=0.80) | map_noise(attribute=T, percentage=0.25) | map_noise(attribute=T, percentage=0.05) };7.57774e-01;9.44085e-01;Pipeline { map_duplicate(probability=0.10) | filter(PT08.S3(NOx) > 345.0000) | filter(PT08.S4(NO2) < 38000000.0000) }
datasets/airQuality_parallel.csv;nsga2;4;10;1000;1000;5.85030e+01;100;6;13;1.00000e+00;1.00000e+00;1.00000e+00;8.69109e-01;5.95559e-01;Pipeline { filter(NOx(GT) < 270.0000) | map_duplicate(probability=0.80) };7.49023e-01;1.00000e+00;Pipeline { map_noise(attribute=NOx(GT), percentage=0.05) | map_noise(attribute=C6H6(GT), percentage=0.10) };8.15490e-01;4.16654e-01;Pipeline { filter(AH > 0.0054) | filter(PT08.S3(NOx) > 997.0000) | map_noise(attribute=CO(GT), percentage=0.25) | filter(PT08.S1(CO) > 0.0098) | map_duplicate(probability=1.00) | map_noise(attribute=CO(GT), percentage=0.10) | map_duplicate(probability=0.30) | map_duplicate(probability=0.80) | map_noise(attribute=AH, percentage=0.05) | map_noise(attribute=PT08.S2(NMHC), percentage=0.10) };7.60229e-01;9.42279e-01;Pipeline { map_duplicate(probability=0.10) | filter(PT08.S3(NOx) > 340.0000) | filter(PT08.S3(NOx) > 299.0000) }
datasets/airQuality_parallel.csv;nsga2;4;11;1100;1100;6.45090e+01;100;6;3;1.00000e+00;1.00000e+00;1.00000e+00;8.69109e-01;5.95559e-01;Pipeline { filter(NOx(GT) < 270.0000) | map_duplicate(probability=0.80) };7.49023e-01;1.00000e+00;Pipeline { map_noise(attribute=NOx(GT), percentage=0.05) | map_noise(attribute=C6H6(GT), percentage=0.10) };8.17645e-01;4.21019e-01;Pipeline { filter(AH > 0.0000) | filter(PT08.S3(NOx) > 997.0000) | map_noise(attribute=CO(GT), percentage=0.25) | filter(PT08.S1(CO) > 0.0098) | map_duplicate(probability=1.00) | map_noise(attribute=CO(GT), percentage=0.10) | map_duplicate(probability=0.30) | map_duplicate(probability=0.80) | map_noise(attribute=T, percentage=0.25) | map_noise(attribute=T, percentage=0.05) };7.64096e-01;9.41155e-01;Pipeline { map_duplicate(probability=0.10) | filter(PT08.S3(NOx) > 340.0000) | filter(PT08.S1(CO) < 48000000.0000) }
datasets/airQuality_parallel.csv;nsga2;4;12;1200;1200;6.86100e+01;100;7;24;1.00000e+00;1.00000e+00;1.00000e+00;8.69109e-01;5.95559e-01;Pipeline { filter(NOx(GT) < 270.0000) | map_duplicate(probability=0.80) };7.49441e-01;1.00000e+00;Pipeline { map_noise(attribute=PT08.S5(O3), percentage=0.05) | map_noise(attribute=NOx(GT), percentage=0.10) };8.17645e-01;4.21019e-01;Pipeline { filter(AH > 0.0000) | filter(PT08.S3(NOx) > 997.0000) | map_noise(attribute=CO(GT), percentage=0.25) | filter(PT08.S1(CO) > 0.0098) | map_duplicate(probability=1.00) | map_noise(attribute=CO(GT), percentage=0.10) | map_duplicate(probability=0.30) | map_duplicate(probability=0.80) | map_noise(attribute=T, percentage=0.25) | map_noise(attribute=T, percentage=0.05) };7.64096e-01;9.41155e-01;Pipeline { map_duplicate(probability=0.10) | filter(PT08.S3(NOx) > 340.0000) | filter(PT08.S1(CO) < 48000000.0000) }
datasets/airQuality_parallel.csv;nsga2;4;13;1300;1300;7.30110e+01;100;8;17;1.00000e+00;1.00000e+00;1.00000e+00;8.69109e-01;5.95559e-01;Pipeline { filter(NOx(GT) < 270.0000) | map_duplicate(probability=0.80) };7.49807e-01;1.00000e+00;Pipeline { map_noise(attribute=NMHC(GT), percentage=0.25) | map_noise(attribute=NOx(GT), percentage=0.05) };8.19332e-01;4.19699e-01;Pipeline { filter(AH > 0.0000) | filter(PT08.S3(NOx) > 997.0000) | map_noise(attribute=CO(GT), percentage=0.25) | filter(PT08.S1(CO) > 0.9400) | map_duplicate(probability=1.00) | map_noise(attribute=RH, percentage=0.10) | map_duplicate(probability=0.30) | map_duplicate(probability=0.80) | map_noise(attribute=T, percentage=0.25) | map_noise(attribute=C6H6(GT), percentage=0.01) };7.64096e-01;9.41155e-01;Pipeline { map_duplicate(probability=0.10) | filter(PT08.S3(NOx) > 340.0000) | filter(PT08.S1(CO) < 48000000.0000) }
datasets/airQuality_parallel.csv;nsga2;4;14;1400;1400;7.93370e+01;100;9;9;1.00000e+00;1.00000e+00;1.00000e+00;8.69109e-01;5.95559e-01;Pipeline { filter(NOx(GT) < 270.0000) | map_duplicate(probability=0.80) };7.49807e-01;1.00000e+00;Pipeline { map_noise(attribute=NMHC(GT), percentage=0.25) | map_noise(attribute=NOx(GT), percentage=0.05) };8.18522e-01;7.73010e-01;Pipeline { map_duplicate(probability=0.10) | filter(PT08.S3(NOx) > 490.0000) | filter(PT08.S1(CO) < 42200000.0000) };7.64096e-01;9.41155e-01;Pipeline { map_duplicate(probability=0.10) | filter(PT08.S3(NOx) > 340.0000) | filter(PT08.S1(CO) < 48000000.0000) }
datasets/airQuality_parallel.csv;nsga2;4;15;1500;1500;8.63480e+01;100;9;10;1.00000e+00;1.00000e+00;1.00000e+00;8.69109e-01;5.95559e-01;Pipeline { filter(NOx(GT) < 270.0000) | map_duplicate(probability=0.80) };7.49807e-01;1.00000e+00;Pipeline { map_noise(attribute=NMHC(GT), percentage=0.25) | map_noise(attribute=NOx(GT), percentage=0.05) };8.20869e-01;4.24865e-01;Pipeline { filter(AH > 0.0054) | filter(PT08.S3(NOx) > 997.0000) | map_noise(attribute=CO(GT), percentage=0.25) | filter(PT08.S1(CO) > 0.9400) | map_duplicate(probability=1.00) | map_noise(attribute=RH, percentage=0.10) | map_duplicate(probability=0.30) | map_duplicate(probability=0.80) | map_noise(attribute=T, percentage=0.25) | map_noise(attribute=C6H6(GT), percentage=0.01) };7.62467e-01;9.41194e-01;Pipeline { map_duplicate(probability=0.10) | filter(PT08.S3(NOx) > 347.0000) | filter(PT08.S1(CO) < 43000000.0000) }
datasets/airQuality_parallel.csv;nsga2;4;16;1600;1600;9.36250e+01;100;9;12;1.00000e+00;1.00000e+00;1.00000e+00;8.69109e-01;5.95559e-01;Pipeline { filter(NOx(GT) < 270.0000) | map_duplicate(probability=0.80) };7.48092e-01;1.00000e+00;Pipeline { map_noise(attribute=PT08.S3(NOx), percentage=0.01) | map_noise(attribute=NOx(GT), percentage=0.10) };8.21685e-01;4.20050e-01;Pipeline { filter(AH > 0.0053) | filter(PT08.S3(NOx) > 995.0000) | map_noise(attribute=CO(GT), percentage=0.25) | filter(PT08.S2(NMHC) > 0.0000) | map_duplicate(probability=1.00) | map_noise(attribute=RH, percentage=0.10) | map_duplicate(probability=0.30) | map_duplicate(probability=0.80) | map_noise(attribute=T, percentage=0.25) | map_noise(attribute=NO2(GT), percentage=0.05) };7.71988e-01;9.41608e-01;Pipeline { map_noise(attribute=PT08.S5(O3), percentage=0.10) | filter(PT08.S3(NOx) > 344.0000) | filter(PT08.S1(CO) < 42000000.0000) }
datasets/airQuality_parallel.csv;nsga2;4;17;1700;1700;9.99810e+01;100;8;6;1.00000e+00;1.00000e+00;1.00000e+00;8.69109e-01;5.95559e-01;Pipeline { filter(NOx(GT) < 270.0000) | map_duplicate(probability=0.80) };7.41322e-01;1.00000e+00;Pipeline { map_noise(attribute=PT08.S4(NO2), percentage=0.01) | map_noise(attribute=NMHC(GT), percentage=0.01) };8.22587e-01;4.19764e-01;Pipeline { filter(T > 0.0054) | filter(PT08.S3(NOx) > 997.0000) | map_noise(attribute=CO(GT), percentage=0.25) | filter(PT08.S1(CO) > 0.0098) | map_duplicate(probability=1.00) | map_noise(attribute=RH, percentage=0.10) | map_duplicate(probability=0.30) | map_duplicate(probability=0.80) | map_noise(attribute=T, percentage=0.25) | map_noise(attribute=PT08.S3(NOx), percentage=0.01) };7.60922e-01;9.43359e-01;Pipeline { map_duplicate(probability=0.10) | filter(PT08.S3(NOx) > 340.0000) | filter(PT08.S1(CO) < 480000.0000) }
datasets/airQuality_parallel.csv;nsga2;4;18;1800;1800;1.05787e+02;100;9;8;1.00000e+00;1.00000e+00;1.00000e+00;8.69109e-01;5.95559e-01;Pipeline { filter(NOx(GT) < 270.0000) | map_duplicate(probability=0.80) };7.51011e-01;1.00000e+00;Pipeline { map_noise(attribute=RH, percentage=0.05) | map_noise(attribute=NOx(GT), percentage=0.10) };8.24549e-01;4.21968e-01;Pipeline { filter(AH > 0.0054) | filter(PT08.S3(NOx) > 997.0000) | map_noise(attribute=CO(GT), percentage=0.25) | filter(PT08.S1(CO) > 0.0098) | map_duplicate(probability=1.00) | map_noise(attribute=CO(GT), percentage=0.01) | map_duplicate(probability=0.30) | map_duplicate(probability=0.80) | map_noise(attribute=T, percentage=0.25) | map_noise(attribute=NMHC(GT), percentage=0.10) };7.61925e-01;9.42594e-01;Pipeline { map_duplicate(probability=0.10) | filter(PT08.S3(NOx) > 345.0000) | filter(PT08.S1(CO) < 8000000.0000) }
datasets/airQuality_parallel.csv;nsga2;4;19;1900;1900;1.11901e+02;100;10;10;1.00000e+00;1.00000e+00;1.00000e+00;8.69109e-01;5.95559e-01;Pipeline { filter(NOx(GT) < 270.0000) | map_duplicate(probability=0.80) };7.51011e-01;1.00000e+00;Pipeline { map_noise(attribute=RH, percentage=0.05) | map_noise(attribute=NOx(GT), percentage=0.10) };8.25067e-01;4.18123e-01;Pipeline { filter(AH > 0.0053) | filter(PT08.S3(NOx) > 997.0000) | map_noise(attribute=CO(GT), percentage=0.25) | filter(PT08.S1(CO) > 0.0098) | map_duplicate(probability=1.00) | map_noise(attribute=RH, percentage=0.10) | map_duplicate(probability=0.30) | map_duplicate(probability=0.80) | map_noise(attribute=C6H6(GT), percentage=0.01) | map_noise(attribute=NMHC(GT), percentage=0.10) };7.61925e-01;9.42594e-01;Pipeline { map_duplicate(probability=0.10) | filter(PT08.S3(NOx) > 345.0000) | filter(PT08.S1(CO) < 8000000.0000) }
datasets/airQuality_parallel.csv;nsga2;4;20;2000;2000;1.18347e+02;100;10;10;1.00000e+00;1.00000e+00;1.00000e+00;8.69109e-01;5.95559e-01;Pipeline { filter(NOx(GT) < 270.0000) | map_duplicate(probability=0.80) };7.51969e-01;1.00000e+00;Pipeline { map_noise(attribute=NOx(GT), percentage=0.10) | map_noise(attribute=PT08.S3(NOx), percentage=0.10) };8.25067e-01;4.18123e-01;Pipeline { filter(AH > 0.0053) | filter(PT08.S3(NOx) > 997.0000) | map_noise(attribute=CO(GT), percentage=0.25) | filter(PT08.S1(CO) > 0.0098) | map_duplicate(probability=1.00) | map_noise(attribute=RH, percentage=0.10) | map_duplicate(probability=0.30) | map_duplicate(probability=0.80) | map_noise(attribute=C6H6(GT), percentage=0.01) | map_noise(attribute=NMHC(GT), percentage=0.10) };7.61925e-01;9.42594e-01;Pipeline { map_duplicate(probability=0.10) | filter(PT08.S3(NOx) > 345.0000) | filter(PT08.S1(CO) < 8000000.0000) }
datasets/airQuality_parallel.csv;nsga2;4;21;2100;2100;1.25492e+02;100;10;6;1.00000e+00;1.00000e+00;1.00000e+00;8.69109e-01;5.95559e-01;Pipeline { filter(NOx(GT) < 270.0000) | map_duplicate(probability=0.80) };7.53014e-01;1.00000e+00;Pipeline { map_noise(attribute=NOx(GT), percentage=0.05) | map_noise(attribute=NOx(GT), percentage=0.10) };8.25138e-01;4.21712e-01;Pipeline { filter(AH > 0.0053) | filter(PT08.S3(NOx) > 990.0000) | map_noise(attribute=CO(GT), percentage=0.25) | filter(PT08.S1(CO) > 0.0098) | map_duplicate(probability=1.00) | map_noise(attribute=RH, percentage=0.10) | map_duplicate(probability=0.30) | map_duplicate(probability=0.80) | map_noise(attribute=T, percentage=0.25) | map_noise(attribute=NMHC(GT), percentage=0.10) };7.61925e-01;9.42594e-01;Pipeline { map_duplicate(probability=0.10) | filter(PT08.S3(NOx) > 345.0000) | filter(PT08.S1(CO) < 8000000.0000) }
datasets/airQuality_parallel.csv;nsga2;4;22;2200;2200;1.31062e+02;100;11;1;1.00000e+00;1.00000e+00;1.00000e+00;8.69109e-01;5.95559e-01;Pipeline { filter(NOx(GT) < 270.0000) | map_duplicate(probability=0.80) };7.53014e-01;1.00000e+00;Pipeline { map_noise(attribute=NOx(GT), percentage=0.05) | map_noise(attribute=NOx(GT), percentage=0.10) };8.25138e-01;4.21712e-01;Pipeline { filter(AH > 0.0053) | filter(PT08.S3(NOx) > 990.0000) | map_noise(attribute=CO(GT), percentage=0.25) | filter(PT08.S1(CO) > 0.0098) | map_duplicate(probability=1.00) | map_noise(attribute=RH, percentage=0.10) | map_duplicate(probability=0.30) | map_duplicate(probability=0.80) | map_noise(attribute=T, percentage=0.25) | map_noise(attribute=NMHC(GT), percentage=0.10) };7.62776e-01;9.42243e-01;Pipeline { map_duplicate(probability=0.10) | filter(PT08.S3(NOx) > 345.0000) | filter(PT08.S1(CO) < 8400000.0000) }
datasets/airQuality_parallel.csv;nsga2;4;23;2300;2300;1.34503e+02;100;12;18;1.00000e+00;1.00000e+00;1.00000e+00;8.69109e-01;5.95559e-01;Pipeline { filter(NOx(GT) < 270.0000) | map_duplicate(probability=0.80) };7.53169e-01;1.00000e+00;Pipeline { map_noise(attribute=PT08.S4(NO2), percentage=0.10) | map_noise(attribute=NOx(GT), percentage=0.10) };8.25138e-01;4.21712e-01;Pipeline { filter(AH > 0.0053) | filter(PT08.S3(NOx) > 990.0000) | map_noise(attribute=CO(GT), percentage=0.25) | filter(PT08.S1(CO) > 0.0098) | map_duplicate(probability=1.00) | map_noise(attribute=RH, percentage=0.10) | map_duplicate(probability=0.30) | map_duplicate(probability=0.80) | map_noise(attribute=T, percentage=0.25) | map_noise(attribute=NMHC(GT), percentage=0.10) };7.62467e-01;9.41767e-01;Pipeline { map_duplicate(probability=0.10) | filter(PT08.S3(NOx) > 340.0000) | filter(PT08.S1(CO) < 8000000.0000) }
datasets/airQuality_parallel.csv;nsga2;4;24;2400;2400;1.41779e+02;100;9;5;1.00000e+00;1.00000e+00;1.00000e+00;8.69109e-01;5.95559e-01;Pipeline { filter(NOx(GT) < 270.0000) | map_duplicate(probability=0.80) };7.49847e-01;1.00000e+00;Pipeline { map_noise(attribute=NOx(GT), percentage=0.05) | map_noise(attribute=C6H6(GT), percentage=0.10) };8.27414e-01;5.71957e-01;Pipeline { filter(NOx(GT) < 250.0000) | map_duplicate(probability=0.80) };7.62776e-01;9.42243e-01;Pipeline { map_duplicate(probability=0.10) | filter(PT08.S3(NOx) > 345.0000) | filter(PT08.S1(CO) < 8400000.0000) }
datasets/airQuality_parallel.csv;nsga2;4;25;2500;2500;1.48096e+02;100;11;4;1.00000e+00;1.00000e+00;1.00000e+00;8.69109e-01;5.95559e-01;Pipeline { filter(NOx(GT) < 270.0000) | map_duplicate(probability=0.80) };7.53169e-01;1.00000e+00;Pipeline { map_noise(attribute=PT08.S4(NO2), percentage=0.10) | map_noise(attribute=NOx(GT), percentage=0.10) };8.27414e-01;5.71957e-01;Pipeline { filter(NOx(GT) < 250.0000) | map_duplicate(probability=0.80) };7.62776e-01;9.42243e-01;Pipeline { map_duplicate(probability=0.10) | filter(PT08.S3(NOx) > 345.0000) | filter(PT08.S1(CO) < 8400000.0000) }
datasets/airQuality_parallel.csv;nsga2;4;26;2600;2600;1.54085e+02;100;11;3;1.00000e+00;1.00000e+00;1.00000e+00;8.69109e-01;5.95559e-01;Pipeline { filter(NOx(GT) < 270.0000) | map_duplicate(probability=0.80) };7.54127e-01;1.00000e+00;Pipeline { map_noise(attribute=PT08.S5(O3), percentage=0.25) | map_noise(attribute=NOx(GT), percentage=0.10) };8.27755e-01;4.16936e-01;Pipeline { filter(AH > 0.0054) | filter(PT08.S3(NOx) > 997.0000) | map_noise(attribute=CO(GT), percentage=0.25) | filter(PT08.S1(CO) > 0.0000) | map_duplicate(probability=1.00) | map_noise(attribute=PT08.S3(NOx), percentage=0.01) | map_duplicate(probability=0.30) | map_duplicate(probability=0.80) | map_noise(attribute=T, percentage=0.25) | map_noise(attribute=NMHC(GT), percentage=0.10) };7.75332e-01;9.41608e-01;Pipeline { map_noise(attribute=PT08.S2(NMHC), percentage=0.10) | filter(PT08.S3(NOx) > 344.0000) | filter(PT08.S1(CO) < 6020.0000) }
datasets/airQuality_parallel.csv;nsga2;4;27;2700;2700;1.60270e+02;100;12;16;1.00000e+00;1.00000e+00;9.90000e-01;8.69109e-01;5.95559e-01;Pipeline { filter(NOx(GT) < 270.0000) | map_duplicate(probability=0.80) };7.54276e-01;1.00000e+00;Pipeline { map_noise(attribute=NO2(GT), percentage=0.01) | map_noise(attribute=NOx(GT), percentage=0.10) };8.27968e-01;4.18937e-01;Pipeline { filter(AH > 0.0054) | filter(PT08.S3(NOx) > 997.0000) | map_noise(attribute=CO(GT), percentage=0.25) | filter(PT08.S2(NMHC) < 3350.0000) | map_duplicate(probability=1.00) | map_noise(attribute=RH, percentage=0.10) | map_duplicate(probability=0.30) | map_duplicate(probability=0.80) | map_noise(attribute=T, percentage=0.25) | map_noise(attribute=NMHC(GT), percentage=0.10) };7.75806e-01;9.41608e-01;Pipeline { map_noise(attribute=PT08.S5(O3), percentage=0.25) | filter(PT08.S3(NOx) > 344.0000) | filter(PT08.S1(CO) < 42900000.0000) }
datasets/airQuality_parallel.csv;nsga2;4;28;2800;2800;1.65048e+02;100;14;9;1.00000e+00;1.00000e+00;9.90000e-01;8.69109e-01;5.95559e-01;Pipeline { filter(NOx(GT) < 270.0000) | map_duplicate(probability=0.80) };7.54323e-01;1.00000e+00;Pipeline { map_noise(attribute=NOx(GT), percentage=0.10) | map_noise(attribute=C6H6(GT), percentage=0.25) };8.27414e-01;5.71957e-01;Pipeline { filter(NOx(GT) < 250.0000) | map_duplicate(probability=0.80) };7.75806e-01;9.41608e-01;Pipeline { map_noise(attribute=PT08.S5(O3), percentage=0.25) | filter(PT08.S3(NOx) > 344.0000) | filter(PT08.S1(CO) < 42900000.0000) }
datasets/airQuality_parallel.csv;nsga2;4;29;2900;2900;1.69853e+02;100;15;2;1.00000e+00;1.00000e+00;9.90000e-01;8.69109e-01;5.95559e-01;Pipeline { filter(NOx(GT) < 270.0000) | map_duplicate(probability=0.80) };7.54323e-01;1.00000e+00;Pipeline { map_noise(attribute=NOx(GT), percentage=0.10) | map_noise(attribute=C6H6(GT), percentage=0.25) };8.27414e-01;5.71957e-01;Pipeline { filter(NOx(GT) < 250.0000) | map_duplicate(probability=0.80) };7.76154e-01;9.41608e-01;Pipeline { map_noise(attribute=PT08.S2(NMHC), percentage=0.10) | filter(PT08.S3(NOx) > 344.0000) | filter(PT08.S1(CO) < 4020.0000) }
datasets/airQuality_parallel.csv;nsga2;4;30;3000;3000;1.73319e+02;100;16;15;1.00000e+00;1.00000e+00;9.90000e-01;8.69109e-01;5.95559e-01;Pipeline { filter(NOx(GT) < 270.0000) | map_duplicate(probability=0.80) };7.55300e-01;1.00000e+00;Pipeline { map_noise(attribute=NOx(GT), percentage=0.10) | map_noise(attribute=RH, percentage=0.01) };8.24403e-01;4.33542e-01;Pipeline { filter(PT08.S3(NOx) > 0.0064) | filter(PT08.S3(NOx) > 993.0000) | map_noise(attribute=CO(GT), percentage=0.25) | filter(C6H6(GT) < 3450.0000) | map_duplicate(probability=1.00) | map_noise(attribute=RH, percentage=0.10) | map_duplicate(probability=0.30) | map_duplicate(probability=0.80) | map_noise(attribute=CO(GT), percentage=0.25) | map_noise(attribute=PT08.S4(NO2), percentage=0.10) };7.76154e-01;9.41608e-01;Pipeline { map_noise(attribute=PT08.S2(NMHC), percentage=0.10) | filter(PT08.S3(NOx) > 344.0000) | filter(PT08.S1(CO) < 4020.0000) }
datasets/airQuality_parallel.csv;nsga2;4;31;3100;3100;1.78728e+02;100;20;8;1.00000e+00;1.00000e+00;9.90000e-01;8.69109e-01;5.95559e-01;Pipeline { filter(NOx(GT) < 270.0000) | map_duplicate(probability=0.80) };7.55300e-01;1.00000e+00;Pipeline { map_noise(attribute=NOx(GT), percentage=0.10) | map_noise(attribute=RH, percentage=0.01) };8.22221e-01;4.37078e-01;Pipeline { filter(PT08.S3(NOx) > 0.0054) | filter(PT08.S3(NOx) > 993.0000) | map_noise(attribute=CO(GT), percentage=0.25) | filter(C6H6(GT) < 3450.0000) | map_duplicate(probability=1.00) | map_noise(attribute=RH, percentage=0.10) | map_duplicate(probability=0.30) | map_duplicate(probability=0.80) | map_noise(attribute=CO(GT), percentage=0.25) | map_noise(attribute=PT08.S3(NOx), percentage=0.10) };7.76793e-01;9.41608e-01;Pipeline { map_noise(attribute=PT08.S2(NMHC), percentage=0.10) | filter(PT08.S3(NOx) > 344.0000) | filter(PT08.S1(CO) < 7020.0000) }
datasets/airQuality_parallel.csv;nsga2;4;32;3200;3200;1.85817e+02;100;24;20;1.00000e+00;1.00000e+00;9.90000e-01;8.70130e-01;5.57932e-01;Pipeline { filter(NOx(GT) < 230.0000) | map_duplicate(probability=1.00) };7.56864e-01;1.00000e+00;Pipeline { map_noise(attribute=NOx(GT), percentage=0.10) | map_noise(attribute=C6H6(GT), percentage=0.10) };8.22221e-01;4.37078e-01;Pipeline { filter(PT08.S3(NOx) > 0.0054) | filter(PT08.S3(NOx) > 993.0000) | map_noise(attribute=CO(GT), percentage=0.25) | filter(C6H6(GT) < 3450.0000) | map_duplicate(probability=1.00) | map_noise(attribute=RH, percentage=0.10) | map_duplicate(probability=0.30) | map_duplicate(probability=0.80) | map_noise(attribute=CO(GT), percentage=0.25) | map_noise(attribute=PT08.S3(NOx), percentage=0.10) };7.81814e-01;9.36050e-01;Pipeline { map_noise(attribute=NO2(GT), percentage=0.25) | filter(PT08.S3(NOx) > 344.0000) | filter(PT08.S1(CO) > 0.0086) }
datasets/airQuality_parallel.csv;nsga2;4;33;3300;3300;1.89243e+02;100;26;11;1.00000e+00;1.00000e+00;1.00000e+00;8.70130e-01;5.57932e-01;Pipeline { filter(NOx(GT) < 230.0000) | map_duplicate(probability=1.00) };7.56864e-01;1.00000e+00;Pipeline { map_noise(attribute=NOx(GT), percentage=0.10) | map_noise(attribute=C6H6(GT), percentage=0.10) };8.18872e-01;7.75889e-01;Pipeline { map_duplicate(probability=0.10) | filter(PT08.S3(NOx) > 490.0000) | filter(PT08.S1(CO) < 32000000.0000) };7.89995e-01;9.07774e-01;Pipeline { map_noise(attribute=PT08.S1(CO), percentage=0.10) | filter(PT08.S3(NOx) > 330.0000) | filter(CO(GT) < 236000.0000) | map_duplicate(probability=0.30) }
datasets/airQuality_parallel.csv;nsga2;4;34;3400;3400;1.93036e+02;100;29;9;1.00000e+00;1.00000e+00;1.00000e+00;8.70130e-01;5.57932e-01;Pipeline { filter(NOx(GT) < 230.0000) | map_duplicate(probability=1.00) };7.56864e-01;1.00000e+00;Pipeline { map_noise(attribute=NOx(GT), percentage=0.10) | map_noise(attribute=C6H6(GT), percentage=0.10) };8.17821e-01;7.75270e-01;Pipeline { map_duplicate(probability=0.10) | filter(PT08.S3(NOx) > 490.0000) | filter(PT08.S1(CO) < 49200000.0000) };7.87171e-01;9.04089e-01;Pipeline { map_noise(attribute=PT08.S2(NMHC), percentage=0.05) | filter(PT08.S3(NOx) > 350.0000) | filter(CO(GT) < 47400000.0000) | map_duplicate(probability=0.30) }
datasets/airQuality_parallel.csv;nsga2;4;35;3500;3500;1.96062e+02;100;30;9;1.00000e+00;1.00000e+00;1.00000e+00;8.70130e-01;5.57932e-01;Pipeline { filter(NOx(GT) < 230.0000) | map_duplicate(probability=1.00) };7.56864e-01;1.00000e+00;Pipeline { map_noise(attribute=NOx(GT), percentage=0.10) | map_noise(attribute=C6H6(GT), percentage=0.10) };8.18697e-01;7.80739e-01;Pipeline { map_duplicate(probability=0.10) | filter(PT08.S3(NOx) > 480.0000) | filter(AH < 32700000.0000) };7.80583e-01;9.31373e-01;Pipeline { map_noise(attribute=NO2(GT), percentage=0.25) | filter(PT08.S3(NOx) > 344.0000) | filter(PT08.S1(CO) < 2030.0000) }
datasets/airQuality_parallel.csv;nsga2;4;36;3600;3600;1.99567e+02;100;30;4;1.00000e+00;1.00000e+00;1.00000e+00;8.70130e-01;5.57932e-01;Pipeline { filter(NOx(GT) < 230.0000) | map_duplicate(probability=1.00) };7.56864e-01;1.00000e+00;Pipeline { map_noise(attribute=NOx(GT), percentage=0.10) | map_noise(attribute=C6H6(GT), percentage=0.10) };8.17558e-01;7.75846e-01;Pipeline { map_duplicate(probability=0.10) | filter(PT08.S3(NOx) > 490.0000) | filter(PT08.S1(CO) > 0.0000) };7.80583e-01;9.31373e-01;Pipeline { map_noise(attribute=NO2(GT), percentage=0.25) | filter(PT08.S3(NOx) > 344.0000) | filter(PT08.S1(CO) < 2030.0000) }
datasets/airQuality_parallel.csv;nsga2;4;37;3700;3700;2.04245e+02;100;31;19;1.00000e+00;1.00000e+00;1.00000e+00;8.70130e-01;5.57932e-01;Pipeline { filter(NOx(GT) < 230.0000) | map_duplicate(probability=1.00) };7.58686e-01;1.00000e+00;Pipeline { map_noise(attribute=C6H6(GT), percentage=0.25) | map_noise(attribute=NOx(GT), percentage=0.10) };8.17383e-01;7.87490e-01;Pipeline { map_duplicate(probability=0.10) | filter(PT08.S3(NOx) > 483.0000) | filter(PT08.S1(CO) > 0.0000) };7.80583e-01;9.31373e-01;Pipeline { map_noise(attribute=NO2(GT), percentage=0.25) | filter(PT08.S3(NOx) > 344.0000) | filter(PT08.S1(CO) < 2030.0000) }
datasets/airQuality_parallel.csv;nsga2;4;38;3800;3800;2.10414e+02;100;28;16;1.00000e+00;1.00000e+00;1.00000e+00;8.70130e-01;5.57932e-01;Pipeline { filter(NOx(GT) < 230.0000) | map_duplicate(probability=1.00) };7.59698e-01;1.00000e+00;Pipeline { map_noise(attribute=PT08.S4(NO2), percentage=0.10) | map_noise(attribute=NOx(GT), percentage=0.10) };8.17471e-01;7.85051e-01;Pipeline { map_duplicate(probability=0.10) | filter(PT08.S3(NOx) > 483.0000) | filter(T > 0.0000) };7.80583e-01;9.31373e-01;Pipeline { map_noise(attribute=NO2(GT), percentage=0.25) | filter(PT08.S3(NOx) > 344.0000) | filter(PT08.S1(CO) < 2030.0000) }
datasets/airQuality_parallel.csv;nsga2;4;39;3900;3900;2.14991e+02;100;25;12;1.00000e+00;1.00000e+00;1.00000e+00;8.70130e-01;5.57932e-01;Pipeline { filter(NOx(GT) < 230.0000) | map_duplicate(probability=1.00) };7.59698e-01;1.00000e+00;Pipeline { map_noise(attribute=PT08.S4(NO2), percentage=0.10) | map_noise(attribute=NOx(GT), percentage=0.10) };8.17383e-01;7.87490e-01;Pipeline { map_duplicate(probability=0.10) | filter(PT08.S3(NOx) > 483.0000) | filter(PT08.S1(CO) > 0.0000) };7.90423e-01;9.10977e-01;Pipeline { map_noise(attribute=PT08.S5(O3), percentage=0.10) | filter(PT08.S3(NOx) > 330.0000) | filter(CO(GT) < 236000.0000) | map_duplicate(probability=0.30) }
datasets/airQuality_parallel.csv;nsga2;4;40;4000;4000;2.20078e+02;100;22;15;1.00000e+00;1.00000e+00;1.00000e+00;8.70130e-01;5.57932e-01;Pipeline { filter(NOx(GT) < 230.0000) | map_duplicate(probability=1.00) };7.59698e-01;1.00000e+00;Pipeline { map_noise(attribute=PT08.S4(NO2), percentage=0.10) | map_noise(attribute=NOx(GT), percentage=0.10) };8.17383e-01;7.87490e-01;Pipeline { map_duplicate(probability=0.10) | filter(PT08.S3(NOx) > 483.0000) | filter(PT08.S1(CO) > 0.0000) };7.90423e-01;9.10977e-01;Pipeline { map_noise(attribute=PT08.S5(O3), percentage=0.10) | filter(PT08.S3(NOx) > 330.0000) | filter(CO(GT) < 236000.0000) | map_duplicate(probability=0.30) }
datasets/airQuality_parallel.csv;nsga2;4;41;4100;4100;2.24726e+02;100;22;14;1.00000e+00;9.90000e-01;1.00000e+00;8.70130e-01;5.57932e-01;Pipeline { filter(NOx(GT) < 230.0000) | map_duplicate(probability=1.00) };7.59698e-01;1.00000e+00;Pipeline { map_noise(attribute=PT08.S4(NO2), percentage=0.10) | map_noise(attribute=NOx(GT), percentage=0.10) };8.17558e-01;7.75846e-01;Pipeline { map_duplicate(probability=0.10) | filter(PT08.S3(NOx) > 490.0000) | filter(PT08.S1(CO) > 0.0000) };7.90423e-01;9.10977e-01;Pipeline { map_noise(attribute=PT08.S5(O3), percentage=0.10) | filter(PT08.S3(NOx) > 330.0000) | filter(CO(GT) < 236000.0000) | map_duplicate(probability=0.30) }
datasets/airQuality_parallel.csv;nsga2;4;42;4200;4200;2.28577e+02;100;22;10;1.00000e+00;9.90000e-01;1.00000e+00;8.70130e-01;5.57932e-01;Pipeline { filter(NOx(GT) < 230.0000) | map_duplicate(probability=1.00) };7.59698e-01;1.00000e+00;Pipeline { map_noise(attribute=PT08.S4(NO2), percentage=0.10) | map_noise(attribute=NOx(GT), percentage=0.10) };8.17471e-01;7.85051e-01;Pipeline { map_duplicate(probability=0.10) | filter(PT08.S3(NOx) > 483.0000) | filter(T > 0.0000) };7.89995e-01;9.07774e-01;Pipeline { map_noise(attribute=PT08.S1(CO), percentage=0.10) | filter(PT08.S3(NOx) > 330.0000) | filter(CO(GT) < 236000.0000) | map_duplicate(probability=0.30) }
datasets/airQuality_parallel.csv;nsga2;4;43;4300;4300;2.32155e+02;100;24;7;1.00000e+00;1.00000e+00;1.00000e+00;8.70130e-01;5.57932e-01;Pipeline { filter(NOx(GT) < 230.0000) | map_duplicate(probability=1.00) };7.59698e-01;1.00000e+00;Pipeline { map_noise(attribute=PT08.S4(NO2), percentage=0.10) | map_noise(attribute=NOx(GT), percentage=0.10) };8.17558e-01;7.75846e-01;Pipeline { map_duplicate(probability=0.10) | filter(PT08.S3(NOx) > 490.0000) | filter(PT08.S1(CO) > 0.0000) };7.89995e-01;9.07774e-01;Pipeline { map_noise(attribute=PT08.S1(CO), percentage=0.10) | filter(PT08.S3(NOx) > 330.0000) | filter(CO(GT) < 236000.0000) | map_duplicate(probability=0.30) }
datasets/airQuality_parallel.csv;nsga2;4;44;4400;4400;2.38136e+02;100;23;13;1.00000e+00;1.00000e+00;1.00000e+00;8.70130e-01;5.57932e-01;Pipeline { filter(NOx(GT) < 230.0000) | map_duplicate(probability=1.00) };7.59698e-01;1.00000e+00;Pipeline { map_noise(attribute=PT08.S4(NO2), percentage=0.10) | map_noise(attribute=NOx(GT), percentage=0.10) };8.16866e-01;7.87189e-01;Pipeline { map_duplicate(probability=0.10) | filter(PT08.S3(NOx) > 477.0000) | filter(PT08.S1(CO) < 44800000.0000) };7.75595e-01;9.27274e-01;Pipeline { map_noise(attribute=PT08.S5(O3), percentage=0.10) | filter(PT08.S3(NOx) > 360.0000) | filter(RH > 2.4700) }
datasets/airQuality_parallel.csv;nsga2;4;45;4500;4500;2.41906e+02;100;24;12;1.00000e+00;1.00000e+00;1.00000e+00;8.70130e-01;5.57932e-01;Pipeline { filter(NOx(GT) < 230.0000) | map_duplicate(probability=1.00) };7.59698e-01;1.00000e+00;Pipeline { map_noise(attribute=PT08.S4(NO2), percentage=0.10) | map_noise(attribute=NOx(GT), percentage=0.10) };8.17383e-01;7.87490e-01;Pipeline { map_duplicate(probability=0.10) | filter(PT08.S3(NOx) > 483.0000) | filter(PT08.S1(CO) > 0.0000) };7.90423e-01;9.10977e-01;Pipeline { map_noise(attribute=PT08.S5(O3), percentage=0.10) | filter(PT08.S3(NOx) > 330.0000) | filter(CO(GT) < 236000.0000) | map_duplicate(probability=0.30) }
datasets/airQuality_parallel.csv;nsga2;4;46;4600;4600;2.45775e+02;100;25;8;1.00000e+00;1.00000e+00;1.00000e+00;8.70130e-01;5.57932e-01;Pipeline { filter(NOx(GT) < 230.0000) | map_duplicate(probability=1.00) };7.59698e-01;1.00000e+00;Pipeline { map_noise(attribute=PT08.S4(NO2), percentage=0.10) | map_noise(attribute=NOx(GT), percentage=0.10) };8.17824e-01;7.82762e-01;Pipeline { map_duplicate(probability=0.10) | filter(PT08.S3(NOx) > 478.0000) | filter(PT08.S1(CO) > 0.0000) };7.89995e-01;9.07774e-01;Pipeline { map_noise(attribute=PT08.S1(CO), percentage=0.10) | filter(PT08.S3(NOx) > 330.0000) | filter(CO(GT) < 236000.0000) | map_duplicate(probability=0.30) }
datasets/airQuality_parallel.csv;nsga2;4;47;4700;4700;2.49905e+02;100;25;4;1.00000e+00;1.00000e+00;1.00000e+00;8.70130e-01;5.57932e-01;Pipeline { filter(NOx(GT) < 230.0000) | map_duplicate(probability=1.00) };7.59698e-01;1.00000e+00;Pipeline { map_noise(attribute=PT08.S4(NO2), percentage=0.10) | map_noise(attribute=NOx(GT), percentage=0.10) };8.17824e-01;7.82762e-01;Pipeline { map_duplicate(probability=0.10) | filter(PT08.S3(NOx) > 478.0000) | filter(PT08.S1(CO) > 0.0000) };7.94648e-01;9.06687e-01;Pipeline { map_noise(attribute=PT08.S2(NMHC), percentage=0.10) | filter(PT08.S3(NOx) > 350.0000) | filter(CO(GT) < 43600000.0000) | map_duplicate(probability=0.30) }
datasets/airQuality_parallel.csv;nsga2;4;48;4800;4800;2.53600e+02;100;23;6;1.00000e+00;1.00000e+00;1.00000e+00;8.70130e-01;5.57932e-01;Pipeline { filter(NOx(GT) < 230.0000) | map_duplicate(probability=1.00) };7.59698e-01;1.00000e+00;Pipeline { map_noise(attribute=PT08.S4(NO2), percentage=0.10) | map_noise(attribute=NOx(GT), percentage=0.10) };8.16512e-01;8.78877e-01;Pipeline { map_noise(attribute=NOx(GT), percentage=0.10) | filter(PT08.S3(NOx) > 390.0000) | filter(CO(GT) < 236000.0000) | map_duplicate(probability=0.30) };7.89995e-01;9.07774e-01;Pipeline { map_noise(attribute=PT08.S1(CO), percentage=0.10) | filter(PT08.S3(NOx) > 330.0000) | filter(CO(GT) < 236000.0000) | map_duplicate(probability=0.30) }
datasets/airQuality_parallel.csv;nsga2;4;49;4900;4900;2.60238e+02;100;24;2;1.00000e+00;1.00000e+00;1.00000e+00;8.70130e-01;5.57932e-01;Pipeline { filter(NOx(GT) < 230.0000) | map_duplicate(probability=1.00) };7.59864e-01;1.00000e+00;Pipeline { map_noise(attribute=NMHC(GT), percentage=0.01) | map_noise(attribute=NOx(GT), percentage=0.10) };8.15997e-01;7.87732e-01;Pipeline { map_duplicate(probability=0.10) | filter(PT08.S3(NOx) > 480.0000) | filter(AH < 32000000.0000) };7.89995e-01;9.07774e-01;Pipeline { map_noise(attribute=PT08.S1(CO), percentage=0.10) | filter(PT08.S3(NOx) > 330.0000) | filter(CO(GT) < 236000.0000) | map_duplicate(probability=0.30) }
datasets/airQuality_parallel.csv;nsga2;4;50;5000;5000;2.64919e+02;100;24;2;1.00000e+00;1.00000e+00;1.00000e+00;8.70130e-01;5.57932e-01;Pipeline { filter(NOx(GT) < 230.0000) | map_duplicate(probability=1.00) };7.59864e-01;1.00000e+00;Pipeline { map_noise(attribute=NMHC(GT), percentage=0.01) | map_noise(attribute=NOx(GT), percentage=0.10) };8.15997e-01;7.87732e-01;Pipeline { map_duplicate(probability=0.10) | filter(PT08.S3(NOx) > 480.0000) | filter(AH < 32000000.0000) };7.89995e-01;9.07774e-01;Pipeline { map_noise(attribute=PT08.S1(CO), percentage=0.10) | filter(PT08.S3(NOx) > 330.0000) | filter(CO(GT) < 236000.0000) | map_duplicate(probability=0.30) }
datasets/airQuality_parallel.csv;nsga2;5;1;100;100;5.82800e+00;100;9;52;9.60000e-01;9.60000e-01;4.20000e-01;7.54127e-01;9.47805e-01;Pipeline { map_noise(attribute=NO2(GT), percentage=0.25) | filter(PT08.S5(O3) > 0.0880) };7.41322e-01;1.00000e+00;Pipeline { map_noise(attribute=RH, percentage=0.01) };5.29670e-01;8.52044e-01;Pipeline { map_duplicate(probability=0.40) };4.61452e-01;7.96847e-01;Pipeline { map_duplicate(probability=0.60) }
datasets/airQuality_parallel.csv;nsga2;5;2;200;200;1.32670e+01;100;21;4;9.60000e-01;9.60000e-01;7.60000e-01;7.54127e-01;9.47805e-01;Pipeline { map_noise(attribute=NO2(GT), percentage=0.25) | filter(PT08.S5(O3) > 0.0880) };6.90504e-01;1.00000e+00;Pipeline { map_noise(attribute=PT08.S1(CO), percentage=0.25) };7.39254e-01;9.49204e-01;Pipeline { filter(T < 52700000.0000) };7.21519e-01;9.89605e-01;Pipeline { map_noise(attribute=NOx(GT), percentage=0.25) | map_noise(attribute=NO2(GT), percentage=0.10) }
datasets/airQuality_parallel.csv;nsga2;5;3;300;300;1.87760e+01;100;2;1;9.80000e-01;9.80000e-01;5.30000e-01;7.58683e-01;9.49204e-01;Pipeline { filter(PT08.S3(NOx) > 0.0000) | map_noise(attribute=NOx(GT), percentage=0.10) };6.90504e-01;1.00000e+00;Pipeline { map_noise(attribute=PT08.S1(CO), percentage=0.25) };7.41322e-01;1.00000e+00;Pipeline { map_noise(attribute=PT08.S3(NOx), percentage=0.01) };7.41322e-01;1.00000e+00;Pipeline { map_noise(attribute=PT08.S4(NO2), percentage=0.05) }
datasets/airQuality_parallel.csv;nsga2;5;4;400;400;2.26740e+01;100;2;2;9.80000e-01;9.80000e-01;4.70000e-01;7.58895e-01;9.49204e-01;Pipeline { filter(PT08.S3(NOx) > 0.0008) | map_noise(attribute=NOx(GT), percentage=0.10) };6.90504e-01;1.00000e+00;Pipeline { map_noise(attribute=PT08.S1(CO), percentage=0.25) };7.41322e-01;1.00000e+00;Pipeline { map_noise(attribute=RH, percentage=0.01) };7.41322e-01;1.00000e+00;Pipeline { map_noise(attribute=C6H6(GT), percentage=0.01) }
datasets/airQuality_parallel.csv;nsga2;5;5;500;500;2.69410e+01;100;2;1;9.80000e-01;9.80000e-01;3.70000e-01;7.69246e-01;9.49204e-01;Pipeline { map_noise(attribute=C6H6(GT), percentage=0.25) | filter(PT08.S5(O3) > 0.0000) };7.40140e-01;1.00000e+00;Pipeline { map_noise(attribute=NMHC(GT), percentage=0.25) | map_noise(attribute=NOx(GT), percentage=0.10) };7.42976e-01;8.65471e-01;Pipeline { filter(RH > 7.7100) | map_noise(attribute=CO(GT), percentage=0.05) };7.41322e-01;1.00000e+00;Pipeline { map_noise(attribute=AH, percentage=0.25) }
datasets/airQuality_parallel.csv;nsga2;5;6;600;600;3.10030e+01;100;2;70;1.00000e+00;1.00000e+00;3.50000e-01;7.69246e-01;9.49204e-01;Pipeline { map_noise(attribute=C6H6(GT), percentage=0.25) | filter(PT08.S5(O3) > 0.0000) };7.41322e-01;1.00000e+00;Pipeline { map_noise(attribute=T, percentage=0.01) };7.46282e-01;1.00000e+00;Pipeline { map_noise(attribute=NOx(GT), percentage=0.05) };7.41322e-01;1.00000e+00;Pipeline { map_noise(attribute=C6H6(GT), percentage=0.25) | map_noise(attribute=NMHC(GT), percentage=0.10) }
datasets/airQuality_parallel.csv;nsga2;5;7;700;700;3.49670e+01;100;2;63;1.00000e+00;1.00000e+00;4.20000e-01;7.71548e-01;9.75467e-01;Pipeline { map_noise(attribute=NO2(GT), percentage=0.10) | map_noise(attribute=PT08.S4(NO2), percentage=0.01) };7.41322e-01;1.00000e+00;Pipeline { map_noise(attribute=PT08.S2(NMHC), percentage=0.05) | map_noise(attribute=C6H6(GT), percentage=0.25) };7.49940e-01;8.99269e-01;Pipeline { map_noise(attribute=CO(GT), percentage=0.05) | map_noise(attribute=RH, percentage=0.25) };7.41322e-01;1.00000e+00;Pipeline { map_noise(attribute=PT08.S1(CO), percentage=0.10) | map_noise(attribute=T, percentage=0.01) }
datasets/airQuality_parallel.csv;nsga2;5;8;800;800;3.95710e+01;100;2;47;1.00000e+00;1.00000e+00;5.60000e-01;7.71548e-01;9.75467e-01;Pipeline { map_noise(attribute=NO2(GT), percentage=0.10) | map_noise(attribute=PT08.S4(NO2), percentage=0.01) };7.41322e-01;1.00000e+00;Pipeline { map_noise(attribute=AH, percentage=0.05) | map_noise(attribute=T, percentage=0.10) };7.50530e-01;9.49204e-01;Pipeline { map_noise(attribute=RH, percentage=0.25) | filter(PT08.S5(O3) > 0.0885) };7.41322e-01;1.00000e+00;Pipeline { map_noise(attribute=NMHC(GT), percentage=0.05) }
datasets/airQuality_parallel.csv;nsga2;5;9;900;900;4.43850e+01;100;2;27;1.00000e+00;1.00000e+00;7.70000e-01;7.71548e-01;9.75467e-01;Pipeline { map_noise(attribute=NO2(GT), percentage=0.10) | map_noise(attribute=PT08.S4(NO2), percentage=0.01) };7.41322e-01;1.00000e+00;Pipeline { map_noise(attribute=NMHC(GT), percentage=0.10) | map_noise(attribute=PT08.S2(NMHC), percentage=0.05) };7.51285e-01;1.00000e+00;Pipeline { map_noise(attribute=NOx(GT), percentage=0.25) | map_noise(attribute=PT08.S4(NO2), percentage=0.05) };7.41677e-01;1.00000e+00;Pipeline { map_noise(attribute=NOx(GT), percentage=0.25) | map_noise(attribute=T, percentage=0.05) }
datasets/airQuality_parallel.csv;nsga2;5;10;1000;1000;4.88160e+01;100;2;12;1.00000e+00;1.00000e+00;9.00000e-01;7.71548e-01;9.75467e-01;Pipeline { map_noise(attribute=NO2(GT), percentage=0.10) | map_noise(attribute=PT08.S4(NO2), percentage=0.01) };7.41322e-01;1.00000e+00;Pipeline { map_noise(attribute=PT08.S1(CO), percentage=0.25) | map_noise(attribute=T, percentage=0.25) };7.51862e-01;9.49204e-01;Pipeline { filter(PT08.S3(NOx) > 0.0002) | map_noise(attribute=NOx(GT), percentage=0.10) };7.46461e-01;1.00000e+00;Pipeline { map_noise(attribute=NOx(GT), percentage=0.05) | map_noise(attribute=PT08.S5(O3), percentage=0.01) }
datasets/airQuality_parallel.csv;nsga2;5;11;1100;1100;5.23250e+01;100;2;1;1.00000e+00;1.00000e+00;1.00000e+00;7.71548e-01;9.75467e-01;Pipeline { map_noise(attribute=NO2(GT), percentage=0.10) | map_noise(attribute=PT08.S4(NO2), percentage=0.01) };7.41677e-01;1.00000e+00;Pipeline { map_noise(attribute=NOx(GT), percentage=0.25) | map_noise(attribute=T, percentage=0.05) };7.53415e-01;9.49204e-01;Pipeline { filter(PT08.S4(NO2) > 41.8000) | map_noise(attribute=AH, percentage=0.25) };7.48409e-01;1.00000e+00;Pipeline { map_noise(attribute=NOx(GT), percentage=0.01) | map_noise(attribute=NOx(GT), percentage=0.10) }
datasets/airQuality_parallel.csv;nsga2;5;12;1200;1200;5.61080e+01;100;2;2;1.00000e+00;1.00000e+00;1.00000e+00;7.71548e-01;9.75467e-01;Pipeline { map_noise(attribute=NO2(GT), percentage=0.10) | map_noise(attribute=PT08.S4(NO2), percentage=0.01) };7.44357e-01;1.00000e+00;Pipeline { map_noise(attribute=NOx(GT), percentage=0.25) | map_noise(attribute=PT08.S1(CO), percentage=0.25) };7.55604e-01;9.49204e-01;Pipeline { filter(PT08.S3(NOx) > 0.0007) | map_noise(attribute=C6H6(GT), percentage=0.10) };7.48878e-01;1.00000e+00;Pipeline { map_noise(attribute=NOx(GT), percentage=0.25) | map_noise(attribute=T, percentage=0.25) }
datasets/airQuality_parallel.csv;nsga2;5;13;1300;1300;6.09370e+01;100;2;1;1.00000e+00;1.00000e+00;1.00000e+00;7.71548e-01;9.75467e-01;Pipeline { map_noise(attribute=NO2(GT), percentage=0.10) | map_noise(attribute=PT08.S4(NO2), percentage=0.01) };7.45087e-01;1.00000e+00;Pipeline { map_noise(attribute=NOx(GT), percentage=0.25) | map_noise(attribute=PT08.S4(NO2), percentage=0.10) };7.55794e-01;9.49204e-01;Pipeline { map_noise(attribute=PT08.S4(NO2), percentage=0.10) | filter(PT08.S5(O3) > 0.0880) };7.48878e-01;1.00000e+00;Pipeline { map_noise(attribute=NOx(GT), percentage=0.25) | map_noise(attribute=T, percentage=0.25) }
datasets/airQuality_parallel.csv;nsga2;5;14;1400;1400;6.48800e+01;100;2;2;1.00000e+00;1.00000e+00;1.00000e+00;7.71548e-01;9.75467e-01;Pipeline { map_noise(attribute=NO2(GT), percentage=0.10) | map_noise(attribute=PT08.S4(NO2), percentage=0.01) };7.45408e-01;1.00000e+00;Pipeline { map_noise(attribute=NOx(GT), percentage=0.10) | map_noise(attribute=RH, percentage=0.10) };7.57753e-01;1.00000e+00;Pipeline { map_noise(attribute=NO2(GT), percentage=0.05) | map_noise(attribute=NOx(GT), percentage=0.10) };7.48409e-01;1.00000e+00;Pipeline { map_noise(attribute=NOx(GT), percentage=0.01) | map_noise(attribute=NOx(GT), percentage=0.10) }
datasets/airQuality_parallel.csv;nsga2;5;15;1500;1500;6.93310e+01;100;2;1;1.00000e+00;1.00000e+00;1.00000e+00;7.71548e-01;9.75467e-01;Pipeline { map_noise(attribute=NO2(GT), percentage=0.10) | map_noise(attribute=PT08.S4(NO2), percentage=0.01) };7.46265e-01;1.00000e+00;Pipeline { map_noise(attribute=NOx(GT), percentage=0.25) | map_noise(attribute=PT08.S5(O3), percentage=0.01) };7.58016e-01;9.49204e-01;Pipeline { map_noise(attribute=PT08.S4(NO2), percentage=0.10) | filter(PT08.S5(O3) > 0.0920) };7.49668e-01;1.00000e+00;Pipeline { map_noise(attribute=NOx(GT), percentage=0.10) | map_noise(attribute=AH, percentage=0.05) }
datasets/airQuality_parallel.csv;nsga2;5;16;1600;1600;7.35670e+01;100;2;1;1.00000e+00;1.00000e+00;1.00000e+00;7.71548e-01;9.75467e-01;Pipeline { map_noise(attribute=NO2(GT), percentage=0.10) | map_noise(attribute=PT08.S4(NO2), percentage=0.01) };7.46497e-01;1.00000e+00;Pipeline { map_noise(attribute=NOx(GT), percentage=0.25) };7.58017e-01;9.49204e-01;Pipeline { map_noise(attribute=PT08.S1(CO), percentage=0.10) | filter(PT08.S5(O3) > 0.0880) };7.49851e-01;1.00000e+00;Pipeline { map_noise(attribute=NOx(GT), percentage=0.25) | map_noise(attribute=PT08.S5(O3), percentage=0.25) }
datasets/airQuality_parallel.csv;nsga2;5;17;1700;1700;7.84310e+01;100;2;1;1.00000e+00;1.00000e+00;1.00000e+00;7.71548e-01;9.75467e-01;Pipeline { map_noise(attribute=NO2(GT), percentage=0.10) | map_noise(attribute=PT08.S4(NO2), percentage=0.01) };7.47137e-01;1.00000e+00;Pipeline { map_noise(attribute=NOx(GT), percentage=0.05) | map_noise(attribute=PT08.S5(O3), percentage=0.25) };7.58683e-01;9.49204e-01;Pipeline { filter(PT08.S3(NOx) > 0.0000) | map_noise(attribute=NOx(GT), percentage=0.10) };7.50641e-01;1.00000e+00;Pipeline { map_noise(attribute=NOx(GT), percentage=0.05) | map_noise(attribute=PT08.S4(NO2), percentage=0.10) }
datasets/airQuality_parallel.csv;nsga2;5;18;1800;1800;8.28020e+01;100;2;2;1.00000e+00;1.00000e+00;1.00000e+00;7.71548e-01;9.75467e-01;Pipeline { map_noise(attribute=NO2(GT), percentage=0.10) | map_noise(attribute=PT08.S4(NO2), percentage=0.01) };7.47306e-01;1.00000e+00;Pipeline { map_noise(attribute=NOx(GT), percentage=0.05) | map_noise(attribute=T, percentage=0.10) };7.58901e-01;9.49204e-01;Pipeline { map_noise(attribute=PT08.S4(NO2), percentage=0.10) | filter(PT08.S5(O3) > 0.0380) };7.50641e-01;1.00000e+00;Pipeline { map_noise(attribute=NOx(GT), percentage=0.05) | map_noise(attribute=PT08.S4(NO2), percentage=0.10) }
datasets/airQuality_parallel.csv;nsga2;5;19;1900;1900;8.66620e+01;100;2;2;1.00000e+00;1.00000e+00;1.00000e+00;7.71548e-01;9.75467e-01;Pipeline { map_noise(attribute=NO2(GT), percentage=0.10) | map_noise(attribute=PT08.S4(NO2), percentage=0.01) };7.47700e-01;1.00000e+00;Pipeline { map_noise(attribute=PT08.S1(CO), percentage=0.25) | map_noise(attribute=NOx(GT), percentage=0.10) };7.59613e-01;9.49204e-01;Pipeline { filter(PT08.S3(NOx) > 0.0002) | map_noise(attribute=NOx(GT), percentage=0.25) };7.51615e-01;1.00000e+00;Pipeline { map_noise(attribute=NOx(GT), percentage=0.10) | map_noise(attribute=PT08.S3(NOx), percentage=0.05) }
datasets/airQuality_parallel.csv;nsga2;5;20;2000;2000;9.19620e+01;100;2;1;1.00000e+00;1.00000e+00;1.00000e+00;7.71548e-01;9.75467e-01;Pipeline { map_noise(attribute=NO2(GT), percentage=0.10) | map_noise(attribute=PT08.S4(NO2), percentage=0.01) };7.47998e-01;1.00000e+00;Pipeline { map_noise(attribute=NOx(GT), percentage=0.10) | map_noise(attribute=PT08.S4(NO2), percentage=0.05) };7.60146e-01;9.49204e-01;Pipeline { map_noise(attribute=PT08.S2(NMHC), percentage=0.10) | filter(AH < 10700000.0000) };7.51615e-01;1.00000e+00;Pipeline { map_noise(attribute=NOx(GT), percentage=0.10) | map_noise(attribute=PT08.S3(NOx), percentage=0.05) }
datasets/airQuality_parallel.csv;nsga2;5;21;2100;2100;9.67420e+01;100;2;3;1.00000e+00;1.00000e+00;1.00000e+00;7.71548e-01;9.75467e-01;Pipeline { map_noise(attribute=NO2(GT), percentage=0.10) | map_noise(attribute=PT08.S4(NO2), percentage=0.01) };7.47998e-01;1.00000e+00;Pipeline { map_noise(attribute=NOx(GT), percentage=0.10) | map_noise(attribute=PT08.S4(NO2), percentage=0.05) };7.60568e-01;9.49204e-01;Pipeline { filter(PT08.S3(NOx) > 0.0000) | map_noise(attribute=NOx(GT), percentage=0.25) };7.51285e-01;1.00000e+00;Pipeline { map_noise(attribute=NOx(GT), percentage=0.25) | map_noise(attribute=PT08.S4(NO2), percentage=0.05) }
datasets/airQuality_parallel.csv;nsga2;5;22;2200;2200;1.00944e+02;100;2;1;1.00000e+00;1.00000e+00;1.00000e+00;7.71548e-01;9.75467e-01;Pipeline { map_noise(attribute=NO2(GT), percentage=0.10) | map_noise(attribute=PT08.S4(NO2), percentage=0.01) };7.48204e-01;1.00000e+00;Pipeline { map_noise(attribute=NOx(GT), percentage=0.10) | map_noise(attribute=PT08.S1(CO), percentage=0.05) };7.60633e-01;9.49204e-01;Pipeline { map_noise(attribute=PT08.S2(NMHC), percentage=0.10) | filter(PT08.S5(O3) > 0.0001) };7.51615e-01;1.00000e+00;Pipeline { map_noise(attribute=NOx(GT), percentage=0.10) | map_noise(attribute=PT08.S3(NOx), percentage=0.05) }
datasets/airQuality_parallel.csv;nsga2;5;23;2300;2300;1.04910e+02;100;2;2;1.00000e+00;1.00000e+00;1.00000e+00;7.71548e-01;9.75467e-01;Pipeline { map_noise(attribute=NO2(GT), percentage=0.10) | map_noise(attribute=PT08.S4(NO2), percentage=0.01) };7.48293e-01;1.00000e+00;Pipeline { map_noise(attribute=NOx(GT), percentage=0.25) | map_noise(attribute=NOx(GT), percentage=0.01) };7.60866e-01;9.49204e-01;Pipeline { filter(PT08.S3(NOx) > 0.0066) | map_noise(attribute=NOx(GT), percentage=0.25) };7.51917e-01;1.00000e+00;Pipeline { map_noise(attribute=NOx(GT), percentage=0.25) | map_noise(attribute=RH, percentage=0.10) }
datasets/airQuality_parallel.csv;nsga2;5;24;2400;2400;1.08800e+02;100;1;1;1.00000e+00;1.00000e+00;1.00000e+00;7.72571e-01;1.00000e+00;Pipeline { map_noise(attribute=PT08.S5(O3), percentage=0.05) | map_noise(attribute=NOx(GT), percentage=0.25) };7.48692e-01;1.00000e+00;Pipeline { map_noise(attribute=PT08.S3(NOx), percentage=0.01) | map_noise(attribute=NOx(GT), percentage=0.10) };7.60921e-01;9.49204e-01;Pipeline { map_noise(attribute=PT08.S4(NO2), percentage=0.10) | filter(PT08.S5(O3) > 0.0860) };7.52101e-01;1.00000e+00;Pipeline { map_noise(attribute=PT08.S5(O3), percentage=0.10) | map_noise(attribute=NOx(GT), percentage=0.10) }
datasets/airQuality_parallel.csv;nsga2;5;25;2500;2500;1.12844e+02;100;1;2;1.00000e+00;1.00000e+00;1.00000e+00;7.72571e-01;1.00000e+00;Pipeline { map_noise(attribute=PT08.S5(O3), percentage=0.05) | map_noise(attribute=NOx(GT), percentage=0.25) };7.49510e-01;1.00000e+00;Pipeline { map_noise(attribute=NOx(GT), percentage=0.25) | map_noise(attribute=AH, percentage=0.25) };7.61188e-01;9.49204e-01;Pipeline { map_noise(attribute=PT08.S2(NMHC), percentage=0.10) | filter(C6H6(GT) > 0.0001) };7.52212e-01;1.00000e+00;Pipeline { map_noise(attribute=NOx(GT), percentage=0.25) | map_noise(attribute=PT08.S4(NO2), percentage=0.01) }
datasets/airQuality_parallel.csv;nsga2;5;26;2600;2600;1.16852e+02;100;1;2;1.00000e+00;1.00000e+00;1.00000e+00;7.72571e-01;1.00000e+00;Pipeline { map_noise(attribute=PT08.S5(O3), percentage=0.05) | map_noise(attribute=NOx(GT), percentage=0.25) };7.50193e-01;1.00000e+00;Pipeline { map_noise(attribute=PT08.S4(NO2), percentage=0.10) | map_noise(attribute=NOx(GT), percentage=0.10) };7.61265e-01;1.00000e+00;Pipeline { map_noise(attribute=C6H6(GT), percentage=0.25) | map_noise(attribute=NOx(GT), percentage=0.25) };7.52438e-01;1.00000e+00;Pipeline { map_noise(attribute=T, percentage=0.01) | map_noise(attribute=NOx(GT), percentage=0.25) }
datasets/airQuality_parallel.csv;nsga2;5;27;2700;2700;1.21598e+02;100;2;1;1.00000e+00;1.00000e+00;1.00000e+00;7.75469e-01;9.16858e-01;Pipeline { map_noise(attribute=PT08.S4(NO2), percentage=0.10) | filter(PT08.S3(NOx) > 382.0000) };7.50641e-01;1.00000e+00;Pipeline { map_noise(attribute=NOx(GT), percentage=0.05) | map_noise(attribute=PT08.S4(NO2), percentage=0.10) };7.61795e-01;9.49204e-01;Pipeline { map_noise(attribute=RH, percentage=0.25) | filter(PT08.S4(NO2) > 0.0959) };7.52756e-01;1.00000e+00;Pipeline { map_noise(attribute=NOx(GT), percentage=0.10) | map_noise(attribute=T, percentage=0.05) }
datasets/airQuality_parallel.csv;nsga2;5;28;2800;2800;1.26649e+02;100;2;1;1.00000e+00;1.00000e+00;1.00000e+00;7.75469e-01;9.16858e-01;Pipeline { map_noise(attribute=PT08.S4(NO2), percentage=0.10) | filter(PT08.S3(NOx) > 382.0000) };7.50806e-01;1.00000e+00;Pipeline { map_noise(attribute=NOx(GT), percentage=0.05) | map_noise(attribute=PT08.S3(NOx), percentage=0.01) };7.62241e-01;1.00000e+00;Pipeline { map_noise(attribute=C6H6(GT), percentage=0.05) | map_noise(attribute=NOx(GT), percentage=0.25) };7.52851e-01;1.00000e+00;Pipeline { map_noise(attribute=NOx(GT), percentage=0.25) | map_noise(attribute=PT08.S2(NMHC), percentage=0.25) }
datasets/airQuality_parallel.csv;nsga2;5;29;2900;2900;1.30641e+02;100;3;2;1.00000e+00;1.00000e+00;1.00000e+00;7.75469e-01;9.16858e-01;Pipeline { map_noise(attribute=PT08.S4(NO2), percentage=0.10) | filter(PT08.S3(NOx) > 382.0000) };7.50936e-01;1.00000e+00;Pipeline { map_noise(attribute=C6H6(GT), percentage=0.25) | map_noise(attribute=NOx(GT), percentage=0.10) };7.62719e-01;1.00000e+00;Pipeline { map_noise(attribute=NOx(GT), percentage=0.25) | map_noise(attribute=T, percentage=0.05) };7.52969e-01;1.00000e+00;Pipeline { map_noise(attribute=NMHC(GT), percentage=0.01) | map_noise(attribute=NOx(GT), percentage=0.10) }
datasets/airQuality_parallel.csv;nsga2;5;30;3000;3000;1.34310e+02;100;3;2;1.00000e+00;1.00000e+00;1.00000e+00;7.75469e-01;9.16858e-01;Pipeline { map_noise(attribute=PT08.S4(NO2), percentage=0.10) | filter(PT08.S3(NOx) > 382.0000) };7.50967e-01;1.00000e+00;Pipeline { map_noise(attribute=T, percentage=0.01) | map_noise(attribute=NOx(GT), percentage=0.10) };7.63030e-01;9.49204e-01;Pipeline { map_noise(attribute=PT08.S4(NO2), percentage=0.10) | filter(PT08.S2(NMHC) > 0.0382) };7.52969e-01;1.00000e+00;Pipeline { map_noise(attribute=NMHC(GT), percentage=0.01) | map_noise(attribute=NOx(GT), percentage=0.10) }
datasets/airQuality_parallel.csv;nsga2;5;31;3100;3100;1.38580e+02;100;3;2;1.00000e+00;1.00000e+00;1.00000e+00;7.75469e-01;9.16858e-01;Pipeline { map_noise(attribute=PT08.S4(NO2), percentage=0.10) | filter(PT08.S3(NOx) > 382.0000) };7.51232e-01;1.00000e+00;Pipeline { map_noise(attribute=NOx(GT), percentage=0.25) | map_noise(attribute=T, percentage=0.10) };7.63362e-01;9.49204e-01;Pipeline { filter(PT08.S5(O3) > 0.0000) | map_noise(attribute=NOx(GT), percentage=0.25) };7.53017e-01;1.00000e+00;Pipeline { map_noise(attribute=NOx(GT), percentage=0.10) | map_noise(attribute=NMHC(GT), percentage=0.01) }
datasets/airQuality_parallel.csv;nsga2;5;32;3200;3200;1.42432e+02;100;3;2;1.00000e+00;1.00000e+00;1.00000e+00;7.75469e-01;9.16858e-01;Pipeline { map_noise(attribute=PT08.S4(NO2), percentage=0.10) | filter(PT08.S3(NOx) > 382.0000) };7.51232e-01;1.00000e+00;Pipeline { map_noise(attribute=NOx(GT), percentage=0.25) | map_noise(attribute=T, percentage=0.10) };7.63362e-01;9.49204e-01;Pipeline { filter(PT08.S5(O3) > 0.0000) | map_noise(attribute=NOx(GT), percentage=0.25) };7.53017e-01;1.00000e+00;Pipeline { map_noise(attribute=NOx(GT), percentage=0.10) | map_noise(attribute=NMHC(GT), percentage=0.01) }
datasets/airQuality_parallel.csv;nsga2;5;33;3300;3300;1.46433e+02;100;2;1;1.00000e+00;1.00000e+00;1.00000e+00;7.75674e-01;9.37374e-01;Pipeline { map_noise(attribute=PT08.S4(NO2), percentage=0.10) | filter(PT08.S5(O3) < 2300.0000) };7.51285e-01;1.00000e+00;Pipeline { map_noise(attribute=NOx(GT), percentage=0.25) | map_noise(attribute=PT08.S4(NO2), percentage=0.05) };7.64235e-01;9.16858e-01;Pipeline { map_noise(attribute=NOx(GT), percentage=0.05) | filter(PT08.S3(NOx) > 382.0000) };7.53049e-01;1.00000e+00;Pipeline { map_noise(attribute=NOx(GT), percentage=0.05) | map_noise(attribute=PT08.S5(O3), percentage=0.10) }
datasets/airQuality_parallel.csv;nsga2;5;34;3400;3400;1.50436e+02;100;2;1;1.00000e+00;1.00000e+00;1.00000e+00;7.75674e-01;9.37374e-01;Pipeline { map_noise(attribute=PT08.S4(NO2), percentage=0.10) | filter(PT08.S5(O3) < 2300.0000) };7.51297e-01;1.00000e+00;Pipeline { map_noise(attribute=PT08.S5(O3), percentage=0.05) | map_noise(attribute=NOx(GT), percentage=0.05) };7.64341e-01;9.49204e-01;Pipeline { map_noise(attribute=PT08.S4(NO2), percentage=0.10) | filter(PT08.S3(NOx) > 0.0000) };7.53098e-01;1.00000e+00;Pipeline { map_noise(attribute=PT08.S1(CO), percentage=0.10) | map_noise(attribute=NOx(GT), percentage=0.25) }
datasets/airQuality_parallel.csv;nsga2;5;35;3500;3500;1.54404e+02;100;2;1;1.00000e+00;1.00000e+00;1.00000e+00;7.75674e-01;9.37374e-01;Pipeline { map_noise(attribute=PT08.S4(NO2), percentage=0.10) | filter(PT08.S5(O3) < 2300.0000) };7.51855e-01;1.00000e+00;Pipeline { map_noise(attribute=NOx(GT), percentage=0.01) | map_noise(attribute=NOx(GT), percentage=0.10) };7.65269e-01;9.49204e-01;Pipeline { map_noise(attribute=PT08.S4(NO2), percentage=0.10) | filter(PT08.S3(NOx) > 0.0382) };7.54603e-01;1.00000e+00;Pipeline { map_noise(attribute=PT08.S1(CO), percentage=0.25) | map_noise(attribute=NOx(GT), percentage=0.25) }
datasets/airQuality_parallel.csv;nsga2;5;36;3600;3600;1.58466e+02;100;2;2;1.00000e+00;1.00000e+00;1.00000e+00;7.75674e-01;9.37374e-01;Pipeline { map_noise(attribute=PT08.S4(NO2), percentage=0.10) | filter(PT08.S5(O3) < 2300.0000) };7.52101e-01;1.00000e+00;Pipeline { map_noise(attribute=PT08.S5(O3), percentage=0.10) | map_noise(attribute=NOx(GT), percentage=0.10) };7.66861e-01;9.16858e-01;Pipeline { map_noise(attribute=NMHC(GT), percentage=0.01) | filter(PT08.S3(NOx) > 382.0000) };7.57753e-01;1.00000e+00;Pipeline { map_noise(attribute=NO2(GT), percentage=0.05) | map_noise(attribute=NOx(GT), percentage=0.10) }
datasets/airQuality_parallel.csv;nsga2;5;37;3700;3700;1.63127e+02;100;2;2;1.00000e+00;1.00000e+00;1.00000e+00;7.75674e-01;9.37374e-01;Pipeline { map_noise(attribute=PT08.S4(NO2), percentage=0.10) | filter(PT08.S5(O3) < 2300.0000) };7.52363e-01;1.00000e+00;Pipeline { map_noise(attribute=NOx(GT), percentage=0.10) | map_noise(attribute=NOx(GT), percentage=0.10) };7.67545e-01;9.49204e-01;Pipeline { map_noise(attribute=PT08.S4(NO2), percentage=0.10) | filter(PT08.S4(NO2) > 0.0000) };7.61264e-01;1.00000e+00;Pipeline { map_noise(attribute=NOx(GT), percentage=0.25) | map_noise(attribute=PT08.S5(O3), percentage=0.10) }
datasets/airQuality_parallel.csv;nsga2;5;38;3800;3800;1.66877e+02;100;3;2;1.00000e+00;1.00000e+00;9.90000e-01;7.76205e-01;9.33356e-01;Pipeline { map_noise(attribute=PT08.S2(NMHC), percentage=0.05) | filter(PT08.S3(NOx) > 351.0000) };7.52756e-01;1.00000e+00;Pipeline { map_noise(attribute=NOx(GT), percentage=0.10) | map_noise(attribute=T, percentage=0.05) };7.68410e-01;8.05602e-01;Pipeline { map_noise(attribute=NOx(GT), percentage=0.05) | map_noise(attribute=CO(GT), percentage=0.10) };7.62047e-01;1.00000e+00;Pipeline { map_noise(attribute=PT08.S3(NOx), percentage=0.01) | map_noise(attribute=NOx(GT), percentage=0.10) }
datasets/airQuality_parallel.csv;nsga2;5;39;3900;3900;1.70456e+02;100;2;1;1.00000e+00;1.00000e+00;9.90000e-01;7.77973e-01;9.41608e-01;Pipeline { map_noise(attribute=PT08.S2(NMHC), percentage=0.10) | filter(PT08.S3(NOx) > 341.0000) };7.52969e-01;1.00000e+00;Pipeline { map_noise(attribute=NMHC(GT), percentage=0.01) | map_noise(attribute=NOx(GT), percentage=0.10) };7.69088e-01;9.26686e-01;Pipeline { map_noise(attribute=RH, percentage=0.01) | filter(PT08.S3(NOx) > 362.0000) };7.62241e-01;1.00000e+00;Pipeline { map_noise(attribute=C6H6(GT), percentage=0.05) | map_noise(attribute=NOx(GT), percentage=0.25) }
datasets/airQuality_parallel.csv;nsga2;5;40;4000;4000;1.74270e+02;100;2;1;1.00000e+00;1.00000e+00;9.80000e-01;7.77973e-01;9.41608e-01;Pipeline { map_noise(attribute=PT08.S2(NMHC), percentage=0.10) | filter(PT08.S3(NOx) > 341.0000) };7.53049e-01;1.00000e+00;Pipeline { map_noise(attribute=NOx(GT), percentage=0.05) | map_noise(attribute=PT08.S5(O3), percentage=0.10) };7.69246e-01;9.49204e-01;Pipeline { map_noise(attribute=C6H6(GT), percentage=0.25) | filter(PT08.S5(O3) > 0.0000) };7.72571e-01;1.00000e+00;Pipeline { map_noise(attribute=PT08.S5(O3), percentage=0.05) | map_noise(attribute=NOx(GT), percentage=0.25) }
datasets/airQuality_parallel.csv;nsga2;5;41;4100;4100;1.77819e+02;100;2;1;1.00000e+00;1.00000e+00;9.80000e-01;7.77973e-01;9.41608e-01;Pipeline { map_noise(attribute=PT08.S2(NMHC), percentage=0.10) | filter(PT08.S3(NOx) > 341.0000) };7.53712e-01;1.00000e+00;Pipeline { map_noise(attribute=NOx(GT), percentage=0.05) | map_noise(attribute=PT08.S1(CO), percentage=0.10) };7.69841e-01;9.26686e-01;Pipeline { map_noise(attribute=T, percentage=0.25) | filter(PT08.S3(NOx) > 362.0000) };7.59467e-01;9.80952e-01;Pipeline { map_noise(attribute=NO2(GT), percentage=0.10) | map_noise(attribute=PT08.S1(CO), percentage=0.05) }
datasets/airQuality_parallel.csv;nsga2;5;42;4200;4200;1.81277e+02;100;2;2;1.00000e+00;1.00000e+00;1.00000e+00;7.77973e-01;9.41608e-01;Pipeline { map_noise(attribute=PT08.S2(NMHC), percentage=0.10) | filter(PT08.S3(NOx) > 341.0000) };7.53712e-01;1.00000e+00;Pipeline { map_noise(attribute=NOx(GT), percentage=0.05) | map_noise(attribute=PT08.S1(CO), percentage=0.10) };7.71281e-01;9.44000e-01;Pipeline { map_noise(attribute=PT08.S4(NO2), percentage=0.10) | filter(PT08.S3(NOx) > 332.0000) };7.64589e-01;9.80952e-01;Pipeline { map_noise(attribute=NO2(GT), percentage=0.10) | map_noise(attribute=NOx(GT), percentage=0.05) }
datasets/airQuality_parallel.csv;nsga2;5;43;4300;4300;1.85525e+02;100;2;5;1.00000e+00;1.00000e+00;1.00000e+00;7.77973e-01;9.41608e-01;Pipeline { map_noise(attribute=PT08.S2(NMHC), percentage=0.10) | filter(PT08.S3(NOx) > 341.0000) };7.54603e-01;1.00000e+00;Pipeline { map_noise(attribute=PT08.S1(CO), percentage=0.25) | map_noise(attribute=NOx(GT), percentage=0.25) };7.71459e-01;9.16028e-01;Pipeline { map_noise(attribute=PT08.S4(NO2), percentage=0.05) | filter(PT08.S3(NOx) > 383.0000) };7.64363e-01;9.49204e-01;Pipeline { map_noise(attribute=PT08.S5(O3), percentage=0.25) | filter(PT08.S2(NMHC) > 0.0959) }
datasets/airQuality_parallel.csv;nsga2;5;44;4400;4400;1.89660e+02;100;3;5;1.00000e+00;1.00000e+00;1.00000e+00;7.77973e-01;9.41608e-01;Pipeline { map_noise(attribute=PT08.S2(NMHC), percentage=0.10) | filter(PT08.S3(NOx) > 341.0000) };7.54970e-01;1.00000e+00;Pipeline { map_noise(attribute=NOx(GT), percentage=0.05) | map_noise(attribute=PT08.S2(NMHC), percentage=0.10) };7.71707e-01;9.17502e-01;Pipeline { map_noise(attribute=AH, percentage=0.25) | filter(PT08.S3(NOx) > 381.0000) };7.65757e-01;9.49204e-01;Pipeline { map_noise(attribute=NOx(GT), percentage=0.25) | filter(PT08.S5(O3) > 0.0620) }
datasets/airQuality_parallel.csv;nsga2;5;45;4500;4500;1.92853e+02;100;2;3;1.00000e+00;1.00000e+00;1.00000e+00;7.82963e-01;9.42898e-01;Pipeline { map_noise(attribute=PT08.S2(NMHC), percentage=0.10) | filter(PT08.S3(NOx) > 339.0000) };7.56426e-01;1.00000e+00;Pipeline { map_noise(attribute=NOx(GT), percentage=0.25) | map_noise(attribute=RH, percentage=0.05) };7.72571e-01;1.00000e+00;Pipeline { map_noise(attribute=PT08.S5(O3), percentage=0.05) | map_noise(attribute=NOx(GT), percentage=0.25) };7.66671e-01;9.49204e-01;Pipeline { filter(PT08.S1(CO) > 56.4000) | map_noise(attribute=NOx(GT), percentage=0.25) }
datasets/airQuality_parallel.csv;nsga2;5;46;4600;4600;1.96247e+02;100;2;5;1.00000e+00;1.00000e+00;1.00000e+00;7.82963e-01;9.42898e-01;Pipeline { map_noise(attribute=PT08.S2(NMHC), percentage=0.10) | filter(PT08.S3(NOx) > 339.0000) };7.56426e-01;1.00000e+00;Pipeline { map_noise(attribute=NOx(GT), percentage=0.25) | map_noise(attribute=RH, percentage=0.05) };7.72571e-01;1.00000e+00;Pipeline { map_noise(attribute=PT08.S5(O3), percentage=0.05) | map_noise(attribute=NOx(GT), percentage=0.25) };7.66671e-01;9.49204e-01;Pipeline { filter(PT08.S1(CO) > 56.4000) | map_noise(attribute=NOx(GT), percentage=0.25) }
datasets/airQuality_parallel.csv;nsga2;5;47;4700;4700;2.01606e+02;100;2;1;1.00000e+00;1.00000e+00;1.00000e+00;7.82963e-01;9.42898e-01;Pipeline { map_noise(attribute=PT08.S2(NMHC), percentage=0.10) | filter(PT08.S3(NOx) > 339.0000) };7.57753e-01;1.00000e+00;Pipeline { map_noise(attribute=NO2(GT), percentage=0.05) | map_noise(attribute=NOx(GT), percentage=0.10) };7.72571e-01;1.00000e+00;Pipeline { map_noise(attribute=PT08.S5(O3), percentage=0.05) | map_noise(attribute=NOx(GT), percentage=0.25) };7.66968e-01;9.49204e-01;Pipeline { filter(PT08.S3(NOx) > 0.0000) | map_noise(attribute=NOx(GT), percentage=0.25) }
datasets/airQuality_parallel.csv;nsga2;5;48;4800;4800;2.04975e+02;100;2;1;1.00000e+00;1.00000e+00;1.00000e+00;7.82963e-01;9.42898e-01;Pipeline { map_noise(attribute=PT08.S2(NMHC), percentage=0.10) | filter(PT08.S3(NOx) > 339.0000) };7.57942e-01;1.00000e+00;Pipeline { map_noise(attribute=NMHC(GT), percentage=0.25) | map_noise(attribute=NOx(GT), percentage=0.25) };7.72626e-01;9.17502e-01;Pipeline { map_noise(attribute=PT08.S2(NMHC), percentage=0.10) | filter(PT08.S3(NOx) > 381.0000) };7.67545e-01;9.49204e-01;Pipeline { map_noise(attribute=PT08.S4(NO2), percentage=0.10) | filter(PT08.S4(NO2) > 0.0000) }
datasets/airQuality_parallel.csv;nsga2;5;49;4900;4900;2.08590e+02;100;2;4;1.00000e+00;1.00000e+00;1.00000e+00;7.82963e-01;9.42898e-01;Pipeline { map_noise(attribute=PT08.S2(NMHC), percentage=0.10) | filter(PT08.S3(NOx) > 339.0000) };7.57942e-01;1.00000e+00;Pipeline { map_noise(attribute=NMHC(GT), percentage=0.25) | map_noise(attribute=NOx(GT), percentage=0.25) };7.73002e-01;9.26686e-01;Pipeline { map_noise(attribute=PT08.S4(NO2), percentage=0.10) | filter(PT08.S3(NOx) > 363.0000) };7.67545e-01;9.49204e-01;Pipeline { map_noise(attribute=PT08.S4(NO2), percentage=0.10) | filter(PT08.S4(NO2) > 0.0000) }
datasets/airQuality_parallel.csv;nsga2;5;50;5000;5000;2.12300e+02;100;2;4;1.00000e+00;1.00000e+00;1.00000e+00;7.82963e-01;9.42898e-01;Pipeline { map_noise(attribute=PT08.S2(NMHC), percentage=0.10) | filter(PT08.S3(NOx) > 339.0000) };7.58978e-01;1.00000e+00;Pipeline { map_noise(attribute=NOx(GT), percentage=0.25) | map_noise(attribute=NO2(GT), percentage=0.01) };7.73238e-01;9.16858e-01;Pipeline { map_noise(attribute=RH, percentage=0.25) | filter(PT08.S3(NOx) > 382.0000) };7.67545e-01;9.49204e-01;Pipeline { map_noise(attribute=PT08.S4(NO2), percentage=0.10) | filter(PT08.S4(NO2) > 0.0000) }
