problem.name;solver.name;randomGenerator.seed;n.iterations;n.evals;n.births;elapsed.secs;all→size;firsts→size;lasts→size;all→each[genotype]→uniqueness;all→each[solution]→uniqueness;all→each[quality]→uniqueness;"all→percentile[quality→privacy;100]→quality→privacy";"all→percentile[quality→privacy;100]→quality→performance-similarity";"all→percentile[quality→privacy;100]→solution";"all→percentile[quality→performance-similarity;100]→quality→privacy";"all→percentile[quality→performance-similarity;100]→quality→performance-similarity";"all→percentile[quality→performance-similarity;100]→solution";"all→percentile[quality→privacy;75]→quality→privacy";"all→percentile[quality→privacy;75]→quality→performance-similarity";"all→percentile[quality→privacy;75]→solution";"all→percentile[quality→performance-similarity;75]→quality→privacy";"all→percentile[quality→performance-similarity;75]→quality→performance-similarity";"all→percentile[quality→performance-similarity;75]→solution"
datasets/geolife_60mins.csv;nsga2;1;1;100;100;4.32700e+00;100;8;67;1.00000e+00;1.00000e+00;1.50000e-01;7.31092e-01;8.17732e-01;Pipeline { filter(avg_X > 0.0000) };4.52957e-01;1.00000e+00;Pipeline { filter(avg_Y < 3410000.0000) };2.02007e-02;2.70142e-02;Pipeline { filter(avg_X < 0.0108) | filter(avg_X < 0.0010) };2.02007e-02;2.70142e-02;Pipeline { filter(avg_X < 0.0108) | filter(avg_X < 0.0010) }
datasets/geolife_60mins.csv;nsga2;1;2;200;200;7.01400e+00;100;19;11;1.00000e+00;1.00000e+00;2.30000e-01;7.31092e-01;8.17732e-01;Pipeline { filter(avg_X > 1220.0000) | filter(avg_X > 0.0006) | filter(avg_X > 2.4800) };4.52957e-01;1.00000e+00;Pipeline { filter(avg_Y < 24500000.0000) };6.87470e-01;7.04727e-01;Pipeline { filter(avg_Y > 0.0037) | filter(avg_X > 0.5490) };4.14168e-01;7.26608e-01;Pipeline { filter(avg_Y > 0.3200) }
datasets/geolife_60mins.csv;nsga2;1;3;300;300;9.56400e+00;100;41;1;1.00000e+00;9.90000e-01;1.70000e-01;7.31092e-01;8.17732e-01;Pipeline { filter(avg_X > 17.6000) };4.52957e-01;1.00000e+00;Pipeline { filter(avg_Y < 23500000.0000) };7.31092e-01;8.17732e-01;Pipeline { filter(avg_X > 0.0460) };7.31092e-01;8.17732e-01;Pipeline { filter(avg_X > 0.0000) }
datasets/geolife_60mins.csv;nsga2;1;4;400;400;1.25740e+01;100;77;11;1.00000e+00;1.00000e+00;1.10000e-01;8.08523e-01;8.13756e-01;Pipeline { filter(avg_Y < 830000.0000) | filter(avg_X > 3.1800) | filter(avg_X > 9.5100) };4.52957e-01;1.00000e+00;Pipeline { filter(avg_Y < 3410000.0000) };7.31092e-01;8.17732e-01;Pipeline { filter(avg_X > 0.0460) };7.31092e-01;8.17732e-01;Pipeline { filter(avg_X > 3.4000) }
datasets/geolife_60mins.csv;nsga2;1;5;500;500;1.54590e+01;100;100;100;1.00000e+00;1.00000e+00;4.00000e-02;8.08523e-01;8.13756e-01;Pipeline { filter(avg_Y < 830000.0000) | filter(avg_X > 3.1800) | filter(avg_X > 9.5100) };4.52957e-01;1.00000e+00;Pipeline { filter(avg_Y < 14500000.0000) };7.31092e-01;8.17732e-01;Pipeline { filter(avg_X > 2.4000) };4.52957e-01;1.00000e+00;Pipeline { filter(avg_Y < 23000000.0000) }
datasets/geolife_60mins.csv;nsga2;1;6;600;600;1.80120e+01;100;100;100;1.00000e+00;9.90000e-01;5.00000e-02;8.09858e-01;8.14703e-01;Pipeline { filter(avg_Y < 850000.0000) | filter(avg_X > 3.1800) | filter(avg_X > 9.5100) };4.52957e-01;1.00000e+00;Pipeline { filter(avg_X < 763000000.0000) };7.31092e-01;8.17732e-01;Pipeline { filter(avg_X > 3.4000) };4.52957e-01;1.00000e+00;Pipeline { filter(avg_Y < 63900000.0000) }
datasets/geolife_60mins.csv;nsga2;1;7;700;700;2.05670e+01;100;100;100;1.00000e+00;9.90000e-01;6.00000e-02;8.09858e-01;8.14703e-01;Pipeline { filter(avg_Y < 850000.0000) | filter(avg_X > 3.1800) | filter(avg_X > 9.5100) };4.52957e-01;1.00000e+00;Pipeline { filter(avg_Y < 21200000.0000) };7.31092e-01;8.17732e-01;Pipeline { filter(avg_X > 108.0000) };4.52957e-01;1.00000e+00;Pipeline { filter(avg_Y < 825000000.0000) }
datasets/geolife_60mins.csv;nsga2;1;8;800;800;2.31520e+01;100;100;100;1.00000e+00;1.00000e+00;6.00000e-02;8.09858e-01;8.14703e-01;Pipeline { filter(avg_Y < 850000.0000) | filter(avg_X > 3.1800) | filter(avg_X > 9.5100) };4.52957e-01;1.00000e+00;Pipeline { filter(avg_Y < 14500000.0000) };7.31092e-01;8.17732e-01;Pipeline { filter(avg_X > 0.0000) | filter(avg_X > 0.0006) | filter(avg_X > 2.5800) };4.52957e-01;1.00000e+00;Pipeline { filter(avg_X < 72100000.0000) }
datasets/geolife_60mins.csv;nsga2;1;9;900;900;2.55640e+01;100;100;100;1.00000e+00;1.00000e+00;8.00000e-02;8.24433e-01;7.02729e-01;Pipeline { filter(avg_Y < 850000.0000) | filter(avg_X > 3.1800) | filter(avg_Y > 9.5000) };4.52957e-01;1.00000e+00;Pipeline { filter(avg_Y < 3500000.0000) };4.52957e-01;1.00000e+00;Pipeline { filter(avg_Y < 70200000.0000) };4.52957e-01;1.00000e+00;Pipeline { filter(avg_X < 29700000.0000) }
datasets/geolife_60mins.csv;nsga2;1;10;1000;1000;2.79470e+01;100;100;100;1.00000e+00;1.00000e+00;8.00000e-02;8.24433e-01;7.02729e-01;Pipeline { filter(avg_Y < 850000.0000) | filter(avg_X > 3.1800) | filter(avg_Y > 9.5000) };4.52957e-01;1.00000e+00;Pipeline { filter(avg_Y < 73200000.0000) };4.52957e-01;1.00000e+00;Pipeline { filter(avg_X < 749000000.0000) };4.52957e-01;1.00000e+00;Pipeline { filter(avg_X < 88300000.0000) }
datasets/geolife_60mins.csv;nsga2;1;11;1100;1100;3.03550e+01;100;100;100;1.00000e+00;1.00000e+00;9.00000e-02;8.24433e-01;7.02729e-01;Pipeline { filter(avg_Y < 850000.0000) | filter(avg_X > 3.1800) | filter(avg_Y > 9.5000) };4.52957e-01;1.00000e+00;Pipeline { filter(avg_Y < 17500000.0000) };4.52957e-01;1.00000e+00;Pipeline { filter(avg_X < 94500000.0000) };4.52957e-01;1.00000e+00;Pipeline { filter(avg_X < 87000000.0000) }
datasets/geolife_60mins.csv;nsga2;1;12;1200;1200;3.27250e+01;100;100;100;1.00000e+00;1.00000e+00;9.00000e-02;8.24433e-01;7.02729e-01;Pipeline { filter(avg_Y < 850000.0000) | filter(avg_X > 3.1800) | filter(avg_Y > 9.5000) };4.52957e-01;1.00000e+00;Pipeline { filter(avg_X < 7970000.0000) };4.52957e-01;1.00000e+00;Pipeline { filter(avg_Y < 9100000.0000) };4.52957e-01;1.00000e+00;Pipeline { filter(avg_Y < 750000000.0000) }
datasets/geolife_60mins.csv;nsga2;1;13;1300;1300;3.50840e+01;100;100;100;1.00000e+00;1.00000e+00;9.00000e-02;8.24433e-01;7.02729e-01;Pipeline { filter(avg_Y < 850000.0000) | filter(avg_X > 3.1800) | filter(avg_Y > 9.5000) };4.52957e-01;1.00000e+00;Pipeline { filter(avg_Y < 6550000.0000) };4.52957e-01;1.00000e+00;Pipeline { filter(avg_Y < 725000000.0000) };4.52957e-01;1.00000e+00;Pipeline { filter(avg_Y < 2230000000.0000) }
datasets/geolife_60mins.csv;nsga2;1;14;1400;1400;3.75310e+01;100;100;100;1.00000e+00;1.00000e+00;9.00000e-02;8.24433e-01;7.02729e-01;Pipeline { filter(avg_Y < 850000.0000) | filter(avg_X > 3.1800) | filter(avg_Y > 9.5000) };4.52957e-01;1.00000e+00;Pipeline { filter(avg_Y < 538000000.0000) };4.52957e-01;1.00000e+00;Pipeline { filter(avg_X < 20200000.0000) };4.52957e-01;1.00000e+00;Pipeline { filter(avg_X < 85300000.0000) }
datasets/geolife_60mins.csv;nsga2;1;15;1500;1500;3.99090e+01;100;100;100;1.00000e+00;1.00000e+00;9.00000e-02;8.24433e-01;7.02729e-01;Pipeline { filter(avg_Y < 850000.0000) | filter(avg_X > 3.1800) | filter(avg_Y > 9.5000) };4.52957e-01;1.00000e+00;Pipeline { filter(avg_X < 553000000.0000) };4.52957e-01;1.00000e+00;Pipeline { filter(avg_X < 7970000.0000) };4.52957e-01;1.00000e+00;Pipeline { filter(avg_Y < 503000000.0000) }
datasets/geolife_60mins.csv;nsga2;1;16;1600;1600;4.23200e+01;100;100;100;1.00000e+00;9.90000e-01;9.00000e-02;8.24433e-01;7.02729e-01;Pipeline { filter(avg_Y < 850000.0000) | filter(avg_X > 3.1800) | filter(avg_Y > 9.5000) };4.52957e-01;1.00000e+00;Pipeline { filter(avg_X < 453000000.0000) };4.52957e-01;1.00000e+00;Pipeline { filter(avg_X < 5710000.0000) };4.52957e-01;1.00000e+00;Pipeline { filter(avg_Y < 18100000.0000) }
datasets/geolife_60mins.csv;nsga2;1;17;1700;1700;4.47770e+01;100;100;100;1.00000e+00;1.00000e+00;9.00000e-02;8.24433e-01;7.02729e-01;Pipeline { filter(avg_Y < 850000.0000) | filter(avg_X > 3.1800) | filter(avg_Y > 9.5000) };4.52957e-01;1.00000e+00;Pipeline { filter(avg_Y < 944000000.0000) };4.52957e-01;1.00000e+00;Pipeline { filter(avg_Y < 6960000000.0000) };4.52957e-01;1.00000e+00;Pipeline { filter(avg_Y < 13600000.0000) }
datasets/geolife_60mins.csv;nsga2;1;18;1800;1800;4.72060e+01;100;100;100;1.00000e+00;1.00000e+00;9.00000e-02;8.24433e-01;7.02729e-01;Pipeline { filter(avg_Y < 850000.0000) | filter(avg_X > 3.1800) | filter(avg_Y > 9.5000) };4.52957e-01;1.00000e+00;Pipeline { filter(avg_X < 553000000.0000) };4.52957e-01;1.00000e+00;Pipeline { filter(avg_X < 1240000000.0000) };4.52957e-01;1.00000e+00;Pipeline { filter(avg_Y < 17100000.0000) }
datasets/geolife_60mins.csv;nsga2;1;19;1900;1900;4.98710e+01;100;100;100;1.00000e+00;1.00000e+00;1.00000e-01;8.24433e-01;7.02729e-01;Pipeline { filter(avg_Y < 850000.0000) | filter(avg_X > 3.1800) | filter(avg_Y > 9.5000) };4.52957e-01;1.00000e+00;Pipeline { filter(avg_X < 79600000.0000) };4.52957e-01;1.00000e+00;Pipeline { filter(avg_X < 458000000.0000) };4.52957e-01;1.00000e+00;Pipeline { filter(avg_X < 815000000.0000) }
datasets/geolife_60mins.csv;nsga2;1;20;2000;2000;5.21380e+01;100;100;100;1.00000e+00;1.00000e+00;1.00000e-01;8.24433e-01;7.02729e-01;Pipeline { filter(avg_Y < 850000.0000) | filter(avg_X > 3.1800) | filter(avg_Y > 9.5000) };4.52957e-01;1.00000e+00;Pipeline { filter(avg_Y < 38000000.0000) };4.52957e-01;1.00000e+00;Pipeline { filter(avg_Y < 5300000.0000) };4.52957e-01;1.00000e+00;Pipeline { filter(avg_Y < 230000000.0000) }
datasets/geolife_60mins.csv;nsga2;1;21;2100;2100;5.44900e+01;100;100;100;1.00000e+00;9.90000e-01;1.00000e-01;8.24433e-01;7.02729e-01;Pipeline { filter(avg_Y < 850000.0000) | filter(avg_X > 3.1800) | filter(avg_Y > 9.5000) };4.52957e-01;1.00000e+00;Pipeline { filter(avg_Y < 3800000.0000) };4.52957e-01;1.00000e+00;Pipeline { filter(avg_X < 395000000.0000) };4.52957e-01;1.00000e+00;Pipeline { filter(avg_X < 228000000.0000) }
datasets/geolife_60mins.csv;nsga2;1;22;2200;2200;5.67860e+01;100;100;100;1.00000e+00;1.00000e+00;1.00000e-01;8.24433e-01;7.02729e-01;Pipeline { filter(avg_Y < 850000.0000) | filter(avg_X > 3.1800) | filter(avg_Y > 9.5000) };4.52957e-01;1.00000e+00;Pipeline { filter(avg_X < 51700000.0000) };4.52957e-01;1.00000e+00;Pipeline { filter(avg_Y < 6730000000.0000) };4.52957e-01;1.00000e+00;Pipeline { filter(avg_X < 5710000.0000) }
datasets/geolife_60mins.csv;nsga2;1;23;2300;2300;5.91680e+01;100;100;100;1.00000e+00;1.00000e+00;1.00000e-01;8.24433e-01;7.02729e-01;Pipeline { filter(avg_Y < 850000.0000) | filter(avg_X > 3.1800) | filter(avg_Y > 9.5000) };4.52957e-01;1.00000e+00;Pipeline { filter(avg_X < 30000000.0000) };4.52957e-01;1.00000e+00;Pipeline { filter(avg_X < 297000000.0000) };4.52957e-01;1.00000e+00;Pipeline { filter(avg_X < 484000000.0000) }
datasets/geolife_60mins.csv;nsga2;1;24;2400;2400;6.14350e+01;100;100;100;1.00000e+00;1.00000e+00;1.00000e-01;8.24433e-01;7.02729e-01;Pipeline { filter(avg_Y < 850000.0000) | filter(avg_X > 3.1800) | filter(avg_Y > 9.5000) };4.52957e-01;1.00000e+00;Pipeline { filter(avg_X < 90900000.0000) };4.52957e-01;1.00000e+00;Pipeline { filter(avg_X < 647000000.0000) };4.52957e-01;1.00000e+00;Pipeline { filter(avg_X < 21200000.0000) }
datasets/geolife_60mins.csv;nsga2;1;25;2500;2500;6.39710e+01;100;100;100;1.00000e+00;1.00000e+00;1.00000e-01;8.24433e-01;7.02729e-01;Pipeline { filter(avg_Y < 850000.0000) | filter(avg_X > 3.1800) | filter(avg_Y > 9.5000) };4.52957e-01;1.00000e+00;Pipeline { filter(avg_X < 432000000.0000) };4.52957e-01;1.00000e+00;Pipeline { filter(avg_Y < 9700000.0000) };4.52957e-01;1.00000e+00;Pipeline { filter(avg_X < 238000000.0000) }
datasets/geolife_60mins.csv;nsga2;1;26;2600;2600;6.64380e+01;100;100;100;1.00000e+00;1.00000e+00;1.00000e-01;8.24433e-01;7.02729e-01;Pipeline { filter(avg_Y < 850000.0000) | filter(avg_X > 3.1800) | filter(avg_Y > 9.5000) };4.52957e-01;1.00000e+00;Pipeline { filter(avg_X < 336000000.0000) };4.52957e-01;1.00000e+00;Pipeline { filter(avg_Y < 5230000.0000) };4.52957e-01;1.00000e+00;Pipeline { filter(avg_Y < 401000000.0000) }
datasets/geolife_60mins.csv;nsga2;1;27;2700;2700;6.89330e+01;100;100;100;1.00000e+00;1.00000e+00;1.00000e-01;8.24433e-01;7.02729e-01;Pipeline { filter(avg_Y < 850000.0000) | filter(avg_X > 3.1800) | filter(avg_Y > 9.5000) };4.52957e-01;1.00000e+00;Pipeline { filter(avg_Y < 4450000000.0000) };4.52957e-01;1.00000e+00;Pipeline { filter(avg_Y < 4860000000.0000) };4.52957e-01;1.00000e+00;Pipeline { filter(avg_Y < 45200000.0000) }
datasets/geolife_60mins.csv;nsga2;1;28;2800;2800;7.14250e+01;100;100;100;1.00000e+00;1.00000e+00;1.00000e-01;8.24433e-01;7.02729e-01;Pipeline { filter(avg_Y < 850000.0000) | filter(avg_X > 3.1800) | filter(avg_Y > 9.5000) };4.52957e-01;1.00000e+00;Pipeline { filter(avg_X < 5770000.0000) };4.52957e-01;1.00000e+00;Pipeline { filter(avg_X < 33500000.0000) };4.52957e-01;1.00000e+00;Pipeline { filter(avg_Y < 37200000.0000) }
datasets/geolife_60mins.csv;nsga2;1;29;2900;2900;7.38450e+01;100;100;100;1.00000e+00;1.00000e+00;1.00000e-01;8.24433e-01;7.02729e-01;Pipeline { filter(avg_Y < 850000.0000) | filter(avg_X > 3.1800) | filter(avg_Y > 9.5000) };4.52957e-01;1.00000e+00;Pipeline { filter(avg_Y < 5350000.0000) };4.52957e-01;1.00000e+00;Pipeline { filter(avg_X < 9130000000.0000) };4.52957e-01;1.00000e+00;Pipeline { filter(avg_Y < 480000000.0000) }
datasets/geolife_60mins.csv;nsga2;1;30;3000;3000;7.62300e+01;100;100;100;1.00000e+00;1.00000e+00;1.00000e-01;8.24433e-01;7.02729e-01;Pipeline { filter(avg_Y < 850000.0000) | filter(avg_X > 3.1800) | filter(avg_Y > 9.5000) };4.52957e-01;1.00000e+00;Pipeline { filter(avg_X < 935000000.0000) };4.52957e-01;1.00000e+00;Pipeline { filter(avg_X < 142000000.0000) };4.52957e-01;1.00000e+00;Pipeline { filter(avg_Y < 23400000.0000) }
datasets/geolife_60mins.csv;nsga2;1;31;3100;3100;7.86830e+01;100;100;100;1.00000e+00;1.00000e+00;1.00000e-01;8.24433e-01;7.02729e-01;Pipeline { filter(avg_Y < 850000.0000) | filter(avg_X > 3.1800) | filter(avg_Y > 9.5000) };4.52957e-01;1.00000e+00;Pipeline { filter(avg_X < 2040000000.0000) };4.52957e-01;1.00000e+00;Pipeline { filter(avg_Y < 221000000.0000) };4.52957e-01;1.00000e+00;Pipeline { filter(avg_Y < 14000000.0000) }
datasets/geolife_60mins.csv;nsga2;1;32;3200;3200;8.11690e+01;100;100;100;1.00000e+00;1.00000e+00;1.00000e-01;8.24433e-01;7.02729e-01;Pipeline { filter(avg_Y < 850000.0000) | filter(avg_X > 3.1800) | filter(avg_Y > 9.5000) };4.52957e-01;1.00000e+00;Pipeline { filter(avg_X < 426000000.0000) };4.52957e-01;1.00000e+00;Pipeline { filter(avg_Y < 445000000.0000) };4.52957e-01;1.00000e+00;Pipeline { filter(avg_Y < 8400000000.0000) }
datasets/geolife_60mins.csv;nsga2;1;33;3300;3300;8.37520e+01;100;100;100;1.00000e+00;1.00000e+00;1.00000e-01;8.24433e-01;7.02729e-01;Pipeline { filter(avg_Y < 850000.0000) | filter(avg_X > 3.1800) | filter(avg_Y > 9.5000) };4.52957e-01;1.00000e+00;Pipeline { filter(avg_Y < 7000000.0000) };4.52957e-01;1.00000e+00;Pipeline { filter(avg_Y < 98900000.0000) };4.52957e-01;1.00000e+00;Pipeline { filter(avg_Y < 4030000000.0000) }
datasets/geolife_60mins.csv;nsga2;1;34;3400;3400;8.61630e+01;100;100;100;1.00000e+00;1.00000e+00;1.10000e-01;8.24433e-01;7.02729e-01;Pipeline { filter(avg_Y < 850000.0000) | filter(avg_X > 3.1800) | filter(avg_Y > 9.5000) };4.52957e-01;1.00000e+00;Pipeline { filter(avg_Y < 8250000.0000) };4.52957e-01;1.00000e+00;Pipeline { filter(avg_Y < 51300000.0000) };4.52957e-01;1.00000e+00;Pipeline { filter(avg_Y < 71900000.0000) }
datasets/geolife_60mins.csv;nsga2;1;35;3500;3500;8.86450e+01;100;100;100;1.00000e+00;1.00000e+00;1.10000e-01;8.24433e-01;7.02729e-01;Pipeline { filter(avg_Y < 850000.0000) | filter(avg_X > 3.1800) | filter(avg_Y > 9.5000) };4.52957e-01;1.00000e+00;Pipeline { filter(avg_X < 426000000.0000) };4.52957e-01;1.00000e+00;Pipeline { filter(avg_Y < 700000000.0000) };4.52957e-01;1.00000e+00;Pipeline { filter(avg_X < 5450000.0000) }
datasets/geolife_60mins.csv;nsga2;1;36;3600;3600;9.10250e+01;100;100;100;1.00000e+00;1.00000e+00;1.10000e-01;8.24433e-01;7.02729e-01;Pipeline { filter(avg_Y < 850000.0000) | filter(avg_X > 3.1800) | filter(avg_Y > 9.5000) };4.52957e-01;1.00000e+00;Pipeline { filter(avg_X < 8490000000.0000) };4.52957e-01;1.00000e+00;Pipeline { filter(avg_Y < 2020000000.0000) };4.52957e-01;1.00000e+00;Pipeline { filter(avg_X < 7010000.0000) }
datasets/geolife_60mins.csv;nsga2;1;37;3700;3700;9.33750e+01;100;100;100;1.00000e+00;1.00000e+00;1.30000e-01;8.24433e-01;7.02729e-01;Pipeline { filter(avg_Y < 850000.0000) | filter(avg_X > 3.1800) | filter(avg_Y > 9.5000) };4.52957e-01;1.00000e+00;Pipeline { filter(avg_Y < 67000000.0000) };4.84548e-01;9.88088e-01;Pipeline { filter(avg_Y < 2400000.0000) };4.52957e-01;1.00000e+00;Pipeline { filter(avg_Y < 5460000000.0000) }
datasets/geolife_60mins.csv;nsga2;1;38;3800;3800;9.58070e+01;100;100;100;1.00000e+00;1.00000e+00;1.30000e-01;8.24433e-01;7.02729e-01;Pipeline { filter(avg_Y < 850000.0000) | filter(avg_X > 3.1800) | filter(avg_Y > 9.5000) };4.52957e-01;1.00000e+00;Pipeline { filter(avg_Y < 7030000000.0000) };4.52957e-01;1.00000e+00;Pipeline { filter(avg_X < 82000000.0000) };4.52957e-01;1.00000e+00;Pipeline { filter(avg_X < 2250000000.0000) }
datasets/geolife_60mins.csv;nsga2;1;39;3900;3900;9.82840e+01;100;100;100;1.00000e+00;1.00000e+00;1.30000e-01;8.24433e-01;7.02729e-01;Pipeline { filter(avg_Y < 850000.0000) | filter(avg_X > 3.1800) | filter(avg_Y > 9.5000) };4.52957e-01;1.00000e+00;Pipeline { filter(avg_X < 627000000.0000) };4.84548e-01;9.88088e-01;Pipeline { filter(avg_Y < 2400000.0000) };4.52957e-01;1.00000e+00;Pipeline { filter(avg_X < 4860000.0000) }
datasets/geolife_60mins.csv;nsga2;1;40;4000;4000;1.00673e+02;100;100;100;1.00000e+00;1.00000e+00;1.40000e-01;8.37841e-01;6.90660e-01;Pipeline { filter(avg_Y < 350000.0000) | filter(avg_X > 3.1300) | filter(avg_Y > 9.5000) };4.52957e-01;1.00000e+00;Pipeline { filter(avg_X < 2630000000.0000) };4.52957e-01;1.00000e+00;Pipeline { filter(avg_Y < 820000000.0000) };4.52957e-01;1.00000e+00;Pipeline { filter(avg_X < 8910000000.0000) }
datasets/geolife_60mins.csv;nsga2;1;41;4100;4100;1.03032e+02;100;100;100;1.00000e+00;1.00000e+00;1.40000e-01;8.37841e-01;6.90660e-01;Pipeline { filter(avg_Y < 350000.0000) | filter(avg_X > 3.1300) | filter(avg_Y > 9.5000) };4.52957e-01;1.00000e+00;Pipeline { filter(avg_X < 783000000.0000) };4.52957e-01;1.00000e+00;Pipeline { filter(avg_Y < 7270000000.0000) };4.52957e-01;1.00000e+00;Pipeline { filter(avg_X < 21800000.0000) }
datasets/geolife_60mins.csv;nsga2;1;42;4200;4200;1.05372e+02;100;100;100;1.00000e+00;1.00000e+00;1.40000e-01;8.37841e-01;6.90660e-01;Pipeline { filter(avg_Y < 350000.0000) | filter(avg_X > 3.1300) | filter(avg_Y > 9.5000) };4.52957e-01;1.00000e+00;Pipeline { filter(avg_Y < 2170000000.0000) };4.52957e-01;1.00000e+00;Pipeline { filter(avg_X < 773000000.0000) };4.52957e-01;1.00000e+00;Pipeline { filter(avg_X < 9030000.0000) }
datasets/geolife_60mins.csv;nsga2;1;43;4300;4300;1.07949e+02;100;100;100;1.00000e+00;1.00000e+00;1.50000e-01;8.37841e-01;6.90660e-01;Pipeline { filter(avg_Y < 350000.0000) | filter(avg_X > 3.1300) | filter(avg_Y > 9.5000) };4.52957e-01;1.00000e+00;Pipeline { filter(avg_Y < 7330000000.0000) };4.52957e-01;1.00000e+00;Pipeline { filter(avg_Y < 7470000000.0000) };4.52957e-01;1.00000e+00;Pipeline { filter(avg_X < 8030000.0000) }
datasets/geolife_60mins.csv;nsga2;1;44;4400;4400;1.10478e+02;100;100;100;1.00000e+00;1.00000e+00;1.60000e-01;8.37841e-01;6.90660e-01;Pipeline { filter(avg_Y < 350000.0000) | filter(avg_X > 3.1300) | filter(avg_Y > 9.5000) };4.52957e-01;1.00000e+00;Pipeline { filter(avg_Y < 653000000.0000) };4.52957e-01;1.00000e+00;Pipeline { filter(avg_X < 687000000.0000) };4.52957e-01;1.00000e+00;Pipeline { filter(avg_X < 263000000.0000) }
datasets/geolife_60mins.csv;nsga2;1;45;4500;4500;1.13045e+02;100;100;100;1.00000e+00;1.00000e+00;1.60000e-01;8.37841e-01;6.90660e-01;Pipeline { filter(avg_Y < 350000.0000) | filter(avg_X > 3.1300) | filter(avg_Y > 9.5000) };4.52957e-01;1.00000e+00;Pipeline { filter(avg_X < 78300000.0000) };4.52957e-01;1.00000e+00;Pipeline { filter(avg_X < 770000000.0000) };4.52957e-01;1.00000e+00;Pipeline { filter(avg_X < 54500000.0000) }
datasets/geolife_60mins.csv;nsga2;1;46;4600;4600;1.15483e+02;100;100;100;1.00000e+00;1.00000e+00;1.60000e-01;8.37841e-01;6.90660e-01;Pipeline { filter(avg_Y < 350000.0000) | filter(avg_X > 3.1300) | filter(avg_Y > 9.5000) };4.52957e-01;1.00000e+00;Pipeline { filter(avg_Y < 4400000000.0000) };4.52957e-01;1.00000e+00;Pipeline { filter(avg_Y < 64900000.0000) };4.52957e-01;1.00000e+00;Pipeline { filter(avg_Y < 80100000.0000) }
datasets/geolife_60mins.csv;nsga2;1;47;4700;4700;1.17911e+02;100;100;100;1.00000e+00;1.00000e+00;1.60000e-01;8.37841e-01;6.90660e-01;Pipeline { filter(avg_Y < 350000.0000) | filter(avg_X > 3.1300) | filter(avg_Y > 9.5000) };4.52957e-01;1.00000e+00;Pipeline { filter(avg_Y < 10100000.0000) };4.52957e-01;1.00000e+00;Pipeline { filter(avg_Y < 67200000.0000) };4.52957e-01;1.00000e+00;Pipeline { filter(avg_Y < 8060000000.0000) }
datasets/geolife_60mins.csv;nsga2;1;48;4800;4800;1.20370e+02;100;100;100;1.00000e+00;1.00000e+00;1.60000e-01;8.37841e-01;6.90660e-01;Pipeline { filter(avg_Y < 350000.0000) | filter(avg_X > 3.1300) | filter(avg_Y > 9.5000) };4.52957e-01;1.00000e+00;Pipeline { filter(avg_Y < 719000000.0000) };4.52957e-01;1.00000e+00;Pipeline { filter(avg_Y < 1760000000.0000) };4.52957e-01;1.00000e+00;Pipeline { filter(avg_X < 77700000.0000) }
datasets/geolife_60mins.csv;nsga2;1;49;4900;4900;1.22955e+02;100;100;100;1.00000e+00;1.00000e+00;1.60000e-01;8.37841e-01;6.90660e-01;Pipeline { filter(avg_Y < 350000.0000) | filter(avg_X > 3.1300) | filter(avg_Y > 9.5000) };4.52957e-01;1.00000e+00;Pipeline { filter(avg_X < 14400000.0000) };4.52957e-01;1.00000e+00;Pipeline { filter(avg_X < 979000000.0000) };4.52957e-01;1.00000e+00;Pipeline { filter(avg_X < 5810000000.0000) }
datasets/geolife_60mins.csv;nsga2;1;50;5000;5000;1.25374e+02;100;100;100;1.00000e+00;1.00000e+00;1.60000e-01;8.37841e-01;6.90660e-01;Pipeline { filter(avg_Y < 350000.0000) | filter(avg_X > 3.1300) | filter(avg_Y > 9.5000) };4.52957e-01;1.00000e+00;Pipeline { filter(avg_X < 2840000000.0000) };4.52957e-01;1.00000e+00;Pipeline { filter(avg_Y < 56900000.0000) };4.52957e-01;1.00000e+00;Pipeline { filter(avg_Y < 21800000.0000) }
datasets/geolife_60mins.csv;nsga2;2;1;100;100;2.09200e+00;100;7;67;1.00000e+00;1.00000e+00;1.70000e-01;7.31092e-01;8.17732e-01;Pipeline { filter(avg_X > 0.0292) };4.52957e-01;1.00000e+00;Pipeline { filter(avg_Y < 575000000.0000) };1.92867e-02;1.71560e-02;Pipeline { filter(avg_Y < 0.0001) | filter(avg_Y < 0.0000) | filter(avg_X < 0.0000) | filter(avg_X < 757.0000) | filter(avg_Y < 0.0000) };2.65920e-02;1.32638e-02;Pipeline { filter(avg_X > 0.0077) | filter(avg_Y < 40700000.0000) | filter(avg_X < 37100000.0000) | filter(avg_Y < 96000.0000) | filter(avg_Y > 0.0000) }
datasets/geolife_60mins.csv;nsga2;2;2;200;200;4.16500e+00;100;15;21;1.00000e+00;1.00000e+00;2.50000e-01;7.31092e-01;8.17732e-01;Pipeline { filter(avg_X > 128.0000) };4.52957e-01;1.00000e+00;Pipeline { filter(avg_Y < 319000000.0000) };4.14168e-01;7.26608e-01;Pipeline { filter(avg_Y > 0.0001) };4.14168e-01;7.26608e-01;Pipeline { filter(avg_Y > 0.0001) }
datasets/geolife_60mins.csv;nsga2;2;3;300;300;6.49500e+00;100;34;2;1.00000e+00;1.00000e+00;1.70000e-01;7.31092e-01;8.17732e-01;Pipeline { filter(avg_X > 134.0000) };4.52957e-01;1.00000e+00;Pipeline { filter(avg_X < 87000000.0000) };6.81526e-01;6.95852e-01;Pipeline { filter(avg_X > 0.6650) | filter(avg_Y > 62200.0000) };7.31092e-01;8.17732e-01;Pipeline { filter(avg_X > 1.8500) }
datasets/geolife_60mins.csv;nsga2;2;4;400;400;9.03200e+00;100;62;28;1.00000e+00;1.00000e+00;1.40000e-01;7.31092e-01;8.17732e-01;Pipeline { filter(avg_X > 0.0003) };4.52957e-01;1.00000e+00;Pipeline { filter(avg_X < 319000000.0000) };7.31092e-01;8.17732e-01;Pipeline { filter(avg_X > 0.0004) };6.62575e-01;8.89252e-01;Pipeline { filter(avg_Y < 476000.0000) }
datasets/geolife_60mins.csv;nsga2;2;5;500;500;1.16120e+01;100;100;100;1.00000e+00;1.00000e+00;3.00000e-02;7.31092e-01;8.17732e-01;Pipeline { filter(avg_X > 55.5000) };4.52957e-01;1.00000e+00;Pipeline { filter(avg_Y < 575000000.0000) };7.31092e-01;8.17732e-01;Pipeline { filter(avg_X > 0.0005) };4.52957e-01;1.00000e+00;Pipeline { filter(avg_Y < 3990000.0000) }
datasets/geolife_60mins.csv;nsga2;2;6;600;600;1.43810e+01;100;100;100;1.00000e+00;1.00000e+00;3.00000e-02;7.31092e-01;8.17732e-01;Pipeline { filter(avg_X > 15.7000) };4.52957e-01;1.00000e+00;Pipeline { filter(avg_Y < 515000000.0000) };7.31092e-01;8.17732e-01;Pipeline { filter(avg_X > 4.7000) };4.52957e-01;1.00000e+00;Pipeline { filter(avg_X < 319000000.0000) }
datasets/geolife_60mins.csv;nsga2;2;7;700;700;1.67980e+01;100;100;100;1.00000e+00;1.00000e+00;3.00000e-02;7.31092e-01;8.17732e-01;Pipeline { filter(avg_X > 231.0000) };4.52957e-01;1.00000e+00;Pipeline { filter(avg_X < 87500000.0000) };7.31092e-01;8.17732e-01;Pipeline { filter(avg_X > 0.0000) };4.52957e-01;1.00000e+00;Pipeline { filter(avg_X < 31900000.0000) }
datasets/geolife_60mins.csv;nsga2;2;8;800;800;1.92730e+01;100;100;100;1.00000e+00;1.00000e+00;3.00000e-02;7.31092e-01;8.17732e-01;Pipeline { filter(avg_X > 231.0000) };4.52957e-01;1.00000e+00;Pipeline { filter(avg_X < 87000000.0000) };4.52957e-01;1.00000e+00;Pipeline { filter(avg_Y < 46000000.0000) };4.52957e-01;1.00000e+00;Pipeline { filter(avg_Y < 5650000.0000) }
datasets/geolife_60mins.csv;nsga2;2;9;900;900;2.17330e+01;100;100;100;1.00000e+00;1.00000e+00;3.00000e-02;7.31092e-01;8.17732e-01;Pipeline { filter(avg_X > 231.0000) };4.52957e-01;1.00000e+00;Pipeline { filter(avg_Y < 3390000.0000) };4.52957e-01;1.00000e+00;Pipeline { filter(avg_X < 8500000000.0000) };4.52957e-01;1.00000e+00;Pipeline { filter(avg_Y < 4170000000.0000) }
datasets/geolife_60mins.csv;nsga2;2;10;1000;1000;2.45150e+01;100;100;100;1.00000e+00;9.90000e-01;3.00000e-02;7.31092e-01;8.17732e-01;Pipeline { filter(avg_X > 0.0532) };4.52957e-01;1.00000e+00;Pipeline { filter(avg_Y < 2520000000.0000) };4.52957e-01;1.00000e+00;Pipeline { filter(avg_Y < 310000000.0000) };4.52957e-01;1.00000e+00;Pipeline { filter(avg_Y < 2430000000.0000) }
datasets/geolife_60mins.csv;nsga2;2;11;1100;1100;2.70760e+01;100;100;100;1.00000e+00;9.90000e-01;3.00000e-02;7.31092e-01;8.17732e-01;Pipeline { filter(avg_X > 0.0532) };4.52957e-01;1.00000e+00;Pipeline { filter(avg_Y < 12300000.0000) };4.52957e-01;1.00000e+00;Pipeline { filter(avg_X < 87000000.0000) };4.52957e-01;1.00000e+00;Pipeline { filter(avg_X < 21900000.0000) }
datasets/geolife_60mins.csv;nsga2;2;12;1200;1200;2.94010e+01;100;100;100;1.00000e+00;1.00000e+00;3.00000e-02;7.31092e-01;8.17732e-01;Pipeline { filter(avg_X > 0.0532) };4.52957e-01;1.00000e+00;Pipeline { filter(avg_Y < 9130000.0000) };4.52957e-01;1.00000e+00;Pipeline { filter(avg_X < 97500000.0000) };4.52957e-01;1.00000e+00;Pipeline { filter(avg_Y < 463000000.0000) }
datasets/geolife_60mins.csv;nsga2;2;13;1300;1300;3.20450e+01;100;100;100;1.00000e+00;1.00000e+00;4.00000e-02;7.31092e-01;8.17732e-01;Pipeline { filter(avg_X > 0.0000) };4.52957e-01;1.00000e+00;Pipeline { filter(avg_Y < 120000000.0000) };4.52957e-01;1.00000e+00;Pipeline { filter(avg_Y < 3290000.0000) };4.52957e-01;1.00000e+00;Pipeline { filter(avg_Y < 2920000000.0000) }
datasets/geolife_60mins.csv;nsga2;2;14;1400;1400;3.46560e+01;100;100;100;1.00000e+00;1.00000e+00;4.00000e-02;7.31092e-01;8.17732e-01;Pipeline { filter(avg_X > 0.0000) };4.52957e-01;1.00000e+00;Pipeline { filter(avg_X < 16400000.0000) };4.52957e-01;1.00000e+00;Pipeline { filter(avg_X < 18200000.0000) };4.52957e-01;1.00000e+00;Pipeline { filter(avg_Y < 14200000.0000) }
datasets/geolife_60mins.csv;nsga2;2;15;1500;1500;3.70560e+01;100;100;100;1.00000e+00;1.00000e+00;4.00000e-02;7.31092e-01;8.17732e-01;Pipeline { filter(avg_X > 0.0000) };4.52957e-01;1.00000e+00;Pipeline { filter(avg_X < 18600000.0000) };4.52957e-01;1.00000e+00;Pipeline { filter(avg_Y < 74300000.0000) };4.52957e-01;1.00000e+00;Pipeline { filter(avg_X < 657000000.0000) }
datasets/geolife_60mins.csv;nsga2;2;16;1600;1600;3.94530e+01;100;100;100;1.00000e+00;1.00000e+00;5.00000e-02;7.31092e-01;8.17732e-01;Pipeline { filter(avg_X > 0.0000) };4.52957e-01;1.00000e+00;Pipeline { filter(avg_X < 86600000.0000) };4.52957e-01;1.00000e+00;Pipeline { filter(avg_Y < 18200000.0000) };4.52957e-01;1.00000e+00;Pipeline { filter(avg_X < 660000000.0000) }
datasets/geolife_60mins.csv;nsga2;2;17;1700;1700;4.18110e+01;100;100;100;1.00000e+00;1.00000e+00;6.00000e-02;7.31092e-01;8.17732e-01;Pipeline { filter(avg_X > 0.0000) };4.52957e-01;1.00000e+00;Pipeline { filter(avg_X < 70900000.0000) };4.52957e-01;1.00000e+00;Pipeline { filter(avg_Y < 1060000000.0000) };4.52957e-01;1.00000e+00;Pipeline { filter(avg_Y < 596000000.0000) }
datasets/geolife_60mins.csv;nsga2;2;18;1800;1800;4.42280e+01;100;100;100;1.00000e+00;1.00000e+00;6.00000e-02;7.31092e-01;8.17732e-01;Pipeline { filter(avg_X > 0.0000) };4.52957e-01;1.00000e+00;Pipeline { filter(avg_Y < 1770000000.0000) };4.52957e-01;1.00000e+00;Pipeline { filter(avg_X < 39300000.0000) };4.52957e-01;1.00000e+00;Pipeline { filter(avg_Y < 37100000.0000) }
datasets/geolife_60mins.csv;nsga2;2;19;1900;1900;4.67490e+01;100;100;100;1.00000e+00;1.00000e+00;6.00000e-02;7.31092e-01;8.17732e-01;Pipeline { filter(avg_X > 0.0162) };4.52957e-01;1.00000e+00;Pipeline { filter(avg_X < 2350000000.0000) };4.52957e-01;1.00000e+00;Pipeline { filter(avg_Y < 40800000.0000) };4.52957e-01;1.00000e+00;Pipeline { filter(avg_X < 8400000.0000) }
datasets/geolife_60mins.csv;nsga2;2;20;2000;2000;4.91020e+01;100;100;100;1.00000e+00;1.00000e+00;7.00000e-02;7.31092e-01;8.17732e-01;Pipeline { filter(avg_X > 313.0000) };4.52957e-01;1.00000e+00;Pipeline { filter(avg_Y < 8520000.0000) };4.59868e-01;9.95989e-01;Pipeline { filter(avg_Y < 2530000.0000) };4.52957e-01;1.00000e+00;Pipeline { filter(avg_Y < 44900000.0000) }
datasets/geolife_60mins.csv;nsga2;2;21;2100;2100;5.16200e+01;100;100;100;1.00000e+00;1.00000e+00;7.00000e-02;7.31092e-01;8.17732e-01;Pipeline { filter(avg_X > 313.0000) };4.52957e-01;1.00000e+00;Pipeline { filter(avg_X < 3370000000.0000) };4.52957e-01;1.00000e+00;Pipeline { filter(avg_Y < 6020000.0000) };4.52957e-01;1.00000e+00;Pipeline { filter(avg_Y < 606000000.0000) }
datasets/geolife_60mins.csv;nsga2;2;22;2200;2200;5.39600e+01;100;100;100;1.00000e+00;1.00000e+00;7.00000e-02;7.31092e-01;8.17732e-01;Pipeline { filter(avg_X > 0.0000) };4.52957e-01;1.00000e+00;Pipeline { filter(avg_X < 9550000.0000) };4.52957e-01;1.00000e+00;Pipeline { filter(avg_Y < 8590000.0000) };4.52957e-01;1.00000e+00;Pipeline { filter(avg_X < 525000000.0000) }
datasets/geolife_60mins.csv;nsga2;2;23;2300;2300;5.64010e+01;100;100;100;1.00000e+00;1.00000e+00;7.00000e-02;7.31092e-01;8.17732e-01;Pipeline { filter(avg_X > 0.0090) };4.52957e-01;1.00000e+00;Pipeline { filter(avg_X < 5250000000.0000) };4.60484e-01;9.95015e-01;Pipeline { filter(avg_Y < 2520000.0000) };4.52957e-01;1.00000e+00;Pipeline { filter(avg_Y < 197000000.0000) }
datasets/geolife_60mins.csv;nsga2;2;24;2400;2400;5.97170e+01;100;100;100;1.00000e+00;1.00000e+00;7.00000e-02;7.31092e-01;8.17732e-01;Pipeline { filter(avg_X > 0.0000) };4.52957e-01;1.00000e+00;Pipeline { filter(avg_Y < 60000000.0000) };7.31092e-01;8.17732e-01;Pipeline { filter(avg_X > 0.0000) };4.52957e-01;1.00000e+00;Pipeline { filter(avg_Y < 7730000000.0000) }
datasets/geolife_60mins.csv;nsga2;2;25;2500;2500;6.39270e+01;100;100;100;1.00000e+00;1.00000e+00;7.00000e-02;7.31092e-01;8.17732e-01;Pipeline { filter(avg_X > 0.0020) };4.52957e-01;1.00000e+00;Pipeline { filter(avg_Y < 177000000.0000) };7.31092e-01;8.17732e-01;Pipeline { filter(avg_X > 0.0706) };4.52957e-01;1.00000e+00;Pipeline { filter(avg_X < 3220000000.0000) }
datasets/geolife_60mins.csv;nsga2;2;26;2600;2600;6.81190e+01;100;100;100;1.00000e+00;1.00000e+00;7.00000e-02;7.31092e-01;8.17732e-01;Pipeline { filter(avg_X > 0.0001) };4.52957e-01;1.00000e+00;Pipeline { filter(avg_Y < 5620000.0000) };7.31092e-01;8.17732e-01;Pipeline { filter(avg_X > 2.9900) };4.52957e-01;1.00000e+00;Pipeline { filter(avg_Y < 656000000.0000) }
datasets/geolife_60mins.csv;nsga2;2;27;2700;2700;7.29590e+01;100;100;100;1.00000e+00;9.80000e-01;7.00000e-02;7.31092e-01;8.17732e-01;Pipeline { filter(avg_X > 0.0000) };4.52957e-01;1.00000e+00;Pipeline { filter(avg_Y < 5620000.0000) };7.31092e-01;8.17732e-01;Pipeline { filter(avg_X > 0.0002) };7.31092e-01;8.17732e-01;Pipeline { filter(avg_X > 7.0600) }
datasets/geolife_60mins.csv;nsga2;2;28;2800;2800;7.73850e+01;100;100;100;1.00000e+00;9.90000e-01;7.00000e-02;7.31092e-01;8.17732e-01;Pipeline { filter(avg_X > 0.0000) };4.52957e-01;1.00000e+00;Pipeline { filter(avg_Y < 5620000.0000) };7.31092e-01;8.17732e-01;Pipeline { filter(avg_X > 2.7100) };7.31092e-01;8.17732e-01;Pipeline { filter(avg_X > 656.0000) }
datasets/geolife_60mins.csv;nsga2;2;29;2900;2900;8.25900e+01;100;100;100;1.00000e+00;1.00000e+00;7.00000e-02;7.31092e-01;8.17732e-01;Pipeline { filter(avg_X > 0.0025) };4.52957e-01;1.00000e+00;Pipeline { filter(avg_X < 430000000.0000) };7.31092e-01;8.17732e-01;Pipeline { filter(avg_X > 0.0229) };7.31092e-01;8.17732e-01;Pipeline { filter(avg_X > 0.0080) }
datasets/geolife_60mins.csv;nsga2;2;30;3000;3000;8.74720e+01;100;100;100;1.00000e+00;1.00000e+00;7.00000e-02;7.31092e-01;8.17732e-01;Pipeline { filter(avg_X > 0.0000) };4.52957e-01;1.00000e+00;Pipeline { filter(avg_X < 430000000.0000) };7.31092e-01;8.17732e-01;Pipeline { filter(avg_X > 0.0006) };7.31092e-01;8.17732e-01;Pipeline { filter(avg_X > 7.9400) }
datasets/geolife_60mins.csv;nsga2;2;31;3100;3100;9.25400e+01;100;100;100;1.00000e+00;1.00000e+00;7.00000e-02;7.31092e-01;8.17732e-01;Pipeline { filter(avg_X > 66.5000) };4.52957e-01;1.00000e+00;Pipeline { filter(avg_X < 430000000.0000) };7.31092e-01;8.17732e-01;Pipeline { filter(avg_X > 0.0013) };7.31092e-01;8.17732e-01;Pipeline { filter(avg_X > 0.0000) }
datasets/geolife_60mins.csv;nsga2;2;32;3200;3200;9.77950e+01;100;100;100;1.00000e+00;9.90000e-01;7.00000e-02;7.31092e-01;8.17732e-01;Pipeline { filter(avg_X > 0.0000) };4.52957e-01;1.00000e+00;Pipeline { filter(avg_X < 430000000.0000) };7.31092e-01;8.17732e-01;Pipeline { filter(avg_X > 7.9000) };7.31092e-01;8.17732e-01;Pipeline { filter(avg_X > 84.9000) }
datasets/geolife_60mins.csv;nsga2;2;33;3300;3300;1.02271e+02;100;100;100;1.00000e+00;1.00000e+00;7.00000e-02;7.31092e-01;8.17732e-01;Pipeline { filter(avg_X > 0.0012) };4.52957e-01;1.00000e+00;Pipeline { filter(avg_X < 430000000.0000) };7.31092e-01;8.17732e-01;Pipeline { filter(avg_X > 0.0000) };7.31092e-01;8.17732e-01;Pipeline { filter(avg_X > 0.0016) }
datasets/geolife_60mins.csv;nsga2;2;34;3400;3400;1.06725e+02;100;100;100;1.00000e+00;9.90000e-01;7.00000e-02;7.31092e-01;8.17732e-01;Pipeline { filter(avg_X > 0.0000) };4.52957e-01;1.00000e+00;Pipeline { filter(avg_X < 430000000.0000) };7.31092e-01;8.17732e-01;Pipeline { filter(avg_X > 7.9400) };7.31092e-01;8.17732e-01;Pipeline { filter(avg_X > 0.0551) }
datasets/geolife_60mins.csv;nsga2;2;35;3500;3500;1.11483e+02;100;100;100;1.00000e+00;1.00000e+00;7.00000e-02;7.31092e-01;8.17732e-01;Pipeline { filter(avg_X > 0.0005) };4.52957e-01;1.00000e+00;Pipeline { filter(avg_X < 430000000.0000) };7.31092e-01;8.17732e-01;Pipeline { filter(avg_X > 6.7800) };7.31092e-01;8.17732e-01;Pipeline { filter(avg_X > 0.6650) }
datasets/geolife_60mins.csv;nsga2;2;36;3600;3600;1.16157e+02;100;100;100;1.00000e+00;1.00000e+00;7.00000e-02;7.31092e-01;8.17732e-01;Pipeline { filter(avg_X > 3.4400) };4.52957e-01;1.00000e+00;Pipeline { filter(avg_X < 430000000.0000) };7.31092e-01;8.17732e-01;Pipeline { filter(avg_X > 0.7950) };7.31092e-01;8.17732e-01;Pipeline { filter(avg_X > 89.9000) }
datasets/geolife_60mins.csv;nsga2;2;37;3700;3700;1.20445e+02;100;100;100;1.00000e+00;1.00000e+00;7.00000e-02;7.31092e-01;8.17732e-01;Pipeline { filter(avg_X > 0.0001) };4.52957e-01;1.00000e+00;Pipeline { filter(avg_X < 79300000.0000) };7.31092e-01;8.17732e-01;Pipeline { filter(avg_X > 0.0000) };7.31092e-01;8.17732e-01;Pipeline { filter(avg_X > 0.0000) }
datasets/geolife_60mins.csv;nsga2;2;38;3800;3800;1.25337e+02;100;100;100;1.00000e+00;1.00000e+00;7.00000e-02;7.31092e-01;8.17732e-01;Pipeline { filter(avg_X > 0.0000) };4.52957e-01;1.00000e+00;Pipeline { filter(avg_X < 79300000.0000) };7.31092e-01;8.17732e-01;Pipeline { filter(avg_X > 0.0090) };7.31092e-01;8.17732e-01;Pipeline { filter(avg_X > 0.0000) }
datasets/geolife_60mins.csv;nsga2;2;39;3900;3900;1.29640e+02;100;100;100;1.00000e+00;1.00000e+00;7.00000e-02;7.31092e-01;8.17732e-01;Pipeline { filter(avg_X > 0.0093) };4.52957e-01;1.00000e+00;Pipeline { filter(avg_X < 1780000000.0000) };7.31092e-01;8.17732e-01;Pipeline { filter(avg_X > 45.6000) };7.31092e-01;8.17732e-01;Pipeline { filter(avg_X > 0.0000) }
datasets/geolife_60mins.csv;nsga2;2;40;4000;4000;1.33923e+02;100;100;100;1.00000e+00;9.80000e-01;7.00000e-02;7.31092e-01;8.17732e-01;Pipeline { filter(avg_X > 0.0000) };4.52957e-01;1.00000e+00;Pipeline { filter(avg_X < 1780000000.0000) };7.31092e-01;8.17732e-01;Pipeline { filter(avg_X > 0.2080) };7.31092e-01;8.17732e-01;Pipeline { filter(avg_X > 300.0000) }
datasets/geolife_60mins.csv;nsga2;2;41;4100;4100;1.38098e+02;100;100;100;1.00000e+00;1.00000e+00;7.00000e-02;7.31092e-01;8.17732e-01;Pipeline { filter(avg_X > 50.5000) };4.52957e-01;1.00000e+00;Pipeline { filter(avg_X < 1780000000.0000) };7.31092e-01;8.17732e-01;Pipeline { filter(avg_X > 955.0000) };7.31092e-01;8.17732e-01;Pipeline { filter(avg_X > 4300.0000) }
datasets/geolife_60mins.csv;nsga2;2;42;4200;4200;1.42531e+02;100;100;100;1.00000e+00;1.00000e+00;7.00000e-02;7.31092e-01;8.17732e-01;Pipeline { filter(avg_X > 0.0001) };4.52957e-01;1.00000e+00;Pipeline { filter(avg_X < 1780000000.0000) };7.31092e-01;8.17732e-01;Pipeline { filter(avg_X > 0.0000) };7.31092e-01;8.17732e-01;Pipeline { filter(avg_X > 0.0110) }
datasets/geolife_60mins.csv;nsga2;2;43;4300;4300;1.46662e+02;100;100;100;1.00000e+00;9.80000e-01;7.00000e-02;7.31092e-01;8.17732e-01;Pipeline { filter(avg_X > 0.8960) };4.52957e-01;1.00000e+00;Pipeline { filter(avg_X < 1780000000.0000) };7.31092e-01;8.17732e-01;Pipeline { filter(avg_X > 1.7600) };7.31092e-01;8.17732e-01;Pipeline { filter(avg_X > 0.0000) }
datasets/geolife_60mins.csv;nsga2;2;44;4400;4400;1.50957e+02;100;100;100;1.00000e+00;9.90000e-01;7.00000e-02;7.31092e-01;8.17732e-01;Pipeline { filter(avg_X > 309.0000) };4.52957e-01;1.00000e+00;Pipeline { filter(avg_X < 1780000000.0000) };7.31092e-01;8.17732e-01;Pipeline { filter(avg_X > 8.4800) };7.31092e-01;8.17732e-01;Pipeline { filter(avg_X > 0.0000) }
datasets/geolife_60mins.csv;nsga2;2;45;4500;4500;1.55500e+02;100;100;100;1.00000e+00;1.00000e+00;7.00000e-02;7.31092e-01;8.17732e-01;Pipeline { filter(avg_X > 5450.0000) };4.52957e-01;1.00000e+00;Pipeline { filter(avg_X < 1780000000.0000) };7.31092e-01;8.17732e-01;Pipeline { filter(avg_X > 0.0086) };7.31092e-01;8.17732e-01;Pipeline { filter(avg_X > 0.0000) }
datasets/geolife_60mins.csv;nsga2;2;46;4600;4600;1.59973e+02;100;100;100;1.00000e+00;1.00000e+00;7.00000e-02;7.31092e-01;8.17732e-01;Pipeline { filter(avg_X > 0.0000) };4.52957e-01;1.00000e+00;Pipeline { filter(avg_X < 1780000000.0000) };7.31092e-01;8.17732e-01;Pipeline { filter(avg_X > 0.0000) };7.31092e-01;8.17732e-01;Pipeline { filter(avg_X > 691.0000) }
datasets/geolife_60mins.csv;nsga2;2;47;4700;4700;1.64392e+02;100;100;100;1.00000e+00;1.00000e+00;7.00000e-02;7.31092e-01;8.17732e-01;Pipeline { filter(avg_X > 0.0057) };4.52957e-01;1.00000e+00;Pipeline { filter(avg_X < 1780000000.0000) };7.31092e-01;8.17732e-01;Pipeline { filter(avg_X > 78.1000) };7.31092e-01;8.17732e-01;Pipeline { filter(avg_X > 0.0539) }
datasets/geolife_60mins.csv;nsga2;2;48;4800;4800;1.68770e+02;100;100;100;1.00000e+00;1.00000e+00;7.00000e-02;7.31092e-01;8.17732e-01;Pipeline { filter(avg_X > 0.0000) };4.52957e-01;1.00000e+00;Pipeline { filter(avg_X < 1780000000.0000) };7.31092e-01;8.17732e-01;Pipeline { filter(avg_X > 0.6810) };7.31092e-01;8.17732e-01;Pipeline { filter(avg_X > 0.0006) }
datasets/geolife_60mins.csv;nsga2;2;49;4900;4900;1.73484e+02;100;100;100;1.00000e+00;9.90000e-01;7.00000e-02;7.31092e-01;8.17732e-01;Pipeline { filter(avg_X > 0.0000) };4.52957e-01;1.00000e+00;Pipeline { filter(avg_X < 1780000000.0000) };7.31092e-01;8.17732e-01;Pipeline { filter(avg_X > 0.0005) };7.31092e-01;8.17732e-01;Pipeline { filter(avg_X > 0.0621) }
datasets/geolife_60mins.csv;nsga2;2;50;5000;5000;1.77549e+02;100;100;100;1.00000e+00;1.00000e+00;7.00000e-02;7.31092e-01;8.17732e-01;Pipeline { filter(avg_X > 5660.0000) };4.52957e-01;1.00000e+00;Pipeline { filter(avg_X < 1780000000.0000) };7.31092e-01;8.17732e-01;Pipeline { filter(avg_X > 5.0900) };7.31092e-01;8.17732e-01;Pipeline { filter(avg_X > 5.4900) }
datasets/geolife_60mins.csv;nsga2;3;1;100;100;4.30300e+00;100;9;67;1.00000e+00;1.00000e+00;1.80000e-01;7.77064e-01;6.84530e-01;Pipeline { filter(avg_Y > 0.0140) | filter(avg_X > 0.0000) | filter(avg_X < 565000.0000) };4.52957e-01;1.00000e+00;Pipeline { filter(avg_X < 6150000.0000) };2.02007e-02;2.70142e-02;Pipeline { filter(avg_X < 0.0000) };2.06009e-02;1.80548e-02;Pipeline { filter(avg_Y < 4.7600) | filter(avg_X < 42600.0000) }
datasets/geolife_60mins.csv;nsga2;3;2;200;200;8.51300e+00;100;18;23;1.00000e+00;9.90000e-01;2.70000e-01;7.77064e-01;6.84530e-01;Pipeline { filter(avg_Y > 0.0140) | filter(avg_X > 0.0000) | filter(avg_X < 565000.0000) };4.52957e-01;1.00000e+00;Pipeline { filter(avg_X < 8750000.0000) };4.49308e-01;9.16273e-01;Pipeline { filter(avg_X < 875000.0000) };4.14168e-01;7.26608e-01;Pipeline { filter(avg_Y > 0.0000) }
datasets/geolife_60mins.csv;nsga2;3;3;300;300;1.24630e+01;100;53;6;1.00000e+00;1.00000e+00;2.70000e-01;8.11361e-01;8.17727e-01;Pipeline { filter(avg_X > 0.0000) | filter(avg_Y < 1810000.0000) };4.52957e-01;1.00000e+00;Pipeline { filter(avg_X < 9360000000.0000) };7.31092e-01;8.17732e-01;Pipeline { filter(avg_X > 0.0000) };7.31092e-01;8.17732e-01;Pipeline { filter(avg_X > 0.0048) }
datasets/geolife_60mins.csv;nsga2;3;4;400;400;1.64690e+01;100;93;4;1.00000e+00;1.00000e+00;1.00000e-01;8.11361e-01;8.17727e-01;Pipeline { filter(avg_X > 0.0000) | filter(avg_Y < 1810000.0000) };4.52957e-01;1.00000e+00;Pipeline { filter(avg_X < 6150000.0000) };7.31092e-01;8.17732e-01;Pipeline { filter(avg_X > 0.0000) };6.61771e-01;8.85329e-01;Pipeline { filter(avg_Y < 401000.0000) }
datasets/geolife_60mins.csv;nsga2;3;5;500;500;2.08110e+01;100;100;100;1.00000e+00;9.90000e-01;6.00000e-02;8.11361e-01;8.17727e-01;Pipeline { filter(avg_X > 0.0000) | filter(avg_Y < 1810000.0000) };4.52957e-01;1.00000e+00;Pipeline { filter(avg_X < 6150000.0000) };7.31092e-01;8.17732e-01;Pipeline { filter(avg_X > 0.0011) | filter(avg_X > 0.5500) };7.31092e-01;8.17732e-01;Pipeline { filter(avg_X > 0.0000) | filter(avg_Y < 6000000.0000) }
datasets/geolife_60mins.csv;nsga2;3;6;600;600;2.50940e+01;100;100;100;1.00000e+00;1.00000e+00;6.00000e-02;8.11361e-01;8.17727e-01;Pipeline { filter(avg_X > 0.0000) | filter(avg_Y < 1810000.0000) };4.52957e-01;1.00000e+00;Pipeline { filter(avg_X < 6150000.0000) };7.31092e-01;8.17732e-01;Pipeline { filter(avg_X > 0.0000) };7.31092e-01;8.17732e-01;Pipeline { filter(avg_X > 1110.0000) | filter(avg_X > 46.0000) }
datasets/geolife_60mins.csv;nsga2;3;7;700;700;2.95470e+01;100;100;100;1.00000e+00;9.90000e-01;7.00000e-02;8.27531e-01;8.17266e-01;Pipeline { filter(avg_X > 0.0000) | filter(avg_X < 1810000.0000) };4.52957e-01;1.00000e+00;Pipeline { filter(avg_X < 6150000.0000) };7.31092e-01;8.17732e-01;Pipeline { filter(avg_X > 0.0073) };7.31092e-01;8.17732e-01;Pipeline { filter(avg_X > 0.0001) }
datasets/geolife_60mins.csv;nsga2;3;8;800;800;3.40720e+01;100;100;100;1.00000e+00;1.00000e+00;8.00000e-02;8.27531e-01;8.17266e-01;Pipeline { filter(avg_X > 0.0000) | filter(avg_X < 1810000.0000) };4.52957e-01;1.00000e+00;Pipeline { filter(avg_X < 6150000.0000) };7.31092e-01;8.17732e-01;Pipeline { filter(avg_X > 0.0015) | filter(avg_X > 0.0450) };7.31092e-01;8.17732e-01;Pipeline { filter(avg_X > 0.0000) | filter(avg_X > 0.0000) }
datasets/geolife_60mins.csv;nsga2;3;9;900;900;3.88230e+01;100;100;100;1.00000e+00;9.90000e-01;8.00000e-02;8.27531e-01;8.17266e-01;Pipeline { filter(avg_X > 0.0000) | filter(avg_X < 1810000.0000) };4.52957e-01;1.00000e+00;Pipeline { filter(avg_X < 6150000.0000) };7.31092e-01;8.17732e-01;Pipeline { filter(avg_X > 1110.0000) | filter(avg_X > 0.0000) };7.31092e-01;8.17732e-01;Pipeline { filter(avg_X > 0.0000) | filter(avg_Y < 87400000.0000) }
datasets/geolife_60mins.csv;nsga2;3;10;1000;1000;4.30560e+01;100;100;100;1.00000e+00;9.90000e-01;8.00000e-02;8.27531e-01;8.17266e-01;Pipeline { filter(avg_X > 0.0000) | filter(avg_X < 1810000.0000) };4.52957e-01;1.00000e+00;Pipeline { filter(avg_X < 6150000.0000) };7.31092e-01;8.17732e-01;Pipeline { filter(avg_X > 0.0000) };7.31092e-01;8.17732e-01;Pipeline { filter(avg_X > 0.0000) }
datasets/geolife_60mins.csv;nsga2;3;11;1100;1100;4.78060e+01;100;100;100;1.00000e+00;1.00000e+00;8.00000e-02;8.27531e-01;8.17266e-01;Pipeline { filter(avg_X > 0.0000) | filter(avg_X < 1810000.0000) };4.52957e-01;1.00000e+00;Pipeline { filter(avg_X < 6150000.0000) };7.31092e-01;8.17732e-01;Pipeline { filter(avg_X > 0.0473) | filter(avg_Y < 4280000.0000) };7.31092e-01;8.17732e-01;Pipeline { filter(avg_X > 0.0000) | filter(avg_X > 48.0000) }
datasets/geolife_60mins.csv;nsga2;3;12;1200;1200;5.21600e+01;100;100;100;1.00000e+00;9.90000e-01;8.00000e-02;8.27563e-01;8.17300e-01;Pipeline { filter(avg_X > 0.0008) | filter(avg_X < 1840000.0000) };4.52957e-01;1.00000e+00;Pipeline { filter(avg_X < 510000000.0000) };7.31092e-01;8.17732e-01;Pipeline { filter(avg_X > 0.0000) };7.31092e-01;8.17732e-01;Pipeline { filter(avg_X > 0.0098) }
datasets/geolife_60mins.csv;nsga2;3;13;1300;1300;5.63520e+01;100;100;100;1.00000e+00;1.00000e+00;8.00000e-02;8.27563e-01;8.17300e-01;Pipeline { filter(avg_X > 0.0008) | filter(avg_X < 1840000.0000) };4.52957e-01;1.00000e+00;Pipeline { filter(avg_X < 292000000.0000) };7.31092e-01;8.17732e-01;Pipeline { filter(avg_X > 0.0000) };7.31092e-01;8.17732e-01;Pipeline { filter(avg_X > 0.0473) | filter(avg_X > 6.6000) }
datasets/geolife_60mins.csv;nsga2;3;14;1400;1400;6.08080e+01;100;100;100;1.00000e+00;9.80000e-01;8.00000e-02;8.27563e-01;8.17300e-01;Pipeline { filter(avg_X > 0.0008) | filter(avg_X < 1840000.0000) };4.52957e-01;1.00000e+00;Pipeline { filter(avg_X < 292000000.0000) };7.31092e-01;8.17732e-01;Pipeline { filter(avg_X > 0.0000) | filter(avg_X > 0.7900) };7.31092e-01;8.17732e-01;Pipeline { filter(avg_X > 0.0001) }
datasets/geolife_60mins.csv;nsga2;3;15;1500;1500;6.60700e+01;100;100;100;1.00000e+00;1.00000e+00;9.00000e-02;8.27563e-01;8.17300e-01;Pipeline { filter(avg_X > 0.0008) | filter(avg_X < 1840000.0000) };4.52957e-01;1.00000e+00;Pipeline { filter(avg_X < 292000000.0000) };7.31092e-01;8.17732e-01;Pipeline { filter(avg_X > 584.0000) };7.31092e-01;8.17732e-01;Pipeline { filter(avg_X > 6300.0000) }
datasets/geolife_60mins.csv;nsga2;3;16;1600;1600;7.07160e+01;100;100;100;1.00000e+00;1.00000e+00;9.00000e-02;8.27563e-01;8.17300e-01;Pipeline { filter(avg_X > 0.0008) | filter(avg_X < 1840000.0000) };4.52957e-01;1.00000e+00;Pipeline { filter(avg_X < 292000000.0000) };7.31092e-01;8.17732e-01;Pipeline { filter(avg_X > 0.0044) | filter(avg_Y < 85600000.0000) };7.31092e-01;8.17732e-01;Pipeline { filter(avg_X > 0.0083) | filter(avg_X > 0.0000) }
datasets/geolife_60mins.csv;nsga2;3;17;1700;1700;7.54600e+01;100;100;100;1.00000e+00;9.90000e-01;9.00000e-02;8.27563e-01;8.17300e-01;Pipeline { filter(avg_X > 0.0008) | filter(avg_X < 1840000.0000) };4.52957e-01;1.00000e+00;Pipeline { filter(avg_X < 292000000.0000) };7.31092e-01;8.17732e-01;Pipeline { filter(avg_X > 92.9000) };7.31092e-01;8.17732e-01;Pipeline { filter(avg_X > 7.6900) }
datasets/geolife_60mins.csv;nsga2;3;18;1800;1800;8.02450e+01;100;100;100;1.00000e+00;1.00000e+00;1.00000e-01;8.27563e-01;8.17300e-01;Pipeline { filter(avg_X > 0.0008) | filter(avg_X < 1840000.0000) };4.52957e-01;1.00000e+00;Pipeline { filter(avg_X < 65800000.0000) };7.31092e-01;8.17732e-01;Pipeline { filter(avg_X > 0.0770) | filter(avg_X > 1.6000) };7.31092e-01;8.17732e-01;Pipeline { filter(avg_X > 2600.0000) | filter(avg_Y < 7610000.0000) }
datasets/geolife_60mins.csv;nsga2;3;19;1900;1900;8.50110e+01;100;100;100;1.00000e+00;1.00000e+00;1.10000e-01;8.27563e-01;8.17300e-01;Pipeline { filter(avg_X > 0.0008) | filter(avg_X < 1840000.0000) };4.52957e-01;1.00000e+00;Pipeline { filter(avg_X < 65800000.0000) };7.31092e-01;8.17732e-01;Pipeline { filter(avg_X > 6.6700) };7.31092e-01;8.17732e-01;Pipeline { filter(avg_X > 34.0000) | filter(avg_X > 4.8000) }
datasets/geolife_60mins.csv;nsga2;3;20;2000;2000;8.92410e+01;100;100;100;1.00000e+00;1.00000e+00;1.10000e-01;8.27563e-01;8.17300e-01;Pipeline { filter(avg_X > 0.0008) | filter(avg_X < 1840000.0000) };4.52957e-01;1.00000e+00;Pipeline { filter(avg_X < 242000000.0000) };7.31092e-01;8.17732e-01;Pipeline { filter(avg_X > 0.0003) };7.31092e-01;8.17732e-01;Pipeline { filter(avg_X > 0.0010) | filter(avg_X > 700.0000) }
datasets/geolife_60mins.csv;nsga2;3;21;2100;2100;9.38630e+01;100;100;100;1.00000e+00;1.00000e+00;1.10000e-01;8.27563e-01;8.17300e-01;Pipeline { filter(avg_X > 0.0008) | filter(avg_X < 1840000.0000) };4.52957e-01;1.00000e+00;Pipeline { filter(avg_X < 242000000.0000) };7.31092e-01;8.17732e-01;Pipeline { filter(avg_X > 4980.0000) };7.31092e-01;8.17732e-01;Pipeline { filter(avg_X > 0.0000) | filter(avg_X < 7610000.0000) }
datasets/geolife_60mins.csv;nsga2;3;22;2200;2200;9.82790e+01;100;100;100;1.00000e+00;9.90000e-01;1.10000e-01;8.27563e-01;8.17300e-01;Pipeline { filter(avg_X > 0.0008) | filter(avg_X < 1840000.0000) };4.52957e-01;1.00000e+00;Pipeline { filter(avg_X < 242000000.0000) };7.31092e-01;8.17732e-01;Pipeline { filter(avg_X > 1.4800) };7.31092e-01;8.17732e-01;Pipeline { filter(avg_X > 0.0000) }
datasets/geolife_60mins.csv;nsga2;3;23;2300;2300;1.02845e+02;100;100;100;1.00000e+00;9.90000e-01;1.10000e-01;8.27563e-01;8.17300e-01;Pipeline { filter(avg_X > 0.0008) | filter(avg_X < 1840000.0000) };4.52957e-01;1.00000e+00;Pipeline { filter(avg_X < 242000000.0000) };7.31092e-01;8.17732e-01;Pipeline { filter(avg_X > 0.0044) | filter(avg_Y < 25700000.0000) };7.31092e-01;8.17732e-01;Pipeline { filter(avg_X > 0.0000) }
datasets/geolife_60mins.csv;nsga2;3;24;2400;2400;1.07237e+02;100;100;100;1.00000e+00;9.90000e-01;1.10000e-01;8.27563e-01;8.17300e-01;Pipeline { filter(avg_X > 0.0008) | filter(avg_X < 1840000.0000) };4.52957e-01;1.00000e+00;Pipeline { filter(avg_X < 242000000.0000) };7.31092e-01;8.17732e-01;Pipeline { filter(avg_X > 2.4800) };7.31092e-01;8.17732e-01;Pipeline { filter(avg_X > 5.3000) }
datasets/geolife_60mins.csv;nsga2;3;25;2500;2500;1.11996e+02;100;100;100;1.00000e+00;9.80000e-01;1.10000e-01;8.27563e-01;8.17300e-01;Pipeline { filter(avg_X > 0.0008) | filter(avg_X < 1840000.0000) };4.52957e-01;1.00000e+00;Pipeline { filter(avg_X < 242000000.0000) };7.31092e-01;8.17732e-01;Pipeline { filter(avg_X > 0.0663) | filter(avg_X > 0.0000) };7.31092e-01;8.17732e-01;Pipeline { filter(avg_X > 0.0000) }
datasets/geolife_60mins.csv;nsga2;3;26;2600;2600;1.16945e+02;100;100;100;1.00000e+00;9.90000e-01;1.10000e-01;8.27563e-01;8.17300e-01;Pipeline { filter(avg_X > 0.0008) | filter(avg_X < 1840000.0000) };4.52957e-01;1.00000e+00;Pipeline { filter(avg_Y < 340000000.0000) };7.31092e-01;8.17732e-01;Pipeline { filter(avg_X > 0.0008) | filter(avg_X > 0.5580) };7.31092e-01;8.17732e-01;Pipeline { filter(avg_X > 4.9000) }
datasets/geolife_60mins.csv;nsga2;3;27;2700;2700;1.21504e+02;100;100;100;1.00000e+00;1.00000e+00;1.10000e-01;8.27563e-01;8.17300e-01;Pipeline { filter(avg_X > 0.0008) | filter(avg_X < 1840000.0000) };4.52957e-01;1.00000e+00;Pipeline { filter(avg_Y < 340000000.0000) };7.31092e-01;8.17732e-01;Pipeline { filter(avg_X > 0.0000) };7.31092e-01;8.17732e-01;Pipeline { filter(avg_X > 6040.0000) | filter(avg_X > 0.0055) }
datasets/geolife_60mins.csv;nsga2;3;28;2800;2800;1.26379e+02;100;100;100;1.00000e+00;9.90000e-01;1.10000e-01;8.27563e-01;8.17300e-01;Pipeline { filter(avg_X > 0.0008) | filter(avg_X < 1840000.0000) };4.52957e-01;1.00000e+00;Pipeline { filter(avg_Y < 340000000.0000) };7.31092e-01;8.17732e-01;Pipeline { filter(avg_X > 0.0927) };7.31092e-01;8.17732e-01;Pipeline { filter(avg_X > 0.0000) | filter(avg_X > 67.7000) }
datasets/geolife_60mins.csv;nsga2;3;29;2900;2900;1.30846e+02;100;100;100;1.00000e+00;9.90000e-01;1.10000e-01;8.27563e-01;8.17300e-01;Pipeline { filter(avg_X > 0.0008) | filter(avg_X < 1840000.0000) };4.52957e-01;1.00000e+00;Pipeline { filter(avg_Y < 340000000.0000) };7.31092e-01;8.17732e-01;Pipeline { filter(avg_X > 0.0008) | filter(avg_Y < 267000000.0000) };7.31092e-01;8.17732e-01;Pipeline { filter(avg_X > 0.0000) }
datasets/geolife_60mins.csv;nsga2;3;30;3000;3000;1.35928e+02;100;100;100;1.00000e+00;1.00000e+00;1.10000e-01;8.27563e-01;8.17300e-01;Pipeline { filter(avg_X > 0.0008) | filter(avg_X < 1840000.0000) };4.52957e-01;1.00000e+00;Pipeline { filter(avg_Y < 340000000.0000) };7.31092e-01;8.17732e-01;Pipeline { filter(avg_X > 0.0000) | filter(avg_X > 55.7000) };7.31092e-01;8.17732e-01;Pipeline { filter(avg_X > 4.1200) | filter(avg_X > 0.0000) }
datasets/geolife_60mins.csv;nsga2;3;31;3100;3100;1.40600e+02;100;100;100;1.00000e+00;1.00000e+00;1.10000e-01;8.27563e-01;8.17300e-01;Pipeline { filter(avg_X > 0.0008) | filter(avg_X < 1840000.0000) };4.52957e-01;1.00000e+00;Pipeline { filter(avg_Y < 340000000.0000) };7.31092e-01;8.17732e-01;Pipeline { filter(avg_X > 0.0160) };7.31092e-01;8.17732e-01;Pipeline { filter(avg_X > 0.0008) | filter(avg_X > 0.0061) }
datasets/geolife_60mins.csv;nsga2;3;32;3200;3200;1.45386e+02;100;100;100;1.00000e+00;1.00000e+00;1.10000e-01;8.27563e-01;8.17300e-01;Pipeline { filter(avg_X > 0.0008) | filter(avg_X < 1840000.0000) };4.52957e-01;1.00000e+00;Pipeline { filter(avg_Y < 340000000.0000) };7.31092e-01;8.17732e-01;Pipeline { filter(avg_Y < 6080000000.0000) | filter(avg_X > 0.0091) };7.31092e-01;8.17732e-01;Pipeline { filter(avg_X > 0.0000) }
datasets/geolife_60mins.csv;nsga2;3;33;3300;3300;1.50326e+02;100;100;100;1.00000e+00;1.00000e+00;1.10000e-01;8.27563e-01;8.17300e-01;Pipeline { filter(avg_X > 0.0008) | filter(avg_X < 1840000.0000) };4.52957e-01;1.00000e+00;Pipeline { filter(avg_Y < 340000000.0000) };7.31092e-01;8.17732e-01;Pipeline { filter(avg_X < 7270000.0000) | filter(avg_X > 0.0000) };7.31092e-01;8.17732e-01;Pipeline { filter(avg_X > 0.0000) }
datasets/geolife_60mins.csv;nsga2;3;34;3400;3400;1.54949e+02;100;100;100;1.00000e+00;1.00000e+00;1.10000e-01;8.27563e-01;8.17300e-01;Pipeline { filter(avg_X > 0.0008) | filter(avg_X < 1840000.0000) };4.52957e-01;1.00000e+00;Pipeline { filter(avg_Y < 340000000.0000) };7.31092e-01;8.17732e-01;Pipeline { filter(avg_X > 0.0580) | filter(avg_Y < 9020000.0000) };7.31092e-01;8.17732e-01;Pipeline { filter(avg_X > 21.9000) | filter(avg_X < 45900000.0000) }
datasets/geolife_60mins.csv;nsga2;3;35;3500;3500;1.60226e+02;100;100;100;1.00000e+00;1.00000e+00;1.10000e-01;8.27563e-01;8.17300e-01;Pipeline { filter(avg_X > 0.0008) | filter(avg_X < 1840000.0000) };4.52957e-01;1.00000e+00;Pipeline { filter(avg_Y < 340000000.0000) };7.31092e-01;8.17732e-01;Pipeline { filter(avg_X > 0.0000) };7.31092e-01;8.17732e-01;Pipeline { filter(avg_X > 0.0042) | filter(avg_X > 0.0028) }
datasets/geolife_60mins.csv;nsga2;3;36;3600;3600;1.64655e+02;100;100;100;1.00000e+00;1.00000e+00;1.10000e-01;8.27563e-01;8.17300e-01;Pipeline { filter(avg_X > 0.0008) | filter(avg_X < 1840000.0000) };4.52957e-01;1.00000e+00;Pipeline { filter(avg_Y < 340000000.0000) };7.31092e-01;8.17732e-01;Pipeline { filter(avg_X > 0.0000) };7.31092e-01;8.17732e-01;Pipeline { filter(avg_Y < 422000000.0000) | filter(avg_X > 0.0000) }
datasets/geolife_60mins.csv;nsga2;3;37;3700;3700;1.69541e+02;100;100;100;1.00000e+00;1.00000e+00;1.10000e-01;8.27563e-01;8.17300e-01;Pipeline { filter(avg_X > 0.0008) | filter(avg_X < 1840000.0000) };4.52957e-01;1.00000e+00;Pipeline { filter(avg_Y < 340000000.0000) };7.31092e-01;8.17732e-01;Pipeline { filter(avg_X < 436000000.0000) | filter(avg_X > 0.0000) };7.31092e-01;8.17732e-01;Pipeline { filter(avg_X > 0.0000) }
datasets/geolife_60mins.csv;nsga2;3;38;3800;3800;1.74169e+02;100;100;100;1.00000e+00;9.90000e-01;1.10000e-01;8.27563e-01;8.17300e-01;Pipeline { filter(avg_X > 0.0008) | filter(avg_X < 1840000.0000) };4.52957e-01;1.00000e+00;Pipeline { filter(avg_Y < 340000000.0000) };7.31092e-01;8.17732e-01;Pipeline { filter(avg_X > 0.0000) | filter(avg_X > 0.0528) };7.31092e-01;8.17732e-01;Pipeline { filter(avg_X > 87.4000) | filter(avg_X > 0.0000) }
datasets/geolife_60mins.csv;nsga2;3;39;3900;3900;1.78613e+02;100;100;100;1.00000e+00;1.00000e+00;1.10000e-01;8.27563e-01;8.17300e-01;Pipeline { filter(avg_X > 0.0008) | filter(avg_X < 1840000.0000) };4.52957e-01;1.00000e+00;Pipeline { filter(avg_Y < 340000000.0000) };7.31092e-01;8.17732e-01;Pipeline { filter(avg_X > 0.6820) };7.31092e-01;8.17732e-01;Pipeline { filter(avg_X > 63.6000) | filter(avg_X > 0.0001) }
datasets/geolife_60mins.csv;nsga2;3;40;4000;4000;1.82930e+02;100;100;100;1.00000e+00;1.00000e+00;1.10000e-01;8.27563e-01;8.17300e-01;Pipeline { filter(avg_X > 0.0008) | filter(avg_X < 1840000.0000) };4.52957e-01;1.00000e+00;Pipeline { filter(avg_Y < 340000000.0000) };7.31092e-01;8.17732e-01;Pipeline { filter(avg_X > 0.0512) | filter(avg_X > 686.0000) };7.31092e-01;8.17732e-01;Pipeline { filter(avg_X > 0.0078) | filter(avg_Y < 18600000.0000) }
datasets/geolife_60mins.csv;nsga2;3;41;4100;4100;1.87303e+02;100;100;100;1.00000e+00;9.90000e-01;1.10000e-01;8.27563e-01;8.17300e-01;Pipeline { filter(avg_X > 0.0008) | filter(avg_X < 1840000.0000) };4.52957e-01;1.00000e+00;Pipeline { filter(avg_Y < 340000000.0000) };7.31092e-01;8.17732e-01;Pipeline { filter(avg_X > 0.0004) | filter(avg_X > 0.0000) };7.31092e-01;8.17732e-01;Pipeline { filter(avg_X > 0.0000) | filter(avg_X > 524.0000) }
datasets/geolife_60mins.csv;nsga2;3;42;4200;4200;1.91743e+02;100;100;100;1.00000e+00;1.00000e+00;1.10000e-01;8.27563e-01;8.17300e-01;Pipeline { filter(avg_X > 0.0008) | filter(avg_X < 1840000.0000) };4.52957e-01;1.00000e+00;Pipeline { filter(avg_Y < 34000000.0000) };7.31092e-01;8.17732e-01;Pipeline { filter(avg_X > 6.8600) | filter(avg_X < 1840000000.0000) };7.31092e-01;8.17732e-01;Pipeline { filter(avg_X > 1.2000) }
datasets/geolife_60mins.csv;nsga2;3;43;4300;4300;1.95932e+02;100;100;100;1.00000e+00;1.00000e+00;1.10000e-01;8.27563e-01;8.17300e-01;Pipeline { filter(avg_X > 0.0008) | filter(avg_X < 1840000.0000) };4.52957e-01;1.00000e+00;Pipeline { filter(avg_Y < 34000000.0000) };7.31092e-01;8.17732e-01;Pipeline { filter(avg_X > 4.1200) | filter(avg_X > 0.0007) };7.31092e-01;8.17732e-01;Pipeline { filter(avg_X > 0.0003) }
datasets/geolife_60mins.csv;nsga2;3;44;4400;4400;2.00347e+02;100;100;100;1.00000e+00;1.00000e+00;1.10000e-01;8.27563e-01;8.17300e-01;Pipeline { filter(avg_X > 0.0008) | filter(avg_X < 1840000.0000) };4.52957e-01;1.00000e+00;Pipeline { filter(avg_Y < 1350000000.0000) };7.31092e-01;8.17732e-01;Pipeline { filter(avg_X > 0.4120) | filter(avg_X > 0.0000) };7.31092e-01;8.17732e-01;Pipeline { filter(avg_X > 0.0023) }
datasets/geolife_60mins.csv;nsga2;3;45;4500;4500;2.05276e+02;100;100;100;1.00000e+00;1.00000e+00;1.10000e-01;8.27563e-01;8.17300e-01;Pipeline { filter(avg_X > 0.0008) | filter(avg_X < 1840000.0000) };4.52957e-01;1.00000e+00;Pipeline { filter(avg_Y < 1350000000.0000) };7.31092e-01;8.17732e-01;Pipeline { filter(avg_X > 8.5700) };7.31092e-01;8.17732e-01;Pipeline { filter(avg_X > 0.0000) | filter(avg_X > 0.0001) }
datasets/geolife_60mins.csv;nsga2;3;46;4600;4600;2.09896e+02;100;100;100;1.00000e+00;1.00000e+00;1.10000e-01;8.27563e-01;8.17300e-01;Pipeline { filter(avg_X > 0.0008) | filter(avg_X < 1840000.0000) };4.52957e-01;1.00000e+00;Pipeline { filter(avg_Y < 1350000000.0000) };7.31092e-01;8.17732e-01;Pipeline { filter(avg_X > 5630.0000) };7.31092e-01;8.17732e-01;Pipeline { filter(avg_X > 0.0000) }
datasets/geolife_60mins.csv;nsga2;3;47;4700;4700;2.14100e+02;100;100;100;1.00000e+00;9.90000e-01;1.10000e-01;8.27563e-01;8.17300e-01;Pipeline { filter(avg_X > 0.0008) | filter(avg_X < 1840000.0000) };4.52957e-01;1.00000e+00;Pipeline { filter(avg_Y < 1350000000.0000) };7.31092e-01;8.17732e-01;Pipeline { filter(avg_X > 0.0000) | filter(avg_Y < 1880000000.0000) };7.31092e-01;8.17732e-01;Pipeline { filter(avg_X > 6180.0000) }
datasets/geolife_60mins.csv;nsga2;3;48;4800;4800;2.18703e+02;100;100;100;1.00000e+00;9.80000e-01;1.10000e-01;8.27563e-01;8.17300e-01;Pipeline { filter(avg_X > 0.0008) | filter(avg_X < 1840000.0000) };4.52957e-01;1.00000e+00;Pipeline { filter(avg_Y < 1350000000.0000) };7.31092e-01;8.17732e-01;Pipeline { filter(avg_X > 7.9800) | filter(avg_X > 0.0053) };7.31092e-01;8.17732e-01;Pipeline { filter(avg_X > 31.8000) | filter(avg_X > 0.0000) }
datasets/geolife_60mins.csv;nsga2;3;49;4900;4900;2.23194e+02;100;100;100;1.00000e+00;9.90000e-01;1.10000e-01;8.27563e-01;8.17300e-01;Pipeline { filter(avg_X > 3650.0000) | filter(avg_X < 1840000.0000) };4.52957e-01;1.00000e+00;Pipeline { filter(avg_Y < 1350000000.0000) };7.31092e-01;8.17732e-01;Pipeline { filter(avg_X > 0.0000) | filter(avg_X < 5610000.0000) };7.31092e-01;8.17732e-01;Pipeline { filter(avg_X > 775.0000) }
datasets/geolife_60mins.csv;nsga2;3;50;5000;5000;2.28036e+02;100;100;100;1.00000e+00;9.90000e-01;1.10000e-01;8.27563e-01;8.17300e-01;Pipeline { filter(avg_X > 3650.0000) | filter(avg_X < 1840000.0000) };4.52957e-01;1.00000e+00;Pipeline { filter(avg_Y < 1350000000.0000) };7.31092e-01;8.17732e-01;Pipeline { filter(avg_X > 0.0000) | filter(avg_X > 0.0000) };7.31092e-01;8.17732e-01;Pipeline { filter(avg_X > 0.0000) | filter(avg_Y < 1070000000.0000) }
datasets/geolife_60mins.csv;nsga2;4;1;100;100;4.58200e+00;100;7;70;1.00000e+00;1.00000e+00;1.70000e-01;7.31092e-01;8.17732e-01;Pipeline { filter(avg_X > 0.0000) };4.52957e-01;1.00000e+00;Pipeline { filter(avg_Y < 238000000.0000) };1.92867e-02;1.71560e-02;Pipeline { filter(avg_X < 0.1080) | filter(avg_Y < 7.4100) };1.92867e-02;1.71560e-02;Pipeline { filter(avg_X < 0.1080) | filter(avg_Y < 7.4100) }
datasets/geolife_60mins.csv;nsga2;4;2;200;200;9.09400e+00;100;12;25;1.00000e+00;1.00000e+00;2.40000e-01;7.31092e-01;8.17732e-01;Pipeline { filter(avg_X > 0.0180) };4.52957e-01;1.00000e+00;Pipeline { filter(avg_X < 76700000.0000) };4.14168e-01;7.26608e-01;Pipeline { filter(avg_Y > 0.0054) | filter(avg_Y > 0.2820) };4.14168e-01;7.26608e-01;Pipeline { filter(avg_X < 88600000.0000) | filter(avg_Y > 0.0547) | filter(avg_Y > 0.0003) }
datasets/geolife_60mins.csv;nsga2;4;3;300;300;1.26340e+01;100;32;12;1.00000e+00;9.90000e-01;1.80000e-01;7.31092e-01;8.17732e-01;Pipeline { filter(avg_X > 55.7000) };4.52957e-01;1.00000e+00;Pipeline { filter(avg_Y < 238000000.0000) };7.31065e-01;8.17728e-01;Pipeline { filter(avg_X > 8310.0000) };7.31092e-01;8.17732e-01;Pipeline { filter(avg_X > 95.7000) }
datasets/geolife_60mins.csv;nsga2;4;4;400;400;1.70130e+01;100;60;24;1.00000e+00;1.00000e+00;1.10000e-01;7.31092e-01;8.17732e-01;Pipeline { filter(avg_X > 5.4700) };4.52957e-01;1.00000e+00;Pipeline { filter(avg_Y < 218000000.0000) };7.31092e-01;8.17732e-01;Pipeline { filter(avg_X > 0.0000) };7.31092e-01;8.17732e-01;Pipeline { filter(avg_X > 0.0000) }
datasets/geolife_60mins.csv;nsga2;4;5;500;500;2.13540e+01;100;100;100;1.00000e+00;9.90000e-01;3.00000e-02;7.31092e-01;8.17732e-01;Pipeline { filter(avg_X > 6.5900) | filter(avg_Y < 5000000.0000) };4.52957e-01;1.00000e+00;Pipeline { filter(avg_Y < 168000000.0000) };7.31092e-01;8.17732e-01;Pipeline { filter(avg_X > 0.0000) };4.52957e-01;1.00000e+00;Pipeline { filter(avg_Y < 247000000.0000) }
datasets/geolife_60mins.csv;nsga2;4;6;600;600;2.56120e+01;100;100;100;1.00000e+00;9.90000e-01;3.00000e-02;7.31092e-01;8.17732e-01;Pipeline { filter(avg_X > 0.0000) };4.52957e-01;1.00000e+00;Pipeline { filter(avg_Y < 168000000.0000) };7.31092e-01;8.17732e-01;Pipeline { filter(avg_X > 0.0032) };7.31092e-01;8.17732e-01;Pipeline { filter(avg_X > 0.0000) }
datasets/geolife_60mins.csv;nsga2;4;7;700;700;3.02110e+01;100;100;100;1.00000e+00;1.00000e+00;3.00000e-02;7.31092e-01;8.17732e-01;Pipeline { filter(avg_X > 0.0000) };4.52957e-01;1.00000e+00;Pipeline { filter(avg_Y < 168000000.0000) };7.31092e-01;8.17732e-01;Pipeline { filter(avg_X > 538.0000) };7.31092e-01;8.17732e-01;Pipeline { filter(avg_X > 0.0000) }
datasets/geolife_60mins.csv;nsga2;4;8;800;800;3.47520e+01;100;100;100;1.00000e+00;9.90000e-01;3.00000e-02;7.31092e-01;8.17732e-01;Pipeline { filter(avg_X > 0.0004) };4.52957e-01;1.00000e+00;Pipeline { filter(avg_Y < 168000000.0000) };7.31092e-01;8.17732e-01;Pipeline { filter(avg_X > 0.0003) };7.31092e-01;8.17732e-01;Pipeline { filter(avg_X > 0.0000) }
datasets/geolife_60mins.csv;nsga2;4;9;900;900;3.93410e+01;100;100;100;1.00000e+00;1.00000e+00;3.00000e-02;7.31092e-01;8.17732e-01;Pipeline { filter(avg_X > 0.0000) };4.52957e-01;1.00000e+00;Pipeline { filter(avg_Y < 168000000.0000) };7.31092e-01;8.17732e-01;Pipeline { filter(avg_X > 6.5500) };7.31092e-01;8.17732e-01;Pipeline { filter(avg_X > 0.0665) }
datasets/geolife_60mins.csv;nsga2;4;10;1000;1000;4.39330e+01;100;100;100;1.00000e+00;9.90000e-01;3.00000e-02;7.31092e-01;8.17732e-01;Pipeline { filter(avg_X > 0.4700) };4.52957e-01;1.00000e+00;Pipeline { filter(avg_Y < 168000000.0000) };7.31092e-01;8.17732e-01;Pipeline { filter(avg_X > 934.0000) };7.31092e-01;8.17732e-01;Pipeline { filter(avg_X > 0.0000) }
datasets/geolife_60mins.csv;nsga2;4;11;1100;1100;4.83480e+01;100;100;100;1.00000e+00;1.00000e+00;3.00000e-02;7.31092e-01;8.17732e-01;Pipeline { filter(avg_X > 9.7000) };4.52957e-01;1.00000e+00;Pipeline { filter(avg_Y < 168000000.0000) };7.31092e-01;8.17732e-01;Pipeline { filter(avg_X > 49.6000) };7.31092e-01;8.17732e-01;Pipeline { filter(avg_X > 0.4680) }
datasets/geolife_60mins.csv;nsga2;4;12;1200;1200;5.29820e+01;100;100;100;1.00000e+00;9.90000e-01;3.00000e-02;7.31092e-01;8.17732e-01;Pipeline { filter(avg_X > 0.0786) };4.52957e-01;1.00000e+00;Pipeline { filter(avg_Y < 168000000.0000) };7.31092e-01;8.17732e-01;Pipeline { filter(avg_X > 0.0000) };7.31092e-01;8.17732e-01;Pipeline { filter(avg_X > 0.8950) }
datasets/geolife_60mins.csv;nsga2;4;13;1300;1300;5.72600e+01;100;100;100;1.00000e+00;1.00000e+00;3.00000e-02;7.31092e-01;8.17732e-01;Pipeline { filter(avg_X > 49.2000) };4.52957e-01;1.00000e+00;Pipeline { filter(avg_Y < 168000000.0000) };7.31092e-01;8.17732e-01;Pipeline { filter(avg_X > 0.0000) | filter(avg_X > 3.4800) };7.31092e-01;8.17732e-01;Pipeline { filter(avg_X > 0.0000) }
datasets/geolife_60mins.csv;nsga2;4;14;1400;1400;6.18140e+01;100;100;100;1.00000e+00;1.00000e+00;3.00000e-02;7.31092e-01;8.17732e-01;Pipeline { filter(avg_X > 0.0003) };4.52957e-01;1.00000e+00;Pipeline { filter(avg_Y < 168000000.0000) };7.31092e-01;8.17732e-01;Pipeline { filter(avg_X > 0.0000) };7.31092e-01;8.17732e-01;Pipeline { filter(avg_X > 0.0000) }
datasets/geolife_60mins.csv;nsga2;4;15;1500;1500;6.61350e+01;100;100;100;1.00000e+00;9.90000e-01;3.00000e-02;7.31092e-01;8.17732e-01;Pipeline { filter(avg_X > 0.1300) };4.52957e-01;1.00000e+00;Pipeline { filter(avg_Y < 168000000.0000) };7.31092e-01;8.17732e-01;Pipeline { filter(avg_X > 0.0000) | filter(avg_X > 0.0000) };7.31092e-01;8.17732e-01;Pipeline { filter(avg_X > 0.0228) }
datasets/geolife_60mins.csv;nsga2;4;16;1600;1600;7.05590e+01;100;100;100;1.00000e+00;1.00000e+00;5.00000e-02;8.17000e-01;7.91613e-01;Pipeline { filter(avg_X < 827000.0000) | filter(avg_X > 24.6000) };4.52957e-01;1.00000e+00;Pipeline { filter(avg_Y < 168000000.0000) };7.31092e-01;8.17732e-01;Pipeline { filter(avg_X > 0.0000) };7.31092e-01;8.17732e-01;Pipeline { filter(avg_Y < 11000000.0000) | filter(avg_X > 0.9200) }
datasets/geolife_60mins.csv;nsga2;4;17;1700;1700;7.54160e+01;100;100;100;1.00000e+00;1.00000e+00;6.00000e-02;8.17000e-01;7.91613e-01;Pipeline { filter(avg_X < 827000.0000) | filter(avg_X > 24.6000) };4.52957e-01;1.00000e+00;Pipeline { filter(avg_Y < 168000000.0000) };7.31092e-01;8.17732e-01;Pipeline { filter(avg_X > 0.7620) };7.31092e-01;8.17732e-01;Pipeline { filter(avg_X > 62.5000) }
datasets/geolife_60mins.csv;nsga2;4;18;1800;1800;7.99080e+01;100;100;100;1.00000e+00;1.00000e+00;6.00000e-02;8.17000e-01;7.91613e-01;Pipeline { filter(avg_X < 827000.0000) | filter(avg_X > 24.6000) };4.52957e-01;1.00000e+00;Pipeline { filter(avg_Y < 168000000.0000) };7.31092e-01;8.17732e-01;Pipeline { filter(avg_X > 0.9460) };7.31092e-01;8.17732e-01;Pipeline { filter(avg_X > 0.0000) | filter(avg_X > 0.6400) }
datasets/geolife_60mins.csv;nsga2;4;19;1900;1900;8.49040e+01;100;100;100;1.00000e+00;1.00000e+00;5.00000e-02;8.25372e-01;8.11780e-01;Pipeline { filter(avg_X < 1170000.0000) | filter(avg_X > 7.6900) };4.52957e-01;1.00000e+00;Pipeline { filter(avg_Y < 168000000.0000) };7.31092e-01;8.17732e-01;Pipeline { filter(avg_X > 5.4900) };7.31092e-01;8.17732e-01;Pipeline { filter(avg_X > 0.8830) }
datasets/geolife_60mins.csv;nsga2;4;20;2000;2000;8.92110e+01;100;100;100;1.00000e+00;9.90000e-01;6.00000e-02;8.25372e-01;8.11780e-01;Pipeline { filter(avg_X < 1170000.0000) | filter(avg_X > 7.6900) };4.52957e-01;1.00000e+00;Pipeline { filter(avg_Y < 168000000.0000) };7.31092e-01;8.17732e-01;Pipeline { filter(avg_X > 0.0002) };7.31092e-01;8.17732e-01;Pipeline { filter(avg_X > 0.0000) | filter(avg_X > 4.6000) }
datasets/geolife_60mins.csv;nsga2;4;21;2100;2100;9.39700e+01;100;100;100;1.00000e+00;1.00000e+00;6.00000e-02;8.25372e-01;8.11780e-01;Pipeline { filter(avg_X < 1170000.0000) | filter(avg_X > 7.6900) };4.52957e-01;1.00000e+00;Pipeline { filter(avg_Y < 168000000.0000) };7.31092e-01;8.17732e-01;Pipeline { filter(avg_X > 4.8600) | filter(avg_Y < 766000000.0000) };7.31092e-01;8.17732e-01;Pipeline { filter(avg_X > 0.0068) | filter(avg_X > 64.1000) }
datasets/geolife_60mins.csv;nsga2;4;22;2200;2200;9.83790e+01;100;100;100;1.00000e+00;1.00000e+00;6.00000e-02;8.25372e-01;8.11780e-01;Pipeline { filter(avg_X < 1170000.0000) | filter(avg_X > 7.6900) };4.52957e-01;1.00000e+00;Pipeline { filter(avg_Y < 168000000.0000) };7.31092e-01;8.17732e-01;Pipeline { filter(avg_Y < 20200000.0000) | filter(avg_X > 64.7000) };7.31092e-01;8.17732e-01;Pipeline { filter(avg_X > 69.1000) }
datasets/geolife_60mins.csv;nsga2;4;23;2300;2300;1.03295e+02;100;100;100;1.00000e+00;1.00000e+00;5.00000e-02;8.27531e-01;8.17266e-01;Pipeline { filter(avg_X < 1570000.0000) | filter(avg_X > 7.6400) };4.52957e-01;1.00000e+00;Pipeline { filter(avg_Y < 168000000.0000) };7.31092e-01;8.17732e-01;Pipeline { filter(avg_X > 0.0000) | filter(avg_X > 0.0000) };7.31092e-01;8.17732e-01;Pipeline { filter(avg_Y < 7760000.0000) | filter(avg_X > 0.0000) }
datasets/geolife_60mins.csv;nsga2;4;24;2400;2400;1.07670e+02;100;100;100;1.00000e+00;1.00000e+00;5.00000e-02;8.27531e-01;8.17266e-01;Pipeline { filter(avg_X < 1570000.0000) | filter(avg_X > 7.6400) };4.52957e-01;1.00000e+00;Pipeline { filter(avg_Y < 168000000.0000) };7.31092e-01;8.17732e-01;Pipeline { filter(avg_X > 0.0088) | filter(avg_X > 0.6480) };7.31092e-01;8.17732e-01;Pipeline { filter(avg_X > 7.5100) }
datasets/geolife_60mins.csv;nsga2;4;25;2500;2500;1.12014e+02;100;100;100;1.00000e+00;1.00000e+00;5.00000e-02;8.27531e-01;8.17266e-01;Pipeline { filter(avg_X < 1570000.0000) | filter(avg_X > 7.6400) };4.52957e-01;1.00000e+00;Pipeline { filter(avg_Y < 168000000.0000) };7.31092e-01;8.17732e-01;Pipeline { filter(avg_X > 0.0000) };7.31092e-01;8.17732e-01;Pipeline { filter(avg_X > 950.0000) }
datasets/geolife_60mins.csv;nsga2;4;26;2600;2600;1.16422e+02;100;100;100;1.00000e+00;1.00000e+00;6.00000e-02;8.27531e-01;8.17266e-01;Pipeline { filter(avg_X < 1570000.0000) | filter(avg_X > 7.6400) };4.52957e-01;1.00000e+00;Pipeline { filter(avg_Y < 168000000.0000) };7.31092e-01;8.17732e-01;Pipeline { filter(avg_X > 396.0000) | filter(avg_X > 0.8800) };7.31092e-01;8.17732e-01;Pipeline { filter(avg_X > 0.1640) }
datasets/geolife_60mins.csv;nsga2;4;27;2700;2700;1.20662e+02;100;100;100;1.00000e+00;1.00000e+00;6.00000e-02;8.27531e-01;8.17266e-01;Pipeline { filter(avg_X < 1570000.0000) | filter(avg_X > 7.6400) };4.52957e-01;1.00000e+00;Pipeline { filter(avg_Y < 168000000.0000) };7.31092e-01;8.17732e-01;Pipeline { filter(avg_X > 0.0000) };7.31092e-01;8.17732e-01;Pipeline { filter(avg_X > 702.0000) | filter(avg_X > 703.0000) }
datasets/geolife_60mins.csv;nsga2;4;28;2800;2800;1.25118e+02;100;100;100;1.00000e+00;9.80000e-01;6.00000e-02;8.27531e-01;8.17266e-01;Pipeline { filter(avg_X < 1570000.0000) | filter(avg_X > 7.6400) };4.52957e-01;1.00000e+00;Pipeline { filter(avg_Y < 168000000.0000) };7.31092e-01;8.17732e-01;Pipeline { filter(avg_X > 0.0008) };7.31092e-01;8.17732e-01;Pipeline { filter(avg_X > 482.0000) }
datasets/geolife_60mins.csv;nsga2;4;29;2900;2900;1.29807e+02;100;100;100;1.00000e+00;1.00000e+00;6.00000e-02;8.27531e-01;8.17266e-01;Pipeline { filter(avg_X < 1570000.0000) | filter(avg_X > 7.6400) };4.52957e-01;1.00000e+00;Pipeline { filter(avg_Y < 168000000.0000) };7.31092e-01;8.17732e-01;Pipeline { filter(avg_X > 63.0000) | filter(avg_X > 0.0000) };7.31092e-01;8.17732e-01;Pipeline { filter(avg_X > 0.0107) }
datasets/geolife_60mins.csv;nsga2;4;30;3000;3000;1.34665e+02;100;100;100;1.00000e+00;1.00000e+00;6.00000e-02;8.27531e-01;8.17266e-01;Pipeline { filter(avg_X < 1570000.0000) | filter(avg_X > 7.6400) };4.52957e-01;1.00000e+00;Pipeline { filter(avg_Y < 168000000.0000) };7.31092e-01;8.17732e-01;Pipeline { filter(avg_X > 0.1790) };7.31092e-01;8.17732e-01;Pipeline { filter(avg_X > 294.0000) }
datasets/geolife_60mins.csv;nsga2;4;31;3100;3100;1.39295e+02;100;100;100;1.00000e+00;1.00000e+00;7.00000e-02;8.27531e-01;8.17266e-01;Pipeline { filter(avg_X < 1570000.0000) | filter(avg_X > 7.6400) };4.52957e-01;1.00000e+00;Pipeline { filter(avg_Y < 168000000.0000) };7.31092e-01;8.17732e-01;Pipeline { filter(avg_X < 52600000.0000) | filter(avg_X > 0.0000) };7.31092e-01;8.17732e-01;Pipeline { filter(avg_X > 0.0009) }
datasets/geolife_60mins.csv;nsga2;4;32;3200;3200;1.43974e+02;100;100;100;1.00000e+00;1.00000e+00;7.00000e-02;8.27531e-01;8.17266e-01;Pipeline { filter(avg_X < 1570000.0000) | filter(avg_X > 7.6400) };4.52957e-01;1.00000e+00;Pipeline { filter(avg_Y < 168000000.0000) };7.31092e-01;8.17732e-01;Pipeline { filter(avg_X > 0.0000) };7.31092e-01;8.17732e-01;Pipeline { filter(avg_X > 0.0000) | filter(avg_X > 7.6400) }
datasets/geolife_60mins.csv;nsga2;4;33;3300;3300;1.48800e+02;100;100;100;1.00000e+00;9.90000e-01;7.00000e-02;8.27563e-01;8.17300e-01;Pipeline { filter(avg_X < 1870000.0000) | filter(avg_X > 7.6400) };4.52957e-01;1.00000e+00;Pipeline { filter(avg_Y < 168000000.0000) };7.31092e-01;8.17732e-01;Pipeline { filter(avg_X < 52600000.0000) | filter(avg_X > 0.0000) };7.31092e-01;8.17732e-01;Pipeline { filter(avg_X < 52600000.0000) | filter(avg_X > 0.0000) }
datasets/geolife_60mins.csv;nsga2;4;34;3400;3400;1.53282e+02;100;100;100;1.00000e+00;1.00000e+00;7.00000e-02;8.27563e-01;8.17300e-01;Pipeline { filter(avg_X < 1870000.0000) | filter(avg_X > 7.6400) };4.52957e-01;1.00000e+00;Pipeline { filter(avg_Y < 168000000.0000) };7.31092e-01;8.17732e-01;Pipeline { filter(avg_Y < 7200000.0000) | filter(avg_X > 0.2350) };7.31092e-01;8.17732e-01;Pipeline { filter(avg_X > 0.0905) }
datasets/geolife_60mins.csv;nsga2;4;35;3500;3500;1.58181e+02;100;100;100;1.00000e+00;1.00000e+00;7.00000e-02;8.27563e-01;8.17300e-01;Pipeline { filter(avg_X < 1870000.0000) | filter(avg_X > 7.6400) };4.52957e-01;1.00000e+00;Pipeline { filter(avg_Y < 168000000.0000) };7.31092e-01;8.17732e-01;Pipeline { filter(avg_X > 298.0000) | filter(avg_X > 0.0021) };7.31092e-01;8.17732e-01;Pipeline { filter(avg_X > 298.0000) | filter(avg_X > 0.0021) }
datasets/geolife_60mins.csv;nsga2;4;36;3600;3600;1.62630e+02;100;100;100;1.00000e+00;1.00000e+00;8.00000e-02;8.27563e-01;8.17300e-01;Pipeline { filter(avg_X < 1870000.0000) | filter(avg_X > 7.6400) };4.52957e-01;1.00000e+00;Pipeline { filter(avg_Y < 168000000.0000) };7.31092e-01;8.17732e-01;Pipeline { filter(avg_X < 7880000.0000) | filter(avg_X > 7.6400) };7.31092e-01;8.17732e-01;Pipeline { filter(avg_X > 298.0000) | filter(avg_X > 0.0721) }
datasets/geolife_60mins.csv;nsga2;4;37;3700;3700;1.67270e+02;100;100;100;1.00000e+00;9.90000e-01;9.00000e-02;8.27563e-01;8.17300e-01;Pipeline { filter(avg_X < 1870000.0000) | filter(avg_X > 7.6400) };4.52957e-01;1.00000e+00;Pipeline { filter(avg_Y < 168000000.0000) };7.31092e-01;8.17732e-01;Pipeline { filter(avg_X > 0.0000) };7.31092e-01;8.17732e-01;Pipeline { filter(avg_X < 3230000000.0000) | filter(avg_X > 7.6400) }
datasets/geolife_60mins.csv;nsga2;4;38;3800;3800;1.71921e+02;100;100;100;1.00000e+00;1.00000e+00;9.00000e-02;8.27563e-01;8.17300e-01;Pipeline { filter(avg_X < 1870000.0000) | filter(avg_X > 7.6400) };4.52957e-01;1.00000e+00;Pipeline { filter(avg_Y < 168000000.0000) };7.31092e-01;8.17732e-01;Pipeline { filter(avg_X < 1870000000.0000) | filter(avg_X > 0.0000) };7.31092e-01;8.17732e-01;Pipeline { filter(avg_X > 0.0000) }
datasets/geolife_60mins.csv;nsga2;4;39;3900;3900;1.76735e+02;100;100;100;1.00000e+00;1.00000e+00;9.00000e-02;8.27563e-01;8.17300e-01;Pipeline { filter(avg_X < 1870000.0000) | filter(avg_X > 7.6400) };4.52957e-01;1.00000e+00;Pipeline { filter(avg_Y < 168000000.0000) };7.31092e-01;8.17732e-01;Pipeline { filter(avg_X > 0.0001) };7.31092e-01;8.17732e-01;Pipeline { filter(avg_X > 0.0002) }
datasets/geolife_60mins.csv;nsga2;4;40;4000;4000;1.80906e+02;100;100;100;1.00000e+00;9.70000e-01;9.00000e-02;8.27563e-01;8.17300e-01;Pipeline { filter(avg_X < 1870000.0000) | filter(avg_X > 7.6400) };4.52957e-01;1.00000e+00;Pipeline { filter(avg_Y < 993000000.0000) | filter(avg_Y < 3040000000.0000) };7.31092e-01;8.17732e-01;Pipeline { filter(avg_X > 0.5400) };7.31092e-01;8.17732e-01;Pipeline { filter(avg_X > 0.5100) }
datasets/geolife_60mins.csv;nsga2;4;41;4100;4100;1.85453e+02;100;100;100;1.00000e+00;1.00000e+00;9.00000e-02;8.27563e-01;8.17300e-01;Pipeline { filter(avg_X < 1870000.0000) | filter(avg_X > 7.6400) };4.52957e-01;1.00000e+00;Pipeline { filter(avg_Y < 993000000.0000) | filter(avg_Y < 3040000000.0000) };7.31092e-01;8.17732e-01;Pipeline { filter(avg_X > 0.0000) };7.31092e-01;8.17732e-01;Pipeline { filter(avg_X > 0.0009) }
datasets/geolife_60mins.csv;nsga2;4;42;4200;4200;1.89727e+02;100;100;100;1.00000e+00;9.80000e-01;9.00000e-02;8.27563e-01;8.17300e-01;Pipeline { filter(avg_X < 1870000.0000) | filter(avg_X > 7.6400) };4.52957e-01;1.00000e+00;Pipeline { filter(avg_Y < 993000000.0000) | filter(avg_Y < 3040000000.0000) };7.31092e-01;8.17732e-01;Pipeline { filter(avg_X > 3610.0000) | filter(avg_X > 0.0000) };7.31092e-01;8.17732e-01;Pipeline { filter(avg_X > 51.0000) }
datasets/geolife_60mins.csv;nsga2;4;43;4300;4300;1.94328e+02;100;100;100;1.00000e+00;9.90000e-01;9.00000e-02;8.27563e-01;8.17300e-01;Pipeline { filter(avg_X < 1870000.0000) | filter(avg_X > 7.6400) };4.52957e-01;1.00000e+00;Pipeline { filter(avg_Y < 993000000.0000) | filter(avg_Y < 3040000000.0000) };7.31092e-01;8.17732e-01;Pipeline { filter(avg_X > 0.9300) };7.31092e-01;8.17732e-01;Pipeline { filter(avg_X > 0.0022) }
datasets/geolife_60mins.csv;nsga2;4;44;4400;4400;1.98965e+02;100;100;100;1.00000e+00;9.90000e-01;1.00000e-01;8.27563e-01;8.17300e-01;Pipeline { filter(avg_X < 1870000.0000) | filter(avg_X > 7.6400) };4.52957e-01;1.00000e+00;Pipeline { filter(avg_Y < 993000000.0000) | filter(avg_Y < 3040000000.0000) };7.31092e-01;8.17732e-01;Pipeline { filter(avg_X > 0.0000) };7.31092e-01;8.17732e-01;Pipeline { filter(avg_X > 30.1000) | filter(avg_X < 3000000000.0000) }
datasets/geolife_60mins.csv;nsga2;4;45;4500;4500;2.03597e+02;100;100;100;1.00000e+00;9.90000e-01;1.10000e-01;8.27563e-01;8.17300e-01;Pipeline { filter(avg_X < 1870000.0000) | filter(avg_X > 7.6400) };4.52957e-01;1.00000e+00;Pipeline { filter(avg_Y < 993000000.0000) | filter(avg_Y < 3040000000.0000) };7.31092e-01;8.17732e-01;Pipeline { filter(avg_X > 7.9700) };7.31092e-01;8.17732e-01;Pipeline { filter(avg_X > 0.0000) }
datasets/geolife_60mins.csv;nsga2;4;46;4600;4600;2.08053e+02;100;100;100;1.00000e+00;9.90000e-01;1.10000e-01;8.27563e-01;8.17300e-01;Pipeline { filter(avg_X < 1870000.0000) | filter(avg_X > 7.6400) };4.52957e-01;1.00000e+00;Pipeline { filter(avg_Y < 999000000.0000) | filter(avg_Y < 3040000000.0000) };7.31092e-01;8.17732e-01;Pipeline { filter(avg_X > 0.0000) };7.31092e-01;8.17732e-01;Pipeline { filter(avg_X > 4.1700) }
datasets/geolife_60mins.csv;nsga2;4;47;4700;4700;2.12392e+02;100;100;100;1.00000e+00;9.60000e-01;1.10000e-01;8.27563e-01;8.17300e-01;Pipeline { filter(avg_X < 1870000.0000) | filter(avg_X > 7.6400) };4.52957e-01;1.00000e+00;Pipeline { filter(avg_Y < 999000000.0000) | filter(avg_Y < 3040000000.0000) };7.31092e-01;8.17732e-01;Pipeline { filter(avg_X > 0.0296) };7.31092e-01;8.17732e-01;Pipeline { filter(avg_X > 0.0000) }
datasets/geolife_60mins.csv;nsga2;4;48;4800;4800;2.16760e+02;100;100;100;1.00000e+00;1.00000e+00;1.10000e-01;8.27563e-01;8.17300e-01;Pipeline { filter(avg_X < 1870000.0000) | filter(avg_X > 7.6400) };4.52957e-01;1.00000e+00;Pipeline { filter(avg_Y < 999000000.0000) | filter(avg_Y < 3040000000.0000) };7.31092e-01;8.17732e-01;Pipeline { filter(avg_X < 1980000000.0000) | filter(avg_X > 0.0000) };7.31092e-01;8.17732e-01;Pipeline { filter(avg_X > 0.0032) }
datasets/geolife_60mins.csv;nsga2;4;49;4900;4900;2.20903e+02;100;100;100;1.00000e+00;9.90000e-01;1.10000e-01;8.27563e-01;8.17300e-01;Pipeline { filter(avg_X < 1870000.0000) | filter(avg_X > 7.6400) };4.52957e-01;1.00000e+00;Pipeline { filter(avg_Y < 999000000.0000) | filter(avg_Y < 3040000000.0000) };7.31092e-01;8.17732e-01;Pipeline { filter(avg_X > 0.0000) };7.31092e-01;8.17732e-01;Pipeline { filter(avg_X < 59500000.0000) | filter(avg_X > 0.0005) }
datasets/geolife_60mins.csv;nsga2;4;50;5000;5000;2.25255e+02;100;100;100;1.00000e+00;1.00000e+00;1.10000e-01;8.27563e-01;8.17300e-01;Pipeline { filter(avg_X < 1870000.0000) | filter(avg_X > 7.6400) };4.52957e-01;1.00000e+00;Pipeline { filter(avg_Y < 999000000.0000) | filter(avg_Y < 3040000000.0000) };7.31092e-01;8.17732e-01;Pipeline { filter(avg_X < 1980000000.0000) | filter(avg_X > 0.7120) };7.31092e-01;8.17732e-01;Pipeline { filter(avg_X < 59500000.0000) | filter(avg_X > 0.0000) }
datasets/geolife_60mins.csv;nsga2;5;1;100;100;4.57100e+00;100;9;68;1.00000e+00;1.00000e+00;1.60000e-01;7.41738e-01;7.03719e-01;Pipeline { filter(avg_Y > 0.0000) | filter(avg_Y < 505000.0000) };4.52957e-01;1.00000e+00;Pipeline { filter(avg_Y < 1720000000.0000) };2.02007e-02;2.70142e-02;Pipeline { filter(avg_X < 0.0008) | filter(avg_X < 242.0000) };2.02007e-02;2.70142e-02;Pipeline { filter(avg_X < 0.0008) | filter(avg_X < 242.0000) }
datasets/geolife_60mins.csv;nsga2;5;2;200;200;9.08400e+00;100;21;21;1.00000e+00;1.00000e+00;2.30000e-01;7.41738e-01;7.03719e-01;Pipeline { filter(avg_Y > 0.0000) | filter(avg_Y < 505000.0000) };4.52957e-01;1.00000e+00;Pipeline { filter(avg_X < 6290000000.0000) };4.52957e-01;1.00000e+00;Pipeline { filter(avg_X < 86500000.0000) };4.14168e-01;7.26608e-01;Pipeline { filter(avg_Y > 0.0000) }
datasets/geolife_60mins.csv;nsga2;5;3;300;300;1.31130e+01;100;43;15;1.00000e+00;1.00000e+00;2.00000e-01;7.57031e-01;6.64539e-01;Pipeline { filter(avg_Y < 920000000.0000) | filter(avg_Y > 0.0000) | filter(avg_X > 0.0021) | filter(avg_Y > 91900.0000) | filter(avg_X < 447000.0000) | filter(avg_X < 1210000000.0000) };4.52957e-01;1.00000e+00;Pipeline { filter(avg_Y < 4090000000.0000) };7.31092e-01;8.17732e-01;Pipeline { filter(avg_Y < 3810000000.0000) | filter(avg_X > 0.0071) | filter(avg_Y < 9880000.0000) };7.31092e-01;8.17732e-01;Pipeline { filter(avg_X < 3440000000.0000) | filter(avg_X > 0.0000) | filter(avg_X > 0.0000) | filter(avg_X < 5260000000.0000) | filter(avg_Y < 5560000000.0000) | filter(avg_Y < 6410000000.0000) | filter(avg_X > 0.0001) }
datasets/geolife_60mins.csv;nsga2;5;4;400;400;1.74940e+01;100;75;8;1.00000e+00;1.00000e+00;1.90000e-01;8.27525e-01;6.99023e-01;Pipeline { filter(avg_X < 383000.0000) | filter(avg_X > 0.0071) | filter(avg_X < 9880000.0000) };4.52957e-01;1.00000e+00;Pipeline { filter(avg_X < 86500000.0000) };7.31092e-01;8.17732e-01;Pipeline { filter(avg_X > 0.0075) };4.52957e-01;1.00000e+00;Pipeline { filter(avg_Y < 23900000.0000) }
datasets/geolife_60mins.csv;nsga2;5;5;500;500;2.17730e+01;100;100;100;1.00000e+00;1.00000e+00;5.00000e-02;8.27525e-01;6.99023e-01;Pipeline { filter(avg_X < 383000.0000) | filter(avg_X > 0.0071) | filter(avg_X < 9880000.0000) };4.52957e-01;1.00000e+00;Pipeline { filter(avg_Y < 67900000.0000) };7.31092e-01;8.17732e-01;Pipeline { filter(avg_X > 4.5400) | filter(avg_X < 6560000000.0000) };4.52957e-01;1.00000e+00;Pipeline { filter(avg_X < 6670000.0000) }
datasets/geolife_60mins.csv;nsga2;5;6;600;600;2.61060e+01;100;100;100;1.00000e+00;1.00000e+00;5.00000e-02;8.27525e-01;6.99023e-01;Pipeline { filter(avg_X < 383000.0000) | filter(avg_X > 0.0071) | filter(avg_X < 9880000.0000) };4.52957e-01;1.00000e+00;Pipeline { filter(avg_X < 830000000.0000) };7.31092e-01;8.17732e-01;Pipeline { filter(avg_X > 0.0000) | filter(avg_X > 0.0000) };7.31092e-01;8.17732e-01;Pipeline { filter(avg_Y < 3810000000.0000) | filter(avg_X > 0.0071) | filter(avg_Y < 9880000.0000) }
datasets/geolife_60mins.csv;nsga2;5;7;700;700;3.05410e+01;100;100;100;1.00000e+00;9.90000e-01;5.00000e-02;8.27525e-01;6.99023e-01;Pipeline { filter(avg_X < 383000.0000) | filter(avg_X > 0.0071) | filter(avg_X < 9880000.0000) };4.52957e-01;1.00000e+00;Pipeline { filter(avg_X < 830000000.0000) };7.31092e-01;8.17732e-01;Pipeline { filter(avg_X > 0.0089) };7.31092e-01;8.17732e-01;Pipeline { filter(avg_X > 0.0089) }
datasets/geolife_60mins.csv;nsga2;5;8;800;800;3.51750e+01;100;100;100;1.00000e+00;9.90000e-01;6.00000e-02;8.27525e-01;6.99023e-01;Pipeline { filter(avg_X < 383000.0000) | filter(avg_X > 0.0071) | filter(avg_X < 9880000.0000) };4.52957e-01;1.00000e+00;Pipeline { filter(avg_X < 830000000.0000) };7.31092e-01;8.17732e-01;Pipeline { filter(avg_X > 0.5840) | filter(avg_Y < 9150000.0000) | filter(avg_X < 9880000.0000) };7.31092e-01;8.17732e-01;Pipeline { filter(avg_X > 0.0000) | filter(avg_X > 0.0000) }
datasets/geolife_60mins.csv;nsga2;5;9;900;900;3.99050e+01;100;100;100;1.00000e+00;1.00000e+00;6.00000e-02;8.27525e-01;6.99023e-01;Pipeline { filter(avg_X < 383000.0000) | filter(avg_X > 0.0071) | filter(avg_X < 9880000.0000) };4.52957e-01;1.00000e+00;Pipeline { filter(avg_X < 830000000.0000) };7.31092e-01;8.17732e-01;Pipeline { filter(avg_X > 0.0077) };7.31092e-01;8.17732e-01;Pipeline { filter(avg_X > 0.0077) }
datasets/geolife_60mins.csv;nsga2;5;10;1000;1000;4.47860e+01;100;100;100;1.00000e+00;1.00000e+00;6.00000e-02;8.27563e-01;8.17300e-01;Pipeline { filter(avg_X < 3930000000.0000) | filter(avg_X > 0.0071) | filter(avg_X < 1880000.0000) };4.52957e-01;1.00000e+00;Pipeline { filter(avg_X < 830000000.0000) };7.31092e-01;8.17732e-01;Pipeline { filter(avg_X < 3560000000.0000) | filter(avg_X > 0.0075) | filter(avg_Y < 9880000.0000) };7.31092e-01;8.17732e-01;Pipeline { filter(avg_X < 3560000000.0000) | filter(avg_X > 0.0075) | filter(avg_Y < 9880000.0000) }
datasets/geolife_60mins.csv;nsga2;5;11;1100;1100;5.00660e+01;100;100;100;1.00000e+00;9.80000e-01;6.00000e-02;8.27563e-01;8.17300e-01;Pipeline { filter(avg_X < 3930000000.0000) | filter(avg_X > 0.0071) | filter(avg_X < 1880000.0000) };4.52957e-01;1.00000e+00;Pipeline { filter(avg_X < 830000000.0000) };7.31092e-01;8.17732e-01;Pipeline { filter(avg_X > 0.5600) | filter(avg_X > 0.0000) };7.31092e-01;8.17732e-01;Pipeline { filter(avg_X > 4.5400) | filter(avg_X > 0.0000) }
datasets/geolife_60mins.csv;nsga2;5;12;1200;1200;5.46580e+01;100;100;100;1.00000e+00;9.90000e-01;6.00000e-02;8.27563e-01;8.17300e-01;Pipeline { filter(avg_X < 3930000000.0000) | filter(avg_X > 0.0071) | filter(avg_X < 1880000.0000) };4.52957e-01;1.00000e+00;Pipeline { filter(avg_X < 830000000.0000) };7.31092e-01;8.17732e-01;Pipeline { filter(avg_X > 0.6450) };7.31092e-01;8.17732e-01;Pipeline { filter(avg_X < 7440000000.0000) | filter(avg_X > 1.9500) | filter(avg_X > 0.0000) | filter(avg_X < 5260000000.0000) | filter(avg_X < 1560000000.0000) | filter(avg_Y < 6410000000.0000) | filter(avg_X > 0.0000) }
datasets/geolife_60mins.csv;nsga2;5;13;1300;1300;5.94340e+01;100;100;100;1.00000e+00;1.00000e+00;7.00000e-02;8.27563e-01;8.17300e-01;Pipeline { filter(avg_X < 3930000000.0000) | filter(avg_X > 0.0071) | filter(avg_X < 1880000.0000) };4.52957e-01;1.00000e+00;Pipeline { filter(avg_X < 830000000.0000) };7.31092e-01;8.17732e-01;Pipeline { filter(avg_X > 0.0000) | filter(avg_X > 0.0029) };7.31092e-01;8.17732e-01;Pipeline { filter(avg_X > 0.0000) | filter(avg_X > 0.0029) }
datasets/geolife_60mins.csv;nsga2;5;14;1400;1400;6.41080e+01;100;100;100;1.00000e+00;1.00000e+00;7.00000e-02;8.27563e-01;8.17300e-01;Pipeline { filter(avg_X < 3930000000.0000) | filter(avg_X > 0.0071) | filter(avg_X < 1880000.0000) };4.52957e-01;1.00000e+00;Pipeline { filter(avg_X < 830000000.0000) };7.31092e-01;8.17732e-01;Pipeline { filter(avg_X > 8.6400) };7.31092e-01;8.17732e-01;Pipeline { filter(avg_X > 8.6400) }
datasets/geolife_60mins.csv;nsga2;5;15;1500;1500;6.85380e+01;100;100;100;1.00000e+00;9.90000e-01;7.00000e-02;8.27563e-01;8.17300e-01;Pipeline { filter(avg_X < 3930000000.0000) | filter(avg_X > 0.0071) | filter(avg_X < 1880000.0000) };4.52957e-01;1.00000e+00;Pipeline { filter(avg_X < 830000000.0000) };7.31092e-01;8.17732e-01;Pipeline { filter(avg_X < 5250000000.0000) | filter(avg_X > 0.0000) | filter(avg_X < 36200000.0000) };7.31092e-01;8.17732e-01;Pipeline { filter(avg_X < 5250000000.0000) | filter(avg_X > 0.0000) | filter(avg_X < 36200000.0000) }
datasets/geolife_60mins.csv;nsga2;5;16;1600;1600;7.35700e+01;100;100;100;1.00000e+00;9.90000e-01;7.00000e-02;8.27563e-01;8.17300e-01;Pipeline { filter(avg_X < 3930000000.0000) | filter(avg_X > 0.0071) | filter(avg_X < 1880000.0000) };4.52957e-01;1.00000e+00;Pipeline { filter(avg_X < 2830000000.0000) };7.31092e-01;8.17732e-01;Pipeline { filter(avg_X > 0.0556) | filter(avg_X > 0.0000) };7.31092e-01;8.17732e-01;Pipeline { filter(avg_X < 7440000000.0000) | filter(avg_X > 1.9500) | filter(avg_X > 0.0000) | filter(avg_X < 5260000000.0000) | filter(avg_X < 256000000.0000) | filter(avg_X > 0.1200) | filter(avg_X > 0.0000) }
datasets/geolife_60mins.csv;nsga2;5;17;1700;1700;7.85430e+01;100;100;100;1.00000e+00;1.00000e+00;7.00000e-02;8.27563e-01;8.17300e-01;Pipeline { filter(avg_X < 3930000000.0000) | filter(avg_X > 0.0071) | filter(avg_X < 1880000.0000) };4.52957e-01;1.00000e+00;Pipeline { filter(avg_X < 2830000000.0000) };7.31092e-01;8.17732e-01;Pipeline { filter(avg_X > 0.0924) | filter(avg_X > 0.0224) | filter(avg_X > 0.0000) };7.31092e-01;8.17732e-01;Pipeline { filter(avg_X > 0.0924) | filter(avg_X > 0.0224) | filter(avg_X > 0.0000) }
datasets/geolife_60mins.csv;nsga2;5;18;1800;1800;8.32230e+01;100;100;100;1.00000e+00;1.00000e+00;7.00000e-02;8.27563e-01;8.17300e-01;Pipeline { filter(avg_X < 3930000000.0000) | filter(avg_X > 0.0071) | filter(avg_X < 1880000.0000) };4.52957e-01;1.00000e+00;Pipeline { filter(avg_X < 2830000000.0000) };7.31092e-01;8.17732e-01;Pipeline { filter(avg_X < 7440000000.0000) | filter(avg_X > 1.9500) | filter(avg_X > 0.0000) | filter(avg_X < 5260000000.0000) | filter(avg_X < 256000000.0000) | filter(avg_X > 0.1200) | filter(avg_X > 0.0000) };7.31092e-01;8.17732e-01;Pipeline { filter(avg_X < 7440000000.0000) | filter(avg_X > 1.9500) | filter(avg_X > 0.0000) | filter(avg_X < 5260000000.0000) | filter(avg_X < 256000000.0000) | filter(avg_X > 0.1200) | filter(avg_X > 0.0000) }
datasets/geolife_60mins.csv;nsga2;5;19;1900;1900;8.76360e+01;100;100;100;1.00000e+00;1.00000e+00;7.00000e-02;8.27563e-01;8.17300e-01;Pipeline { filter(avg_X < 3930000000.0000) | filter(avg_X > 0.0071) | filter(avg_X < 1880000.0000) };4.52957e-01;1.00000e+00;Pipeline { filter(avg_X < 2830000000.0000) };7.31092e-01;8.17732e-01;Pipeline { filter(avg_X > 0.0000) | filter(avg_X > 0.0000) };7.31092e-01;8.17732e-01;Pipeline { filter(avg_X > 0.5440) | filter(avg_X > 0.0330) | filter(avg_X < 6480000.0000) }
datasets/geolife_60mins.csv;nsga2;5;20;2000;2000;9.26960e+01;100;100;100;1.00000e+00;1.00000e+00;7.00000e-02;8.27563e-01;8.17300e-01;Pipeline { filter(avg_X < 3930000000.0000) | filter(avg_X > 0.0071) | filter(avg_X < 1880000.0000) };4.52957e-01;1.00000e+00;Pipeline { filter(avg_X < 2830000000.0000) };7.31092e-01;8.17732e-01;Pipeline { filter(avg_X > 0.0000) | filter(avg_X > 0.0000) };7.31092e-01;8.17732e-01;Pipeline { filter(avg_X > 0.0005) | filter(avg_X > 0.0330) | filter(avg_X < 6480000.0000) }
datasets/geolife_60mins.csv;nsga2;5;21;2100;2100;9.69000e+01;100;100;100;1.00000e+00;1.00000e+00;7.00000e-02;8.27563e-01;8.17300e-01;Pipeline { filter(avg_X < 3930000000.0000) | filter(avg_X > 0.0071) | filter(avg_X < 1880000.0000) };4.52957e-01;1.00000e+00;Pipeline { filter(avg_X < 2830000000.0000) };7.31092e-01;8.17732e-01;Pipeline { filter(avg_X < 36300000.0000) | filter(avg_X > 0.0000) | filter(avg_X > 0.0000) };7.31092e-01;8.17732e-01;Pipeline { filter(avg_X < 16300000.0000) | filter(avg_X > 0.0000) | filter(avg_X < 36200000.0000) }
datasets/geolife_60mins.csv;nsga2;5;22;2200;2200;1.01256e+02;100;100;100;1.00000e+00;1.00000e+00;8.00000e-02;8.28182e-01;6.99760e-01;Pipeline { filter(avg_X < 385000.0000) | filter(avg_X > 528.0000) | filter(avg_Y < 7460000.0000) };4.52957e-01;1.00000e+00;Pipeline { filter(avg_X < 2830000000.0000) };7.31092e-01;8.17732e-01;Pipeline { filter(avg_X > 0.0000) | filter(avg_X < 463000000.0000) };7.31092e-01;8.17732e-01;Pipeline { filter(avg_X > 0.0000) }
datasets/geolife_60mins.csv;nsga2;5;23;2300;2300;1.05850e+02;100;100;100;1.00000e+00;1.00000e+00;8.00000e-02;8.28182e-01;6.99760e-01;Pipeline { filter(avg_X < 385000.0000) | filter(avg_X > 528.0000) | filter(avg_Y < 7460000.0000) };4.52957e-01;1.00000e+00;Pipeline { filter(avg_X < 2830000000.0000) };7.31092e-01;8.17732e-01;Pipeline { filter(avg_X > 0.0589) };7.31092e-01;8.17732e-01;Pipeline { filter(avg_X > 0.0000) | filter(avg_X > 0.0000) }
datasets/geolife_60mins.csv;nsga2;5;24;2400;2400;1.10332e+02;100;100;100;1.00000e+00;1.00000e+00;8.00000e-02;8.28182e-01;6.99760e-01;Pipeline { filter(avg_X < 385000.0000) | filter(avg_X > 528.0000) | filter(avg_Y < 7460000.0000) };4.52957e-01;1.00000e+00;Pipeline { filter(avg_X < 2830000000.0000) };7.31092e-01;8.17732e-01;Pipeline { filter(avg_X > 0.0187) };7.31092e-01;8.17732e-01;Pipeline { filter(avg_X > 0.0097) | filter(avg_X > 0.0000) }
datasets/geolife_60mins.csv;nsga2;5;25;2500;2500;1.14760e+02;100;100;100;1.00000e+00;1.00000e+00;8.00000e-02;8.28182e-01;6.99760e-01;Pipeline { filter(avg_X < 385000.0000) | filter(avg_X > 528.0000) | filter(avg_Y < 7460000.0000) };4.52957e-01;1.00000e+00;Pipeline { filter(avg_X < 2830000000.0000) };7.31092e-01;8.17732e-01;Pipeline { filter(avg_X > 0.0000) | filter(avg_X < 54600000.0000) };7.31092e-01;8.17732e-01;Pipeline { filter(avg_X > 0.0092) }
datasets/geolife_60mins.csv;nsga2;5;26;2600;2600;1.19250e+02;100;100;100;1.00000e+00;1.00000e+00;9.00000e-02;8.28182e-01;6.99760e-01;Pipeline { filter(avg_X < 385000.0000) | filter(avg_X > 528.0000) | filter(avg_Y < 7460000.0000) };4.52957e-01;1.00000e+00;Pipeline { filter(avg_X < 2830000000.0000) };7.31092e-01;8.17732e-01;Pipeline { filter(avg_X > 0.0000) | filter(avg_Y < 461000000.0000) };7.31092e-01;8.17732e-01;Pipeline { filter(avg_X > 0.0919) }
datasets/geolife_60mins.csv;nsga2;5;27;2700;2700;1.23473e+02;100;100;100;1.00000e+00;1.00000e+00;9.00000e-02;8.28182e-01;6.99760e-01;Pipeline { filter(avg_X < 385000.0000) | filter(avg_X > 528.0000) | filter(avg_Y < 7460000.0000) };4.52957e-01;1.00000e+00;Pipeline { filter(avg_X < 2830000000.0000) };7.31092e-01;8.17732e-01;Pipeline { filter(avg_X < 8300000.0000) | filter(avg_X > 0.0000) | filter(avg_X > 0.0000) };7.31092e-01;8.17732e-01;Pipeline { filter(avg_X > 4.8900) }
datasets/geolife_60mins.csv;nsga2;5;28;2800;2800;1.28222e+02;100;100;100;1.00000e+00;9.90000e-01;9.00000e-02;8.28182e-01;6.99760e-01;Pipeline { filter(avg_X < 385000.0000) | filter(avg_X > 528.0000) | filter(avg_Y < 7460000.0000) };4.52957e-01;1.00000e+00;Pipeline { filter(avg_X < 2830000000.0000) };7.31092e-01;8.17732e-01;Pipeline { filter(avg_X > 0.0010) | filter(avg_X > 0.0000) };7.31092e-01;8.17732e-01;Pipeline { filter(avg_X > 0.0000) | filter(avg_X > 0.0000) | filter(avg_X > 0.4730) }
datasets/geolife_60mins.csv;nsga2;5;29;2900;2900;1.32725e+02;100;100;100;1.00000e+00;1.00000e+00;9.00000e-02;8.28182e-01;6.99760e-01;Pipeline { filter(avg_X < 385000.0000) | filter(avg_X > 528.0000) | filter(avg_Y < 7460000.0000) };4.52957e-01;1.00000e+00;Pipeline { filter(avg_X < 2830000000.0000) };7.31092e-01;8.17732e-01;Pipeline { filter(avg_X > 0.0010) | filter(avg_X > 0.0000) };7.31092e-01;8.17732e-01;Pipeline { filter(avg_X > 0.0000) }
datasets/geolife_60mins.csv;nsga2;5;30;3000;3000;1.37025e+02;100;100;100;1.00000e+00;9.80000e-01;1.00000e-01;8.28182e-01;6.99760e-01;Pipeline { filter(avg_X < 385000.0000) | filter(avg_X > 528.0000) | filter(avg_Y < 7460000.0000) };4.52957e-01;1.00000e+00;Pipeline { filter(avg_X < 2830000000.0000) };7.31092e-01;8.17732e-01;Pipeline { filter(avg_X > 0.0059) };7.31092e-01;8.17732e-01;Pipeline { filter(avg_X > 0.0059) }
datasets/geolife_60mins.csv;nsga2;5;31;3100;3100;1.41445e+02;100;100;100;1.00000e+00;9.90000e-01;1.00000e-01;8.28182e-01;6.99760e-01;Pipeline { filter(avg_X < 385000.0000) | filter(avg_X > 528.0000) | filter(avg_Y < 7460000.0000) };4.52957e-01;1.00000e+00;Pipeline { filter(avg_X < 2830000000.0000) };7.31092e-01;8.17732e-01;Pipeline { filter(avg_X > 0.0001) | filter(avg_X > 0.0000) };7.31092e-01;8.17732e-01;Pipeline { filter(avg_X > 0.0001) | filter(avg_X > 0.0000) }
datasets/geolife_60mins.csv;nsga2;5;32;3200;3200;1.46282e+02;100;100;100;1.00000e+00;1.00000e+00;1.00000e-01;8.28182e-01;6.99760e-01;Pipeline { filter(avg_X < 385000.0000) | filter(avg_X > 528.0000) | filter(avg_Y < 7460000.0000) };4.52957e-01;1.00000e+00;Pipeline { filter(avg_X < 2830000000.0000) };7.31092e-01;8.17732e-01;Pipeline { filter(avg_X > 0.5790) | filter(avg_X > 1.6500) };7.31092e-01;8.17732e-01;Pipeline { filter(avg_X > 0.5790) | filter(avg_X > 1.6500) }
datasets/geolife_60mins.csv;nsga2;5;33;3300;3300;1.51258e+02;100;100;100;1.00000e+00;1.00000e+00;1.20000e-01;8.28182e-01;6.99760e-01;Pipeline { filter(avg_X < 385000.0000) | filter(avg_X > 528.0000) | filter(avg_Y < 7460000.0000) };4.52957e-01;1.00000e+00;Pipeline { filter(avg_X < 2830000000.0000) };7.31092e-01;8.17732e-01;Pipeline { filter(avg_X > 0.0080) | filter(avg_X > 1.6500) };7.31092e-01;8.17732e-01;Pipeline { filter(avg_X > 0.0065) | filter(avg_Y < 60100000.0000) }
datasets/geolife_60mins.csv;nsga2;5;34;3400;3400;1.55838e+02;100;100;100;1.00000e+00;9.90000e-01;1.20000e-01;8.28182e-01;6.99760e-01;Pipeline { filter(avg_X < 385000.0000) | filter(avg_X > 528.0000) | filter(avg_Y < 7460000.0000) };4.52957e-01;1.00000e+00;Pipeline { filter(avg_X < 2830000000.0000) };7.31092e-01;8.17732e-01;Pipeline { filter(avg_X < 9850000000.0000) | filter(avg_X > 0.0000) };7.31092e-01;8.17732e-01;Pipeline { filter(avg_X > 0.0000) }
datasets/geolife_60mins.csv;nsga2;5;35;3500;3500;1.60630e+02;100;100;100;1.00000e+00;1.00000e+00;1.20000e-01;8.28182e-01;6.99760e-01;Pipeline { filter(avg_X < 385000.0000) | filter(avg_X > 528.0000) | filter(avg_Y < 7460000.0000) };4.52957e-01;1.00000e+00;Pipeline { filter(avg_X < 2830000000.0000) };7.31092e-01;8.17732e-01;Pipeline { filter(avg_X > 1950.0000) };7.31092e-01;8.17732e-01;Pipeline { filter(avg_X > 0.0012) }
datasets/geolife_60mins.csv;nsga2;5;36;3600;3600;1.65502e+02;100;100;100;1.00000e+00;1.00000e+00;1.20000e-01;8.34016e-01;8.13339e-01;Pipeline { filter(avg_Y < 829000.0000) | filter(avg_X > 0.7610) | filter(avg_X < 1880000.0000) };4.52957e-01;1.00000e+00;Pipeline { filter(avg_X < 2830000000.0000) };7.31092e-01;8.17732e-01;Pipeline { filter(avg_X > 0.0001) | filter(avg_X > 9.6900) };7.31092e-01;8.17732e-01;Pipeline { filter(avg_X > 0.0002) | filter(avg_X > 0.7400) | filter(avg_X > 0.4700) }
datasets/geolife_60mins.csv;nsga2;5;37;3700;3700;1.70382e+02;100;100;100;1.00000e+00;9.90000e-01;1.20000e-01;8.34016e-01;8.13339e-01;Pipeline { filter(avg_Y < 829000.0000) | filter(avg_X > 0.7610) | filter(avg_X < 1880000.0000) };4.52957e-01;1.00000e+00;Pipeline { filter(avg_X < 2830000000.0000) };7.31092e-01;8.17732e-01;Pipeline { filter(avg_X > 0.0000) };7.31092e-01;8.17732e-01;Pipeline { filter(avg_X > 0.0002) | filter(avg_X > 0.7400) | filter(avg_X > 0.9700) }
datasets/geolife_60mins.csv;nsga2;5;38;3800;3800;1.75459e+02;100;100;100;1.00000e+00;1.00000e+00;1.20000e-01;8.34016e-01;8.13339e-01;Pipeline { filter(avg_Y < 829000.0000) | filter(avg_X > 0.7610) | filter(avg_X < 1880000.0000) };4.52957e-01;1.00000e+00;Pipeline { filter(avg_X < 2830000000.0000) };7.31092e-01;8.17732e-01;Pipeline { filter(avg_X > 8.3800) | filter(avg_X < 7370000.0000) };7.31092e-01;8.17732e-01;Pipeline { filter(avg_X > 5.3900) | filter(avg_Y < 742000000.0000) }
datasets/geolife_60mins.csv;nsga2;5;39;3900;3900;1.80566e+02;100;100;100;1.00000e+00;1.00000e+00;1.20000e-01;8.34016e-01;8.13339e-01;Pipeline { filter(avg_Y < 829000.0000) | filter(avg_X > 0.7610) | filter(avg_X < 1880000.0000) };4.52957e-01;1.00000e+00;Pipeline { filter(avg_X < 2830000000.0000) };7.31092e-01;8.17732e-01;Pipeline { filter(avg_X > 0.0001) | filter(avg_X > 0.0000) | filter(avg_X > 0.0000) };7.31092e-01;8.17732e-01;Pipeline { filter(avg_X > 0.3800) | filter(avg_X < 61800000.0000) }
datasets/geolife_60mins.csv;nsga2;5;40;4000;4000;1.85379e+02;100;100;100;1.00000e+00;1.00000e+00;1.20000e-01;8.34016e-01;8.13339e-01;Pipeline { filter(avg_Y < 829000.0000) | filter(avg_X > 0.7610) | filter(avg_X < 1880000.0000) };4.52957e-01;1.00000e+00;Pipeline { filter(avg_X < 2830000000.0000) };7.31092e-01;8.17732e-01;Pipeline { filter(avg_X > 0.0083) | filter(avg_X < 71800000.0000) };7.31092e-01;8.17732e-01;Pipeline { filter(avg_X > 0.0001) | filter(avg_X > 0.0000) | filter(avg_X > 0.0000) }
datasets/geolife_60mins.csv;nsga2;5;41;4100;4100;1.90320e+02;100;100;100;1.00000e+00;1.00000e+00;1.20000e-01;8.34016e-01;8.13339e-01;Pipeline { filter(avg_Y < 829000.0000) | filter(avg_X > 0.7610) | filter(avg_X < 1880000.0000) };4.52957e-01;1.00000e+00;Pipeline { filter(avg_X < 2830000000.0000) };7.31092e-01;8.17732e-01;Pipeline { filter(avg_X > 0.0000) | filter(avg_X > 0.0007) | filter(avg_X > 0.0000) };7.31092e-01;8.17732e-01;Pipeline { filter(avg_X > 1.1900) | filter(avg_Y < 7370000000.0000) }
datasets/geolife_60mins.csv;nsga2;5;42;4200;4200;1.95104e+02;100;100;100;1.00000e+00;9.90000e-01;1.20000e-01;8.34016e-01;8.13339e-01;Pipeline { filter(avg_Y < 829000.0000) | filter(avg_X > 0.7610) | filter(avg_X < 1880000.0000) };4.52957e-01;1.00000e+00;Pipeline { filter(avg_X < 2830000000.0000) };7.31092e-01;8.17732e-01;Pipeline { filter(avg_X > 0.0503) | filter(avg_X > 0.0000) | filter(avg_X > 0.0000) };7.31092e-01;8.17732e-01;Pipeline { filter(avg_X > 0.0008) | filter(avg_Y < 65600000.0000) }
datasets/geolife_60mins.csv;nsga2;5;43;4300;4300;1.99817e+02;100;100;100;1.00000e+00;1.00000e+00;1.20000e-01;8.35709e-01;8.14387e-01;Pipeline { filter(avg_Y < 859000.0000) | filter(avg_X > 0.5810) | filter(avg_X < 1880000.0000) };4.52957e-01;1.00000e+00;Pipeline { filter(avg_X < 2830000000.0000) };7.31092e-01;8.17732e-01;Pipeline { filter(avg_X > 0.0000) | filter(avg_X > 37.1000) };7.31092e-01;8.17732e-01;Pipeline { filter(avg_X > 0.0019) | filter(avg_X > 0.0000) }
datasets/geolife_60mins.csv;nsga2;5;44;4400;4400;2.04368e+02;100;100;100;1.00000e+00;1.00000e+00;1.20000e-01;8.35788e-01;8.14819e-01;Pipeline { filter(avg_Y < 869000.0000) | filter(avg_X > 0.5810) | filter(avg_X < 1880000.0000) };4.52957e-01;1.00000e+00;Pipeline { filter(avg_X < 2830000000.0000) };7.31092e-01;8.17732e-01;Pipeline { filter(avg_X > 0.0001) | filter(avg_X < 6080000000.0000) };7.31092e-01;8.17732e-01;Pipeline { filter(avg_X > 0.0000) | filter(avg_Y < 1070000000.0000) }
datasets/geolife_60mins.csv;nsga2;5;45;4500;4500;2.09223e+02;100;100;100;1.00000e+00;9.90000e-01;1.20000e-01;8.35788e-01;8.14819e-01;Pipeline { filter(avg_Y < 869000.0000) | filter(avg_X > 0.5810) | filter(avg_X < 1880000.0000) };4.52957e-01;1.00000e+00;Pipeline { filter(avg_X < 2830000000.0000) };7.31092e-01;8.17732e-01;Pipeline { filter(avg_Y < 55100000.0000) | filter(avg_X > 760.0000) };7.31092e-01;8.17732e-01;Pipeline { filter(avg_X > 0.0050) }
datasets/geolife_60mins.csv;nsga2;5;46;4600;4600;2.14199e+02;100;100;100;1.00000e+00;1.00000e+00;1.20000e-01;8.35788e-01;8.14819e-01;Pipeline { filter(avg_Y < 869000.0000) | filter(avg_X > 0.5810) | filter(avg_X < 1880000.0000) };4.52957e-01;1.00000e+00;Pipeline { filter(avg_X < 2830000000.0000) };7.31092e-01;8.17732e-01;Pipeline { filter(avg_X > 0.9700) };7.31092e-01;8.17732e-01;Pipeline { filter(avg_X > 0.0493) | filter(avg_X > 0.0007) | filter(avg_X > 0.0000) }
datasets/geolife_60mins.csv;nsga2;5;47;4700;4700;2.19068e+02;100;100;100;1.00000e+00;9.90000e-01;1.20000e-01;8.35788e-01;8.14819e-01;Pipeline { filter(avg_Y < 869000.0000) | filter(avg_X > 0.5810) | filter(avg_X < 1880000.0000) };4.52957e-01;1.00000e+00;Pipeline { filter(avg_X < 2830000000.0000) };7.31092e-01;8.17732e-01;Pipeline { filter(avg_X > 0.0207) };7.31092e-01;8.17732e-01;Pipeline { filter(avg_X < 1210000000.0000) | filter(avg_X > 0.0000) | filter(avg_X > 99.6000) }
datasets/geolife_60mins.csv;nsga2;5;48;4800;4800;2.23798e+02;100;100;100;1.00000e+00;1.00000e+00;1.20000e-01;8.35788e-01;8.14819e-01;Pipeline { filter(avg_Y < 869000.0000) | filter(avg_X > 0.5810) | filter(avg_X < 1880000.0000) };4.52957e-01;1.00000e+00;Pipeline { filter(avg_Y < 17600000.0000) };7.31092e-01;8.17732e-01;Pipeline { filter(avg_X > 0.9660) };7.31092e-01;8.17732e-01;Pipeline { filter(avg_X < 1280000000.0000) | filter(avg_X > 0.0000) | filter(avg_X > 65.7000) }
datasets/geolife_60mins.csv;nsga2;5;49;4900;4900;2.28387e+02;100;100;100;1.00000e+00;1.00000e+00;1.20000e-01;8.35788e-01;8.14819e-01;Pipeline { filter(avg_Y < 869000.0000) | filter(avg_X > 0.5810) | filter(avg_X < 1880000.0000) };4.52957e-01;1.00000e+00;Pipeline { filter(avg_Y < 17600000.0000) };7.31092e-01;8.17732e-01;Pipeline { filter(avg_X > 0.0000) | filter(avg_X > 5460.0000) };7.31092e-01;8.17732e-01;Pipeline { filter(avg_X > 0.0943) | filter(avg_X > 56.0000) }
datasets/geolife_60mins.csv;nsga2;5;50;5000;5000;2.33174e+02;100;100;100;1.00000e+00;1.00000e+00;1.20000e-01;8.35788e-01;8.14819e-01;Pipeline { filter(avg_Y < 869000.0000) | filter(avg_X > 0.5810) | filter(avg_X < 1880000.0000) };4.52957e-01;1.00000e+00;Pipeline { filter(avg_Y < 17600000.0000) };7.31092e-01;8.17732e-01;Pipeline { filter(avg_X < 1010000000.0000) | filter(avg_X > 0.0000) | filter(avg_X > 0.0000) };7.31092e-01;8.17732e-01;Pipeline { filter(avg_X > 0.0002) | filter(avg_X < 9490000000.0000) }
