problem.name;solver.name;randomGenerator.seed;n.iterations;n.evals;n.births;elapsed.secs;all→size;firsts→size;lasts→size;all→each[genotype]→uniqueness;all→each[solution]→uniqueness;all→each[quality]→uniqueness;"all→percentile[quality→privacy;100]→quality→privacy";"all→percentile[quality→privacy;100]→quality→results-similarity";"all→percentile[quality→privacy;100]→solution";"all→percentile[quality→results-similarity;100]→quality→privacy";"all→percentile[quality→results-similarity;100]→quality→results-similarity";"all→percentile[quality→results-similarity;100]→solution";"all→percentile[quality→privacy;75]→quality→privacy";"all→percentile[quality→privacy;75]→quality→results-similarity";"all→percentile[quality→privacy;75]→solution";"all→percentile[quality→results-similarity;75]→quality→privacy";"all→percentile[quality→results-similarity;75]→quality→results-similarity";"all→percentile[quality→results-similarity;75]→solution"
datasets/geolife_60mins.csv;nsga2;1;1;100;100;4.19900e+00;100;6;67;1.00000e+00;1.00000e+00;1.50000e-01;9.26629e-01;1.00000e+00;Pipeline { filter(avg_X > 0.0000) };8.77327e-01;1.00000e+00;Pipeline { filter(avg_Y > 66.9000) };2.26840e-02;0.00000e+00;Pipeline { filter(avg_X < 0.0108) | filter(avg_X < 0.0010) };0.00000e+00;0.00000e+00;Pipeline { filter(avg_Y > 9480000.0000) | filter(avg_Y > 39.4000) | filter(avg_X < 5870.0000) }
datasets/geolife_60mins.csv;nsga2;1;2;200;200;6.69300e+00;100;12;18;1.00000e+00;1.00000e+00;2.20000e-01;9.26629e-01;1.00000e+00;Pipeline { filter(avg_X > 1220.0000) | filter(avg_X > 0.0006) | filter(avg_X > 2.4800) };8.77327e-01;1.00000e+00;Pipeline { filter(avg_Y > 60.9000) };8.85581e-01;1.00000e+00;Pipeline { filter(avg_Y > 0.1400) | filter(avg_X > 0.0001) };9.18608e-01;1.00000e+00;Pipeline { filter(avg_Y < 24500000.0000) }
datasets/geolife_60mins.csv;nsga2;1;3;300;300;9.44200e+00;100;1;1;1.00000e+00;9.80000e-01;1.90000e-01;9.32351e-01;1.00000e+00;Pipeline { filter(avg_Y < 326000.0000) };8.76720e-01;1.00000e+00;Pipeline { filter(avg_Y > 9750.0000) };9.26629e-01;1.00000e+00;Pipeline { filter(avg_X > 0.0001) };8.85457e-01;1.00000e+00;Pipeline { filter(avg_Y > 1220.0000) | filter(avg_X > 0.0006) | filter(avg_X > 2.0800) }
datasets/geolife_60mins.csv;nsga2;1;4;400;400;1.22730e+01;100;1;7;1.00000e+00;9.90000e-01;1.50000e-01;9.32351e-01;1.00000e+00;Pipeline { filter(avg_Y < 326000.0000) };8.85581e-01;1.00000e+00;Pipeline { filter(avg_X > 1220.0000) | filter(avg_Y > 0.0006) | filter(avg_X > 92.6000) };9.26629e-01;1.00000e+00;Pipeline { filter(avg_Y < 8300000000.0000) | filter(avg_X > 3.1800) | filter(avg_X > 9.5100) };9.24989e-01;1.00000e+00;Pipeline { filter(avg_X > 1220.0000) | filter(avg_X > 54300.0000) | filter(avg_X > 2.4800) }
datasets/geolife_60mins.csv;nsga2;1;5;500;500;1.51240e+01;100;1;96;1.00000e+00;1.00000e+00;5.00000e-02;9.36808e-01;1.00000e+00;Pipeline { filter(avg_Y < 426000.0000) };9.26629e-01;1.00000e+00;Pipeline { filter(avg_X > 1220.0000) | filter(avg_X > 0.0000) | filter(avg_X > 2.4800) };9.26629e-01;1.00000e+00;Pipeline { filter(avg_X > 1220.0000) | filter(avg_X > 0.0005) | filter(avg_X > 92.6000) };9.26629e-01;1.00000e+00;Pipeline { filter(avg_X > 0.0057) }
datasets/geolife_60mins.csv;nsga2;1;6;600;600;1.78960e+01;100;1;94;1.00000e+00;1.00000e+00;7.00000e-02;9.36808e-01;1.00000e+00;Pipeline { filter(avg_Y < 426000.0000) };9.26629e-01;1.00000e+00;Pipeline { filter(avg_X > 0.0000) };9.26629e-01;1.00000e+00;Pipeline { filter(avg_X > 0.0000) };9.26629e-01;1.00000e+00;Pipeline { filter(avg_Y < 83000000.0000) | filter(avg_X > 3.1800) | filter(avg_X > 6.5100) }
datasets/geolife_60mins.csv;nsga2;1;7;700;700;2.05000e+01;100;1;91;1.00000e+00;1.00000e+00;9.00000e-02;9.36808e-01;1.00000e+00;Pipeline { filter(avg_Y < 426000.0000) };9.26629e-01;1.00000e+00;Pipeline { filter(avg_X > 151.0000) };9.26629e-01;1.00000e+00;Pipeline { filter(avg_X > 0.0001) };9.26629e-01;1.00000e+00;Pipeline { filter(avg_X > 16.6000) }
datasets/geolife_60mins.csv;nsga2;1;8;800;800;2.33380e+01;100;1;84;1.00000e+00;1.00000e+00;1.60000e-01;9.36808e-01;1.00000e+00;Pipeline { filter(avg_Y < 426000.0000) };9.26629e-01;1.00000e+00;Pipeline { filter(avg_X > 0.0005) };9.26629e-01;1.00000e+00;Pipeline { filter(avg_X > 0.0009) };9.26629e-01;1.00000e+00;Pipeline { filter(avg_X > 0.0010) | filter(avg_X > 5.1300) | filter(avg_X > 7.0100) }
datasets/geolife_60mins.csv;nsga2;1;9;900;900;2.60030e+01;100;1;81;1.00000e+00;1.00000e+00;1.90000e-01;9.36808e-01;1.00000e+00;Pipeline { filter(avg_Y < 426000.0000) };9.26629e-01;1.00000e+00;Pipeline { filter(avg_X > 0.0000) };9.26629e-01;1.00000e+00;Pipeline { filter(avg_X > 2.7100) };9.26629e-01;1.00000e+00;Pipeline { filter(avg_X > 0.0000) | filter(avg_X > 5.1300) | filter(avg_X > 7.8100) }
datasets/geolife_60mins.csv;nsga2;1;10;1000;1000;2.85230e+01;100;1;73;1.00000e+00;1.00000e+00;2.40000e-01;9.36808e-01;1.00000e+00;Pipeline { filter(avg_Y < 426000.0000) };9.26629e-01;1.00000e+00;Pipeline { filter(avg_X > 0.0000) | filter(avg_X > 5.1300) | filter(avg_X > 0.0000) };9.29210e-01;1.00000e+00;Pipeline { filter(avg_Y < 506000.0000) };9.26629e-01;1.00000e+00;Pipeline { filter(avg_X > 371.0000) }
datasets/geolife_60mins.csv;nsga2;1;11;1100;1100;3.11550e+01;100;1;66;1.00000e+00;1.00000e+00;3.10000e-01;9.36808e-01;1.00000e+00;Pipeline { filter(avg_Y < 426000.0000) };9.26629e-01;1.00000e+00;Pipeline { filter(avg_X > 0.0000) | filter(avg_X > 0.0000) | filter(avg_X > 5.4800) };9.30016e-01;1.00000e+00;Pipeline { filter(avg_Y < 496000.0000) };9.26629e-01;1.00000e+00;Pipeline { filter(avg_X > 66.0000) | filter(avg_Y < 498000000.0000) }
datasets/geolife_60mins.csv;nsga2;1;12;1200;1200;3.37400e+01;100;1;58;1.00000e+00;1.00000e+00;3.70000e-01;9.36877e-01;1.00000e+00;Pipeline { filter(avg_Y < 416000.0000) };9.26629e-01;1.00000e+00;Pipeline { filter(avg_X > 0.0000) };9.32283e-01;1.00000e+00;Pipeline { filter(avg_Y < 325000.0000) };9.26629e-01;1.00000e+00;Pipeline { filter(avg_X > 0.0022) | filter(avg_X > 0.0001) | filter(avg_X > 2.4800) }
datasets/geolife_60mins.csv;nsga2;1;13;1300;1300;3.62340e+01;100;1;44;1.00000e+00;1.00000e+00;4.80000e-01;9.36877e-01;1.00000e+00;Pipeline { filter(avg_Y < 416000.0000) };9.26629e-01;1.00000e+00;Pipeline { filter(avg_X > 0.0022) | filter(avg_X > 0.0001) | filter(avg_X > 0.4800) };9.33438e-01;1.00000e+00;Pipeline { filter(avg_Y < 451000.0000) };9.26629e-01;1.00000e+00;Pipeline { filter(avg_X > 0.0022) | filter(avg_X < 562000000.0000) | filter(avg_Y < 855000000.0000) }
datasets/geolife_60mins.csv;nsga2;1;14;1400;1400;3.87060e+01;100;1;22;1.00000e+00;1.00000e+00;6.80000e-01;9.36877e-01;1.00000e+00;Pipeline { filter(avg_Y < 416000.0000) };9.26629e-01;1.00000e+00;Pipeline { filter(avg_X < 2560000000.0000) | filter(avg_X > 5.7900) | filter(avg_X > 2.4800) };9.34359e-01;1.00000e+00;Pipeline { filter(avg_Y < 273000.0000) };9.29210e-01;1.00000e+00;Pipeline { filter(avg_Y < 506000.0000) }
datasets/geolife_60mins.csv;nsga2;1;15;1500;1500;4.12030e+01;100;1;6;1.00000e+00;1.00000e+00;8.10000e-01;9.36877e-01;1.00000e+00;Pipeline { filter(avg_Y < 416000.0000) };9.26629e-01;1.00000e+00;Pipeline { filter(avg_X > 0.0000) };9.34859e-01;1.00000e+00;Pipeline { filter(avg_Y < 293000.0000) };9.31274e-01;1.00000e+00;Pipeline { filter(avg_Y < 543000.0000) }
datasets/geolife_60mins.csv;nsga2;1;16;1600;1600;4.35960e+01;100;1;1;1.00000e+00;1.00000e+00;8.70000e-01;9.36877e-01;1.00000e+00;Pipeline { filter(avg_Y < 416000.0000) };9.29329e-01;1.00000e+00;Pipeline { filter(avg_Y < 519000.0000) };9.34874e-01;1.00000e+00;Pipeline { filter(avg_Y < 439000.0000) };9.32910e-01;1.00000e+00;Pipeline { filter(avg_Y < 222000.0000) }
datasets/geolife_60mins.csv;nsga2;1;17;1700;1700;4.59420e+01;100;2;1;1.00000e+00;1.00000e+00;8.70000e-01;9.36894e-01;1.00000e+00;Pipeline { filter(avg_Y < 418000.0000) };9.31462e-01;1.00000e+00;Pipeline { filter(avg_Y < 633000.0000) };9.35032e-01;1.00000e+00;Pipeline { filter(avg_Y < 301000.0000) };9.33116e-01;1.00000e+00;Pipeline { filter(avg_Y < 615000.0000) }
datasets/geolife_60mins.csv;nsga2;1;18;1800;1800;4.83510e+01;100;2;1;1.00000e+00;1.00000e+00;8.40000e-01;9.36894e-01;1.00000e+00;Pipeline { filter(avg_Y < 418000.0000) };9.32390e-01;1.00000e+00;Pipeline { filter(avg_Y < 328000.0000) };9.35440e-01;1.00000e+00;Pipeline { filter(avg_Y < 378000.0000) };9.33308e-01;1.00000e+00;Pipeline { filter(avg_Y < 341000.0000) }
datasets/geolife_60mins.csv;nsga2;1;19;1900;1900;5.06670e+01;100;2;7;1.00000e+00;1.00000e+00;8.30000e-01;9.36894e-01;1.00000e+00;Pipeline { filter(avg_Y < 418000.0000) };9.33116e-01;1.00000e+00;Pipeline { filter(avg_Y < 602000.0000) };9.35629e-01;1.00000e+00;Pipeline { filter(avg_Y < 381000.0000) };9.33752e-01;1.00000e+00;Pipeline { filter(avg_Y < 355000.0000) }
datasets/geolife_60mins.csv;nsga2;1;20;2000;2000;5.30400e+01;100;2;1;1.00000e+00;1.00000e+00;8.60000e-01;9.36894e-01;1.00000e+00;Pipeline { filter(avg_Y < 418000.0000) };9.33306e-01;1.00000e+00;Pipeline { filter(avg_Y < 453000.0000) };9.35870e-01;1.00000e+00;Pipeline { filter(avg_Y < 385000.0000) };9.33941e-01;1.00000e+00;Pipeline { filter(avg_Y < 360000.0000) }
datasets/geolife_60mins.csv;nsga2;1;21;2100;2100;5.54990e+01;100;2;1;1.00000e+00;1.00000e+00;8.40000e-01;9.36894e-01;1.00000e+00;Pipeline { filter(avg_Y < 418000.0000) };9.33545e-01;1.00000e+00;Pipeline { filter(avg_Y < 346000.0000) };9.35991e-01;1.00000e+00;Pipeline { filter(avg_Y < 386000.0000) };9.34253e-01;1.00000e+00;Pipeline { filter(avg_Y < 315000.0000) }
datasets/geolife_60mins.csv;nsga2;1;22;2200;2200;5.80140e+01;100;2;1;1.00000e+00;9.90000e-01;8.30000e-01;9.36894e-01;1.00000e+00;Pipeline { filter(avg_Y < 418000.0000) };9.33773e-01;1.00000e+00;Pipeline { filter(avg_Y < 558000.0000) };9.36025e-01;1.00000e+00;Pipeline { filter(avg_Y < 390000.0000) };9.34493e-01;1.00000e+00;Pipeline { filter(avg_Y < 232000.0000) }
datasets/geolife_60mins.csv;nsga2;1;23;2300;2300;6.04850e+01;100;2;2;1.00000e+00;9.90000e-01;8.30000e-01;9.36894e-01;1.00000e+00;Pipeline { filter(avg_Y < 418000.0000) };9.33924e-01;1.00000e+00;Pipeline { filter(avg_Y < 358000.0000) };9.36067e-01;1.00000e+00;Pipeline { filter(avg_Y < 430000.0000) };9.34616e-01;1.00000e+00;Pipeline { filter(avg_Y < 306000.0000) }
datasets/geolife_60mins.csv;nsga2;1;24;2400;2400;6.30050e+01;100;2;1;1.00000e+00;9.90000e-01;8.30000e-01;9.36894e-01;1.00000e+00;Pipeline { filter(avg_Y < 418000.0000) };9.33978e-01;1.00000e+00;Pipeline { filter(avg_Y < 600000.0000) };9.36067e-01;1.00000e+00;Pipeline { filter(avg_Y < 430000.0000) };9.34633e-01;1.00000e+00;Pipeline { filter(avg_Y < 243000.0000) }
datasets/geolife_60mins.csv;nsga2;1;25;2500;2500;6.54310e+01;100;3;1;1.00000e+00;1.00000e+00;8.20000e-01;9.36894e-01;1.00000e+00;Pipeline { filter(avg_Y < 417000.0000) };9.34320e-01;1.00000e+00;Pipeline { filter(avg_Y < 374000.0000) };9.36646e-01;1.00000e+00;Pipeline { filter(avg_Y < 396000.0000) };9.34733e-01;1.00000e+00;Pipeline { filter(avg_Y < 446000.0000) }
datasets/geolife_60mins.csv;nsga2;1;26;2600;2600;6.78810e+01;100;3;1;1.00000e+00;1.00000e+00;8.10000e-01;9.36894e-01;1.00000e+00;Pipeline { filter(avg_Y < 418000.0000) };9.34329e-01;1.00000e+00;Pipeline { filter(avg_Y < 313000.0000) };9.36672e-01;1.00000e+00;Pipeline { filter(avg_Y < 401000.0000) };9.34859e-01;1.00000e+00;Pipeline { filter(avg_Y < 293000.0000) }
datasets/geolife_60mins.csv;nsga2;1;27;2700;2700;7.03140e+01;100;3;1;1.00000e+00;1.00000e+00;7.50000e-01;9.36894e-01;1.00000e+00;Pipeline { filter(avg_Y < 417000.0000) };9.34562e-01;1.00000e+00;Pipeline { filter(avg_Y < 235000.0000) };9.36705e-01;1.00000e+00;Pipeline { filter(avg_Y < 406000.0000) };9.34874e-01;1.00000e+00;Pipeline { filter(avg_Y < 438000.0000) }
datasets/geolife_60mins.csv;nsga2;1;28;2800;2800;7.28080e+01;100;3;1;1.00000e+00;1.00000e+00;7.40000e-01;9.36894e-01;1.00000e+00;Pipeline { filter(avg_Y < 418000.0000) };9.34616e-01;1.00000e+00;Pipeline { filter(avg_Y < 447000.0000) };9.36739e-01;1.00000e+00;Pipeline { filter(avg_Y < 407000.0000) };9.34891e-01;1.00000e+00;Pipeline { filter(avg_Y < 442000.0000) }
datasets/geolife_60mins.csv;nsga2;1;29;2900;2900;7.54270e+01;100;3;1;1.00000e+00;1.00000e+00;7.40000e-01;9.36894e-01;1.00000e+00;Pipeline { filter(avg_Y < 417000.0000) };9.34632e-01;1.00000e+00;Pipeline { filter(avg_Y < 241000.0000) };9.36739e-01;1.00000e+00;Pipeline { filter(avg_Y < 407000.0000) };9.34910e-01;1.00000e+00;Pipeline { filter(avg_Y < 263000.0000) }
datasets/geolife_60mins.csv;nsga2;1;30;3000;3000;7.78670e+01;100;3;1;1.00000e+00;1.00000e+00;7.40000e-01;9.36894e-01;1.00000e+00;Pipeline { filter(avg_Y < 418000.0000) };9.34632e-01;1.00000e+00;Pipeline { filter(avg_Y < 241000.0000) };9.36739e-01;1.00000e+00;Pipeline { filter(avg_Y < 407000.0000) };9.34910e-01;1.00000e+00;Pipeline { filter(avg_Y < 263000.0000) }
datasets/geolife_60mins.csv;nsga2;1;31;3100;3100;8.01760e+01;100;3;1;1.00000e+00;1.00000e+00;7.40000e-01;9.36894e-01;1.00000e+00;Pipeline { filter(avg_Y < 417000.0000) };9.34632e-01;1.00000e+00;Pipeline { filter(avg_Y < 241000.0000) };9.36739e-01;1.00000e+00;Pipeline { filter(avg_Y < 407000.0000) };9.34910e-01;1.00000e+00;Pipeline { filter(avg_Y < 263000.0000) }
datasets/geolife_60mins.csv;nsga2;1;32;3200;3200;8.24840e+01;100;3;1;1.00000e+00;1.00000e+00;7.40000e-01;9.36894e-01;1.00000e+00;Pipeline { filter(avg_Y < 418000.0000) };9.34632e-01;1.00000e+00;Pipeline { filter(avg_Y < 241000.0000) };9.36739e-01;1.00000e+00;Pipeline { filter(avg_Y < 407000.0000) };9.34910e-01;1.00000e+00;Pipeline { filter(avg_Y < 263000.0000) }
datasets/geolife_60mins.csv;nsga2;1;33;3300;3300;8.46920e+01;100;3;1;1.00000e+00;9.90000e-01;7.30000e-01;9.36894e-01;1.00000e+00;Pipeline { filter(avg_Y < 417000.0000) };9.34632e-01;1.00000e+00;Pipeline { filter(avg_Y < 311000.0000) };9.36739e-01;1.00000e+00;Pipeline { filter(avg_Y < 407000.0000) };9.34935e-01;1.00000e+00;Pipeline { filter(avg_Y < 266000.0000) }
datasets/geolife_60mins.csv;nsga2;1;34;3400;3400;8.72980e+01;100;3;1;1.00000e+00;9.90000e-01;7.30000e-01;9.36894e-01;1.00000e+00;Pipeline { filter(avg_Y < 418000.0000) };9.34636e-01;1.00000e+00;Pipeline { filter(avg_Y < 283000.0000) };9.36739e-01;1.00000e+00;Pipeline { filter(avg_Y < 407000.0000) };9.34945e-01;1.00000e+00;Pipeline { filter(avg_Y < 264000.0000) }
datasets/geolife_60mins.csv;nsga2;1;35;3500;3500;8.97310e+01;100;3;1;1.00000e+00;9.90000e-01;7.30000e-01;9.36894e-01;1.00000e+00;Pipeline { filter(avg_Y < 417000.0000) };9.34662e-01;1.00000e+00;Pipeline { filter(avg_Y < 246000.0000) };9.36739e-01;1.00000e+00;Pipeline { filter(avg_Y < 407000.0000) };9.34945e-01;1.00000e+00;Pipeline { filter(avg_Y < 264000.0000) }
datasets/geolife_60mins.csv;nsga2;1;36;3600;3600;9.19570e+01;100;3;1;1.00000e+00;9.90000e-01;7.30000e-01;9.36894e-01;1.00000e+00;Pipeline { filter(avg_Y < 418000.0000) };9.34662e-01;1.00000e+00;Pipeline { filter(avg_Y < 246000.0000) };9.36739e-01;1.00000e+00;Pipeline { filter(avg_Y < 407000.0000) };9.34945e-01;1.00000e+00;Pipeline { filter(avg_Y < 264000.0000) }
datasets/geolife_60mins.csv;nsga2;1;37;3700;3700;9.42920e+01;100;3;1;1.00000e+00;9.90000e-01;7.30000e-01;9.36894e-01;1.00000e+00;Pipeline { filter(avg_Y < 417000.0000) };9.34662e-01;1.00000e+00;Pipeline { filter(avg_Y < 246000.0000) };9.36739e-01;1.00000e+00;Pipeline { filter(avg_Y < 407000.0000) };9.34945e-01;1.00000e+00;Pipeline { filter(avg_Y < 264000.0000) }
datasets/geolife_60mins.csv;nsga2;1;38;3800;3800;9.67690e+01;100;3;1;1.00000e+00;9.90000e-01;7.10000e-01;9.36894e-01;1.00000e+00;Pipeline { filter(avg_Y < 418000.0000) };9.34714e-01;1.00000e+00;Pipeline { filter(avg_Y < 249000.0000) };9.36739e-01;1.00000e+00;Pipeline { filter(avg_Y < 407000.0000) };9.34946e-01;1.00000e+00;Pipeline { filter(avg_Y < 295000.0000) }
datasets/geolife_60mins.csv;nsga2;1;39;3900;3900;9.93730e+01;100;3;1;1.00000e+00;9.90000e-01;7.10000e-01;9.36894e-01;1.00000e+00;Pipeline { filter(avg_Y < 417000.0000) };9.34716e-01;1.00000e+00;Pipeline { filter(avg_Y < 375000.0000) };9.36739e-01;1.00000e+00;Pipeline { filter(avg_Y < 407000.0000) };9.34953e-01;1.00000e+00;Pipeline { filter(avg_Y < 257000.0000) }
datasets/geolife_60mins.csv;nsga2;1;40;4000;4000;1.01821e+02;100;3;1;1.00000e+00;9.90000e-01;7.10000e-01;9.36894e-01;1.00000e+00;Pipeline { filter(avg_Y < 418000.0000) };9.34716e-01;1.00000e+00;Pipeline { filter(avg_Y < 375000.0000) };9.36739e-01;1.00000e+00;Pipeline { filter(avg_Y < 407000.0000) };9.34953e-01;1.00000e+00;Pipeline { filter(avg_Y < 257000.0000) }
datasets/geolife_60mins.csv;nsga2;1;41;4100;4100;1.04336e+02;100;3;3;1.00000e+00;9.90000e-01;7.10000e-01;9.36894e-01;1.00000e+00;Pipeline { filter(avg_Y < 417000.0000) };9.34716e-01;1.00000e+00;Pipeline { filter(avg_Y < 445000.0000) };9.36739e-01;1.00000e+00;Pipeline { filter(avg_Y < 407000.0000) };9.34953e-01;1.00000e+00;Pipeline { filter(avg_Y < 257000.0000) }
datasets/geolife_60mins.csv;nsga2;1;42;4200;4200;1.06568e+02;100;3;3;1.00000e+00;9.90000e-01;7.10000e-01;9.36894e-01;1.00000e+00;Pipeline { filter(avg_Y < 418000.0000) };9.34716e-01;1.00000e+00;Pipeline { filter(avg_Y < 443000.0000) };9.36739e-01;1.00000e+00;Pipeline { filter(avg_Y < 407000.0000) };9.34953e-01;1.00000e+00;Pipeline { filter(avg_Y < 257000.0000) }
datasets/geolife_60mins.csv;nsga2;1;43;4300;4300;1.08931e+02;100;3;3;1.00000e+00;9.90000e-01;7.10000e-01;9.36894e-01;1.00000e+00;Pipeline { filter(avg_Y < 417000.0000) };9.34716e-01;1.00000e+00;Pipeline { filter(avg_Y < 445000.0000) };9.36739e-01;1.00000e+00;Pipeline { filter(avg_Y < 407000.0000) };9.34953e-01;1.00000e+00;Pipeline { filter(avg_Y < 257000.0000) }
datasets/geolife_60mins.csv;nsga2;1;44;4400;4400;1.11351e+02;100;3;2;1.00000e+00;9.90000e-01;7.10000e-01;9.36894e-01;1.00000e+00;Pipeline { filter(avg_Y < 418000.0000) };9.34716e-01;1.00000e+00;Pipeline { filter(avg_Y < 445000.0000) };9.36739e-01;1.00000e+00;Pipeline { filter(avg_Y < 407000.0000) };9.34953e-01;1.00000e+00;Pipeline { filter(avg_Y < 257000.0000) }
datasets/geolife_60mins.csv;nsga2;1;45;4500;4500;1.13781e+02;100;3;1;1.00000e+00;9.80000e-01;7.10000e-01;9.36894e-01;1.00000e+00;Pipeline { filter(avg_Y < 417000.0000) };9.34733e-01;1.00000e+00;Pipeline { filter(avg_Y < 446000.0000) };9.36739e-01;1.00000e+00;Pipeline { filter(avg_Y < 407000.0000) };9.34962e-01;1.00000e+00;Pipeline { filter(avg_Y < 265000.0000) }
datasets/geolife_60mins.csv;nsga2;1;46;4600;4600;1.16131e+02;100;3;1;1.00000e+00;9.70000e-01;7.00000e-01;9.36894e-01;1.00000e+00;Pipeline { filter(avg_Y < 418000.0000) };9.34738e-01;1.00000e+00;Pipeline { filter(avg_Y < 287000.0000) };9.36739e-01;1.00000e+00;Pipeline { filter(avg_Y < 407000.0000) };9.34963e-01;1.00000e+00;Pipeline { filter(avg_Y < 297000.0000) }
datasets/geolife_60mins.csv;nsga2;1;47;4700;4700;1.18648e+02;100;3;1;1.00000e+00;9.70000e-01;7.00000e-01;9.36894e-01;1.00000e+00;Pipeline { filter(avg_Y < 417000.0000) };9.34738e-01;1.00000e+00;Pipeline { filter(avg_Y < 287000.0000) };9.36739e-01;1.00000e+00;Pipeline { filter(avg_Y < 407000.0000) };9.34963e-01;1.00000e+00;Pipeline { filter(avg_Y < 297000.0000) }
datasets/geolife_60mins.csv;nsga2;1;48;4800;4800;1.21097e+02;100;3;1;1.00000e+00;9.70000e-01;7.00000e-01;9.36894e-01;1.00000e+00;Pipeline { filter(avg_Y < 418000.0000) };9.34738e-01;1.00000e+00;Pipeline { filter(avg_Y < 287000.0000) };9.36739e-01;1.00000e+00;Pipeline { filter(avg_Y < 407000.0000) };9.34963e-01;1.00000e+00;Pipeline { filter(avg_Y < 297000.0000) }
datasets/geolife_60mins.csv;nsga2;1;49;4900;4900;1.23629e+02;100;3;1;1.00000e+00;9.70000e-01;7.00000e-01;9.36894e-01;1.00000e+00;Pipeline { filter(avg_Y < 417000.0000) };9.34738e-01;1.00000e+00;Pipeline { filter(avg_Y < 287000.0000) };9.36739e-01;1.00000e+00;Pipeline { filter(avg_Y < 407000.0000) };9.34963e-01;1.00000e+00;Pipeline { filter(avg_Y < 297000.0000) }
datasets/geolife_60mins.csv;nsga2;1;50;5000;5000;1.26215e+02;100;3;1;1.00000e+00;9.60000e-01;6.90000e-01;9.36894e-01;1.00000e+00;Pipeline { filter(avg_Y < 418000.0000) };9.34783e-01;1.00000e+00;Pipeline { filter(avg_Y < 250000.0000) };9.36739e-01;1.00000e+00;Pipeline { filter(avg_Y < 408000.0000) };9.34963e-01;1.00000e+00;Pipeline { filter(avg_Y < 296000.0000) }
datasets/geolife_60mins.csv;nsga2;2;1;100;100;2.09000e+00;100;4;67;1.00000e+00;1.00000e+00;1.70000e-01;9.26629e-01;1.00000e+00;Pipeline { filter(avg_X > 0.0292) };8.77327e-01;1.00000e+00;Pipeline { filter(avg_Y > 55.5000) };1.93200e-02;0.00000e+00;Pipeline { filter(avg_Y < 0.0001) | filter(avg_Y < 0.0000) | filter(avg_X < 0.0000) | filter(avg_X < 757.0000) | filter(avg_Y < 0.0000) };0.00000e+00;0.00000e+00;Pipeline { filter(avg_X > 0.0000) | filter(avg_Y < 712.0000) | filter(avg_X > 0.0000) | filter(avg_Y > 0.7120) | filter(avg_X < 0.0000) | filter(avg_Y < 0.7200) | filter(avg_Y > 0.0000) }
datasets/geolife_60mins.csv;nsga2;2;2;200;200;4.40900e+00;100;1;14;1.00000e+00;9.90000e-01;3.20000e-01;9.31462e-01;1.00000e+00;Pipeline { filter(avg_Y < 624000.0000) };8.76876e-01;1.00000e+00;Pipeline { filter(avg_Y > 5460.0000) };8.77344e-01;1.00000e+00;Pipeline { filter(avg_Y > 0.7310) };9.25583e-01;1.00000e+00;Pipeline { filter(avg_Y < 1010000.0000) }
datasets/geolife_60mins.csv;nsga2;2;3;300;300;6.81800e+00;100;1;13;1.00000e+00;1.00000e+00;2.30000e-01;9.31462e-01;1.00000e+00;Pipeline { filter(avg_Y < 624000.0000) };8.76876e-01;1.00000e+00;Pipeline { filter(avg_Y > 5460.0000) };9.26629e-01;1.00000e+00;Pipeline { filter(avg_X > 0.1680) };8.77344e-01;1.00000e+00;Pipeline { filter(avg_Y > 4.1700) }
datasets/geolife_60mins.csv;nsga2;2;4;400;400;9.48200e+00;100;1;1;1.00000e+00;1.00000e+00;8.00000e-02;9.31462e-01;1.00000e+00;Pipeline { filter(avg_Y < 624000.0000) };8.86740e-01;1.00000e+00;Pipeline { filter(avg_Y > 0.0000) | filter(avg_X > 201000.0000) | filter(avg_X > 0.0002) };9.26629e-01;1.00000e+00;Pipeline { filter(avg_X > 0.5010) };9.18608e-01;1.00000e+00;Pipeline { filter(avg_Y < 48800000.0000) }
datasets/geolife_60mins.csv;nsga2;2;5;500;500;1.19280e+01;100;1;4;1.00000e+00;1.00000e+00;9.00000e-02;9.31462e-01;1.00000e+00;Pipeline { filter(avg_Y < 624000.0000) };9.18608e-01;1.00000e+00;Pipeline { filter(avg_Y < 57900000.0000) };9.26629e-01;1.00000e+00;Pipeline { filter(avg_X > 68.8000) };9.26629e-01;1.00000e+00;Pipeline { filter(avg_X > 0.4960) | filter(avg_X > 325.0000) }
datasets/geolife_60mins.csv;nsga2;2;6;600;600;1.45670e+01;100;2;98;1.00000e+00;9.90000e-01;2.00000e-02;9.31462e-01;1.00000e+00;Pipeline { filter(avg_Y < 624000.0000) };9.26629e-01;1.00000e+00;Pipeline { filter(avg_X > 856.0000) };9.26629e-01;1.00000e+00;Pipeline { filter(avg_X > 0.0000) };9.26629e-01;1.00000e+00;Pipeline { filter(avg_X > 0.4000) }
datasets/geolife_60mins.csv;nsga2;2;7;700;700;1.74420e+01;100;2;97;1.00000e+00;1.00000e+00;3.00000e-02;9.31462e-01;1.00000e+00;Pipeline { filter(avg_Y < 624000.0000) };9.26629e-01;1.00000e+00;Pipeline { filter(avg_X > 0.0000) };9.26629e-01;1.00000e+00;Pipeline { filter(avg_X > 0.0000) };9.26629e-01;1.00000e+00;Pipeline { filter(avg_X > 0.0581) }
datasets/geolife_60mins.csv;nsga2;2;8;800;800;2.01610e+01;100;1;96;1.00000e+00;1.00000e+00;4.00000e-02;9.31496e-01;1.00000e+00;Pipeline { filter(avg_Y < 654000.0000) };9.26629e-01;1.00000e+00;Pipeline { filter(avg_X > 8.8600) };9.26629e-01;1.00000e+00;Pipeline { filter(avg_X > 987.0000) };9.26629e-01;1.00000e+00;Pipeline { filter(avg_X > 3.1200) }
datasets/geolife_60mins.csv;nsga2;2;9;900;900;2.30330e+01;100;1;95;1.00000e+00;9.90000e-01;5.00000e-02;9.31496e-01;1.00000e+00;Pipeline { filter(avg_Y < 654000.0000) };9.26629e-01;1.00000e+00;Pipeline { filter(avg_X > 0.0766) };9.26629e-01;1.00000e+00;Pipeline { filter(avg_X > 73.4000) };9.26629e-01;1.00000e+00;Pipeline { filter(avg_X > 6.2400) }
datasets/geolife_60mins.csv;nsga2;2;10;1000;1000;2.58040e+01;100;1;92;1.00000e+00;9.80000e-01;8.00000e-02;9.34980e-01;1.00000e+00;Pipeline { filter(avg_Y < 299000.0000) };9.26629e-01;1.00000e+00;Pipeline { filter(avg_X > 998.0000) };9.26629e-01;1.00000e+00;Pipeline { filter(avg_X > 87.6000) };9.26629e-01;1.00000e+00;Pipeline { filter(avg_X > 2.1000) }
datasets/geolife_60mins.csv;nsga2;2;11;1100;1100;2.83090e+01;100;1;89;1.00000e+00;1.00000e+00;1.10000e-01;9.34980e-01;1.00000e+00;Pipeline { filter(avg_Y < 299000.0000) };9.26629e-01;1.00000e+00;Pipeline { filter(avg_X > 0.0020) };9.26629e-01;1.00000e+00;Pipeline { filter(avg_X > 590.0000) };9.26629e-01;1.00000e+00;Pipeline { filter(avg_X > 0.0059) }
datasets/geolife_60mins.csv;nsga2;2;12;1200;1200;3.10150e+01;100;1;86;1.00000e+00;1.00000e+00;1.20000e-01;9.34980e-01;1.00000e+00;Pipeline { filter(avg_Y < 299000.0000) };9.26629e-01;1.00000e+00;Pipeline { filter(avg_X > 9.1100) };9.26629e-01;1.00000e+00;Pipeline { filter(avg_X > 4.8700) };9.26629e-01;1.00000e+00;Pipeline { filter(avg_X > 7.6300) }
datasets/geolife_60mins.csv;nsga2;2;13;1300;1300;3.38510e+01;100;1;78;1.00000e+00;9.90000e-01;2.00000e-01;9.34980e-01;1.00000e+00;Pipeline { filter(avg_Y < 299000.0000) };9.26629e-01;1.00000e+00;Pipeline { filter(avg_X > 195.0000) };9.26629e-01;1.00000e+00;Pipeline { filter(avg_X > 8.0600) };9.26629e-01;1.00000e+00;Pipeline { filter(avg_X > 0.0007) }
datasets/geolife_60mins.csv;nsga2;2;14;1400;1400;3.63730e+01;100;1;68;1.00000e+00;9.90000e-01;2.80000e-01;9.36774e-01;1.00000e+00;Pipeline { filter(avg_Y < 420000.0000) };9.26629e-01;1.00000e+00;Pipeline { filter(avg_X > 0.0000) };9.30645e-01;1.00000e+00;Pipeline { filter(avg_Y < 189000.0000) };9.26629e-01;1.00000e+00;Pipeline { filter(avg_X > 2.8700) }
datasets/geolife_60mins.csv;nsga2;2;15;1500;1500;3.89830e+01;100;1;52;1.00000e+00;1.00000e+00;3.70000e-01;9.36774e-01;1.00000e+00;Pipeline { filter(avg_Y < 420000.0000) };9.26629e-01;1.00000e+00;Pipeline { filter(avg_X > 0.0000) };9.31973e-01;1.00000e+00;Pipeline { filter(avg_Y < 216000.0000) };9.26629e-01;1.00000e+00;Pipeline { filter(avg_X > 0.0023) }
datasets/geolife_60mins.csv;nsga2;2;16;1600;1600;4.13470e+01;100;1;36;1.00000e+00;9.90000e-01;4.90000e-01;9.36860e-01;1.00000e+00;Pipeline { filter(avg_Y < 414000.0000) };9.26629e-01;1.00000e+00;Pipeline { filter(avg_X > 195.0000) };9.33735e-01;1.00000e+00;Pipeline { filter(avg_Y < 354000.0000) };9.26629e-01;1.00000e+00;Pipeline { filter(avg_X > 2.2300) }
datasets/geolife_60mins.csv;nsga2;2;17;1700;1700;4.39170e+01;100;1;15;1.00000e+00;1.00000e+00;6.60000e-01;9.36860e-01;1.00000e+00;Pipeline { filter(avg_Y < 414000.0000) };9.26629e-01;1.00000e+00;Pipeline { filter(avg_X > 800.0000) };9.34302e-01;1.00000e+00;Pipeline { filter(avg_Y < 226000.0000) };9.30080e-01;1.00000e+00;Pipeline { filter(avg_Y < 526000.0000) }
datasets/geolife_60mins.csv;nsga2;2;18;1800;1800;4.63300e+01;100;2;1;1.00000e+00;1.00000e+00;7.80000e-01;9.36860e-01;1.00000e+00;Pipeline { filter(avg_Y < 414000.0000) };9.27852e-01;1.00000e+00;Pipeline { filter(avg_Y < 674000.0000) };9.34697e-01;1.00000e+00;Pipeline { filter(avg_Y < 248000.0000) };9.31053e-01;1.00000e+00;Pipeline { filter(avg_Y < 205000.0000) }
datasets/geolife_60mins.csv;nsga2;2;19;1900;1900;4.85930e+01;100;2;1;1.00000e+00;1.00000e+00;7.90000e-01;9.36860e-01;1.00000e+00;Pipeline { filter(avg_Y < 414000.0000) };9.30428e-01;1.00000e+00;Pipeline { filter(avg_Y < 187000.0000) };9.34859e-01;1.00000e+00;Pipeline { filter(avg_Y < 291000.0000) };9.32338e-01;1.00000e+00;Pipeline { filter(avg_Y < 219000.0000) }
datasets/geolife_60mins.csv;nsga2;2;20;2000;2000;5.08960e+01;100;2;1;1.00000e+00;1.00000e+00;7.70000e-01;9.36860e-01;1.00000e+00;Pipeline { filter(avg_Y < 414000.0000) };9.31394e-01;1.00000e+00;Pipeline { filter(avg_Y < 620000.0000) };9.34907e-01;1.00000e+00;Pipeline { filter(avg_Y < 254000.0000) };9.33082e-01;1.00000e+00;Pipeline { filter(avg_Y < 595000.0000) }
datasets/geolife_60mins.csv;nsga2;2;21;2100;2100;5.33230e+01;100;2;4;1.00000e+00;1.00000e+00;8.00000e-01;9.36860e-01;1.00000e+00;Pipeline { filter(avg_Y < 414000.0000) };9.31496e-01;1.00000e+00;Pipeline { filter(avg_Y < 647000.0000) };9.34946e-01;1.00000e+00;Pipeline { filter(avg_Y < 294000.0000) };9.33365e-01;1.00000e+00;Pipeline { filter(avg_Y < 223000.0000) }
datasets/geolife_60mins.csv;nsga2;2;22;2200;2200;5.60810e+01;100;2;1;1.00000e+00;1.00000e+00;7.70000e-01;9.36860e-01;1.00000e+00;Pipeline { filter(avg_Y < 414000.0000) };9.32799e-01;1.00000e+00;Pipeline { filter(avg_Y < 332000.0000) };9.34962e-01;1.00000e+00;Pipeline { filter(avg_Y < 265000.0000) };9.33756e-01;1.00000e+00;Pipeline { filter(avg_Y < 557000.0000) }
datasets/geolife_60mins.csv;nsga2;2;23;2300;2300;5.86080e+01;100;2;1;1.00000e+00;1.00000e+00;8.00000e-01;9.36860e-01;1.00000e+00;Pipeline { filter(avg_Y < 414000.0000) };9.33243e-01;1.00000e+00;Pipeline { filter(avg_Y < 324000.0000) };9.34963e-01;1.00000e+00;Pipeline { filter(avg_Y < 297000.0000) };9.33924e-01;1.00000e+00;Pipeline { filter(avg_Y < 359000.0000) }
datasets/geolife_60mins.csv;nsga2;2;24;2400;2400;6.08200e+01;100;2;1;1.00000e+00;1.00000e+00;7.70000e-01;9.36894e-01;1.00000e+00;Pipeline { filter(avg_Y < 418000.0000) };9.33619e-01;1.00000e+00;Pipeline { filter(avg_Y < 556000.0000) };9.35562e-01;1.00000e+00;Pipeline { filter(avg_Y < 435000.0000) };9.34445e-01;1.00000e+00;Pipeline { filter(avg_Y < 275000.0000) }
datasets/geolife_60mins.csv;nsga2;2;25;2500;2500;6.31380e+01;100;3;1;1.00000e+00;1.00000e+00;7.50000e-01;9.36894e-01;1.00000e+00;Pipeline { filter(avg_Y < 417000.0000) };9.33816e-01;1.00000e+00;Pipeline { filter(avg_Y < 224000.0000) };9.35562e-01;1.00000e+00;Pipeline { filter(avg_Y < 435000.0000) };9.34549e-01;1.00000e+00;Pipeline { filter(avg_Y < 278000.0000) }
datasets/geolife_60mins.csv;nsga2;2;26;2600;2600;6.55000e+01;100;3;1;1.00000e+00;1.00000e+00;7.50000e-01;9.36894e-01;1.00000e+00;Pipeline { filter(avg_Y < 418000.0000) };9.33824e-01;1.00000e+00;Pipeline { filter(avg_Y < 567000.0000) };9.35562e-01;1.00000e+00;Pipeline { filter(avg_Y < 435000.0000) };9.34594e-01;1.00000e+00;Pipeline { filter(avg_Y < 240000.0000) }
datasets/geolife_60mins.csv;nsga2;2;27;2700;2700;6.77270e+01;100;3;1;1.00000e+00;1.00000e+00;7.40000e-01;9.36894e-01;1.00000e+00;Pipeline { filter(avg_Y < 417000.0000) };9.33941e-01;1.00000e+00;Pipeline { filter(avg_Y < 360000.0000) };9.35784e-01;1.00000e+00;Pipeline { filter(avg_Y < 384000.0000) };9.34636e-01;1.00000e+00;Pipeline { filter(avg_Y < 283000.0000) }
datasets/geolife_60mins.csv;nsga2;2;28;2800;2800;7.00300e+01;100;3;1;1.00000e+00;9.90000e-01;7.10000e-01;9.36894e-01;1.00000e+00;Pipeline { filter(avg_Y < 418000.0000) };9.34302e-01;1.00000e+00;Pipeline { filter(avg_Y < 226000.0000) };9.35991e-01;1.00000e+00;Pipeline { filter(avg_Y < 387000.0000) };9.34653e-01;1.00000e+00;Pipeline { filter(avg_Y < 285000.0000) }
datasets/geolife_60mins.csv;nsga2;2;29;2900;2900;7.25600e+01;100;3;1;1.00000e+00;9.90000e-01;6.90000e-01;9.36894e-01;1.00000e+00;Pipeline { filter(avg_Y < 417000.0000) };9.34546e-01;1.00000e+00;Pipeline { filter(avg_Y < 309000.0000) };9.36232e-01;1.00000e+00;Pipeline { filter(avg_Y < 394000.0000) };9.34733e-01;1.00000e+00;Pipeline { filter(avg_Y < 446000.0000) }
datasets/geolife_60mins.csv;nsga2;2;30;3000;3000;7.49650e+01;100;3;1;1.00000e+00;9.90000e-01;7.00000e-01;9.36894e-01;1.00000e+00;Pipeline { filter(avg_Y < 418000.0000) };9.34567e-01;1.00000e+00;Pipeline { filter(avg_Y < 281000.0000) };9.36552e-01;1.00000e+00;Pipeline { filter(avg_Y < 428000.0000) };9.34825e-01;1.00000e+00;Pipeline { filter(avg_Y < 289000.0000) }
datasets/geolife_60mins.csv;nsga2;2;31;3100;3100;7.71530e+01;100;3;2;1.00000e+00;1.00000e+00;7.00000e-01;9.36894e-01;1.00000e+00;Pipeline { filter(avg_Y < 417000.0000) };9.34632e-01;1.00000e+00;Pipeline { filter(avg_Y < 241000.0000) };9.36552e-01;1.00000e+00;Pipeline { filter(avg_Y < 428000.0000) };9.34859e-01;1.00000e+00;Pipeline { filter(avg_Y < 292000.0000) }
datasets/geolife_60mins.csv;nsga2;2;32;3200;3200;7.97310e+01;100;3;1;1.00000e+00;1.00000e+00;7.00000e-01;9.36894e-01;1.00000e+00;Pipeline { filter(avg_Y < 418000.0000) };9.34632e-01;1.00000e+00;Pipeline { filter(avg_Y < 237000.0000) };9.36568e-01;1.00000e+00;Pipeline { filter(avg_Y < 400000.0000) };9.34870e-01;1.00000e+00;Pipeline { filter(avg_Y < 253000.0000) }
datasets/geolife_60mins.csv;nsga2;2;33;3300;3300;8.22880e+01;100;3;1;1.00000e+00;1.00000e+00;7.00000e-01;9.36894e-01;1.00000e+00;Pipeline { filter(avg_Y < 417000.0000) };9.34636e-01;1.00000e+00;Pipeline { filter(avg_Y < 283000.0000) };9.36568e-01;1.00000e+00;Pipeline { filter(avg_Y < 400000.0000) };9.34870e-01;1.00000e+00;Pipeline { filter(avg_Y < 252000.0000) }
datasets/geolife_60mins.csv;nsga2;2;34;3400;3400;8.45530e+01;100;3;1;1.00000e+00;1.00000e+00;7.00000e-01;9.36894e-01;1.00000e+00;Pipeline { filter(avg_Y < 418000.0000) };9.34661e-01;1.00000e+00;Pipeline { filter(avg_Y < 244000.0000) };9.36687e-01;1.00000e+00;Pipeline { filter(avg_Y < 404000.0000) };9.34874e-01;1.00000e+00;Pipeline { filter(avg_Y < 439000.0000) }
datasets/geolife_60mins.csv;nsga2;2;35;3500;3500;8.69270e+01;100;3;1;1.00000e+00;9.90000e-01;7.00000e-01;9.36894e-01;1.00000e+00;Pipeline { filter(avg_Y < 417000.0000) };9.34679e-01;1.00000e+00;Pipeline { filter(avg_Y < 245000.0000) };9.36697e-01;1.00000e+00;Pipeline { filter(avg_Y < 397000.0000) };9.34891e-01;1.00000e+00;Pipeline { filter(avg_Y < 440000.0000) }
datasets/geolife_60mins.csv;nsga2;2;36;3600;3600;8.93960e+01;100;3;1;1.00000e+00;9.90000e-01;7.00000e-01;9.36894e-01;1.00000e+00;Pipeline { filter(avg_Y < 418000.0000) };9.34697e-01;1.00000e+00;Pipeline { filter(avg_Y < 248000.0000) };9.36697e-01;1.00000e+00;Pipeline { filter(avg_Y < 397000.0000) };9.34907e-01;1.00000e+00;Pipeline { filter(avg_Y < 254000.0000) }
datasets/geolife_60mins.csv;nsga2;2;37;3700;3700;9.16500e+01;100;3;1;1.00000e+00;9.90000e-01;7.00000e-01;9.36894e-01;1.00000e+00;Pipeline { filter(avg_Y < 417000.0000) };9.34702e-01;1.00000e+00;Pipeline { filter(avg_Y < 307000.0000) };9.36697e-01;1.00000e+00;Pipeline { filter(avg_Y < 397000.0000) };9.34910e-01;1.00000e+00;Pipeline { filter(avg_Y < 263000.0000) }
datasets/geolife_60mins.csv;nsga2;2;38;3800;3800;9.40270e+01;100;3;1;1.00000e+00;9.90000e-01;7.00000e-01;9.36894e-01;1.00000e+00;Pipeline { filter(avg_Y < 418000.0000) };9.34714e-01;1.00000e+00;Pipeline { filter(avg_Y < 249000.0000) };9.36705e-01;1.00000e+00;Pipeline { filter(avg_Y < 406000.0000) };9.34910e-01;1.00000e+00;Pipeline { filter(avg_Y < 262000.0000) }
datasets/geolife_60mins.csv;nsga2;2;39;3900;3900;9.65870e+01;100;3;1;1.00000e+00;9.90000e-01;7.00000e-01;9.36894e-01;1.00000e+00;Pipeline { filter(avg_Y < 417000.0000) };9.34714e-01;1.00000e+00;Pipeline { filter(avg_Y < 249000.0000) };9.36705e-01;1.00000e+00;Pipeline { filter(avg_Y < 406000.0000) };9.34910e-01;1.00000e+00;Pipeline { filter(avg_Y < 262000.0000) }
datasets/geolife_60mins.csv;nsga2;2;40;4000;4000;9.89900e+01;100;3;2;1.00000e+00;9.90000e-01;7.00000e-01;9.36894e-01;1.00000e+00;Pipeline { filter(avg_Y < 418000.0000) };9.34716e-01;1.00000e+00;Pipeline { filter(avg_Y < 443000.0000) };9.36705e-01;1.00000e+00;Pipeline { filter(avg_Y < 406000.0000) };9.34924e-01;1.00000e+00;Pipeline { filter(avg_Y < 255000.0000) }
datasets/geolife_60mins.csv;nsga2;2;41;4100;4100;1.01341e+02;100;3;2;1.00000e+00;9.90000e-01;7.00000e-01;9.36894e-01;1.00000e+00;Pipeline { filter(avg_Y < 417000.0000) };9.34716e-01;1.00000e+00;Pipeline { filter(avg_Y < 443000.0000) };9.36705e-01;1.00000e+00;Pipeline { filter(avg_Y < 406000.0000) };9.34924e-01;1.00000e+00;Pipeline { filter(avg_Y < 255000.0000) }
datasets/geolife_60mins.csv;nsga2;2;42;4200;4200;1.03748e+02;100;3;1;1.00000e+00;9.90000e-01;7.10000e-01;9.36894e-01;1.00000e+00;Pipeline { filter(avg_Y < 418000.0000) };9.34738e-01;1.00000e+00;Pipeline { filter(avg_Y < 287000.0000) };9.36739e-01;1.00000e+00;Pipeline { filter(avg_Y < 408000.0000) };9.34941e-01;1.00000e+00;Pipeline { filter(avg_Y < 256000.0000) }
datasets/geolife_60mins.csv;nsga2;2;43;4300;4300;1.06355e+02;100;3;1;1.00000e+00;9.80000e-01;7.00000e-01;9.36894e-01;1.00000e+00;Pipeline { filter(avg_Y < 417000.0000) };9.34783e-01;1.00000e+00;Pipeline { filter(avg_Y < 250000.0000) };9.36739e-01;1.00000e+00;Pipeline { filter(avg_Y < 408000.0000) };9.34945e-01;1.00000e+00;Pipeline { filter(avg_Y < 264000.0000) }
datasets/geolife_60mins.csv;nsga2;2;44;4400;4400;1.08877e+02;100;3;1;1.00000e+00;9.80000e-01;7.00000e-01;9.36894e-01;1.00000e+00;Pipeline { filter(avg_Y < 418000.0000) };9.34790e-01;1.00000e+00;Pipeline { filter(avg_Y < 288000.0000) };9.36739e-01;1.00000e+00;Pipeline { filter(avg_Y < 408000.0000) };9.34946e-01;1.00000e+00;Pipeline { filter(avg_Y < 294000.0000) }
datasets/geolife_60mins.csv;nsga2;2;45;4500;4500;1.11554e+02;100;3;1;1.00000e+00;9.80000e-01;7.00000e-01;9.36894e-01;1.00000e+00;Pipeline { filter(avg_Y < 417000.0000) };9.34790e-01;1.00000e+00;Pipeline { filter(avg_Y < 288000.0000) };9.36739e-01;1.00000e+00;Pipeline { filter(avg_Y < 408000.0000) };9.34946e-01;1.00000e+00;Pipeline { filter(avg_Y < 294000.0000) }
datasets/geolife_60mins.csv;nsga2;2;46;4600;4600;1.13974e+02;100;3;1;1.00000e+00;9.80000e-01;7.00000e-01;9.36894e-01;1.00000e+00;Pipeline { filter(avg_Y < 418000.0000) };9.34790e-01;1.00000e+00;Pipeline { filter(avg_Y < 288000.0000) };9.36739e-01;1.00000e+00;Pipeline { filter(avg_Y < 408000.0000) };9.34946e-01;1.00000e+00;Pipeline { filter(avg_Y < 294000.0000) }
datasets/geolife_60mins.csv;nsga2;2;47;4700;4700;1.16386e+02;100;3;1;1.00000e+00;9.80000e-01;7.00000e-01;9.36894e-01;1.00000e+00;Pipeline { filter(avg_Y < 417000.0000) };9.34818e-01;1.00000e+00;Pipeline { filter(avg_Y < 251000.0000) };9.36739e-01;1.00000e+00;Pipeline { filter(avg_Y < 408000.0000) };9.34946e-01;1.00000e+00;Pipeline { filter(avg_Y < 295000.0000) }
datasets/geolife_60mins.csv;nsga2;2;48;4800;4800;1.18675e+02;100;3;1;1.00000e+00;9.80000e-01;7.00000e-01;9.36894e-01;1.00000e+00;Pipeline { filter(avg_Y < 418000.0000) };9.34818e-01;1.00000e+00;Pipeline { filter(avg_Y < 251000.0000) };9.36739e-01;1.00000e+00;Pipeline { filter(avg_Y < 408000.0000) };9.34946e-01;1.00000e+00;Pipeline { filter(avg_Y < 295000.0000) }
datasets/geolife_60mins.csv;nsga2;2;49;4900;4900;1.21198e+02;100;3;1;1.00000e+00;9.80000e-01;6.90000e-01;9.36894e-01;1.00000e+00;Pipeline { filter(avg_Y < 417000.0000) };9.34825e-01;1.00000e+00;Pipeline { filter(avg_Y < 289000.0000) };9.36739e-01;1.00000e+00;Pipeline { filter(avg_Y < 408000.0000) };9.34953e-01;1.00000e+00;Pipeline { filter(avg_Y < 257000.0000) }
datasets/geolife_60mins.csv;nsga2;2;50;5000;5000;1.23565e+02;100;3;1;1.00000e+00;9.80000e-01;6.90000e-01;9.36894e-01;1.00000e+00;Pipeline { filter(avg_Y < 418000.0000) };9.34825e-01;1.00000e+00;Pipeline { filter(avg_Y < 289000.0000) };9.36739e-01;1.00000e+00;Pipeline { filter(avg_Y < 408000.0000) };9.34953e-01;1.00000e+00;Pipeline { filter(avg_Y < 257000.0000) }
datasets/geolife_60mins.csv;nsga2;3;1;100;100;2.85700e+00;100;5;67;1.00000e+00;1.00000e+00;1.80000e-01;9.26629e-01;1.00000e+00;Pipeline { filter(avg_X > 0.0000) };8.77344e-01;1.00000e+00;Pipeline { filter(avg_Y > 0.0026) };2.06370e-02;0.00000e+00;Pipeline { filter(avg_Y < 4.7600) | filter(avg_X < 42600.0000) };0.00000e+00;0.00000e+00;Pipeline { filter(avg_X > 220.0000) | filter(avg_X < 0.0000) | filter(avg_X < 0.7550) | filter(avg_X < 58300.0000) }
datasets/geolife_60mins.csv;nsga2;3;2;200;200;5.28500e+00;100;10;19;1.00000e+00;9.90000e-01;2.20000e-01;9.26629e-01;1.00000e+00;Pipeline { filter(avg_X > 0.0000) | filter(avg_Y < 6000000.0000) };8.77344e-01;1.00000e+00;Pipeline { filter(avg_Y > 0.0000) };8.77344e-01;1.00000e+00;Pipeline { filter(avg_Y > 0.0001) };9.26629e-01;1.00000e+00;Pipeline { filter(avg_X > 0.0000) | filter(avg_X > 43.0000) }
datasets/geolife_60mins.csv;nsga2;3;3;300;300;7.51200e+00;100;1;18;1.00000e+00;1.00000e+00;2.10000e-01;9.34458e-01;1.00000e+00;Pipeline { filter(avg_Y < 230000.0000) | filter(avg_Y < 5020000.0000) | filter(avg_Y < 9100000000.0000) };8.77119e-01;1.00000e+00;Pipeline { filter(avg_Y > 2810.0000) };9.26629e-01;1.00000e+00;Pipeline { filter(avg_X > 0.0000) | filter(avg_Y < 6000000.0000) };8.77344e-01;1.00000e+00;Pipeline { filter(avg_Y > 0.0000) }
datasets/geolife_60mins.csv;nsga2;3;4;400;400;1.00940e+01;100;3;13;1.00000e+00;9.90000e-01;1.70000e-01;9.34458e-01;1.00000e+00;Pipeline { filter(avg_Y < 230000.0000) | filter(avg_Y < 5020000.0000) | filter(avg_Y < 9100000.0000) };8.77344e-01;1.00000e+00;Pipeline { filter(avg_Y > 0.0000) };9.26629e-01;1.00000e+00;Pipeline { filter(avg_X > 9.4500) };8.85581e-01;1.00000e+00;Pipeline { filter(avg_Y > 0.0000) | filter(avg_X > 0.0053) }
datasets/geolife_60mins.csv;nsga2;3;5;500;500;1.26350e+01;100;1;90;1.00000e+00;9.80000e-01;5.00000e-02;9.34567e-01;1.00000e+00;Pipeline { filter(avg_Y < 280000.0000) | filter(avg_Y < 5020000.0000) | filter(avg_Y < 8100000000.0000) };9.26629e-01;1.00000e+00;Pipeline { filter(avg_X > 0.0000) };9.26629e-01;1.00000e+00;Pipeline { filter(avg_X > 0.0000) };9.26629e-01;1.00000e+00;Pipeline { filter(avg_X > 427.0000) }
datasets/geolife_60mins.csv;nsga2;3;6;600;600;1.53070e+01;100;2;82;1.00000e+00;9.90000e-01;8.00000e-02;9.34567e-01;1.00000e+00;Pipeline { filter(avg_Y < 280000.0000) | filter(avg_Y < 5020000.0000) | filter(avg_Y < 8100000000.0000) };9.26629e-01;1.00000e+00;Pipeline { filter(avg_X > 9.5800) };9.26629e-01;1.00000e+00;Pipeline { filter(avg_X > 0.0123) };9.26629e-01;1.00000e+00;Pipeline { filter(avg_X > 0.0000) }
datasets/geolife_60mins.csv;nsga2;3;7;700;700;1.79060e+01;100;3;73;1.00000e+00;1.00000e+00;9.00000e-02;9.34567e-01;1.00000e+00;Pipeline { filter(avg_Y < 280000.0000) | filter(avg_Y < 5070000.0000) | filter(avg_Y < 8100000000.0000) };9.26629e-01;1.00000e+00;Pipeline { filter(avg_X > 7.0400) };9.30966e-01;1.00000e+00;Pipeline { filter(avg_Y < 200000.0000) | filter(avg_Y < 5720000.0000) | filter(avg_Y < 9100000.0000) };9.26629e-01;1.00000e+00;Pipeline { filter(avg_X > 0.9480) | filter(avg_X > 0.0004) }
datasets/geolife_60mins.csv;nsga2;3;8;800;800;2.08010e+01;100;2;49;1.00000e+00;9.90000e-01;1.40000e-01;9.34783e-01;1.00000e+00;Pipeline { filter(avg_Y < 250000.0000) | filter(avg_Y < 5050000.0000) | filter(avg_Y < 9100000.0000) };9.26629e-01;1.00000e+00;Pipeline { filter(avg_X > 8.9200) };9.34458e-01;1.00000e+00;Pipeline { filter(avg_Y < 230000.0000) | filter(avg_Y < 3020000.0000) | filter(avg_Y < 9060000000.0000) };9.26629e-01;1.00000e+00;Pipeline { filter(avg_X > 0.0000) }
datasets/geolife_60mins.csv;nsga2;3;9;900;900;2.33690e+01;100;1;17;1.00000e+00;1.00000e+00;1.80000e-01;9.34946e-01;1.00000e+00;Pipeline { filter(avg_Y < 295000.0000) | filter(avg_Y < 5050000.0000) | filter(avg_Y < 579000.0000) };9.26629e-01;1.00000e+00;Pipeline { filter(avg_X > 456.0000) };9.34458e-01;1.00000e+00;Pipeline { filter(avg_Y < 230000.0000) | filter(avg_Y < 5020000.0000) | filter(avg_Y < 8500000000.0000) };9.31296e-01;1.00000e+00;Pipeline { filter(avg_Y < 210000.0000) | filter(avg_Y < 5050000.0000) | filter(avg_Y < 5790000000.0000) }
datasets/geolife_60mins.csv;nsga2;3;10;1000;1000;2.59350e+01;100;1;1;1.00000e+00;1.00000e+00;1.60000e-01;9.36067e-01;1.00000e+00;Pipeline { filter(avg_Y < 430000.0000) | filter(avg_Y < 5020000.0000) | filter(avg_Y < 8190000000.0000) };9.32390e-01;1.00000e+00;Pipeline { filter(avg_Y < 220000.0000) | filter(avg_Y < 5080000.0000) | filter(avg_Y < 8100000000.0000) };9.34567e-01;1.00000e+00;Pipeline { filter(avg_Y < 280000.0000) | filter(avg_Y < 1770000.0000) | filter(avg_Y < 8100000000.0000) };9.34458e-01;1.00000e+00;Pipeline { filter(avg_Y < 230000.0000) | filter(avg_Y < 5050000.0000) | filter(avg_Y < 571000.0000) }
datasets/geolife_60mins.csv;nsga2;3;11;1100;1100;2.89570e+01;100;2;46;1.00000e+00;1.00000e+00;1.20000e-01;9.36067e-01;1.00000e+00;Pipeline { filter(avg_Y < 430000.0000) | filter(avg_Y < 5020000.0000) | filter(avg_Y < 8190000000.0000) };9.34458e-01;1.00000e+00;Pipeline { filter(avg_Y < 230000.0000) | filter(avg_Y < 5070000.0000) | filter(avg_Y < 510000000.0000) };9.34594e-01;1.00000e+00;Pipeline { filter(avg_Y < 240000.0000) | filter(avg_Y < 5620000.0000) | filter(avg_Y < 210000000.0000) };9.34458e-01;1.00000e+00;Pipeline { filter(avg_Y < 230000.0000) | filter(avg_Y < 5620000.0000) | filter(avg_Y < 210000000.0000) }
datasets/geolife_60mins.csv;nsga2;3;12;1200;1200;3.17020e+01;100;3;12;1.00000e+00;1.00000e+00;1.60000e-01;9.36067e-01;1.00000e+00;Pipeline { filter(avg_Y < 430000.0000) | filter(avg_Y < 5100000.0000) | filter(avg_X < 8100000000.0000) };9.34458e-01;1.00000e+00;Pipeline { filter(avg_Y < 230000.0000) | filter(avg_X < 5020000.0000) | filter(avg_Y < 5100000000.0000) };9.34783e-01;1.00000e+00;Pipeline { filter(avg_Y < 250000.0000) | filter(avg_Y < 5050000.0000) | filter(avg_Y < 87200000.0000) };9.34567e-01;1.00000e+00;Pipeline { filter(avg_Y < 280000.0000) | filter(avg_Y < 5020000.0000) | filter(avg_Y < 7100000000.0000) }
datasets/geolife_60mins.csv;nsga2;3;13;1300;1300;3.44150e+01;100;1;26;1.00000e+00;1.00000e+00;1.90000e-01;9.36422e-01;1.00000e+00;Pipeline { filter(avg_Y < 395000.0000) | filter(avg_Y < 5050000.0000) | filter(avg_Y < 559000.0000) };9.34567e-01;1.00000e+00;Pipeline { filter(avg_Y < 280000.0000) | filter(avg_X < 5070000.0000) | filter(avg_Y < 649000.0000) };9.34842e-01;1.00000e+00;Pipeline { filter(avg_Y < 290000.0000) | filter(avg_Y < 5020000.0000) | filter(avg_Y < 7100000000.0000) };9.34567e-01;1.00000e+00;Pipeline { filter(avg_Y < 280000.0000) | filter(avg_Y < 5020000.0000) | filter(avg_Y < 9100000000.0000) }
datasets/geolife_60mins.csv;nsga2;3;14;1400;1400;3.72420e+01;100;2;1;1.00000e+00;1.00000e+00;2.20000e-01;9.36422e-01;1.00000e+00;Pipeline { filter(avg_Y < 395000.0000) | filter(avg_Y < 5050000.0000) | filter(avg_Y < 559000.0000) };9.34574e-01;1.00000e+00;Pipeline { filter(avg_Y < 239000.0000) | filter(avg_Y < 55000000.0000) | filter(avg_X < 45100000.0000) };9.34924e-01;1.00000e+00;Pipeline { filter(avg_Y < 255000.0000) | filter(avg_Y < 5720000.0000) | filter(avg_Y < 72800000.0000) };9.34783e-01;1.00000e+00;Pipeline { filter(avg_Y < 250000.0000) | filter(avg_Y < 5250000.0000) | filter(avg_Y < 1460000.0000) }
datasets/geolife_60mins.csv;nsga2;3;15;1500;1500;3.99490e+01;100;2;25;1.00000e+00;1.00000e+00;1.70000e-01;9.36422e-01;1.00000e+00;Pipeline { filter(avg_Y < 395000.0000) | filter(avg_Y < 5050000.0000) | filter(avg_Y < 559000.0000) };9.34783e-01;1.00000e+00;Pipeline { filter(avg_Y < 250000.0000) | filter(avg_Y < 5050000.0000) | filter(avg_Y < 5790000.0000) };9.34946e-01;1.00000e+00;Pipeline { filter(avg_Y < 295000.0000) | filter(avg_Y < 5050000.0000) | filter(avg_Y < 569000.0000) };9.34783e-01;1.00000e+00;Pipeline { filter(avg_Y < 250000.0000) | filter(avg_Y < 5090000.0000) | filter(avg_Y < 87900000.0000) }
datasets/geolife_60mins.csv;nsga2;3;16;1600;1600;4.33810e+01;100;4;1;1.00000e+00;1.00000e+00;1.80000e-01;9.36422e-01;1.00000e+00;Pipeline { filter(avg_Y < 395000.0000) | filter(avg_Y < 5050000.0000) | filter(avg_Y < 559000000.0000) };9.34790e-01;1.00000e+00;Pipeline { filter(avg_Y < 288000.0000) | filter(avg_Y < 6020000.0000) | filter(avg_Y < 86900000.0000) };9.34963e-01;1.00000e+00;Pipeline { filter(avg_Y < 297000.0000) | filter(avg_Y < 5020000.0000) | filter(avg_Y < 8590000000.0000) };9.34842e-01;1.00000e+00;Pipeline { filter(avg_Y < 290000.0000) | filter(avg_X < 5020000.0000) | filter(avg_Y < 8590000.0000) }
datasets/geolife_60mins.csv;nsga2;3;17;1700;1700;4.58730e+01;100;8;2;1.00000e+00;1.00000e+00;1.70000e-01;9.36422e-01;1.00000e+00;Pipeline { filter(avg_Y < 395000.0000) | filter(avg_Y < 5850000.0000) | filter(avg_Y < 559000.0000) };9.34842e-01;1.00000e+00;Pipeline { filter(avg_Y < 290000.0000) | filter(avg_Y < 5020000.0000) | filter(avg_Y < 71000000.0000) };9.36025e-01;1.00000e+00;Pipeline { filter(avg_Y < 390000.0000) | filter(avg_Y < 5050000.0000) | filter(avg_Y < 559000000.0000) };9.34946e-01;1.00000e+00;Pipeline { filter(avg_Y < 294000.0000) | filter(avg_Y < 5020000.0000) | filter(avg_Y < 9100000.0000) }
datasets/geolife_60mins.csv;nsga2;3;18;1800;1800;4.87770e+01;100;1;28;1.00000e+00;1.00000e+00;1.50000e-01;9.36911e-01;1.00000e+00;Pipeline { filter(avg_Y < 430000.0000) | filter(avg_X < 2020000.0000) | filter(avg_Y < 2190000000.0000) };9.34946e-01;1.00000e+00;Pipeline { filter(avg_Y < 294000.0000) | filter(avg_Y < 5020000.0000) | filter(avg_Y < 683000000.0000) };9.36067e-01;1.00000e+00;Pipeline { filter(avg_Y < 430000.0000) | filter(avg_Y < 5020000.0000) | filter(avg_Y < 801000000.0000) };9.34946e-01;1.00000e+00;Pipeline { filter(avg_Y < 295000.0000) | filter(avg_Y < 9900000.0000) | filter(avg_Y < 57900000.0000) }
datasets/geolife_60mins.csv;nsga2;3;19;1900;1900;5.16230e+01;100;1;4;1.00000e+00;1.00000e+00;1.50000e-01;9.37267e-01;1.00000e+00;Pipeline { filter(avg_Y < 420000.0000) | filter(avg_X < 2020000.0000) | filter(avg_Y < 2190000000.0000) };9.34963e-01;1.00000e+00;Pipeline { filter(avg_Y < 297000.0000) | filter(avg_Y < 5020000.0000) | filter(avg_Y < 8290000000.0000) };9.36422e-01;1.00000e+00;Pipeline { filter(avg_Y < 395000.0000) | filter(avg_Y < 308000000.0000) | filter(avg_Y < 559000.0000) };9.35414e-01;1.00000e+00;Pipeline { filter(avg_Y < 295000.0000) | filter(avg_Y < 626000.0000) | filter(avg_X < 879000.0000) }
datasets/geolife_60mins.csv;nsga2;3;20;2000;2000;5.43250e+01;100;1;5;1.00000e+00;1.00000e+00;1.10000e-01;9.37267e-01;1.00000e+00;Pipeline { filter(avg_Y < 420000.0000) | filter(avg_X < 2020000.0000) | filter(avg_Y < 2190000000.0000) };9.35757e-01;1.00000e+00;Pipeline { filter(avg_Y < 431000.0000) | filter(avg_X < 3820000.0000) | filter(avg_X < 2100000.0000) };9.36422e-01;1.00000e+00;Pipeline { filter(avg_Y < 395000.0000) | filter(avg_Y < 5050000.0000) | filter(avg_X < 558000000.0000) };9.36067e-01;1.00000e+00;Pipeline { filter(avg_Y < 430000.0000) | filter(avg_X < 5020000.0000) | filter(avg_X < 8190000000.0000) }
datasets/geolife_60mins.csv;nsga2;3;21;2100;2100;5.69940e+01;100;2;40;1.00000e+00;1.00000e+00;9.00000e-02;9.37267e-01;1.00000e+00;Pipeline { filter(avg_Y < 420000.0000) | filter(avg_X < 2020000.0000) | filter(avg_Y < 2190000000.0000) };9.36067e-01;1.00000e+00;Pipeline { filter(avg_Y < 430000.0000) | filter(avg_X < 5020000.0000) | filter(avg_X < 4160000000.0000) };9.36422e-01;1.00000e+00;Pipeline { filter(avg_Y < 395000.0000) | filter(avg_Y < 5080000.0000) | filter(avg_Y < 557000000.0000) };9.36067e-01;1.00000e+00;Pipeline { filter(avg_Y < 430000.0000) | filter(avg_X < 5020000.0000) | filter(avg_X < 1860000000.0000) }
datasets/geolife_60mins.csv;nsga2;3;22;2200;2200;5.97160e+01;100;1;15;1.00000e+00;1.00000e+00;1.00000e-01;9.37283e-01;1.00000e+00;Pipeline { filter(avg_Y < 424000.0000) | filter(avg_X < 2020000.0000) | filter(avg_Y < 2190000000.0000) };9.36067e-01;1.00000e+00;Pipeline { filter(avg_Y < 430000.0000) | filter(avg_Y < 5050000.0000) | filter(avg_Y < 8170000000.0000) };9.36808e-01;1.00000e+00;Pipeline { filter(avg_Y < 434000.0000) | filter(avg_X < 2020000.0000) | filter(avg_X < 2190000000.0000) };9.36422e-01;1.00000e+00;Pipeline { filter(avg_Y < 395000.0000) | filter(avg_Y < 5050000.0000) | filter(avg_Y < 555000.0000) }
datasets/geolife_60mins.csv;nsga2;3;23;2300;2300;6.23070e+01;100;3;64;1.00000e+00;1.00000e+00;1.00000e-01;9.37283e-01;1.00000e+00;Pipeline { filter(avg_Y < 424000.0000) | filter(avg_X < 2010000.0000) | filter(avg_Y < 2190000000.0000) };9.36422e-01;1.00000e+00;Pipeline { filter(avg_Y < 395000.0000) | filter(avg_Y < 5080000.0000) | filter(avg_Y < 557000000.0000) };9.36870e-01;1.00000e+00;Pipeline { filter(avg_Y < 399000.0000) | filter(avg_Y < 113000000.0000) | filter(avg_X < 56600000.0000) };9.36422e-01;1.00000e+00;Pipeline { filter(avg_Y < 395000.0000) | filter(avg_Y < 8850000.0000) | filter(avg_Y < 953000.0000) }
datasets/geolife_60mins.csv;nsga2;3;24;2400;2400;6.50170e+01;100;6;52;1.00000e+00;1.00000e+00;1.10000e-01;9.37283e-01;1.00000e+00;Pipeline { filter(avg_Y < 424000.0000) | filter(avg_X < 2020000.0000) | filter(avg_Y < 2190000000.0000) };9.36422e-01;1.00000e+00;Pipeline { filter(avg_Y < 395000.0000) | filter(avg_X < 522000000.0000) | filter(avg_Y < 559000.0000) };9.36870e-01;1.00000e+00;Pipeline { filter(avg_Y < 399000.0000) | filter(avg_Y < 113000000.0000) | filter(avg_X < 556000000.0000) };9.36422e-01;1.00000e+00;Pipeline { filter(avg_Y < 395000.0000) | filter(avg_Y < 9150000.0000) | filter(avg_Y < 559000.0000) }
datasets/geolife_60mins.csv;nsga2;3;25;2500;2500;6.74010e+01;100;8;33;1.00000e+00;1.00000e+00;1.10000e-01;9.37283e-01;1.00000e+00;Pipeline { filter(avg_Y < 424000.0000) | filter(avg_X < 2020000.0000) | filter(avg_Y < 2390000000.0000) };9.36422e-01;1.00000e+00;Pipeline { filter(avg_Y < 395000.0000) | filter(avg_Y < 8330000000.0000) | filter(avg_X < 22000000.0000) };9.36894e-01;1.00000e+00;Pipeline { filter(avg_Y < 430000.0000) | filter(avg_X < 312000000.0000) | filter(avg_Y < 419000.0000) };9.36422e-01;1.00000e+00;Pipeline { filter(avg_Y < 395000.0000) | filter(avg_Y < 5080000.0000) | filter(avg_Y < 557000000.0000) }
datasets/geolife_60mins.csv;nsga2;3;26;2600;2600;7.00450e+01;100;12;9;1.00000e+00;1.00000e+00;1.30000e-01;9.37283e-01;1.00000e+00;Pipeline { filter(avg_Y < 424000.0000) | filter(avg_X < 2020000.0000) | filter(avg_Y < 23900000.0000) };9.36422e-01;1.00000e+00;Pipeline { filter(avg_Y < 395000.0000) | filter(avg_X < 8680000.0000) | filter(avg_Y < 554000.0000) };9.36911e-01;1.00000e+00;Pipeline { filter(avg_Y < 430000.0000) | filter(avg_X < 2010000.0000) | filter(avg_Y < 9150000000.0000) };9.36870e-01;1.00000e+00;Pipeline { filter(avg_Y < 399000.0000) | filter(avg_Y < 1130000000.0000) | filter(avg_Y < 557000000.0000) }
datasets/geolife_60mins.csv;nsga2;3;27;2700;2700;7.27290e+01;100;15;47;1.00000e+00;1.00000e+00;7.00000e-02;9.37283e-01;1.00000e+00;Pipeline { filter(avg_Y < 424000.0000) | filter(avg_X < 2020000.0000) | filter(avg_Y < 6390000000.0000) };9.36870e-01;1.00000e+00;Pipeline { filter(avg_Y < 399000.0000) | filter(avg_Y < 1130000.0000) | filter(avg_Y < 557000000.0000) };9.37047e-01;1.00000e+00;Pipeline { filter(avg_Y < 404000.0000) | filter(avg_X < 2010000.0000) | filter(avg_Y < 588000.0000) };9.36870e-01;1.00000e+00;Pipeline { filter(avg_Y < 399000.0000) | filter(avg_Y < 1830000000.0000) | filter(avg_X < 557000000.0000) }
datasets/geolife_60mins.csv;nsga2;3;28;2800;2800;7.55430e+01;100;1;32;1.00000e+00;1.00000e+00;8.00000e-02;9.37300e-01;1.00000e+00;Pipeline { filter(avg_Y < 426000.0000) | filter(avg_X < 2020000.0000) | filter(avg_Y < 2090000000.0000) };9.36870e-01;1.00000e+00;Pipeline { filter(avg_Y < 399000.0000) | filter(avg_Y < 1560000000.0000) | filter(avg_X < 839000000.0000) };9.37267e-01;1.00000e+00;Pipeline { filter(avg_Y < 420000.0000) | filter(avg_X < 2020000.0000) | filter(avg_Y < 7590000000.0000) };9.36870e-01;1.00000e+00;Pipeline { filter(avg_Y < 399000.0000) | filter(avg_Y < 133000000.0000) | filter(avg_Y < 55700000.0000) }
datasets/geolife_60mins.csv;nsga2;3;29;2900;2900;7.83620e+01;100;2;13;1.00000e+00;1.00000e+00;1.00000e-01;9.37318e-01;1.00000e+00;Pipeline { filter(avg_Y < 427000.0000) | filter(avg_X < 2020000.0000) | filter(avg_Y < 6990000000.0000) };9.36870e-01;1.00000e+00;Pipeline { filter(avg_Y < 399000.0000) | filter(avg_Y < 133000000.0000) | filter(avg_Y < 55700000.0000) };9.37283e-01;1.00000e+00;Pipeline { filter(avg_Y < 424000.0000) | filter(avg_X < 2020000.0000) | filter(avg_X < 970000000.0000) };9.36894e-01;1.00000e+00;Pipeline { filter(avg_Y < 430000.0000) | filter(avg_Y < 312000000.0000) | filter(avg_Y < 419000.0000) }
datasets/geolife_60mins.csv;nsga2;3;30;3000;3000;8.11870e+01;100;2;13;1.00000e+00;1.00000e+00;1.30000e-01;9.37318e-01;1.00000e+00;Pipeline { filter(avg_Y < 427000.0000) | filter(avg_X < 2020000.0000) | filter(avg_Y < 6990000000.0000) };9.36894e-01;1.00000e+00;Pipeline { filter(avg_Y < 4300000.0000) | filter(avg_X < 5920000.0000) | filter(avg_Y < 419000.0000) };9.37283e-01;1.00000e+00;Pipeline { filter(avg_Y < 424000.0000) | filter(avg_X < 2020000.0000) | filter(avg_X < 970000000.0000) };9.36911e-01;1.00000e+00;Pipeline { filter(avg_Y < 430000.0000) | filter(avg_X < 2010000.0000) | filter(avg_Y < 9150000000.0000) }
datasets/geolife_60mins.csv;nsga2;3;31;3100;3100;8.41350e+01;100;4;4;1.00000e+00;1.00000e+00;1.30000e-01;9.37318e-01;1.00000e+00;Pipeline { filter(avg_Y < 427000.0000) | filter(avg_X < 2020000.0000) | filter(avg_Y < 2190000000.0000) };9.36911e-01;1.00000e+00;Pipeline { filter(avg_Y < 430000.0000) | filter(avg_X < 2010000.0000) | filter(avg_Y < 9160000000.0000) };9.37283e-01;1.00000e+00;Pipeline { filter(avg_Y < 424000.0000) | filter(avg_X < 2020000.0000) | filter(avg_Y < 6390000000.0000) };9.37219e-01;1.00000e+00;Pipeline { filter(avg_Y < 414000.0000) | filter(avg_X < 2010000.0000) | filter(avg_Y < 6800000.0000) }
datasets/geolife_60mins.csv;nsga2;3;32;3200;3200;8.83490e+01;100;5;1;1.00000e+00;1.00000e+00;5.00000e-02;9.37318e-01;1.00000e+00;Pipeline { filter(avg_Y < 427000.0000) | filter(avg_X < 2050000.0000) | filter(avg_Y < 2190000000.0000) };9.37219e-01;1.00000e+00;Pipeline { filter(avg_Y < 414000.0000) | filter(avg_X < 2010000.0000) | filter(avg_Y < 6800000.0000) };9.37283e-01;1.00000e+00;Pipeline { filter(avg_Y < 424000.0000) | filter(avg_X < 2020000.0000) | filter(avg_Y < 2360000000.0000) };9.37283e-01;1.00000e+00;Pipeline { filter(avg_Y < 424000.0000) | filter(avg_X < 2020000.0000) | filter(avg_Y < 2390000000.0000) }
datasets/geolife_60mins.csv;nsga2;3;33;3300;3300;9.10880e+01;100;5;4;1.00000e+00;1.00000e+00;4.00000e-02;9.37318e-01;1.00000e+00;Pipeline { filter(avg_Y < 427000.0000) | filter(avg_X < 2020000.0000) | filter(avg_Y < 6990000000.0000) };9.37267e-01;1.00000e+00;Pipeline { filter(avg_Y < 420000.0000) | filter(avg_X < 2020000.0000) | filter(avg_Y < 2190000000.0000) };9.37283e-01;1.00000e+00;Pipeline { filter(avg_Y < 424000.0000) | filter(avg_X < 2010000.0000) | filter(avg_Y < 2100000000.0000) };9.37283e-01;1.00000e+00;Pipeline { filter(avg_Y < 424000.0000) | filter(avg_X < 2020000.0000) | filter(avg_X < 950000000.0000) }
datasets/geolife_60mins.csv;nsga2;3;34;3400;3400;9.38580e+01;100;7;75;1.00000e+00;1.00000e+00;3.00000e-02;9.37318e-01;1.00000e+00;Pipeline { filter(avg_Y < 427000.0000) | filter(avg_X < 2020000.0000) | filter(avg_Y < 2020000000.0000) };9.37283e-01;1.00000e+00;Pipeline { filter(avg_Y < 425000.0000) | filter(avg_X < 2020000.0000) | filter(avg_Y < 8940000000.0000) };9.37300e-01;1.00000e+00;Pipeline { filter(avg_Y < 426000.0000) | filter(avg_X < 2040000.0000) | filter(avg_X < 950000000.0000) };9.37283e-01;1.00000e+00;Pipeline { filter(avg_Y < 423000.0000) | filter(avg_X < 2060000.0000) | filter(avg_Y < 7690000000.0000) }
datasets/geolife_60mins.csv;nsga2;3;35;3500;3500;9.68230e+01;100;9;67;1.00000e+00;1.00000e+00;3.00000e-02;9.37318e-01;1.00000e+00;Pipeline { filter(avg_Y < 427000.0000) | filter(avg_X < 2020000.0000) | filter(avg_Y < 2190000000.0000) };9.37283e-01;1.00000e+00;Pipeline { filter(avg_Y < 424000.0000) | filter(avg_X < 2020000.0000) | filter(avg_X < 756000000.0000) };9.37300e-01;1.00000e+00;Pipeline { filter(avg_Y < 426000.0000) | filter(avg_X < 2020000.0000) | filter(avg_Y < 2020000000.0000) };9.37283e-01;1.00000e+00;Pipeline { filter(avg_Y < 422000.0000) | filter(avg_X < 2020000.0000) | filter(avg_Y < 23900000.0000) }
datasets/geolife_60mins.csv;nsga2;3;36;3600;3600;9.98390e+01;100;12;61;1.00000e+00;1.00000e+00;3.00000e-02;9.37318e-01;1.00000e+00;Pipeline { filter(avg_Y < 427000.0000) | filter(avg_X < 2050000.0000) | filter(avg_Y < 2190000000.0000) };9.37283e-01;1.00000e+00;Pipeline { filter(avg_Y < 424000.0000) | filter(avg_X < 2020000.0000) | filter(avg_Y < 6900000000.0000) };9.37300e-01;1.00000e+00;Pipeline { filter(avg_Y < 426000.0000) | filter(avg_X < 2020000.0000) | filter(avg_Y < 510000.0000) };9.37283e-01;1.00000e+00;Pipeline { filter(avg_Y < 425000.0000) | filter(avg_X < 2020000.0000) | filter(avg_Y < 4920000000.0000) }
datasets/geolife_60mins.csv;nsga2;3;37;3700;3700;1.02605e+02;100;21;48;1.00000e+00;1.00000e+00;3.00000e-02;9.37318e-01;1.00000e+00;Pipeline { filter(avg_Y < 427000.0000) | filter(avg_X < 2020000.0000) | filter(avg_Y < 2050000000.0000) };9.37283e-01;1.00000e+00;Pipeline { filter(avg_Y < 424000.0000) | filter(avg_X < 2020000.0000) | filter(avg_Y < 4600000.0000) };9.37300e-01;1.00000e+00;Pipeline { filter(avg_Y < 426000.0000) | filter(avg_X < 2020000.0000) | filter(avg_Y < 513000.0000) };9.37283e-01;1.00000e+00;Pipeline { filter(avg_Y < 425000.0000) | filter(avg_X < 2020000.0000) | filter(avg_Y < 8940000000.0000) }
datasets/geolife_60mins.csv;nsga2;3;38;3800;3800;1.05369e+02;100;27;34;1.00000e+00;1.00000e+00;3.00000e-02;9.37318e-01;1.00000e+00;Pipeline { filter(avg_Y < 427000.0000) | filter(avg_X < 2020000.0000) | filter(avg_Y < 3050000000.0000) };9.37283e-01;1.00000e+00;Pipeline { filter(avg_Y < 424000.0000) | filter(avg_X < 2070000.0000) | filter(avg_Y < 5680000000.0000) };9.37318e-01;1.00000e+00;Pipeline { filter(avg_Y < 427000.0000) | filter(avg_X < 2000000.0000) | filter(avg_X < 2140000000.0000) };9.37283e-01;1.00000e+00;Pipeline { filter(avg_Y < 424000.0000) | filter(avg_X < 2070000.0000) | filter(avg_Y < 5630000000.0000) }
datasets/geolife_60mins.csv;nsga2;3;39;3900;3900;1.08103e+02;100;36;14;1.00000e+00;1.00000e+00;3.00000e-02;9.37318e-01;1.00000e+00;Pipeline { filter(avg_Y < 427000.0000) | filter(avg_X < 2020000.0000) | filter(avg_Y < 6990000000.0000) };9.37283e-01;1.00000e+00;Pipeline { filter(avg_Y < 424000.0000) | filter(avg_X < 2020000.0000) | filter(avg_Y < 6900000000.0000) };9.37318e-01;1.00000e+00;Pipeline { filter(avg_Y < 427000.0000) | filter(avg_X < 2020000.0000) | filter(avg_Y < 2050000000.0000) };9.37300e-01;1.00000e+00;Pipeline { filter(avg_Y < 426000.0000) | filter(avg_X < 2020000.0000) | filter(avg_Y < 2730000000.0000) }
datasets/geolife_60mins.csv;nsga2;3;40;4000;4000;1.10989e+02;100;44;1;1.00000e+00;1.00000e+00;3.00000e-02;9.37318e-01;1.00000e+00;Pipeline { filter(avg_Y < 427000.0000) | filter(avg_X < 2050000.0000) | filter(avg_Y < 2190000.0000) };9.37283e-01;1.00000e+00;Pipeline { filter(avg_Y < 425000.0000) | filter(avg_X < 2020000.0000) | filter(avg_Y < 93900000.0000) };9.37318e-01;1.00000e+00;Pipeline { filter(avg_Y < 427000.0000) | filter(avg_X < 2020000.0000) | filter(avg_Y < 5990000000.0000) };9.37300e-01;1.00000e+00;Pipeline { filter(avg_Y < 426000.0000) | filter(avg_X < 2020000.0000) | filter(avg_Y < 5980000.0000) }
datasets/geolife_60mins.csv;nsga2;3;41;4100;4100;1.13913e+02;100;56;44;1.00000e+00;1.00000e+00;2.00000e-02;9.37318e-01;1.00000e+00;Pipeline { filter(avg_Y < 427000.0000) | filter(avg_X < 2020000.0000) | filter(avg_Y < 2120000000.0000) };9.37300e-01;1.00000e+00;Pipeline { filter(avg_Y < 426000.0000) | filter(avg_X < 2020000.0000) | filter(avg_X < 6500000000.0000) };9.37318e-01;1.00000e+00;Pipeline { filter(avg_Y < 427000.0000) | filter(avg_X < 2060000.0000) | filter(avg_Y < 2590000000.0000) };9.37300e-01;1.00000e+00;Pipeline { filter(avg_Y < 426000.0000) | filter(avg_X < 2020000.0000) | filter(avg_X < 601000000.0000) }
datasets/geolife_60mins.csv;nsga2;3;42;4200;4200;1.16513e+02;100;67;33;1.00000e+00;1.00000e+00;2.00000e-02;9.37318e-01;1.00000e+00;Pipeline { filter(avg_Y < 427000.0000) | filter(avg_X < 2020000.0000) | filter(avg_Y < 2020000000.0000) };9.37300e-01;1.00000e+00;Pipeline { filter(avg_Y < 426000.0000) | filter(avg_X < 2030000.0000) | filter(avg_X < 7910000.0000) };9.37318e-01;1.00000e+00;Pipeline { filter(avg_Y < 427000.0000) | filter(avg_X < 2020000.0000) | filter(avg_Y < 50000000.0000) };9.37300e-01;1.00000e+00;Pipeline { filter(avg_Y < 426000.0000) | filter(avg_X < 2040000.0000) | filter(avg_Y < 2190000000.0000) }
datasets/geolife_60mins.csv;nsga2;3;43;4300;4300;1.19392e+02;100;83;17;1.00000e+00;1.00000e+00;2.00000e-02;9.37318e-01;1.00000e+00;Pipeline { filter(avg_Y < 427000.0000) | filter(avg_X < 2020000.0000) | filter(avg_X < 2190000000.0000) };9.37300e-01;1.00000e+00;Pipeline { filter(avg_Y < 426000.0000) | filter(avg_X < 2020000.0000) | filter(avg_X < 2090000000.0000) };9.37318e-01;1.00000e+00;Pipeline { filter(avg_Y < 427000.0000) | filter(avg_X < 2000000.0000) | filter(avg_X < 2170000000.0000) };9.37318e-01;1.00000e+00;Pipeline { filter(avg_Y < 427000.0000) | filter(avg_X < 2020000.0000) | filter(avg_Y < 3550000000.0000) }
datasets/geolife_60mins.csv;nsga2;3;44;4400;4400;1.22190e+02;100;100;100;1.00000e+00;1.00000e+00;1.00000e-02;9.37318e-01;1.00000e+00;Pipeline { filter(avg_Y < 427000.0000) | filter(avg_X < 2020000.0000) | filter(avg_Y < 2890000000.0000) };9.37318e-01;1.00000e+00;Pipeline { filter(avg_Y < 427000.0000) | filter(avg_X < 2020000.0000) | filter(avg_Y < 2890000000.0000) };9.37318e-01;1.00000e+00;Pipeline { filter(avg_Y < 427000.0000) | filter(avg_X < 2020000.0000) | filter(avg_Y < 4740000.0000) };9.37318e-01;1.00000e+00;Pipeline { filter(avg_Y < 427000.0000) | filter(avg_X < 2020000.0000) | filter(avg_Y < 4740000.0000) }
datasets/geolife_60mins.csv;nsga2;3;45;4500;4500;1.24903e+02;100;100;100;1.00000e+00;1.00000e+00;1.00000e-02;9.37318e-01;1.00000e+00;Pipeline { filter(avg_Y < 427000.0000) | filter(avg_X < 2060000.0000) | filter(avg_Y < 2590000000.0000) };9.37318e-01;1.00000e+00;Pipeline { filter(avg_Y < 427000.0000) | filter(avg_X < 2060000.0000) | filter(avg_Y < 2590000000.0000) };9.37318e-01;1.00000e+00;Pipeline { filter(avg_Y < 427000.0000) | filter(avg_X < 2050000.0000) | filter(avg_Y < 4170000.0000) };9.37318e-01;1.00000e+00;Pipeline { filter(avg_Y < 427000.0000) | filter(avg_X < 2050000.0000) | filter(avg_Y < 4170000.0000) }
datasets/geolife_60mins.csv;nsga2;3;46;4600;4600;1.27782e+02;100;100;100;1.00000e+00;1.00000e+00;1.00000e-02;9.37318e-01;1.00000e+00;Pipeline { filter(avg_Y < 427000.0000) | filter(avg_X < 2020000.0000) | filter(avg_X < 2140000000.0000) };9.37318e-01;1.00000e+00;Pipeline { filter(avg_Y < 427000.0000) | filter(avg_X < 2020000.0000) | filter(avg_X < 2140000000.0000) };9.37318e-01;1.00000e+00;Pipeline { filter(avg_Y < 427000.0000) | filter(avg_X < 2020000.0000) | filter(avg_Y < 2090000000.0000) };9.37318e-01;1.00000e+00;Pipeline { filter(avg_Y < 427000.0000) | filter(avg_X < 2020000.0000) | filter(avg_Y < 2090000000.0000) }
datasets/geolife_60mins.csv;nsga2;3;47;4700;4700;1.30565e+02;100;100;100;1.00000e+00;1.00000e+00;1.00000e-02;9.37318e-01;1.00000e+00;Pipeline { filter(avg_Y < 427000.0000) | filter(avg_X < 2020000.0000) | filter(avg_Y < 2950000000.0000) };9.37318e-01;1.00000e+00;Pipeline { filter(avg_Y < 427000.0000) | filter(avg_X < 2020000.0000) | filter(avg_Y < 2950000000.0000) };9.37318e-01;1.00000e+00;Pipeline { filter(avg_Y < 427000.0000) | filter(avg_X < 2020000.0000) | filter(avg_Y < 9040000000.0000) };9.37318e-01;1.00000e+00;Pipeline { filter(avg_Y < 427000.0000) | filter(avg_X < 2020000.0000) | filter(avg_Y < 9040000000.0000) }
datasets/geolife_60mins.csv;nsga2;3;48;4800;4800;1.33496e+02;100;100;100;1.00000e+00;1.00000e+00;1.00000e-02;9.37318e-01;1.00000e+00;Pipeline { filter(avg_Y < 427000.0000) | filter(avg_X < 2020000.0000) | filter(avg_Y < 2720000000.0000) };9.37318e-01;1.00000e+00;Pipeline { filter(avg_Y < 427000.0000) | filter(avg_X < 2020000.0000) | filter(avg_Y < 2720000000.0000) };9.37318e-01;1.00000e+00;Pipeline { filter(avg_Y < 427000.0000) | filter(avg_X < 2030000.0000) | filter(avg_Y < 2080000000.0000) };9.37318e-01;1.00000e+00;Pipeline { filter(avg_Y < 427000.0000) | filter(avg_X < 2030000.0000) | filter(avg_Y < 2080000000.0000) }
datasets/geolife_60mins.csv;nsga2;3;49;4900;4900;1.36358e+02;100;100;100;1.00000e+00;1.00000e+00;1.00000e-02;9.37318e-01;1.00000e+00;Pipeline { filter(avg_Y < 427000.0000) | filter(avg_X < 2010000.0000) | filter(avg_X < 190000000.0000) };9.37318e-01;1.00000e+00;Pipeline { filter(avg_Y < 427000.0000) | filter(avg_X < 2010000.0000) | filter(avg_X < 190000000.0000) };9.37318e-01;1.00000e+00;Pipeline { filter(avg_Y < 427000.0000) | filter(avg_X < 2020000.0000) | filter(avg_Y < 2890000000.0000) };9.37318e-01;1.00000e+00;Pipeline { filter(avg_Y < 427000.0000) | filter(avg_X < 2020000.0000) | filter(avg_Y < 2890000000.0000) }
datasets/geolife_60mins.csv;nsga2;3;50;5000;5000;1.39178e+02;100;100;100;1.00000e+00;1.00000e+00;1.00000e-02;9.37318e-01;1.00000e+00;Pipeline { filter(avg_Y < 427000.0000) | filter(avg_X < 2020000.0000) | filter(avg_Y < 8050000000.0000) };9.37318e-01;1.00000e+00;Pipeline { filter(avg_Y < 427000.0000) | filter(avg_X < 2020000.0000) | filter(avg_Y < 8050000000.0000) };9.37318e-01;1.00000e+00;Pipeline { filter(avg_Y < 427000.0000) | filter(avg_X < 2010000.0000) | filter(avg_X < 1060000000.0000) };9.37318e-01;1.00000e+00;Pipeline { filter(avg_Y < 427000.0000) | filter(avg_X < 2010000.0000) | filter(avg_X < 1060000000.0000) }
datasets/geolife_60mins.csv;nsga2;4;1;100;100;2.85000e+00;100;5;70;1.00000e+00;1.00000e+00;1.70000e-01;9.26629e-01;1.00000e+00;Pipeline { filter(avg_X > 0.0000) };8.76824e-01;1.00000e+00;Pipeline { filter(avg_Y > 6130.0000) };1.93200e-02;0.00000e+00;Pipeline { filter(avg_X < 0.1080) | filter(avg_Y < 7.4100) };0.00000e+00;0.00000e+00;Pipeline { filter(avg_Y < 0.0000) | filter(avg_X > 0.0025) | filter(avg_Y > 24800.0000) | filter(avg_Y > 0.0014) | filter(avg_X < 0.0003) | filter(avg_Y < 85000.0000) | filter(avg_X < 11300.0000) | filter(avg_Y > 0.0476) }
datasets/geolife_60mins.csv;nsga2;4;2;200;200;5.46600e+00;100;8;22;1.00000e+00;1.00000e+00;2.60000e-01;9.26629e-01;1.00000e+00;Pipeline { filter(avg_X > 0.0180) };8.76824e-01;1.00000e+00;Pipeline { filter(avg_Y > 6130.0000) };8.77344e-01;1.00000e+00;Pipeline { filter(avg_X < 88200000.0000) | filter(avg_Y > 8.4400) | filter(avg_Y > 0.0003) };9.26594e-01;1.00000e+00;Pipeline { filter(avg_X > 8260.0000) }
datasets/geolife_60mins.csv;nsga2;4;3;300;300;7.55700e+00;100;1;20;1.00000e+00;1.00000e+00;1.60000e-01;9.33116e-01;1.00000e+00;Pipeline { filter(avg_Y < 613000.0000) };8.76824e-01;1.00000e+00;Pipeline { filter(avg_Y > 6130.0000) };9.22919e-01;1.00000e+00;Pipeline { filter(avg_Y < 913000.0000) };8.85581e-01;1.00000e+00;Pipeline { filter(avg_Y > 0.0063) | filter(avg_X > 0.6900) }
datasets/geolife_60mins.csv;nsga2;4;4;400;400;1.00700e+01;100;1;12;1.00000e+00;9.70000e-01;1.00000e-01;9.33116e-01;1.00000e+00;Pipeline { filter(avg_Y < 613000.0000) };8.77344e-01;1.00000e+00;Pipeline { filter(avg_Y > 0.0054) | filter(avg_Y > 0.0002) };9.26629e-01;1.00000e+00;Pipeline { filter(avg_X > 5.4900) };8.85581e-01;1.00000e+00;Pipeline { filter(avg_X > 0.0058) | filter(avg_Y > 0.2820) }
datasets/geolife_60mins.csv;nsga2;4;5;500;500;1.27900e+01;100;1;1;1.00000e+00;9.50000e-01;7.00000e-02;9.33116e-01;1.00000e+00;Pipeline { filter(avg_Y < 613000.0000) };9.24167e-01;1.00000e+00;Pipeline { filter(avg_X > 85400.0000) };9.26629e-01;1.00000e+00;Pipeline { filter(avg_X > 5.3100) };9.26629e-01;1.00000e+00;Pipeline { filter(avg_X > 0.0180) }
datasets/geolife_60mins.csv;nsga2;4;6;600;600;1.54890e+01;100;1;99;1.00000e+00;9.90000e-01;2.00000e-02;9.33116e-01;1.00000e+00;Pipeline { filter(avg_Y < 613000.0000) };9.26629e-01;1.00000e+00;Pipeline { filter(avg_X > 5.4900) };9.26629e-01;1.00000e+00;Pipeline { filter(avg_X > 3.3600) };9.26629e-01;1.00000e+00;Pipeline { filter(avg_X > 7.3100) }
datasets/geolife_60mins.csv;nsga2;4;7;700;700;1.83210e+01;100;2;98;1.00000e+00;1.00000e+00;2.00000e-02;9.33116e-01;1.00000e+00;Pipeline { filter(avg_Y < 613000.0000) };9.26629e-01;1.00000e+00;Pipeline { filter(avg_X > 0.0053) | filter(avg_X > 0.2820) };9.26629e-01;1.00000e+00;Pipeline { filter(avg_X > 527.0000) };9.26629e-01;1.00000e+00;Pipeline { filter(avg_X > 8.4300) }
datasets/geolife_60mins.csv;nsga2;4;8;800;800;2.09300e+01;100;1;96;1.00000e+00;1.00000e+00;4.00000e-02;9.34941e-01;1.00000e+00;Pipeline { filter(avg_Y < 256000.0000) };9.26629e-01;1.00000e+00;Pipeline { filter(avg_X > 5.6700) };9.26629e-01;1.00000e+00;Pipeline { filter(avg_X > 0.7760) };9.26629e-01;1.00000e+00;Pipeline { filter(avg_X > 0.0003) | filter(avg_X > 0.3080) }
datasets/geolife_60mins.csv;nsga2;4;9;900;900;2.36310e+01;100;1;93;1.00000e+00;9.90000e-01;6.00000e-02;9.36842e-01;1.00000e+00;Pipeline { filter(avg_Y < 411000.0000) };9.26629e-01;1.00000e+00;Pipeline { filter(avg_X > 62.3000) };9.26629e-01;1.00000e+00;Pipeline { filter(avg_X > 803.0000) };9.26629e-01;1.00000e+00;Pipeline { filter(avg_X > 0.1100) }
datasets/geolife_60mins.csv;nsga2;4;10;1000;1000;2.62020e+01;100;1;91;1.00000e+00;1.00000e+00;8.00000e-02;9.36842e-01;1.00000e+00;Pipeline { filter(avg_Y < 411000.0000) };9.26629e-01;1.00000e+00;Pipeline { filter(avg_X > 0.0003) };9.26629e-01;1.00000e+00;Pipeline { filter(avg_X > 0.0000) };9.26629e-01;1.00000e+00;Pipeline { filter(avg_X > 0.0000) | filter(avg_X > 0.0000) }
datasets/geolife_60mins.csv;nsga2;4;11;1100;1100;2.90190e+01;100;1;90;1.00000e+00;1.00000e+00;8.00000e-02;9.36842e-01;1.00000e+00;Pipeline { filter(avg_Y < 411000.0000) };9.26629e-01;1.00000e+00;Pipeline { filter(avg_X > 0.0000) };9.26629e-01;1.00000e+00;Pipeline { filter(avg_X > 0.0003) };9.26629e-01;1.00000e+00;Pipeline { filter(avg_X > 0.0001) }
datasets/geolife_60mins.csv;nsga2;4;12;1200;1200;3.19680e+01;100;1;85;1.00000e+00;9.90000e-01;1.10000e-01;9.36842e-01;1.00000e+00;Pipeline { filter(avg_Y < 411000.0000) };9.26629e-01;1.00000e+00;Pipeline { filter(avg_X > 0.0000) };9.26629e-01;1.00000e+00;Pipeline { filter(avg_X > 3.4100) };9.26629e-01;1.00000e+00;Pipeline { filter(avg_X > 0.0000) }
datasets/geolife_60mins.csv;nsga2;4;13;1300;1300;3.48170e+01;100;1;80;1.00000e+00;9.90000e-01;1.60000e-01;9.36842e-01;1.00000e+00;Pipeline { filter(avg_Y < 411000.0000) };9.26629e-01;1.00000e+00;Pipeline { filter(avg_X > 0.0027) };9.26629e-01;1.00000e+00;Pipeline { filter(avg_X > 0.0000) | filter(avg_X < 70400000.0000) };9.26629e-01;1.00000e+00;Pipeline { filter(avg_X > 0.0003) }
datasets/geolife_60mins.csv;nsga2;4;14;1400;1400;3.75510e+01;100;1;73;1.00000e+00;1.00000e+00;2.10000e-01;9.36842e-01;1.00000e+00;Pipeline { filter(avg_Y < 411000.0000) };9.26629e-01;1.00000e+00;Pipeline { filter(avg_X > 0.0088) };9.31296e-01;1.00000e+00;Pipeline { filter(avg_Y < 210000.0000) };9.26629e-01;1.00000e+00;Pipeline { filter(avg_X > 0.0007) }
datasets/geolife_60mins.csv;nsga2;4;15;1500;1500;4.01110e+01;100;1;64;1.00000e+00;9.90000e-01;2.80000e-01;9.36877e-01;1.00000e+00;Pipeline { filter(avg_Y < 416000.0000) };9.26629e-01;1.00000e+00;Pipeline { filter(avg_X > 0.8300) };9.31973e-01;1.00000e+00;Pipeline { filter(avg_Y < 216000.0000) };9.26629e-01;1.00000e+00;Pipeline { filter(avg_X > 3.9000) }
datasets/geolife_60mins.csv;nsga2;4;16;1600;1600;4.26160e+01;100;1;53;1.00000e+00;9.90000e-01;3.40000e-01;9.36877e-01;1.00000e+00;Pipeline { filter(avg_Y < 416000.0000) };9.26629e-01;1.00000e+00;Pipeline { filter(avg_X > 7.9400) };9.33116e-01;1.00000e+00;Pipeline { filter(avg_Y < 615000.0000) };9.26629e-01;1.00000e+00;Pipeline { filter(avg_X > 0.0000) }
datasets/geolife_60mins.csv;nsga2;4;17;1700;1700;4.51690e+01;100;1;41;1.00000e+00;1.00000e+00;4.40000e-01;9.36894e-01;1.00000e+00;Pipeline { filter(avg_Y < 418000.0000) };9.26629e-01;1.00000e+00;Pipeline { filter(avg_X > 0.0961) };9.33150e-01;1.00000e+00;Pipeline { filter(avg_Y < 619000.0000) };9.26629e-01;1.00000e+00;Pipeline { filter(avg_X > 0.0000) }
datasets/geolife_60mins.csv;nsga2;4;18;1800;1800;4.75860e+01;100;1;27;1.00000e+00;1.00000e+00;5.40000e-01;9.36894e-01;1.00000e+00;Pipeline { filter(avg_Y < 418000.0000) };9.26629e-01;1.00000e+00;Pipeline { filter(avg_X > 1.8300) };9.34045e-01;1.00000e+00;Pipeline { filter(avg_Y < 369000.0000) };9.26629e-01;1.00000e+00;Pipeline { filter(avg_X > 1.0000) }
datasets/geolife_60mins.csv;nsga2;4;19;1900;1900;4.98480e+01;100;1;11;1.00000e+00;1.00000e+00;6.70000e-01;9.36894e-01;1.00000e+00;Pipeline { filter(avg_Y < 418000.0000) };9.26629e-01;1.00000e+00;Pipeline { filter(avg_X > 0.0000) };9.34389e-01;1.00000e+00;Pipeline { filter(avg_Y < 229000.0000) };9.31382e-01;1.00000e+00;Pipeline { filter(avg_Y < 212000.0000) }
datasets/geolife_60mins.csv;nsga2;4;20;2000;2000;5.22370e+01;100;2;1;1.00000e+00;1.00000e+00;7.40000e-01;9.36894e-01;1.00000e+00;Pipeline { filter(avg_Y < 418000.0000) };9.30645e-01;1.00000e+00;Pipeline { filter(avg_Y < 189000.0000) };9.34616e-01;1.00000e+00;Pipeline { filter(avg_Y < 306000.0000) };9.32283e-01;1.00000e+00;Pipeline { filter(avg_Y < 325000.0000) }
datasets/geolife_60mins.csv;nsga2;4;21;2100;2100;5.45790e+01;100;2;4;1.00000e+00;1.00000e+00;7.70000e-01;9.36894e-01;1.00000e+00;Pipeline { filter(avg_Y < 418000.0000) };9.31496e-01;1.00000e+00;Pipeline { filter(avg_Y < 655000.0000) };9.34716e-01;1.00000e+00;Pipeline { filter(avg_Y < 375000.0000) };9.33116e-01;1.00000e+00;Pipeline { filter(avg_Y < 614000.0000) }
datasets/geolife_60mins.csv;nsga2;4;22;2200;2200;5.70060e+01;100;2;1;1.00000e+00;1.00000e+00;7.60000e-01;9.36894e-01;1.00000e+00;Pipeline { filter(avg_Y < 418000.0000) };9.32860e-01;1.00000e+00;Pipeline { filter(avg_Y < 335000.0000) };9.34790e-01;1.00000e+00;Pipeline { filter(avg_Y < 288000.0000) };9.33482e-01;1.00000e+00;Pipeline { filter(avg_Y < 553000.0000) }
datasets/geolife_60mins.csv;nsga2;4;23;2300;2300;5.94220e+01;100;2;3;1.00000e+00;1.00000e+00;8.70000e-01;9.36894e-01;1.00000e+00;Pipeline { filter(avg_Y < 418000.0000) };9.33116e-01;1.00000e+00;Pipeline { filter(avg_Y < 615000.0000) };9.34924e-01;1.00000e+00;Pipeline { filter(avg_Y < 255000.0000) };9.33892e-01;1.00000e+00;Pipeline { filter(avg_Y < 570000.0000) }
datasets/geolife_60mins.csv;nsga2;4;24;2400;2400;6.19160e+01;100;2;1;1.00000e+00;1.00000e+00;8.50000e-01;9.36894e-01;1.00000e+00;Pipeline { filter(avg_Y < 418000.0000) };9.33631e-01;1.00000e+00;Pipeline { filter(avg_Y < 349000.0000) };9.34989e-01;1.00000e+00;Pipeline { filter(avg_Y < 259000.0000) };9.34302e-01;1.00000e+00;Pipeline { filter(avg_Y < 226000.0000) }
datasets/geolife_60mins.csv;nsga2;4;25;2500;2500;6.43400e+01;100;2;2;1.00000e+00;1.00000e+00;8.50000e-01;9.36894e-01;1.00000e+00;Pipeline { filter(avg_Y < 418000.0000) };9.33790e-01;1.00000e+00;Pipeline { filter(avg_Y < 561000.0000) };9.35032e-01;1.00000e+00;Pipeline { filter(avg_Y < 301000.0000) };9.34389e-01;1.00000e+00;Pipeline { filter(avg_Y < 227000.0000) }
datasets/geolife_60mins.csv;nsga2;4;26;2600;2600;6.68010e+01;100;3;2;1.00000e+00;1.00000e+00;8.40000e-01;9.36894e-01;1.00000e+00;Pipeline { filter(avg_Y < 417000.0000) };9.33924e-01;1.00000e+00;Pipeline { filter(avg_Y < 358000.0000) };9.35715e-01;1.00000e+00;Pipeline { filter(avg_Y < 382000.0000) };9.34567e-01;1.00000e+00;Pipeline { filter(avg_Y < 279000.0000) }
datasets/geolife_60mins.csv;nsga2;4;27;2700;2700;6.91670e+01;100;3;1;1.00000e+00;1.00000e+00;8.40000e-01;9.36894e-01;1.00000e+00;Pipeline { filter(avg_Y < 418000.0000) };9.34165e-01;1.00000e+00;Pipeline { filter(avg_Y < 372000.0000) };9.36025e-01;1.00000e+00;Pipeline { filter(avg_Y < 389000.0000) };9.34616e-01;1.00000e+00;Pipeline { filter(avg_Y < 306000.0000) }
datasets/geolife_60mins.csv;nsga2;4;28;2800;2800;7.16180e+01;100;3;1;1.00000e+00;1.00000e+00;8.20000e-01;9.36894e-01;1.00000e+00;Pipeline { filter(avg_Y < 417000.0000) };9.34359e-01;1.00000e+00;Pipeline { filter(avg_Y < 273000.0000) };9.36552e-01;1.00000e+00;Pipeline { filter(avg_Y < 428000.0000) };9.34653e-01;1.00000e+00;Pipeline { filter(avg_Y < 285000.0000) }
datasets/geolife_60mins.csv;nsga2;4;29;2900;2900;7.41110e+01;100;3;1;1.00000e+00;1.00000e+00;8.10000e-01;9.36894e-01;1.00000e+00;Pipeline { filter(avg_Y < 418000.0000) };9.34480e-01;1.00000e+00;Pipeline { filter(avg_Y < 276000.0000) };9.36687e-01;1.00000e+00;Pipeline { filter(avg_Y < 405000.0000) };9.34679e-01;1.00000e+00;Pipeline { filter(avg_Y < 245000.0000) }
datasets/geolife_60mins.csv;nsga2;4;30;3000;3000;7.65830e+01;100;3;1;1.00000e+00;1.00000e+00;7.90000e-01;9.36894e-01;1.00000e+00;Pipeline { filter(avg_Y < 417000.0000) };9.34563e-01;1.00000e+00;Pipeline { filter(avg_Y < 310000.0000) };9.36687e-01;1.00000e+00;Pipeline { filter(avg_Y < 405000.0000) };9.34721e-01;1.00000e+00;Pipeline { filter(avg_Y < 286000.0000) }
datasets/geolife_60mins.csv;nsga2;4;31;3100;3100;7.90440e+01;100;3;1;1.00000e+00;1.00000e+00;7.90000e-01;9.36894e-01;1.00000e+00;Pipeline { filter(avg_Y < 418000.0000) };9.34594e-01;1.00000e+00;Pipeline { filter(avg_Y < 240000.0000) };9.36687e-01;1.00000e+00;Pipeline { filter(avg_Y < 405000.0000) };9.34790e-01;1.00000e+00;Pipeline { filter(avg_Y < 288000.0000) }
datasets/geolife_60mins.csv;nsga2;4;32;3200;3200;8.14800e+01;100;3;1;1.00000e+00;1.00000e+00;7.80000e-01;9.36894e-01;1.00000e+00;Pipeline { filter(avg_Y < 417000.0000) };9.34632e-01;1.00000e+00;Pipeline { filter(avg_Y < 311000.0000) };9.36687e-01;1.00000e+00;Pipeline { filter(avg_Y < 404000.0000) };9.34870e-01;1.00000e+00;Pipeline { filter(avg_Y < 252000.0000) }
datasets/geolife_60mins.csv;nsga2;4;33;3300;3300;8.37780e+01;100;3;1;1.00000e+00;1.00000e+00;7.80000e-01;9.36894e-01;1.00000e+00;Pipeline { filter(avg_Y < 418000.0000) };9.34632e-01;1.00000e+00;Pipeline { filter(avg_Y < 311000.0000) };9.36687e-01;1.00000e+00;Pipeline { filter(avg_Y < 404000.0000) };9.34870e-01;1.00000e+00;Pipeline { filter(avg_Y < 252000.0000) }
datasets/geolife_60mins.csv;nsga2;4;34;3400;3400;8.63470e+01;100;3;1;1.00000e+00;1.00000e+00;7.80000e-01;9.36894e-01;1.00000e+00;Pipeline { filter(avg_Y < 417000.0000) };9.34653e-01;1.00000e+00;Pipeline { filter(avg_Y < 285000.0000) };9.36697e-01;1.00000e+00;Pipeline { filter(avg_Y < 397000.0000) };9.34874e-01;1.00000e+00;Pipeline { filter(avg_Y < 437000.0000) }
datasets/geolife_60mins.csv;nsga2;4;35;3500;3500;8.87060e+01;100;3;2;1.00000e+00;1.00000e+00;7.70000e-01;9.36894e-01;1.00000e+00;Pipeline { filter(avg_Y < 418000.0000) };9.34662e-01;1.00000e+00;Pipeline { filter(avg_Y < 247000.0000) };9.36697e-01;1.00000e+00;Pipeline { filter(avg_Y < 397000.0000) };9.34891e-01;1.00000e+00;Pipeline { filter(avg_Y < 440000.0000) }
datasets/geolife_60mins.csv;nsga2;4;36;3600;3600;9.10380e+01;100;3;1;1.00000e+00;1.00000e+00;7.70000e-01;9.36894e-01;1.00000e+00;Pipeline { filter(avg_Y < 417000.0000) };9.34697e-01;1.00000e+00;Pipeline { filter(avg_Y < 248000.0000) };9.36705e-01;1.00000e+00;Pipeline { filter(avg_Y < 406000.0000) };9.34910e-01;1.00000e+00;Pipeline { filter(avg_Y < 262000.0000) }
datasets/geolife_60mins.csv;nsga2;4;37;3700;3700;9.31750e+01;100;3;1;1.00000e+00;1.00000e+00;7.60000e-01;9.36894e-01;1.00000e+00;Pipeline { filter(avg_Y < 418000.0000) };9.34714e-01;1.00000e+00;Pipeline { filter(avg_Y < 249000.0000) };9.36705e-01;1.00000e+00;Pipeline { filter(avg_Y < 406000.0000) };9.34910e-01;1.00000e+00;Pipeline { filter(avg_Y < 263000.0000) }
datasets/geolife_60mins.csv;nsga2;4;38;3800;3800;9.52620e+01;100;3;1;1.00000e+00;1.00000e+00;7.60000e-01;9.36894e-01;1.00000e+00;Pipeline { filter(avg_Y < 417000.0000) };9.34714e-01;1.00000e+00;Pipeline { filter(avg_Y < 249000.0000) };9.36705e-01;1.00000e+00;Pipeline { filter(avg_Y < 406000.0000) };9.34910e-01;1.00000e+00;Pipeline { filter(avg_Y < 263000.0000) }
datasets/geolife_60mins.csv;nsga2;4;39;3900;3900;9.76810e+01;100;3;1;1.00000e+00;1.00000e+00;7.60000e-01;9.36894e-01;1.00000e+00;Pipeline { filter(avg_Y < 418000.0000) };9.34714e-01;1.00000e+00;Pipeline { filter(avg_Y < 249000.0000) };9.36705e-01;1.00000e+00;Pipeline { filter(avg_Y < 406000.0000) };9.34910e-01;1.00000e+00;Pipeline { filter(avg_Y < 263000.0000) }
datasets/geolife_60mins.csv;nsga2;4;40;4000;4000;1.00161e+02;100;3;1;1.00000e+00;1.00000e+00;7.60000e-01;9.36894e-01;1.00000e+00;Pipeline { filter(avg_Y < 417000.0000) };9.34716e-01;1.00000e+00;Pipeline { filter(avg_Y < 445000.0000) };9.36705e-01;1.00000e+00;Pipeline { filter(avg_Y < 406000.0000) };9.34935e-01;1.00000e+00;Pipeline { filter(avg_Y < 267000.0000) }
datasets/geolife_60mins.csv;nsga2;4;41;4100;4100;1.02481e+02;100;3;1;1.00000e+00;1.00000e+00;7.50000e-01;9.36894e-01;1.00000e+00;Pipeline { filter(avg_Y < 418000.0000) };9.34721e-01;1.00000e+00;Pipeline { filter(avg_Y < 286000.0000) };9.36705e-01;1.00000e+00;Pipeline { filter(avg_Y < 406000.0000) };9.34935e-01;1.00000e+00;Pipeline { filter(avg_Y < 267000.0000) }
datasets/geolife_60mins.csv;nsga2;4;42;4200;4200;1.04687e+02;100;3;1;1.00000e+00;1.00000e+00;7.40000e-01;9.36894e-01;1.00000e+00;Pipeline { filter(avg_Y < 417000.0000) };9.34733e-01;1.00000e+00;Pipeline { filter(avg_Y < 446000.0000) };9.36705e-01;1.00000e+00;Pipeline { filter(avg_Y < 406000.0000) };9.34941e-01;1.00000e+00;Pipeline { filter(avg_Y < 256000.0000) }
datasets/geolife_60mins.csv;nsga2;4;43;4300;4300;1.07160e+02;100;3;1;1.00000e+00;1.00000e+00;7.40000e-01;9.36894e-01;1.00000e+00;Pipeline { filter(avg_Y < 418000.0000) };9.34733e-01;1.00000e+00;Pipeline { filter(avg_Y < 446000.0000) };9.36705e-01;1.00000e+00;Pipeline { filter(avg_Y < 406000.0000) };9.34941e-01;1.00000e+00;Pipeline { filter(avg_Y < 256000.0000) }
datasets/geolife_60mins.csv;nsga2;4;44;4400;4400;1.09689e+02;100;3;1;1.00000e+00;1.00000e+00;7.30000e-01;9.36894e-01;1.00000e+00;Pipeline { filter(avg_Y < 417000.0000) };9.34738e-01;1.00000e+00;Pipeline { filter(avg_Y < 287000.0000) };9.36705e-01;1.00000e+00;Pipeline { filter(avg_Y < 406000.0000) };9.34945e-01;1.00000e+00;Pipeline { filter(avg_Y < 264000.0000) }
datasets/geolife_60mins.csv;nsga2;4;45;4500;4500;1.12283e+02;100;3;1;1.00000e+00;1.00000e+00;7.30000e-01;9.36894e-01;1.00000e+00;Pipeline { filter(avg_Y < 418000.0000) };9.34783e-01;1.00000e+00;Pipeline { filter(avg_Y < 250000.0000) };9.36705e-01;1.00000e+00;Pipeline { filter(avg_Y < 406000.0000) };9.34946e-01;1.00000e+00;Pipeline { filter(avg_Y < 294000.0000) }
datasets/geolife_60mins.csv;nsga2;4;46;4600;4600;1.14715e+02;100;3;1;1.00000e+00;1.00000e+00;7.20000e-01;9.36894e-01;1.00000e+00;Pipeline { filter(avg_Y < 417000.0000) };9.34818e-01;1.00000e+00;Pipeline { filter(avg_Y < 251000.0000) };9.36739e-01;1.00000e+00;Pipeline { filter(avg_Y < 408000.0000) };9.34953e-01;1.00000e+00;Pipeline { filter(avg_Y < 257000.0000) }
datasets/geolife_60mins.csv;nsga2;4;47;4700;4700;1.17172e+02;100;3;1;1.00000e+00;1.00000e+00;7.20000e-01;9.36894e-01;1.00000e+00;Pipeline { filter(avg_Y < 418000.0000) };9.34818e-01;1.00000e+00;Pipeline { filter(avg_Y < 251000.0000) };9.36739e-01;1.00000e+00;Pipeline { filter(avg_Y < 408000.0000) };9.34953e-01;1.00000e+00;Pipeline { filter(avg_Y < 257000.0000) }
datasets/geolife_60mins.csv;nsga2;4;48;4800;4800;1.19684e+02;100;3;1;1.00000e+00;1.00000e+00;7.20000e-01;9.36894e-01;1.00000e+00;Pipeline { filter(avg_Y < 417000.0000) };9.34818e-01;1.00000e+00;Pipeline { filter(avg_Y < 251000.0000) };9.36739e-01;1.00000e+00;Pipeline { filter(avg_Y < 408000.0000) };9.34953e-01;1.00000e+00;Pipeline { filter(avg_Y < 257000.0000) }
datasets/geolife_60mins.csv;nsga2;4;49;4900;4900;1.22115e+02;100;3;1;1.00000e+00;1.00000e+00;7.20000e-01;9.36894e-01;1.00000e+00;Pipeline { filter(avg_Y < 418000.0000) };9.34818e-01;1.00000e+00;Pipeline { filter(avg_Y < 251000.0000) };9.36739e-01;1.00000e+00;Pipeline { filter(avg_Y < 408000.0000) };9.34953e-01;1.00000e+00;Pipeline { filter(avg_Y < 257000.0000) }
datasets/geolife_60mins.csv;nsga2;4;50;5000;5000;1.24587e+02;100;3;1;1.00000e+00;1.00000e+00;7.20000e-01;9.36894e-01;1.00000e+00;Pipeline { filter(avg_Y < 417000.0000) };9.34818e-01;1.00000e+00;Pipeline { filter(avg_Y < 251000.0000) };9.36739e-01;1.00000e+00;Pipeline { filter(avg_Y < 408000.0000) };9.34953e-01;1.00000e+00;Pipeline { filter(avg_Y < 257000.0000) }
datasets/geolife_60mins.csv;nsga2;5;1;100;100;2.56600e+00;100;5;68;1.00000e+00;1.00000e+00;1.60000e-01;9.26629e-01;1.00000e+00;Pipeline { filter(avg_X > 475.0000) };8.77292e-01;1.00000e+00;Pipeline { filter(avg_Y > 370.0000) };2.26840e-02;0.00000e+00;Pipeline { filter(avg_X < 0.0008) | filter(avg_X < 242.0000) };0.00000e+00;0.00000e+00;Pipeline { filter(avg_Y < 271000.0000) | filter(avg_Y > 0.0085) | filter(avg_X > 40400.0000) | filter(avg_X < 0.0000) | filter(avg_Y > 0.9840) | filter(avg_X < 0.0572) | filter(avg_Y < 65.5000) | filter(avg_Y > 0.0047) | filter(avg_X > 0.0629) }
datasets/geolife_60mins.csv;nsga2;5;2;200;200;4.78600e+00;100;15;21;1.00000e+00;1.00000e+00;2.70000e-01;9.26629e-01;1.00000e+00;Pipeline { filter(avg_X < 7440000000.0000) | filter(avg_X > 0.0000) | filter(avg_X > 0.0000) | filter(avg_X < 5260000000.0000) | filter(avg_Y < 5560000000.0000) | filter(avg_Y < 6410000000.0000) | filter(avg_X > 0.0001) };8.77240e-01;1.00000e+00;Pipeline { filter(avg_Y > 765.0000) };9.02393e-01;9.99776e-01;Pipeline { filter(avg_X > 0.9660) | filter(avg_Y < 149000.0000) };9.25515e-01;1.00000e+00;Pipeline { filter(avg_X > 22100.0000) | filter(avg_X < 38800000.0000) | filter(avg_X > 54.5000) }
datasets/geolife_60mins.csv;nsga2;5;3;300;300;7.21300e+00;100;39;3;1.00000e+00;1.00000e+00;2.60000e-01;9.26629e-01;1.00000e+00;Pipeline { filter(avg_X > 0.0000) | filter(avg_X > 0.0000) };8.77240e-01;1.00000e+00;Pipeline { filter(avg_Y > 765.0000) };9.26629e-01;1.00000e+00;Pipeline { filter(avg_X > 5.8000) | filter(avg_X > 0.0000) };8.85581e-01;1.00000e+00;Pipeline { filter(avg_X < 7440000000.0000) | filter(avg_Y > 0.0000) | filter(avg_X > 0.0000) | filter(avg_X < 5260000000.0000) | filter(avg_Y < 5560000000.0000) | filter(avg_Y < 6410000000.0000) | filter(avg_X > 0.0001) }
datasets/geolife_60mins.csv;nsga2;5;4;400;400;1.00120e+01;100;1;15;1.00000e+00;1.00000e+00;1.50000e-01;9.32390e-01;1.00000e+00;Pipeline { filter(avg_Y < 220000.0000) };9.18608e-01;1.00000e+00;Pipeline { filter(avg_X < 6260000000.0000) };9.26629e-01;1.00000e+00;Pipeline { filter(avg_X > 376.0000) };9.25515e-01;1.00000e+00;Pipeline { filter(avg_X > 22100.0000) | filter(avg_Y < 39800000.0000) | filter(avg_X > 54.5000) }
datasets/geolife_60mins.csv;nsga2;5;5;500;500;1.27380e+01;100;1;97;1.00000e+00;1.00000e+00;3.00000e-02;9.32390e-01;1.00000e+00;Pipeline { filter(avg_Y < 220000.0000) };9.26629e-01;1.00000e+00;Pipeline { filter(avg_X < 7440000000.0000) | filter(avg_X > 0.0000) | filter(avg_X > 0.0000) | filter(avg_X < 260000000.0000) | filter(avg_Y < 5560000000.0000) | filter(avg_Y < 6410000000.0000) | filter(avg_X > 0.0001) };9.26629e-01;1.00000e+00;Pipeline { filter(avg_X < 7440000000.0000) | filter(avg_X > 0.0000) | filter(avg_X > 510.0000) | filter(avg_X < 5260000000.0000) | filter(avg_Y < 5560000000.0000) | filter(avg_Y < 6410000000.0000) | filter(avg_X > 0.0001) };9.26629e-01;1.00000e+00;Pipeline { filter(avg_X > 0.0565) }
datasets/geolife_60mins.csv;nsga2;5;6;600;600;1.54100e+01;100;1;94;1.00000e+00;1.00000e+00;6.00000e-02;9.36774e-01;1.00000e+00;Pipeline { filter(avg_Y < 420000.0000) };9.26629e-01;1.00000e+00;Pipeline { filter(avg_X > 0.5970) | filter(avg_X > 3050.0000) };9.26629e-01;1.00000e+00;Pipeline { filter(avg_X > 1.7500) };9.26629e-01;1.00000e+00;Pipeline { filter(avg_X > 0.0000) }
datasets/geolife_60mins.csv;nsga2;5;7;700;700;1.81460e+01;100;1;92;1.00000e+00;1.00000e+00;8.00000e-02;9.36774e-01;1.00000e+00;Pipeline { filter(avg_Y < 420000.0000) };9.26629e-01;1.00000e+00;Pipeline { filter(avg_X > 454.0000) | filter(avg_X < 6560000000.0000) };9.26629e-01;1.00000e+00;Pipeline { filter(avg_X > 453.0000) | filter(avg_X < 6580000000.0000) };9.26629e-01;1.00000e+00;Pipeline { filter(avg_X > 0.0001) }
datasets/geolife_60mins.csv;nsga2;5;8;800;800;2.09260e+01;100;1;89;1.00000e+00;9.90000e-01;1.00000e-01;9.36774e-01;1.00000e+00;Pipeline { filter(avg_Y < 420000.0000) };9.26629e-01;1.00000e+00;Pipeline { filter(avg_X > 203.0000) };9.26629e-01;1.00000e+00;Pipeline { filter(avg_X > 7.0500) };9.26629e-01;1.00000e+00;Pipeline { filter(avg_X > 0.0000) }
datasets/geolife_60mins.csv;nsga2;5;9;900;900;2.36830e+01;100;1;83;1.00000e+00;1.00000e+00;1.50000e-01;9.36877e-01;1.00000e+00;Pipeline { filter(avg_Y < 415000.0000) };9.26629e-01;1.00000e+00;Pipeline { filter(avg_X > 4490.0000) | filter(avg_X > 0.0000) | filter(avg_X > 0.0009) | filter(avg_X < 5260000000.0000) | filter(avg_Y < 5660000000.0000) | filter(avg_Y < 6410000000.0000) | filter(avg_X > 0.0001) };9.26629e-01;1.00000e+00;Pipeline { filter(avg_X > 0.0000) | filter(avg_X > 41.3000) };9.26629e-01;1.00000e+00;Pipeline { filter(avg_X > 1200.0000) }
datasets/geolife_60mins.csv;nsga2;5;10;1000;1000;2.64980e+01;100;2;74;1.00000e+00;1.00000e+00;2.00000e-01;9.36877e-01;1.00000e+00;Pipeline { filter(avg_Y < 415000.0000) };9.26629e-01;1.00000e+00;Pipeline { filter(avg_X > 0.0001) };9.27898e-01;1.00000e+00;Pipeline { filter(avg_Y < 669000.0000) | filter(avg_Y < 878000.0000) };9.26629e-01;1.00000e+00;Pipeline { filter(avg_X < 7440000000.0000) | filter(avg_X > 0.0014) | filter(avg_X > 0.0000) | filter(avg_X < 9260000000.0000) | filter(avg_X < 5570000000.0000) | filter(avg_Y < 2410000000.0000) | filter(avg_X > 0.0726) }
datasets/geolife_60mins.csv;nsga2;5;11;1100;1100;2.90310e+01;100;2;67;1.00000e+00;1.00000e+00;2.30000e-01;9.36877e-01;1.00000e+00;Pipeline { filter(avg_Y < 415000.0000) };9.26629e-01;1.00000e+00;Pipeline { filter(avg_X > 0.0000) | filter(avg_X > 0.2370) };9.31462e-01;1.00000e+00;Pipeline { filter(avg_Y < 627000.0000) };9.26629e-01;1.00000e+00;Pipeline { filter(avg_X > 4490.0000) | filter(avg_X > 0.0000) | filter(avg_X > 0.0000) | filter(avg_X < 5260000000.0000) | filter(avg_Y < 8660000000.0000) | filter(avg_Y < 6410000000.0000) | filter(avg_X > 0.0001) }
datasets/geolife_60mins.csv;nsga2;5;12;1200;1200;3.16510e+01;100;2;53;1.00000e+00;1.00000e+00;3.20000e-01;9.36877e-01;1.00000e+00;Pipeline { filter(avg_Y < 415000.0000) };9.26629e-01;1.00000e+00;Pipeline { filter(avg_X > 0.0000) | filter(avg_X > 0.0001) };9.31496e-01;1.00000e+00;Pipeline { filter(avg_Y < 645000.0000) };9.26629e-01;1.00000e+00;Pipeline { filter(avg_X > 4490.0000) | filter(avg_X > 0.0000) | filter(avg_X > 0.0009) | filter(avg_X < 5260000000.0000) | filter(avg_Y < 5660000000.0000) | filter(avg_Y < 6410000000.0000) | filter(avg_X > 0.0001) }
datasets/geolife_60mins.csv;nsga2;5;13;1300;1300;3.42400e+01;100;2;33;1.00000e+00;1.00000e+00;3.90000e-01;9.36877e-01;1.00000e+00;Pipeline { filter(avg_Y < 415000.0000) };9.26629e-01;1.00000e+00;Pipeline { filter(avg_X > 0.0000) };9.32930e-01;1.00000e+00;Pipeline { filter(avg_Y < 456000.0000) };9.26629e-01;1.00000e+00;Pipeline { filter(avg_X > 0.0382) }
datasets/geolife_60mins.csv;nsga2;5;14;1400;1400;3.67520e+01;100;2;12;1.00000e+00;1.00000e+00;5.50000e-01;9.36877e-01;1.00000e+00;Pipeline { filter(avg_Y < 415000.0000) };9.26629e-01;1.00000e+00;Pipeline { filter(avg_X > 0.0049) };9.34045e-01;1.00000e+00;Pipeline { filter(avg_Y < 369000.0000) | filter(avg_Y < 928000.0000) };9.29863e-01;1.00000e+00;Pipeline { filter(avg_Y < 486000.0000) }
datasets/geolife_60mins.csv;nsga2;5;15;1500;1500;3.90740e+01;100;2;1;1.00000e+00;1.00000e+00;6.10000e-01;9.36877e-01;1.00000e+00;Pipeline { filter(avg_Y < 415000.0000) };9.29278e-01;1.00000e+00;Pipeline { filter(avg_Y < 515000.0000) };9.34825e-01;1.00000e+00;Pipeline { filter(avg_Y < 289000.0000) };9.30946e-01;1.00000e+00;Pipeline { filter(avg_Y < 659000.0000) }
datasets/geolife_60mins.csv;nsga2;5;16;1600;1600;4.14770e+01;100;2;1;1.00000e+00;1.00000e+00;6.20000e-01;9.36877e-01;1.00000e+00;Pipeline { filter(avg_Y < 415000.0000) };9.30966e-01;1.00000e+00;Pipeline { filter(avg_Y < 200000.0000) };9.35457e-01;1.00000e+00;Pipeline { filter(avg_Y < 379000.0000) | filter(avg_Y < 478000000.0000) };9.32351e-01;1.00000e+00;Pipeline { filter(avg_Y < 326000.0000) }
datasets/geolife_60mins.csv;nsga2;5;17;1700;1700;4.40750e+01;100;1;7;1.00000e+00;1.00000e+00;5.70000e-01;9.36894e-01;1.00000e+00;Pipeline { filter(avg_Y < 419000.0000) };9.33116e-01;1.00000e+00;Pipeline { filter(avg_Y < 614000.0000) };9.35457e-01;1.00000e+00;Pipeline { filter(avg_Y < 379000.0000) | filter(avg_Y < 47200000.0000) };9.34045e-01;1.00000e+00;Pipeline { filter(avg_Y < 369000.0000) | filter(avg_Y < 928000.0000) }
datasets/geolife_60mins.csv;nsga2;5;18;1800;1800;4.66240e+01;100;1;1;1.00000e+00;1.00000e+00;5.50000e-01;9.36894e-01;1.00000e+00;Pipeline { filter(avg_Y < 419000.0000) };9.33497e-01;1.00000e+00;Pipeline { filter(avg_Y < 345000.0000) };9.35457e-01;1.00000e+00;Pipeline { filter(avg_Y < 379000.0000) | filter(avg_Y < 438000.0000) };9.34632e-01;1.00000e+00;Pipeline { filter(avg_Y < 237000.0000) }
datasets/geolife_60mins.csv;nsga2;5;19;1900;1900;4.92170e+01;100;1;1;1.00000e+00;1.00000e+00;4.30000e-01;9.36894e-01;1.00000e+00;Pipeline { filter(avg_Y < 419000.0000) };9.34510e-01;1.00000e+00;Pipeline { filter(avg_Y < 233000.0000) };9.35562e-01;1.00000e+00;Pipeline { filter(avg_Y < 435000.0000) };9.34874e-01;1.00000e+00;Pipeline { filter(avg_Y < 439000.0000) }
datasets/geolife_60mins.csv;nsga2;5;20;2000;2000;5.16430e+01;100;2;1;1.00000e+00;1.00000e+00;3.40000e-01;9.36894e-01;1.00000e+00;Pipeline { filter(avg_Y < 419000.0000) };9.34716e-01;1.00000e+00;Pipeline { filter(avg_Y < 445000.0000) };9.35562e-01;1.00000e+00;Pipeline { filter(avg_Y < 434000.0000) };9.35302e-01;1.00000e+00;Pipeline { filter(avg_Y < 376000.0000) | filter(avg_Y < 478000.0000) }
datasets/geolife_60mins.csv;nsga2;5;21;2100;2100;5.40700e+01;100;2;1;1.00000e+00;1.00000e+00;2.70000e-01;9.36894e-01;1.00000e+00;Pipeline { filter(avg_Y < 419000.0000) };9.34963e-01;1.00000e+00;Pipeline { filter(avg_Y < 297000.0000) };9.36568e-01;1.00000e+00;Pipeline { filter(avg_Y < 400000.0000) };9.35457e-01;1.00000e+00;Pipeline { filter(avg_Y < 379000.0000) | filter(avg_Y < 437000.0000) }
datasets/geolife_60mins.csv;nsga2;5;22;2200;2200;5.66080e+01;100;3;2;1.00000e+00;1.00000e+00;2.50000e-01;9.36894e-01;1.00000e+00;Pipeline { filter(avg_Y < 379000000.0000) | filter(avg_Y < 417000.0000) };9.35302e-01;1.00000e+00;Pipeline { filter(avg_Y < 376000.0000) | filter(avg_Y < 47800000.0000) };9.36697e-01;1.00000e+00;Pipeline { filter(avg_Y < 397000.0000) | filter(avg_Y < 928000.0000) };9.35457e-01;1.00000e+00;Pipeline { filter(avg_Y < 379000.0000) | filter(avg_Y < 6530000.0000) }
datasets/geolife_60mins.csv;nsga2;5;23;2300;2300;5.89870e+01;100;3;60;1.00000e+00;1.00000e+00;2.30000e-01;9.36894e-01;1.00000e+00;Pipeline { filter(avg_Y < 419000.0000) };9.35457e-01;1.00000e+00;Pipeline { filter(avg_Y < 379000.0000) | filter(avg_Y < 43800000.0000) };9.36739e-01;1.00000e+00;Pipeline { filter(avg_Y < 974000.0000) | filter(avg_Y < 407000.0000) };9.35457e-01;1.00000e+00;Pipeline { filter(avg_Y < 379000.0000) | filter(avg_Y < 6670000000.0000) }
datasets/geolife_60mins.csv;nsga2;5;24;2400;2400;6.15370e+01;100;3;53;1.00000e+00;1.00000e+00;2.40000e-01;9.36894e-01;1.00000e+00;Pipeline { filter(avg_Y < 379000000.0000) | filter(avg_Y < 417000.0000) };9.35457e-01;1.00000e+00;Pipeline { filter(avg_Y < 379000.0000) | filter(avg_Y < 4370000000.0000) };9.36774e-01;1.00000e+00;Pipeline { filter(avg_Y < 420000.0000) };9.35457e-01;1.00000e+00;Pipeline { filter(avg_Y < 379000.0000) | filter(avg_Y < 998000.0000) }
datasets/geolife_60mins.csv;nsga2;5;25;2500;2500;6.40080e+01;100;4;45;1.00000e+00;1.00000e+00;2.60000e-01;9.36894e-01;1.00000e+00;Pipeline { filter(avg_Y < 419000.0000) };9.35457e-01;1.00000e+00;Pipeline { filter(avg_Y < 379000.0000) | filter(avg_X < 659000000.0000) };9.36791e-01;1.00000e+00;Pipeline { filter(avg_Y < 409000.0000) };9.35457e-01;1.00000e+00;Pipeline { filter(avg_Y < 379000.0000) | filter(avg_X < 656000000.0000) }
datasets/geolife_60mins.csv;nsga2;5;26;2600;2600;6.65340e+01;100;6;38;1.00000e+00;1.00000e+00;2.70000e-01;9.36894e-01;1.00000e+00;Pipeline { filter(avg_Y < 417000.0000) };9.35457e-01;1.00000e+00;Pipeline { filter(avg_Y < 379000.0000) | filter(avg_Y < 79800000.0000) };9.36808e-01;1.00000e+00;Pipeline { filter(avg_Y < 426000.0000) };9.35457e-01;1.00000e+00;Pipeline { filter(avg_Y < 379000.0000) | filter(avg_Y < 8500000.0000) }
datasets/geolife_60mins.csv;nsga2;5;27;2700;2700;6.90280e+01;100;7;25;1.00000e+00;1.00000e+00;2.90000e-01;9.36894e-01;1.00000e+00;Pipeline { filter(avg_Y < 379000000.0000) | filter(avg_Y < 417000.0000) };9.35457e-01;1.00000e+00;Pipeline { filter(avg_Y < 379000.0000) | filter(avg_Y < 634000000.0000) };9.36860e-01;1.00000e+00;Pipeline { filter(avg_Y < 414000.0000) };9.35457e-01;1.00000e+00;Pipeline { filter(avg_Y < 379000.0000) | filter(avg_Y < 42800000.0000) }
datasets/geolife_60mins.csv;nsga2;5;28;2800;2800;7.15720e+01;100;7;9;1.00000e+00;1.00000e+00;3.30000e-01;9.36894e-01;1.00000e+00;Pipeline { filter(avg_X < 379000000.0000) | filter(avg_Y < 417000.0000) };9.35457e-01;1.00000e+00;Pipeline { filter(avg_Y < 379000.0000) | filter(avg_Y < 88500000.0000) };9.36870e-01;1.00000e+00;Pipeline { filter(avg_Y < 399000.0000) | filter(avg_Y < 437000.0000) };9.36025e-01;1.00000e+00;Pipeline { filter(avg_Y < 389000.0000) | filter(avg_Y < 771000.0000) }
datasets/geolife_60mins.csv;nsga2;5;29;2900;2900;7.39910e+01;100;7;1;1.00000e+00;1.00000e+00;3.10000e-01;9.36894e-01;1.00000e+00;Pipeline { filter(avg_X < 3790000000.0000) | filter(avg_Y < 417000.0000) };9.35715e-01;1.00000e+00;Pipeline { filter(avg_Y < 382000.0000) | filter(avg_Y < 614000000.0000) };9.36870e-01;1.00000e+00;Pipeline { filter(avg_Y < 399000.0000) | filter(avg_Y < 3700000.0000) };9.36146e-01;1.00000e+00;Pipeline { filter(avg_Y < 392000.0000) | filter(avg_Y < 448000.0000) }
datasets/geolife_60mins.csv;nsga2;5;30;3000;3000;7.66830e+01;100;9;2;1.00000e+00;1.00000e+00;2.50000e-01;9.36894e-01;1.00000e+00;Pipeline { filter(avg_Y < 419000.0000) };9.36067e-01;1.00000e+00;Pipeline { filter(avg_Y < 429000.0000) };9.36870e-01;1.00000e+00;Pipeline { filter(avg_Y < 399000.0000) | filter(avg_Y < 437000.0000) };9.36697e-01;1.00000e+00;Pipeline { filter(avg_Y < 397000.0000) | filter(avg_Y < 555000.0000) }
datasets/geolife_60mins.csv;nsga2;5;31;3100;3100;7.92230e+01;100;12;14;1.00000e+00;1.00000e+00;1.60000e-01;9.36894e-01;1.00000e+00;Pipeline { filter(avg_Y < 375000000.0000) | filter(avg_Y < 417000.0000) };9.36697e-01;1.00000e+00;Pipeline { filter(avg_Y < 397000.0000) | filter(avg_Y < 926000.0000) };9.36870e-01;1.00000e+00;Pipeline { filter(avg_Y < 399000.0000) | filter(avg_Y < 928000000.0000) };9.36739e-01;1.00000e+00;Pipeline { filter(avg_Y < 10600000.0000) | filter(avg_Y < 407000.0000) }
datasets/geolife_60mins.csv;nsga2;5;32;3200;3200;8.18980e+01;100;17;9;1.00000e+00;1.00000e+00;1.40000e-01;9.36894e-01;1.00000e+00;Pipeline { filter(avg_Y < 417000.0000) };9.36739e-01;1.00000e+00;Pipeline { filter(avg_Y < 974000.0000) | filter(avg_Y < 408000.0000) };9.36870e-01;1.00000e+00;Pipeline { filter(avg_Y < 399000.0000) | filter(avg_X < 370000000.0000) };9.36860e-01;1.00000e+00;Pipeline { filter(avg_Y < 414000.0000) }
datasets/geolife_60mins.csv;nsga2;5;33;3300;3300;8.44590e+01;100;21;1;1.00000e+00;1.00000e+00;8.00000e-02;9.36894e-01;1.00000e+00;Pipeline { filter(avg_Y < 379000000.0000) | filter(avg_Y < 417000.0000) };9.36808e-01;1.00000e+00;Pipeline { filter(avg_X < 79000000.0000) | filter(avg_Y < 410000.0000) };9.36870e-01;1.00000e+00;Pipeline { filter(avg_Y < 399000.0000) | filter(avg_Y < 370000000.0000) };9.36870e-01;1.00000e+00;Pipeline { filter(avg_Y < 399000.0000) | filter(avg_Y < 771000.0000) }
datasets/geolife_60mins.csv;nsga2;5;34;3400;3400;8.71070e+01;100;34;62;1.00000e+00;1.00000e+00;3.00000e-02;9.36894e-01;1.00000e+00;Pipeline { filter(avg_X < 379000000.0000) | filter(avg_Y < 417000.0000) };9.36870e-01;1.00000e+00;Pipeline { filter(avg_Y < 399000.0000) | filter(avg_Y < 679000000.0000) };9.36894e-01;1.00000e+00;Pipeline { filter(avg_X < 39000000.0000) | filter(avg_Y < 417000.0000) };9.36870e-01;1.00000e+00;Pipeline { filter(avg_Y < 399000.0000) | filter(avg_Y < 964000000.0000) }
datasets/geolife_60mins.csv;nsga2;5;35;3500;3500;8.97470e+01;100;44;48;1.00000e+00;1.00000e+00;3.00000e-02;9.36894e-01;1.00000e+00;Pipeline { filter(avg_Y < 418000.0000) };9.36870e-01;1.00000e+00;Pipeline { filter(avg_Y < 399000.0000) | filter(avg_Y < 908000.0000) };9.36894e-01;1.00000e+00;Pipeline { filter(avg_Y < 355000000.0000) | filter(avg_Y < 417000.0000) };9.36870e-01;1.00000e+00;Pipeline { filter(avg_Y < 399000.0000) | filter(avg_X < 3100000000.0000) }
datasets/geolife_60mins.csv;nsga2;5;36;3600;3600;9.22530e+01;100;51;40;1.00000e+00;1.00000e+00;3.00000e-02;9.36894e-01;1.00000e+00;Pipeline { filter(avg_X < 3700000000.0000) | filter(avg_Y < 417000.0000) };9.36870e-01;1.00000e+00;Pipeline { filter(avg_Y < 399000.0000) | filter(avg_Y < 8970000000.0000) };9.36894e-01;1.00000e+00;Pipeline { filter(avg_X < 669000000.0000) | filter(avg_Y < 417000.0000) };9.36870e-01;1.00000e+00;Pipeline { filter(avg_Y < 399000.0000) | filter(avg_X < 6940000.0000) }
datasets/geolife_60mins.csv;nsga2;5;37;3700;3700;9.50140e+01;100;67;24;1.00000e+00;1.00000e+00;3.00000e-02;9.36894e-01;1.00000e+00;Pipeline { filter(avg_X < 3790000000.0000) | filter(avg_Y < 417000.0000) };9.36870e-01;1.00000e+00;Pipeline { filter(avg_Y < 399000.0000) | filter(avg_X < 6840000.0000) };9.36894e-01;1.00000e+00;Pipeline { filter(avg_Y < 3760000000.0000) | filter(avg_Y < 417000.0000) };9.36877e-01;1.00000e+00;Pipeline { filter(avg_Y < 356000000.0000) | filter(avg_Y < 415000.0000) }
datasets/geolife_60mins.csv;nsga2;5;38;3800;3800;9.80780e+01;100;83;5;1.00000e+00;1.00000e+00;3.00000e-02;9.36894e-01;1.00000e+00;Pipeline { filter(avg_Y < 369000000.0000) | filter(avg_Y < 417000.0000) };9.36870e-01;1.00000e+00;Pipeline { filter(avg_Y < 399000.0000) | filter(avg_Y < 983000.0000) };9.36894e-01;1.00000e+00;Pipeline { filter(avg_Y < 9250000.0000) | filter(avg_Y < 417000.0000) };9.36894e-01;1.00000e+00;Pipeline { filter(avg_Y < 669000000.0000) | filter(avg_Y < 417000.0000) }
datasets/geolife_60mins.csv;nsga2;5;39;3900;3900;1.00611e+02;100;100;100;1.00000e+00;1.00000e+00;1.00000e-02;9.36894e-01;1.00000e+00;Pipeline { filter(avg_Y < 419000.0000) };9.36894e-01;1.00000e+00;Pipeline { filter(avg_Y < 419000.0000) };9.36894e-01;1.00000e+00;Pipeline { filter(avg_Y < 976000000.0000) | filter(avg_Y < 417000.0000) };9.36894e-01;1.00000e+00;Pipeline { filter(avg_Y < 976000000.0000) | filter(avg_Y < 417000.0000) }
datasets/geolife_60mins.csv;nsga2;5;40;4000;4000;1.03309e+02;100;100;100;1.00000e+00;1.00000e+00;1.00000e-02;9.36894e-01;1.00000e+00;Pipeline { filter(avg_X < 7240000000.0000) | filter(avg_Y < 417000.0000) };9.36894e-01;1.00000e+00;Pipeline { filter(avg_X < 7240000000.0000) | filter(avg_Y < 417000.0000) };9.36894e-01;1.00000e+00;Pipeline { filter(avg_X < 360000000.0000) | filter(avg_Y < 419000.0000) };9.36894e-01;1.00000e+00;Pipeline { filter(avg_X < 360000000.0000) | filter(avg_Y < 419000.0000) }
datasets/geolife_60mins.csv;nsga2;5;41;4100;4100;1.06072e+02;100;100;100;1.00000e+00;1.00000e+00;1.00000e-02;9.36894e-01;1.00000e+00;Pipeline { filter(avg_X < 829000000.0000) | filter(avg_Y < 417000.0000) };9.36894e-01;1.00000e+00;Pipeline { filter(avg_X < 829000000.0000) | filter(avg_Y < 417000.0000) };9.36894e-01;1.00000e+00;Pipeline { filter(avg_Y < 339000000.0000) | filter(avg_Y < 417000.0000) };9.36894e-01;1.00000e+00;Pipeline { filter(avg_Y < 339000000.0000) | filter(avg_Y < 417000.0000) }
datasets/geolife_60mins.csv;nsga2;5;42;4200;4200;1.08665e+02;100;1;99;1.00000e+00;1.00000e+00;2.00000e-02;9.37236e-01;1.00000e+00;Pipeline { filter(avg_X < 1700000.0000) | filter(avg_Y < 417000.0000) };9.36894e-01;1.00000e+00;Pipeline { filter(avg_X < 329000000.0000) | filter(avg_Y < 417000.0000) };9.36894e-01;1.00000e+00;Pipeline { filter(avg_X < 3750000000.0000) | filter(avg_Y < 417000.0000) };9.36894e-01;1.00000e+00;Pipeline { filter(avg_Y < 7030000.0000) | filter(avg_Y < 417000.0000) }
datasets/geolife_60mins.csv;nsga2;5;43;4300;4300;1.11399e+02;100;1;99;1.00000e+00;1.00000e+00;2.00000e-02;9.37236e-01;1.00000e+00;Pipeline { filter(avg_X < 1700000.0000) | filter(avg_Y < 417000.0000) };9.36894e-01;1.00000e+00;Pipeline { filter(avg_Y < 369000000.0000) | filter(avg_Y < 417000.0000) };9.36894e-01;1.00000e+00;Pipeline { filter(avg_Y < 419000.0000) };9.36894e-01;1.00000e+00;Pipeline { filter(avg_Y < 1200000000.0000) | filter(avg_Y < 417000.0000) }
datasets/geolife_60mins.csv;nsga2;5;44;4400;4400;1.13845e+02;100;2;98;1.00000e+00;1.00000e+00;2.00000e-02;9.37236e-01;1.00000e+00;Pipeline { filter(avg_X < 1700000.0000) | filter(avg_Y < 417000.0000) };9.36894e-01;1.00000e+00;Pipeline { filter(avg_Y < 419000.0000) };9.36894e-01;1.00000e+00;Pipeline { filter(avg_X < 92000000.0000) | filter(avg_Y < 417000.0000) };9.36894e-01;1.00000e+00;Pipeline { filter(avg_X < 831000000.0000) | filter(avg_Y < 417000.0000) }
datasets/geolife_60mins.csv;nsga2;5;45;4500;4500;1.16308e+02;100;2;98;1.00000e+00;1.00000e+00;2.00000e-02;9.37236e-01;1.00000e+00;Pipeline { filter(avg_X < 1700000.0000) | filter(avg_Y < 417000.0000) };9.36894e-01;1.00000e+00;Pipeline { filter(avg_X < 381000000.0000) | filter(avg_Y < 417000.0000) };9.36894e-01;1.00000e+00;Pipeline { filter(avg_X < 3870000000.0000) | filter(avg_Y < 417000.0000) };9.36894e-01;1.00000e+00;Pipeline { filter(avg_Y < 10000000.0000) | filter(avg_Y < 417000.0000) }
datasets/geolife_60mins.csv;nsga2;5;46;4600;4600;1.18787e+02;100;2;98;1.00000e+00;1.00000e+00;2.00000e-02;9.37236e-01;1.00000e+00;Pipeline { filter(avg_X < 1700000.0000) | filter(avg_Y < 417000.0000) };9.36894e-01;1.00000e+00;Pipeline { filter(avg_Y < 9630000000.0000) | filter(avg_Y < 417000.0000) };9.36894e-01;1.00000e+00;Pipeline { filter(avg_X < 92100000.0000) | filter(avg_Y < 417000.0000) };9.36894e-01;1.00000e+00;Pipeline { filter(avg_X < 592000000.0000) | filter(avg_Y < 417000.0000) }
datasets/geolife_60mins.csv;nsga2;5;47;4700;4700;1.21422e+02;100;2;98;1.00000e+00;1.00000e+00;2.00000e-02;9.37236e-01;1.00000e+00;Pipeline { filter(avg_X < 1700000.0000) | filter(avg_Y < 417000.0000) };9.36894e-01;1.00000e+00;Pipeline { filter(avg_X < 92100000.0000) | filter(avg_Y < 417000.0000) };9.36894e-01;1.00000e+00;Pipeline { filter(avg_X < 94000000.0000) | filter(avg_Y < 417000.0000) };9.36894e-01;1.00000e+00;Pipeline { filter(avg_X < 325000000.0000) | filter(avg_Y < 417000.0000) }
datasets/geolife_60mins.csv;nsga2;5;48;4800;4800;1.24020e+02;100;2;98;1.00000e+00;1.00000e+00;2.00000e-02;9.37236e-01;1.00000e+00;Pipeline { filter(avg_X < 1700000.0000) | filter(avg_Y < 417000.0000) };9.36894e-01;1.00000e+00;Pipeline { filter(avg_X < 229000000.0000) | filter(avg_Y < 417000.0000) };9.36894e-01;1.00000e+00;Pipeline { filter(avg_Y < 633000000.0000) | filter(avg_Y < 417000.0000) };9.36894e-01;1.00000e+00;Pipeline { filter(avg_X < 7610000000.0000) | filter(avg_Y < 417000.0000) }
datasets/geolife_60mins.csv;nsga2;5;49;4900;4900;1.27078e+02;100;3;97;1.00000e+00;1.00000e+00;2.00000e-02;9.37236e-01;1.00000e+00;Pipeline { filter(avg_X < 1750000.0000) | filter(avg_Y < 417000.0000) };9.36894e-01;1.00000e+00;Pipeline { filter(avg_X < 9700000.0000) | filter(avg_Y < 417000.0000) };9.36894e-01;1.00000e+00;Pipeline { filter(avg_Y < 80800000.0000) | filter(avg_Y < 417000.0000) };9.36894e-01;1.00000e+00;Pipeline { filter(avg_X < 381000000.0000) | filter(avg_Y < 417000.0000) }
datasets/geolife_60mins.csv;nsga2;5;50;5000;5000;1.29530e+02;100;3;97;1.00000e+00;1.00000e+00;2.00000e-02;9.37236e-01;1.00000e+00;Pipeline { filter(avg_X < 1700000.0000) | filter(avg_Y < 417000.0000) };9.36894e-01;1.00000e+00;Pipeline { filter(avg_Y < 315000000.0000) | filter(avg_Y < 417000.0000) };9.36894e-01;1.00000e+00;Pipeline { filter(avg_X < 84000000.0000) | filter(avg_Y < 419000.0000) };9.36894e-01;1.00000e+00;Pipeline { filter(avg_X < 359000000.0000) | filter(avg_Y < 419000.0000) }
