problem.name;solver.name;randomGenerator.seed;n.iterations;n.evals;n.births;elapsed.secs;all→size;firsts→size;lasts→size;all→each[genotype]→uniqueness;all→each[solution]→uniqueness;all→each[quality]→uniqueness;"all→percentile[quality→privacy;100]→quality→privacy";"all→percentile[quality→privacy;100]→quality→results-similarity";"all→percentile[quality→privacy;100]→solution";"all→percentile[quality→results-similarity;100]→quality→privacy";"all→percentile[quality→results-similarity;100]→quality→results-similarity";"all→percentile[quality→results-similarity;100]→solution";"all→percentile[quality→privacy;75]→quality→privacy";"all→percentile[quality→privacy;75]→quality→results-similarity";"all→percentile[quality→privacy;75]→solution";"all→percentile[quality→results-similarity;75]→quality→privacy";"all→percentile[quality→results-similarity;75]→quality→results-similarity";"all→percentile[quality→results-similarity;75]→solution"
datasets/airQuality_parallel.csv;nsga2;1;1;100;100;1.18790e+01;100;2;60;9.80000e-01;9.80000e-01;4.10000e-01;8.79455e-01;4.50355e-01;Pipeline { map_aggregate(attribute=NO2(GT), function=avg, window=10) };8.46251e-01;1.00000e+00;Pipeline { map_aggregate(attribute=PT08.S1(CO), function=min, window=7) };5.38677e-01;9.26829e-01;Pipeline { map_duplicate(probability=0.60) };3.59353e-01;9.02098e-01;Pipeline { map_aggregate(attribute=RH, function=max, window=9) | map_noise(attribute=PT08.S2(NMHC), percentage=0.25) | map_noise(attribute=NO2(GT), percentage=0.05) | map_duplicate(probability=0.60) | map_noise(attribute=NO2(GT), percentage=0.01) | map_noise(attribute=C6H6(GT), percentage=0.01) | map_noise(attribute=NO2(GT), percentage=0.05) | map_duplicate(probability=0.50) }
datasets/airQuality_parallel.csv;nsga2;1;2;200;200;2.00460e+01;100;1;1;9.80000e-01;9.80000e-01;9.50000e-01;8.84183e-01;1.00000e+00;Pipeline { map_aggregate(attribute=NOx(GT), function=min, window=4) };8.46251e-01;1.00000e+00;Pipeline { map_aggregate(attribute=PT08.S1(CO), function=min, window=7) };8.68544e-01;1.00000e+00;Pipeline { map_noise(attribute=PT08.S3(NOx), percentage=0.05) };8.73449e-01;1.00000e+00;Pipeline { map_noise(attribute=PT08.S4(NO2), percentage=0.10) }
datasets/airQuality_parallel.csv;nsga2;1;3;300;300;2.79150e+01;100;1;3;1.00000e+00;1.00000e+00;9.70000e-01;8.84183e-01;1.00000e+00;Pipeline { map_aggregate(attribute=NOx(GT), function=min, window=4) };7.07174e-01;1.00000e+00;Pipeline { filter(CO(GT) < 169000.0000) };8.71657e-01;1.00000e+00;Pipeline { map_aggregate(attribute=T, function=min, window=5) };8.65993e-01;1.00000e+00;Pipeline { map_aggregate(attribute=PT08.S4(NO2), function=max, window=3) }
datasets/airQuality_parallel.csv;nsga2;1;4;400;400;3.18810e+01;100;1;1;1.00000e+00;1.00000e+00;8.80000e-01;8.84183e-01;1.00000e+00;Pipeline { map_aggregate(attribute=NOx(GT), function=min, window=4) };8.69252e-01;1.00000e+00;Pipeline { map_noise(attribute=PT08.S1(CO), percentage=0.01) | map_noise(attribute=PT08.S5(O3), percentage=0.01) };8.79065e-01;4.71631e-01;Pipeline { map_aggregate(attribute=NO2(GT), function=avg, window=6) };8.70798e-01;1.00000e+00;Pipeline { map_aggregate(attribute=T, function=avg, window=5) }
datasets/airQuality_parallel.csv;nsga2;1;5;500;500;3.60450e+01;100;2;1;1.00000e+00;1.00000e+00;8.90000e-01;8.84183e-01;1.00000e+00;Pipeline { map_aggregate(attribute=NOx(GT), function=min, window=4) };8.71605e-01;1.00000e+00;Pipeline { map_aggregate(attribute=PT08.S4(NO2), function=min, window=3) | map_noise(attribute=NMHC(GT), percentage=0.25) };8.79989e-01;1.00000e+00;Pipeline { map_aggregate(attribute=PT08.S1(CO), function=avg, window=7) };8.74996e-01;1.00000e+00;Pipeline { map_aggregate(attribute=RH, function=avg, window=3) }
datasets/airQuality_parallel.csv;nsga2;1;6;600;600;4.02930e+01;100;1;1;1.00000e+00;1.00000e+00;9.10000e-01;8.87405e-01;1.00000e+00;Pipeline { map_aggregate(attribute=NOx(GT), function=min, window=4) | map_aggregate(attribute=PT08.S3(NOx), function=avg, window=4) };8.74401e-01;1.00000e+00;Pipeline { map_aggregate(attribute=AH, function=min, window=10) };8.80851e-01;1.00000e+00;Pipeline { map_aggregate(attribute=C6H6(GT), function=avg, window=10) };8.78511e-01;1.00000e+00;Pipeline { map_aggregate(attribute=PT08.S3(NOx), function=avg, window=9) }
datasets/airQuality_parallel.csv;nsga2;1;7;700;700;4.47500e+01;100;1;1;1.00000e+00;1.00000e+00;8.90000e-01;8.87565e-01;1.00000e+00;Pipeline { map_aggregate(attribute=NOx(GT), function=min, window=4) | map_aggregate(attribute=PT08.S4(NO2), function=avg, window=9) };8.77994e-01;1.00000e+00;Pipeline { map_aggregate(attribute=PT08.S3(NOx), function=avg, window=10) };8.81364e-01;1.00000e+00;Pipeline { map_aggregate(attribute=C6H6(GT), function=avg, window=5) };8.79509e-01;1.00000e+00;Pipeline { map_aggregate(attribute=PT08.S2(NMHC), function=avg, window=9) }
datasets/airQuality_parallel.csv;nsga2;1;8;800;800;4.89860e+01;100;1;1;1.00000e+00;1.00000e+00;8.80000e-01;8.87565e-01;1.00000e+00;Pipeline { map_aggregate(attribute=NOx(GT), function=min, window=4) | map_aggregate(attribute=PT08.S4(NO2), function=avg, window=9) };8.79216e-01;1.00000e+00;Pipeline { map_aggregate(attribute=NOx(GT), function=min, window=10) | map_aggregate(attribute=T, function=max, window=7) };8.82267e-01;1.00000e+00;Pipeline { map_aggregate(attribute=NOx(GT), function=avg, window=9) | map_aggregate(attribute=RH, function=avg, window=9) };8.79820e-01;1.00000e+00;Pipeline { map_aggregate(attribute=NOx(GT), function=avg, window=4) | map_aggregate(attribute=T, function=max, window=4) }
datasets/airQuality_parallel.csv;nsga2;1;9;900;900;5.36340e+01;100;1;1;1.00000e+00;1.00000e+00;8.80000e-01;8.87636e-01;1.00000e+00;Pipeline { map_aggregate(attribute=NOx(GT), function=min, window=4) | map_aggregate(attribute=PT08.S2(NMHC), function=avg, window=9) };8.79584e-01;1.00000e+00;Pipeline { map_aggregate(attribute=NOx(GT), function=avg, window=9) | map_aggregate(attribute=NMHC(GT), function=avg, window=6) };8.82441e-01;1.00000e+00;Pipeline { map_aggregate(attribute=PT08.S5(O3), function=avg, window=4) };8.80489e-01;1.00000e+00;Pipeline { map_aggregate(attribute=NOx(GT), function=min, window=9) | map_noise(attribute=PT08.S5(O3), percentage=0.05) }
datasets/airQuality_parallel.csv;nsga2;1;10;1000;1000;5.78850e+01;100;1;2;1.00000e+00;1.00000e+00;9.20000e-01;8.89074e-01;1.00000e+00;Pipeline { map_aggregate(attribute=NOx(GT), function=min, window=4) | map_aggregate(attribute=C6H6(GT), function=avg, window=3) };8.80489e-01;1.00000e+00;Pipeline { map_aggregate(attribute=NOx(GT), function=min, window=9) | map_noise(attribute=PT08.S5(O3), percentage=0.05) };8.83157e-01;1.00000e+00;Pipeline { map_aggregate(attribute=NOx(GT), function=min, window=7) | map_aggregate(attribute=RH, function=avg, window=5) };8.81404e-01;1.00000e+00;Pipeline { map_aggregate(attribute=NOx(GT), function=min, window=9) | map_aggregate(attribute=AH, function=avg, window=4) }
datasets/airQuality_parallel.csv;nsga2;1;11;1100;1100;6.21540e+01;100;2;1;1.00000e+00;1.00000e+00;9.00000e-01;8.90228e-01;4.50355e-01;Pipeline { map_aggregate(attribute=NOx(GT), function=min, window=6) | map_aggregate(attribute=NO2(GT), function=avg, window=10) };8.81404e-01;1.00000e+00;Pipeline { map_aggregate(attribute=NOx(GT), function=min, window=9) | map_aggregate(attribute=AH, function=avg, window=4) };8.84640e-01;1.00000e+00;Pipeline { map_aggregate(attribute=NOx(GT), function=min, window=9) | map_aggregate(attribute=C6H6(GT), function=avg, window=7) };8.82267e-01;1.00000e+00;Pipeline { map_aggregate(attribute=NOx(GT), function=avg, window=9) | map_aggregate(attribute=RH, function=avg, window=9) }
datasets/airQuality_parallel.csv;nsga2;1;12;1200;1200;6.70170e+01;100;2;1;1.00000e+00;1.00000e+00;8.90000e-01;8.90228e-01;4.50355e-01;Pipeline { map_aggregate(attribute=NOx(GT), function=min, window=6) | map_aggregate(attribute=NO2(GT), function=avg, window=10) };8.82153e-01;1.00000e+00;Pipeline { map_aggregate(attribute=PT08.S5(O3), function=avg, window=10) };8.85499e-01;5.75972e-01;Pipeline { map_aggregate(attribute=NOx(GT), function=min, window=9) | map_aggregate(attribute=NO2(GT), function=avg, window=4) };8.82441e-01;1.00000e+00;Pipeline { map_aggregate(attribute=T, function=avg, window=10) | map_aggregate(attribute=PT08.S4(NO2), function=avg, window=9) }
datasets/airQuality_parallel.csv;nsga2;1;13;1300;1300;7.10980e+01;100;2;1;1.00000e+00;1.00000e+00;9.20000e-01;8.90228e-01;4.50355e-01;Pipeline { map_aggregate(attribute=NOx(GT), function=min, window=6) | map_aggregate(attribute=NO2(GT), function=avg, window=10) };8.82473e-01;1.00000e+00;Pipeline { map_aggregate(attribute=NOx(GT), function=min, window=6) | map_aggregate(attribute=RH, function=avg, window=9) };8.86502e-01;1.00000e+00;Pipeline { map_aggregate(attribute=NOx(GT), function=min, window=4) | map_noise(attribute=PT08.S4(NO2), percentage=0.10) };8.83535e-01;1.00000e+00;Pipeline { map_aggregate(attribute=NOx(GT), function=min, window=7) | map_aggregate(attribute=PT08.S4(NO2), function=avg, window=5) }
datasets/airQuality_parallel.csv;nsga2;1;14;1400;1400;7.59400e+01;100;3;4;1.00000e+00;1.00000e+00;9.20000e-01;8.90228e-01;4.50355e-01;Pipeline { map_aggregate(attribute=NOx(GT), function=min, window=6) | map_aggregate(attribute=NO2(GT), function=avg, window=10) };8.82940e-01;1.00000e+00;Pipeline { map_aggregate(attribute=NOx(GT), function=min, window=7) | map_aggregate(attribute=PT08.S3(NOx), function=avg, window=5) };8.86925e-01;5.20354e-01;Pipeline { map_aggregate(attribute=NOx(GT), function=min, window=7) | map_aggregate(attribute=NO2(GT), function=avg, window=5) };8.84243e-01;1.00000e+00;Pipeline { map_aggregate(attribute=NOx(GT), function=min, window=3) | map_aggregate(attribute=NMHC(GT), function=max, window=4) }
datasets/airQuality_parallel.csv;nsga2;1;15;1500;1500;8.00460e+01;100;3;1;1.00000e+00;1.00000e+00;8.90000e-01;8.90228e-01;4.50355e-01;Pipeline { map_aggregate(attribute=NOx(GT), function=min, window=6) | map_aggregate(attribute=NO2(GT), function=avg, window=10) };8.83885e-01;1.00000e+00;Pipeline { map_aggregate(attribute=NOx(GT), function=min, window=4) | map_noise(attribute=T, percentage=0.25) };8.87669e-01;1.00000e+00;Pipeline { map_aggregate(attribute=NOx(GT), function=min, window=4) | map_aggregate(attribute=PT08.S3(NOx), function=avg, window=5) };8.84520e-01;1.00000e+00;Pipeline { map_aggregate(attribute=NOx(GT), function=min, window=4) | map_aggregate(attribute=T, function=min, window=3) }
datasets/airQuality_parallel.csv;nsga2;1;16;1600;1600;8.44780e+01;100;3;1;1.00000e+00;1.00000e+00;9.00000e-01;8.90228e-01;4.50355e-01;Pipeline { map_aggregate(attribute=NOx(GT), function=min, window=6) | map_aggregate(attribute=NO2(GT), function=avg, window=10) };8.84298e-01;1.00000e+00;Pipeline { map_aggregate(attribute=NOx(GT), function=min, window=7) | map_aggregate(attribute=PT08.S3(NOx), function=avg, window=10) };8.88008e-01;1.00000e+00;Pipeline { map_aggregate(attribute=NOx(GT), function=min, window=4) | map_aggregate(attribute=PT08.S2(NMHC), function=avg, window=5) };8.84901e-01;1.00000e+00;Pipeline { map_aggregate(attribute=NOx(GT), function=min, window=3) | map_aggregate(attribute=AH, function=avg, window=7) }
datasets/airQuality_parallel.csv;nsga2;1;17;1700;1700;8.85110e+01;100;2;2;1.00000e+00;1.00000e+00;9.40000e-01;8.90228e-01;4.50355e-01;Pipeline { map_aggregate(attribute=NOx(GT), function=min, window=6) | map_aggregate(attribute=NO2(GT), function=avg, window=10) };8.84540e-01;1.00000e+00;Pipeline { map_aggregate(attribute=NOx(GT), function=min, window=4) | map_noise(attribute=PT08.S5(O3), percentage=0.10) };8.88256e-01;5.75972e-01;Pipeline { map_aggregate(attribute=NOx(GT), function=min, window=4) | map_aggregate(attribute=NO2(GT), function=avg, window=4) };8.85929e-01;1.00000e+00;Pipeline { map_aggregate(attribute=NOx(GT), function=min, window=5) | map_aggregate(attribute=PT08.S5(O3), function=avg, window=8) }
datasets/airQuality_parallel.csv;nsga2;1;18;1800;1800;9.31290e+01;100;2;1;1.00000e+00;1.00000e+00;9.20000e-01;8.90228e-01;4.50355e-01;Pipeline { map_aggregate(attribute=NOx(GT), function=min, window=6) | map_aggregate(attribute=NO2(GT), function=avg, window=10) };8.85244e-01;1.00000e+00;Pipeline { map_aggregate(attribute=NOx(GT), function=min, window=7) | map_aggregate(attribute=C6H6(GT), function=avg, window=7) };8.88589e-01;1.00000e+00;Pipeline { map_aggregate(attribute=NOx(GT), function=min, window=4) | map_aggregate(attribute=PT08.S5(O3), function=avg, window=8) };8.87075e-01;1.00000e+00;Pipeline { map_aggregate(attribute=NOx(GT), function=min, window=3) | map_aggregate(attribute=C6H6(GT), function=avg, window=7) }
datasets/airQuality_parallel.csv;nsga2;1;19;1900;1900;9.76740e+01;100;2;1;1.00000e+00;1.00000e+00;9.20000e-01;8.90228e-01;4.50355e-01;Pipeline { map_aggregate(attribute=NOx(GT), function=min, window=6) | map_aggregate(attribute=NO2(GT), function=avg, window=10) };8.85544e-01;1.00000e+00;Pipeline { map_aggregate(attribute=NOx(GT), function=min, window=4) | map_aggregate(attribute=T, function=avg, window=5) };8.88608e-01;1.00000e+00;Pipeline { map_aggregate(attribute=NOx(GT), function=min, window=3) | map_aggregate(attribute=PT08.S4(NO2), function=avg, window=6) };8.87336e-01;1.00000e+00;Pipeline { map_aggregate(attribute=NOx(GT), function=min, window=3) | map_aggregate(attribute=PT08.S2(NMHC), function=avg, window=9) }
datasets/airQuality_parallel.csv;nsga2;1;20;2000;2000;1.02088e+02;100;2;2;1.00000e+00;1.00000e+00;9.00000e-01;8.90228e-01;4.50355e-01;Pipeline { map_aggregate(attribute=NOx(GT), function=min, window=6) | map_aggregate(attribute=NO2(GT), function=avg, window=10) };8.85950e-01;1.00000e+00;Pipeline { map_aggregate(attribute=NOx(GT), function=min, window=3) | map_aggregate(attribute=NOx(GT), function=avg, window=7) };8.88631e-01;4.83126e-01;Pipeline { map_aggregate(attribute=NOx(GT), function=min, window=6) | map_aggregate(attribute=NO2(GT), function=avg, window=9) };8.87405e-01;1.00000e+00;Pipeline { map_aggregate(attribute=NOx(GT), function=min, window=4) | map_aggregate(attribute=PT08.S3(NOx), function=avg, window=4) }
datasets/airQuality_parallel.csv;nsga2;1;21;2100;2100;1.06421e+02;100;2;1;1.00000e+00;1.00000e+00;8.80000e-01;8.90228e-01;4.50355e-01;Pipeline { map_aggregate(attribute=NOx(GT), function=min, window=6) | map_aggregate(attribute=NO2(GT), function=avg, window=10) };8.86405e-01;1.00000e+00;Pipeline { map_aggregate(attribute=NOx(GT), function=min, window=3) | map_aggregate(attribute=PT08.S1(CO), function=avg, window=7) };8.88631e-01;4.82270e-01;Pipeline { map_aggregate(attribute=NOx(GT), function=min, window=4) | map_aggregate(attribute=NO2(GT), function=avg, window=8) };8.87521e-01;1.00000e+00;Pipeline { map_aggregate(attribute=NOx(GT), function=min, window=6) | map_aggregate(attribute=C6H6(GT), function=avg, window=9) }
datasets/airQuality_parallel.csv;nsga2;1;22;2200;2200;1.10680e+02;100;2;2;1.00000e+00;1.00000e+00;8.60000e-01;8.90228e-01;4.50355e-01;Pipeline { map_aggregate(attribute=NOx(GT), function=min, window=6) | map_aggregate(attribute=NO2(GT), function=avg, window=10) };8.86590e-01;1.00000e+00;Pipeline { map_aggregate(attribute=NOx(GT), function=min, window=5) | map_aggregate(attribute=PT08.S4(NO2), function=avg, window=10) };8.88887e-01;1.00000e+00;Pipeline { map_aggregate(attribute=NOx(GT), function=min, window=3) | map_aggregate(attribute=C6H6(GT), function=avg, window=10) };8.87669e-01;1.00000e+00;Pipeline { map_aggregate(attribute=NOx(GT), function=min, window=4) | map_aggregate(attribute=PT08.S3(NOx), function=avg, window=5) }
datasets/airQuality_parallel.csv;nsga2;1;23;2300;2300;1.14830e+02;100;1;3;1.00000e+00;1.00000e+00;8.60000e-01;8.90563e-01;1.00000e+00;Pipeline { map_aggregate(attribute=NOx(GT), function=min, window=3) | map_aggregate(attribute=PT08.S5(O3), function=avg, window=10) };8.86747e-01;1.00000e+00;Pipeline { map_aggregate(attribute=NOx(GT), function=min, window=4) | map_aggregate(attribute=PT08.S1(CO), function=avg, window=8) };8.88887e-01;1.00000e+00;Pipeline { map_aggregate(attribute=NOx(GT), function=min, window=4) | map_aggregate(attribute=C6H6(GT), function=avg, window=8) };8.87748e-01;1.00000e+00;Pipeline { map_aggregate(attribute=NOx(GT), function=min, window=4) | map_aggregate(attribute=PT08.S5(O3), function=avg, window=4) }
datasets/airQuality_parallel.csv;nsga2;1;24;2400;2400;1.19023e+02;100;1;1;1.00000e+00;1.00000e+00;8.80000e-01;8.90563e-01;1.00000e+00;Pipeline { map_aggregate(attribute=NOx(GT), function=min, window=3) | map_aggregate(attribute=PT08.S5(O3), function=avg, window=10) };8.86888e-01;1.00000e+00;Pipeline { map_aggregate(attribute=NOx(GT), function=min, window=4) | map_aggregate(attribute=PT08.S4(NO2), function=avg, window=3) };8.88916e-01;1.00000e+00;Pipeline { map_aggregate(attribute=NOx(GT), function=min, window=3) | map_aggregate(attribute=PT08.S4(NO2), function=avg, window=10) };8.87790e-01;1.00000e+00;Pipeline { map_aggregate(attribute=NOx(GT), function=min, window=4) | map_aggregate(attribute=PT08.S3(NOx), function=avg, window=9) }
datasets/airQuality_parallel.csv;nsga2;1;25;2500;2500;1.23342e+02;100;1;1;1.00000e+00;1.00000e+00;8.80000e-01;8.90563e-01;1.00000e+00;Pipeline { map_aggregate(attribute=NOx(GT), function=min, window=3) | map_aggregate(attribute=PT08.S5(O3), function=avg, window=10) };8.87121e-01;1.00000e+00;Pipeline { map_aggregate(attribute=NOx(GT), function=min, window=3) | map_aggregate(attribute=PT08.S3(NOx), function=avg, window=5) };8.88916e-01;1.00000e+00;Pipeline { map_aggregate(attribute=NOx(GT), function=min, window=3) | map_aggregate(attribute=PT08.S4(NO2), function=avg, window=10) };8.87806e-01;1.00000e+00;Pipeline { map_aggregate(attribute=NOx(GT), function=min, window=5) | map_aggregate(attribute=C6H6(GT), function=avg, window=7) }
datasets/airQuality_parallel.csv;nsga2;1;26;2600;2600;1.27818e+02;100;1;1;1.00000e+00;1.00000e+00;8.80000e-01;8.90563e-01;1.00000e+00;Pipeline { map_aggregate(attribute=NOx(GT), function=min, window=3) | map_aggregate(attribute=PT08.S5(O3), function=avg, window=10) };8.87140e-01;1.00000e+00;Pipeline { map_aggregate(attribute=NOx(GT), function=min, window=4) | map_noise(attribute=PT08.S2(NMHC), percentage=0.10) };8.88916e-01;1.00000e+00;Pipeline { map_aggregate(attribute=NOx(GT), function=min, window=3) | map_aggregate(attribute=PT08.S4(NO2), function=avg, window=10) };8.87806e-01;1.00000e+00;Pipeline { map_aggregate(attribute=NOx(GT), function=min, window=5) | map_aggregate(attribute=C6H6(GT), function=avg, window=7) }
datasets/airQuality_parallel.csv;nsga2;1;27;2700;2700;1.32368e+02;100;1;1;1.00000e+00;1.00000e+00;8.80000e-01;8.90563e-01;1.00000e+00;Pipeline { map_aggregate(attribute=NOx(GT), function=min, window=3) | map_aggregate(attribute=PT08.S5(O3), function=avg, window=10) };8.87186e-01;1.00000e+00;Pipeline { map_aggregate(attribute=NOx(GT), function=min, window=4) | map_aggregate(attribute=PT08.S4(NO2), function=avg, window=4) };8.88916e-01;1.00000e+00;Pipeline { map_aggregate(attribute=NOx(GT), function=min, window=3) | map_aggregate(attribute=PT08.S4(NO2), function=avg, window=10) };8.87811e-01;1.00000e+00;Pipeline { map_aggregate(attribute=NOx(GT), function=min, window=4) | map_aggregate(attribute=PT08.S3(NOx), function=avg, window=7) }
datasets/airQuality_parallel.csv;nsga2;1;28;2800;2800;1.37004e+02;100;1;1;1.00000e+00;1.00000e+00;8.70000e-01;8.90563e-01;1.00000e+00;Pipeline { map_aggregate(attribute=NOx(GT), function=min, window=3) | map_aggregate(attribute=PT08.S5(O3), function=avg, window=10) };8.87316e-01;1.00000e+00;Pipeline { map_aggregate(attribute=NOx(GT), function=min, window=4) | map_aggregate(attribute=PT08.S5(O3), function=avg, window=6) };8.88916e-01;1.00000e+00;Pipeline { map_aggregate(attribute=NOx(GT), function=min, window=3) | map_aggregate(attribute=PT08.S4(NO2), function=avg, window=10) };8.87823e-01;1.00000e+00;Pipeline { map_aggregate(attribute=NOx(GT), function=min, window=4) | map_aggregate(attribute=PT08.S2(NMHC), function=avg, window=3) }
datasets/airQuality_parallel.csv;nsga2;1;29;2900;2900;1.41580e+02;100;1;1;1.00000e+00;1.00000e+00;8.60000e-01;8.90563e-01;1.00000e+00;Pipeline { map_aggregate(attribute=NOx(GT), function=min, window=3) | map_aggregate(attribute=PT08.S5(O3), function=avg, window=10) };8.87368e-01;1.00000e+00;Pipeline { map_aggregate(attribute=NOx(GT), function=min, window=3) | map_aggregate(attribute=PT08.S5(O3), function=avg, window=6) };8.88916e-01;1.00000e+00;Pipeline { map_aggregate(attribute=NOx(GT), function=min, window=3) | map_aggregate(attribute=PT08.S4(NO2), function=avg, window=10) };8.87925e-01;1.00000e+00;Pipeline { map_aggregate(attribute=NOx(GT), function=min, window=4) | map_aggregate(attribute=PT08.S3(NOx), function=avg, window=10) }
datasets/airQuality_parallel.csv;nsga2;1;30;3000;3000;1.46127e+02;100;1;1;1.00000e+00;1.00000e+00;8.40000e-01;8.90563e-01;1.00000e+00;Pipeline { map_aggregate(attribute=NOx(GT), function=min, window=3) | map_aggregate(attribute=PT08.S5(O3), function=avg, window=10) };8.87488e-01;1.00000e+00;Pipeline { map_aggregate(attribute=NOx(GT), function=min, window=3) | map_aggregate(attribute=PT08.S1(CO), function=avg, window=9) };8.88916e-01;1.00000e+00;Pipeline { map_aggregate(attribute=NOx(GT), function=min, window=3) | map_aggregate(attribute=PT08.S4(NO2), function=avg, window=10) };8.88008e-01;1.00000e+00;Pipeline { map_aggregate(attribute=NOx(GT), function=min, window=4) | map_aggregate(attribute=PT08.S2(NMHC), function=avg, window=5) }
datasets/airQuality_parallel.csv;nsga2;1;31;3100;3100;1.51619e+02;100;1;1;1.00000e+00;1.00000e+00;8.20000e-01;8.90563e-01;1.00000e+00;Pipeline { map_aggregate(attribute=NOx(GT), function=min, window=3) | map_aggregate(attribute=PT08.S5(O3), function=avg, window=10) };8.87555e-01;1.00000e+00;Pipeline { map_aggregate(attribute=NOx(GT), function=min, window=4) | map_aggregate(attribute=PT08.S3(NOx), function=avg, window=6) };8.88916e-01;1.00000e+00;Pipeline { map_aggregate(attribute=NOx(GT), function=min, window=3) | map_aggregate(attribute=PT08.S4(NO2), function=avg, window=9) };8.88123e-01;1.00000e+00;Pipeline { map_aggregate(attribute=NOx(GT), function=min, window=3) | map_aggregate(attribute=PT08.S4(NO2), function=avg, window=3) }
datasets/airQuality_parallel.csv;nsga2;1;32;3200;3200;1.56079e+02;100;1;1;1.00000e+00;1.00000e+00;8.20000e-01;8.90563e-01;1.00000e+00;Pipeline { map_aggregate(attribute=NOx(GT), function=min, window=3) | map_aggregate(attribute=PT08.S5(O3), function=avg, window=10) };8.87565e-01;1.00000e+00;Pipeline { map_aggregate(attribute=NOx(GT), function=min, window=4) | map_aggregate(attribute=PT08.S4(NO2), function=avg, window=9) };8.88916e-01;1.00000e+00;Pipeline { map_aggregate(attribute=NOx(GT), function=min, window=3) | map_aggregate(attribute=PT08.S4(NO2), function=avg, window=9) };8.88128e-01;1.00000e+00;Pipeline { map_aggregate(attribute=NOx(GT), function=min, window=3) | map_aggregate(attribute=PT08.S5(O3), function=avg, window=4) }
datasets/airQuality_parallel.csv;nsga2;1;33;3300;3300;1.60393e+02;100;1;2;1.00000e+00;1.00000e+00;8.20000e-01;8.90563e-01;1.00000e+00;Pipeline { map_aggregate(attribute=NOx(GT), function=min, window=3) | map_aggregate(attribute=PT08.S5(O3), function=avg, window=10) };8.87583e-01;1.00000e+00;Pipeline { map_aggregate(attribute=NOx(GT), function=min, window=4) | map_aggregate(attribute=PT08.S3(NOx), function=avg, window=3) };8.88916e-01;1.00000e+00;Pipeline { map_aggregate(attribute=NOx(GT), function=min, window=3) | map_aggregate(attribute=PT08.S5(O3), function=avg, window=8) };8.88128e-01;1.00000e+00;Pipeline { map_aggregate(attribute=NOx(GT), function=min, window=3) | map_aggregate(attribute=PT08.S5(O3), function=avg, window=4) }
datasets/airQuality_parallel.csv;nsga2;1;34;3400;3400;1.64746e+02;100;1;1;1.00000e+00;1.00000e+00;8.20000e-01;8.90563e-01;1.00000e+00;Pipeline { map_aggregate(attribute=NOx(GT), function=min, window=3) | map_aggregate(attribute=PT08.S5(O3), function=avg, window=10) };8.87617e-01;1.00000e+00;Pipeline { map_aggregate(attribute=NOx(GT), function=min, window=3) | map_aggregate(attribute=PT08.S3(NOx), function=avg, window=9) };8.88916e-01;1.00000e+00;Pipeline { map_aggregate(attribute=NOx(GT), function=min, window=3) | map_aggregate(attribute=PT08.S4(NO2), function=avg, window=10) };8.88128e-01;1.00000e+00;Pipeline { map_aggregate(attribute=NOx(GT), function=min, window=3) | map_aggregate(attribute=PT08.S5(O3), function=avg, window=4) }
datasets/airQuality_parallel.csv;nsga2;1;35;3500;3500;1.68994e+02;100;1;1;1.00000e+00;1.00000e+00;8.20000e-01;8.90563e-01;1.00000e+00;Pipeline { map_aggregate(attribute=NOx(GT), function=min, window=3) | map_aggregate(attribute=PT08.S5(O3), function=avg, window=10) };8.87617e-01;1.00000e+00;Pipeline { map_aggregate(attribute=NOx(GT), function=min, window=3) | map_aggregate(attribute=PT08.S3(NOx), function=avg, window=9) };8.88916e-01;1.00000e+00;Pipeline { map_aggregate(attribute=NOx(GT), function=min, window=3) | map_aggregate(attribute=PT08.S4(NO2), function=avg, window=9) };8.88128e-01;1.00000e+00;Pipeline { map_aggregate(attribute=NOx(GT), function=min, window=3) | map_aggregate(attribute=PT08.S5(O3), function=avg, window=4) }
datasets/airQuality_parallel.csv;nsga2;1;36;3600;3600;1.73337e+02;100;1;1;1.00000e+00;1.00000e+00;8.20000e-01;8.90563e-01;1.00000e+00;Pipeline { map_aggregate(attribute=NOx(GT), function=min, window=3) | map_aggregate(attribute=PT08.S5(O3), function=avg, window=10) };8.87617e-01;1.00000e+00;Pipeline { map_aggregate(attribute=NOx(GT), function=min, window=3) | map_aggregate(attribute=PT08.S3(NOx), function=avg, window=9) };8.88916e-01;1.00000e+00;Pipeline { map_aggregate(attribute=NOx(GT), function=min, window=3) | map_aggregate(attribute=PT08.S5(O3), function=avg, window=8) };8.88128e-01;1.00000e+00;Pipeline { map_aggregate(attribute=NOx(GT), function=min, window=3) | map_aggregate(attribute=PT08.S5(O3), function=avg, window=4) }
datasets/airQuality_parallel.csv;nsga2;1;37;3700;3700;1.77639e+02;100;1;1;1.00000e+00;1.00000e+00;8.20000e-01;8.90563e-01;1.00000e+00;Pipeline { map_aggregate(attribute=NOx(GT), function=min, window=3) | map_aggregate(attribute=PT08.S5(O3), function=avg, window=10) };8.87617e-01;1.00000e+00;Pipeline { map_aggregate(attribute=NOx(GT), function=min, window=3) | map_aggregate(attribute=PT08.S3(NOx), function=avg, window=9) };8.88916e-01;1.00000e+00;Pipeline { map_aggregate(attribute=NOx(GT), function=min, window=3) | map_aggregate(attribute=PT08.S4(NO2), function=avg, window=10) };8.88128e-01;1.00000e+00;Pipeline { map_aggregate(attribute=NOx(GT), function=min, window=3) | map_aggregate(attribute=PT08.S5(O3), function=avg, window=4) }
datasets/airQuality_parallel.csv;nsga2;1;38;3800;3800;1.82121e+02;100;1;1;1.00000e+00;1.00000e+00;8.20000e-01;8.90563e-01;1.00000e+00;Pipeline { map_aggregate(attribute=NOx(GT), function=min, window=3) | map_aggregate(attribute=PT08.S5(O3), function=avg, window=10) };8.87617e-01;1.00000e+00;Pipeline { map_aggregate(attribute=NOx(GT), function=min, window=3) | map_aggregate(attribute=PT08.S3(NOx), function=avg, window=9) };8.88916e-01;1.00000e+00;Pipeline { map_aggregate(attribute=NOx(GT), function=min, window=3) | map_aggregate(attribute=PT08.S4(NO2), function=avg, window=9) };8.88128e-01;1.00000e+00;Pipeline { map_aggregate(attribute=NOx(GT), function=min, window=3) | map_aggregate(attribute=PT08.S5(O3), function=avg, window=4) }
datasets/airQuality_parallel.csv;nsga2;1;39;3900;3900;1.86247e+02;100;1;1;1.00000e+00;1.00000e+00;8.20000e-01;8.90563e-01;1.00000e+00;Pipeline { map_aggregate(attribute=NOx(GT), function=min, window=3) | map_aggregate(attribute=PT08.S5(O3), function=avg, window=10) };8.87636e-01;1.00000e+00;Pipeline { map_aggregate(attribute=NOx(GT), function=min, window=4) | map_aggregate(attribute=PT08.S2(NMHC), function=avg, window=9) };8.88916e-01;1.00000e+00;Pipeline { map_aggregate(attribute=NOx(GT), function=min, window=3) | map_aggregate(attribute=PT08.S5(O3), function=avg, window=8) };8.88128e-01;1.00000e+00;Pipeline { map_aggregate(attribute=NOx(GT), function=min, window=3) | map_aggregate(attribute=PT08.S5(O3), function=avg, window=4) }
datasets/airQuality_parallel.csv;nsga2;1;40;4000;4000;1.91516e+02;100;1;1;1.00000e+00;1.00000e+00;8.20000e-01;8.90563e-01;1.00000e+00;Pipeline { map_aggregate(attribute=NOx(GT), function=min, window=3) | map_aggregate(attribute=PT08.S5(O3), function=avg, window=10) };8.87669e-01;1.00000e+00;Pipeline { map_aggregate(attribute=NOx(GT), function=min, window=4) | map_aggregate(attribute=PT08.S3(NOx), function=avg, window=5) };8.88916e-01;1.00000e+00;Pipeline { map_aggregate(attribute=NOx(GT), function=min, window=3) | map_aggregate(attribute=PT08.S4(NO2), function=avg, window=10) };8.88128e-01;1.00000e+00;Pipeline { map_aggregate(attribute=NOx(GT), function=min, window=3) | map_aggregate(attribute=PT08.S5(O3), function=avg, window=4) }
datasets/airQuality_parallel.csv;nsga2;1;41;4100;4100;1.95784e+02;100;1;1;1.00000e+00;1.00000e+00;8.20000e-01;8.90563e-01;1.00000e+00;Pipeline { map_aggregate(attribute=NOx(GT), function=min, window=3) | map_aggregate(attribute=PT08.S5(O3), function=avg, window=10) };8.87688e-01;1.00000e+00;Pipeline { map_aggregate(attribute=NOx(GT), function=min, window=3) | map_aggregate(attribute=PT08.S2(NMHC), function=avg, window=8) };8.88916e-01;1.00000e+00;Pipeline { map_aggregate(attribute=NOx(GT), function=min, window=3) | map_aggregate(attribute=PT08.S4(NO2), function=avg, window=9) };8.88128e-01;1.00000e+00;Pipeline { map_aggregate(attribute=NOx(GT), function=min, window=3) | map_aggregate(attribute=PT08.S5(O3), function=avg, window=4) }
datasets/airQuality_parallel.csv;nsga2;1;42;4200;4200;2.00360e+02;100;1;1;1.00000e+00;1.00000e+00;8.20000e-01;8.90563e-01;1.00000e+00;Pipeline { map_aggregate(attribute=NOx(GT), function=min, window=3) | map_aggregate(attribute=PT08.S5(O3), function=avg, window=10) };8.87688e-01;1.00000e+00;Pipeline { map_aggregate(attribute=NOx(GT), function=min, window=3) | map_aggregate(attribute=PT08.S2(NMHC), function=avg, window=8) };8.88916e-01;1.00000e+00;Pipeline { map_aggregate(attribute=NOx(GT), function=min, window=3) | map_aggregate(attribute=PT08.S5(O3), function=avg, window=8) };8.88128e-01;1.00000e+00;Pipeline { map_aggregate(attribute=NOx(GT), function=min, window=3) | map_aggregate(attribute=PT08.S5(O3), function=avg, window=4) }
datasets/airQuality_parallel.csv;nsga2;1;43;4300;4300;2.05632e+02;100;1;1;1.00000e+00;1.00000e+00;8.10000e-01;8.90563e-01;1.00000e+00;Pipeline { map_aggregate(attribute=NOx(GT), function=min, window=3) | map_aggregate(attribute=PT08.S5(O3), function=avg, window=10) };8.87724e-01;1.00000e+00;Pipeline { map_aggregate(attribute=NOx(GT), function=min, window=3) | map_aggregate(attribute=PT08.S3(NOx), function=avg, window=10) };8.88916e-01;1.00000e+00;Pipeline { map_aggregate(attribute=NOx(GT), function=min, window=3) | map_aggregate(attribute=PT08.S4(NO2), function=avg, window=10) };8.88175e-01;1.00000e+00;Pipeline { map_aggregate(attribute=NOx(GT), function=min, window=4) | map_aggregate(attribute=PT08.S2(NMHC), function=avg, window=8) }
datasets/airQuality_parallel.csv;nsga2;1;44;4400;4400;2.09743e+02;100;1;1;1.00000e+00;1.00000e+00;8.10000e-01;8.90563e-01;1.00000e+00;Pipeline { map_aggregate(attribute=NOx(GT), function=min, window=3) | map_aggregate(attribute=PT08.S5(O3), function=avg, window=10) };8.87724e-01;1.00000e+00;Pipeline { map_aggregate(attribute=NOx(GT), function=min, window=3) | map_aggregate(attribute=PT08.S3(NOx), function=avg, window=10) };8.88916e-01;1.00000e+00;Pipeline { map_aggregate(attribute=NOx(GT), function=min, window=3) | map_aggregate(attribute=PT08.S4(NO2), function=avg, window=9) };8.88175e-01;1.00000e+00;Pipeline { map_aggregate(attribute=NOx(GT), function=min, window=4) | map_aggregate(attribute=PT08.S2(NMHC), function=avg, window=8) }
datasets/airQuality_parallel.csv;nsga2;1;45;4500;4500;2.14228e+02;100;1;1;1.00000e+00;1.00000e+00;8.10000e-01;8.90563e-01;1.00000e+00;Pipeline { map_aggregate(attribute=NOx(GT), function=min, window=3) | map_aggregate(attribute=PT08.S5(O3), function=avg, window=10) };8.87724e-01;1.00000e+00;Pipeline { map_aggregate(attribute=NOx(GT), function=min, window=3) | map_aggregate(attribute=PT08.S3(NOx), function=avg, window=10) };8.88916e-01;1.00000e+00;Pipeline { map_aggregate(attribute=NOx(GT), function=min, window=3) | map_aggregate(attribute=PT08.S5(O3), function=avg, window=8) };8.88175e-01;1.00000e+00;Pipeline { map_aggregate(attribute=NOx(GT), function=min, window=4) | map_aggregate(attribute=PT08.S2(NMHC), function=avg, window=8) }
datasets/airQuality_parallel.csv;nsga2;1;46;4600;4600;2.18492e+02;100;1;1;1.00000e+00;1.00000e+00;8.10000e-01;8.90563e-01;1.00000e+00;Pipeline { map_aggregate(attribute=NOx(GT), function=min, window=3) | map_aggregate(attribute=PT08.S5(O3), function=avg, window=10) };8.87724e-01;1.00000e+00;Pipeline { map_aggregate(attribute=NOx(GT), function=min, window=3) | map_aggregate(attribute=PT08.S3(NOx), function=avg, window=10) };8.88916e-01;1.00000e+00;Pipeline { map_aggregate(attribute=NOx(GT), function=min, window=3) | map_aggregate(attribute=PT08.S4(NO2), function=avg, window=10) };8.88175e-01;1.00000e+00;Pipeline { map_aggregate(attribute=NOx(GT), function=min, window=4) | map_aggregate(attribute=PT08.S2(NMHC), function=avg, window=8) }
datasets/airQuality_parallel.csv;nsga2;1;47;4700;4700;2.22770e+02;100;1;2;1.00000e+00;1.00000e+00;8.10000e-01;8.90563e-01;1.00000e+00;Pipeline { map_aggregate(attribute=NOx(GT), function=min, window=3) | map_aggregate(attribute=PT08.S5(O3), function=avg, window=10) };8.87742e-01;1.00000e+00;Pipeline { map_aggregate(attribute=NOx(GT), function=min, window=5) | map_aggregate(attribute=PT08.S2(NMHC), function=avg, window=4) };8.88916e-01;1.00000e+00;Pipeline { map_aggregate(attribute=NOx(GT), function=min, window=3) | map_aggregate(attribute=PT08.S4(NO2), function=avg, window=9) };8.88233e-01;1.00000e+00;Pipeline { map_aggregate(attribute=NOx(GT), function=min, window=4) | map_aggregate(attribute=PT08.S2(NMHC), function=avg, window=4) }
datasets/airQuality_parallel.csv;nsga2;1;48;4800;4800;2.27338e+02;100;1;1;1.00000e+00;1.00000e+00;8.10000e-01;8.90563e-01;1.00000e+00;Pipeline { map_aggregate(attribute=NOx(GT), function=min, window=3) | map_aggregate(attribute=PT08.S5(O3), function=avg, window=10) };8.87742e-01;1.00000e+00;Pipeline { map_aggregate(attribute=NOx(GT), function=min, window=5) | map_aggregate(attribute=PT08.S2(NMHC), function=avg, window=4) };8.88916e-01;1.00000e+00;Pipeline { map_aggregate(attribute=NOx(GT), function=min, window=3) | map_aggregate(attribute=PT08.S5(O3), function=avg, window=8) };8.88233e-01;1.00000e+00;Pipeline { map_aggregate(attribute=NOx(GT), function=min, window=4) | map_aggregate(attribute=PT08.S2(NMHC), function=avg, window=4) }
datasets/airQuality_parallel.csv;nsga2;1;49;4900;4900;2.31615e+02;100;1;1;1.00000e+00;1.00000e+00;8.10000e-01;8.90563e-01;1.00000e+00;Pipeline { map_aggregate(attribute=NOx(GT), function=min, window=3) | map_aggregate(attribute=PT08.S5(O3), function=avg, window=10) };8.87742e-01;1.00000e+00;Pipeline { map_aggregate(attribute=NOx(GT), function=min, window=5) | map_aggregate(attribute=PT08.S2(NMHC), function=avg, window=4) };8.88916e-01;1.00000e+00;Pipeline { map_aggregate(attribute=NOx(GT), function=min, window=3) | map_aggregate(attribute=PT08.S4(NO2), function=avg, window=10) };8.88233e-01;1.00000e+00;Pipeline { map_aggregate(attribute=NOx(GT), function=min, window=4) | map_aggregate(attribute=PT08.S2(NMHC), function=avg, window=4) }
datasets/airQuality_parallel.csv;nsga2;1;50;5000;5000;2.35783e+02;100;1;1;1.00000e+00;1.00000e+00;8.10000e-01;8.90563e-01;1.00000e+00;Pipeline { map_aggregate(attribute=NOx(GT), function=min, window=3) | map_aggregate(attribute=PT08.S5(O3), function=avg, window=10) };8.87742e-01;1.00000e+00;Pipeline { map_aggregate(attribute=NOx(GT), function=min, window=5) | map_aggregate(attribute=PT08.S2(NMHC), function=avg, window=4) };8.88916e-01;1.00000e+00;Pipeline { map_aggregate(attribute=NOx(GT), function=min, window=3) | map_aggregate(attribute=PT08.S4(NO2), function=avg, window=9) };8.88233e-01;1.00000e+00;Pipeline { map_aggregate(attribute=NOx(GT), function=min, window=4) | map_aggregate(attribute=PT08.S2(NMHC), function=avg, window=4) }
datasets/airQuality_parallel.csv;nsga2;2;1;100;100;5.84400e+00;100;1;57;9.90000e-01;9.90000e-01;4.10000e-01;8.74646e-01;1.00000e+00;Pipeline { map_noise(attribute=NOx(GT), percentage=0.25) };8.45210e-01;1.00000e+00;Pipeline { map_aggregate(attribute=PT08.S2(NMHC), function=min, window=5) | map_noise(attribute=AH, percentage=0.25) };7.21305e-01;9.59720e-01;Pipeline { map_duplicate(probability=0.20) };4.57637e-01;9.33086e-01;Pipeline { filter(AH > 0.0034) | map_duplicate(probability=1.00) | map_aggregate(attribute=AH, function=min, window=7) | map_aggregate(attribute=RH, function=min, window=5) | filter(AH < 396000.0000) }
datasets/airQuality_parallel.csv;nsga2;2;2;200;200;1.27470e+01;100;1;1;9.90000e-01;9.90000e-01;8.90000e-01;8.81626e-01;1.00000e+00;Pipeline { map_aggregate(attribute=PT08.S5(O3), function=avg, window=5) };6.85456e-01;1.00000e+00;Pipeline { map_noise(attribute=T, percentage=0.10) | map_aggregate(attribute=AH, function=min, window=9) | map_aggregate(attribute=PT08.S2(NMHC), function=min, window=10) | filter(NOx(GT) < 29900.0000) };8.67693e-01;1.00000e+00;Pipeline { map_noise(attribute=NMHC(GT), percentage=0.05) };8.70047e-01;1.00000e+00;Pipeline { map_noise(attribute=PT08.S3(NOx), percentage=0.10) }
datasets/airQuality_parallel.csv;nsga2;2;3;300;300;1.75480e+01;100;1;1;9.90000e-01;9.90000e-01;9.30000e-01;8.82153e-01;1.00000e+00;Pipeline { map_aggregate(attribute=PT08.S5(O3), function=avg, window=10) };8.50263e-01;1.00000e+00;Pipeline { map_aggregate(attribute=C6H6(GT), function=max, window=9) };8.72112e-01;1.00000e+00;Pipeline { map_aggregate(attribute=AH, function=avg, window=7) };8.67693e-01;1.00000e+00;Pipeline { map_aggregate(attribute=AH, function=max, window=3) }
datasets/airQuality_parallel.csv;nsga2;2;4;400;400;2.16400e+01;100;2;1;9.90000e-01;9.90000e-01;9.30000e-01;8.82598e-01;3.00952e-01;Pipeline { map_aggregate(attribute=NO2(GT), function=min, window=3) };8.69508e-01;1.00000e+00;Pipeline { map_noise(attribute=PT08.S3(NOx), percentage=0.25) };8.79189e-01;4.83126e-01;Pipeline { map_aggregate(attribute=NO2(GT), function=avg, window=9) };8.71230e-01;1.00000e+00;Pipeline { map_noise(attribute=C6H6(GT), percentage=0.25) }
datasets/airQuality_parallel.csv;nsga2;2;5;500;500;2.59790e+01;100;1;2;9.90000e-01;9.90000e-01;9.30000e-01;8.83020e-01;1.00000e+00;Pipeline { map_aggregate(attribute=AH, function=avg, window=5) | map_aggregate(attribute=PT08.S4(NO2), function=avg, window=10) };8.71511e-01;1.00000e+00;Pipeline { map_noise(attribute=PT08.S1(CO), percentage=0.10) };8.79989e-01;1.00000e+00;Pipeline { map_aggregate(attribute=PT08.S1(CO), function=avg, window=5) };8.73928e-01;1.00000e+00;Pipeline { map_aggregate(attribute=RH, function=min, window=5) }
datasets/airQuality_parallel.csv;nsga2;2;6;600;600;3.02050e+01;100;1;1;1.00000e+00;1.00000e+00;9.50000e-01;8.84183e-01;1.00000e+00;Pipeline { map_aggregate(attribute=NOx(GT), function=min, window=3) };8.73500e-01;1.00000e+00;Pipeline { map_noise(attribute=PT08.S1(CO), percentage=0.10) };8.80038e-01;1.00000e+00;Pipeline { map_aggregate(attribute=NOx(GT), function=min, window=7) };8.77445e-01;1.00000e+00;Pipeline { map_aggregate(attribute=AH, function=avg, window=6) | map_noise(attribute=C6H6(GT), percentage=0.25) }
datasets/airQuality_parallel.csv;nsga2;2;7;700;700;3.45090e+01;100;2;2;1.00000e+00;1.00000e+00;9.40000e-01;8.84183e-01;1.00000e+00;Pipeline { map_aggregate(attribute=NOx(GT), function=min, window=3) };8.74473e-01;1.00000e+00;Pipeline { map_aggregate(attribute=RH, function=min, window=4) };8.80671e-01;1.00000e+00;Pipeline { map_aggregate(attribute=PT08.S1(CO), function=avg, window=9) };8.79013e-01;1.00000e+00;Pipeline { map_aggregate(attribute=NOx(GT), function=avg, window=3) }
datasets/airQuality_parallel.csv;nsga2;2;8;800;800;3.88780e+01;100;2;1;1.00000e+00;1.00000e+00;8.90000e-01;8.84183e-01;1.00000e+00;Pipeline { map_aggregate(attribute=NOx(GT), function=min, window=3) };8.77445e-01;1.00000e+00;Pipeline { map_aggregate(attribute=AH, function=avg, window=6) | map_noise(attribute=C6H6(GT), percentage=0.25) };8.81364e-01;1.00000e+00;Pipeline { map_aggregate(attribute=C6H6(GT), function=avg, window=5) };8.79705e-01;1.00000e+00;Pipeline { map_aggregate(attribute=NOx(GT), function=min, window=8) }
datasets/airQuality_parallel.csv;nsga2;2;9;900;900;4.31880e+01;100;2;1;1.00000e+00;1.00000e+00;8.90000e-01;8.84183e-01;1.00000e+00;Pipeline { map_aggregate(attribute=NOx(GT), function=min, window=3) };8.78954e-01;1.00000e+00;Pipeline { map_aggregate(attribute=PT08.S1(CO), function=avg, window=6) };8.81452e-01;1.00000e+00;Pipeline { map_aggregate(attribute=PT08.S4(NO2), function=avg, window=5) };8.79989e-01;1.00000e+00;Pipeline { map_aggregate(attribute=C6H6(GT), function=avg, window=7) | map_noise(attribute=RH, percentage=0.05) }
datasets/airQuality_parallel.csv;nsga2;2;10;1000;1000;4.76110e+01;100;2;2;1.00000e+00;1.00000e+00;8.90000e-01;8.84183e-01;1.00000e+00;Pipeline { map_aggregate(attribute=NOx(GT), function=min, window=3) };8.79406e-01;1.00000e+00;Pipeline { map_aggregate(attribute=C6H6(GT), function=avg, window=7) | map_noise(attribute=PT08.S5(O3), percentage=0.05) };8.81824e-01;1.00000e+00;Pipeline { map_aggregate(attribute=PT08.S3(NOx), function=avg, window=9) | map_noise(attribute=NOx(GT), percentage=0.25) };8.80009e-01;1.00000e+00;Pipeline { map_aggregate(attribute=PT08.S1(CO), function=avg, window=8) }
datasets/airQuality_parallel.csv;nsga2;2;11;1100;1100;5.15460e+01;100;2;2;1.00000e+00;1.00000e+00;8.50000e-01;8.84183e-01;1.00000e+00;Pipeline { map_aggregate(attribute=NOx(GT), function=min, window=3) };8.79864e-01;1.00000e+00;Pipeline { map_aggregate(attribute=PT08.S2(NMHC), function=avg, window=10) };8.82287e-01;1.00000e+00;Pipeline { map_noise(attribute=PT08.S2(NMHC), percentage=0.01) | map_aggregate(attribute=PT08.S4(NO2), function=avg, window=10) };8.80211e-01;1.00000e+00;Pipeline { map_aggregate(attribute=NOx(GT), function=min, window=7) | map_noise(attribute=NOx(GT), percentage=0.01) }
datasets/airQuality_parallel.csv;nsga2;2;12;1200;1200;5.57710e+01;100;2;1;1.00000e+00;1.00000e+00;9.00000e-01;8.84183e-01;1.00000e+00;Pipeline { map_aggregate(attribute=NOx(GT), function=min, window=3) };8.80036e-01;1.00000e+00;Pipeline { map_aggregate(attribute=C6H6(GT), function=avg, window=7) | map_noise(attribute=T, percentage=0.05) };8.82354e-01;1.00000e+00;Pipeline { map_aggregate(attribute=NMHC(GT), function=max, window=10) | map_aggregate(attribute=PT08.S4(NO2), function=avg, window=10) };8.80889e-01;1.00000e+00;Pipeline { map_aggregate(attribute=AH, function=avg, window=7) | map_aggregate(attribute=PT08.S4(NO2), function=avg, window=5) }
datasets/airQuality_parallel.csv;nsga2;2;13;1300;1300;6.02170e+01;100;2;1;1.00000e+00;1.00000e+00;8.30000e-01;8.84183e-01;1.00000e+00;Pipeline { map_aggregate(attribute=NOx(GT), function=min, window=3) };8.80635e-01;1.00000e+00;Pipeline { map_aggregate(attribute=AH, function=avg, window=8) | map_aggregate(attribute=PT08.S4(NO2), function=avg, window=6) };8.82399e-01;1.00000e+00;Pipeline { map_noise(attribute=T, percentage=0.05) | map_aggregate(attribute=PT08.S4(NO2), function=avg, window=10) };8.81440e-01;1.00000e+00;Pipeline { map_noise(attribute=NOx(GT), percentage=0.10) | map_aggregate(attribute=C6H6(GT), function=avg, window=9) }
datasets/airQuality_parallel.csv;nsga2;2;14;1400;1400;6.44950e+01;100;2;1;1.00000e+00;1.00000e+00;7.60000e-01;8.84183e-01;1.00000e+00;Pipeline { map_aggregate(attribute=NOx(GT), function=min, window=3) };8.81105e-01;1.00000e+00;Pipeline { map_aggregate(attribute=C6H6(GT), function=avg, window=3) };8.82441e-01;1.00000e+00;Pipeline { map_aggregate(attribute=PT08.S5(O3), function=avg, window=4) };8.81886e-01;1.00000e+00;Pipeline { map_aggregate(attribute=AH, function=avg, window=6) | map_aggregate(attribute=PT08.S4(NO2), function=avg, window=8) }
datasets/airQuality_parallel.csv;nsga2;2;15;1500;1500;6.94290e+01;100;2;1;1.00000e+00;1.00000e+00;7.40000e-01;8.84183e-01;1.00000e+00;Pipeline { map_aggregate(attribute=NOx(GT), function=min, window=3) };8.81395e-01;1.00000e+00;Pipeline { map_aggregate(attribute=AH, function=avg, window=7) | map_aggregate(attribute=PT08.S4(NO2), function=avg, window=7) };8.82441e-01;1.00000e+00;Pipeline { map_aggregate(attribute=PT08.S5(O3), function=avg, window=4) };8.81989e-01;1.00000e+00;Pipeline { map_noise(attribute=NOx(GT), percentage=0.10) | map_aggregate(attribute=PT08.S1(CO), function=avg, window=10) }
datasets/airQuality_parallel.csv;nsga2;2;16;1600;1600;7.48130e+01;100;2;1;1.00000e+00;1.00000e+00;7.00000e-01;8.84183e-01;1.00000e+00;Pipeline { map_aggregate(attribute=NOx(GT), function=min, window=3) };8.81759e-01;1.00000e+00;Pipeline { map_noise(attribute=NOx(GT), percentage=0.10) | map_aggregate(attribute=C6H6(GT), function=avg, window=5) };8.82464e-01;1.00000e+00;Pipeline { map_noise(attribute=PT08.S3(NOx), percentage=0.10) | map_aggregate(attribute=PT08.S4(NO2), function=avg, window=10) };8.82153e-01;1.00000e+00;Pipeline { map_aggregate(attribute=NMHC(GT), function=min, window=6) | map_aggregate(attribute=PT08.S5(O3), function=avg, window=10) }
datasets/airQuality_parallel.csv;nsga2;2;17;1700;1700;7.99840e+01;100;3;1;1.00000e+00;1.00000e+00;7.10000e-01;8.86367e-01;2.25352e-01;Pipeline { map_aggregate(attribute=NO2(GT), function=min, window=4) | map_aggregate(attribute=PT08.S4(NO2), function=avg, window=10) };8.81989e-01;1.00000e+00;Pipeline { map_noise(attribute=NOx(GT), percentage=0.10) | map_aggregate(attribute=PT08.S1(CO), function=avg, window=10) };8.82606e-01;1.00000e+00;Pipeline { map_aggregate(attribute=NMHC(GT), function=min, window=3) | map_aggregate(attribute=PT08.S4(NO2), function=avg, window=8) };8.82354e-01;1.00000e+00;Pipeline { map_aggregate(attribute=NMHC(GT), function=avg, window=3) | map_aggregate(attribute=PT08.S4(NO2), function=avg, window=10) }
datasets/airQuality_parallel.csv;nsga2;2;18;1800;1800;8.42830e+01;100;3;1;1.00000e+00;1.00000e+00;7.00000e-01;8.86367e-01;2.25352e-01;Pipeline { map_aggregate(attribute=NO2(GT), function=min, window=4) | map_aggregate(attribute=PT08.S4(NO2), function=avg, window=10) };8.82120e-01;1.00000e+00;Pipeline { map_aggregate(attribute=PT08.S5(O3), function=avg, window=4) | map_noise(attribute=PT08.S5(O3), percentage=0.01) };8.82807e-01;1.00000e+00;Pipeline { map_aggregate(attribute=AH, function=avg, window=5) | map_aggregate(attribute=PT08.S4(NO2), function=avg, window=9) };8.82354e-01;1.00000e+00;Pipeline { map_noise(attribute=NMHC(GT), percentage=0.05) | map_aggregate(attribute=PT08.S4(NO2), function=avg, window=10) }
datasets/airQuality_parallel.csv;nsga2;2;19;1900;1900;8.88130e+01;100;3;1;1.00000e+00;1.00000e+00;6.70000e-01;8.86367e-01;2.25352e-01;Pipeline { map_aggregate(attribute=NO2(GT), function=min, window=4) | map_aggregate(attribute=PT08.S4(NO2), function=avg, window=10) };8.82206e-01;1.00000e+00;Pipeline { map_noise(attribute=PT08.S2(NMHC), percentage=0.01) | map_aggregate(attribute=C6H6(GT), function=avg, window=8) };8.82885e-01;2.25352e-01;Pipeline { map_aggregate(attribute=NO2(GT), function=min, window=4) | map_noise(attribute=AH, percentage=0.01) };8.82354e-01;1.00000e+00;Pipeline { map_aggregate(attribute=NMHC(GT), function=avg, window=4) | map_aggregate(attribute=PT08.S4(NO2), function=avg, window=10) }
datasets/airQuality_parallel.csv;nsga2;2;20;2000;2000;9.35670e+01;100;3;2;1.00000e+00;1.00000e+00;6.80000e-01;8.86367e-01;2.25352e-01;Pipeline { map_aggregate(attribute=NO2(GT), function=min, window=4) | map_aggregate(attribute=PT08.S4(NO2), function=avg, window=10) };8.82264e-01;1.00000e+00;Pipeline { map_aggregate(attribute=PT08.S5(O3), function=avg, window=4) | map_noise(attribute=T, percentage=0.10) };8.82996e-01;2.25352e-01;Pipeline { map_aggregate(attribute=NO2(GT), function=min, window=4) | map_noise(attribute=C6H6(GT), percentage=0.10) };8.82394e-01;1.00000e+00;Pipeline { map_aggregate(attribute=PT08.S5(O3), function=avg, window=4) | map_noise(attribute=T, percentage=0.01) }
datasets/airQuality_parallel.csv;nsga2;2;21;2100;2100;9.78730e+01;100;2;12;1.00000e+00;1.00000e+00;7.10000e-01;8.86367e-01;2.25352e-01;Pipeline { map_aggregate(attribute=NO2(GT), function=min, window=4) | map_aggregate(attribute=PT08.S4(NO2), function=avg, window=10) };8.82354e-01;1.00000e+00;Pipeline { map_aggregate(attribute=NMHC(GT), function=avg, window=9) | map_aggregate(attribute=PT08.S4(NO2), function=avg, window=10) };8.83081e-01;2.25352e-01;Pipeline { map_aggregate(attribute=NO2(GT), function=min, window=4) | map_noise(attribute=C6H6(GT), percentage=0.25) };8.82441e-01;1.00000e+00;Pipeline { map_aggregate(attribute=PT08.S5(O3), function=avg, window=4) | map_noise(attribute=PT08.S2(NMHC), percentage=0.01) }
datasets/airQuality_parallel.csv;nsga2;2;22;2200;2200;1.02227e+02;100;2;1;1.00000e+00;1.00000e+00;7.80000e-01;8.88414e-01;2.25352e-01;Pipeline { map_aggregate(attribute=NO2(GT), function=min, window=4) | map_aggregate(attribute=PT08.S5(O3), function=avg, window=9) };8.82399e-01;1.00000e+00;Pipeline { map_noise(attribute=T, percentage=0.05) | map_aggregate(attribute=PT08.S4(NO2), function=avg, window=10) };8.83367e-01;2.25352e-01;Pipeline { map_aggregate(attribute=NO2(GT), function=min, window=4) | map_noise(attribute=T, percentage=0.25) };8.82517e-01;1.00000e+00;Pipeline { map_aggregate(attribute=AH, function=avg, window=7) | map_aggregate(attribute=PT08.S4(NO2), function=avg, window=10) }
datasets/airQuality_parallel.csv;nsga2;2;23;2300;2300;1.06786e+02;100;2;6;1.00000e+00;1.00000e+00;8.80000e-01;8.89593e-01;2.25352e-01;Pipeline { map_aggregate(attribute=NO2(GT), function=min, window=4) | map_aggregate(attribute=PT08.S5(O3), function=avg, window=10) };8.82441e-01;1.00000e+00;Pipeline { map_aggregate(attribute=PT08.S5(O3), function=avg, window=4) };8.83919e-01;1.00000e+00;Pipeline { map_aggregate(attribute=NOx(GT), function=min, window=4) | map_noise(attribute=NMHC(GT), percentage=0.01) };8.83020e-01;1.00000e+00;Pipeline { map_aggregate(attribute=AH, function=avg, window=5) | map_aggregate(attribute=PT08.S4(NO2), function=avg, window=10) }
datasets/airQuality_parallel.csv;nsga2;2;24;2400;2400;1.11215e+02;100;2;1;1.00000e+00;1.00000e+00;9.40000e-01;8.89593e-01;2.25352e-01;Pipeline { map_aggregate(attribute=NO2(GT), function=min, window=4) | map_aggregate(attribute=PT08.S5(O3), function=avg, window=10) };8.82512e-01;1.00000e+00;Pipeline { map_aggregate(attribute=PT08.S5(O3), function=avg, window=4) | map_aggregate(attribute=RH, function=avg, window=5) };8.84640e-01;1.00000e+00;Pipeline { map_aggregate(attribute=NOx(GT), function=min, window=4) | map_noise(attribute=PT08.S3(NOx), percentage=0.10) };8.83773e-01;1.00000e+00;Pipeline { map_aggregate(attribute=C6H6(GT), function=avg, window=3) | map_aggregate(attribute=RH, function=avg, window=8) }
datasets/airQuality_parallel.csv;nsga2;2;25;2500;2500;1.15662e+02;100;2;1;1.00000e+00;1.00000e+00;9.30000e-01;8.89593e-01;2.25352e-01;Pipeline { map_aggregate(attribute=NO2(GT), function=min, window=4) | map_aggregate(attribute=PT08.S5(O3), function=avg, window=10) };8.82639e-01;1.00000e+00;Pipeline { map_noise(attribute=PT08.S4(NO2), percentage=0.05) | map_aggregate(attribute=PT08.S4(NO2), function=avg, window=10) };8.84679e-01;1.00000e+00;Pipeline { map_aggregate(attribute=NOx(GT), function=min, window=4) | map_noise(attribute=PT08.S4(NO2), percentage=0.05) };8.83842e-01;1.00000e+00;Pipeline { map_aggregate(attribute=NOx(GT), function=min, window=4) | map_noise(attribute=NOx(GT), percentage=0.01) }
datasets/airQuality_parallel.csv;nsga2;2;26;2600;2600;1.19813e+02;100;2;1;1.00000e+00;1.00000e+00;9.20000e-01;8.89593e-01;2.25352e-01;Pipeline { map_aggregate(attribute=NO2(GT), function=min, window=4) | map_aggregate(attribute=PT08.S5(O3), function=avg, window=10) };8.83019e-01;1.00000e+00;Pipeline { map_aggregate(attribute=NOx(GT), function=min, window=4) | map_noise(attribute=C6H6(GT), percentage=0.10) };8.84929e-01;1.00000e+00;Pipeline { map_aggregate(attribute=NOx(GT), function=min, window=4) | map_noise(attribute=PT08.S1(CO), percentage=0.05) };8.83990e-01;1.00000e+00;Pipeline { map_aggregate(attribute=NOx(GT), function=avg, window=3) | map_aggregate(attribute=RH, function=avg, window=7) }
datasets/airQuality_parallel.csv;nsga2;2;27;2700;2700;1.24459e+02;100;3;2;1.00000e+00;1.00000e+00;8.90000e-01;8.89593e-01;2.25352e-01;Pipeline { map_aggregate(attribute=NO2(GT), function=min, window=4) | map_aggregate(attribute=PT08.S5(O3), function=avg, window=10) };8.83422e-01;1.00000e+00;Pipeline { map_noise(attribute=NMHC(GT), percentage=0.05) | map_aggregate(attribute=NOx(GT), function=min, window=4) };8.86121e-01;1.00000e+00;Pipeline { map_aggregate(attribute=NOx(GT), function=min, window=4) | map_aggregate(attribute=PT08.S1(CO), function=avg, window=10) };8.84300e-01;1.00000e+00;Pipeline { map_aggregate(attribute=NOx(GT), function=min, window=3) | map_aggregate(attribute=RH, function=max, window=8) }
datasets/airQuality_parallel.csv;nsga2;2;28;2800;2800;1.28787e+02;100;3;1;1.00000e+00;1.00000e+00;8.90000e-01;8.89593e-01;2.25352e-01;Pipeline { map_aggregate(attribute=NO2(GT), function=min, window=4) | map_aggregate(attribute=PT08.S5(O3), function=avg, window=10) };8.84041e-01;1.00000e+00;Pipeline { map_aggregate(attribute=NOx(GT), function=min, window=4) | map_noise(attribute=T, percentage=0.01) };8.86519e-01;1.00000e+00;Pipeline { map_aggregate(attribute=NOx(GT), function=min, window=4) | map_aggregate(attribute=AH, function=avg, window=9) };8.84520e-01;1.00000e+00;Pipeline { map_aggregate(attribute=NOx(GT), function=min, window=4) | map_aggregate(attribute=NMHC(GT), function=avg, window=9) }
datasets/airQuality_parallel.csv;nsga2;2;29;2900;2900;1.33637e+02;100;1;2;1.00000e+00;1.00000e+00;9.00000e-01;8.90211e-01;1.00000e+00;Pipeline { map_aggregate(attribute=NOx(GT), function=min, window=3) | map_aggregate(attribute=PT08.S5(O3), function=avg, window=9) };8.84371e-01;1.00000e+00;Pipeline { map_aggregate(attribute=NOx(GT), function=min, window=4) | map_noise(attribute=PT08.S2(NMHC), percentage=0.01) };8.87156e-01;1.00000e+00;Pipeline { map_aggregate(attribute=NOx(GT), function=min, window=4) | map_aggregate(attribute=PT08.S4(NO2), function=avg, window=10) };8.84811e-01;1.00000e+00;Pipeline { map_aggregate(attribute=NOx(GT), function=min, window=4) | map_aggregate(attribute=AH, function=min, window=7) }
datasets/airQuality_parallel.csv;nsga2;2;30;3000;3000;1.38230e+02;100;1;1;1.00000e+00;1.00000e+00;9.40000e-01;8.90211e-01;1.00000e+00;Pipeline { map_aggregate(attribute=NOx(GT), function=min, window=3) | map_aggregate(attribute=PT08.S5(O3), function=avg, window=9) };8.84561e-01;1.00000e+00;Pipeline { map_aggregate(attribute=NOx(GT), function=min, window=4) | map_aggregate(attribute=AH, function=avg, window=5) };8.87279e-01;1.00000e+00;Pipeline { map_aggregate(attribute=NOx(GT), function=min, window=4) | map_aggregate(attribute=PT08.S4(NO2), function=avg, window=6) };8.85060e-01;1.00000e+00;Pipeline { map_noise(attribute=PT08.S3(NOx), percentage=0.05) | map_aggregate(attribute=NOx(GT), function=min, window=4) }
datasets/airQuality_parallel.csv;nsga2;2;31;3100;3100;1.42574e+02;100;1;1;1.00000e+00;1.00000e+00;9.40000e-01;8.90211e-01;1.00000e+00;Pipeline { map_aggregate(attribute=NOx(GT), function=min, window=3) | map_aggregate(attribute=PT08.S5(O3), function=avg, window=9) };8.84686e-01;1.00000e+00;Pipeline { map_aggregate(attribute=NOx(GT), function=min, window=7) | map_aggregate(attribute=PT08.S4(NO2), function=avg, window=8) };8.87336e-01;1.00000e+00;Pipeline { map_aggregate(attribute=NOx(GT), function=min, window=3) | map_aggregate(attribute=PT08.S2(NMHC), function=avg, window=9) };8.85255e-01;1.00000e+00;Pipeline { map_aggregate(attribute=NOx(GT), function=min, window=4) | map_noise(attribute=NOx(GT), percentage=0.10) }
datasets/airQuality_parallel.csv;nsga2;2;32;3200;3200;1.46872e+02;100;1;1;1.00000e+00;1.00000e+00;9.40000e-01;8.90563e-01;1.00000e+00;Pipeline { map_aggregate(attribute=NOx(GT), function=min, window=3) | map_aggregate(attribute=PT08.S5(O3), function=avg, window=10) };8.84929e-01;1.00000e+00;Pipeline { map_aggregate(attribute=NOx(GT), function=min, window=4) | map_noise(attribute=PT08.S1(CO), percentage=0.05) };8.87688e-01;1.00000e+00;Pipeline { map_aggregate(attribute=NOx(GT), function=min, window=3) | map_aggregate(attribute=PT08.S2(NMHC), function=avg, window=8) };8.85773e-01;1.00000e+00;Pipeline { map_aggregate(attribute=T, function=min, window=8) | map_aggregate(attribute=NOx(GT), function=min, window=4) }
datasets/airQuality_parallel.csv;nsga2;2;33;3300;3300;1.51685e+02;100;1;1;1.00000e+00;1.00000e+00;9.30000e-01;8.90563e-01;1.00000e+00;Pipeline { map_aggregate(attribute=NOx(GT), function=min, window=3) | map_aggregate(attribute=PT08.S5(O3), function=avg, window=10) };8.85075e-01;1.00000e+00;Pipeline { map_aggregate(attribute=AH, function=min, window=9) | map_aggregate(attribute=NOx(GT), function=min, window=4) };8.87823e-01;1.00000e+00;Pipeline { map_aggregate(attribute=NOx(GT), function=min, window=3) | map_aggregate(attribute=PT08.S2(NMHC), function=avg, window=3) };8.86286e-01;1.00000e+00;Pipeline { map_aggregate(attribute=NOx(GT), function=min, window=3) | map_noise(attribute=C6H6(GT), percentage=0.10) }
datasets/airQuality_parallel.csv;nsga2;2;34;3400;3400;1.56809e+02;100;1;2;1.00000e+00;1.00000e+00;9.40000e-01;8.90563e-01;1.00000e+00;Pipeline { map_aggregate(attribute=NOx(GT), function=min, window=3) | map_aggregate(attribute=PT08.S5(O3), function=avg, window=10) };8.85255e-01;1.00000e+00;Pipeline { map_aggregate(attribute=NOx(GT), function=min, window=4) | map_noise(attribute=NOx(GT), percentage=0.10) };8.87845e-01;6.38298e-01;Pipeline { map_aggregate(attribute=NOx(GT), function=min, window=4) | map_aggregate(attribute=NO2(GT), function=avg, window=3) };8.86583e-01;1.00000e+00;Pipeline { map_aggregate(attribute=NOx(GT), function=min, window=5) | map_aggregate(attribute=PT08.S4(NO2), function=avg, window=9) }
datasets/airQuality_parallel.csv;nsga2;2;35;3500;3500;1.61477e+02;100;1;1;1.00000e+00;1.00000e+00;9.10000e-01;8.90563e-01;1.00000e+00;Pipeline { map_aggregate(attribute=NOx(GT), function=min, window=3) | map_aggregate(attribute=PT08.S5(O3), function=avg, window=10) };8.85773e-01;1.00000e+00;Pipeline { map_aggregate(attribute=T, function=min, window=8) | map_aggregate(attribute=NOx(GT), function=min, window=4) };8.88028e-01;3.00952e-01;Pipeline { map_aggregate(attribute=NO2(GT), function=min, window=3) | map_aggregate(attribute=PT08.S5(O3), function=avg, window=10) };8.86747e-01;1.00000e+00;Pipeline { map_aggregate(attribute=NOx(GT), function=min, window=4) | map_aggregate(attribute=PT08.S1(CO), function=avg, window=9) }
datasets/airQuality_parallel.csv;nsga2;2;36;3600;3600;1.65930e+02;100;1;2;1.00000e+00;1.00000e+00;9.00000e-01;8.90563e-01;1.00000e+00;Pipeline { map_aggregate(attribute=NOx(GT), function=min, window=3) | map_aggregate(attribute=PT08.S5(O3), function=avg, window=10) };8.86286e-01;1.00000e+00;Pipeline { map_aggregate(attribute=NOx(GT), function=min, window=3) | map_noise(attribute=C6H6(GT), percentage=0.10) };8.88250e-01;1.00000e+00;Pipeline { map_aggregate(attribute=NOx(GT), function=min, window=4) | map_aggregate(attribute=C6H6(GT), function=avg, window=7) };8.87075e-01;1.00000e+00;Pipeline { map_aggregate(attribute=NOx(GT), function=min, window=3) | map_aggregate(attribute=C6H6(GT), function=avg, window=7) }
datasets/airQuality_parallel.csv;nsga2;2;37;3700;3700;1.70201e+02;100;1;2;1.00000e+00;1.00000e+00;8.60000e-01;8.90563e-01;1.00000e+00;Pipeline { map_aggregate(attribute=NOx(GT), function=min, window=3) | map_aggregate(attribute=PT08.S5(O3), function=avg, window=10) };8.86519e-01;1.00000e+00;Pipeline { map_aggregate(attribute=NOx(GT), function=min, window=4) | map_aggregate(attribute=AH, function=avg, window=9) };8.88267e-01;1.00000e+00;Pipeline { map_aggregate(attribute=NOx(GT), function=min, window=4) | map_aggregate(attribute=PT08.S4(NO2), function=avg, window=7) };8.87186e-01;1.00000e+00;Pipeline { map_aggregate(attribute=NOx(GT), function=min, window=4) | map_aggregate(attribute=PT08.S4(NO2), function=avg, window=4) }
datasets/airQuality_parallel.csv;nsga2;2;38;3800;3800;1.74278e+02;100;1;1;1.00000e+00;1.00000e+00;8.30000e-01;8.90563e-01;1.00000e+00;Pipeline { map_aggregate(attribute=NOx(GT), function=min, window=3) | map_aggregate(attribute=PT08.S5(O3), function=avg, window=10) };8.86696e-01;1.00000e+00;Pipeline { map_aggregate(attribute=PT08.S4(NO2), function=avg, window=7) | map_aggregate(attribute=NOx(GT), function=min, window=5) };8.88437e-01;4.68085e-01;Pipeline { map_aggregate(attribute=NOx(GT), function=min, window=3) | map_aggregate(attribute=NO2(GT), function=avg, window=7) };8.87336e-01;1.00000e+00;Pipeline { map_aggregate(attribute=NOx(GT), function=min, window=3) | map_aggregate(attribute=PT08.S2(NMHC), function=avg, window=9) }
datasets/airQuality_parallel.csv;nsga2;2;39;3900;3900;1.78660e+02;100;1;1;1.00000e+00;1.00000e+00;8.40000e-01;8.90563e-01;1.00000e+00;Pipeline { map_aggregate(attribute=NOx(GT), function=min, window=3) | map_aggregate(attribute=PT08.S5(O3), function=avg, window=10) };8.86822e-01;1.00000e+00;Pipeline { map_aggregate(attribute=NOx(GT), function=min, window=4) | map_aggregate(attribute=PT08.S2(NMHC), function=avg, window=6) };8.88608e-01;1.00000e+00;Pipeline { map_aggregate(attribute=NOx(GT), function=min, window=3) | map_aggregate(attribute=PT08.S4(NO2), function=avg, window=6) };8.87498e-01;1.00000e+00;Pipeline { map_aggregate(attribute=NOx(GT), function=min, window=4) | map_aggregate(attribute=PT08.S2(NMHC), function=avg, window=7) }
datasets/airQuality_parallel.csv;nsga2;2;40;4000;4000;1.83029e+02;100;1;1;1.00000e+00;1.00000e+00;8.40000e-01;8.90563e-01;1.00000e+00;Pipeline { map_aggregate(attribute=NOx(GT), function=min, window=3) | map_aggregate(attribute=PT08.S5(O3), function=avg, window=10) };8.87050e-01;1.00000e+00;Pipeline { map_aggregate(attribute=NOx(GT), function=min, window=3) | map_aggregate(attribute=RH, function=avg, window=7) };8.88631e-01;4.82270e-01;Pipeline { map_aggregate(attribute=NOx(GT), function=min, window=4) | map_aggregate(attribute=NO2(GT), function=avg, window=8) };8.87568e-01;1.00000e+00;Pipeline { map_aggregate(attribute=NOx(GT), function=min, window=3) | map_aggregate(attribute=RH, function=avg, window=4) }
datasets/airQuality_parallel.csv;nsga2;2;41;4100;4100;1.87426e+02;100;1;2;1.00000e+00;1.00000e+00;8.10000e-01;8.90563e-01;1.00000e+00;Pipeline { map_aggregate(attribute=NOx(GT), function=min, window=3) | map_aggregate(attribute=PT08.S5(O3), function=avg, window=10) };8.87238e-01;1.00000e+00;Pipeline { map_aggregate(attribute=NOx(GT), function=min, window=4) | map_aggregate(attribute=PT08.S4(NO2), function=avg, window=5) };8.88749e-01;4.71631e-01;Pipeline { map_aggregate(attribute=NOx(GT), function=min, window=3) | map_aggregate(attribute=NO2(GT), function=avg, window=6) };8.87669e-01;1.00000e+00;Pipeline { map_aggregate(attribute=NOx(GT), function=min, window=4) | map_aggregate(attribute=PT08.S3(NOx), function=avg, window=5) }
datasets/airQuality_parallel.csv;nsga2;2;42;4200;4200;1.91986e+02;100;1;2;1.00000e+00;1.00000e+00;8.20000e-01;8.90563e-01;1.00000e+00;Pipeline { map_aggregate(attribute=NOx(GT), function=min, window=3) | map_aggregate(attribute=PT08.S5(O3), function=avg, window=10) };8.87316e-01;1.00000e+00;Pipeline { map_aggregate(attribute=NOx(GT), function=min, window=4) | map_aggregate(attribute=PT08.S5(O3), function=avg, window=6) };8.88767e-01;5.20354e-01;Pipeline { map_aggregate(attribute=NOx(GT), function=min, window=4) | map_aggregate(attribute=NO2(GT), function=avg, window=5) };8.87790e-01;1.00000e+00;Pipeline { map_aggregate(attribute=NOx(GT), function=min, window=4) | map_aggregate(attribute=PT08.S3(NOx), function=avg, window=9) }
datasets/airQuality_parallel.csv;nsga2;2;43;4300;4300;1.96479e+02;100;1;1;1.00000e+00;1.00000e+00;8.00000e-01;8.90563e-01;1.00000e+00;Pipeline { map_aggregate(attribute=NOx(GT), function=min, window=3) | map_aggregate(attribute=PT08.S5(O3), function=avg, window=10) };8.87377e-01;1.00000e+00;Pipeline { map_aggregate(attribute=NOx(GT), function=min, window=5) | map_aggregate(attribute=PT08.S3(NOx), function=avg, window=10) };8.88864e-01;4.71631e-01;Pipeline { map_aggregate(attribute=NOx(GT), function=min, window=4) | map_aggregate(attribute=NO2(GT), function=avg, window=6) };8.87823e-01;1.00000e+00;Pipeline { map_aggregate(attribute=NOx(GT), function=min, window=4) | map_aggregate(attribute=PT08.S2(NMHC), function=avg, window=3) }
datasets/airQuality_parallel.csv;nsga2;2;44;4400;4400;2.00829e+02;100;1;1;1.00000e+00;1.00000e+00;7.70000e-01;8.90563e-01;1.00000e+00;Pipeline { map_aggregate(attribute=NOx(GT), function=min, window=3) | map_aggregate(attribute=PT08.S5(O3), function=avg, window=10) };8.87488e-01;1.00000e+00;Pipeline { map_aggregate(attribute=NOx(GT), function=min, window=3) | map_aggregate(attribute=PT08.S1(CO), function=avg, window=9) };8.88887e-01;1.00000e+00;Pipeline { map_aggregate(attribute=NOx(GT), function=min, window=4) | map_aggregate(attribute=C6H6(GT), function=avg, window=8) };8.87824e-01;1.00000e+00;Pipeline { map_aggregate(attribute=NOx(GT), function=min, window=4) | map_aggregate(attribute=C6H6(GT), function=avg, window=6) }
datasets/airQuality_parallel.csv;nsga2;2;45;4500;4500;2.05248e+02;100;1;1;1.00000e+00;1.00000e+00;7.60000e-01;8.90563e-01;1.00000e+00;Pipeline { map_aggregate(attribute=NOx(GT), function=min, window=3) | map_aggregate(attribute=PT08.S5(O3), function=avg, window=10) };8.87568e-01;1.00000e+00;Pipeline { map_aggregate(attribute=NOx(GT), function=min, window=3) | map_aggregate(attribute=RH, function=avg, window=4) };8.88916e-01;1.00000e+00;Pipeline { map_aggregate(attribute=NOx(GT), function=min, window=3) | map_aggregate(attribute=PT08.S5(O3), function=avg, window=8) };8.87969e-01;1.00000e+00;Pipeline { map_aggregate(attribute=NOx(GT), function=min, window=3) | map_aggregate(attribute=PT08.S4(NO2), function=avg, window=4) }
datasets/airQuality_parallel.csv;nsga2;2;46;4600;4600;2.09690e+02;100;1;2;1.00000e+00;1.00000e+00;7.50000e-01;8.90563e-01;1.00000e+00;Pipeline { map_aggregate(attribute=NOx(GT), function=min, window=3) | map_aggregate(attribute=PT08.S5(O3), function=avg, window=10) };8.87636e-01;1.00000e+00;Pipeline { map_aggregate(attribute=NOx(GT), function=min, window=4) | map_aggregate(attribute=PT08.S2(NMHC), function=avg, window=9) };8.88916e-01;1.00000e+00;Pipeline { map_aggregate(attribute=NOx(GT), function=min, window=3) | map_aggregate(attribute=PT08.S4(NO2), function=avg, window=10) };8.88175e-01;1.00000e+00;Pipeline { map_aggregate(attribute=NOx(GT), function=min, window=4) | map_aggregate(attribute=PT08.S2(NMHC), function=avg, window=8) }
datasets/airQuality_parallel.csv;nsga2;2;47;4700;4700;2.14653e+02;100;1;1;1.00000e+00;1.00000e+00;7.40000e-01;8.90563e-01;1.00000e+00;Pipeline { map_aggregate(attribute=NOx(GT), function=min, window=3) | map_aggregate(attribute=PT08.S5(O3), function=avg, window=10) };8.87669e-01;1.00000e+00;Pipeline { map_aggregate(attribute=PT08.S3(NOx), function=avg, window=5) | map_aggregate(attribute=NOx(GT), function=min, window=4) };8.88916e-01;1.00000e+00;Pipeline { map_aggregate(attribute=NOx(GT), function=min, window=3) | map_aggregate(attribute=PT08.S5(O3), function=avg, window=8) };8.88250e-01;1.00000e+00;Pipeline { map_aggregate(attribute=C6H6(GT), function=avg, window=7) | map_aggregate(attribute=NOx(GT), function=min, window=4) }
datasets/airQuality_parallel.csv;nsga2;2;48;4800;4800;2.19009e+02;100;1;1;1.00000e+00;1.00000e+00;7.30000e-01;8.90563e-01;1.00000e+00;Pipeline { map_aggregate(attribute=NOx(GT), function=min, window=3) | map_aggregate(attribute=PT08.S5(O3), function=avg, window=10) };8.87724e-01;1.00000e+00;Pipeline { map_aggregate(attribute=NOx(GT), function=min, window=3) | map_aggregate(attribute=PT08.S3(NOx), function=avg, window=10) };8.88916e-01;1.00000e+00;Pipeline { map_aggregate(attribute=NOx(GT), function=min, window=3) | map_aggregate(attribute=PT08.S4(NO2), function=avg, window=10) };8.88267e-01;1.00000e+00;Pipeline { map_aggregate(attribute=PT08.S4(NO2), function=avg, window=7) | map_aggregate(attribute=NOx(GT), function=min, window=4) }
datasets/airQuality_parallel.csv;nsga2;2;49;4900;4900;2.24460e+02;100;1;1;1.00000e+00;1.00000e+00;7.20000e-01;8.90563e-01;1.00000e+00;Pipeline { map_aggregate(attribute=NOx(GT), function=min, window=3) | map_aggregate(attribute=PT08.S5(O3), function=avg, window=10) };8.87786e-01;1.00000e+00;Pipeline { map_aggregate(attribute=NOx(GT), function=min, window=3) | map_aggregate(attribute=PT08.S3(NOx), function=avg, window=8) };8.88916e-01;1.00000e+00;Pipeline { map_aggregate(attribute=NOx(GT), function=min, window=3) | map_aggregate(attribute=PT08.S4(NO2), function=avg, window=10) };8.88293e-01;1.00000e+00;Pipeline { map_aggregate(attribute=NOx(GT), function=min, window=3) | map_aggregate(attribute=PT08.S5(O3), function=avg, window=3) }
datasets/airQuality_parallel.csv;nsga2;2;50;5000;5000;2.28616e+02;100;1;1;1.00000e+00;1.00000e+00;7.00000e-01;8.90563e-01;1.00000e+00;Pipeline { map_aggregate(attribute=NOx(GT), function=min, window=3) | map_aggregate(attribute=PT08.S5(O3), function=avg, window=10) };8.87794e-01;1.00000e+00;Pipeline { map_aggregate(attribute=NOx(GT), function=min, window=5) | map_aggregate(attribute=PT08.S2(NMHC), function=avg, window=8) };8.88993e-01;2.25352e-01;Pipeline { map_aggregate(attribute=NO2(GT), function=min, window=4) | map_aggregate(attribute=PT08.S5(O3), function=avg, window=4) };8.88334e-01;1.00000e+00;Pipeline { map_aggregate(attribute=NOx(GT), function=min, window=3) | map_aggregate(attribute=C6H6(GT), function=avg, window=5) }
datasets/airQuality_parallel.csv;nsga2;3;1;100;100;5.78800e+00;100;1;58;9.90000e-01;9.90000e-01;4.00000e-01;8.82315e-01;1.00000e+00;Pipeline { map_aggregate(attribute=NOx(GT), function=min, window=5) };7.11376e-01;1.00000e+00;Pipeline { filter(NOx(GT) > 4.0000) };6.43984e-01;9.36567e-01;Pipeline { filter(PT08.S2(NMHC) > 0.0000) | filter(CO(GT) < 608000000.0000) | filter(PT08.S5(O3) > 0.0682) | filter(NO2(GT) < 89500000.0000) };3.21739e-01;9.23599e-01;Pipeline { map_noise(attribute=PT08.S1(CO), percentage=0.25) | map_duplicate(probability=0.20) | map_aggregate(attribute=AH, function=max, window=8) | map_noise(attribute=PT08.S5(O3), percentage=0.10) | filter(NOx(GT) > 0.0049) | map_noise(attribute=PT08.S3(NOx), percentage=0.10) | map_duplicate(probability=0.90) | map_duplicate(probability=0.40) }
datasets/airQuality_parallel.csv;nsga2;3;2;200;200;1.26960e+01;100;1;2;9.90000e-01;9.90000e-01;9.10000e-01;8.82315e-01;1.00000e+00;Pipeline { map_aggregate(attribute=NOx(GT), function=min, window=5) };5.31206e-01;1.00000e+00;Pipeline { filter(CO(GT) > 1.0000) };8.68033e-01;1.00000e+00;Pipeline { map_noise(attribute=NO2(GT), percentage=0.01) };8.69073e-01;1.00000e+00;Pipeline { map_aggregate(attribute=NMHC(GT), function=avg, window=7) }
datasets/airQuality_parallel.csv;nsga2;3;3;300;300;1.66750e+01;100;1;1;9.90000e-01;9.90000e-01;9.10000e-01;8.82315e-01;1.00000e+00;Pipeline { map_aggregate(attribute=NOx(GT), function=min, window=5) };8.41904e-01;1.00000e+00;Pipeline { map_aggregate(attribute=PT08.S1(CO), function=min, window=10) };8.73868e-01;1.00000e+00;Pipeline { map_aggregate(attribute=AH, function=min, window=9) };8.67862e-01;1.00000e+00;Pipeline { map_noise(attribute=PT08.S3(NOx), percentage=0.01) }
datasets/airQuality_parallel.csv;nsga2;3;4;400;400;2.07280e+01;100;1;1;1.00000e+00;1.00000e+00;9.30000e-01;8.84183e-01;1.00000e+00;Pipeline { map_aggregate(attribute=NOx(GT), function=min, window=3) };8.69828e-01;1.00000e+00;Pipeline { map_aggregate(attribute=T, function=max, window=7) };8.79161e-01;1.00000e+00;Pipeline { map_aggregate(attribute=PT08.S1(CO), function=avg, window=10) };8.71384e-01;1.00000e+00;Pipeline { map_noise(attribute=RH, percentage=0.10) | map_aggregate(attribute=NMHC(GT), function=max, window=5) }
datasets/airQuality_parallel.csv;nsga2;3;5;500;500;2.57470e+01;100;1;1;1.00000e+00;1.00000e+00;9.40000e-01;8.84183e-01;1.00000e+00;Pipeline { map_aggregate(attribute=NOx(GT), function=min, window=3) };8.71552e-01;1.00000e+00;Pipeline { map_noise(attribute=T, percentage=0.25) };8.79833e-01;1.00000e+00;Pipeline { map_aggregate(attribute=PT08.S1(CO), function=avg, window=3) };8.73760e-01;1.00000e+00;Pipeline { map_noise(attribute=RH, percentage=0.10) | map_noise(attribute=PT08.S1(CO), percentage=0.10) }
datasets/airQuality_parallel.csv;nsga2;3;6;600;600;3.05710e+01;100;2;1;1.00000e+00;1.00000e+00;9.40000e-01;8.84183e-01;1.00000e+00;Pipeline { map_aggregate(attribute=NOx(GT), function=min, window=3) };8.73399e-01;1.00000e+00;Pipeline { map_noise(attribute=RH, percentage=0.01) | map_noise(attribute=AH, percentage=0.25) };8.80009e-01;1.00000e+00;Pipeline { map_aggregate(attribute=PT08.S1(CO), function=avg, window=8) };8.77113e-01;1.00000e+00;Pipeline { map_aggregate(attribute=PT08.S2(NMHC), function=avg, window=6) }
datasets/airQuality_parallel.csv;nsga2;3;7;700;700;3.48680e+01;100;3;2;1.00000e+00;1.00000e+00;9.40000e-01;8.84561e-01;3.00952e-01;Pipeline { map_noise(attribute=PT08.S5(O3), percentage=0.05) | map_aggregate(attribute=PT08.S2(NMHC), function=avg, window=9) | map_aggregate(attribute=NO2(GT), function=min, window=3) };8.74917e-01;1.00000e+00;Pipeline { map_noise(attribute=NO2(GT), percentage=0.05) | map_aggregate(attribute=T, function=min, window=10) | map_noise(attribute=PT08.S2(NMHC), percentage=0.01) };8.80423e-01;1.00000e+00;Pipeline { map_aggregate(attribute=PT08.S5(O3), function=avg, window=6) };8.79169e-01;1.00000e+00;Pipeline { map_aggregate(attribute=NOx(GT), function=min, window=10) }
datasets/airQuality_parallel.csv;nsga2;3;8;800;800;3.88760e+01;100;3;3;1.00000e+00;1.00000e+00;9.30000e-01;8.85095e-01;3.00952e-01;Pipeline { map_noise(attribute=NMHC(GT), percentage=0.10) | map_aggregate(attribute=PT08.S2(NMHC), function=avg, window=9) | map_aggregate(attribute=NO2(GT), function=min, window=3) };8.76750e-01;1.00000e+00;Pipeline { map_aggregate(attribute=PT08.S3(NOx), function=avg, window=7) };8.81046e-01;1.00000e+00;Pipeline { map_aggregate(attribute=NOx(GT), function=avg, window=7) };8.79609e-01;1.00000e+00;Pipeline { map_aggregate(attribute=NOx(GT), function=avg, window=6) }
datasets/airQuality_parallel.csv;nsga2;3;9;900;900;4.35420e+01;100;1;4;1.00000e+00;1.00000e+00;9.10000e-01;8.85638e-01;1.00000e+00;Pipeline { map_noise(attribute=T, percentage=0.10) | map_aggregate(attribute=NOx(GT), function=min, window=4) };8.78550e-01;1.00000e+00;Pipeline { map_aggregate(attribute=PT08.S2(NMHC), function=avg, window=3) };8.81772e-01;5.27434e-01;Pipeline { map_noise(attribute=NO2(GT), percentage=0.05) | map_aggregate(attribute=NO2(GT), function=avg, window=5) | map_noise(attribute=PT08.S2(NMHC), percentage=0.10) };8.79833e-01;1.00000e+00;Pipeline { map_noise(attribute=AH, percentage=0.05) | map_aggregate(attribute=PT08.S2(NMHC), function=avg, window=8) | map_noise(attribute=C6H6(GT), percentage=0.01) }
datasets/airQuality_parallel.csv;nsga2;3;10;1000;1000;4.81770e+01;100;1;1;1.00000e+00;1.00000e+00;9.30000e-01;8.85638e-01;1.00000e+00;Pipeline { map_noise(attribute=T, percentage=0.10) | map_aggregate(attribute=NOx(GT), function=min, window=4) };8.79328e-01;1.00000e+00;Pipeline { map_aggregate(attribute=NOx(GT), function=avg, window=8) };8.82354e-01;1.00000e+00;Pipeline { map_aggregate(attribute=PT08.S4(NO2), function=avg, window=10) };8.80009e-01;1.00000e+00;Pipeline { map_aggregate(attribute=PT08.S5(O3), function=avg, window=7) }
datasets/airQuality_parallel.csv;nsga2;3;11;1100;1100;5.24530e+01;100;1;3;1.00000e+00;1.00000e+00;9.20000e-01;8.85638e-01;1.00000e+00;Pipeline { map_noise(attribute=T, percentage=0.10) | map_aggregate(attribute=NOx(GT), function=min, window=4) };8.79719e-01;1.00000e+00;Pipeline { map_noise(attribute=PT08.S4(NO2), percentage=0.10) | map_aggregate(attribute=C6H6(GT), function=avg, window=9) | map_noise(attribute=PT08.S2(NMHC), percentage=0.01) };8.83425e-01;3.00952e-01;Pipeline { map_noise(attribute=C6H6(GT), percentage=0.10) | map_aggregate(attribute=NMHC(GT), function=max, window=4) | map_aggregate(attribute=NO2(GT), function=min, window=3) };8.80691e-01;1.00000e+00;Pipeline { map_aggregate(attribute=PT08.S5(O3), function=avg, window=8) }
datasets/airQuality_parallel.csv;nsga2;3;12;1200;1200;5.67420e+01;100;1;1;1.00000e+00;1.00000e+00;9.50000e-01;8.85832e-01;1.00000e+00;Pipeline { map_noise(attribute=C6H6(GT), percentage=0.05) | map_aggregate(attribute=NOx(GT), function=min, window=3) };8.80412e-01;1.00000e+00;Pipeline { map_noise(attribute=PT08.S3(NOx), percentage=0.05) | map_aggregate(attribute=C6H6(GT), function=avg, window=9) | map_noise(attribute=PT08.S2(NMHC), percentage=0.01) };8.84177e-01;1.00000e+00;Pipeline { map_noise(attribute=PT08.S3(NOx), percentage=0.10) | map_aggregate(attribute=NOx(GT), function=min, window=3) };8.81452e-01;1.00000e+00;Pipeline { map_aggregate(attribute=PT08.S4(NO2), function=avg, window=5) }
datasets/airQuality_parallel.csv;nsga2;3;13;1300;1300;6.17120e+01;100;1;2;1.00000e+00;1.00000e+00;9.70000e-01;8.87733e-01;1.00000e+00;Pipeline { map_noise(attribute=PT08.S5(O3), percentage=0.05) | map_aggregate(attribute=PT08.S2(NMHC), function=avg, window=10) | map_aggregate(attribute=NOx(GT), function=min, window=4) };8.81364e-01;1.00000e+00;Pipeline { map_aggregate(attribute=C6H6(GT), function=avg, window=5) };8.84627e-01;1.00000e+00;Pipeline { map_noise(attribute=PT08.S1(CO), percentage=0.01) | map_aggregate(attribute=NOx(GT), function=min, window=4) };8.84183e-01;1.00000e+00;Pipeline { map_aggregate(attribute=NOx(GT), function=min, window=3) }
datasets/airQuality_parallel.csv;nsga2;3;14;1400;1400;6.61050e+01;100;1;3;1.00000e+00;1.00000e+00;9.60000e-01;8.88111e-01;1.00000e+00;Pipeline { map_noise(attribute=AH, percentage=0.10) | map_aggregate(attribute=PT08.S2(NMHC), function=avg, window=9) | map_aggregate(attribute=NOx(GT), function=min, window=3) };8.81627e-01;1.00000e+00;Pipeline { map_noise(attribute=NMHC(GT), percentage=0.10) | map_aggregate(attribute=C6H6(GT), function=avg, window=9) | map_noise(attribute=NOx(GT), percentage=0.01) };8.84998e-01;3.00952e-01;Pipeline { map_noise(attribute=PT08.S2(NMHC), percentage=0.10) | map_aggregate(attribute=PT08.S2(NMHC), function=avg, window=9) | map_aggregate(attribute=NO2(GT), function=min, window=3) };8.84183e-01;1.00000e+00;Pipeline { map_aggregate(attribute=NOx(GT), function=min, window=4) }
datasets/airQuality_parallel.csv;nsga2;3;15;1500;1500;7.06960e+01;100;1;1;1.00000e+00;1.00000e+00;9.70000e-01;8.88111e-01;1.00000e+00;Pipeline { map_noise(attribute=AH, percentage=0.10) | map_aggregate(attribute=PT08.S2(NMHC), function=avg, window=9) | map_aggregate(attribute=NOx(GT), function=min, window=3) };8.82441e-01;1.00000e+00;Pipeline { map_noise(attribute=T, percentage=0.05) | map_aggregate(attribute=PT08.S4(NO2), function=avg, window=8) };8.85127e-01;3.00952e-01;Pipeline { map_noise(attribute=T, percentage=0.10) | map_aggregate(attribute=PT08.S2(NMHC), function=avg, window=9) | map_aggregate(attribute=NO2(GT), function=min, window=3) };8.84347e-01;1.00000e+00;Pipeline { map_noise(attribute=C6H6(GT), percentage=0.10) | map_aggregate(attribute=NOx(GT), function=min, window=3) }
datasets/airQuality_parallel.csv;nsga2;3;16;1600;1600;7.48620e+01;100;1;4;1.00000e+00;1.00000e+00;9.70000e-01;8.88250e-01;1.00000e+00;Pipeline { map_aggregate(attribute=C6H6(GT), function=avg, window=7) | map_aggregate(attribute=NOx(GT), function=min, window=4) };8.83982e-01;1.00000e+00;Pipeline { map_noise(attribute=NMHC(GT), percentage=0.05) | map_aggregate(attribute=NOx(GT), function=min, window=3) };8.85389e-01;3.00952e-01;Pipeline { map_noise(attribute=NMHC(GT), percentage=0.25) | map_aggregate(attribute=PT08.S2(NMHC), function=avg, window=9) | map_aggregate(attribute=NO2(GT), function=min, window=3) };8.84682e-01;1.00000e+00;Pipeline { map_noise(attribute=PT08.S4(NO2), percentage=0.10) | map_aggregate(attribute=NOx(GT), function=min, window=3) }
datasets/airQuality_parallel.csv;nsga2;3;17;1700;1700;8.01030e+01;100;1;1;1.00000e+00;1.00000e+00;9.80000e-01;8.88250e-01;1.00000e+00;Pipeline { map_aggregate(attribute=C6H6(GT), function=avg, window=7) | map_aggregate(attribute=NOx(GT), function=min, window=4) };8.84219e-01;1.00000e+00;Pipeline { map_noise(attribute=RH, percentage=0.01) | map_aggregate(attribute=NOx(GT), function=min, window=4) };8.85636e-01;2.88425e-01;Pipeline { map_noise(attribute=NO2(GT), percentage=0.05) | map_aggregate(attribute=PT08.S2(NMHC), function=avg, window=9) | map_aggregate(attribute=NO2(GT), function=min, window=3) };8.85033e-01;1.00000e+00;Pipeline { map_noise(attribute=C6H6(GT), percentage=0.10) | map_aggregate(attribute=NOx(GT), function=min, window=4) }
datasets/airQuality_parallel.csv;nsga2;3;18;1800;1800;8.45530e+01;100;1;2;1.00000e+00;1.00000e+00;9.70000e-01;8.88250e-01;1.00000e+00;Pipeline { map_aggregate(attribute=C6H6(GT), function=avg, window=7) | map_aggregate(attribute=NOx(GT), function=min, window=4) };8.84291e-01;1.00000e+00;Pipeline { map_noise(attribute=NOx(GT), percentage=0.01) | map_aggregate(attribute=NOx(GT), function=min, window=3) };8.85763e-01;3.00952e-01;Pipeline { map_aggregate(attribute=NOx(GT), function=min, window=5) | map_aggregate(attribute=RH, function=avg, window=7) | map_aggregate(attribute=NO2(GT), function=min, window=3) };8.85115e-01;1.00000e+00;Pipeline { map_noise(attribute=NMHC(GT), percentage=0.25) | map_aggregate(attribute=NOx(GT), function=min, window=3) }
datasets/airQuality_parallel.csv;nsga2;3;19;1900;1900;8.86440e+01;100;1;2;1.00000e+00;1.00000e+00;9.70000e-01;8.88796e-01;1.00000e+00;Pipeline { map_noise(attribute=PT08.S5(O3), percentage=0.05) | map_aggregate(attribute=PT08.S4(NO2), function=avg, window=7) | map_aggregate(attribute=NOx(GT), function=min, window=4) };8.84486e-01;1.00000e+00;Pipeline { map_noise(attribute=AH, percentage=0.10) | map_noise(attribute=T, percentage=0.25) | map_aggregate(attribute=NOx(GT), function=min, window=3) };8.86212e-01;3.00952e-01;Pipeline { map_noise(attribute=T, percentage=0.05) | map_aggregate(attribute=PT08.S3(NOx), function=avg, window=9) | map_aggregate(attribute=NO2(GT), function=min, window=3) };8.85430e-01;1.00000e+00;Pipeline { map_noise(attribute=RH, percentage=0.10) | map_aggregate(attribute=NOx(GT), function=min, window=4) }
datasets/airQuality_parallel.csv;nsga2;3;20;2000;2000;9.30550e+01;100;2;1;1.00000e+00;1.00000e+00;9.50000e-01;8.89251e-01;3.00952e-01;Pipeline { map_aggregate(attribute=PT08.S4(NO2), function=avg, window=8) | map_aggregate(attribute=RH, function=avg, window=7) | map_aggregate(attribute=NO2(GT), function=min, window=3) };8.84759e-01;1.00000e+00;Pipeline { map_noise(attribute=NMHC(GT), percentage=0.05) | map_aggregate(attribute=NOx(GT), function=min, window=3) };8.86884e-01;3.00952e-01;Pipeline { map_noise(attribute=PT08.S3(NOx), percentage=0.01) | map_aggregate(attribute=PT08.S4(NO2), function=avg, window=5) | map_aggregate(attribute=NO2(GT), function=min, window=3) };8.85972e-01;1.00000e+00;Pipeline { map_noise(attribute=NOx(GT), percentage=0.25) | map_noise(attribute=T, percentage=0.25) | map_aggregate(attribute=NOx(GT), function=min, window=3) }
datasets/airQuality_parallel.csv;nsga2;3;21;2100;2100;9.78590e+01;100;2;2;1.00000e+00;1.00000e+00;9.60000e-01;8.89251e-01;3.00952e-01;Pipeline { map_aggregate(attribute=PT08.S4(NO2), function=avg, window=8) | map_aggregate(attribute=RH, function=avg, window=7) | map_aggregate(attribute=NO2(GT), function=min, window=3) };8.85033e-01;1.00000e+00;Pipeline { map_noise(attribute=C6H6(GT), percentage=0.10) | map_aggregate(attribute=NOx(GT), function=min, window=4) };8.87078e-01;1.00000e+00;Pipeline { map_noise(attribute=PT08.S2(NMHC), percentage=0.10) | map_aggregate(attribute=NOx(GT), function=min, window=4) };8.86747e-01;1.00000e+00;Pipeline { map_noise(attribute=PT08.S5(O3), percentage=0.05) | map_aggregate(attribute=PT08.S2(NMHC), function=avg, window=7) | map_aggregate(attribute=NOx(GT), function=min, window=4) }
datasets/airQuality_parallel.csv;nsga2;3;22;2200;2200;1.03931e+02;100;2;2;1.00000e+00;1.00000e+00;9.50000e-01;8.89251e-01;3.00952e-01;Pipeline { map_aggregate(attribute=PT08.S4(NO2), function=avg, window=8) | map_aggregate(attribute=RH, function=avg, window=7) | map_aggregate(attribute=NO2(GT), function=min, window=3) };8.85244e-01;1.00000e+00;Pipeline { map_aggregate(attribute=C6H6(GT), function=avg, window=7) | map_aggregate(attribute=NOx(GT), function=min, window=7) };8.87164e-01;1.00000e+00;Pipeline { map_noise(attribute=NO2(GT), percentage=0.01) | map_aggregate(attribute=PT08.S2(NMHC), function=avg, window=10) | map_aggregate(attribute=NOx(GT), function=min, window=3) };8.86747e-01;1.00000e+00;Pipeline { map_aggregate(attribute=RH, function=avg, window=3) | map_aggregate(attribute=NOx(GT), function=min, window=4) }
datasets/airQuality_parallel.csv;nsga2;3;23;2300;2300;1.09911e+02;100;2;4;1.00000e+00;1.00000e+00;9.20000e-01;8.89251e-01;3.00952e-01;Pipeline { map_aggregate(attribute=PT08.S4(NO2), function=avg, window=8) | map_aggregate(attribute=RH, function=avg, window=7) | map_aggregate(attribute=NO2(GT), function=min, window=3) };8.85726e-01;1.00000e+00;Pipeline { map_noise(attribute=AH, percentage=0.10) | map_aggregate(attribute=PT08.S2(NMHC), function=avg, window=6) | map_aggregate(attribute=NOx(GT), function=min, window=4) };8.87417e-01;1.00000e+00;Pipeline { map_noise(attribute=PT08.S3(NOx), percentage=0.05) | map_aggregate(attribute=PT08.S2(NMHC), function=avg, window=9) | map_aggregate(attribute=NOx(GT), function=min, window=4) };8.86831e-01;1.00000e+00;Pipeline { map_aggregate(attribute=RH, function=avg, window=6) | map_aggregate(attribute=NOx(GT), function=min, window=4) }
datasets/airQuality_parallel.csv;nsga2;3;24;2400;2400;1.14803e+02;100;3;3;1.00000e+00;1.00000e+00;9.10000e-01;8.89251e-01;3.00952e-01;Pipeline { map_aggregate(attribute=PT08.S4(NO2), function=avg, window=8) | map_aggregate(attribute=RH, function=avg, window=7) | map_aggregate(attribute=NO2(GT), function=min, window=3) };8.86304e-01;1.00000e+00;Pipeline { map_aggregate(attribute=T, function=max, window=6) | map_aggregate(attribute=PT08.S5(O3), function=avg, window=4) | map_aggregate(attribute=NOx(GT), function=min, window=4) };8.87719e-01;1.00000e+00;Pipeline { map_noise(attribute=PT08.S4(NO2), percentage=0.01) | map_aggregate(attribute=PT08.S2(NMHC), function=avg, window=9) | map_aggregate(attribute=NOx(GT), function=min, window=3) };8.87098e-01;1.00000e+00;Pipeline { map_noise(attribute=PT08.S3(NOx), percentage=0.01) | map_aggregate(attribute=PT08.S2(NMHC), function=avg, window=10) | map_aggregate(attribute=NOx(GT), function=min, window=4) }
datasets/airQuality_parallel.csv;nsga2;3;25;2500;2500;1.19163e+02;100;3;2;1.00000e+00;1.00000e+00;9.40000e-01;8.89251e-01;3.00952e-01;Pipeline { map_aggregate(attribute=PT08.S4(NO2), function=avg, window=8) | map_aggregate(attribute=RH, function=avg, window=7) | map_aggregate(attribute=NO2(GT), function=min, window=3) };8.86747e-01;1.00000e+00;Pipeline { map_aggregate(attribute=RH, function=avg, window=3) | map_aggregate(attribute=NOx(GT), function=min, window=4) };8.87964e-01;1.00000e+00;Pipeline { map_noise(attribute=PT08.S5(O3), percentage=0.05) | map_aggregate(attribute=C6H6(GT), function=avg, window=5) | map_aggregate(attribute=NOx(GT), function=min, window=3) };8.87257e-01;1.00000e+00;Pipeline { map_noise(attribute=PT08.S1(CO), percentage=0.05) | map_aggregate(attribute=PT08.S2(NMHC), function=avg, window=9) | map_aggregate(attribute=NOx(GT), function=min, window=3) }
datasets/airQuality_parallel.csv;nsga2;3;26;2600;2600;1.23652e+02;100;1;2;1.00000e+00;1.00000e+00;9.90000e-01;8.90260e-01;1.00000e+00;Pipeline { map_noise(attribute=PT08.S5(O3), percentage=0.05) | map_aggregate(attribute=PT08.S5(O3), function=avg, window=9) | map_aggregate(attribute=NOx(GT), function=min, window=3) };8.86936e-01;1.00000e+00;Pipeline { map_noise(attribute=NOx(GT), percentage=0.10) | map_aggregate(attribute=PT08.S2(NMHC), function=avg, window=7) | map_aggregate(attribute=NOx(GT), function=min, window=4) };8.88123e-01;1.00000e+00;Pipeline { map_aggregate(attribute=PT08.S4(NO2), function=avg, window=3) | map_aggregate(attribute=NOx(GT), function=min, window=3) };8.87417e-01;1.00000e+00;Pipeline { map_noise(attribute=PT08.S3(NOx), percentage=0.05) | map_aggregate(attribute=PT08.S2(NMHC), function=avg, window=9) | map_aggregate(attribute=NOx(GT), function=min, window=4) }
datasets/airQuality_parallel.csv;nsga2;3;27;2700;2700;1.28660e+02;100;1;1;1.00000e+00;1.00000e+00;9.90000e-01;8.90260e-01;1.00000e+00;Pipeline { map_noise(attribute=PT08.S5(O3), percentage=0.05) | map_aggregate(attribute=PT08.S5(O3), function=avg, window=9) | map_aggregate(attribute=NOx(GT), function=min, window=3) };8.87164e-01;1.00000e+00;Pipeline { map_noise(attribute=NO2(GT), percentage=0.01) | map_aggregate(attribute=PT08.S2(NMHC), function=avg, window=10) | map_aggregate(attribute=NOx(GT), function=min, window=3) };8.88300e-01;1.00000e+00;Pipeline { map_aggregate(attribute=NMHC(GT), function=max, window=10) | map_aggregate(attribute=PT08.S5(O3), function=avg, window=7) | map_aggregate(attribute=NOx(GT), function=min, window=4) };8.87586e-01;1.00000e+00;Pipeline { map_noise(attribute=NO2(GT), percentage=0.01) | map_aggregate(attribute=PT08.S2(NMHC), function=avg, window=3) | map_aggregate(attribute=NOx(GT), function=min, window=3) }
datasets/airQuality_parallel.csv;nsga2;3;28;2800;2800;1.33681e+02;100;1;1;1.00000e+00;1.00000e+00;9.90000e-01;8.90260e-01;1.00000e+00;Pipeline { map_noise(attribute=PT08.S5(O3), percentage=0.05) | map_aggregate(attribute=PT08.S5(O3), function=avg, window=9) | map_aggregate(attribute=NOx(GT), function=min, window=3) };8.87309e-01;1.00000e+00;Pipeline { map_noise(attribute=T, percentage=0.01) | map_aggregate(attribute=PT08.S2(NMHC), function=avg, window=9) | map_aggregate(attribute=NOx(GT), function=min, window=3) };8.88377e-01;1.00000e+00;Pipeline { map_noise(attribute=AH, percentage=0.01) | map_aggregate(attribute=PT08.S5(O3), function=avg, window=7) | map_aggregate(attribute=NOx(GT), function=min, window=4) };8.87733e-01;1.00000e+00;Pipeline { map_noise(attribute=PT08.S5(O3), percentage=0.05) | map_aggregate(attribute=PT08.S2(NMHC), function=avg, window=10) | map_aggregate(attribute=NOx(GT), function=min, window=4) }
datasets/airQuality_parallel.csv;nsga2;3;29;2900;2900;1.38429e+02;100;1;1;1.00000e+00;1.00000e+00;9.90000e-01;8.90280e-01;1.00000e+00;Pipeline { map_aggregate(attribute=C6H6(GT), function=avg, window=3) | map_aggregate(attribute=PT08.S5(O3), function=avg, window=9) | map_aggregate(attribute=NOx(GT), function=min, window=3) };8.87567e-01;1.00000e+00;Pipeline { map_noise(attribute=NOx(GT), percentage=0.05) | map_aggregate(attribute=RH, function=avg, window=4) | map_aggregate(attribute=NOx(GT), function=min, window=4) };8.88585e-01;9.31937e-01;Pipeline { map_noise(attribute=CO(GT), percentage=0.05) | map_aggregate(attribute=PT08.S5(O3), function=avg, window=6) | map_aggregate(attribute=NOx(GT), function=min, window=4) };8.87915e-01;1.00000e+00;Pipeline { map_noise(attribute=C6H6(GT), percentage=0.01) | map_aggregate(attribute=PT08.S2(NMHC), function=avg, window=5) | map_aggregate(attribute=NOx(GT), function=min, window=4) }
datasets/airQuality_parallel.csv;nsga2;3;30;3000;3000;1.44397e+02;100;1;1;1.00000e+00;1.00000e+00;9.70000e-01;8.90322e-01;1.00000e+00;Pipeline { map_noise(attribute=T, percentage=0.05) | map_aggregate(attribute=PT08.S5(O3), function=avg, window=10) | map_aggregate(attribute=NOx(GT), function=min, window=4) };8.87731e-01;1.00000e+00;Pipeline { map_noise(attribute=C6H6(GT), percentage=0.05) | map_aggregate(attribute=PT08.S2(NMHC), function=avg, window=5) | map_aggregate(attribute=NOx(GT), function=min, window=4) };8.88731e-01;4.71631e-01;Pipeline { map_noise(attribute=PT08.S4(NO2), percentage=0.05) | map_aggregate(attribute=NO2(GT), function=avg, window=6) | map_aggregate(attribute=NOx(GT), function=min, window=6) };8.88074e-01;1.00000e+00;Pipeline { map_noise(attribute=PT08.S4(NO2), percentage=0.05) | map_aggregate(attribute=PT08.S5(O3), function=avg, window=7) | map_aggregate(attribute=NOx(GT), function=min, window=4) }
datasets/airQuality_parallel.csv;nsga2;3;31;3100;3100;1.49153e+02;100;1;1;1.00000e+00;1.00000e+00;9.50000e-01;8.90322e-01;1.00000e+00;Pipeline { map_noise(attribute=T, percentage=0.05) | map_aggregate(attribute=PT08.S5(O3), function=avg, window=10) | map_aggregate(attribute=NOx(GT), function=min, window=4) };8.87823e-01;1.00000e+00;Pipeline { map_aggregate(attribute=PT08.S2(NMHC), function=avg, window=3) | map_aggregate(attribute=NOx(GT), function=min, window=4) };8.88815e-01;1.00000e+00;Pipeline { map_noise(attribute=PT08.S3(NOx), percentage=0.01) | map_aggregate(attribute=PT08.S5(O3), function=avg, window=7) | map_aggregate(attribute=NOx(GT), function=min, window=4) };8.88136e-01;1.00000e+00;Pipeline { map_aggregate(attribute=NMHC(GT), function=avg, window=10) | map_aggregate(attribute=PT08.S5(O3), function=avg, window=7) | map_aggregate(attribute=NOx(GT), function=min, window=3) }
datasets/airQuality_parallel.csv;nsga2;3;32;3200;3200;1.53676e+02;100;1;1;1.00000e+00;1.00000e+00;9.50000e-01;8.90322e-01;1.00000e+00;Pipeline { map_noise(attribute=T, percentage=0.05) | map_aggregate(attribute=PT08.S5(O3), function=avg, window=10) | map_aggregate(attribute=NOx(GT), function=min, window=4) };8.87991e-01;1.00000e+00;Pipeline { map_noise(attribute=PT08.S4(NO2), percentage=0.10) | map_aggregate(attribute=C6H6(GT), function=avg, window=10) | map_aggregate(attribute=NOx(GT), function=min, window=3) };8.88828e-01;1.00000e+00;Pipeline { map_noise(attribute=RH, percentage=0.05) | map_aggregate(attribute=PT08.S5(O3), function=avg, window=7) | map_aggregate(attribute=NOx(GT), function=min, window=4) };8.88235e-01;1.00000e+00;Pipeline { map_noise(attribute=AH, percentage=0.10) | map_aggregate(attribute=PT08.S2(NMHC), function=avg, window=8) | map_aggregate(attribute=NOx(GT), function=min, window=4) }
datasets/airQuality_parallel.csv;nsga2;3;33;3300;3300;1.59115e+02;100;1;2;1.00000e+00;1.00000e+00;9.50000e-01;8.90322e-01;1.00000e+00;Pipeline { map_noise(attribute=T, percentage=0.05) | map_aggregate(attribute=PT08.S5(O3), function=avg, window=10) | map_aggregate(attribute=NOx(GT), function=min, window=4) };8.88093e-01;1.00000e+00;Pipeline { map_noise(attribute=PT08.S5(O3), percentage=0.01) | map_aggregate(attribute=PT08.S2(NMHC), function=avg, window=5) | map_aggregate(attribute=NOx(GT), function=min, window=3) };8.88977e-01;4.71631e-01;Pipeline { map_noise(attribute=RH, percentage=0.01) | map_aggregate(attribute=NO2(GT), function=avg, window=6) | map_aggregate(attribute=NOx(GT), function=min, window=4) };8.88300e-01;1.00000e+00;Pipeline { map_noise(attribute=PT08.S1(CO), percentage=0.01) | map_aggregate(attribute=PT08.S2(NMHC), function=avg, window=4) | map_aggregate(attribute=NOx(GT), function=min, window=4) }
datasets/airQuality_parallel.csv;nsga2;3;34;3400;3400;1.63978e+02;100;1;2;1.00000e+00;1.00000e+00;9.60000e-01;8.90322e-01;1.00000e+00;Pipeline { map_noise(attribute=T, percentage=0.05) | map_aggregate(attribute=PT08.S5(O3), function=avg, window=10) | map_aggregate(attribute=NOx(GT), function=min, window=4) };8.88144e-01;1.00000e+00;Pipeline { map_noise(attribute=PT08.S2(NMHC), percentage=0.10) | map_aggregate(attribute=PT08.S5(O3), function=avg, window=3) | map_aggregate(attribute=NOx(GT), function=min, window=4) };8.89074e-01;1.00000e+00;Pipeline { map_aggregate(attribute=NMHC(GT), function=max, window=6) | map_aggregate(attribute=C6H6(GT), function=avg, window=3) | map_aggregate(attribute=NOx(GT), function=min, window=4) };8.88377e-01;1.00000e+00;Pipeline { map_noise(attribute=AH, percentage=0.01) | map_aggregate(attribute=PT08.S5(O3), function=avg, window=7) | map_aggregate(attribute=NOx(GT), function=min, window=4) }
datasets/airQuality_parallel.csv;nsga2;3;35;3500;3500;1.68298e+02;100;1;1;1.00000e+00;1.00000e+00;9.60000e-01;8.90322e-01;1.00000e+00;Pipeline { map_noise(attribute=T, percentage=0.05) | map_aggregate(attribute=PT08.S5(O3), function=avg, window=10) | map_aggregate(attribute=NOx(GT), function=min, window=4) };8.88250e-01;1.00000e+00;Pipeline { map_aggregate(attribute=NMHC(GT), function=max, window=10) | map_aggregate(attribute=C6H6(GT), function=avg, window=7) | map_aggregate(attribute=NOx(GT), function=min, window=4) };8.89249e-01;4.82270e-01;Pipeline { map_noise(attribute=PT08.S4(NO2), percentage=0.05) | map_aggregate(attribute=NO2(GT), function=avg, window=8) | map_aggregate(attribute=NOx(GT), function=min, window=4) };8.88488e-01;1.00000e+00;Pipeline { map_noise(attribute=PT08.S4(NO2), percentage=0.05) | map_aggregate(attribute=C6H6(GT), function=avg, window=5) | map_aggregate(attribute=NOx(GT), function=min, window=3) }
datasets/airQuality_parallel.csv;nsga2;3;36;3600;3600;1.73047e+02;100;2;1;1.00000e+00;1.00000e+00;9.30000e-01;8.90656e-01;4.50355e-01;Pipeline { map_aggregate(attribute=T, function=min, window=3) | map_aggregate(attribute=NO2(GT), function=avg, window=10) | map_aggregate(attribute=NOx(GT), function=min, window=4) };8.88414e-01;1.00000e+00;Pipeline { map_noise(attribute=PT08.S5(O3), percentage=0.01) | map_aggregate(attribute=PT08.S5(O3), function=avg, window=7) | map_aggregate(attribute=NOx(GT), function=min, window=4) };8.89411e-01;4.68085e-01;Pipeline { map_noise(attribute=AH, percentage=0.01) | map_aggregate(attribute=NO2(GT), function=avg, window=7) | map_aggregate(attribute=NOx(GT), function=min, window=4) };8.88828e-01;1.00000e+00;Pipeline { map_noise(attribute=NOx(GT), percentage=0.05) | map_aggregate(attribute=C6H6(GT), function=avg, window=5) | map_aggregate(attribute=NOx(GT), function=min, window=3) }
datasets/airQuality_parallel.csv;nsga2;3;37;3700;3700;1.77416e+02;100;2;2;1.00000e+00;1.00000e+00;9.00000e-01;8.90656e-01;4.50355e-01;Pipeline { map_aggregate(attribute=T, function=min, window=3) | map_aggregate(attribute=NO2(GT), function=avg, window=10) | map_aggregate(attribute=NOx(GT), function=min, window=4) };8.88557e-01;1.00000e+00;Pipeline { map_noise(attribute=AH, percentage=0.05) | map_aggregate(attribute=PT08.S2(NMHC), function=avg, window=8) | map_aggregate(attribute=NOx(GT), function=min, window=4) };8.89449e-01;4.82270e-01;Pipeline { map_noise(attribute=AH, percentage=0.10) | map_aggregate(attribute=NO2(GT), function=avg, window=8) | map_aggregate(attribute=NOx(GT), function=min, window=6) };8.89043e-01;1.00000e+00;Pipeline { map_noise(attribute=PT08.S3(NOx), percentage=0.05) | map_aggregate(attribute=C6H6(GT), function=avg, window=10) | map_aggregate(attribute=NOx(GT), function=min, window=3) }
datasets/airQuality_parallel.csv;nsga2;3;38;3800;3800;1.81859e+02;100;2;1;1.00000e+00;1.00000e+00;8.80000e-01;8.90656e-01;4.50355e-01;Pipeline { map_aggregate(attribute=T, function=min, window=3) | map_aggregate(attribute=NO2(GT), function=avg, window=10) | map_aggregate(attribute=NOx(GT), function=min, window=4) };8.88796e-01;1.00000e+00;Pipeline { map_noise(attribute=PT08.S5(O3), percentage=0.05) | map_aggregate(attribute=PT08.S4(NO2), function=avg, window=7) | map_aggregate(attribute=NOx(GT), function=min, window=4) };8.89567e-01;2.25352e-01;Pipeline { map_noise(attribute=T, percentage=0.01) | map_aggregate(attribute=PT08.S5(O3), function=avg, window=10) | map_aggregate(attribute=NO2(GT), function=min, window=4) };8.89299e-01;1.00000e+00;Pipeline { map_noise(attribute=NOx(GT), percentage=0.05) | map_aggregate(attribute=C6H6(GT), function=avg, window=10) | map_aggregate(attribute=NOx(GT), function=min, window=3) }
datasets/airQuality_parallel.csv;nsga2;3;39;3900;3900;1.85914e+02;100;2;1;1.00000e+00;1.00000e+00;8.60000e-01;8.90656e-01;4.50355e-01;Pipeline { map_aggregate(attribute=T, function=min, window=3) | map_aggregate(attribute=NO2(GT), function=avg, window=10) | map_aggregate(attribute=NOx(GT), function=min, window=4) };8.88887e-01;1.00000e+00;Pipeline { map_noise(attribute=NMHC(GT), percentage=0.05) | map_aggregate(attribute=C6H6(GT), function=avg, window=10) | map_aggregate(attribute=NOx(GT), function=min, window=3) };8.89638e-01;5.20354e-01;Pipeline { map_noise(attribute=T, percentage=0.25) | map_aggregate(attribute=NO2(GT), function=avg, window=5) | map_aggregate(attribute=NOx(GT), function=min, window=4) };8.89346e-01;1.00000e+00;Pipeline { map_noise(attribute=T, percentage=0.10) | map_aggregate(attribute=PT08.S5(O3), function=avg, window=10) | map_aggregate(attribute=NOx(GT), function=min, window=4) }
datasets/airQuality_parallel.csv;nsga2;3;40;4000;4000;1.90872e+02;100;3;3;1.00000e+00;1.00000e+00;9.30000e-01;8.90656e-01;4.50355e-01;Pipeline { map_aggregate(attribute=T, function=min, window=3) | map_aggregate(attribute=NO2(GT), function=avg, window=10) | map_aggregate(attribute=NOx(GT), function=min, window=4) };8.88943e-01;1.00000e+00;Pipeline { map_noise(attribute=NOx(GT), percentage=0.01) | map_aggregate(attribute=C6H6(GT), function=avg, window=10) | map_aggregate(attribute=NOx(GT), function=min, window=3) };8.89763e-01;4.68085e-01;Pipeline { map_noise(attribute=AH, percentage=0.10) | map_aggregate(attribute=NO2(GT), function=avg, window=7) | map_aggregate(attribute=NOx(GT), function=min, window=4) };8.90260e-01;1.00000e+00;Pipeline { map_noise(attribute=PT08.S5(O3), percentage=0.05) | map_aggregate(attribute=PT08.S5(O3), function=avg, window=9) | map_aggregate(attribute=NOx(GT), function=min, window=3) }
datasets/airQuality_parallel.csv;nsga2;3;41;4100;4100;1.95130e+02;100;2;6;1.00000e+00;1.00000e+00;9.40000e-01;8.91191e-01;4.83126e-01;Pipeline { map_aggregate(attribute=PT08.S3(NOx), function=avg, window=4) | map_aggregate(attribute=NO2(GT), function=avg, window=9) | map_aggregate(attribute=NOx(GT), function=min, window=4) };8.88994e-01;1.00000e+00;Pipeline { map_noise(attribute=PT08.S2(NMHC), percentage=0.01) | map_aggregate(attribute=PT08.S5(O3), function=avg, window=10) | map_aggregate(attribute=NOx(GT), function=min, window=4) };8.89859e-01;4.82270e-01;Pipeline { map_noise(attribute=AH, percentage=0.10) | map_aggregate(attribute=NO2(GT), function=avg, window=8) | map_aggregate(attribute=NOx(GT), function=min, window=4) };8.90322e-01;1.00000e+00;Pipeline { map_noise(attribute=T, percentage=0.05) | map_aggregate(attribute=PT08.S5(O3), function=avg, window=10) | map_aggregate(attribute=NOx(GT), function=min, window=4) }
datasets/airQuality_parallel.csv;nsga2;3;42;4200;4200;1.99673e+02;100;2;5;1.00000e+00;1.00000e+00;9.30000e-01;8.91191e-01;4.83126e-01;Pipeline { map_aggregate(attribute=PT08.S3(NOx), function=avg, window=4) | map_aggregate(attribute=NO2(GT), function=avg, window=9) | map_aggregate(attribute=NOx(GT), function=min, window=4) };8.89059e-01;1.00000e+00;Pipeline { map_noise(attribute=PT08.S2(NMHC), percentage=0.01) | map_aggregate(attribute=C6H6(GT), function=avg, window=10) | map_aggregate(attribute=NOx(GT), function=min, window=3) };8.89964e-01;4.50355e-01;Pipeline { map_noise(attribute=PT08.S3(NOx), percentage=0.05) | map_aggregate(attribute=NO2(GT), function=avg, window=10) | map_aggregate(attribute=NOx(GT), function=min, window=8) };8.90322e-01;1.00000e+00;Pipeline { map_noise(attribute=T, percentage=0.05) | map_aggregate(attribute=PT08.S5(O3), function=avg, window=10) | map_aggregate(attribute=NOx(GT), function=min, window=4) }
datasets/airQuality_parallel.csv;nsga2;3;43;4300;4300;2.04639e+02;100;1;1;1.00000e+00;1.00000e+00;9.30000e-01;8.91318e-01;1.00000e+00;Pipeline { map_aggregate(attribute=RH, function=avg, window=3) | map_aggregate(attribute=PT08.S5(O3), function=avg, window=9) | map_aggregate(attribute=NOx(GT), function=min, window=3) };8.89067e-01;1.00000e+00;Pipeline { map_noise(attribute=PT08.S2(NMHC), percentage=0.01) | map_aggregate(attribute=PT08.S5(O3), function=avg, window=9) | map_aggregate(attribute=NOx(GT), function=min, window=4) };8.90095e-01;4.50355e-01;Pipeline { map_noise(attribute=PT08.S1(CO), percentage=0.05) | map_aggregate(attribute=NO2(GT), function=avg, window=10) | map_aggregate(attribute=NOx(GT), function=min, window=3) };8.90322e-01;1.00000e+00;Pipeline { map_noise(attribute=T, percentage=0.05) | map_aggregate(attribute=PT08.S5(O3), function=avg, window=10) | map_aggregate(attribute=NOx(GT), function=min, window=4) }
datasets/airQuality_parallel.csv;nsga2;3;44;4400;4400;2.09223e+02;100;1;1;1.00000e+00;1.00000e+00;9.30000e-01;8.91318e-01;1.00000e+00;Pipeline { map_aggregate(attribute=RH, function=avg, window=3) | map_aggregate(attribute=PT08.S5(O3), function=avg, window=9) | map_aggregate(attribute=NOx(GT), function=min, window=3) };8.89074e-01;1.00000e+00;Pipeline { map_aggregate(attribute=NMHC(GT), function=max, window=7) | map_aggregate(attribute=C6H6(GT), function=avg, window=3) | map_aggregate(attribute=NOx(GT), function=min, window=4) };8.90183e-01;4.50355e-01;Pipeline { map_noise(attribute=PT08.S1(CO), percentage=0.01) | map_aggregate(attribute=NO2(GT), function=avg, window=10) | map_aggregate(attribute=NOx(GT), function=min, window=6) };8.90473e-01;1.00000e+00;Pipeline { map_aggregate(attribute=PT08.S3(NOx), function=avg, window=4) | map_aggregate(attribute=PT08.S5(O3), function=avg, window=9) | map_aggregate(attribute=NOx(GT), function=min, window=4) }
datasets/airQuality_parallel.csv;nsga2;3;45;4500;4500;2.14657e+02;100;1;2;1.00000e+00;1.00000e+00;9.50000e-01;8.91318e-01;1.00000e+00;Pipeline { map_aggregate(attribute=RH, function=avg, window=3) | map_aggregate(attribute=PT08.S5(O3), function=avg, window=9) | map_aggregate(attribute=NOx(GT), function=min, window=3) };8.89074e-01;1.00000e+00;Pipeline { map_aggregate(attribute=NMHC(GT), function=avg, window=10) | map_aggregate(attribute=C6H6(GT), function=avg, window=3) | map_aggregate(attribute=NOx(GT), function=min, window=4) };8.90260e-01;1.00000e+00;Pipeline { map_noise(attribute=PT08.S5(O3), percentage=0.05) | map_aggregate(attribute=PT08.S5(O3), function=avg, window=9) | map_aggregate(attribute=NOx(GT), function=min, window=3) };8.91318e-01;1.00000e+00;Pipeline { map_aggregate(attribute=RH, function=avg, window=3) | map_aggregate(attribute=PT08.S5(O3), function=avg, window=9) | map_aggregate(attribute=NOx(GT), function=min, window=3) }
datasets/airQuality_parallel.csv;nsga2;3;46;4600;4600;2.19358e+02;100;1;5;1.00000e+00;1.00000e+00;9.30000e-01;8.91318e-01;1.00000e+00;Pipeline { map_aggregate(attribute=RH, function=avg, window=3) | map_aggregate(attribute=PT08.S5(O3), function=avg, window=9) | map_aggregate(attribute=NOx(GT), function=min, window=3) };8.89134e-01;1.00000e+00;Pipeline { map_aggregate(attribute=C6H6(GT), function=avg, window=5) | map_aggregate(attribute=NOx(GT), function=min, window=4) };8.90263e-01;4.83126e-01;Pipeline { map_aggregate(attribute=T, function=min, window=8) | map_aggregate(attribute=NO2(GT), function=avg, window=9) | map_aggregate(attribute=NOx(GT), function=min, window=4) };8.89249e-01;9.98249e-01;Pipeline { map_noise(attribute=NO2(GT), percentage=0.05) | map_aggregate(attribute=PT08.S2(NMHC), function=avg, window=5) | map_aggregate(attribute=NOx(GT), function=min, window=3) }
datasets/airQuality_parallel.csv;nsga2;3;47;4700;4700;2.23637e+02;100;1;2;1.00000e+00;1.00000e+00;9.30000e-01;8.91318e-01;1.00000e+00;Pipeline { map_aggregate(attribute=RH, function=avg, window=3) | map_aggregate(attribute=PT08.S5(O3), function=avg, window=9) | map_aggregate(attribute=NOx(GT), function=min, window=3) };8.89174e-01;1.00000e+00;Pipeline { map_noise(attribute=NOx(GT), percentage=0.05) | map_aggregate(attribute=C6H6(GT), function=avg, window=5) | map_aggregate(attribute=NOx(GT), function=min, window=4) };8.90263e-01;4.83126e-01;Pipeline { map_aggregate(attribute=T, function=min, window=6) | map_aggregate(attribute=NO2(GT), function=avg, window=9) | map_aggregate(attribute=NOx(GT), function=min, window=4) };8.90473e-01;1.00000e+00;Pipeline { map_aggregate(attribute=PT08.S3(NOx), function=avg, window=4) | map_aggregate(attribute=PT08.S5(O3), function=avg, window=9) | map_aggregate(attribute=NOx(GT), function=min, window=4) }
datasets/airQuality_parallel.csv;nsga2;3;48;4800;4800;2.27914e+02;100;2;3;1.00000e+00;1.00000e+00;9.00000e-01;8.92035e-01;4.82270e-01;Pipeline { map_aggregate(attribute=RH, function=avg, window=5) | map_aggregate(attribute=NO2(GT), function=avg, window=8) | map_aggregate(attribute=NOx(GT), function=min, window=4) };8.89299e-01;1.00000e+00;Pipeline { map_noise(attribute=NOx(GT), percentage=0.05) | map_aggregate(attribute=C6H6(GT), function=avg, window=10) | map_aggregate(attribute=NOx(GT), function=min, window=3) };8.90280e-01;1.00000e+00;Pipeline { map_aggregate(attribute=C6H6(GT), function=avg, window=3) | map_aggregate(attribute=PT08.S5(O3), function=avg, window=9) | map_aggregate(attribute=NOx(GT), function=min, window=3) };8.90322e-01;1.00000e+00;Pipeline { map_noise(attribute=T, percentage=0.05) | map_aggregate(attribute=PT08.S5(O3), function=avg, window=10) | map_aggregate(attribute=NOx(GT), function=min, window=4) }
datasets/airQuality_parallel.csv;nsga2;3;49;4900;4900;2.32177e+02;100;2;1;1.00000e+00;1.00000e+00;9.10000e-01;8.92035e-01;4.82270e-01;Pipeline { map_aggregate(attribute=RH, function=avg, window=5) | map_aggregate(attribute=NO2(GT), function=avg, window=8) | map_aggregate(attribute=NOx(GT), function=min, window=4) };8.89427e-01;1.00000e+00;Pipeline { map_aggregate(attribute=NMHC(GT), function=max, window=10) | map_aggregate(attribute=C6H6(GT), function=avg, window=3) | map_aggregate(attribute=NOx(GT), function=min, window=4) };8.90370e-01;4.82270e-01;Pipeline { map_aggregate(attribute=PT08.S3(NOx), function=avg, window=4) | map_aggregate(attribute=NO2(GT), function=avg, window=8) | map_aggregate(attribute=NOx(GT), function=min, window=7) };8.90322e-01;1.00000e+00;Pipeline { map_noise(attribute=T, percentage=0.05) | map_aggregate(attribute=PT08.S5(O3), function=avg, window=10) | map_aggregate(attribute=NOx(GT), function=min, window=4) }
datasets/airQuality_parallel.csv;nsga2;3;50;5000;5000;2.36776e+02;100;2;1;1.00000e+00;1.00000e+00;9.20000e-01;8.92035e-01;4.82270e-01;Pipeline { map_aggregate(attribute=RH, function=avg, window=5) | map_aggregate(attribute=NO2(GT), function=avg, window=8) | map_aggregate(attribute=NOx(GT), function=min, window=4) };8.89459e-01;1.00000e+00;Pipeline { map_aggregate(attribute=T, function=avg, window=10) | map_aggregate(attribute=PT08.S5(O3), function=avg, window=9) | map_aggregate(attribute=NOx(GT), function=min, window=3) };8.90408e-01;4.83126e-01;Pipeline { map_aggregate(attribute=T, function=min, window=9) | map_aggregate(attribute=NO2(GT), function=avg, window=9) | map_aggregate(attribute=NOx(GT), function=min, window=3) };8.90280e-01;1.00000e+00;Pipeline { map_aggregate(attribute=C6H6(GT), function=avg, window=3) | map_aggregate(attribute=PT08.S5(O3), function=avg, window=10) | map_aggregate(attribute=NOx(GT), function=min, window=3) }
datasets/airQuality_parallel.csv;nsga2;4;1;100;100;6.21900e+00;100;1;52;9.70000e-01;9.70000e-01;4.70000e-01;8.72720e-01;1.00000e+00;Pipeline { map_noise(attribute=PT08.S5(O3), percentage=0.10) };7.10638e-01;1.00000e+00;Pipeline { filter(NO2(GT) > 8.4900) };7.10638e-01;1.00000e+00;Pipeline { filter(NO2(GT) > 8.4900) };8.41927e-01;9.36567e-01;Pipeline { map_noise(attribute=NOx(GT), percentage=0.10) | map_noise(attribute=RH, percentage=0.05) | filter(PT08.S3(NOx) > 0.0000) }
datasets/airQuality_parallel.csv;nsga2;4;2;200;200;1.32090e+01;100;1;2;9.70000e-01;9.70000e-01;9.70000e-01;8.80038e-01;1.00000e+00;Pipeline { map_aggregate(attribute=NOx(GT), function=min, window=7) };7.10638e-01;1.00000e+00;Pipeline { filter(NO2(GT) > 8.4900) };8.67865e-01;1.00000e+00;Pipeline { map_noise(attribute=PT08.S3(NOx), percentage=0.01) };8.69953e-01;1.00000e+00;Pipeline { map_aggregate(attribute=T, function=max, window=9) }
datasets/airQuality_parallel.csv;nsga2;4;3;300;300;1.85520e+01;100;2;4;9.70000e-01;9.70000e-01;9.50000e-01;8.82771e-01;2.25352e-01;Pipeline { map_aggregate(attribute=NO2(GT), function=min, window=4) };7.16984e-01;1.00000e+00;Pipeline { filter(NOx(GT) > 0.0001) | map_noise(attribute=NMHC(GT), percentage=0.25) | map_noise(attribute=PT08.S2(NMHC), percentage=0.10) };8.71866e-01;1.00000e+00;Pipeline { map_noise(attribute=PT08.S2(NMHC), percentage=0.10) };8.67774e-01;1.00000e+00;Pipeline { map_noise(attribute=T, percentage=0.01) }
datasets/airQuality_parallel.csv;nsga2;4;4;400;400;2.25450e+01;100;2;1;9.90000e-01;9.90000e-01;8.70000e-01;8.84183e-01;1.00000e+00;Pipeline { map_aggregate(attribute=NOx(GT), function=min, window=4) };8.69251e-01;1.00000e+00;Pipeline { map_noise(attribute=AH, percentage=0.05) };8.79189e-01;4.83126e-01;Pipeline { map_aggregate(attribute=NO2(GT), function=avg, window=9) };8.70800e-01;1.00000e+00;Pipeline { map_aggregate(attribute=T, function=avg, window=4) }
datasets/airQuality_parallel.csv;nsga2;4;5;500;500;2.69180e+01;100;2;2;1.00000e+00;1.00000e+00;9.50000e-01;8.84183e-01;1.00000e+00;Pipeline { map_aggregate(attribute=NOx(GT), function=min, window=4) };8.71668e-01;1.00000e+00;Pipeline { map_aggregate(attribute=RH, function=min, window=9) };8.80038e-01;1.00000e+00;Pipeline { map_aggregate(attribute=NOx(GT), function=min, window=7) };8.75845e-01;1.00000e+00;Pipeline { map_aggregate(attribute=PT08.S3(NOx), function=min, window=6) | map_aggregate(attribute=C6H6(GT), function=avg, window=6) }
datasets/airQuality_parallel.csv;nsga2;4;6;600;600;3.11790e+01;100;2;1;1.00000e+00;1.00000e+00;9.10000e-01;8.84183e-01;1.00000e+00;Pipeline { map_aggregate(attribute=NOx(GT), function=min, window=4) };8.74956e-01;1.00000e+00;Pipeline { map_aggregate(attribute=PT08.S3(NOx), function=avg, window=4) };8.80671e-01;1.00000e+00;Pipeline { map_aggregate(attribute=PT08.S1(CO), function=avg, window=9) };8.78550e-01;1.00000e+00;Pipeline { map_aggregate(attribute=PT08.S3(NOx), function=avg, window=9) | map_noise(attribute=C6H6(GT), percentage=0.25) }
datasets/airQuality_parallel.csv;nsga2;4;7;700;700;3.58700e+01;100;1;1;1.00000e+00;1.00000e+00;8.50000e-01;8.87368e-01;1.00000e+00;Pipeline { map_aggregate(attribute=NOx(GT), function=min, window=3) | map_aggregate(attribute=PT08.S5(O3), function=avg, window=6) };8.77580e-01;1.00000e+00;Pipeline { map_aggregate(attribute=PT08.S3(NOx), function=avg, window=8) };8.80852e-01;1.00000e+00;Pipeline { map_aggregate(attribute=C6H6(GT), function=avg, window=9) };8.79161e-01;1.00000e+00;Pipeline { map_aggregate(attribute=PT08.S1(CO), function=avg, window=10) }
datasets/airQuality_parallel.csv;nsga2;4;8;800;800;4.00800e+01;100;1;1;1.00000e+00;1.00000e+00;8.10000e-01;8.87368e-01;1.00000e+00;Pipeline { map_aggregate(attribute=NOx(GT), function=min, window=3) | map_aggregate(attribute=PT08.S5(O3), function=avg, window=6) };8.78544e-01;1.00000e+00;Pipeline { map_aggregate(attribute=NOx(GT), function=avg, window=9) };8.81105e-01;1.00000e+00;Pipeline { map_aggregate(attribute=C6H6(GT), function=avg, window=3) };8.79472e-01;1.00000e+00;Pipeline { map_aggregate(attribute=NOx(GT), function=avg, window=4) }
datasets/airQuality_parallel.csv;nsga2;4;9;900;900;4.48140e+01;100;1;2;1.00000e+00;1.00000e+00;8.00000e-01;8.87368e-01;1.00000e+00;Pipeline { map_aggregate(attribute=NOx(GT), function=min, window=3) | map_aggregate(attribute=PT08.S5(O3), function=avg, window=6) };8.79073e-01;1.00000e+00;Pipeline { map_aggregate(attribute=C6H6(GT), function=avg, window=7) | map_aggregate(attribute=C6H6(GT), function=avg, window=6) };8.81879e-01;1.00000e+00;Pipeline { map_aggregate(attribute=NOx(GT), function=min, window=10) | map_aggregate(attribute=PT08.S5(O3), function=avg, window=6) };8.79900e-01;1.00000e+00;Pipeline { map_aggregate(attribute=T, function=avg, window=5) | map_aggregate(attribute=C6H6(GT), function=avg, window=6) }
datasets/airQuality_parallel.csv;nsga2;4;10;1000;1000;4.91050e+01;100;1;1;1.00000e+00;1.00000e+00;7.80000e-01;8.87798e-01;1.00000e+00;Pipeline { map_aggregate(attribute=NOx(GT), function=min, window=3) | map_aggregate(attribute=PT08.S5(O3), function=avg, window=5) };8.79723e-01;1.00000e+00;Pipeline { map_noise(attribute=RH, percentage=0.05) | map_aggregate(attribute=C6H6(GT), function=avg, window=6) };8.82315e-01;1.00000e+00;Pipeline { map_noise(attribute=NMHC(GT), percentage=0.10) | map_aggregate(attribute=NOx(GT), function=min, window=5) };8.80039e-01;1.00000e+00;Pipeline { map_aggregate(attribute=NMHC(GT), function=avg, window=9) | map_aggregate(attribute=NOx(GT), function=avg, window=6) }
datasets/airQuality_parallel.csv;nsga2;4;11;1100;1100;5.38310e+01;100;1;2;1.00000e+00;1.00000e+00;8.50000e-01;8.88916e-01;1.00000e+00;Pipeline { map_aggregate(attribute=NOx(GT), function=min, window=3) | map_aggregate(attribute=PT08.S5(O3), function=avg, window=8) };8.80009e-01;1.00000e+00;Pipeline { map_aggregate(attribute=PT08.S5(O3), function=avg, window=7) };8.82612e-01;1.00000e+00;Pipeline { map_aggregate(attribute=C6H6(GT), function=avg, window=9) | map_noise(attribute=NOx(GT), percentage=0.10) };8.80744e-01;1.00000e+00;Pipeline { map_aggregate(attribute=PT08.S4(NO2), function=avg, window=4) }
datasets/airQuality_parallel.csv;nsga2;4;12;1200;1200;5.84100e+01;100;1;7;1.00000e+00;1.00000e+00;8.70000e-01;8.89711e-01;1.00000e+00;Pipeline { map_aggregate(attribute=NOx(GT), function=min, window=4) | map_aggregate(attribute=PT08.S5(O3), function=avg, window=9) };8.80701e-01;1.00000e+00;Pipeline { map_aggregate(attribute=NMHC(GT), function=min, window=5) | map_aggregate(attribute=PT08.S5(O3), function=avg, window=6) };8.83293e-01;1.00000e+00;Pipeline { map_aggregate(attribute=AH, function=avg, window=3) | map_aggregate(attribute=NOx(GT), function=min, window=5) };8.81181e-01;1.00000e+00;Pipeline { map_aggregate(attribute=AH, function=min, window=5) | map_aggregate(attribute=NOx(GT), function=min, window=5) }
datasets/airQuality_parallel.csv;nsga2;4;13;1300;1300;6.27990e+01;100;1;1;1.00000e+00;1.00000e+00;9.50000e-01;8.89711e-01;1.00000e+00;Pipeline { map_aggregate(attribute=NOx(GT), function=min, window=4) | map_aggregate(attribute=PT08.S5(O3), function=avg, window=9) };8.81105e-01;1.00000e+00;Pipeline { map_aggregate(attribute=C6H6(GT), function=avg, window=3) };8.84561e-01;1.00000e+00;Pipeline { map_aggregate(attribute=AH, function=avg, window=5) | map_aggregate(attribute=NOx(GT), function=min, window=4) };8.81782e-01;1.00000e+00;Pipeline { map_aggregate(attribute=RH, function=avg, window=9) | map_aggregate(attribute=C6H6(GT), function=avg, window=10) }
datasets/airQuality_parallel.csv;nsga2;4;14;1400;1400;6.73040e+01;100;1;1;1.00000e+00;1.00000e+00;9.50000e-01;8.89711e-01;1.00000e+00;Pipeline { map_aggregate(attribute=NOx(GT), function=min, window=4) | map_aggregate(attribute=PT08.S5(O3), function=avg, window=9) };8.81885e-01;1.00000e+00;Pipeline { map_aggregate(attribute=PT08.S4(NO2), function=avg, window=8) };8.86121e-01;1.00000e+00;Pipeline { map_aggregate(attribute=NOx(GT), function=min, window=4) | map_aggregate(attribute=PT08.S1(CO), function=avg, window=10) };8.82731e-01;1.00000e+00;Pipeline { map_aggregate(attribute=NOx(GT), function=min, window=9) | map_aggregate(attribute=PT08.S5(O3), function=avg, window=6) }
datasets/airQuality_parallel.csv;nsga2;4;15;1500;1500;7.17150e+01;100;1;1;1.00000e+00;1.00000e+00;9.80000e-01;8.89711e-01;1.00000e+00;Pipeline { map_aggregate(attribute=NOx(GT), function=min, window=4) | map_aggregate(attribute=PT08.S5(O3), function=avg, window=9) };8.82681e-01;1.00000e+00;Pipeline { map_aggregate(attribute=AH, function=avg, window=7) | map_aggregate(attribute=NOx(GT), function=min, window=5) };8.87000e-01;1.00000e+00;Pipeline { map_aggregate(attribute=PT08.S3(NOx), function=avg, window=3) | map_aggregate(attribute=NOx(GT), function=min, window=5) };8.84181e-01;1.00000e+00;Pipeline { map_aggregate(attribute=NOx(GT), function=min, window=3) | map_noise(attribute=PT08.S4(NO2), percentage=0.01) }
datasets/airQuality_parallel.csv;nsga2;4;16;1600;1600;7.61770e+01;100;1;1;1.00000e+00;1.00000e+00;9.40000e-01;8.89711e-01;1.00000e+00;Pipeline { map_aggregate(attribute=NOx(GT), function=min, window=4) | map_aggregate(attribute=PT08.S5(O3), function=avg, window=9) };8.83591e-01;1.00000e+00;Pipeline { map_aggregate(attribute=NOx(GT), function=min, window=3) | map_noise(attribute=NOx(GT), percentage=0.10) };8.87377e-01;1.00000e+00;Pipeline { map_aggregate(attribute=PT08.S3(NOx), function=avg, window=10) | map_aggregate(attribute=NOx(GT), function=min, window=5) };8.84521e-01;1.00000e+00;Pipeline { map_aggregate(attribute=NOx(GT), function=min, window=3) | map_noise(attribute=C6H6(GT), percentage=0.05) }
datasets/airQuality_parallel.csv;nsga2;4;17;1700;1700;8.04540e+01;100;1;1;1.00000e+00;1.00000e+00;9.50000e-01;8.89711e-01;1.00000e+00;Pipeline { map_aggregate(attribute=NOx(GT), function=min, window=4) | map_aggregate(attribute=PT08.S5(O3), function=avg, window=9) };8.84348e-01;1.00000e+00;Pipeline { map_aggregate(attribute=NOx(GT), function=min, window=4) | map_aggregate(attribute=AH, function=avg, window=7) };8.87845e-01;6.38298e-01;Pipeline { map_aggregate(attribute=NOx(GT), function=min, window=4) | map_aggregate(attribute=NO2(GT), function=avg, window=3) };8.85367e-01;1.00000e+00;Pipeline { map_aggregate(attribute=NOx(GT), function=min, window=3) | map_aggregate(attribute=T, function=max, window=7) }
datasets/airQuality_parallel.csv;nsga2;4;18;1800;1800;8.50290e+01;100;1;1;1.00000e+00;1.00000e+00;9.10000e-01;8.89711e-01;1.00000e+00;Pipeline { map_aggregate(attribute=NOx(GT), function=min, window=4) | map_aggregate(attribute=PT08.S5(O3), function=avg, window=9) };8.84856e-01;1.00000e+00;Pipeline { map_aggregate(attribute=NOx(GT), function=min, window=3) | map_aggregate(attribute=T, function=avg, window=4) };8.87932e-01;1.00000e+00;Pipeline { map_aggregate(attribute=NOx(GT), function=min, window=4) | map_aggregate(attribute=PT08.S5(O3), function=avg, window=3) };8.85929e-01;1.00000e+00;Pipeline { map_aggregate(attribute=NOx(GT), function=min, window=5) | map_aggregate(attribute=PT08.S5(O3), function=avg, window=8) }
datasets/airQuality_parallel.csv;nsga2;4;19;1900;1900;8.95490e+01;100;1;1;1.00000e+00;1.00000e+00;9.00000e-01;8.89711e-01;1.00000e+00;Pipeline { map_aggregate(attribute=NOx(GT), function=min, window=4) | map_aggregate(attribute=PT08.S5(O3), function=avg, window=9) };8.85302e-01;1.00000e+00;Pipeline { map_aggregate(attribute=NOx(GT), function=min, window=4) | map_noise(attribute=PT08.S4(NO2), percentage=0.05) };8.88004e-01;4.71631e-01;Pipeline { map_aggregate(attribute=NOx(GT), function=min, window=6) | map_aggregate(attribute=NO2(GT), function=avg, window=6) };8.86322e-01;1.00000e+00;Pipeline { map_aggregate(attribute=PT08.S3(NOx), function=avg, window=7) | map_aggregate(attribute=NOx(GT), function=min, window=5) }
datasets/airQuality_parallel.csv;nsga2;4;20;2000;2000;9.38810e+01;100;1;1;1.00000e+00;1.00000e+00;8.60000e-01;8.89711e-01;1.00000e+00;Pipeline { map_aggregate(attribute=NOx(GT), function=min, window=4) | map_aggregate(attribute=PT08.S5(O3), function=avg, window=9) };8.85875e-01;1.00000e+00;Pipeline { map_aggregate(attribute=NOx(GT), function=min, window=3) | map_noise(attribute=C6H6(GT), percentage=0.10) };8.88250e-01;1.00000e+00;Pipeline { map_aggregate(attribute=C6H6(GT), function=avg, window=7) | map_aggregate(attribute=NOx(GT), function=min, window=4) };8.87000e-01;1.00000e+00;Pipeline { map_aggregate(attribute=PT08.S3(NOx), function=avg, window=3) | map_aggregate(attribute=NOx(GT), function=min, window=5) }
datasets/airQuality_parallel.csv;nsga2;4;21;2100;2100;9.83500e+01;100;2;2;1.00000e+00;1.00000e+00;8.50000e-01;8.89711e-01;1.00000e+00;Pipeline { map_aggregate(attribute=NOx(GT), function=min, window=4) | map_aggregate(attribute=PT08.S5(O3), function=avg, window=9) };8.86386e-01;1.00000e+00;Pipeline { map_aggregate(attribute=PT08.S3(NOx), function=avg, window=5) | map_aggregate(attribute=NOx(GT), function=min, window=5) };8.88293e-01;1.00000e+00;Pipeline { map_aggregate(attribute=NOx(GT), function=min, window=3) | map_aggregate(attribute=PT08.S5(O3), function=avg, window=3) };8.87368e-01;1.00000e+00;Pipeline { map_aggregate(attribute=PT08.S5(O3), function=avg, window=6) | map_aggregate(attribute=NOx(GT), function=min, window=3) }
datasets/airQuality_parallel.csv;nsga2;4;22;2200;2200;1.02651e+02;100;1;4;1.00000e+00;1.00000e+00;8.00000e-01;8.90563e-01;1.00000e+00;Pipeline { map_aggregate(attribute=NOx(GT), function=min, window=3) | map_aggregate(attribute=PT08.S5(O3), function=avg, window=10) };8.86831e-01;1.00000e+00;Pipeline { map_aggregate(attribute=NOx(GT), function=min, window=4) | map_aggregate(attribute=RH, function=avg, window=6) };8.88589e-01;1.00000e+00;Pipeline { map_aggregate(attribute=NOx(GT), function=min, window=4) | map_aggregate(attribute=PT08.S5(O3), function=avg, window=8) };8.87688e-01;1.00000e+00;Pipeline { map_aggregate(attribute=PT08.S2(NMHC), function=avg, window=8) | map_aggregate(attribute=NOx(GT), function=min, window=3) }
datasets/airQuality_parallel.csv;nsga2;4;23;2300;2300;1.07152e+02;100;1;1;1.00000e+00;1.00000e+00;7.60000e-01;8.90563e-01;1.00000e+00;Pipeline { map_aggregate(attribute=NOx(GT), function=min, window=3) | map_aggregate(attribute=PT08.S5(O3), function=avg, window=10) };8.87075e-01;1.00000e+00;Pipeline { map_aggregate(attribute=C6H6(GT), function=avg, window=7) | map_aggregate(attribute=NOx(GT), function=min, window=3) };8.88631e-01;6.38298e-01;Pipeline { map_aggregate(attribute=NO2(GT), function=avg, window=3) | map_aggregate(attribute=NOx(GT), function=min, window=3) };8.87755e-01;1.00000e+00;Pipeline { map_aggregate(attribute=NOx(GT), function=min, window=3) | map_aggregate(attribute=PT08.S3(NOx), function=avg, window=7) }
datasets/airQuality_parallel.csv;nsga2;4;24;2400;2400;1.11540e+02;100;1;2;1.00000e+00;1.00000e+00;7.20000e-01;8.90563e-01;1.00000e+00;Pipeline { map_aggregate(attribute=NOx(GT), function=min, window=3) | map_aggregate(attribute=PT08.S5(O3), function=avg, window=10) };8.87279e-01;1.00000e+00;Pipeline { map_aggregate(attribute=PT08.S4(NO2), function=avg, window=6) | map_aggregate(attribute=NOx(GT), function=min, window=4) };8.88631e-01;4.82270e-01;Pipeline { map_aggregate(attribute=NOx(GT), function=min, window=4) | map_aggregate(attribute=NO2(GT), function=avg, window=8) };8.87798e-01;1.00000e+00;Pipeline { map_aggregate(attribute=NOx(GT), function=min, window=3) | map_aggregate(attribute=PT08.S5(O3), function=avg, window=5) }
datasets/airQuality_parallel.csv;nsga2;4;25;2500;2500;1.16339e+02;100;1;1;1.00000e+00;1.00000e+00;6.80000e-01;8.90563e-01;1.00000e+00;Pipeline { map_aggregate(attribute=NOx(GT), function=min, window=3) | map_aggregate(attribute=PT08.S5(O3), function=avg, window=10) };8.87368e-01;1.00000e+00;Pipeline { map_aggregate(attribute=PT08.S5(O3), function=avg, window=6) | map_aggregate(attribute=NOx(GT), function=min, window=3) };8.88749e-01;4.71631e-01;Pipeline { map_aggregate(attribute=NOx(GT), function=min, window=3) | map_aggregate(attribute=NO2(GT), function=avg, window=6) };8.87818e-01;1.00000e+00;Pipeline { map_aggregate(attribute=NOx(GT), function=min, window=6) | map_aggregate(attribute=C6H6(GT), function=avg, window=5) }
datasets/airQuality_parallel.csv;nsga2;4;26;2600;2600;1.21920e+02;100;1;1;1.00000e+00;1.00000e+00;6.70000e-01;8.90563e-01;1.00000e+00;Pipeline { map_aggregate(attribute=NOx(GT), function=min, window=3) | map_aggregate(attribute=PT08.S5(O3), function=avg, window=10) };8.87555e-01;1.00000e+00;Pipeline { map_aggregate(attribute=NOx(GT), function=min, window=4) | map_aggregate(attribute=PT08.S3(NOx), function=avg, window=6) };8.88767e-01;5.20354e-01;Pipeline { map_aggregate(attribute=NOx(GT), function=min, window=4) | map_aggregate(attribute=NO2(GT), function=avg, window=5) };8.87824e-01;1.00000e+00;Pipeline { map_aggregate(attribute=NOx(GT), function=min, window=4) | map_aggregate(attribute=C6H6(GT), function=avg, window=6) }
datasets/airQuality_parallel.csv;nsga2;4;27;2700;2700;1.26253e+02;100;1;1;1.00000e+00;1.00000e+00;6.40000e-01;8.90563e-01;1.00000e+00;Pipeline { map_aggregate(attribute=NOx(GT), function=min, window=3) | map_aggregate(attribute=PT08.S5(O3), function=avg, window=10) };8.87617e-01;1.00000e+00;Pipeline { map_aggregate(attribute=NOx(GT), function=min, window=3) | map_aggregate(attribute=PT08.S3(NOx), function=avg, window=9) };8.88767e-01;5.20354e-01;Pipeline { map_aggregate(attribute=NO2(GT), function=avg, window=5) | map_aggregate(attribute=NOx(GT), function=min, window=4) };8.87925e-01;1.00000e+00;Pipeline { map_aggregate(attribute=PT08.S3(NOx), function=avg, window=10) | map_aggregate(attribute=NOx(GT), function=min, window=4) }
datasets/airQuality_parallel.csv;nsga2;4;28;2800;2800;1.30698e+02;100;1;1;1.00000e+00;1.00000e+00;6.30000e-01;8.90563e-01;1.00000e+00;Pipeline { map_aggregate(attribute=NOx(GT), function=min, window=3) | map_aggregate(attribute=PT08.S5(O3), function=avg, window=10) };8.87636e-01;1.00000e+00;Pipeline { map_aggregate(attribute=NOx(GT), function=min, window=3) | map_aggregate(attribute=PT08.S2(NMHC), function=avg, window=10) };8.88916e-01;1.00000e+00;Pipeline { map_aggregate(attribute=NOx(GT), function=min, window=3) | map_aggregate(attribute=PT08.S4(NO2), function=avg, window=10) };8.87932e-01;1.00000e+00;Pipeline { map_aggregate(attribute=NOx(GT), function=min, window=4) | map_aggregate(attribute=PT08.S5(O3), function=avg, window=3) }
datasets/airQuality_parallel.csv;nsga2;4;29;2900;2900;1.35300e+02;100;1;1;1.00000e+00;1.00000e+00;6.30000e-01;8.90563e-01;1.00000e+00;Pipeline { map_aggregate(attribute=NOx(GT), function=min, window=3) | map_aggregate(attribute=PT08.S5(O3), function=avg, window=10) };8.87693e-01;1.00000e+00;Pipeline { map_aggregate(attribute=NOx(GT), function=min, window=4) | map_aggregate(attribute=RH, function=avg, window=5) };8.88916e-01;1.00000e+00;Pipeline { map_aggregate(attribute=NOx(GT), function=min, window=4) | map_aggregate(attribute=PT08.S5(O3), function=avg, window=10) };8.87999e-01;1.00000e+00;Pipeline { map_aggregate(attribute=NOx(GT), function=min, window=4) | map_aggregate(attribute=PT08.S3(NOx), function=avg, window=8) }
datasets/airQuality_parallel.csv;nsga2;4;30;3000;3000;1.39774e+02;100;1;1;1.00000e+00;1.00000e+00;5.80000e-01;8.90563e-01;1.00000e+00;Pipeline { map_aggregate(attribute=NOx(GT), function=min, window=3) | map_aggregate(attribute=PT08.S5(O3), function=avg, window=10) };8.87755e-01;1.00000e+00;Pipeline { map_aggregate(attribute=NOx(GT), function=min, window=3) | map_aggregate(attribute=PT08.S3(NOx), function=avg, window=7) };8.88916e-01;1.00000e+00;Pipeline { map_aggregate(attribute=NOx(GT), function=min, window=4) | map_aggregate(attribute=PT08.S5(O3), function=avg, window=10) };8.87999e-01;1.00000e+00;Pipeline { map_aggregate(attribute=PT08.S3(NOx), function=avg, window=8) | map_aggregate(attribute=NOx(GT), function=min, window=4) }
datasets/airQuality_parallel.csv;nsga2;4;31;3100;3100;1.44022e+02;100;2;1;1.00000e+00;1.00000e+00;5.50000e-01;8.90563e-01;1.00000e+00;Pipeline { map_aggregate(attribute=NOx(GT), function=min, window=3) | map_aggregate(attribute=PT08.S5(O3), function=avg, window=10) };8.87811e-01;1.00000e+00;Pipeline { map_aggregate(attribute=PT08.S3(NOx), function=avg, window=7) | map_aggregate(attribute=NOx(GT), function=min, window=4) };8.89045e-01;4.50355e-01;Pipeline { map_aggregate(attribute=NO2(GT), function=avg, window=10) | map_aggregate(attribute=NOx(GT), function=min, window=9) };8.88233e-01;1.00000e+00;Pipeline { map_aggregate(attribute=NOx(GT), function=min, window=3) | map_aggregate(attribute=PT08.S2(NMHC), function=avg, window=4) }
datasets/airQuality_parallel.csv;nsga2;4;32;3200;3200;1.48371e+02;100;2;1;1.00000e+00;1.00000e+00;5.50000e-01;8.90563e-01;1.00000e+00;Pipeline { map_aggregate(attribute=NOx(GT), function=min, window=3) | map_aggregate(attribute=PT08.S5(O3), function=avg, window=10) };8.87823e-01;1.00000e+00;Pipeline { map_aggregate(attribute=NOx(GT), function=min, window=3) | map_aggregate(attribute=PT08.S2(NMHC), function=avg, window=3) };8.89074e-01;1.00000e+00;Pipeline { map_aggregate(attribute=C6H6(GT), function=avg, window=3) | map_aggregate(attribute=NOx(GT), function=min, window=3) };8.88293e-01;1.00000e+00;Pipeline { map_aggregate(attribute=NOx(GT), function=min, window=3) | map_aggregate(attribute=PT08.S5(O3), function=avg, window=3) }
datasets/airQuality_parallel.csv;nsga2;4;33;3300;3300;1.52564e+02;100;2;1;1.00000e+00;1.00000e+00;5.50000e-01;8.90563e-01;1.00000e+00;Pipeline { map_aggregate(attribute=NOx(GT), function=min, window=3) | map_aggregate(attribute=PT08.S5(O3), function=avg, window=10) };8.87824e-01;1.00000e+00;Pipeline { map_aggregate(attribute=C6H6(GT), function=avg, window=6) | map_aggregate(attribute=NOx(GT), function=min, window=4) };8.89074e-01;1.00000e+00;Pipeline { map_aggregate(attribute=C6H6(GT), function=avg, window=3) | map_aggregate(attribute=NOx(GT), function=min, window=3) };8.88334e-01;1.00000e+00;Pipeline { map_aggregate(attribute=NOx(GT), function=min, window=3) | map_aggregate(attribute=C6H6(GT), function=avg, window=5) }
datasets/airQuality_parallel.csv;nsga2;4;34;3400;3400;1.57327e+02;100;2;2;1.00000e+00;1.00000e+00;5.40000e-01;8.90563e-01;1.00000e+00;Pipeline { map_aggregate(attribute=NOx(GT), function=min, window=3) | map_aggregate(attribute=PT08.S5(O3), function=avg, window=10) };8.87925e-01;1.00000e+00;Pipeline { map_aggregate(attribute=PT08.S3(NOx), function=avg, window=10) | map_aggregate(attribute=NOx(GT), function=min, window=4) };8.89074e-01;1.00000e+00;Pipeline { map_aggregate(attribute=C6H6(GT), function=avg, window=3) | map_aggregate(attribute=NOx(GT), function=min, window=3) };8.88334e-01;1.00000e+00;Pipeline { map_aggregate(attribute=C6H6(GT), function=avg, window=5) | map_aggregate(attribute=NOx(GT), function=min, window=3) }
datasets/airQuality_parallel.csv;nsga2;4;35;3500;3500;1.61956e+02;100;2;3;1.00000e+00;1.00000e+00;5.20000e-01;8.90563e-01;1.00000e+00;Pipeline { map_aggregate(attribute=NOx(GT), function=min, window=3) | map_aggregate(attribute=PT08.S5(O3), function=avg, window=10) };8.87932e-01;1.00000e+00;Pipeline { map_aggregate(attribute=PT08.S5(O3), function=avg, window=3) | map_aggregate(attribute=NOx(GT), function=min, window=4) };8.89074e-01;1.00000e+00;Pipeline { map_aggregate(attribute=C6H6(GT), function=avg, window=3) | map_aggregate(attribute=NOx(GT), function=min, window=4) };8.88361e-01;1.00000e+00;Pipeline { map_aggregate(attribute=NOx(GT), function=min, window=4) | map_aggregate(attribute=PT08.S5(O3), function=avg, window=7) }
datasets/airQuality_parallel.csv;nsga2;4;36;3600;3600;1.66467e+02;100;2;1;1.00000e+00;1.00000e+00;5.10000e-01;8.90563e-01;1.00000e+00;Pipeline { map_aggregate(attribute=NOx(GT), function=min, window=3) | map_aggregate(attribute=PT08.S5(O3), function=avg, window=10) };8.87969e-01;1.00000e+00;Pipeline { map_aggregate(attribute=PT08.S4(NO2), function=avg, window=4) | map_aggregate(attribute=NOx(GT), function=min, window=3) };8.89074e-01;1.00000e+00;Pipeline { map_aggregate(attribute=NOx(GT), function=min, window=3) | map_aggregate(attribute=C6H6(GT), function=avg, window=3) };8.88511e-01;1.00000e+00;Pipeline { map_aggregate(attribute=C6H6(GT), function=avg, window=8) | map_aggregate(attribute=NOx(GT), function=min, window=3) }
datasets/airQuality_parallel.csv;nsga2;4;37;3700;3700;1.71430e+02;100;2;4;1.00000e+00;1.00000e+00;5.00000e-01;8.90563e-01;1.00000e+00;Pipeline { map_aggregate(attribute=NOx(GT), function=min, window=3) | map_aggregate(attribute=PT08.S5(O3), function=avg, window=10) };8.87999e-01;1.00000e+00;Pipeline { map_aggregate(attribute=NOx(GT), function=min, window=4) | map_aggregate(attribute=PT08.S3(NOx), function=avg, window=8) };8.89074e-01;1.00000e+00;Pipeline { map_aggregate(attribute=NOx(GT), function=min, window=4) | map_aggregate(attribute=C6H6(GT), function=avg, window=3) };8.88511e-01;1.00000e+00;Pipeline { map_aggregate(attribute=C6H6(GT), function=avg, window=8) | map_aggregate(attribute=NOx(GT), function=min, window=3) }
datasets/airQuality_parallel.csv;nsga2;4;38;3800;3800;1.75823e+02;100;2;3;1.00000e+00;1.00000e+00;5.00000e-01;8.90563e-01;1.00000e+00;Pipeline { map_aggregate(attribute=NOx(GT), function=min, window=3) | map_aggregate(attribute=PT08.S5(O3), function=avg, window=10) };8.87999e-01;1.00000e+00;Pipeline { map_aggregate(attribute=PT08.S3(NOx), function=avg, window=8) | map_aggregate(attribute=NOx(GT), function=min, window=4) };8.89074e-01;1.00000e+00;Pipeline { map_aggregate(attribute=NOx(GT), function=min, window=4) | map_aggregate(attribute=C6H6(GT), function=avg, window=3) };8.88511e-01;1.00000e+00;Pipeline { map_aggregate(attribute=NOx(GT), function=min, window=3) | map_aggregate(attribute=C6H6(GT), function=avg, window=8) }
datasets/airQuality_parallel.csv;nsga2;4;39;3900;3900;1.80509e+02;100;2;2;1.00000e+00;1.00000e+00;5.00000e-01;8.90563e-01;1.00000e+00;Pipeline { map_aggregate(attribute=NOx(GT), function=min, window=3) | map_aggregate(attribute=PT08.S5(O3), function=avg, window=10) };8.88008e-01;1.00000e+00;Pipeline { map_aggregate(attribute=PT08.S2(NMHC), function=avg, window=5) | map_aggregate(attribute=NOx(GT), function=min, window=4) };8.89074e-01;1.00000e+00;Pipeline { map_aggregate(attribute=C6H6(GT), function=avg, window=3) | map_aggregate(attribute=NOx(GT), function=min, window=4) };8.88589e-01;1.00000e+00;Pipeline { map_aggregate(attribute=NOx(GT), function=min, window=4) | map_aggregate(attribute=PT08.S5(O3), function=avg, window=8) }
datasets/airQuality_parallel.csv;nsga2;4;40;4000;4000;1.85062e+02;100;2;2;1.00000e+00;1.00000e+00;4.90000e-01;8.90563e-01;1.00000e+00;Pipeline { map_aggregate(attribute=NOx(GT), function=min, window=3) | map_aggregate(attribute=PT08.S5(O3), function=avg, window=10) };8.88008e-01;1.00000e+00;Pipeline { map_aggregate(attribute=PT08.S2(NMHC), function=avg, window=5) | map_aggregate(attribute=NOx(GT), function=min, window=4) };8.89074e-01;1.00000e+00;Pipeline { map_aggregate(attribute=NOx(GT), function=min, window=3) | map_aggregate(attribute=C6H6(GT), function=avg, window=3) };8.88511e-01;1.00000e+00;Pipeline { map_aggregate(attribute=C6H6(GT), function=avg, window=8) | map_aggregate(attribute=NOx(GT), function=min, window=5) }
datasets/airQuality_parallel.csv;nsga2;4;41;4100;4100;1.89391e+02;100;2;1;1.00000e+00;1.00000e+00;4.80000e-01;8.90563e-01;1.00000e+00;Pipeline { map_aggregate(attribute=NOx(GT), function=min, window=3) | map_aggregate(attribute=PT08.S5(O3), function=avg, window=10) };8.88082e-01;1.00000e+00;Pipeline { map_aggregate(attribute=C6H6(GT), function=avg, window=3) | map_aggregate(attribute=NOx(GT), function=min, window=5) };8.89074e-01;1.00000e+00;Pipeline { map_aggregate(attribute=NOx(GT), function=min, window=3) | map_aggregate(attribute=C6H6(GT), function=avg, window=3) };8.88589e-01;1.00000e+00;Pipeline { map_aggregate(attribute=PT08.S5(O3), function=avg, window=8) | map_aggregate(attribute=NOx(GT), function=min, window=4) }
datasets/airQuality_parallel.csv;nsga2;4;42;4200;4200;1.93626e+02;100;2;5;1.00000e+00;1.00000e+00;4.70000e-01;8.90563e-01;1.00000e+00;Pipeline { map_aggregate(attribute=NOx(GT), function=min, window=3) | map_aggregate(attribute=PT08.S5(O3), function=avg, window=10) };8.88123e-01;1.00000e+00;Pipeline { map_aggregate(attribute=PT08.S4(NO2), function=avg, window=3) | map_aggregate(attribute=NOx(GT), function=min, window=3) };8.89074e-01;1.00000e+00;Pipeline { map_aggregate(attribute=NOx(GT), function=min, window=4) | map_aggregate(attribute=C6H6(GT), function=avg, window=3) };8.88589e-01;1.00000e+00;Pipeline { map_aggregate(attribute=PT08.S5(O3), function=avg, window=8) | map_aggregate(attribute=NOx(GT), function=min, window=4) }
datasets/airQuality_parallel.csv;nsga2;4;43;4300;4300;1.98297e+02;100;2;5;1.00000e+00;1.00000e+00;4.70000e-01;8.90563e-01;1.00000e+00;Pipeline { map_aggregate(attribute=NOx(GT), function=min, window=3) | map_aggregate(attribute=PT08.S5(O3), function=avg, window=10) };8.88123e-01;1.00000e+00;Pipeline { map_aggregate(attribute=PT08.S4(NO2), function=avg, window=3) | map_aggregate(attribute=NOx(GT), function=min, window=3) };8.89074e-01;1.00000e+00;Pipeline { map_aggregate(attribute=C6H6(GT), function=avg, window=3) | map_aggregate(attribute=NOx(GT), function=min, window=4) };8.88589e-01;1.00000e+00;Pipeline { map_aggregate(attribute=PT08.S5(O3), function=avg, window=8) | map_aggregate(attribute=NOx(GT), function=min, window=4) }
datasets/airQuality_parallel.csv;nsga2;4;44;4400;4400;2.02585e+02;100;2;5;1.00000e+00;1.00000e+00;4.70000e-01;8.90563e-01;1.00000e+00;Pipeline { map_aggregate(attribute=NOx(GT), function=min, window=3) | map_aggregate(attribute=PT08.S5(O3), function=avg, window=10) };8.88123e-01;1.00000e+00;Pipeline { map_aggregate(attribute=PT08.S4(NO2), function=avg, window=3) | map_aggregate(attribute=NOx(GT), function=min, window=3) };8.89074e-01;1.00000e+00;Pipeline { map_aggregate(attribute=NOx(GT), function=min, window=3) | map_aggregate(attribute=C6H6(GT), function=avg, window=3) };8.88589e-01;1.00000e+00;Pipeline { map_aggregate(attribute=PT08.S5(O3), function=avg, window=8) | map_aggregate(attribute=NOx(GT), function=min, window=4) }
datasets/airQuality_parallel.csv;nsga2;4;45;4500;4500;2.06716e+02;100;2;2;1.00000e+00;1.00000e+00;4.70000e-01;8.90563e-01;1.00000e+00;Pipeline { map_aggregate(attribute=NOx(GT), function=min, window=3) | map_aggregate(attribute=PT08.S5(O3), function=avg, window=10) };8.88123e-01;1.00000e+00;Pipeline { map_aggregate(attribute=PT08.S4(NO2), function=avg, window=3) | map_aggregate(attribute=NOx(GT), function=min, window=3) };8.89134e-01;1.00000e+00;Pipeline { map_aggregate(attribute=C6H6(GT), function=avg, window=5) | map_aggregate(attribute=NOx(GT), function=min, window=4) };8.88589e-01;1.00000e+00;Pipeline { map_aggregate(attribute=PT08.S5(O3), function=avg, window=8) | map_aggregate(attribute=NOx(GT), function=min, window=4) }
datasets/airQuality_parallel.csv;nsga2;4;46;4600;4600;2.11044e+02;100;2;1;1.00000e+00;1.00000e+00;4.70000e-01;8.90563e-01;1.00000e+00;Pipeline { map_aggregate(attribute=NOx(GT), function=min, window=3) | map_aggregate(attribute=PT08.S5(O3), function=avg, window=10) };8.88123e-01;1.00000e+00;Pipeline { map_aggregate(attribute=NOx(GT), function=min, window=3) | map_aggregate(attribute=PT08.S4(NO2), function=avg, window=3) };8.89148e-01;4.50355e-01;Pipeline { map_aggregate(attribute=NOx(GT), function=min, window=4) | map_aggregate(attribute=NO2(GT), function=avg, window=10) };8.88599e-01;1.00000e+00;Pipeline { map_aggregate(attribute=C6H6(GT), function=avg, window=10) | map_aggregate(attribute=NOx(GT), function=min, window=4) }
datasets/airQuality_parallel.csv;nsga2;4;47;4700;4700;2.15104e+02;100;2;2;1.00000e+00;1.00000e+00;4.60000e-01;8.90563e-01;1.00000e+00;Pipeline { map_aggregate(attribute=NOx(GT), function=min, window=3) | map_aggregate(attribute=PT08.S5(O3), function=avg, window=10) };8.88128e-01;1.00000e+00;Pipeline { map_aggregate(attribute=NOx(GT), function=min, window=3) | map_aggregate(attribute=PT08.S5(O3), function=avg, window=4) };8.89148e-01;4.50355e-01;Pipeline { map_aggregate(attribute=NO2(GT), function=avg, window=10) | map_aggregate(attribute=NOx(GT), function=min, window=4) };8.88599e-01;1.00000e+00;Pipeline { map_aggregate(attribute=NOx(GT), function=min, window=4) | map_aggregate(attribute=C6H6(GT), function=avg, window=10) }
datasets/airQuality_parallel.csv;nsga2;4;48;4800;4800;2.19284e+02;100;2;4;1.00000e+00;1.00000e+00;4.40000e-01;8.90563e-01;1.00000e+00;Pipeline { map_aggregate(attribute=NOx(GT), function=min, window=3) | map_aggregate(attribute=PT08.S5(O3), function=avg, window=10) };8.88233e-01;1.00000e+00;Pipeline { map_aggregate(attribute=NOx(GT), function=min, window=4) | map_aggregate(attribute=PT08.S2(NMHC), function=avg, window=4) };8.89148e-01;4.50355e-01;Pipeline { map_aggregate(attribute=NO2(GT), function=avg, window=10) | map_aggregate(attribute=NOx(GT), function=min, window=3) };8.88608e-01;1.00000e+00;Pipeline { map_aggregate(attribute=PT08.S4(NO2), function=avg, window=6) | map_aggregate(attribute=NOx(GT), function=min, window=3) }
datasets/airQuality_parallel.csv;nsga2;4;49;4900;4900;2.23734e+02;100;2;3;1.00000e+00;1.00000e+00;4.40000e-01;8.90563e-01;1.00000e+00;Pipeline { map_aggregate(attribute=NOx(GT), function=min, window=3) | map_aggregate(attribute=PT08.S5(O3), function=avg, window=10) };8.88233e-01;1.00000e+00;Pipeline { map_aggregate(attribute=PT08.S2(NMHC), function=avg, window=4) | map_aggregate(attribute=NOx(GT), function=min, window=3) };8.89148e-01;4.50355e-01;Pipeline { map_aggregate(attribute=NO2(GT), function=avg, window=10) | map_aggregate(attribute=NOx(GT), function=min, window=5) };8.88727e-01;1.00000e+00;Pipeline { map_aggregate(attribute=C6H6(GT), function=avg, window=9) | map_aggregate(attribute=NOx(GT), function=min, window=5) }
datasets/airQuality_parallel.csv;nsga2;4;50;5000;5000;2.28238e+02;100;2;3;1.00000e+00;1.00000e+00;4.40000e-01;8.90563e-01;1.00000e+00;Pipeline { map_aggregate(attribute=NOx(GT), function=min, window=3) | map_aggregate(attribute=PT08.S5(O3), function=avg, window=10) };8.88233e-01;1.00000e+00;Pipeline { map_aggregate(attribute=NOx(GT), function=min, window=4) | map_aggregate(attribute=PT08.S2(NMHC), function=avg, window=4) };8.89148e-01;4.50355e-01;Pipeline { map_aggregate(attribute=NOx(GT), function=min, window=5) | map_aggregate(attribute=NO2(GT), function=avg, window=10) };8.88727e-01;1.00000e+00;Pipeline { map_aggregate(attribute=C6H6(GT), function=avg, window=9) | map_aggregate(attribute=NOx(GT), function=min, window=5) }
datasets/airQuality_parallel.csv;nsga2;5;1;100;100;6.78500e+00;100;1;58;9.80000e-01;9.80000e-01;4.10000e-01;8.76750e-01;1.00000e+00;Pipeline { map_aggregate(attribute=PT08.S3(NOx), function=avg, window=7) | map_noise(attribute=NMHC(GT), percentage=0.25) };7.11560e-01;1.00000e+00;Pipeline { filter(NOx(GT) > 0.0000) | filter(NOx(GT) < 2190000000.0000) };6.66285e-01;9.07504e-01;Pipeline { map_noise(attribute=CO(GT), percentage=0.05) | map_duplicate(probability=0.30) | map_noise(attribute=AH, percentage=0.01) | map_noise(attribute=C6H6(GT), percentage=0.10) };1.38647e-01;8.91791e-01;Pipeline { map_noise(attribute=PT08.S4(NO2), percentage=0.01) | map_duplicate(probability=1.00) | map_duplicate(probability=0.90) | map_aggregate(attribute=PT08.S3(NOx), function=max, window=9) | map_duplicate(probability=0.70) | filter(PT08.S1(CO) > 4.4600) }
datasets/airQuality_parallel.csv;nsga2;5;2;200;200;1.54520e+01;100;2;1;9.80000e-01;9.80000e-01;9.20000e-01;8.82131e-01;8.79457e-01;Pipeline { map_aggregate(attribute=NOx(GT), function=min, window=5) | map_noise(attribute=CO(GT), percentage=0.10) };7.11560e-01;1.00000e+00;Pipeline { filter(NOx(GT) > 0.0000) | filter(NOx(GT) < 2190000000.0000) };8.70636e-01;1.00000e+00;Pipeline { map_aggregate(attribute=AH, function=avg, window=5) };8.71845e-01;1.00000e+00;Pipeline { map_noise(attribute=PT08.S1(CO), percentage=0.05) }
datasets/airQuality_parallel.csv;nsga2;5;3;300;300;2.39720e+01;100;1;1;9.90000e-01;9.90000e-01;9.40000e-01;8.84321e-01;1.00000e+00;Pipeline { map_aggregate(attribute=NOx(GT), function=min, window=5) | map_noise(attribute=C6H6(GT), percentage=0.10) };8.52814e-01;1.00000e+00;Pipeline { map_aggregate(attribute=NOx(GT), function=max, window=7) | map_noise(attribute=NMHC(GT), percentage=0.10) };8.75732e-01;5.05747e-02;Pipeline { map_aggregate(attribute=NO2(GT), function=min, window=8) };8.68427e-01;1.00000e+00;Pipeline { map_noise(attribute=C6H6(GT), percentage=0.05) }
datasets/airQuality_parallel.csv;nsga2;5;4;400;400;2.80610e+01;100;1;2;9.90000e-01;9.90000e-01;9.30000e-01;8.85125e-01;1.00000e+00;Pipeline { map_aggregate(attribute=NOx(GT), function=min, window=5) | map_aggregate(attribute=RH, function=avg, window=4) };8.70800e-01;1.00000e+00;Pipeline { map_aggregate(attribute=T, function=avg, window=7) };8.80038e-01;1.00000e+00;Pipeline { map_aggregate(attribute=NOx(GT), function=min, window=7) };8.73868e-01;1.00000e+00;Pipeline { map_aggregate(attribute=AH, function=min, window=9) }
datasets/airQuality_parallel.csv;nsga2;5;5;500;500;3.23950e+01;100;2;1;1.00000e+00;1.00000e+00;9.40000e-01;8.86529e-01;3.00952e-01;Pipeline { map_aggregate(attribute=NO2(GT), function=min, window=3) | map_aggregate(attribute=PT08.S1(CO), function=avg, window=3) };8.74021e-01;1.00000e+00;Pipeline { map_aggregate(attribute=NOx(GT), function=min, window=5) | map_aggregate(attribute=PT08.S5(O3), function=max, window=3) };8.81955e-01;1.00000e+00;Pipeline { map_aggregate(attribute=PT08.S4(NO2), function=avg, window=7) };8.79013e-01;1.00000e+00;Pipeline { map_aggregate(attribute=NOx(GT), function=avg, window=3) }
datasets/airQuality_parallel.csv;nsga2;5;6;600;600;3.68500e+01;100;1;1;1.00000e+00;1.00000e+00;9.30000e-01;8.87513e-01;1.00000e+00;Pipeline { map_aggregate(attribute=NOx(GT), function=min, window=5) | map_aggregate(attribute=PT08.S5(O3), function=avg, window=10) };8.78544e-01;1.00000e+00;Pipeline { map_aggregate(attribute=NOx(GT), function=avg, window=9) };8.82421e-01;1.00000e+00;Pipeline { map_aggregate(attribute=NOx(GT), function=min, window=5) | map_noise(attribute=PT08.S5(O3), percentage=0.01) };8.79989e-01;1.00000e+00;Pipeline { map_aggregate(attribute=PT08.S1(CO), function=avg, window=7) }
datasets/airQuality_parallel.csv;nsga2;5;7;700;700;4.14170e+01;100;2;1;1.00000e+00;1.00000e+00;9.10000e-01;8.89148e-01;4.50355e-01;Pipeline { map_aggregate(attribute=NOx(GT), function=min, window=5) | map_aggregate(attribute=NO2(GT), function=avg, window=10) };8.79864e-01;1.00000e+00;Pipeline { map_aggregate(attribute=PT08.S2(NMHC), function=avg, window=10) };8.83022e-01;9.39551e-01;Pipeline { map_aggregate(attribute=NOx(GT), function=min, window=5) | map_noise(attribute=CO(GT), percentage=0.05) };8.80982e-01;1.00000e+00;Pipeline { map_aggregate(attribute=C6H6(GT), function=avg, window=4) }
datasets/airQuality_parallel.csv;nsga2;5;8;800;800;4.63490e+01;100;2;1;1.00000e+00;1.00000e+00;9.50000e-01;8.89148e-01;4.50355e-01;Pipeline { map_aggregate(attribute=NOx(GT), function=min, window=5) | map_aggregate(attribute=NO2(GT), function=avg, window=10) };8.80423e-01;1.00000e+00;Pipeline { map_aggregate(attribute=PT08.S5(O3), function=avg, window=6) };8.84235e-01;1.00000e+00;Pipeline { map_aggregate(attribute=NOx(GT), function=min, window=7) | map_aggregate(attribute=PT08.S4(NO2), function=avg, window=4) };8.82184e-01;1.00000e+00;Pipeline { map_aggregate(attribute=NOx(GT), function=min, window=5) | map_noise(attribute=T, percentage=0.05) }
datasets/airQuality_parallel.csv;nsga2;5;9;900;900;5.06100e+01;100;2;2;1.00000e+00;1.00000e+00;9.40000e-01;8.89148e-01;4.50355e-01;Pipeline { map_aggregate(attribute=NOx(GT), function=min, window=5) | map_aggregate(attribute=NO2(GT), function=avg, window=10) };8.81955e-01;1.00000e+00;Pipeline { map_aggregate(attribute=PT08.S4(NO2), function=avg, window=7) };8.85488e-01;1.00000e+00;Pipeline { map_aggregate(attribute=NOx(GT), function=min, window=3) | map_noise(attribute=PT08.S2(NMHC), percentage=0.05) };8.82423e-01;1.00000e+00;Pipeline { map_aggregate(attribute=NOx(GT), function=min, window=5) | map_aggregate(attribute=T, function=min, window=10) }
datasets/airQuality_parallel.csv;nsga2;5;10;1000;1000;5.48360e+01;100;2;1;1.00000e+00;1.00000e+00;9.50000e-01;8.89148e-01;4.50355e-01;Pipeline { map_aggregate(attribute=NOx(GT), function=min, window=5) | map_aggregate(attribute=NO2(GT), function=avg, window=10) };8.82315e-01;1.00000e+00;Pipeline { map_aggregate(attribute=NOx(GT), function=min, window=5) | map_noise(attribute=NMHC(GT), percentage=0.01) };8.86223e-01;1.00000e+00;Pipeline { map_aggregate(attribute=NOx(GT), function=min, window=5) | map_aggregate(attribute=PT08.S4(NO2), function=avg, window=8) };8.82919e-01;1.00000e+00;Pipeline { map_aggregate(attribute=NOx(GT), function=min, window=5) | map_noise(attribute=AH, percentage=0.25) }
datasets/airQuality_parallel.csv;nsga2;5;11;1100;1100;5.92800e+01;100;2;1;1.00000e+00;1.00000e+00;9.70000e-01;8.89148e-01;4.50355e-01;Pipeline { map_aggregate(attribute=NOx(GT), function=min, window=5) | map_aggregate(attribute=NO2(GT), function=avg, window=10) };8.82677e-01;1.00000e+00;Pipeline { map_aggregate(attribute=NOx(GT), function=min, window=5) | map_noise(attribute=PT08.S1(CO), percentage=0.10) };8.86322e-01;1.00000e+00;Pipeline { map_aggregate(attribute=NOx(GT), function=min, window=5) | map_aggregate(attribute=PT08.S3(NOx), function=avg, window=7) };8.83380e-01;1.00000e+00;Pipeline { map_aggregate(attribute=NOx(GT), function=min, window=4) | map_noise(attribute=PT08.S1(CO), percentage=0.10) }
datasets/airQuality_parallel.csv;nsga2;5;12;1200;1200;6.38890e+01;100;2;1;1.00000e+00;1.00000e+00;9.90000e-01;8.89148e-01;4.50355e-01;Pipeline { map_aggregate(attribute=NOx(GT), function=min, window=5) | map_aggregate(attribute=NO2(GT), function=avg, window=10) };8.83022e-01;1.00000e+00;Pipeline { map_aggregate(attribute=NOx(GT), function=min, window=5) | map_aggregate(attribute=T, function=max, window=7) };8.86590e-01;1.00000e+00;Pipeline { map_aggregate(attribute=NOx(GT), function=min, window=5) | map_aggregate(attribute=PT08.S4(NO2), function=avg, window=10) };8.84516e-01;1.00000e+00;Pipeline { map_aggregate(attribute=NOx(GT), function=min, window=4) | map_noise(attribute=T, percentage=0.05) }
datasets/airQuality_parallel.csv;nsga2;5;13;1300;1300;6.86170e+01;100;2;2;1.00000e+00;1.00000e+00;9.80000e-01;8.89148e-01;4.50355e-01;Pipeline { map_aggregate(attribute=NOx(GT), function=min, window=5) | map_aggregate(attribute=NO2(GT), function=avg, window=10) };8.83412e-01;1.00000e+00;Pipeline { map_aggregate(attribute=NOx(GT), function=min, window=5) | map_noise(attribute=T, percentage=0.10) };8.86639e-01;1.00000e+00;Pipeline { map_aggregate(attribute=NOx(GT), function=min, window=3) | map_aggregate(attribute=PT08.S1(CO), function=avg, window=5) };8.84674e-01;1.00000e+00;Pipeline { map_aggregate(attribute=NOx(GT), function=min, window=5) | map_aggregate(attribute=RH, function=avg, window=10) }
datasets/airQuality_parallel.csv;nsga2;5;14;1400;1400;7.29150e+01;100;2;1;1.00000e+00;1.00000e+00;9.80000e-01;8.89148e-01;4.50355e-01;Pipeline { map_aggregate(attribute=NOx(GT), function=min, window=5) | map_aggregate(attribute=NO2(GT), function=avg, window=10) };8.84235e-01;1.00000e+00;Pipeline { map_aggregate(attribute=NOx(GT), function=min, window=7) | map_aggregate(attribute=PT08.S4(NO2), function=avg, window=4) };8.86768e-01;4.50355e-01;Pipeline { map_aggregate(attribute=NOx(GT), function=avg, window=7) | map_aggregate(attribute=NO2(GT), function=avg, window=10) };8.84868e-01;1.00000e+00;Pipeline { map_aggregate(attribute=NOx(GT), function=min, window=5) | map_noise(attribute=PT08.S4(NO2), percentage=0.10) }
datasets/airQuality_parallel.csv;nsga2;5;15;1500;1500;7.70680e+01;100;3;1;1.00000e+00;1.00000e+00;9.80000e-01;8.89148e-01;4.50355e-01;Pipeline { map_aggregate(attribute=NOx(GT), function=min, window=5) | map_aggregate(attribute=NO2(GT), function=avg, window=10) };8.84461e-01;1.00000e+00;Pipeline { map_aggregate(attribute=NOx(GT), function=min, window=4) | map_noise(attribute=PT08.S3(NOx), percentage=0.05) };8.86962e-01;1.00000e+00;Pipeline { map_aggregate(attribute=NOx(GT), function=min, window=5) | map_aggregate(attribute=PT08.S2(NMHC), function=avg, window=3) };8.85208e-01;1.00000e+00;Pipeline { map_aggregate(attribute=NOx(GT), function=min, window=4) | map_noise(attribute=T, percentage=0.10) }
datasets/airQuality_parallel.csv;nsga2;5;16;1600;1600;8.16610e+01;100;3;1;1.00000e+00;1.00000e+00;9.80000e-01;8.89148e-01;4.50355e-01;Pipeline { map_aggregate(attribute=NOx(GT), function=min, window=5) | map_aggregate(attribute=NO2(GT), function=avg, window=10) };8.84674e-01;1.00000e+00;Pipeline { map_aggregate(attribute=NOx(GT), function=min, window=5) | map_aggregate(attribute=RH, function=avg, window=10) };8.87279e-01;1.00000e+00;Pipeline { map_aggregate(attribute=NOx(GT), function=min, window=4) | map_aggregate(attribute=PT08.S4(NO2), function=avg, window=6) };8.85763e-01;1.00000e+00;Pipeline { map_aggregate(attribute=NOx(GT), function=min, window=3) | map_noise(attribute=PT08.S4(NO2), percentage=0.05) }
datasets/airQuality_parallel.csv;nsga2;5;17;1700;1700;8.58760e+01;100;2;1;1.00000e+00;1.00000e+00;9.80000e-01;8.89148e-01;4.50355e-01;Pipeline { map_aggregate(attribute=NOx(GT), function=min, window=5) | map_aggregate(attribute=NO2(GT), function=avg, window=10) };8.85042e-01;1.00000e+00;Pipeline { map_aggregate(attribute=NOx(GT), function=min, window=4) | map_noise(attribute=PT08.S2(NMHC), percentage=0.10) };8.87440e-01;2.25352e-01;Pipeline { map_aggregate(attribute=NO2(GT), function=min, window=4) | map_aggregate(attribute=PT08.S5(O3), function=avg, window=7) };8.86258e-01;1.00000e+00;Pipeline { map_aggregate(attribute=NOx(GT), function=min, window=5) | map_aggregate(attribute=PT08.S3(NOx), function=avg, window=6) }
datasets/airQuality_parallel.csv;nsga2;5;18;1800;1800;9.02250e+01;100;2;2;1.00000e+00;1.00000e+00;9.80000e-01;8.89148e-01;4.50355e-01;Pipeline { map_aggregate(attribute=NOx(GT), function=min, window=5) | map_aggregate(attribute=NO2(GT), function=avg, window=10) };8.85567e-01;1.00000e+00;Pipeline { map_aggregate(attribute=NOx(GT), function=min, window=6) | map_aggregate(attribute=PT08.S2(NMHC), function=avg, window=9) };8.87794e-01;1.00000e+00;Pipeline { map_aggregate(attribute=NOx(GT), function=min, window=5) | map_aggregate(attribute=PT08.S2(NMHC), function=avg, window=8) };8.86583e-01;1.00000e+00;Pipeline { map_aggregate(attribute=NOx(GT), function=min, window=5) | map_aggregate(attribute=PT08.S4(NO2), function=avg, window=9) }
datasets/airQuality_parallel.csv;nsga2;5;19;1900;1900;9.45400e+01;100;1;1;1.00000e+00;1.00000e+00;9.60000e-01;8.90563e-01;1.00000e+00;Pipeline { map_aggregate(attribute=NOx(GT), function=min, window=3) | map_aggregate(attribute=PT08.S5(O3), function=avg, window=10) };8.85815e-01;1.00000e+00;Pipeline { map_aggregate(attribute=NOx(GT), function=min, window=4) | map_aggregate(attribute=T, function=avg, window=6) };8.87944e-01;4.82270e-01;Pipeline { map_aggregate(attribute=NOx(GT), function=min, window=10) | map_aggregate(attribute=NO2(GT), function=avg, window=8) };8.86639e-01;1.00000e+00;Pipeline { map_aggregate(attribute=NOx(GT), function=min, window=3) | map_aggregate(attribute=PT08.S1(CO), function=avg, window=5) }
datasets/airQuality_parallel.csv;nsga2;5;20;2000;2000;9.90190e+01;100;1;2;1.00000e+00;1.00000e+00;9.50000e-01;8.90563e-01;1.00000e+00;Pipeline { map_aggregate(attribute=NOx(GT), function=min, window=3) | map_aggregate(attribute=PT08.S5(O3), function=avg, window=10) };8.86157e-01;1.00000e+00;Pipeline { map_aggregate(attribute=NOx(GT), function=min, window=5) | map_aggregate(attribute=PT08.S4(NO2), function=avg, window=3) };8.88004e-01;4.71631e-01;Pipeline { map_aggregate(attribute=NOx(GT), function=min, window=5) | map_aggregate(attribute=NO2(GT), function=avg, window=6) };8.86789e-01;1.00000e+00;Pipeline { map_aggregate(attribute=NOx(GT), function=min, window=5) | map_aggregate(attribute=PT08.S2(NMHC), function=avg, window=5) }
datasets/airQuality_parallel.csv;nsga2;5;21;2100;2100;1.03269e+02;100;1;3;1.00000e+00;1.00000e+00;9.50000e-01;8.90563e-01;1.00000e+00;Pipeline { map_aggregate(attribute=NOx(GT), function=min, window=3) | map_aggregate(attribute=PT08.S5(O3), function=avg, window=10) };8.86322e-01;1.00000e+00;Pipeline { map_aggregate(attribute=NOx(GT), function=min, window=5) | map_aggregate(attribute=PT08.S3(NOx), function=avg, window=7) };8.88004e-01;4.71631e-01;Pipeline { map_aggregate(attribute=NOx(GT), function=min, window=6) | map_aggregate(attribute=NO2(GT), function=avg, window=6) };8.86962e-01;1.00000e+00;Pipeline { map_aggregate(attribute=NOx(GT), function=min, window=5) | map_aggregate(attribute=PT08.S2(NMHC), function=avg, window=3) }
datasets/airQuality_parallel.csv;nsga2;5;22;2200;2200;1.07787e+02;100;1;2;1.00000e+00;1.00000e+00;9.50000e-01;8.90563e-01;1.00000e+00;Pipeline { map_aggregate(attribute=NOx(GT), function=min, window=3) | map_aggregate(attribute=PT08.S5(O3), function=avg, window=10) };8.86472e-01;1.00000e+00;Pipeline { map_aggregate(attribute=NOx(GT), function=min, window=5) | map_aggregate(attribute=PT08.S2(NMHC), function=avg, window=9) };8.88139e-01;4.83126e-01;Pipeline { map_aggregate(attribute=NOx(GT), function=min, window=3) | map_aggregate(attribute=NO2(GT), function=avg, window=9) };8.87153e-01;1.00000e+00;Pipeline { map_aggregate(attribute=NOx(GT), function=min, window=5) | map_aggregate(attribute=PT08.S5(O3), function=avg, window=9) }
datasets/airQuality_parallel.csv;nsga2;5;23;2300;2300;1.12369e+02;100;1;1;1.00000e+00;1.00000e+00;9.40000e-01;8.90563e-01;1.00000e+00;Pipeline { map_aggregate(attribute=NOx(GT), function=min, window=3) | map_aggregate(attribute=PT08.S5(O3), function=avg, window=10) };8.86519e-01;1.00000e+00;Pipeline { map_aggregate(attribute=NOx(GT), function=min, window=4) | map_aggregate(attribute=AH, function=avg, window=9) };8.88250e-01;1.00000e+00;Pipeline { map_aggregate(attribute=NOx(GT), function=min, window=4) | map_aggregate(attribute=C6H6(GT), function=avg, window=7) };8.87279e-01;1.00000e+00;Pipeline { map_aggregate(attribute=NOx(GT), function=min, window=4) | map_aggregate(attribute=PT08.S4(NO2), function=avg, window=6) }
datasets/airQuality_parallel.csv;nsga2;5;24;2400;2400;1.17068e+02;100;1;1;1.00000e+00;1.00000e+00;9.30000e-01;8.90563e-01;1.00000e+00;Pipeline { map_aggregate(attribute=NOx(GT), function=min, window=3) | map_aggregate(attribute=PT08.S5(O3), function=avg, window=10) };8.86595e-01;1.00000e+00;Pipeline { map_aggregate(attribute=NOx(GT), function=min, window=3) | map_aggregate(attribute=RH, function=avg, window=9) };8.88267e-01;1.00000e+00;Pipeline { map_aggregate(attribute=NOx(GT), function=min, window=4) | map_aggregate(attribute=PT08.S4(NO2), function=avg, window=7) };8.87364e-01;1.00000e+00;Pipeline { map_aggregate(attribute=NOx(GT), function=min, window=7) | map_aggregate(attribute=C6H6(GT), function=avg, window=10) }
datasets/airQuality_parallel.csv;nsga2;5;25;2500;2500;1.21309e+02;100;1;2;1.00000e+00;1.00000e+00;9.00000e-01;8.90563e-01;1.00000e+00;Pipeline { map_aggregate(attribute=NOx(GT), function=min, window=3) | map_aggregate(attribute=PT08.S5(O3), function=avg, window=10) };8.86729e-01;1.00000e+00;Pipeline { map_aggregate(attribute=NOx(GT), function=min, window=3) | map_noise(attribute=PT08.S4(NO2), percentage=0.10) };8.88328e-01;4.83126e-01;Pipeline { map_aggregate(attribute=NOx(GT), function=min, window=10) | map_aggregate(attribute=NO2(GT), function=avg, window=9) };8.87498e-01;1.00000e+00;Pipeline { map_aggregate(attribute=NOx(GT), function=min, window=4) | map_aggregate(attribute=PT08.S2(NMHC), function=avg, window=7) }
datasets/airQuality_parallel.csv;nsga2;5;26;2600;2600;1.25999e+02;100;1;1;1.00000e+00;1.00000e+00;9.00000e-01;8.90563e-01;1.00000e+00;Pipeline { map_aggregate(attribute=NOx(GT), function=min, window=3) | map_aggregate(attribute=PT08.S5(O3), function=avg, window=10) };8.86831e-01;1.00000e+00;Pipeline { map_aggregate(attribute=NOx(GT), function=min, window=4) | map_aggregate(attribute=RH, function=avg, window=6) };8.88437e-01;4.68085e-01;Pipeline { map_aggregate(attribute=NOx(GT), function=min, window=3) | map_aggregate(attribute=NO2(GT), function=avg, window=7) };8.87535e-01;1.00000e+00;Pipeline { map_aggregate(attribute=NOx(GT), function=min, window=4) | map_aggregate(attribute=PT08.S4(NO2), function=avg, window=8) }
datasets/airQuality_parallel.csv;nsga2;5;27;2700;2700;1.30696e+02;100;1;1;1.00000e+00;1.00000e+00;9.10000e-01;8.90563e-01;1.00000e+00;Pipeline { map_aggregate(attribute=NOx(GT), function=min, window=3) | map_aggregate(attribute=PT08.S5(O3), function=avg, window=10) };8.86888e-01;1.00000e+00;Pipeline { map_aggregate(attribute=NOx(GT), function=min, window=4) | map_aggregate(attribute=PT08.S4(NO2), function=avg, window=3) };8.88511e-01;1.00000e+00;Pipeline { map_aggregate(attribute=NOx(GT), function=min, window=3) | map_aggregate(attribute=C6H6(GT), function=avg, window=8) };8.87570e-01;1.00000e+00;Pipeline { map_aggregate(attribute=NOx(GT), function=min, window=4) | map_aggregate(attribute=RH, function=avg, window=4) }
datasets/airQuality_parallel.csv;nsga2;5;28;2800;2800;1.35426e+02;100;1;1;1.00000e+00;1.00000e+00;9.10000e-01;8.90563e-01;1.00000e+00;Pipeline { map_aggregate(attribute=NOx(GT), function=min, window=3) | map_aggregate(attribute=PT08.S5(O3), function=avg, window=10) };8.87000e-01;1.00000e+00;Pipeline { map_aggregate(attribute=NOx(GT), function=min, window=5) | map_aggregate(attribute=PT08.S3(NOx), function=avg, window=3) };8.88511e-01;1.00000e+00;Pipeline { map_aggregate(attribute=NOx(GT), function=min, window=5) | map_aggregate(attribute=C6H6(GT), function=avg, window=8) };8.87636e-01;1.00000e+00;Pipeline { map_aggregate(attribute=NOx(GT), function=min, window=3) | map_aggregate(attribute=PT08.S2(NMHC), function=avg, window=10) }
datasets/airQuality_parallel.csv;nsga2;5;29;2900;2900;1.39871e+02;100;1;1;1.00000e+00;1.00000e+00;8.90000e-01;8.90563e-01;1.00000e+00;Pipeline { map_aggregate(attribute=NOx(GT), function=min, window=3) | map_aggregate(attribute=PT08.S5(O3), function=avg, window=10) };8.87088e-01;1.00000e+00;Pipeline { map_aggregate(attribute=NOx(GT), function=min, window=6) | map_aggregate(attribute=C6H6(GT), function=avg, window=8) };8.88608e-01;1.00000e+00;Pipeline { map_aggregate(attribute=NOx(GT), function=min, window=3) | map_aggregate(attribute=PT08.S4(NO2), function=avg, window=6) };8.87688e-01;1.00000e+00;Pipeline { map_aggregate(attribute=NOx(GT), function=min, window=3) | map_aggregate(attribute=PT08.S2(NMHC), function=avg, window=8) }
datasets/airQuality_parallel.csv;nsga2;5;30;3000;3000;1.44127e+02;100;1;2;1.00000e+00;1.00000e+00;8.80000e-01;8.90563e-01;1.00000e+00;Pipeline { map_aggregate(attribute=NOx(GT), function=min, window=3) | map_aggregate(attribute=PT08.S5(O3), function=avg, window=10) };8.87156e-01;1.00000e+00;Pipeline { map_aggregate(attribute=NOx(GT), function=min, window=4) | map_aggregate(attribute=PT08.S4(NO2), function=avg, window=10) };8.88631e-01;4.82270e-01;Pipeline { map_aggregate(attribute=NOx(GT), function=min, window=3) | map_aggregate(attribute=NO2(GT), function=avg, window=8) };8.87790e-01;1.00000e+00;Pipeline { map_aggregate(attribute=NOx(GT), function=min, window=4) | map_aggregate(attribute=PT08.S3(NOx), function=avg, window=9) }
datasets/airQuality_parallel.csv;nsga2;5;31;3100;3100;1.48833e+02;100;1;1;1.00000e+00;1.00000e+00;8.80000e-01;8.90563e-01;1.00000e+00;Pipeline { map_aggregate(attribute=NOx(GT), function=min, window=3) | map_aggregate(attribute=PT08.S5(O3), function=avg, window=10) };8.87205e-01;1.00000e+00;Pipeline { map_aggregate(attribute=NOx(GT), function=min, window=3) | map_aggregate(attribute=PT08.S1(CO), function=avg, window=8) };8.88727e-01;1.00000e+00;Pipeline { map_aggregate(attribute=NOx(GT), function=min, window=5) | map_aggregate(attribute=C6H6(GT), function=avg, window=9) };8.87790e-01;1.00000e+00;Pipeline { map_aggregate(attribute=NOx(GT), function=min, window=4) | map_aggregate(attribute=PT08.S3(NOx), function=avg, window=9) }
datasets/airQuality_parallel.csv;nsga2;5;32;3200;3200;1.53585e+02;100;1;1;1.00000e+00;1.00000e+00;8.70000e-01;8.90563e-01;1.00000e+00;Pipeline { map_aggregate(attribute=NOx(GT), function=min, window=3) | map_aggregate(attribute=PT08.S5(O3), function=avg, window=10) };8.87336e-01;1.00000e+00;Pipeline { map_aggregate(attribute=NOx(GT), function=min, window=3) | map_aggregate(attribute=PT08.S2(NMHC), function=avg, window=9) };8.88749e-01;4.71631e-01;Pipeline { map_aggregate(attribute=NOx(GT), function=min, window=3) | map_aggregate(attribute=NO2(GT), function=avg, window=6) };8.87798e-01;1.00000e+00;Pipeline { map_aggregate(attribute=NOx(GT), function=min, window=3) | map_aggregate(attribute=PT08.S5(O3), function=avg, window=5) }
datasets/airQuality_parallel.csv;nsga2;5;33;3300;3300;1.58744e+02;100;1;1;1.00000e+00;1.00000e+00;8.70000e-01;8.90563e-01;1.00000e+00;Pipeline { map_aggregate(attribute=NOx(GT), function=min, window=3) | map_aggregate(attribute=PT08.S5(O3), function=avg, window=10) };8.87367e-01;1.00000e+00;Pipeline { map_aggregate(attribute=NOx(GT), function=min, window=3) | map_aggregate(attribute=RH, function=avg, window=6) };8.88767e-01;5.20354e-01;Pipeline { map_aggregate(attribute=NOx(GT), function=min, window=4) | map_aggregate(attribute=NO2(GT), function=avg, window=5) };8.87811e-01;1.00000e+00;Pipeline { map_aggregate(attribute=NOx(GT), function=min, window=4) | map_aggregate(attribute=PT08.S3(NOx), function=avg, window=7) }
datasets/airQuality_parallel.csv;nsga2;5;34;3400;3400;1.63222e+02;100;1;1;1.00000e+00;1.00000e+00;8.60000e-01;8.90563e-01;1.00000e+00;Pipeline { map_aggregate(attribute=NOx(GT), function=min, window=3) | map_aggregate(attribute=PT08.S5(O3), function=avg, window=10) };8.87405e-01;1.00000e+00;Pipeline { map_aggregate(attribute=NOx(GT), function=min, window=4) | map_aggregate(attribute=PT08.S3(NOx), function=avg, window=4) };8.88767e-01;5.20354e-01;Pipeline { map_aggregate(attribute=NOx(GT), function=min, window=4) | map_aggregate(attribute=NO2(GT), function=avg, window=5) };8.87832e-01;1.00000e+00;Pipeline { map_aggregate(attribute=NOx(GT), function=min, window=3) | map_aggregate(attribute=PT08.S4(NO2), function=avg, window=5) }
datasets/airQuality_parallel.csv;nsga2;5;35;3500;3500;1.67881e+02;100;1;1;1.00000e+00;1.00000e+00;8.50000e-01;8.90563e-01;1.00000e+00;Pipeline { map_aggregate(attribute=NOx(GT), function=min, window=3) | map_aggregate(attribute=PT08.S5(O3), function=avg, window=10) };8.87568e-01;1.00000e+00;Pipeline { map_aggregate(attribute=NOx(GT), function=min, window=3) | map_aggregate(attribute=RH, function=avg, window=4) };8.88887e-01;1.00000e+00;Pipeline { map_aggregate(attribute=NOx(GT), function=min, window=4) | map_aggregate(attribute=C6H6(GT), function=avg, window=8) };8.88013e-01;1.00000e+00;Pipeline { map_aggregate(attribute=NOx(GT), function=min, window=3) | map_aggregate(attribute=RH, function=avg, window=5) }
datasets/airQuality_parallel.csv;nsga2;5;36;3600;3600;1.73012e+02;100;1;1;1.00000e+00;1.00000e+00;8.50000e-01;8.90563e-01;1.00000e+00;Pipeline { map_aggregate(attribute=NOx(GT), function=min, window=3) | map_aggregate(attribute=PT08.S5(O3), function=avg, window=10) };8.87570e-01;1.00000e+00;Pipeline { map_aggregate(attribute=NOx(GT), function=min, window=4) | map_aggregate(attribute=RH, function=avg, window=4) };8.88887e-01;1.00000e+00;Pipeline { map_aggregate(attribute=NOx(GT), function=min, window=4) | map_aggregate(attribute=C6H6(GT), function=avg, window=8) };8.88013e-01;1.00000e+00;Pipeline { map_aggregate(attribute=NOx(GT), function=min, window=3) | map_aggregate(attribute=RH, function=avg, window=5) }
datasets/airQuality_parallel.csv;nsga2;5;37;3700;3700;1.77392e+02;100;1;1;1.00000e+00;1.00000e+00;8.50000e-01;8.90563e-01;1.00000e+00;Pipeline { map_aggregate(attribute=NOx(GT), function=min, window=3) | map_aggregate(attribute=PT08.S5(O3), function=avg, window=10) };8.87599e-01;1.00000e+00;Pipeline { map_aggregate(attribute=NOx(GT), function=min, window=6) | map_aggregate(attribute=C6H6(GT), function=avg, window=10) };8.88915e-01;1.00000e+00;Pipeline { map_aggregate(attribute=NOx(GT), function=min, window=5) | map_aggregate(attribute=C6H6(GT), function=avg, window=5) };8.88013e-01;1.00000e+00;Pipeline { map_aggregate(attribute=NOx(GT), function=min, window=3) | map_aggregate(attribute=RH, function=avg, window=5) }
datasets/airQuality_parallel.csv;nsga2;5;38;3800;3800;1.82640e+02;100;1;1;1.00000e+00;1.00000e+00;8.50000e-01;8.90563e-01;1.00000e+00;Pipeline { map_aggregate(attribute=NOx(GT), function=min, window=3) | map_aggregate(attribute=PT08.S5(O3), function=avg, window=10) };8.87599e-01;1.00000e+00;Pipeline { map_aggregate(attribute=NOx(GT), function=min, window=6) | map_aggregate(attribute=C6H6(GT), function=avg, window=10) };8.88915e-01;1.00000e+00;Pipeline { map_aggregate(attribute=NOx(GT), function=min, window=5) | map_aggregate(attribute=C6H6(GT), function=avg, window=5) };8.88013e-01;1.00000e+00;Pipeline { map_aggregate(attribute=NOx(GT), function=min, window=3) | map_aggregate(attribute=RH, function=avg, window=5) }
datasets/airQuality_parallel.csv;nsga2;5;39;3900;3900;1.87504e+02;100;1;1;1.00000e+00;1.00000e+00;8.50000e-01;8.90563e-01;1.00000e+00;Pipeline { map_aggregate(attribute=NOx(GT), function=min, window=3) | map_aggregate(attribute=PT08.S5(O3), function=avg, window=10) };8.87599e-01;1.00000e+00;Pipeline { map_aggregate(attribute=NOx(GT), function=min, window=6) | map_aggregate(attribute=C6H6(GT), function=avg, window=10) };8.88915e-01;1.00000e+00;Pipeline { map_aggregate(attribute=NOx(GT), function=min, window=5) | map_aggregate(attribute=C6H6(GT), function=avg, window=5) };8.88013e-01;1.00000e+00;Pipeline { map_aggregate(attribute=NOx(GT), function=min, window=3) | map_aggregate(attribute=RH, function=avg, window=5) }
datasets/airQuality_parallel.csv;nsga2;5;40;4000;4000;1.91960e+02;100;1;1;1.00000e+00;1.00000e+00;8.50000e-01;8.90563e-01;1.00000e+00;Pipeline { map_aggregate(attribute=NOx(GT), function=min, window=3) | map_aggregate(attribute=PT08.S5(O3), function=avg, window=10) };8.87599e-01;1.00000e+00;Pipeline { map_aggregate(attribute=NOx(GT), function=min, window=6) | map_aggregate(attribute=C6H6(GT), function=avg, window=10) };8.88915e-01;1.00000e+00;Pipeline { map_aggregate(attribute=NOx(GT), function=min, window=5) | map_aggregate(attribute=C6H6(GT), function=avg, window=5) };8.88013e-01;1.00000e+00;Pipeline { map_aggregate(attribute=NOx(GT), function=min, window=3) | map_aggregate(attribute=RH, function=avg, window=5) }
datasets/airQuality_parallel.csv;nsga2;5;41;4100;4100;1.96985e+02;100;1;1;1.00000e+00;1.00000e+00;8.50000e-01;8.90563e-01;1.00000e+00;Pipeline { map_aggregate(attribute=NOx(GT), function=min, window=3) | map_aggregate(attribute=PT08.S5(O3), function=avg, window=10) };8.87617e-01;1.00000e+00;Pipeline { map_aggregate(attribute=NOx(GT), function=min, window=3) | map_aggregate(attribute=PT08.S3(NOx), function=avg, window=9) };8.88915e-01;1.00000e+00;Pipeline { map_aggregate(attribute=NOx(GT), function=min, window=5) | map_aggregate(attribute=C6H6(GT), function=avg, window=5) };8.88082e-01;1.00000e+00;Pipeline { map_aggregate(attribute=NOx(GT), function=min, window=5) | map_aggregate(attribute=C6H6(GT), function=avg, window=3) }
datasets/airQuality_parallel.csv;nsga2;5;42;4200;4200;2.01115e+02;100;1;1;1.00000e+00;1.00000e+00;8.50000e-01;8.90563e-01;1.00000e+00;Pipeline { map_aggregate(attribute=NOx(GT), function=min, window=3) | map_aggregate(attribute=PT08.S5(O3), function=avg, window=10) };8.86942e-01;1.00000e+00;Pipeline { map_aggregate(attribute=NOx(GT), function=min, window=3) | map_aggregate(attribute=RH, function=avg, window=3) };8.88915e-01;1.00000e+00;Pipeline { map_aggregate(attribute=NOx(GT), function=min, window=5) | map_aggregate(attribute=C6H6(GT), function=avg, window=5) };8.88013e-01;1.00000e+00;Pipeline { map_aggregate(attribute=NOx(GT), function=min, window=3) | map_aggregate(attribute=RH, function=avg, window=5) }
datasets/airQuality_parallel.csv;nsga2;5;43;4300;4300;2.05412e+02;100;1;1;1.00000e+00;1.00000e+00;8.50000e-01;8.90563e-01;1.00000e+00;Pipeline { map_aggregate(attribute=NOx(GT), function=min, window=3) | map_aggregate(attribute=PT08.S5(O3), function=avg, window=10) };8.87498e-01;1.00000e+00;Pipeline { map_aggregate(attribute=NOx(GT), function=min, window=4) | map_aggregate(attribute=PT08.S2(NMHC), function=avg, window=7) };8.88915e-01;1.00000e+00;Pipeline { map_aggregate(attribute=NOx(GT), function=min, window=5) | map_aggregate(attribute=C6H6(GT), function=avg, window=5) };8.88013e-01;1.00000e+00;Pipeline { map_aggregate(attribute=NOx(GT), function=min, window=3) | map_aggregate(attribute=RH, function=avg, window=5) }
datasets/airQuality_parallel.csv;nsga2;5;44;4400;4400;2.09752e+02;100;1;1;1.00000e+00;1.00000e+00;8.50000e-01;8.90563e-01;1.00000e+00;Pipeline { map_aggregate(attribute=NOx(GT), function=min, window=3) | map_aggregate(attribute=PT08.S5(O3), function=avg, window=10) };8.87498e-01;1.00000e+00;Pipeline { map_aggregate(attribute=NOx(GT), function=min, window=4) | map_aggregate(attribute=PT08.S2(NMHC), function=avg, window=7) };8.88915e-01;1.00000e+00;Pipeline { map_aggregate(attribute=NOx(GT), function=min, window=5) | map_aggregate(attribute=C6H6(GT), function=avg, window=5) };8.88013e-01;1.00000e+00;Pipeline { map_aggregate(attribute=NOx(GT), function=min, window=3) | map_aggregate(attribute=RH, function=avg, window=5) }
datasets/airQuality_parallel.csv;nsga2;5;45;4500;4500;2.14244e+02;100;1;2;1.00000e+00;1.00000e+00;8.50000e-01;8.90563e-01;1.00000e+00;Pipeline { map_aggregate(attribute=NOx(GT), function=min, window=3) | map_aggregate(attribute=PT08.S5(O3), function=avg, window=10) };8.87617e-01;1.00000e+00;Pipeline { map_aggregate(attribute=NOx(GT), function=min, window=3) | map_aggregate(attribute=PT08.S3(NOx), function=avg, window=9) };8.88915e-01;1.00000e+00;Pipeline { map_aggregate(attribute=NOx(GT), function=min, window=5) | map_aggregate(attribute=C6H6(GT), function=avg, window=5) };8.88013e-01;1.00000e+00;Pipeline { map_aggregate(attribute=NOx(GT), function=min, window=3) | map_aggregate(attribute=RH, function=avg, window=5) }
datasets/airQuality_parallel.csv;nsga2;5;46;4600;4600;2.19462e+02;100;1;1;1.00000e+00;1.00000e+00;8.30000e-01;8.90563e-01;1.00000e+00;Pipeline { map_aggregate(attribute=NOx(GT), function=min, window=3) | map_aggregate(attribute=PT08.S5(O3), function=avg, window=10) };8.87636e-01;1.00000e+00;Pipeline { map_aggregate(attribute=NOx(GT), function=min, window=4) | map_aggregate(attribute=PT08.S2(NMHC), function=avg, window=9) };8.88916e-01;1.00000e+00;Pipeline { map_aggregate(attribute=NOx(GT), function=min, window=3) | map_aggregate(attribute=PT08.S4(NO2), function=avg, window=10) };8.88082e-01;1.00000e+00;Pipeline { map_aggregate(attribute=NOx(GT), function=min, window=5) | map_aggregate(attribute=C6H6(GT), function=avg, window=3) }
datasets/airQuality_parallel.csv;nsga2;5;47;4700;4700;2.24146e+02;100;1;1;1.00000e+00;1.00000e+00;8.20000e-01;8.90563e-01;1.00000e+00;Pipeline { map_aggregate(attribute=NOx(GT), function=min, window=3) | map_aggregate(attribute=PT08.S5(O3), function=avg, window=10) };8.87636e-01;1.00000e+00;Pipeline { map_aggregate(attribute=NOx(GT), function=min, window=3) | map_aggregate(attribute=PT08.S2(NMHC), function=avg, window=10) };8.88916e-01;1.00000e+00;Pipeline { map_aggregate(attribute=NOx(GT), function=min, window=3) | map_aggregate(attribute=PT08.S4(NO2), function=avg, window=10) };8.88123e-01;1.00000e+00;Pipeline { map_aggregate(attribute=NOx(GT), function=min, window=3) | map_aggregate(attribute=PT08.S4(NO2), function=avg, window=3) }
datasets/airQuality_parallel.csv;nsga2;5;48;4800;4800;2.28864e+02;100;1;2;1.00000e+00;1.00000e+00;8.10000e-01;8.90563e-01;1.00000e+00;Pipeline { map_aggregate(attribute=NOx(GT), function=min, window=3) | map_aggregate(attribute=PT08.S5(O3), function=avg, window=10) };8.87669e-01;1.00000e+00;Pipeline { map_aggregate(attribute=NOx(GT), function=min, window=4) | map_aggregate(attribute=PT08.S3(NOx), function=avg, window=5) };8.88916e-01;1.00000e+00;Pipeline { map_aggregate(attribute=NOx(GT), function=min, window=3) | map_aggregate(attribute=PT08.S4(NO2), function=avg, window=10) };8.88128e-01;1.00000e+00;Pipeline { map_aggregate(attribute=NOx(GT), function=min, window=3) | map_aggregate(attribute=PT08.S5(O3), function=avg, window=4) }
datasets/airQuality_parallel.csv;nsga2;5;49;4900;4900;2.33913e+02;100;1;2;1.00000e+00;1.00000e+00;8.10000e-01;8.90563e-01;1.00000e+00;Pipeline { map_aggregate(attribute=NOx(GT), function=min, window=3) | map_aggregate(attribute=PT08.S5(O3), function=avg, window=10) };8.87669e-01;1.00000e+00;Pipeline { map_aggregate(attribute=NOx(GT), function=min, window=4) | map_aggregate(attribute=PT08.S3(NOx), function=avg, window=5) };8.88916e-01;1.00000e+00;Pipeline { map_aggregate(attribute=NOx(GT), function=min, window=3) | map_aggregate(attribute=PT08.S4(NO2), function=avg, window=10) };8.88128e-01;1.00000e+00;Pipeline { map_aggregate(attribute=NOx(GT), function=min, window=3) | map_aggregate(attribute=PT08.S5(O3), function=avg, window=4) }
datasets/airQuality_parallel.csv;nsga2;5;50;5000;5000;2.38074e+02;100;1;2;1.00000e+00;1.00000e+00;8.10000e-01;8.90563e-01;1.00000e+00;Pipeline { map_aggregate(attribute=NOx(GT), function=min, window=3) | map_aggregate(attribute=PT08.S5(O3), function=avg, window=10) };8.87669e-01;1.00000e+00;Pipeline { map_aggregate(attribute=NOx(GT), function=min, window=4) | map_aggregate(attribute=PT08.S3(NOx), function=avg, window=5) };8.88916e-01;1.00000e+00;Pipeline { map_aggregate(attribute=NOx(GT), function=min, window=3) | map_aggregate(attribute=PT08.S4(NO2), function=avg, window=10) };8.88128e-01;1.00000e+00;Pipeline { map_aggregate(attribute=NOx(GT), function=min, window=3) | map_aggregate(attribute=PT08.S5(O3), function=avg, window=4) }
