problem.name;solver.name;randomGenerator.seed;n.iterations;n.evals;n.births;elapsed.secs;all→size;firsts→size;lasts→size;all→each[genotype]→uniqueness;all→each[solution]→uniqueness;all→each[quality]→uniqueness;"all→percentile[quality→privacy;100]→quality→privacy";"all→percentile[quality→privacy;100]→quality→results-similarity";"all→percentile[quality→privacy;100]→quality→performance-similarity";"all→percentile[quality→privacy;100]→solution";"all→percentile[quality→results-similarity;100]→quality→privacy";"all→percentile[quality→results-similarity;100]→quality→results-similarity";"all→percentile[quality→results-similarity;100]→quality→performance-similarity";"all→percentile[quality→results-similarity;100]→solution";"all→percentile[quality→performance-similarity;100]→quality→privacy";"all→percentile[quality→performance-similarity;100]→quality→results-similarity";"all→percentile[quality→performance-similarity;100]→quality→performance-similarity";"all→percentile[quality→performance-similarity;100]→solution";"all→percentile[quality→privacy;75]→quality→privacy";"all→percentile[quality→privacy;75]→quality→results-similarity";"all→percentile[quality→privacy;75]→quality→performance-similarity";"all→percentile[quality→privacy;75]→solution";"all→percentile[quality→results-similarity;75]→quality→privacy";"all→percentile[quality→results-similarity;75]→quality→results-similarity";"all→percentile[quality→results-similarity;75]→quality→performance-similarity";"all→percentile[quality→results-similarity;75]→solution";"all→percentile[quality→performance-similarity;75]→quality→privacy";"all→percentile[quality→performance-similarity;75]→quality→results-similarity";"all→percentile[quality→performance-similarity;75]→quality→performance-similarity";"all→percentile[quality→performance-similarity;75]→solution"
datasets/airQuality_parallel.csv;nsga2;1;1;100;100;2.74550e+01;100;11;60;9.80000e-01;9.80000e-01;3.30000e-01;7.83910e-01;9.36567e-01;9.49204e-01;Pipeline { map_noise(attribute=PT08.S1(CO), percentage=0.05) | map_aggregate(attribute=C6H6(GT), function=avg, window=10) | filter(PT08.S2(NMHC) > 0.0000) | map_aggregate(attribute=PT08.S4(NO2), function=max, window=3) };7.41322e-01;1.00000e+00;1.00000e+00;Pipeline { map_noise(attribute=PT08.S4(NO2), percentage=0.05) };7.41322e-01;1.00000e+00;1.00000e+00;Pipeline { map_noise(attribute=PT08.S4(NO2), percentage=0.05) };4.91616e-01;6.99275e-01;6.01698e-01;Pipeline { filter(AH > 0.0000) | map_aggregate(attribute=AH, function=max, window=5) | map_aggregate(attribute=C6H6(GT), function=min, window=7) | filter(PT08.S3(NOx) < 598.0000) | map_duplicate(probability=0.30) | map_aggregate(attribute=PT08.S4(NO2), function=min, window=10) | map_noise(attribute=AH, percentage=0.01) | map_duplicate(probability=0.70) | filter(PT08.S1(CO) > 0.0918) | map_duplicate(probability=0.80) };4.33201e-01;9.13124e-01;7.29206e-01;Pipeline { map_aggregate(attribute=T, function=min, window=3) | map_duplicate(probability=0.90) | filter(PT08.S5(O3) > 0.0021) | map_noise(attribute=AH, percentage=0.25) };4.23284e-01;9.18819e-01;7.29361e-01;Pipeline { map_duplicate(probability=0.90) | filter(PT08.S2(NMHC) > 0.0003) | map_noise(attribute=RH, percentage=0.10) }
datasets/airQuality_parallel.csv;nsga2;1;2;200;200;4.04080e+01;100;31;4;9.80000e-01;9.70000e-01;6.80000e-01;7.87038e-01;5.05747e-02;7.87839e-01;Pipeline { map_aggregate(attribute=NO2(GT), function=min, window=8) };6.11312e-01;1.00000e+00;9.22879e-01;Pipeline { filter(NOx(GT) > 4.2500) };7.41322e-01;1.00000e+00;1.00000e+00;Pipeline { map_noise(attribute=PT08.S3(NOx), percentage=0.01) };7.41322e-01;1.00000e+00;1.00000e+00;Pipeline { map_noise(attribute=C6H6(GT), percentage=0.10) };7.41322e-01;1.00000e+00;1.00000e+00;Pipeline { map_noise(attribute=RH, percentage=0.05) };7.41322e-01;1.00000e+00;1.00000e+00;Pipeline { map_noise(attribute=PT08.S4(NO2), percentage=0.10) | map_noise(attribute=RH, percentage=0.01) | map_noise(attribute=AH, percentage=0.05) }
datasets/airQuality_parallel.csv;nsga2;1;3;300;300;6.40990e+01;100;6;4;9.80000e-01;9.80000e-01;4.40000e-01;8.00138e-01;1.24352e-01;6.72845e-01;Pipeline { map_aggregate(attribute=CO(GT), function=avg, window=5) };6.11312e-01;1.00000e+00;9.22879e-01;Pipeline { filter(NOx(GT) > 4.2500) };7.22201e-01;1.00000e+00;1.00000e+00;Pipeline { map_noise(attribute=NOx(GT), percentage=0.25) };7.41322e-01;1.00000e+00;1.00000e+00;Pipeline { map_aggregate(attribute=PT08.S4(NO2), function=min, window=3) | map_noise(attribute=PT08.S5(O3), percentage=0.01) };7.41322e-01;1.00000e+00;1.00000e+00;Pipeline { map_noise(attribute=PT08.S2(NMHC), percentage=0.25) };7.41322e-01;1.00000e+00;1.00000e+00;Pipeline { map_aggregate(attribute=AH, function=avg, window=10) }
datasets/airQuality_parallel.csv;nsga2;1;4;400;400;7.33370e+01;100;6;80;1.00000e+00;1.00000e+00;2.00000e-01;8.16501e-01;5.60224e-02;6.65588e-01;Pipeline { map_aggregate(attribute=CO(GT), function=avg, window=6) };7.41322e-01;1.00000e+00;1.00000e+00;Pipeline { map_noise(attribute=PT08.S2(NMHC), percentage=0.10) };7.41322e-01;1.00000e+00;1.00000e+00;Pipeline { map_noise(attribute=PT08.S2(NMHC), percentage=0.10) };7.41322e-01;1.00000e+00;1.00000e+00;Pipeline { map_aggregate(attribute=PT08.S5(O3), function=avg, window=5) };7.41322e-01;1.00000e+00;1.00000e+00;Pipeline { map_aggregate(attribute=AH, function=avg, window=7) };7.41322e-01;1.00000e+00;1.00000e+00;Pipeline { map_aggregate(attribute=AH, function=avg, window=7) }
datasets/airQuality_parallel.csv;nsga2;1;5;500;500;8.34800e+01;100;4;67;1.00000e+00;1.00000e+00;3.20000e-01;8.16501e-01;5.60224e-02;6.65588e-01;Pipeline { map_aggregate(attribute=CO(GT), function=avg, window=6) };7.41322e-01;1.00000e+00;1.00000e+00;Pipeline { map_aggregate(attribute=AH, function=min, window=7) };7.41322e-01;1.00000e+00;1.00000e+00;Pipeline { map_aggregate(attribute=AH, function=min, window=7) };7.68445e-01;9.09761e-01;9.51842e-01;Pipeline { map_noise(attribute=PT08.S1(CO), percentage=0.05) | map_aggregate(attribute=PT08.S2(NMHC), function=avg, window=3) | filter(PT08.S2(NMHC) > 0.0454) | map_duplicate(probability=0.10) };7.41322e-01;1.00000e+00;1.00000e+00;Pipeline { map_noise(attribute=PT08.S4(NO2), percentage=0.10) | map_noise(attribute=PT08.S1(CO), percentage=0.01) | map_aggregate(attribute=PT08.S2(NMHC), function=avg, window=10) };7.41322e-01;1.00000e+00;1.00000e+00;Pipeline { map_noise(attribute=PT08.S4(NO2), percentage=0.10) | map_noise(attribute=PT08.S1(CO), percentage=0.01) | map_aggregate(attribute=PT08.S2(NMHC), function=avg, window=10) }
datasets/airQuality_parallel.csv;nsga2;1;6;600;600;9.31890e+01;100;4;57;1.00000e+00;1.00000e+00;3.90000e-01;8.16501e-01;5.60224e-02;6.65588e-01;Pipeline { map_aggregate(attribute=CO(GT), function=avg, window=6) };7.41322e-01;1.00000e+00;1.00000e+00;Pipeline { map_noise(attribute=RH, percentage=0.05) };7.41322e-01;1.00000e+00;1.00000e+00;Pipeline { map_noise(attribute=RH, percentage=0.05) };7.79352e-01;1.00000e+00;1.00000e+00;Pipeline { map_aggregate(attribute=NOx(GT), function=avg, window=8) };7.41322e-01;1.00000e+00;1.00000e+00;Pipeline { map_aggregate(attribute=PT08.S5(O3), function=avg, window=3) };7.41322e-01;1.00000e+00;1.00000e+00;Pipeline { map_aggregate(attribute=PT08.S5(O3), function=avg, window=3) }
datasets/airQuality_parallel.csv;nsga2;1;7;700;700;1.02886e+02;100;6;45;1.00000e+00;1.00000e+00;4.70000e-01;8.16501e-01;5.60224e-02;6.65588e-01;Pipeline { map_aggregate(attribute=CO(GT), function=avg, window=6) };7.41322e-01;1.00000e+00;1.00000e+00;Pipeline { map_aggregate(attribute=RH, function=min, window=7) };7.41322e-01;1.00000e+00;1.00000e+00;Pipeline { map_aggregate(attribute=RH, function=min, window=7) };7.87189e-01;9.36567e-01;9.49204e-01;Pipeline { map_noise(attribute=PT08.S1(CO), percentage=0.01) | map_aggregate(attribute=C6H6(GT), function=avg, window=10) | filter(PT08.S2(NMHC) > 0.0000) | map_aggregate(attribute=PT08.S4(NO2), function=max, window=3) };7.41322e-01;1.00000e+00;1.00000e+00;Pipeline { map_aggregate(attribute=PT08.S4(NO2), function=avg, window=8) };7.41322e-01;1.00000e+00;1.00000e+00;Pipeline { map_aggregate(attribute=PT08.S4(NO2), function=avg, window=8) }
datasets/airQuality_parallel.csv;nsga2;1;8;800;800;1.14120e+02;100;7;24;1.00000e+00;1.00000e+00;6.30000e-01;8.16501e-01;5.60224e-02;6.65588e-01;Pipeline { map_aggregate(attribute=CO(GT), function=avg, window=6) };7.41322e-01;1.00000e+00;1.00000e+00;Pipeline { map_noise(attribute=NMHC(GT), percentage=0.10) | map_noise(attribute=T, percentage=0.05) | map_noise(attribute=AH, percentage=0.25) };7.41322e-01;1.00000e+00;1.00000e+00;Pipeline { map_noise(attribute=NMHC(GT), percentage=0.10) | map_noise(attribute=T, percentage=0.05) | map_noise(attribute=AH, percentage=0.25) };7.87937e-01;9.36567e-01;9.49204e-01;Pipeline { map_noise(attribute=PT08.S1(CO), percentage=0.05) | map_aggregate(attribute=C6H6(GT), function=avg, window=10) | filter(PT08.S2(NMHC) > 0.0434) | map_noise(attribute=T, percentage=0.25) };7.41928e-01;1.00000e+00;1.00000e+00;Pipeline { map_noise(attribute=NO2(GT), percentage=0.01) };7.41928e-01;1.00000e+00;1.00000e+00;Pipeline { map_noise(attribute=NO2(GT), percentage=0.01) }
datasets/airQuality_parallel.csv;nsga2;1;9;900;900;1.24100e+02;100;8;1;1.00000e+00;1.00000e+00;7.60000e-01;8.16501e-01;5.60224e-02;6.65588e-01;Pipeline { map_aggregate(attribute=CO(GT), function=avg, window=6) };7.41499e-01;1.00000e+00;1.00000e+00;Pipeline { map_noise(attribute=PT08.S3(NOx), percentage=0.10) | map_noise(attribute=NO2(GT), percentage=0.01) | map_aggregate(attribute=C6H6(GT), function=min, window=10) };7.41499e-01;1.00000e+00;1.00000e+00;Pipeline { map_noise(attribute=PT08.S3(NOx), percentage=0.10) | map_noise(attribute=NO2(GT), percentage=0.01) | map_aggregate(attribute=C6H6(GT), function=min, window=10) };7.88780e-01;9.36567e-01;9.49204e-01;Pipeline { map_noise(attribute=AH, percentage=0.10) | map_aggregate(attribute=C6H6(GT), function=avg, window=10) | filter(RH > 0.0004) | map_aggregate(attribute=PT08.S5(O3), function=max, window=3) };7.56866e-01;1.00000e+00;1.00000e+00;Pipeline { map_aggregate(attribute=NOx(GT), function=min, window=5) | map_aggregate(attribute=PT08.S5(O3), function=min, window=7) };7.56866e-01;1.00000e+00;1.00000e+00;Pipeline { map_aggregate(attribute=NOx(GT), function=min, window=5) | map_aggregate(attribute=PT08.S5(O3), function=min, window=7) }
datasets/airQuality_parallel.csv;nsga2;1;10;1000;1000;1.34786e+02;100;10;3;1.00000e+00;1.00000e+00;5.70000e-01;8.16501e-01;5.60224e-02;6.65588e-01;Pipeline { map_aggregate(attribute=CO(GT), function=avg, window=6) };7.44540e-01;1.00000e+00;1.00000e+00;Pipeline { map_aggregate(attribute=PT08.S1(CO), function=avg, window=7) | map_noise(attribute=NOx(GT), percentage=0.05) };7.44540e-01;1.00000e+00;1.00000e+00;Pipeline { map_aggregate(attribute=PT08.S1(CO), function=avg, window=7) | map_noise(attribute=NOx(GT), percentage=0.05) };7.89786e-01;9.36567e-01;9.49204e-01;Pipeline { map_noise(attribute=PT08.S1(CO), percentage=0.10) | map_aggregate(attribute=C6H6(GT), function=avg, window=10) | filter(PT08.S2(NMHC) > 0.0000) | map_aggregate(attribute=PT08.S4(NO2), function=max, window=3) };7.56866e-01;1.00000e+00;1.00000e+00;Pipeline { map_aggregate(attribute=NOx(GT), function=min, window=3) | map_aggregate(attribute=PT08.S1(CO), function=min, window=10) };7.56866e-01;1.00000e+00;1.00000e+00;Pipeline { map_aggregate(attribute=NOx(GT), function=min, window=3) | map_aggregate(attribute=PT08.S1(CO), function=min, window=10) }
datasets/airQuality_parallel.csv;nsga2;1;11;1100;1100;1.44656e+02;100;12;25;1.00000e+00;1.00000e+00;4.90000e-01;8.16501e-01;5.60224e-02;6.65588e-01;Pipeline { map_aggregate(attribute=CO(GT), function=avg, window=6) };7.56866e-01;1.00000e+00;1.00000e+00;Pipeline { map_aggregate(attribute=NOx(GT), function=min, window=3) | map_aggregate(attribute=C6H6(GT), function=min, window=6) };7.56866e-01;1.00000e+00;1.00000e+00;Pipeline { map_aggregate(attribute=NOx(GT), function=min, window=3) | map_aggregate(attribute=C6H6(GT), function=min, window=6) };7.90782e-01;9.36567e-01;9.49204e-01;Pipeline { map_noise(attribute=T, percentage=0.05) | map_aggregate(attribute=C6H6(GT), function=avg, window=10) | filter(PT08.S2(NMHC) > 0.0534) | map_aggregate(attribute=PT08.S3(NOx), function=min, window=8) };7.61111e-01;1.00000e+00;1.00000e+00;Pipeline { map_aggregate(attribute=PT08.S1(CO), function=avg, window=7) | map_noise(attribute=NOx(GT), percentage=0.25) };7.61111e-01;1.00000e+00;1.00000e+00;Pipeline { map_aggregate(attribute=PT08.S1(CO), function=avg, window=7) | map_noise(attribute=NOx(GT), percentage=0.25) }
datasets/airQuality_parallel.csv;nsga2;1;12;1200;1200;1.53910e+02;100;9;16;1.00000e+00;1.00000e+00;5.10000e-01;8.26172e-01;1.24352e-01;6.72845e-01;Pipeline { map_aggregate(attribute=NOx(GT), function=min, window=3) | map_aggregate(attribute=CO(GT), function=avg, window=5) };7.56866e-01;1.00000e+00;1.00000e+00;Pipeline { map_aggregate(attribute=NOx(GT), function=min, window=3) | map_aggregate(attribute=C6H6(GT), function=avg, window=5) };7.56866e-01;1.00000e+00;1.00000e+00;Pipeline { map_aggregate(attribute=NOx(GT), function=min, window=3) | map_aggregate(attribute=C6H6(GT), function=avg, window=5) };7.92120e-01;1.00000e+00;1.00000e+00;Pipeline { map_aggregate(attribute=NOx(GT), function=avg, window=4) | map_noise(attribute=C6H6(GT), percentage=0.01) };7.79352e-01;1.00000e+00;1.00000e+00;Pipeline { map_aggregate(attribute=NOx(GT), function=avg, window=8) | map_aggregate(attribute=PT08.S3(NOx), function=avg, window=3) };7.79352e-01;1.00000e+00;1.00000e+00;Pipeline { map_aggregate(attribute=NOx(GT), function=avg, window=8) | map_aggregate(attribute=PT08.S3(NOx), function=avg, window=3) }
datasets/airQuality_parallel.csv;nsga2;1;13;1300;1300;1.63675e+02;100;9;4;1.00000e+00;1.00000e+00;4.80000e-01;8.26172e-01;1.24352e-01;6.72845e-01;Pipeline { map_aggregate(attribute=NOx(GT), function=min, window=3) | map_aggregate(attribute=CO(GT), function=avg, window=5) };7.75042e-01;1.00000e+00;1.00000e+00;Pipeline { map_aggregate(attribute=NOx(GT), function=avg, window=7) | map_aggregate(attribute=C6H6(GT), function=min, window=7) };7.75042e-01;1.00000e+00;1.00000e+00;Pipeline { map_aggregate(attribute=NOx(GT), function=avg, window=7) | map_aggregate(attribute=C6H6(GT), function=min, window=7) };7.95433e-01;7.22348e-02;7.97486e-01;Pipeline { map_aggregate(attribute=NO2(GT), function=min, window=7) };7.81075e-01;1.00000e+00;1.00000e+00;Pipeline { map_aggregate(attribute=NOx(GT), function=avg, window=10) | map_noise(attribute=PT08.S1(CO), percentage=0.10) };7.81075e-01;1.00000e+00;1.00000e+00;Pipeline { map_aggregate(attribute=NOx(GT), function=avg, window=10) | map_noise(attribute=PT08.S1(CO), percentage=0.10) }
datasets/airQuality_parallel.csv;nsga2;1;14;1400;1400;1.74262e+02;100;10;9;1.00000e+00;1.00000e+00;4.90000e-01;8.26172e-01;1.24352e-01;6.72845e-01;Pipeline { map_aggregate(attribute=NOx(GT), function=min, window=3) | map_aggregate(attribute=CO(GT), function=avg, window=5) };7.80475e-01;1.00000e+00;1.00000e+00;Pipeline { map_aggregate(attribute=NOx(GT), function=avg, window=7) | map_aggregate(attribute=PT08.S4(NO2), function=min, window=3) };7.80475e-01;1.00000e+00;1.00000e+00;Pipeline { map_aggregate(attribute=NOx(GT), function=avg, window=7) | map_aggregate(attribute=PT08.S4(NO2), function=min, window=3) };8.01511e-01;8.40841e-02;6.52169e-01;Pipeline { map_aggregate(attribute=CO(GT), function=avg, window=10) };7.88510e-01;1.00000e+00;1.00000e+00;Pipeline { map_aggregate(attribute=NOx(GT), function=avg, window=5) | map_noise(attribute=NMHC(GT), percentage=0.01) };7.88510e-01;1.00000e+00;1.00000e+00;Pipeline { map_aggregate(attribute=NOx(GT), function=avg, window=5) | map_noise(attribute=NMHC(GT), percentage=0.01) }
datasets/airQuality_parallel.csv;nsga2;1;15;1500;1500;1.85392e+02;100;12;2;1.00000e+00;1.00000e+00;4.60000e-01;8.26172e-01;1.24352e-01;6.72845e-01;Pipeline { map_aggregate(attribute=NOx(GT), function=min, window=3) | map_aggregate(attribute=CO(GT), function=avg, window=5) };7.81075e-01;1.00000e+00;1.00000e+00;Pipeline { map_aggregate(attribute=NOx(GT), function=avg, window=10) | map_aggregate(attribute=RH, function=max, window=8) };7.81075e-01;1.00000e+00;1.00000e+00;Pipeline { map_aggregate(attribute=NOx(GT), function=avg, window=10) | map_aggregate(attribute=RH, function=max, window=8) };8.02200e-01;2.12871e-01;6.80643e-01;Pipeline { map_aggregate(attribute=CO(GT), function=avg, window=4) | map_aggregate(attribute=NMHC(GT), function=min, window=8) };7.88510e-01;1.00000e+00;1.00000e+00;Pipeline { map_aggregate(attribute=NOx(GT), function=avg, window=5) | map_aggregate(attribute=PT08.S4(NO2), function=avg, window=7) };7.88510e-01;1.00000e+00;1.00000e+00;Pipeline { map_aggregate(attribute=NOx(GT), function=avg, window=5) | map_aggregate(attribute=PT08.S4(NO2), function=avg, window=7) }
datasets/airQuality_parallel.csv;nsga2;1;16;1600;1600;1.95632e+02;100;11;8;1.00000e+00;1.00000e+00;4.20000e-01;8.26172e-01;1.24352e-01;6.72845e-01;Pipeline { map_aggregate(attribute=NOx(GT), function=min, window=3) | map_aggregate(attribute=CO(GT), function=avg, window=5) };7.84876e-01;1.00000e+00;1.00000e+00;Pipeline { map_aggregate(attribute=NOx(GT), function=avg, window=6) };7.84876e-01;1.00000e+00;1.00000e+00;Pipeline { map_aggregate(attribute=NOx(GT), function=avg, window=6) };8.05532e-01;3.44828e-02;7.56273e-01;Pipeline { map_aggregate(attribute=NOx(GT), function=min, window=3) | map_aggregate(attribute=NO2(GT), function=min, window=10) };7.88510e-01;1.00000e+00;1.00000e+00;Pipeline { map_aggregate(attribute=NOx(GT), function=avg, window=5) | map_aggregate(attribute=RH, function=min, window=7) };7.88510e-01;1.00000e+00;1.00000e+00;Pipeline { map_aggregate(attribute=NOx(GT), function=avg, window=5) | map_aggregate(attribute=RH, function=min, window=7) }
datasets/airQuality_parallel.csv;nsga2;1;17;1700;1700;2.03914e+02;100;13;8;1.00000e+00;1.00000e+00;3.70000e-01;8.26172e-01;1.24352e-01;6.72845e-01;Pipeline { map_aggregate(attribute=NOx(GT), function=min, window=3) | map_aggregate(attribute=CO(GT), function=avg, window=5) };7.88361e-01;1.00000e+00;1.00000e+00;Pipeline { map_aggregate(attribute=NOx(GT), function=avg, window=5) | map_noise(attribute=NOx(GT), percentage=0.01) };7.88361e-01;1.00000e+00;1.00000e+00;Pipeline { map_aggregate(attribute=NOx(GT), function=avg, window=5) | map_noise(attribute=NOx(GT), percentage=0.01) };8.11324e-01;1.24031e-01;6.85947e-01;Pipeline { map_aggregate(attribute=CO(GT), function=avg, window=5) | map_noise(attribute=CO(GT), percentage=0.05) };7.88510e-01;1.00000e+00;1.00000e+00;Pipeline { map_aggregate(attribute=NOx(GT), function=avg, window=5) | map_aggregate(attribute=PT08.S4(NO2), function=avg, window=10) };7.88510e-01;1.00000e+00;1.00000e+00;Pipeline { map_aggregate(attribute=NOx(GT), function=avg, window=5) | map_aggregate(attribute=PT08.S4(NO2), function=avg, window=10) }
datasets/airQuality_parallel.csv;nsga2;1;18;1800;1800;2.12681e+02;100;19;40;1.00000e+00;1.00000e+00;2.90000e-01;8.26172e-01;1.24352e-01;6.72845e-01;Pipeline { map_aggregate(attribute=NOx(GT), function=min, window=3) | map_aggregate(attribute=CO(GT), function=avg, window=5) };7.88510e-01;1.00000e+00;1.00000e+00;Pipeline { map_aggregate(attribute=NOx(GT), function=avg, window=5) | map_noise(attribute=PT08.S5(O3), percentage=0.05) };7.88510e-01;1.00000e+00;1.00000e+00;Pipeline { map_aggregate(attribute=NOx(GT), function=avg, window=5) | map_noise(attribute=PT08.S5(O3), percentage=0.05) };8.12377e-01;6.43275e-02;6.57975e-01;Pipeline { map_aggregate(attribute=CO(GT), function=avg, window=8) | map_aggregate(attribute=NMHC(GT), function=min, window=9) };7.88510e-01;1.00000e+00;1.00000e+00;Pipeline { map_aggregate(attribute=NOx(GT), function=avg, window=5) | map_aggregate(attribute=AH, function=min, window=4) };7.88510e-01;1.00000e+00;1.00000e+00;Pipeline { map_aggregate(attribute=NOx(GT), function=avg, window=5) | map_aggregate(attribute=AH, function=min, window=4) }
datasets/airQuality_parallel.csv;nsga2;1;19;1900;1900;2.20700e+02;100;27;18;1.00000e+00;1.00000e+00;3.70000e-01;8.26172e-01;1.24352e-01;6.72845e-01;Pipeline { map_aggregate(attribute=NOx(GT), function=min, window=3) | map_aggregate(attribute=CO(GT), function=avg, window=5) };7.88510e-01;1.00000e+00;1.00000e+00;Pipeline { map_aggregate(attribute=NOx(GT), function=avg, window=5) | map_aggregate(attribute=NMHC(GT), function=max, window=10) };7.88510e-01;1.00000e+00;1.00000e+00;Pipeline { map_aggregate(attribute=NOx(GT), function=avg, window=5) | map_aggregate(attribute=NMHC(GT), function=max, window=10) };8.12377e-01;6.43275e-02;6.57975e-01;Pipeline { map_aggregate(attribute=CO(GT), function=avg, window=8) | map_aggregate(attribute=NMHC(GT), function=max, window=10) };7.92120e-01;1.00000e+00;1.00000e+00;Pipeline { map_aggregate(attribute=NOx(GT), function=avg, window=4) | map_noise(attribute=AH, percentage=0.01) };7.92120e-01;1.00000e+00;1.00000e+00;Pipeline { map_aggregate(attribute=NOx(GT), function=avg, window=4) | map_noise(attribute=AH, percentage=0.01) }
datasets/airQuality_parallel.csv;nsga2;1;20;2000;2000;2.29886e+02;100;6;7;1.00000e+00;9.90000e-01;3.20000e-01;8.26172e-01;1.24352e-01;6.72845e-01;Pipeline { map_aggregate(attribute=NOx(GT), function=min, window=3) | map_aggregate(attribute=CO(GT), function=avg, window=5) };7.90621e-01;1.00000e+00;1.00000e+00;Pipeline { map_aggregate(attribute=NOx(GT), function=avg, window=5) | map_noise(attribute=NOx(GT), percentage=0.10) };7.90621e-01;1.00000e+00;1.00000e+00;Pipeline { map_aggregate(attribute=NOx(GT), function=avg, window=5) | map_noise(attribute=NOx(GT), percentage=0.10) };8.16187e-01;5.15759e-02;6.61298e-01;Pipeline { map_aggregate(attribute=CO(GT), function=avg, window=7) | map_noise(attribute=NO2(GT), percentage=0.01) };7.92120e-01;1.00000e+00;1.00000e+00;Pipeline { map_aggregate(attribute=NOx(GT), function=avg, window=4) | map_aggregate(attribute=PT08.S3(NOx), function=avg, window=5) };7.92120e-01;1.00000e+00;1.00000e+00;Pipeline { map_aggregate(attribute=NOx(GT), function=avg, window=4) | map_aggregate(attribute=PT08.S3(NOx), function=avg, window=5) }
datasets/airQuality_parallel.csv;nsga2;1;21;2100;2100;2.37840e+02;100;7;4;1.00000e+00;1.00000e+00;3.20000e-01;8.26172e-01;1.24352e-01;6.72845e-01;Pipeline { map_aggregate(attribute=NOx(GT), function=min, window=3) | map_aggregate(attribute=CO(GT), function=avg, window=5) };7.90621e-01;1.00000e+00;1.00000e+00;Pipeline { map_aggregate(attribute=NOx(GT), function=avg, window=5) | map_noise(attribute=NOx(GT), percentage=0.10) };7.90621e-01;1.00000e+00;1.00000e+00;Pipeline { map_aggregate(attribute=NOx(GT), function=avg, window=5) | map_noise(attribute=NOx(GT), percentage=0.10) };8.12377e-01;6.43275e-02;6.57975e-01;Pipeline { map_aggregate(attribute=CO(GT), function=avg, window=8) | map_aggregate(attribute=NMHC(GT), function=min, window=9) };7.92120e-01;1.00000e+00;1.00000e+00;Pipeline { map_aggregate(attribute=NOx(GT), function=avg, window=4) | map_noise(attribute=RH, percentage=0.10) };7.92120e-01;1.00000e+00;1.00000e+00;Pipeline { map_aggregate(attribute=NOx(GT), function=avg, window=4) | map_noise(attribute=RH, percentage=0.10) }
datasets/airQuality_parallel.csv;nsga2;1;22;2200;2200;2.45575e+02;100;7;39;1.00000e+00;1.00000e+00;2.90000e-01;8.26172e-01;1.24352e-01;6.72845e-01;Pipeline { map_aggregate(attribute=NOx(GT), function=min, window=3) | map_aggregate(attribute=CO(GT), function=avg, window=5) };7.90934e-01;1.00000e+00;1.00000e+00;Pipeline { map_aggregate(attribute=NOx(GT), function=avg, window=4) | map_noise(attribute=C6H6(GT), percentage=0.25) };7.90934e-01;1.00000e+00;1.00000e+00;Pipeline { map_aggregate(attribute=NOx(GT), function=avg, window=4) | map_noise(attribute=C6H6(GT), percentage=0.25) };8.12377e-01;6.43275e-02;6.57975e-01;Pipeline { map_aggregate(attribute=PT08.S3(NOx), function=min, window=5) | map_aggregate(attribute=CO(GT), function=avg, window=8) };7.92120e-01;1.00000e+00;1.00000e+00;Pipeline { map_aggregate(attribute=NOx(GT), function=avg, window=4) | map_noise(attribute=PT08.S2(NMHC), percentage=0.10) };7.92120e-01;1.00000e+00;1.00000e+00;Pipeline { map_aggregate(attribute=NOx(GT), function=avg, window=4) | map_noise(attribute=PT08.S2(NMHC), percentage=0.10) }
datasets/airQuality_parallel.csv;nsga2;1;23;2300;2300;2.53763e+02;100;9;29;1.00000e+00;1.00000e+00;3.30000e-01;8.26172e-01;1.24352e-01;6.72845e-01;Pipeline { map_aggregate(attribute=NOx(GT), function=min, window=3) | map_aggregate(attribute=CO(GT), function=avg, window=5) };7.90934e-01;1.00000e+00;1.00000e+00;Pipeline { map_aggregate(attribute=NOx(GT), function=avg, window=4) | map_noise(attribute=C6H6(GT), percentage=0.25) };7.90934e-01;1.00000e+00;1.00000e+00;Pipeline { map_aggregate(attribute=NOx(GT), function=avg, window=4) | map_noise(attribute=C6H6(GT), percentage=0.25) };8.12377e-01;6.43275e-02;6.57975e-01;Pipeline { map_aggregate(attribute=RH, function=min, window=5) | map_aggregate(attribute=CO(GT), function=avg, window=8) };7.92120e-01;1.00000e+00;1.00000e+00;Pipeline { map_aggregate(attribute=NOx(GT), function=avg, window=4) | map_aggregate(attribute=RH, function=max, window=6) };7.92120e-01;1.00000e+00;1.00000e+00;Pipeline { map_aggregate(attribute=NOx(GT), function=avg, window=4) | map_aggregate(attribute=RH, function=max, window=6) }
datasets/airQuality_parallel.csv;nsga2;1;24;2400;2400;2.62662e+02;100;9;20;1.00000e+00;1.00000e+00;3.60000e-01;8.26172e-01;1.24352e-01;6.72845e-01;Pipeline { map_aggregate(attribute=NOx(GT), function=min, window=3) | map_aggregate(attribute=CO(GT), function=avg, window=5) };7.90934e-01;1.00000e+00;1.00000e+00;Pipeline { map_aggregate(attribute=NOx(GT), function=avg, window=4) | map_noise(attribute=C6H6(GT), percentage=0.25) };7.90934e-01;1.00000e+00;1.00000e+00;Pipeline { map_aggregate(attribute=NOx(GT), function=avg, window=4) | map_noise(attribute=C6H6(GT), percentage=0.25) };8.12377e-01;6.43275e-02;6.57975e-01;Pipeline { map_aggregate(attribute=CO(GT), function=avg, window=8) | map_noise(attribute=AH, percentage=0.01) };7.92120e-01;1.00000e+00;1.00000e+00;Pipeline { map_aggregate(attribute=NOx(GT), function=avg, window=4) | map_noise(attribute=PT08.S2(NMHC), percentage=0.05) };7.92120e-01;1.00000e+00;1.00000e+00;Pipeline { map_aggregate(attribute=NOx(GT), function=avg, window=4) | map_noise(attribute=PT08.S2(NMHC), percentage=0.05) }
datasets/airQuality_parallel.csv;nsga2;1;25;2500;2500;2.72273e+02;100;5;12;1.00000e+00;1.00000e+00;3.30000e-01;8.26172e-01;1.24352e-01;6.72845e-01;Pipeline { map_aggregate(attribute=NOx(GT), function=min, window=3) | map_aggregate(attribute=CO(GT), function=avg, window=5) };7.91895e-01;1.00000e+00;1.00000e+00;Pipeline { map_aggregate(attribute=NOx(GT), function=avg, window=5) | map_noise(attribute=NO2(GT), percentage=0.01) };7.91895e-01;1.00000e+00;1.00000e+00;Pipeline { map_aggregate(attribute=NOx(GT), function=avg, window=5) | map_noise(attribute=NO2(GT), percentage=0.01) };8.11324e-01;1.24031e-01;6.85947e-01;Pipeline { map_aggregate(attribute=CO(GT), function=avg, window=5) | map_noise(attribute=CO(GT), percentage=0.05) };7.92120e-01;1.00000e+00;1.00000e+00;Pipeline { map_aggregate(attribute=NOx(GT), function=avg, window=4) | map_noise(attribute=PT08.S4(NO2), percentage=0.10) };7.92120e-01;1.00000e+00;1.00000e+00;Pipeline { map_aggregate(attribute=NOx(GT), function=avg, window=4) | map_noise(attribute=PT08.S4(NO2), percentage=0.10) }
datasets/airQuality_parallel.csv;nsga2;1;26;2600;2600;2.81259e+02;100;5;6;1.00000e+00;1.00000e+00;2.80000e-01;8.26172e-01;1.24352e-01;6.72845e-01;Pipeline { map_aggregate(attribute=NOx(GT), function=min, window=3) | map_aggregate(attribute=CO(GT), function=avg, window=5) };7.91895e-01;1.00000e+00;1.00000e+00;Pipeline { map_aggregate(attribute=NOx(GT), function=avg, window=5) | map_noise(attribute=NO2(GT), percentage=0.01) };7.91895e-01;1.00000e+00;1.00000e+00;Pipeline { map_aggregate(attribute=NOx(GT), function=avg, window=5) | map_noise(attribute=NO2(GT), percentage=0.01) };8.01980e-01;6.38298e-01;9.52227e-01;Pipeline { map_aggregate(attribute=NOx(GT), function=min, window=5) | map_aggregate(attribute=NO2(GT), function=avg, window=3) };7.92120e-01;1.00000e+00;1.00000e+00;Pipeline { map_aggregate(attribute=NOx(GT), function=avg, window=4) | map_noise(attribute=NMHC(GT), percentage=0.25) };7.92120e-01;1.00000e+00;1.00000e+00;Pipeline { map_aggregate(attribute=NOx(GT), function=avg, window=4) | map_noise(attribute=NMHC(GT), percentage=0.25) }
datasets/airQuality_parallel.csv;nsga2;1;27;2700;2700;2.90026e+02;100;5;83;1.00000e+00;1.00000e+00;2.30000e-01;8.26172e-01;1.24352e-01;6.72845e-01;Pipeline { map_aggregate(attribute=NOx(GT), function=min, window=3) | map_aggregate(attribute=CO(GT), function=avg, window=5) };7.92120e-01;1.00000e+00;1.00000e+00;Pipeline { map_aggregate(attribute=NOx(GT), function=avg, window=4) | map_noise(attribute=AH, percentage=0.01) };7.92120e-01;1.00000e+00;1.00000e+00;Pipeline { map_aggregate(attribute=NOx(GT), function=avg, window=4) | map_noise(attribute=AH, percentage=0.01) };7.97602e-01;5.20354e-01;9.54126e-01;Pipeline { map_aggregate(attribute=NOx(GT), function=min, window=4) | map_aggregate(attribute=NO2(GT), function=avg, window=5) };7.92120e-01;1.00000e+00;1.00000e+00;Pipeline { map_aggregate(attribute=NOx(GT), function=avg, window=4) | map_aggregate(attribute=PT08.S4(NO2), function=min, window=10) };7.92120e-01;1.00000e+00;1.00000e+00;Pipeline { map_aggregate(attribute=NOx(GT), function=avg, window=4) | map_aggregate(attribute=PT08.S4(NO2), function=min, window=10) }
datasets/airQuality_parallel.csv;nsga2;1;28;2800;2800;2.99179e+02;100;5;71;1.00000e+00;1.00000e+00;2.80000e-01;8.26172e-01;1.24352e-01;6.72845e-01;Pipeline { map_aggregate(attribute=NOx(GT), function=min, window=3) | map_aggregate(attribute=CO(GT), function=avg, window=5) };7.92120e-01;1.00000e+00;1.00000e+00;Pipeline { map_aggregate(attribute=NOx(GT), function=avg, window=4) | map_aggregate(attribute=PT08.S3(NOx), function=avg, window=5) };7.92120e-01;1.00000e+00;1.00000e+00;Pipeline { map_aggregate(attribute=NOx(GT), function=avg, window=4) | map_aggregate(attribute=PT08.S3(NOx), function=avg, window=5) };8.01980e-01;6.38298e-01;9.52227e-01;Pipeline { map_aggregate(attribute=NOx(GT), function=min, window=5) | map_aggregate(attribute=NO2(GT), function=avg, window=3) };7.92120e-01;1.00000e+00;1.00000e+00;Pipeline { map_aggregate(attribute=NOx(GT), function=avg, window=4) | map_noise(attribute=C6H6(GT), percentage=0.01) };7.92120e-01;1.00000e+00;1.00000e+00;Pipeline { map_aggregate(attribute=NOx(GT), function=avg, window=4) | map_noise(attribute=C6H6(GT), percentage=0.01) }
datasets/airQuality_parallel.csv;nsga2;1;29;2900;2900;3.08232e+02;100;5;70;1.00000e+00;1.00000e+00;3.10000e-01;8.26172e-01;1.24352e-01;6.72845e-01;Pipeline { map_aggregate(attribute=NOx(GT), function=min, window=3) | map_aggregate(attribute=CO(GT), function=avg, window=5) };7.92120e-01;1.00000e+00;1.00000e+00;Pipeline { map_aggregate(attribute=NOx(GT), function=avg, window=4) | map_noise(attribute=PT08.S3(NOx), percentage=0.10) };7.92120e-01;1.00000e+00;1.00000e+00;Pipeline { map_aggregate(attribute=NOx(GT), function=avg, window=4) | map_noise(attribute=PT08.S3(NOx), percentage=0.10) };8.04533e-01;9.41385e-01;9.01599e-01;Pipeline { map_aggregate(attribute=NOx(GT), function=avg, window=4) | map_noise(attribute=CO(GT), percentage=0.05) };7.92120e-01;1.00000e+00;1.00000e+00;Pipeline { map_aggregate(attribute=NOx(GT), function=avg, window=4) | map_aggregate(attribute=NMHC(GT), function=max, window=3) };7.92120e-01;1.00000e+00;1.00000e+00;Pipeline { map_aggregate(attribute=NOx(GT), function=avg, window=4) | map_aggregate(attribute=NMHC(GT), function=max, window=3) }
datasets/airQuality_parallel.csv;nsga2;1;30;3000;3000;3.16665e+02;100;5;70;1.00000e+00;1.00000e+00;3.30000e-01;8.26172e-01;1.24352e-01;6.72845e-01;Pipeline { map_aggregate(attribute=NOx(GT), function=min, window=3) | map_aggregate(attribute=CO(GT), function=avg, window=5) };7.92120e-01;1.00000e+00;1.00000e+00;Pipeline { map_aggregate(attribute=NOx(GT), function=avg, window=4) | map_aggregate(attribute=PT08.S4(NO2), function=avg, window=10) };7.92120e-01;1.00000e+00;1.00000e+00;Pipeline { map_aggregate(attribute=NOx(GT), function=avg, window=4) | map_aggregate(attribute=PT08.S4(NO2), function=avg, window=10) };8.12754e-01;3.00952e-01;8.97267e-01;Pipeline { map_aggregate(attribute=NOx(GT), function=min, window=3) | map_aggregate(attribute=NO2(GT), function=min, window=3) };7.92120e-01;1.00000e+00;1.00000e+00;Pipeline { map_aggregate(attribute=NOx(GT), function=avg, window=4) | map_aggregate(attribute=PT08.S3(NOx), function=max, window=4) };7.92120e-01;1.00000e+00;1.00000e+00;Pipeline { map_aggregate(attribute=NOx(GT), function=avg, window=4) | map_aggregate(attribute=PT08.S3(NOx), function=max, window=4) }
datasets/airQuality_parallel.csv;nsga2;1;31;3100;3100;3.25329e+02;100;6;66;1.00000e+00;1.00000e+00;3.30000e-01;8.26172e-01;1.24352e-01;6.72845e-01;Pipeline { map_aggregate(attribute=NOx(GT), function=min, window=3) | map_aggregate(attribute=CO(GT), function=avg, window=5) };7.92120e-01;1.00000e+00;1.00000e+00;Pipeline { map_aggregate(attribute=NOx(GT), function=avg, window=4) | map_aggregate(attribute=AH, function=avg, window=3) };7.92120e-01;1.00000e+00;1.00000e+00;Pipeline { map_aggregate(attribute=NOx(GT), function=avg, window=4) | map_aggregate(attribute=AH, function=avg, window=3) };8.14137e-01;4.71631e-01;9.32372e-01;Pipeline { map_aggregate(attribute=NOx(GT), function=min, window=3) | map_aggregate(attribute=NO2(GT), function=avg, window=6) };7.92120e-01;1.00000e+00;1.00000e+00;Pipeline { map_aggregate(attribute=NOx(GT), function=avg, window=4) | map_aggregate(attribute=NMHC(GT), function=max, window=4) };7.92120e-01;1.00000e+00;1.00000e+00;Pipeline { map_aggregate(attribute=NOx(GT), function=avg, window=4) | map_aggregate(attribute=NMHC(GT), function=max, window=4) }
datasets/airQuality_parallel.csv;nsga2;1;32;3200;3200;3.34428e+02;100;6;62;1.00000e+00;1.00000e+00;3.60000e-01;8.26172e-01;1.24352e-01;6.72845e-01;Pipeline { map_aggregate(attribute=NOx(GT), function=min, window=3) | map_aggregate(attribute=CO(GT), function=avg, window=5) };7.92120e-01;1.00000e+00;1.00000e+00;Pipeline { map_aggregate(attribute=NOx(GT), function=avg, window=4) | map_aggregate(attribute=PT08.S4(NO2), function=avg, window=8) };7.92120e-01;1.00000e+00;1.00000e+00;Pipeline { map_aggregate(attribute=NOx(GT), function=avg, window=4) | map_aggregate(attribute=PT08.S4(NO2), function=avg, window=8) };8.14500e-01;8.06916e-02;6.59497e-01;Pipeline { map_aggregate(attribute=CO(GT), function=avg, window=8) | map_noise(attribute=CO(GT), percentage=0.05) };7.92120e-01;1.00000e+00;1.00000e+00;Pipeline { map_aggregate(attribute=NOx(GT), function=avg, window=4) | map_noise(attribute=PT08.S1(CO), percentage=0.05) };7.92120e-01;1.00000e+00;1.00000e+00;Pipeline { map_aggregate(attribute=NOx(GT), function=avg, window=4) | map_noise(attribute=PT08.S1(CO), percentage=0.05) }
datasets/airQuality_parallel.csv;nsga2;1;33;3300;3300;3.43006e+02;100;7;66;1.00000e+00;1.00000e+00;3.40000e-01;8.26172e-01;1.24352e-01;6.72845e-01;Pipeline { map_aggregate(attribute=NOx(GT), function=min, window=3) | map_aggregate(attribute=CO(GT), function=avg, window=5) };7.92120e-01;1.00000e+00;1.00000e+00;Pipeline { map_aggregate(attribute=NOx(GT), function=avg, window=4) | map_aggregate(attribute=NMHC(GT), function=min, window=4) };7.92120e-01;1.00000e+00;1.00000e+00;Pipeline { map_aggregate(attribute=NOx(GT), function=avg, window=4) | map_aggregate(attribute=NMHC(GT), function=min, window=4) };8.04533e-01;9.41385e-01;9.01599e-01;Pipeline { map_aggregate(attribute=NOx(GT), function=avg, window=4) | map_noise(attribute=CO(GT), percentage=0.05) };7.92120e-01;1.00000e+00;1.00000e+00;Pipeline { map_aggregate(attribute=NOx(GT), function=avg, window=4) | map_noise(attribute=C6H6(GT), percentage=0.05) };7.92120e-01;1.00000e+00;1.00000e+00;Pipeline { map_aggregate(attribute=NOx(GT), function=avg, window=4) | map_noise(attribute=C6H6(GT), percentage=0.05) }
datasets/airQuality_parallel.csv;nsga2;1;34;3400;3400;3.51733e+02;100;7;64;1.00000e+00;1.00000e+00;3.50000e-01;8.26172e-01;1.24352e-01;6.72845e-01;Pipeline { map_aggregate(attribute=NOx(GT), function=min, window=3) | map_aggregate(attribute=CO(GT), function=avg, window=5) };7.92120e-01;1.00000e+00;1.00000e+00;Pipeline { map_aggregate(attribute=NOx(GT), function=avg, window=4) | map_noise(attribute=PT08.S5(O3), percentage=0.25) };7.92120e-01;1.00000e+00;1.00000e+00;Pipeline { map_aggregate(attribute=NOx(GT), function=avg, window=4) | map_noise(attribute=PT08.S5(O3), percentage=0.25) };8.13904e-01;5.75972e-01;9.33242e-01;Pipeline { map_aggregate(attribute=NOx(GT), function=min, window=3) | map_aggregate(attribute=NO2(GT), function=avg, window=4) };7.92120e-01;1.00000e+00;1.00000e+00;Pipeline { map_aggregate(attribute=NOx(GT), function=avg, window=4) | map_noise(attribute=NMHC(GT), percentage=0.25) };7.92120e-01;1.00000e+00;1.00000e+00;Pipeline { map_aggregate(attribute=NOx(GT), function=avg, window=4) | map_noise(attribute=NMHC(GT), percentage=0.25) }
datasets/airQuality_parallel.csv;nsga2;1;35;3500;3500;3.60824e+02;100;8;63;1.00000e+00;1.00000e+00;3.70000e-01;8.26172e-01;1.24352e-01;6.72845e-01;Pipeline { map_aggregate(attribute=NOx(GT), function=min, window=3) | map_aggregate(attribute=CO(GT), function=avg, window=5) };7.92120e-01;1.00000e+00;1.00000e+00;Pipeline { map_aggregate(attribute=NOx(GT), function=avg, window=4) | map_aggregate(attribute=PT08.S4(NO2), function=avg, window=5) };7.92120e-01;1.00000e+00;1.00000e+00;Pipeline { map_aggregate(attribute=NOx(GT), function=avg, window=4) | map_aggregate(attribute=PT08.S4(NO2), function=avg, window=5) };8.14137e-01;4.71631e-01;9.32372e-01;Pipeline { map_aggregate(attribute=NOx(GT), function=min, window=3) | map_aggregate(attribute=NO2(GT), function=avg, window=6) };7.92120e-01;1.00000e+00;1.00000e+00;Pipeline { map_aggregate(attribute=NOx(GT), function=avg, window=4) | map_aggregate(attribute=RH, function=max, window=3) };7.92120e-01;1.00000e+00;1.00000e+00;Pipeline { map_aggregate(attribute=NOx(GT), function=avg, window=4) | map_aggregate(attribute=RH, function=max, window=3) }
datasets/airQuality_parallel.csv;nsga2;1;36;3600;3600;3.69060e+02;100;9;55;1.00000e+00;1.00000e+00;3.70000e-01;8.26172e-01;1.24352e-01;6.72845e-01;Pipeline { map_aggregate(attribute=NOx(GT), function=min, window=3) | map_aggregate(attribute=CO(GT), function=avg, window=5) };7.92120e-01;1.00000e+00;1.00000e+00;Pipeline { map_aggregate(attribute=NOx(GT), function=avg, window=4) | map_aggregate(attribute=RH, function=avg, window=10) };7.92120e-01;1.00000e+00;1.00000e+00;Pipeline { map_aggregate(attribute=NOx(GT), function=avg, window=4) | map_aggregate(attribute=RH, function=avg, window=10) };8.14822e-01;3.00952e-01;8.97267e-01;Pipeline { map_aggregate(attribute=NOx(GT), function=avg, window=9) | map_aggregate(attribute=NO2(GT), function=min, window=3) };7.92120e-01;1.00000e+00;1.00000e+00;Pipeline { map_aggregate(attribute=NOx(GT), function=avg, window=4) | map_noise(attribute=PT08.S5(O3), percentage=0.05) };7.92120e-01;1.00000e+00;1.00000e+00;Pipeline { map_aggregate(attribute=NOx(GT), function=avg, window=4) | map_noise(attribute=PT08.S5(O3), percentage=0.05) }
datasets/airQuality_parallel.csv;nsga2;1;37;3700;3700;3.76939e+02;100;9;46;1.00000e+00;1.00000e+00;3.90000e-01;8.26172e-01;1.24352e-01;6.72845e-01;Pipeline { map_aggregate(attribute=NOx(GT), function=min, window=3) | map_aggregate(attribute=CO(GT), function=avg, window=5) };7.92120e-01;1.00000e+00;1.00000e+00;Pipeline { map_aggregate(attribute=NOx(GT), function=avg, window=4) | map_aggregate(attribute=PT08.S4(NO2), function=avg, window=6) };7.92120e-01;1.00000e+00;1.00000e+00;Pipeline { map_aggregate(attribute=NOx(GT), function=avg, window=4) | map_aggregate(attribute=PT08.S4(NO2), function=avg, window=6) };8.15373e-01;4.71631e-01;9.32372e-01;Pipeline { map_aggregate(attribute=NOx(GT), function=min, window=4) | map_aggregate(attribute=NO2(GT), function=avg, window=6) };7.92120e-01;1.00000e+00;1.00000e+00;Pipeline { map_aggregate(attribute=NOx(GT), function=avg, window=4) | map_noise(attribute=PT08.S5(O3), percentage=0.01) };7.92120e-01;1.00000e+00;1.00000e+00;Pipeline { map_aggregate(attribute=NOx(GT), function=avg, window=4) | map_noise(attribute=PT08.S5(O3), percentage=0.01) }
datasets/airQuality_parallel.csv;nsga2;1;38;3800;3800;3.86600e+02;100;10;20;1.00000e+00;1.00000e+00;4.50000e-01;8.26172e-01;1.24352e-01;6.72845e-01;Pipeline { map_aggregate(attribute=NOx(GT), function=min, window=3) | map_aggregate(attribute=CO(GT), function=avg, window=5) };7.92120e-01;1.00000e+00;1.00000e+00;Pipeline { map_aggregate(attribute=NOx(GT), function=avg, window=4) | map_noise(attribute=NMHC(GT), percentage=0.25) };7.92120e-01;1.00000e+00;1.00000e+00;Pipeline { map_aggregate(attribute=NOx(GT), function=avg, window=4) | map_noise(attribute=NMHC(GT), percentage=0.25) };8.16147e-01;3.00952e-01;8.97267e-01;Pipeline { map_aggregate(attribute=NOx(GT), function=min, window=4) | map_aggregate(attribute=NO2(GT), function=min, window=3) };7.95597e-01;9.36567e-01;9.49204e-01;Pipeline { filter(PT08.S1(CO) > 0.0000) | map_aggregate(attribute=NOx(GT), function=avg, window=10) };8.15416e-01;5.20354e-01;9.54126e-01;Pipeline { map_aggregate(attribute=NOx(GT), function=min, window=3) | map_aggregate(attribute=NO2(GT), function=avg, window=5) }
datasets/airQuality_parallel.csv;nsga2;1;39;3900;3900;3.94569e+02;100;10;5;1.00000e+00;9.90000e-01;4.40000e-01;8.26172e-01;1.24352e-01;6.72845e-01;Pipeline { map_aggregate(attribute=NOx(GT), function=min, window=3) | map_aggregate(attribute=CO(GT), function=avg, window=5) };7.92120e-01;1.00000e+00;1.00000e+00;Pipeline { map_aggregate(attribute=NOx(GT), function=avg, window=4) | map_noise(attribute=NMHC(GT), percentage=0.25) };7.92120e-01;1.00000e+00;1.00000e+00;Pipeline { map_aggregate(attribute=NOx(GT), function=avg, window=4) | map_noise(attribute=NMHC(GT), percentage=0.25) };8.16147e-01;3.00952e-01;8.97267e-01;Pipeline { map_aggregate(attribute=NOx(GT), function=min, window=8) | map_aggregate(attribute=NO2(GT), function=min, window=3) };7.95597e-01;9.36567e-01;9.49204e-01;Pipeline { filter(PT08.S1(CO) > 7.3000) | map_aggregate(attribute=NOx(GT), function=avg, window=10) };7.95597e-01;9.36567e-01;9.49204e-01;Pipeline { filter(AH > 0.0000) | map_aggregate(attribute=NOx(GT), function=avg, window=10) }
datasets/airQuality_parallel.csv;nsga2;1;40;4000;4000;4.04523e+02;100;10;5;1.00000e+00;9.90000e-01;3.10000e-01;8.26172e-01;1.24352e-01;6.72845e-01;Pipeline { map_aggregate(attribute=NOx(GT), function=min, window=3) | map_aggregate(attribute=CO(GT), function=avg, window=5) };7.92587e-01;1.00000e+00;1.00000e+00;Pipeline { map_aggregate(attribute=NOx(GT), function=avg, window=4) | map_noise(attribute=NOx(GT), percentage=0.05) };7.92587e-01;1.00000e+00;1.00000e+00;Pipeline { map_aggregate(attribute=NOx(GT), function=avg, window=4) | map_noise(attribute=NOx(GT), percentage=0.05) };8.14822e-01;3.00952e-01;8.97267e-01;Pipeline { map_aggregate(attribute=NOx(GT), function=avg, window=9) | map_aggregate(attribute=NO2(GT), function=min, window=3) };7.95597e-01;9.36567e-01;9.49204e-01;Pipeline { filter(PT08.S1(CO) > 0.0000) | map_aggregate(attribute=NOx(GT), function=avg, window=10) };7.95597e-01;9.36567e-01;9.49204e-01;Pipeline { filter(PT08.S5(O3) > 0.0000) | map_aggregate(attribute=NOx(GT), function=avg, window=10) }
datasets/airQuality_parallel.csv;nsga2;1;41;4100;4100;4.13566e+02;100;10;82;1.00000e+00;9.90000e-01;2.60000e-01;8.26172e-01;1.24352e-01;6.72845e-01;Pipeline { map_aggregate(attribute=NOx(GT), function=min, window=3) | map_aggregate(attribute=CO(GT), function=avg, window=5) };7.92762e-01;1.00000e+00;1.00000e+00;Pipeline { map_aggregate(attribute=NOx(GT), function=avg, window=4) | map_noise(attribute=NOx(GT), percentage=0.01) };7.92762e-01;1.00000e+00;1.00000e+00;Pipeline { map_aggregate(attribute=NOx(GT), function=avg, window=4) | map_noise(attribute=NOx(GT), percentage=0.01) };8.04000e-01;6.38298e-01;9.52227e-01;Pipeline { map_aggregate(attribute=NOx(GT), function=avg, window=4) | map_aggregate(attribute=NO2(GT), function=avg, window=3) };7.95597e-01;9.36567e-01;9.49204e-01;Pipeline { filter(PT08.S4(NO2) > 0.8400) | map_aggregate(attribute=NOx(GT), function=avg, window=10) };7.95597e-01;9.36567e-01;9.49204e-01;Pipeline { filter(PT08.S1(CO) > 0.0000) | map_aggregate(attribute=NOx(GT), function=avg, window=10) }
datasets/airQuality_parallel.csv;nsga2;1;42;4200;4200;4.20892e+02;100;9;83;1.00000e+00;1.00000e+00;2.60000e-01;8.26172e-01;1.24352e-01;6.72845e-01;Pipeline { map_aggregate(attribute=NOx(GT), function=min, window=3) | map_aggregate(attribute=CO(GT), function=avg, window=5) };7.92762e-01;1.00000e+00;1.00000e+00;Pipeline { map_aggregate(attribute=NOx(GT), function=avg, window=4) | map_noise(attribute=NOx(GT), percentage=0.01) };7.92762e-01;1.00000e+00;1.00000e+00;Pipeline { map_aggregate(attribute=NOx(GT), function=avg, window=4) | map_noise(attribute=NOx(GT), percentage=0.01) };8.04000e-01;6.38298e-01;9.52227e-01;Pipeline { map_aggregate(attribute=NOx(GT), function=avg, window=4) | map_aggregate(attribute=NO2(GT), function=avg, window=3) };7.95597e-01;9.36567e-01;9.49204e-01;Pipeline { filter(RH < 530.0000) | map_aggregate(attribute=NOx(GT), function=avg, window=10) };7.95597e-01;9.36567e-01;9.49204e-01;Pipeline { filter(PT08.S1(CO) > 0.0000) | map_aggregate(attribute=NOx(GT), function=avg, window=10) }
datasets/airQuality_parallel.csv;nsga2;1;43;4300;4300;4.29485e+02;100;10;81;1.00000e+00;1.00000e+00;2.70000e-01;8.26172e-01;1.24352e-01;6.72845e-01;Pipeline { map_aggregate(attribute=NOx(GT), function=min, window=3) | map_aggregate(attribute=CO(GT), function=avg, window=5) };7.92970e-01;1.00000e+00;1.00000e+00;Pipeline { map_aggregate(attribute=NOx(GT), function=avg, window=4) | map_noise(attribute=NOx(GT), percentage=0.05) };7.92970e-01;1.00000e+00;1.00000e+00;Pipeline { map_aggregate(attribute=NOx(GT), function=avg, window=4) | map_noise(attribute=NOx(GT), percentage=0.05) };8.04812e-01;5.20354e-01;9.54126e-01;Pipeline { map_aggregate(attribute=NOx(GT), function=avg, window=9) | map_aggregate(attribute=NO2(GT), function=avg, window=5) };7.95597e-01;9.36567e-01;9.49204e-01;Pipeline { filter(PT08.S5(O3) > 4.1900) | map_aggregate(attribute=NOx(GT), function=avg, window=10) };7.95597e-01;9.36567e-01;9.49204e-01;Pipeline { filter(PT08.S5(O3) > 0.0000) | map_aggregate(attribute=NOx(GT), function=avg, window=10) }
datasets/airQuality_parallel.csv;nsga2;1;44;4400;4400;4.37111e+02;100;10;80;1.00000e+00;1.00000e+00;2.70000e-01;8.26172e-01;1.24352e-01;6.72845e-01;Pipeline { map_aggregate(attribute=NOx(GT), function=min, window=3) | map_aggregate(attribute=CO(GT), function=avg, window=5) };7.92970e-01;1.00000e+00;1.00000e+00;Pipeline { map_aggregate(attribute=NOx(GT), function=avg, window=4) | map_noise(attribute=NOx(GT), percentage=0.05) };7.92970e-01;1.00000e+00;1.00000e+00;Pipeline { map_aggregate(attribute=NOx(GT), function=avg, window=4) | map_noise(attribute=NOx(GT), percentage=0.05) };8.05416e-01;6.38298e-01;9.52227e-01;Pipeline { map_aggregate(attribute=NOx(GT), function=avg, window=8) | map_aggregate(attribute=NO2(GT), function=avg, window=3) };7.95597e-01;9.36567e-01;9.49204e-01;Pipeline { filter(PT08.S4(NO2) < 53000.0000) | map_aggregate(attribute=NOx(GT), function=avg, window=10) };7.95597e-01;9.36567e-01;9.49204e-01;Pipeline { filter(PT08.S5(O3) > 0.0000) | map_aggregate(attribute=NOx(GT), function=avg, window=10) }
datasets/airQuality_parallel.csv;nsga2;1;45;4500;4500;4.44708e+02;100;10;80;1.00000e+00;9.90000e-01;2.70000e-01;8.26172e-01;1.24352e-01;6.72845e-01;Pipeline { map_aggregate(attribute=NOx(GT), function=min, window=3) | map_aggregate(attribute=CO(GT), function=avg, window=5) };7.92970e-01;1.00000e+00;1.00000e+00;Pipeline { map_aggregate(attribute=NOx(GT), function=avg, window=4) | map_noise(attribute=NOx(GT), percentage=0.05) };7.92970e-01;1.00000e+00;1.00000e+00;Pipeline { map_aggregate(attribute=NOx(GT), function=avg, window=4) | map_noise(attribute=NOx(GT), percentage=0.05) };8.06321e-01;5.75972e-01;9.33242e-01;Pipeline { map_aggregate(attribute=NOx(GT), function=avg, window=9) | map_aggregate(attribute=NO2(GT), function=avg, window=4) };7.95597e-01;9.36567e-01;9.49204e-01;Pipeline { filter(PT08.S5(O3) > 0.0000) | map_aggregate(attribute=NOx(GT), function=avg, window=10) };7.95597e-01;9.36567e-01;9.49204e-01;Pipeline { filter(PT08.S5(O3) > 12.1000) | map_aggregate(attribute=NOx(GT), function=avg, window=10) }
datasets/airQuality_parallel.csv;nsga2;1;46;4600;4600;4.53065e+02;100;10;80;1.00000e+00;1.00000e+00;2.80000e-01;8.26172e-01;1.24352e-01;6.72845e-01;Pipeline { map_aggregate(attribute=NOx(GT), function=min, window=3) | map_aggregate(attribute=CO(GT), function=avg, window=5) };7.92970e-01;1.00000e+00;1.00000e+00;Pipeline { map_aggregate(attribute=NOx(GT), function=avg, window=4) | map_noise(attribute=NOx(GT), percentage=0.05) };7.92970e-01;1.00000e+00;1.00000e+00;Pipeline { map_aggregate(attribute=NOx(GT), function=avg, window=4) | map_noise(attribute=NOx(GT), percentage=0.05) };8.06780e-01;4.83126e-01;9.18060e-01;Pipeline { map_aggregate(attribute=NOx(GT), function=avg, window=9) | map_aggregate(attribute=NO2(GT), function=avg, window=9) };7.95597e-01;9.36567e-01;9.49204e-01;Pipeline { filter(PT08.S5(O3) > 0.2730) | map_aggregate(attribute=NOx(GT), function=avg, window=10) };7.95597e-01;9.36567e-01;9.49204e-01;Pipeline { filter(RH < 5200000.0000) | map_aggregate(attribute=NOx(GT), function=avg, window=10) }
datasets/airQuality_parallel.csv;nsga2;1;47;4700;4700;4.61019e+02;100;10;80;1.00000e+00;1.00000e+00;2.80000e-01;8.26172e-01;1.24352e-01;6.72845e-01;Pipeline { map_aggregate(attribute=NOx(GT), function=min, window=3) | map_aggregate(attribute=CO(GT), function=avg, window=5) };7.92970e-01;1.00000e+00;1.00000e+00;Pipeline { map_aggregate(attribute=NOx(GT), function=avg, window=4) | map_noise(attribute=NOx(GT), percentage=0.05) };7.92970e-01;1.00000e+00;1.00000e+00;Pipeline { map_aggregate(attribute=NOx(GT), function=avg, window=4) | map_noise(attribute=NOx(GT), percentage=0.05) };8.06321e-01;5.75972e-01;9.33242e-01;Pipeline { map_aggregate(attribute=NOx(GT), function=avg, window=9) | map_aggregate(attribute=NO2(GT), function=avg, window=4) };7.95597e-01;9.36567e-01;9.49204e-01;Pipeline { filter(PT08.S5(O3) < 2800.0000) | map_aggregate(attribute=NOx(GT), function=avg, window=10) };7.95597e-01;9.36567e-01;9.49204e-01;Pipeline { filter(PT08.S1(CO) > 0.0000) | map_aggregate(attribute=NOx(GT), function=avg, window=10) }
datasets/airQuality_parallel.csv;nsga2;1;48;4800;4800;4.69158e+02;100;10;80;1.00000e+00;1.00000e+00;2.80000e-01;8.26172e-01;1.24352e-01;6.72845e-01;Pipeline { map_aggregate(attribute=NOx(GT), function=min, window=3) | map_aggregate(attribute=CO(GT), function=avg, window=5) };7.92970e-01;1.00000e+00;1.00000e+00;Pipeline { map_aggregate(attribute=NOx(GT), function=avg, window=4) | map_noise(attribute=NOx(GT), percentage=0.05) };7.92970e-01;1.00000e+00;1.00000e+00;Pipeline { map_aggregate(attribute=NOx(GT), function=avg, window=4) | map_noise(attribute=NOx(GT), percentage=0.05) };8.06328e-01;7.58910e-01;8.94028e-01;Pipeline { filter(PT08.S5(O3) < 2100.0000) | map_aggregate(attribute=NOx(GT), function=avg, window=10) };7.95597e-01;9.36567e-01;9.49204e-01;Pipeline { filter(PT08.S1(CO) > 4.2900) | map_aggregate(attribute=NOx(GT), function=avg, window=10) };7.95597e-01;9.36567e-01;9.49204e-01;Pipeline { filter(PT08.S3(NOx) > 6.8800) | map_aggregate(attribute=NOx(GT), function=avg, window=10) }
datasets/airQuality_parallel.csv;nsga2;1;49;4900;4900;4.78034e+02;100;10;79;1.00000e+00;1.00000e+00;2.90000e-01;8.26172e-01;1.24352e-01;6.72845e-01;Pipeline { map_aggregate(attribute=NOx(GT), function=min, window=3) | map_aggregate(attribute=CO(GT), function=avg, window=5) };7.92970e-01;1.00000e+00;1.00000e+00;Pipeline { map_aggregate(attribute=NOx(GT), function=avg, window=4) | map_noise(attribute=NOx(GT), percentage=0.05) };7.92970e-01;1.00000e+00;1.00000e+00;Pipeline { map_aggregate(attribute=NOx(GT), function=avg, window=4) | map_noise(attribute=NOx(GT), percentage=0.05) };8.06328e-01;7.58910e-01;8.94028e-01;Pipeline { filter(PT08.S5(O3) < 2100.0000) | map_aggregate(attribute=NOx(GT), function=avg, window=10) };7.95597e-01;9.36567e-01;9.49204e-01;Pipeline { filter(C6H6(GT) > 0.0003) | map_aggregate(attribute=NOx(GT), function=avg, window=10) };7.95597e-01;9.36567e-01;9.49204e-01;Pipeline { filter(PT08.S4(NO2) < 6700.0000) | map_aggregate(attribute=NOx(GT), function=avg, window=10) }
datasets/airQuality_parallel.csv;nsga2;1;50;5000;5000;4.86852e+02;100;10;78;1.00000e+00;1.00000e+00;3.00000e-01;8.26172e-01;1.24352e-01;6.72845e-01;Pipeline { map_aggregate(attribute=NOx(GT), function=min, window=3) | map_aggregate(attribute=CO(GT), function=avg, window=5) };7.92970e-01;1.00000e+00;1.00000e+00;Pipeline { map_aggregate(attribute=NOx(GT), function=avg, window=4) | map_noise(attribute=NOx(GT), percentage=0.05) };7.92970e-01;1.00000e+00;1.00000e+00;Pipeline { map_aggregate(attribute=NOx(GT), function=avg, window=4) | map_noise(attribute=NOx(GT), percentage=0.05) };8.06780e-01;4.83126e-01;9.18060e-01;Pipeline { map_aggregate(attribute=NOx(GT), function=avg, window=9) | map_aggregate(attribute=NO2(GT), function=avg, window=9) };7.95597e-01;9.36567e-01;9.49204e-01;Pipeline { filter(PT08.S4(NO2) < 226000.0000) | map_aggregate(attribute=NOx(GT), function=avg, window=10) };7.95597e-01;9.36567e-01;9.49204e-01;Pipeline { filter(AH < 2100.0000) | map_aggregate(attribute=NOx(GT), function=avg, window=10) }
datasets/airQuality_parallel.csv;nsga2;2;1;100;100;1.26580e+01;100;12;57;9.90000e-01;9.90000e-01;3.20000e-01;7.86116e-01;9.36567e-01;9.49204e-01;Pipeline { filter(PT08.S4(NO2) > 0.0451) | map_aggregate(attribute=PT08.S2(NMHC), function=avg, window=10) };7.39873e-01;1.00000e+00;1.00000e+00;Pipeline { map_noise(attribute=NOx(GT), percentage=0.25) };7.39873e-01;1.00000e+00;1.00000e+00;Pipeline { map_noise(attribute=NOx(GT), percentage=0.25) };6.15161e-01;9.35875e-01;9.21789e-01;Pipeline { map_duplicate(probability=0.20) };4.62838e-01;9.33798e-01;7.98931e-01;Pipeline { map_duplicate(probability=0.60) };5.34971e-01;6.44567e-01;7.90085e-01;Pipeline { filter(PT08.S1(CO) > 0.0000) | map_aggregate(attribute=NO2(GT), function=max, window=5) | map_duplicate(probability=0.50) | filter(NOx(GT) < 77300.0000) | map_duplicate(probability=0.20) | map_noise(attribute=NMHC(GT), percentage=0.10) | filter(AH < 96300.0000) | map_aggregate(attribute=PT08.S2(NMHC), function=avg, window=9) }
datasets/airQuality_parallel.csv;nsga2;2;2;200;200;2.03780e+01;100;3;1;9.90000e-01;9.90000e-01;6.80000e-01;7.86219e-01;9.36567e-01;9.49204e-01;Pipeline { filter(PT08.S4(NO2) > 0.0451) | map_aggregate(attribute=PT08.S2(NMHC), function=avg, window=7) };6.11232e-01;1.00000e+00;9.22858e-01;Pipeline { filter(NO2(GT) > 0.0451) | map_aggregate(attribute=PT08.S2(NMHC), function=avg, window=10) };7.29821e-01;1.00000e+00;1.00000e+00;Pipeline { map_noise(attribute=PT08.S2(NMHC), percentage=0.25) };7.41322e-01;1.00000e+00;1.00000e+00;Pipeline { map_noise(attribute=PT08.S4(NO2), percentage=0.10) };7.41322e-01;1.00000e+00;1.00000e+00;Pipeline { map_noise(attribute=C6H6(GT), percentage=0.25) };7.41322e-01;1.00000e+00;1.00000e+00;Pipeline { map_aggregate(attribute=PT08.S1(CO), function=max, window=10) }
datasets/airQuality_parallel.csv;nsga2;2;3;300;300;3.26200e+01;100;6;3;9.90000e-01;9.90000e-01;3.30000e-01;7.86219e-01;9.36567e-01;9.49204e-01;Pipeline { filter(PT08.S4(NO2) > 0.0451) | map_aggregate(attribute=PT08.S2(NMHC), function=avg, window=7) };7.20776e-01;1.00000e+00;1.00000e+00;Pipeline { map_aggregate(attribute=PT08.S3(NOx), function=max, window=8) };7.20776e-01;1.00000e+00;1.00000e+00;Pipeline { map_aggregate(attribute=PT08.S3(NOx), function=max, window=8) };7.42367e-01;2.10054e-01;5.18625e-02;Pipeline { map_aggregate(attribute=NO2(GT), function=avg, window=7) | map_aggregate(attribute=CO(GT), function=max, window=4) | filter(PT08.S2(NMHC) < 137000000.0000) | map_aggregate(attribute=RH, function=max, window=5) | map_aggregate(attribute=NO2(GT), function=max, window=8) };7.41322e-01;1.00000e+00;1.00000e+00;Pipeline { map_aggregate(attribute=PT08.S3(NOx), function=min, window=9) };7.41322e-01;1.00000e+00;1.00000e+00;Pipeline { map_aggregate(attribute=PT08.S3(NOx), function=min, window=9) }
datasets/airQuality_parallel.csv;nsga2;2;4;400;400;4.10300e+01;100;4;79;1.00000e+00;1.00000e+00;2.30000e-01;7.95433e-01;9.54447e-02;8.19658e-01;Pipeline { map_aggregate(attribute=NO2(GT), function=min, window=6) };7.41322e-01;1.00000e+00;1.00000e+00;Pipeline { map_aggregate(attribute=NMHC(GT), function=avg, window=4) };7.41322e-01;1.00000e+00;1.00000e+00;Pipeline { map_aggregate(attribute=NMHC(GT), function=avg, window=4) };7.41462e-01;1.00000e+00;1.00000e+00;Pipeline { map_noise(attribute=NOx(GT), percentage=0.01) };7.41322e-01;1.00000e+00;1.00000e+00;Pipeline { map_aggregate(attribute=NMHC(GT), function=min, window=3) };7.41322e-01;1.00000e+00;1.00000e+00;Pipeline { map_aggregate(attribute=NMHC(GT), function=min, window=3) }
datasets/airQuality_parallel.csv;nsga2;2;5;500;500;4.86560e+01;100;5;62;1.00000e+00;1.00000e+00;2.60000e-01;7.95433e-01;9.54447e-02;8.19658e-01;Pipeline { map_aggregate(attribute=NO2(GT), function=min, window=6) };7.41322e-01;1.00000e+00;1.00000e+00;Pipeline { map_aggregate(attribute=PT08.S2(NMHC), function=min, window=3) | map_noise(attribute=PT08.S1(CO), percentage=0.10) };7.41322e-01;1.00000e+00;1.00000e+00;Pipeline { map_aggregate(attribute=PT08.S2(NMHC), function=min, window=3) | map_noise(attribute=PT08.S1(CO), percentage=0.10) };7.56866e-01;1.00000e+00;1.00000e+00;Pipeline { map_aggregate(attribute=PT08.S5(O3), function=min, window=5) | map_aggregate(attribute=NOx(GT), function=min, window=3) };7.41322e-01;1.00000e+00;1.00000e+00;Pipeline { map_aggregate(attribute=PT08.S5(O3), function=max, window=5) };7.41322e-01;1.00000e+00;1.00000e+00;Pipeline { map_aggregate(attribute=PT08.S5(O3), function=max, window=5) }
datasets/airQuality_parallel.csv;nsga2;2;6;600;600;5.71300e+01;100;11;34;1.00000e+00;1.00000e+00;3.80000e-01;8.05377e-01;6.54762e-02;6.54266e-01;Pipeline { map_aggregate(attribute=CO(GT), function=avg, window=9) };7.41322e-01;1.00000e+00;1.00000e+00;Pipeline { map_aggregate(attribute=PT08.S1(CO), function=max, window=6) };7.41322e-01;1.00000e+00;1.00000e+00;Pipeline { map_aggregate(attribute=PT08.S1(CO), function=max, window=6) };7.86219e-01;9.36567e-01;9.49204e-01;Pipeline { filter(PT08.S4(NO2) > 0.0452) | map_aggregate(attribute=PT08.S2(NMHC), function=avg, window=7) };7.41322e-01;1.00000e+00;1.00000e+00;Pipeline { map_aggregate(attribute=PT08.S3(NOx), function=min, window=9) };7.41322e-01;1.00000e+00;1.00000e+00;Pipeline { map_aggregate(attribute=PT08.S3(NOx), function=min, window=9) }
datasets/airQuality_parallel.csv;nsga2;2;7;700;700;6.48490e+01;100;3;8;1.00000e+00;9.90000e-01;5.00000e-01;8.14137e-01;4.71631e-01;9.32372e-01;Pipeline { map_aggregate(attribute=NO2(GT), function=avg, window=6) | map_aggregate(attribute=NOx(GT), function=min, window=3) };7.41322e-01;1.00000e+00;1.00000e+00;Pipeline { map_aggregate(attribute=C6H6(GT), function=max, window=7) };7.41322e-01;1.00000e+00;1.00000e+00;Pipeline { map_aggregate(attribute=C6H6(GT), function=max, window=7) };7.86219e-01;9.36567e-01;9.49204e-01;Pipeline { filter(PT08.S4(NO2) > 0.0921) | map_aggregate(attribute=PT08.S2(NMHC), function=avg, window=7) };7.92120e-01;1.00000e+00;1.00000e+00;Pipeline { map_aggregate(attribute=NOx(GT), function=avg, window=4) };7.92120e-01;1.00000e+00;1.00000e+00;Pipeline { map_aggregate(attribute=NOx(GT), function=avg, window=4) }
datasets/airQuality_parallel.csv;nsga2;2;8;800;800;7.29360e+01;100;5;3;1.00000e+00;9.90000e-01;3.30000e-01;8.14137e-01;4.71631e-01;9.32372e-01;Pipeline { map_aggregate(attribute=NO2(GT), function=avg, window=6) | map_aggregate(attribute=NOx(GT), function=min, window=3) };7.42569e-01;1.00000e+00;1.00000e+00;Pipeline { map_noise(attribute=NOx(GT), percentage=0.05) };7.42569e-01;1.00000e+00;1.00000e+00;Pipeline { map_noise(attribute=NOx(GT), percentage=0.05) };7.88112e-01;9.36567e-01;9.49204e-01;Pipeline { filter(PT08.S3(NOx) > 4.5100) | map_aggregate(attribute=C6H6(GT), function=avg, window=3) };7.56866e-01;1.00000e+00;1.00000e+00;Pipeline { map_aggregate(attribute=PT08.S5(O3), function=min, window=7) | map_aggregate(attribute=NOx(GT), function=min, window=3) };7.56866e-01;1.00000e+00;1.00000e+00;Pipeline { map_aggregate(attribute=PT08.S5(O3), function=min, window=7) | map_aggregate(attribute=NOx(GT), function=min, window=3) }
datasets/airQuality_parallel.csv;nsga2;2;9;900;900;8.10660e+01;100;3;13;1.00000e+00;1.00000e+00;3.60000e-01;8.18335e-01;4.71631e-01;9.32372e-01;Pipeline { map_aggregate(attribute=NO2(GT), function=avg, window=6) | map_aggregate(attribute=NOx(GT), function=min, window=8) };7.53099e-01;1.00000e+00;1.00000e+00;Pipeline { map_aggregate(attribute=PT08.S2(NMHC), function=min, window=5) | map_noise(attribute=NOx(GT), percentage=0.25) };7.53099e-01;1.00000e+00;1.00000e+00;Pipeline { map_aggregate(attribute=PT08.S2(NMHC), function=min, window=5) | map_noise(attribute=NOx(GT), percentage=0.25) };7.90290e-01;4.71631e-01;9.32372e-01;Pipeline { map_aggregate(attribute=NO2(GT), function=avg, window=6) | map_aggregate(attribute=AH, function=min, window=3) };7.56866e-01;1.00000e+00;1.00000e+00;Pipeline { map_aggregate(attribute=PT08.S3(NOx), function=max, window=3) | map_aggregate(attribute=NOx(GT), function=min, window=3) };7.56866e-01;1.00000e+00;1.00000e+00;Pipeline { map_aggregate(attribute=PT08.S3(NOx), function=max, window=3) | map_aggregate(attribute=NOx(GT), function=min, window=3) }
datasets/airQuality_parallel.csv;nsga2;2;10;1000;1000;8.94770e+01;100;4;33;1.00000e+00;1.00000e+00;3.90000e-01;8.18335e-01;4.71631e-01;9.32372e-01;Pipeline { map_aggregate(attribute=NO2(GT), function=avg, window=6) | map_aggregate(attribute=NOx(GT), function=min, window=8) };7.56866e-01;1.00000e+00;1.00000e+00;Pipeline { map_aggregate(attribute=PT08.S3(NOx), function=avg, window=10) | map_aggregate(attribute=NOx(GT), function=min, window=3) };7.56866e-01;1.00000e+00;1.00000e+00;Pipeline { map_aggregate(attribute=PT08.S3(NOx), function=avg, window=10) | map_aggregate(attribute=NOx(GT), function=min, window=3) };7.92546e-01;9.36567e-01;9.49204e-01;Pipeline { filter(PT08.S3(NOx) > 0.0451) | map_aggregate(attribute=C6H6(GT), function=avg, window=5) };7.56866e-01;1.00000e+00;1.00000e+00;Pipeline { map_aggregate(attribute=PT08.S3(NOx), function=avg, window=9) | map_aggregate(attribute=NOx(GT), function=min, window=3) };7.56866e-01;1.00000e+00;1.00000e+00;Pipeline { map_aggregate(attribute=PT08.S3(NOx), function=avg, window=9) | map_aggregate(attribute=NOx(GT), function=min, window=3) }
datasets/airQuality_parallel.csv;nsga2;2;11;1100;1100;9.81990e+01;100;9;27;1.00000e+00;9.90000e-01;4.50000e-01;8.18335e-01;4.71631e-01;9.32372e-01;Pipeline { map_aggregate(attribute=NO2(GT), function=avg, window=6) | map_aggregate(attribute=NOx(GT), function=min, window=8) };7.56866e-01;1.00000e+00;1.00000e+00;Pipeline { map_aggregate(attribute=AH, function=max, window=8) | map_aggregate(attribute=NOx(GT), function=min, window=3) };7.56866e-01;1.00000e+00;1.00000e+00;Pipeline { map_aggregate(attribute=AH, function=max, window=8) | map_aggregate(attribute=NOx(GT), function=min, window=3) };7.95433e-01;7.22348e-02;7.97486e-01;Pipeline { map_aggregate(attribute=NO2(GT), function=min, window=7) };7.59121e-01;1.00000e+00;1.00000e+00;Pipeline { map_aggregate(attribute=NOx(GT), function=avg, window=7) | map_aggregate(attribute=NOx(GT), function=min, window=3) };7.59121e-01;1.00000e+00;1.00000e+00;Pipeline { map_aggregate(attribute=NOx(GT), function=avg, window=7) | map_aggregate(attribute=NOx(GT), function=min, window=3) }
datasets/airQuality_parallel.csv;nsga2;2;12;1200;1200;1.06552e+02;100;14;6;1.00000e+00;9.90000e-01;4.90000e-01;8.18335e-01;4.71631e-01;9.32372e-01;Pipeline { map_aggregate(attribute=NO2(GT), function=avg, window=6) | map_aggregate(attribute=NOx(GT), function=min, window=8) };7.69279e-01;1.00000e+00;1.00000e+00;Pipeline { map_aggregate(attribute=NOx(GT), function=avg, window=7) | map_aggregate(attribute=NOx(GT), function=avg, window=3) };7.69279e-01;1.00000e+00;1.00000e+00;Pipeline { map_aggregate(attribute=NOx(GT), function=avg, window=7) | map_aggregate(attribute=NOx(GT), function=avg, window=3) };7.96250e-01;1.04396e-01;6.65213e-01;Pipeline { filter(C6H6(GT) > 0.0451) | map_aggregate(attribute=CO(GT), function=avg, window=5) };7.90170e-01;9.36567e-01;9.49204e-01;Pipeline { filter(PT08.S3(NOx) > 0.0470) | map_aggregate(attribute=C6H6(GT), function=avg, window=6) };7.89807e-01;9.36567e-01;9.49204e-01;Pipeline { filter(AH > 0.0034) | map_aggregate(attribute=AH, function=avg, window=8) | map_aggregate(attribute=C6H6(GT), function=avg, window=9) | map_aggregate(attribute=RH, function=min, window=3) | filter(AH < 596000.0000) }
datasets/airQuality_parallel.csv;nsga2;2;13;1300;1300;1.15118e+02;100;18;3;1.00000e+00;9.90000e-01;4.50000e-01;8.18335e-01;4.71631e-01;9.32372e-01;Pipeline { map_aggregate(attribute=NO2(GT), function=avg, window=6) | map_aggregate(attribute=NOx(GT), function=min, window=8) };7.73969e-01;1.00000e+00;1.00000e+00;Pipeline { map_aggregate(attribute=NOx(GT), function=avg, window=3) | map_aggregate(attribute=NOx(GT), function=avg, window=9) };7.73969e-01;1.00000e+00;1.00000e+00;Pipeline { map_aggregate(attribute=NOx(GT), function=avg, window=3) | map_aggregate(attribute=NOx(GT), function=avg, window=9) };7.96271e-01;4.83126e-01;9.18060e-01;Pipeline { map_aggregate(attribute=NO2(GT), function=avg, window=9) | map_aggregate(attribute=NOx(GT), function=min, window=3) };7.92546e-01;9.36567e-01;9.49204e-01;Pipeline { filter(PT08.S3(NOx) > 0.0501) | map_aggregate(attribute=C6H6(GT), function=avg, window=5) };7.92546e-01;9.36567e-01;9.49204e-01;Pipeline { filter(PT08.S3(NOx) > 0.0451) | map_aggregate(attribute=C6H6(GT), function=avg, window=5) }
datasets/airQuality_parallel.csv;nsga2;2;14;1400;1400;1.23105e+02;100;32;14;1.00000e+00;9.90000e-01;3.70000e-01;8.18335e-01;4.71631e-01;9.32372e-01;Pipeline { map_aggregate(attribute=NO2(GT), function=avg, window=6) | map_aggregate(attribute=NOx(GT), function=min, window=8) };7.80475e-01;1.00000e+00;1.00000e+00;Pipeline { map_aggregate(attribute=NOx(GT), function=avg, window=7) };7.80475e-01;1.00000e+00;1.00000e+00;Pipeline { map_aggregate(attribute=NOx(GT), function=avg, window=7) };7.92557e-01;9.36567e-01;9.49204e-01;Pipeline { filter(C6H6(GT) > 0.0451) | map_aggregate(attribute=C6H6(GT), function=avg, window=4) };7.92546e-01;9.36567e-01;9.49204e-01;Pipeline { filter(C6H6(GT) > 0.0000) | map_aggregate(attribute=C6H6(GT), function=avg, window=5) };7.92546e-01;9.36567e-01;9.49204e-01;Pipeline { filter(PT08.S3(NOx) > 0.0000) | map_aggregate(attribute=C6H6(GT), function=avg, window=5) }
datasets/airQuality_parallel.csv;nsga2;2;15;1500;1500;1.31921e+02;100;42;1;1.00000e+00;9.90000e-01;2.50000e-01;8.18335e-01;4.71631e-01;9.32372e-01;Pipeline { map_aggregate(attribute=NO2(GT), function=avg, window=6) | map_aggregate(attribute=NOx(GT), function=min, window=8) };7.81075e-01;1.00000e+00;1.00000e+00;Pipeline { map_aggregate(attribute=NOx(GT), function=avg, window=10) };7.81075e-01;1.00000e+00;1.00000e+00;Pipeline { map_aggregate(attribute=NOx(GT), function=avg, window=10) };7.92557e-01;9.36567e-01;9.49204e-01;Pipeline { filter(PT08.S3(NOx) > 0.0000) | map_aggregate(attribute=C6H6(GT), function=avg, window=4) };7.92546e-01;9.36567e-01;9.49204e-01;Pipeline { filter(PT08.S2(NMHC) > 0.0040) | map_aggregate(attribute=C6H6(GT), function=avg, window=5) };7.92546e-01;9.36567e-01;9.49204e-01;Pipeline { filter(PT08.S3(NOx) > 0.0201) | map_aggregate(attribute=C6H6(GT), function=avg, window=5) }
datasets/airQuality_parallel.csv;nsga2;2;16;1600;1600;1.39186e+02;100;61;39;1.00000e+00;1.00000e+00;9.00000e-02;8.18335e-01;4.71631e-01;9.32372e-01;Pipeline { map_aggregate(attribute=NO2(GT), function=avg, window=6) | map_aggregate(attribute=NOx(GT), function=min, window=8) };7.88510e-01;1.00000e+00;1.00000e+00;Pipeline { map_aggregate(attribute=NOx(GT), function=avg, window=5) };7.88510e-01;1.00000e+00;1.00000e+00;Pipeline { map_aggregate(attribute=NOx(GT), function=avg, window=5) };7.92557e-01;9.36567e-01;9.49204e-01;Pipeline { filter(PT08.S3(NOx) > 0.0402) | map_aggregate(attribute=C6H6(GT), function=avg, window=4) };7.92546e-01;9.36567e-01;9.49204e-01;Pipeline { filter(PT08.S3(NOx) > 4.5100) | map_aggregate(attribute=C6H6(GT), function=avg, window=5) };7.92546e-01;9.36567e-01;9.49204e-01;Pipeline { filter(PT08.S3(NOx) > 4.5100) | map_aggregate(attribute=C6H6(GT), function=avg, window=5) }
datasets/airQuality_parallel.csv;nsga2;2;17;1700;1700;1.46672e+02;100;88;12;1.00000e+00;1.00000e+00;1.00000e-01;8.18335e-01;4.71631e-01;9.32372e-01;Pipeline { map_aggregate(attribute=NO2(GT), function=avg, window=6) | map_aggregate(attribute=NOx(GT), function=min, window=8) };7.88510e-01;1.00000e+00;1.00000e+00;Pipeline { map_aggregate(attribute=NOx(GT), function=avg, window=5) };7.88510e-01;1.00000e+00;1.00000e+00;Pipeline { map_aggregate(attribute=NOx(GT), function=avg, window=5) };7.92557e-01;9.36567e-01;9.49204e-01;Pipeline { filter(PT08.S3(NOx) > 0.0402) | map_aggregate(attribute=C6H6(GT), function=avg, window=4) };7.92557e-01;9.36567e-01;9.49204e-01;Pipeline { filter(C6H6(GT) > 0.0045) | map_aggregate(attribute=C6H6(GT), function=avg, window=4) };7.92557e-01;9.36567e-01;9.49204e-01;Pipeline { filter(C6H6(GT) > 0.0045) | map_aggregate(attribute=C6H6(GT), function=avg, window=4) }
datasets/airQuality_parallel.csv;nsga2;2;18;1800;1800;1.54111e+02;100;100;100;1.00000e+00;9.90000e-01;5.00000e-02;8.18335e-01;4.71631e-01;9.32372e-01;Pipeline { map_aggregate(attribute=NO2(GT), function=avg, window=6) | map_aggregate(attribute=NOx(GT), function=min, window=8) };7.92120e-01;1.00000e+00;1.00000e+00;Pipeline { map_aggregate(attribute=NOx(GT), function=avg, window=4) };7.92120e-01;1.00000e+00;1.00000e+00;Pipeline { map_aggregate(attribute=NOx(GT), function=avg, window=4) };7.92557e-01;9.36567e-01;9.49204e-01;Pipeline { filter(PT08.S3(NOx) > 0.0005) | map_aggregate(attribute=C6H6(GT), function=avg, window=4) };7.92557e-01;9.36567e-01;9.49204e-01;Pipeline { filter(PT08.S2(NMHC) > 4.5900) | map_aggregate(attribute=C6H6(GT), function=avg, window=4) };7.92557e-01;9.36567e-01;9.49204e-01;Pipeline { filter(PT08.S2(NMHC) > 4.5900) | map_aggregate(attribute=C6H6(GT), function=avg, window=4) }
datasets/airQuality_parallel.csv;nsga2;2;19;1900;1900;1.60915e+02;100;100;100;1.00000e+00;1.00000e+00;5.00000e-02;8.18335e-01;4.71631e-01;9.32372e-01;Pipeline { map_aggregate(attribute=NO2(GT), function=avg, window=6) | map_aggregate(attribute=NOx(GT), function=min, window=8) };7.92120e-01;1.00000e+00;1.00000e+00;Pipeline { map_aggregate(attribute=NOx(GT), function=avg, window=4) };7.92120e-01;1.00000e+00;1.00000e+00;Pipeline { map_aggregate(attribute=NOx(GT), function=avg, window=4) };7.92557e-01;9.36567e-01;9.49204e-01;Pipeline { filter(AH < 970000000.0000) | map_aggregate(attribute=C6H6(GT), function=avg, window=4) };7.92557e-01;9.36567e-01;9.49204e-01;Pipeline { filter(PT08.S3(NOx) > 0.0001) | map_aggregate(attribute=C6H6(GT), function=avg, window=4) };7.92557e-01;9.36567e-01;9.49204e-01;Pipeline { filter(PT08.S3(NOx) > 0.0001) | map_aggregate(attribute=C6H6(GT), function=avg, window=4) }
datasets/airQuality_parallel.csv;nsga2;2;20;2000;2000;1.67858e+02;100;100;100;1.00000e+00;9.90000e-01;5.00000e-02;8.18335e-01;4.71631e-01;9.32372e-01;Pipeline { map_aggregate(attribute=NO2(GT), function=avg, window=6) | map_aggregate(attribute=NOx(GT), function=min, window=8) };7.92120e-01;1.00000e+00;1.00000e+00;Pipeline { map_aggregate(attribute=NOx(GT), function=avg, window=4) };7.92120e-01;1.00000e+00;1.00000e+00;Pipeline { map_aggregate(attribute=NOx(GT), function=avg, window=4) };7.92557e-01;9.36567e-01;9.49204e-01;Pipeline { filter(C6H6(GT) > 0.0000) | map_aggregate(attribute=C6H6(GT), function=avg, window=4) };7.92557e-01;9.36567e-01;9.49204e-01;Pipeline { filter(PT08.S2(NMHC) > 0.0006) | map_aggregate(attribute=C6H6(GT), function=avg, window=4) };7.92557e-01;9.36567e-01;9.49204e-01;Pipeline { filter(PT08.S2(NMHC) > 0.0006) | map_aggregate(attribute=C6H6(GT), function=avg, window=4) }
datasets/airQuality_parallel.csv;nsga2;2;21;2100;2100;1.75848e+02;100;100;100;1.00000e+00;1.00000e+00;5.00000e-02;8.18335e-01;4.71631e-01;9.32372e-01;Pipeline { map_aggregate(attribute=NO2(GT), function=avg, window=6) | map_aggregate(attribute=NOx(GT), function=min, window=8) };7.92120e-01;1.00000e+00;1.00000e+00;Pipeline { map_aggregate(attribute=NOx(GT), function=avg, window=4) };7.92120e-01;1.00000e+00;1.00000e+00;Pipeline { map_aggregate(attribute=NOx(GT), function=avg, window=4) };7.92557e-01;9.36567e-01;9.49204e-01;Pipeline { filter(RH > 0.0000) | map_aggregate(attribute=C6H6(GT), function=avg, window=4) };7.92557e-01;9.36567e-01;9.49204e-01;Pipeline { filter(AH > 0.0008) | map_aggregate(attribute=C6H6(GT), function=avg, window=4) };7.92557e-01;9.36567e-01;9.49204e-01;Pipeline { filter(AH > 0.0008) | map_aggregate(attribute=C6H6(GT), function=avg, window=4) }
datasets/airQuality_parallel.csv;nsga2;2;22;2200;2200;1.83856e+02;100;100;100;1.00000e+00;1.00000e+00;5.00000e-02;8.18335e-01;4.71631e-01;9.32372e-01;Pipeline { map_aggregate(attribute=NO2(GT), function=avg, window=6) | map_aggregate(attribute=NOx(GT), function=min, window=8) };7.92120e-01;1.00000e+00;1.00000e+00;Pipeline { map_aggregate(attribute=NOx(GT), function=avg, window=4) };7.92120e-01;1.00000e+00;1.00000e+00;Pipeline { map_aggregate(attribute=NOx(GT), function=avg, window=4) };7.92557e-01;9.36567e-01;9.49204e-01;Pipeline { filter(PT08.S4(NO2) > 90.0000) | map_aggregate(attribute=C6H6(GT), function=avg, window=4) };7.92557e-01;9.36567e-01;9.49204e-01;Pipeline { filter(PT08.S3(NOx) > 0.0008) | map_aggregate(attribute=C6H6(GT), function=avg, window=4) };7.92557e-01;9.36567e-01;9.49204e-01;Pipeline { filter(PT08.S3(NOx) > 0.0008) | map_aggregate(attribute=C6H6(GT), function=avg, window=4) }
datasets/airQuality_parallel.csv;nsga2;2;23;2300;2300;1.91662e+02;100;100;100;1.00000e+00;1.00000e+00;5.00000e-02;8.18335e-01;4.71631e-01;9.32372e-01;Pipeline { map_aggregate(attribute=NO2(GT), function=avg, window=6) | map_aggregate(attribute=NOx(GT), function=min, window=8) };7.92120e-01;1.00000e+00;1.00000e+00;Pipeline { map_aggregate(attribute=NOx(GT), function=avg, window=4) };7.92120e-01;1.00000e+00;1.00000e+00;Pipeline { map_aggregate(attribute=NOx(GT), function=avg, window=4) };7.92557e-01;9.36567e-01;9.49204e-01;Pipeline { filter(PT08.S3(NOx) > 8.5200) | map_aggregate(attribute=C6H6(GT), function=avg, window=4) };7.92557e-01;9.36567e-01;9.49204e-01;Pipeline { filter(PT08.S5(O3) > 1.1800) | map_aggregate(attribute=C6H6(GT), function=avg, window=4) };7.92557e-01;9.36567e-01;9.49204e-01;Pipeline { filter(PT08.S5(O3) > 1.1800) | map_aggregate(attribute=C6H6(GT), function=avg, window=4) }
datasets/airQuality_parallel.csv;nsga2;2;24;2400;2400;1.99421e+02;100;100;100;1.00000e+00;1.00000e+00;5.00000e-02;8.18335e-01;4.71631e-01;9.32372e-01;Pipeline { map_aggregate(attribute=NO2(GT), function=avg, window=6) | map_aggregate(attribute=NOx(GT), function=min, window=8) };7.92120e-01;1.00000e+00;1.00000e+00;Pipeline { map_aggregate(attribute=NOx(GT), function=avg, window=4) };7.92120e-01;1.00000e+00;1.00000e+00;Pipeline { map_aggregate(attribute=NOx(GT), function=avg, window=4) };7.92557e-01;9.36567e-01;9.49204e-01;Pipeline { filter(AH > 0.0240) | map_aggregate(attribute=C6H6(GT), function=avg, window=4) };7.92557e-01;9.36567e-01;9.49204e-01;Pipeline { filter(PT08.S1(CO) < 1960000000.0000) | map_aggregate(attribute=C6H6(GT), function=avg, window=4) };7.92557e-01;9.36567e-01;9.49204e-01;Pipeline { filter(PT08.S1(CO) < 1960000000.0000) | map_aggregate(attribute=C6H6(GT), function=avg, window=4) }
datasets/airQuality_parallel.csv;nsga2;2;25;2500;2500;2.06288e+02;100;100;100;1.00000e+00;9.90000e-01;5.00000e-02;8.18335e-01;4.71631e-01;9.32372e-01;Pipeline { map_aggregate(attribute=NO2(GT), function=avg, window=6) | map_aggregate(attribute=NOx(GT), function=min, window=8) };7.92120e-01;1.00000e+00;1.00000e+00;Pipeline { map_aggregate(attribute=NOx(GT), function=avg, window=4) };7.92120e-01;1.00000e+00;1.00000e+00;Pipeline { map_aggregate(attribute=NOx(GT), function=avg, window=4) };7.92557e-01;9.36567e-01;9.49204e-01;Pipeline { filter(C6H6(GT) > 0.0652) | map_aggregate(attribute=C6H6(GT), function=avg, window=4) };7.92557e-01;9.36567e-01;9.49204e-01;Pipeline { filter(PT08.S3(NOx) > 162.0000) | map_aggregate(attribute=C6H6(GT), function=avg, window=4) };7.92557e-01;9.36567e-01;9.49204e-01;Pipeline { filter(PT08.S3(NOx) > 162.0000) | map_aggregate(attribute=C6H6(GT), function=avg, window=4) }
datasets/airQuality_parallel.csv;nsga2;2;26;2600;2600;2.14174e+02;100;100;100;1.00000e+00;9.90000e-01;5.00000e-02;8.18335e-01;4.71631e-01;9.32372e-01;Pipeline { map_aggregate(attribute=NO2(GT), function=avg, window=6) | map_aggregate(attribute=NOx(GT), function=min, window=8) };7.92120e-01;1.00000e+00;1.00000e+00;Pipeline { map_aggregate(attribute=NOx(GT), function=avg, window=4) };7.92120e-01;1.00000e+00;1.00000e+00;Pipeline { map_aggregate(attribute=NOx(GT), function=avg, window=4) };7.92557e-01;9.36567e-01;9.49204e-01;Pipeline { filter(PT08.S2(NMHC) > 0.0000) | map_aggregate(attribute=C6H6(GT), function=avg, window=4) };7.92557e-01;9.36567e-01;9.49204e-01;Pipeline { filter(PT08.S3(NOx) > 5.6800) | map_aggregate(attribute=C6H6(GT), function=avg, window=4) };7.92557e-01;9.36567e-01;9.49204e-01;Pipeline { filter(PT08.S3(NOx) > 5.6800) | map_aggregate(attribute=C6H6(GT), function=avg, window=4) }
datasets/airQuality_parallel.csv;nsga2;2;27;2700;2700;2.21600e+02;100;100;100;1.00000e+00;1.00000e+00;5.00000e-02;8.18335e-01;4.71631e-01;9.32372e-01;Pipeline { map_aggregate(attribute=NO2(GT), function=avg, window=6) | map_aggregate(attribute=NOx(GT), function=min, window=8) };7.92120e-01;1.00000e+00;1.00000e+00;Pipeline { map_aggregate(attribute=NOx(GT), function=avg, window=4) };7.92120e-01;1.00000e+00;1.00000e+00;Pipeline { map_aggregate(attribute=NOx(GT), function=avg, window=4) };7.92557e-01;9.36567e-01;9.49204e-01;Pipeline { filter(PT08.S3(NOx) < 76600000.0000) | map_aggregate(attribute=C6H6(GT), function=avg, window=4) };7.92557e-01;9.36567e-01;9.49204e-01;Pipeline { filter(PT08.S2(NMHC) > 0.0000) | map_aggregate(attribute=C6H6(GT), function=avg, window=4) };7.92557e-01;9.36567e-01;9.49204e-01;Pipeline { filter(PT08.S2(NMHC) > 0.0000) | map_aggregate(attribute=C6H6(GT), function=avg, window=4) }
datasets/airQuality_parallel.csv;nsga2;2;28;2800;2800;2.28780e+02;100;100;100;1.00000e+00;1.00000e+00;5.00000e-02;8.18335e-01;4.71631e-01;9.32372e-01;Pipeline { map_aggregate(attribute=NO2(GT), function=avg, window=6) | map_aggregate(attribute=NOx(GT), function=min, window=8) };7.92120e-01;1.00000e+00;1.00000e+00;Pipeline { map_aggregate(attribute=NOx(GT), function=avg, window=4) };7.92120e-01;1.00000e+00;1.00000e+00;Pipeline { map_aggregate(attribute=NOx(GT), function=avg, window=4) };7.92557e-01;9.36567e-01;9.49204e-01;Pipeline { filter(PT08.S5(O3) > 0.0000) | map_aggregate(attribute=C6H6(GT), function=avg, window=4) };7.92557e-01;9.36567e-01;9.49204e-01;Pipeline { filter(PT08.S3(NOx) > 0.0895) | map_aggregate(attribute=C6H6(GT), function=avg, window=4) };7.92557e-01;9.36567e-01;9.49204e-01;Pipeline { filter(PT08.S3(NOx) > 0.0895) | map_aggregate(attribute=C6H6(GT), function=avg, window=4) }
datasets/airQuality_parallel.csv;nsga2;2;29;2900;2900;2.35678e+02;100;100;100;1.00000e+00;1.00000e+00;5.00000e-02;8.18335e-01;4.71631e-01;9.32372e-01;Pipeline { map_aggregate(attribute=NO2(GT), function=avg, window=6) | map_aggregate(attribute=NOx(GT), function=min, window=8) };7.92120e-01;1.00000e+00;1.00000e+00;Pipeline { map_aggregate(attribute=NOx(GT), function=avg, window=4) };7.92120e-01;1.00000e+00;1.00000e+00;Pipeline { map_aggregate(attribute=NOx(GT), function=avg, window=4) };7.92557e-01;9.36567e-01;9.49204e-01;Pipeline { filter(PT08.S5(O3) > 0.0061) | map_aggregate(attribute=C6H6(GT), function=avg, window=4) };7.92557e-01;9.36567e-01;9.49204e-01;Pipeline { filter(PT08.S5(O3) > 0.0000) | map_aggregate(attribute=C6H6(GT), function=avg, window=4) };7.92557e-01;9.36567e-01;9.49204e-01;Pipeline { filter(PT08.S5(O3) > 0.0000) | map_aggregate(attribute=C6H6(GT), function=avg, window=4) }
datasets/airQuality_parallel.csv;nsga2;2;30;3000;3000;2.42983e+02;100;100;100;1.00000e+00;1.00000e+00;5.00000e-02;8.18335e-01;4.71631e-01;9.32372e-01;Pipeline { map_aggregate(attribute=NO2(GT), function=avg, window=6) | map_aggregate(attribute=NOx(GT), function=min, window=8) };7.92120e-01;1.00000e+00;1.00000e+00;Pipeline { map_aggregate(attribute=NOx(GT), function=avg, window=4) };7.92120e-01;1.00000e+00;1.00000e+00;Pipeline { map_aggregate(attribute=NOx(GT), function=avg, window=4) };7.92557e-01;9.36567e-01;9.49204e-01;Pipeline { filter(PT08.S3(NOx) > 0.0000) | map_aggregate(attribute=C6H6(GT), function=avg, window=4) };7.92557e-01;9.36567e-01;9.49204e-01;Pipeline { filter(AH < 1970000000.0000) | map_aggregate(attribute=C6H6(GT), function=avg, window=4) };7.92557e-01;9.36567e-01;9.49204e-01;Pipeline { filter(AH < 1970000000.0000) | map_aggregate(attribute=C6H6(GT), function=avg, window=4) }
datasets/airQuality_parallel.csv;nsga2;2;31;3100;3100;2.49994e+02;100;100;100;1.00000e+00;1.00000e+00;5.00000e-02;8.23020e-01;4.83126e-01;9.18060e-01;Pipeline { map_aggregate(attribute=NO2(GT), function=avg, window=9) | map_aggregate(attribute=NOx(GT), function=min, window=4) };7.92120e-01;1.00000e+00;1.00000e+00;Pipeline { map_aggregate(attribute=NOx(GT), function=avg, window=4) };7.92120e-01;1.00000e+00;1.00000e+00;Pipeline { map_aggregate(attribute=NOx(GT), function=avg, window=4) };7.92557e-01;9.36567e-01;9.49204e-01;Pipeline { filter(PT08.S1(CO) > 0.0000) | map_aggregate(attribute=C6H6(GT), function=avg, window=4) };7.92557e-01;9.36567e-01;9.49204e-01;Pipeline { filter(C6H6(GT) > 0.0010) | map_aggregate(attribute=C6H6(GT), function=avg, window=4) };7.92557e-01;9.36567e-01;9.49204e-01;Pipeline { filter(C6H6(GT) > 0.0010) | map_aggregate(attribute=C6H6(GT), function=avg, window=4) }
datasets/airQuality_parallel.csv;nsga2;2;32;3200;3200;2.56415e+02;100;100;100;1.00000e+00;1.00000e+00;5.00000e-02;8.23020e-01;4.83126e-01;9.18060e-01;Pipeline { map_aggregate(attribute=NO2(GT), function=avg, window=9) | map_aggregate(attribute=NOx(GT), function=min, window=4) };7.92120e-01;1.00000e+00;1.00000e+00;Pipeline { map_aggregate(attribute=NOx(GT), function=avg, window=4) };7.92120e-01;1.00000e+00;1.00000e+00;Pipeline { map_aggregate(attribute=NOx(GT), function=avg, window=4) };7.92557e-01;9.36567e-01;9.49204e-01;Pipeline { filter(PT08.S3(NOx) > 0.0067) | map_aggregate(attribute=C6H6(GT), function=avg, window=4) };7.92557e-01;9.36567e-01;9.49204e-01;Pipeline { filter(RH < 414000.0000) | map_aggregate(attribute=C6H6(GT), function=avg, window=4) };7.92557e-01;9.36567e-01;9.49204e-01;Pipeline { filter(RH < 414000.0000) | map_aggregate(attribute=C6H6(GT), function=avg, window=4) }
datasets/airQuality_parallel.csv;nsga2;2;33;3300;3300;2.64861e+02;100;100;100;1.00000e+00;1.00000e+00;5.00000e-02;8.23020e-01;4.83126e-01;9.18060e-01;Pipeline { map_aggregate(attribute=NO2(GT), function=avg, window=9) | map_aggregate(attribute=NOx(GT), function=min, window=4) };7.92120e-01;1.00000e+00;1.00000e+00;Pipeline { map_aggregate(attribute=NOx(GT), function=avg, window=4) };7.92120e-01;1.00000e+00;1.00000e+00;Pipeline { map_aggregate(attribute=NOx(GT), function=avg, window=4) };7.92557e-01;9.36567e-01;9.49204e-01;Pipeline { filter(PT08.S1(CO) < 362000.0000) | map_aggregate(attribute=C6H6(GT), function=avg, window=4) };7.92557e-01;9.36567e-01;9.49204e-01;Pipeline { filter(PT08.S2(NMHC) > 0.0008) | map_aggregate(attribute=C6H6(GT), function=avg, window=4) };7.92557e-01;9.36567e-01;9.49204e-01;Pipeline { filter(PT08.S2(NMHC) > 0.0008) | map_aggregate(attribute=C6H6(GT), function=avg, window=4) }
datasets/airQuality_parallel.csv;nsga2;2;34;3400;3400;2.72014e+02;100;100;100;1.00000e+00;1.00000e+00;6.00000e-02;8.23020e-01;4.83126e-01;9.18060e-01;Pipeline { map_aggregate(attribute=NO2(GT), function=avg, window=9) | map_aggregate(attribute=NOx(GT), function=min, window=4) };7.92120e-01;1.00000e+00;1.00000e+00;Pipeline { map_aggregate(attribute=NOx(GT), function=avg, window=4) };7.92120e-01;1.00000e+00;1.00000e+00;Pipeline { map_aggregate(attribute=NOx(GT), function=avg, window=4) };7.92557e-01;9.36567e-01;9.49204e-01;Pipeline { filter(PT08.S2(NMHC) > 0.0000) | map_aggregate(attribute=C6H6(GT), function=avg, window=4) };7.92557e-01;9.36567e-01;9.49204e-01;Pipeline { filter(PT08.S1(CO) < 8060.0000) | map_aggregate(attribute=C6H6(GT), function=avg, window=4) };7.92557e-01;9.36567e-01;9.49204e-01;Pipeline { filter(RH > 0.0039) | map_aggregate(attribute=C6H6(GT), function=avg, window=4) }
datasets/airQuality_parallel.csv;nsga2;2;35;3500;3500;2.79027e+02;100;100;100;1.00000e+00;1.00000e+00;6.00000e-02;8.23020e-01;4.83126e-01;9.18060e-01;Pipeline { map_aggregate(attribute=NO2(GT), function=avg, window=9) | map_aggregate(attribute=NOx(GT), function=min, window=4) };7.92120e-01;1.00000e+00;1.00000e+00;Pipeline { map_aggregate(attribute=NOx(GT), function=avg, window=4) };7.92120e-01;1.00000e+00;1.00000e+00;Pipeline { map_aggregate(attribute=NOx(GT), function=avg, window=4) };7.92557e-01;9.36567e-01;9.49204e-01;Pipeline { filter(RH < 85300000.0000) | map_aggregate(attribute=C6H6(GT), function=avg, window=4) };7.92557e-01;9.36567e-01;9.49204e-01;Pipeline { filter(AH < 18800.0000) | map_aggregate(attribute=C6H6(GT), function=avg, window=4) };7.92557e-01;9.36567e-01;9.49204e-01;Pipeline { filter(AH < 197.0000) | map_aggregate(attribute=C6H6(GT), function=avg, window=4) }
datasets/airQuality_parallel.csv;nsga2;2;36;3600;3600;2.86353e+02;100;100;100;1.00000e+00;1.00000e+00;5.00000e-02;8.23020e-01;4.83126e-01;9.18060e-01;Pipeline { map_aggregate(attribute=NO2(GT), function=avg, window=9) | map_aggregate(attribute=NOx(GT), function=min, window=4) };7.92120e-01;1.00000e+00;1.00000e+00;Pipeline { map_aggregate(attribute=NOx(GT), function=avg, window=4) };7.92120e-01;1.00000e+00;1.00000e+00;Pipeline { map_aggregate(attribute=NOx(GT), function=avg, window=4) };7.92557e-01;9.36567e-01;9.49204e-01;Pipeline { filter(C6H6(GT) > 0.0000) | map_aggregate(attribute=C6H6(GT), function=avg, window=4) };7.92557e-01;9.36567e-01;9.49204e-01;Pipeline { filter(PT08.S5(O3) > 0.0064) | map_aggregate(attribute=C6H6(GT), function=avg, window=4) };7.92557e-01;9.36567e-01;9.49204e-01;Pipeline { filter(PT08.S2(NMHC) > 0.0044) | map_aggregate(attribute=C6H6(GT), function=avg, window=4) }
datasets/airQuality_parallel.csv;nsga2;2;37;3700;3700;2.93449e+02;100;100;100;1.00000e+00;1.00000e+00;5.00000e-02;8.23020e-01;4.83126e-01;9.18060e-01;Pipeline { map_aggregate(attribute=NO2(GT), function=avg, window=9) | map_aggregate(attribute=NOx(GT), function=min, window=4) };7.92120e-01;1.00000e+00;1.00000e+00;Pipeline { map_aggregate(attribute=NOx(GT), function=avg, window=4) };7.92120e-01;1.00000e+00;1.00000e+00;Pipeline { map_aggregate(attribute=NOx(GT), function=avg, window=4) };7.92557e-01;9.36567e-01;9.49204e-01;Pipeline { filter(PT08.S4(NO2) < 6000.0000) | map_aggregate(attribute=C6H6(GT), function=avg, window=4) };7.92557e-01;9.36567e-01;9.49204e-01;Pipeline { filter(C6H6(GT) > 0.0000) | map_aggregate(attribute=C6H6(GT), function=avg, window=4) };7.92557e-01;9.36567e-01;9.49204e-01;Pipeline { filter(PT08.S5(O3) < 174000000.0000) | map_aggregate(attribute=C6H6(GT), function=avg, window=4) }
datasets/airQuality_parallel.csv;nsga2;2;38;3800;3800;3.01045e+02;100;100;100;1.00000e+00;9.90000e-01;5.00000e-02;8.23020e-01;4.83126e-01;9.18060e-01;Pipeline { map_aggregate(attribute=NO2(GT), function=avg, window=9) | map_aggregate(attribute=NOx(GT), function=min, window=4) };7.92120e-01;1.00000e+00;1.00000e+00;Pipeline { map_aggregate(attribute=NOx(GT), function=avg, window=4) };7.92120e-01;1.00000e+00;1.00000e+00;Pipeline { map_aggregate(attribute=NOx(GT), function=avg, window=4) };7.92557e-01;9.36567e-01;9.49204e-01;Pipeline { filter(PT08.S2(NMHC) > 0.0034) | map_aggregate(attribute=C6H6(GT), function=avg, window=4) };7.92557e-01;9.36567e-01;9.49204e-01;Pipeline { filter(PT08.S3(NOx) > 0.0563) | map_aggregate(attribute=C6H6(GT), function=avg, window=4) };7.92557e-01;9.36567e-01;9.49204e-01;Pipeline { filter(PT08.S1(CO) > 0.0008) | map_aggregate(attribute=C6H6(GT), function=avg, window=4) }
datasets/airQuality_parallel.csv;nsga2;2;39;3900;3900;3.08967e+02;100;100;100;1.00000e+00;9.80000e-01;5.00000e-02;8.23020e-01;4.83126e-01;9.18060e-01;Pipeline { map_aggregate(attribute=NO2(GT), function=avg, window=9) | map_aggregate(attribute=NOx(GT), function=min, window=4) };7.92120e-01;1.00000e+00;1.00000e+00;Pipeline { map_aggregate(attribute=NOx(GT), function=avg, window=4) };7.92120e-01;1.00000e+00;1.00000e+00;Pipeline { map_aggregate(attribute=NOx(GT), function=avg, window=4) };7.92557e-01;9.36567e-01;9.49204e-01;Pipeline { filter(PT08.S1(CO) > 0.0000) | map_aggregate(attribute=C6H6(GT), function=avg, window=4) };7.92557e-01;9.36567e-01;9.49204e-01;Pipeline { filter(PT08.S3(NOx) > 0.0000) | map_aggregate(attribute=C6H6(GT), function=avg, window=4) };7.92557e-01;9.36567e-01;9.49204e-01;Pipeline { filter(PT08.S4(NO2) < 89600000.0000) | map_aggregate(attribute=C6H6(GT), function=avg, window=4) }
datasets/airQuality_parallel.csv;nsga2;2;40;4000;4000;3.16130e+02;100;100;100;1.00000e+00;1.00000e+00;5.00000e-02;8.23020e-01;4.83126e-01;9.18060e-01;Pipeline { map_aggregate(attribute=NO2(GT), function=avg, window=9) | map_aggregate(attribute=NOx(GT), function=min, window=4) };7.92120e-01;1.00000e+00;1.00000e+00;Pipeline { map_aggregate(attribute=NOx(GT), function=avg, window=4) };7.92120e-01;1.00000e+00;1.00000e+00;Pipeline { map_aggregate(attribute=NOx(GT), function=avg, window=4) };7.92557e-01;9.36567e-01;9.49204e-01;Pipeline { filter(PT08.S5(O3) > 0.0381) | map_aggregate(attribute=C6H6(GT), function=avg, window=4) };7.92557e-01;9.36567e-01;9.49204e-01;Pipeline { filter(PT08.S2(NMHC) < 20400000.0000) | map_aggregate(attribute=C6H6(GT), function=avg, window=4) };7.92557e-01;9.36567e-01;9.49204e-01;Pipeline { filter(PT08.S1(CO) > 0.0000) | map_aggregate(attribute=C6H6(GT), function=avg, window=4) }
datasets/airQuality_parallel.csv;nsga2;2;41;4100;4100;3.23587e+02;100;100;100;1.00000e+00;1.00000e+00;5.00000e-02;8.23020e-01;4.83126e-01;9.18060e-01;Pipeline { map_aggregate(attribute=NO2(GT), function=avg, window=9) | map_aggregate(attribute=NOx(GT), function=min, window=4) };7.92120e-01;1.00000e+00;1.00000e+00;Pipeline { map_aggregate(attribute=NOx(GT), function=avg, window=4) };7.92120e-01;1.00000e+00;1.00000e+00;Pipeline { map_aggregate(attribute=NOx(GT), function=avg, window=4) };7.92557e-01;9.36567e-01;9.49204e-01;Pipeline { filter(PT08.S3(NOx) > 0.0000) | map_aggregate(attribute=C6H6(GT), function=avg, window=4) };7.92557e-01;9.36567e-01;9.49204e-01;Pipeline { filter(PT08.S5(O3) > 0.7480) | map_aggregate(attribute=C6H6(GT), function=avg, window=4) };7.92557e-01;9.36567e-01;9.49204e-01;Pipeline { filter(PT08.S1(CO) > 0.0001) | map_aggregate(attribute=C6H6(GT), function=avg, window=4) }
datasets/airQuality_parallel.csv;nsga2;2;42;4200;4200;3.31430e+02;100;100;100;1.00000e+00;1.00000e+00;5.00000e-02;8.23020e-01;4.83126e-01;9.18060e-01;Pipeline { map_aggregate(attribute=NO2(GT), function=avg, window=9) | map_aggregate(attribute=NOx(GT), function=min, window=4) };7.92120e-01;1.00000e+00;1.00000e+00;Pipeline { map_aggregate(attribute=NOx(GT), function=avg, window=4) };7.92120e-01;1.00000e+00;1.00000e+00;Pipeline { map_aggregate(attribute=NOx(GT), function=avg, window=4) };7.92557e-01;9.36567e-01;9.49204e-01;Pipeline { filter(PT08.S2(NMHC) > 0.0001) | map_aggregate(attribute=C6H6(GT), function=avg, window=4) };7.92557e-01;9.36567e-01;9.49204e-01;Pipeline { filter(PT08.S1(CO) > 0.0000) | map_aggregate(attribute=C6H6(GT), function=avg, window=4) };7.92557e-01;9.36567e-01;9.49204e-01;Pipeline { filter(RH < 76700000.0000) | map_aggregate(attribute=C6H6(GT), function=avg, window=4) }
datasets/airQuality_parallel.csv;nsga2;2;43;4300;4300;3.41109e+02;100;100;100;1.00000e+00;1.00000e+00;6.00000e-02;8.23020e-01;4.83126e-01;9.18060e-01;Pipeline { map_aggregate(attribute=NO2(GT), function=avg, window=9) | map_aggregate(attribute=NOx(GT), function=min, window=4) };7.92120e-01;1.00000e+00;1.00000e+00;Pipeline { map_aggregate(attribute=NOx(GT), function=avg, window=4) };7.92120e-01;1.00000e+00;1.00000e+00;Pipeline { map_aggregate(attribute=NOx(GT), function=avg, window=4) };7.92557e-01;9.36567e-01;9.49204e-01;Pipeline { filter(PT08.S2(NMHC) > 0.0883) | map_aggregate(attribute=C6H6(GT), function=avg, window=4) };7.92557e-01;9.36567e-01;9.49204e-01;Pipeline { filter(RH < 2640000000.0000) | map_aggregate(attribute=C6H6(GT), function=avg, window=4) };7.92557e-01;9.36567e-01;9.49204e-01;Pipeline { filter(PT08.S4(NO2) < 63800.0000) | map_aggregate(attribute=C6H6(GT), function=avg, window=4) }
datasets/airQuality_parallel.csv;nsga2;2;44;4400;4400;3.48816e+02;100;100;100;1.00000e+00;1.00000e+00;6.00000e-02;8.23020e-01;4.83126e-01;9.18060e-01;Pipeline { map_aggregate(attribute=NO2(GT), function=avg, window=9) | map_aggregate(attribute=NOx(GT), function=min, window=4) };7.92120e-01;1.00000e+00;1.00000e+00;Pipeline { map_aggregate(attribute=NOx(GT), function=avg, window=4) };7.92120e-01;1.00000e+00;1.00000e+00;Pipeline { map_aggregate(attribute=NOx(GT), function=avg, window=4) };7.92557e-01;9.36567e-01;9.49204e-01;Pipeline { filter(PT08.S2(NMHC) < 20400000.0000) | map_aggregate(attribute=C6H6(GT), function=avg, window=4) };7.92557e-01;9.36567e-01;9.49204e-01;Pipeline { filter(RH < 97900.0000) | map_aggregate(attribute=C6H6(GT), function=avg, window=4) };7.92557e-01;9.36567e-01;9.49204e-01;Pipeline { filter(PT08.S3(NOx) < 6650.0000) | map_aggregate(attribute=C6H6(GT), function=avg, window=4) }
datasets/airQuality_parallel.csv;nsga2;2;45;4500;4500;3.55500e+02;100;100;100;1.00000e+00;1.00000e+00;6.00000e-02;8.23020e-01;4.83126e-01;9.18060e-01;Pipeline { map_aggregate(attribute=NO2(GT), function=avg, window=9) | map_aggregate(attribute=NOx(GT), function=min, window=4) };7.92120e-01;1.00000e+00;1.00000e+00;Pipeline { map_aggregate(attribute=NOx(GT), function=avg, window=4) };7.92120e-01;1.00000e+00;1.00000e+00;Pipeline { map_aggregate(attribute=NOx(GT), function=avg, window=4) };7.92557e-01;9.36567e-01;9.49204e-01;Pipeline { filter(PT08.S2(NMHC) > 0.0660) | map_aggregate(attribute=C6H6(GT), function=avg, window=4) };7.92557e-01;9.36567e-01;9.49204e-01;Pipeline { filter(C6H6(GT) > 0.0000) | map_aggregate(attribute=C6H6(GT), function=avg, window=4) };7.92557e-01;9.36567e-01;9.49204e-01;Pipeline { filter(PT08.S2(NMHC) > 0.0000) | map_aggregate(attribute=C6H6(GT), function=avg, window=4) }
datasets/airQuality_parallel.csv;nsga2;2;46;4600;4600;3.62598e+02;100;100;100;1.00000e+00;1.00000e+00;6.00000e-02;8.23020e-01;4.83126e-01;9.18060e-01;Pipeline { map_aggregate(attribute=NO2(GT), function=avg, window=9) | map_aggregate(attribute=NOx(GT), function=min, window=4) };7.92120e-01;1.00000e+00;1.00000e+00;Pipeline { map_aggregate(attribute=NOx(GT), function=avg, window=4) };7.92120e-01;1.00000e+00;1.00000e+00;Pipeline { map_aggregate(attribute=NOx(GT), function=avg, window=4) };7.92557e-01;9.36567e-01;9.49204e-01;Pipeline { filter(PT08.S3(NOx) > 0.0038) | map_aggregate(attribute=C6H6(GT), function=avg, window=4) };7.92557e-01;9.36567e-01;9.49204e-01;Pipeline { filter(C6H6(GT) < 750000.0000) | map_aggregate(attribute=C6H6(GT), function=avg, window=4) };7.92557e-01;9.36567e-01;9.49204e-01;Pipeline { filter(PT08.S5(O3) > 0.0000) | map_aggregate(attribute=C6H6(GT), function=avg, window=4) }
datasets/airQuality_parallel.csv;nsga2;2;47;4700;4700;3.69548e+02;100;100;100;1.00000e+00;1.00000e+00;6.00000e-02;8.23020e-01;4.83126e-01;9.18060e-01;Pipeline { map_aggregate(attribute=NO2(GT), function=avg, window=9) | map_aggregate(attribute=NOx(GT), function=min, window=4) };7.92120e-01;1.00000e+00;1.00000e+00;Pipeline { map_aggregate(attribute=NOx(GT), function=avg, window=4) };7.92120e-01;1.00000e+00;1.00000e+00;Pipeline { map_aggregate(attribute=NOx(GT), function=avg, window=4) };7.92557e-01;9.36567e-01;9.49204e-01;Pipeline { filter(PT08.S3(NOx) > 0.0038) | map_aggregate(attribute=C6H6(GT), function=avg, window=4) };7.92557e-01;9.36567e-01;9.49204e-01;Pipeline { filter(C6H6(GT) < 770000.0000) | map_aggregate(attribute=C6H6(GT), function=avg, window=4) };7.92557e-01;9.36567e-01;9.49204e-01;Pipeline { filter(AH < 88.0000) | map_aggregate(attribute=C6H6(GT), function=avg, window=4) }
datasets/airQuality_parallel.csv;nsga2;2;48;4800;4800;3.77464e+02;100;100;100;1.00000e+00;1.00000e+00;6.00000e-02;8.23020e-01;4.83126e-01;9.18060e-01;Pipeline { map_aggregate(attribute=NO2(GT), function=avg, window=9) | map_aggregate(attribute=NOx(GT), function=min, window=4) };7.92120e-01;1.00000e+00;1.00000e+00;Pipeline { map_aggregate(attribute=NOx(GT), function=avg, window=4) };7.92120e-01;1.00000e+00;1.00000e+00;Pipeline { map_aggregate(attribute=NOx(GT), function=avg, window=4) };7.92557e-01;9.36567e-01;9.49204e-01;Pipeline { filter(PT08.S3(NOx) > 0.0012) | map_aggregate(attribute=C6H6(GT), function=avg, window=4) };7.92557e-01;9.36567e-01;9.49204e-01;Pipeline { filter(PT08.S2(NMHC) > 98.7000) | map_aggregate(attribute=C6H6(GT), function=avg, window=4) };7.92557e-01;9.36567e-01;9.49204e-01;Pipeline { filter(PT08.S3(NOx) > 0.0008) | map_aggregate(attribute=C6H6(GT), function=avg, window=4) }
datasets/airQuality_parallel.csv;nsga2;2;49;4900;4900;3.84787e+02;100;100;100;1.00000e+00;1.00000e+00;7.00000e-02;8.23020e-01;4.83126e-01;9.18060e-01;Pipeline { map_aggregate(attribute=NO2(GT), function=avg, window=9) | map_aggregate(attribute=NOx(GT), function=min, window=4) };7.92120e-01;1.00000e+00;1.00000e+00;Pipeline { map_aggregate(attribute=NOx(GT), function=avg, window=4) };7.92120e-01;1.00000e+00;1.00000e+00;Pipeline { map_aggregate(attribute=NOx(GT), function=avg, window=4) };7.92557e-01;9.36567e-01;9.49204e-01;Pipeline { filter(AH < 2620000.0000) | map_aggregate(attribute=C6H6(GT), function=avg, window=4) };7.92557e-01;9.36567e-01;9.49204e-01;Pipeline { filter(PT08.S5(O3) > 0.0003) | map_aggregate(attribute=C6H6(GT), function=avg, window=4) };7.92557e-01;9.36567e-01;9.49204e-01;Pipeline { filter(PT08.S5(O3) < 94000000.0000) | map_aggregate(attribute=C6H6(GT), function=avg, window=4) }
datasets/airQuality_parallel.csv;nsga2;2;50;5000;5000;3.92979e+02;100;100;100;1.00000e+00;9.90000e-01;8.00000e-02;8.23944e-01;4.50355e-01;9.23203e-01;Pipeline { map_aggregate(attribute=NO2(GT), function=avg, window=10) | map_aggregate(attribute=NOx(GT), function=min, window=4) };7.92120e-01;1.00000e+00;1.00000e+00;Pipeline { map_aggregate(attribute=NOx(GT), function=avg, window=4) };7.92120e-01;1.00000e+00;1.00000e+00;Pipeline { map_aggregate(attribute=NOx(GT), function=avg, window=4) };7.92557e-01;9.36567e-01;9.49204e-01;Pipeline { filter(RH > 0.0067) | map_aggregate(attribute=C6H6(GT), function=avg, window=4) };7.92557e-01;9.36567e-01;9.49204e-01;Pipeline { filter(PT08.S1(CO) > 4.3100) | map_aggregate(attribute=C6H6(GT), function=avg, window=4) };7.92557e-01;9.36567e-01;9.49204e-01;Pipeline { filter(PT08.S2(NMHC) < 313000.0000) | map_aggregate(attribute=C6H6(GT), function=avg, window=4) }
datasets/airQuality_parallel.csv;nsga2;3;1;100;100;1.01800e+01;100;2;58;9.90000e-01;9.90000e-01;3.20000e-01;7.80604e-01;0.00000e+00;4.08869e-01;Pipeline { map_aggregate(attribute=AH, function=max, window=5) | filter(PT08.S5(O3) < 667.0000) | map_aggregate(attribute=NMHC(GT), function=min, window=6) | filter(PT08.S2(NMHC) < 804.0000) | map_duplicate(probability=0.80) | filter(NO2(GT) < 227000000.0000) | map_duplicate(probability=0.90) | map_duplicate(probability=1.00) };6.11312e-01;1.00000e+00;9.22879e-01;Pipeline { filter(NOx(GT) > 4.0000) };7.41322e-01;1.00000e+00;1.00000e+00;Pipeline { map_noise(attribute=C6H6(GT), percentage=0.01) };5.70700e-01;9.36567e-01;8.89591e-01;Pipeline { filter(PT08.S2(NMHC) > 0.0000) | filter(CO(GT) < 608000000.0000) | filter(PT08.S5(O3) > 0.0682) | filter(NO2(GT) < 89500000.0000) };5.97142e-01;9.21348e-01;8.68811e-01;Pipeline { filter(CO(GT) < 88.3000) | filter(C6H6(GT) > 0.0004) | map_aggregate(attribute=PT08.S5(O3), function=min, window=10) | map_noise(attribute=C6H6(GT), percentage=0.10) | filter(C6H6(GT) > 0.0000) | map_noise(attribute=CO(GT), percentage=0.01) };4.91780e-01;9.15952e-01;8.25486e-01;Pipeline { map_duplicate(probability=0.50) | map_aggregate(attribute=AH, function=avg, window=9) | map_noise(attribute=PT08.S2(NMHC), percentage=0.01) }
datasets/airQuality_parallel.csv;nsga2;3;2;200;200;1.83530e+01;100;5;2;9.90000e-01;9.90000e-01;6.20000e-01;8.16501e-01;5.60224e-02;6.65588e-01;Pipeline { map_noise(attribute=RH, percentage=0.10) | map_aggregate(attribute=CO(GT), function=avg, window=6) };6.11074e-01;1.00000e+00;9.22813e-01;Pipeline { filter(NOx(GT) > 8.0000) };7.41276e-01;1.00000e+00;1.00000e+00;Pipeline { map_noise(attribute=NOx(GT), percentage=0.01) };7.41322e-01;1.00000e+00;1.00000e+00;Pipeline { map_aggregate(attribute=NMHC(GT), function=min, window=7) };7.41322e-01;1.00000e+00;1.00000e+00;Pipeline { map_aggregate(attribute=AH, function=min, window=6) };7.41322e-01;1.00000e+00;1.00000e+00;Pipeline { map_noise(attribute=C6H6(GT), percentage=0.25) }
datasets/airQuality_parallel.csv;nsga2;3;3;300;300;2.69560e+01;100;5;2;9.90000e-01;9.90000e-01;2.80000e-01;8.16501e-01;5.60224e-02;6.65588e-01;Pipeline { map_noise(attribute=RH, percentage=0.10) | map_aggregate(attribute=CO(GT), function=avg, window=6) };6.11312e-01;1.00000e+00;9.22879e-01;Pipeline { filter(NOx(GT) > 4.7000) };7.20776e-01;1.00000e+00;1.00000e+00;Pipeline { map_aggregate(attribute=PT08.S3(NOx), function=max, window=8) };7.41322e-01;1.00000e+00;1.00000e+00;Pipeline { map_noise(attribute=PT08.S2(NMHC), percentage=0.25) };7.41322e-01;1.00000e+00;1.00000e+00;Pipeline { map_aggregate(attribute=NMHC(GT), function=min, window=5) };7.41322e-01;1.00000e+00;1.00000e+00;Pipeline { map_noise(attribute=NMHC(GT), percentage=0.25) }
datasets/airQuality_parallel.csv;nsga2;3;4;400;400;3.57290e+01;100;7;73;1.00000e+00;1.00000e+00;3.00000e-01;8.16501e-01;5.60224e-02;6.65588e-01;Pipeline { map_noise(attribute=RH, percentage=0.10) | map_aggregate(attribute=CO(GT), function=avg, window=6) };7.41322e-01;1.00000e+00;1.00000e+00;Pipeline { map_aggregate(attribute=AH, function=max, window=4) };7.41322e-01;1.00000e+00;1.00000e+00;Pipeline { map_aggregate(attribute=AH, function=max, window=4) };7.56866e-01;1.00000e+00;1.00000e+00;Pipeline { map_aggregate(attribute=NOx(GT), function=min, window=3) };7.41322e-01;1.00000e+00;1.00000e+00;Pipeline { map_aggregate(attribute=C6H6(GT), function=max, window=4) };7.41322e-01;1.00000e+00;1.00000e+00;Pipeline { map_aggregate(attribute=C6H6(GT), function=max, window=4) }
datasets/airQuality_parallel.csv;nsga2;3;5;500;500;4.37480e+01;100;9;61;1.00000e+00;1.00000e+00;3.90000e-01;8.16501e-01;5.60224e-02;6.65588e-01;Pipeline { map_noise(attribute=RH, percentage=0.10) | map_aggregate(attribute=CO(GT), function=avg, window=6) };7.41322e-01;1.00000e+00;1.00000e+00;Pipeline { map_noise(attribute=RH, percentage=0.05) };7.41322e-01;1.00000e+00;1.00000e+00;Pipeline { map_noise(attribute=RH, percentage=0.05) };7.78767e-01;4.50355e-01;9.23203e-01;Pipeline { map_aggregate(attribute=NO2(GT), function=avg, window=10) };7.41322e-01;1.00000e+00;1.00000e+00;Pipeline { map_aggregate(attribute=PT08.S4(NO2), function=avg, window=8) };7.41322e-01;1.00000e+00;1.00000e+00;Pipeline { map_aggregate(attribute=PT08.S4(NO2), function=avg, window=8) }
datasets/airQuality_parallel.csv;nsga2;3;6;600;600;5.28380e+01;100;14;43;1.00000e+00;1.00000e+00;5.30000e-01;8.73878e-01;0.00000e+00;4.09278e-01;Pipeline { map_aggregate(attribute=AH, function=max, window=5) | filter(PT08.S5(O3) < 667.0000) | map_aggregate(attribute=NMHC(GT), function=min, window=6) | filter(PT08.S2(NMHC) < 804000000.0000) | map_duplicate(probability=0.80) | filter(NO2(GT) < 227000000.0000) | map_duplicate(probability=0.90) | map_duplicate(probability=1.00) };7.41322e-01;1.00000e+00;1.00000e+00;Pipeline { map_aggregate(attribute=AH, function=max, window=4) };7.41322e-01;1.00000e+00;1.00000e+00;Pipeline { map_aggregate(attribute=AH, function=max, window=4) };7.84943e-01;5.82011e-02;6.64474e-01;Pipeline { map_aggregate(attribute=CO(GT), function=avg, window=7) | map_noise(attribute=AH, percentage=0.05) | map_aggregate(attribute=PT08.S3(NOx), function=avg, window=8) | map_noise(attribute=T, percentage=0.01) | map_aggregate(attribute=CO(GT), function=max, window=3) | map_duplicate(probability=0.10) | filter(PT08.S4(NO2) > 34.7000) | map_noise(attribute=NMHC(GT), percentage=0.25) | filter(AH > 0.0001) | map_aggregate(attribute=RH, function=max, window=7) };7.41322e-01;1.00000e+00;1.00000e+00;Pipeline { map_noise(attribute=RH, percentage=0.10) };7.41322e-01;1.00000e+00;1.00000e+00;Pipeline { map_noise(attribute=RH, percentage=0.10) }
datasets/airQuality_parallel.csv;nsga2;3;7;700;700;6.19740e+01;100;15;33;1.00000e+00;1.00000e+00;5.80000e-01;8.73878e-01;0.00000e+00;4.09278e-01;Pipeline { map_aggregate(attribute=AH, function=max, window=5) | filter(PT08.S5(O3) < 667.0000) | map_aggregate(attribute=NMHC(GT), function=min, window=6) | filter(PT08.S2(NMHC) < 804000000.0000) | map_duplicate(probability=0.80) | filter(NO2(GT) < 227000000.0000) | map_duplicate(probability=0.90) | map_duplicate(probability=1.00) };7.41322e-01;1.00000e+00;1.00000e+00;Pipeline { map_noise(attribute=AH, percentage=0.01) };7.41322e-01;1.00000e+00;1.00000e+00;Pipeline { map_noise(attribute=AH, percentage=0.01) };7.90539e-01;3.00952e-01;8.97267e-01;Pipeline { map_aggregate(attribute=NO2(GT), function=min, window=3) };7.41322e-01;1.00000e+00;1.00000e+00;Pipeline { map_aggregate(attribute=AH, function=max, window=9) };7.41322e-01;1.00000e+00;1.00000e+00;Pipeline { map_aggregate(attribute=AH, function=max, window=9) }
datasets/airQuality_parallel.csv;nsga2;3;8;800;800;7.29670e+01;100;24;6;1.00000e+00;1.00000e+00;7.30000e-01;8.73878e-01;0.00000e+00;4.09278e-01;Pipeline { map_aggregate(attribute=AH, function=max, window=5) | filter(PT08.S5(O3) < 667.0000) | map_aggregate(attribute=NMHC(GT), function=min, window=6) | filter(PT08.S2(NMHC) < 804000000.0000) | map_duplicate(probability=0.80) | filter(NO2(GT) < 227000000.0000) | map_duplicate(probability=0.90) | map_duplicate(probability=1.00) };7.41322e-01;1.00000e+00;1.00000e+00;Pipeline { map_noise(attribute=AH, percentage=0.01) };7.41322e-01;1.00000e+00;1.00000e+00;Pipeline { map_noise(attribute=AH, percentage=0.01) };8.03621e-01;9.54447e-02;8.19658e-01;Pipeline { map_aggregate(attribute=RH, function=min, window=10) | map_aggregate(attribute=NO2(GT), function=min, window=6) };7.80308e-01;9.36567e-01;9.49204e-01;Pipeline { map_aggregate(attribute=T, function=avg, window=5) | map_aggregate(attribute=PT08.S4(NO2), function=avg, window=10) | map_noise(attribute=PT08.S1(CO), percentage=0.05) | filter(PT08.S5(O3) > 0.7800) | map_aggregate(attribute=T, function=avg, window=10) };8.02436e-01;5.20354e-01;9.54126e-01;Pipeline { map_aggregate(attribute=NO2(GT), function=avg, window=5) | map_aggregate(attribute=NOx(GT), function=avg, window=6) }
datasets/airQuality_parallel.csv;nsga2;3;9;900;900;8.12280e+01;100;31;5;1.00000e+00;1.00000e+00;6.20000e-01;8.73878e-01;0.00000e+00;4.09278e-01;Pipeline { map_aggregate(attribute=AH, function=max, window=5) | filter(PT08.S5(O3) < 667.0000) | map_aggregate(attribute=NMHC(GT), function=min, window=6) | filter(PT08.S2(NMHC) < 804000000.0000) | map_duplicate(probability=0.80) | filter(NO2(GT) < 227000000.0000) | map_duplicate(probability=0.90) | map_duplicate(probability=1.00) };7.45167e-01;1.00000e+00;1.00000e+00;Pipeline { map_noise(attribute=NOx(GT), percentage=0.01) };7.45167e-01;1.00000e+00;1.00000e+00;Pipeline { map_noise(attribute=NOx(GT), percentage=0.01) };8.05377e-01;6.54762e-02;6.54266e-01;Pipeline { map_noise(attribute=T, percentage=0.10) | map_aggregate(attribute=CO(GT), function=avg, window=9) };7.84287e-01;9.36567e-01;9.49204e-01;Pipeline { map_aggregate(attribute=T, function=min, window=5) | map_aggregate(attribute=NOx(GT), function=avg, window=9) | map_noise(attribute=PT08.S1(CO), percentage=0.05) | filter(PT08.S1(CO) > 0.0060) | map_aggregate(attribute=T, function=avg, window=10) };7.82758e-01;5.20354e-01;9.54126e-01;Pipeline { map_aggregate(attribute=NO2(GT), function=avg, window=5) | map_noise(attribute=RH, percentage=0.10) }
datasets/airQuality_parallel.csv;nsga2;3;10;1000;1000;9.02550e+01;100;46;4;1.00000e+00;1.00000e+00;4.30000e-01;8.73878e-01;0.00000e+00;4.09278e-01;Pipeline { map_aggregate(attribute=AH, function=max, window=5) | filter(PT08.S5(O3) < 667.0000) | map_aggregate(attribute=NMHC(GT), function=min, window=6) | filter(PT08.S2(NMHC) < 804000000.0000) | map_duplicate(probability=0.80) | filter(NO2(GT) < 227000000.0000) | map_duplicate(probability=0.90) | map_duplicate(probability=1.00) };7.56866e-01;1.00000e+00;1.00000e+00;Pipeline { map_aggregate(attribute=NOx(GT), function=min, window=4) };7.56866e-01;1.00000e+00;1.00000e+00;Pipeline { map_aggregate(attribute=NOx(GT), function=min, window=4) };8.16446e-01;5.17241e-02;6.61158e-01;Pipeline { map_aggregate(attribute=CO(GT), function=avg, window=7) };7.85053e-01;9.36567e-01;9.49204e-01;Pipeline { map_noise(attribute=PT08.S4(NO2), percentage=0.25) | map_noise(attribute=T, percentage=0.10) | map_noise(attribute=PT08.S5(O3), percentage=0.01) | map_aggregate(attribute=NOx(GT), function=avg, window=3) | map_noise(attribute=PT08.S5(O3), percentage=0.05) | filter(T < 41600.0000) };8.02436e-01;5.20354e-01;9.54126e-01;Pipeline { map_aggregate(attribute=NO2(GT), function=avg, window=5) | map_aggregate(attribute=NOx(GT), function=avg, window=6) }
datasets/airQuality_parallel.csv;nsga2;3;11;1100;1100;9.95240e+01;100;66;1;1.00000e+00;1.00000e+00;3.00000e-01;8.73878e-01;0.00000e+00;4.09278e-01;Pipeline { map_aggregate(attribute=AH, function=max, window=5) | filter(PT08.S5(O3) < 667.0000) | map_aggregate(attribute=NMHC(GT), function=min, window=6) | filter(PT08.S2(NMHC) < 804000000.0000) | map_duplicate(probability=0.80) | filter(NO2(GT) < 227000000.0000) | map_duplicate(probability=0.90) | map_duplicate(probability=1.00) };7.84876e-01;1.00000e+00;1.00000e+00;Pipeline { map_aggregate(attribute=RH, function=max, window=3) | map_aggregate(attribute=NOx(GT), function=avg, window=6) };7.84876e-01;1.00000e+00;1.00000e+00;Pipeline { map_aggregate(attribute=RH, function=max, window=3) | map_aggregate(attribute=NOx(GT), function=avg, window=6) };8.16501e-01;5.60224e-02;6.65588e-01;Pipeline { map_aggregate(attribute=RH, function=max, window=6) | map_aggregate(attribute=CO(GT), function=avg, window=6) };7.98842e-01;1.07728e-01;6.73656e-01;Pipeline { map_aggregate(attribute=CO(GT), function=avg, window=5) | map_noise(attribute=AH, percentage=0.05) | map_aggregate(attribute=PT08.S3(NOx), function=avg, window=8) | map_noise(attribute=T, percentage=0.01) | map_aggregate(attribute=CO(GT), function=max, window=3) | map_duplicate(probability=0.10) | filter(PT08.S4(NO2) > 0.3870) | map_noise(attribute=NMHC(GT), percentage=0.25) | filter(T > 0.6460) | map_aggregate(attribute=RH, function=max, window=7) };8.00138e-01;1.24352e-01;6.72845e-01;Pipeline { map_aggregate(attribute=CO(GT), function=avg, window=5) }
datasets/airQuality_parallel.csv;nsga2;3;12;1200;1200;1.08369e+02;100;51;3;1.00000e+00;1.00000e+00;2.60000e-01;8.73878e-01;0.00000e+00;4.09278e-01;Pipeline { map_aggregate(attribute=AH, function=max, window=5) | filter(PT08.S5(O3) < 667.0000) | map_aggregate(attribute=NMHC(GT), function=min, window=6) | filter(PT08.S2(NMHC) < 804000000.0000) | map_duplicate(probability=0.80) | filter(NO2(GT) < 227000000.0000) | map_duplicate(probability=0.90) | map_duplicate(probability=1.00) };7.84876e-01;1.00000e+00;1.00000e+00;Pipeline { map_aggregate(attribute=RH, function=max, window=3) | map_aggregate(attribute=NOx(GT), function=avg, window=6) };7.84876e-01;1.00000e+00;1.00000e+00;Pipeline { map_aggregate(attribute=RH, function=max, window=3) | map_aggregate(attribute=NOx(GT), function=avg, window=6) };8.16501e-01;5.60224e-02;6.65588e-01;Pipeline { map_aggregate(attribute=RH, function=max, window=8) | map_aggregate(attribute=CO(GT), function=avg, window=6) };8.05377e-01;6.54762e-02;6.54266e-01;Pipeline { map_noise(attribute=RH, percentage=0.25) | map_aggregate(attribute=CO(GT), function=avg, window=9) };8.16501e-01;5.60224e-02;6.65588e-01;Pipeline { map_aggregate(attribute=RH, function=max, window=10) | map_aggregate(attribute=CO(GT), function=avg, window=6) }
datasets/airQuality_parallel.csv;nsga2;3;13;1300;1300;1.18243e+02;100;17;83;1.00000e+00;1.00000e+00;2.40000e-01;8.73878e-01;0.00000e+00;4.09278e-01;Pipeline { map_aggregate(attribute=AH, function=max, window=5) | filter(PT08.S5(O3) < 667.0000) | map_aggregate(attribute=NMHC(GT), function=min, window=6) | filter(PT08.S2(NMHC) < 804000000.0000) | map_duplicate(probability=0.80) | filter(NO2(GT) < 227000000.0000) | map_duplicate(probability=0.90) | map_duplicate(probability=1.00) };7.88510e-01;1.00000e+00;1.00000e+00;Pipeline { map_aggregate(attribute=NOx(GT), function=avg, window=5) };7.88510e-01;1.00000e+00;1.00000e+00;Pipeline { map_aggregate(attribute=NOx(GT), function=avg, window=5) };8.16501e-01;5.60224e-02;6.65588e-01;Pipeline { map_aggregate(attribute=RH, function=max, window=8) | map_aggregate(attribute=CO(GT), function=avg, window=6) };8.05377e-01;6.54762e-02;6.54266e-01;Pipeline { map_aggregate(attribute=CO(GT), function=avg, window=9) };8.16501e-01;5.60224e-02;6.65588e-01;Pipeline { map_aggregate(attribute=CO(GT), function=avg, window=6) | map_aggregate(attribute=NMHC(GT), function=avg, window=5) }
datasets/airQuality_parallel.csv;nsga2;3;14;1400;1400;1.28942e+02;100;22;78;1.00000e+00;1.00000e+00;2.90000e-01;8.73878e-01;0.00000e+00;4.09278e-01;Pipeline { map_aggregate(attribute=AH, function=max, window=5) | filter(PT08.S5(O3) < 667.0000) | map_aggregate(attribute=NMHC(GT), function=min, window=6) | filter(PT08.S2(NMHC) < 804000000.0000) | map_duplicate(probability=0.80) | filter(NO2(GT) < 227000000.0000) | map_duplicate(probability=0.90) | map_duplicate(probability=1.00) };7.88510e-01;1.00000e+00;1.00000e+00;Pipeline { map_aggregate(attribute=NOx(GT), function=avg, window=5) };7.88510e-01;1.00000e+00;1.00000e+00;Pipeline { map_aggregate(attribute=NOx(GT), function=avg, window=5) };8.16501e-01;5.60224e-02;6.65588e-01;Pipeline { map_aggregate(attribute=NMHC(GT), function=min, window=6) | map_aggregate(attribute=CO(GT), function=avg, window=6) };8.05377e-01;6.54762e-02;6.54266e-01;Pipeline { map_aggregate(attribute=CO(GT), function=avg, window=9) };8.16501e-01;5.60224e-02;6.65588e-01;Pipeline { map_aggregate(attribute=C6H6(GT), function=avg, window=8) | map_aggregate(attribute=CO(GT), function=avg, window=6) }
datasets/airQuality_parallel.csv;nsga2;3;15;1500;1500;1.35289e+02;100;26;23;1.00000e+00;1.00000e+00;3.80000e-01;8.73878e-01;0.00000e+00;4.09278e-01;Pipeline { map_aggregate(attribute=AH, function=max, window=5) | filter(PT08.S5(O3) < 667.0000) | map_aggregate(attribute=NMHC(GT), function=min, window=6) | filter(PT08.S2(NMHC) < 804000000.0000) | map_duplicate(probability=0.80) | filter(NO2(GT) < 227000000.0000) | map_duplicate(probability=0.90) | map_duplicate(probability=1.00) };7.88510e-01;1.00000e+00;1.00000e+00;Pipeline { map_aggregate(attribute=NOx(GT), function=avg, window=5) };7.88510e-01;1.00000e+00;1.00000e+00;Pipeline { map_aggregate(attribute=NOx(GT), function=avg, window=5) };8.16501e-01;5.60224e-02;6.65588e-01;Pipeline { map_aggregate(attribute=T, function=min, window=3) | map_aggregate(attribute=CO(GT), function=avg, window=6) };8.14114e-01;2.12871e-01;6.80643e-01;Pipeline { map_aggregate(attribute=CO(GT), function=avg, window=4) | map_aggregate(attribute=NOx(GT), function=avg, window=10) };8.12515e-01;2.12871e-01;6.80643e-01;Pipeline { map_aggregate(attribute=CO(GT), function=avg, window=4) | map_aggregate(attribute=NOx(GT), function=min, window=3) }
datasets/airQuality_parallel.csv;nsga2;3;16;1600;1600;1.41847e+02;100;31;5;1.00000e+00;1.00000e+00;3.40000e-01;8.73878e-01;0.00000e+00;4.09278e-01;Pipeline { map_aggregate(attribute=AH, function=max, window=5) | filter(PT08.S5(O3) < 667.0000) | map_aggregate(attribute=NMHC(GT), function=min, window=6) | filter(PT08.S2(NMHC) < 804000000.0000) | map_duplicate(probability=0.80) | filter(NO2(GT) < 227000000.0000) | map_duplicate(probability=0.90) | map_duplicate(probability=1.00) };7.88510e-01;1.00000e+00;1.00000e+00;Pipeline { map_aggregate(attribute=NOx(GT), function=avg, window=5) };7.88510e-01;1.00000e+00;1.00000e+00;Pipeline { map_aggregate(attribute=NOx(GT), function=avg, window=5) };8.16501e-01;5.60224e-02;6.65588e-01;Pipeline { map_aggregate(attribute=C6H6(GT), function=avg, window=8) | map_aggregate(attribute=CO(GT), function=avg, window=6) };8.07423e-01;5.20354e-01;9.54126e-01;Pipeline { map_aggregate(attribute=NO2(GT), function=avg, window=5) | map_aggregate(attribute=NOx(GT), function=avg, window=10) };8.09991e-01;5.75972e-01;9.33242e-01;Pipeline { map_aggregate(attribute=NO2(GT), function=avg, window=4) | map_aggregate(attribute=NOx(GT), function=avg, window=10) }
datasets/airQuality_parallel.csv;nsga2;3;17;1700;1700;1.49401e+02;100;38;62;1.00000e+00;1.00000e+00;3.20000e-01;8.73878e-01;0.00000e+00;4.09278e-01;Pipeline { map_aggregate(attribute=AH, function=max, window=5) | filter(PT08.S5(O3) < 667.0000) | map_aggregate(attribute=NMHC(GT), function=min, window=6) | filter(PT08.S2(NMHC) < 804000000.0000) | map_duplicate(probability=0.80) | filter(NO2(GT) < 227000000.0000) | map_duplicate(probability=0.90) | map_duplicate(probability=1.00) };7.90150e-01;1.00000e+00;1.00000e+00;Pipeline { map_noise(attribute=PT08.S1(CO), percentage=0.25) | map_aggregate(attribute=NOx(GT), function=avg, window=4) };7.90150e-01;1.00000e+00;1.00000e+00;Pipeline { map_noise(attribute=PT08.S1(CO), percentage=0.25) | map_aggregate(attribute=NOx(GT), function=avg, window=4) };8.16501e-01;5.60224e-02;6.65588e-01;Pipeline { map_noise(attribute=PT08.S5(O3), percentage=0.01) | map_aggregate(attribute=CO(GT), function=avg, window=6) };8.09991e-01;5.75972e-01;9.33242e-01;Pipeline { map_aggregate(attribute=NO2(GT), function=avg, window=4) | map_aggregate(attribute=NOx(GT), function=avg, window=10) };8.07423e-01;5.20354e-01;9.54126e-01;Pipeline { map_aggregate(attribute=NO2(GT), function=avg, window=5) | map_aggregate(attribute=NOx(GT), function=avg, window=10) }
datasets/airQuality_parallel.csv;nsga2;3;18;1800;1800;1.55442e+02;100;51;34;1.00000e+00;1.00000e+00;4.00000e-01;8.73878e-01;0.00000e+00;4.09278e-01;Pipeline { map_aggregate(attribute=AH, function=max, window=5) | filter(PT08.S5(O3) < 667.0000) | map_aggregate(attribute=NMHC(GT), function=min, window=6) | filter(PT08.S2(NMHC) < 804000000.0000) | map_duplicate(probability=0.80) | filter(NO2(GT) < 227000000.0000) | map_duplicate(probability=0.90) | map_duplicate(probability=1.00) };7.81075e-01;1.00000e+00;1.00000e+00;Pipeline { map_aggregate(attribute=NMHC(GT), function=max, window=4) | map_aggregate(attribute=NOx(GT), function=avg, window=10) };7.81075e-01;1.00000e+00;1.00000e+00;Pipeline { map_aggregate(attribute=NMHC(GT), function=max, window=4) | map_aggregate(attribute=NOx(GT), function=avg, window=10) };8.16501e-01;5.60224e-02;6.65588e-01;Pipeline { map_aggregate(attribute=PT08.S5(O3), function=avg, window=9) | map_aggregate(attribute=CO(GT), function=avg, window=6) };7.92120e-01;1.00000e+00;1.00000e+00;Pipeline { map_aggregate(attribute=T, function=avg, window=5) | map_aggregate(attribute=NOx(GT), function=avg, window=4) };7.92120e-01;1.00000e+00;1.00000e+00;Pipeline { map_aggregate(attribute=T, function=avg, window=5) | map_aggregate(attribute=NOx(GT), function=avg, window=4) }
datasets/airQuality_parallel.csv;nsga2;3;19;1900;1900;1.61431e+02;100;66;19;1.00000e+00;1.00000e+00;4.20000e-01;8.73878e-01;0.00000e+00;4.09278e-01;Pipeline { map_aggregate(attribute=AH, function=max, window=5) | filter(PT08.S5(O3) < 667.0000) | map_aggregate(attribute=NMHC(GT), function=min, window=6) | filter(PT08.S2(NMHC) < 804000000.0000) | map_duplicate(probability=0.80) | filter(NO2(GT) < 227000000.0000) | map_duplicate(probability=0.90) | map_duplicate(probability=1.00) };7.90150e-01;1.00000e+00;1.00000e+00;Pipeline { map_noise(attribute=PT08.S1(CO), percentage=0.25) | map_aggregate(attribute=NOx(GT), function=avg, window=4) };7.90150e-01;1.00000e+00;1.00000e+00;Pipeline { map_noise(attribute=PT08.S1(CO), percentage=0.25) | map_aggregate(attribute=NOx(GT), function=avg, window=4) };8.18446e-01;5.57103e-02;6.65614e-01;Pipeline { map_noise(attribute=CO(GT), percentage=0.01) | map_aggregate(attribute=CO(GT), function=avg, window=6) };7.92120e-01;1.00000e+00;1.00000e+00;Pipeline { map_noise(attribute=AH, percentage=0.10) | map_aggregate(attribute=NOx(GT), function=avg, window=4) };7.92120e-01;1.00000e+00;1.00000e+00;Pipeline { map_noise(attribute=AH, percentage=0.10) | map_aggregate(attribute=NOx(GT), function=avg, window=4) }
datasets/airQuality_parallel.csv;nsga2;3;20;2000;2000;1.68054e+02;100;86;1;1.00000e+00;1.00000e+00;3.40000e-01;8.76951e-01;0.00000e+00;4.09354e-01;Pipeline { map_aggregate(attribute=AH, function=max, window=5) | filter(PT08.S5(O3) < 677.0000) | map_aggregate(attribute=PT08.S5(O3), function=max, window=6) | filter(T < 38.4000) | map_duplicate(probability=0.80) | filter(NO2(GT) < 227000000.0000) | map_duplicate(probability=0.90) | map_duplicate(probability=1.00) };7.91147e-01;1.00000e+00;1.00000e+00;Pipeline { map_noise(attribute=NOx(GT), percentage=0.10) | map_aggregate(attribute=NOx(GT), function=avg, window=4) };7.91147e-01;1.00000e+00;1.00000e+00;Pipeline { map_noise(attribute=NOx(GT), percentage=0.10) | map_aggregate(attribute=NOx(GT), function=avg, window=4) };8.14114e-01;2.12871e-01;6.80643e-01;Pipeline { map_aggregate(attribute=CO(GT), function=avg, window=4) | map_aggregate(attribute=NOx(GT), function=avg, window=10) };7.92120e-01;1.00000e+00;1.00000e+00;Pipeline { map_aggregate(attribute=AH, function=max, window=3) | map_aggregate(attribute=NOx(GT), function=avg, window=4) };7.92120e-01;1.00000e+00;1.00000e+00;Pipeline { map_aggregate(attribute=AH, function=max, window=3) | map_aggregate(attribute=NOx(GT), function=avg, window=4) }
datasets/airQuality_parallel.csv;nsga2;3;21;2100;2100;1.74349e+02;100;96;4;1.00000e+00;1.00000e+00;2.50000e-01;8.76951e-01;0.00000e+00;4.09354e-01;Pipeline { map_aggregate(attribute=AH, function=max, window=5) | filter(PT08.S5(O3) < 677.0000) | map_aggregate(attribute=PT08.S5(O3), function=max, window=6) | filter(T < 38.4000) | map_duplicate(probability=0.80) | filter(NO2(GT) < 227000000.0000) | map_duplicate(probability=0.90) | map_duplicate(probability=1.00) };7.91147e-01;1.00000e+00;1.00000e+00;Pipeline { map_noise(attribute=NOx(GT), percentage=0.10) | map_aggregate(attribute=NOx(GT), function=avg, window=4) };7.91147e-01;1.00000e+00;1.00000e+00;Pipeline { map_noise(attribute=NOx(GT), percentage=0.10) | map_aggregate(attribute=NOx(GT), function=avg, window=4) };7.92120e-01;1.00000e+00;1.00000e+00;Pipeline { map_aggregate(attribute=T, function=avg, window=10) | map_aggregate(attribute=NOx(GT), function=avg, window=4) };7.92120e-01;1.00000e+00;1.00000e+00;Pipeline { map_aggregate(attribute=NMHC(GT), function=min, window=8) | map_aggregate(attribute=NOx(GT), function=avg, window=4) };7.92120e-01;1.00000e+00;1.00000e+00;Pipeline { map_aggregate(attribute=NMHC(GT), function=min, window=8) | map_aggregate(attribute=NOx(GT), function=avg, window=4) }
datasets/airQuality_parallel.csv;nsga2;3;22;2200;2200;1.81302e+02;100;100;100;1.00000e+00;1.00000e+00;2.10000e-01;8.76951e-01;0.00000e+00;4.09354e-01;Pipeline { map_aggregate(attribute=AH, function=max, window=5) | filter(PT08.S5(O3) < 677.0000) | map_aggregate(attribute=PT08.S5(O3), function=max, window=6) | filter(T < 38.4000) | map_duplicate(probability=0.80) | filter(NO2(GT) < 227000000.0000) | map_duplicate(probability=0.90) | map_duplicate(probability=1.00) };7.92120e-01;1.00000e+00;1.00000e+00;Pipeline { map_aggregate(attribute=NMHC(GT), function=avg, window=4) | map_aggregate(attribute=NOx(GT), function=avg, window=4) };7.92120e-01;1.00000e+00;1.00000e+00;Pipeline { map_aggregate(attribute=NMHC(GT), function=avg, window=4) | map_aggregate(attribute=NOx(GT), function=avg, window=4) };7.92120e-01;1.00000e+00;1.00000e+00;Pipeline { map_aggregate(attribute=PT08.S3(NOx), function=min, window=6) | map_aggregate(attribute=NOx(GT), function=avg, window=4) };7.92120e-01;1.00000e+00;1.00000e+00;Pipeline { map_aggregate(attribute=PT08.S4(NO2), function=min, window=5) | map_aggregate(attribute=NOx(GT), function=avg, window=4) };7.92120e-01;1.00000e+00;1.00000e+00;Pipeline { map_aggregate(attribute=PT08.S4(NO2), function=min, window=5) | map_aggregate(attribute=NOx(GT), function=avg, window=4) }
datasets/airQuality_parallel.csv;nsga2;3;23;2300;2300;1.87480e+02;100;100;100;1.00000e+00;1.00000e+00;2.20000e-01;8.76951e-01;0.00000e+00;4.09354e-01;Pipeline { map_aggregate(attribute=AH, function=max, window=5) | filter(PT08.S5(O3) < 677.0000) | map_aggregate(attribute=PT08.S5(O3), function=max, window=6) | filter(T < 38.4000) | map_duplicate(probability=0.80) | filter(NO2(GT) < 227000000.0000) | map_duplicate(probability=0.90) | map_duplicate(probability=1.00) };7.92120e-01;1.00000e+00;1.00000e+00;Pipeline { map_aggregate(attribute=NMHC(GT), function=min, window=8) | map_aggregate(attribute=NOx(GT), function=avg, window=4) };7.92120e-01;1.00000e+00;1.00000e+00;Pipeline { map_aggregate(attribute=NMHC(GT), function=min, window=8) | map_aggregate(attribute=NOx(GT), function=avg, window=4) };7.92120e-01;1.00000e+00;1.00000e+00;Pipeline { map_aggregate(attribute=NMHC(GT), function=max, window=3) | map_aggregate(attribute=NOx(GT), function=avg, window=4) };7.92120e-01;1.00000e+00;1.00000e+00;Pipeline { map_aggregate(attribute=NMHC(GT), function=max, window=9) | map_aggregate(attribute=NOx(GT), function=avg, window=4) };7.92120e-01;1.00000e+00;1.00000e+00;Pipeline { map_aggregate(attribute=NMHC(GT), function=max, window=9) | map_aggregate(attribute=NOx(GT), function=avg, window=4) }
datasets/airQuality_parallel.csv;nsga2;3;24;2400;2400;1.94758e+02;100;22;73;1.00000e+00;1.00000e+00;2.90000e-01;8.76951e-01;0.00000e+00;4.09354e-01;Pipeline { map_aggregate(attribute=AH, function=max, window=5) | filter(PT08.S5(O3) < 677.0000) | map_aggregate(attribute=PT08.S5(O3), function=max, window=6) | filter(T < 38.4000) | map_duplicate(probability=0.80) | filter(NO2(GT) < 227000000.0000) | map_duplicate(probability=0.90) | map_duplicate(probability=1.00) };7.92120e-01;1.00000e+00;1.00000e+00;Pipeline { map_noise(attribute=NMHC(GT), percentage=0.10) | map_aggregate(attribute=NOx(GT), function=avg, window=4) };7.92120e-01;1.00000e+00;1.00000e+00;Pipeline { map_noise(attribute=NMHC(GT), percentage=0.10) | map_aggregate(attribute=NOx(GT), function=avg, window=4) };8.03127e-01;6.38298e-01;9.52227e-01;Pipeline { map_aggregate(attribute=NO2(GT), function=avg, window=3) | map_aggregate(attribute=NOx(GT), function=avg, window=6) };7.92120e-01;1.00000e+00;1.00000e+00;Pipeline { map_aggregate(attribute=PT08.S3(NOx), function=max, window=3) | map_aggregate(attribute=NOx(GT), function=avg, window=4) };7.92120e-01;1.00000e+00;1.00000e+00;Pipeline { map_aggregate(attribute=PT08.S3(NOx), function=max, window=3) | map_aggregate(attribute=NOx(GT), function=avg, window=4) }
datasets/airQuality_parallel.csv;nsga2;3;25;2500;2500;2.00650e+02;100;15;63;1.00000e+00;1.00000e+00;3.90000e-01;8.76951e-01;0.00000e+00;4.09354e-01;Pipeline { map_aggregate(attribute=AH, function=max, window=5) | filter(PT08.S5(O3) < 677.0000) | map_aggregate(attribute=PT08.S5(O3), function=max, window=6) | filter(T < 38.4000) | map_duplicate(probability=0.80) | filter(NO2(GT) < 227000000.0000) | map_duplicate(probability=0.90) | map_duplicate(probability=1.00) };7.92120e-01;1.00000e+00;1.00000e+00;Pipeline { map_noise(attribute=PT08.S2(NMHC), percentage=0.10) | map_aggregate(attribute=NOx(GT), function=avg, window=4) };7.92120e-01;1.00000e+00;1.00000e+00;Pipeline { map_noise(attribute=PT08.S2(NMHC), percentage=0.10) | map_aggregate(attribute=NOx(GT), function=avg, window=4) };8.16501e-01;5.60224e-02;6.65588e-01;Pipeline { map_noise(attribute=C6H6(GT), percentage=0.25) | map_aggregate(attribute=CO(GT), function=avg, window=6) };7.92120e-01;1.00000e+00;1.00000e+00;Pipeline { map_aggregate(attribute=T, function=avg, window=8) | map_aggregate(attribute=NOx(GT), function=avg, window=4) };7.92120e-01;1.00000e+00;1.00000e+00;Pipeline { map_aggregate(attribute=T, function=avg, window=8) | map_aggregate(attribute=NOx(GT), function=avg, window=4) }
datasets/airQuality_parallel.csv;nsga2;3;26;2600;2600;2.10295e+02;100;16;48;1.00000e+00;1.00000e+00;5.20000e-01;8.77451e-01;0.00000e+00;4.09518e-01;Pipeline { map_aggregate(attribute=AH, function=max, window=5) | filter(PT08.S5(O3) < 667.0000) | map_aggregate(attribute=NMHC(GT), function=max, window=10) | filter(T < 384000000.0000) | map_duplicate(probability=0.80) | filter(NO2(GT) < 227000000.0000) | map_duplicate(probability=0.90) | map_duplicate(probability=1.00) };7.92120e-01;1.00000e+00;1.00000e+00;Pipeline { map_aggregate(attribute=AH, function=avg, window=6) | map_aggregate(attribute=NOx(GT), function=avg, window=4) };7.92120e-01;1.00000e+00;1.00000e+00;Pipeline { map_aggregate(attribute=AH, function=avg, window=6) | map_aggregate(attribute=NOx(GT), function=avg, window=4) };8.43163e-01;0.00000e+00;4.16543e-01;Pipeline { map_aggregate(attribute=AH, function=max, window=5) | filter(PT08.S5(O3) < 677.0000) | map_aggregate(attribute=PT08.S5(O3), function=max, window=6) | filter(T < 38.4000) | map_duplicate(probability=0.80) | filter(CO(GT) < 227000000.0000) | map_duplicate(probability=0.90) | map_duplicate(probability=0.90) };7.92120e-01;1.00000e+00;1.00000e+00;Pipeline { map_aggregate(attribute=NMHC(GT), function=min, window=10) | map_aggregate(attribute=NOx(GT), function=avg, window=4) };7.92120e-01;1.00000e+00;1.00000e+00;Pipeline { map_aggregate(attribute=NMHC(GT), function=min, window=10) | map_aggregate(attribute=NOx(GT), function=avg, window=4) }
datasets/airQuality_parallel.csv;nsga2;3;27;2700;2700;2.19864e+02;100;14;51;1.00000e+00;1.00000e+00;5.80000e-01;8.78577e-01;0.00000e+00;4.15531e-01;Pipeline { map_aggregate(attribute=AH, function=max, window=5) | filter(PT08.S5(O3) < 677.0000) | map_aggregate(attribute=PT08.S5(O3), function=max, window=6) | filter(T < 3840000.0000) | map_duplicate(probability=0.80) | filter(CO(GT) < 227000000.0000) | map_duplicate(probability=0.90) | map_duplicate(probability=0.90) };7.92120e-01;1.00000e+00;1.00000e+00;Pipeline { map_aggregate(attribute=T, function=min, window=9) | map_aggregate(attribute=NOx(GT), function=avg, window=4) };7.92120e-01;1.00000e+00;1.00000e+00;Pipeline { map_aggregate(attribute=T, function=min, window=9) | map_aggregate(attribute=NOx(GT), function=avg, window=4) };8.48115e-01;0.00000e+00;4.11086e-01;Pipeline { map_aggregate(attribute=AH, function=max, window=5) | filter(PT08.S5(O3) < 667.0000) | map_aggregate(attribute=NMHC(GT), function=max, window=7) | filter(T < 38.4000) | map_duplicate(probability=0.80) | filter(NO2(GT) < 227000000.0000) | map_duplicate(probability=0.90) | map_duplicate(probability=1.00) };7.92120e-01;1.00000e+00;1.00000e+00;Pipeline { map_aggregate(attribute=NMHC(GT), function=avg, window=5) | map_aggregate(attribute=NOx(GT), function=avg, window=4) };7.92120e-01;1.00000e+00;1.00000e+00;Pipeline { map_aggregate(attribute=NMHC(GT), function=avg, window=5) | map_aggregate(attribute=NOx(GT), function=avg, window=4) }
datasets/airQuality_parallel.csv;nsga2;3;28;2800;2800;2.29095e+02;100;14;62;1.00000e+00;1.00000e+00;5.00000e-01;8.78577e-01;0.00000e+00;4.15531e-01;Pipeline { map_aggregate(attribute=AH, function=max, window=5) | filter(PT08.S5(O3) < 677.0000) | map_aggregate(attribute=PT08.S5(O3), function=max, window=6) | filter(T < 3840000.0000) | map_duplicate(probability=0.80) | filter(CO(GT) < 227000000.0000) | map_duplicate(probability=0.90) | map_duplicate(probability=0.90) };7.92120e-01;1.00000e+00;1.00000e+00;Pipeline { map_aggregate(attribute=RH, function=max, window=3) | map_aggregate(attribute=NOx(GT), function=avg, window=4) };7.92120e-01;1.00000e+00;1.00000e+00;Pipeline { map_aggregate(attribute=RH, function=max, window=3) | map_aggregate(attribute=NOx(GT), function=avg, window=4) };8.20279e-01;6.77966e-02;6.62049e-01;Pipeline { map_noise(attribute=CO(GT), percentage=0.10) | map_aggregate(attribute=CO(GT), function=avg, window=7) };7.92120e-01;1.00000e+00;1.00000e+00;Pipeline { map_aggregate(attribute=PT08.S4(NO2), function=min, window=10) | map_aggregate(attribute=NOx(GT), function=avg, window=4) };7.92120e-01;1.00000e+00;1.00000e+00;Pipeline { map_aggregate(attribute=PT08.S4(NO2), function=min, window=10) | map_aggregate(attribute=NOx(GT), function=avg, window=4) }
datasets/airQuality_parallel.csv;nsga2;3;29;2900;2900;2.36393e+02;100;17;55;1.00000e+00;1.00000e+00;5.70000e-01;8.78577e-01;0.00000e+00;4.15531e-01;Pipeline { map_aggregate(attribute=AH, function=max, window=5) | filter(PT08.S5(O3) < 677.0000) | map_aggregate(attribute=PT08.S5(O3), function=max, window=6) | filter(T < 3840000.0000) | map_duplicate(probability=0.80) | filter(CO(GT) < 227000000.0000) | map_duplicate(probability=0.90) | map_duplicate(probability=0.90) };7.92120e-01;1.00000e+00;1.00000e+00;Pipeline { map_aggregate(attribute=AH, function=avg, window=3) | map_aggregate(attribute=NOx(GT), function=avg, window=4) };7.92120e-01;1.00000e+00;1.00000e+00;Pipeline { map_aggregate(attribute=AH, function=avg, window=3) | map_aggregate(attribute=NOx(GT), function=avg, window=4) };8.34427e-01;0.00000e+00;4.16169e-01;Pipeline { map_aggregate(attribute=AH, function=max, window=5) | filter(PT08.S5(O3) < 671.0000) | map_aggregate(attribute=PT08.S5(O3), function=max, window=6) | filter(T < 38.4000) | map_duplicate(probability=0.80) | filter(CO(GT) < 227000000.0000) | map_duplicate(probability=0.90) | map_duplicate(probability=0.90) };7.92120e-01;1.00000e+00;1.00000e+00;Pipeline { map_noise(attribute=PT08.S2(NMHC), percentage=0.10) | map_aggregate(attribute=NOx(GT), function=avg, window=4) };7.92120e-01;1.00000e+00;1.00000e+00;Pipeline { map_noise(attribute=PT08.S2(NMHC), percentage=0.10) | map_aggregate(attribute=NOx(GT), function=avg, window=4) }
datasets/airQuality_parallel.csv;nsga2;3;30;3000;3000;2.42866e+02;100;18;50;1.00000e+00;1.00000e+00;6.20000e-01;8.78577e-01;0.00000e+00;4.15531e-01;Pipeline { map_aggregate(attribute=AH, function=max, window=5) | filter(PT08.S5(O3) < 677.0000) | map_aggregate(attribute=PT08.S5(O3), function=max, window=6) | filter(T < 3840000.0000) | map_duplicate(probability=0.80) | filter(CO(GT) < 227000000.0000) | map_duplicate(probability=0.90) | map_duplicate(probability=0.90) };7.92120e-01;1.00000e+00;1.00000e+00;Pipeline { map_aggregate(attribute=T, function=avg, window=9) | map_aggregate(attribute=NOx(GT), function=avg, window=4) };7.92120e-01;1.00000e+00;1.00000e+00;Pipeline { map_aggregate(attribute=T, function=avg, window=9) | map_aggregate(attribute=NOx(GT), function=avg, window=4) };8.57163e-01;0.00000e+00;4.15305e-01;Pipeline { map_aggregate(attribute=AH, function=max, window=8) | filter(PT08.S5(O3) < 677.0000) | map_aggregate(attribute=PT08.S5(O3), function=max, window=6) | filter(T < 38.5000) | map_duplicate(probability=0.80) | filter(CO(GT) < 227000000.0000) | map_duplicate(probability=0.90) | map_duplicate(probability=1.00) };7.92120e-01;1.00000e+00;1.00000e+00;Pipeline { map_aggregate(attribute=PT08.S2(NMHC), function=min, window=3) | map_aggregate(attribute=NOx(GT), function=avg, window=4) };7.92120e-01;1.00000e+00;1.00000e+00;Pipeline { map_aggregate(attribute=PT08.S2(NMHC), function=min, window=3) | map_aggregate(attribute=NOx(GT), function=avg, window=4) }
datasets/airQuality_parallel.csv;nsga2;3;31;3100;3100;2.52178e+02;100;20;50;1.00000e+00;1.00000e+00;6.70000e-01;8.78577e-01;0.00000e+00;4.15531e-01;Pipeline { map_aggregate(attribute=AH, function=max, window=5) | filter(PT08.S5(O3) < 677.0000) | map_aggregate(attribute=PT08.S5(O3), function=max, window=6) | filter(T < 3840000.0000) | map_duplicate(probability=0.80) | filter(CO(GT) < 227000000.0000) | map_duplicate(probability=0.90) | map_duplicate(probability=0.90) };7.92120e-01;1.00000e+00;1.00000e+00;Pipeline { map_aggregate(attribute=AH, function=avg, window=6) | map_aggregate(attribute=NOx(GT), function=avg, window=4) };7.92120e-01;1.00000e+00;1.00000e+00;Pipeline { map_aggregate(attribute=AH, function=avg, window=6) | map_aggregate(attribute=NOx(GT), function=avg, window=4) };8.57163e-01;0.00000e+00;4.15305e-01;Pipeline { map_aggregate(attribute=AH, function=max, window=8) | filter(PT08.S5(O3) < 677.0000) | map_aggregate(attribute=PT08.S5(O3), function=max, window=6) | filter(T < 38.5000) | map_duplicate(probability=0.80) | filter(CO(GT) < 227000000.0000) | map_duplicate(probability=0.90) | map_duplicate(probability=1.00) };7.92120e-01;1.00000e+00;1.00000e+00;Pipeline { map_aggregate(attribute=AH, function=max, window=6) | map_aggregate(attribute=NOx(GT), function=avg, window=4) };7.92120e-01;1.00000e+00;1.00000e+00;Pipeline { map_aggregate(attribute=AH, function=max, window=6) | map_aggregate(attribute=NOx(GT), function=avg, window=4) }
datasets/airQuality_parallel.csv;nsga2;3;32;3200;3200;2.61262e+02;100;21;48;1.00000e+00;1.00000e+00;6.50000e-01;8.78577e-01;0.00000e+00;4.15531e-01;Pipeline { map_aggregate(attribute=AH, function=max, window=5) | filter(PT08.S5(O3) < 677.0000) | map_aggregate(attribute=PT08.S5(O3), function=max, window=6) | filter(T < 3840000.0000) | map_duplicate(probability=0.80) | filter(CO(GT) < 227000000.0000) | map_duplicate(probability=0.90) | map_duplicate(probability=0.90) };7.92120e-01;1.00000e+00;1.00000e+00;Pipeline { map_noise(attribute=NMHC(GT), percentage=0.05) | map_aggregate(attribute=NOx(GT), function=avg, window=4) };7.92120e-01;1.00000e+00;1.00000e+00;Pipeline { map_noise(attribute=NMHC(GT), percentage=0.05) | map_aggregate(attribute=NOx(GT), function=avg, window=4) };8.43163e-01;0.00000e+00;4.16543e-01;Pipeline { map_aggregate(attribute=AH, function=max, window=5) | filter(PT08.S5(O3) < 677.0000) | map_aggregate(attribute=PT08.S5(O3), function=max, window=6) | filter(T < 38.4000) | map_duplicate(probability=0.80) | filter(CO(GT) < 227000000.0000) | map_duplicate(probability=0.90) | map_duplicate(probability=0.90) };7.92120e-01;1.00000e+00;1.00000e+00;Pipeline { map_noise(attribute=T, percentage=0.01) | map_aggregate(attribute=NOx(GT), function=avg, window=4) };7.92120e-01;1.00000e+00;1.00000e+00;Pipeline { map_noise(attribute=T, percentage=0.01) | map_aggregate(attribute=NOx(GT), function=avg, window=4) }
datasets/airQuality_parallel.csv;nsga2;3;33;3300;3300;2.69502e+02;100;22;38;1.00000e+00;1.00000e+00;7.60000e-01;8.78577e-01;0.00000e+00;4.15531e-01;Pipeline { map_aggregate(attribute=AH, function=max, window=5) | filter(PT08.S5(O3) < 677.0000) | map_aggregate(attribute=PT08.S5(O3), function=max, window=6) | filter(T < 3840000.0000) | map_duplicate(probability=0.80) | filter(CO(GT) < 227000000.0000) | map_duplicate(probability=0.90) | map_duplicate(probability=0.90) };7.92120e-01;1.00000e+00;1.00000e+00;Pipeline { map_noise(attribute=PT08.S5(O3), percentage=0.25) | map_aggregate(attribute=NOx(GT), function=avg, window=4) };7.92120e-01;1.00000e+00;1.00000e+00;Pipeline { map_noise(attribute=PT08.S5(O3), percentage=0.25) | map_aggregate(attribute=NOx(GT), function=avg, window=4) };8.57223e-01;0.00000e+00;4.16365e-01;Pipeline { map_aggregate(attribute=AH, function=max, window=5) | filter(PT08.S5(O3) < 677.0000) | map_aggregate(attribute=PT08.S2(NMHC), function=max, window=6) | filter(T < 3840000.0000) | map_duplicate(probability=0.80) | filter(CO(GT) < 2270000000.0000) | map_duplicate(probability=0.90) | map_duplicate(probability=0.90) };7.96459e-01;9.98249e-01;9.98851e-01;Pipeline { map_noise(attribute=NO2(GT), percentage=0.05) | map_aggregate(attribute=NOx(GT), function=avg, window=4) };7.96459e-01;9.98249e-01;9.98851e-01;Pipeline { map_noise(attribute=NO2(GT), percentage=0.05) | map_aggregate(attribute=NOx(GT), function=avg, window=4) }
datasets/airQuality_parallel.csv;nsga2;3;34;3400;3400;2.75827e+02;100;24;32;1.00000e+00;1.00000e+00;7.90000e-01;8.78577e-01;0.00000e+00;4.15531e-01;Pipeline { map_aggregate(attribute=AH, function=max, window=5) | filter(PT08.S5(O3) < 677.0000) | map_aggregate(attribute=PT08.S5(O3), function=max, window=6) | filter(T < 3840000.0000) | map_duplicate(probability=0.80) | filter(CO(GT) < 227000000.0000) | map_duplicate(probability=0.90) | map_duplicate(probability=0.90) };7.92120e-01;1.00000e+00;1.00000e+00;Pipeline { map_noise(attribute=NMHC(GT), percentage=0.10) | map_aggregate(attribute=NOx(GT), function=avg, window=4) };7.92120e-01;1.00000e+00;1.00000e+00;Pipeline { map_noise(attribute=NMHC(GT), percentage=0.10) | map_aggregate(attribute=NOx(GT), function=avg, window=4) };8.56973e-01;0.00000e+00;4.15758e-01;Pipeline { map_aggregate(attribute=T, function=min, window=5) | filter(PT08.S5(O3) < 677.0000) | map_aggregate(attribute=PT08.S5(O3), function=avg, window=6) | filter(T < 3840000.0000) | map_duplicate(probability=0.80) | filter(CO(GT) < 227000000.0000) | map_duplicate(probability=0.90) | map_duplicate(probability=0.90) };8.04444e-01;5.75972e-01;9.33242e-01;Pipeline { map_aggregate(attribute=NO2(GT), function=avg, window=4) | map_aggregate(attribute=NOx(GT), function=avg, window=8) };8.04444e-01;5.75972e-01;9.33242e-01;Pipeline { map_aggregate(attribute=NO2(GT), function=avg, window=4) | map_aggregate(attribute=NOx(GT), function=avg, window=8) }
datasets/airQuality_parallel.csv;nsga2;3;35;3500;3500;2.84422e+02;100;23;39;1.00000e+00;1.00000e+00;7.80000e-01;8.78577e-01;0.00000e+00;4.15531e-01;Pipeline { map_aggregate(attribute=AH, function=max, window=5) | filter(PT08.S5(O3) < 677.0000) | map_aggregate(attribute=PT08.S5(O3), function=max, window=6) | filter(T < 3840000.0000) | map_duplicate(probability=0.80) | filter(CO(GT) < 227000000.0000) | map_duplicate(probability=0.90) | map_duplicate(probability=0.90) };7.92120e-01;1.00000e+00;1.00000e+00;Pipeline { map_noise(attribute=PT08.S3(NOx), percentage=0.05) | map_aggregate(attribute=NOx(GT), function=avg, window=4) };7.92120e-01;1.00000e+00;1.00000e+00;Pipeline { map_noise(attribute=PT08.S3(NOx), percentage=0.05) | map_aggregate(attribute=NOx(GT), function=avg, window=4) };8.58543e-01;0.00000e+00;4.16535e-01;Pipeline { map_aggregate(attribute=T, function=min, window=5) | filter(PT08.S5(O3) < 677.0000) | map_aggregate(attribute=PT08.S5(O3), function=max, window=6) | filter(T < 3840000.0000) | map_duplicate(probability=0.80) | filter(CO(GT) < 227000000.0000) | map_duplicate(probability=0.90) | map_duplicate(probability=0.90) };8.07929e-01;6.38298e-01;9.52227e-01;Pipeline { map_aggregate(attribute=NO2(GT), function=avg, window=3) | map_aggregate(attribute=NOx(GT), function=avg, window=9) };8.07929e-01;6.38298e-01;9.52227e-01;Pipeline { map_aggregate(attribute=NO2(GT), function=avg, window=3) | map_aggregate(attribute=NOx(GT), function=avg, window=9) }
datasets/airQuality_parallel.csv;nsga2;3;36;3600;3600;2.94327e+02;100;23;37;1.00000e+00;1.00000e+00;8.10000e-01;8.78577e-01;0.00000e+00;4.15531e-01;Pipeline { map_aggregate(attribute=AH, function=max, window=5) | filter(PT08.S5(O3) < 677.0000) | map_aggregate(attribute=PT08.S5(O3), function=max, window=6) | filter(T < 3840000.0000) | map_duplicate(probability=0.80) | filter(CO(GT) < 227000000.0000) | map_duplicate(probability=0.90) | map_duplicate(probability=0.90) };7.92120e-01;1.00000e+00;1.00000e+00;Pipeline { map_noise(attribute=PT08.S4(NO2), percentage=0.01) | map_aggregate(attribute=NOx(GT), function=avg, window=4) };7.92120e-01;1.00000e+00;1.00000e+00;Pipeline { map_noise(attribute=PT08.S4(NO2), percentage=0.01) | map_aggregate(attribute=NOx(GT), function=avg, window=4) };8.58543e-01;0.00000e+00;4.16535e-01;Pipeline { map_aggregate(attribute=T, function=min, window=5) | filter(PT08.S5(O3) < 677.0000) | map_aggregate(attribute=PT08.S5(O3), function=max, window=6) | filter(T < 3840000.0000) | map_duplicate(probability=0.80) | filter(CO(GT) < 227000000.0000) | map_duplicate(probability=0.90) | map_duplicate(probability=0.90) };8.05416e-01;6.38298e-01;9.52227e-01;Pipeline { map_aggregate(attribute=NO2(GT), function=avg, window=3) | map_aggregate(attribute=NOx(GT), function=avg, window=8) };8.05416e-01;6.38298e-01;9.52227e-01;Pipeline { map_aggregate(attribute=NO2(GT), function=avg, window=3) | map_aggregate(attribute=NOx(GT), function=avg, window=8) }
datasets/airQuality_parallel.csv;nsga2;3;37;3700;3700;3.02231e+02;100;24;31;1.00000e+00;1.00000e+00;8.70000e-01;8.78577e-01;0.00000e+00;4.15531e-01;Pipeline { map_aggregate(attribute=AH, function=max, window=5) | filter(PT08.S5(O3) < 677.0000) | map_aggregate(attribute=PT08.S5(O3), function=max, window=6) | filter(T < 3840000.0000) | map_duplicate(probability=0.80) | filter(CO(GT) < 227000000.0000) | map_duplicate(probability=0.90) | map_duplicate(probability=0.90) };7.92120e-01;1.00000e+00;1.00000e+00;Pipeline { map_noise(attribute=C6H6(GT), percentage=0.01) | map_aggregate(attribute=NOx(GT), function=avg, window=4) };7.92120e-01;1.00000e+00;1.00000e+00;Pipeline { map_noise(attribute=C6H6(GT), percentage=0.01) | map_aggregate(attribute=NOx(GT), function=avg, window=4) };8.63359e-01;0.00000e+00;4.16227e-01;Pipeline { map_aggregate(attribute=AH, function=max, window=5) | filter(PT08.S5(O3) < 677.0000) | map_aggregate(attribute=PT08.S5(O3), function=max, window=6) | filter(T < 3840000.0000) | map_duplicate(probability=0.80) | filter(CO(GT) < 2270000000.0000) | map_duplicate(probability=0.90) | map_duplicate(probability=0.90) };8.06780e-01;4.83126e-01;9.18060e-01;Pipeline { map_aggregate(attribute=NO2(GT), function=avg, window=9) | map_aggregate(attribute=NOx(GT), function=avg, window=9) };8.10647e-01;4.83126e-01;9.18060e-01;Pipeline { map_aggregate(attribute=NO2(GT), function=avg, window=9) | map_aggregate(attribute=NOx(GT), function=avg, window=10) }
datasets/airQuality_parallel.csv;nsga2;3;38;3800;3800;3.12142e+02;100;24;32;1.00000e+00;1.00000e+00;9.00000e-01;8.78577e-01;0.00000e+00;4.15531e-01;Pipeline { map_aggregate(attribute=AH, function=max, window=5) | filter(PT08.S5(O3) < 677.0000) | map_aggregate(attribute=PT08.S5(O3), function=max, window=6) | filter(T < 3840000.0000) | map_duplicate(probability=0.80) | filter(CO(GT) < 227000000.0000) | map_duplicate(probability=0.90) | map_duplicate(probability=0.90) };7.92120e-01;1.00000e+00;1.00000e+00;Pipeline { map_noise(attribute=PT08.S3(NOx), percentage=0.05) | map_aggregate(attribute=NOx(GT), function=avg, window=4) };7.92120e-01;1.00000e+00;1.00000e+00;Pipeline { map_noise(attribute=PT08.S3(NOx), percentage=0.05) | map_aggregate(attribute=NOx(GT), function=avg, window=4) };8.63735e-01;0.00000e+00;4.16408e-01;Pipeline { map_aggregate(attribute=AH, function=max, window=5) | filter(PT08.S5(O3) < 677.0000) | map_aggregate(attribute=PT08.S5(O3), function=max, window=6) | filter(T < 38400000.0000) | map_duplicate(probability=0.80) | filter(CO(GT) < 227000000.0000) | map_duplicate(probability=0.90) | map_duplicate(probability=0.90) };8.06619e-01;3.00952e-01;8.97267e-01;Pipeline { map_aggregate(attribute=NO2(GT), function=min, window=3) | map_aggregate(attribute=NOx(GT), function=avg, window=4) };8.06619e-01;3.00952e-01;8.97267e-01;Pipeline { map_aggregate(attribute=NO2(GT), function=min, window=3) | map_aggregate(attribute=NOx(GT), function=avg, window=4) }
datasets/airQuality_parallel.csv;nsga2;3;39;3900;3900;3.21596e+02;100;18;31;1.00000e+00;1.00000e+00;9.50000e-01;8.78577e-01;0.00000e+00;4.15531e-01;Pipeline { map_aggregate(attribute=AH, function=max, window=5) | filter(PT08.S5(O3) < 677.0000) | map_aggregate(attribute=PT08.S5(O3), function=max, window=6) | filter(T < 3840000.0000) | map_duplicate(probability=0.80) | filter(CO(GT) < 227000000.0000) | map_duplicate(probability=0.90) | map_duplicate(probability=0.90) };7.92120e-01;1.00000e+00;1.00000e+00;Pipeline { map_aggregate(attribute=RH, function=avg, window=6) | map_aggregate(attribute=NOx(GT), function=avg, window=4) };7.92120e-01;1.00000e+00;1.00000e+00;Pipeline { map_aggregate(attribute=RH, function=avg, window=6) | map_aggregate(attribute=NOx(GT), function=avg, window=4) };8.67108e-01;0.00000e+00;4.15822e-01;Pipeline { map_aggregate(attribute=AH, function=max, window=5) | filter(PT08.S5(O3) < 677.0000) | map_aggregate(attribute=NMHC(GT), function=max, window=6) | filter(CO(GT) > 0.0000) | map_duplicate(probability=0.80) | filter(CO(GT) < 227000000.0000) | map_duplicate(probability=0.90) | map_duplicate(probability=0.90) };8.12515e-01;2.12871e-01;6.80643e-01;Pipeline { map_aggregate(attribute=CO(GT), function=avg, window=4) | map_aggregate(attribute=NOx(GT), function=min, window=3) };8.12515e-01;2.12871e-01;6.80643e-01;Pipeline { map_aggregate(attribute=CO(GT), function=avg, window=4) | map_aggregate(attribute=NOx(GT), function=min, window=3) }
datasets/airQuality_parallel.csv;nsga2;3;40;4000;4000;3.29408e+02;100;18;29;1.00000e+00;1.00000e+00;9.70000e-01;8.78577e-01;0.00000e+00;4.15531e-01;Pipeline { map_aggregate(attribute=AH, function=max, window=5) | filter(PT08.S5(O3) < 677.0000) | map_aggregate(attribute=PT08.S5(O3), function=max, window=6) | filter(T < 3840000.0000) | map_duplicate(probability=0.80) | filter(CO(GT) < 227000000.0000) | map_duplicate(probability=0.90) | map_duplicate(probability=0.90) };7.92120e-01;1.00000e+00;1.00000e+00;Pipeline { map_noise(attribute=PT08.S5(O3), percentage=0.05) | map_aggregate(attribute=NOx(GT), function=avg, window=4) };7.92120e-01;1.00000e+00;1.00000e+00;Pipeline { map_noise(attribute=PT08.S5(O3), percentage=0.05) | map_aggregate(attribute=NOx(GT), function=avg, window=4) };8.67108e-01;0.00000e+00;4.15822e-01;Pipeline { map_aggregate(attribute=AH, function=max, window=5) | filter(PT08.S5(O3) < 677.0000) | map_aggregate(attribute=NMHC(GT), function=max, window=6) | filter(CO(GT) > 0.0000) | map_duplicate(probability=0.80) | filter(CO(GT) < 227000000.0000) | map_duplicate(probability=0.90) | map_duplicate(probability=0.90) };8.14114e-01;2.12871e-01;6.80643e-01;Pipeline { map_aggregate(attribute=CO(GT), function=avg, window=4) | map_aggregate(attribute=NOx(GT), function=avg, window=10) };8.14114e-01;2.12871e-01;6.80643e-01;Pipeline { map_aggregate(attribute=CO(GT), function=avg, window=4) | map_aggregate(attribute=NOx(GT), function=avg, window=10) }
datasets/airQuality_parallel.csv;nsga2;3;41;4100;4100;3.39154e+02;100;19;30;1.00000e+00;1.00000e+00;9.70000e-01;8.78577e-01;0.00000e+00;4.15531e-01;Pipeline { map_aggregate(attribute=AH, function=max, window=5) | filter(PT08.S5(O3) < 677.0000) | map_aggregate(attribute=PT08.S5(O3), function=max, window=6) | filter(T < 3840000.0000) | map_duplicate(probability=0.80) | filter(CO(GT) < 227000000.0000) | map_duplicate(probability=0.90) | map_duplicate(probability=0.90) };7.92120e-01;1.00000e+00;1.00000e+00;Pipeline { map_noise(attribute=PT08.S4(NO2), percentage=0.05) | map_aggregate(attribute=NOx(GT), function=avg, window=4) };7.92120e-01;1.00000e+00;1.00000e+00;Pipeline { map_noise(attribute=PT08.S4(NO2), percentage=0.05) | map_aggregate(attribute=NOx(GT), function=avg, window=4) };8.67586e-01;0.00000e+00;4.15800e-01;Pipeline { map_aggregate(attribute=AH, function=max, window=5) | filter(PT08.S5(O3) < 677.0000) | map_aggregate(attribute=PT08.S5(O3), function=max, window=6) | filter(AH > 0.0000) | map_duplicate(probability=0.80) | filter(CO(GT) < 1100000.0000) | map_duplicate(probability=0.90) | map_duplicate(probability=0.90) };8.14114e-01;2.12871e-01;6.80643e-01;Pipeline { map_aggregate(attribute=CO(GT), function=avg, window=4) | map_aggregate(attribute=NOx(GT), function=avg, window=10) };8.14114e-01;2.12871e-01;6.80643e-01;Pipeline { map_aggregate(attribute=CO(GT), function=avg, window=4) | map_aggregate(attribute=NOx(GT), function=avg, window=10) }
datasets/airQuality_parallel.csv;nsga2;3;42;4200;4200;3.49866e+02;100;19;29;1.00000e+00;1.00000e+00;9.60000e-01;8.81074e-01;0.00000e+00;4.15646e-01;Pipeline { map_aggregate(attribute=NMHC(GT), function=avg, window=10) | filter(PT08.S5(O3) < 677.0000) | map_aggregate(attribute=NO2(GT), function=max, window=5) | filter(T < 38.4000) | map_duplicate(probability=0.80) | filter(CO(GT) < 227000000.0000) | map_duplicate(probability=0.90) | map_duplicate(probability=1.00) };7.92120e-01;1.00000e+00;1.00000e+00;Pipeline { map_noise(attribute=PT08.S5(O3), percentage=0.05) | map_aggregate(attribute=NOx(GT), function=avg, window=4) };7.92120e-01;1.00000e+00;1.00000e+00;Pipeline { map_noise(attribute=PT08.S5(O3), percentage=0.05) | map_aggregate(attribute=NOx(GT), function=avg, window=4) };8.66621e-01;0.00000e+00;4.16151e-01;Pipeline { map_aggregate(attribute=T, function=min, window=5) | filter(PT08.S5(O3) < 677.0000) | map_aggregate(attribute=PT08.S5(O3), function=max, window=6) | filter(T < 3810000.0000) | map_duplicate(probability=0.80) | filter(CO(GT) < 227000000.0000) | map_duplicate(probability=0.90) | map_duplicate(probability=0.90) };8.11271e-01;3.00952e-01;8.97267e-01;Pipeline { map_aggregate(attribute=NO2(GT), function=min, window=3) | map_aggregate(attribute=NOx(GT), function=avg, window=8) };8.11271e-01;3.00952e-01;8.97267e-01;Pipeline { map_aggregate(attribute=NO2(GT), function=min, window=3) | map_aggregate(attribute=NOx(GT), function=avg, window=8) }
datasets/airQuality_parallel.csv;nsga2;3;43;4300;4300;3.59091e+02;100;20;27;1.00000e+00;1.00000e+00;9.60000e-01;8.81074e-01;0.00000e+00;4.15646e-01;Pipeline { map_aggregate(attribute=NMHC(GT), function=avg, window=10) | filter(PT08.S5(O3) < 677.0000) | map_aggregate(attribute=NO2(GT), function=max, window=5) | filter(T < 38.4000) | map_duplicate(probability=0.80) | filter(CO(GT) < 227000000.0000) | map_duplicate(probability=0.90) | map_duplicate(probability=1.00) };7.92120e-01;1.00000e+00;1.00000e+00;Pipeline { map_noise(attribute=T, percentage=0.05) | map_aggregate(attribute=NOx(GT), function=avg, window=4) };7.92120e-01;1.00000e+00;1.00000e+00;Pipeline { map_noise(attribute=T, percentage=0.05) | map_aggregate(attribute=NOx(GT), function=avg, window=4) };8.66621e-01;0.00000e+00;4.16151e-01;Pipeline { map_aggregate(attribute=T, function=min, window=5) | filter(PT08.S5(O3) < 677.0000) | map_aggregate(attribute=PT08.S5(O3), function=max, window=6) | filter(T < 3810000.0000) | map_duplicate(probability=0.80) | filter(CO(GT) < 227000000.0000) | map_duplicate(probability=0.90) | map_duplicate(probability=0.90) };8.18335e-01;4.71631e-01;9.32372e-01;Pipeline { map_aggregate(attribute=NO2(GT), function=avg, window=6) | map_aggregate(attribute=NOx(GT), function=min, window=8) };8.04247e-01;8.76950e-01;9.08994e-01;Pipeline { map_noise(attribute=CO(GT), percentage=0.10) | map_aggregate(attribute=NOx(GT), function=avg, window=4) }
datasets/airQuality_parallel.csv;nsga2;3;44;4400;4400;3.68811e+02;100;19;27;1.00000e+00;1.00000e+00;9.90000e-01;8.81074e-01;0.00000e+00;4.15646e-01;Pipeline { map_aggregate(attribute=NMHC(GT), function=avg, window=10) | filter(PT08.S5(O3) < 677.0000) | map_aggregate(attribute=NO2(GT), function=max, window=5) | filter(T < 38.4000) | map_duplicate(probability=0.80) | filter(CO(GT) < 227000000.0000) | map_duplicate(probability=0.90) | map_duplicate(probability=1.00) };7.92120e-01;1.00000e+00;1.00000e+00;Pipeline { map_noise(attribute=T, percentage=0.05) | map_aggregate(attribute=NOx(GT), function=avg, window=4) };7.92120e-01;1.00000e+00;1.00000e+00;Pipeline { map_noise(attribute=T, percentage=0.05) | map_aggregate(attribute=NOx(GT), function=avg, window=4) };8.69399e-01;0.00000e+00;4.15858e-01;Pipeline { map_aggregate(attribute=AH, function=max, window=5) | filter(PT08.S5(O3) < 677.0000) | map_aggregate(attribute=PT08.S5(O3), function=avg, window=6) | filter(T < 3840000.0000) | map_duplicate(probability=0.80) | filter(CO(GT) < 2270000000.0000) | map_duplicate(probability=0.90) | map_duplicate(probability=0.90) };8.11271e-01;3.00952e-01;8.97267e-01;Pipeline { map_aggregate(attribute=NO2(GT), function=min, window=3) | map_aggregate(attribute=NOx(GT), function=avg, window=8) };8.11271e-01;3.00952e-01;8.97267e-01;Pipeline { map_aggregate(attribute=NO2(GT), function=min, window=3) | map_aggregate(attribute=NOx(GT), function=avg, window=8) }
datasets/airQuality_parallel.csv;nsga2;3;45;4500;4500;3.78581e+02;100;20;24;1.00000e+00;1.00000e+00;9.90000e-01;8.81074e-01;0.00000e+00;4.15646e-01;Pipeline { map_aggregate(attribute=NMHC(GT), function=avg, window=10) | filter(PT08.S5(O3) < 677.0000) | map_aggregate(attribute=NO2(GT), function=max, window=5) | filter(T < 38.4000) | map_duplicate(probability=0.80) | filter(CO(GT) < 227000000.0000) | map_duplicate(probability=0.90) | map_duplicate(probability=1.00) };7.92120e-01;1.00000e+00;1.00000e+00;Pipeline { map_noise(attribute=T, percentage=0.05) | map_aggregate(attribute=NOx(GT), function=avg, window=4) };7.92120e-01;1.00000e+00;1.00000e+00;Pipeline { map_noise(attribute=T, percentage=0.05) | map_aggregate(attribute=NOx(GT), function=avg, window=4) };8.70142e-01;0.00000e+00;4.16126e-01;Pipeline { map_aggregate(attribute=AH, function=max, window=4) | filter(PT08.S5(O3) < 677.0000) | map_aggregate(attribute=NOx(GT), function=max, window=4) | filter(T < 3800000.0000) | map_duplicate(probability=0.80) | filter(CO(GT) < 2270000000.0000) | map_duplicate(probability=0.90) | map_duplicate(probability=0.90) };8.05783e-01;4.68085e-01;9.30443e-01;Pipeline { map_aggregate(attribute=NO2(GT), function=avg, window=7) | map_aggregate(attribute=NOx(GT), function=avg, window=10) };8.04247e-01;8.76950e-01;9.08994e-01;Pipeline { map_noise(attribute=CO(GT), percentage=0.10) | map_aggregate(attribute=NOx(GT), function=avg, window=4) }
datasets/airQuality_parallel.csv;nsga2;3;46;4600;4600;3.88091e+02;100;19;27;1.00000e+00;1.00000e+00;9.70000e-01;8.81074e-01;0.00000e+00;4.15646e-01;Pipeline { map_aggregate(attribute=NMHC(GT), function=avg, window=10) | filter(PT08.S5(O3) < 677.0000) | map_aggregate(attribute=NO2(GT), function=max, window=5) | filter(T < 38.4000) | map_duplicate(probability=0.80) | filter(CO(GT) < 227000000.0000) | map_duplicate(probability=0.90) | map_duplicate(probability=1.00) };7.92120e-01;1.00000e+00;1.00000e+00;Pipeline { map_noise(attribute=AH, percentage=0.10) | map_aggregate(attribute=NOx(GT), function=avg, window=4) };7.92120e-01;1.00000e+00;1.00000e+00;Pipeline { map_noise(attribute=AH, percentage=0.10) | map_aggregate(attribute=NOx(GT), function=avg, window=4) };8.70208e-01;0.00000e+00;4.15796e-01;Pipeline { map_aggregate(attribute=AH, function=max, window=8) | filter(PT08.S5(O3) < 677.0000) | map_aggregate(attribute=NMHC(GT), function=max, window=7) | filter(T < 38.4000) | map_duplicate(probability=0.80) | filter(CO(GT) < 267000000.0000) | map_duplicate(probability=0.90) | map_duplicate(probability=1.00) };8.14137e-01;4.71631e-01;9.32372e-01;Pipeline { map_aggregate(attribute=NO2(GT), function=avg, window=6) | map_aggregate(attribute=NOx(GT), function=min, window=3) };8.06780e-01;4.83126e-01;9.18060e-01;Pipeline { map_aggregate(attribute=NO2(GT), function=avg, window=9) | map_aggregate(attribute=NOx(GT), function=avg, window=9) }
datasets/airQuality_parallel.csv;nsga2;3;47;4700;4700;3.96308e+02;100;21;22;1.00000e+00;1.00000e+00;9.90000e-01;8.82575e-01;0.00000e+00;4.15579e-01;Pipeline { map_aggregate(attribute=NMHC(GT), function=avg, window=10) | filter(PT08.S5(O3) < 677.0000) | map_aggregate(attribute=NO2(GT), function=max, window=6) | filter(T < 38.4000) | map_duplicate(probability=0.80) | filter(CO(GT) < 227000000.0000) | map_duplicate(probability=0.90) | map_duplicate(probability=1.00) };7.92120e-01;1.00000e+00;1.00000e+00;Pipeline { map_noise(attribute=AH, percentage=0.10) | map_aggregate(attribute=NOx(GT), function=avg, window=4) };7.92120e-01;1.00000e+00;1.00000e+00;Pipeline { map_noise(attribute=AH, percentage=0.10) | map_aggregate(attribute=NOx(GT), function=avg, window=4) };8.70968e-01;0.00000e+00;4.16106e-01;Pipeline { map_aggregate(attribute=AH, function=max, window=5) | filter(PT08.S5(O3) < 677.0000) | map_aggregate(attribute=PT08.S5(O3), function=max, window=6) | filter(T < 38.4000) | map_duplicate(probability=0.80) | filter(CO(GT) < 227000000.0000) | map_duplicate(probability=0.90) | map_duplicate(probability=1.00) };8.15373e-01;4.71631e-01;9.32372e-01;Pipeline { map_aggregate(attribute=NO2(GT), function=avg, window=6) | map_aggregate(attribute=NOx(GT), function=min, window=5) };8.10647e-01;4.83126e-01;9.18060e-01;Pipeline { map_aggregate(attribute=NO2(GT), function=avg, window=9) | map_aggregate(attribute=NOx(GT), function=avg, window=10) }
datasets/airQuality_parallel.csv;nsga2;3;48;4800;4800;4.06115e+02;100;20;26;1.00000e+00;1.00000e+00;9.90000e-01;8.82575e-01;0.00000e+00;4.15579e-01;Pipeline { map_aggregate(attribute=NMHC(GT), function=avg, window=10) | filter(PT08.S5(O3) < 677.0000) | map_aggregate(attribute=NO2(GT), function=max, window=6) | filter(T < 38.4000) | map_duplicate(probability=0.80) | filter(CO(GT) < 227000000.0000) | map_duplicate(probability=0.90) | map_duplicate(probability=1.00) };7.92120e-01;1.00000e+00;1.00000e+00;Pipeline { map_noise(attribute=AH, percentage=0.10) | map_aggregate(attribute=NOx(GT), function=avg, window=4) };7.92120e-01;1.00000e+00;1.00000e+00;Pipeline { map_noise(attribute=AH, percentage=0.10) | map_aggregate(attribute=NOx(GT), function=avg, window=4) };8.70208e-01;0.00000e+00;4.15796e-01;Pipeline { map_aggregate(attribute=AH, function=max, window=8) | filter(PT08.S5(O3) < 677.0000) | map_aggregate(attribute=NMHC(GT), function=max, window=7) | filter(T < 38.4000) | map_duplicate(probability=0.80) | filter(CO(GT) < 267000000.0000) | map_duplicate(probability=0.90) | map_duplicate(probability=1.00) };8.14137e-01;4.71631e-01;9.32372e-01;Pipeline { map_aggregate(attribute=NO2(GT), function=avg, window=6) | map_aggregate(attribute=NOx(GT), function=min, window=3) };8.06780e-01;4.83126e-01;9.18060e-01;Pipeline { map_aggregate(attribute=NO2(GT), function=avg, window=9) | map_aggregate(attribute=NOx(GT), function=avg, window=9) }
datasets/airQuality_parallel.csv;nsga2;3;49;4900;4900;4.14152e+02;100;20;28;1.00000e+00;1.00000e+00;9.90000e-01;8.82575e-01;0.00000e+00;4.15579e-01;Pipeline { map_aggregate(attribute=NMHC(GT), function=avg, window=10) | filter(PT08.S5(O3) < 677.0000) | map_aggregate(attribute=NO2(GT), function=max, window=6) | filter(T < 38.4000) | map_duplicate(probability=0.80) | filter(CO(GT) < 227000000.0000) | map_duplicate(probability=0.90) | map_duplicate(probability=1.00) };7.92120e-01;1.00000e+00;1.00000e+00;Pipeline { map_noise(attribute=AH, percentage=0.10) | map_aggregate(attribute=NOx(GT), function=avg, window=4) };7.92120e-01;1.00000e+00;1.00000e+00;Pipeline { map_noise(attribute=AH, percentage=0.10) | map_aggregate(attribute=NOx(GT), function=avg, window=4) };8.70968e-01;0.00000e+00;4.16106e-01;Pipeline { map_aggregate(attribute=AH, function=max, window=5) | filter(PT08.S5(O3) < 677.0000) | map_aggregate(attribute=PT08.S5(O3), function=max, window=6) | filter(T < 38.4000) | map_duplicate(probability=0.80) | filter(CO(GT) < 227000000.0000) | map_duplicate(probability=0.90) | map_duplicate(probability=1.00) };8.14137e-01;4.71631e-01;9.32372e-01;Pipeline { map_aggregate(attribute=NO2(GT), function=avg, window=6) | map_aggregate(attribute=NOx(GT), function=min, window=3) };8.06780e-01;4.83126e-01;9.18060e-01;Pipeline { map_aggregate(attribute=NO2(GT), function=avg, window=9) | map_aggregate(attribute=NOx(GT), function=avg, window=9) }
datasets/airQuality_parallel.csv;nsga2;3;50;5000;5000;4.23031e+02;100;21;1;1.00000e+00;1.00000e+00;1.00000e+00;8.85215e-01;0.00000e+00;4.15324e-01;Pipeline { map_aggregate(attribute=NMHC(GT), function=max, window=10) | filter(PT08.S5(O3) < 677.0000) | map_aggregate(attribute=NO2(GT), function=max, window=6) | filter(T < 38.4000) | map_duplicate(probability=0.80) | filter(CO(GT) < 227000000.0000) | map_duplicate(probability=0.90) | map_duplicate(probability=1.00) };7.92120e-01;1.00000e+00;1.00000e+00;Pipeline { map_aggregate(attribute=T, function=min, window=8) | map_aggregate(attribute=NOx(GT), function=avg, window=4) };7.92120e-01;1.00000e+00;1.00000e+00;Pipeline { map_aggregate(attribute=T, function=min, window=8) | map_aggregate(attribute=NOx(GT), function=avg, window=4) };8.70968e-01;0.00000e+00;4.16106e-01;Pipeline { map_aggregate(attribute=AH, function=max, window=5) | filter(PT08.S5(O3) < 677.0000) | map_aggregate(attribute=PT08.S5(O3), function=max, window=6) | filter(T < 38.4000) | map_duplicate(probability=0.80) | filter(CO(GT) < 227000000.0000) | map_duplicate(probability=0.90) | map_duplicate(probability=1.00) };8.14137e-01;4.71631e-01;9.32372e-01;Pipeline { map_aggregate(attribute=NO2(GT), function=avg, window=6) | map_aggregate(attribute=NOx(GT), function=min, window=3) };8.22698e-01;4.82270e-01;9.23203e-01;Pipeline { map_aggregate(attribute=NO2(GT), function=avg, window=8) | map_aggregate(attribute=NOx(GT), function=min, window=4) }
datasets/airQuality_parallel.csv;nsga2;4;1;100;100;6.82700e+00;100;9;52;9.70000e-01;9.70000e-01;4.10000e-01;7.63422e-01;9.09761e-01;9.49392e-01;Pipeline { filter(T > 0.0001) | map_aggregate(attribute=PT08.S1(CO), function=avg, window=8) | map_aggregate(attribute=RH, function=max, window=9) | map_aggregate(attribute=T, function=max, window=8) | map_aggregate(attribute=RH, function=avg, window=3) | map_duplicate(probability=0.10) };6.10678e-01;1.00000e+00;9.22706e-01;Pipeline { filter(NO2(GT) > 8.4900) };7.20776e-01;1.00000e+00;1.00000e+00;Pipeline { map_aggregate(attribute=PT08.S3(NOx), function=max, window=9) };6.11232e-01;1.00000e+00;9.22858e-01;Pipeline { map_aggregate(attribute=PT08.S3(NOx), function=min, window=6) | filter(NO2(GT) > 0.0000) };7.40145e-01;9.36567e-01;9.49204e-01;Pipeline { map_noise(attribute=NOx(GT), percentage=0.10) | map_noise(attribute=RH, percentage=0.05) | filter(PT08.S3(NOx) > 0.0000) };6.74693e-01;8.88476e-01;9.15032e-01;Pipeline { map_duplicate(probability=0.20) | map_aggregate(attribute=AH, function=avg, window=3) | filter(PT08.S3(NOx) > 0.0000) }
datasets/airQuality_parallel.csv;nsga2;4;2;200;200;1.58180e+01;100;3;1;9.70000e-01;9.70000e-01;7.20000e-01;7.66495e-01;9.21642e-01;9.47943e-01;Pipeline { filter(T > 0.0001) | map_aggregate(attribute=PT08.S1(CO), function=avg, window=6) | map_aggregate(attribute=RH, function=max, window=9) | map_aggregate(attribute=T, function=max, window=8) | map_aggregate(attribute=RH, function=avg, window=3) | map_duplicate(probability=0.10) };6.10678e-01;1.00000e+00;9.22706e-01;Pipeline { filter(NO2(GT) > 8.4900) };7.20776e-01;1.00000e+00;1.00000e+00;Pipeline { map_aggregate(attribute=PT08.S3(NOx), function=max, window=9) };7.41322e-01;1.00000e+00;1.00000e+00;Pipeline { map_aggregate(attribute=RH, function=avg, window=3) };7.41322e-01;1.00000e+00;1.00000e+00;Pipeline { map_aggregate(attribute=PT08.S3(NOx), function=min, window=10) };7.41322e-01;1.00000e+00;1.00000e+00;Pipeline { map_noise(attribute=PT08.S5(O3), percentage=0.25) }
datasets/airQuality_parallel.csv;nsga2;4;3;300;300;2.36580e+01;100;9;4;9.80000e-01;9.80000e-01;3.40000e-01;8.05377e-01;6.54762e-02;6.54266e-01;Pipeline { map_aggregate(attribute=CO(GT), function=avg, window=9) };6.32992e-01;1.00000e+00;9.36156e-01;Pipeline { map_aggregate(attribute=NOx(GT), function=avg, window=8) | map_aggregate(attribute=PT08.S5(O3), function=avg, window=10) | filter(CO(GT) < 660000000.0000) };7.20776e-01;1.00000e+00;1.00000e+00;Pipeline { map_aggregate(attribute=PT08.S3(NOx), function=max, window=5) };7.41322e-01;1.00000e+00;1.00000e+00;Pipeline { map_aggregate(attribute=AH, function=avg, window=10) };7.41322e-01;1.00000e+00;1.00000e+00;Pipeline { map_aggregate(attribute=AH, function=max, window=7) };7.41322e-01;1.00000e+00;1.00000e+00;Pipeline { map_aggregate(attribute=PT08.S5(O3), function=max, window=10) }
datasets/airQuality_parallel.csv;nsga2;4;4;400;400;2.97700e+01;100;5;78;1.00000e+00;1.00000e+00;2.90000e-01;8.16446e-01;5.17241e-02;6.61158e-01;Pipeline { map_aggregate(attribute=CO(GT), function=avg, window=7) };7.41322e-01;1.00000e+00;1.00000e+00;Pipeline { map_aggregate(attribute=T, function=max, window=10) };7.41322e-01;1.00000e+00;1.00000e+00;Pipeline { map_aggregate(attribute=T, function=max, window=10) };7.46739e-01;1.00000e+00;1.00000e+00;Pipeline { map_noise(attribute=NOx(GT), percentage=0.25) };7.41322e-01;1.00000e+00;1.00000e+00;Pipeline { map_aggregate(attribute=C6H6(GT), function=min, window=5) };7.41322e-01;1.00000e+00;1.00000e+00;Pipeline { map_aggregate(attribute=C6H6(GT), function=min, window=5) }
datasets/airQuality_parallel.csv;nsga2;4;5;500;500;3.61090e+01;100;6;70;1.00000e+00;1.00000e+00;3.40000e-01;8.16446e-01;5.17241e-02;6.61158e-01;Pipeline { map_aggregate(attribute=CO(GT), function=avg, window=7) };7.41322e-01;1.00000e+00;1.00000e+00;Pipeline { map_noise(attribute=NMHC(GT), percentage=0.01) };7.41322e-01;1.00000e+00;1.00000e+00;Pipeline { map_noise(attribute=NMHC(GT), percentage=0.01) };7.59763e-01;9.36567e-01;9.49204e-01;Pipeline { map_noise(attribute=NOx(GT), percentage=0.10) | map_noise(attribute=RH, percentage=0.05) | filter(PT08.S3(NOx) > 0.0000) };7.41322e-01;1.00000e+00;1.00000e+00;Pipeline { map_aggregate(attribute=PT08.S4(NO2), function=avg, window=10) };7.41322e-01;1.00000e+00;1.00000e+00;Pipeline { map_aggregate(attribute=PT08.S4(NO2), function=avg, window=10) }
datasets/airQuality_parallel.csv;nsga2;4;6;600;600;4.51800e+01;100;6;58;1.00000e+00;1.00000e+00;4.70000e-01;8.16446e-01;5.17241e-02;6.61158e-01;Pipeline { map_aggregate(attribute=CO(GT), function=avg, window=7) };7.41322e-01;1.00000e+00;1.00000e+00;Pipeline { map_aggregate(attribute=T, function=max, window=10) };7.41322e-01;1.00000e+00;1.00000e+00;Pipeline { map_aggregate(attribute=T, function=max, window=10) };7.69502e-01;9.02394e-01;9.51029e-01;Pipeline { filter(T > 0.0001) | map_aggregate(attribute=PT08.S1(CO), function=avg, window=6) | map_aggregate(attribute=RH, function=max, window=5) | map_noise(attribute=T, percentage=0.10) | map_aggregate(attribute=RH, function=avg, window=3) | map_duplicate(probability=0.10) };7.41322e-01;1.00000e+00;1.00000e+00;Pipeline { map_aggregate(attribute=NMHC(GT), function=avg, window=4) };7.41322e-01;1.00000e+00;1.00000e+00;Pipeline { map_aggregate(attribute=NMHC(GT), function=avg, window=4) }
datasets/airQuality_parallel.csv;nsga2;4;7;700;700;5.22950e+01;100;6;48;1.00000e+00;1.00000e+00;5.70000e-01;8.16446e-01;5.17241e-02;6.61158e-01;Pipeline { map_aggregate(attribute=CO(GT), function=avg, window=7) };7.41322e-01;1.00000e+00;1.00000e+00;Pipeline { map_noise(attribute=PT08.S1(CO), percentage=0.10) };7.41322e-01;1.00000e+00;1.00000e+00;Pipeline { map_noise(attribute=PT08.S1(CO), percentage=0.10) };7.77238e-01;9.36567e-01;9.49014e-01;Pipeline { filter(T > 0.0001) | map_aggregate(attribute=PT08.S1(CO), function=avg, window=6) | map_aggregate(attribute=RH, function=max, window=9) | map_aggregate(attribute=T, function=max, window=3) | map_aggregate(attribute=RH, function=avg, window=3) | map_noise(attribute=RH, percentage=0.01) };7.41322e-01;1.00000e+00;1.00000e+00;Pipeline { map_noise(attribute=PT08.S1(CO), percentage=0.01) };7.41322e-01;1.00000e+00;1.00000e+00;Pipeline { map_noise(attribute=PT08.S1(CO), percentage=0.01) }
datasets/airQuality_parallel.csv;nsga2;4;8;800;800;5.89400e+01;100;6;44;1.00000e+00;1.00000e+00;6.40000e-01;8.16446e-01;5.17241e-02;6.61158e-01;Pipeline { map_aggregate(attribute=CO(GT), function=avg, window=7) };7.41322e-01;1.00000e+00;1.00000e+00;Pipeline { map_aggregate(attribute=AH, function=min, window=8) };7.41322e-01;1.00000e+00;1.00000e+00;Pipeline { map_aggregate(attribute=AH, function=min, window=8) };7.78886e-01;9.36567e-01;9.49014e-01;Pipeline { filter(T > 0.0001) | map_aggregate(attribute=PT08.S1(CO), function=avg, window=6) | map_aggregate(attribute=RH, function=max, window=6) | map_aggregate(attribute=T, function=max, window=3) | map_aggregate(attribute=RH, function=avg, window=3) | map_noise(attribute=RH, percentage=0.01) };7.41322e-01;1.00000e+00;1.00000e+00;Pipeline { map_aggregate(attribute=PT08.S5(O3), function=min, window=4) };7.41322e-01;1.00000e+00;1.00000e+00;Pipeline { map_aggregate(attribute=PT08.S5(O3), function=min, window=4) }
datasets/airQuality_parallel.csv;nsga2;4;9;900;900;6.55740e+01;100;7;23;1.00000e+00;1.00000e+00;8.20000e-01;8.16446e-01;5.17241e-02;6.61158e-01;Pipeline { map_aggregate(attribute=CO(GT), function=avg, window=7) };7.41322e-01;1.00000e+00;1.00000e+00;Pipeline { map_aggregate(attribute=NMHC(GT), function=avg, window=7) };7.41322e-01;1.00000e+00;1.00000e+00;Pipeline { map_aggregate(attribute=NMHC(GT), function=avg, window=7) };7.80551e-01;9.36567e-01;9.49014e-01;Pipeline { filter(T > 0.0001) | map_aggregate(attribute=PT08.S1(CO), function=avg, window=6) | map_aggregate(attribute=RH, function=max, window=5) | map_noise(attribute=C6H6(GT), percentage=0.05) | filter(PT08.S4(NO2) < 79500.0000) };7.56866e-01;1.00000e+00;1.00000e+00;Pipeline { map_aggregate(attribute=NOx(GT), function=min, window=5) };7.56866e-01;1.00000e+00;1.00000e+00;Pipeline { map_aggregate(attribute=NOx(GT), function=min, window=5) }
datasets/airQuality_parallel.csv;nsga2;4;10;1000;1000;7.29430e+01;100;8;3;1.00000e+00;1.00000e+00;9.80000e-01;8.16446e-01;5.17241e-02;6.61158e-01;Pipeline { map_aggregate(attribute=CO(GT), function=avg, window=7) };7.41322e-01;1.00000e+00;1.00000e+00;Pipeline { map_aggregate(attribute=NMHC(GT), function=avg, window=7) };7.41322e-01;1.00000e+00;1.00000e+00;Pipeline { map_aggregate(attribute=NMHC(GT), function=avg, window=7) };7.83570e-01;1.17021e-01;6.65325e-01;Pipeline { filter(T > 0.0001) | map_aggregate(attribute=PT08.S1(CO), function=avg, window=6) | map_noise(attribute=CO(GT), percentage=0.10) | map_noise(attribute=T, percentage=0.01) | map_aggregate(attribute=CO(GT), function=avg, window=5) | map_duplicate(probability=0.10) };7.74720e-01;9.36567e-01;9.49204e-01;Pipeline { filter(PT08.S4(NO2) < 1690000000.0000) | map_aggregate(attribute=PT08.S1(CO), function=avg, window=7) | map_aggregate(attribute=PT08.S5(O3), function=max, window=9) | map_aggregate(attribute=T, function=max, window=8) | map_aggregate(attribute=RH, function=avg, window=3) | map_noise(attribute=PT08.S2(NMHC), percentage=0.05) };7.76756e-01;8.98711e-01;9.52676e-01;Pipeline { filter(T > 0.0000) | map_aggregate(attribute=PT08.S1(CO), function=avg, window=6) | map_aggregate(attribute=PT08.S5(O3), function=avg, window=5) | map_aggregate(attribute=T, function=max, window=8) | map_aggregate(attribute=RH, function=max, window=3) | map_duplicate(probability=0.10) }
datasets/airQuality_parallel.csv;nsga2;4;11;1100;1100;8.00050e+01;100;8;5;1.00000e+00;1.00000e+00;9.80000e-01;8.16446e-01;5.17241e-02;6.61158e-01;Pipeline { map_aggregate(attribute=CO(GT), function=avg, window=7) };7.46739e-01;1.00000e+00;1.00000e+00;Pipeline { map_noise(attribute=NOx(GT), percentage=0.25) };7.46739e-01;1.00000e+00;1.00000e+00;Pipeline { map_noise(attribute=NOx(GT), percentage=0.25) };7.87542e-01;9.36567e-01;9.49014e-01;Pipeline { filter(T > 0.0000) | map_aggregate(attribute=PT08.S1(CO), function=avg, window=6) | map_aggregate(attribute=PT08.S5(O3), function=avg, window=5) | map_aggregate(attribute=T, function=max, window=8) | map_aggregate(attribute=RH, function=avg, window=3) | map_aggregate(attribute=PT08.S3(NOx), function=avg, window=7) };7.80383e-01;9.36567e-01;9.49204e-01;Pipeline { filter(PT08.S1(CO) < 43200000.0000) | map_aggregate(attribute=PT08.S1(CO), function=avg, window=8) | map_aggregate(attribute=PT08.S1(CO), function=max, window=9) | map_aggregate(attribute=T, function=max, window=8) | map_aggregate(attribute=RH, function=avg, window=3) | map_aggregate(attribute=RH, function=avg, window=8) };7.75144e-01;9.15129e-01;9.51249e-01;Pipeline { filter(PT08.S1(CO) < 43200000.0000) | map_aggregate(attribute=PT08.S1(CO), function=avg, window=8) | map_aggregate(attribute=T, function=min, window=10) | map_aggregate(attribute=T, function=max, window=8) | map_aggregate(attribute=PT08.S5(O3), function=avg, window=3) | map_duplicate(probability=0.10) }
datasets/airQuality_parallel.csv;nsga2;4;12;1200;1200;8.69630e+01;100;6;5;1.00000e+00;1.00000e+00;9.70000e-01;8.16446e-01;5.17241e-02;6.61158e-01;Pipeline { map_aggregate(attribute=CO(GT), function=avg, window=7) };7.46739e-01;1.00000e+00;1.00000e+00;Pipeline { map_noise(attribute=NOx(GT), percentage=0.25) };7.46739e-01;1.00000e+00;1.00000e+00;Pipeline { map_noise(attribute=NOx(GT), percentage=0.25) };7.88644e-01;9.36567e-01;9.49014e-01;Pipeline { filter(T > 0.0001) | map_aggregate(attribute=C6H6(GT), function=avg, window=6) | map_aggregate(attribute=RH, function=max, window=5) | map_noise(attribute=NOx(GT), percentage=0.10) | map_aggregate(attribute=RH, function=max, window=3) | map_aggregate(attribute=T, function=min, window=7) };7.87542e-01;9.36567e-01;9.49014e-01;Pipeline { filter(T > 0.0001) | map_aggregate(attribute=PT08.S1(CO), function=avg, window=6) | map_aggregate(attribute=PT08.S5(O3), function=avg, window=5) | map_aggregate(attribute=T, function=max, window=8) | map_aggregate(attribute=RH, function=avg, window=3) | map_aggregate(attribute=PT08.S3(NOx), function=avg, window=7) };7.67868e-01;9.20223e-01;9.51718e-01;Pipeline { filter(PT08.S1(CO) < 43200000.0000) | map_aggregate(attribute=PT08.S1(CO), function=avg, window=8) | map_aggregate(attribute=NMHC(GT), function=max, window=9) | map_aggregate(attribute=T, function=max, window=8) | map_aggregate(attribute=RH, function=avg, window=3) | map_duplicate(probability=0.10) }
datasets/airQuality_parallel.csv;nsga2;4;13;1300;1300;9.53380e+01;100;6;6;1.00000e+00;1.00000e+00;9.90000e-01;8.16501e-01;5.60224e-02;6.65588e-01;Pipeline { map_aggregate(attribute=CO(GT), function=avg, window=6) };7.49105e-01;1.00000e+00;1.00000e+00;Pipeline { map_noise(attribute=NOx(GT), percentage=0.05) };7.49105e-01;1.00000e+00;1.00000e+00;Pipeline { map_noise(attribute=NOx(GT), percentage=0.05) };7.89549e-01;9.86301e-02;6.65693e-01;Pipeline { filter(T > 0.0079) | map_aggregate(attribute=PT08.S1(CO), function=avg, window=6) | map_aggregate(attribute=RH, function=max, window=5) | map_noise(attribute=T, percentage=0.05) | map_aggregate(attribute=CO(GT), function=avg, window=5) | map_duplicate(probability=0.10) };7.84523e-01;9.36567e-01;9.49204e-01;Pipeline { filter(PT08.S4(NO2) < 1690000000.0000) | map_aggregate(attribute=PT08.S5(O3), function=avg, window=7) | map_aggregate(attribute=PT08.S5(O3), function=avg, window=4) | map_aggregate(attribute=T, function=max, window=8) | map_aggregate(attribute=RH, function=avg, window=3) | map_noise(attribute=PT08.S2(NMHC), percentage=0.05) };7.69580e-01;8.90110e-01;9.51706e-01;Pipeline { filter(PT08.S1(CO) < 43200000.0000) | map_aggregate(attribute=PT08.S1(CO), function=avg, window=8) | map_aggregate(attribute=PT08.S1(CO), function=max, window=9) | map_aggregate(attribute=T, function=max, window=8) | map_aggregate(attribute=RH, function=avg, window=3) | map_duplicate(probability=0.10) }
datasets/airQuality_parallel.csv;nsga2;4;14;1400;1400;1.02023e+02;100;7;16;1.00000e+00;1.00000e+00;9.90000e-01;8.16501e-01;5.60224e-02;6.65588e-01;Pipeline { map_aggregate(attribute=CO(GT), function=avg, window=6) };7.51668e-01;1.00000e+00;1.00000e+00;Pipeline { map_noise(attribute=NOx(GT), percentage=0.10) };7.51668e-01;1.00000e+00;1.00000e+00;Pipeline { map_noise(attribute=NOx(GT), percentage=0.10) };7.91704e-01;1.09290e-01;6.65046e-01;Pipeline { filter(T > 0.0001) | map_aggregate(attribute=PT08.S1(CO), function=avg, window=6) | map_aggregate(attribute=RH, function=max, window=5) | map_noise(attribute=RH, percentage=0.10) | map_aggregate(attribute=CO(GT), function=avg, window=5) | map_duplicate(probability=0.10) };7.88787e-01;9.36567e-01;9.49014e-01;Pipeline { filter(T > 0.0001) | map_aggregate(attribute=C6H6(GT), function=avg, window=6) | map_aggregate(attribute=RH, function=max, window=5) | map_noise(attribute=T, percentage=0.10) | map_aggregate(attribute=RH, function=max, window=3) | map_aggregate(attribute=T, function=min, window=7) };7.77474e-01;9.10092e-01;9.51289e-01;Pipeline { filter(T > 0.0001) | map_aggregate(attribute=PT08.S1(CO), function=avg, window=5) | map_aggregate(attribute=PT08.S5(O3), function=avg, window=5) | map_aggregate(attribute=T, function=max, window=8) | map_aggregate(attribute=RH, function=avg, window=3) | map_duplicate(probability=0.10) }
datasets/airQuality_parallel.csv;nsga2;4;15;1500;1500;1.09336e+02;100;7;6;1.00000e+00;1.00000e+00;9.40000e-01;8.16501e-01;5.60224e-02;6.65588e-01;Pipeline { map_aggregate(attribute=CO(GT), function=avg, window=6) };7.51668e-01;1.00000e+00;1.00000e+00;Pipeline { map_noise(attribute=NOx(GT), percentage=0.10) };7.51668e-01;1.00000e+00;1.00000e+00;Pipeline { map_noise(attribute=NOx(GT), percentage=0.10) };7.92120e-01;1.00000e+00;1.00000e+00;Pipeline { map_aggregate(attribute=NOx(GT), function=avg, window=4) };7.89410e-01;9.36567e-01;9.49014e-01;Pipeline { filter(T > 0.0000) | map_aggregate(attribute=C6H6(GT), function=avg, window=6) | map_aggregate(attribute=AH, function=min, window=5) | map_noise(attribute=T, percentage=0.10) | map_aggregate(attribute=RH, function=max, window=3) | map_aggregate(attribute=T, function=min, window=7) };7.76561e-01;9.11765e-01;9.52010e-01;Pipeline { filter(T > 0.0000) | map_aggregate(attribute=PT08.S1(CO), function=avg, window=6) | map_aggregate(attribute=PT08.S5(O3), function=avg, window=5) | map_aggregate(attribute=T, function=min, window=8) | map_aggregate(attribute=RH, function=avg, window=3) | map_duplicate(probability=0.10) }
datasets/airQuality_parallel.csv;nsga2;4;16;1600;1600;1.16815e+02;100;7;4;1.00000e+00;1.00000e+00;9.80000e-01;8.16501e-01;5.60224e-02;6.65588e-01;Pipeline { map_aggregate(attribute=CO(GT), function=avg, window=6) };7.51668e-01;1.00000e+00;1.00000e+00;Pipeline { map_noise(attribute=NOx(GT), percentage=0.10) };7.51668e-01;1.00000e+00;1.00000e+00;Pipeline { map_noise(attribute=NOx(GT), percentage=0.10) };7.92211e-01;9.94475e-02;6.64005e-01;Pipeline { filter(T > 0.0001) | map_aggregate(attribute=PT08.S1(CO), function=avg, window=6) | map_aggregate(attribute=RH, function=max, window=3) | map_noise(attribute=T, percentage=0.05) | map_aggregate(attribute=CO(GT), function=avg, window=5) | map_duplicate(probability=0.10) };7.90173e-01;9.36567e-01;9.49014e-01;Pipeline { filter(T > 0.0000) | map_aggregate(attribute=C6H6(GT), function=avg, window=6) | map_aggregate(attribute=RH, function=avg, window=5) | map_noise(attribute=T, percentage=0.10) | map_aggregate(attribute=RH, function=max, window=3) | map_aggregate(attribute=T, function=min, window=7) };7.67868e-01;9.20223e-01;9.51718e-01;Pipeline { filter(PT08.S1(CO) < 43200000.0000) | map_aggregate(attribute=PT08.S1(CO), function=avg, window=8) | map_aggregate(attribute=NMHC(GT), function=max, window=9) | map_aggregate(attribute=T, function=max, window=8) | map_aggregate(attribute=RH, function=avg, window=3) | map_duplicate(probability=0.10) }
datasets/airQuality_parallel.csv;nsga2;4;17;1700;1700;1.24761e+02;100;7;4;1.00000e+00;1.00000e+00;9.70000e-01;8.16501e-01;5.60224e-02;6.65588e-01;Pipeline { map_aggregate(attribute=CO(GT), function=avg, window=6) };7.41322e-01;1.00000e+00;1.00000e+00;Pipeline { map_aggregate(attribute=PT08.S2(NMHC), function=min, window=9) };7.41322e-01;1.00000e+00;1.00000e+00;Pipeline { map_aggregate(attribute=PT08.S2(NMHC), function=min, window=9) };7.95168e-01;9.36567e-01;9.49014e-01;Pipeline { filter(T > 0.0001) | map_aggregate(attribute=C6H6(GT), function=avg, window=6) | map_aggregate(attribute=RH, function=max, window=5) | map_noise(attribute=NOx(GT), percentage=0.10) | map_aggregate(attribute=RH, function=max, window=3) | map_aggregate(attribute=T, function=min, window=6) };7.88770e-01;9.36567e-01;9.49204e-01;Pipeline { filter(PT08.S3(NOx) > 0.0001) | map_aggregate(attribute=PT08.S1(CO), function=avg, window=6) | map_aggregate(attribute=PT08.S5(O3), function=avg, window=5) | map_aggregate(attribute=T, function=max, window=8) | map_aggregate(attribute=RH, function=avg, window=3) | map_aggregate(attribute=PT08.S3(NOx), function=avg, window=7) };7.53425e-01;6.38298e-01;9.52227e-01;Pipeline { map_aggregate(attribute=NO2(GT), function=avg, window=3) }
datasets/airQuality_parallel.csv;nsga2;4;18;1800;1800;1.31823e+02;100;7;1;1.00000e+00;1.00000e+00;9.80000e-01;8.16501e-01;5.60224e-02;6.65588e-01;Pipeline { map_aggregate(attribute=CO(GT), function=avg, window=6) };7.51668e-01;1.00000e+00;1.00000e+00;Pipeline { map_noise(attribute=NOx(GT), percentage=0.10) };7.51668e-01;1.00000e+00;1.00000e+00;Pipeline { map_noise(attribute=NOx(GT), percentage=0.10) };7.95168e-01;9.36567e-01;9.49014e-01;Pipeline { filter(T > 0.0001) | map_aggregate(attribute=C6H6(GT), function=avg, window=6) | map_aggregate(attribute=RH, function=max, window=5) | map_noise(attribute=NOx(GT), percentage=0.10) | map_aggregate(attribute=RH, function=max, window=3) | map_aggregate(attribute=T, function=min, window=6) };7.89115e-01;9.36567e-01;9.49204e-01;Pipeline { filter(PT08.S3(NOx) > 0.0000) | map_aggregate(attribute=PT08.S1(CO), function=avg, window=6) | map_aggregate(attribute=PT08.S5(O3), function=avg, window=5) | map_aggregate(attribute=T, function=max, window=8) | map_noise(attribute=PT08.S2(NMHC), percentage=0.01) | map_noise(attribute=T, percentage=0.25) };7.76561e-01;9.11765e-01;9.52010e-01;Pipeline { filter(T > 0.0000) | map_aggregate(attribute=PT08.S1(CO), function=avg, window=6) | map_aggregate(attribute=PT08.S5(O3), function=avg, window=5) | map_aggregate(attribute=T, function=min, window=8) | map_aggregate(attribute=RH, function=avg, window=3) | map_duplicate(probability=0.10) }
datasets/airQuality_parallel.csv;nsga2;4;19;1900;1900;1.38763e+02;100;7;9;1.00000e+00;1.00000e+00;9.80000e-01;8.16501e-01;5.60224e-02;6.65588e-01;Pipeline { map_aggregate(attribute=CO(GT), function=avg, window=6) };7.51668e-01;1.00000e+00;1.00000e+00;Pipeline { map_noise(attribute=NOx(GT), percentage=0.10) };7.51668e-01;1.00000e+00;1.00000e+00;Pipeline { map_noise(attribute=NOx(GT), percentage=0.10) };7.95168e-01;9.36567e-01;9.49014e-01;Pipeline { filter(T > 0.0001) | map_aggregate(attribute=C6H6(GT), function=avg, window=6) | map_aggregate(attribute=RH, function=max, window=5) | map_noise(attribute=NOx(GT), percentage=0.10) | map_aggregate(attribute=RH, function=max, window=3) | map_aggregate(attribute=T, function=min, window=6) };7.89115e-01;9.36567e-01;9.49204e-01;Pipeline { filter(PT08.S3(NOx) > 0.0000) | map_aggregate(attribute=PT08.S1(CO), function=avg, window=6) | map_aggregate(attribute=PT08.S5(O3), function=avg, window=5) | map_aggregate(attribute=T, function=max, window=8) | map_noise(attribute=PT08.S2(NMHC), percentage=0.01) | map_noise(attribute=T, percentage=0.25) };7.76561e-01;9.11765e-01;9.52010e-01;Pipeline { filter(T > 0.0000) | map_aggregate(attribute=PT08.S1(CO), function=avg, window=6) | map_aggregate(attribute=PT08.S5(O3), function=avg, window=5) | map_aggregate(attribute=T, function=min, window=8) | map_aggregate(attribute=RH, function=avg, window=3) | map_duplicate(probability=0.10) }
datasets/airQuality_parallel.csv;nsga2;4;20;2000;2000;1.46160e+02;100;8;10;1.00000e+00;1.00000e+00;9.80000e-01;8.16501e-01;5.60224e-02;6.65588e-01;Pipeline { map_aggregate(attribute=CO(GT), function=avg, window=6) };7.51668e-01;1.00000e+00;1.00000e+00;Pipeline { map_noise(attribute=NOx(GT), percentage=0.10) };7.51668e-01;1.00000e+00;1.00000e+00;Pipeline { map_noise(attribute=NOx(GT), percentage=0.10) };7.95433e-01;2.25352e-01;8.80488e-01;Pipeline { map_aggregate(attribute=NO2(GT), function=min, window=4) };7.89786e-01;9.36567e-01;9.49204e-01;Pipeline { filter(PT08.S3(NOx) > 0.9200) | map_aggregate(attribute=C6H6(GT), function=avg, window=6) | map_aggregate(attribute=RH, function=max, window=6) | map_noise(attribute=RH, percentage=0.05) | map_aggregate(attribute=RH, function=max, window=8) | map_aggregate(attribute=T, function=max, window=7) };7.74835e-01;9.14498e-01;9.52236e-01;Pipeline { filter(T > 0.0013) | map_aggregate(attribute=PT08.S1(CO), function=avg, window=6) | map_aggregate(attribute=PT08.S5(O3), function=avg, window=5) | map_aggregate(attribute=T, function=min, window=8) | map_aggregate(attribute=RH, function=avg, window=3) | map_duplicate(probability=0.10) }
datasets/airQuality_parallel.csv;nsga2;4;21;2100;2100;1.52771e+02;100;8;8;1.00000e+00;1.00000e+00;9.90000e-01;8.16501e-01;5.60224e-02;6.65588e-01;Pipeline { map_aggregate(attribute=CO(GT), function=avg, window=6) };7.51668e-01;1.00000e+00;1.00000e+00;Pipeline { map_noise(attribute=NOx(GT), percentage=0.10) };7.51668e-01;1.00000e+00;1.00000e+00;Pipeline { map_noise(attribute=NOx(GT), percentage=0.10) };7.95433e-01;9.54447e-02;8.19658e-01;Pipeline { map_aggregate(attribute=NO2(GT), function=min, window=6) };7.91290e-01;9.36567e-01;9.49014e-01;Pipeline { filter(T > 0.0000) | map_aggregate(attribute=C6H6(GT), function=avg, window=6) | map_aggregate(attribute=RH, function=avg, window=8) | map_noise(attribute=NMHC(GT), percentage=0.25) | map_aggregate(attribute=RH, function=max, window=3) | map_aggregate(attribute=T, function=min, window=7) };7.75854e-01;9.18519e-01;9.52338e-01;Pipeline { filter(T > 0.0001) | map_aggregate(attribute=PT08.S1(CO), function=avg, window=6) | map_aggregate(attribute=PT08.S5(O3), function=avg, window=5) | map_aggregate(attribute=T, function=min, window=8) | map_aggregate(attribute=RH, function=avg, window=3) | map_duplicate(probability=0.10) }
datasets/airQuality_parallel.csv;nsga2;4;22;2200;2200;1.59962e+02;100;8;4;1.00000e+00;1.00000e+00;9.60000e-01;8.16501e-01;5.60224e-02;6.65588e-01;Pipeline { map_aggregate(attribute=CO(GT), function=avg, window=6) };7.51668e-01;1.00000e+00;1.00000e+00;Pipeline { map_noise(attribute=NOx(GT), percentage=0.10) };7.51668e-01;1.00000e+00;1.00000e+00;Pipeline { map_noise(attribute=NOx(GT), percentage=0.10) };7.95433e-01;7.22348e-02;7.97486e-01;Pipeline { map_aggregate(attribute=NO2(GT), function=min, window=7) };7.89938e-01;9.36567e-01;9.49204e-01;Pipeline { filter(PT08.S3(NOx) > 0.9200) | map_aggregate(attribute=C6H6(GT), function=avg, window=6) | map_aggregate(attribute=RH, function=max, window=6) | map_noise(attribute=C6H6(GT), percentage=0.05) | map_aggregate(attribute=RH, function=max, window=8) | map_aggregate(attribute=T, function=avg, window=7) };7.63781e-01;9.01099e-01;9.52367e-01;Pipeline { filter(T > 0.0001) | map_aggregate(attribute=PT08.S1(CO), function=avg, window=8) | map_aggregate(attribute=PT08.S5(O3), function=max, window=9) | map_aggregate(attribute=T, function=max, window=8) | map_aggregate(attribute=PT08.S3(NOx), function=avg, window=3) | map_duplicate(probability=0.10) }
datasets/airQuality_parallel.csv;nsga2;4;23;2300;2300;1.67926e+02;100;8;18;1.00000e+00;1.00000e+00;9.60000e-01;8.16501e-01;5.60224e-02;6.65588e-01;Pipeline { map_aggregate(attribute=CO(GT), function=avg, window=6) };7.56866e-01;1.00000e+00;1.00000e+00;Pipeline { map_aggregate(attribute=NOx(GT), function=min, window=4) };7.56866e-01;1.00000e+00;1.00000e+00;Pipeline { map_aggregate(attribute=NOx(GT), function=min, window=4) };7.96446e-01;1.03825e-01;6.66384e-01;Pipeline { filter(T > 0.0001) | map_aggregate(attribute=PT08.S1(CO), function=avg, window=6) | map_aggregate(attribute=RH, function=max, window=10) | map_noise(attribute=T, percentage=0.05) | map_aggregate(attribute=CO(GT), function=avg, window=5) | map_noise(attribute=CO(GT), percentage=0.05) };7.91356e-01;9.36567e-01;9.49014e-01;Pipeline { filter(T > 0.0000) | map_aggregate(attribute=C6H6(GT), function=avg, window=6) | map_aggregate(attribute=RH, function=avg, window=8) | map_noise(attribute=T, percentage=0.10) | map_aggregate(attribute=RH, function=max, window=3) | map_aggregate(attribute=NMHC(GT), function=min, window=5) };7.76561e-01;9.11765e-01;9.52010e-01;Pipeline { filter(T > 0.0000) | map_aggregate(attribute=PT08.S1(CO), function=avg, window=6) | map_aggregate(attribute=PT08.S5(O3), function=avg, window=5) | map_aggregate(attribute=T, function=min, window=8) | map_aggregate(attribute=RH, function=avg, window=3) | map_duplicate(probability=0.10) }
datasets/airQuality_parallel.csv;nsga2;4;24;2400;2400;1.75010e+02;100;9;11;1.00000e+00;1.00000e+00;9.90000e-01;8.16501e-01;5.60224e-02;6.65588e-01;Pipeline { map_aggregate(attribute=CO(GT), function=avg, window=6) };7.56866e-01;1.00000e+00;1.00000e+00;Pipeline { map_aggregate(attribute=NOx(GT), function=min, window=4) };7.56866e-01;1.00000e+00;1.00000e+00;Pipeline { map_aggregate(attribute=NOx(GT), function=min, window=4) };7.97563e-01;1.16343e-01;6.63035e-01;Pipeline { filter(PT08.S1(CO) > 0.7920) | map_aggregate(attribute=PT08.S1(CO), function=avg, window=6) | map_aggregate(attribute=RH, function=max, window=3) | map_noise(attribute=T, percentage=0.05) | map_aggregate(attribute=CO(GT), function=avg, window=5) | map_noise(attribute=CO(GT), percentage=0.05) };7.95168e-01;9.36567e-01;9.49014e-01;Pipeline { filter(T > 0.0001) | map_aggregate(attribute=C6H6(GT), function=avg, window=6) | map_aggregate(attribute=RH, function=max, window=5) | map_noise(attribute=NOx(GT), percentage=0.10) | map_aggregate(attribute=RH, function=max, window=3) | map_aggregate(attribute=T, function=min, window=6) };7.78511e-01;8.96296e-01;9.51429e-01;Pipeline { filter(T > 0.0000) | map_aggregate(attribute=PT08.S1(CO), function=avg, window=6) | map_aggregate(attribute=PT08.S5(O3), function=avg, window=5) | map_aggregate(attribute=T, function=min, window=8) | map_aggregate(attribute=RH, function=avg, window=5) | map_duplicate(probability=0.10) }
datasets/airQuality_parallel.csv;nsga2;4;25;2500;2500;1.82296e+02;100;10;8;1.00000e+00;1.00000e+00;9.90000e-01;8.16501e-01;5.60224e-02;6.65588e-01;Pipeline { map_aggregate(attribute=CO(GT), function=avg, window=6) };7.56866e-01;1.00000e+00;1.00000e+00;Pipeline { map_aggregate(attribute=NOx(GT), function=min, window=4) };7.56866e-01;1.00000e+00;1.00000e+00;Pipeline { map_aggregate(attribute=NOx(GT), function=min, window=4) };7.98775e-01;1.04396e-01;6.65237e-01;Pipeline { filter(T > 0.0000) | map_aggregate(attribute=PT08.S1(CO), function=avg, window=6) | map_aggregate(attribute=RH, function=max, window=5) | map_noise(attribute=PT08.S2(NMHC), percentage=0.01) | map_aggregate(attribute=CO(GT), function=avg, window=5) | map_noise(attribute=C6H6(GT), percentage=0.01) };7.66507e-01;9.25094e-01;9.49968e-01;Pipeline { filter(T > 0.0079) | map_aggregate(attribute=PT08.S1(CO), function=avg, window=6) | map_aggregate(attribute=RH, function=max, window=9) | map_noise(attribute=T, percentage=0.10) | map_aggregate(attribute=RH, function=avg, window=3) | map_duplicate(probability=0.10) };7.77474e-01;9.10092e-01;9.51289e-01;Pipeline { filter(T > 0.0001) | map_aggregate(attribute=PT08.S1(CO), function=avg, window=5) | map_aggregate(attribute=PT08.S5(O3), function=avg, window=5) | map_aggregate(attribute=T, function=max, window=8) | map_aggregate(attribute=RH, function=avg, window=3) | map_duplicate(probability=0.10) }
datasets/airQuality_parallel.csv;nsga2;4;26;2600;2600;1.89309e+02;100;10;4;1.00000e+00;1.00000e+00;1.00000e+00;8.16501e-01;5.60224e-02;6.65588e-01;Pipeline { map_aggregate(attribute=CO(GT), function=avg, window=6) };7.56866e-01;1.00000e+00;1.00000e+00;Pipeline { map_aggregate(attribute=NOx(GT), function=min, window=3) };7.56866e-01;1.00000e+00;1.00000e+00;Pipeline { map_aggregate(attribute=NOx(GT), function=min, window=3) };7.99046e-01;1.04396e-01;6.65237e-01;Pipeline { filter(T > 0.0000) | map_aggregate(attribute=PT08.S1(CO), function=avg, window=6) | map_aggregate(attribute=RH, function=max, window=5) | map_noise(attribute=T, percentage=0.05) | map_aggregate(attribute=CO(GT), function=avg, window=5) | map_noise(attribute=PT08.S4(NO2), percentage=0.01) };7.81695e-01;9.19926e-01;9.49231e-01;Pipeline { filter(T > 0.0001) | map_aggregate(attribute=C6H6(GT), function=avg, window=6) | map_aggregate(attribute=RH, function=max, window=10) | map_noise(attribute=NO2(GT), percentage=0.10) | map_noise(attribute=NOx(GT), percentage=0.05) | map_aggregate(attribute=T, function=min, window=7) };7.81388e-01;9.15129e-01;9.50530e-01;Pipeline { filter(T > 0.0000) | map_aggregate(attribute=PT08.S1(CO), function=avg, window=6) | map_aggregate(attribute=PT08.S5(O3), function=avg, window=5) | map_aggregate(attribute=T, function=min, window=8) | map_aggregate(attribute=RH, function=avg, window=3) | map_duplicate(probability=0.10) }
datasets/airQuality_parallel.csv;nsga2;4;27;2700;2700;1.97179e+02;100;10;1;1.00000e+00;1.00000e+00;1.00000e+00;8.16501e-01;5.60224e-02;6.65588e-01;Pipeline { map_aggregate(attribute=CO(GT), function=avg, window=6) };7.62974e-01;1.00000e+00;1.00000e+00;Pipeline { map_noise(attribute=NO2(GT), percentage=0.05) };7.62974e-01;1.00000e+00;1.00000e+00;Pipeline { map_noise(attribute=NO2(GT), percentage=0.05) };7.99076e-01;1.04396e-01;6.65237e-01;Pipeline { filter(T > 0.0000) | map_aggregate(attribute=PT08.S1(CO), function=avg, window=6) | map_aggregate(attribute=RH, function=max, window=5) | map_noise(attribute=T, percentage=0.05) | map_aggregate(attribute=CO(GT), function=avg, window=5) | map_noise(attribute=C6H6(GT), percentage=0.01) };7.70030e-01;9.17127e-01;9.53346e-01;Pipeline { filter(PT08.S1(CO) < 43200000.0000) | map_aggregate(attribute=PT08.S1(CO), function=avg, window=8) | map_aggregate(attribute=T, function=min, window=10) | map_aggregate(attribute=T, function=max, window=8) | map_aggregate(attribute=NMHC(GT), function=avg, window=3) | map_duplicate(probability=0.10) };7.66507e-01;9.25094e-01;9.49968e-01;Pipeline { filter(T > 0.0079) | map_aggregate(attribute=PT08.S1(CO), function=avg, window=6) | map_aggregate(attribute=RH, function=max, window=9) | map_noise(attribute=T, percentage=0.10) | map_aggregate(attribute=RH, function=avg, window=3) | map_duplicate(probability=0.10) }
datasets/airQuality_parallel.csv;nsga2;4;28;2800;2800;2.03498e+02;100;10;18;1.00000e+00;1.00000e+00;1.00000e+00;8.16501e-01;5.60224e-02;6.65588e-01;Pipeline { map_aggregate(attribute=CO(GT), function=avg, window=6) };7.62974e-01;1.00000e+00;1.00000e+00;Pipeline { map_noise(attribute=NO2(GT), percentage=0.05) };7.62974e-01;1.00000e+00;1.00000e+00;Pipeline { map_noise(attribute=NO2(GT), percentage=0.05) };7.99076e-01;1.04396e-01;6.65237e-01;Pipeline { filter(T > 0.0000) | map_aggregate(attribute=PT08.S1(CO), function=avg, window=6) | map_aggregate(attribute=RH, function=max, window=5) | map_noise(attribute=T, percentage=0.05) | map_aggregate(attribute=CO(GT), function=avg, window=5) | map_noise(attribute=C6H6(GT), percentage=0.01) };7.81388e-01;9.15129e-01;9.50530e-01;Pipeline { filter(T > 0.0000) | map_aggregate(attribute=PT08.S1(CO), function=avg, window=6) | map_aggregate(attribute=PT08.S5(O3), function=avg, window=5) | map_aggregate(attribute=T, function=min, window=8) | map_aggregate(attribute=RH, function=avg, window=3) | map_duplicate(probability=0.10) };7.91750e-01;9.36567e-01;9.49204e-01;Pipeline { map_aggregate(attribute=T, function=min, window=7) | filter(PT08.S2(NMHC) < 72100000.0000) | map_noise(attribute=NOx(GT), percentage=0.05) | map_aggregate(attribute=NOx(GT), function=avg, window=9) | filter(RH > 0.0001) }
datasets/airQuality_parallel.csv;nsga2;4;29;2900;2900;2.12160e+02;100;10;13;1.00000e+00;1.00000e+00;1.00000e+00;8.16501e-01;5.60224e-02;6.65588e-01;Pipeline { map_aggregate(attribute=CO(GT), function=avg, window=6) };7.62974e-01;1.00000e+00;1.00000e+00;Pipeline { map_noise(attribute=NO2(GT), percentage=0.05) };7.62974e-01;1.00000e+00;1.00000e+00;Pipeline { map_noise(attribute=NO2(GT), percentage=0.05) };7.99105e-01;1.04396e-01;6.65237e-01;Pipeline { filter(T > 0.0000) | map_aggregate(attribute=PT08.S1(CO), function=avg, window=6) | map_aggregate(attribute=RH, function=max, window=5) | map_noise(attribute=PT08.S2(NMHC), percentage=0.01) | map_aggregate(attribute=CO(GT), function=avg, window=5) | map_noise(attribute=NO2(GT), percentage=0.01) };7.78967e-01;9.12477e-01;9.49472e-01;Pipeline { filter(T > 0.0000) | map_aggregate(attribute=PT08.S1(CO), function=avg, window=6) | map_aggregate(attribute=PT08.S5(O3), function=avg, window=5) | map_aggregate(attribute=NMHC(GT), function=min, window=7) | map_aggregate(attribute=RH, function=min, window=9) | map_duplicate(probability=0.10) };7.92442e-01;9.36567e-01;9.49204e-01;Pipeline { filter(PT08.S4(NO2) < 150000000.0000) | map_aggregate(attribute=C6H6(GT), function=avg, window=6) | map_aggregate(attribute=PT08.S5(O3), function=avg, window=5) | map_aggregate(attribute=T, function=max, window=8) | map_noise(attribute=T, percentage=0.01) | map_noise(attribute=C6H6(GT), percentage=0.10) }
datasets/airQuality_parallel.csv;nsga2;4;30;3000;3000;2.18932e+02;100;10;5;1.00000e+00;1.00000e+00;1.00000e+00;8.16501e-01;5.60224e-02;6.65588e-01;Pipeline { map_aggregate(attribute=CO(GT), function=avg, window=6) };7.62974e-01;1.00000e+00;1.00000e+00;Pipeline { map_noise(attribute=NO2(GT), percentage=0.05) };7.62974e-01;1.00000e+00;1.00000e+00;Pipeline { map_noise(attribute=NO2(GT), percentage=0.05) };7.99113e-01;1.04683e-01;6.64752e-01;Pipeline { filter(PT08.S4(NO2) < 799000.0000) | map_noise(attribute=NO2(GT), percentage=0.05) | map_aggregate(attribute=RH, function=max, window=5) | map_noise(attribute=T, percentage=0.01) | map_aggregate(attribute=CO(GT), function=avg, window=5) | map_noise(attribute=C6H6(GT), percentage=0.01) };7.80179e-01;9.00735e-01;9.54868e-01;Pipeline { filter(T > 0.0000) | map_aggregate(attribute=PT08.S1(CO), function=avg, window=6) | map_aggregate(attribute=PT08.S5(O3), function=avg, window=5) | map_aggregate(attribute=T, function=min, window=8) | map_aggregate(attribute=RH, function=avg, window=8) | map_duplicate(probability=0.10) };7.92100e-01;9.19626e-01;9.44382e-01;Pipeline { filter(T > 0.0001) | map_aggregate(attribute=C6H6(GT), function=avg, window=6) | map_aggregate(attribute=RH, function=max, window=5) | map_noise(attribute=NO2(GT), percentage=0.10) | map_noise(attribute=NOx(GT), percentage=0.25) | map_aggregate(attribute=T, function=min, window=7) }
datasets/airQuality_parallel.csv;nsga2;4;31;3100;3100;2.26414e+02;100;10;16;1.00000e+00;1.00000e+00;1.00000e+00;8.16501e-01;5.60224e-02;6.65588e-01;Pipeline { map_aggregate(attribute=CO(GT), function=avg, window=6) };7.79352e-01;1.00000e+00;1.00000e+00;Pipeline { map_aggregate(attribute=NOx(GT), function=avg, window=8) };7.79352e-01;1.00000e+00;1.00000e+00;Pipeline { map_aggregate(attribute=NOx(GT), function=avg, window=8) };7.99411e-01;1.04396e-01;6.65237e-01;Pipeline { filter(T > 0.0000) | map_aggregate(attribute=PT08.S1(CO), function=avg, window=6) | map_aggregate(attribute=RH, function=max, window=5) | map_noise(attribute=PT08.S2(NMHC), percentage=0.01) | map_aggregate(attribute=CO(GT), function=avg, window=5) | map_noise(attribute=PT08.S1(CO), percentage=0.01) };7.93716e-01;8.86029e-01;8.64570e-01;Pipeline { map_noise(attribute=CO(GT), percentage=0.05) | filter(PT08.S2(NMHC) < 72100000.0000) | map_noise(attribute=NOx(GT), percentage=0.05) | map_aggregate(attribute=NOx(GT), function=avg, window=9) | filter(RH > 0.0000) };7.99508e-01;8.72727e-01;9.27465e-01;Pipeline { map_noise(attribute=CO(GT), percentage=0.05) | filter(PT08.S2(NMHC) < 72800000.0000) | map_noise(attribute=NOx(GT), percentage=0.05) | map_aggregate(attribute=NOx(GT), function=avg, window=9) | filter(RH > 0.0001) }
datasets/airQuality_parallel.csv;nsga2;4;32;3200;3200;2.34179e+02;100;10;16;1.00000e+00;1.00000e+00;1.00000e+00;8.16501e-01;5.60224e-02;6.65588e-01;Pipeline { map_aggregate(attribute=CO(GT), function=avg, window=6) };7.79352e-01;1.00000e+00;1.00000e+00;Pipeline { map_aggregate(attribute=NOx(GT), function=avg, window=8) };7.79352e-01;1.00000e+00;1.00000e+00;Pipeline { map_aggregate(attribute=NOx(GT), function=avg, window=8) };7.99411e-01;1.04396e-01;6.65237e-01;Pipeline { filter(T > 0.0000) | map_aggregate(attribute=PT08.S1(CO), function=avg, window=6) | map_aggregate(attribute=RH, function=max, window=5) | map_noise(attribute=PT08.S2(NMHC), percentage=0.01) | map_aggregate(attribute=CO(GT), function=avg, window=5) | map_noise(attribute=PT08.S1(CO), percentage=0.01) };7.93716e-01;8.86029e-01;8.64570e-01;Pipeline { map_noise(attribute=CO(GT), percentage=0.05) | filter(PT08.S2(NMHC) < 72100000.0000) | map_noise(attribute=NOx(GT), percentage=0.05) | map_aggregate(attribute=NOx(GT), function=avg, window=9) | filter(RH > 0.0000) };7.99508e-01;8.72727e-01;9.27465e-01;Pipeline { map_noise(attribute=CO(GT), percentage=0.05) | filter(PT08.S2(NMHC) < 72800000.0000) | map_noise(attribute=NOx(GT), percentage=0.05) | map_aggregate(attribute=NOx(GT), function=avg, window=9) | filter(RH > 0.0001) }
datasets/airQuality_parallel.csv;nsga2;4;33;3300;3300;2.41465e+02;100;10;9;1.00000e+00;1.00000e+00;1.00000e+00;8.16501e-01;5.60224e-02;6.65588e-01;Pipeline { map_aggregate(attribute=CO(GT), function=avg, window=6) };7.79352e-01;1.00000e+00;1.00000e+00;Pipeline { map_aggregate(attribute=NOx(GT), function=avg, window=8) };7.79352e-01;1.00000e+00;1.00000e+00;Pipeline { map_aggregate(attribute=NOx(GT), function=avg, window=8) };7.99420e-01;1.04396e-01;6.65237e-01;Pipeline { filter(T > 0.0000) | map_aggregate(attribute=PT08.S1(CO), function=avg, window=6) | map_aggregate(attribute=RH, function=max, window=5) | map_noise(attribute=PT08.S2(NMHC), percentage=0.01) | map_aggregate(attribute=CO(GT), function=avg, window=5) | map_aggregate(attribute=NMHC(GT), function=avg, window=3) };7.93716e-01;8.86029e-01;8.64570e-01;Pipeline { map_noise(attribute=CO(GT), percentage=0.05) | filter(PT08.S2(NMHC) < 72100000.0000) | map_noise(attribute=NOx(GT), percentage=0.05) | map_aggregate(attribute=NOx(GT), function=avg, window=9) | filter(RH > 0.0000) };7.99508e-01;8.72727e-01;9.27465e-01;Pipeline { map_noise(attribute=CO(GT), percentage=0.05) | filter(PT08.S2(NMHC) < 72800000.0000) | map_noise(attribute=NOx(GT), percentage=0.05) | map_aggregate(attribute=NOx(GT), function=avg, window=9) | filter(RH > 0.0001) }
datasets/airQuality_parallel.csv;nsga2;4;34;3400;3400;2.49108e+02;100;10;4;1.00000e+00;1.00000e+00;1.00000e+00;8.16501e-01;5.60224e-02;6.65588e-01;Pipeline { map_aggregate(attribute=CO(GT), function=avg, window=6) };7.79352e-01;1.00000e+00;1.00000e+00;Pipeline { map_aggregate(attribute=NOx(GT), function=avg, window=8) };7.79352e-01;1.00000e+00;1.00000e+00;Pipeline { map_aggregate(attribute=NOx(GT), function=avg, window=8) };7.99420e-01;1.04396e-01;6.65237e-01;Pipeline { filter(T > 0.0000) | map_aggregate(attribute=PT08.S1(CO), function=avg, window=6) | map_aggregate(attribute=RH, function=max, window=5) | map_noise(attribute=PT08.S2(NMHC), percentage=0.01) | map_aggregate(attribute=CO(GT), function=avg, window=5) | map_aggregate(attribute=NMHC(GT), function=avg, window=3) };7.94672e-01;8.84328e-01;9.30914e-01;Pipeline { map_noise(attribute=CO(GT), percentage=0.05) | filter(PT08.S2(NMHC) < 92800000.0000) | map_noise(attribute=NOx(GT), percentage=0.05) | map_aggregate(attribute=NOx(GT), function=avg, window=9) | filter(RH > 0.0001) };7.95710e-01;8.65562e-01;9.26739e-01;Pipeline { map_noise(attribute=CO(GT), percentage=0.05) | filter(PT08.S2(NMHC) < 72100000.0000) | map_noise(attribute=NOx(GT), percentage=0.05) | map_aggregate(attribute=NOx(GT), function=avg, window=9) | filter(T < 49000.0000) }
datasets/airQuality_parallel.csv;nsga2;4;35;3500;3500;2.56219e+02;100;10;19;1.00000e+00;1.00000e+00;1.00000e+00;8.16501e-01;5.60224e-02;6.65588e-01;Pipeline { map_aggregate(attribute=CO(GT), function=avg, window=6) };7.80055e-01;1.00000e+00;1.00000e+00;Pipeline { map_aggregate(attribute=NOx(GT), function=avg, window=9) };7.80055e-01;1.00000e+00;1.00000e+00;Pipeline { map_aggregate(attribute=NOx(GT), function=avg, window=9) };7.99420e-01;1.04396e-01;6.65237e-01;Pipeline { filter(T > 0.0000) | map_aggregate(attribute=PT08.S1(CO), function=avg, window=6) | map_aggregate(attribute=RH, function=max, window=5) | map_noise(attribute=PT08.S2(NMHC), percentage=0.01) | map_aggregate(attribute=CO(GT), function=avg, window=5) | map_aggregate(attribute=NMHC(GT), function=avg, window=3) };7.94672e-01;8.84328e-01;9.30914e-01;Pipeline { map_noise(attribute=CO(GT), percentage=0.05) | filter(PT08.S2(NMHC) < 92800000.0000) | map_noise(attribute=NOx(GT), percentage=0.05) | map_aggregate(attribute=NOx(GT), function=avg, window=9) | filter(RH > 0.0001) };7.95710e-01;8.65562e-01;9.26739e-01;Pipeline { map_noise(attribute=CO(GT), percentage=0.05) | filter(PT08.S2(NMHC) < 72100000.0000) | map_noise(attribute=NOx(GT), percentage=0.05) | map_aggregate(attribute=NOx(GT), function=avg, window=9) | filter(T < 49000.0000) }
datasets/airQuality_parallel.csv;nsga2;4;36;3600;3600;2.63461e+02;100;11;16;1.00000e+00;1.00000e+00;1.00000e+00;8.16501e-01;5.60224e-02;6.65588e-01;Pipeline { map_aggregate(attribute=CO(GT), function=avg, window=6) };7.80055e-01;1.00000e+00;1.00000e+00;Pipeline { map_aggregate(attribute=NOx(GT), function=avg, window=9) };7.80055e-01;1.00000e+00;1.00000e+00;Pipeline { map_aggregate(attribute=NOx(GT), function=avg, window=9) };7.99508e-01;8.72727e-01;9.27465e-01;Pipeline { map_noise(attribute=CO(GT), percentage=0.05) | filter(PT08.S2(NMHC) < 72800000.0000) | map_noise(attribute=NOx(GT), percentage=0.05) | map_aggregate(attribute=NOx(GT), function=avg, window=9) | filter(RH > 0.0001) };7.99386e-01;8.84758e-01;9.20022e-01;Pipeline { map_noise(attribute=CO(GT), percentage=0.05) | filter(PT08.S2(NMHC) < 52100000.0000) | map_noise(attribute=NOx(GT), percentage=0.05) | map_aggregate(attribute=NOx(GT), function=avg, window=9) | filter(RH > 0.0001) };7.95710e-01;8.65562e-01;9.26739e-01;Pipeline { map_noise(attribute=CO(GT), percentage=0.05) | filter(PT08.S2(NMHC) < 72100000.0000) | map_noise(attribute=NOx(GT), percentage=0.05) | map_aggregate(attribute=NOx(GT), function=avg, window=9) | filter(T < 49000.0000) }
datasets/airQuality_parallel.csv;nsga2;4;37;3700;3700;2.70649e+02;100;5;2;1.00000e+00;1.00000e+00;1.00000e+00;8.16501e-01;5.60224e-02;6.65588e-01;Pipeline { map_aggregate(attribute=CO(GT), function=avg, window=6) };7.80055e-01;1.00000e+00;1.00000e+00;Pipeline { map_aggregate(attribute=NOx(GT), function=avg, window=9) };7.80055e-01;1.00000e+00;1.00000e+00;Pipeline { map_aggregate(attribute=NOx(GT), function=avg, window=9) };8.00101e-01;9.97230e-02;6.65288e-01;Pipeline { filter(T > 0.0000) | map_aggregate(attribute=PT08.S1(CO), function=avg, window=6) | map_aggregate(attribute=RH, function=max, window=3) | map_noise(attribute=T, percentage=0.05) | map_aggregate(attribute=CO(GT), function=avg, window=5) | map_noise(attribute=CO(GT), percentage=0.05) };7.93822e-01;8.85981e-01;8.89940e-01;Pipeline { map_noise(attribute=CO(GT), percentage=0.05) | filter(PT08.S2(NMHC) < 73100000.0000) | map_noise(attribute=NOx(GT), percentage=0.05) | map_aggregate(attribute=NOx(GT), function=avg, window=9) | filter(PT08.S2(NMHC) < 49000.0000) };7.99508e-01;8.72727e-01;9.27465e-01;Pipeline { map_noise(attribute=CO(GT), percentage=0.05) | filter(PT08.S2(NMHC) < 72800000.0000) | map_noise(attribute=NOx(GT), percentage=0.05) | map_aggregate(attribute=NOx(GT), function=avg, window=9) | filter(RH > 0.0001) }
datasets/airQuality_parallel.csv;nsga2;4;38;3800;3800;2.77167e+02;100;5;13;1.00000e+00;1.00000e+00;9.90000e-01;8.16501e-01;5.60224e-02;6.65588e-01;Pipeline { map_aggregate(attribute=CO(GT), function=avg, window=6) };7.41322e-01;1.00000e+00;1.00000e+00;Pipeline { map_aggregate(attribute=C6H6(GT), function=avg, window=8) };7.41322e-01;1.00000e+00;1.00000e+00;Pipeline { map_aggregate(attribute=C6H6(GT), function=avg, window=8) };8.00340e-01;9.36567e-01;9.49204e-01;Pipeline { filter(PT08.S4(NO2) < 81000.0000) | map_aggregate(attribute=C6H6(GT), function=avg, window=5) | map_aggregate(attribute=RH, function=max, window=5) | map_noise(attribute=NOx(GT), percentage=0.10) | map_aggregate(attribute=RH, function=max, window=3) | map_aggregate(attribute=T, function=min, window=6) };7.80179e-01;9.00735e-01;9.54868e-01;Pipeline { filter(T > 0.0000) | map_aggregate(attribute=PT08.S1(CO), function=avg, window=6) | map_aggregate(attribute=PT08.S5(O3), function=avg, window=5) | map_aggregate(attribute=T, function=min, window=8) | map_aggregate(attribute=RH, function=avg, window=8) | map_duplicate(probability=0.10) };7.95757e-01;9.36567e-01;9.49014e-01;Pipeline { filter(T > 0.0001) | map_aggregate(attribute=C6H6(GT), function=avg, window=6) | map_aggregate(attribute=RH, function=max, window=5) | map_noise(attribute=NOx(GT), percentage=0.10) | map_aggregate(attribute=RH, function=min, window=3) | map_aggregate(attribute=T, function=min, window=4) }
datasets/airQuality_parallel.csv;nsga2;4;39;3900;3900;2.85966e+02;100;5;12;1.00000e+00;1.00000e+00;9.90000e-01;8.16501e-01;5.60224e-02;6.65588e-01;Pipeline { map_aggregate(attribute=CO(GT), function=avg, window=6) };7.56866e-01;1.00000e+00;1.00000e+00;Pipeline { map_aggregate(attribute=NOx(GT), function=min, window=4) };7.56866e-01;1.00000e+00;1.00000e+00;Pipeline { map_aggregate(attribute=NOx(GT), function=min, window=4) };8.00444e-01;1.04683e-01;6.64500e-01;Pipeline { filter(PT08.S3(NOx) > 0.0000) | map_aggregate(attribute=PT08.S1(CO), function=avg, window=6) | map_aggregate(attribute=RH, function=max, window=5) | map_noise(attribute=CO(GT), percentage=0.01) | map_aggregate(attribute=CO(GT), function=avg, window=5) | map_aggregate(attribute=PT08.S3(NOx), function=min, window=5) };7.80258e-01;9.01099e-01;9.50833e-01;Pipeline { filter(T > 0.0000) | map_aggregate(attribute=PT08.S1(CO), function=avg, window=6) | map_aggregate(attribute=PT08.S5(O3), function=avg, window=5) | map_aggregate(attribute=T, function=min, window=8) | map_aggregate(attribute=RH, function=avg, window=8) | map_duplicate(probability=0.10) };7.95168e-01;9.36567e-01;9.49014e-01;Pipeline { filter(T > 0.0001) | map_aggregate(attribute=C6H6(GT), function=avg, window=6) | map_aggregate(attribute=RH, function=max, window=5) | map_noise(attribute=NOx(GT), percentage=0.10) | map_aggregate(attribute=RH, function=max, window=3) | map_aggregate(attribute=T, function=min, window=6) }
datasets/airQuality_parallel.csv;nsga2;4;40;4000;4000;2.92646e+02;100;7;4;1.00000e+00;1.00000e+00;9.80000e-01;8.16501e-01;5.60224e-02;6.65588e-01;Pipeline { map_aggregate(attribute=CO(GT), function=avg, window=6) };7.56866e-01;1.00000e+00;1.00000e+00;Pipeline { map_aggregate(attribute=NOx(GT), function=min, window=4) };7.56866e-01;1.00000e+00;1.00000e+00;Pipeline { map_aggregate(attribute=NOx(GT), function=min, window=4) };8.00694e-01;8.81801e-01;9.14185e-01;Pipeline { map_noise(attribute=CO(GT), percentage=0.05) | filter(PT08.S2(NMHC) < 52100000.0000) | map_noise(attribute=NOx(GT), percentage=0.05) | map_aggregate(attribute=NOx(GT), function=avg, window=9) | filter(PT08.S5(O3) < 43000.0000) };7.80472e-01;9.06716e-01;9.50049e-01;Pipeline { filter(T > 0.0000) | map_aggregate(attribute=PT08.S1(CO), function=avg, window=6) | map_aggregate(attribute=PT08.S5(O3), function=avg, window=5) | map_aggregate(attribute=NMHC(GT), function=avg, window=7) | map_aggregate(attribute=RH, function=min, window=9) | map_duplicate(probability=0.10) };7.95757e-01;9.36567e-01;9.49014e-01;Pipeline { filter(T > 0.0001) | map_aggregate(attribute=C6H6(GT), function=avg, window=6) | map_aggregate(attribute=RH, function=max, window=5) | map_noise(attribute=NOx(GT), percentage=0.10) | map_aggregate(attribute=RH, function=min, window=3) | map_aggregate(attribute=T, function=min, window=4) }
datasets/airQuality_parallel.csv;nsga2;4;41;4100;4100;3.00118e+02;100;7;8;1.00000e+00;1.00000e+00;9.80000e-01;8.16501e-01;5.60224e-02;6.65588e-01;Pipeline { map_aggregate(attribute=CO(GT), function=avg, window=6) };7.56866e-01;1.00000e+00;1.00000e+00;Pipeline { map_aggregate(attribute=NOx(GT), function=min, window=4) };7.56866e-01;1.00000e+00;1.00000e+00;Pipeline { map_aggregate(attribute=NOx(GT), function=min, window=4) };8.00694e-01;8.81801e-01;9.14185e-01;Pipeline { map_noise(attribute=CO(GT), percentage=0.05) | filter(PT08.S2(NMHC) < 52100000.0000) | map_noise(attribute=NOx(GT), percentage=0.05) | map_aggregate(attribute=NOx(GT), function=avg, window=9) | filter(PT08.S5(O3) < 43000.0000) };7.81388e-01;9.15129e-01;9.50530e-01;Pipeline { filter(T > 0.0000) | map_aggregate(attribute=PT08.S1(CO), function=avg, window=6) | map_aggregate(attribute=PT08.S5(O3), function=avg, window=5) | map_aggregate(attribute=T, function=min, window=8) | map_aggregate(attribute=RH, function=avg, window=3) | map_duplicate(probability=0.10) };7.95168e-01;9.36567e-01;9.49014e-01;Pipeline { filter(T > 0.0001) | map_aggregate(attribute=C6H6(GT), function=avg, window=6) | map_aggregate(attribute=RH, function=max, window=5) | map_noise(attribute=NOx(GT), percentage=0.10) | map_aggregate(attribute=RH, function=max, window=3) | map_aggregate(attribute=T, function=min, window=6) }
datasets/airQuality_parallel.csv;nsga2;4;42;4200;4200;3.07269e+02;100;8;14;1.00000e+00;1.00000e+00;9.80000e-01;8.16501e-01;5.60224e-02;6.65588e-01;Pipeline { map_aggregate(attribute=CO(GT), function=avg, window=6) };7.56866e-01;1.00000e+00;1.00000e+00;Pipeline { map_aggregate(attribute=NOx(GT), function=min, window=4) };7.56866e-01;1.00000e+00;1.00000e+00;Pipeline { map_aggregate(attribute=NOx(GT), function=min, window=4) };8.00840e-01;1.04396e-01;6.65213e-01;Pipeline { filter(PT08.S4(NO2) < 799000.0000) | map_aggregate(attribute=PT08.S1(CO), function=avg, window=6) | map_aggregate(attribute=RH, function=max, window=5) | map_noise(attribute=T, percentage=0.05) | map_aggregate(attribute=CO(GT), function=avg, window=5) | map_noise(attribute=C6H6(GT), percentage=0.01) };7.81388e-01;9.15129e-01;9.50530e-01;Pipeline { filter(T > 0.0000) | map_aggregate(attribute=PT08.S1(CO), function=avg, window=6) | map_aggregate(attribute=PT08.S5(O3), function=avg, window=5) | map_aggregate(attribute=T, function=min, window=8) | map_aggregate(attribute=RH, function=avg, window=3) | map_duplicate(probability=0.10) };8.04205e-01;9.36567e-01;9.49204e-01;Pipeline { map_noise(attribute=PT08.S2(NMHC), percentage=0.05) | filter(PT08.S2(NMHC) < 72100000.0000) | map_noise(attribute=NOx(GT), percentage=0.05) | map_aggregate(attribute=NOx(GT), function=avg, window=9) | filter(T < 139000.0000) }
datasets/airQuality_parallel.csv;nsga2;4;43;4300;4300;3.16143e+02;100;9;12;1.00000e+00;1.00000e+00;9.80000e-01;8.16501e-01;5.60224e-02;6.65588e-01;Pipeline { map_aggregate(attribute=CO(GT), function=avg, window=6) };7.56866e-01;1.00000e+00;1.00000e+00;Pipeline { map_aggregate(attribute=NOx(GT), function=min, window=4) };7.56866e-01;1.00000e+00;1.00000e+00;Pipeline { map_aggregate(attribute=NOx(GT), function=min, window=4) };8.00888e-01;8.80907e-01;8.89091e-01;Pipeline { map_noise(attribute=CO(GT), percentage=0.05) | filter(C6H6(GT) > 0.0003) | map_noise(attribute=PT08.S5(O3), percentage=0.10) | map_aggregate(attribute=NOx(GT), function=avg, window=9) | filter(T < 139000.0000) };8.04538e-01;9.10112e-01;9.28800e-01;Pipeline { map_noise(attribute=PT08.S3(NOx), percentage=0.01) | filter(PT08.S4(NO2) < 72100000.0000) | map_noise(attribute=C6H6(GT), percentage=0.05) | map_aggregate(attribute=NOx(GT), function=avg, window=9) | map_noise(attribute=CO(GT), percentage=0.01) | map_noise(attribute=AH, percentage=0.05) };8.00340e-01;9.36567e-01;9.49204e-01;Pipeline { filter(PT08.S3(NOx) > 0.0001) | map_aggregate(attribute=C6H6(GT), function=avg, window=5) | map_aggregate(attribute=RH, function=max, window=5) | map_noise(attribute=NOx(GT), percentage=0.10) | map_aggregate(attribute=RH, function=max, window=3) | map_aggregate(attribute=T, function=min, window=6) }
datasets/airQuality_parallel.csv;nsga2;4;44;4400;4400;3.23147e+02;100;10;1;1.00000e+00;1.00000e+00;9.90000e-01;8.16501e-01;5.60224e-02;6.65588e-01;Pipeline { map_aggregate(attribute=CO(GT), function=avg, window=6) };7.56866e-01;1.00000e+00;1.00000e+00;Pipeline { map_aggregate(attribute=NOx(GT), function=min, window=4) };7.56866e-01;1.00000e+00;1.00000e+00;Pipeline { map_aggregate(attribute=NOx(GT), function=min, window=4) };8.01388e-01;8.78505e-01;8.80678e-01;Pipeline { map_noise(attribute=CO(GT), percentage=0.05) | filter(PT08.S2(NMHC) < 72100000.0000) | map_noise(attribute=PT08.S5(O3), percentage=0.10) | map_aggregate(attribute=NOx(GT), function=avg, window=9) | filter(T < 179000.0000) };7.80472e-01;9.06716e-01;9.50049e-01;Pipeline { filter(T > 0.0000) | map_aggregate(attribute=PT08.S1(CO), function=avg, window=6) | map_aggregate(attribute=PT08.S5(O3), function=avg, window=5) | map_aggregate(attribute=NMHC(GT), function=avg, window=7) | map_aggregate(attribute=RH, function=min, window=9) | map_duplicate(probability=0.10) };8.04205e-01;9.36567e-01;9.49204e-01;Pipeline { map_noise(attribute=PT08.S2(NMHC), percentage=0.05) | filter(PT08.S2(NMHC) < 72100000.0000) | map_noise(attribute=NOx(GT), percentage=0.05) | map_aggregate(attribute=NOx(GT), function=avg, window=9) | filter(T < 139000.0000) }
datasets/airQuality_parallel.csv;nsga2;4;45;4500;4500;3.29882e+02;100;12;8;1.00000e+00;1.00000e+00;9.80000e-01;8.16501e-01;5.60224e-02;6.65588e-01;Pipeline { map_aggregate(attribute=CO(GT), function=avg, window=6) };7.56866e-01;1.00000e+00;1.00000e+00;Pipeline { map_aggregate(attribute=NOx(GT), function=min, window=4) };7.56866e-01;1.00000e+00;1.00000e+00;Pipeline { map_aggregate(attribute=NOx(GT), function=min, window=4) };8.01511e-01;8.40841e-02;6.52169e-01;Pipeline { map_aggregate(attribute=CO(GT), function=avg, window=10) };7.80258e-01;9.01099e-01;9.50833e-01;Pipeline { filter(T > 0.0000) | map_aggregate(attribute=PT08.S1(CO), function=avg, window=6) | map_aggregate(attribute=PT08.S5(O3), function=avg, window=5) | map_aggregate(attribute=T, function=min, window=8) | map_aggregate(attribute=RH, function=avg, window=8) | map_duplicate(probability=0.10) };8.00801e-01;8.68275e-01;9.36871e-01;Pipeline { map_noise(attribute=CO(GT), percentage=0.05) | filter(PT08.S4(NO2) < 72100000.0000) | map_noise(attribute=NOx(GT), percentage=0.05) | map_aggregate(attribute=NOx(GT), function=avg, window=9) | map_noise(attribute=CO(GT), percentage=0.01) | map_noise(attribute=AH, percentage=0.05) }
datasets/airQuality_parallel.csv;nsga2;4;46;4600;4600;3.36937e+02;100;12;12;1.00000e+00;1.00000e+00;9.80000e-01;8.16501e-01;5.60224e-02;6.65588e-01;Pipeline { map_aggregate(attribute=CO(GT), function=avg, window=6) };7.56866e-01;1.00000e+00;1.00000e+00;Pipeline { map_aggregate(attribute=NOx(GT), function=min, window=4) };7.56866e-01;1.00000e+00;1.00000e+00;Pipeline { map_aggregate(attribute=NOx(GT), function=min, window=4) };8.01858e-01;8.66792e-01;9.17004e-01;Pipeline { map_noise(attribute=CO(GT), percentage=0.05) | filter(PT08.S4(NO2) < 7210.0000) | map_noise(attribute=NOx(GT), percentage=0.05) | map_aggregate(attribute=NOx(GT), function=avg, window=9) | filter(RH > 0.0001) };7.80258e-01;9.01099e-01;9.50833e-01;Pipeline { filter(T > 0.0000) | map_aggregate(attribute=PT08.S1(CO), function=avg, window=6) | map_aggregate(attribute=PT08.S5(O3), function=avg, window=5) | map_aggregate(attribute=T, function=min, window=8) | map_aggregate(attribute=RH, function=avg, window=8) | map_duplicate(probability=0.10) };8.00801e-01;8.68275e-01;9.36871e-01;Pipeline { map_noise(attribute=CO(GT), percentage=0.05) | filter(PT08.S4(NO2) < 72100000.0000) | map_noise(attribute=NOx(GT), percentage=0.05) | map_aggregate(attribute=NOx(GT), function=avg, window=9) | map_noise(attribute=CO(GT), percentage=0.01) | map_noise(attribute=AH, percentage=0.05) }
datasets/airQuality_parallel.csv;nsga2;4;47;4700;4700;3.44422e+02;100;14;9;1.00000e+00;1.00000e+00;9.80000e-01;8.16501e-01;5.60224e-02;6.65588e-01;Pipeline { map_aggregate(attribute=CO(GT), function=avg, window=6) };7.56866e-01;1.00000e+00;1.00000e+00;Pipeline { map_aggregate(attribute=NOx(GT), function=min, window=4) };7.56866e-01;1.00000e+00;1.00000e+00;Pipeline { map_aggregate(attribute=NOx(GT), function=min, window=4) };8.02754e-01;8.67514e-01;8.96504e-01;Pipeline { map_noise(attribute=CO(GT), percentage=0.05) | filter(PT08.S2(NMHC) < 5210000000.0000) | map_noise(attribute=RH, percentage=0.25) | map_aggregate(attribute=NOx(GT), function=avg, window=9) | filter(RH > 0.0000) };7.80472e-01;9.06716e-01;9.50049e-01;Pipeline { filter(T > 0.0000) | map_aggregate(attribute=PT08.S1(CO), function=avg, window=6) | map_aggregate(attribute=PT08.S5(O3), function=avg, window=5) | map_aggregate(attribute=NMHC(GT), function=avg, window=7) | map_aggregate(attribute=RH, function=min, window=9) | map_duplicate(probability=0.10) };8.00801e-01;8.68275e-01;9.36871e-01;Pipeline { map_noise(attribute=CO(GT), percentage=0.05) | filter(PT08.S4(NO2) < 72100000.0000) | map_noise(attribute=NOx(GT), percentage=0.05) | map_aggregate(attribute=NOx(GT), function=avg, window=9) | map_noise(attribute=CO(GT), percentage=0.01) | map_noise(attribute=AH, percentage=0.05) }
datasets/airQuality_parallel.csv;nsga2;4;48;4800;4800;3.51641e+02;100;15;12;1.00000e+00;1.00000e+00;9.80000e-01;8.16501e-01;5.60224e-02;6.65588e-01;Pipeline { map_aggregate(attribute=CO(GT), function=avg, window=6) };7.56866e-01;1.00000e+00;1.00000e+00;Pipeline { map_aggregate(attribute=NOx(GT), function=min, window=4) };7.56866e-01;1.00000e+00;1.00000e+00;Pipeline { map_aggregate(attribute=NOx(GT), function=min, window=4) };8.03150e-01;9.52381e-02;6.63867e-01;Pipeline { filter(T > 0.8920) | map_aggregate(attribute=PT08.S1(CO), function=avg, window=6) | map_aggregate(attribute=RH, function=max, window=3) | map_noise(attribute=T, percentage=0.05) | map_aggregate(attribute=CO(GT), function=avg, window=5) | map_noise(attribute=CO(GT), percentage=0.05) };7.80472e-01;9.06716e-01;9.50049e-01;Pipeline { filter(T > 0.0000) | map_aggregate(attribute=PT08.S1(CO), function=avg, window=6) | map_aggregate(attribute=PT08.S5(O3), function=avg, window=5) | map_aggregate(attribute=NMHC(GT), function=avg, window=7) | map_aggregate(attribute=RH, function=min, window=9) | map_duplicate(probability=0.10) };8.02551e-01;8.75233e-01;9.45633e-01;Pipeline { map_noise(attribute=CO(GT), percentage=0.05) | filter(AH < 8.5100) | map_noise(attribute=PT08.S5(O3), percentage=0.10) | map_aggregate(attribute=NOx(GT), function=avg, window=9) | filter(T < 139000.0000) }
datasets/airQuality_parallel.csv;nsga2;4;49;4900;4900;3.59195e+02;100;16;5;1.00000e+00;1.00000e+00;9.80000e-01;8.16501e-01;5.60224e-02;6.65588e-01;Pipeline { map_aggregate(attribute=CO(GT), function=avg, window=6) };7.56866e-01;1.00000e+00;1.00000e+00;Pipeline { map_aggregate(attribute=NOx(GT), function=min, window=4) };7.56866e-01;1.00000e+00;1.00000e+00;Pipeline { map_aggregate(attribute=NOx(GT), function=min, window=4) };8.03330e-01;8.89306e-01;8.72447e-01;Pipeline { map_noise(attribute=CO(GT), percentage=0.05) | filter(PT08.S2(NMHC) < 73100000.0000) | map_noise(attribute=PT08.S2(NMHC), percentage=0.10) | map_aggregate(attribute=NOx(GT), function=avg, window=9) | filter(PT08.S5(O3) < 49000.0000) };7.80472e-01;9.06716e-01;9.50049e-01;Pipeline { filter(T > 0.0000) | map_aggregate(attribute=PT08.S1(CO), function=avg, window=6) | map_aggregate(attribute=PT08.S5(O3), function=avg, window=5) | map_aggregate(attribute=NMHC(GT), function=avg, window=7) | map_aggregate(attribute=RH, function=min, window=9) | map_duplicate(probability=0.10) };8.00801e-01;8.68275e-01;9.36871e-01;Pipeline { map_noise(attribute=CO(GT), percentage=0.05) | filter(PT08.S4(NO2) < 72100000.0000) | map_noise(attribute=NOx(GT), percentage=0.05) | map_aggregate(attribute=NOx(GT), function=avg, window=9) | map_noise(attribute=CO(GT), percentage=0.01) | map_noise(attribute=AH, percentage=0.05) }
datasets/airQuality_parallel.csv;nsga2;4;50;5000;5000;3.66458e+02;100;17;1;1.00000e+00;1.00000e+00;9.80000e-01;8.16501e-01;5.60224e-02;6.65588e-01;Pipeline { map_aggregate(attribute=CO(GT), function=avg, window=6) };7.79352e-01;1.00000e+00;1.00000e+00;Pipeline { map_aggregate(attribute=NOx(GT), function=avg, window=8) };7.79352e-01;1.00000e+00;1.00000e+00;Pipeline { map_aggregate(attribute=NOx(GT), function=avg, window=8) };8.04128e-01;8.41121e-01;8.94812e-01;Pipeline { map_noise(attribute=CO(GT), percentage=0.05) | filter(PT08.S4(NO2) < 72100000.0000) | map_noise(attribute=NOx(GT), percentage=0.05) | map_aggregate(attribute=NOx(GT), function=avg, window=9) | map_noise(attribute=CO(GT), percentage=0.05) | map_noise(attribute=AH, percentage=0.25) };8.04538e-01;9.10112e-01;9.28800e-01;Pipeline { map_noise(attribute=PT08.S3(NOx), percentage=0.01) | filter(PT08.S4(NO2) < 72100000.0000) | map_noise(attribute=C6H6(GT), percentage=0.05) | map_aggregate(attribute=NOx(GT), function=avg, window=9) | map_noise(attribute=CO(GT), percentage=0.01) | map_noise(attribute=AH, percentage=0.05) };8.04631e-01;8.74074e-01;9.41008e-01;Pipeline { map_noise(attribute=CO(GT), percentage=0.05) | filter(PT08.S2(NMHC) < 72100000.0000) | map_noise(attribute=PT08.S5(O3), percentage=0.10) | map_aggregate(attribute=NOx(GT), function=avg, window=10) | filter(T < 109000.0000) }
datasets/airQuality_parallel.csv;nsga2;5;1;100;100;9.25000e+00;100;9;58;9.80000e-01;9.80000e-01;3.40000e-01;7.57939e-01;8.45361e-01;9.16978e-01;Pipeline { map_noise(attribute=NMHC(GT), percentage=0.10) | map_noise(attribute=CO(GT), percentage=0.10) };6.11470e-01;1.00000e+00;9.22924e-01;Pipeline { filter(NOx(GT) > 0.0000) | filter(NOx(GT) < 2190000000.0000) };7.37862e-01;1.00000e+00;1.00000e+00;Pipeline { map_noise(attribute=NOx(GT), percentage=0.25) };5.69123e-01;9.15663e-01;8.72199e-01;Pipeline { map_noise(attribute=CO(GT), percentage=0.05) | map_duplicate(probability=0.30) | map_noise(attribute=AH, percentage=0.01) | map_noise(attribute=C6H6(GT), percentage=0.10) };4.45444e-01;9.03346e-01;7.66771e-01;Pipeline { map_duplicate(probability=0.80) | filter(PT08.S5(O3) > 0.0000) | map_noise(attribute=NOx(GT), percentage=0.10) };4.45444e-01;9.03346e-01;7.66771e-01;Pipeline { map_duplicate(probability=0.80) | filter(PT08.S5(O3) > 0.0000) | map_noise(attribute=NOx(GT), percentage=0.10) }
datasets/airQuality_parallel.csv;nsga2;5;2;200;200;1.68660e+01;100;1;2;9.80000e-01;9.80000e-01;7.00000e-01;7.80055e-01;1.00000e+00;1.00000e+00;Pipeline { map_aggregate(attribute=NOx(GT), function=avg, window=9) };6.11470e-01;1.00000e+00;9.22924e-01;Pipeline { filter(NOx(GT) > 0.0000) | filter(NOx(GT) < 2190000000.0000) };7.37862e-01;1.00000e+00;1.00000e+00;Pipeline { map_noise(attribute=NOx(GT), percentage=0.25) };7.41322e-01;1.00000e+00;1.00000e+00;Pipeline { map_aggregate(attribute=PT08.S3(NOx), function=avg, window=7) | map_noise(attribute=NMHC(GT), percentage=0.01) };7.41322e-01;1.00000e+00;1.00000e+00;Pipeline { map_noise(attribute=T, percentage=0.05) };7.41322e-01;1.00000e+00;1.00000e+00;Pipeline { map_aggregate(attribute=PT08.S3(NOx), function=min, window=6) }
datasets/airQuality_parallel.csv;nsga2;5;3;300;300;2.55800e+01;100;1;1;1.00000e+00;1.00000e+00;2.40000e-01;7.81075e-01;1.00000e+00;1.00000e+00;Pipeline { map_aggregate(attribute=NOx(GT), function=avg, window=10) };7.20776e-01;1.00000e+00;1.00000e+00;Pipeline { map_aggregate(attribute=PT08.S3(NOx), function=max, window=6) };7.20776e-01;1.00000e+00;1.00000e+00;Pipeline { map_aggregate(attribute=PT08.S3(NOx), function=max, window=6) };7.41322e-01;1.00000e+00;1.00000e+00;Pipeline { map_noise(attribute=PT08.S3(NOx), percentage=0.10) };7.41322e-01;1.00000e+00;1.00000e+00;Pipeline { map_noise(attribute=T, percentage=0.05) };7.41322e-01;1.00000e+00;1.00000e+00;Pipeline { map_noise(attribute=T, percentage=0.05) }
datasets/airQuality_parallel.csv;nsga2;5;4;400;400;3.13270e+01;100;3;71;1.00000e+00;1.00000e+00;2.70000e-01;7.98433e-01;2.25352e-01;8.80488e-01;Pipeline { map_aggregate(attribute=PT08.S3(NOx), function=avg, window=7) | map_aggregate(attribute=NO2(GT), function=min, window=4) };7.41322e-01;1.00000e+00;1.00000e+00;Pipeline { map_aggregate(attribute=PT08.S5(O3), function=max, window=6) };7.41322e-01;1.00000e+00;1.00000e+00;Pipeline { map_aggregate(attribute=PT08.S5(O3), function=max, window=6) };7.56866e-01;1.00000e+00;1.00000e+00;Pipeline { map_aggregate(attribute=PT08.S2(NMHC), function=avg, window=7) | map_aggregate(attribute=NOx(GT), function=min, window=4) };7.41322e-01;1.00000e+00;1.00000e+00;Pipeline { map_aggregate(attribute=RH, function=min, window=9) };7.41322e-01;1.00000e+00;1.00000e+00;Pipeline { map_aggregate(attribute=RH, function=min, window=9) }
datasets/airQuality_parallel.csv;nsga2;5;5;500;500;3.81360e+01;100;5;57;1.00000e+00;1.00000e+00;3.60000e-01;8.16446e-01;5.17241e-02;6.61158e-01;Pipeline { map_aggregate(attribute=AH, function=max, window=5) | map_aggregate(attribute=CO(GT), function=avg, window=7) };7.41322e-01;1.00000e+00;1.00000e+00;Pipeline { map_aggregate(attribute=AH, function=max, window=9) };7.41322e-01;1.00000e+00;1.00000e+00;Pipeline { map_aggregate(attribute=AH, function=max, window=9) };7.65560e-01;9.36567e-01;9.49204e-01;Pipeline { filter(AH < 2.7400) | map_aggregate(attribute=T, function=min, window=3) | map_aggregate(attribute=PT08.S3(NOx), function=avg, window=9) | map_aggregate(attribute=T, function=min, window=5) | map_aggregate(attribute=RH, function=min, window=8) };7.41322e-01;1.00000e+00;1.00000e+00;Pipeline { map_aggregate(attribute=PT08.S5(O3), function=max, window=10) };7.41322e-01;1.00000e+00;1.00000e+00;Pipeline { map_aggregate(attribute=PT08.S5(O3), function=max, window=10) }
datasets/airQuality_parallel.csv;nsga2;5;6;600;600;4.41620e+01;100;7;25;1.00000e+00;1.00000e+00;5.00000e-01;8.23944e-01;4.50355e-01;9.23203e-01;Pipeline { map_aggregate(attribute=NO2(GT), function=avg, window=10) | map_aggregate(attribute=NOx(GT), function=min, window=4) };7.41322e-01;1.00000e+00;1.00000e+00;Pipeline { map_aggregate(attribute=RH, function=avg, window=8) };7.41322e-01;1.00000e+00;1.00000e+00;Pipeline { map_aggregate(attribute=RH, function=avg, window=8) };7.79511e-01;4.50355e-01;9.23203e-01;Pipeline { map_aggregate(attribute=AH, function=max, window=5) | map_aggregate(attribute=NO2(GT), function=avg, window=10) };7.47952e-01;1.00000e+00;1.00000e+00;Pipeline { map_aggregate(attribute=PT08.S5(O3), function=min, window=3) | map_noise(attribute=NOx(GT), percentage=0.25) };7.47952e-01;1.00000e+00;1.00000e+00;Pipeline { map_aggregate(attribute=PT08.S5(O3), function=min, window=3) | map_noise(attribute=NOx(GT), percentage=0.25) }
datasets/airQuality_parallel.csv;nsga2;5;7;700;700;5.07550e+01;100;11;3;1.00000e+00;1.00000e+00;5.50000e-01;8.23944e-01;4.50355e-01;9.23203e-01;Pipeline { map_aggregate(attribute=NO2(GT), function=avg, window=10) | map_aggregate(attribute=NOx(GT), function=min, window=4) };7.51266e-01;1.00000e+00;1.00000e+00;Pipeline { map_aggregate(attribute=PT08.S2(NMHC), function=min, window=9) | map_noise(attribute=NOx(GT), percentage=0.25) };7.51266e-01;1.00000e+00;1.00000e+00;Pipeline { map_aggregate(attribute=PT08.S2(NMHC), function=min, window=9) | map_noise(attribute=NOx(GT), percentage=0.25) };7.87679e-01;1.00000e+00;1.00000e+00;Pipeline { map_aggregate(attribute=PT08.S1(CO), function=min, window=6) | map_aggregate(attribute=NOx(GT), function=avg, window=4) };7.87679e-01;1.00000e+00;1.00000e+00;Pipeline { map_aggregate(attribute=PT08.S1(CO), function=min, window=5) | map_aggregate(attribute=NOx(GT), function=avg, window=4) };7.87679e-01;1.00000e+00;1.00000e+00;Pipeline { map_aggregate(attribute=PT08.S1(CO), function=min, window=5) | map_aggregate(attribute=NOx(GT), function=avg, window=4) }
datasets/airQuality_parallel.csv;nsga2;5;8;800;800;5.70680e+01;100;20;2;1.00000e+00;1.00000e+00;5.60000e-01;8.28357e-01;8.40841e-02;6.52169e-01;Pipeline { map_aggregate(attribute=CO(GT), function=avg, window=10) | map_aggregate(attribute=NOx(GT), function=avg, window=4) };7.65774e-01;1.00000e+00;1.00000e+00;Pipeline { map_aggregate(attribute=NOx(GT), function=max, window=4) | map_aggregate(attribute=NOx(GT), function=min, window=4) };7.65774e-01;1.00000e+00;1.00000e+00;Pipeline { map_aggregate(attribute=NOx(GT), function=max, window=4) | map_aggregate(attribute=NOx(GT), function=min, window=4) };7.92120e-01;1.00000e+00;1.00000e+00;Pipeline { map_aggregate(attribute=PT08.S3(NOx), function=min, window=5) | map_aggregate(attribute=NOx(GT), function=avg, window=4) };7.92120e-01;1.00000e+00;1.00000e+00;Pipeline { map_aggregate(attribute=AH, function=avg, window=5) | map_aggregate(attribute=NOx(GT), function=avg, window=4) };7.92120e-01;1.00000e+00;1.00000e+00;Pipeline { map_aggregate(attribute=AH, function=avg, window=5) | map_aggregate(attribute=NOx(GT), function=avg, window=4) }
datasets/airQuality_parallel.csv;nsga2;5;9;900;900;6.37720e+01;100;6;1;1.00000e+00;1.00000e+00;5.20000e-01;8.28357e-01;8.40841e-02;6.52169e-01;Pipeline { map_aggregate(attribute=CO(GT), function=avg, window=10) | map_aggregate(attribute=NOx(GT), function=avg, window=4) };7.67977e-01;1.00000e+00;1.00000e+00;Pipeline { map_aggregate(attribute=PT08.S2(NMHC), function=avg, window=9) | map_aggregate(attribute=NOx(GT), function=avg, window=7) };7.67977e-01;1.00000e+00;1.00000e+00;Pipeline { map_aggregate(attribute=PT08.S2(NMHC), function=avg, window=9) | map_aggregate(attribute=NOx(GT), function=avg, window=7) };7.93024e-01;4.68085e-01;9.30443e-01;Pipeline { map_aggregate(attribute=PT08.S2(NMHC), function=avg, window=7) | map_aggregate(attribute=NO2(GT), function=avg, window=7) };7.92120e-01;1.00000e+00;1.00000e+00;Pipeline { map_aggregate(attribute=PT08.S3(NOx), function=min, window=7) | map_aggregate(attribute=NOx(GT), function=avg, window=4) };7.92120e-01;1.00000e+00;1.00000e+00;Pipeline { map_aggregate(attribute=PT08.S3(NOx), function=min, window=7) | map_aggregate(attribute=NOx(GT), function=avg, window=4) }
datasets/airQuality_parallel.csv;nsga2;5;10;1000;1000;7.09430e+01;100;9;6;1.00000e+00;1.00000e+00;3.80000e-01;8.28357e-01;8.40841e-02;6.52169e-01;Pipeline { map_aggregate(attribute=CO(GT), function=avg, window=10) | map_aggregate(attribute=NOx(GT), function=avg, window=4) };7.80475e-01;1.00000e+00;1.00000e+00;Pipeline { map_aggregate(attribute=AH, function=min, window=7) | map_aggregate(attribute=NOx(GT), function=avg, window=7) };7.80475e-01;1.00000e+00;1.00000e+00;Pipeline { map_aggregate(attribute=AH, function=min, window=7) | map_aggregate(attribute=NOx(GT), function=avg, window=7) };8.00138e-01;1.24352e-01;6.72845e-01;Pipeline { map_aggregate(attribute=CO(GT), function=avg, window=5) };7.92120e-01;1.00000e+00;1.00000e+00;Pipeline { map_noise(attribute=RH, percentage=0.05) | map_aggregate(attribute=NOx(GT), function=avg, window=4) };7.92120e-01;1.00000e+00;1.00000e+00;Pipeline { map_noise(attribute=RH, percentage=0.05) | map_aggregate(attribute=NOx(GT), function=avg, window=4) }
datasets/airQuality_parallel.csv;nsga2;5;11;1100;1100;7.75050e+01;100;9;12;1.00000e+00;9.90000e-01;2.70000e-01;8.28357e-01;8.40841e-02;6.52169e-01;Pipeline { map_aggregate(attribute=CO(GT), function=avg, window=10) | map_aggregate(attribute=NOx(GT), function=avg, window=4) };7.87679e-01;1.00000e+00;1.00000e+00;Pipeline { map_aggregate(attribute=PT08.S1(CO), function=min, window=6) | map_aggregate(attribute=NOx(GT), function=avg, window=4) };7.87679e-01;1.00000e+00;1.00000e+00;Pipeline { map_aggregate(attribute=PT08.S1(CO), function=min, window=6) | map_aggregate(attribute=NOx(GT), function=avg, window=4) };8.02584e-01;1.24352e-01;6.72845e-01;Pipeline { map_aggregate(attribute=CO(GT), function=avg, window=5) | map_aggregate(attribute=NOx(GT), function=avg, window=4) };7.92120e-01;1.00000e+00;1.00000e+00;Pipeline { map_noise(attribute=PT08.S3(NOx), percentage=0.01) | map_aggregate(attribute=NOx(GT), function=avg, window=4) };7.92120e-01;1.00000e+00;1.00000e+00;Pipeline { map_noise(attribute=PT08.S3(NOx), percentage=0.01) | map_aggregate(attribute=NOx(GT), function=avg, window=4) }
datasets/airQuality_parallel.csv;nsga2;5;12;1200;1200;8.47340e+01;100;13;7;1.00000e+00;1.00000e+00;2.90000e-01;8.28357e-01;8.40841e-02;6.52169e-01;Pipeline { map_aggregate(attribute=CO(GT), function=avg, window=10) | map_aggregate(attribute=NOx(GT), function=avg, window=4) };7.91311e-01;1.00000e+00;1.00000e+00;Pipeline { map_noise(attribute=NOx(GT), percentage=0.05) | map_aggregate(attribute=NOx(GT), function=avg, window=4) };7.91311e-01;1.00000e+00;1.00000e+00;Pipeline { map_noise(attribute=NOx(GT), percentage=0.05) | map_aggregate(attribute=NOx(GT), function=avg, window=4) };8.10014e-01;8.40841e-02;6.52169e-01;Pipeline { map_aggregate(attribute=CO(GT), function=avg, window=10) | map_aggregate(attribute=NOx(GT), function=min, window=4) };7.92120e-01;1.00000e+00;1.00000e+00;Pipeline { map_aggregate(attribute=NMHC(GT), function=min, window=3) | map_aggregate(attribute=NOx(GT), function=avg, window=4) };7.92120e-01;1.00000e+00;1.00000e+00;Pipeline { map_aggregate(attribute=NMHC(GT), function=min, window=3) | map_aggregate(attribute=NOx(GT), function=avg, window=4) }
datasets/airQuality_parallel.csv;nsga2;5;13;1300;1300;9.15380e+01;100;15;33;1.00000e+00;1.00000e+00;2.80000e-01;8.28357e-01;8.40841e-02;6.52169e-01;Pipeline { map_aggregate(attribute=CO(GT), function=avg, window=10) | map_aggregate(attribute=NOx(GT), function=avg, window=4) };7.92120e-01;1.00000e+00;1.00000e+00;Pipeline { map_noise(attribute=PT08.S3(NOx), percentage=0.01) | map_aggregate(attribute=NOx(GT), function=avg, window=4) };7.92120e-01;1.00000e+00;1.00000e+00;Pipeline { map_noise(attribute=PT08.S3(NOx), percentage=0.01) | map_aggregate(attribute=NOx(GT), function=avg, window=4) };8.16446e-01;5.17241e-02;6.61158e-01;Pipeline { map_aggregate(attribute=AH, function=max, window=5) | map_aggregate(attribute=CO(GT), function=avg, window=7) };7.92120e-01;1.00000e+00;1.00000e+00;Pipeline { map_noise(attribute=T, percentage=0.01) | map_aggregate(attribute=NOx(GT), function=avg, window=4) };7.92120e-01;1.00000e+00;1.00000e+00;Pipeline { map_noise(attribute=T, percentage=0.01) | map_aggregate(attribute=NOx(GT), function=avg, window=4) }
datasets/airQuality_parallel.csv;nsga2;5;14;1400;1400;9.82270e+01;100;17;16;1.00000e+00;1.00000e+00;3.10000e-01;8.28357e-01;8.40841e-02;6.52169e-01;Pipeline { map_aggregate(attribute=CO(GT), function=avg, window=10) | map_aggregate(attribute=NOx(GT), function=avg, window=4) };7.92120e-01;1.00000e+00;1.00000e+00;Pipeline { map_aggregate(attribute=RH, function=avg, window=9) | map_aggregate(attribute=NOx(GT), function=avg, window=4) };7.92120e-01;1.00000e+00;1.00000e+00;Pipeline { map_aggregate(attribute=RH, function=avg, window=9) | map_aggregate(attribute=NOx(GT), function=avg, window=4) };8.16446e-01;5.17241e-02;6.61158e-01;Pipeline { map_aggregate(attribute=AH, function=avg, window=5) | map_aggregate(attribute=CO(GT), function=avg, window=7) };7.97007e-01;4.83126e-01;9.18060e-01;Pipeline { map_aggregate(attribute=NOx(GT), function=avg, window=5) | map_aggregate(attribute=NO2(GT), function=avg, window=9) };7.93024e-01;4.68085e-01;9.30443e-01;Pipeline { map_aggregate(attribute=PT08.S2(NMHC), function=avg, window=7) | map_aggregate(attribute=NO2(GT), function=avg, window=7) }
datasets/airQuality_parallel.csv;nsga2;5;15;1500;1500;1.05142e+02;100;19;1;1.00000e+00;1.00000e+00;2.80000e-01;8.28357e-01;8.40841e-02;6.52169e-01;Pipeline { map_aggregate(attribute=CO(GT), function=avg, window=10) | map_aggregate(attribute=NOx(GT), function=avg, window=4) };7.92120e-01;1.00000e+00;1.00000e+00;Pipeline { map_noise(attribute=C6H6(GT), percentage=0.01) | map_aggregate(attribute=NOx(GT), function=avg, window=4) };7.92120e-01;1.00000e+00;1.00000e+00;Pipeline { map_noise(attribute=C6H6(GT), percentage=0.01) | map_aggregate(attribute=NOx(GT), function=avg, window=4) };8.16446e-01;5.17241e-02;6.61158e-01;Pipeline { map_aggregate(attribute=AH, function=max, window=8) | map_aggregate(attribute=CO(GT), function=avg, window=7) };7.96088e-01;4.82270e-01;9.23203e-01;Pipeline { map_aggregate(attribute=PT08.S1(CO), function=avg, window=10) | map_aggregate(attribute=NO2(GT), function=avg, window=8) };8.08579e-01;4.50355e-01;9.23203e-01;Pipeline { map_aggregate(attribute=NOx(GT), function=avg, window=9) | map_aggregate(attribute=NO2(GT), function=avg, window=10) }
datasets/airQuality_parallel.csv;nsga2;5;16;1600;1600;1.11402e+02;100;6;58;1.00000e+00;1.00000e+00;2.80000e-01;8.28357e-01;8.40841e-02;6.52169e-01;Pipeline { map_aggregate(attribute=CO(GT), function=avg, window=10) | map_aggregate(attribute=NOx(GT), function=avg, window=4) };7.92150e-01;1.00000e+00;1.00000e+00;Pipeline { map_noise(attribute=NOx(GT), percentage=0.01) | map_aggregate(attribute=NOx(GT), function=avg, window=4) };7.92150e-01;1.00000e+00;1.00000e+00;Pipeline { map_noise(attribute=NOx(GT), percentage=0.01) | map_aggregate(attribute=NOx(GT), function=avg, window=4) };8.16501e-01;5.60224e-02;6.65588e-01;Pipeline { map_aggregate(attribute=PT08.S3(NOx), function=avg, window=5) | map_aggregate(attribute=CO(GT), function=avg, window=6) };7.96088e-01;4.82270e-01;9.23203e-01;Pipeline { map_aggregate(attribute=PT08.S5(O3), function=avg, window=6) | map_aggregate(attribute=NO2(GT), function=avg, window=8) };7.96088e-01;4.82270e-01;9.23203e-01;Pipeline { map_aggregate(attribute=PT08.S1(CO), function=avg, window=9) | map_aggregate(attribute=NO2(GT), function=avg, window=8) }
datasets/airQuality_parallel.csv;nsga2;5;17;1700;1700;1.18378e+02;100;6;54;1.00000e+00;1.00000e+00;2.70000e-01;8.28357e-01;8.40841e-02;6.52169e-01;Pipeline { map_aggregate(attribute=CO(GT), function=avg, window=10) | map_aggregate(attribute=NOx(GT), function=avg, window=4) };7.92854e-01;1.00000e+00;1.00000e+00;Pipeline { map_noise(attribute=NOx(GT), percentage=0.10) | map_aggregate(attribute=NOx(GT), function=avg, window=4) };7.92854e-01;1.00000e+00;1.00000e+00;Pipeline { map_noise(attribute=NOx(GT), percentage=0.10) | map_aggregate(attribute=NOx(GT), function=avg, window=4) };8.16501e-01;5.60224e-02;6.65588e-01;Pipeline { map_aggregate(attribute=PT08.S3(NOx), function=avg, window=5) | map_aggregate(attribute=CO(GT), function=avg, window=6) };8.05130e-01;4.82270e-01;9.23203e-01;Pipeline { map_aggregate(attribute=NOx(GT), function=avg, window=9) | map_aggregate(attribute=NO2(GT), function=avg, window=8) };7.97698e-01;4.83126e-01;9.18060e-01;Pipeline { map_aggregate(attribute=PT08.S1(CO), function=avg, window=10) | map_aggregate(attribute=NO2(GT), function=avg, window=9) }
datasets/airQuality_parallel.csv;nsga2;5;18;1800;1800;1.24704e+02;100;5;16;1.00000e+00;1.00000e+00;3.60000e-01;8.28357e-01;8.40841e-02;6.52169e-01;Pipeline { map_aggregate(attribute=CO(GT), function=avg, window=10) | map_aggregate(attribute=NOx(GT), function=avg, window=4) };7.82109e-01;1.00000e+00;1.00000e+00;Pipeline { map_noise(attribute=NO2(GT), percentage=0.05) | map_aggregate(attribute=NOx(GT), function=avg, window=9) };7.82109e-01;1.00000e+00;1.00000e+00;Pipeline { map_noise(attribute=NO2(GT), percentage=0.05) | map_aggregate(attribute=NOx(GT), function=avg, window=9) };8.16501e-01;5.60224e-02;6.65588e-01;Pipeline { map_aggregate(attribute=RH, function=max, window=6) | map_aggregate(attribute=CO(GT), function=avg, window=6) };7.96088e-01;4.82270e-01;9.23203e-01;Pipeline { map_aggregate(attribute=PT08.S1(CO), function=avg, window=8) | map_aggregate(attribute=NO2(GT), function=avg, window=8) };7.96088e-01;4.82270e-01;9.23203e-01;Pipeline { map_aggregate(attribute=PT08.S1(CO), function=avg, window=3) | map_aggregate(attribute=NO2(GT), function=avg, window=8) }
datasets/airQuality_parallel.csv;nsga2;5;19;1900;1900;1.32145e+02;100;6;56;1.00000e+00;1.00000e+00;3.40000e-01;8.28357e-01;8.40841e-02;6.52169e-01;Pipeline { map_aggregate(attribute=CO(GT), function=avg, window=10) | map_aggregate(attribute=NOx(GT), function=avg, window=4) };7.92120e-01;1.00000e+00;1.00000e+00;Pipeline { map_noise(attribute=PT08.S2(NMHC), percentage=0.10) | map_aggregate(attribute=NOx(GT), function=avg, window=4) };7.92120e-01;1.00000e+00;1.00000e+00;Pipeline { map_noise(attribute=PT08.S2(NMHC), percentage=0.10) | map_aggregate(attribute=NOx(GT), function=avg, window=4) };8.16501e-01;5.60224e-02;6.65588e-01;Pipeline { map_aggregate(attribute=RH, function=max, window=6) | map_aggregate(attribute=CO(GT), function=avg, window=6) };7.96088e-01;4.82270e-01;9.23203e-01;Pipeline { map_aggregate(attribute=PT08.S4(NO2), function=min, window=10) | map_aggregate(attribute=NO2(GT), function=avg, window=8) };7.96088e-01;4.82270e-01;9.23203e-01;Pipeline { map_aggregate(attribute=PT08.S5(O3), function=avg, window=6) | map_aggregate(attribute=NO2(GT), function=avg, window=8) }
datasets/airQuality_parallel.csv;nsga2;5;20;2000;2000;1.38652e+02;100;8;67;1.00000e+00;1.00000e+00;3.60000e-01;8.28357e-01;8.40841e-02;6.52169e-01;Pipeline { map_aggregate(attribute=CO(GT), function=avg, window=10) | map_aggregate(attribute=NOx(GT), function=avg, window=4) };7.92120e-01;1.00000e+00;1.00000e+00;Pipeline { map_aggregate(attribute=NMHC(GT), function=avg, window=4) | map_aggregate(attribute=NOx(GT), function=avg, window=4) };7.92120e-01;1.00000e+00;1.00000e+00;Pipeline { map_aggregate(attribute=NMHC(GT), function=avg, window=4) | map_aggregate(attribute=NOx(GT), function=avg, window=4) };8.16501e-01;5.60224e-02;6.65588e-01;Pipeline { map_noise(attribute=PT08.S1(CO), percentage=0.05) | map_aggregate(attribute=CO(GT), function=avg, window=6) };7.97602e-01;5.20354e-01;9.54126e-01;Pipeline { map_aggregate(attribute=NO2(GT), function=avg, window=5) | map_aggregate(attribute=NOx(GT), function=min, window=4) };8.03695e-01;4.68085e-01;9.30443e-01;Pipeline { map_aggregate(attribute=NOx(GT), function=avg, window=9) | map_aggregate(attribute=NO2(GT), function=avg, window=7) }
datasets/airQuality_parallel.csv;nsga2;5;21;2100;2100;1.45184e+02;100;10;57;1.00000e+00;1.00000e+00;3.70000e-01;8.28357e-01;8.40841e-02;6.52169e-01;Pipeline { map_aggregate(attribute=CO(GT), function=avg, window=10) | map_aggregate(attribute=NOx(GT), function=avg, window=4) };7.92120e-01;1.00000e+00;1.00000e+00;Pipeline { map_noise(attribute=C6H6(GT), percentage=0.10) | map_aggregate(attribute=NOx(GT), function=avg, window=4) };7.92120e-01;1.00000e+00;1.00000e+00;Pipeline { map_noise(attribute=C6H6(GT), percentage=0.10) | map_aggregate(attribute=NOx(GT), function=avg, window=4) };8.16501e-01;5.60224e-02;6.65588e-01;Pipeline { map_aggregate(attribute=T, function=avg, window=10) | map_aggregate(attribute=CO(GT), function=avg, window=6) };7.95597e-01;9.36567e-01;9.49204e-01;Pipeline { filter(PT08.S5(O3) < 12900000.0000) | map_aggregate(attribute=NOx(GT), function=avg, window=10) };7.95597e-01;9.36567e-01;9.49204e-01;Pipeline { filter(PT08.S5(O3) < 12900000.0000) | map_aggregate(attribute=NOx(GT), function=avg, window=10) }
datasets/airQuality_parallel.csv;nsga2;5;22;2200;2200;1.51546e+02;100;10;46;1.00000e+00;1.00000e+00;3.50000e-01;8.28357e-01;8.40841e-02;6.52169e-01;Pipeline { map_aggregate(attribute=CO(GT), function=avg, window=10) | map_aggregate(attribute=NOx(GT), function=avg, window=4) };7.92120e-01;1.00000e+00;1.00000e+00;Pipeline { map_noise(attribute=PT08.S2(NMHC), percentage=0.10) | map_aggregate(attribute=NOx(GT), function=avg, window=4) };7.92120e-01;1.00000e+00;1.00000e+00;Pipeline { map_noise(attribute=PT08.S2(NMHC), percentage=0.10) | map_aggregate(attribute=NOx(GT), function=avg, window=4) };8.16501e-01;5.60224e-02;6.65588e-01;Pipeline { map_aggregate(attribute=PT08.S2(NMHC), function=avg, window=8) | map_aggregate(attribute=CO(GT), function=avg, window=6) };7.95597e-01;9.36567e-01;9.49204e-01;Pipeline { filter(PT08.S5(O3) < 37100.0000) | map_aggregate(attribute=NOx(GT), function=avg, window=10) };7.95597e-01;9.36567e-01;9.49204e-01;Pipeline { filter(PT08.S5(O3) < 37100.0000) | map_aggregate(attribute=NOx(GT), function=avg, window=10) }
datasets/airQuality_parallel.csv;nsga2;5;23;2300;2300;1.57404e+02;100;11;35;1.00000e+00;1.00000e+00;3.60000e-01;8.28357e-01;8.40841e-02;6.52169e-01;Pipeline { map_aggregate(attribute=CO(GT), function=avg, window=10) | map_aggregate(attribute=NOx(GT), function=avg, window=4) };7.92120e-01;1.00000e+00;1.00000e+00;Pipeline { map_noise(attribute=PT08.S5(O3), percentage=0.25) | map_aggregate(attribute=NOx(GT), function=avg, window=4) };7.92120e-01;1.00000e+00;1.00000e+00;Pipeline { map_noise(attribute=PT08.S5(O3), percentage=0.25) | map_aggregate(attribute=NOx(GT), function=avg, window=4) };8.16501e-01;5.60224e-02;6.65588e-01;Pipeline { map_noise(attribute=PT08.S3(NOx), percentage=0.01) | map_aggregate(attribute=CO(GT), function=avg, window=6) };7.95597e-01;9.36567e-01;9.49204e-01;Pipeline { filter(PT08.S5(O3) < 2900000.0000) | map_aggregate(attribute=NOx(GT), function=avg, window=10) };7.95597e-01;9.36567e-01;9.49204e-01;Pipeline { filter(PT08.S5(O3) < 2900000.0000) | map_aggregate(attribute=NOx(GT), function=avg, window=10) }
datasets/airQuality_parallel.csv;nsga2;5;24;2400;2400;1.63670e+02;100;13;13;1.00000e+00;1.00000e+00;3.60000e-01;8.28357e-01;8.40841e-02;6.52169e-01;Pipeline { map_aggregate(attribute=CO(GT), function=avg, window=10) | map_aggregate(attribute=NOx(GT), function=avg, window=4) };7.92120e-01;1.00000e+00;1.00000e+00;Pipeline { map_aggregate(attribute=PT08.S3(NOx), function=avg, window=4) | map_aggregate(attribute=NOx(GT), function=avg, window=4) };7.92120e-01;1.00000e+00;1.00000e+00;Pipeline { map_aggregate(attribute=PT08.S3(NOx), function=avg, window=4) | map_aggregate(attribute=NOx(GT), function=avg, window=4) };8.06321e-01;5.75972e-01;9.33242e-01;Pipeline { map_aggregate(attribute=NOx(GT), function=avg, window=9) | map_aggregate(attribute=NO2(GT), function=avg, window=4) };7.95597e-01;9.36567e-01;9.49204e-01;Pipeline { filter(PT08.S2(NMHC) > 9.9100) | map_aggregate(attribute=NOx(GT), function=avg, window=10) };7.95597e-01;9.36567e-01;9.49204e-01;Pipeline { filter(PT08.S4(NO2) > 3.5900) | map_aggregate(attribute=NOx(GT), function=avg, window=10) }
datasets/airQuality_parallel.csv;nsga2;5;25;2500;2500;1.69427e+02;100;14;2;1.00000e+00;1.00000e+00;1.80000e-01;8.28357e-01;8.40841e-02;6.52169e-01;Pipeline { map_aggregate(attribute=CO(GT), function=avg, window=10) | map_aggregate(attribute=NOx(GT), function=avg, window=4) };7.94130e-01;1.00000e+00;1.00000e+00;Pipeline { map_noise(attribute=NO2(GT), percentage=0.01) | map_aggregate(attribute=NOx(GT), function=avg, window=4) };7.94130e-01;1.00000e+00;1.00000e+00;Pipeline { map_noise(attribute=NO2(GT), percentage=0.01) | map_aggregate(attribute=NOx(GT), function=avg, window=4) };7.95597e-01;9.36567e-01;9.49204e-01;Pipeline { filter(PT08.S5(O3) < 2100000.0000) | map_aggregate(attribute=NOx(GT), function=avg, window=10) };7.95597e-01;9.36567e-01;9.49204e-01;Pipeline { filter(C6H6(GT) < 823000000.0000) | map_aggregate(attribute=NOx(GT), function=avg, window=10) };7.95597e-01;9.36567e-01;9.49204e-01;Pipeline { filter(PT08.S4(NO2) > 0.0000) | map_aggregate(attribute=NOx(GT), function=avg, window=10) }
datasets/airQuality_parallel.csv;nsga2;5;26;2600;2600;1.74901e+02;100;14;86;1.00000e+00;9.80000e-01;1.70000e-01;8.28357e-01;8.40841e-02;6.52169e-01;Pipeline { map_aggregate(attribute=CO(GT), function=avg, window=10) | map_aggregate(attribute=NOx(GT), function=avg, window=4) };7.94130e-01;1.00000e+00;1.00000e+00;Pipeline { map_noise(attribute=NO2(GT), percentage=0.01) | map_aggregate(attribute=NOx(GT), function=avg, window=4) };7.94130e-01;1.00000e+00;1.00000e+00;Pipeline { map_noise(attribute=NO2(GT), percentage=0.01) | map_aggregate(attribute=NOx(GT), function=avg, window=4) };7.95597e-01;9.36567e-01;9.49204e-01;Pipeline { filter(C6H6(GT) > 0.0291) | map_aggregate(attribute=NOx(GT), function=avg, window=10) };7.95597e-01;9.36567e-01;9.49204e-01;Pipeline { filter(PT08.S2(NMHC) > 0.0000) | map_aggregate(attribute=NOx(GT), function=avg, window=10) };7.95597e-01;9.36567e-01;9.49204e-01;Pipeline { filter(PT08.S3(NOx) > 0.0000) | map_aggregate(attribute=NOx(GT), function=avg, window=10) }
datasets/airQuality_parallel.csv;nsga2;5;27;2700;2700;1.80609e+02;100;14;86;1.00000e+00;9.80000e-01;1.70000e-01;8.28357e-01;8.40841e-02;6.52169e-01;Pipeline { map_aggregate(attribute=CO(GT), function=avg, window=10) | map_aggregate(attribute=NOx(GT), function=avg, window=4) };7.94130e-01;1.00000e+00;1.00000e+00;Pipeline { map_noise(attribute=NO2(GT), percentage=0.01) | map_aggregate(attribute=NOx(GT), function=avg, window=4) };7.94130e-01;1.00000e+00;1.00000e+00;Pipeline { map_noise(attribute=NO2(GT), percentage=0.01) | map_aggregate(attribute=NOx(GT), function=avg, window=4) };7.95597e-01;9.36567e-01;9.49204e-01;Pipeline { filter(PT08.S1(CO) < 50400.0000) | map_aggregate(attribute=NOx(GT), function=avg, window=10) };7.95597e-01;9.36567e-01;9.49204e-01;Pipeline { filter(PT08.S4(NO2) > 0.0000) | map_aggregate(attribute=NOx(GT), function=avg, window=10) };7.95597e-01;9.36567e-01;9.49204e-01;Pipeline { filter(AH > 0.0000) | map_aggregate(attribute=NOx(GT), function=avg, window=10) }
datasets/airQuality_parallel.csv;nsga2;5;28;2800;2800;1.86841e+02;100;14;86;1.00000e+00;9.90000e-01;1.80000e-01;8.28357e-01;8.40841e-02;6.52169e-01;Pipeline { map_aggregate(attribute=CO(GT), function=avg, window=10) | map_aggregate(attribute=NOx(GT), function=avg, window=4) };7.94130e-01;1.00000e+00;1.00000e+00;Pipeline { map_noise(attribute=NO2(GT), percentage=0.01) | map_aggregate(attribute=NOx(GT), function=avg, window=4) };7.94130e-01;1.00000e+00;1.00000e+00;Pipeline { map_noise(attribute=NO2(GT), percentage=0.01) | map_aggregate(attribute=NOx(GT), function=avg, window=4) };7.95597e-01;9.36567e-01;9.49204e-01;Pipeline { filter(PT08.S2(NMHC) > 0.0000) | map_aggregate(attribute=NOx(GT), function=avg, window=10) };7.95597e-01;9.36567e-01;9.49204e-01;Pipeline { filter(PT08.S4(NO2) > 7.5300) | map_aggregate(attribute=NOx(GT), function=avg, window=10) };7.95597e-01;9.36567e-01;9.49204e-01;Pipeline { filter(PT08.S5(O3) > 0.0008) | map_aggregate(attribute=NOx(GT), function=avg, window=10) }
datasets/airQuality_parallel.csv;nsga2;5;29;2900;2900;1.93240e+02;100;14;86;1.00000e+00;9.90000e-01;1.80000e-01;8.28357e-01;8.40841e-02;6.52169e-01;Pipeline { map_aggregate(attribute=CO(GT), function=avg, window=10) | map_aggregate(attribute=NOx(GT), function=avg, window=4) };7.94130e-01;1.00000e+00;1.00000e+00;Pipeline { map_noise(attribute=NO2(GT), percentage=0.01) | map_aggregate(attribute=NOx(GT), function=avg, window=4) };7.94130e-01;1.00000e+00;1.00000e+00;Pipeline { map_noise(attribute=NO2(GT), percentage=0.01) | map_aggregate(attribute=NOx(GT), function=avg, window=4) };7.95597e-01;9.36567e-01;9.49204e-01;Pipeline { filter(PT08.S4(NO2) > 7.5300) | map_aggregate(attribute=NOx(GT), function=avg, window=10) };7.95597e-01;9.36567e-01;9.49204e-01;Pipeline { filter(RH < 6110000000.0000) | map_aggregate(attribute=NOx(GT), function=avg, window=10) };7.95597e-01;9.36567e-01;9.49204e-01;Pipeline { filter(C6H6(GT) < 3410000.0000) | map_aggregate(attribute=NOx(GT), function=avg, window=10) }
datasets/airQuality_parallel.csv;nsga2;5;30;3000;3000;1.99443e+02;100;13;87;1.00000e+00;1.00000e+00;1.70000e-01;8.28357e-01;8.40841e-02;6.52169e-01;Pipeline { map_aggregate(attribute=CO(GT), function=avg, window=10) | map_aggregate(attribute=NOx(GT), function=avg, window=4) };7.94130e-01;1.00000e+00;1.00000e+00;Pipeline { map_noise(attribute=NO2(GT), percentage=0.01) | map_aggregate(attribute=NOx(GT), function=avg, window=4) };7.94130e-01;1.00000e+00;1.00000e+00;Pipeline { map_noise(attribute=NO2(GT), percentage=0.01) | map_aggregate(attribute=NOx(GT), function=avg, window=4) };7.95597e-01;9.36567e-01;9.49204e-01;Pipeline { filter(PT08.S2(NMHC) > 0.9280) | map_aggregate(attribute=NOx(GT), function=avg, window=10) };7.95597e-01;9.36567e-01;9.49204e-01;Pipeline { filter(PT08.S4(NO2) > 0.0000) | map_aggregate(attribute=NOx(GT), function=avg, window=10) };7.95597e-01;9.36567e-01;9.49204e-01;Pipeline { filter(PT08.S4(NO2) < 123000000.0000) | map_aggregate(attribute=NOx(GT), function=avg, window=10) }
datasets/airQuality_parallel.csv;nsga2;5;31;3100;3100;2.05241e+02;100;13;87;1.00000e+00;1.00000e+00;1.70000e-01;8.28357e-01;8.40841e-02;6.52169e-01;Pipeline { map_aggregate(attribute=CO(GT), function=avg, window=10) | map_aggregate(attribute=NOx(GT), function=avg, window=4) };7.94130e-01;1.00000e+00;1.00000e+00;Pipeline { map_noise(attribute=NO2(GT), percentage=0.01) | map_aggregate(attribute=NOx(GT), function=avg, window=4) };7.94130e-01;1.00000e+00;1.00000e+00;Pipeline { map_noise(attribute=NO2(GT), percentage=0.01) | map_aggregate(attribute=NOx(GT), function=avg, window=4) };7.95597e-01;9.36567e-01;9.49204e-01;Pipeline { filter(T < 84200000.0000) | map_aggregate(attribute=NOx(GT), function=avg, window=10) };7.95597e-01;9.36567e-01;9.49204e-01;Pipeline { filter(PT08.S4(NO2) < 873000000.0000) | map_aggregate(attribute=NOx(GT), function=avg, window=10) };7.95597e-01;9.36567e-01;9.49204e-01;Pipeline { filter(PT08.S2(NMHC) > 0.0000) | map_aggregate(attribute=NOx(GT), function=avg, window=10) }
datasets/airQuality_parallel.csv;nsga2;5;32;3200;3200;2.11525e+02;100;13;87;1.00000e+00;1.00000e+00;1.70000e-01;8.28357e-01;8.40841e-02;6.52169e-01;Pipeline { map_aggregate(attribute=CO(GT), function=avg, window=10) | map_aggregate(attribute=NOx(GT), function=avg, window=4) };7.94130e-01;1.00000e+00;1.00000e+00;Pipeline { map_noise(attribute=NO2(GT), percentage=0.01) | map_aggregate(attribute=NOx(GT), function=avg, window=4) };7.94130e-01;1.00000e+00;1.00000e+00;Pipeline { map_noise(attribute=NO2(GT), percentage=0.01) | map_aggregate(attribute=NOx(GT), function=avg, window=4) };7.95597e-01;9.36567e-01;9.49204e-01;Pipeline { filter(PT08.S1(CO) < 4310000000.0000) | map_aggregate(attribute=NOx(GT), function=avg, window=10) };7.95597e-01;9.36567e-01;9.49204e-01;Pipeline { filter(PT08.S3(NOx) > 0.0000) | map_aggregate(attribute=NOx(GT), function=avg, window=10) };7.95597e-01;9.36567e-01;9.49204e-01;Pipeline { filter(RH < 440000.0000) | map_aggregate(attribute=NOx(GT), function=avg, window=10) }
datasets/airQuality_parallel.csv;nsga2;5;33;3300;3300;2.16529e+02;100;13;87;1.00000e+00;1.00000e+00;1.70000e-01;8.28357e-01;8.40841e-02;6.52169e-01;Pipeline { map_aggregate(attribute=CO(GT), function=avg, window=10) | map_aggregate(attribute=NOx(GT), function=avg, window=4) };7.94130e-01;1.00000e+00;1.00000e+00;Pipeline { map_noise(attribute=NO2(GT), percentage=0.01) | map_aggregate(attribute=NOx(GT), function=avg, window=4) };7.94130e-01;1.00000e+00;1.00000e+00;Pipeline { map_noise(attribute=NO2(GT), percentage=0.01) | map_aggregate(attribute=NOx(GT), function=avg, window=4) };7.95597e-01;9.36567e-01;9.49204e-01;Pipeline { filter(T < 8030.0000) | map_aggregate(attribute=NOx(GT), function=avg, window=10) };7.95597e-01;9.36567e-01;9.49204e-01;Pipeline { filter(PT08.S4(NO2) > 0.3300) | map_aggregate(attribute=NOx(GT), function=avg, window=10) };7.95597e-01;9.36567e-01;9.49204e-01;Pipeline { filter(RH > 0.0005) | map_aggregate(attribute=NOx(GT), function=avg, window=10) }
datasets/airQuality_parallel.csv;nsga2;5;34;3400;3400;2.22555e+02;100;13;87;1.00000e+00;1.00000e+00;1.70000e-01;8.28357e-01;8.40841e-02;6.52169e-01;Pipeline { map_aggregate(attribute=CO(GT), function=avg, window=10) | map_aggregate(attribute=NOx(GT), function=avg, window=4) };7.94130e-01;1.00000e+00;1.00000e+00;Pipeline { map_noise(attribute=NO2(GT), percentage=0.01) | map_aggregate(attribute=NOx(GT), function=avg, window=4) };7.94130e-01;1.00000e+00;1.00000e+00;Pipeline { map_noise(attribute=NO2(GT), percentage=0.01) | map_aggregate(attribute=NOx(GT), function=avg, window=4) };7.95597e-01;9.36567e-01;9.49204e-01;Pipeline { filter(PT08.S1(CO) < 8230.0000) | map_aggregate(attribute=NOx(GT), function=avg, window=10) };7.95597e-01;9.36567e-01;9.49204e-01;Pipeline { filter(RH < 188000000.0000) | map_aggregate(attribute=NOx(GT), function=avg, window=10) };7.95597e-01;9.36567e-01;9.49204e-01;Pipeline { filter(RH < 6410000000.0000) | map_aggregate(attribute=NOx(GT), function=avg, window=10) }
datasets/airQuality_parallel.csv;nsga2;5;35;3500;3500;2.28736e+02;100;14;86;1.00000e+00;1.00000e+00;1.70000e-01;8.28357e-01;8.40841e-02;6.52169e-01;Pipeline { map_aggregate(attribute=CO(GT), function=avg, window=10) | map_aggregate(attribute=NOx(GT), function=avg, window=4) };7.94130e-01;1.00000e+00;1.00000e+00;Pipeline { map_noise(attribute=NO2(GT), percentage=0.01) | map_aggregate(attribute=NOx(GT), function=avg, window=4) };7.94130e-01;1.00000e+00;1.00000e+00;Pipeline { map_noise(attribute=NO2(GT), percentage=0.01) | map_aggregate(attribute=NOx(GT), function=avg, window=4) };7.95597e-01;9.36567e-01;9.49204e-01;Pipeline { filter(PT08.S4(NO2) > 0.0000) | map_aggregate(attribute=NOx(GT), function=avg, window=10) };7.95597e-01;9.36567e-01;9.49204e-01;Pipeline { filter(PT08.S1(CO) > 0.0000) | map_aggregate(attribute=NOx(GT), function=avg, window=10) };7.95597e-01;9.36567e-01;9.49204e-01;Pipeline { filter(AH < 4340000.0000) | map_aggregate(attribute=NOx(GT), function=avg, window=10) }
datasets/airQuality_parallel.csv;nsga2;5;36;3600;3600;2.34558e+02;100;14;86;1.00000e+00;1.00000e+00;1.70000e-01;8.28357e-01;8.40841e-02;6.52169e-01;Pipeline { map_aggregate(attribute=CO(GT), function=avg, window=10) | map_aggregate(attribute=NOx(GT), function=avg, window=4) };7.94130e-01;1.00000e+00;1.00000e+00;Pipeline { map_noise(attribute=NO2(GT), percentage=0.01) | map_aggregate(attribute=NOx(GT), function=avg, window=4) };7.94130e-01;1.00000e+00;1.00000e+00;Pipeline { map_noise(attribute=NO2(GT), percentage=0.01) | map_aggregate(attribute=NOx(GT), function=avg, window=4) };7.95597e-01;9.36567e-01;9.49204e-01;Pipeline { filter(PT08.S5(O3) < 50100.0000) | map_aggregate(attribute=NOx(GT), function=avg, window=10) };7.95597e-01;9.36567e-01;9.49204e-01;Pipeline { filter(T < 820000.0000) | map_aggregate(attribute=NOx(GT), function=avg, window=10) };7.95597e-01;9.36567e-01;9.49204e-01;Pipeline { filter(C6H6(GT) < 6420000000.0000) | map_aggregate(attribute=NOx(GT), function=avg, window=10) }
datasets/airQuality_parallel.csv;nsga2;5;37;3700;3700;2.41104e+02;100;14;86;1.00000e+00;1.00000e+00;1.70000e-01;8.28357e-01;8.40841e-02;6.52169e-01;Pipeline { map_aggregate(attribute=CO(GT), function=avg, window=10) | map_aggregate(attribute=NOx(GT), function=avg, window=4) };7.94130e-01;1.00000e+00;1.00000e+00;Pipeline { map_noise(attribute=NO2(GT), percentage=0.01) | map_aggregate(attribute=NOx(GT), function=avg, window=4) };7.94130e-01;1.00000e+00;1.00000e+00;Pipeline { map_noise(attribute=NO2(GT), percentage=0.01) | map_aggregate(attribute=NOx(GT), function=avg, window=4) };7.95597e-01;9.36567e-01;9.49204e-01;Pipeline { filter(PT08.S5(O3) > 0.0000) | map_aggregate(attribute=NOx(GT), function=avg, window=10) };7.95597e-01;9.36567e-01;9.49204e-01;Pipeline { filter(T < 2420000000.0000) | map_aggregate(attribute=NOx(GT), function=avg, window=10) };7.95597e-01;9.36567e-01;9.49204e-01;Pipeline { filter(PT08.S4(NO2) < 712000000.0000) | map_aggregate(attribute=NOx(GT), function=avg, window=10) }
datasets/airQuality_parallel.csv;nsga2;5;38;3800;3800;2.47482e+02;100;14;86;1.00000e+00;1.00000e+00;1.70000e-01;8.28357e-01;8.40841e-02;6.52169e-01;Pipeline { map_aggregate(attribute=CO(GT), function=avg, window=10) | map_aggregate(attribute=NOx(GT), function=avg, window=4) };7.94130e-01;1.00000e+00;1.00000e+00;Pipeline { map_noise(attribute=NO2(GT), percentage=0.01) | map_aggregate(attribute=NOx(GT), function=avg, window=4) };7.94130e-01;1.00000e+00;1.00000e+00;Pipeline { map_noise(attribute=NO2(GT), percentage=0.01) | map_aggregate(attribute=NOx(GT), function=avg, window=4) };7.95597e-01;9.36567e-01;9.49204e-01;Pipeline { filter(PT08.S5(O3) < 473000.0000) | map_aggregate(attribute=NOx(GT), function=avg, window=10) };7.95597e-01;9.36567e-01;9.49204e-01;Pipeline { filter(PT08.S2(NMHC) > 0.0000) | map_aggregate(attribute=NOx(GT), function=avg, window=10) };7.95597e-01;9.36567e-01;9.49204e-01;Pipeline { filter(AH < 84600.0000) | map_aggregate(attribute=NOx(GT), function=avg, window=10) }
datasets/airQuality_parallel.csv;nsga2;5;39;3900;3900;2.53726e+02;100;14;86;1.00000e+00;1.00000e+00;1.70000e-01;8.28357e-01;8.40841e-02;6.52169e-01;Pipeline { map_aggregate(attribute=CO(GT), function=avg, window=10) | map_aggregate(attribute=NOx(GT), function=avg, window=4) };7.94130e-01;1.00000e+00;1.00000e+00;Pipeline { map_noise(attribute=NO2(GT), percentage=0.01) | map_aggregate(attribute=NOx(GT), function=avg, window=4) };7.94130e-01;1.00000e+00;1.00000e+00;Pipeline { map_noise(attribute=NO2(GT), percentage=0.01) | map_aggregate(attribute=NOx(GT), function=avg, window=4) };7.95597e-01;9.36567e-01;9.49204e-01;Pipeline { filter(PT08.S1(CO) < 1410000.0000) | map_aggregate(attribute=NOx(GT), function=avg, window=10) };7.95597e-01;9.36567e-01;9.49204e-01;Pipeline { filter(PT08.S5(O3) > 0.7700) | map_aggregate(attribute=NOx(GT), function=avg, window=10) };7.95597e-01;9.36567e-01;9.49204e-01;Pipeline { filter(PT08.S3(NOx) > 77.0000) | map_aggregate(attribute=NOx(GT), function=avg, window=10) }
datasets/airQuality_parallel.csv;nsga2;5;40;4000;4000;2.59362e+02;100;14;86;1.00000e+00;9.90000e-01;1.70000e-01;8.28357e-01;8.40841e-02;6.52169e-01;Pipeline { map_aggregate(attribute=CO(GT), function=avg, window=10) | map_aggregate(attribute=NOx(GT), function=avg, window=4) };7.94130e-01;1.00000e+00;1.00000e+00;Pipeline { map_noise(attribute=NO2(GT), percentage=0.01) | map_aggregate(attribute=NOx(GT), function=avg, window=4) };7.94130e-01;1.00000e+00;1.00000e+00;Pipeline { map_noise(attribute=NO2(GT), percentage=0.01) | map_aggregate(attribute=NOx(GT), function=avg, window=4) };7.95597e-01;9.36567e-01;9.49204e-01;Pipeline { filter(PT08.S3(NOx) > 0.0000) | map_aggregate(attribute=NOx(GT), function=avg, window=10) };7.95597e-01;9.36567e-01;9.49204e-01;Pipeline { filter(PT08.S1(CO) < 3800000000.0000) | map_aggregate(attribute=NOx(GT), function=avg, window=10) };7.95597e-01;9.36567e-01;9.49204e-01;Pipeline { filter(PT08.S3(NOx) > 15.0000) | map_aggregate(attribute=NOx(GT), function=avg, window=10) }
datasets/airQuality_parallel.csv;nsga2;5;41;4100;4100;2.65887e+02;100;13;87;1.00000e+00;9.90000e-01;1.80000e-01;8.28357e-01;8.40841e-02;6.52169e-01;Pipeline { map_aggregate(attribute=CO(GT), function=avg, window=10) | map_aggregate(attribute=NOx(GT), function=avg, window=4) };7.94130e-01;1.00000e+00;1.00000e+00;Pipeline { map_noise(attribute=NO2(GT), percentage=0.01) | map_aggregate(attribute=NOx(GT), function=avg, window=4) };7.94130e-01;1.00000e+00;1.00000e+00;Pipeline { map_noise(attribute=NO2(GT), percentage=0.01) | map_aggregate(attribute=NOx(GT), function=avg, window=4) };7.95597e-01;9.36567e-01;9.49204e-01;Pipeline { filter(RH > 0.0000) | map_aggregate(attribute=NOx(GT), function=avg, window=10) };7.95597e-01;9.36567e-01;9.49204e-01;Pipeline { filter(PT08.S1(CO) < 2620000000.0000) | map_aggregate(attribute=NOx(GT), function=avg, window=10) };7.95597e-01;9.36567e-01;9.49204e-01;Pipeline { filter(T < 55000.0000) | map_aggregate(attribute=NOx(GT), function=avg, window=10) }
datasets/airQuality_parallel.csv;nsga2;5;42;4200;4200;2.71838e+02;100;13;87;1.00000e+00;9.90000e-01;1.80000e-01;8.28357e-01;8.40841e-02;6.52169e-01;Pipeline { map_aggregate(attribute=CO(GT), function=avg, window=10) | map_aggregate(attribute=NOx(GT), function=avg, window=4) };7.94130e-01;1.00000e+00;1.00000e+00;Pipeline { map_noise(attribute=NO2(GT), percentage=0.01) | map_aggregate(attribute=NOx(GT), function=avg, window=4) };7.94130e-01;1.00000e+00;1.00000e+00;Pipeline { map_noise(attribute=NO2(GT), percentage=0.01) | map_aggregate(attribute=NOx(GT), function=avg, window=4) };7.95597e-01;9.36567e-01;9.49204e-01;Pipeline { filter(PT08.S5(O3) > 0.0000) | map_aggregate(attribute=NOx(GT), function=avg, window=10) };7.95597e-01;9.36567e-01;9.49204e-01;Pipeline { filter(T < 51000.0000) | map_aggregate(attribute=NOx(GT), function=avg, window=10) };7.95597e-01;9.36567e-01;9.49204e-01;Pipeline { filter(RH < 2340000000.0000) | map_aggregate(attribute=NOx(GT), function=avg, window=10) }
datasets/airQuality_parallel.csv;nsga2;5;43;4300;4300;2.77819e+02;100;14;86;1.00000e+00;1.00000e+00;1.90000e-01;8.28357e-01;8.40841e-02;6.52169e-01;Pipeline { map_aggregate(attribute=CO(GT), function=avg, window=10) | map_aggregate(attribute=NOx(GT), function=avg, window=4) };7.94130e-01;1.00000e+00;1.00000e+00;Pipeline { map_noise(attribute=NO2(GT), percentage=0.01) | map_aggregate(attribute=NOx(GT), function=avg, window=4) };7.94130e-01;1.00000e+00;1.00000e+00;Pipeline { map_noise(attribute=NO2(GT), percentage=0.01) | map_aggregate(attribute=NOx(GT), function=avg, window=4) };7.95597e-01;9.36567e-01;9.49204e-01;Pipeline { filter(PT08.S5(O3) > 0.0370) | map_aggregate(attribute=NOx(GT), function=avg, window=10) };7.95597e-01;9.36567e-01;9.49204e-01;Pipeline { filter(PT08.S4(NO2) > 0.3890) | map_aggregate(attribute=NOx(GT), function=avg, window=10) };7.95597e-01;9.36567e-01;9.49204e-01;Pipeline { filter(PT08.S1(CO) > 0.3080) | map_aggregate(attribute=NOx(GT), function=avg, window=10) }
datasets/airQuality_parallel.csv;nsga2;5;44;4400;4400;2.83630e+02;100;14;86;1.00000e+00;1.00000e+00;1.90000e-01;8.28357e-01;8.40841e-02;6.52169e-01;Pipeline { map_aggregate(attribute=CO(GT), function=avg, window=10) | map_aggregate(attribute=NOx(GT), function=avg, window=4) };7.94130e-01;1.00000e+00;1.00000e+00;Pipeline { map_noise(attribute=NO2(GT), percentage=0.01) | map_aggregate(attribute=NOx(GT), function=avg, window=4) };7.94130e-01;1.00000e+00;1.00000e+00;Pipeline { map_noise(attribute=NO2(GT), percentage=0.01) | map_aggregate(attribute=NOx(GT), function=avg, window=4) };7.95597e-01;9.36567e-01;9.49204e-01;Pipeline { filter(PT08.S4(NO2) < 5630.0000) | map_aggregate(attribute=NOx(GT), function=avg, window=10) };7.95597e-01;9.36567e-01;9.49204e-01;Pipeline { filter(C6H6(GT) < 63900.0000) | map_aggregate(attribute=NOx(GT), function=avg, window=10) };7.95597e-01;9.36567e-01;9.49204e-01;Pipeline { filter(PT08.S5(O3) < 5040000000.0000) | map_aggregate(attribute=NOx(GT), function=avg, window=10) }
datasets/airQuality_parallel.csv;nsga2;5;45;4500;4500;2.89359e+02;100;14;86;1.00000e+00;1.00000e+00;1.90000e-01;8.28357e-01;8.40841e-02;6.52169e-01;Pipeline { map_aggregate(attribute=CO(GT), function=avg, window=10) | map_aggregate(attribute=NOx(GT), function=avg, window=4) };7.94130e-01;1.00000e+00;1.00000e+00;Pipeline { map_noise(attribute=NO2(GT), percentage=0.01) | map_aggregate(attribute=NOx(GT), function=avg, window=4) };7.94130e-01;1.00000e+00;1.00000e+00;Pipeline { map_noise(attribute=NO2(GT), percentage=0.01) | map_aggregate(attribute=NOx(GT), function=avg, window=4) };7.95597e-01;9.36567e-01;9.49204e-01;Pipeline { filter(PT08.S4(NO2) < 770000000.0000) | map_aggregate(attribute=NOx(GT), function=avg, window=10) };7.95597e-01;9.36567e-01;9.49204e-01;Pipeline { filter(PT08.S5(O3) > 0.0464) | map_aggregate(attribute=NOx(GT), function=avg, window=10) };7.95597e-01;9.36567e-01;9.49204e-01;Pipeline { filter(PT08.S5(O3) > 0.0047) | map_aggregate(attribute=NOx(GT), function=avg, window=10) }
datasets/airQuality_parallel.csv;nsga2;5;46;4600;4600;2.96116e+02;100;16;84;1.00000e+00;1.00000e+00;2.00000e-01;8.28357e-01;8.40841e-02;6.52169e-01;Pipeline { map_aggregate(attribute=CO(GT), function=avg, window=10) | map_aggregate(attribute=NOx(GT), function=avg, window=4) };7.94130e-01;1.00000e+00;1.00000e+00;Pipeline { map_noise(attribute=NO2(GT), percentage=0.01) | map_aggregate(attribute=NOx(GT), function=avg, window=4) };7.94130e-01;1.00000e+00;1.00000e+00;Pipeline { map_noise(attribute=NO2(GT), percentage=0.01) | map_aggregate(attribute=NOx(GT), function=avg, window=4) };7.97602e-01;5.20354e-01;9.54126e-01;Pipeline { map_aggregate(attribute=NO2(GT), function=avg, window=5) | map_aggregate(attribute=NOx(GT), function=min, window=4) };7.95597e-01;9.36567e-01;9.49204e-01;Pipeline { filter(PT08.S2(NMHC) > 30.5000) | map_aggregate(attribute=NOx(GT), function=avg, window=10) };7.95597e-01;9.36567e-01;9.49204e-01;Pipeline { filter(PT08.S4(NO2) > 0.0000) | map_aggregate(attribute=NOx(GT), function=avg, window=10) }
datasets/airQuality_parallel.csv;nsga2;5;47;4700;4700;3.02423e+02;100;16;84;1.00000e+00;1.00000e+00;2.00000e-01;8.28357e-01;8.40841e-02;6.52169e-01;Pipeline { map_aggregate(attribute=CO(GT), function=avg, window=10) | map_aggregate(attribute=NOx(GT), function=avg, window=4) };7.94130e-01;1.00000e+00;1.00000e+00;Pipeline { map_noise(attribute=NO2(GT), percentage=0.01) | map_aggregate(attribute=NOx(GT), function=avg, window=4) };7.94130e-01;1.00000e+00;1.00000e+00;Pipeline { map_noise(attribute=NO2(GT), percentage=0.01) | map_aggregate(attribute=NOx(GT), function=avg, window=4) };7.97602e-01;5.20354e-01;9.54126e-01;Pipeline { map_aggregate(attribute=NOx(GT), function=min, window=4) | map_aggregate(attribute=NO2(GT), function=avg, window=5) };7.95597e-01;9.36567e-01;9.49204e-01;Pipeline { filter(PT08.S2(NMHC) > 46.4000) | map_aggregate(attribute=NOx(GT), function=avg, window=10) };7.95597e-01;9.36567e-01;9.49204e-01;Pipeline { filter(PT08.S5(O3) > 0.0573) | map_aggregate(attribute=NOx(GT), function=avg, window=10) }
datasets/airQuality_parallel.csv;nsga2;5;48;4800;4800;3.08183e+02;100;16;84;1.00000e+00;1.00000e+00;2.10000e-01;8.28357e-01;8.40841e-02;6.52169e-01;Pipeline { map_aggregate(attribute=CO(GT), function=avg, window=10) | map_aggregate(attribute=NOx(GT), function=avg, window=4) };7.94130e-01;1.00000e+00;1.00000e+00;Pipeline { map_noise(attribute=NO2(GT), percentage=0.01) | map_aggregate(attribute=NOx(GT), function=avg, window=4) };7.94130e-01;1.00000e+00;1.00000e+00;Pipeline { map_noise(attribute=NO2(GT), percentage=0.01) | map_aggregate(attribute=NOx(GT), function=avg, window=4) };8.00350e-01;9.39130e-01;8.78726e-01;Pipeline { map_noise(attribute=CO(GT), percentage=0.05) | map_aggregate(attribute=NOx(GT), function=avg, window=4) };7.95597e-01;9.36567e-01;9.49204e-01;Pipeline { filter(PT08.S1(CO) < 347000000.0000) | map_aggregate(attribute=NOx(GT), function=avg, window=10) };7.95597e-01;9.36567e-01;9.49204e-01;Pipeline { filter(C6H6(GT) < 79.1000) | map_aggregate(attribute=NOx(GT), function=avg, window=10) }
datasets/airQuality_parallel.csv;nsga2;5;49;4900;4900;3.14772e+02;100;16;84;1.00000e+00;1.00000e+00;2.10000e-01;8.28357e-01;8.40841e-02;6.52169e-01;Pipeline { map_aggregate(attribute=CO(GT), function=avg, window=10) | map_aggregate(attribute=NOx(GT), function=avg, window=4) };7.94130e-01;1.00000e+00;1.00000e+00;Pipeline { map_noise(attribute=NO2(GT), percentage=0.01) | map_aggregate(attribute=NOx(GT), function=avg, window=4) };7.94130e-01;1.00000e+00;1.00000e+00;Pipeline { map_noise(attribute=NO2(GT), percentage=0.01) | map_aggregate(attribute=NOx(GT), function=avg, window=4) };8.04812e-01;5.20354e-01;9.54126e-01;Pipeline { map_aggregate(attribute=NO2(GT), function=avg, window=5) | map_aggregate(attribute=NOx(GT), function=avg, window=9) };7.95597e-01;9.36567e-01;9.49204e-01;Pipeline { filter(C6H6(GT) < 639.0000) | map_aggregate(attribute=NOx(GT), function=avg, window=10) };7.95597e-01;9.36567e-01;9.49204e-01;Pipeline { filter(C6H6(GT) < 42900000.0000) | map_aggregate(attribute=NOx(GT), function=avg, window=10) }
datasets/airQuality_parallel.csv;nsga2;5;50;5000;5000;3.20802e+02;100;16;84;1.00000e+00;1.00000e+00;2.10000e-01;8.28357e-01;8.40841e-02;6.52169e-01;Pipeline { map_aggregate(attribute=CO(GT), function=avg, window=10) | map_aggregate(attribute=NOx(GT), function=avg, window=4) };7.94130e-01;1.00000e+00;1.00000e+00;Pipeline { map_noise(attribute=NO2(GT), percentage=0.01) | map_aggregate(attribute=NOx(GT), function=avg, window=4) };7.94130e-01;1.00000e+00;1.00000e+00;Pipeline { map_noise(attribute=NO2(GT), percentage=0.01) | map_aggregate(attribute=NOx(GT), function=avg, window=4) };8.04812e-01;5.20354e-01;9.54126e-01;Pipeline { map_aggregate(attribute=NO2(GT), function=avg, window=5) | map_aggregate(attribute=NOx(GT), function=avg, window=9) };7.95597e-01;9.36567e-01;9.49204e-01;Pipeline { filter(PT08.S4(NO2) < 60700.0000) | map_aggregate(attribute=NOx(GT), function=avg, window=10) };7.95597e-01;9.36567e-01;9.49204e-01;Pipeline { filter(C6H6(GT) < 439000000.0000) | map_aggregate(attribute=NOx(GT), function=avg, window=10) }
