problem.name;solver.name;randomGenerator.seed;n.iterations;n.evals;n.births;elapsed.secs;all→size;firsts→size;lasts→size;all→each[genotype]→uniqueness;all→each[solution]→uniqueness;all→each[quality]→uniqueness;"all→percentile[quality→privacy;100]→quality→privacy";"all→percentile[quality→privacy;100]→quality→results-similarity";"all→percentile[quality→privacy;100]→quality→performance-similarity";"all→percentile[quality→privacy;100]→solution";"all→percentile[quality→results-similarity;100]→quality→privacy";"all→percentile[quality→results-similarity;100]→quality→results-similarity";"all→percentile[quality→results-similarity;100]→quality→performance-similarity";"all→percentile[quality→results-similarity;100]→solution";"all→percentile[quality→performance-similarity;100]→quality→privacy";"all→percentile[quality→performance-similarity;100]→quality→results-similarity";"all→percentile[quality→performance-similarity;100]→quality→performance-similarity";"all→percentile[quality→performance-similarity;100]→solution";"all→percentile[quality→privacy;75]→quality→privacy";"all→percentile[quality→privacy;75]→quality→results-similarity";"all→percentile[quality→privacy;75]→quality→performance-similarity";"all→percentile[quality→privacy;75]→solution";"all→percentile[quality→results-similarity;75]→quality→privacy";"all→percentile[quality→results-similarity;75]→quality→results-similarity";"all→percentile[quality→results-similarity;75]→quality→performance-similarity";"all→percentile[quality→results-similarity;75]→solution";"all→percentile[quality→performance-similarity;75]→quality→privacy";"all→percentile[quality→performance-similarity;75]→quality→results-similarity";"all→percentile[quality→performance-similarity;75]→quality→performance-similarity";"all→percentile[quality→performance-similarity;75]→solution"
datasets/geolife_60mins.csv;nsga2;1;1;100;100;3.63600e+00;100;8;67;1.00000e+00;1.00000e+00;1.50000e-01;9.26629e-01;1.00000e+00;8.17732e-01;Pipeline { filter(avg_X > 0.0000) };8.77327e-01;1.00000e+00;7.26589e-01;Pipeline { filter(avg_Y > 66.9000) };9.18608e-01;1.00000e+00;1.00000e+00;Pipeline { filter(avg_Y < 3410000.0000) };2.26840e-02;0.00000e+00;2.70142e-02;Pipeline { filter(avg_X < 0.0108) | filter(avg_X < 0.0010) };0.00000e+00;0.00000e+00;0.00000e+00;Pipeline { filter(avg_Y > 9480000.0000) | filter(avg_Y > 39.4000) | filter(avg_X < 5870.0000) };2.26840e-02;0.00000e+00;2.70142e-02;Pipeline { filter(avg_X < 0.0108) | filter(avg_X < 0.0010) }
datasets/geolife_60mins.csv;nsga2;1;2;200;200;5.91000e+00;100;19;11;1.00000e+00;1.00000e+00;2.30000e-01;9.26629e-01;1.00000e+00;8.17732e-01;Pipeline { filter(avg_X > 1220.0000) | filter(avg_X > 0.0006) | filter(avg_X > 2.4800) };8.76824e-01;1.00000e+00;7.26021e-01;Pipeline { filter(avg_Y > 6.5800) | filter(avg_Y > 6830.0000) };9.18608e-01;1.00000e+00;1.00000e+00;Pipeline { filter(avg_Y < 24500000.0000) };8.85581e-01;1.00000e+00;7.04727e-01;Pipeline { filter(avg_X > 0.3770) | filter(avg_Y > 0.0000) | filter(avg_X > 256.0000) };9.26629e-01;1.00000e+00;8.17732e-01;Pipeline { filter(avg_X > 17.6000) };8.77344e-01;1.00000e+00;7.26608e-01;Pipeline { filter(avg_Y > 0.3200) }
datasets/geolife_60mins.csv;nsga2;1;3;300;300;8.59200e+00;100;41;1;1.00000e+00;9.90000e-01;1.70000e-01;9.26629e-01;1.00000e+00;8.17732e-01;Pipeline { filter(avg_X > 17.6000) };8.76720e-01;1.00000e+00;7.25776e-01;Pipeline { filter(avg_Y > 9800.0000) };9.18608e-01;1.00000e+00;1.00000e+00;Pipeline { filter(avg_Y < 23500000.0000) };9.26629e-01;1.00000e+00;8.17732e-01;Pipeline { filter(avg_X > 0.0460) };8.77344e-01;1.00000e+00;7.26608e-01;Pipeline { filter(avg_Y > 0.2000) };9.26629e-01;1.00000e+00;8.17732e-01;Pipeline { filter(avg_X > 0.0000) }
datasets/geolife_60mins.csv;nsga2;1;4;400;400;1.15210e+01;100;76;11;1.00000e+00;1.00000e+00;1.20000e-01;9.26629e-01;1.00000e+00;8.17732e-01;Pipeline { filter(avg_X > 0.0001) };8.77344e-01;1.00000e+00;7.26608e-01;Pipeline { filter(avg_Y > 0.8000) };9.18608e-01;1.00000e+00;1.00000e+00;Pipeline { filter(avg_Y < 3410000.0000) };9.26629e-01;1.00000e+00;8.17732e-01;Pipeline { filter(avg_Y < 8300000000.0000) | filter(avg_X > 3.1800) | filter(avg_X > 9.5600) };9.18608e-01;1.00000e+00;1.00000e+00;Pipeline { filter(avg_Y < 3410000.0000) };9.26629e-01;1.00000e+00;8.17732e-01;Pipeline { filter(avg_X > 3.4000) }
datasets/geolife_60mins.csv;nsga2;1;5;500;500;1.44260e+01;100;100;100;1.00000e+00;9.90000e-01;3.00000e-02;9.26629e-01;1.00000e+00;8.17732e-01;Pipeline { filter(avg_X > 0.0089) };9.18779e-01;1.00000e+00;9.98627e-01;Pipeline { filter(avg_X < 2350000.0000) };9.18608e-01;1.00000e+00;1.00000e+00;Pipeline { filter(avg_Y < 14500000.0000) };9.26629e-01;1.00000e+00;8.17732e-01;Pipeline { filter(avg_X > 17.6000) };9.26629e-01;1.00000e+00;8.17732e-01;Pipeline { filter(avg_X > 0.0000) };9.18779e-01;1.00000e+00;9.98627e-01;Pipeline { filter(avg_X < 2350000.0000) }
datasets/geolife_60mins.csv;nsga2;1;6;600;600;1.72200e+01;100;42;58;1.00000e+00;9.90000e-01;5.00000e-02;9.34574e-01;1.00000e+00;8.55417e-01;Pipeline { filter(avg_Y < 239000.0000) };9.26629e-01;1.00000e+00;8.17732e-01;Pipeline { filter(avg_X > 0.0000) | filter(avg_X > 0.0006) | filter(avg_X > 0.0000) };9.18608e-01;1.00000e+00;1.00000e+00;Pipeline { filter(avg_X < 763000000.0000) };9.26629e-01;1.00000e+00;8.17732e-01;Pipeline { filter(avg_X > 0.0000) | filter(avg_X > 0.0084) };9.26629e-01;1.00000e+00;8.17732e-01;Pipeline { filter(avg_X > 0.0001) | filter(avg_Y < 46400000.0000) };9.18608e-01;1.00000e+00;1.00000e+00;Pipeline { filter(avg_Y < 27900000.0000) }
datasets/geolife_60mins.csv;nsga2;1;7;700;700;1.96940e+01;100;68;30;1.00000e+00;1.00000e+00;1.00000e-01;9.34574e-01;1.00000e+00;8.55417e-01;Pipeline { filter(avg_Y < 239000.0000) };9.26629e-01;1.00000e+00;8.17732e-01;Pipeline { filter(avg_X > 0.0000) };9.18608e-01;1.00000e+00;1.00000e+00;Pipeline { filter(avg_X < 24500000.0000) };9.26629e-01;1.00000e+00;8.17732e-01;Pipeline { filter(avg_X > 0.0000) | filter(avg_X > 0.0067) };9.26629e-01;1.00000e+00;8.17732e-01;Pipeline { filter(avg_X > 0.0520) };9.18608e-01;1.00000e+00;1.00000e+00;Pipeline { filter(avg_Y < 502000000.0000) }
datasets/geolife_60mins.csv;nsga2;1;8;800;800;2.23520e+01;100;100;100;1.00000e+00;1.00000e+00;9.00000e-02;9.36422e-01;1.00000e+00;8.83404e-01;Pipeline { filter(avg_Y < 395000.0000) };9.18771e-01;1.00000e+00;9.99454e-01;Pipeline { filter(avg_X < 3410000.0000) };9.18608e-01;1.00000e+00;1.00000e+00;Pipeline { filter(avg_Y < 22500000.0000) };9.18608e-01;1.00000e+00;1.00000e+00;Pipeline { filter(avg_Y < 21300000.0000) };9.18608e-01;1.00000e+00;1.00000e+00;Pipeline { filter(avg_Y < 21300000.0000) };9.18608e-01;1.00000e+00;1.00000e+00;Pipeline { filter(avg_X < 7460000000.0000) }
datasets/geolife_60mins.csv;nsga2;1;9;900;900;2.49080e+01;100;100;100;1.00000e+00;1.00000e+00;1.10000e-01;9.36422e-01;1.00000e+00;8.83404e-01;Pipeline { filter(avg_Y < 395000.0000) };9.19829e-01;1.00000e+00;9.75087e-01;Pipeline { filter(avg_Y < 1670000.0000) };9.18608e-01;1.00000e+00;1.00000e+00;Pipeline { filter(avg_Y < 92300000.0000) };9.18608e-01;1.00000e+00;1.00000e+00;Pipeline { filter(avg_X < 8720000.0000) };9.18608e-01;1.00000e+00;1.00000e+00;Pipeline { filter(avg_X < 8720000.0000) };9.18608e-01;1.00000e+00;1.00000e+00;Pipeline { filter(avg_Y < 382000000.0000) }
datasets/geolife_60mins.csv;nsga2;1;10;1000;1000;2.74870e+01;100;100;100;1.00000e+00;1.00000e+00;1.10000e-01;9.36422e-01;1.00000e+00;8.83404e-01;Pipeline { filter(avg_Y < 395000.0000) };9.18771e-01;1.00000e+00;9.99454e-01;Pipeline { filter(avg_X < 4100000.0000) };9.18608e-01;1.00000e+00;1.00000e+00;Pipeline { filter(avg_X < 33700000.0000) };9.18608e-01;1.00000e+00;1.00000e+00;Pipeline { filter(avg_Y < 4100000.0000) };9.18608e-01;1.00000e+00;1.00000e+00;Pipeline { filter(avg_Y < 4100000.0000) };9.18608e-01;1.00000e+00;1.00000e+00;Pipeline { filter(avg_Y < 96400000.0000) }
datasets/geolife_60mins.csv;nsga2;1;11;1100;1100;2.97630e+01;100;100;100;1.00000e+00;9.90000e-01;1.20000e-01;9.36422e-01;1.00000e+00;8.83404e-01;Pipeline { filter(avg_Y < 395000.0000) };9.19829e-01;1.00000e+00;9.75087e-01;Pipeline { filter(avg_Y < 1670000.0000) };9.18608e-01;1.00000e+00;1.00000e+00;Pipeline { filter(avg_Y < 239000000.0000) };9.18608e-01;1.00000e+00;1.00000e+00;Pipeline { filter(avg_Y < 22500000.0000) };9.18608e-01;1.00000e+00;1.00000e+00;Pipeline { filter(avg_Y < 22500000.0000) };9.18608e-01;1.00000e+00;1.00000e+00;Pipeline { filter(avg_Y < 972000000.0000) }
datasets/geolife_60mins.csv;nsga2;1;12;1200;1200;3.20750e+01;100;100;100;1.00000e+00;9.80000e-01;1.40000e-01;9.36422e-01;1.00000e+00;8.83404e-01;Pipeline { filter(avg_Y < 395000.0000) };9.18771e-01;1.00000e+00;9.99454e-01;Pipeline { filter(avg_X < 4100000.0000) };9.18608e-01;1.00000e+00;1.00000e+00;Pipeline { filter(avg_Y < 9800000000.0000) };9.18608e-01;1.00000e+00;1.00000e+00;Pipeline { filter(avg_Y < 65600000.0000) };9.18608e-01;1.00000e+00;1.00000e+00;Pipeline { filter(avg_Y < 65600000.0000) };9.18608e-01;1.00000e+00;1.00000e+00;Pipeline { filter(avg_X < 94100000.0000) }
datasets/geolife_60mins.csv;nsga2;1;13;1300;1300;3.45350e+01;100;100;100;1.00000e+00;9.90000e-01;1.40000e-01;9.36422e-01;1.00000e+00;8.83404e-01;Pipeline { filter(avg_Y < 395000.0000) };9.19829e-01;1.00000e+00;9.75087e-01;Pipeline { filter(avg_Y < 1670000.0000) };9.18608e-01;1.00000e+00;1.00000e+00;Pipeline { filter(avg_X < 3550000000.0000) };9.18608e-01;1.00000e+00;1.00000e+00;Pipeline { filter(avg_Y < 910000000.0000) };9.18608e-01;1.00000e+00;1.00000e+00;Pipeline { filter(avg_Y < 910000000.0000) };9.18608e-01;1.00000e+00;1.00000e+00;Pipeline { filter(avg_Y < 5530000.0000) }
datasets/geolife_60mins.csv;nsga2;1;14;1400;1400;3.69700e+01;100;100;100;1.00000e+00;9.90000e-01;1.50000e-01;9.36422e-01;1.00000e+00;8.83404e-01;Pipeline { filter(avg_Y < 395000.0000) };9.18771e-01;1.00000e+00;9.99454e-01;Pipeline { filter(avg_X < 4070000.0000) };9.18608e-01;1.00000e+00;1.00000e+00;Pipeline { filter(avg_Y < 95400000.0000) };9.18608e-01;1.00000e+00;1.00000e+00;Pipeline { filter(avg_Y < 239000000.0000) };9.18608e-01;1.00000e+00;1.00000e+00;Pipeline { filter(avg_Y < 239000000.0000) };9.18608e-01;1.00000e+00;1.00000e+00;Pipeline { filter(avg_Y < 27500000.0000) }
datasets/geolife_60mins.csv;nsga2;1;15;1500;1500;3.93360e+01;100;100;100;1.00000e+00;9.90000e-01;1.50000e-01;9.36422e-01;1.00000e+00;8.83404e-01;Pipeline { filter(avg_Y < 395000.0000) };9.19829e-01;1.00000e+00;9.75087e-01;Pipeline { filter(avg_Y < 1670000.0000) };9.18608e-01;1.00000e+00;1.00000e+00;Pipeline { filter(avg_Y < 8950000.0000) };9.18608e-01;1.00000e+00;1.00000e+00;Pipeline { filter(avg_X < 8950000000.0000) };9.18608e-01;1.00000e+00;1.00000e+00;Pipeline { filter(avg_X < 8950000000.0000) };9.18608e-01;1.00000e+00;1.00000e+00;Pipeline { filter(avg_Y < 8140000000.0000) }
datasets/geolife_60mins.csv;nsga2;1;16;1600;1600;4.16910e+01;100;100;100;1.00000e+00;9.90000e-01;1.50000e-01;9.36422e-01;1.00000e+00;8.83404e-01;Pipeline { filter(avg_Y < 395000.0000) };9.18771e-01;1.00000e+00;9.99454e-01;Pipeline { filter(avg_X < 4100000.0000) };9.18608e-01;1.00000e+00;1.00000e+00;Pipeline { filter(avg_X < 8970000000.0000) };9.18608e-01;1.00000e+00;1.00000e+00;Pipeline { filter(avg_X < 911000000.0000) };9.18608e-01;1.00000e+00;1.00000e+00;Pipeline { filter(avg_X < 911000000.0000) };9.18608e-01;1.00000e+00;1.00000e+00;Pipeline { filter(avg_Y < 48900000.0000) }
datasets/geolife_60mins.csv;nsga2;1;17;1700;1700;4.44710e+01;100;100;100;1.00000e+00;9.90000e-01;1.50000e-01;9.36422e-01;1.00000e+00;8.83404e-01;Pipeline { filter(avg_Y < 395000.0000) };9.19829e-01;1.00000e+00;9.75087e-01;Pipeline { filter(avg_Y < 1670000.0000) };9.18608e-01;1.00000e+00;1.00000e+00;Pipeline { filter(avg_X < 202000000.0000) };9.18608e-01;1.00000e+00;1.00000e+00;Pipeline { filter(avg_X < 951000000.0000) };9.18608e-01;1.00000e+00;1.00000e+00;Pipeline { filter(avg_X < 951000000.0000) };9.18608e-01;1.00000e+00;1.00000e+00;Pipeline { filter(avg_Y < 9550000000.0000) }
datasets/geolife_60mins.csv;nsga2;1;18;1800;1800;4.69160e+01;100;100;100;1.00000e+00;9.90000e-01;1.50000e-01;9.36422e-01;1.00000e+00;8.83404e-01;Pipeline { filter(avg_Y < 395000.0000) };9.18771e-01;1.00000e+00;9.99454e-01;Pipeline { filter(avg_X < 4100000.0000) };9.18608e-01;1.00000e+00;1.00000e+00;Pipeline { filter(avg_Y < 66500000.0000) };9.18608e-01;1.00000e+00;1.00000e+00;Pipeline { filter(avg_X < 6270000.0000) };9.18608e-01;1.00000e+00;1.00000e+00;Pipeline { filter(avg_X < 6270000.0000) };9.18608e-01;1.00000e+00;1.00000e+00;Pipeline { filter(avg_X < 879000000.0000) }
datasets/geolife_60mins.csv;nsga2;1;19;1900;1900;4.93120e+01;100;100;100;1.00000e+00;9.90000e-01;1.50000e-01;9.36422e-01;1.00000e+00;8.83404e-01;Pipeline { filter(avg_Y < 395000.0000) };9.19829e-01;1.00000e+00;9.75087e-01;Pipeline { filter(avg_Y < 1670000.0000) };9.18608e-01;1.00000e+00;1.00000e+00;Pipeline { filter(avg_Y < 95600000.0000) };9.18608e-01;1.00000e+00;1.00000e+00;Pipeline { filter(avg_X < 2810000000.0000) };9.18608e-01;1.00000e+00;1.00000e+00;Pipeline { filter(avg_X < 2810000000.0000) };9.18608e-01;1.00000e+00;1.00000e+00;Pipeline { filter(avg_Y < 451000000.0000) }
datasets/geolife_60mins.csv;nsga2;1;20;2000;2000;5.17920e+01;100;100;100;1.00000e+00;9.90000e-01;1.50000e-01;9.36422e-01;1.00000e+00;8.83404e-01;Pipeline { filter(avg_Y < 395000.0000) };9.18771e-01;1.00000e+00;9.99454e-01;Pipeline { filter(avg_X < 4100000.0000) };9.18608e-01;1.00000e+00;1.00000e+00;Pipeline { filter(avg_Y < 4090000.0000) };9.18608e-01;1.00000e+00;1.00000e+00;Pipeline { filter(avg_X < 94500000.0000) };9.18608e-01;1.00000e+00;1.00000e+00;Pipeline { filter(avg_X < 94500000.0000) };9.18608e-01;1.00000e+00;1.00000e+00;Pipeline { filter(avg_Y < 5840000000.0000) }
datasets/geolife_60mins.csv;nsga2;1;21;2100;2100;5.42400e+01;100;100;100;1.00000e+00;9.90000e-01;1.50000e-01;9.36422e-01;1.00000e+00;8.83404e-01;Pipeline { filter(avg_Y < 395000.0000) };9.19829e-01;1.00000e+00;9.75087e-01;Pipeline { filter(avg_Y < 1670000.0000) };9.18608e-01;1.00000e+00;1.00000e+00;Pipeline { filter(avg_X < 358000000.0000) };9.18608e-01;1.00000e+00;1.00000e+00;Pipeline { filter(avg_Y < 97600000.0000) };9.18608e-01;1.00000e+00;1.00000e+00;Pipeline { filter(avg_Y < 97600000.0000) };9.18608e-01;1.00000e+00;1.00000e+00;Pipeline { filter(avg_X < 186000000.0000) }
datasets/geolife_60mins.csv;nsga2;1;22;2200;2200;5.65550e+01;100;100;100;1.00000e+00;9.90000e-01;1.50000e-01;9.36422e-01;1.00000e+00;8.83404e-01;Pipeline { filter(avg_Y < 395000.0000) };9.19829e-01;1.00000e+00;9.75087e-01;Pipeline { filter(avg_Y < 1670000.0000) };9.18608e-01;1.00000e+00;1.00000e+00;Pipeline { filter(avg_Y < 9190000.0000) };9.18608e-01;1.00000e+00;1.00000e+00;Pipeline { filter(avg_Y < 4800000.0000) };9.18608e-01;1.00000e+00;1.00000e+00;Pipeline { filter(avg_Y < 4800000.0000) };9.18608e-01;1.00000e+00;1.00000e+00;Pipeline { filter(avg_Y < 18400000.0000) }
datasets/geolife_60mins.csv;nsga2;1;23;2300;2300;5.87540e+01;100;100;100;1.00000e+00;9.90000e-01;1.60000e-01;9.36422e-01;1.00000e+00;8.83404e-01;Pipeline { filter(avg_Y < 395000.0000) };9.18771e-01;1.00000e+00;9.99454e-01;Pipeline { filter(avg_X < 3100000.0000) };9.18608e-01;1.00000e+00;1.00000e+00;Pipeline { filter(avg_Y < 4200000.0000) };9.18608e-01;1.00000e+00;1.00000e+00;Pipeline { filter(avg_X < 681000000.0000) };9.18608e-01;1.00000e+00;1.00000e+00;Pipeline { filter(avg_X < 681000000.0000) };9.18608e-01;1.00000e+00;1.00000e+00;Pipeline { filter(avg_X < 472000000.0000) }
datasets/geolife_60mins.csv;nsga2;1;24;2400;2400;6.09970e+01;100;100;100;1.00000e+00;9.90000e-01;1.60000e-01;9.36422e-01;1.00000e+00;8.83404e-01;Pipeline { filter(avg_Y < 395000.0000) };9.19829e-01;1.00000e+00;9.75087e-01;Pipeline { filter(avg_Y < 1840000.0000) };9.18608e-01;1.00000e+00;1.00000e+00;Pipeline { filter(avg_Y < 26200000.0000) };9.18608e-01;1.00000e+00;1.00000e+00;Pipeline { filter(avg_Y < 963000000.0000) };9.18608e-01;1.00000e+00;1.00000e+00;Pipeline { filter(avg_Y < 963000000.0000) };9.18608e-01;1.00000e+00;1.00000e+00;Pipeline { filter(avg_Y < 446000000.0000) }
datasets/geolife_60mins.csv;nsga2;1;25;2500;2500;6.35930e+01;100;100;100;1.00000e+00;9.90000e-01;1.60000e-01;9.36422e-01;1.00000e+00;8.83404e-01;Pipeline { filter(avg_Y < 395000.0000) };9.18771e-01;1.00000e+00;9.99454e-01;Pipeline { filter(avg_X < 3040000.0000) };9.18608e-01;1.00000e+00;1.00000e+00;Pipeline { filter(avg_Y < 9160000.0000) };9.18608e-01;1.00000e+00;1.00000e+00;Pipeline { filter(avg_Y < 27300000.0000) };9.18608e-01;1.00000e+00;1.00000e+00;Pipeline { filter(avg_Y < 27300000.0000) };9.18608e-01;1.00000e+00;1.00000e+00;Pipeline { filter(avg_Y < 27200000.0000) }
datasets/geolife_60mins.csv;nsga2;1;26;2600;2600;6.61010e+01;100;100;100;1.00000e+00;9.90000e-01;1.60000e-01;9.36422e-01;1.00000e+00;8.83404e-01;Pipeline { filter(avg_Y < 395000.0000) };9.19829e-01;1.00000e+00;9.75087e-01;Pipeline { filter(avg_Y < 1670000.0000) };9.18608e-01;1.00000e+00;1.00000e+00;Pipeline { filter(avg_X < 1780000000.0000) };9.18608e-01;1.00000e+00;1.00000e+00;Pipeline { filter(avg_X < 493000000.0000) };9.18608e-01;1.00000e+00;1.00000e+00;Pipeline { filter(avg_X < 493000000.0000) };9.18608e-01;1.00000e+00;1.00000e+00;Pipeline { filter(avg_X < 6840000000.0000) }
datasets/geolife_60mins.csv;nsga2;1;27;2700;2700;6.86690e+01;100;100;100;1.00000e+00;9.90000e-01;1.60000e-01;9.36422e-01;1.00000e+00;8.83404e-01;Pipeline { filter(avg_Y < 395000.0000) };9.18771e-01;1.00000e+00;9.99454e-01;Pipeline { filter(avg_X < 3040000.0000) };9.18608e-01;1.00000e+00;1.00000e+00;Pipeline { filter(avg_X < 3340000000.0000) };9.18608e-01;1.00000e+00;1.00000e+00;Pipeline { filter(avg_Y < 57400000.0000) };9.18608e-01;1.00000e+00;1.00000e+00;Pipeline { filter(avg_Y < 57400000.0000) };9.18608e-01;1.00000e+00;1.00000e+00;Pipeline { filter(avg_X < 38000000.0000) }
datasets/geolife_60mins.csv;nsga2;1;28;2800;2800;7.11970e+01;100;100;100;1.00000e+00;9.90000e-01;1.60000e-01;9.36422e-01;1.00000e+00;8.83404e-01;Pipeline { filter(avg_Y < 395000.0000) };9.19829e-01;1.00000e+00;9.75087e-01;Pipeline { filter(avg_Y < 1840000.0000) };9.18608e-01;1.00000e+00;1.00000e+00;Pipeline { filter(avg_X < 402000000.0000) };9.18608e-01;1.00000e+00;1.00000e+00;Pipeline { filter(avg_X < 6280000000.0000) };9.18608e-01;1.00000e+00;1.00000e+00;Pipeline { filter(avg_X < 6280000000.0000) };9.18608e-01;1.00000e+00;1.00000e+00;Pipeline { filter(avg_Y < 3170000000.0000) }
datasets/geolife_60mins.csv;nsga2;1;29;2900;2900;7.36470e+01;100;100;100;1.00000e+00;9.90000e-01;1.60000e-01;9.36422e-01;1.00000e+00;8.83404e-01;Pipeline { filter(avg_Y < 395000.0000) };9.18771e-01;1.00000e+00;9.99454e-01;Pipeline { filter(avg_X < 2780000.0000) };9.18608e-01;1.00000e+00;1.00000e+00;Pipeline { filter(avg_Y < 81500000.0000) };9.18608e-01;1.00000e+00;1.00000e+00;Pipeline { filter(avg_X < 490000000.0000) };9.18608e-01;1.00000e+00;1.00000e+00;Pipeline { filter(avg_X < 490000000.0000) };9.18608e-01;1.00000e+00;1.00000e+00;Pipeline { filter(avg_X < 701000000.0000) }
datasets/geolife_60mins.csv;nsga2;1;30;3000;3000;7.61810e+01;100;100;100;1.00000e+00;9.90000e-01;1.60000e-01;9.36422e-01;1.00000e+00;8.83404e-01;Pipeline { filter(avg_Y < 395000.0000) };9.19829e-01;1.00000e+00;9.75087e-01;Pipeline { filter(avg_Y < 1670000.0000) };9.18608e-01;1.00000e+00;1.00000e+00;Pipeline { filter(avg_Y < 8430000000.0000) };9.18608e-01;1.00000e+00;1.00000e+00;Pipeline { filter(avg_Y < 88200000.0000) };9.18608e-01;1.00000e+00;1.00000e+00;Pipeline { filter(avg_Y < 88200000.0000) };9.18608e-01;1.00000e+00;1.00000e+00;Pipeline { filter(avg_Y < 490000000.0000) }
datasets/geolife_60mins.csv;nsga2;1;31;3100;3100;7.87670e+01;100;100;100;1.00000e+00;9.90000e-01;1.60000e-01;9.36422e-01;1.00000e+00;8.83404e-01;Pipeline { filter(avg_Y < 395000.0000) };9.18771e-01;1.00000e+00;9.99454e-01;Pipeline { filter(avg_X < 4050000.0000) };9.18608e-01;1.00000e+00;1.00000e+00;Pipeline { filter(avg_Y < 3850000000.0000) };9.18608e-01;1.00000e+00;1.00000e+00;Pipeline { filter(avg_Y < 5020000000.0000) };9.18608e-01;1.00000e+00;1.00000e+00;Pipeline { filter(avg_Y < 5020000000.0000) };9.18608e-01;1.00000e+00;1.00000e+00;Pipeline { filter(avg_Y < 15900000.0000) }
datasets/geolife_60mins.csv;nsga2;1;32;3200;3200;8.13110e+01;100;100;100;1.00000e+00;9.90000e-01;1.60000e-01;9.36422e-01;1.00000e+00;8.83404e-01;Pipeline { filter(avg_Y < 395000.0000) };9.19829e-01;1.00000e+00;9.75087e-01;Pipeline { filter(avg_Y < 1840000.0000) };9.18608e-01;1.00000e+00;1.00000e+00;Pipeline { filter(avg_Y < 81900000.0000) };9.18608e-01;1.00000e+00;1.00000e+00;Pipeline { filter(avg_X < 13100000.0000) };9.18608e-01;1.00000e+00;1.00000e+00;Pipeline { filter(avg_X < 13100000.0000) };9.18608e-01;1.00000e+00;1.00000e+00;Pipeline { filter(avg_X < 293000000.0000) }
datasets/geolife_60mins.csv;nsga2;1;33;3300;3300;8.38530e+01;100;100;100;1.00000e+00;9.90000e-01;1.60000e-01;9.36422e-01;1.00000e+00;8.83404e-01;Pipeline { filter(avg_Y < 395000.0000) };9.18771e-01;1.00000e+00;9.99454e-01;Pipeline { filter(avg_X < 4050000.0000) };9.18608e-01;1.00000e+00;1.00000e+00;Pipeline { filter(avg_Y < 875000000.0000) };9.18608e-01;1.00000e+00;1.00000e+00;Pipeline { filter(avg_Y < 57800000.0000) };9.18608e-01;1.00000e+00;1.00000e+00;Pipeline { filter(avg_Y < 57800000.0000) };9.18608e-01;1.00000e+00;1.00000e+00;Pipeline { filter(avg_Y < 3850000000.0000) }
datasets/geolife_60mins.csv;nsga2;1;34;3400;3400;8.63920e+01;100;100;100;1.00000e+00;9.90000e-01;1.60000e-01;9.36422e-01;1.00000e+00;8.83404e-01;Pipeline { filter(avg_Y < 395000.0000) };9.19829e-01;1.00000e+00;9.75087e-01;Pipeline { filter(avg_Y < 1650000.0000) };9.18608e-01;1.00000e+00;1.00000e+00;Pipeline { filter(avg_Y < 7110000000.0000) };9.18608e-01;1.00000e+00;1.00000e+00;Pipeline { filter(avg_X < 61900000.0000) };9.18608e-01;1.00000e+00;1.00000e+00;Pipeline { filter(avg_X < 61900000.0000) };9.18608e-01;1.00000e+00;1.00000e+00;Pipeline { filter(avg_Y < 6850000.0000) }
datasets/geolife_60mins.csv;nsga2;1;35;3500;3500;8.87770e+01;100;100;100;1.00000e+00;9.90000e-01;1.60000e-01;9.36422e-01;1.00000e+00;8.83404e-01;Pipeline { filter(avg_Y < 395000.0000) };9.19829e-01;1.00000e+00;9.75087e-01;Pipeline { filter(avg_Y < 1650000.0000) };9.18608e-01;1.00000e+00;1.00000e+00;Pipeline { filter(avg_X < 1070000000.0000) };9.18608e-01;1.00000e+00;1.00000e+00;Pipeline { filter(avg_X < 349000000.0000) };9.18608e-01;1.00000e+00;1.00000e+00;Pipeline { filter(avg_X < 349000000.0000) };9.18608e-01;1.00000e+00;1.00000e+00;Pipeline { filter(avg_X < 5820000.0000) }
datasets/geolife_60mins.csv;nsga2;1;36;3600;3600;9.12420e+01;100;100;100;1.00000e+00;9.90000e-01;1.60000e-01;9.36422e-01;1.00000e+00;8.83404e-01;Pipeline { filter(avg_Y < 395000.0000) };9.18771e-01;1.00000e+00;9.99454e-01;Pipeline { filter(avg_X < 4180000.0000) };9.18608e-01;1.00000e+00;1.00000e+00;Pipeline { filter(avg_X < 87800000.0000) };9.18608e-01;1.00000e+00;1.00000e+00;Pipeline { filter(avg_X < 440000000.0000) };9.18608e-01;1.00000e+00;1.00000e+00;Pipeline { filter(avg_X < 440000000.0000) };9.18608e-01;1.00000e+00;1.00000e+00;Pipeline { filter(avg_X < 552000000.0000) }
datasets/geolife_60mins.csv;nsga2;1;37;3700;3700;9.36510e+01;100;100;100;1.00000e+00;9.90000e-01;1.70000e-01;9.36422e-01;1.00000e+00;8.83404e-01;Pipeline { filter(avg_Y < 395000.0000) };9.19829e-01;1.00000e+00;9.75087e-01;Pipeline { filter(avg_Y < 1700000.0000) };9.18608e-01;1.00000e+00;1.00000e+00;Pipeline { filter(avg_Y < 1600000000.0000) };9.18608e-01;1.00000e+00;1.00000e+00;Pipeline { filter(avg_Y < 360000000.0000) };9.18608e-01;1.00000e+00;1.00000e+00;Pipeline { filter(avg_Y < 360000000.0000) };9.18608e-01;1.00000e+00;1.00000e+00;Pipeline { filter(avg_Y < 5200000.0000) }
datasets/geolife_60mins.csv;nsga2;1;38;3800;3800;9.59690e+01;100;100;100;1.00000e+00;9.90000e-01;1.80000e-01;9.36422e-01;1.00000e+00;8.83404e-01;Pipeline { filter(avg_Y < 395000.0000) };9.18771e-01;1.00000e+00;9.99454e-01;Pipeline { filter(avg_X < 4180000.0000) };9.18608e-01;1.00000e+00;1.00000e+00;Pipeline { filter(avg_Y < 390000000.0000) };9.18608e-01;1.00000e+00;1.00000e+00;Pipeline { filter(avg_Y < 390000000.0000) };9.18608e-01;1.00000e+00;1.00000e+00;Pipeline { filter(avg_Y < 390000000.0000) };9.18608e-01;1.00000e+00;1.00000e+00;Pipeline { filter(avg_X < 4700000000.0000) }
datasets/geolife_60mins.csv;nsga2;1;39;3900;3900;9.83020e+01;100;100;100;1.00000e+00;9.90000e-01;1.90000e-01;9.36808e-01;1.00000e+00;8.86542e-01;Pipeline { filter(avg_Y < 426000.0000) };9.19829e-01;1.00000e+00;9.75087e-01;Pipeline { filter(avg_Y < 1650000.0000) };9.18608e-01;1.00000e+00;1.00000e+00;Pipeline { filter(avg_X < 93300000.0000) };9.18771e-01;1.00000e+00;9.99454e-01;Pipeline { filter(avg_X < 4180000.0000) };9.36808e-01;1.00000e+00;8.86542e-01;Pipeline { filter(avg_Y < 426000.0000) };9.18608e-01;1.00000e+00;1.00000e+00;Pipeline { filter(avg_X < 7780000000.0000) }
datasets/geolife_60mins.csv;nsga2;1;40;4000;4000;1.00779e+02;100;100;100;1.00000e+00;9.90000e-01;1.90000e-01;9.36808e-01;1.00000e+00;8.86542e-01;Pipeline { filter(avg_Y < 426000.0000) };9.18771e-01;1.00000e+00;9.99454e-01;Pipeline { filter(avg_X < 4260000.0000) };9.18608e-01;1.00000e+00;1.00000e+00;Pipeline { filter(avg_X < 1510000000.0000) };9.18771e-01;1.00000e+00;9.99454e-01;Pipeline { filter(avg_X < 4050000.0000) };9.36808e-01;1.00000e+00;8.86542e-01;Pipeline { filter(avg_Y < 426000.0000) };9.18608e-01;1.00000e+00;1.00000e+00;Pipeline { filter(avg_Y < 13300000.0000) }
datasets/geolife_60mins.csv;nsga2;1;41;4100;4100;1.03221e+02;100;100;100;1.00000e+00;9.80000e-01;1.90000e-01;9.36808e-01;1.00000e+00;8.86542e-01;Pipeline { filter(avg_Y < 426000.0000) };9.19829e-01;1.00000e+00;9.75087e-01;Pipeline { filter(avg_Y < 1700000.0000) };9.18608e-01;1.00000e+00;1.00000e+00;Pipeline { filter(avg_Y < 678000000.0000) };9.18771e-01;1.00000e+00;9.99454e-01;Pipeline { filter(avg_X < 4260000.0000) };9.36808e-01;1.00000e+00;8.86542e-01;Pipeline { filter(avg_Y < 426000.0000) };9.18608e-01;1.00000e+00;1.00000e+00;Pipeline { filter(avg_X < 820000000.0000) }
datasets/geolife_60mins.csv;nsga2;1;42;4200;4200;1.05507e+02;100;100;100;1.00000e+00;9.90000e-01;2.00000e-01;9.36808e-01;1.00000e+00;8.86542e-01;Pipeline { filter(avg_Y < 426000.0000) };9.27852e-01;1.00000e+00;9.14895e-01;Pipeline { filter(avg_Y < 674000.0000) };9.18608e-01;1.00000e+00;1.00000e+00;Pipeline { filter(avg_Y < 141000000.0000) };9.18779e-01;1.00000e+00;9.98627e-01;Pipeline { filter(avg_X < 2700000.0000) };9.19829e-01;1.00000e+00;9.75087e-01;Pipeline { filter(avg_Y < 1820000.0000) };9.18608e-01;1.00000e+00;1.00000e+00;Pipeline { filter(avg_Y < 618000000.0000) }
datasets/geolife_60mins.csv;nsga2;1;43;4300;4300;1.07854e+02;100;100;100;1.00000e+00;9.90000e-01;2.00000e-01;9.36808e-01;1.00000e+00;8.86542e-01;Pipeline { filter(avg_Y < 426000.0000) };9.19829e-01;1.00000e+00;9.75087e-01;Pipeline { filter(avg_Y < 1820000.0000) };9.18608e-01;1.00000e+00;1.00000e+00;Pipeline { filter(avg_Y < 76000000.0000) };9.18779e-01;1.00000e+00;9.98627e-01;Pipeline { filter(avg_X < 2510000.0000) };9.27852e-01;1.00000e+00;9.14895e-01;Pipeline { filter(avg_Y < 677000.0000) };9.18608e-01;1.00000e+00;1.00000e+00;Pipeline { filter(avg_X < 2570000000.0000) }
datasets/geolife_60mins.csv;nsga2;1;44;4400;4400;1.10360e+02;100;100;100;1.00000e+00;9.90000e-01;2.00000e-01;9.36808e-01;1.00000e+00;8.86542e-01;Pipeline { filter(avg_Y < 426000.0000) };9.27852e-01;1.00000e+00;9.14895e-01;Pipeline { filter(avg_Y < 674000.0000) };9.18608e-01;1.00000e+00;1.00000e+00;Pipeline { filter(avg_Y < 678000000.0000) };9.18779e-01;1.00000e+00;9.98627e-01;Pipeline { filter(avg_X < 2700000.0000) };9.19829e-01;1.00000e+00;9.75087e-01;Pipeline { filter(avg_Y < 1670000.0000) };9.18608e-01;1.00000e+00;1.00000e+00;Pipeline { filter(avg_Y < 67600000.0000) }
datasets/geolife_60mins.csv;nsga2;1;45;4500;4500;1.12927e+02;100;100;100;1.00000e+00;9.90000e-01;2.00000e-01;9.36808e-01;1.00000e+00;8.86542e-01;Pipeline { filter(avg_Y < 426000.0000) };9.19829e-01;1.00000e+00;9.75087e-01;Pipeline { filter(avg_Y < 1670000.0000) };9.18608e-01;1.00000e+00;1.00000e+00;Pipeline { filter(avg_X < 7460000.0000) };9.18779e-01;1.00000e+00;9.98627e-01;Pipeline { filter(avg_X < 2510000.0000) };9.27852e-01;1.00000e+00;9.14895e-01;Pipeline { filter(avg_Y < 677000.0000) };9.18608e-01;1.00000e+00;1.00000e+00;Pipeline { filter(avg_Y < 76000000.0000) }
datasets/geolife_60mins.csv;nsga2;1;46;4600;4600;1.15466e+02;100;100;100;1.00000e+00;9.90000e-01;2.00000e-01;9.36808e-01;1.00000e+00;8.86542e-01;Pipeline { filter(avg_Y < 426000.0000) };9.27852e-01;1.00000e+00;9.14895e-01;Pipeline { filter(avg_Y < 674000.0000) };9.18608e-01;1.00000e+00;1.00000e+00;Pipeline { filter(avg_Y < 5720000000.0000) };9.18779e-01;1.00000e+00;9.98627e-01;Pipeline { filter(avg_X < 2330000.0000) };9.19829e-01;1.00000e+00;9.75087e-01;Pipeline { filter(avg_Y < 1820000.0000) };9.18608e-01;1.00000e+00;1.00000e+00;Pipeline { filter(avg_Y < 6240000000.0000) }
datasets/geolife_60mins.csv;nsga2;1;47;4700;4700;1.17951e+02;100;100;100;1.00000e+00;9.80000e-01;2.00000e-01;9.36808e-01;1.00000e+00;8.86542e-01;Pipeline { filter(avg_Y < 426000.0000) };9.19829e-01;1.00000e+00;9.75087e-01;Pipeline { filter(avg_Y < 1820000.0000) };9.18608e-01;1.00000e+00;1.00000e+00;Pipeline { filter(avg_Y < 529000000.0000) };9.18779e-01;1.00000e+00;9.98627e-01;Pipeline { filter(avg_X < 2510000.0000) };9.27852e-01;1.00000e+00;9.14895e-01;Pipeline { filter(avg_Y < 677000.0000) };9.18608e-01;1.00000e+00;1.00000e+00;Pipeline { filter(avg_Y < 70000000.0000) }
datasets/geolife_60mins.csv;nsga2;1;48;4800;4800;1.20490e+02;100;100;100;1.00000e+00;9.90000e-01;2.00000e-01;9.36808e-01;1.00000e+00;8.86542e-01;Pipeline { filter(avg_Y < 426000.0000) };9.27852e-01;1.00000e+00;9.14895e-01;Pipeline { filter(avg_Y < 674000.0000) };9.18608e-01;1.00000e+00;1.00000e+00;Pipeline { filter(avg_X < 8450000.0000) };9.18779e-01;1.00000e+00;9.98627e-01;Pipeline { filter(avg_X < 2600000.0000) };9.19829e-01;1.00000e+00;9.75087e-01;Pipeline { filter(avg_Y < 1670000.0000) };9.18608e-01;1.00000e+00;1.00000e+00;Pipeline { filter(avg_Y < 5720000000.0000) }
datasets/geolife_60mins.csv;nsga2;1;49;4900;4900;1.22654e+02;100;100;100;1.00000e+00;9.90000e-01;2.00000e-01;9.36808e-01;1.00000e+00;8.86542e-01;Pipeline { filter(avg_Y < 426000.0000) };9.19829e-01;1.00000e+00;9.75087e-01;Pipeline { filter(avg_Y < 1670000.0000) };9.18608e-01;1.00000e+00;1.00000e+00;Pipeline { filter(avg_X < 8440000.0000) };9.18779e-01;1.00000e+00;9.98627e-01;Pipeline { filter(avg_X < 2510000.0000) };9.27852e-01;1.00000e+00;9.14895e-01;Pipeline { filter(avg_Y < 677000.0000) };9.18608e-01;1.00000e+00;1.00000e+00;Pipeline { filter(avg_X < 79000000.0000) }
datasets/geolife_60mins.csv;nsga2;1;50;5000;5000;1.25010e+02;100;100;100;1.00000e+00;9.90000e-01;2.00000e-01;9.36808e-01;1.00000e+00;8.86542e-01;Pipeline { filter(avg_Y < 426000.0000) };9.27852e-01;1.00000e+00;9.14895e-01;Pipeline { filter(avg_Y < 674000.0000) };9.18608e-01;1.00000e+00;1.00000e+00;Pipeline { filter(avg_X < 6510000000.0000) };9.18779e-01;1.00000e+00;9.98627e-01;Pipeline { filter(avg_X < 2510000.0000) };9.26606e-01;1.00000e+00;9.65655e-01;Pipeline { filter(avg_Y < 1100000.0000) };9.18608e-01;1.00000e+00;1.00000e+00;Pipeline { filter(avg_Y < 610000000.0000) }
datasets/geolife_60mins.csv;nsga2;2;1;100;100;2.02400e+00;100;7;67;1.00000e+00;1.00000e+00;1.70000e-01;9.26629e-01;1.00000e+00;8.17732e-01;Pipeline { filter(avg_X > 0.0292) };8.77327e-01;1.00000e+00;7.26589e-01;Pipeline { filter(avg_Y > 55.5000) };9.18608e-01;1.00000e+00;1.00000e+00;Pipeline { filter(avg_Y < 575000000.0000) };1.93200e-02;0.00000e+00;1.71560e-02;Pipeline { filter(avg_Y < 0.0001) | filter(avg_Y < 0.0000) | filter(avg_X < 0.0000) | filter(avg_X < 757.0000) | filter(avg_Y < 0.0000) };0.00000e+00;0.00000e+00;0.00000e+00;Pipeline { filter(avg_X > 0.0000) | filter(avg_Y < 712.0000) | filter(avg_X > 0.0000) | filter(avg_Y > 0.7120) | filter(avg_X < 0.0000) | filter(avg_Y < 0.7200) | filter(avg_Y > 0.0000) };2.67762e-02;0.00000e+00;1.32638e-02;Pipeline { filter(avg_X > 0.0077) | filter(avg_Y < 40700000.0000) | filter(avg_X < 37100000.0000) | filter(avg_Y < 96000.0000) | filter(avg_Y > 0.0000) }
datasets/geolife_60mins.csv;nsga2;2;2;200;200;4.14000e+00;100;6;21;1.00000e+00;1.00000e+00;2.50000e-01;9.33116e-01;1.00000e+00;9.10327e-01;Pipeline { filter(avg_Y < 607000.0000) };8.77240e-01;1.00000e+00;7.26495e-01;Pipeline { filter(avg_Y > 932.0000) };9.18608e-01;1.00000e+00;1.00000e+00;Pipeline { filter(avg_Y < 319000000.0000) };8.77344e-01;1.00000e+00;7.26608e-01;Pipeline { filter(avg_Y > 0.0001) };9.33116e-01;1.00000e+00;9.10327e-01;Pipeline { filter(avg_Y < 607000.0000) };8.77344e-01;1.00000e+00;7.26608e-01;Pipeline { filter(avg_Y > 0.0001) }
datasets/geolife_60mins.csv;nsga2;2;3;300;300;6.63300e+00;100;16;20;1.00000e+00;1.00000e+00;1.60000e-01;9.33116e-01;1.00000e+00;9.10327e-01;Pipeline { filter(avg_Y < 607000.0000) };8.76824e-01;1.00000e+00;7.26021e-01;Pipeline { filter(avg_Y > 6500.0000) };9.18608e-01;1.00000e+00;1.00000e+00;Pipeline { filter(avg_X < 87000000.0000) };9.26629e-01;1.00000e+00;8.17732e-01;Pipeline { filter(avg_X > 670.0000) };8.77344e-01;1.00000e+00;7.26608e-01;Pipeline { filter(avg_Y > 0.0007) };9.26629e-01;1.00000e+00;8.17732e-01;Pipeline { filter(avg_X > 55.5000) }
datasets/geolife_60mins.csv;nsga2;2;4;400;400;9.35400e+00;100;31;17;1.00000e+00;1.00000e+00;1.20000e-01;9.33116e-01;1.00000e+00;9.10327e-01;Pipeline { filter(avg_Y < 607000.0000) };8.77344e-01;1.00000e+00;7.26608e-01;Pipeline { filter(avg_Y > 0.0000) };9.18608e-01;1.00000e+00;1.00000e+00;Pipeline { filter(avg_X < 319000000.0000) };9.26629e-01;1.00000e+00;8.17732e-01;Pipeline { filter(avg_X > 128.0000) };9.26629e-01;1.00000e+00;8.17732e-01;Pipeline { filter(avg_X > 0.0004) };9.18608e-01;1.00000e+00;1.00000e+00;Pipeline { filter(avg_X < 87000000.0000) }
datasets/geolife_60mins.csv;nsga2;2;5;500;500;1.20330e+01;100;56;42;1.00000e+00;1.00000e+00;1.00000e-01;9.33545e-01;1.00000e+00;8.64981e-01;Pipeline { filter(avg_Y < 319000.0000) };9.26629e-01;1.00000e+00;8.17732e-01;Pipeline { filter(avg_X > 0.0005) };9.18608e-01;1.00000e+00;1.00000e+00;Pipeline { filter(avg_Y < 575000000.0000) };9.26629e-01;1.00000e+00;8.17732e-01;Pipeline { filter(avg_X > 0.0001) };9.26629e-01;1.00000e+00;8.17732e-01;Pipeline { filter(avg_X > 0.0003) };9.18608e-01;1.00000e+00;1.00000e+00;Pipeline { filter(avg_Y < 5150000.0000) }
datasets/geolife_60mins.csv;nsga2;2;6;600;600;1.46200e+01;100;85;9;1.00000e+00;1.00000e+00;1.60000e-01;9.34859e-01;1.00000e+00;8.60780e-01;Pipeline { filter(avg_Y < 292000.0000) };8.90249e-01;1.00000e+00;8.41533e-01;Pipeline { filter(avg_X < 627000.0000) };9.18608e-01;1.00000e+00;1.00000e+00;Pipeline { filter(avg_Y < 515000000.0000) };9.22246e-01;1.00000e+00;9.25008e-01;Pipeline { filter(avg_Y < 850000.0000) };9.18771e-01;1.00000e+00;9.99454e-01;Pipeline { filter(avg_X < 3800000.0000) };9.18608e-01;1.00000e+00;1.00000e+00;Pipeline { filter(avg_Y < 5220000000.0000) }
datasets/geolife_60mins.csv;nsga2;2;7;700;700;1.72560e+01;100;100;100;1.00000e+00;1.00000e+00;1.10000e-01;9.34859e-01;1.00000e+00;8.60780e-01;Pipeline { filter(avg_Y < 292000.0000) };9.18771e-01;1.00000e+00;9.99454e-01;Pipeline { filter(avg_X < 4420000.0000) };9.18608e-01;1.00000e+00;1.00000e+00;Pipeline { filter(avg_Y < 525000000.0000) };9.18608e-01;1.00000e+00;1.00000e+00;Pipeline { filter(avg_Y < 199000000.0000) };9.18608e-01;1.00000e+00;1.00000e+00;Pipeline { filter(avg_Y < 199000000.0000) };9.18608e-01;1.00000e+00;1.00000e+00;Pipeline { filter(avg_X < 16300000.0000) }
datasets/geolife_60mins.csv;nsga2;2;8;800;800;1.95090e+01;100;100;100;1.00000e+00;1.00000e+00;1.10000e-01;9.34946e-01;1.00000e+00;8.61193e-01;Pipeline { filter(avg_Y < 294000.0000) };9.31462e-01;1.00000e+00;9.11014e-01;Pipeline { filter(avg_Y < 638000.0000) };9.18608e-01;1.00000e+00;1.00000e+00;Pipeline { filter(avg_Y < 624000000.0000) };9.18608e-01;1.00000e+00;1.00000e+00;Pipeline { filter(avg_Y < 1800000000.0000) };9.18608e-01;1.00000e+00;1.00000e+00;Pipeline { filter(avg_Y < 1800000000.0000) };9.18608e-01;1.00000e+00;1.00000e+00;Pipeline { filter(avg_Y < 9540000.0000) }
datasets/geolife_60mins.csv;nsga2;2;9;900;900;2.18880e+01;100;100;100;1.00000e+00;1.00000e+00;1.10000e-01;9.34946e-01;1.00000e+00;8.61193e-01;Pipeline { filter(avg_Y < 294000.0000) };9.18771e-01;1.00000e+00;9.99454e-01;Pipeline { filter(avg_X < 4600000.0000) };9.18608e-01;1.00000e+00;1.00000e+00;Pipeline { filter(avg_X < 16200000.0000) };9.18608e-01;1.00000e+00;1.00000e+00;Pipeline { filter(avg_Y < 515000000.0000) };9.18608e-01;1.00000e+00;1.00000e+00;Pipeline { filter(avg_Y < 515000000.0000) };9.18608e-01;1.00000e+00;1.00000e+00;Pipeline { filter(avg_Y < 532000000.0000) }
datasets/geolife_60mins.csv;nsga2;2;10;1000;1000;2.43700e+01;100;100;100;1.00000e+00;1.00000e+00;1.00000e-01;9.34946e-01;1.00000e+00;8.61193e-01;Pipeline { filter(avg_Y < 294000.0000) };9.19787e-01;1.00000e+00;9.75627e-01;Pipeline { filter(avg_Y < 1960000.0000) };9.18608e-01;1.00000e+00;1.00000e+00;Pipeline { filter(avg_Y < 66300000.0000) };9.18608e-01;1.00000e+00;1.00000e+00;Pipeline { filter(avg_Y < 5550000.0000) };9.18608e-01;1.00000e+00;1.00000e+00;Pipeline { filter(avg_Y < 5550000.0000) };9.18608e-01;1.00000e+00;1.00000e+00;Pipeline { filter(avg_Y < 5880000.0000) }
datasets/geolife_60mins.csv;nsga2;2;11;1100;1100;2.67590e+01;100;100;100;1.00000e+00;1.00000e+00;1.00000e-01;9.34946e-01;1.00000e+00;8.61193e-01;Pipeline { filter(avg_Y < 294000.0000) };9.18771e-01;1.00000e+00;9.99454e-01;Pipeline { filter(avg_X < 3070000.0000) };9.18608e-01;1.00000e+00;1.00000e+00;Pipeline { filter(avg_Y < 615000000.0000) };9.18608e-01;1.00000e+00;1.00000e+00;Pipeline { filter(avg_Y < 6550000.0000) };9.18608e-01;1.00000e+00;1.00000e+00;Pipeline { filter(avg_Y < 6550000.0000) };9.18608e-01;1.00000e+00;1.00000e+00;Pipeline { filter(avg_Y < 715000000.0000) }
datasets/geolife_60mins.csv;nsga2;2;12;1200;1200;2.90760e+01;100;100;100;1.00000e+00;1.00000e+00;1.10000e-01;9.34946e-01;1.00000e+00;8.61193e-01;Pipeline { filter(avg_Y < 294000.0000) };9.31462e-01;1.00000e+00;9.11014e-01;Pipeline { filter(avg_Y < 637000.0000) };9.18608e-01;1.00000e+00;1.00000e+00;Pipeline { filter(avg_Y < 31100000.0000) };9.18608e-01;1.00000e+00;1.00000e+00;Pipeline { filter(avg_X < 8110000000.0000) };9.18608e-01;1.00000e+00;1.00000e+00;Pipeline { filter(avg_X < 8110000000.0000) };9.18608e-01;1.00000e+00;1.00000e+00;Pipeline { filter(avg_Y < 613000000.0000) }
datasets/geolife_60mins.csv;nsga2;2;13;1300;1300;3.16730e+01;100;100;100;1.00000e+00;1.00000e+00;1.10000e-01;9.34946e-01;1.00000e+00;8.61193e-01;Pipeline { filter(avg_Y < 294000.0000) };9.19787e-01;1.00000e+00;9.75627e-01;Pipeline { filter(avg_Y < 1970000.0000) };9.18608e-01;1.00000e+00;1.00000e+00;Pipeline { filter(avg_X < 753000000.0000) };9.18608e-01;1.00000e+00;1.00000e+00;Pipeline { filter(avg_X < 137000000.0000) };9.18608e-01;1.00000e+00;1.00000e+00;Pipeline { filter(avg_X < 137000000.0000) };9.18608e-01;1.00000e+00;1.00000e+00;Pipeline { filter(avg_X < 785000000.0000) }
datasets/geolife_60mins.csv;nsga2;2;14;1400;1400;3.41280e+01;100;100;100;1.00000e+00;1.00000e+00;1.10000e-01;9.34946e-01;1.00000e+00;8.61193e-01;Pipeline { filter(avg_Y < 294000.0000) };9.31462e-01;1.00000e+00;9.11014e-01;Pipeline { filter(avg_Y < 638000.0000) };9.18608e-01;1.00000e+00;1.00000e+00;Pipeline { filter(avg_Y < 9200000000.0000) };9.18608e-01;1.00000e+00;1.00000e+00;Pipeline { filter(avg_X < 819000000.0000) };9.18608e-01;1.00000e+00;1.00000e+00;Pipeline { filter(avg_X < 819000000.0000) };9.18608e-01;1.00000e+00;1.00000e+00;Pipeline { filter(avg_Y < 1710000000.0000) }
datasets/geolife_60mins.csv;nsga2;2;15;1500;1500;3.65960e+01;100;100;100;1.00000e+00;1.00000e+00;1.10000e-01;9.34946e-01;1.00000e+00;8.61193e-01;Pipeline { filter(avg_Y < 294000.0000) };9.19787e-01;1.00000e+00;9.75627e-01;Pipeline { filter(avg_Y < 1970000.0000) };9.18608e-01;1.00000e+00;1.00000e+00;Pipeline { filter(avg_Y < 616000000.0000) };9.18608e-01;1.00000e+00;1.00000e+00;Pipeline { filter(avg_X < 597000000.0000) };9.18608e-01;1.00000e+00;1.00000e+00;Pipeline { filter(avg_X < 597000000.0000) };9.18608e-01;1.00000e+00;1.00000e+00;Pipeline { filter(avg_X < 8930000000.0000) }
datasets/geolife_60mins.csv;nsga2;2;16;1600;1600;3.89570e+01;100;100;100;1.00000e+00;1.00000e+00;1.10000e-01;9.34946e-01;1.00000e+00;8.61193e-01;Pipeline { filter(avg_Y < 294000.0000) };9.31462e-01;1.00000e+00;9.11014e-01;Pipeline { filter(avg_Y < 637000.0000) };9.18608e-01;1.00000e+00;1.00000e+00;Pipeline { filter(avg_X < 36600000.0000) };9.18608e-01;1.00000e+00;1.00000e+00;Pipeline { filter(avg_X < 1600000000.0000) };9.18608e-01;1.00000e+00;1.00000e+00;Pipeline { filter(avg_X < 1600000000.0000) };9.18608e-01;1.00000e+00;1.00000e+00;Pipeline { filter(avg_Y < 24300000.0000) }
datasets/geolife_60mins.csv;nsga2;2;17;1700;1700;4.14460e+01;100;100;100;1.00000e+00;1.00000e+00;1.10000e-01;9.34946e-01;1.00000e+00;8.61193e-01;Pipeline { filter(avg_Y < 294000.0000) };9.31479e-01;1.00000e+00;9.11243e-01;Pipeline { filter(avg_Y < 643000.0000) };9.18608e-01;1.00000e+00;1.00000e+00;Pipeline { filter(avg_Y < 648000000.0000) };9.18608e-01;1.00000e+00;1.00000e+00;Pipeline { filter(avg_Y < 39500000.0000) };9.18608e-01;1.00000e+00;1.00000e+00;Pipeline { filter(avg_Y < 39500000.0000) };9.18608e-01;1.00000e+00;1.00000e+00;Pipeline { filter(avg_X < 73900000.0000) }
datasets/geolife_60mins.csv;nsga2;2;18;1800;1800;4.39920e+01;100;100;100;1.00000e+00;1.00000e+00;1.20000e-01;9.34946e-01;1.00000e+00;8.61193e-01;Pipeline { filter(avg_Y < 294000.0000) };9.18771e-01;1.00000e+00;9.99454e-01;Pipeline { filter(avg_X < 3000000.0000) };9.18608e-01;1.00000e+00;1.00000e+00;Pipeline { filter(avg_Y < 616000000.0000) };9.18608e-01;1.00000e+00;1.00000e+00;Pipeline { filter(avg_Y < 461000000.0000) };9.18608e-01;1.00000e+00;1.00000e+00;Pipeline { filter(avg_Y < 461000000.0000) };9.18608e-01;1.00000e+00;1.00000e+00;Pipeline { filter(avg_Y < 5160000000.0000) }
datasets/geolife_60mins.csv;nsga2;2;19;1900;1900;4.60340e+01;100;100;100;1.00000e+00;1.00000e+00;1.30000e-01;9.34946e-01;1.00000e+00;8.61193e-01;Pipeline { filter(avg_Y < 294000.0000) };9.19787e-01;1.00000e+00;9.75627e-01;Pipeline { filter(avg_Y < 1970000.0000) };9.18608e-01;1.00000e+00;1.00000e+00;Pipeline { filter(avg_Y < 76500000.0000) };9.18608e-01;1.00000e+00;1.00000e+00;Pipeline { filter(avg_Y < 268000000.0000) };9.18608e-01;1.00000e+00;1.00000e+00;Pipeline { filter(avg_Y < 82700000.0000) };9.18608e-01;1.00000e+00;1.00000e+00;Pipeline { filter(avg_Y < 8590000000.0000) }
datasets/geolife_60mins.csv;nsga2;2;20;2000;2000;4.84440e+01;100;100;100;1.00000e+00;1.00000e+00;1.30000e-01;9.34946e-01;1.00000e+00;8.61193e-01;Pipeline { filter(avg_Y < 294000.0000) };9.18771e-01;1.00000e+00;9.99454e-01;Pipeline { filter(avg_X < 3000000.0000) };9.18608e-01;1.00000e+00;1.00000e+00;Pipeline { filter(avg_Y < 22200000.0000) };9.18608e-01;1.00000e+00;1.00000e+00;Pipeline { filter(avg_Y < 5640000000.0000) };9.18608e-01;1.00000e+00;1.00000e+00;Pipeline { filter(avg_Y < 5640000000.0000) };9.18608e-01;1.00000e+00;1.00000e+00;Pipeline { filter(avg_X < 560000000.0000) }
datasets/geolife_60mins.csv;nsga2;2;21;2100;2100;5.08470e+01;100;100;100;1.00000e+00;1.00000e+00;1.30000e-01;9.34946e-01;1.00000e+00;8.61193e-01;Pipeline { filter(avg_Y < 294000.0000) };9.19787e-01;1.00000e+00;9.75627e-01;Pipeline { filter(avg_Y < 1970000.0000) };9.18608e-01;1.00000e+00;1.00000e+00;Pipeline { filter(avg_Y < 502000000.0000) };9.18608e-01;1.00000e+00;1.00000e+00;Pipeline { filter(avg_X < 9390000000.0000) };9.18608e-01;1.00000e+00;1.00000e+00;Pipeline { filter(avg_X < 9390000000.0000) };9.18608e-01;1.00000e+00;1.00000e+00;Pipeline { filter(avg_Y < 55700000.0000) }
datasets/geolife_60mins.csv;nsga2;2;22;2200;2200;5.33000e+01;100;100;100;1.00000e+00;1.00000e+00;1.30000e-01;9.34946e-01;1.00000e+00;8.61193e-01;Pipeline { filter(avg_Y < 294000.0000) };9.18771e-01;1.00000e+00;9.99454e-01;Pipeline { filter(avg_X < 2800000.0000) };9.18608e-01;1.00000e+00;1.00000e+00;Pipeline { filter(avg_X < 9330000000.0000) };9.18608e-01;1.00000e+00;1.00000e+00;Pipeline { filter(avg_Y < 60600000.0000) };9.18608e-01;1.00000e+00;1.00000e+00;Pipeline { filter(avg_Y < 60600000.0000) };9.18608e-01;1.00000e+00;1.00000e+00;Pipeline { filter(avg_Y < 110000000.0000) }
datasets/geolife_60mins.csv;nsga2;2;23;2300;2300;5.57580e+01;100;100;100;1.00000e+00;1.00000e+00;1.40000e-01;9.34946e-01;1.00000e+00;8.61193e-01;Pipeline { filter(avg_Y < 294000.0000) };9.19787e-01;1.00000e+00;9.75627e-01;Pipeline { filter(avg_Y < 1970000.0000) };9.18608e-01;1.00000e+00;1.00000e+00;Pipeline { filter(avg_X < 3650000000.0000) };9.18608e-01;1.00000e+00;1.00000e+00;Pipeline { filter(avg_X < 34700000.0000) };9.18608e-01;1.00000e+00;1.00000e+00;Pipeline { filter(avg_X < 34700000.0000) };9.18608e-01;1.00000e+00;1.00000e+00;Pipeline { filter(avg_Y < 1110000000.0000) }
datasets/geolife_60mins.csv;nsga2;2;24;2400;2400;5.84000e+01;100;100;100;1.00000e+00;1.00000e+00;1.40000e-01;9.34946e-01;1.00000e+00;8.61193e-01;Pipeline { filter(avg_Y < 294000.0000) };9.19787e-01;1.00000e+00;9.75627e-01;Pipeline { filter(avg_Y < 2000000.0000) };9.18608e-01;1.00000e+00;1.00000e+00;Pipeline { filter(avg_X < 6370000000.0000) };9.18608e-01;1.00000e+00;1.00000e+00;Pipeline { filter(avg_Y < 5640000000.0000) };9.18608e-01;1.00000e+00;1.00000e+00;Pipeline { filter(avg_Y < 5640000000.0000) };9.18608e-01;1.00000e+00;1.00000e+00;Pipeline { filter(avg_X < 5520000000.0000) }
datasets/geolife_60mins.csv;nsga2;2;25;2500;2500;6.07030e+01;100;100;100;1.00000e+00;1.00000e+00;1.50000e-01;9.34946e-01;1.00000e+00;8.61193e-01;Pipeline { filter(avg_Y < 294000.0000) };9.18771e-01;1.00000e+00;9.99454e-01;Pipeline { filter(avg_X < 3070000.0000) };9.18608e-01;1.00000e+00;1.00000e+00;Pipeline { filter(avg_Y < 43400000.0000) };9.18608e-01;1.00000e+00;1.00000e+00;Pipeline { filter(avg_Y < 44400000.0000) };9.18608e-01;1.00000e+00;1.00000e+00;Pipeline { filter(avg_Y < 44400000.0000) };9.18608e-01;1.00000e+00;1.00000e+00;Pipeline { filter(avg_X < 2720000000.0000) }
datasets/geolife_60mins.csv;nsga2;2;26;2600;2600;6.30590e+01;100;100;100;1.00000e+00;1.00000e+00;1.50000e-01;9.34946e-01;1.00000e+00;8.61193e-01;Pipeline { filter(avg_Y < 294000.0000) };9.19787e-01;1.00000e+00;9.75627e-01;Pipeline { filter(avg_Y < 2000000.0000) };9.18608e-01;1.00000e+00;1.00000e+00;Pipeline { filter(avg_Y < 674000000.0000) };9.18608e-01;1.00000e+00;1.00000e+00;Pipeline { filter(avg_X < 5950000000.0000) };9.18608e-01;1.00000e+00;1.00000e+00;Pipeline { filter(avg_X < 5950000000.0000) };9.18608e-01;1.00000e+00;1.00000e+00;Pipeline { filter(avg_Y < 7220000.0000) }
datasets/geolife_60mins.csv;nsga2;2;27;2700;2700;6.54980e+01;100;100;100;1.00000e+00;1.00000e+00;1.60000e-01;9.34946e-01;1.00000e+00;8.61193e-01;Pipeline { filter(avg_Y < 294000.0000) };9.18771e-01;1.00000e+00;9.99454e-01;Pipeline { filter(avg_X < 3660000.0000) };9.18608e-01;1.00000e+00;1.00000e+00;Pipeline { filter(avg_Y < 77100000.0000) };9.18608e-01;1.00000e+00;1.00000e+00;Pipeline { filter(avg_X < 1190000000.0000) };9.18608e-01;1.00000e+00;1.00000e+00;Pipeline { filter(avg_X < 1190000000.0000) };9.18608e-01;1.00000e+00;1.00000e+00;Pipeline { filter(avg_X < 24600000.0000) }
datasets/geolife_60mins.csv;nsga2;2;28;2800;2800;6.80360e+01;100;100;100;1.00000e+00;1.00000e+00;1.60000e-01;9.34946e-01;1.00000e+00;8.61193e-01;Pipeline { filter(avg_Y < 294000.0000) };9.19787e-01;1.00000e+00;9.75627e-01;Pipeline { filter(avg_Y < 2000000.0000) };9.18608e-01;1.00000e+00;1.00000e+00;Pipeline { filter(avg_Y < 372000000.0000) };9.18608e-01;1.00000e+00;1.00000e+00;Pipeline { filter(avg_Y < 9670000000.0000) };9.18608e-01;1.00000e+00;1.00000e+00;Pipeline { filter(avg_Y < 9670000000.0000) };9.18608e-01;1.00000e+00;1.00000e+00;Pipeline { filter(avg_Y < 334000000.0000) }
datasets/geolife_60mins.csv;nsga2;2;29;2900;2900;7.02850e+01;100;100;100;1.00000e+00;1.00000e+00;1.60000e-01;9.34946e-01;1.00000e+00;8.61193e-01;Pipeline { filter(avg_Y < 294000.0000) };9.18771e-01;1.00000e+00;9.99454e-01;Pipeline { filter(avg_X < 3410000.0000) };9.18608e-01;1.00000e+00;1.00000e+00;Pipeline { filter(avg_Y < 837000000.0000) };9.18608e-01;1.00000e+00;1.00000e+00;Pipeline { filter(avg_Y < 12700000.0000) };9.18608e-01;1.00000e+00;1.00000e+00;Pipeline { filter(avg_Y < 12700000.0000) };9.18608e-01;1.00000e+00;1.00000e+00;Pipeline { filter(avg_Y < 6630000000.0000) }
datasets/geolife_60mins.csv;nsga2;2;30;3000;3000;7.29320e+01;100;100;100;1.00000e+00;1.00000e+00;1.70000e-01;9.34946e-01;1.00000e+00;8.61193e-01;Pipeline { filter(avg_Y < 294000.0000) };9.19787e-01;1.00000e+00;9.75627e-01;Pipeline { filter(avg_Y < 2000000.0000) };9.18608e-01;1.00000e+00;1.00000e+00;Pipeline { filter(avg_X < 19000000.0000) };9.18608e-01;1.00000e+00;1.00000e+00;Pipeline { filter(avg_Y < 24400000.0000) };9.18608e-01;1.00000e+00;1.00000e+00;Pipeline { filter(avg_Y < 24400000.0000) };9.18608e-01;1.00000e+00;1.00000e+00;Pipeline { filter(avg_Y < 72900000.0000) }
datasets/geolife_60mins.csv;nsga2;2;31;3100;3100;7.54270e+01;100;100;100;1.00000e+00;1.00000e+00;1.70000e-01;9.34946e-01;1.00000e+00;8.61193e-01;Pipeline { filter(avg_Y < 294000.0000) };9.18771e-01;1.00000e+00;9.99454e-01;Pipeline { filter(avg_X < 3410000.0000) };9.18608e-01;1.00000e+00;1.00000e+00;Pipeline { filter(avg_Y < 67100000.0000) };9.18608e-01;1.00000e+00;1.00000e+00;Pipeline { filter(avg_Y < 27100000.0000) };9.18608e-01;1.00000e+00;1.00000e+00;Pipeline { filter(avg_Y < 27100000.0000) };9.18608e-01;1.00000e+00;1.00000e+00;Pipeline { filter(avg_Y < 822000000.0000) }
datasets/geolife_60mins.csv;nsga2;2;32;3200;3200;7.77990e+01;100;100;100;1.00000e+00;1.00000e+00;1.70000e-01;9.34946e-01;1.00000e+00;8.61193e-01;Pipeline { filter(avg_Y < 294000.0000) };9.19787e-01;1.00000e+00;9.75627e-01;Pipeline { filter(avg_Y < 2000000.0000) };9.18608e-01;1.00000e+00;1.00000e+00;Pipeline { filter(avg_Y < 7850000000.0000) };9.18608e-01;1.00000e+00;1.00000e+00;Pipeline { filter(avg_X < 6580000000.0000) };9.18608e-01;1.00000e+00;1.00000e+00;Pipeline { filter(avg_X < 6580000000.0000) };9.18608e-01;1.00000e+00;1.00000e+00;Pipeline { filter(avg_X < 644000000.0000) }
datasets/geolife_60mins.csv;nsga2;2;33;3300;3300;8.03390e+01;100;100;100;1.00000e+00;1.00000e+00;1.70000e-01;9.36672e-01;1.00000e+00;8.85329e-01;Pipeline { filter(avg_Y < 401000.0000) };9.18771e-01;1.00000e+00;9.99454e-01;Pipeline { filter(avg_X < 4290000.0000) };9.18608e-01;1.00000e+00;1.00000e+00;Pipeline { filter(avg_Y < 16700000.0000) };9.18608e-01;1.00000e+00;1.00000e+00;Pipeline { filter(avg_X < 68100000.0000) };9.18608e-01;1.00000e+00;1.00000e+00;Pipeline { filter(avg_X < 68100000.0000) };9.18608e-01;1.00000e+00;1.00000e+00;Pipeline { filter(avg_Y < 65200000.0000) }
datasets/geolife_60mins.csv;nsga2;2;34;3400;3400;8.27500e+01;100;100;100;1.00000e+00;1.00000e+00;1.70000e-01;9.36672e-01;1.00000e+00;8.85329e-01;Pipeline { filter(avg_Y < 401000.0000) };9.19787e-01;1.00000e+00;9.75627e-01;Pipeline { filter(avg_Y < 2000000.0000) };9.18608e-01;1.00000e+00;1.00000e+00;Pipeline { filter(avg_Y < 7910000000.0000) };9.18608e-01;1.00000e+00;1.00000e+00;Pipeline { filter(avg_Y < 38100000.0000) };9.18608e-01;1.00000e+00;1.00000e+00;Pipeline { filter(avg_Y < 38100000.0000) };9.18608e-01;1.00000e+00;1.00000e+00;Pipeline { filter(avg_Y < 88100000.0000) }
datasets/geolife_60mins.csv;nsga2;2;35;3500;3500;8.54120e+01;100;100;100;1.00000e+00;1.00000e+00;1.70000e-01;9.36672e-01;1.00000e+00;8.85329e-01;Pipeline { filter(avg_Y < 401000.0000) };9.18771e-01;1.00000e+00;9.99454e-01;Pipeline { filter(avg_X < 4290000.0000) };9.18608e-01;1.00000e+00;1.00000e+00;Pipeline { filter(avg_Y < 7850000000.0000) };9.18608e-01;1.00000e+00;1.00000e+00;Pipeline { filter(avg_Y < 8920000000.0000) };9.18608e-01;1.00000e+00;1.00000e+00;Pipeline { filter(avg_Y < 8920000000.0000) };9.18608e-01;1.00000e+00;1.00000e+00;Pipeline { filter(avg_Y < 77400000.0000) }
datasets/geolife_60mins.csv;nsga2;2;36;3600;3600;8.76540e+01;100;100;100;1.00000e+00;1.00000e+00;1.80000e-01;9.36672e-01;1.00000e+00;8.85329e-01;Pipeline { filter(avg_Y < 401000.0000) };9.19787e-01;1.00000e+00;9.75627e-01;Pipeline { filter(avg_Y < 2000000.0000) };9.18608e-01;1.00000e+00;1.00000e+00;Pipeline { filter(avg_Y < 40500000.0000) };9.18608e-01;1.00000e+00;1.00000e+00;Pipeline { filter(avg_Y < 474000000.0000) };9.18608e-01;1.00000e+00;1.00000e+00;Pipeline { filter(avg_Y < 474000000.0000) };9.18608e-01;1.00000e+00;1.00000e+00;Pipeline { filter(avg_X < 522000000.0000) }
datasets/geolife_60mins.csv;nsga2;2;37;3700;3700;8.99880e+01;100;100;100;1.00000e+00;1.00000e+00;1.80000e-01;9.36672e-01;1.00000e+00;8.85329e-01;Pipeline { filter(avg_Y < 401000.0000) };9.18771e-01;1.00000e+00;9.99454e-01;Pipeline { filter(avg_X < 4290000.0000) };9.18608e-01;1.00000e+00;1.00000e+00;Pipeline { filter(avg_X < 88600000.0000) };9.18608e-01;1.00000e+00;1.00000e+00;Pipeline { filter(avg_X < 6040000000.0000) };9.18608e-01;1.00000e+00;1.00000e+00;Pipeline { filter(avg_X < 6040000000.0000) };9.18608e-01;1.00000e+00;1.00000e+00;Pipeline { filter(avg_Y < 7190000.0000) }
datasets/geolife_60mins.csv;nsga2;2;38;3800;3800;9.23370e+01;100;100;100;1.00000e+00;9.90000e-01;1.80000e-01;9.36672e-01;1.00000e+00;8.85329e-01;Pipeline { filter(avg_Y < 401000.0000) };9.19787e-01;1.00000e+00;9.75627e-01;Pipeline { filter(avg_Y < 2000000.0000) };9.18608e-01;1.00000e+00;1.00000e+00;Pipeline { filter(avg_Y < 632000000.0000) };9.18608e-01;1.00000e+00;1.00000e+00;Pipeline { filter(avg_Y < 632000000.0000) };9.18608e-01;1.00000e+00;1.00000e+00;Pipeline { filter(avg_Y < 632000000.0000) };9.18608e-01;1.00000e+00;1.00000e+00;Pipeline { filter(avg_Y < 3230000000.0000) }
datasets/geolife_60mins.csv;nsga2;2;39;3900;3900;9.47610e+01;100;100;100;1.00000e+00;9.90000e-01;1.80000e-01;9.36672e-01;1.00000e+00;8.85329e-01;Pipeline { filter(avg_Y < 401000.0000) };9.18771e-01;1.00000e+00;9.99454e-01;Pipeline { filter(avg_X < 4290000.0000) };9.18608e-01;1.00000e+00;1.00000e+00;Pipeline { filter(avg_X < 4170000000.0000) };9.18771e-01;1.00000e+00;9.99454e-01;Pipeline { filter(avg_X < 4590000.0000) };9.36672e-01;1.00000e+00;8.85329e-01;Pipeline { filter(avg_Y < 401000.0000) };9.18608e-01;1.00000e+00;1.00000e+00;Pipeline { filter(avg_Y < 8520000.0000) }
datasets/geolife_60mins.csv;nsga2;2;40;4000;4000;9.70910e+01;100;100;100;1.00000e+00;9.90000e-01;1.80000e-01;9.36774e-01;1.00000e+00;8.86399e-01;Pipeline { filter(avg_Y < 421000.0000) };9.19787e-01;1.00000e+00;9.75627e-01;Pipeline { filter(avg_Y < 2000000.0000) };9.18608e-01;1.00000e+00;1.00000e+00;Pipeline { filter(avg_X < 892000000.0000) };9.18771e-01;1.00000e+00;9.99454e-01;Pipeline { filter(avg_X < 4290000.0000) };9.36774e-01;1.00000e+00;8.86399e-01;Pipeline { filter(avg_Y < 421000.0000) };9.18608e-01;1.00000e+00;1.00000e+00;Pipeline { filter(avg_Y < 8930000000.0000) }
datasets/geolife_60mins.csv;nsga2;2;41;4100;4100;9.94320e+01;100;100;100;1.00000e+00;1.00000e+00;1.70000e-01;9.36774e-01;1.00000e+00;8.86399e-01;Pipeline { filter(avg_Y < 421000.0000) };9.30946e-01;1.00000e+00;9.11365e-01;Pipeline { filter(avg_Y < 660000.0000) };9.18608e-01;1.00000e+00;1.00000e+00;Pipeline { filter(avg_Y < 1630000000.0000) };9.18608e-01;1.00000e+00;1.00000e+00;Pipeline { filter(avg_X < 5220000000.0000) };9.18608e-01;1.00000e+00;1.00000e+00;Pipeline { filter(avg_X < 5220000000.0000) };9.18608e-01;1.00000e+00;1.00000e+00;Pipeline { filter(avg_X < 704000000.0000) }
datasets/geolife_60mins.csv;nsga2;2;42;4200;4200;1.01887e+02;100;100;100;1.00000e+00;1.00000e+00;1.70000e-01;9.36774e-01;1.00000e+00;8.86399e-01;Pipeline { filter(avg_Y < 421000.0000) };9.18771e-01;1.00000e+00;9.99454e-01;Pipeline { filter(avg_X < 4240000.0000) };9.18608e-01;1.00000e+00;1.00000e+00;Pipeline { filter(avg_X < 8230000.0000) };9.18608e-01;1.00000e+00;1.00000e+00;Pipeline { filter(avg_X < 4170000000.0000) };9.18608e-01;1.00000e+00;1.00000e+00;Pipeline { filter(avg_X < 4170000000.0000) };9.18608e-01;1.00000e+00;1.00000e+00;Pipeline { filter(avg_Y < 27100000.0000) }
datasets/geolife_60mins.csv;nsga2;2;43;4300;4300;1.04406e+02;100;100;100;1.00000e+00;1.00000e+00;1.70000e-01;9.36774e-01;1.00000e+00;8.86399e-01;Pipeline { filter(avg_Y < 421000.0000) };9.18771e-01;1.00000e+00;9.99454e-01;Pipeline { filter(avg_X < 3420000.0000) };9.18608e-01;1.00000e+00;1.00000e+00;Pipeline { filter(avg_Y < 23100000.0000) };9.18608e-01;1.00000e+00;1.00000e+00;Pipeline { filter(avg_X < 940000000.0000) };9.18608e-01;1.00000e+00;1.00000e+00;Pipeline { filter(avg_X < 940000000.0000) };9.18608e-01;1.00000e+00;1.00000e+00;Pipeline { filter(avg_X < 21100000.0000) }
datasets/geolife_60mins.csv;nsga2;2;44;4400;4400;1.06778e+02;100;100;100;1.00000e+00;1.00000e+00;1.80000e-01;9.36774e-01;1.00000e+00;8.86399e-01;Pipeline { filter(avg_Y < 421000.0000) };9.30946e-01;1.00000e+00;9.11365e-01;Pipeline { filter(avg_Y < 660000.0000) };9.18608e-01;1.00000e+00;1.00000e+00;Pipeline { filter(avg_Y < 21100000.0000) };9.18608e-01;1.00000e+00;1.00000e+00;Pipeline { filter(avg_X < 62800000.0000) };9.18608e-01;1.00000e+00;1.00000e+00;Pipeline { filter(avg_X < 62800000.0000) };9.18608e-01;1.00000e+00;1.00000e+00;Pipeline { filter(avg_X < 5140000000.0000) }
datasets/geolife_60mins.csv;nsga2;2;45;4500;4500;1.09501e+02;100;100;100;1.00000e+00;1.00000e+00;1.90000e-01;9.36774e-01;1.00000e+00;8.86399e-01;Pipeline { filter(avg_Y < 421000.0000) };9.19829e-01;1.00000e+00;9.75087e-01;Pipeline { filter(avg_Y < 1610000.0000) };9.18608e-01;1.00000e+00;1.00000e+00;Pipeline { filter(avg_X < 29200000.0000) };9.18608e-01;1.00000e+00;1.00000e+00;Pipeline { filter(avg_X < 29200000.0000) };9.18608e-01;1.00000e+00;1.00000e+00;Pipeline { filter(avg_X < 29200000.0000) };9.18608e-01;1.00000e+00;1.00000e+00;Pipeline { filter(avg_X < 1600000000.0000) }
datasets/geolife_60mins.csv;nsga2;2;46;4600;4600;1.12050e+02;100;100;100;1.00000e+00;1.00000e+00;2.00000e-01;9.36774e-01;1.00000e+00;8.86399e-01;Pipeline { filter(avg_Y < 421000.0000) };9.18771e-01;1.00000e+00;9.99454e-01;Pipeline { filter(avg_X < 3640000.0000) };9.18608e-01;1.00000e+00;1.00000e+00;Pipeline { filter(avg_Y < 3510000.0000) };9.18771e-01;1.00000e+00;9.99454e-01;Pipeline { filter(avg_X < 2800000.0000) };9.36774e-01;1.00000e+00;8.86399e-01;Pipeline { filter(avg_Y < 421000.0000) };9.18608e-01;1.00000e+00;1.00000e+00;Pipeline { filter(avg_Y < 8090000000.0000) }
datasets/geolife_60mins.csv;nsga2;2;47;4700;4700;1.14540e+02;100;100;100;1.00000e+00;9.90000e-01;2.00000e-01;9.36774e-01;1.00000e+00;8.86399e-01;Pipeline { filter(avg_Y < 421000.0000) };9.19829e-01;1.00000e+00;9.75087e-01;Pipeline { filter(avg_Y < 1610000.0000) };9.18608e-01;1.00000e+00;1.00000e+00;Pipeline { filter(avg_Y < 8490000000.0000) };9.18771e-01;1.00000e+00;9.99454e-01;Pipeline { filter(avg_X < 3640000.0000) };9.36774e-01;1.00000e+00;8.86399e-01;Pipeline { filter(avg_Y < 421000.0000) };9.18608e-01;1.00000e+00;1.00000e+00;Pipeline { filter(avg_X < 781000000.0000) }
datasets/geolife_60mins.csv;nsga2;2;48;4800;4800;1.17004e+02;100;100;100;1.00000e+00;9.90000e-01;2.00000e-01;9.36774e-01;1.00000e+00;8.86399e-01;Pipeline { filter(avg_Y < 421000.0000) };9.18771e-01;1.00000e+00;9.99454e-01;Pipeline { filter(avg_X < 3640000.0000) };9.18608e-01;1.00000e+00;1.00000e+00;Pipeline { filter(avg_X < 788000000.0000) };9.18771e-01;1.00000e+00;9.99454e-01;Pipeline { filter(avg_X < 3640000.0000) };9.19829e-01;1.00000e+00;9.75087e-01;Pipeline { filter(avg_Y < 1610000.0000) };9.18608e-01;1.00000e+00;1.00000e+00;Pipeline { filter(avg_X < 7410000.0000) }
datasets/geolife_60mins.csv;nsga2;2;49;4900;4900;1.19432e+02;100;100;100;1.00000e+00;9.90000e-01;2.00000e-01;9.36774e-01;1.00000e+00;8.86399e-01;Pipeline { filter(avg_Y < 421000.0000) };9.19829e-01;1.00000e+00;9.75087e-01;Pipeline { filter(avg_Y < 1610000.0000) };9.18608e-01;1.00000e+00;1.00000e+00;Pipeline { filter(avg_Y < 94000000.0000) };9.18779e-01;1.00000e+00;9.98627e-01;Pipeline { filter(avg_X < 2400000.0000) };9.26707e-01;1.00000e+00;9.65810e-01;Pipeline { filter(avg_Y < 1130000.0000) };9.18608e-01;1.00000e+00;1.00000e+00;Pipeline { filter(avg_Y < 3210000000.0000) }
datasets/geolife_60mins.csv;nsga2;2;50;5000;5000;1.21836e+02;100;100;100;1.00000e+00;9.90000e-01;2.00000e-01;9.36774e-01;1.00000e+00;8.86399e-01;Pipeline { filter(avg_Y < 421000.0000) };9.18771e-01;1.00000e+00;9.99454e-01;Pipeline { filter(avg_X < 3640000.0000) };9.18608e-01;1.00000e+00;1.00000e+00;Pipeline { filter(avg_Y < 8610000.0000) };9.18779e-01;1.00000e+00;9.98627e-01;Pipeline { filter(avg_X < 2200000.0000) };9.19829e-01;1.00000e+00;9.75087e-01;Pipeline { filter(avg_Y < 1680000.0000) };9.18608e-01;1.00000e+00;1.00000e+00;Pipeline { filter(avg_Y < 362000000.0000) }
datasets/geolife_60mins.csv;nsga2;3;1;100;100;2.55800e+00;100;8;67;1.00000e+00;1.00000e+00;1.80000e-01;9.26629e-01;1.00000e+00;8.17732e-01;Pipeline { filter(avg_X > 0.0000) };8.78513e-01;1.00000e+00;6.84530e-01;Pipeline { filter(avg_Y > 0.0140) | filter(avg_X > 0.0000) | filter(avg_X < 565000.0000) };9.18608e-01;1.00000e+00;1.00000e+00;Pipeline { filter(avg_X < 6150000.0000) };2.06370e-02;0.00000e+00;1.80548e-02;Pipeline { filter(avg_Y < 4.7600) | filter(avg_X < 42600.0000) };0.00000e+00;0.00000e+00;0.00000e+00;Pipeline { filter(avg_X > 220.0000) | filter(avg_X < 0.0000) | filter(avg_X < 0.7550) | filter(avg_X < 58300.0000) };2.06370e-02;0.00000e+00;1.80548e-02;Pipeline { filter(avg_Y < 4.7600) | filter(avg_X < 42600.0000) }
datasets/geolife_60mins.csv;nsga2;3;2;200;200;4.69800e+00;100;22;14;1.00000e+00;9.90000e-01;2.60000e-01;9.26629e-01;1.00000e+00;8.17732e-01;Pipeline { filter(avg_X > 0.0000) | filter(avg_Y < 6000000.0000) };8.78513e-01;1.00000e+00;6.84530e-01;Pipeline { filter(avg_Y > 0.0140) | filter(avg_X > 0.0000) | filter(avg_X < 565000.0000) };9.18608e-01;1.00000e+00;1.00000e+00;Pipeline { filter(avg_X < 8750000.0000) };8.86316e-01;1.00000e+00;6.99741e-01;Pipeline { filter(avg_Y > 0.0140) | filter(avg_X > 0.0000) | filter(avg_Y < 565000.0000) };9.26629e-01;1.00000e+00;8.17732e-01;Pipeline { filter(avg_X > 0.0000) | filter(avg_X > 43.0000) };8.77344e-01;1.00000e+00;7.26608e-01;Pipeline { filter(avg_Y > 0.0000) }
datasets/geolife_60mins.csv;nsga2;3;3;300;300;6.95600e+00;100;10;8;1.00000e+00;9.90000e-01;2.40000e-01;9.33306e-01;1.00000e+00;8.87906e-01;Pipeline { filter(avg_Y < 452000.0000) };8.78430e-01;1.00000e+00;6.84382e-01;Pipeline { filter(avg_Y > 0.0170) | filter(avg_X > 0.0000) | filter(avg_X < 555000.0000) };9.18608e-01;1.00000e+00;1.00000e+00;Pipeline { filter(avg_X < 9360000000.0000) };9.26629e-01;1.00000e+00;8.17732e-01;Pipeline { filter(avg_X > 0.0000) | filter(avg_X > 0.0003) };8.77344e-01;1.00000e+00;7.26608e-01;Pipeline { filter(avg_Y > 0.0025) };9.26629e-01;1.00000e+00;8.17732e-01;Pipeline { filter(avg_X > 0.0000) | filter(avg_X > 43.0000) }
datasets/geolife_60mins.csv;nsga2;3;4;400;400;9.59500e+00;100;19;1;1.00000e+00;9.90000e-01;1.60000e-01;9.36791e-01;1.00000e+00;8.86406e-01;Pipeline { filter(avg_Y < 422000.0000) };8.77344e-01;1.00000e+00;7.26608e-01;Pipeline { filter(avg_Y > 0.0000) | filter(avg_Y < 6000000.0000) };9.18608e-01;1.00000e+00;1.00000e+00;Pipeline { filter(avg_X < 8740000.0000) };9.26629e-01;1.00000e+00;8.17732e-01;Pipeline { filter(avg_X > 0.0000) | filter(avg_X > 0.0003) };9.26629e-01;1.00000e+00;8.17732e-01;Pipeline { filter(avg_X > 0.0000) | filter(avg_X > 43.0000) };9.26629e-01;1.00000e+00;8.17732e-01;Pipeline { filter(avg_X > 0.0000) | filter(avg_X > 43.0000) }
datasets/geolife_60mins.csv;nsga2;3;5;500;500;1.22730e+01;100;35;65;1.00000e+00;1.00000e+00;6.00000e-02;9.36791e-01;1.00000e+00;8.86406e-01;Pipeline { filter(avg_Y < 422000.0000) };9.13116e-01;1.00000e+00;9.16909e-01;Pipeline { filter(avg_X < 936000.0000) };9.18608e-01;1.00000e+00;1.00000e+00;Pipeline { filter(avg_X < 9360000.0000) };9.26629e-01;1.00000e+00;8.17732e-01;Pipeline { filter(avg_X > 0.0000) | filter(avg_Y < 6000000.0000) };9.26629e-01;1.00000e+00;8.17732e-01;Pipeline { filter(avg_X > 0.0000) | filter(avg_X > 0.0000) };9.18608e-01;1.00000e+00;1.00000e+00;Pipeline { filter(avg_X < 3360000000.0000) }
datasets/geolife_60mins.csv;nsga2;3;6;600;600;1.47690e+01;100;60;40;1.00000e+00;9.90000e-01;6.00000e-02;9.36791e-01;1.00000e+00;8.86406e-01;Pipeline { filter(avg_Y < 422000.0000) };9.13116e-01;1.00000e+00;9.16909e-01;Pipeline { filter(avg_X < 936000.0000) };9.18608e-01;1.00000e+00;1.00000e+00;Pipeline { filter(avg_X < 6150000.0000) };9.26629e-01;1.00000e+00;8.17732e-01;Pipeline { filter(avg_X > 0.0054) };9.26629e-01;1.00000e+00;8.17732e-01;Pipeline { filter(avg_X > 0.0000) };9.18608e-01;1.00000e+00;1.00000e+00;Pipeline { filter(avg_Y < 1840000000.0000) }
datasets/geolife_60mins.csv;nsga2;3;7;700;700;1.73880e+01;100;91;7;1.00000e+00;1.00000e+00;8.00000e-02;9.36791e-01;1.00000e+00;8.86406e-01;Pipeline { filter(avg_Y < 422000.0000) };9.26629e-01;1.00000e+00;8.17732e-01;Pipeline { filter(avg_X > 0.0000) | filter(avg_Y < 36000000.0000) };9.18608e-01;1.00000e+00;1.00000e+00;Pipeline { filter(avg_X < 8730000.0000) };9.18608e-01;1.00000e+00;1.00000e+00;Pipeline { filter(avg_Y < 1850000000.0000) };9.18608e-01;1.00000e+00;1.00000e+00;Pipeline { filter(avg_X < 8450000.0000) };9.18608e-01;1.00000e+00;1.00000e+00;Pipeline { filter(avg_Y < 4080000000.0000) }
datasets/geolife_60mins.csv;nsga2;3;8;800;800;1.97340e+01;100;100;100;1.00000e+00;1.00000e+00;6.00000e-02;9.36791e-01;1.00000e+00;8.86406e-01;Pipeline { filter(avg_Y < 422000.0000) };9.18771e-01;1.00000e+00;9.99454e-01;Pipeline { filter(avg_X < 4450000.0000) };9.18608e-01;1.00000e+00;1.00000e+00;Pipeline { filter(avg_X < 8740000.0000) };9.18608e-01;1.00000e+00;1.00000e+00;Pipeline { filter(avg_X < 9300000000.0000) };9.18608e-01;1.00000e+00;1.00000e+00;Pipeline { filter(avg_X < 9300000000.0000) };9.18608e-01;1.00000e+00;1.00000e+00;Pipeline { filter(avg_X < 6100000.0000) }
datasets/geolife_60mins.csv;nsga2;3;9;900;900;2.22410e+01;100;100;100;1.00000e+00;1.00000e+00;6.00000e-02;9.36791e-01;1.00000e+00;8.86406e-01;Pipeline { filter(avg_Y < 422000.0000) };9.33306e-01;1.00000e+00;8.87906e-01;Pipeline { filter(avg_Y < 452000.0000) };9.18608e-01;1.00000e+00;1.00000e+00;Pipeline { filter(avg_Y < 5150000.0000) };9.18608e-01;1.00000e+00;1.00000e+00;Pipeline { filter(avg_X < 68200000.0000) };9.18608e-01;1.00000e+00;1.00000e+00;Pipeline { filter(avg_X < 68200000.0000) };9.18608e-01;1.00000e+00;1.00000e+00;Pipeline { filter(avg_Y < 93800000.0000) }
datasets/geolife_60mins.csv;nsga2;3;10;1000;1000;2.47520e+01;100;100;100;1.00000e+00;1.00000e+00;7.00000e-02;9.36791e-01;1.00000e+00;8.86406e-01;Pipeline { filter(avg_Y < 422000.0000) };9.29312e-01;1.00000e+00;8.89949e-01;Pipeline { filter(avg_Y < 516000.0000) };9.18608e-01;1.00000e+00;1.00000e+00;Pipeline { filter(avg_X < 9260000.0000) };9.18608e-01;1.00000e+00;1.00000e+00;Pipeline { filter(avg_X < 9300000.0000) };9.18608e-01;1.00000e+00;1.00000e+00;Pipeline { filter(avg_X < 9300000.0000) };9.18608e-01;1.00000e+00;1.00000e+00;Pipeline { filter(avg_Y < 47300000.0000) }
datasets/geolife_60mins.csv;nsga2;3;11;1100;1100;2.72830e+01;100;100;100;1.00000e+00;1.00000e+00;8.00000e-02;9.36791e-01;1.00000e+00;8.86406e-01;Pipeline { filter(avg_Y < 422000.0000) };9.33306e-01;1.00000e+00;8.87906e-01;Pipeline { filter(avg_Y < 452000.0000) };9.18608e-01;1.00000e+00;1.00000e+00;Pipeline { filter(avg_X < 6320000.0000) };9.18608e-01;1.00000e+00;1.00000e+00;Pipeline { filter(avg_X < 94200000.0000) };9.18608e-01;1.00000e+00;1.00000e+00;Pipeline { filter(avg_X < 94200000.0000) };9.18608e-01;1.00000e+00;1.00000e+00;Pipeline { filter(avg_Y < 4160000.0000) }
datasets/geolife_60mins.csv;nsga2;3;12;1200;1200;2.98550e+01;100;100;100;1.00000e+00;1.00000e+00;9.00000e-02;9.36791e-01;1.00000e+00;8.86406e-01;Pipeline { filter(avg_Y < 422000.0000) };9.18771e-01;1.00000e+00;9.99454e-01;Pipeline { filter(avg_X < 4450000.0000) };9.18608e-01;1.00000e+00;1.00000e+00;Pipeline { filter(avg_Y < 8730000000.0000) };9.18608e-01;1.00000e+00;1.00000e+00;Pipeline { filter(avg_X < 5150000.0000) };9.18608e-01;1.00000e+00;1.00000e+00;Pipeline { filter(avg_X < 5150000.0000) };9.18608e-01;1.00000e+00;1.00000e+00;Pipeline { filter(avg_X < 1260000000.0000) }
datasets/geolife_60mins.csv;nsga2;3;13;1300;1300;3.22670e+01;100;100;100;1.00000e+00;1.00000e+00;1.00000e-01;9.36791e-01;1.00000e+00;8.86406e-01;Pipeline { filter(avg_Y < 422000.0000) };9.33306e-01;1.00000e+00;8.87906e-01;Pipeline { filter(avg_Y < 452000.0000) };9.18608e-01;1.00000e+00;1.00000e+00;Pipeline { filter(avg_Y < 614000000.0000) };9.18608e-01;1.00000e+00;1.00000e+00;Pipeline { filter(avg_Y < 4660000000.0000) };9.18608e-01;1.00000e+00;1.00000e+00;Pipeline { filter(avg_Y < 9300000000.0000) };9.18608e-01;1.00000e+00;1.00000e+00;Pipeline { filter(avg_X < 699000000.0000) }
datasets/geolife_60mins.csv;nsga2;3;14;1400;1400;3.47340e+01;100;100;100;1.00000e+00;1.00000e+00;1.20000e-01;9.36791e-01;1.00000e+00;8.86406e-01;Pipeline { filter(avg_Y < 422000.0000) };9.18771e-01;1.00000e+00;9.99454e-01;Pipeline { filter(avg_X < 4450000.0000) };9.18608e-01;1.00000e+00;1.00000e+00;Pipeline { filter(avg_X < 608000000.0000) };9.18608e-01;1.00000e+00;1.00000e+00;Pipeline { filter(avg_X < 6720000.0000) };9.18608e-01;1.00000e+00;1.00000e+00;Pipeline { filter(avg_X < 6720000.0000) };9.18608e-01;1.00000e+00;1.00000e+00;Pipeline { filter(avg_X < 7570000000.0000) }
datasets/geolife_60mins.csv;nsga2;3;15;1500;1500;3.74710e+01;100;100;100;1.00000e+00;1.00000e+00;1.20000e-01;9.36791e-01;1.00000e+00;8.86406e-01;Pipeline { filter(avg_Y < 422000.0000) };9.18771e-01;1.00000e+00;9.99454e-01;Pipeline { filter(avg_X < 3440000.0000) };9.18608e-01;1.00000e+00;1.00000e+00;Pipeline { filter(avg_X < 5770000000.0000) };9.18608e-01;1.00000e+00;1.00000e+00;Pipeline { filter(avg_Y < 92000000.0000) };9.18608e-01;1.00000e+00;1.00000e+00;Pipeline { filter(avg_Y < 92000000.0000) };9.18608e-01;1.00000e+00;1.00000e+00;Pipeline { filter(avg_X < 91400000.0000) }
datasets/geolife_60mins.csv;nsga2;3;16;1600;1600;3.99040e+01;100;100;100;1.00000e+00;1.00000e+00;1.20000e-01;9.36791e-01;1.00000e+00;8.86406e-01;Pipeline { filter(avg_Y < 422000.0000) };9.19829e-01;1.00000e+00;9.75087e-01;Pipeline { filter(avg_Y < 1850000.0000) };9.18608e-01;1.00000e+00;1.00000e+00;Pipeline { filter(avg_X < 462000000.0000) };9.18608e-01;1.00000e+00;1.00000e+00;Pipeline { filter(avg_X < 687000000.0000) };9.18608e-01;1.00000e+00;1.00000e+00;Pipeline { filter(avg_X < 687000000.0000) };9.18608e-01;1.00000e+00;1.00000e+00;Pipeline { filter(avg_X < 10000000.0000) }
datasets/geolife_60mins.csv;nsga2;3;17;1700;1700;4.24960e+01;100;100;100;1.00000e+00;1.00000e+00;1.20000e-01;9.36791e-01;1.00000e+00;8.86406e-01;Pipeline { filter(avg_Y < 422000.0000) };9.18771e-01;1.00000e+00;9.99454e-01;Pipeline { filter(avg_X < 4260000.0000) };9.18608e-01;1.00000e+00;1.00000e+00;Pipeline { filter(avg_X < 83400000.0000) };9.18608e-01;1.00000e+00;1.00000e+00;Pipeline { filter(avg_Y < 4350000000.0000) };9.18608e-01;1.00000e+00;1.00000e+00;Pipeline { filter(avg_Y < 4350000000.0000) };9.18608e-01;1.00000e+00;1.00000e+00;Pipeline { filter(avg_X < 35300000.0000) }
datasets/geolife_60mins.csv;nsga2;3;18;1800;1800;4.50470e+01;100;100;100;1.00000e+00;1.00000e+00;1.10000e-01;9.36791e-01;1.00000e+00;8.86406e-01;Pipeline { filter(avg_Y < 422000.0000) };9.19829e-01;1.00000e+00;9.75087e-01;Pipeline { filter(avg_Y < 1850000.0000) };9.18608e-01;1.00000e+00;1.00000e+00;Pipeline { filter(avg_Y < 82800000.0000) };9.18608e-01;1.00000e+00;1.00000e+00;Pipeline { filter(avg_Y < 33900000.0000) };9.18608e-01;1.00000e+00;1.00000e+00;Pipeline { filter(avg_Y < 92000000.0000) };9.18608e-01;1.00000e+00;1.00000e+00;Pipeline { filter(avg_X < 7940000.0000) }
datasets/geolife_60mins.csv;nsga2;3;19;1900;1900;4.76900e+01;100;100;100;1.00000e+00;1.00000e+00;1.30000e-01;9.36791e-01;1.00000e+00;8.86406e-01;Pipeline { filter(avg_Y < 422000.0000) };9.18771e-01;1.00000e+00;9.99454e-01;Pipeline { filter(avg_X < 4610000.0000) };9.18608e-01;1.00000e+00;1.00000e+00;Pipeline { filter(avg_Y < 988000000.0000) };9.18608e-01;1.00000e+00;1.00000e+00;Pipeline { filter(avg_Y < 430000000.0000) };9.18608e-01;1.00000e+00;1.00000e+00;Pipeline { filter(avg_Y < 430000000.0000) };9.18608e-01;1.00000e+00;1.00000e+00;Pipeline { filter(avg_Y < 6870000000.0000) }
datasets/geolife_60mins.csv;nsga2;3;20;2000;2000;5.02060e+01;100;100;100;1.00000e+00;1.00000e+00;1.30000e-01;9.36791e-01;1.00000e+00;8.86406e-01;Pipeline { filter(avg_Y < 422000.0000) };9.19829e-01;1.00000e+00;9.75087e-01;Pipeline { filter(avg_Y < 1850000.0000) };9.18608e-01;1.00000e+00;1.00000e+00;Pipeline { filter(avg_Y < 9420000.0000) };9.18608e-01;1.00000e+00;1.00000e+00;Pipeline { filter(avg_X < 636000000.0000) };9.18608e-01;1.00000e+00;1.00000e+00;Pipeline { filter(avg_X < 636000000.0000) };9.18608e-01;1.00000e+00;1.00000e+00;Pipeline { filter(avg_Y < 8820000000.0000) }
datasets/geolife_60mins.csv;nsga2;3;21;2100;2100;5.28910e+01;100;100;100;1.00000e+00;1.00000e+00;1.30000e-01;9.36791e-01;1.00000e+00;8.86406e-01;Pipeline { filter(avg_Y < 422000.0000) };9.18771e-01;1.00000e+00;9.99454e-01;Pipeline { filter(avg_X < 3420000.0000) };9.18608e-01;1.00000e+00;1.00000e+00;Pipeline { filter(avg_X < 5020000000.0000) };9.18608e-01;1.00000e+00;1.00000e+00;Pipeline { filter(avg_X < 3570000000.0000) };9.18608e-01;1.00000e+00;1.00000e+00;Pipeline { filter(avg_X < 3570000000.0000) };9.18608e-01;1.00000e+00;1.00000e+00;Pipeline { filter(avg_Y < 8390000.0000) }
datasets/geolife_60mins.csv;nsga2;3;22;2200;2200;5.50810e+01;100;100;100;1.00000e+00;1.00000e+00;1.20000e-01;9.36791e-01;1.00000e+00;8.86406e-01;Pipeline { filter(avg_Y < 422000.0000) };9.18771e-01;1.00000e+00;9.99454e-01;Pipeline { filter(avg_X < 3670000.0000) };9.18608e-01;1.00000e+00;1.00000e+00;Pipeline { filter(avg_Y < 988000000.0000) };9.18608e-01;1.00000e+00;1.00000e+00;Pipeline { filter(avg_Y < 3620000.0000) };9.18608e-01;1.00000e+00;1.00000e+00;Pipeline { filter(avg_Y < 3620000.0000) };9.18608e-01;1.00000e+00;1.00000e+00;Pipeline { filter(avg_X < 4760000000.0000) }
datasets/geolife_60mins.csv;nsga2;3;23;2300;2300;5.76080e+01;100;100;100;1.00000e+00;1.00000e+00;1.30000e-01;9.36791e-01;1.00000e+00;8.86406e-01;Pipeline { filter(avg_Y < 422000.0000) };9.18771e-01;1.00000e+00;9.99454e-01;Pipeline { filter(avg_X < 3450000.0000) };9.18608e-01;1.00000e+00;1.00000e+00;Pipeline { filter(avg_Y < 9450000.0000) };9.18608e-01;1.00000e+00;1.00000e+00;Pipeline { filter(avg_Y < 6690000.0000) };9.18608e-01;1.00000e+00;1.00000e+00;Pipeline { filter(avg_Y < 6690000.0000) };9.18608e-01;1.00000e+00;1.00000e+00;Pipeline { filter(avg_X < 90800000.0000) }
datasets/geolife_60mins.csv;nsga2;3;24;2400;2400;6.01410e+01;100;100;100;1.00000e+00;9.90000e-01;1.50000e-01;9.36791e-01;1.00000e+00;8.86406e-01;Pipeline { filter(avg_Y < 422000.0000) };9.18771e-01;1.00000e+00;9.99454e-01;Pipeline { filter(avg_X < 4100000.0000) };9.18608e-01;1.00000e+00;1.00000e+00;Pipeline { filter(avg_X < 780000000.0000) };9.18608e-01;1.00000e+00;1.00000e+00;Pipeline { filter(avg_X < 432000000.0000) };9.18608e-01;1.00000e+00;1.00000e+00;Pipeline { filter(avg_X < 432000000.0000) };9.18608e-01;1.00000e+00;1.00000e+00;Pipeline { filter(avg_X < 9420000.0000) }
datasets/geolife_60mins.csv;nsga2;3;25;2500;2500;6.27750e+01;100;100;100;1.00000e+00;1.00000e+00;1.60000e-01;9.36808e-01;1.00000e+00;8.86542e-01;Pipeline { filter(avg_Y < 426000.0000) };9.18771e-01;1.00000e+00;9.99454e-01;Pipeline { filter(avg_X < 3820000.0000) };9.18608e-01;1.00000e+00;1.00000e+00;Pipeline { filter(avg_X < 970000000.0000) };9.18608e-01;1.00000e+00;1.00000e+00;Pipeline { filter(avg_Y < 81800000.0000) };9.18608e-01;1.00000e+00;1.00000e+00;Pipeline { filter(avg_Y < 81800000.0000) };9.18608e-01;1.00000e+00;1.00000e+00;Pipeline { filter(avg_X < 838000000.0000) }
datasets/geolife_60mins.csv;nsga2;3;26;2600;2600;6.51220e+01;100;100;100;1.00000e+00;1.00000e+00;1.60000e-01;9.36808e-01;1.00000e+00;8.86542e-01;Pipeline { filter(avg_Y < 426000.0000) };9.18771e-01;1.00000e+00;9.99454e-01;Pipeline { filter(avg_X < 3000000.0000) };9.18608e-01;1.00000e+00;1.00000e+00;Pipeline { filter(avg_Y < 4300000.0000) };9.18608e-01;1.00000e+00;1.00000e+00;Pipeline { filter(avg_Y < 70500000.0000) };9.18608e-01;1.00000e+00;1.00000e+00;Pipeline { filter(avg_Y < 70500000.0000) };9.18608e-01;1.00000e+00;1.00000e+00;Pipeline { filter(avg_Y < 545000000.0000) }
datasets/geolife_60mins.csv;nsga2;3;27;2700;2700;6.76390e+01;100;100;100;1.00000e+00;1.00000e+00;1.60000e-01;9.36808e-01;1.00000e+00;8.86542e-01;Pipeline { filter(avg_Y < 426000.0000) };9.19790e-01;1.00000e+00;9.75667e-01;Pipeline { filter(avg_Y < 2160000.0000) };9.18608e-01;1.00000e+00;1.00000e+00;Pipeline { filter(avg_X < 9350000000.0000) };9.18608e-01;1.00000e+00;1.00000e+00;Pipeline { filter(avg_Y < 9270000.0000) };9.18608e-01;1.00000e+00;1.00000e+00;Pipeline { filter(avg_Y < 9270000.0000) };9.18608e-01;1.00000e+00;1.00000e+00;Pipeline { filter(avg_Y < 784000000.0000) }
datasets/geolife_60mins.csv;nsga2;3;28;2800;2800;6.98990e+01;100;100;100;1.00000e+00;1.00000e+00;1.60000e-01;9.36808e-01;1.00000e+00;8.86542e-01;Pipeline { filter(avg_Y < 426000.0000) };9.18771e-01;1.00000e+00;9.99454e-01;Pipeline { filter(avg_X < 3000000.0000) };9.18608e-01;1.00000e+00;1.00000e+00;Pipeline { filter(avg_Y < 3370000000.0000) };9.18608e-01;1.00000e+00;1.00000e+00;Pipeline { filter(avg_Y < 548000000.0000) };9.18608e-01;1.00000e+00;1.00000e+00;Pipeline { filter(avg_Y < 548000000.0000) };9.18608e-01;1.00000e+00;1.00000e+00;Pipeline { filter(avg_X < 9650000.0000) }
datasets/geolife_60mins.csv;nsga2;3;29;2900;2900;7.23310e+01;100;100;100;1.00000e+00;1.00000e+00;1.60000e-01;9.36808e-01;1.00000e+00;8.86542e-01;Pipeline { filter(avg_Y < 426000.0000) };9.18771e-01;1.00000e+00;9.99454e-01;Pipeline { filter(avg_X < 4300000.0000) };9.18608e-01;1.00000e+00;1.00000e+00;Pipeline { filter(avg_X < 813000000.0000) };9.18608e-01;1.00000e+00;1.00000e+00;Pipeline { filter(avg_X < 4350000000.0000) };9.18608e-01;1.00000e+00;1.00000e+00;Pipeline { filter(avg_X < 4350000000.0000) };9.18608e-01;1.00000e+00;1.00000e+00;Pipeline { filter(avg_X < 565000000.0000) }
datasets/geolife_60mins.csv;nsga2;3;30;3000;3000;7.47340e+01;100;100;100;1.00000e+00;1.00000e+00;1.60000e-01;9.36808e-01;1.00000e+00;8.86542e-01;Pipeline { filter(avg_Y < 426000.0000) };9.19790e-01;1.00000e+00;9.75667e-01;Pipeline { filter(avg_Y < 2290000.0000) };9.18608e-01;1.00000e+00;1.00000e+00;Pipeline { filter(avg_X < 5540000000.0000) };9.18608e-01;1.00000e+00;1.00000e+00;Pipeline { filter(avg_X < 29900000.0000) };9.18608e-01;1.00000e+00;1.00000e+00;Pipeline { filter(avg_X < 29900000.0000) };9.18608e-01;1.00000e+00;1.00000e+00;Pipeline { filter(avg_Y < 818000000.0000) }
datasets/geolife_60mins.csv;nsga2;3;31;3100;3100;7.71660e+01;100;100;100;1.00000e+00;1.00000e+00;1.70000e-01;9.36808e-01;1.00000e+00;8.86542e-01;Pipeline { filter(avg_Y < 426000.0000) };9.19829e-01;1.00000e+00;9.75087e-01;Pipeline { filter(avg_Y < 1850000.0000) };9.18608e-01;1.00000e+00;1.00000e+00;Pipeline { filter(avg_Y < 97600000.0000) };9.18608e-01;1.00000e+00;1.00000e+00;Pipeline { filter(avg_X < 564000000.0000) };9.18608e-01;1.00000e+00;1.00000e+00;Pipeline { filter(avg_X < 564000000.0000) };9.18608e-01;1.00000e+00;1.00000e+00;Pipeline { filter(avg_X < 726000000.0000) }
datasets/geolife_60mins.csv;nsga2;3;32;3200;3200;7.94420e+01;100;100;100;1.00000e+00;1.00000e+00;1.70000e-01;9.36808e-01;1.00000e+00;8.86542e-01;Pipeline { filter(avg_Y < 426000.0000) };9.18771e-01;1.00000e+00;9.99454e-01;Pipeline { filter(avg_X < 4300000.0000) };9.18608e-01;1.00000e+00;1.00000e+00;Pipeline { filter(avg_Y < 8830000.0000) };9.18608e-01;1.00000e+00;1.00000e+00;Pipeline { filter(avg_X < 813000000.0000) };9.18608e-01;1.00000e+00;1.00000e+00;Pipeline { filter(avg_X < 813000000.0000) };9.18608e-01;1.00000e+00;1.00000e+00;Pipeline { filter(avg_X < 7060000.0000) }
datasets/geolife_60mins.csv;nsga2;3;33;3300;3300;8.18700e+01;100;100;100;1.00000e+00;1.00000e+00;1.70000e-01;9.36808e-01;1.00000e+00;8.86542e-01;Pipeline { filter(avg_Y < 426000.0000) };9.19829e-01;1.00000e+00;9.75087e-01;Pipeline { filter(avg_Y < 1850000.0000) };9.18608e-01;1.00000e+00;1.00000e+00;Pipeline { filter(avg_X < 5570000000.0000) };9.18608e-01;1.00000e+00;1.00000e+00;Pipeline { filter(avg_Y < 916000000.0000) };9.18608e-01;1.00000e+00;1.00000e+00;Pipeline { filter(avg_Y < 916000000.0000) };9.18608e-01;1.00000e+00;1.00000e+00;Pipeline { filter(avg_Y < 8370000000.0000) }
datasets/geolife_60mins.csv;nsga2;3;34;3400;3400;8.42080e+01;100;100;100;1.00000e+00;1.00000e+00;1.70000e-01;9.36808e-01;1.00000e+00;8.86542e-01;Pipeline { filter(avg_Y < 426000.0000) };9.18771e-01;1.00000e+00;9.99454e-01;Pipeline { filter(avg_X < 4140000.0000) };9.18608e-01;1.00000e+00;1.00000e+00;Pipeline { filter(avg_X < 55700000.0000) };9.18608e-01;1.00000e+00;1.00000e+00;Pipeline { filter(avg_X < 496000000.0000) };9.18608e-01;1.00000e+00;1.00000e+00;Pipeline { filter(avg_X < 496000000.0000) };9.18608e-01;1.00000e+00;1.00000e+00;Pipeline { filter(avg_X < 605000000.0000) }
datasets/geolife_60mins.csv;nsga2;3;35;3500;3500;8.67120e+01;100;100;100;1.00000e+00;1.00000e+00;1.80000e-01;9.36808e-01;1.00000e+00;8.86542e-01;Pipeline { filter(avg_Y < 426000.0000) };9.19829e-01;1.00000e+00;9.75087e-01;Pipeline { filter(avg_Y < 1850000.0000) };9.18608e-01;1.00000e+00;1.00000e+00;Pipeline { filter(avg_Y < 107000000.0000) };9.18608e-01;1.00000e+00;1.00000e+00;Pipeline { filter(avg_Y < 107000000.0000) };9.18608e-01;1.00000e+00;1.00000e+00;Pipeline { filter(avg_Y < 107000000.0000) };9.18608e-01;1.00000e+00;1.00000e+00;Pipeline { filter(avg_Y < 59700000.0000) }
datasets/geolife_60mins.csv;nsga2;3;36;3600;3600;8.92160e+01;100;100;100;1.00000e+00;1.00000e+00;1.90000e-01;9.36808e-01;1.00000e+00;8.86542e-01;Pipeline { filter(avg_Y < 426000.0000) };9.18771e-01;1.00000e+00;9.99454e-01;Pipeline { filter(avg_X < 4190000.0000) };9.18608e-01;1.00000e+00;1.00000e+00;Pipeline { filter(avg_X < 5570000000.0000) };9.18771e-01;1.00000e+00;9.99454e-01;Pipeline { filter(avg_X < 4580000.0000) };9.18608e-01;1.00000e+00;1.00000e+00;Pipeline { filter(avg_Y < 137000000.0000) };9.18608e-01;1.00000e+00;1.00000e+00;Pipeline { filter(avg_X < 1160000000.0000) }
datasets/geolife_60mins.csv;nsga2;3;37;3700;3700;9.15930e+01;100;100;100;1.00000e+00;1.00000e+00;2.00000e-01;9.36808e-01;1.00000e+00;8.86542e-01;Pipeline { filter(avg_Y < 426000.0000) };9.19829e-01;1.00000e+00;9.75087e-01;Pipeline { filter(avg_Y < 1770000.0000) };9.18608e-01;1.00000e+00;1.00000e+00;Pipeline { filter(avg_X < 61500000.0000) };9.18771e-01;1.00000e+00;9.99454e-01;Pipeline { filter(avg_X < 4190000.0000) };9.36808e-01;1.00000e+00;8.86542e-01;Pipeline { filter(avg_Y < 426000.0000) };9.18608e-01;1.00000e+00;1.00000e+00;Pipeline { filter(avg_Y < 21000000.0000) }
datasets/geolife_60mins.csv;nsga2;3;38;3800;3800;9.39530e+01;100;100;100;1.00000e+00;1.00000e+00;2.00000e-01;9.36808e-01;1.00000e+00;8.86542e-01;Pipeline { filter(avg_Y < 426000.0000) };9.18771e-01;1.00000e+00;9.99454e-01;Pipeline { filter(avg_X < 4190000.0000) };9.18608e-01;1.00000e+00;1.00000e+00;Pipeline { filter(avg_Y < 3040000000.0000) };9.18771e-01;1.00000e+00;9.99454e-01;Pipeline { filter(avg_X < 4580000.0000) };9.36808e-01;1.00000e+00;8.86542e-01;Pipeline { filter(avg_Y < 426000.0000) };9.18608e-01;1.00000e+00;1.00000e+00;Pipeline { filter(avg_X < 884000000.0000) }
datasets/geolife_60mins.csv;nsga2;3;39;3900;3900;9.62700e+01;100;100;100;1.00000e+00;1.00000e+00;2.00000e-01;9.36808e-01;1.00000e+00;8.86542e-01;Pipeline { filter(avg_Y < 426000.0000) };9.19829e-01;1.00000e+00;9.75087e-01;Pipeline { filter(avg_Y < 1700000.0000) };9.18608e-01;1.00000e+00;1.00000e+00;Pipeline { filter(avg_X < 2900000000.0000) };9.18771e-01;1.00000e+00;9.99454e-01;Pipeline { filter(avg_X < 4190000.0000) };9.36808e-01;1.00000e+00;8.86542e-01;Pipeline { filter(avg_Y < 426000.0000) };9.18608e-01;1.00000e+00;1.00000e+00;Pipeline { filter(avg_X < 8700000.0000) }
datasets/geolife_60mins.csv;nsga2;3;40;4000;4000;9.88280e+01;100;100;100;1.00000e+00;1.00000e+00;2.10000e-01;9.36808e-01;1.00000e+00;8.86542e-01;Pipeline { filter(avg_Y < 426000.0000) };9.18771e-01;1.00000e+00;9.99454e-01;Pipeline { filter(avg_X < 2920000.0000) };9.18608e-01;1.00000e+00;1.00000e+00;Pipeline { filter(avg_Y < 645000000.0000) };9.18771e-01;1.00000e+00;9.99454e-01;Pipeline { filter(avg_X < 2920000.0000) };9.19829e-01;1.00000e+00;9.75087e-01;Pipeline { filter(avg_Y < 1700000.0000) };9.18608e-01;1.00000e+00;1.00000e+00;Pipeline { filter(avg_Y < 3140000.0000) }
datasets/geolife_60mins.csv;nsga2;3;41;4100;4100;1.01299e+02;100;100;100;1.00000e+00;9.90000e-01;2.20000e-01;9.36808e-01;1.00000e+00;8.86542e-01;Pipeline { filter(avg_Y < 426000.0000) };9.19829e-01;1.00000e+00;9.75087e-01;Pipeline { filter(avg_Y < 1770000.0000) };9.18608e-01;1.00000e+00;1.00000e+00;Pipeline { filter(avg_Y < 5390000.0000) };9.18779e-01;1.00000e+00;9.98627e-01;Pipeline { filter(avg_X < 2640000.0000) };9.27365e-01;1.00000e+00;9.15134e-01;Pipeline { filter(avg_Y < 680000.0000) };9.18608e-01;1.00000e+00;1.00000e+00;Pipeline { filter(avg_X < 61100000.0000) }
datasets/geolife_60mins.csv;nsga2;3;42;4200;4200;1.03698e+02;100;100;100;1.00000e+00;9.90000e-01;2.20000e-01;9.36808e-01;1.00000e+00;8.86542e-01;Pipeline { filter(avg_Y < 426000.0000) };9.18771e-01;1.00000e+00;9.99454e-01;Pipeline { filter(avg_X < 2920000.0000) };9.18608e-01;1.00000e+00;1.00000e+00;Pipeline { filter(avg_Y < 429000000.0000) };9.18914e-01;1.00000e+00;9.96350e-01;Pipeline { filter(avg_Y < 2610000.0000) };9.26606e-01;1.00000e+00;9.65655e-01;Pipeline { filter(avg_Y < 1100000.0000) };9.18608e-01;1.00000e+00;1.00000e+00;Pipeline { filter(avg_X < 3900000000.0000) }
datasets/geolife_60mins.csv;nsga2;3;43;4300;4300;1.05953e+02;100;100;100;1.00000e+00;1.00000e+00;2.20000e-01;9.36808e-01;1.00000e+00;8.86542e-01;Pipeline { filter(avg_Y < 426000.0000) };9.19829e-01;1.00000e+00;9.75087e-01;Pipeline { filter(avg_Y < 1700000.0000) };9.18608e-01;1.00000e+00;1.00000e+00;Pipeline { filter(avg_Y < 449000000.0000) };9.19011e-01;1.00000e+00;9.96101e-01;Pipeline { filter(avg_Y < 2580000.0000) };9.33909e-01;1.00000e+00;9.09998e-01;Pipeline { filter(avg_Y < 578000.0000) };9.18608e-01;1.00000e+00;1.00000e+00;Pipeline { filter(avg_X < 60400000.0000) }
datasets/geolife_60mins.csv;nsga2;3;44;4400;4400;1.08495e+02;100;100;100;1.00000e+00;1.00000e+00;2.20000e-01;9.36808e-01;1.00000e+00;8.86542e-01;Pipeline { filter(avg_Y < 426000.0000) };9.18771e-01;1.00000e+00;9.99454e-01;Pipeline { filter(avg_X < 2920000.0000) };9.18608e-01;1.00000e+00;1.00000e+00;Pipeline { filter(avg_X < 991000000.0000) };9.19011e-01;1.00000e+00;9.96101e-01;Pipeline { filter(avg_Y < 2580000.0000) };9.33909e-01;1.00000e+00;9.09998e-01;Pipeline { filter(avg_Y < 580000.0000) };9.18608e-01;1.00000e+00;1.00000e+00;Pipeline { filter(avg_X < 905000000.0000) }
datasets/geolife_60mins.csv;nsga2;3;45;4500;4500;1.11017e+02;100;100;100;1.00000e+00;1.00000e+00;2.20000e-01;9.36808e-01;1.00000e+00;8.86542e-01;Pipeline { filter(avg_Y < 426000.0000) };9.19829e-01;1.00000e+00;9.75087e-01;Pipeline { filter(avg_Y < 1670000.0000) };9.18608e-01;1.00000e+00;1.00000e+00;Pipeline { filter(avg_Y < 9240000000.0000) };9.19011e-01;1.00000e+00;9.96101e-01;Pipeline { filter(avg_Y < 2580000.0000) };9.33909e-01;1.00000e+00;9.09998e-01;Pipeline { filter(avg_Y < 578000.0000) };9.18608e-01;1.00000e+00;1.00000e+00;Pipeline { filter(avg_Y < 3410000.0000) }
datasets/geolife_60mins.csv;nsga2;3;46;4600;4600;1.13629e+02;100;100;100;1.00000e+00;1.00000e+00;2.20000e-01;9.36808e-01;1.00000e+00;8.86542e-01;Pipeline { filter(avg_Y < 426000.0000) };9.19829e-01;1.00000e+00;9.75087e-01;Pipeline { filter(avg_Y < 1670000.0000) };9.18608e-01;1.00000e+00;1.00000e+00;Pipeline { filter(avg_X < 816000000.0000) };9.19011e-01;1.00000e+00;9.96101e-01;Pipeline { filter(avg_Y < 2580000.0000) };9.33909e-01;1.00000e+00;9.09998e-01;Pipeline { filter(avg_Y < 580000.0000) };9.18608e-01;1.00000e+00;1.00000e+00;Pipeline { filter(avg_Y < 823000000.0000) }
datasets/geolife_60mins.csv;nsga2;3;47;4700;4700;1.16003e+02;100;100;100;1.00000e+00;1.00000e+00;2.20000e-01;9.36808e-01;1.00000e+00;8.86542e-01;Pipeline { filter(avg_Y < 426000.0000) };9.18771e-01;1.00000e+00;9.99454e-01;Pipeline { filter(avg_X < 2730000.0000) };9.18608e-01;1.00000e+00;1.00000e+00;Pipeline { filter(avg_Y < 6060000.0000) };9.19011e-01;1.00000e+00;9.96101e-01;Pipeline { filter(avg_Y < 2580000.0000) };9.33909e-01;1.00000e+00;9.09998e-01;Pipeline { filter(avg_Y < 578000.0000) };9.18608e-01;1.00000e+00;1.00000e+00;Pipeline { filter(avg_Y < 3890000.0000) }
datasets/geolife_60mins.csv;nsga2;3;48;4800;4800;1.18599e+02;100;100;100;1.00000e+00;1.00000e+00;2.30000e-01;9.36808e-01;1.00000e+00;8.86542e-01;Pipeline { filter(avg_Y < 426000.0000) };9.19829e-01;1.00000e+00;9.75087e-01;Pipeline { filter(avg_Y < 1600000.0000) };9.18608e-01;1.00000e+00;1.00000e+00;Pipeline { filter(avg_X < 86000000.0000) };9.19062e-01;1.00000e+00;9.88617e-01;Pipeline { filter(avg_Y < 2440000.0000) };9.33909e-01;1.00000e+00;9.09998e-01;Pipeline { filter(avg_Y < 580000.0000) };9.18608e-01;1.00000e+00;1.00000e+00;Pipeline { filter(avg_Y < 6830000000.0000) }
datasets/geolife_60mins.csv;nsga2;3;49;4900;4900;1.21077e+02;100;100;100;1.00000e+00;1.00000e+00;2.60000e-01;9.36877e-01;1.00000e+00;8.86184e-01;Pipeline { filter(avg_Y < 416000.0000) };9.18771e-01;1.00000e+00;9.99454e-01;Pipeline { filter(avg_X < 4600000.0000) };9.18608e-01;1.00000e+00;1.00000e+00;Pipeline { filter(avg_Y < 22500000.0000) };9.19429e-01;1.00000e+00;9.79156e-01;Pipeline { filter(avg_Y < 2340000.0000) };9.19063e-01;1.00000e+00;9.88239e-01;Pipeline { filter(avg_Y < 2430000.0000) };9.18608e-01;1.00000e+00;1.00000e+00;Pipeline { filter(avg_Y < 1670000000.0000) }
datasets/geolife_60mins.csv;nsga2;3;50;5000;5000;1.23485e+02;100;100;100;1.00000e+00;1.00000e+00;2.60000e-01;9.36877e-01;1.00000e+00;8.86184e-01;Pipeline { filter(avg_Y < 416000.0000) };9.19829e-01;1.00000e+00;9.75087e-01;Pipeline { filter(avg_Y < 1670000.0000) };9.18608e-01;1.00000e+00;1.00000e+00;Pipeline { filter(avg_Y < 822000000.0000) };9.19429e-01;1.00000e+00;9.79156e-01;Pipeline { filter(avg_Y < 2340000.0000) };9.19063e-01;1.00000e+00;9.88239e-01;Pipeline { filter(avg_Y < 2430000.0000) };9.18608e-01;1.00000e+00;1.00000e+00;Pipeline { filter(avg_Y < 12000000.0000) }
datasets/geolife_60mins.csv;nsga2;4;1;100;100;2.75000e+00;100;7;70;1.00000e+00;1.00000e+00;1.70000e-01;9.26629e-01;1.00000e+00;8.17732e-01;Pipeline { filter(avg_X > 0.0000) };8.76824e-01;1.00000e+00;7.26021e-01;Pipeline { filter(avg_Y > 6130.0000) };9.18608e-01;1.00000e+00;1.00000e+00;Pipeline { filter(avg_Y < 238000000.0000) };1.93200e-02;0.00000e+00;1.71560e-02;Pipeline { filter(avg_X < 0.1080) | filter(avg_Y < 7.4100) };0.00000e+00;0.00000e+00;0.00000e+00;Pipeline { filter(avg_Y < 0.0000) | filter(avg_X > 0.0025) | filter(avg_Y > 24800.0000) | filter(avg_Y > 0.0014) | filter(avg_X < 0.0003) | filter(avg_Y < 85000.0000) | filter(avg_X < 11300.0000) | filter(avg_Y > 0.0476) };1.93200e-02;0.00000e+00;1.71560e-02;Pipeline { filter(avg_X < 0.1080) | filter(avg_Y < 7.4100) }
datasets/geolife_60mins.csv;nsga2;4;2;200;200;5.32400e+00;100;12;25;1.00000e+00;1.00000e+00;2.40000e-01;9.26629e-01;1.00000e+00;8.17732e-01;Pipeline { filter(avg_X > 0.0180) };8.76824e-01;1.00000e+00;7.26021e-01;Pipeline { filter(avg_Y > 6130.0000) };9.18608e-01;1.00000e+00;1.00000e+00;Pipeline { filter(avg_X < 76700000.0000) };8.77344e-01;1.00000e+00;7.26608e-01;Pipeline { filter(avg_Y > 0.0054) | filter(avg_Y > 0.2820) };9.26629e-01;1.00000e+00;8.17732e-01;Pipeline { filter(avg_X > 5.4700) };8.77344e-01;1.00000e+00;7.26608e-01;Pipeline { filter(avg_X < 88600000.0000) | filter(avg_Y > 0.0547) | filter(avg_Y > 0.0003) }
datasets/geolife_60mins.csv;nsga2;4;3;300;300;7.68800e+00;100;32;12;1.00000e+00;9.90000e-01;1.80000e-01;9.26629e-01;1.00000e+00;8.17732e-01;Pipeline { filter(avg_X > 55.7000) };8.75802e-01;1.00000e+00;7.24620e-01;Pipeline { filter(avg_Y > 15100.0000) };9.18608e-01;1.00000e+00;1.00000e+00;Pipeline { filter(avg_Y < 238000000.0000) };9.26594e-01;1.00000e+00;8.17728e-01;Pipeline { filter(avg_X > 8310.0000) };8.77344e-01;1.00000e+00;7.26608e-01;Pipeline { filter(avg_Y > 0.0054) | filter(avg_Y > 0.2840) };9.26629e-01;1.00000e+00;8.17732e-01;Pipeline { filter(avg_X > 95.7000) }
datasets/geolife_60mins.csv;nsga2;4;4;400;400;1.02810e+01;100;63;31;1.00000e+00;1.00000e+00;1.00000e-01;9.26629e-01;1.00000e+00;8.17732e-01;Pipeline { filter(avg_X > 5.4700) };8.85581e-01;1.00000e+00;7.04727e-01;Pipeline { filter(avg_X > 0.0000) | filter(avg_Y > 0.0926) };9.18608e-01;1.00000e+00;1.00000e+00;Pipeline { filter(avg_Y < 218000000.0000) };9.26629e-01;1.00000e+00;8.17732e-01;Pipeline { filter(avg_X > 0.0063) | filter(avg_X > 690.0000) };8.77344e-01;1.00000e+00;7.26608e-01;Pipeline { filter(avg_Y > 7.7200) };9.26629e-01;1.00000e+00;8.17732e-01;Pipeline { filter(avg_X > 0.0001) }
datasets/geolife_60mins.csv;nsga2;4;5;500;500;1.28540e+01;100;100;100;1.00000e+00;1.00000e+00;4.00000e-02;9.26754e-01;1.00000e+00;8.16711e-01;Pipeline { filter(avg_X > 5.5900) | filter(avg_Y < 1000000.0000) };9.25549e-01;1.00000e+00;9.59878e-01;Pipeline { filter(avg_Y < 1340000.0000) | filter(avg_Y < 1000000.0000) };9.18608e-01;1.00000e+00;1.00000e+00;Pipeline { filter(avg_Y < 238000000.0000) };9.26629e-01;1.00000e+00;8.17732e-01;Pipeline { filter(avg_X > 0.0063) | filter(avg_X > 690.0000) };9.26629e-01;1.00000e+00;8.17732e-01;Pipeline { filter(avg_X > 8.9300) };9.26629e-01;1.00000e+00;8.17732e-01;Pipeline { filter(avg_X > 0.0000) }
datasets/geolife_60mins.csv;nsga2;4;6;600;600;1.56060e+01;100;100;100;1.00000e+00;1.00000e+00;4.00000e-02;9.26754e-01;1.00000e+00;8.16711e-01;Pipeline { filter(avg_X > 5.5900) | filter(avg_Y < 1000000.0000) };9.25549e-01;1.00000e+00;9.59878e-01;Pipeline { filter(avg_Y < 1340000.0000) | filter(avg_Y < 1000000.0000) };9.18608e-01;1.00000e+00;1.00000e+00;Pipeline { filter(avg_Y < 238000000.0000) };9.26629e-01;1.00000e+00;8.17732e-01;Pipeline { filter(avg_X > 0.0000) };9.26629e-01;1.00000e+00;8.17732e-01;Pipeline { filter(avg_X > 523.0000) | filter(avg_Y < 5000000.0000) };9.26629e-01;1.00000e+00;8.17732e-01;Pipeline { filter(avg_X > 0.0159) | filter(avg_Y < 5000000.0000) }
datasets/geolife_60mins.csv;nsga2;4;7;700;700;1.86030e+01;100;100;100;1.00000e+00;9.90000e-01;4.00000e-02;9.26754e-01;1.00000e+00;8.16711e-01;Pipeline { filter(avg_X > 5.5900) | filter(avg_Y < 1000000.0000) };9.26629e-01;1.00000e+00;8.17732e-01;Pipeline { filter(avg_X > 3380.0000) };9.18608e-01;1.00000e+00;1.00000e+00;Pipeline { filter(avg_Y < 44900000.0000) };9.26629e-01;1.00000e+00;8.17732e-01;Pipeline { filter(avg_X > 0.0001) };9.26629e-01;1.00000e+00;8.17732e-01;Pipeline { filter(avg_X > 6.5300) | filter(avg_Y < 59000000.0000) };9.26629e-01;1.00000e+00;8.17732e-01;Pipeline { filter(avg_X > 0.0010) }
datasets/geolife_60mins.csv;nsga2;4;8;800;800;2.12170e+01;100;14;86;1.00000e+00;1.00000e+00;5.00000e-02;9.34733e-01;1.00000e+00;8.87439e-01;Pipeline { filter(avg_Y < 446000.0000) | filter(avg_X < 54000000.0000) };9.26754e-01;1.00000e+00;8.16711e-01;Pipeline { filter(avg_X > 5.5900) | filter(avg_Y < 1000000.0000) };9.18608e-01;1.00000e+00;1.00000e+00;Pipeline { filter(avg_X < 6070000.0000) };9.26629e-01;1.00000e+00;8.17732e-01;Pipeline { filter(avg_X > 264.0000) };9.26629e-01;1.00000e+00;8.17732e-01;Pipeline { filter(avg_X > 0.0593) };9.26629e-01;1.00000e+00;8.17732e-01;Pipeline { filter(avg_X > 6.1000) }
datasets/geolife_60mins.csv;nsga2;4;9;900;900;2.38420e+01;100;29;71;1.00000e+00;1.00000e+00;7.00000e-02;9.34733e-01;1.00000e+00;8.87439e-01;Pipeline { filter(avg_Y < 446000.0000) | filter(avg_X < 54000000.0000) };9.26754e-01;1.00000e+00;8.16711e-01;Pipeline { filter(avg_X > 5.5900) | filter(avg_Y < 1000000.0000) };9.18608e-01;1.00000e+00;1.00000e+00;Pipeline { filter(avg_X < 2420000000.0000) };9.26629e-01;1.00000e+00;8.17732e-01;Pipeline { filter(avg_X > 69.8000) };9.26629e-01;1.00000e+00;8.17732e-01;Pipeline { filter(avg_X > 0.0058) };9.18608e-01;1.00000e+00;1.00000e+00;Pipeline { filter(avg_X < 8100000.0000) }
datasets/geolife_60mins.csv;nsga2;4;10;1000;1000;2.65250e+01;100;53;45;1.00000e+00;1.00000e+00;1.00000e-01;9.34733e-01;1.00000e+00;8.87439e-01;Pipeline { filter(avg_Y < 446000.0000) | filter(avg_X < 94000000.0000) };9.26754e-01;1.00000e+00;8.16711e-01;Pipeline { filter(avg_X > 5.5900) | filter(avg_Y < 1000000.0000) };9.18608e-01;1.00000e+00;1.00000e+00;Pipeline { filter(avg_Y < 238000000.0000) };9.26629e-01;1.00000e+00;8.17732e-01;Pipeline { filter(avg_X > 0.6180) };9.26629e-01;1.00000e+00;8.17732e-01;Pipeline { filter(avg_X > 7.3000) };9.18608e-01;1.00000e+00;1.00000e+00;Pipeline { filter(avg_X < 811000000.0000) }
datasets/geolife_60mins.csv;nsga2;4;11;1100;1100;2.91090e+01;100;88;9;1.00000e+00;1.00000e+00;1.40000e-01;9.34891e-01;1.00000e+00;8.87396e-01;Pipeline { filter(avg_Y < 441000.0000) | filter(avg_Y < 94000000.0000) };9.26629e-01;1.00000e+00;8.17732e-01;Pipeline { filter(avg_X > 0.0000) };9.18608e-01;1.00000e+00;1.00000e+00;Pipeline { filter(avg_X < 62000000.0000) };9.18608e-01;1.00000e+00;1.00000e+00;Pipeline { filter(avg_X < 6060000.0000) };9.18608e-01;1.00000e+00;1.00000e+00;Pipeline { filter(avg_X < 62000000.0000) };9.18608e-01;1.00000e+00;1.00000e+00;Pipeline { filter(avg_X < 5900000.0000) }
datasets/geolife_60mins.csv;nsga2;4;12;1200;1200;3.16720e+01;100;100;100;1.00000e+00;1.00000e+00;1.00000e-01;9.34891e-01;1.00000e+00;8.87396e-01;Pipeline { filter(avg_Y < 441000.0000) | filter(avg_Y < 94000000.0000) };9.18771e-01;1.00000e+00;9.99454e-01;Pipeline { filter(avg_X < 3070000.0000) };9.18608e-01;1.00000e+00;1.00000e+00;Pipeline { filter(avg_X < 5040000.0000) };9.18608e-01;1.00000e+00;1.00000e+00;Pipeline { filter(avg_X < 5070000000.0000) };9.18608e-01;1.00000e+00;1.00000e+00;Pipeline { filter(avg_Y < 6700000.0000) };9.18608e-01;1.00000e+00;1.00000e+00;Pipeline { filter(avg_X < 6370000.0000) }
datasets/geolife_60mins.csv;nsga2;4;13;1300;1300;3.43120e+01;100;100;100;1.00000e+00;1.00000e+00;1.10000e-01;9.34891e-01;1.00000e+00;8.87396e-01;Pipeline { filter(avg_Y < 441000.0000) | filter(avg_Y < 94000000.0000) };9.18779e-01;1.00000e+00;9.98627e-01;Pipeline { filter(avg_X < 2570000.0000) };9.18608e-01;1.00000e+00;1.00000e+00;Pipeline { filter(avg_Y < 9900000.0000) };9.18608e-01;1.00000e+00;1.00000e+00;Pipeline { filter(avg_Y < 4700000.0000) };9.18608e-01;1.00000e+00;1.00000e+00;Pipeline { filter(avg_Y < 4700000.0000) };9.18608e-01;1.00000e+00;1.00000e+00;Pipeline { filter(avg_Y < 6600000.0000) }
datasets/geolife_60mins.csv;nsga2;4;14;1400;1400;3.68630e+01;100;100;100;1.00000e+00;1.00000e+00;1.20000e-01;9.34891e-01;1.00000e+00;8.87396e-01;Pipeline { filter(avg_Y < 441000.0000) | filter(avg_Y < 94000000.0000) };9.18771e-01;1.00000e+00;9.99454e-01;Pipeline { filter(avg_X < 3660000.0000) };9.18608e-01;1.00000e+00;1.00000e+00;Pipeline { filter(avg_Y < 112000000.0000) };9.18608e-01;1.00000e+00;1.00000e+00;Pipeline { filter(avg_X < 94800000.0000) };9.18608e-01;1.00000e+00;1.00000e+00;Pipeline { filter(avg_X < 94800000.0000) };9.18608e-01;1.00000e+00;1.00000e+00;Pipeline { filter(avg_Y < 65900000.0000) }
datasets/geolife_60mins.csv;nsga2;4;15;1500;1500;3.94560e+01;100;100;100;1.00000e+00;1.00000e+00;1.30000e-01;9.34891e-01;1.00000e+00;8.87396e-01;Pipeline { filter(avg_Y < 441000.0000) | filter(avg_Y < 94000000.0000) };9.18779e-01;1.00000e+00;9.98627e-01;Pipeline { filter(avg_X < 2370000.0000) };9.18608e-01;1.00000e+00;1.00000e+00;Pipeline { filter(avg_Y < 740000000.0000) };9.18608e-01;1.00000e+00;1.00000e+00;Pipeline { filter(avg_X < 960000000.0000) };9.18608e-01;1.00000e+00;1.00000e+00;Pipeline { filter(avg_X < 960000000.0000) };9.18608e-01;1.00000e+00;1.00000e+00;Pipeline { filter(avg_X < 72000000.0000) }
datasets/geolife_60mins.csv;nsga2;4;16;1600;1600;4.19770e+01;100;100;100;1.00000e+00;1.00000e+00;1.30000e-01;9.34891e-01;1.00000e+00;8.87396e-01;Pipeline { filter(avg_Y < 441000.0000) | filter(avg_Y < 94000000.0000) };9.18771e-01;1.00000e+00;9.99454e-01;Pipeline { filter(avg_X < 4580000.0000) };9.18608e-01;1.00000e+00;1.00000e+00;Pipeline { filter(avg_X < 987000000.0000) };9.18608e-01;1.00000e+00;1.00000e+00;Pipeline { filter(avg_X < 8570000000.0000) };9.18608e-01;1.00000e+00;1.00000e+00;Pipeline { filter(avg_X < 8570000000.0000) };9.18608e-01;1.00000e+00;1.00000e+00;Pipeline { filter(avg_X < 360000000.0000) }
datasets/geolife_60mins.csv;nsga2;4;17;1700;1700;4.43330e+01;100;100;100;1.00000e+00;1.00000e+00;1.40000e-01;9.34891e-01;1.00000e+00;8.87396e-01;Pipeline { filter(avg_Y < 441000.0000) | filter(avg_Y < 94000000.0000) };9.19829e-01;1.00000e+00;9.75087e-01;Pipeline { filter(avg_Y < 1660000.0000) };9.18608e-01;1.00000e+00;1.00000e+00;Pipeline { filter(avg_X < 296000000.0000) };9.18608e-01;1.00000e+00;1.00000e+00;Pipeline { filter(avg_Y < 410000000.0000) };9.18608e-01;1.00000e+00;1.00000e+00;Pipeline { filter(avg_Y < 410000000.0000) };9.18608e-01;1.00000e+00;1.00000e+00;Pipeline { filter(avg_X < 890000000.0000) }
datasets/geolife_60mins.csv;nsga2;4;18;1800;1800;4.68840e+01;100;100;100;1.00000e+00;1.00000e+00;1.40000e-01;9.34891e-01;1.00000e+00;8.87396e-01;Pipeline { filter(avg_Y < 441000.0000) | filter(avg_Y < 94000000.0000) };9.18771e-01;1.00000e+00;9.99454e-01;Pipeline { filter(avg_X < 4580000.0000) };9.18608e-01;1.00000e+00;1.00000e+00;Pipeline { filter(avg_X < 8770000000.0000) };9.18608e-01;1.00000e+00;1.00000e+00;Pipeline { filter(avg_X < 8470000.0000) };9.18608e-01;1.00000e+00;1.00000e+00;Pipeline { filter(avg_X < 8470000.0000) };9.18608e-01;1.00000e+00;1.00000e+00;Pipeline { filter(avg_Y < 9800000000.0000) }
datasets/geolife_60mins.csv;nsga2;4;19;1900;1900;4.94080e+01;100;100;100;1.00000e+00;1.00000e+00;1.40000e-01;9.34891e-01;1.00000e+00;8.87396e-01;Pipeline { filter(avg_Y < 441000.0000) | filter(avg_Y < 94000000.0000) };9.19829e-01;1.00000e+00;9.75087e-01;Pipeline { filter(avg_Y < 1660000.0000) };9.18608e-01;1.00000e+00;1.00000e+00;Pipeline { filter(avg_Y < 31600000.0000) };9.18608e-01;1.00000e+00;1.00000e+00;Pipeline { filter(avg_X < 6250000.0000) };9.18608e-01;1.00000e+00;1.00000e+00;Pipeline { filter(avg_X < 6250000.0000) };9.18608e-01;1.00000e+00;1.00000e+00;Pipeline { filter(avg_X < 500000000.0000) }
datasets/geolife_60mins.csv;nsga2;4;20;2000;2000;5.17850e+01;100;100;100;1.00000e+00;1.00000e+00;1.60000e-01;9.34891e-01;1.00000e+00;8.87396e-01;Pipeline { filter(avg_Y < 441000.0000) | filter(avg_Y < 94000000.0000) };9.18771e-01;1.00000e+00;9.99454e-01;Pipeline { filter(avg_X < 3560000.0000) };9.18608e-01;1.00000e+00;1.00000e+00;Pipeline { filter(avg_Y < 55600000.0000) };9.18608e-01;1.00000e+00;1.00000e+00;Pipeline { filter(avg_Y < 9810000000.0000) };9.18608e-01;1.00000e+00;1.00000e+00;Pipeline { filter(avg_Y < 9810000000.0000) };9.18608e-01;1.00000e+00;1.00000e+00;Pipeline { filter(avg_X < 437000000.0000) }
datasets/geolife_60mins.csv;nsga2;4;21;2100;2100;5.48140e+01;100;100;100;1.00000e+00;1.00000e+00;1.60000e-01;9.34891e-01;1.00000e+00;8.87396e-01;Pipeline { filter(avg_Y < 441000.0000) | filter(avg_Y < 94000000.0000) };9.19829e-01;1.00000e+00;9.75087e-01;Pipeline { filter(avg_Y < 1660000.0000) };9.18608e-01;1.00000e+00;1.00000e+00;Pipeline { filter(avg_X < 9490000.0000) };9.18608e-01;1.00000e+00;1.00000e+00;Pipeline { filter(avg_X < 8740000000.0000) };9.18608e-01;1.00000e+00;1.00000e+00;Pipeline { filter(avg_X < 8740000000.0000) };9.18608e-01;1.00000e+00;1.00000e+00;Pipeline { filter(avg_Y < 5280000.0000) }
datasets/geolife_60mins.csv;nsga2;4;22;2200;2200;5.72630e+01;100;100;100;1.00000e+00;1.00000e+00;1.60000e-01;9.34891e-01;1.00000e+00;8.87396e-01;Pipeline { filter(avg_Y < 441000.0000) | filter(avg_Y < 94000000.0000) };9.18771e-01;1.00000e+00;9.99454e-01;Pipeline { filter(avg_X < 4540000.0000) };9.18608e-01;1.00000e+00;1.00000e+00;Pipeline { filter(avg_X < 5150000.0000) };9.18608e-01;1.00000e+00;1.00000e+00;Pipeline { filter(avg_Y < 6280000000.0000) };9.18608e-01;1.00000e+00;1.00000e+00;Pipeline { filter(avg_Y < 6280000000.0000) };9.18608e-01;1.00000e+00;1.00000e+00;Pipeline { filter(avg_Y < 384000000.0000) }
datasets/geolife_60mins.csv;nsga2;4;23;2300;2300;5.97210e+01;100;100;100;1.00000e+00;1.00000e+00;1.60000e-01;9.34891e-01;1.00000e+00;8.87396e-01;Pipeline { filter(avg_Y < 441000.0000) | filter(avg_Y < 94000000.0000) };9.19829e-01;1.00000e+00;9.75087e-01;Pipeline { filter(avg_Y < 1660000.0000) };9.18608e-01;1.00000e+00;1.00000e+00;Pipeline { filter(avg_X < 8800000.0000) };9.18608e-01;1.00000e+00;1.00000e+00;Pipeline { filter(avg_X < 70400000.0000) };9.18608e-01;1.00000e+00;1.00000e+00;Pipeline { filter(avg_X < 70400000.0000) };9.18608e-01;1.00000e+00;1.00000e+00;Pipeline { filter(avg_X < 48300000.0000) }
datasets/geolife_60mins.csv;nsga2;4;24;2400;2400;6.21650e+01;100;100;100;1.00000e+00;1.00000e+00;1.60000e-01;9.34891e-01;1.00000e+00;8.87396e-01;Pipeline { filter(avg_Y < 441000.0000) | filter(avg_Y < 94000000.0000) };9.18771e-01;1.00000e+00;9.99454e-01;Pipeline { filter(avg_X < 2910000.0000) };9.18608e-01;1.00000e+00;1.00000e+00;Pipeline { filter(avg_X < 5950000000.0000) };9.18608e-01;1.00000e+00;1.00000e+00;Pipeline { filter(avg_X < 9800000.0000) };9.18608e-01;1.00000e+00;1.00000e+00;Pipeline { filter(avg_X < 9800000.0000) };9.18608e-01;1.00000e+00;1.00000e+00;Pipeline { filter(avg_Y < 3230000000.0000) }
datasets/geolife_60mins.csv;nsga2;4;25;2500;2500;6.47650e+01;100;100;100;1.00000e+00;1.00000e+00;1.60000e-01;9.34891e-01;1.00000e+00;8.87396e-01;Pipeline { filter(avg_Y < 441000.0000) | filter(avg_Y < 94000000.0000) };9.19829e-01;1.00000e+00;9.75087e-01;Pipeline { filter(avg_Y < 1660000.0000) };9.18608e-01;1.00000e+00;1.00000e+00;Pipeline { filter(avg_Y < 857000000.0000) };9.18608e-01;1.00000e+00;1.00000e+00;Pipeline { filter(avg_X < 9670000000.0000) };9.18608e-01;1.00000e+00;1.00000e+00;Pipeline { filter(avg_X < 9670000000.0000) };9.18608e-01;1.00000e+00;1.00000e+00;Pipeline { filter(avg_Y < 5520000.0000) }
datasets/geolife_60mins.csv;nsga2;4;26;2600;2600;6.72460e+01;100;100;100;1.00000e+00;1.00000e+00;1.60000e-01;9.34891e-01;1.00000e+00;8.87396e-01;Pipeline { filter(avg_Y < 441000.0000) | filter(avg_Y < 94000000.0000) };9.18771e-01;1.00000e+00;9.99454e-01;Pipeline { filter(avg_X < 3830000.0000) };9.18608e-01;1.00000e+00;1.00000e+00;Pipeline { filter(avg_Y < 21200000.0000) };9.18608e-01;1.00000e+00;1.00000e+00;Pipeline { filter(avg_X < 9060000000.0000) };9.18608e-01;1.00000e+00;1.00000e+00;Pipeline { filter(avg_X < 9060000000.0000) };9.18608e-01;1.00000e+00;1.00000e+00;Pipeline { filter(avg_Y < 76600000.0000) }
datasets/geolife_60mins.csv;nsga2;4;27;2700;2700;6.95690e+01;100;100;100;1.00000e+00;1.00000e+00;1.60000e-01;9.34891e-01;1.00000e+00;8.87396e-01;Pipeline { filter(avg_Y < 441000.0000) | filter(avg_Y < 94000000.0000) };9.19829e-01;1.00000e+00;9.75087e-01;Pipeline { filter(avg_Y < 1660000.0000) };9.18608e-01;1.00000e+00;1.00000e+00;Pipeline { filter(avg_X < 1970000000.0000) };9.18608e-01;1.00000e+00;1.00000e+00;Pipeline { filter(avg_Y < 39500000.0000) };9.18608e-01;1.00000e+00;1.00000e+00;Pipeline { filter(avg_Y < 39500000.0000) };9.18608e-01;1.00000e+00;1.00000e+00;Pipeline { filter(avg_Y < 5090000.0000) }
datasets/geolife_60mins.csv;nsga2;4;28;2800;2800;7.20680e+01;100;100;100;1.00000e+00;1.00000e+00;1.60000e-01;9.34891e-01;1.00000e+00;8.87396e-01;Pipeline { filter(avg_Y < 441000.0000) | filter(avg_Y < 94000000.0000) };9.18771e-01;1.00000e+00;9.99454e-01;Pipeline { filter(avg_X < 3140000.0000) };9.18608e-01;1.00000e+00;1.00000e+00;Pipeline { filter(avg_X < 9220000000.0000) };9.18608e-01;1.00000e+00;1.00000e+00;Pipeline { filter(avg_Y < 233000000.0000) };9.18608e-01;1.00000e+00;1.00000e+00;Pipeline { filter(avg_Y < 233000000.0000) };9.18608e-01;1.00000e+00;1.00000e+00;Pipeline { filter(avg_X < 9010000000.0000) }
datasets/geolife_60mins.csv;nsga2;4;29;2900;2900;7.44370e+01;100;100;100;1.00000e+00;1.00000e+00;1.60000e-01;9.34891e-01;1.00000e+00;8.87396e-01;Pipeline { filter(avg_Y < 441000.0000) | filter(avg_Y < 94000000.0000) };9.19829e-01;1.00000e+00;9.75087e-01;Pipeline { filter(avg_Y < 1660000.0000) };9.18608e-01;1.00000e+00;1.00000e+00;Pipeline { filter(avg_Y < 56400000.0000) };9.18608e-01;1.00000e+00;1.00000e+00;Pipeline { filter(avg_X < 57600000.0000) };9.18608e-01;1.00000e+00;1.00000e+00;Pipeline { filter(avg_X < 57600000.0000) };9.18608e-01;1.00000e+00;1.00000e+00;Pipeline { filter(avg_X < 44000000.0000) }
datasets/geolife_60mins.csv;nsga2;4;30;3000;3000;7.69470e+01;100;100;100;1.00000e+00;1.00000e+00;1.70000e-01;9.34891e-01;1.00000e+00;8.87396e-01;Pipeline { filter(avg_Y < 441000.0000) | filter(avg_Y < 94000000.0000) };9.18771e-01;1.00000e+00;9.99454e-01;Pipeline { filter(avg_X < 3140000.0000) };9.18608e-01;1.00000e+00;1.00000e+00;Pipeline { filter(avg_X < 54000000.0000) };9.18608e-01;1.00000e+00;1.00000e+00;Pipeline { filter(avg_X < 802000000.0000) };9.18608e-01;1.00000e+00;1.00000e+00;Pipeline { filter(avg_X < 802000000.0000) };9.18608e-01;1.00000e+00;1.00000e+00;Pipeline { filter(avg_Y < 5730000000.0000) }
datasets/geolife_60mins.csv;nsga2;4;31;3100;3100;7.92490e+01;100;100;100;1.00000e+00;1.00000e+00;1.80000e-01;9.35015e-01;1.00000e+00;8.61663e-01;Pipeline { filter(avg_Y < 300000.0000) };9.19829e-01;1.00000e+00;9.75087e-01;Pipeline { filter(avg_Y < 1660000.0000) };9.18608e-01;1.00000e+00;1.00000e+00;Pipeline { filter(avg_Y < 24200000.0000) };9.18608e-01;1.00000e+00;1.00000e+00;Pipeline { filter(avg_Y < 79400000.0000) };9.18608e-01;1.00000e+00;1.00000e+00;Pipeline { filter(avg_Y < 79400000.0000) };9.18608e-01;1.00000e+00;1.00000e+00;Pipeline { filter(avg_Y < 203000000.0000) }
datasets/geolife_60mins.csv;nsga2;4;32;3200;3200;8.17420e+01;100;100;100;1.00000e+00;1.00000e+00;1.90000e-01;9.35015e-01;1.00000e+00;8.61663e-01;Pipeline { filter(avg_Y < 300000.0000) };9.18771e-01;1.00000e+00;9.99454e-01;Pipeline { filter(avg_X < 3140000.0000) };9.18608e-01;1.00000e+00;1.00000e+00;Pipeline { filter(avg_Y < 2580000000.0000) };9.18608e-01;1.00000e+00;1.00000e+00;Pipeline { filter(avg_Y < 98800000.0000) };9.18608e-01;1.00000e+00;1.00000e+00;Pipeline { filter(avg_Y < 98800000.0000) };9.18608e-01;1.00000e+00;1.00000e+00;Pipeline { filter(avg_Y < 12400000.0000) }
datasets/geolife_60mins.csv;nsga2;4;33;3300;3300;8.43230e+01;100;100;100;1.00000e+00;1.00000e+00;1.90000e-01;9.35015e-01;1.00000e+00;8.61663e-01;Pipeline { filter(avg_Y < 300000.0000) };9.18779e-01;1.00000e+00;9.98627e-01;Pipeline { filter(avg_X < 2490000.0000) };9.18608e-01;1.00000e+00;1.00000e+00;Pipeline { filter(avg_Y < 15200000.0000) };9.18771e-01;1.00000e+00;9.99454e-01;Pipeline { filter(avg_X < 3140000.0000) };9.18608e-01;1.00000e+00;1.00000e+00;Pipeline { filter(avg_Y < 80100000.0000) };9.18608e-01;1.00000e+00;1.00000e+00;Pipeline { filter(avg_X < 248000000.0000) }
datasets/geolife_60mins.csv;nsga2;4;34;3400;3400;8.67950e+01;100;100;100;1.00000e+00;1.00000e+00;1.90000e-01;9.35015e-01;1.00000e+00;8.61663e-01;Pipeline { filter(avg_Y < 300000.0000) };9.19829e-01;1.00000e+00;9.75087e-01;Pipeline { filter(avg_Y < 1660000.0000) };9.18608e-01;1.00000e+00;1.00000e+00;Pipeline { filter(avg_Y < 4900000.0000) };9.18771e-01;1.00000e+00;9.99454e-01;Pipeline { filter(avg_X < 2890000.0000) };9.35015e-01;1.00000e+00;8.61663e-01;Pipeline { filter(avg_Y < 300000.0000) };9.18608e-01;1.00000e+00;1.00000e+00;Pipeline { filter(avg_Y < 903000000.0000) }
datasets/geolife_60mins.csv;nsga2;4;35;3500;3500;8.92520e+01;100;100;100;1.00000e+00;1.00000e+00;2.00000e-01;9.35015e-01;1.00000e+00;8.61663e-01;Pipeline { filter(avg_Y < 300000.0000) };9.18771e-01;1.00000e+00;9.99454e-01;Pipeline { filter(avg_X < 2890000.0000) };9.18608e-01;1.00000e+00;1.00000e+00;Pipeline { filter(avg_Y < 805000000.0000) };9.18771e-01;1.00000e+00;9.99454e-01;Pipeline { filter(avg_X < 2890000.0000) };9.19829e-01;1.00000e+00;9.75087e-01;Pipeline { filter(avg_Y < 1660000.0000) };9.18608e-01;1.00000e+00;1.00000e+00;Pipeline { filter(avg_Y < 55700000.0000) }
datasets/geolife_60mins.csv;nsga2;4;36;3600;3600;9.15690e+01;100;100;100;1.00000e+00;1.00000e+00;2.00000e-01;9.35015e-01;1.00000e+00;8.61663e-01;Pipeline { filter(avg_Y < 300000.0000) };9.19829e-01;1.00000e+00;9.75087e-01;Pipeline { filter(avg_Y < 1740000.0000) };9.18608e-01;1.00000e+00;1.00000e+00;Pipeline { filter(avg_Y < 2510000000.0000) };9.18771e-01;1.00000e+00;9.99454e-01;Pipeline { filter(avg_X < 3140000.0000) };9.18771e-01;1.00000e+00;9.99454e-01;Pipeline { filter(avg_X < 2890000.0000) };9.18608e-01;1.00000e+00;1.00000e+00;Pipeline { filter(avg_X < 651000000.0000) }
datasets/geolife_60mins.csv;nsga2;4;37;3700;3700;9.40210e+01;100;100;100;1.00000e+00;1.00000e+00;2.00000e-01;9.35015e-01;1.00000e+00;8.61663e-01;Pipeline { filter(avg_Y < 300000.0000) };9.18771e-01;1.00000e+00;9.99454e-01;Pipeline { filter(avg_X < 2890000.0000) };9.18608e-01;1.00000e+00;1.00000e+00;Pipeline { filter(avg_Y < 99200000.0000) };9.18771e-01;1.00000e+00;9.99454e-01;Pipeline { filter(avg_X < 2890000.0000) };9.19829e-01;1.00000e+00;9.75087e-01;Pipeline { filter(avg_Y < 1740000.0000) };9.18608e-01;1.00000e+00;1.00000e+00;Pipeline { filter(avg_Y < 1920000000.0000) }
datasets/geolife_60mins.csv;nsga2;4;38;3800;3800;9.65750e+01;100;100;100;1.00000e+00;1.00000e+00;2.00000e-01;9.35015e-01;1.00000e+00;8.61663e-01;Pipeline { filter(avg_Y < 300000.0000) };9.19829e-01;1.00000e+00;9.75087e-01;Pipeline { filter(avg_Y < 1660000.0000) };9.18608e-01;1.00000e+00;1.00000e+00;Pipeline { filter(avg_Y < 19500000.0000) };9.18771e-01;1.00000e+00;9.99454e-01;Pipeline { filter(avg_X < 3140000.0000) };9.18771e-01;1.00000e+00;9.99454e-01;Pipeline { filter(avg_X < 2890000.0000) };9.18608e-01;1.00000e+00;1.00000e+00;Pipeline { filter(avg_Y < 54900000.0000) }
datasets/geolife_60mins.csv;nsga2;4;39;3900;3900;9.88820e+01;100;100;100;1.00000e+00;1.00000e+00;2.20000e-01;9.35015e-01;1.00000e+00;8.61663e-01;Pipeline { filter(avg_Y < 300000.0000) };9.18771e-01;1.00000e+00;9.99454e-01;Pipeline { filter(avg_X < 2810000.0000) };9.18608e-01;1.00000e+00;1.00000e+00;Pipeline { filter(avg_Y < 459000000.0000) };9.18779e-01;1.00000e+00;9.98627e-01;Pipeline { filter(avg_X < 2320000.0000) };9.27898e-01;1.00000e+00;9.14778e-01;Pipeline { filter(avg_Y < 668000.0000) };9.18608e-01;1.00000e+00;1.00000e+00;Pipeline { filter(avg_Y < 19000000.0000) }
datasets/geolife_60mins.csv;nsga2;4;40;4000;4000;1.01297e+02;100;100;100;1.00000e+00;1.00000e+00;2.20000e-01;9.35015e-01;1.00000e+00;8.61663e-01;Pipeline { filter(avg_Y < 300000.0000) };9.19829e-01;1.00000e+00;9.75087e-01;Pipeline { filter(avg_Y < 1740000.0000) };9.18608e-01;1.00000e+00;1.00000e+00;Pipeline { filter(avg_X < 152000000.0000) };9.18827e-01;1.00000e+00;9.97043e-01;Pipeline { filter(avg_Y < 2630000.0000) };9.26707e-01;1.00000e+00;9.65810e-01;Pipeline { filter(avg_Y < 1130000.0000) };9.18608e-01;1.00000e+00;1.00000e+00;Pipeline { filter(avg_Y < 5780000000.0000) }
datasets/geolife_60mins.csv;nsga2;4;41;4100;4100;1.03647e+02;100;100;100;1.00000e+00;1.00000e+00;2.20000e-01;9.35015e-01;1.00000e+00;8.61663e-01;Pipeline { filter(avg_Y < 300000.0000) };9.18771e-01;1.00000e+00;9.99454e-01;Pipeline { filter(avg_X < 2810000.0000) };9.18608e-01;1.00000e+00;1.00000e+00;Pipeline { filter(avg_X < 19400000.0000) };9.18827e-01;1.00000e+00;9.97043e-01;Pipeline { filter(avg_Y < 2630000.0000) };9.26707e-01;1.00000e+00;9.65810e-01;Pipeline { filter(avg_Y < 1130000.0000) };9.18608e-01;1.00000e+00;1.00000e+00;Pipeline { filter(avg_X < 995000000.0000) }
datasets/geolife_60mins.csv;nsga2;4;42;4200;4200;1.06039e+02;100;100;100;1.00000e+00;1.00000e+00;2.20000e-01;9.36568e-01;1.00000e+00;8.84918e-01;Pipeline { filter(avg_Y < 400000.0000) };9.19829e-01;1.00000e+00;9.75087e-01;Pipeline { filter(avg_Y < 1660000.0000) };9.18608e-01;1.00000e+00;1.00000e+00;Pipeline { filter(avg_Y < 857000000.0000) };9.18827e-01;1.00000e+00;9.97043e-01;Pipeline { filter(avg_Y < 2630000.0000) };9.26707e-01;1.00000e+00;9.65810e-01;Pipeline { filter(avg_Y < 1130000.0000) };9.18608e-01;1.00000e+00;1.00000e+00;Pipeline { filter(avg_Y < 7350000000.0000) }
datasets/geolife_60mins.csv;nsga2;4;43;4300;4300;1.08482e+02;100;100;100;1.00000e+00;1.00000e+00;2.20000e-01;9.36568e-01;1.00000e+00;8.84918e-01;Pipeline { filter(avg_Y < 400000.0000) };9.18771e-01;1.00000e+00;9.99454e-01;Pipeline { filter(avg_X < 2810000.0000) };9.18608e-01;1.00000e+00;1.00000e+00;Pipeline { filter(avg_X < 615000000.0000) };9.18827e-01;1.00000e+00;9.97043e-01;Pipeline { filter(avg_Y < 2630000.0000) };9.26707e-01;1.00000e+00;9.65810e-01;Pipeline { filter(avg_Y < 1130000.0000) };9.18608e-01;1.00000e+00;1.00000e+00;Pipeline { filter(avg_Y < 728000000.0000) }
datasets/geolife_60mins.csv;nsga2;4;44;4400;4400;1.10949e+02;100;100;100;1.00000e+00;9.90000e-01;2.30000e-01;9.36568e-01;1.00000e+00;8.84918e-01;Pipeline { filter(avg_Y < 400000.0000) };9.19829e-01;1.00000e+00;9.75087e-01;Pipeline { filter(avg_Y < 1740000.0000) };9.18608e-01;1.00000e+00;1.00000e+00;Pipeline { filter(avg_Y < 3340000.0000) };9.19010e-01;1.00000e+00;9.95015e-01;Pipeline { filter(avg_Y < 2520000.0000) };9.33978e-01;1.00000e+00;9.10279e-01;Pipeline { filter(avg_Y < 600000.0000) };9.18608e-01;1.00000e+00;1.00000e+00;Pipeline { filter(avg_Y < 67200000.0000) }
datasets/geolife_60mins.csv;nsga2;4;45;4500;4500;1.13461e+02;100;100;100;1.00000e+00;1.00000e+00;2.30000e-01;9.36860e-01;1.00000e+00;8.86005e-01;Pipeline { filter(avg_Y < 413000.0000) };9.18771e-01;1.00000e+00;9.99454e-01;Pipeline { filter(avg_X < 4500000.0000) };9.18608e-01;1.00000e+00;1.00000e+00;Pipeline { filter(avg_X < 460000000.0000) };9.19010e-01;1.00000e+00;9.95015e-01;Pipeline { filter(avg_Y < 2520000.0000) };9.33978e-01;1.00000e+00;9.10279e-01;Pipeline { filter(avg_Y < 600000.0000) };9.18608e-01;1.00000e+00;1.00000e+00;Pipeline { filter(avg_Y < 11000000.0000) }
datasets/geolife_60mins.csv;nsga2;4;46;4600;4600;1.16021e+02;100;100;100;1.00000e+00;1.00000e+00;2.40000e-01;9.36860e-01;1.00000e+00;8.86005e-01;Pipeline { filter(avg_Y < 413000.0000) };9.19829e-01;1.00000e+00;9.75087e-01;Pipeline { filter(avg_Y < 1660000.0000) };9.18608e-01;1.00000e+00;1.00000e+00;Pipeline { filter(avg_Y < 5970000000.0000) };9.19325e-01;1.00000e+00;9.80502e-01;Pipeline { filter(avg_Y < 2350000.0000) };9.34733e-01;1.00000e+00;8.87439e-01;Pipeline { filter(avg_Y < 446000.0000) | filter(avg_Y < 91000000.0000) };9.18608e-01;1.00000e+00;1.00000e+00;Pipeline { filter(avg_Y < 70600000.0000) }
datasets/geolife_60mins.csv;nsga2;4;47;4700;4700;1.18441e+02;100;100;100;1.00000e+00;1.00000e+00;2.40000e-01;9.36860e-01;1.00000e+00;8.86005e-01;Pipeline { filter(avg_Y < 413000.0000) };9.18771e-01;1.00000e+00;9.99454e-01;Pipeline { filter(avg_X < 4500000.0000) };9.18608e-01;1.00000e+00;1.00000e+00;Pipeline { filter(avg_X < 96000000.0000) };9.19325e-01;1.00000e+00;9.80502e-01;Pipeline { filter(avg_Y < 2350000.0000) };9.34733e-01;1.00000e+00;8.87439e-01;Pipeline { filter(avg_Y < 446000.0000) | filter(avg_Y < 91000000.0000) };9.18608e-01;1.00000e+00;1.00000e+00;Pipeline { filter(avg_X < 742000000.0000) }
datasets/geolife_60mins.csv;nsga2;4;48;4800;4800;1.20864e+02;100;100;100;1.00000e+00;1.00000e+00;2.50000e-01;9.36860e-01;1.00000e+00;8.86005e-01;Pipeline { filter(avg_Y < 413000.0000) };9.19829e-01;1.00000e+00;9.75087e-01;Pipeline { filter(avg_Y < 1740000.0000) };9.18608e-01;1.00000e+00;1.00000e+00;Pipeline { filter(avg_X < 91300000.0000) };9.19325e-01;1.00000e+00;9.80502e-01;Pipeline { filter(avg_Y < 2350000.0000) };9.34733e-01;1.00000e+00;8.87439e-01;Pipeline { filter(avg_Y < 446000.0000) | filter(avg_Y < 94000000.0000) };9.18608e-01;1.00000e+00;1.00000e+00;Pipeline { filter(avg_X < 401000000.0000) }
datasets/geolife_60mins.csv;nsga2;4;49;4900;4900;1.23252e+02;100;100;100;1.00000e+00;1.00000e+00;2.50000e-01;9.36860e-01;1.00000e+00;8.86005e-01;Pipeline { filter(avg_Y < 413000.0000) };9.18771e-01;1.00000e+00;9.99454e-01;Pipeline { filter(avg_X < 4000000.0000) };9.18608e-01;1.00000e+00;1.00000e+00;Pipeline { filter(avg_Y < 9950000000.0000) };9.19325e-01;1.00000e+00;9.80502e-01;Pipeline { filter(avg_Y < 2350000.0000) };9.34733e-01;1.00000e+00;8.87439e-01;Pipeline { filter(avg_Y < 446000.0000) | filter(avg_Y < 94000000.0000) };9.18608e-01;1.00000e+00;1.00000e+00;Pipeline { filter(avg_X < 896000000.0000) }
datasets/geolife_60mins.csv;nsga2;4;50;5000;5000;1.25769e+02;100;100;100;1.00000e+00;1.00000e+00;2.50000e-01;9.36860e-01;1.00000e+00;8.86005e-01;Pipeline { filter(avg_Y < 413000.0000) };9.19829e-01;1.00000e+00;9.75087e-01;Pipeline { filter(avg_Y < 1660000.0000) };9.18608e-01;1.00000e+00;1.00000e+00;Pipeline { filter(avg_Y < 96000000.0000) };9.19325e-01;1.00000e+00;9.80502e-01;Pipeline { filter(avg_Y < 2350000.0000) };9.34733e-01;1.00000e+00;8.87439e-01;Pipeline { filter(avg_Y < 446000.0000) | filter(avg_Y < 94000000.0000) };9.18608e-01;1.00000e+00;1.00000e+00;Pipeline { filter(avg_Y < 60700000.0000) }
datasets/geolife_60mins.csv;nsga2;5;1;100;100;3.20200e+00;100;8;68;1.00000e+00;1.00000e+00;1.60000e-01;9.26629e-01;1.00000e+00;8.17732e-01;Pipeline { filter(avg_X > 475.0000) };8.77292e-01;1.00000e+00;7.26545e-01;Pipeline { filter(avg_Y > 370.0000) };9.18608e-01;1.00000e+00;1.00000e+00;Pipeline { filter(avg_Y < 1720000000.0000) };2.26840e-02;0.00000e+00;2.70142e-02;Pipeline { filter(avg_X < 0.0008) | filter(avg_X < 242.0000) };0.00000e+00;0.00000e+00;0.00000e+00;Pipeline { filter(avg_Y < 271000.0000) | filter(avg_Y > 0.0085) | filter(avg_X > 40400.0000) | filter(avg_X < 0.0000) | filter(avg_Y > 0.9840) | filter(avg_X < 0.0572) | filter(avg_Y < 65.5000) | filter(avg_Y > 0.0047) | filter(avg_X > 0.0629) };2.26840e-02;0.00000e+00;2.70142e-02;Pipeline { filter(avg_X < 0.0008) | filter(avg_X < 242.0000) }
datasets/geolife_60mins.csv;nsga2;5;2;200;200;5.41100e+00;100;27;13;1.00000e+00;1.00000e+00;2.50000e-01;9.26629e-01;1.00000e+00;8.17732e-01;Pipeline { filter(avg_X < 7440000000.0000) | filter(avg_X > 0.0000) | filter(avg_X > 0.0000) | filter(avg_X < 5260000000.0000) | filter(avg_Y < 5560000000.0000) | filter(avg_Y < 6410000000.0000) | filter(avg_X > 0.0001) };8.76563e-01;1.00000e+00;6.79783e-01;Pipeline { filter(avg_Y < 182000.0000) | filter(avg_X > 0.0000) | filter(avg_Y > 0.0000) | filter(avg_Y > 0.0005) };9.18608e-01;1.00000e+00;1.00000e+00;Pipeline { filter(avg_X < 6290000000.0000) };9.18608e-01;1.00000e+00;1.00000e+00;Pipeline { filter(avg_X < 629000000.0000) };9.18608e-01;1.00000e+00;1.00000e+00;Pipeline { filter(avg_X < 629000000.0000) };9.26629e-01;1.00000e+00;8.17732e-01;Pipeline { filter(avg_X > 575.0000) }
datasets/geolife_60mins.csv;nsga2;5;3;300;300;8.21500e+00;100;16;3;1.00000e+00;1.00000e+00;1.30000e-01;9.29730e-01;1.00000e+00;8.89183e-01;Pipeline { filter(avg_Y < 472000.0000) };8.77258e-01;1.00000e+00;7.26510e-01;Pipeline { filter(avg_Y > 476.0000) };9.18608e-01;1.00000e+00;1.00000e+00;Pipeline { filter(avg_Y < 4090000000.0000) };9.26629e-01;1.00000e+00;8.17732e-01;Pipeline { filter(avg_X < 3830000000.0000) | filter(avg_X > 0.0071) | filter(avg_Y < 9880000.0000) };8.77344e-01;1.00000e+00;7.26608e-01;Pipeline { filter(avg_Y > 0.0529) };9.26629e-01;1.00000e+00;8.17732e-01;Pipeline { filter(avg_X > 0.9810) }
datasets/geolife_60mins.csv;nsga2;5;4;400;400;1.07530e+01;100;32;67;1.00000e+00;1.00000e+00;5.00000e-02;9.36025e-01;1.00000e+00;8.82011e-01;Pipeline { filter(avg_Y < 390000.0000) };9.26629e-01;1.00000e+00;8.17732e-01;Pipeline { filter(avg_X > 475.0000) };9.18608e-01;1.00000e+00;1.00000e+00;Pipeline { filter(avg_X < 650000000.0000) };9.26629e-01;1.00000e+00;8.17732e-01;Pipeline { filter(avg_X < 7440000000.0000) | filter(avg_X > 0.0000) | filter(avg_X > 0.0000) | filter(avg_X < 5260000000.0000) | filter(avg_Y < 6570000000.0000) | filter(avg_Y < 6410000000.0000) | filter(avg_X > 0.0001) };9.26629e-01;1.00000e+00;8.17732e-01;Pipeline { filter(avg_X > 910.0000) };9.18608e-01;1.00000e+00;1.00000e+00;Pipeline { filter(avg_Y < 5930000.0000) }
datasets/geolife_60mins.csv;nsga2;5;5;500;500;1.44080e+01;100;57;40;1.00000e+00;1.00000e+00;1.00000e-01;9.36025e-01;1.00000e+00;8.82011e-01;Pipeline { filter(avg_Y < 390000.0000) };9.26629e-01;1.00000e+00;8.17732e-01;Pipeline { filter(avg_X > 0.0000) | filter(avg_Y < 18900000.0000) };9.18608e-01;1.00000e+00;1.00000e+00;Pipeline { filter(avg_X < 5310000.0000) };9.26629e-01;1.00000e+00;8.17732e-01;Pipeline { filter(avg_X < 3430000000.0000) | filter(avg_X > 0.0000) | filter(avg_X > 0.8590) | filter(avg_X < 5260000000.0000) | filter(avg_Y < 5560000000.0000) | filter(avg_Y < 6410000000.0000) | filter(avg_X > 0.0001) };9.26629e-01;1.00000e+00;8.17732e-01;Pipeline { filter(avg_X > 0.0000) };9.18608e-01;1.00000e+00;1.00000e+00;Pipeline { filter(avg_X < 6890000000.0000) }
datasets/geolife_60mins.csv;nsga2;5;6;600;600;1.68260e+01;100;92;4;1.00000e+00;1.00000e+00;1.20000e-01;9.36025e-01;1.00000e+00;8.82011e-01;Pipeline { filter(avg_Y < 390000.0000) };8.86882e-01;1.00000e+00;8.35766e-01;Pipeline { filter(avg_X < 609000.0000) };9.18608e-01;1.00000e+00;1.00000e+00;Pipeline { filter(avg_Y < 4720000000.0000) };9.18608e-01;1.00000e+00;1.00000e+00;Pipeline { filter(avg_X < 5920000.0000) };9.18608e-01;1.00000e+00;1.00000e+00;Pipeline { filter(avg_X < 649000000.0000) };9.18608e-01;1.00000e+00;1.00000e+00;Pipeline { filter(avg_Y < 3000000000.0000) }
datasets/geolife_60mins.csv;nsga2;5;7;700;700;1.91570e+01;100;100;100;1.00000e+00;1.00000e+00;8.00000e-02;9.36025e-01;1.00000e+00;8.82011e-01;Pipeline { filter(avg_Y < 390000.0000) };9.18779e-01;1.00000e+00;9.98627e-01;Pipeline { filter(avg_X < 2600000.0000) };9.18608e-01;1.00000e+00;1.00000e+00;Pipeline { filter(avg_X < 6090000000.0000) };9.18608e-01;1.00000e+00;1.00000e+00;Pipeline { filter(avg_Y < 7490000000.0000) };9.18608e-01;1.00000e+00;1.00000e+00;Pipeline { filter(avg_Y < 7290000000.0000) };9.18608e-01;1.00000e+00;1.00000e+00;Pipeline { filter(avg_X < 550000000.0000) }
datasets/geolife_60mins.csv;nsga2;5;8;800;800;2.15220e+01;100;100;100;1.00000e+00;1.00000e+00;1.00000e-01;9.36025e-01;1.00000e+00;8.82011e-01;Pipeline { filter(avg_Y < 390000.0000) };9.18771e-01;1.00000e+00;9.99454e-01;Pipeline { filter(avg_X < 4000000.0000) };9.18608e-01;1.00000e+00;1.00000e+00;Pipeline { filter(avg_Y < 4070000000.0000) };9.18608e-01;1.00000e+00;1.00000e+00;Pipeline { filter(avg_X < 360000000.0000) };9.18608e-01;1.00000e+00;1.00000e+00;Pipeline { filter(avg_X < 360000000.0000) };9.18608e-01;1.00000e+00;1.00000e+00;Pipeline { filter(avg_Y < 3290000000.0000) }
datasets/geolife_60mins.csv;nsga2;5;9;900;900;2.38580e+01;100;100;100;1.00000e+00;1.00000e+00;1.00000e-01;9.36025e-01;1.00000e+00;8.82011e-01;Pipeline { filter(avg_Y < 390000.0000) };9.18779e-01;1.00000e+00;9.98627e-01;Pipeline { filter(avg_X < 2600000.0000) };9.18608e-01;1.00000e+00;1.00000e+00;Pipeline { filter(avg_Y < 9220000000.0000) };9.18608e-01;1.00000e+00;1.00000e+00;Pipeline { filter(avg_Y < 550000000.0000) };9.18608e-01;1.00000e+00;1.00000e+00;Pipeline { filter(avg_Y < 550000000.0000) };9.18608e-01;1.00000e+00;1.00000e+00;Pipeline { filter(avg_X < 1740000000.0000) }
datasets/geolife_60mins.csv;nsga2;5;10;1000;1000;2.60880e+01;100;100;100;1.00000e+00;9.90000e-01;1.20000e-01;9.36025e-01;1.00000e+00;8.82011e-01;Pipeline { filter(avg_Y < 390000.0000) };9.18771e-01;1.00000e+00;9.99454e-01;Pipeline { filter(avg_X < 4000000.0000) };9.18608e-01;1.00000e+00;1.00000e+00;Pipeline { filter(avg_X < 5710000.0000) };9.18608e-01;1.00000e+00;1.00000e+00;Pipeline { filter(avg_X < 516000000.0000) };9.18608e-01;1.00000e+00;1.00000e+00;Pipeline { filter(avg_X < 516000000.0000) };9.18608e-01;1.00000e+00;1.00000e+00;Pipeline { filter(avg_Y < 8650000.0000) }
datasets/geolife_60mins.csv;nsga2;5;11;1100;1100;2.85980e+01;100;100;100;1.00000e+00;9.90000e-01;1.20000e-01;9.36025e-01;1.00000e+00;8.82011e-01;Pipeline { filter(avg_Y < 390000.0000) };9.18771e-01;1.00000e+00;9.99454e-01;Pipeline { filter(avg_X < 3800000.0000) };9.18608e-01;1.00000e+00;1.00000e+00;Pipeline { filter(avg_Y < 4070000000.0000) };9.18608e-01;1.00000e+00;1.00000e+00;Pipeline { filter(avg_X < 2990000000.0000) };9.18608e-01;1.00000e+00;1.00000e+00;Pipeline { filter(avg_X < 2990000000.0000) };9.18608e-01;1.00000e+00;1.00000e+00;Pipeline { filter(avg_Y < 9740000000.0000) }
datasets/geolife_60mins.csv;nsga2;5;12;1200;1200;3.14120e+01;100;100;100;1.00000e+00;9.80000e-01;1.20000e-01;9.36025e-01;1.00000e+00;8.82011e-01;Pipeline { filter(avg_Y < 390000.0000) };9.18771e-01;1.00000e+00;9.99454e-01;Pipeline { filter(avg_X < 4470000.0000) };9.18608e-01;1.00000e+00;1.00000e+00;Pipeline { filter(avg_Y < 96200000.0000) };9.18608e-01;1.00000e+00;1.00000e+00;Pipeline { filter(avg_Y < 761000000.0000) };9.18608e-01;1.00000e+00;1.00000e+00;Pipeline { filter(avg_Y < 761000000.0000) };9.18608e-01;1.00000e+00;1.00000e+00;Pipeline { filter(avg_Y < 79200000.0000) }
datasets/geolife_60mins.csv;nsga2;5;13;1300;1300;3.37670e+01;100;100;100;1.00000e+00;9.80000e-01;1.30000e-01;9.36025e-01;1.00000e+00;8.82011e-01;Pipeline { filter(avg_Y < 390000.0000) };9.18779e-01;1.00000e+00;9.98627e-01;Pipeline { filter(avg_X < 2600000.0000) };9.18608e-01;1.00000e+00;1.00000e+00;Pipeline { filter(avg_Y < 563000000.0000) };9.18608e-01;1.00000e+00;1.00000e+00;Pipeline { filter(avg_X < 19300000.0000) };9.18608e-01;1.00000e+00;1.00000e+00;Pipeline { filter(avg_X < 19300000.0000) };9.18608e-01;1.00000e+00;1.00000e+00;Pipeline { filter(avg_X < 4900000.0000) }
datasets/geolife_60mins.csv;nsga2;5;14;1400;1400;3.63110e+01;100;100;100;1.00000e+00;1.00000e+00;1.30000e-01;9.36568e-01;1.00000e+00;8.84918e-01;Pipeline { filter(avg_Y < 400000.0000) };9.18771e-01;1.00000e+00;9.99454e-01;Pipeline { filter(avg_X < 4470000.0000) };9.18608e-01;1.00000e+00;1.00000e+00;Pipeline { filter(avg_Y < 507000000.0000) };9.18608e-01;1.00000e+00;1.00000e+00;Pipeline { filter(avg_Y < 863000000.0000) };9.18608e-01;1.00000e+00;1.00000e+00;Pipeline { filter(avg_Y < 863000000.0000) };9.18608e-01;1.00000e+00;1.00000e+00;Pipeline { filter(avg_Y < 310000000.0000) }
datasets/geolife_60mins.csv;nsga2;5;15;1500;1500;3.87580e+01;100;100;100;1.00000e+00;1.00000e+00;1.30000e-01;9.36568e-01;1.00000e+00;8.84918e-01;Pipeline { filter(avg_Y < 400000.0000) };9.18771e-01;1.00000e+00;9.99454e-01;Pipeline { filter(avg_X < 4610000.0000) };9.18608e-01;1.00000e+00;1.00000e+00;Pipeline { filter(avg_Y < 96200000.0000) };9.18608e-01;1.00000e+00;1.00000e+00;Pipeline { filter(avg_Y < 3300000000.0000) };9.18608e-01;1.00000e+00;1.00000e+00;Pipeline { filter(avg_Y < 3300000000.0000) };9.18608e-01;1.00000e+00;1.00000e+00;Pipeline { filter(avg_Y < 8720000000.0000) }
datasets/geolife_60mins.csv;nsga2;5;16;1600;1600;4.11520e+01;100;100;100;1.00000e+00;9.90000e-01;1.30000e-01;9.36568e-01;1.00000e+00;8.84918e-01;Pipeline { filter(avg_Y < 400000.0000) };9.18779e-01;1.00000e+00;9.98627e-01;Pipeline { filter(avg_X < 2240000.0000) };9.18608e-01;1.00000e+00;1.00000e+00;Pipeline { filter(avg_Y < 523000000.0000) };9.18608e-01;1.00000e+00;1.00000e+00;Pipeline { filter(avg_Y < 34100000.0000) };9.18608e-01;1.00000e+00;1.00000e+00;Pipeline { filter(avg_Y < 34100000.0000) };9.18608e-01;1.00000e+00;1.00000e+00;Pipeline { filter(avg_Y < 28700000.0000) }
datasets/geolife_60mins.csv;nsga2;5;17;1700;1700;4.34410e+01;100;100;100;1.00000e+00;1.00000e+00;1.40000e-01;9.36568e-01;1.00000e+00;8.84918e-01;Pipeline { filter(avg_Y < 400000.0000) };9.18771e-01;1.00000e+00;9.99454e-01;Pipeline { filter(avg_X < 4610000.0000) };9.18608e-01;1.00000e+00;1.00000e+00;Pipeline { filter(avg_Y < 9870000000.0000) };9.18608e-01;1.00000e+00;1.00000e+00;Pipeline { filter(avg_X < 3400000000.0000) };9.18608e-01;1.00000e+00;1.00000e+00;Pipeline { filter(avg_X < 3400000000.0000) };9.18608e-01;1.00000e+00;1.00000e+00;Pipeline { filter(avg_X < 7050000000.0000) }
datasets/geolife_60mins.csv;nsga2;5;18;1800;1800;4.58830e+01;100;100;100;1.00000e+00;1.00000e+00;1.50000e-01;9.36568e-01;1.00000e+00;8.84918e-01;Pipeline { filter(avg_Y < 400000.0000) };9.18771e-01;1.00000e+00;9.99454e-01;Pipeline { filter(avg_X < 4430000.0000) };9.18608e-01;1.00000e+00;1.00000e+00;Pipeline { filter(avg_Y < 870000000.0000) };9.18608e-01;1.00000e+00;1.00000e+00;Pipeline { filter(avg_X < 75400000.0000) };9.18608e-01;1.00000e+00;1.00000e+00;Pipeline { filter(avg_X < 75400000.0000) };9.18608e-01;1.00000e+00;1.00000e+00;Pipeline { filter(avg_Y < 718000000.0000) }
datasets/geolife_60mins.csv;nsga2;5;19;1900;1900;4.82420e+01;100;100;100;1.00000e+00;1.00000e+00;1.50000e-01;9.36568e-01;1.00000e+00;8.84918e-01;Pipeline { filter(avg_Y < 400000.0000) };9.18779e-01;1.00000e+00;9.98627e-01;Pipeline { filter(avg_X < 2600000.0000) };9.18608e-01;1.00000e+00;1.00000e+00;Pipeline { filter(avg_X < 6410000.0000) };9.18608e-01;1.00000e+00;1.00000e+00;Pipeline { filter(avg_X < 95400000.0000) };9.18608e-01;1.00000e+00;1.00000e+00;Pipeline { filter(avg_X < 95400000.0000) };9.18608e-01;1.00000e+00;1.00000e+00;Pipeline { filter(avg_Y < 9880000000.0000) }
datasets/geolife_60mins.csv;nsga2;5;20;2000;2000;5.07170e+01;100;100;100;1.00000e+00;1.00000e+00;1.60000e-01;9.36568e-01;1.00000e+00;8.84918e-01;Pipeline { filter(avg_Y < 400000.0000) };9.18771e-01;1.00000e+00;9.99454e-01;Pipeline { filter(avg_X < 4430000.0000) };9.18608e-01;1.00000e+00;1.00000e+00;Pipeline { filter(avg_X < 739000000.0000) };9.18608e-01;1.00000e+00;1.00000e+00;Pipeline { filter(avg_Y < 9680000000.0000) };9.18608e-01;1.00000e+00;1.00000e+00;Pipeline { filter(avg_Y < 9680000000.0000) };9.18608e-01;1.00000e+00;1.00000e+00;Pipeline { filter(avg_Y < 95000000.0000) }
datasets/geolife_60mins.csv;nsga2;5;21;2100;2100;5.32430e+01;100;100;100;1.00000e+00;1.00000e+00;1.60000e-01;9.36568e-01;1.00000e+00;8.84918e-01;Pipeline { filter(avg_Y < 400000.0000) };9.18771e-01;1.00000e+00;9.99454e-01;Pipeline { filter(avg_X < 3400000.0000) };9.18608e-01;1.00000e+00;1.00000e+00;Pipeline { filter(avg_Y < 3870000000.0000) };9.18608e-01;1.00000e+00;1.00000e+00;Pipeline { filter(avg_Y < 865000000.0000) };9.18608e-01;1.00000e+00;1.00000e+00;Pipeline { filter(avg_Y < 865000000.0000) };9.18608e-01;1.00000e+00;1.00000e+00;Pipeline { filter(avg_X < 9250000000.0000) }
datasets/geolife_60mins.csv;nsga2;5;22;2200;2200;5.58130e+01;100;100;100;1.00000e+00;1.00000e+00;1.60000e-01;9.36568e-01;1.00000e+00;8.84918e-01;Pipeline { filter(avg_Y < 400000.0000) };9.18779e-01;1.00000e+00;9.98627e-01;Pipeline { filter(avg_X < 2240000.0000) };9.18608e-01;1.00000e+00;1.00000e+00;Pipeline { filter(avg_Y < 9940000000.0000) };9.18608e-01;1.00000e+00;1.00000e+00;Pipeline { filter(avg_X < 9150000000.0000) };9.18608e-01;1.00000e+00;1.00000e+00;Pipeline { filter(avg_X < 9150000000.0000) };9.18608e-01;1.00000e+00;1.00000e+00;Pipeline { filter(avg_Y < 889000000.0000) }
datasets/geolife_60mins.csv;nsga2;5;23;2300;2300;5.81860e+01;100;100;100;1.00000e+00;1.00000e+00;1.60000e-01;9.36568e-01;1.00000e+00;8.84918e-01;Pipeline { filter(avg_Y < 400000.0000) };9.18771e-01;1.00000e+00;9.99454e-01;Pipeline { filter(avg_X < 3400000.0000) };9.18608e-01;1.00000e+00;1.00000e+00;Pipeline { filter(avg_X < 9180000000.0000) };9.18608e-01;1.00000e+00;1.00000e+00;Pipeline { filter(avg_Y < 5300000.0000) };9.18608e-01;1.00000e+00;1.00000e+00;Pipeline { filter(avg_Y < 5300000.0000) };9.18608e-01;1.00000e+00;1.00000e+00;Pipeline { filter(avg_X < 6120000000.0000) }
datasets/geolife_60mins.csv;nsga2;5;24;2400;2400;6.06360e+01;100;100;100;1.00000e+00;1.00000e+00;1.60000e-01;9.36568e-01;1.00000e+00;8.84918e-01;Pipeline { filter(avg_Y < 400000.0000) };9.33116e-01;1.00000e+00;9.10327e-01;Pipeline { filter(avg_Y < 607000.0000) };9.18608e-01;1.00000e+00;1.00000e+00;Pipeline { filter(avg_X < 864000000.0000) };9.18608e-01;1.00000e+00;1.00000e+00;Pipeline { filter(avg_X < 9890000000.0000) };9.18608e-01;1.00000e+00;1.00000e+00;Pipeline { filter(avg_X < 9890000000.0000) };9.18608e-01;1.00000e+00;1.00000e+00;Pipeline { filter(avg_Y < 991000000.0000) }
datasets/geolife_60mins.csv;nsga2;5;25;2500;2500;6.33750e+01;100;100;100;1.00000e+00;1.00000e+00;1.70000e-01;9.36568e-01;1.00000e+00;8.84918e-01;Pipeline { filter(avg_Y < 400000.0000) };9.19829e-01;1.00000e+00;9.75087e-01;Pipeline { filter(avg_Y < 1720000.0000) };9.18608e-01;1.00000e+00;1.00000e+00;Pipeline { filter(avg_Y < 7890000000.0000) };9.18608e-01;1.00000e+00;1.00000e+00;Pipeline { filter(avg_X < 3450000000.0000) };9.18608e-01;1.00000e+00;1.00000e+00;Pipeline { filter(avg_X < 3450000000.0000) };9.18608e-01;1.00000e+00;1.00000e+00;Pipeline { filter(avg_X < 5080000000.0000) }
datasets/geolife_60mins.csv;nsga2;5;26;2600;2600;6.57120e+01;100;100;100;1.00000e+00;1.00000e+00;1.80000e-01;9.36568e-01;1.00000e+00;8.84918e-01;Pipeline { filter(avg_Y < 400000.0000) };9.18771e-01;1.00000e+00;9.99454e-01;Pipeline { filter(avg_X < 4430000.0000) };9.18608e-01;1.00000e+00;1.00000e+00;Pipeline { filter(avg_Y < 16500000.0000) };9.18608e-01;1.00000e+00;1.00000e+00;Pipeline { filter(avg_Y < 5550000.0000) };9.18608e-01;1.00000e+00;1.00000e+00;Pipeline { filter(avg_Y < 5550000.0000) };9.18608e-01;1.00000e+00;1.00000e+00;Pipeline { filter(avg_X < 5540000.0000) }
datasets/geolife_60mins.csv;nsga2;5;27;2700;2700;6.83650e+01;100;100;100;1.00000e+00;1.00000e+00;1.80000e-01;9.36568e-01;1.00000e+00;8.84918e-01;Pipeline { filter(avg_Y < 400000.0000) };9.19829e-01;1.00000e+00;9.75087e-01;Pipeline { filter(avg_Y < 1750000.0000) };9.18608e-01;1.00000e+00;1.00000e+00;Pipeline { filter(avg_X < 864000000.0000) };9.18608e-01;1.00000e+00;1.00000e+00;Pipeline { filter(avg_Y < 3600000.0000) };9.18608e-01;1.00000e+00;1.00000e+00;Pipeline { filter(avg_Y < 3600000.0000) };9.18608e-01;1.00000e+00;1.00000e+00;Pipeline { filter(avg_Y < 9800000000.0000) }
datasets/geolife_60mins.csv;nsga2;5;28;2800;2800;7.11390e+01;100;100;100;1.00000e+00;1.00000e+00;1.80000e-01;9.36568e-01;1.00000e+00;8.84918e-01;Pipeline { filter(avg_Y < 400000.0000) };9.18771e-01;1.00000e+00;9.99454e-01;Pipeline { filter(avg_X < 2770000.0000) };9.18608e-01;1.00000e+00;1.00000e+00;Pipeline { filter(avg_Y < 9880000000.0000) };9.18608e-01;1.00000e+00;1.00000e+00;Pipeline { filter(avg_X < 9800000000.0000) };9.18608e-01;1.00000e+00;1.00000e+00;Pipeline { filter(avg_X < 9800000000.0000) };9.18608e-01;1.00000e+00;1.00000e+00;Pipeline { filter(avg_X < 9740000000.0000) }
datasets/geolife_60mins.csv;nsga2;5;29;2900;2900;7.36950e+01;100;100;100;1.00000e+00;1.00000e+00;1.80000e-01;9.36568e-01;1.00000e+00;8.84918e-01;Pipeline { filter(avg_Y < 400000.0000) };9.19829e-01;1.00000e+00;9.75087e-01;Pipeline { filter(avg_Y < 1720000.0000) };9.18608e-01;1.00000e+00;1.00000e+00;Pipeline { filter(avg_Y < 7880000000.0000) };9.18608e-01;1.00000e+00;1.00000e+00;Pipeline { filter(avg_Y < 9340000000.0000) };9.18608e-01;1.00000e+00;1.00000e+00;Pipeline { filter(avg_Y < 9340000000.0000) };9.18608e-01;1.00000e+00;1.00000e+00;Pipeline { filter(avg_Y < 3390000000.0000) }
datasets/geolife_60mins.csv;nsga2;5;30;3000;3000;7.62270e+01;100;100;100;1.00000e+00;1.00000e+00;1.80000e-01;9.36568e-01;1.00000e+00;8.84918e-01;Pipeline { filter(avg_Y < 400000.0000) };9.18771e-01;1.00000e+00;9.99454e-01;Pipeline { filter(avg_X < 2920000.0000) };9.18608e-01;1.00000e+00;1.00000e+00;Pipeline { filter(avg_X < 6100000000.0000) };9.18608e-01;1.00000e+00;1.00000e+00;Pipeline { filter(avg_Y < 5690000000.0000) };9.18608e-01;1.00000e+00;1.00000e+00;Pipeline { filter(avg_Y < 5690000000.0000) };9.18608e-01;1.00000e+00;1.00000e+00;Pipeline { filter(avg_X < 21700000.0000) }
datasets/geolife_60mins.csv;nsga2;5;31;3100;3100;7.88040e+01;100;100;100;1.00000e+00;1.00000e+00;1.80000e-01;9.36568e-01;1.00000e+00;8.84918e-01;Pipeline { filter(avg_Y < 400000.0000) };9.19829e-01;1.00000e+00;9.75087e-01;Pipeline { filter(avg_Y < 1630000.0000) };9.18608e-01;1.00000e+00;1.00000e+00;Pipeline { filter(avg_Y < 723000000.0000) };9.18608e-01;1.00000e+00;1.00000e+00;Pipeline { filter(avg_Y < 3190000000.0000) };9.18608e-01;1.00000e+00;1.00000e+00;Pipeline { filter(avg_Y < 3190000000.0000) };9.18608e-01;1.00000e+00;1.00000e+00;Pipeline { filter(avg_X < 9160000.0000) }
datasets/geolife_60mins.csv;nsga2;5;32;3200;3200;8.15240e+01;100;100;100;1.00000e+00;1.00000e+00;1.80000e-01;9.36791e-01;1.00000e+00;8.85749e-01;Pipeline { filter(avg_Y < 409000.0000) };9.18771e-01;1.00000e+00;9.99454e-01;Pipeline { filter(avg_X < 4000000.0000) };9.18608e-01;1.00000e+00;1.00000e+00;Pipeline { filter(avg_Y < 183000000.0000) };9.18608e-01;1.00000e+00;1.00000e+00;Pipeline { filter(avg_Y < 7890000000.0000) };9.18608e-01;1.00000e+00;1.00000e+00;Pipeline { filter(avg_Y < 7890000000.0000) };9.18608e-01;1.00000e+00;1.00000e+00;Pipeline { filter(avg_X < 6310000000.0000) }
datasets/geolife_60mins.csv;nsga2;5;33;3300;3300;8.39390e+01;100;100;100;1.00000e+00;1.00000e+00;1.80000e-01;9.36791e-01;1.00000e+00;8.85749e-01;Pipeline { filter(avg_Y < 409000.0000) };9.19829e-01;1.00000e+00;9.75087e-01;Pipeline { filter(avg_Y < 1810000.0000) };9.18608e-01;1.00000e+00;1.00000e+00;Pipeline { filter(avg_X < 280000000.0000) };9.18608e-01;1.00000e+00;1.00000e+00;Pipeline { filter(avg_X < 9880000000.0000) };9.18608e-01;1.00000e+00;1.00000e+00;Pipeline { filter(avg_X < 9880000000.0000) };9.18608e-01;1.00000e+00;1.00000e+00;Pipeline { filter(avg_X < 3480000000.0000) }
datasets/geolife_60mins.csv;nsga2;5;34;3400;3400;8.64290e+01;100;100;100;1.00000e+00;1.00000e+00;1.80000e-01;9.36791e-01;1.00000e+00;8.85749e-01;Pipeline { filter(avg_Y < 409000.0000) };9.18771e-01;1.00000e+00;9.99454e-01;Pipeline { filter(avg_X < 4000000.0000) };9.18608e-01;1.00000e+00;1.00000e+00;Pipeline { filter(avg_X < 863000000.0000) };9.18608e-01;1.00000e+00;1.00000e+00;Pipeline { filter(avg_X < 5300000000.0000) };9.18608e-01;1.00000e+00;1.00000e+00;Pipeline { filter(avg_X < 5300000000.0000) };9.18608e-01;1.00000e+00;1.00000e+00;Pipeline { filter(avg_X < 9100000000.0000) }
datasets/geolife_60mins.csv;nsga2;5;35;3500;3500;8.88980e+01;100;100;100;1.00000e+00;1.00000e+00;1.80000e-01;9.36791e-01;1.00000e+00;8.85749e-01;Pipeline { filter(avg_Y < 409000.0000) };9.19829e-01;1.00000e+00;9.75087e-01;Pipeline { filter(avg_Y < 1630000.0000) };9.18608e-01;1.00000e+00;1.00000e+00;Pipeline { filter(avg_X < 4470000000.0000) };9.18608e-01;1.00000e+00;1.00000e+00;Pipeline { filter(avg_X < 523000000.0000) };9.18608e-01;1.00000e+00;1.00000e+00;Pipeline { filter(avg_X < 523000000.0000) };9.18608e-01;1.00000e+00;1.00000e+00;Pipeline { filter(avg_X < 725000000.0000) }
datasets/geolife_60mins.csv;nsga2;5;36;3600;3600;9.12760e+01;100;100;100;1.00000e+00;1.00000e+00;1.90000e-01;9.36791e-01;1.00000e+00;8.85749e-01;Pipeline { filter(avg_Y < 409000.0000) };9.18771e-01;1.00000e+00;9.99454e-01;Pipeline { filter(avg_X < 3130000.0000) };9.18608e-01;1.00000e+00;1.00000e+00;Pipeline { filter(avg_Y < 9390000.0000) };9.18608e-01;1.00000e+00;1.00000e+00;Pipeline { filter(avg_Y < 9390000.0000) };9.18608e-01;1.00000e+00;1.00000e+00;Pipeline { filter(avg_Y < 9390000.0000) };9.18608e-01;1.00000e+00;1.00000e+00;Pipeline { filter(avg_Y < 60700000.0000) }
datasets/geolife_60mins.csv;nsga2;5;37;3700;3700;9.40800e+01;100;100;100;1.00000e+00;1.00000e+00;2.00000e-01;9.36791e-01;1.00000e+00;8.85749e-01;Pipeline { filter(avg_Y < 409000.0000) };9.19829e-01;1.00000e+00;9.75087e-01;Pipeline { filter(avg_Y < 1810000.0000) };9.18608e-01;1.00000e+00;1.00000e+00;Pipeline { filter(avg_Y < 9720000000.0000) };9.18771e-01;1.00000e+00;9.99454e-01;Pipeline { filter(avg_X < 3130000.0000) };9.36791e-01;1.00000e+00;8.85749e-01;Pipeline { filter(avg_Y < 409000.0000) };9.18608e-01;1.00000e+00;1.00000e+00;Pipeline { filter(avg_Y < 8130000000.0000) }
datasets/geolife_60mins.csv;nsga2;5;38;3800;3800;9.63550e+01;100;100;100;1.00000e+00;1.00000e+00;2.00000e-01;9.36791e-01;1.00000e+00;8.85749e-01;Pipeline { filter(avg_Y < 409000.0000) };9.18771e-01;1.00000e+00;9.99454e-01;Pipeline { filter(avg_X < 3060000.0000) };9.18608e-01;1.00000e+00;1.00000e+00;Pipeline { filter(avg_X < 38000000.0000) };9.18771e-01;1.00000e+00;9.99454e-01;Pipeline { filter(avg_X < 3920000.0000) };9.36791e-01;1.00000e+00;8.85749e-01;Pipeline { filter(avg_Y < 409000.0000) };9.18608e-01;1.00000e+00;1.00000e+00;Pipeline { filter(avg_Y < 946000000.0000) }
datasets/geolife_60mins.csv;nsga2;5;39;3900;3900;9.85170e+01;100;100;100;1.00000e+00;1.00000e+00;2.00000e-01;9.36791e-01;1.00000e+00;8.85749e-01;Pipeline { filter(avg_Y < 409000.0000) };9.19829e-01;1.00000e+00;9.75087e-01;Pipeline { filter(avg_Y < 1630000.0000) };9.18608e-01;1.00000e+00;1.00000e+00;Pipeline { filter(avg_Y < 8530000.0000) };9.18771e-01;1.00000e+00;9.99454e-01;Pipeline { filter(avg_X < 3060000.0000) };9.36791e-01;1.00000e+00;8.85749e-01;Pipeline { filter(avg_Y < 409000.0000) };9.18608e-01;1.00000e+00;1.00000e+00;Pipeline { filter(avg_Y < 5410000000.0000) }
datasets/geolife_60mins.csv;nsga2;5;40;4000;4000;1.00800e+02;100;100;100;1.00000e+00;9.90000e-01;2.00000e-01;9.36791e-01;1.00000e+00;8.85749e-01;Pipeline { filter(avg_Y < 409000.0000) };9.18771e-01;1.00000e+00;9.99454e-01;Pipeline { filter(avg_X < 3060000.0000) };9.18608e-01;1.00000e+00;1.00000e+00;Pipeline { filter(avg_X < 325000000.0000) };9.18771e-01;1.00000e+00;9.99454e-01;Pipeline { filter(avg_X < 3920000.0000) };9.36791e-01;1.00000e+00;8.85749e-01;Pipeline { filter(avg_Y < 409000.0000) };9.18608e-01;1.00000e+00;1.00000e+00;Pipeline { filter(avg_Y < 927000000.0000) }
datasets/geolife_60mins.csv;nsga2;5;41;4100;4100;1.03098e+02;100;100;100;1.00000e+00;1.00000e+00;2.00000e-01;9.36791e-01;1.00000e+00;8.85749e-01;Pipeline { filter(avg_Y < 409000.0000) };9.19829e-01;1.00000e+00;9.75087e-01;Pipeline { filter(avg_Y < 1810000.0000) };9.18608e-01;1.00000e+00;1.00000e+00;Pipeline { filter(avg_Y < 9100000.0000) };9.18771e-01;1.00000e+00;9.99454e-01;Pipeline { filter(avg_X < 3060000.0000) };9.36791e-01;1.00000e+00;8.85749e-01;Pipeline { filter(avg_Y < 409000.0000) };9.18608e-01;1.00000e+00;1.00000e+00;Pipeline { filter(avg_Y < 24900000.0000) }
datasets/geolife_60mins.csv;nsga2;5;42;4200;4200;1.05488e+02;100;100;100;1.00000e+00;1.00000e+00;2.00000e-01;9.36791e-01;1.00000e+00;8.85749e-01;Pipeline { filter(avg_Y < 409000.0000) };9.18771e-01;1.00000e+00;9.99454e-01;Pipeline { filter(avg_X < 3020000.0000) };9.18608e-01;1.00000e+00;1.00000e+00;Pipeline { filter(avg_Y < 529000000.0000) };9.18771e-01;1.00000e+00;9.99454e-01;Pipeline { filter(avg_X < 3920000.0000) };9.36791e-01;1.00000e+00;8.85749e-01;Pipeline { filter(avg_Y < 409000.0000) };9.18608e-01;1.00000e+00;1.00000e+00;Pipeline { filter(avg_X < 47000000.0000) }
datasets/geolife_60mins.csv;nsga2;5;43;4300;4300;1.07978e+02;100;100;100;1.00000e+00;1.00000e+00;2.00000e-01;9.36791e-01;1.00000e+00;8.85749e-01;Pipeline { filter(avg_Y < 409000.0000) };9.19829e-01;1.00000e+00;9.75087e-01;Pipeline { filter(avg_Y < 1630000.0000) };9.18608e-01;1.00000e+00;1.00000e+00;Pipeline { filter(avg_Y < 569000000.0000) };9.18771e-01;1.00000e+00;9.99454e-01;Pipeline { filter(avg_X < 3020000.0000) };9.36791e-01;1.00000e+00;8.85749e-01;Pipeline { filter(avg_Y < 409000.0000) };9.18608e-01;1.00000e+00;1.00000e+00;Pipeline { filter(avg_Y < 853000000.0000) }
datasets/geolife_60mins.csv;nsga2;5;44;4400;4400;1.10323e+02;100;100;100;1.00000e+00;1.00000e+00;2.00000e-01;9.36791e-01;1.00000e+00;8.85749e-01;Pipeline { filter(avg_Y < 409000.0000) };9.18771e-01;1.00000e+00;9.99454e-01;Pipeline { filter(avg_X < 3020000.0000) };9.18608e-01;1.00000e+00;1.00000e+00;Pipeline { filter(avg_Y < 506000000.0000) };9.18771e-01;1.00000e+00;9.99454e-01;Pipeline { filter(avg_X < 3920000.0000) };9.36791e-01;1.00000e+00;8.85749e-01;Pipeline { filter(avg_Y < 409000.0000) };9.18608e-01;1.00000e+00;1.00000e+00;Pipeline { filter(avg_Y < 97300000.0000) }
datasets/geolife_60mins.csv;nsga2;5;45;4500;4500;1.12876e+02;100;100;100;1.00000e+00;1.00000e+00;2.00000e-01;9.36791e-01;1.00000e+00;8.85749e-01;Pipeline { filter(avg_Y < 409000.0000) };9.19829e-01;1.00000e+00;9.75087e-01;Pipeline { filter(avg_Y < 1690000.0000) };9.18608e-01;1.00000e+00;1.00000e+00;Pipeline { filter(avg_Y < 9500000.0000) };9.18771e-01;1.00000e+00;9.99454e-01;Pipeline { filter(avg_X < 3020000.0000) };9.36791e-01;1.00000e+00;8.85749e-01;Pipeline { filter(avg_Y < 409000.0000) };9.18608e-01;1.00000e+00;1.00000e+00;Pipeline { filter(avg_Y < 65800000.0000) }
datasets/geolife_60mins.csv;nsga2;5;46;4600;4600;1.15313e+02;100;100;100;1.00000e+00;1.00000e+00;2.00000e-01;9.36791e-01;1.00000e+00;8.85749e-01;Pipeline { filter(avg_Y < 409000.0000) };9.18771e-01;1.00000e+00;9.99454e-01;Pipeline { filter(avg_X < 3020000.0000) };9.18608e-01;1.00000e+00;1.00000e+00;Pipeline { filter(avg_Y < 569000000.0000) };9.18771e-01;1.00000e+00;9.99454e-01;Pipeline { filter(avg_X < 3920000.0000) };9.36791e-01;1.00000e+00;8.85749e-01;Pipeline { filter(avg_Y < 409000.0000) };9.18608e-01;1.00000e+00;1.00000e+00;Pipeline { filter(avg_Y < 75800000.0000) }
datasets/geolife_60mins.csv;nsga2;5;47;4700;4700;1.17802e+02;100;100;100;1.00000e+00;1.00000e+00;2.10000e-01;9.36791e-01;1.00000e+00;8.85749e-01;Pipeline { filter(avg_Y < 409000.0000) };9.19829e-01;1.00000e+00;9.75087e-01;Pipeline { filter(avg_Y < 1630000.0000) };9.18608e-01;1.00000e+00;1.00000e+00;Pipeline { filter(avg_X < 265000000.0000) };9.18779e-01;1.00000e+00;9.98627e-01;Pipeline { filter(avg_X < 2350000.0000) };9.18771e-01;1.00000e+00;9.99454e-01;Pipeline { filter(avg_X < 3920000.0000) };9.18608e-01;1.00000e+00;1.00000e+00;Pipeline { filter(avg_Y < 6160000.0000) }
datasets/geolife_60mins.csv;nsga2;5;48;4800;4800;1.20368e+02;100;100;100;1.00000e+00;1.00000e+00;2.10000e-01;9.36791e-01;1.00000e+00;8.85749e-01;Pipeline { filter(avg_Y < 409000.0000) };9.18771e-01;1.00000e+00;9.99454e-01;Pipeline { filter(avg_X < 3020000.0000) };9.18608e-01;1.00000e+00;1.00000e+00;Pipeline { filter(avg_Y < 851000000.0000) };9.18779e-01;1.00000e+00;9.98627e-01;Pipeline { filter(avg_X < 2490000.0000) };9.19829e-01;1.00000e+00;9.75087e-01;Pipeline { filter(avg_Y < 1690000.0000) };9.18608e-01;1.00000e+00;1.00000e+00;Pipeline { filter(avg_Y < 6360000.0000) }
datasets/geolife_60mins.csv;nsga2;5;49;4900;4900;1.22665e+02;100;100;100;1.00000e+00;1.00000e+00;2.20000e-01;9.36791e-01;1.00000e+00;8.85749e-01;Pipeline { filter(avg_Y < 409000.0000) };9.19829e-01;1.00000e+00;9.75087e-01;Pipeline { filter(avg_Y < 1690000.0000) };9.18608e-01;1.00000e+00;1.00000e+00;Pipeline { filter(avg_Y < 564000000.0000) };9.18779e-01;1.00000e+00;9.98627e-01;Pipeline { filter(avg_X < 2490000.0000) };9.25942e-01;1.00000e+00;9.66472e-01;Pipeline { filter(avg_Y < 1150000.0000) };9.18608e-01;1.00000e+00;1.00000e+00;Pipeline { filter(avg_X < 785000000.0000) }
datasets/geolife_60mins.csv;nsga2;5;50;5000;5000;1.25004e+02;100;100;100;1.00000e+00;1.00000e+00;2.20000e-01;9.36791e-01;1.00000e+00;8.85749e-01;Pipeline { filter(avg_Y < 409000.0000) };9.18771e-01;1.00000e+00;9.99454e-01;Pipeline { filter(avg_X < 4350000.0000) };9.18608e-01;1.00000e+00;1.00000e+00;Pipeline { filter(avg_Y < 7600000000.0000) };9.18779e-01;1.00000e+00;9.98627e-01;Pipeline { filter(avg_X < 2440000.0000) };9.25942e-01;1.00000e+00;9.66472e-01;Pipeline { filter(avg_Y < 1150000.0000) };9.18608e-01;1.00000e+00;1.00000e+00;Pipeline { filter(avg_Y < 6050000.0000) }
