problem.name;solver.name;randomGenerator.seed;n.iterations;n.evals;n.births;elapsed.secs;all→size;firsts→size;lasts→size;all→each[genotype]→uniqueness;all→each[solution]→uniqueness;all→each[quality]→uniqueness;"all→percentile[quality→privacy;100]→quality→privacy";"all→percentile[quality→privacy;100]→quality→performance-similarity";"all→percentile[quality→privacy;100]→solution";"all→percentile[quality→performance-similarity;100]→quality→privacy";"all→percentile[quality→performance-similarity;100]→quality→performance-similarity";"all→percentile[quality→performance-similarity;100]→solution";"all→percentile[quality→privacy;75]→quality→privacy";"all→percentile[quality→privacy;75]→quality→performance-similarity";"all→percentile[quality→privacy;75]→solution";"all→percentile[quality→performance-similarity;75]→quality→privacy";"all→percentile[quality→performance-similarity;75]→quality→performance-similarity";"all→percentile[quality→performance-similarity;75]→solution"
datasets/airQuality_parallel.csv;nsga2;1;1;100;100;1.17370e+01;100;10;60;9.80000e-01;9.80000e-01;3.30000e-01;7.84668e-01;9.49204e-01;Pipeline { map_noise(attribute=PT08.S1(CO), percentage=0.05) | map_aggregate(attribute=C6H6(GT), function=avg, window=10) | filter(PT08.S2(NMHC) > 0.0000) | map_aggregate(attribute=PT08.S4(NO2), function=max, window=3) };7.41322e-01;1.00000e+00;Pipeline { map_noise(attribute=PT08.S4(NO2), percentage=0.05) };4.91049e-01;8.26459e-01;Pipeline { map_duplicate(probability=0.50) };5.51823e-01;7.82569e-01;Pipeline { map_duplicate(probability=0.30) | map_duplicate(probability=0.40) | filter(NOx(GT) > 0.5210) | map_aggregate(attribute=NOx(GT), function=avg, window=5) | filter(AH > 0.0000) }
datasets/airQuality_parallel.csv;nsga2;1;2;200;200;1.86070e+01;100;31;2;9.80000e-01;9.70000e-01;7.10000e-01;7.87882e-01;9.49204e-01;Pipeline { map_noise(attribute=PT08.S1(CO), percentage=0.05) | map_aggregate(attribute=C6H6(GT), function=avg, window=10) | filter(PT08.S2(NMHC) > 0.0000) | map_aggregate(attribute=NMHC(GT), function=max, window=3) };6.80518e-01;1.00000e+00;Pipeline { map_noise(attribute=NO2(GT), percentage=0.10) };7.41322e-01;1.00000e+00;Pipeline { map_noise(attribute=NMHC(GT), percentage=0.01) };7.41322e-01;1.00000e+00;Pipeline { map_noise(attribute=PT08.S3(NOx), percentage=0.25) }
datasets/airQuality_parallel.csv;nsga2;1;3;300;300;2.34100e+01;100;3;1;1.00000e+00;1.00000e+00;3.40000e-01;7.95433e-01;7.97486e-01;Pipeline { map_aggregate(attribute=NO2(GT), function=min, window=7) };7.20776e-01;1.00000e+00;Pipeline { map_aggregate(attribute=PT08.S3(NOx), function=max, window=8) };7.45192e-01;9.75424e-01;Pipeline { map_aggregate(attribute=NO2(GT), function=max, window=5) };7.41322e-01;1.00000e+00;Pipeline { map_noise(attribute=PT08.S3(NOx), percentage=0.25) }
datasets/airQuality_parallel.csv;nsga2;1;4;400;400;2.73740e+01;100;4;76;1.00000e+00;1.00000e+00;2.70000e-01;8.00138e-01;6.72845e-01;Pipeline { map_aggregate(attribute=CO(GT), function=avg, window=5) };7.41322e-01;1.00000e+00;Pipeline { map_noise(attribute=PT08.S5(O3), percentage=0.01) };7.45243e-01;1.00000e+00;Pipeline { map_noise(attribute=NOx(GT), percentage=0.05) };7.41322e-01;1.00000e+00;Pipeline { map_aggregate(attribute=RH, function=max, window=6) }
datasets/airQuality_parallel.csv;nsga2;1;5;500;500;3.14010e+01;100;7;71;1.00000e+00;1.00000e+00;3.10000e-01;8.05377e-01;6.54266e-01;Pipeline { map_aggregate(attribute=CO(GT), function=avg, window=9) };7.41322e-01;1.00000e+00;Pipeline { map_noise(attribute=PT08.S1(CO), percentage=0.10) };7.56866e-01;1.00000e+00;Pipeline { map_aggregate(attribute=NOx(GT), function=min, window=5) | map_noise(attribute=T, percentage=0.25) };7.41322e-01;1.00000e+00;Pipeline { map_aggregate(attribute=NMHC(GT), function=max, window=3) }
datasets/airQuality_parallel.csv;nsga2;1;6;600;600;3.53210e+01;100;5;57;1.00000e+00;1.00000e+00;4.00000e-01;8.16501e-01;6.65588e-01;Pipeline { map_aggregate(attribute=CO(GT), function=avg, window=6) };7.41322e-01;1.00000e+00;Pipeline { map_aggregate(attribute=RH, function=min, window=5) };7.80475e-01;1.00000e+00;Pipeline { map_aggregate(attribute=NOx(GT), function=avg, window=7) };7.41322e-01;1.00000e+00;Pipeline { map_noise(attribute=PT08.S1(CO), percentage=0.05) | map_aggregate(attribute=C6H6(GT), function=avg, window=10) | map_noise(attribute=PT08.S1(CO), percentage=0.10) | map_noise(attribute=PT08.S4(NO2), percentage=0.05) }
datasets/airQuality_parallel.csv;nsga2;1;7;700;700;3.92720e+01;100;5;54;1.00000e+00;1.00000e+00;4.60000e-01;8.16501e-01;6.65588e-01;Pipeline { map_aggregate(attribute=CO(GT), function=avg, window=6) };7.41322e-01;1.00000e+00;Pipeline { map_aggregate(attribute=AH, function=avg, window=10) };7.88682e-01;9.49204e-01;Pipeline { map_noise(attribute=PT08.S1(CO), percentage=0.05) | map_aggregate(attribute=C6H6(GT), function=avg, window=10) | filter(PT08.S2(NMHC) > 0.0000) | map_aggregate(attribute=T, function=max, window=3) };7.41322e-01;1.00000e+00;Pipeline { map_aggregate(attribute=PT08.S4(NO2), function=max, window=7) }
datasets/airQuality_parallel.csv;nsga2;1;8;800;800;4.31520e+01;100;5;49;1.00000e+00;1.00000e+00;4.70000e-01;8.16501e-01;6.65588e-01;Pipeline { map_aggregate(attribute=CO(GT), function=avg, window=6) };7.41322e-01;1.00000e+00;Pipeline { map_aggregate(attribute=NMHC(GT), function=min, window=9) | map_aggregate(attribute=PT08.S3(NOx), function=min, window=8) };7.90272e-01;9.49204e-01;Pipeline { map_noise(attribute=RH, percentage=0.05) | map_aggregate(attribute=C6H6(GT), function=avg, window=10) | filter(PT08.S2(NMHC) > 0.0080) | map_aggregate(attribute=T, function=max, window=3) };7.41322e-01;1.00000e+00;Pipeline { map_noise(attribute=PT08.S4(NO2), percentage=0.10) }
datasets/airQuality_parallel.csv;nsga2;1;9;900;900;4.73140e+01;100;5;40;1.00000e+00;1.00000e+00;5.10000e-01;8.16501e-01;6.65588e-01;Pipeline { map_aggregate(attribute=CO(GT), function=avg, window=6) };7.41322e-01;1.00000e+00;Pipeline { map_aggregate(attribute=T, function=avg, window=4) | map_noise(attribute=T, percentage=0.01) };7.90433e-01;9.49204e-01;Pipeline { map_noise(attribute=PT08.S1(CO), percentage=0.05) | map_aggregate(attribute=NOx(GT), function=min, window=10) | filter(PT08.S2(NMHC) > 0.0000) | map_aggregate(attribute=T, function=max, window=10) };7.41322e-01;1.00000e+00;Pipeline { map_aggregate(attribute=T, function=avg, window=6) }
datasets/airQuality_parallel.csv;nsga2;1;10;1000;1000;5.14260e+01;100;5;31;1.00000e+00;1.00000e+00;5.20000e-01;8.16501e-01;6.65588e-01;Pipeline { map_aggregate(attribute=CO(GT), function=avg, window=6) };7.41322e-01;1.00000e+00;Pipeline { map_aggregate(attribute=PT08.S1(CO), function=min, window=10) };7.92630e-01;9.49204e-01;Pipeline { map_noise(attribute=RH, percentage=0.05) | map_aggregate(attribute=C6H6(GT), function=avg, window=4) | filter(PT08.S2(NMHC) > 0.0000) | map_aggregate(attribute=T, function=max, window=10) };7.41322e-01;1.00000e+00;Pipeline { map_noise(attribute=T, percentage=0.05) }
datasets/airQuality_parallel.csv;nsga2;1;11;1100;1100;5.53840e+01;100;5;12;1.00000e+00;1.00000e+00;5.80000e-01;8.16501e-01;6.65588e-01;Pipeline { map_aggregate(attribute=CO(GT), function=avg, window=6) };7.41322e-01;1.00000e+00;Pipeline { map_aggregate(attribute=PT08.S3(NOx), function=min, window=7) };7.92844e-01;9.49204e-01;Pipeline { map_noise(attribute=PT08.S1(CO), percentage=0.01) | map_aggregate(attribute=C6H6(GT), function=avg, window=4) | filter(PT08.S2(NMHC) > 0.0000) | map_aggregate(attribute=T, function=max, window=10) };7.56866e-01;1.00000e+00;Pipeline { map_aggregate(attribute=NOx(GT), function=min, window=3) | map_noise(attribute=T, percentage=0.25) }
datasets/airQuality_parallel.csv;nsga2;1;12;1200;1200;6.00500e+01;100;2;5;1.00000e+00;1.00000e+00;5.70000e-01;8.16920e-01;9.52227e-01;Pipeline { map_aggregate(attribute=NOx(GT), function=min, window=3) | map_aggregate(attribute=NO2(GT), function=avg, window=3) };7.46730e-01;1.00000e+00;Pipeline { map_noise(attribute=NOx(GT), percentage=0.25) };7.93636e-01;9.49204e-01;Pipeline { map_noise(attribute=PT08.S1(CO), percentage=0.05) | map_aggregate(attribute=C6H6(GT), function=avg, window=4) | filter(T < 4520000000.0000) | map_aggregate(attribute=T, function=max, window=3) };7.56866e-01;1.00000e+00;Pipeline { map_aggregate(attribute=NOx(GT), function=min, window=5) | map_aggregate(attribute=PT08.S2(NMHC), function=avg, window=7) }
datasets/airQuality_parallel.csv;nsga2;1;13;1300;1300;6.41310e+01;100;2;50;1.00000e+00;1.00000e+00;5.20000e-01;8.16920e-01;9.52227e-01;Pipeline { map_aggregate(attribute=NOx(GT), function=min, window=3) | map_aggregate(attribute=NO2(GT), function=avg, window=3) };7.56866e-01;1.00000e+00;Pipeline { map_aggregate(attribute=NOx(GT), function=min, window=5) | map_noise(attribute=RH, percentage=0.01) };7.95433e-01;8.45608e-01;Pipeline { map_aggregate(attribute=NO2(GT), function=min, window=5) };7.56866e-01;1.00000e+00;Pipeline { map_aggregate(attribute=NOx(GT), function=min, window=5) | map_aggregate(attribute=AH, function=min, window=3) }
datasets/airQuality_parallel.csv;nsga2;1;14;1400;1400;6.81020e+01;100;2;31;1.00000e+00;1.00000e+00;6.10000e-01;8.16920e-01;9.52227e-01;Pipeline { map_aggregate(attribute=NOx(GT), function=min, window=3) | map_aggregate(attribute=NO2(GT), function=avg, window=3) };7.56866e-01;1.00000e+00;Pipeline { map_aggregate(attribute=NOx(GT), function=min, window=5) | map_noise(attribute=AH, percentage=0.10) };7.95433e-01;7.97486e-01;Pipeline { map_aggregate(attribute=NO2(GT), function=min, window=7) };7.56866e-01;1.00000e+00;Pipeline { map_aggregate(attribute=NOx(GT), function=min, window=5) | map_aggregate(attribute=PT08.S2(NMHC), function=avg, window=10) }
datasets/airQuality_parallel.csv;nsga2;1;15;1500;1500;7.18410e+01;100;3;15;1.00000e+00;1.00000e+00;6.90000e-01;8.18335e-01;9.32372e-01;Pipeline { map_aggregate(attribute=NOx(GT), function=min, window=9) | map_aggregate(attribute=NO2(GT), function=avg, window=6) };7.56866e-01;1.00000e+00;Pipeline { map_aggregate(attribute=NOx(GT), function=min, window=5) | map_noise(attribute=RH, percentage=0.10) };7.97241e-01;6.63536e-01;Pipeline { map_noise(attribute=PT08.S1(CO), percentage=0.05) | map_aggregate(attribute=CO(GT), function=avg, window=6) | filter(PT08.S2(NMHC) > 0.0000) | map_aggregate(attribute=T, function=max, window=3) };7.84876e-01;1.00000e+00;Pipeline { map_aggregate(attribute=NOx(GT), function=avg, window=6) | map_noise(attribute=C6H6(GT), percentage=0.10) }
datasets/airQuality_parallel.csv;nsga2;1;16;1600;1600;7.56660e+01;100;5;1;1.00000e+00;1.00000e+00;6.00000e-01;8.18335e-01;9.32372e-01;Pipeline { map_aggregate(attribute=NOx(GT), function=min, window=9) | map_aggregate(attribute=NO2(GT), function=avg, window=6) };7.74149e-01;1.00000e+00;Pipeline { map_aggregate(attribute=NOx(GT), function=avg, window=5) | map_aggregate(attribute=PT08.S5(O3), function=min, window=8) };7.99088e-01;7.97486e-01;Pipeline { map_aggregate(attribute=NOx(GT), function=min, window=3) | map_aggregate(attribute=NO2(GT), function=min, window=7) };7.88510e-01;1.00000e+00;Pipeline { map_aggregate(attribute=NOx(GT), function=avg, window=5) | map_noise(attribute=AH, percentage=0.05) }
datasets/airQuality_parallel.csv;nsga2;1;17;1700;1700;7.96840e+01;100;5;6;1.00000e+00;1.00000e+00;5.70000e-01;8.18335e-01;9.32372e-01;Pipeline { map_aggregate(attribute=NOx(GT), function=min, window=9) | map_aggregate(attribute=NO2(GT), function=avg, window=6) };7.80475e-01;1.00000e+00;Pipeline { map_aggregate(attribute=NOx(GT), function=avg, window=7) };8.01495e-01;7.97486e-01;Pipeline { map_aggregate(attribute=NOx(GT), function=min, window=9) | map_aggregate(attribute=NO2(GT), function=min, window=7) };7.88510e-01;1.00000e+00;Pipeline { map_aggregate(attribute=NOx(GT), function=avg, window=5) | map_aggregate(attribute=NMHC(GT), function=min, window=8) }
datasets/airQuality_parallel.csv;nsga2;1;18;1800;1800;8.37060e+01;100;8;2;1.00000e+00;1.00000e+00;4.80000e-01;8.18335e-01;9.32372e-01;Pipeline { map_aggregate(attribute=NOx(GT), function=min, window=9) | map_aggregate(attribute=NO2(GT), function=avg, window=6) };7.81321e-01;1.00000e+00;Pipeline { map_aggregate(attribute=NOx(GT), function=avg, window=5) | map_noise(attribute=PT08.S3(NOx), percentage=0.05) };8.01980e-01;9.52227e-01;Pipeline { map_aggregate(attribute=NOx(GT), function=min, window=4) | map_aggregate(attribute=NO2(GT), function=avg, window=3) };7.88510e-01;1.00000e+00;Pipeline { map_aggregate(attribute=NOx(GT), function=avg, window=5) | map_noise(attribute=C6H6(GT), percentage=0.05) }
datasets/airQuality_parallel.csv;nsga2;1;19;1900;1900;8.86260e+01;100;14;6;1.00000e+00;1.00000e+00;3.80000e-01;8.18335e-01;9.32372e-01;Pipeline { map_aggregate(attribute=NOx(GT), function=min, window=9) | map_aggregate(attribute=NO2(GT), function=avg, window=6) };7.84876e-01;1.00000e+00;Pipeline { map_aggregate(attribute=NOx(GT), function=avg, window=6) | map_noise(attribute=T, percentage=0.25) };8.04461e-01;7.97486e-01;Pipeline { map_aggregate(attribute=C6H6(GT), function=avg, window=5) | map_aggregate(attribute=NO2(GT), function=min, window=7) };7.88510e-01;1.00000e+00;Pipeline { map_aggregate(attribute=NOx(GT), function=avg, window=5) | map_noise(attribute=C6H6(GT), percentage=0.10) }
datasets/airQuality_parallel.csv;nsga2;1;20;2000;2000;9.25480e+01;100;24;49;1.00000e+00;1.00000e+00;2.10000e-01;8.18335e-01;9.32372e-01;Pipeline { map_aggregate(attribute=NOx(GT), function=min, window=9) | map_aggregate(attribute=NO2(GT), function=avg, window=6) };7.88510e-01;1.00000e+00;Pipeline { map_aggregate(attribute=NOx(GT), function=avg, window=5) | map_noise(attribute=PT08.S1(CO), percentage=0.01) };8.08127e-01;9.30443e-01;Pipeline { map_aggregate(attribute=NOx(GT), function=min, window=7) | map_aggregate(attribute=NO2(GT), function=avg, window=7) };7.88510e-01;1.00000e+00;Pipeline { map_aggregate(attribute=NOx(GT), function=avg, window=5) | map_noise(attribute=T, percentage=0.10) }
datasets/airQuality_parallel.csv;nsga2;1;21;2100;2100;9.65680e+01;100;6;29;1.00000e+00;1.00000e+00;2.80000e-01;8.19121e-01;6.57975e-01;Pipeline { map_aggregate(attribute=NOx(GT), function=avg, window=4) | map_aggregate(attribute=CO(GT), function=avg, window=8) };7.88510e-01;1.00000e+00;Pipeline { map_aggregate(attribute=NOx(GT), function=avg, window=5) | map_aggregate(attribute=T, function=max, window=8) };8.15142e-01;9.23203e-01;Pipeline { map_aggregate(attribute=NOx(GT), function=min, window=5) | map_aggregate(attribute=NO2(GT), function=avg, window=8) };7.88813e-01;1.00000e+00;Pipeline { map_aggregate(attribute=NOx(GT), function=avg, window=5) | map_noise(attribute=NO2(GT), percentage=0.01) }
datasets/airQuality_parallel.csv;nsga2;1;22;2200;2200;1.00498e+02;100;7;12;1.00000e+00;1.00000e+00;3.20000e-01;8.19121e-01;6.57975e-01;Pipeline { map_aggregate(attribute=NOx(GT), function=avg, window=4) | map_aggregate(attribute=CO(GT), function=avg, window=8) };7.88510e-01;1.00000e+00;Pipeline { map_aggregate(attribute=NOx(GT), function=avg, window=5) | map_aggregate(attribute=NMHC(GT), function=avg, window=7) };8.15373e-01;9.32372e-01;Pipeline { map_aggregate(attribute=NOx(GT), function=min, window=4) | map_aggregate(attribute=NO2(GT), function=avg, window=6) };7.92120e-01;1.00000e+00;Pipeline { map_aggregate(attribute=NOx(GT), function=avg, window=4) | map_aggregate(attribute=RH, function=avg, window=8) }
datasets/airQuality_parallel.csv;nsga2;1;23;2300;2300;1.05192e+02;100;7;10;1.00000e+00;1.00000e+00;1.80000e-01;8.19121e-01;6.57975e-01;Pipeline { map_aggregate(attribute=NOx(GT), function=avg, window=4) | map_aggregate(attribute=CO(GT), function=avg, window=8) };7.88971e-01;1.00000e+00;Pipeline { map_aggregate(attribute=NOx(GT), function=avg, window=8) | map_noise(attribute=NOx(GT), percentage=0.10) };8.16147e-01;8.97267e-01;Pipeline { map_aggregate(attribute=NOx(GT), function=min, window=8) | map_aggregate(attribute=NO2(GT), function=min, window=3) };7.92120e-01;1.00000e+00;Pipeline { map_aggregate(attribute=NOx(GT), function=avg, window=4) | map_aggregate(attribute=AH, function=avg, window=5) }
datasets/airQuality_parallel.csv;nsga2;1;24;2400;2400;1.09809e+02;100;8;1;1.00000e+00;1.00000e+00;1.30000e-01;8.19121e-01;6.57975e-01;Pipeline { map_aggregate(attribute=NOx(GT), function=avg, window=4) | map_aggregate(attribute=CO(GT), function=avg, window=8) };7.90741e-01;1.00000e+00;Pipeline { map_aggregate(attribute=NOx(GT), function=avg, window=4) | map_noise(attribute=NO2(GT), percentage=0.01) };8.15373e-01;9.32372e-01;Pipeline { map_aggregate(attribute=NOx(GT), function=min, window=4) | map_aggregate(attribute=NO2(GT), function=avg, window=6) };7.92120e-01;1.00000e+00;Pipeline { map_aggregate(attribute=NOx(GT), function=avg, window=4) | map_noise(attribute=PT08.S4(NO2), percentage=0.01) }
datasets/airQuality_parallel.csv;nsga2;1;25;2500;2500;1.13688e+02;100;8;92;1.00000e+00;1.00000e+00;1.20000e-01;8.19121e-01;6.57975e-01;Pipeline { map_aggregate(attribute=NOx(GT), function=avg, window=4) | map_aggregate(attribute=CO(GT), function=avg, window=8) };7.92120e-01;1.00000e+00;Pipeline { map_aggregate(attribute=NOx(GT), function=avg, window=4) | map_aggregate(attribute=PT08.S4(NO2), function=min, window=7) };7.92120e-01;1.00000e+00;Pipeline { map_aggregate(attribute=NOx(GT), function=avg, window=4) | map_noise(attribute=AH, percentage=0.05) };7.92120e-01;1.00000e+00;Pipeline { map_aggregate(attribute=NOx(GT), function=avg, window=4) | map_aggregate(attribute=PT08.S3(NOx), function=avg, window=10) }
datasets/airQuality_parallel.csv;nsga2;1;26;2600;2600;1.18299e+02;100;9;75;1.00000e+00;1.00000e+00;1.70000e-01;8.24702e-01;6.54266e-01;Pipeline { map_aggregate(attribute=NOx(GT), function=avg, window=4) | map_aggregate(attribute=CO(GT), function=avg, window=9) };7.92120e-01;1.00000e+00;Pipeline { map_aggregate(attribute=NOx(GT), function=avg, window=4) | map_noise(attribute=PT08.S2(NMHC), percentage=0.05) };7.95171e-01;1.00000e+00;Pipeline { map_aggregate(attribute=NOx(GT), function=avg, window=4) | map_noise(attribute=NOx(GT), percentage=0.10) };7.92120e-01;1.00000e+00;Pipeline { map_aggregate(attribute=NOx(GT), function=avg, window=4) | map_aggregate(attribute=AH, function=max, window=7) }
datasets/airQuality_parallel.csv;nsga2;1;27;2700;2700;1.22333e+02;100;6;86;1.00000e+00;1.00000e+00;1.60000e-01;8.24702e-01;6.54266e-01;Pipeline { map_aggregate(attribute=NOx(GT), function=avg, window=4) | map_aggregate(attribute=CO(GT), function=avg, window=9) };7.92120e-01;1.00000e+00;Pipeline { map_aggregate(attribute=NOx(GT), function=avg, window=4) | map_noise(attribute=PT08.S2(NMHC), percentage=0.10) };8.15373e-01;9.32372e-01;Pipeline { map_aggregate(attribute=NOx(GT), function=min, window=5) | map_aggregate(attribute=NO2(GT), function=avg, window=6) };7.92120e-01;1.00000e+00;Pipeline { map_aggregate(attribute=NOx(GT), function=avg, window=4) | map_aggregate(attribute=PT08.S4(NO2), function=min, window=8) }
datasets/airQuality_parallel.csv;nsga2;1;28;2800;2800;1.26261e+02;100;6;61;1.00000e+00;1.00000e+00;2.20000e-01;8.24702e-01;6.54266e-01;Pipeline { map_aggregate(attribute=NOx(GT), function=avg, window=4) | map_aggregate(attribute=CO(GT), function=avg, window=9) };7.92120e-01;1.00000e+00;Pipeline { map_aggregate(attribute=NOx(GT), function=avg, window=4) };8.16501e-01;6.65588e-01;Pipeline { map_aggregate(attribute=CO(GT), function=avg, window=6) | map_aggregate(attribute=RH, function=min, window=6) };7.92120e-01;1.00000e+00;Pipeline { map_aggregate(attribute=NOx(GT), function=avg, window=4) | map_aggregate(attribute=AH, function=max, window=5) }
datasets/airQuality_parallel.csv;nsga2;1;29;2900;2900;1.30604e+02;100;6;58;1.00000e+00;1.00000e+00;2.10000e-01;8.24702e-01;6.54266e-01;Pipeline { map_aggregate(attribute=NOx(GT), function=avg, window=4) | map_aggregate(attribute=CO(GT), function=avg, window=9) };7.92120e-01;1.00000e+00;Pipeline { map_aggregate(attribute=NOx(GT), function=avg, window=4) | map_aggregate(attribute=AH, function=min, window=10) };8.16501e-01;6.65588e-01;Pipeline { map_aggregate(attribute=CO(GT), function=avg, window=6) | map_noise(attribute=PT08.S4(NO2), percentage=0.05) };7.92120e-01;1.00000e+00;Pipeline { map_aggregate(attribute=NOx(GT), function=avg, window=4) | map_aggregate(attribute=NMHC(GT), function=max, window=6) }
datasets/airQuality_parallel.csv;nsga2;1;30;3000;3000;1.34630e+02;100;6;77;1.00000e+00;1.00000e+00;2.30000e-01;8.24702e-01;6.54266e-01;Pipeline { map_aggregate(attribute=NOx(GT), function=avg, window=4) | map_aggregate(attribute=CO(GT), function=avg, window=9) };7.92120e-01;1.00000e+00;Pipeline { map_aggregate(attribute=NOx(GT), function=avg, window=4) | map_noise(attribute=RH, percentage=0.10) };8.16501e-01;6.65588e-01;Pipeline { map_aggregate(attribute=CO(GT), function=avg, window=6) | map_aggregate(attribute=RH, function=min, window=6) };7.92120e-01;1.00000e+00;Pipeline { map_aggregate(attribute=NOx(GT), function=avg, window=4) | map_aggregate(attribute=C6H6(GT), function=min, window=4) }
datasets/airQuality_parallel.csv;nsga2;1;31;3100;3100;1.38745e+02;100;6;77;1.00000e+00;1.00000e+00;2.40000e-01;8.24702e-01;6.54266e-01;Pipeline { map_aggregate(attribute=NOx(GT), function=avg, window=4) | map_aggregate(attribute=CO(GT), function=avg, window=9) };7.92120e-01;1.00000e+00;Pipeline { map_aggregate(attribute=NOx(GT), function=avg, window=4) | map_aggregate(attribute=RH, function=min, window=10) };8.16501e-01;6.65588e-01;Pipeline { map_aggregate(attribute=CO(GT), function=avg, window=6) | map_noise(attribute=PT08.S4(NO2), percentage=0.05) };7.92120e-01;1.00000e+00;Pipeline { map_aggregate(attribute=NOx(GT), function=avg, window=4) | map_noise(attribute=PT08.S4(NO2), percentage=0.05) }
datasets/airQuality_parallel.csv;nsga2;1;32;3200;3200;1.42547e+02;100;6;77;1.00000e+00;1.00000e+00;2.30000e-01;8.24702e-01;6.54266e-01;Pipeline { map_aggregate(attribute=NOx(GT), function=avg, window=4) | map_aggregate(attribute=CO(GT), function=avg, window=9) };7.92120e-01;1.00000e+00;Pipeline { map_aggregate(attribute=NOx(GT), function=avg, window=4) | map_aggregate(attribute=NMHC(GT), function=max, window=4) };8.16501e-01;6.65588e-01;Pipeline { map_aggregate(attribute=CO(GT), function=avg, window=6) | map_aggregate(attribute=C6H6(GT), function=avg, window=8) };7.92120e-01;1.00000e+00;Pipeline { map_aggregate(attribute=NOx(GT), function=avg, window=4) | map_noise(attribute=C6H6(GT), percentage=0.25) }
datasets/airQuality_parallel.csv;nsga2;1;33;3300;3300;1.46378e+02;100;7;76;1.00000e+00;1.00000e+00;2.40000e-01;8.24702e-01;6.54266e-01;Pipeline { map_aggregate(attribute=NOx(GT), function=avg, window=4) | map_aggregate(attribute=CO(GT), function=avg, window=9) };7.92120e-01;1.00000e+00;Pipeline { map_aggregate(attribute=NOx(GT), function=avg, window=4) | map_aggregate(attribute=PT08.S4(NO2), function=min, window=4) };8.16501e-01;6.65588e-01;Pipeline { map_aggregate(attribute=CO(GT), function=avg, window=6) | map_aggregate(attribute=C6H6(GT), function=avg, window=8) };7.92120e-01;1.00000e+00;Pipeline { map_aggregate(attribute=NOx(GT), function=avg, window=4) | map_aggregate(attribute=PT08.S3(NOx), function=min, window=6) }
datasets/airQuality_parallel.csv;nsga2;1;34;3400;3400;1.49950e+02;100;7;37;1.00000e+00;1.00000e+00;3.10000e-01;8.24702e-01;6.54266e-01;Pipeline { map_aggregate(attribute=NOx(GT), function=avg, window=4) | map_aggregate(attribute=CO(GT), function=avg, window=9) };7.84876e-01;1.00000e+00;Pipeline { map_aggregate(attribute=NOx(GT), function=avg, window=6) | map_noise(attribute=PT08.S3(NOx), percentage=0.01) };8.16501e-01;6.65588e-01;Pipeline { map_aggregate(attribute=CO(GT), function=avg, window=6) | map_aggregate(attribute=RH, function=max, window=8) };7.92120e-01;1.00000e+00;Pipeline { map_aggregate(attribute=NOx(GT), function=avg, window=4) | map_aggregate(attribute=PT08.S3(NOx), function=min, window=6) }
datasets/airQuality_parallel.csv;nsga2;1;35;3500;3500;1.54217e+02;100;7;69;1.00000e+00;1.00000e+00;3.30000e-01;8.24702e-01;6.54266e-01;Pipeline { map_aggregate(attribute=NOx(GT), function=avg, window=4) | map_aggregate(attribute=CO(GT), function=avg, window=9) };7.92120e-01;1.00000e+00;Pipeline { map_aggregate(attribute=NOx(GT), function=avg, window=4) | map_noise(attribute=C6H6(GT), percentage=0.10) };8.16501e-01;6.65588e-01;Pipeline { map_aggregate(attribute=CO(GT), function=avg, window=6) | map_aggregate(attribute=C6H6(GT), function=avg, window=9) };7.92120e-01;1.00000e+00;Pipeline { map_aggregate(attribute=NOx(GT), function=avg, window=4) | map_aggregate(attribute=NMHC(GT), function=max, window=4) }
datasets/airQuality_parallel.csv;nsga2;1;36;3600;3600;1.58017e+02;100;7;66;1.00000e+00;1.00000e+00;3.40000e-01;8.24702e-01;6.54266e-01;Pipeline { map_aggregate(attribute=NOx(GT), function=avg, window=4) | map_aggregate(attribute=CO(GT), function=avg, window=9) };7.92120e-01;1.00000e+00;Pipeline { map_aggregate(attribute=NOx(GT), function=avg, window=4) };8.12754e-01;8.97267e-01;Pipeline { map_aggregate(attribute=NOx(GT), function=min, window=3) | map_aggregate(attribute=NO2(GT), function=min, window=3) };7.92120e-01;1.00000e+00;Pipeline { map_aggregate(attribute=NOx(GT), function=avg, window=4) | map_aggregate(attribute=AH, function=avg, window=8) }
datasets/airQuality_parallel.csv;nsga2;1;37;3700;3700;1.61861e+02;100;7;64;1.00000e+00;1.00000e+00;3.50000e-01;8.24702e-01;6.54266e-01;Pipeline { map_aggregate(attribute=NOx(GT), function=avg, window=4) | map_aggregate(attribute=CO(GT), function=avg, window=9) };7.92120e-01;1.00000e+00;Pipeline { map_aggregate(attribute=NOx(GT), function=avg, window=4) | map_noise(attribute=PT08.S5(O3), percentage=0.25) };8.13904e-01;9.33242e-01;Pipeline { map_aggregate(attribute=NOx(GT), function=min, window=3) | map_aggregate(attribute=NO2(GT), function=avg, window=4) };7.92120e-01;1.00000e+00;Pipeline { map_aggregate(attribute=NOx(GT), function=avg, window=4) | map_aggregate(attribute=NMHC(GT), function=min, window=10) }
datasets/airQuality_parallel.csv;nsga2;1;38;3800;3800;1.65626e+02;100;7;66;1.00000e+00;1.00000e+00;3.60000e-01;8.24702e-01;6.54266e-01;Pipeline { map_aggregate(attribute=NOx(GT), function=avg, window=4) | map_aggregate(attribute=CO(GT), function=avg, window=9) };7.92120e-01;1.00000e+00;Pipeline { map_aggregate(attribute=NOx(GT), function=avg, window=4) | map_aggregate(attribute=RH, function=min, window=4) };8.12754e-01;8.97267e-01;Pipeline { map_aggregate(attribute=NOx(GT), function=min, window=3) | map_aggregate(attribute=NO2(GT), function=min, window=3) };7.92120e-01;1.00000e+00;Pipeline { map_aggregate(attribute=NOx(GT), function=avg, window=4) | map_aggregate(attribute=AH, function=avg, window=10) }
datasets/airQuality_parallel.csv;nsga2;1;39;3900;3900;1.70237e+02;100;7;65;1.00000e+00;1.00000e+00;3.70000e-01;8.24702e-01;6.54266e-01;Pipeline { map_aggregate(attribute=NOx(GT), function=avg, window=4) | map_aggregate(attribute=CO(GT), function=avg, window=9) };7.92120e-01;1.00000e+00;Pipeline { map_aggregate(attribute=NOx(GT), function=avg, window=4) | map_aggregate(attribute=PT08.S1(CO), function=min, window=3) };8.14114e-01;6.80643e-01;Pipeline { map_aggregate(attribute=NOx(GT), function=avg, window=10) | map_aggregate(attribute=CO(GT), function=avg, window=4) };7.92120e-01;1.00000e+00;Pipeline { map_aggregate(attribute=NOx(GT), function=avg, window=4) | map_noise(attribute=PT08.S3(NOx), percentage=0.01) }
datasets/airQuality_parallel.csv;nsga2;1;40;4000;4000;1.74054e+02;100;7;65;1.00000e+00;1.00000e+00;3.70000e-01;8.24702e-01;6.54266e-01;Pipeline { map_aggregate(attribute=NOx(GT), function=avg, window=4) | map_aggregate(attribute=CO(GT), function=avg, window=9) };7.92120e-01;1.00000e+00;Pipeline { map_aggregate(attribute=NOx(GT), function=avg, window=4) | map_aggregate(attribute=RH, function=max, window=3) };8.14114e-01;6.80643e-01;Pipeline { map_aggregate(attribute=NOx(GT), function=avg, window=10) | map_aggregate(attribute=CO(GT), function=avg, window=4) };7.92120e-01;1.00000e+00;Pipeline { map_aggregate(attribute=NOx(GT), function=avg, window=4) | map_noise(attribute=PT08.S4(NO2), percentage=0.25) }
datasets/airQuality_parallel.csv;nsga2;1;41;4100;4100;1.77971e+02;100;7;65;1.00000e+00;1.00000e+00;3.70000e-01;8.24702e-01;6.54266e-01;Pipeline { map_aggregate(attribute=NOx(GT), function=avg, window=4) | map_aggregate(attribute=CO(GT), function=avg, window=9) };7.92120e-01;1.00000e+00;Pipeline { map_aggregate(attribute=NOx(GT), function=avg, window=4) | map_aggregate(attribute=NMHC(GT), function=avg, window=9) };8.14114e-01;6.80643e-01;Pipeline { map_aggregate(attribute=NOx(GT), function=avg, window=10) | map_aggregate(attribute=CO(GT), function=avg, window=4) };7.92120e-01;1.00000e+00;Pipeline { map_aggregate(attribute=NOx(GT), function=avg, window=4) | map_noise(attribute=NMHC(GT), percentage=0.10) }
datasets/airQuality_parallel.csv;nsga2;1;42;4200;4200;1.82049e+02;100;7;64;1.00000e+00;1.00000e+00;3.70000e-01;8.24702e-01;6.54266e-01;Pipeline { map_aggregate(attribute=NOx(GT), function=avg, window=4) | map_aggregate(attribute=CO(GT), function=avg, window=9) };7.92120e-01;1.00000e+00;Pipeline { map_aggregate(attribute=NOx(GT), function=avg, window=4) | map_aggregate(attribute=PT08.S3(NOx), function=avg, window=5) };8.14137e-01;9.32372e-01;Pipeline { map_aggregate(attribute=NOx(GT), function=min, window=3) | map_aggregate(attribute=NO2(GT), function=avg, window=6) };7.92120e-01;1.00000e+00;Pipeline { map_aggregate(attribute=NOx(GT), function=avg, window=4) | map_noise(attribute=T, percentage=0.10) }
datasets/airQuality_parallel.csv;nsga2;1;43;4300;4300;1.86038e+02;100;7;64;1.00000e+00;1.00000e+00;3.70000e-01;8.24702e-01;6.54266e-01;Pipeline { map_aggregate(attribute=NOx(GT), function=avg, window=4) | map_aggregate(attribute=CO(GT), function=avg, window=9) };7.92120e-01;1.00000e+00;Pipeline { map_aggregate(attribute=NOx(GT), function=avg, window=4) | map_noise(attribute=PT08.S5(O3), percentage=0.05) };8.14137e-01;9.32372e-01;Pipeline { map_aggregate(attribute=NOx(GT), function=min, window=3) | map_aggregate(attribute=NO2(GT), function=avg, window=6) };7.92120e-01;1.00000e+00;Pipeline { map_aggregate(attribute=NOx(GT), function=avg, window=4) | map_aggregate(attribute=PT08.S1(CO), function=min, window=3) }
datasets/airQuality_parallel.csv;nsga2;1;44;4400;4400;1.90201e+02;100;7;64;1.00000e+00;1.00000e+00;3.70000e-01;8.24702e-01;6.54266e-01;Pipeline { map_aggregate(attribute=NOx(GT), function=avg, window=4) | map_aggregate(attribute=CO(GT), function=avg, window=9) };7.92120e-01;1.00000e+00;Pipeline { map_aggregate(attribute=NOx(GT), function=avg, window=4) | map_noise(attribute=PT08.S1(CO), percentage=0.01) };8.14137e-01;9.32372e-01;Pipeline { map_aggregate(attribute=NOx(GT), function=min, window=3) | map_aggregate(attribute=NO2(GT), function=avg, window=6) };7.92120e-01;1.00000e+00;Pipeline { map_aggregate(attribute=NOx(GT), function=avg, window=4) | map_aggregate(attribute=RH, function=max, window=3) }
datasets/airQuality_parallel.csv;nsga2;1;45;4500;4500;1.93928e+02;100;7;64;1.00000e+00;1.00000e+00;3.70000e-01;8.24702e-01;6.54266e-01;Pipeline { map_aggregate(attribute=NOx(GT), function=avg, window=4) | map_aggregate(attribute=CO(GT), function=avg, window=9) };7.92120e-01;1.00000e+00;Pipeline { map_aggregate(attribute=NOx(GT), function=avg, window=4) | map_aggregate(attribute=T, function=max, window=3) };8.14137e-01;9.32372e-01;Pipeline { map_aggregate(attribute=NOx(GT), function=min, window=3) | map_aggregate(attribute=NO2(GT), function=avg, window=6) };7.92120e-01;1.00000e+00;Pipeline { map_aggregate(attribute=NOx(GT), function=avg, window=4) | map_aggregate(attribute=PT08.S3(NOx), function=min, window=3) }
datasets/airQuality_parallel.csv;nsga2;1;46;4600;4600;1.98067e+02;100;7;63;1.00000e+00;1.00000e+00;3.80000e-01;8.24702e-01;6.54266e-01;Pipeline { map_aggregate(attribute=NOx(GT), function=avg, window=4) | map_aggregate(attribute=CO(GT), function=avg, window=9) };7.92120e-01;1.00000e+00;Pipeline { map_aggregate(attribute=NOx(GT), function=avg, window=4) | map_aggregate(attribute=PT08.S4(NO2), function=min, window=4) };8.15142e-01;9.23203e-01;Pipeline { map_aggregate(attribute=NOx(GT), function=min, window=5) | map_aggregate(attribute=NO2(GT), function=avg, window=8) };7.92120e-01;1.00000e+00;Pipeline { map_aggregate(attribute=NOx(GT), function=avg, window=4) | map_noise(attribute=PT08.S3(NOx), percentage=0.05) }
datasets/airQuality_parallel.csv;nsga2;1;47;4700;4700;2.02610e+02;100;7;61;1.00000e+00;1.00000e+00;4.00000e-01;8.24702e-01;6.54266e-01;Pipeline { map_aggregate(attribute=NOx(GT), function=avg, window=4) | map_aggregate(attribute=CO(GT), function=avg, window=9) };7.92120e-01;1.00000e+00;Pipeline { map_aggregate(attribute=NOx(GT), function=avg, window=4) | map_aggregate(attribute=PT08.S3(NOx), function=avg, window=5) };8.15373e-01;9.32372e-01;Pipeline { map_aggregate(attribute=NOx(GT), function=min, window=5) | map_aggregate(attribute=NO2(GT), function=avg, window=6) };7.92120e-01;1.00000e+00;Pipeline { map_aggregate(attribute=NOx(GT), function=avg, window=4) | map_aggregate(attribute=NMHC(GT), function=min, window=5) }
datasets/airQuality_parallel.csv;nsga2;1;48;4800;4800;2.06750e+02;100;7;61;1.00000e+00;1.00000e+00;4.10000e-01;8.24702e-01;6.54266e-01;Pipeline { map_aggregate(attribute=NOx(GT), function=avg, window=4) | map_aggregate(attribute=CO(GT), function=avg, window=9) };7.92120e-01;1.00000e+00;Pipeline { map_aggregate(attribute=NOx(GT), function=avg, window=4) | map_aggregate(attribute=T, function=avg, window=6) };8.15373e-01;9.32372e-01;Pipeline { map_aggregate(attribute=NOx(GT), function=min, window=4) | map_aggregate(attribute=NO2(GT), function=avg, window=6) };7.92120e-01;1.00000e+00;Pipeline { map_aggregate(attribute=NOx(GT), function=avg, window=4) | map_aggregate(attribute=PT08.S3(NOx), function=avg, window=7) }
datasets/airQuality_parallel.csv;nsga2;1;49;4900;4900;2.10478e+02;100;7;61;1.00000e+00;1.00000e+00;4.10000e-01;8.24702e-01;6.54266e-01;Pipeline { map_aggregate(attribute=NOx(GT), function=avg, window=4) | map_aggregate(attribute=CO(GT), function=avg, window=9) };7.92120e-01;1.00000e+00;Pipeline { map_aggregate(attribute=NOx(GT), function=avg, window=4) | map_noise(attribute=PT08.S4(NO2), percentage=0.01) };8.15373e-01;9.32372e-01;Pipeline { map_aggregate(attribute=NOx(GT), function=min, window=5) | map_aggregate(attribute=NO2(GT), function=avg, window=6) };7.92120e-01;1.00000e+00;Pipeline { map_aggregate(attribute=NOx(GT), function=avg, window=4) | map_noise(attribute=T, percentage=0.01) }
datasets/airQuality_parallel.csv;nsga2;1;50;5000;5000;2.14363e+02;100;7;61;1.00000e+00;1.00000e+00;4.00000e-01;8.24702e-01;6.54266e-01;Pipeline { map_aggregate(attribute=NOx(GT), function=avg, window=4) | map_aggregate(attribute=CO(GT), function=avg, window=9) };7.92120e-01;1.00000e+00;Pipeline { map_aggregate(attribute=NOx(GT), function=avg, window=4) | map_noise(attribute=T, percentage=0.25) };8.15373e-01;9.32372e-01;Pipeline { map_aggregate(attribute=NOx(GT), function=min, window=4) | map_aggregate(attribute=NO2(GT), function=avg, window=6) };7.92120e-01;1.00000e+00;Pipeline { map_aggregate(attribute=NOx(GT), function=avg, window=4) | map_aggregate(attribute=NMHC(GT), function=min, window=6) }
datasets/airQuality_parallel.csv;nsga2;2;1;100;100;6.34200e+00;100;12;57;9.90000e-01;9.90000e-01;3.20000e-01;7.86116e-01;9.49204e-01;Pipeline { filter(PT08.S4(NO2) > 0.0451) | map_aggregate(attribute=PT08.S2(NMHC), function=avg, window=10) };7.34854e-01;1.00000e+00;Pipeline { map_noise(attribute=NOx(GT), percentage=0.25) };6.15761e-01;9.29021e-01;Pipeline { map_duplicate(probability=0.20) };5.33130e-01;7.82913e-01;Pipeline { filter(PT08.S1(CO) > 0.0000) | map_aggregate(attribute=NO2(GT), function=max, window=5) | map_duplicate(probability=0.50) | filter(NOx(GT) < 77300.0000) | map_duplicate(probability=0.20) | map_noise(attribute=NMHC(GT), percentage=0.10) | filter(AH < 96300.0000) | map_aggregate(attribute=PT08.S2(NMHC), function=avg, window=9) }
datasets/airQuality_parallel.csv;nsga2;2;2;200;200;1.24450e+01;100;1;1;9.90000e-01;9.90000e-01;6.40000e-01;7.88510e-01;1.00000e+00;Pipeline { map_aggregate(attribute=NOx(GT), function=avg, window=5) };7.33038e-01;1.00000e+00;Pipeline { map_noise(attribute=NOx(GT), percentage=0.10) };7.41322e-01;1.00000e+00;Pipeline { map_noise(attribute=T, percentage=0.05) };7.41322e-01;1.00000e+00;Pipeline { map_aggregate(attribute=C6H6(GT), function=max, window=8) }
datasets/airQuality_parallel.csv;nsga2;2;3;300;300;1.63430e+01;100;2;3;9.90000e-01;9.90000e-01;1.80000e-01;7.95433e-01;8.80488e-01;Pipeline { map_aggregate(attribute=NO2(GT), function=min, window=4) };7.34854e-01;1.00000e+00;Pipeline { map_noise(attribute=NOx(GT), percentage=0.25) };7.41322e-01;1.00000e+00;Pipeline { map_noise(attribute=NMHC(GT), percentage=0.10) };7.41322e-01;1.00000e+00;Pipeline { map_aggregate(attribute=PT08.S3(NOx), function=min, window=10) }
datasets/airQuality_parallel.csv;nsga2;2;4;400;400;2.06390e+01;100;4;71;1.00000e+00;1.00000e+00;2.20000e-01;8.04461e-01;7.97486e-01;Pipeline { map_aggregate(attribute=NO2(GT), function=min, window=7) | map_noise(attribute=AH, percentage=0.25) };7.41322e-01;1.00000e+00;Pipeline { map_aggregate(attribute=PT08.S5(O3), function=min, window=4) };7.56866e-01;1.00000e+00;Pipeline { map_aggregate(attribute=NOx(GT), function=min, window=5) };7.41322e-01;1.00000e+00;Pipeline { map_aggregate(attribute=PT08.S2(NMHC), function=max, window=5) | map_noise(attribute=PT08.S4(NO2), percentage=0.10) }
datasets/airQuality_parallel.csv;nsga2;2;5;500;500;2.47980e+01;100;5;48;1.00000e+00;1.00000e+00;3.50000e-01;8.05377e-01;6.54266e-01;Pipeline { map_aggregate(attribute=CO(GT), function=avg, window=9) };7.41322e-01;1.00000e+00;Pipeline { map_noise(attribute=AH, percentage=0.25) };7.86277e-01;9.49204e-01;Pipeline { filter(PT08.S4(NO2) > 314.0000) | map_aggregate(attribute=PT08.S2(NMHC), function=avg, window=6) };7.41322e-01;1.00000e+00;Pipeline { map_aggregate(attribute=PT08.S2(NMHC), function=max, window=4) }
datasets/airQuality_parallel.csv;nsga2;2;6;600;600;2.88470e+01;100;3;23;1.00000e+00;1.00000e+00;4.50000e-01;8.10497e-01;8.45608e-01;Pipeline { map_aggregate(attribute=NO2(GT), function=min, window=5) | map_aggregate(attribute=PT08.S4(NO2), function=min, window=4) };7.41322e-01;1.00000e+00;Pipeline { map_aggregate(attribute=C6H6(GT), function=max, window=3) };7.86277e-01;9.49204e-01;Pipeline { filter(PT08.S4(NO2) > 0.0855) | map_aggregate(attribute=PT08.S2(NMHC), function=avg, window=6) };7.79352e-01;1.00000e+00;Pipeline { map_aggregate(attribute=NOx(GT), function=avg, window=8) }
datasets/airQuality_parallel.csv;nsga2;2;7;700;700;3.24470e+01;100;3;5;1.00000e+00;1.00000e+00;4.20000e-01;8.10497e-01;8.45608e-01;Pipeline { map_aggregate(attribute=NO2(GT), function=min, window=5) | map_aggregate(attribute=PT08.S4(NO2), function=min, window=4) };7.43756e-01;1.00000e+00;Pipeline { map_noise(attribute=NO2(GT), percentage=0.01) };7.88112e-01;9.49204e-01;Pipeline { filter(PT08.S4(NO2) > 0.0053) | map_aggregate(attribute=C6H6(GT), function=avg, window=3) };7.86116e-01;9.49204e-01;Pipeline { filter(PT08.S4(NO2) > 0.0000) | map_aggregate(attribute=PT08.S2(NMHC), function=avg, window=10) }
datasets/airQuality_parallel.csv;nsga2;2;8;800;800;3.58970e+01;100;3;15;1.00000e+00;1.00000e+00;3.70000e-01;8.10497e-01;8.45608e-01;Pipeline { map_aggregate(attribute=NO2(GT), function=min, window=5) | map_aggregate(attribute=PT08.S4(NO2), function=min, window=4) };7.47470e-01;1.00000e+00;Pipeline { map_noise(attribute=NOx(GT), percentage=0.10) | map_aggregate(attribute=T, function=avg, window=3) };7.86885e-01;9.49014e-01;Pipeline { filter(T > 0.0000) | map_aggregate(attribute=C6H6(GT), function=avg, window=3) };7.86116e-01;9.49204e-01;Pipeline { filter(PT08.S3(NOx) > 0.0096) | map_aggregate(attribute=PT08.S2(NMHC), function=avg, window=10) }
datasets/airQuality_parallel.csv;nsga2;2;9;900;900;3.92320e+01;100;4;42;1.00000e+00;1.00000e+00;2.80000e-01;8.10497e-01;8.45608e-01;Pipeline { map_aggregate(attribute=NO2(GT), function=min, window=5) | map_aggregate(attribute=PT08.S4(NO2), function=min, window=4) };7.79352e-01;1.00000e+00;Pipeline { map_aggregate(attribute=NOx(GT), function=avg, window=8) };7.88112e-01;9.49204e-01;Pipeline { filter(C6H6(GT) > 0.0053) | map_aggregate(attribute=C6H6(GT), function=avg, window=3) };7.86277e-01;9.49204e-01;Pipeline { filter(PT08.S4(NO2) > 0.0000) | map_aggregate(attribute=PT08.S2(NMHC), function=avg, window=6) }
datasets/airQuality_parallel.csv;nsga2;2;10;1000;1000;4.26910e+01;100;5;11;1.00000e+00;1.00000e+00;3.70000e-01;8.10497e-01;8.45608e-01;Pipeline { map_aggregate(attribute=NO2(GT), function=min, window=5) | map_aggregate(attribute=PT08.S4(NO2), function=min, window=4) };7.54849e-01;1.00000e+00;Pipeline { map_aggregate(attribute=NOx(GT), function=avg, window=3) };7.90539e-01;8.97267e-01;Pipeline { map_aggregate(attribute=NO2(GT), function=min, window=3) | map_aggregate(attribute=PT08.S4(NO2), function=min, window=4) };7.86312e-01;9.49204e-01;Pipeline { filter(PT08.S4(NO2) < 7090000.0000) | map_aggregate(attribute=PT08.S2(NMHC), function=avg, window=4) }
datasets/airQuality_parallel.csv;nsga2;2;11;1100;1100;4.66740e+01;100;4;18;1.00000e+00;1.00000e+00;4.80000e-01;8.16446e-01;6.61158e-01;Pipeline { map_aggregate(attribute=CO(GT), function=avg, window=7) };7.41322e-01;1.00000e+00;Pipeline { map_aggregate(attribute=PT08.S1(CO), function=avg, window=4) };7.95433e-01;8.80488e-01;Pipeline { map_aggregate(attribute=NO2(GT), function=min, window=4) };7.45192e-01;9.75424e-01;Pipeline { map_aggregate(attribute=NO2(GT), function=max, window=4) }
datasets/airQuality_parallel.csv;nsga2;2;12;1200;1200;5.07400e+01;100;4;24;1.00000e+00;1.00000e+00;4.30000e-01;8.16446e-01;6.61158e-01;Pipeline { map_aggregate(attribute=CO(GT), function=avg, window=7) };7.54849e-01;1.00000e+00;Pipeline { map_aggregate(attribute=NOx(GT), function=avg, window=3) };7.95635e-01;8.80488e-01;Pipeline { map_aggregate(attribute=NO2(GT), function=min, window=4) | map_noise(attribute=PT08.S3(NOx), percentage=0.25) };7.87130e-01;9.54126e-01;Pipeline { map_aggregate(attribute=NO2(GT), function=avg, window=5) | map_aggregate(attribute=NOx(GT), function=avg, window=3) }
datasets/airQuality_parallel.csv;nsga2;2;13;1300;1300;5.50360e+01;100;5;12;1.00000e+00;1.00000e+00;4.30000e-01;8.16446e-01;6.61158e-01;Pipeline { map_aggregate(attribute=CO(GT), function=avg, window=7) };7.79352e-01;1.00000e+00;Pipeline { map_aggregate(attribute=NOx(GT), function=avg, window=8) };7.96003e-01;8.80488e-01;Pipeline { map_aggregate(attribute=NO2(GT), function=min, window=4) | map_noise(attribute=PT08.S2(NMHC), percentage=0.01) };7.82758e-01;9.54126e-01;Pipeline { map_aggregate(attribute=NO2(GT), function=avg, window=5) | map_aggregate(attribute=AH, function=avg, window=5) }
datasets/airQuality_parallel.csv;nsga2;2;14;1400;1400;5.92110e+01;100;6;17;1.00000e+00;1.00000e+00;3.60000e-01;8.16446e-01;6.61158e-01;Pipeline { map_aggregate(attribute=CO(GT), function=avg, window=7) };7.80475e-01;1.00000e+00;Pipeline { map_aggregate(attribute=NOx(GT), function=avg, window=7) };7.95792e-01;8.80488e-01;Pipeline { map_aggregate(attribute=NO2(GT), function=min, window=4) | map_noise(attribute=T, percentage=0.25) };8.02616e-01;9.54126e-01;Pipeline { map_aggregate(attribute=NO2(GT), function=avg, window=5) | map_aggregate(attribute=NOx(GT), function=avg, window=5) }
datasets/airQuality_parallel.csv;nsga2;2;15;1500;1500;6.40700e+01;100;6;33;1.00000e+00;9.90000e-01;3.20000e-01;8.16446e-01;6.61158e-01;Pipeline { map_aggregate(attribute=CO(GT), function=avg, window=7) };7.80475e-01;1.00000e+00;Pipeline { map_aggregate(attribute=NOx(GT), function=avg, window=7) | map_aggregate(attribute=PT08.S4(NO2), function=avg, window=3) };8.03846e-01;9.54126e-01;Pipeline { map_aggregate(attribute=NO2(GT), function=avg, window=5) | map_aggregate(attribute=NOx(GT), function=avg, window=8) };7.82758e-01;9.54126e-01;Pipeline { map_aggregate(attribute=NO2(GT), function=avg, window=5) | map_aggregate(attribute=AH, function=avg, window=10) }
datasets/airQuality_parallel.csv;nsga2;2;16;1600;1600;6.79600e+01;100;4;8;1.00000e+00;9.80000e-01;3.30000e-01;8.16501e-01;6.65588e-01;Pipeline { map_aggregate(attribute=CO(GT), function=avg, window=6) | map_aggregate(attribute=PT08.S4(NO2), function=avg, window=10) };7.80475e-01;1.00000e+00;Pipeline { map_aggregate(attribute=NOx(GT), function=avg, window=7) | map_aggregate(attribute=PT08.S4(NO2), function=avg, window=3) };8.03846e-01;9.54126e-01;Pipeline { map_aggregate(attribute=NO2(GT), function=avg, window=5) | map_aggregate(attribute=NOx(GT), function=avg, window=8) };7.92557e-01;9.49204e-01;Pipeline { filter(PT08.S4(NO2) > 0.0000) | map_aggregate(attribute=C6H6(GT), function=avg, window=4) }
datasets/airQuality_parallel.csv;nsga2;2;17;1700;1700;7.16840e+01;100;4;57;1.00000e+00;9.80000e-01;3.30000e-01;8.16501e-01;6.65588e-01;Pipeline { map_aggregate(attribute=CO(GT), function=avg, window=6) | map_aggregate(attribute=PT08.S4(NO2), function=avg, window=10) };7.80475e-01;1.00000e+00;Pipeline { map_aggregate(attribute=NOx(GT), function=avg, window=7) | map_aggregate(attribute=PT08.S4(NO2), function=avg, window=3) };8.09458e-01;8.45608e-01;Pipeline { map_aggregate(attribute=NO2(GT), function=min, window=5) | map_aggregate(attribute=PT08.S1(CO), function=avg, window=5) };7.92557e-01;9.49204e-01;Pipeline { filter(PT08.S4(NO2) > 3.5300) | map_aggregate(attribute=C6H6(GT), function=avg, window=4) }
datasets/airQuality_parallel.csv;nsga2;2;18;1800;1800;7.57510e+01;100;5;51;1.00000e+00;1.00000e+00;3.30000e-01;8.16501e-01;6.65588e-01;Pipeline { map_aggregate(attribute=CO(GT), function=avg, window=6) | map_aggregate(attribute=PT08.S4(NO2), function=avg, window=10) };7.80475e-01;1.00000e+00;Pipeline { map_noise(attribute=PT08.S3(NOx), percentage=0.05) | map_aggregate(attribute=NOx(GT), function=avg, window=7) };8.09495e-01;8.19658e-01;Pipeline { map_aggregate(attribute=NO2(GT), function=min, window=6) | map_aggregate(attribute=NOx(GT), function=avg, window=3) };7.92557e-01;9.49204e-01;Pipeline { filter(AH > 0.0001) | map_aggregate(attribute=C6H6(GT), function=avg, window=4) }
datasets/airQuality_parallel.csv;nsga2;2;19;1900;1900;7.97890e+01;100;6;38;1.00000e+00;1.00000e+00;3.70000e-01;8.16501e-01;6.65588e-01;Pipeline { map_aggregate(attribute=CO(GT), function=avg, window=6) | map_aggregate(attribute=PT08.S4(NO2), function=avg, window=10) };7.80475e-01;1.00000e+00;Pipeline { map_noise(attribute=PT08.S3(NOx), percentage=0.05) | map_aggregate(attribute=NOx(GT), function=avg, window=7) };8.09739e-01;8.45608e-01;Pipeline { map_aggregate(attribute=NO2(GT), function=min, window=5) | map_aggregate(attribute=PT08.S4(NO2), function=avg, window=4) };8.02616e-01;9.54126e-01;Pipeline { map_aggregate(attribute=NO2(GT), function=avg, window=5) | map_aggregate(attribute=NOx(GT), function=avg, window=5) }
datasets/airQuality_parallel.csv;nsga2;2;20;2000;2000;8.40520e+01;100;8;24;1.00000e+00;1.00000e+00;3.70000e-01;8.16501e-01;6.65588e-01;Pipeline { map_aggregate(attribute=CO(GT), function=avg, window=6) };7.81075e-01;1.00000e+00;Pipeline { map_aggregate(attribute=NOx(GT), function=avg, window=10) | map_aggregate(attribute=T, function=min, window=4) };8.12377e-01;6.57975e-01;Pipeline { map_aggregate(attribute=CO(GT), function=avg, window=8) | map_aggregate(attribute=PT08.S2(NMHC), function=avg, window=10) };7.88669e-01;1.00000e+00;Pipeline { map_aggregate(attribute=NOx(GT), function=avg, window=5) | map_noise(attribute=NOx(GT), percentage=0.10) }
datasets/airQuality_parallel.csv;nsga2;2;21;2100;2100;8.80750e+01;100;14;6;1.00000e+00;1.00000e+00;3.00000e-01;8.16501e-01;6.65588e-01;Pipeline { map_aggregate(attribute=CO(GT), function=avg, window=6) | map_aggregate(attribute=AH, function=min, window=4) };7.84876e-01;1.00000e+00;Pipeline { map_aggregate(attribute=NOx(GT), function=avg, window=6) };8.12377e-01;6.57975e-01;Pipeline { map_aggregate(attribute=CO(GT), function=avg, window=8) | map_aggregate(attribute=PT08.S2(NMHC), function=avg, window=6) };7.88669e-01;1.00000e+00;Pipeline { map_aggregate(attribute=NOx(GT), function=avg, window=5) | map_noise(attribute=NOx(GT), percentage=0.10) }
datasets/airQuality_parallel.csv;nsga2;2;22;2200;2200;9.26030e+01;100;22;6;1.00000e+00;1.00000e+00;2.60000e-01;8.16501e-01;6.65588e-01;Pipeline { map_aggregate(attribute=CO(GT), function=avg, window=6) | map_aggregate(attribute=PT08.S4(NO2), function=avg, window=10) };7.88510e-01;1.00000e+00;Pipeline { map_aggregate(attribute=NOx(GT), function=avg, window=5) | map_aggregate(attribute=NMHC(GT), function=avg, window=6) };8.16446e-01;6.61158e-01;Pipeline { map_aggregate(attribute=CO(GT), function=avg, window=7) | map_noise(attribute=PT08.S3(NOx), percentage=0.10) };8.10497e-01;8.80488e-01;Pipeline { map_aggregate(attribute=NO2(GT), function=min, window=4) | map_aggregate(attribute=C6H6(GT), function=avg, window=5) }
datasets/airQuality_parallel.csv;nsga2;2;23;2300;2300;9.67260e+01;100;31;20;1.00000e+00;1.00000e+00;3.00000e-01;8.22329e-01;6.62048e-01;Pipeline { map_aggregate(attribute=CO(GT), function=avg, window=7) | map_noise(attribute=CO(GT), percentage=0.05) };7.88510e-01;1.00000e+00;Pipeline { map_aggregate(attribute=NOx(GT), function=avg, window=5) | map_aggregate(attribute=NMHC(GT), function=avg, window=6) };8.16446e-01;6.61158e-01;Pipeline { map_aggregate(attribute=CO(GT), function=avg, window=7) | map_aggregate(attribute=PT08.S3(NOx), function=min, window=6) };8.10497e-01;8.80488e-01;Pipeline { map_aggregate(attribute=NO2(GT), function=min, window=4) | map_aggregate(attribute=C6H6(GT), function=avg, window=5) }
datasets/airQuality_parallel.csv;nsga2;2;24;2400;2400;1.01465e+02;100;41;4;1.00000e+00;1.00000e+00;2.80000e-01;8.22329e-01;6.62048e-01;Pipeline { map_aggregate(attribute=CO(GT), function=avg, window=7) | map_noise(attribute=CO(GT), percentage=0.05) };7.88510e-01;1.00000e+00;Pipeline { map_aggregate(attribute=NOx(GT), function=avg, window=5) | map_aggregate(attribute=NMHC(GT), function=avg, window=6) };8.16501e-01;6.65588e-01;Pipeline { map_aggregate(attribute=CO(GT), function=avg, window=6) | map_aggregate(attribute=T, function=avg, window=10) };8.10497e-01;8.45608e-01;Pipeline { map_aggregate(attribute=NO2(GT), function=min, window=5) | map_aggregate(attribute=C6H6(GT), function=avg, window=7) }
datasets/airQuality_parallel.csv;nsga2;2;25;2500;2500;1.05750e+02;100;49;7;1.00000e+00;1.00000e+00;2.00000e-01;8.22329e-01;6.62048e-01;Pipeline { map_aggregate(attribute=CO(GT), function=avg, window=7) | map_noise(attribute=CO(GT), percentage=0.05) };7.88837e-01;1.00000e+00;Pipeline { map_aggregate(attribute=NOx(GT), function=avg, window=4) | map_aggregate(attribute=PT08.S4(NO2), function=avg, window=3) };8.16501e-01;6.65588e-01;Pipeline { map_aggregate(attribute=CO(GT), function=avg, window=6) | map_aggregate(attribute=T, function=avg, window=10) };8.16501e-01;6.65588e-01;Pipeline { map_aggregate(attribute=CO(GT), function=avg, window=6) | map_aggregate(attribute=PT08.S1(CO), function=avg, window=10) }
datasets/airQuality_parallel.csv;nsga2;2;26;2600;2600;1.10238e+02;100;65;35;1.00000e+00;1.00000e+00;1.50000e-01;8.22329e-01;6.62048e-01;Pipeline { map_aggregate(attribute=CO(GT), function=avg, window=7) | map_noise(attribute=CO(GT), percentage=0.05) };7.90692e-01;1.00000e+00;Pipeline { map_noise(attribute=PT08.S5(O3), percentage=0.25) | map_aggregate(attribute=NOx(GT), function=avg, window=4) };8.16501e-01;6.65588e-01;Pipeline { map_aggregate(attribute=CO(GT), function=avg, window=6) | map_aggregate(attribute=RH, function=min, window=4) };8.16501e-01;6.65588e-01;Pipeline { map_aggregate(attribute=CO(GT), function=avg, window=6) | map_aggregate(attribute=AH, function=max, window=5) }
datasets/airQuality_parallel.csv;nsga2;2;27;2700;2700;1.14415e+02;100;15;8;1.00000e+00;1.00000e+00;1.90000e-01;8.22329e-01;6.62048e-01;Pipeline { map_aggregate(attribute=CO(GT), function=avg, window=7) | map_noise(attribute=CO(GT), percentage=0.05) };7.84876e-01;1.00000e+00;Pipeline { map_aggregate(attribute=NOx(GT), function=avg, window=6) | map_aggregate(attribute=RH, function=min, window=9) };8.16501e-01;6.65588e-01;Pipeline { map_aggregate(attribute=CO(GT), function=avg, window=6) | map_aggregate(attribute=RH, function=min, window=4) };8.16501e-01;6.65588e-01;Pipeline { map_aggregate(attribute=CO(GT), function=avg, window=6) | map_aggregate(attribute=NMHC(GT), function=min, window=4) }
datasets/airQuality_parallel.csv;nsga2;2;28;2800;2800;1.18328e+02;100;19;81;1.00000e+00;1.00000e+00;1.60000e-01;8.22392e-01;6.61158e-01;Pipeline { map_aggregate(attribute=CO(GT), function=avg, window=7) | map_aggregate(attribute=NOx(GT), function=min, window=5) };7.90692e-01;1.00000e+00;Pipeline { map_noise(attribute=PT08.S5(O3), percentage=0.25) | map_aggregate(attribute=NOx(GT), function=avg, window=4) };8.16501e-01;6.65588e-01;Pipeline { map_aggregate(attribute=CO(GT), function=avg, window=6) | map_aggregate(attribute=AH, function=min, window=6) };8.16501e-01;6.65588e-01;Pipeline { map_aggregate(attribute=CO(GT), function=avg, window=6) | map_aggregate(attribute=AH, function=min, window=4) }
datasets/airQuality_parallel.csv;nsga2;2;29;2900;2900;1.22800e+02;100;29;63;1.00000e+00;1.00000e+00;2.10000e-01;8.22392e-01;6.61158e-01;Pipeline { map_aggregate(attribute=CO(GT), function=avg, window=7) | map_aggregate(attribute=NOx(GT), function=min, window=5) };7.88510e-01;1.00000e+00;Pipeline { map_aggregate(attribute=NOx(GT), function=avg, window=5) };8.16501e-01;6.65588e-01;Pipeline { map_aggregate(attribute=CO(GT), function=avg, window=6) | map_noise(attribute=PT08.S4(NO2), percentage=0.10) };8.07423e-01;9.54126e-01;Pipeline { map_aggregate(attribute=NO2(GT), function=avg, window=5) | map_aggregate(attribute=NOx(GT), function=avg, window=10) }
datasets/airQuality_parallel.csv;nsga2;2;30;3000;3000;1.27258e+02;100;43;49;1.00000e+00;1.00000e+00;2.20000e-01;8.22392e-01;6.61158e-01;Pipeline { map_aggregate(attribute=CO(GT), function=avg, window=7) | map_aggregate(attribute=NOx(GT), function=min, window=5) };7.88510e-01;1.00000e+00;Pipeline { map_noise(attribute=T, percentage=0.25) | map_aggregate(attribute=NOx(GT), function=avg, window=5) };8.16501e-01;6.65588e-01;Pipeline { map_aggregate(attribute=CO(GT), function=avg, window=6) | map_aggregate(attribute=PT08.S3(NOx), function=avg, window=5) };7.92120e-01;1.00000e+00;Pipeline { map_aggregate(attribute=NOx(GT), function=avg, window=4) | map_aggregate(attribute=T, function=min, window=5) }
datasets/airQuality_parallel.csv;nsga2;2;31;3100;3100;1.31381e+02;100;57;33;1.00000e+00;1.00000e+00;2.30000e-01;8.22392e-01;6.61158e-01;Pipeline { map_aggregate(attribute=CO(GT), function=avg, window=7) | map_aggregate(attribute=NOx(GT), function=min, window=5) };7.88510e-01;1.00000e+00;Pipeline { map_noise(attribute=T, percentage=0.25) | map_aggregate(attribute=NOx(GT), function=avg, window=5) };8.16501e-01;6.65588e-01;Pipeline { map_aggregate(attribute=CO(GT), function=avg, window=6) | map_aggregate(attribute=C6H6(GT), function=avg, window=8) };7.92120e-01;1.00000e+00;Pipeline { map_aggregate(attribute=NOx(GT), function=avg, window=4) | map_aggregate(attribute=NMHC(GT), function=max, window=3) }
datasets/airQuality_parallel.csv;nsga2;2;32;3200;3200;1.35066e+02;100;11;15;1.00000e+00;1.00000e+00;2.30000e-01;8.22392e-01;6.61158e-01;Pipeline { map_aggregate(attribute=CO(GT), function=avg, window=7) | map_aggregate(attribute=NOx(GT), function=min, window=5) };7.91846e-01;1.00000e+00;Pipeline { map_aggregate(attribute=NOx(GT), function=avg, window=4) | map_noise(attribute=NOx(GT), percentage=0.01) };8.08579e-01;9.23203e-01;Pipeline { map_aggregate(attribute=NO2(GT), function=avg, window=10) | map_aggregate(attribute=NOx(GT), function=avg, window=9) };7.92120e-01;1.00000e+00;Pipeline { map_aggregate(attribute=NMHC(GT), function=avg, window=10) | map_aggregate(attribute=NOx(GT), function=avg, window=4) }
datasets/airQuality_parallel.csv;nsga2;2;33;3300;3300;1.39484e+02;100;10;82;1.00000e+00;1.00000e+00;2.10000e-01;8.22392e-01;6.61158e-01;Pipeline { map_aggregate(attribute=CO(GT), function=avg, window=7) | map_aggregate(attribute=NOx(GT), function=min, window=5) };7.92120e-01;1.00000e+00;Pipeline { map_aggregate(attribute=NOx(GT), function=avg, window=4) | map_aggregate(attribute=T, function=min, window=6) };7.92120e-01;1.00000e+00;Pipeline { map_aggregate(attribute=NOx(GT), function=avg, window=4) | map_aggregate(attribute=T, function=min, window=6) };7.92120e-01;1.00000e+00;Pipeline { map_aggregate(attribute=NOx(GT), function=avg, window=4) | map_aggregate(attribute=NMHC(GT), function=avg, window=6) }
datasets/airQuality_parallel.csv;nsga2;2;34;3400;3400;1.43786e+02;100;10;82;1.00000e+00;1.00000e+00;2.20000e-01;8.22392e-01;6.61158e-01;Pipeline { map_aggregate(attribute=CO(GT), function=avg, window=7) | map_aggregate(attribute=NOx(GT), function=min, window=5) };7.92120e-01;1.00000e+00;Pipeline { map_aggregate(attribute=T, function=max, window=9) | map_aggregate(attribute=NOx(GT), function=avg, window=4) };7.92321e-01;1.00000e+00;Pipeline { map_aggregate(attribute=NOx(GT), function=avg, window=4) | map_noise(attribute=NOx(GT), percentage=0.10) };7.92120e-01;1.00000e+00;Pipeline { map_aggregate(attribute=RH, function=min, window=5) | map_aggregate(attribute=NOx(GT), function=avg, window=4) }
datasets/airQuality_parallel.csv;nsga2;2;35;3500;3500;1.47505e+02;100;10;82;1.00000e+00;1.00000e+00;2.30000e-01;8.22392e-01;6.61158e-01;Pipeline { map_aggregate(attribute=CO(GT), function=avg, window=7) | map_aggregate(attribute=NOx(GT), function=min, window=5) };7.92120e-01;1.00000e+00;Pipeline { map_aggregate(attribute=NOx(GT), function=avg, window=4) | map_noise(attribute=C6H6(GT), percentage=0.01) };7.92980e-01;1.00000e+00;Pipeline { map_aggregate(attribute=NOx(GT), function=avg, window=4) | map_noise(attribute=NOx(GT), percentage=0.05) };7.92120e-01;1.00000e+00;Pipeline { map_aggregate(attribute=NOx(GT), function=avg, window=4) | map_aggregate(attribute=PT08.S5(O3), function=min, window=5) }
datasets/airQuality_parallel.csv;nsga2;2;36;3600;3600;1.51479e+02;100;10;82;1.00000e+00;1.00000e+00;2.40000e-01;8.22392e-01;6.61158e-01;Pipeline { map_aggregate(attribute=CO(GT), function=avg, window=7) | map_aggregate(attribute=NOx(GT), function=min, window=5) };7.92120e-01;1.00000e+00;Pipeline { map_aggregate(attribute=RH, function=avg, window=10) | map_aggregate(attribute=NOx(GT), function=avg, window=4) };7.93830e-01;9.54126e-01;Pipeline { map_aggregate(attribute=NO2(GT), function=avg, window=5) | map_noise(attribute=NOx(GT), percentage=0.10) };7.92120e-01;1.00000e+00;Pipeline { map_aggregate(attribute=NOx(GT), function=avg, window=4) | map_aggregate(attribute=PT08.S2(NMHC), function=min, window=5) }
datasets/airQuality_parallel.csv;nsga2;2;37;3700;3700;1.55465e+02;100;10;71;1.00000e+00;1.00000e+00;2.80000e-01;8.22392e-01;6.61158e-01;Pipeline { map_aggregate(attribute=CO(GT), function=avg, window=7) | map_aggregate(attribute=NOx(GT), function=min, window=5) };7.92120e-01;1.00000e+00;Pipeline { map_aggregate(attribute=NOx(GT), function=avg, window=4) | map_aggregate(attribute=T, function=min, window=6) };8.05955e-01;9.32372e-01;Pipeline { map_aggregate(attribute=NO2(GT), function=avg, window=6) | map_aggregate(attribute=NOx(GT), function=avg, window=10) };7.92120e-01;1.00000e+00;Pipeline { map_aggregate(attribute=NOx(GT), function=avg, window=4) | map_aggregate(attribute=AH, function=min, window=4) }
datasets/airQuality_parallel.csv;nsga2;2;38;3800;3800;1.60286e+02;100;10;65;1.00000e+00;1.00000e+00;3.00000e-01;8.22392e-01;6.61158e-01;Pipeline { map_aggregate(attribute=CO(GT), function=avg, window=7) | map_aggregate(attribute=NOx(GT), function=min, window=5) };7.92120e-01;1.00000e+00;Pipeline { map_aggregate(attribute=NOx(GT), function=avg, window=4) | map_aggregate(attribute=RH, function=max, window=9) };8.10497e-01;8.80488e-01;Pipeline { map_aggregate(attribute=NO2(GT), function=min, window=4) | map_aggregate(attribute=C6H6(GT), function=avg, window=4) };7.92120e-01;1.00000e+00;Pipeline { map_aggregate(attribute=PT08.S3(NOx), function=avg, window=7) | map_aggregate(attribute=NOx(GT), function=avg, window=4) }
datasets/airQuality_parallel.csv;nsga2;2;39;3900;3900;1.64566e+02;100;7;74;1.00000e+00;1.00000e+00;2.90000e-01;8.22392e-01;6.61158e-01;Pipeline { map_aggregate(attribute=CO(GT), function=avg, window=7) | map_aggregate(attribute=NOx(GT), function=min, window=5) };7.92120e-01;1.00000e+00;Pipeline { map_aggregate(attribute=NOx(GT), function=avg, window=4) | map_noise(attribute=PT08.S5(O3), percentage=0.25) };8.14822e-01;8.97267e-01;Pipeline { map_aggregate(attribute=NO2(GT), function=min, window=3) | map_aggregate(attribute=NOx(GT), function=avg, window=9) };7.92120e-01;1.00000e+00;Pipeline { map_aggregate(attribute=PT08.S3(NOx), function=avg, window=10) | map_aggregate(attribute=NOx(GT), function=avg, window=4) }
datasets/airQuality_parallel.csv;nsga2;2;40;4000;4000;1.68305e+02;100;7;74;1.00000e+00;1.00000e+00;3.10000e-01;8.22392e-01;6.61158e-01;Pipeline { map_aggregate(attribute=CO(GT), function=avg, window=7) | map_aggregate(attribute=NOx(GT), function=min, window=5) };7.92120e-01;1.00000e+00;Pipeline { map_aggregate(attribute=NOx(GT), function=avg, window=4) | map_noise(attribute=RH, percentage=0.01) };8.05955e-01;9.32372e-01;Pipeline { map_aggregate(attribute=NO2(GT), function=avg, window=6) | map_aggregate(attribute=NOx(GT), function=avg, window=10) };7.92120e-01;1.00000e+00;Pipeline { map_aggregate(attribute=NOx(GT), function=avg, window=4) | map_aggregate(attribute=RH, function=avg, window=7) }
datasets/airQuality_parallel.csv;nsga2;2;41;4100;4100;1.72003e+02;100;7;61;1.00000e+00;1.00000e+00;3.60000e-01;8.22392e-01;6.61158e-01;Pipeline { map_aggregate(attribute=CO(GT), function=avg, window=7) | map_aggregate(attribute=NOx(GT), function=min, window=5) };7.92120e-01;1.00000e+00;Pipeline { map_aggregate(attribute=NOx(GT), function=avg, window=4) | map_aggregate(attribute=T, function=min, window=3) };8.10647e-01;9.18060e-01;Pipeline { map_aggregate(attribute=NO2(GT), function=avg, window=9) | map_aggregate(attribute=NOx(GT), function=avg, window=10) };7.92120e-01;1.00000e+00;Pipeline { map_noise(attribute=PT08.S4(NO2), percentage=0.05) | map_aggregate(attribute=NOx(GT), function=avg, window=4) }
datasets/airQuality_parallel.csv;nsga2;2;42;4200;4200;1.75659e+02;100;7;57;1.00000e+00;1.00000e+00;3.90000e-01;8.22392e-01;6.61158e-01;Pipeline { map_aggregate(attribute=CO(GT), function=avg, window=7) | map_aggregate(attribute=NOx(GT), function=min, window=5) };7.92120e-01;1.00000e+00;Pipeline { map_aggregate(attribute=RH, function=avg, window=3) | map_aggregate(attribute=NOx(GT), function=avg, window=4) };8.16147e-01;8.97267e-01;Pipeline { map_aggregate(attribute=NO2(GT), function=min, window=3) | map_aggregate(attribute=NOx(GT), function=min, window=9) };7.92120e-01;1.00000e+00;Pipeline { map_aggregate(attribute=NMHC(GT), function=max, window=10) | map_aggregate(attribute=NOx(GT), function=avg, window=4) }
datasets/airQuality_parallel.csv;nsga2;2;43;4300;4300;1.79733e+02;100;9;50;1.00000e+00;1.00000e+00;3.90000e-01;8.22392e-01;6.61158e-01;Pipeline { map_aggregate(attribute=CO(GT), function=avg, window=7) | map_aggregate(attribute=NOx(GT), function=min, window=3) };7.92120e-01;1.00000e+00;Pipeline { map_noise(attribute=RH, percentage=0.01) | map_aggregate(attribute=NOx(GT), function=avg, window=4) };8.16501e-01;6.65588e-01;Pipeline { map_aggregate(attribute=CO(GT), function=avg, window=6) | map_aggregate(attribute=PT08.S3(NOx), function=min, window=6) };7.92120e-01;1.00000e+00;Pipeline { map_aggregate(attribute=NOx(GT), function=avg, window=4) | map_noise(attribute=AH, percentage=0.10) }
datasets/airQuality_parallel.csv;nsga2;2;44;4400;4400;1.83871e+02;100;9;47;1.00000e+00;1.00000e+00;4.10000e-01;8.22392e-01;6.61158e-01;Pipeline { map_aggregate(attribute=CO(GT), function=avg, window=7) | map_aggregate(attribute=NOx(GT), function=min, window=5) };7.92120e-01;1.00000e+00;Pipeline { map_noise(attribute=NMHC(GT), percentage=0.05) | map_aggregate(attribute=NOx(GT), function=avg, window=4) };8.16501e-01;6.65588e-01;Pipeline { map_aggregate(attribute=CO(GT), function=avg, window=6) | map_aggregate(attribute=PT08.S3(NOx), function=min, window=6) };7.92120e-01;1.00000e+00;Pipeline { map_noise(attribute=PT08.S5(O3), percentage=0.01) | map_aggregate(attribute=NOx(GT), function=avg, window=4) }
datasets/airQuality_parallel.csv;nsga2;2;45;4500;4500;1.87599e+02;100;9;38;1.00000e+00;1.00000e+00;4.30000e-01;8.22392e-01;6.61158e-01;Pipeline { map_aggregate(attribute=CO(GT), function=avg, window=7) | map_aggregate(attribute=NOx(GT), function=min, window=3) };7.92120e-01;1.00000e+00;Pipeline { map_aggregate(attribute=NOx(GT), function=avg, window=4) | map_noise(attribute=NMHC(GT), percentage=0.25) };8.16501e-01;6.65588e-01;Pipeline { map_aggregate(attribute=CO(GT), function=avg, window=6) | map_aggregate(attribute=PT08.S3(NOx), function=min, window=6) };7.92120e-01;1.00000e+00;Pipeline { map_aggregate(attribute=NOx(GT), function=avg, window=4) | map_noise(attribute=T, percentage=0.01) }
datasets/airQuality_parallel.csv;nsga2;2;46;4600;4600;1.91713e+02;100;9;32;1.00000e+00;1.00000e+00;4.50000e-01;8.22392e-01;6.61158e-01;Pipeline { map_aggregate(attribute=CO(GT), function=avg, window=7) | map_aggregate(attribute=NOx(GT), function=min, window=5) };7.92120e-01;1.00000e+00;Pipeline { map_aggregate(attribute=NOx(GT), function=avg, window=4) | map_aggregate(attribute=PT08.S4(NO2), function=min, window=6) };8.16501e-01;6.65588e-01;Pipeline { map_aggregate(attribute=CO(GT), function=avg, window=6) | map_aggregate(attribute=PT08.S3(NOx), function=min, window=6) };7.99976e-01;1.00000e+00;Pipeline { map_noise(attribute=NO2(GT), percentage=0.01) | map_aggregate(attribute=NOx(GT), function=avg, window=4) }
datasets/airQuality_parallel.csv;nsga2;2;47;4700;4700;1.96309e+02;100;9;23;1.00000e+00;1.00000e+00;4.50000e-01;8.22392e-01;6.61158e-01;Pipeline { map_aggregate(attribute=CO(GT), function=avg, window=7) | map_aggregate(attribute=NOx(GT), function=min, window=3) };7.92120e-01;1.00000e+00;Pipeline { map_aggregate(attribute=NOx(GT), function=avg, window=4) | map_noise(attribute=PT08.S5(O3), percentage=0.05) };8.16501e-01;6.65588e-01;Pipeline { map_aggregate(attribute=CO(GT), function=avg, window=6) | map_aggregate(attribute=PT08.S3(NOx), function=min, window=6) };8.07929e-01;9.52227e-01;Pipeline { map_aggregate(attribute=NO2(GT), function=avg, window=3) | map_aggregate(attribute=NOx(GT), function=avg, window=9) }
datasets/airQuality_parallel.csv;nsga2;2;48;4800;4800;2.00445e+02;100;9;1;1.00000e+00;1.00000e+00;4.80000e-01;8.22392e-01;6.61158e-01;Pipeline { map_aggregate(attribute=CO(GT), function=avg, window=7) | map_aggregate(attribute=NOx(GT), function=min, window=5) };7.92321e-01;1.00000e+00;Pipeline { map_aggregate(attribute=NOx(GT), function=avg, window=4) | map_noise(attribute=NOx(GT), percentage=0.10) };8.16501e-01;6.65588e-01;Pipeline { map_aggregate(attribute=CO(GT), function=avg, window=6) | map_noise(attribute=T, percentage=0.10) };8.10647e-01;9.18060e-01;Pipeline { map_aggregate(attribute=NO2(GT), function=avg, window=9) | map_aggregate(attribute=NOx(GT), function=avg, window=10) }
datasets/airQuality_parallel.csv;nsga2;2;49;4900;4900;2.05314e+02;100;8;62;1.00000e+00;1.00000e+00;4.30000e-01;8.22392e-01;6.61158e-01;Pipeline { map_aggregate(attribute=CO(GT), function=avg, window=7) | map_aggregate(attribute=NOx(GT), function=min, window=3) };7.92321e-01;1.00000e+00;Pipeline { map_aggregate(attribute=NOx(GT), function=avg, window=4) | map_noise(attribute=NOx(GT), percentage=0.10) };8.16501e-01;6.65588e-01;Pipeline { map_aggregate(attribute=CO(GT), function=avg, window=6) | map_aggregate(attribute=RH, function=max, window=3) };8.10647e-01;9.18060e-01;Pipeline { map_aggregate(attribute=NO2(GT), function=avg, window=9) | map_aggregate(attribute=NOx(GT), function=avg, window=10) }
datasets/airQuality_parallel.csv;nsga2;2;50;5000;5000;2.09351e+02;100;8;62;1.00000e+00;1.00000e+00;4.40000e-01;8.22392e-01;6.61158e-01;Pipeline { map_aggregate(attribute=CO(GT), function=avg, window=7) | map_aggregate(attribute=NOx(GT), function=min, window=5) };7.92321e-01;1.00000e+00;Pipeline { map_aggregate(attribute=NOx(GT), function=avg, window=4) | map_noise(attribute=NOx(GT), percentage=0.10) };8.16501e-01;6.65588e-01;Pipeline { map_aggregate(attribute=CO(GT), function=avg, window=6) | map_aggregate(attribute=PT08.S2(NMHC), function=avg, window=6) };8.10647e-01;9.18060e-01;Pipeline { map_aggregate(attribute=NO2(GT), function=avg, window=9) | map_aggregate(attribute=NOx(GT), function=avg, window=10) }
datasets/airQuality_parallel.csv;nsga2;3;1;100;100;4.95200e+00;100;3;58;9.90000e-01;9.90000e-01;3.20000e-01;7.76655e-01;4.09530e-01;Pipeline { map_aggregate(attribute=AH, function=max, window=5) | filter(PT08.S5(O3) < 667.0000) | map_aggregate(attribute=NMHC(GT), function=min, window=6) | filter(PT08.S2(NMHC) < 804.0000) | map_duplicate(probability=0.80) | filter(NO2(GT) < 227000000.0000) | map_duplicate(probability=0.90) | map_duplicate(probability=1.00) };7.41273e-01;1.00000e+00;Pipeline { map_noise(attribute=NO2(GT), percentage=0.01) };5.70700e-01;8.89591e-01;Pipeline { filter(PT08.S2(NMHC) > 0.0000) | filter(CO(GT) < 608000000.0000) | filter(PT08.S5(O3) > 0.0682) | filter(NO2(GT) < 89500000.0000) };4.93424e-01;8.28431e-01;Pipeline { map_duplicate(probability=0.50) }
datasets/airQuality_parallel.csv;nsga2;3;2;200;200;1.17170e+01;100;2;2;9.90000e-01;9.90000e-01;6.80000e-01;7.87960e-01;9.49204e-01;Pipeline { map_aggregate(attribute=NOx(GT), function=min, window=5) | map_aggregate(attribute=PT08.S4(NO2), function=max, window=10) | map_noise(attribute=PT08.S1(CO), percentage=0.05) | filter(PT08.S5(O3) > 4.7800) | map_aggregate(attribute=T, function=avg, window=10) };7.27315e-01;1.00000e+00;Pipeline { map_aggregate(attribute=NOx(GT), function=min, window=6) };7.41322e-01;1.00000e+00;Pipeline { map_aggregate(attribute=PT08.S3(NOx), function=avg, window=10) };7.41322e-01;1.00000e+00;Pipeline { map_noise(attribute=PT08.S1(CO), percentage=0.10) }
datasets/airQuality_parallel.csv;nsga2;3;3;300;300;1.64460e+01;100;3;18;9.90000e-01;9.90000e-01;2.80000e-01;8.12377e-01;6.57975e-01;Pipeline { map_aggregate(attribute=CO(GT), function=avg, window=8) };7.33059e-01;1.00000e+00;Pipeline { map_aggregate(attribute=NOx(GT), function=max, window=7) };7.41322e-01;1.00000e+00;Pipeline { map_aggregate(attribute=NMHC(GT), function=max, window=7) };7.41322e-01;1.00000e+00;Pipeline { map_noise(attribute=C6H6(GT), percentage=0.01) }
datasets/airQuality_parallel.csv;nsga2;3;4;400;400;2.05150e+01;100;6;80;1.00000e+00;9.90000e-01;2.40000e-01;8.70869e-01;4.05696e-01;Pipeline { map_aggregate(attribute=AH, function=max, window=5) | filter(PT08.S5(O3) < 667.0000) | map_aggregate(attribute=NMHC(GT), function=min, window=6) | filter(PT08.S2(NMHC) < 804.0000) | map_duplicate(probability=1.00) | filter(NO2(GT) < 6270000000.0000) | map_duplicate(probability=0.90) | map_duplicate(probability=1.00) };7.41322e-01;1.00000e+00;Pipeline { map_aggregate(attribute=PT08.S1(CO), function=min, window=9) | map_noise(attribute=AH, percentage=0.01) };7.41322e-01;1.00000e+00;Pipeline { map_aggregate(attribute=PT08.S1(CO), function=min, window=9) | map_noise(attribute=AH, percentage=0.01) };7.41322e-01;1.00000e+00;Pipeline { map_noise(attribute=PT08.S5(O3), percentage=0.01) }
datasets/airQuality_parallel.csv;nsga2;3;5;500;500;2.47410e+01;100;5;66;1.00000e+00;1.00000e+00;3.20000e-01;8.70869e-01;4.05696e-01;Pipeline { map_aggregate(attribute=AH, function=max, window=5) | filter(PT08.S5(O3) < 667.0000) | map_aggregate(attribute=NMHC(GT), function=min, window=6) | filter(PT08.S2(NMHC) < 804.0000) | map_duplicate(probability=1.00) | filter(NO2(GT) < 6270000000.0000) | map_duplicate(probability=0.90) | map_duplicate(probability=1.00) };7.41322e-01;1.00000e+00;Pipeline { map_aggregate(attribute=C6H6(GT), function=max, window=5) };7.55042e-01;1.00000e+00;Pipeline { map_noise(attribute=NOx(GT), percentage=0.25) };7.41322e-01;1.00000e+00;Pipeline { map_aggregate(attribute=T, function=avg, window=8) }
datasets/airQuality_parallel.csv;nsga2;3;6;600;600;2.96140e+01;100;5;57;1.00000e+00;1.00000e+00;4.00000e-01;8.70869e-01;4.05696e-01;Pipeline { map_aggregate(attribute=AH, function=max, window=5) | filter(PT08.S5(O3) < 667.0000) | map_aggregate(attribute=NMHC(GT), function=min, window=6) | filter(PT08.S2(NMHC) < 804.0000) | map_duplicate(probability=1.00) | filter(NO2(GT) < 6270000000.0000) | map_duplicate(probability=0.90) | map_duplicate(probability=1.00) };7.41322e-01;1.00000e+00;Pipeline { map_aggregate(attribute=T, function=min, window=6) };7.80475e-01;1.00000e+00;Pipeline { map_aggregate(attribute=NOx(GT), function=avg, window=7) };7.41322e-01;1.00000e+00;Pipeline { map_aggregate(attribute=C6H6(GT), function=max, window=7) }
datasets/airQuality_parallel.csv;nsga2;3;7;700;700;3.36070e+01;100;7;52;1.00000e+00;1.00000e+00;4.50000e-01;8.70869e-01;4.05696e-01;Pipeline { map_aggregate(attribute=AH, function=max, window=5) | filter(PT08.S5(O3) < 667.0000) | map_aggregate(attribute=NMHC(GT), function=min, window=6) | filter(PT08.S2(NMHC) < 804.0000) | map_duplicate(probability=1.00) | filter(NO2(GT) < 6270000000.0000) | map_duplicate(probability=0.90) | map_duplicate(probability=1.00) };7.41322e-01;1.00000e+00;Pipeline { map_aggregate(attribute=PT08.S2(NMHC), function=min, window=7) };7.87939e-01;9.49204e-01;Pipeline { map_aggregate(attribute=NOx(GT), function=min, window=5) | map_aggregate(attribute=AH, function=avg, window=7) | map_noise(attribute=PT08.S1(CO), percentage=0.05) | filter(PT08.S1(CO) < 9800000000.0000) | map_aggregate(attribute=T, function=avg, window=10) };7.41322e-01;1.00000e+00;Pipeline { map_aggregate(attribute=PT08.S5(O3), function=avg, window=9) }
datasets/airQuality_parallel.csv;nsga2;3;8;800;800;3.98430e+01;100;6;46;1.00000e+00;1.00000e+00;5.10000e-01;8.70869e-01;4.05696e-01;Pipeline { map_aggregate(attribute=AH, function=max, window=5) | filter(PT08.S5(O3) < 667.0000) | map_aggregate(attribute=NMHC(GT), function=min, window=6) | filter(PT08.S2(NMHC) < 804.0000) | map_duplicate(probability=1.00) | filter(NO2(GT) < 6270000000.0000) | map_duplicate(probability=0.90) | map_duplicate(probability=1.00) };7.41322e-01;1.00000e+00;Pipeline { map_aggregate(attribute=PT08.S2(NMHC), function=avg, window=3) };7.87985e-01;9.49204e-01;Pipeline { map_aggregate(attribute=NOx(GT), function=min, window=5) | map_aggregate(attribute=PT08.S4(NO2), function=max, window=10) | map_noise(attribute=PT08.S1(CO), percentage=0.05) | filter(PT08.S5(O3) > 0.0000) | map_aggregate(attribute=T, function=avg, window=7) };7.41322e-01;1.00000e+00;Pipeline { map_aggregate(attribute=C6H6(GT), function=max, window=3) }
datasets/airQuality_parallel.csv;nsga2;3;9;900;900;4.42590e+01;100;7;33;1.00000e+00;1.00000e+00;6.30000e-01;8.70869e-01;4.05696e-01;Pipeline { map_aggregate(attribute=AH, function=max, window=5) | filter(PT08.S5(O3) < 667.0000) | map_aggregate(attribute=NMHC(GT), function=min, window=6) | filter(PT08.S2(NMHC) < 804.0000) | map_duplicate(probability=1.00) | filter(NO2(GT) < 6270000000.0000) | map_duplicate(probability=0.90) | map_duplicate(probability=1.00) };7.41322e-01;1.00000e+00;Pipeline { map_aggregate(attribute=C6H6(GT), function=max, window=9) };7.93839e-01;0.00000e+00;Pipeline { map_aggregate(attribute=NOx(GT), function=min, window=5) | map_aggregate(attribute=CO(GT), function=max, window=6) | map_noise(attribute=PT08.S2(NMHC), percentage=0.05) | filter(PT08.S5(O3) > 0.0000) | map_aggregate(attribute=T, function=avg, window=10) };7.41322e-01;1.00000e+00;Pipeline { map_aggregate(attribute=T, function=max, window=4) }
datasets/airQuality_parallel.csv;nsga2;3;10;1000;1000;4.90290e+01;100;6;14;1.00000e+00;1.00000e+00;8.30000e-01;8.70869e-01;4.05696e-01;Pipeline { map_aggregate(attribute=AH, function=max, window=5) | filter(PT08.S5(O3) < 667.0000) | map_aggregate(attribute=NMHC(GT), function=min, window=6) | filter(PT08.S2(NMHC) < 804.0000) | map_duplicate(probability=1.00) | filter(NO2(GT) < 6270000000.0000) | map_duplicate(probability=0.90) | map_duplicate(probability=1.00) };7.41322e-01;1.00000e+00;Pipeline { map_aggregate(attribute=T, function=min, window=5) };8.07156e-01;9.49204e-01;Pipeline { map_aggregate(attribute=NOx(GT), function=min, window=5) | map_aggregate(attribute=AH, function=avg, window=7) | map_noise(attribute=PT08.S1(CO), percentage=0.05) | filter(PT08.S1(CO) < 9800000000.0000) | map_aggregate(attribute=NOx(GT), function=max, window=8) };7.80475e-01;1.00000e+00;Pipeline { map_aggregate(attribute=NOx(GT), function=avg, window=7) }
datasets/airQuality_parallel.csv;nsga2;3;11;1100;1100;5.47850e+01;100;7;1;1.00000e+00;1.00000e+00;9.40000e-01;8.70869e-01;4.05696e-01;Pipeline { map_aggregate(attribute=AH, function=max, window=5) | filter(PT08.S5(O3) < 667.0000) | map_aggregate(attribute=NMHC(GT), function=min, window=6) | filter(PT08.S2(NMHC) < 804.0000) | map_duplicate(probability=1.00) | filter(NO2(GT) < 6270000000.0000) | map_duplicate(probability=0.90) | map_duplicate(probability=1.00) };7.41379e-01;1.00000e+00;Pipeline { map_noise(attribute=NO2(GT), percentage=0.01) };8.22352e-01;4.07664e-01;Pipeline { map_aggregate(attribute=AH, function=max, window=5) | filter(PT08.S5(O3) < 667.0000) | map_aggregate(attribute=T, function=min, window=6) | filter(PT08.S2(NMHC) < 804.0000) | map_duplicate(probability=0.90) | filter(NO2(GT) < 827000000.0000) | map_duplicate(probability=0.90) | map_duplicate(probability=1.00) };7.77922e-01;9.54126e-01;Pipeline { map_aggregate(attribute=NO2(GT), function=avg, window=5) }
datasets/airQuality_parallel.csv;nsga2;3;12;1200;1200;6.09190e+01;100;7;2;1.00000e+00;1.00000e+00;9.80000e-01;8.70869e-01;4.05696e-01;Pipeline { map_aggregate(attribute=AH, function=max, window=5) | filter(PT08.S5(O3) < 667.0000) | map_aggregate(attribute=NMHC(GT), function=min, window=6) | filter(PT08.S2(NMHC) < 804.0000) | map_duplicate(probability=1.00) | filter(NO2(GT) < 6270000000.0000) | map_duplicate(probability=0.90) | map_duplicate(probability=1.00) };7.43667e-01;1.00000e+00;Pipeline { map_noise(attribute=NOx(GT), percentage=0.01) };8.38094e-01;4.07302e-01;Pipeline { map_aggregate(attribute=AH, function=max, window=5) | filter(PT08.S5(O3) < 667.0000) | map_aggregate(attribute=T, function=min, window=6) | filter(PT08.S2(NMHC) < 588000000.0000) | map_duplicate(probability=0.90) | filter(NO2(GT) < 827000000.0000) | map_duplicate(probability=0.90) | map_duplicate(probability=1.00) };7.91959e-01;9.49204e-01;Pipeline { map_aggregate(attribute=NOx(GT), function=min, window=5) | map_aggregate(attribute=PT08.S4(NO2), function=max, window=10) | map_noise(attribute=PT08.S1(CO), percentage=0.05) | filter(PT08.S5(O3) > 4.7800) | map_noise(attribute=NOx(GT), percentage=0.25) }
datasets/airQuality_parallel.csv;nsga2;3;13;1300;1300;6.70240e+01;100;6;12;1.00000e+00;1.00000e+00;9.80000e-01;8.70869e-01;4.05696e-01;Pipeline { map_aggregate(attribute=AH, function=max, window=5) | filter(PT08.S5(O3) < 667.0000) | map_aggregate(attribute=NMHC(GT), function=min, window=6) | filter(PT08.S2(NMHC) < 804.0000) | map_duplicate(probability=1.00) | filter(NO2(GT) < 6270000000.0000) | map_duplicate(probability=0.90) | map_duplicate(probability=1.00) };7.50877e-01;1.00000e+00;Pipeline { map_noise(attribute=NOx(GT), percentage=0.10) };8.44826e-01;4.09020e-01;Pipeline { map_aggregate(attribute=AH, function=max, window=9) | filter(PT08.S5(O3) < 667.0000) | map_aggregate(attribute=NMHC(GT), function=min, window=6) | filter(RH < 31600000.0000) | map_duplicate(probability=0.90) | filter(NO2(GT) < 227000000.0000) | map_duplicate(probability=0.90) | map_duplicate(probability=1.00) };8.07156e-01;9.49204e-01;Pipeline { map_aggregate(attribute=NOx(GT), function=min, window=5) | map_aggregate(attribute=AH, function=avg, window=7) | map_noise(attribute=PT08.S1(CO), percentage=0.05) | filter(PT08.S1(CO) < 9800000000.0000) | map_aggregate(attribute=NOx(GT), function=max, window=8) }
datasets/airQuality_parallel.csv;nsga2;3;14;1400;1400;7.33000e+01;100;6;8;1.00000e+00;1.00000e+00;9.80000e-01;8.70869e-01;4.05696e-01;Pipeline { map_aggregate(attribute=AH, function=max, window=5) | filter(PT08.S5(O3) < 667.0000) | map_aggregate(attribute=NMHC(GT), function=min, window=6) | filter(PT08.S2(NMHC) < 804.0000) | map_duplicate(probability=1.00) | filter(NO2(GT) < 6270000000.0000) | map_duplicate(probability=0.90) | map_duplicate(probability=1.00) };7.50877e-01;1.00000e+00;Pipeline { map_noise(attribute=NOx(GT), percentage=0.10) };8.52429e-01;4.05744e-01;Pipeline { map_aggregate(attribute=AH, function=max, window=9) | filter(PT08.S5(O3) < 667.0000) | map_aggregate(attribute=RH, function=min, window=6) | filter(PT08.S2(NMHC) < 804.0000) | map_duplicate(probability=1.00) | filter(NO2(GT) < 6250000000.0000) | map_duplicate(probability=0.90) | map_duplicate(probability=1.00) };8.08541e-01;9.49204e-01;Pipeline { map_aggregate(attribute=NOx(GT), function=min, window=5) | map_aggregate(attribute=NMHC(GT), function=min, window=9) | map_noise(attribute=PT08.S1(CO), percentage=0.05) | filter(PT08.S1(CO) < 9800000000.0000) | map_aggregate(attribute=NOx(GT), function=max, window=8) }
datasets/airQuality_parallel.csv;nsga2;3;15;1500;1500;8.07930e+01;100;6;10;1.00000e+00;1.00000e+00;9.80000e-01;8.70869e-01;4.05696e-01;Pipeline { map_aggregate(attribute=AH, function=max, window=5) | filter(PT08.S5(O3) < 667.0000) | map_aggregate(attribute=NMHC(GT), function=min, window=6) | filter(PT08.S2(NMHC) < 804.0000) | map_duplicate(probability=1.00) | filter(NO2(GT) < 6270000000.0000) | map_duplicate(probability=0.90) | map_duplicate(probability=1.00) };7.51611e-01;1.00000e+00;Pipeline { map_noise(attribute=NOx(GT), percentage=0.05) };8.59399e-01;4.05763e-01;Pipeline { map_aggregate(attribute=AH, function=max, window=9) | filter(PT08.S5(O3) < 667.0000) | map_aggregate(attribute=PT08.S4(NO2), function=min, window=5) | filter(PT08.S2(NMHC) < 806.0000) | map_duplicate(probability=1.00) | filter(NO2(GT) < 6270000000.0000) | map_duplicate(probability=0.90) | map_duplicate(probability=1.00) };8.11589e-01;9.49204e-01;Pipeline { map_aggregate(attribute=NOx(GT), function=min, window=4) | map_aggregate(attribute=NOx(GT), function=avg, window=5) | map_noise(attribute=T, percentage=0.01) | filter(PT08.S1(CO) < 9800000000.0000) | map_aggregate(attribute=T, function=min, window=10) }
datasets/airQuality_parallel.csv;nsga2;3;16;1600;1600;8.52880e+01;100;6;3;1.00000e+00;1.00000e+00;9.80000e-01;8.70869e-01;4.05696e-01;Pipeline { map_aggregate(attribute=AH, function=max, window=5) | filter(PT08.S5(O3) < 667.0000) | map_aggregate(attribute=NMHC(GT), function=min, window=6) | filter(PT08.S2(NMHC) < 804.0000) | map_duplicate(probability=1.00) | filter(NO2(GT) < 6270000000.0000) | map_duplicate(probability=0.90) | map_duplicate(probability=1.00) };7.54849e-01;1.00000e+00;Pipeline { map_aggregate(attribute=NOx(GT), function=avg, window=3) };8.62498e-01;4.09291e-01;Pipeline { map_noise(attribute=NMHC(GT), percentage=0.25) | filter(PT08.S5(O3) < 667.0000) | map_aggregate(attribute=NMHC(GT), function=min, window=6) | filter(RH < 83800000.0000) | map_duplicate(probability=0.90) | filter(NO2(GT) < 227000000.0000) | map_duplicate(probability=0.90) | map_duplicate(probability=0.90) };8.11623e-01;9.49204e-01;Pipeline { map_aggregate(attribute=NOx(GT), function=min, window=4) | map_aggregate(attribute=NOx(GT), function=avg, window=5) | map_noise(attribute=C6H6(GT), percentage=0.01) | filter(PT08.S1(CO) < 9800000000.0000) | map_aggregate(attribute=T, function=min, window=10) }
datasets/airQuality_parallel.csv;nsga2;3;17;1700;1700;9.23290e+01;100;6;9;1.00000e+00;1.00000e+00;9.80000e-01;8.70869e-01;4.05696e-01;Pipeline { map_aggregate(attribute=AH, function=max, window=5) | filter(PT08.S5(O3) < 667.0000) | map_aggregate(attribute=NMHC(GT), function=min, window=6) | filter(PT08.S2(NMHC) < 804.0000) | map_duplicate(probability=1.00) | filter(NO2(GT) < 6270000000.0000) | map_duplicate(probability=0.90) | map_duplicate(probability=1.00) };7.55042e-01;1.00000e+00;Pipeline { map_noise(attribute=NOx(GT), percentage=0.25) };8.63828e-01;4.05721e-01;Pipeline { map_aggregate(attribute=AH, function=max, window=7) | filter(PT08.S5(O3) < 667.0000) | map_aggregate(attribute=PT08.S3(NOx), function=min, window=7) | filter(PT08.S2(NMHC) < 807.0000) | map_duplicate(probability=1.00) | filter(NO2(GT) < 6570000000.0000) | map_duplicate(probability=0.90) | map_duplicate(probability=1.00) };8.16501e-01;6.65588e-01;Pipeline { map_aggregate(attribute=CO(GT), function=avg, window=6) }
datasets/airQuality_parallel.csv;nsga2;3;18;1800;1800;1.00228e+02;100;8;13;1.00000e+00;1.00000e+00;9.80000e-01;8.88290e-01;4.05781e-01;Pipeline { map_aggregate(attribute=PT08.S3(NOx), function=max, window=7) | filter(PT08.S5(O3) < 667.0000) | map_aggregate(attribute=PT08.S3(NOx), function=min, window=7) | filter(PT08.S2(NMHC) < 807.0000) | map_duplicate(probability=1.00) | filter(NO2(GT) < 6270000000.0000) | map_duplicate(probability=0.90) | map_duplicate(probability=1.00) };7.55042e-01;1.00000e+00;Pipeline { map_noise(attribute=NOx(GT), percentage=0.25) };8.65192e-01;4.08038e-01;Pipeline { map_aggregate(attribute=AH, function=max, window=4) | filter(PT08.S5(O3) < 662.0000) | map_aggregate(attribute=NMHC(GT), function=min, window=6) | filter(RH < 83800000.0000) | map_duplicate(probability=0.90) | filter(NO2(GT) < 2270000000.0000) | map_duplicate(probability=0.90) | map_duplicate(probability=1.00) };8.16501e-01;6.65588e-01;Pipeline { map_aggregate(attribute=CO(GT), function=avg, window=6) }
datasets/airQuality_parallel.csv;nsga2;3;19;1900;1900;1.08385e+02;100;7;16;1.00000e+00;1.00000e+00;9.80000e-01;8.88290e-01;4.05781e-01;Pipeline { map_aggregate(attribute=PT08.S3(NOx), function=max, window=7) | filter(PT08.S5(O3) < 667.0000) | map_aggregate(attribute=PT08.S3(NOx), function=min, window=7) | filter(PT08.S2(NMHC) < 807.0000) | map_duplicate(probability=1.00) | filter(NO2(GT) < 6270000000.0000) | map_duplicate(probability=0.90) | map_duplicate(probability=1.00) };7.55042e-01;1.00000e+00;Pipeline { map_noise(attribute=NOx(GT), percentage=0.25) };8.67370e-01;4.05948e-01;Pipeline { map_aggregate(attribute=AH, function=avg, window=7) | filter(PT08.S5(O3) < 667.0000) | map_aggregate(attribute=NMHC(GT), function=min, window=6) | filter(PT08.S2(NMHC) < 804.0000) | map_duplicate(probability=1.00) | filter(NO2(GT) < 6970000000.0000) | map_duplicate(probability=0.90) | map_duplicate(probability=1.00) };8.11640e-01;9.49204e-01;Pipeline { map_aggregate(attribute=NOx(GT), function=min, window=4) | map_aggregate(attribute=NOx(GT), function=avg, window=5) | map_noise(attribute=C6H6(GT), percentage=0.01) | filter(PT08.S1(CO) < 9800000.0000) | map_aggregate(attribute=T, function=min, window=10) }
datasets/airQuality_parallel.csv;nsga2;3;20;2000;2000;1.14280e+02;100;10;13;1.00000e+00;1.00000e+00;9.80000e-01;8.88290e-01;4.05781e-01;Pipeline { map_aggregate(attribute=PT08.S3(NOx), function=max, window=7) | filter(PT08.S5(O3) < 667.0000) | map_aggregate(attribute=PT08.S3(NOx), function=min, window=7) | filter(PT08.S2(NMHC) < 807.0000) | map_duplicate(probability=1.00) | filter(NO2(GT) < 6270000000.0000) | map_duplicate(probability=0.90) | map_duplicate(probability=1.00) };7.55042e-01;1.00000e+00;Pipeline { map_noise(attribute=NOx(GT), percentage=0.25) };8.68424e-01;4.05816e-01;Pipeline { map_aggregate(attribute=AH, function=max, window=5) | filter(PT08.S5(O3) < 667.0000) | map_aggregate(attribute=NMHC(GT), function=min, window=6) | filter(PT08.S2(NMHC) < 804.0000) | map_duplicate(probability=1.00) | filter(NO2(GT) > 0.9500) | map_duplicate(probability=0.90) | map_duplicate(probability=1.00) };8.11640e-01;9.49204e-01;Pipeline { map_aggregate(attribute=NOx(GT), function=min, window=4) | map_aggregate(attribute=NOx(GT), function=avg, window=5) | map_noise(attribute=C6H6(GT), percentage=0.01) | filter(PT08.S1(CO) < 9800000.0000) | map_aggregate(attribute=T, function=min, window=10) }
datasets/airQuality_parallel.csv;nsga2;3;21;2100;2100;1.20982e+02;100;11;8;1.00000e+00;1.00000e+00;9.80000e-01;8.88290e-01;4.05781e-01;Pipeline { map_aggregate(attribute=PT08.S3(NOx), function=max, window=7) | filter(PT08.S5(O3) < 667.0000) | map_aggregate(attribute=PT08.S3(NOx), function=min, window=7) | filter(PT08.S2(NMHC) < 807.0000) | map_duplicate(probability=1.00) | filter(NO2(GT) < 6270000000.0000) | map_duplicate(probability=0.90) | map_duplicate(probability=1.00) };7.55042e-01;1.00000e+00;Pipeline { map_noise(attribute=NOx(GT), percentage=0.25) };8.69130e-01;4.08712e-01;Pipeline { map_aggregate(attribute=AH, function=max, window=3) | filter(PT08.S5(O3) < 661.0000) | map_aggregate(attribute=PT08.S5(O3), function=min, window=6) | filter(RH < 83800000.0000) | map_duplicate(probability=0.90) | filter(NO2(GT) < 821.0000) | map_duplicate(probability=0.90) | map_duplicate(probability=1.00) };8.12021e-01;9.49204e-01;Pipeline { map_aggregate(attribute=NOx(GT), function=min, window=4) | map_aggregate(attribute=NOx(GT), function=avg, window=5) | map_noise(attribute=C6H6(GT), percentage=0.01) | filter(PT08.S1(CO) < 980000.0000) | map_aggregate(attribute=T, function=min, window=10) }
datasets/airQuality_parallel.csv;nsga2;3;22;2200;2200;1.31089e+02;100;13;7;1.00000e+00;1.00000e+00;9.80000e-01;8.88290e-01;4.05781e-01;Pipeline { map_aggregate(attribute=PT08.S3(NOx), function=max, window=7) | filter(PT08.S5(O3) < 667.0000) | map_aggregate(attribute=PT08.S3(NOx), function=min, window=7) | filter(PT08.S2(NMHC) < 807.0000) | map_duplicate(probability=1.00) | filter(NO2(GT) < 6270000000.0000) | map_duplicate(probability=0.90) | map_duplicate(probability=1.00) };7.55042e-01;1.00000e+00;Pipeline { map_noise(attribute=NOx(GT), percentage=0.25) };8.70448e-01;4.05749e-01;Pipeline { map_aggregate(attribute=AH, function=avg, window=7) | filter(PT08.S5(O3) < 667.0000) | map_aggregate(attribute=PT08.S1(CO), function=min, window=6) | filter(PT08.S2(NMHC) < 804.0000) | map_duplicate(probability=1.00) | filter(NO2(GT) < 6220000000.0000) | map_duplicate(probability=0.90) | map_duplicate(probability=1.00) };8.16501e-01;6.65588e-01;Pipeline { map_aggregate(attribute=CO(GT), function=avg, window=6) }
datasets/airQuality_parallel.csv;nsga2;3;23;2300;2300;1.39556e+02;100;12;5;1.00000e+00;1.00000e+00;9.80000e-01;8.88290e-01;4.05781e-01;Pipeline { map_aggregate(attribute=PT08.S3(NOx), function=max, window=7) | filter(PT08.S5(O3) < 667.0000) | map_aggregate(attribute=PT08.S3(NOx), function=min, window=7) | filter(PT08.S2(NMHC) < 807.0000) | map_duplicate(probability=1.00) | filter(NO2(GT) < 6270000000.0000) | map_duplicate(probability=0.90) | map_duplicate(probability=1.00) };7.55042e-01;1.00000e+00;Pipeline { map_noise(attribute=NOx(GT), percentage=0.25) };8.70936e-01;4.09823e-01;Pipeline { map_aggregate(attribute=AH, function=max, window=5) | filter(PT08.S5(O3) < 667.0000) | map_aggregate(attribute=PT08.S4(NO2), function=avg, window=9) | filter(PT08.S2(NMHC) < 3410000.0000) | map_duplicate(probability=0.90) | filter(NO2(GT) < 7270000000.0000) | map_duplicate(probability=0.80) | map_duplicate(probability=1.00) };8.16446e-01;6.61158e-01;Pipeline { map_aggregate(attribute=CO(GT), function=avg, window=7) }
datasets/airQuality_parallel.csv;nsga2;3;24;2400;2400;1.45971e+02;100;16;1;1.00000e+00;9.90000e-01;9.80000e-01;8.88290e-01;4.05781e-01;Pipeline { map_aggregate(attribute=PT08.S3(NOx), function=max, window=7) | filter(PT08.S5(O3) < 667.0000) | map_aggregate(attribute=PT08.S3(NOx), function=min, window=7) | filter(PT08.S2(NMHC) < 807.0000) | map_duplicate(probability=1.00) | filter(NO2(GT) < 6270000000.0000) | map_duplicate(probability=0.90) | map_duplicate(probability=1.00) };7.56866e-01;1.00000e+00;Pipeline { map_aggregate(attribute=NOx(GT), function=min, window=3) };8.72251e-01;4.11211e-01;Pipeline { map_aggregate(attribute=AH, function=max, window=5) | filter(PT08.S5(O3) < 667.0000) | map_aggregate(attribute=NMHC(GT), function=min, window=6) | filter(PT08.S2(NMHC) < 804.0000) | map_duplicate(probability=1.00) | filter(CO(GT) < 5270000000.0000) | map_duplicate(probability=0.90) | map_duplicate(probability=1.00) };8.33033e-01;5.07693e-01;Pipeline { filter(PT08.S2(NMHC) < 251000000.0000) | map_duplicate(probability=0.20) | map_aggregate(attribute=NMHC(GT), function=avg, window=7) | filter(C6H6(GT) < 9.0800) | map_duplicate(probability=0.40) | map_duplicate(probability=0.20) | filter(PT08.S3(NOx) > 2.5500) }
datasets/airQuality_parallel.csv;nsga2;3;25;2500;2500;1.52920e+02;100;13;8;1.00000e+00;1.00000e+00;1.00000e+00;8.88290e-01;4.05781e-01;Pipeline { map_aggregate(attribute=PT08.S3(NOx), function=max, window=7) | filter(PT08.S5(O3) < 667.0000) | map_aggregate(attribute=PT08.S3(NOx), function=min, window=7) | filter(PT08.S2(NMHC) < 807.0000) | map_duplicate(probability=1.00) | filter(NO2(GT) < 6270000000.0000) | map_duplicate(probability=0.90) | map_duplicate(probability=1.00) };7.79352e-01;1.00000e+00;Pipeline { map_aggregate(attribute=NOx(GT), function=avg, window=8) };8.74659e-01;4.07069e-01;Pipeline { map_aggregate(attribute=CO(GT), function=avg, window=3) | filter(PT08.S5(O3) > 667.0000) | map_noise(attribute=PT08.S3(NOx), percentage=0.01) | filter(PT08.S2(NMHC) < 800.0000) | map_duplicate(probability=1.00) | filter(NO2(GT) < 2270000000.0000) | map_duplicate(probability=1.00) | map_duplicate(probability=1.00) };8.18144e-01;5.06830e-01;Pipeline { filter(PT08.S2(NMHC) < 201000000.0000) | map_duplicate(probability=0.20) | map_aggregate(attribute=NMHC(GT), function=avg, window=7) | filter(C6H6(GT) < 9.0300) | map_duplicate(probability=0.40) | map_duplicate(probability=0.20) | filter(PT08.S3(NOx) > 0.2550) }
datasets/airQuality_parallel.csv;nsga2;3;26;2600;2600;1.59078e+02;100;9;6;1.00000e+00;1.00000e+00;1.00000e+00;8.88290e-01;4.05781e-01;Pipeline { map_aggregate(attribute=PT08.S3(NOx), function=max, window=7) | filter(PT08.S5(O3) < 667.0000) | map_aggregate(attribute=PT08.S3(NOx), function=min, window=7) | filter(PT08.S2(NMHC) < 807.0000) | map_duplicate(probability=1.00) | filter(NO2(GT) < 6270000000.0000) | map_duplicate(probability=0.90) | map_duplicate(probability=1.00) };7.79352e-01;1.00000e+00;Pipeline { map_aggregate(attribute=NOx(GT), function=avg, window=8) };8.76311e-01;4.12763e-01;Pipeline { map_aggregate(attribute=AH, function=max, window=5) | filter(PT08.S5(O3) < 667.0000) | map_aggregate(attribute=AH, function=min, window=10) | filter(CO(GT) < 80400.0000) | map_duplicate(probability=1.00) | filter(NO2(GT) < 6570000000.0000) | map_duplicate(probability=0.90) | map_duplicate(probability=1.00) };8.52913e-01;5.07178e-01;Pipeline { filter(PT08.S2(NMHC) < 253000000.0000) | map_duplicate(probability=0.10) | map_aggregate(attribute=NMHC(GT), function=max, window=7) | filter(C6H6(GT) < 9.0800) | map_duplicate(probability=0.40) | map_duplicate(probability=0.20) | filter(PT08.S3(NOx) > 0.7550) }
datasets/airQuality_parallel.csv;nsga2;3;27;2700;2700;1.67098e+02;100;11;16;1.00000e+00;9.90000e-01;1.00000e+00;8.88290e-01;4.05781e-01;Pipeline { map_aggregate(attribute=PT08.S3(NOx), function=max, window=7) | filter(PT08.S5(O3) < 667.0000) | map_aggregate(attribute=PT08.S3(NOx), function=min, window=7) | filter(PT08.S2(NMHC) < 807.0000) | map_duplicate(probability=1.00) | filter(NO2(GT) < 6270000000.0000) | map_duplicate(probability=0.90) | map_duplicate(probability=1.00) };7.79352e-01;1.00000e+00;Pipeline { map_aggregate(attribute=NOx(GT), function=avg, window=8) };8.76687e-01;4.12847e-01;Pipeline { map_aggregate(attribute=AH, function=max, window=5) | filter(PT08.S5(O3) < 667.0000) | map_aggregate(attribute=AH, function=min, window=6) | filter(CO(GT) < 894.0000) | map_duplicate(probability=1.00) | filter(NO2(GT) < 6270000000.0000) | map_duplicate(probability=0.90) | map_duplicate(probability=1.00) };8.19738e-01;5.07846e-01;Pipeline { filter(PT08.S2(NMHC) < 258000000.0000) | map_duplicate(probability=0.10) | map_aggregate(attribute=PT08.S3(NOx), function=max, window=6) | filter(C6H6(GT) < 9.0800) | map_duplicate(probability=0.40) | map_duplicate(probability=0.20) | filter(PT08.S3(NOx) > 0.7550) }
datasets/airQuality_parallel.csv;nsga2;3;28;2800;2800;1.74962e+02;100;8;8;1.00000e+00;9.80000e-01;1.00000e+00;8.94772e-01;4.22992e-01;Pipeline { map_aggregate(attribute=CO(GT), function=avg, window=6) | filter(PT08.S5(O3) > 661.0000) | map_noise(attribute=PT08.S3(NOx), percentage=0.01) | filter(PT08.S2(NMHC) < 807.0000) | map_duplicate(probability=1.00) | filter(NO2(GT) < 8270000000.0000) | map_duplicate(probability=0.90) | map_duplicate(probability=1.00) };7.47114e-01;1.00000e+00;Pipeline { map_noise(attribute=NOx(GT), percentage=0.10) };8.76950e-01;4.06013e-01;Pipeline { map_noise(attribute=C6H6(GT), percentage=0.10) | filter(PT08.S5(O3) < 667.0000) | map_aggregate(attribute=PT08.S3(NOx), function=min, window=7) | filter(PT08.S2(NMHC) < 807.0000) | map_duplicate(probability=1.00) | filter(NO2(GT) < 6270000000.0000) | map_duplicate(probability=0.90) | map_duplicate(probability=1.00) };8.64040e-01;5.21069e-01;Pipeline { filter(PT08.S2(NMHC) < 231000000.0000) | map_duplicate(probability=0.10) | map_aggregate(attribute=NMHC(GT), function=avg, window=7) | filter(C6H6(GT) < 9.4400) | map_duplicate(probability=0.40) | map_duplicate(probability=0.20) | filter(PT08.S3(NOx) > 2.8300) }
datasets/airQuality_parallel.csv;nsga2;3;29;2900;2900;1.83173e+02;100;10;6;1.00000e+00;9.80000e-01;1.00000e+00;8.94772e-01;4.22992e-01;Pipeline { map_aggregate(attribute=CO(GT), function=avg, window=6) | filter(PT08.S5(O3) > 661.0000) | map_noise(attribute=PT08.S3(NOx), percentage=0.01) | filter(PT08.S2(NMHC) < 807.0000) | map_duplicate(probability=1.00) | filter(NO2(GT) < 8270000000.0000) | map_duplicate(probability=0.90) | map_duplicate(probability=1.00) };7.47114e-01;1.00000e+00;Pipeline { map_noise(attribute=NOx(GT), percentage=0.10) };8.78488e-01;4.05945e-01;Pipeline { map_aggregate(attribute=NMHC(GT), function=max, window=6) | filter(PT08.S5(O3) < 667.0000) | map_aggregate(attribute=PT08.S3(NOx), function=min, window=7) | filter(PT08.S2(NMHC) < 807.0000) | map_duplicate(probability=1.00) | filter(NO2(GT) < 53000000.0000) | map_duplicate(probability=0.90) | map_duplicate(probability=1.00) };8.70130e-01;5.21474e-01;Pipeline { filter(PT08.S2(NMHC) < 251000000.0000) | map_duplicate(probability=0.10) | map_aggregate(attribute=NMHC(GT), function=avg, window=7) | filter(C6H6(GT) < 9.4400) | map_duplicate(probability=0.40) | map_duplicate(probability=0.20) | filter(PT08.S3(NOx) > 2.8300) }
datasets/airQuality_parallel.csv;nsga2;3;30;3000;3000;1.89633e+02;100;12;22;1.00000e+00;9.90000e-01;1.00000e+00;8.94772e-01;4.22992e-01;Pipeline { map_aggregate(attribute=CO(GT), function=avg, window=6) | filter(PT08.S5(O3) > 661.0000) | map_noise(attribute=PT08.S3(NOx), percentage=0.01) | filter(PT08.S2(NMHC) < 807.0000) | map_duplicate(probability=1.00) | filter(NO2(GT) < 8270000000.0000) | map_duplicate(probability=0.90) | map_duplicate(probability=1.00) };7.79352e-01;1.00000e+00;Pipeline { map_aggregate(attribute=NOx(GT), function=avg, window=8) };8.78488e-01;4.05945e-01;Pipeline { map_aggregate(attribute=NMHC(GT), function=max, window=6) | filter(PT08.S5(O3) < 667.0000) | map_aggregate(attribute=PT08.S3(NOx), function=min, window=7) | filter(PT08.S2(NMHC) < 807.0000) | map_duplicate(probability=1.00) | filter(NO2(GT) < 53000000.0000) | map_duplicate(probability=0.90) | map_duplicate(probability=1.00) };8.64040e-01;5.21069e-01;Pipeline { filter(PT08.S2(NMHC) < 231000000.0000) | map_duplicate(probability=0.10) | map_aggregate(attribute=NMHC(GT), function=avg, window=7) | filter(C6H6(GT) < 9.4400) | map_duplicate(probability=0.40) | map_duplicate(probability=0.20) | filter(PT08.S3(NOx) > 2.8300) }
datasets/airQuality_parallel.csv;nsga2;3;31;3100;3100;1.95930e+02;100;14;17;1.00000e+00;9.90000e-01;1.00000e+00;8.94772e-01;4.22992e-01;Pipeline { map_aggregate(attribute=CO(GT), function=avg, window=6) | filter(PT08.S5(O3) > 661.0000) | map_noise(attribute=PT08.S3(NOx), percentage=0.01) | filter(PT08.S2(NMHC) < 807.0000) | map_duplicate(probability=1.00) | filter(NO2(GT) < 8270000000.0000) | map_duplicate(probability=0.90) | map_duplicate(probability=1.00) };7.79352e-01;1.00000e+00;Pipeline { map_aggregate(attribute=NOx(GT), function=avg, window=8) };8.78488e-01;4.05945e-01;Pipeline { map_aggregate(attribute=NMHC(GT), function=max, window=6) | filter(PT08.S5(O3) < 667.0000) | map_aggregate(attribute=PT08.S3(NOx), function=min, window=7) | filter(PT08.S2(NMHC) < 807.0000) | map_duplicate(probability=1.00) | filter(NO2(GT) < 53000000.0000) | map_duplicate(probability=0.90) | map_duplicate(probability=1.00) };8.70130e-01;5.21474e-01;Pipeline { filter(PT08.S2(NMHC) < 251000000.0000) | map_duplicate(probability=0.10) | map_aggregate(attribute=NMHC(GT), function=avg, window=7) | filter(C6H6(GT) < 9.4400) | map_duplicate(probability=0.40) | map_duplicate(probability=0.20) | filter(PT08.S3(NOx) > 2.8300) }
datasets/airQuality_parallel.csv;nsga2;3;32;3200;3200;2.02762e+02;100;16;8;1.00000e+00;1.00000e+00;1.00000e+00;8.97342e-01;4.17522e-01;Pipeline { map_aggregate(attribute=CO(GT), function=avg, window=4) | filter(PT08.S5(O3) > 661.0000) | map_noise(attribute=PT08.S3(NOx), percentage=0.01) | filter(PT08.S2(NMHC) < 807.0000) | map_duplicate(probability=1.00) | filter(NO2(GT) < 8070000000.0000) | map_duplicate(probability=0.90) | map_duplicate(probability=1.00) };7.79352e-01;1.00000e+00;Pipeline { map_aggregate(attribute=NOx(GT), function=avg, window=8) };8.79813e-01;4.06289e-01;Pipeline { map_aggregate(attribute=NMHC(GT), function=max, window=6) | filter(PT08.S5(O3) < 667.0000) | map_aggregate(attribute=PT08.S3(NOx), function=min, window=7) | filter(PT08.S2(NMHC) < 807.0000) | map_duplicate(probability=1.00) | filter(NO2(GT) < 6150000000.0000) | map_duplicate(probability=0.90) | map_duplicate(probability=1.00) };8.70315e-01;5.22142e-01;Pipeline { filter(PT08.S1(CO) > 0.0000) | map_duplicate(probability=0.10) | map_aggregate(attribute=NMHC(GT), function=avg, window=7) | filter(C6H6(GT) < 9.4800) | map_duplicate(probability=0.40) | map_duplicate(probability=0.20) | filter(PT08.S3(NOx) > 0.7550) }
datasets/airQuality_parallel.csv;nsga2;3;33;3300;3300;2.10753e+02;100;19;9;1.00000e+00;1.00000e+00;1.00000e+00;8.97374e-01;4.22529e-01;Pipeline { map_aggregate(attribute=CO(GT), function=avg, window=6) | filter(PT08.S5(O3) > 661.0000) | map_noise(attribute=PT08.S3(NOx), percentage=0.01) | filter(PT08.S2(NMHC) < 807.0000) | map_duplicate(probability=1.00) | filter(NO2(GT) < 8270000.0000) | map_duplicate(probability=0.90) | map_duplicate(probability=1.00) };7.79352e-01;1.00000e+00;Pipeline { map_aggregate(attribute=NOx(GT), function=avg, window=8) };8.80806e-01;4.11737e-01;Pipeline { map_aggregate(attribute=AH, function=max, window=5) | filter(PT08.S5(O3) < 667.0000) | map_aggregate(attribute=NO2(GT), function=avg, window=4) | filter(PT08.S2(NMHC) < 804.0000) | map_duplicate(probability=1.00) | filter(CO(GT) < 6270000000.0000) | map_duplicate(probability=0.90) | map_duplicate(probability=1.00) };8.14478e-01;5.22849e-01;Pipeline { filter(PT08.S2(NMHC) < 751000000.0000) | map_duplicate(probability=0.10) | map_aggregate(attribute=NMHC(GT), function=avg, window=7) | filter(C6H6(GT) < 9.4400) | map_duplicate(probability=0.40) | map_duplicate(probability=0.10) | filter(PT08.S3(NOx) > 0.7550) }
datasets/airQuality_parallel.csv;nsga2;3;34;3400;3400;2.18649e+02;100;18;16;1.00000e+00;9.90000e-01;1.00000e+00;8.97374e-01;4.22529e-01;Pipeline { map_aggregate(attribute=CO(GT), function=avg, window=6) | filter(PT08.S5(O3) > 661.0000) | map_noise(attribute=PT08.S3(NOx), percentage=0.01) | filter(PT08.S2(NMHC) < 807.0000) | map_duplicate(probability=1.00) | filter(NO2(GT) < 8270000.0000) | map_duplicate(probability=0.90) | map_duplicate(probability=1.00) };7.80055e-01;1.00000e+00;Pipeline { map_aggregate(attribute=NOx(GT), function=avg, window=9) };8.81691e-01;4.27704e-01;Pipeline { map_aggregate(attribute=CO(GT), function=avg, window=9) | filter(PT08.S5(O3) > 667.0000) | map_noise(attribute=PT08.S3(NOx), percentage=0.01) | filter(PT08.S2(NMHC) < 807.0000) | map_duplicate(probability=1.00) | filter(NO2(GT) < 8270000000.0000) | map_duplicate(probability=0.90) | map_duplicate(probability=1.00) };8.63490e-01;5.22741e-01;Pipeline { filter(PT08.S2(NMHC) < 251000000.0000) | map_duplicate(probability=0.10) | map_aggregate(attribute=NMHC(GT), function=avg, window=7) | filter(C6H6(GT) < 9.5400) | map_duplicate(probability=0.40) | map_duplicate(probability=0.20) | filter(PT08.S3(NOx) > 2.8300) }
datasets/airQuality_parallel.csv;nsga2;3;35;3500;3500;2.25863e+02;100;18;10;1.00000e+00;9.80000e-01;1.00000e+00;8.97374e-01;4.22529e-01;Pipeline { map_aggregate(attribute=CO(GT), function=avg, window=6) | filter(PT08.S5(O3) > 661.0000) | map_noise(attribute=PT08.S3(NOx), percentage=0.01) | filter(PT08.S2(NMHC) < 807.0000) | map_duplicate(probability=1.00) | filter(NO2(GT) < 8270000.0000) | map_duplicate(probability=0.90) | map_duplicate(probability=1.00) };7.80055e-01;1.00000e+00;Pipeline { map_aggregate(attribute=NOx(GT), function=avg, window=9) };8.82744e-01;4.28213e-01;Pipeline { map_aggregate(attribute=CO(GT), function=avg, window=9) | filter(PT08.S5(O3) > 667.0000) | map_noise(attribute=PT08.S3(NOx), percentage=0.01) | filter(PT08.S2(NMHC) < 807.0000) | map_duplicate(probability=1.00) | filter(NO2(GT) < 997000000.0000) | map_duplicate(probability=0.90) | map_duplicate(probability=1.00) };8.14478e-01;5.22849e-01;Pipeline { filter(PT08.S2(NMHC) < 751000000.0000) | map_duplicate(probability=0.10) | map_aggregate(attribute=NMHC(GT), function=avg, window=7) | filter(C6H6(GT) < 9.4400) | map_duplicate(probability=0.40) | map_duplicate(probability=0.10) | filter(PT08.S3(NOx) > 0.7550) }
datasets/airQuality_parallel.csv;nsga2;3;36;3600;3600;2.34724e+02;100;22;10;1.00000e+00;9.70000e-01;1.00000e+00;8.98643e-01;4.17869e-01;Pipeline { map_aggregate(attribute=CO(GT), function=avg, window=4) | filter(PT08.S5(O3) > 661.0000) | map_noise(attribute=PT08.S3(NOx), percentage=0.01) | filter(PT08.S2(NMHC) < 807.0000) | map_duplicate(probability=1.00) | filter(NO2(GT) < 8000000000.0000) | map_duplicate(probability=0.90) | map_duplicate(probability=1.00) };7.80475e-01;1.00000e+00;Pipeline { map_aggregate(attribute=NOx(GT), function=avg, window=7) };8.82744e-01;4.28213e-01;Pipeline { map_aggregate(attribute=CO(GT), function=avg, window=9) | filter(PT08.S5(O3) > 667.0000) | map_noise(attribute=PT08.S3(NOx), percentage=0.01) | filter(PT08.S2(NMHC) < 807.0000) | map_duplicate(probability=1.00) | filter(NO2(GT) < 997000000.0000) | map_duplicate(probability=0.90) | map_duplicate(probability=1.00) };8.47033e-01;5.38081e-01;Pipeline { filter(PT08.S1(CO) < 258000000.0000) | map_duplicate(probability=0.10) | map_aggregate(attribute=CO(GT), function=avg, window=7) | filter(C6H6(GT) < 9.0800) | map_duplicate(probability=0.40) | map_duplicate(probability=0.20) | filter(PT08.S3(NOx) > 77.5000) }
datasets/airQuality_parallel.csv;nsga2;3;37;3700;3700;2.45160e+02;100;25;4;1.00000e+00;9.70000e-01;1.00000e+00;8.98643e-01;4.17869e-01;Pipeline { map_aggregate(attribute=CO(GT), function=avg, window=4) | filter(PT08.S5(O3) > 661.0000) | map_noise(attribute=PT08.S3(NOx), percentage=0.01) | filter(PT08.S2(NMHC) < 807.0000) | map_duplicate(probability=1.00) | filter(NO2(GT) < 8000000000.0000) | map_duplicate(probability=0.90) | map_duplicate(probability=1.00) };7.80475e-01;1.00000e+00;Pipeline { map_aggregate(attribute=NOx(GT), function=avg, window=7) };8.83804e-01;4.27046e-01;Pipeline { map_aggregate(attribute=CO(GT), function=avg, window=9) | filter(PT08.S5(O3) > 667.0000) | map_noise(attribute=PT08.S3(NOx), percentage=0.01) | filter(PT08.S2(NMHC) < 807.0000) | map_duplicate(probability=1.00) | filter(NO2(GT) < 8770000000.0000) | map_duplicate(probability=0.90) | map_duplicate(probability=1.00) };8.47039e-01;5.40469e-01;Pipeline { filter(PT08.S1(CO) < 258000000.0000) | map_duplicate(probability=0.10) | map_aggregate(attribute=CO(GT), function=avg, window=7) | filter(C6H6(GT) < 9.0800) | map_duplicate(probability=0.40) | map_duplicate(probability=0.20) | filter(PT08.S3(NOx) > 77.5000) }
datasets/airQuality_parallel.csv;nsga2;3;38;3800;3800;2.51497e+02;100;27;22;1.00000e+00;9.70000e-01;1.00000e+00;8.98643e-01;4.17869e-01;Pipeline { map_aggregate(attribute=CO(GT), function=avg, window=4) | filter(PT08.S5(O3) > 661.0000) | map_noise(attribute=PT08.S3(NOx), percentage=0.01) | filter(PT08.S2(NMHC) < 807.0000) | map_duplicate(probability=1.00) | filter(NO2(GT) < 8000000000.0000) | map_duplicate(probability=0.90) | map_duplicate(probability=1.00) };7.81075e-01;1.00000e+00;Pipeline { map_aggregate(attribute=NOx(GT), function=avg, window=10) };8.82622e-01;4.28479e-01;Pipeline { map_aggregate(attribute=CO(GT), function=avg, window=10) | filter(PT08.S5(O3) > 667.0000) | map_noise(attribute=T, percentage=0.25) | filter(PT08.S2(NMHC) < 807.0000) | map_duplicate(probability=1.00) | filter(NO2(GT) < 8270000000.0000) | map_duplicate(probability=0.90) | map_duplicate(probability=1.00) };8.43066e-01;5.40652e-01;Pipeline { filter(PT08.S1(CO) < 258000000.0000) | map_duplicate(probability=0.10) | map_aggregate(attribute=CO(GT), function=avg, window=10) | filter(C6H6(GT) < 9.0800) | map_duplicate(probability=0.40) | map_duplicate(probability=0.20) | filter(PT08.S3(NOx) > 77.5000) }
datasets/airQuality_parallel.csv;nsga2;3;39;3900;3900;2.58517e+02;100;23;24;1.00000e+00;9.60000e-01;1.00000e+00;8.98887e-01;4.23317e-01;Pipeline { map_aggregate(attribute=CO(GT), function=avg, window=6) | filter(PT08.S5(O3) > 661.0000) | map_noise(attribute=PT08.S5(O3), percentage=0.01) | filter(PT08.S2(NMHC) < 807.0000) | map_duplicate(probability=1.00) | filter(NO2(GT) < 5270000000.0000) | map_duplicate(probability=0.90) | map_duplicate(probability=1.00) };7.81075e-01;1.00000e+00;Pipeline { map_aggregate(attribute=NOx(GT), function=avg, window=10) };8.83038e-01;4.24713e-01;Pipeline { map_aggregate(attribute=CO(GT), function=avg, window=8) | filter(PT08.S5(O3) > 661.0000) | map_noise(attribute=PT08.S3(NOx), percentage=0.10) | filter(PT08.S2(NMHC) < 807.0000) | map_duplicate(probability=1.00) | filter(NO2(GT) < 5280000000.0000) | map_duplicate(probability=0.90) | map_duplicate(probability=1.00) };8.26009e-01;5.40742e-01;Pipeline { filter(AH < 252000000.0000) | map_duplicate(probability=0.10) | map_aggregate(attribute=CO(GT), function=avg, window=7) | filter(C6H6(GT) < 9.0800) | map_duplicate(probability=0.40) | map_duplicate(probability=0.30) | filter(PT08.S3(NOx) > 0.7750) }
datasets/airQuality_parallel.csv;nsga2;3;40;4000;4000;2.65253e+02;100;24;25;1.00000e+00;9.60000e-01;1.00000e+00;8.98887e-01;4.23317e-01;Pipeline { map_aggregate(attribute=CO(GT), function=avg, window=6) | filter(PT08.S5(O3) > 661.0000) | map_noise(attribute=PT08.S5(O3), percentage=0.01) | filter(PT08.S2(NMHC) < 807.0000) | map_duplicate(probability=1.00) | filter(NO2(GT) < 5270000000.0000) | map_duplicate(probability=0.90) | map_duplicate(probability=1.00) };7.81075e-01;1.00000e+00;Pipeline { map_aggregate(attribute=NOx(GT), function=avg, window=10) };8.84595e-01;4.27403e-01;Pipeline { map_aggregate(attribute=CO(GT), function=avg, window=9) | filter(PT08.S5(O3) > 667.0000) | map_noise(attribute=PT08.S3(NOx), percentage=0.01) | filter(PT08.S2(NMHC) < 807.0000) | map_duplicate(probability=1.00) | filter(NO2(GT) < 197000000.0000) | map_duplicate(probability=0.90) | map_duplicate(probability=1.00) };8.46799e-01;5.40805e-01;Pipeline { filter(PT08.S1(CO) < 252000000.0000) | map_duplicate(probability=0.10) | map_aggregate(attribute=CO(GT), function=avg, window=7) | filter(C6H6(GT) < 9.0800) | map_duplicate(probability=0.40) | map_duplicate(probability=0.20) | filter(PT08.S3(NOx) > 0.7750) }
datasets/airQuality_parallel.csv;nsga2;3;41;4100;4100;2.70159e+02;100;24;22;1.00000e+00;9.80000e-01;1.00000e+00;8.98887e-01;4.23317e-01;Pipeline { map_aggregate(attribute=CO(GT), function=avg, window=6) | filter(PT08.S5(O3) > 661.0000) | map_noise(attribute=PT08.S5(O3), percentage=0.01) | filter(PT08.S2(NMHC) < 807.0000) | map_duplicate(probability=1.00) | filter(NO2(GT) < 5270000000.0000) | map_duplicate(probability=0.90) | map_duplicate(probability=1.00) };7.81075e-01;1.00000e+00;Pipeline { map_aggregate(attribute=NOx(GT), function=avg, window=10) };8.85850e-01;4.28076e-01;Pipeline { map_aggregate(attribute=CO(GT), function=avg, window=10) | filter(PT08.S5(O3) > 667.0000) | map_noise(attribute=PT08.S3(NOx), percentage=0.01) | filter(PT08.S2(NMHC) < 807.0000) | map_duplicate(probability=1.00) | filter(NO2(GT) < 8270000000.0000) | map_duplicate(probability=0.90) | map_duplicate(probability=1.00) };8.45036e-01;5.40851e-01;Pipeline { filter(PT08.S2(NMHC) < 25800.0000) | map_duplicate(probability=0.10) | map_aggregate(attribute=CO(GT), function=avg, window=7) | filter(C6H6(GT) < 9.0500) | map_duplicate(probability=0.40) | map_duplicate(probability=0.20) | filter(PT08.S3(NOx) > 0.7750) }
datasets/airQuality_parallel.csv;nsga2;3;42;4200;4200;2.77687e+02;100;18;14;1.00000e+00;9.90000e-01;1.00000e+00;8.98887e-01;4.23317e-01;Pipeline { map_aggregate(attribute=CO(GT), function=avg, window=6) | filter(PT08.S5(O3) > 661.0000) | map_noise(attribute=PT08.S5(O3), percentage=0.01) | filter(PT08.S2(NMHC) < 807.0000) | map_duplicate(probability=1.00) | filter(NO2(GT) < 5270000000.0000) | map_duplicate(probability=0.90) | map_duplicate(probability=1.00) };7.81075e-01;1.00000e+00;Pipeline { map_aggregate(attribute=NOx(GT), function=avg, window=10) };8.87195e-01;4.27713e-01;Pipeline { map_aggregate(attribute=CO(GT), function=avg, window=10) | filter(PT08.S5(O3) > 667.0000) | map_noise(attribute=PT08.S3(NOx), percentage=0.01) | filter(PT08.S2(NMHC) < 807.0000) | map_duplicate(probability=1.00) | filter(NO2(GT) < 5270.0000) | map_duplicate(probability=0.90) | map_duplicate(probability=1.00) };8.44387e-01;5.40990e-01;Pipeline { filter(PT08.S2(NMHC) < 258000000.0000) | map_duplicate(probability=0.10) | map_aggregate(attribute=CO(GT), function=avg, window=7) | filter(C6H6(GT) < 9.0800) | map_duplicate(probability=0.40) | map_duplicate(probability=0.20) | filter(RH < 3750.0000) }
datasets/airQuality_parallel.csv;nsga2;3;43;4300;4300;2.85548e+02;100;17;18;1.00000e+00;9.90000e-01;1.00000e+00;9.01158e-01;3.40481e-01;Pipeline { map_aggregate(attribute=CO(GT), function=avg, window=6) | filter(PT08.S5(O3) > 661.0000) | map_noise(attribute=CO(GT), percentage=0.25) | filter(PT08.S2(NMHC) < 807.0000) | map_duplicate(probability=1.00) | filter(NO2(GT) < 8250000000.0000) | map_duplicate(probability=0.90) | map_duplicate(probability=1.00) };7.81075e-01;1.00000e+00;Pipeline { map_aggregate(attribute=NOx(GT), function=avg, window=10) };8.85850e-01;4.28076e-01;Pipeline { map_aggregate(attribute=CO(GT), function=avg, window=10) | filter(PT08.S5(O3) > 667.0000) | map_noise(attribute=PT08.S3(NOx), percentage=0.01) | filter(PT08.S2(NMHC) < 807.0000) | map_duplicate(probability=1.00) | filter(NO2(GT) < 8270000000.0000) | map_duplicate(probability=0.90) | map_duplicate(probability=1.00) };8.51016e-01;5.41499e-01;Pipeline { filter(PT08.S1(CO) < 60300.0000) | map_duplicate(probability=0.10) | map_aggregate(attribute=CO(GT), function=avg, window=7) | filter(C6H6(GT) < 9.0800) | map_duplicate(probability=0.40) | map_duplicate(probability=0.20) | filter(PT08.S3(NOx) > 0.7050) }
datasets/airQuality_parallel.csv;nsga2;3;44;4400;4400;2.94784e+02;100;16;17;1.00000e+00;9.90000e-01;1.00000e+00;9.01158e-01;3.40481e-01;Pipeline { map_aggregate(attribute=CO(GT), function=avg, window=6) | filter(PT08.S5(O3) > 661.0000) | map_noise(attribute=CO(GT), percentage=0.25) | filter(PT08.S2(NMHC) < 807.0000) | map_duplicate(probability=1.00) | filter(NO2(GT) < 8250000000.0000) | map_duplicate(probability=0.90) | map_duplicate(probability=1.00) };7.81075e-01;1.00000e+00;Pipeline { map_aggregate(attribute=NOx(GT), function=avg, window=10) };8.87195e-01;4.27713e-01;Pipeline { map_aggregate(attribute=CO(GT), function=avg, window=10) | filter(PT08.S5(O3) > 667.0000) | map_noise(attribute=PT08.S3(NOx), percentage=0.01) | filter(PT08.S2(NMHC) < 807.0000) | map_duplicate(probability=1.00) | filter(NO2(GT) < 5270.0000) | map_duplicate(probability=0.90) | map_duplicate(probability=1.00) };8.48654e-01;5.41639e-01;Pipeline { filter(PT08.S2(NMHC) < 15800.0000) | map_duplicate(probability=0.10) | map_aggregate(attribute=CO(GT), function=avg, window=7) | filter(C6H6(GT) < 9.0500) | map_duplicate(probability=0.40) | map_duplicate(probability=0.20) | filter(PT08.S3(NOx) > 0.7750) }
datasets/airQuality_parallel.csv;nsga2;3;45;4500;4500;3.01119e+02;100;16;14;1.00000e+00;9.90000e-01;1.00000e+00;9.01158e-01;3.40481e-01;Pipeline { map_aggregate(attribute=CO(GT), function=avg, window=6) | filter(PT08.S5(O3) > 661.0000) | map_noise(attribute=CO(GT), percentage=0.25) | filter(PT08.S2(NMHC) < 807.0000) | map_duplicate(probability=1.00) | filter(NO2(GT) < 8250000000.0000) | map_duplicate(probability=0.90) | map_duplicate(probability=1.00) };7.81075e-01;1.00000e+00;Pipeline { map_aggregate(attribute=NOx(GT), function=avg, window=10) };8.85850e-01;4.28076e-01;Pipeline { map_aggregate(attribute=CO(GT), function=avg, window=10) | filter(PT08.S5(O3) > 667.0000) | map_noise(attribute=PT08.S3(NOx), percentage=0.01) | filter(PT08.S2(NMHC) < 807.0000) | map_duplicate(probability=1.00) | filter(NO2(GT) < 8270000000.0000) | map_duplicate(probability=0.90) | map_duplicate(probability=1.00) };8.48654e-01;5.41639e-01;Pipeline { filter(PT08.S2(NMHC) < 15800.0000) | map_duplicate(probability=0.10) | map_aggregate(attribute=CO(GT), function=avg, window=7) | filter(C6H6(GT) < 9.0500) | map_duplicate(probability=0.40) | map_duplicate(probability=0.20) | filter(PT08.S3(NOx) > 0.7750) }
datasets/airQuality_parallel.csv;nsga2;3;46;4600;4600;3.09782e+02;100;16;11;1.00000e+00;9.90000e-01;1.00000e+00;9.01158e-01;3.40481e-01;Pipeline { map_aggregate(attribute=CO(GT), function=avg, window=6) | filter(PT08.S5(O3) > 661.0000) | map_noise(attribute=CO(GT), percentage=0.25) | filter(PT08.S2(NMHC) < 807.0000) | map_duplicate(probability=1.00) | filter(NO2(GT) < 8250000000.0000) | map_duplicate(probability=0.90) | map_duplicate(probability=1.00) };7.81075e-01;1.00000e+00;Pipeline { map_aggregate(attribute=NOx(GT), function=avg, window=10) };8.85850e-01;4.28076e-01;Pipeline { map_aggregate(attribute=CO(GT), function=avg, window=10) | filter(PT08.S5(O3) > 667.0000) | map_noise(attribute=PT08.S3(NOx), percentage=0.01) | filter(PT08.S2(NMHC) < 807.0000) | map_duplicate(probability=1.00) | filter(NO2(GT) < 8270000000.0000) | map_duplicate(probability=0.90) | map_duplicate(probability=1.00) };8.49581e-01;5.42713e-01;Pipeline { filter(PT08.S2(NMHC) < 558000000.0000) | map_duplicate(probability=0.10) | map_aggregate(attribute=CO(GT), function=avg, window=7) | filter(C6H6(GT) < 9.0800) | map_duplicate(probability=0.40) | map_duplicate(probability=0.20) | filter(PT08.S3(NOx) > 375.0000) }
datasets/airQuality_parallel.csv;nsga2;3;47;4700;4700;3.16184e+02;100;20;1;1.00000e+00;1.00000e+00;1.00000e+00;9.01158e-01;3.40481e-01;Pipeline { map_aggregate(attribute=CO(GT), function=avg, window=6) | filter(PT08.S5(O3) > 661.0000) | map_noise(attribute=CO(GT), percentage=0.25) | filter(PT08.S2(NMHC) < 807.0000) | map_duplicate(probability=1.00) | filter(NO2(GT) < 8250000000.0000) | map_duplicate(probability=0.90) | map_duplicate(probability=1.00) };7.84876e-01;1.00000e+00;Pipeline { map_aggregate(attribute=NOx(GT), function=avg, window=6) };8.87195e-01;4.27713e-01;Pipeline { map_aggregate(attribute=CO(GT), function=avg, window=10) | filter(PT08.S5(O3) > 667.0000) | map_noise(attribute=PT08.S3(NOx), percentage=0.01) | filter(PT08.S2(NMHC) < 807.0000) | map_duplicate(probability=1.00) | filter(NO2(GT) < 5270.0000) | map_duplicate(probability=0.90) | map_duplicate(probability=1.00) };8.48097e-01;5.42385e-01;Pipeline { filter(PT08.S2(NMHC) < 15000.0000) | map_duplicate(probability=0.10) | map_aggregate(attribute=CO(GT), function=avg, window=7) | filter(C6H6(GT) < 9.0500) | map_duplicate(probability=0.40) | map_duplicate(probability=0.20) | filter(PT08.S3(NOx) > 0.7750) }
datasets/airQuality_parallel.csv;nsga2;3;48;4800;4800;3.23819e+02;100;21;5;1.00000e+00;1.00000e+00;9.90000e-01;9.01158e-01;3.40481e-01;Pipeline { map_aggregate(attribute=CO(GT), function=avg, window=6) | filter(PT08.S5(O3) > 661.0000) | map_noise(attribute=CO(GT), percentage=0.25) | filter(PT08.S2(NMHC) < 807.0000) | map_duplicate(probability=1.00) | filter(NO2(GT) < 8250000000.0000) | map_duplicate(probability=0.90) | map_duplicate(probability=1.00) };7.41322e-01;1.00000e+00;Pipeline { map_aggregate(attribute=NMHC(GT), function=max, window=7) };8.85850e-01;4.28076e-01;Pipeline { map_aggregate(attribute=CO(GT), function=avg, window=10) | filter(PT08.S5(O3) > 667.0000) | map_noise(attribute=PT08.S3(NOx), percentage=0.01) | filter(PT08.S2(NMHC) < 807.0000) | map_duplicate(probability=1.00) | filter(NO2(GT) < 8270000000.0000) | map_duplicate(probability=0.90) | map_duplicate(probability=1.00) };8.50756e-01;5.49294e-01;Pipeline { filter(PT08.S3(NOx) < 25800.0000) | map_duplicate(probability=0.10) | map_aggregate(attribute=CO(GT), function=avg, window=7) | filter(C6H6(GT) < 9.5800) | map_duplicate(probability=0.40) | map_duplicate(probability=0.20) | filter(PT08.S3(NOx) > 0.8750) }
datasets/airQuality_parallel.csv;nsga2;3;49;4900;4900;3.32569e+02;100;21;16;1.00000e+00;9.90000e-01;1.00000e+00;9.01158e-01;3.40481e-01;Pipeline { map_aggregate(attribute=CO(GT), function=avg, window=6) | filter(PT08.S5(O3) > 661.0000) | map_noise(attribute=CO(GT), percentage=0.25) | filter(PT08.S2(NMHC) < 807.0000) | map_duplicate(probability=1.00) | filter(NO2(GT) < 8250000000.0000) | map_duplicate(probability=0.90) | map_duplicate(probability=1.00) };7.80475e-01;1.00000e+00;Pipeline { map_aggregate(attribute=NOx(GT), function=avg, window=7) };8.83757e-01;4.28380e-01;Pipeline { map_aggregate(attribute=CO(GT), function=avg, window=10) | filter(PT08.S5(O3) > 667.0000) | map_noise(attribute=PT08.S3(NOx), percentage=0.05) | filter(PT08.S2(NMHC) < 807.0000) | map_duplicate(probability=1.00) | filter(NO2(GT) < 8070.0000) | map_duplicate(probability=0.90) | map_duplicate(probability=1.00) };8.50756e-01;5.49294e-01;Pipeline { filter(PT08.S3(NOx) < 25800.0000) | map_duplicate(probability=0.10) | map_aggregate(attribute=CO(GT), function=avg, window=7) | filter(C6H6(GT) < 9.5800) | map_duplicate(probability=0.40) | map_duplicate(probability=0.20) | filter(PT08.S3(NOx) > 0.8750) }
datasets/airQuality_parallel.csv;nsga2;3;50;5000;5000;3.40354e+02;100;18;21;1.00000e+00;9.90000e-01;1.00000e+00;9.01158e-01;3.40481e-01;Pipeline { map_aggregate(attribute=CO(GT), function=avg, window=6) | filter(PT08.S5(O3) > 661.0000) | map_noise(attribute=CO(GT), percentage=0.25) | filter(PT08.S2(NMHC) < 807.0000) | map_duplicate(probability=1.00) | filter(NO2(GT) < 8250000000.0000) | map_duplicate(probability=0.90) | map_duplicate(probability=1.00) };7.81075e-01;1.00000e+00;Pipeline { map_aggregate(attribute=NOx(GT), function=avg, window=10) };8.85850e-01;4.28076e-01;Pipeline { map_aggregate(attribute=CO(GT), function=avg, window=10) | filter(PT08.S5(O3) > 667.0000) | map_noise(attribute=PT08.S3(NOx), percentage=0.01) | filter(PT08.S2(NMHC) < 807.0000) | map_duplicate(probability=1.00) | filter(NO2(GT) < 8270000000.0000) | map_duplicate(probability=0.90) | map_duplicate(probability=1.00) };8.54879e-01;5.49938e-01;Pipeline { filter(PT08.S3(NOx) < 25800.0000) | map_duplicate(probability=0.10) | map_aggregate(attribute=CO(GT), function=avg, window=7) | filter(C6H6(GT) < 9.5800) | map_duplicate(probability=0.40) | map_duplicate(probability=0.20) | filter(PT08.S5(O3) > 69.0000) }
datasets/airQuality_parallel.csv;nsga2;4;1;100;100;4.36300e+00;100;9;52;9.70000e-01;9.70000e-01;4.10000e-01;7.64737e-01;9.51470e-01;Pipeline { filter(T > 0.0001) | map_aggregate(attribute=PT08.S1(CO), function=avg, window=8) | map_aggregate(attribute=RH, function=max, window=9) | map_aggregate(attribute=T, function=max, window=8) | map_aggregate(attribute=RH, function=avg, window=3) | map_duplicate(probability=0.10) };7.20776e-01;1.00000e+00;Pipeline { map_aggregate(attribute=PT08.S3(NOx), function=max, window=9) };6.11232e-01;9.22858e-01;Pipeline { map_aggregate(attribute=PT08.S3(NOx), function=min, window=6) | filter(NO2(GT) > 0.0000) };6.73065e-01;9.13876e-01;Pipeline { map_duplicate(probability=0.20) | map_aggregate(attribute=AH, function=avg, window=3) | filter(PT08.S3(NOx) > 0.0000) }
datasets/airQuality_parallel.csv;nsga2;4;2;200;200;9.76300e+00;100;26;2;9.70000e-01;9.70000e-01;7.00000e-01;7.64737e-01;9.51470e-01;Pipeline { filter(T > 0.0001) | map_aggregate(attribute=PT08.S1(CO), function=avg, window=8) | map_aggregate(attribute=RH, function=max, window=9) | map_aggregate(attribute=T, function=max, window=8) | map_aggregate(attribute=RH, function=avg, window=3) | map_duplicate(probability=0.10) };7.20776e-01;1.00000e+00;Pipeline { map_aggregate(attribute=PT08.S3(NOx), function=max, window=9) };7.41322e-01;1.00000e+00;Pipeline { map_noise(attribute=RH, percentage=0.01) };7.41322e-01;1.00000e+00;Pipeline { map_noise(attribute=PT08.S5(O3), percentage=0.25) }
datasets/airQuality_parallel.csv;nsga2;4;3;300;300;1.44160e+01;100;5;7;9.70000e-01;9.70000e-01;3.60000e-01;7.78767e-01;9.23203e-01;Pipeline { map_aggregate(attribute=NO2(GT), function=avg, window=10) };7.20776e-01;1.00000e+00;Pipeline { map_aggregate(attribute=PT08.S3(NOx), function=max, window=4) };7.41322e-01;1.00000e+00;Pipeline { map_noise(attribute=PT08.S5(O3), percentage=0.25) };7.41322e-01;1.00000e+00;Pipeline { map_noise(attribute=PT08.S5(O3), percentage=0.05) }
datasets/airQuality_parallel.csv;nsga2;4;4;400;400;1.84700e+01;100;10;71;1.00000e+00;1.00000e+00;3.10000e-01;8.01511e-01;6.52169e-01;Pipeline { map_aggregate(attribute=CO(GT), function=avg, window=10) };7.41322e-01;1.00000e+00;Pipeline { map_aggregate(attribute=C6H6(GT), function=max, window=10) };7.52521e-01;1.00000e+00;Pipeline { map_noise(attribute=NOx(GT), percentage=0.25) };7.41322e-01;1.00000e+00;Pipeline { map_aggregate(attribute=PT08.S2(NMHC), function=avg, window=9) }
datasets/airQuality_parallel.csv;nsga2;4;5;500;500;2.28010e+01;100;4;57;1.00000e+00;1.00000e+00;4.60000e-01;8.16501e-01;6.65588e-01;Pipeline { map_aggregate(attribute=CO(GT), function=avg, window=6) };7.41322e-01;1.00000e+00;Pipeline { map_aggregate(attribute=AH, function=max, window=7) };7.67818e-01;9.46037e-01;Pipeline { filter(T > 0.0001) | map_aggregate(attribute=PT08.S1(CO), function=avg, window=9) | map_noise(attribute=NO2(GT), percentage=0.05) | map_aggregate(attribute=T, function=max, window=8) | map_aggregate(attribute=RH, function=avg, window=7) | map_duplicate(probability=0.10) };7.41322e-01;1.00000e+00;Pipeline { map_noise(attribute=PT08.S5(O3), percentage=0.05) }
datasets/airQuality_parallel.csv;nsga2;4;6;600;600;2.85740e+01;100;4;45;1.00000e+00;1.00000e+00;4.90000e-01;8.16501e-01;6.65588e-01;Pipeline { map_aggregate(attribute=CO(GT), function=avg, window=6) };7.41322e-01;1.00000e+00;Pipeline { map_aggregate(attribute=PT08.S1(CO), function=avg, window=5) };7.72441e-01;9.49014e-01;Pipeline { filter(T > 0.0001) | map_aggregate(attribute=PT08.S1(CO), function=avg, window=8) | map_aggregate(attribute=RH, function=max, window=9) | map_aggregate(attribute=T, function=max, window=8) | map_aggregate(attribute=RH, function=avg, window=3) | map_aggregate(attribute=T, function=avg, window=10) };7.41322e-01;1.00000e+00;Pipeline { map_aggregate(attribute=C6H6(GT), function=max, window=5) }
datasets/airQuality_parallel.csv;nsga2;4;7;700;700;3.30530e+01;100;4;41;1.00000e+00;1.00000e+00;5.70000e-01;8.16501e-01;6.65588e-01;Pipeline { map_aggregate(attribute=CO(GT), function=avg, window=6) };7.41322e-01;1.00000e+00;Pipeline { map_aggregate(attribute=PT08.S1(CO), function=min, window=10) };7.76716e-01;9.32372e-01;Pipeline { map_aggregate(attribute=NO2(GT), function=avg, window=6) };7.41322e-01;1.00000e+00;Pipeline { map_noise(attribute=RH, percentage=0.05) }
datasets/airQuality_parallel.csv;nsga2;4;8;800;800;3.83880e+01;100;4;36;1.00000e+00;1.00000e+00;6.30000e-01;8.16501e-01;6.65588e-01;Pipeline { map_aggregate(attribute=CO(GT), function=avg, window=6) };7.41322e-01;1.00000e+00;Pipeline { map_aggregate(attribute=NMHC(GT), function=avg, window=7) };7.78614e-01;9.49014e-01;Pipeline { filter(T > 0.0001) | map_aggregate(attribute=NOx(GT), function=avg, window=4) | map_noise(attribute=PT08.S2(NMHC), percentage=0.10) };7.41322e-01;1.00000e+00;Pipeline { map_aggregate(attribute=RH, function=max, window=8) }
datasets/airQuality_parallel.csv;nsga2;4;9;900;900;4.29730e+01;100;4;28;1.00000e+00;1.00000e+00;7.10000e-01;8.16501e-01;6.65588e-01;Pipeline { map_aggregate(attribute=CO(GT), function=avg, window=6) };7.41322e-01;1.00000e+00;Pipeline { map_aggregate(attribute=PT08.S2(NMHC), function=avg, window=3) };7.78884e-01;9.49204e-01;Pipeline { filter(T < 88.2000) | map_aggregate(attribute=NOx(GT), function=avg, window=4) | map_noise(attribute=PT08.S2(NMHC), percentage=0.10) };7.43538e-01;1.00000e+00;Pipeline { map_noise(attribute=NOx(GT), percentage=0.01) }
datasets/airQuality_parallel.csv;nsga2;4;10;1000;1000;4.76810e+01;100;4;24;1.00000e+00;1.00000e+00;7.50000e-01;8.16501e-01;6.65588e-01;Pipeline { map_aggregate(attribute=CO(GT), function=avg, window=6) };7.41322e-01;1.00000e+00;Pipeline { map_aggregate(attribute=PT08.S1(CO), function=min, window=10) };7.80443e-01;9.49204e-01;Pipeline { filter(T < 68.2000) | map_aggregate(attribute=NOx(GT), function=avg, window=4) | map_noise(attribute=C6H6(GT), percentage=0.10) };7.54849e-01;1.00000e+00;Pipeline { map_aggregate(attribute=NOx(GT), function=avg, window=3) }
datasets/airQuality_parallel.csv;nsga2;4;11;1100;1100;5.30140e+01;100;4;18;1.00000e+00;1.00000e+00;8.20000e-01;8.16501e-01;6.65588e-01;Pipeline { map_aggregate(attribute=CO(GT), function=avg, window=6) };7.41322e-01;1.00000e+00;Pipeline { map_aggregate(attribute=AH, function=avg, window=10) };7.80894e-01;9.49014e-01;Pipeline { filter(T > 0.0001) | map_aggregate(attribute=NOx(GT), function=avg, window=4) | map_noise(attribute=PT08.S2(NMHC), percentage=0.10) };7.88510e-01;1.00000e+00;Pipeline { map_aggregate(attribute=NOx(GT), function=avg, window=5) }
datasets/airQuality_parallel.csv;nsga2;4;12;1200;1200;5.76900e+01;100;3;12;1.00000e+00;1.00000e+00;8.60000e-01;8.16501e-01;6.65588e-01;Pipeline { map_aggregate(attribute=CO(GT), function=avg, window=6) };7.41322e-01;1.00000e+00;Pipeline { map_aggregate(attribute=PT08.S4(NO2), function=min, window=6) };7.86634e-01;9.49014e-01;Pipeline { filter(T > 0.0001) | map_aggregate(attribute=PT08.S1(CO), function=avg, window=8) | map_aggregate(attribute=RH, function=min, window=9) | map_aggregate(attribute=T, function=max, window=8) | map_aggregate(attribute=PT08.S5(O3), function=avg, window=7) | map_aggregate(attribute=PT08.S1(CO), function=max, window=9) };7.45192e-01;9.75424e-01;Pipeline { map_aggregate(attribute=NO2(GT), function=max, window=6) }
datasets/airQuality_parallel.csv;nsga2;4;13;1300;1300;6.41230e+01;100;4;1;1.00000e+00;1.00000e+00;9.10000e-01;8.16501e-01;6.65588e-01;Pipeline { map_aggregate(attribute=CO(GT), function=avg, window=6) };7.42147e-01;1.00000e+00;Pipeline { map_noise(attribute=NO2(GT), percentage=0.01) };7.87619e-01;9.49014e-01;Pipeline { filter(T > 0.0001) | map_aggregate(attribute=PT08.S1(CO), function=avg, window=8) | map_aggregate(attribute=T, function=avg, window=5) | map_aggregate(attribute=T, function=max, window=8) | map_aggregate(attribute=PT08.S5(O3), function=avg, window=7) | map_aggregate(attribute=T, function=avg, window=10) };7.45192e-01;9.75424e-01;Pipeline { map_aggregate(attribute=NO2(GT), function=max, window=6) }
datasets/airQuality_parallel.csv;nsga2;4;14;1400;1400;6.82010e+01;100;4;15;1.00000e+00;1.00000e+00;8.80000e-01;8.16501e-01;6.65588e-01;Pipeline { map_aggregate(attribute=CO(GT), function=avg, window=6) };7.42147e-01;1.00000e+00;Pipeline { map_noise(attribute=NO2(GT), percentage=0.01) };7.87878e-01;9.49204e-01;Pipeline { filter(PT08.S4(NO2) > 0.0001) | map_aggregate(attribute=PT08.S1(CO), function=avg, window=8) | map_aggregate(attribute=RH, function=max, window=7) | map_aggregate(attribute=T, function=max, window=8) | map_aggregate(attribute=PT08.S5(O3), function=avg, window=7) | map_aggregate(attribute=T, function=avg, window=10) };7.45192e-01;9.75424e-01;Pipeline { map_aggregate(attribute=NO2(GT), function=max, window=10) }
datasets/airQuality_parallel.csv;nsga2;4;15;1500;1500;7.27850e+01;100;5;2;1.00000e+00;1.00000e+00;8.60000e-01;8.16501e-01;6.65588e-01;Pipeline { map_aggregate(attribute=CO(GT), function=avg, window=6) };7.41322e-01;1.00000e+00;Pipeline { map_noise(attribute=PT08.S3(NOx), percentage=0.01) };7.89018e-01;9.49204e-01;Pipeline { filter(PT08.S4(NO2) > 0.0001) | map_aggregate(attribute=PT08.S1(CO), function=avg, window=8) | map_aggregate(attribute=T, function=max, window=9) | map_aggregate(attribute=T, function=max, window=8) | map_aggregate(attribute=PT08.S5(O3), function=avg, window=7) | map_aggregate(attribute=T, function=avg, window=10) };7.45192e-01;9.75424e-01;Pipeline { map_aggregate(attribute=NO2(GT), function=max, window=10) }
datasets/airQuality_parallel.csv;nsga2;4;16;1600;1600;7.84780e+01;100;5;9;1.00000e+00;1.00000e+00;9.10000e-01;8.16501e-01;6.65588e-01;Pipeline { map_aggregate(attribute=CO(GT), function=avg, window=6) };7.42147e-01;1.00000e+00;Pipeline { map_noise(attribute=NO2(GT), percentage=0.01) };7.89838e-01;9.49005e-01;Pipeline { filter(T > 0.1680) | map_aggregate(attribute=NOx(GT), function=avg, window=6) | map_noise(attribute=PT08.S2(NMHC), percentage=0.10) };7.61947e-01;9.55545e-01;Pipeline { filter(T > 0.0000) | map_aggregate(attribute=PT08.S1(CO), function=avg, window=3) | map_noise(attribute=PT08.S4(NO2), percentage=0.05) | map_aggregate(attribute=T, function=max, window=4) | map_aggregate(attribute=RH, function=avg, window=7) | map_duplicate(probability=0.10) }
datasets/airQuality_parallel.csv;nsga2;4;17;1700;1700;8.43300e+01;100;5;11;1.00000e+00;1.00000e+00;8.60000e-01;8.16501e-01;6.65588e-01;Pipeline { map_aggregate(attribute=CO(GT), function=avg, window=6) };7.43538e-01;1.00000e+00;Pipeline { map_noise(attribute=NOx(GT), percentage=0.01) };7.92120e-01;1.00000e+00;Pipeline { map_aggregate(attribute=NOx(GT), function=avg, window=4) };7.77922e-01;9.54126e-01;Pipeline { map_aggregate(attribute=NO2(GT), function=avg, window=5) }
datasets/airQuality_parallel.csv;nsga2;4;18;1800;1800;8.98950e+01;100;4;8;1.00000e+00;1.00000e+00;8.30000e-01;8.16501e-01;6.65588e-01;Pipeline { map_aggregate(attribute=CO(GT), function=avg, window=6) };7.43538e-01;1.00000e+00;Pipeline { map_noise(attribute=NOx(GT), percentage=0.01) };7.92613e-01;9.49204e-01;Pipeline { filter(RH > 0.0000) | map_aggregate(attribute=NOx(GT), function=avg, window=4) | map_aggregate(attribute=NOx(GT), function=min, window=8) };7.77922e-01;9.54126e-01;Pipeline { map_aggregate(attribute=NO2(GT), function=avg, window=5) }
datasets/airQuality_parallel.csv;nsga2;4;19;1900;1900;9.43320e+01;100;3;3;1.00000e+00;1.00000e+00;7.40000e-01;8.16501e-01;6.65588e-01;Pipeline { map_aggregate(attribute=CO(GT), function=avg, window=6) };7.45427e-01;1.00000e+00;Pipeline { map_noise(attribute=NOx(GT), percentage=0.05) };7.93123e-01;9.49005e-01;Pipeline { filter(T > 0.1680) | map_aggregate(attribute=NOx(GT), function=avg, window=6) | map_noise(attribute=C6H6(GT), percentage=0.25) };7.64350e-01;9.53407e-01;Pipeline { filter(T > 0.0001) | map_aggregate(attribute=PT08.S1(CO), function=avg, window=8) | map_aggregate(attribute=RH, function=max, window=9) | map_aggregate(attribute=T, function=max, window=8) | map_aggregate(attribute=RH, function=avg, window=7) | map_duplicate(probability=0.10) }
datasets/airQuality_parallel.csv;nsga2;4;20;2000;2000;9.88850e+01;100;4;8;1.00000e+00;1.00000e+00;7.40000e-01;8.16501e-01;6.65588e-01;Pipeline { map_aggregate(attribute=CO(GT), function=avg, window=6) };7.45427e-01;1.00000e+00;Pipeline { map_noise(attribute=NOx(GT), percentage=0.05) };7.96035e-01;6.57287e-01;Pipeline { filter(T > 0.0000) | map_aggregate(attribute=PT08.S1(CO), function=avg, window=8) | map_noise(attribute=PT08.S4(NO2), percentage=0.05) | map_aggregate(attribute=CO(GT), function=avg, window=7) | map_aggregate(attribute=RH, function=avg, window=7) | map_noise(attribute=NOx(GT), percentage=0.10) };7.64350e-01;9.53407e-01;Pipeline { filter(T > 0.0001) | map_aggregate(attribute=PT08.S1(CO), function=avg, window=8) | map_aggregate(attribute=RH, function=max, window=9) | map_aggregate(attribute=T, function=max, window=8) | map_aggregate(attribute=RH, function=avg, window=7) | map_duplicate(probability=0.10) }
datasets/airQuality_parallel.csv;nsga2;4;21;2100;2100;1.03333e+02;100;6;27;1.00000e+00;1.00000e+00;6.90000e-01;8.16501e-01;6.65588e-01;Pipeline { map_aggregate(attribute=CO(GT), function=avg, window=6) };7.45427e-01;1.00000e+00;Pipeline { map_noise(attribute=NOx(GT), percentage=0.05) };7.99390e-01;9.49204e-01;Pipeline { filter(T < 78.2000) | map_aggregate(attribute=NOx(GT), function=avg, window=10) | map_noise(attribute=PT08.S2(NMHC), percentage=0.05) };7.64350e-01;9.53407e-01;Pipeline { filter(T > 0.0001) | map_aggregate(attribute=PT08.S1(CO), function=avg, window=8) | map_aggregate(attribute=RH, function=max, window=9) | map_aggregate(attribute=T, function=max, window=8) | map_aggregate(attribute=RH, function=avg, window=7) | map_duplicate(probability=0.10) }
datasets/airQuality_parallel.csv;nsga2;4;22;2200;2200;1.07102e+02;100;8;13;1.00000e+00;1.00000e+00;7.40000e-01;8.16501e-01;6.65588e-01;Pipeline { map_aggregate(attribute=CO(GT), function=avg, window=6) };7.41322e-01;1.00000e+00;Pipeline { map_aggregate(attribute=PT08.S5(O3), function=max, window=4) };8.01413e-01;9.49204e-01;Pipeline { filter(PT08.S3(NOx) > 0.0000) | map_aggregate(attribute=NOx(GT), function=avg, window=4) | map_aggregate(attribute=NOx(GT), function=min, window=3) };7.88510e-01;1.00000e+00;Pipeline { map_aggregate(attribute=NOx(GT), function=avg, window=5) }
datasets/airQuality_parallel.csv;nsga2;4;23;2300;2300;1.11088e+02;100;3;6;1.00000e+00;1.00000e+00;7.40000e-01;8.16501e-01;6.65588e-01;Pipeline { map_aggregate(attribute=CO(GT), function=avg, window=6) };7.41322e-01;1.00000e+00;Pipeline { map_noise(attribute=T, percentage=0.25) };8.03846e-01;9.49204e-01;Pipeline { filter(PT08.S3(NOx) > 0.0046) | map_aggregate(attribute=NOx(GT), function=avg, window=4) | map_aggregate(attribute=NOx(GT), function=avg, window=8) };7.61240e-01;9.54500e-01;Pipeline { filter(T > 0.0001) | map_aggregate(attribute=PT08.S1(CO), function=avg, window=8) | map_noise(attribute=NO2(GT), percentage=0.05) | map_aggregate(attribute=T, function=max, window=8) | map_aggregate(attribute=C6H6(GT), function=avg, window=3) | map_duplicate(probability=0.10) }
datasets/airQuality_parallel.csv;nsga2;4;24;2400;2400;1.15294e+02;100;3;1;1.00000e+00;1.00000e+00;6.90000e-01;8.16501e-01;6.65588e-01;Pipeline { map_aggregate(attribute=CO(GT), function=avg, window=6) };7.45427e-01;1.00000e+00;Pipeline { map_noise(attribute=NOx(GT), percentage=0.05) };8.03846e-01;9.49204e-01;Pipeline { filter(RH > 0.0000) | map_aggregate(attribute=NOx(GT), function=avg, window=4) | map_aggregate(attribute=NOx(GT), function=avg, window=8) };7.64085e-01;9.53772e-01;Pipeline { filter(T > 0.0001) | map_aggregate(attribute=PT08.S1(CO), function=avg, window=10) | map_noise(attribute=PT08.S4(NO2), percentage=0.05) | map_aggregate(attribute=T, function=min, window=8) | map_aggregate(attribute=RH, function=avg, window=7) | map_duplicate(probability=0.10) }
datasets/airQuality_parallel.csv;nsga2;4;25;2500;2500;1.19132e+02;100;6;7;1.00000e+00;1.00000e+00;5.50000e-01;8.16501e-01;6.65588e-01;Pipeline { map_aggregate(attribute=CO(GT), function=avg, window=6) };7.52510e-01;1.00000e+00;Pipeline { map_noise(attribute=NOx(GT), percentage=0.10) };8.08666e-01;9.49204e-01;Pipeline { filter(RH > 0.0006) | map_aggregate(attribute=NOx(GT), function=avg, window=6) | map_aggregate(attribute=NOx(GT), function=min, window=4) };7.78171e-01;9.53681e-01;Pipeline { filter(T < 406000.0000) | map_aggregate(attribute=NOx(GT), function=avg, window=8) | map_noise(attribute=PT08.S4(NO2), percentage=0.05) | map_aggregate(attribute=NMHC(GT), function=max, window=8) | map_aggregate(attribute=RH, function=avg, window=7) | map_duplicate(probability=0.10) }
datasets/airQuality_parallel.csv;nsga2;4;26;2600;2600;1.22991e+02;100;8;33;1.00000e+00;1.00000e+00;3.50000e-01;8.16501e-01;6.65588e-01;Pipeline { map_aggregate(attribute=CO(GT), function=avg, window=6) };7.54849e-01;1.00000e+00;Pipeline { map_aggregate(attribute=NOx(GT), function=avg, window=3) };8.09009e-01;9.49204e-01;Pipeline { filter(RH > 0.0000) | map_aggregate(attribute=NOx(GT), function=avg, window=4) | map_aggregate(attribute=NOx(GT), function=min, window=4) };8.03846e-01;9.49204e-01;Pipeline { filter(PT08.S3(NOx) > 0.0046) | map_aggregate(attribute=NOx(GT), function=avg, window=4) | map_aggregate(attribute=NOx(GT), function=avg, window=8) }
datasets/airQuality_parallel.csv;nsga2;4;27;2700;2700;1.26767e+02;100;16;9;1.00000e+00;1.00000e+00;3.70000e-01;8.16501e-01;6.65588e-01;Pipeline { map_aggregate(attribute=CO(GT), function=avg, window=6) };7.46361e-01;1.00000e+00;Pipeline { map_noise(attribute=NOx(GT), percentage=0.10) };8.09009e-01;9.49204e-01;Pipeline { filter(RH > 0.0006) | map_aggregate(attribute=NOx(GT), function=avg, window=4) | map_aggregate(attribute=NOx(GT), function=min, window=4) };8.03846e-01;9.49204e-01;Pipeline { filter(PT08.S5(O3) > 0.6730) | map_aggregate(attribute=NOx(GT), function=avg, window=4) | map_aggregate(attribute=NOx(GT), function=avg, window=8) }
datasets/airQuality_parallel.csv;nsga2;4;28;2800;2800;1.32266e+02;100;28;12;1.00000e+00;1.00000e+00;2.90000e-01;8.16501e-01;6.65588e-01;Pipeline { map_aggregate(attribute=CO(GT), function=avg, window=6) };7.56866e-01;1.00000e+00;Pipeline { map_aggregate(attribute=NOx(GT), function=min, window=4) };8.11547e-01;9.49204e-01;Pipeline { filter(AH > 0.0000) | map_aggregate(attribute=NOx(GT), function=avg, window=8) | map_aggregate(attribute=NOx(GT), function=min, window=4) };8.05203e-01;9.49204e-01;Pipeline { filter(RH < 721000.0000) | map_aggregate(attribute=NOx(GT), function=avg, window=6) | map_noise(attribute=PT08.S2(NMHC), percentage=0.10) }
datasets/airQuality_parallel.csv;nsga2;4;29;2900;2900;1.35981e+02;100;45;51;1.00000e+00;1.00000e+00;1.00000e-01;8.16501e-01;6.65588e-01;Pipeline { map_aggregate(attribute=CO(GT), function=avg, window=6) };7.84876e-01;1.00000e+00;Pipeline { map_aggregate(attribute=NOx(GT), function=avg, window=6) };8.11547e-01;9.49204e-01;Pipeline { filter(RH > 0.0000) | map_aggregate(attribute=NOx(GT), function=avg, window=8) | map_aggregate(attribute=NOx(GT), function=min, window=3) };8.09009e-01;9.49204e-01;Pipeline { filter(AH > 0.0000) | map_aggregate(attribute=NOx(GT), function=avg, window=4) | map_aggregate(attribute=NOx(GT), function=min, window=4) }
datasets/airQuality_parallel.csv;nsga2;4;30;3000;3000;1.40401e+02;100;65;29;1.00000e+00;1.00000e+00;1.10000e-01;8.16501e-01;6.65588e-01;Pipeline { map_aggregate(attribute=CO(GT), function=avg, window=6) };7.84876e-01;1.00000e+00;Pipeline { map_aggregate(attribute=NOx(GT), function=avg, window=6) };8.11547e-01;9.49204e-01;Pipeline { filter(RH > 0.0000) | map_aggregate(attribute=NOx(GT), function=avg, window=8) | map_aggregate(attribute=NOx(GT), function=min, window=4) };8.09009e-01;9.49204e-01;Pipeline { filter(PT08.S5(O3) > 0.0000) | map_aggregate(attribute=NOx(GT), function=avg, window=4) | map_aggregate(attribute=NOx(GT), function=min, window=4) }
datasets/airQuality_parallel.csv;nsga2;4;31;3100;3100;1.44218e+02;100;91;3;1.00000e+00;1.00000e+00;1.10000e-01;8.16501e-01;6.65588e-01;Pipeline { map_aggregate(attribute=CO(GT), function=avg, window=6) };7.84876e-01;1.00000e+00;Pipeline { map_aggregate(attribute=NOx(GT), function=avg, window=6) };8.11547e-01;9.49204e-01;Pipeline { filter(RH > 0.0005) | map_aggregate(attribute=NOx(GT), function=avg, window=7) | map_aggregate(attribute=NOx(GT), function=min, window=4) };8.11547e-01;9.49204e-01;Pipeline { filter(RH > 0.0000) | map_aggregate(attribute=NOx(GT), function=avg, window=8) | map_aggregate(attribute=NOx(GT), function=min, window=3) }
datasets/airQuality_parallel.csv;nsga2;4;32;3200;3200;1.47818e+02;100;100;100;1.00000e+00;1.00000e+00;3.00000e-02;8.16501e-01;6.65588e-01;Pipeline { map_aggregate(attribute=CO(GT), function=avg, window=6) };7.92120e-01;1.00000e+00;Pipeline { map_aggregate(attribute=NOx(GT), function=avg, window=4) };8.11547e-01;9.49204e-01;Pipeline { filter(RH > 1.1300) | map_aggregate(attribute=NOx(GT), function=avg, window=7) | map_aggregate(attribute=NOx(GT), function=min, window=4) };8.11547e-01;9.49204e-01;Pipeline { filter(RH > 1.1300) | map_aggregate(attribute=NOx(GT), function=avg, window=7) | map_aggregate(attribute=NOx(GT), function=min, window=4) }
datasets/airQuality_parallel.csv;nsga2;4;33;3300;3300;1.52942e+02;100;100;100;1.00000e+00;1.00000e+00;3.00000e-02;8.16501e-01;6.65588e-01;Pipeline { map_aggregate(attribute=CO(GT), function=avg, window=6) };7.92120e-01;1.00000e+00;Pipeline { map_aggregate(attribute=NOx(GT), function=avg, window=4) };8.11547e-01;9.49204e-01;Pipeline { filter(PT08.S5(O3) > 0.0000) | map_aggregate(attribute=NOx(GT), function=avg, window=7) | map_aggregate(attribute=NOx(GT), function=min, window=8) };8.11547e-01;9.49204e-01;Pipeline { filter(PT08.S5(O3) > 0.0000) | map_aggregate(attribute=NOx(GT), function=avg, window=7) | map_aggregate(attribute=NOx(GT), function=min, window=8) }
datasets/airQuality_parallel.csv;nsga2;4;34;3400;3400;1.56886e+02;100;100;100;1.00000e+00;1.00000e+00;3.00000e-02;8.16501e-01;6.65588e-01;Pipeline { map_aggregate(attribute=CO(GT), function=avg, window=6) };7.92120e-01;1.00000e+00;Pipeline { map_aggregate(attribute=NOx(GT), function=avg, window=4) };8.11547e-01;9.49204e-01;Pipeline { filter(RH > 0.0090) | map_aggregate(attribute=NOx(GT), function=avg, window=8) | map_aggregate(attribute=NOx(GT), function=min, window=4) };8.11547e-01;9.49204e-01;Pipeline { filter(RH > 0.0090) | map_aggregate(attribute=NOx(GT), function=avg, window=8) | map_aggregate(attribute=NOx(GT), function=min, window=4) }
datasets/airQuality_parallel.csv;nsga2;4;35;3500;3500;1.60583e+02;100;100;100;1.00000e+00;1.00000e+00;3.00000e-02;8.16501e-01;6.65588e-01;Pipeline { map_aggregate(attribute=CO(GT), function=avg, window=6) };7.92120e-01;1.00000e+00;Pipeline { map_aggregate(attribute=NOx(GT), function=avg, window=4) };8.11547e-01;9.49204e-01;Pipeline { filter(T < 67800.0000) | map_aggregate(attribute=NOx(GT), function=avg, window=8) | map_aggregate(attribute=NOx(GT), function=min, window=4) };8.11547e-01;9.49204e-01;Pipeline { filter(T < 67800.0000) | map_aggregate(attribute=NOx(GT), function=avg, window=8) | map_aggregate(attribute=NOx(GT), function=min, window=4) }
datasets/airQuality_parallel.csv;nsga2;4;36;3600;3600;1.64398e+02;100;100;100;1.00000e+00;1.00000e+00;3.00000e-02;8.16501e-01;6.65588e-01;Pipeline { map_aggregate(attribute=CO(GT), function=avg, window=6) };7.92120e-01;1.00000e+00;Pipeline { map_aggregate(attribute=NOx(GT), function=avg, window=4) };8.11547e-01;9.49204e-01;Pipeline { filter(PT08.S2(NMHC) > 65.3000) | map_aggregate(attribute=NOx(GT), function=avg, window=9) | map_aggregate(attribute=NOx(GT), function=min, window=7) };8.11547e-01;9.49204e-01;Pipeline { filter(PT08.S2(NMHC) > 65.3000) | map_aggregate(attribute=NOx(GT), function=avg, window=9) | map_aggregate(attribute=NOx(GT), function=min, window=7) }
datasets/airQuality_parallel.csv;nsga2;4;37;3700;3700;1.68033e+02;100;100;100;1.00000e+00;1.00000e+00;3.00000e-02;8.16501e-01;6.65588e-01;Pipeline { map_aggregate(attribute=CO(GT), function=avg, window=6) };7.92120e-01;1.00000e+00;Pipeline { map_aggregate(attribute=NOx(GT), function=avg, window=4) };8.11547e-01;9.49204e-01;Pipeline { filter(RH > 5.1300) | map_aggregate(attribute=NOx(GT), function=avg, window=7) | map_aggregate(attribute=NOx(GT), function=min, window=8) };8.11547e-01;9.49204e-01;Pipeline { filter(RH > 5.1300) | map_aggregate(attribute=NOx(GT), function=avg, window=7) | map_aggregate(attribute=NOx(GT), function=min, window=8) }
datasets/airQuality_parallel.csv;nsga2;4;38;3800;3800;1.71921e+02;100;100;100;1.00000e+00;1.00000e+00;3.00000e-02;8.16501e-01;6.65588e-01;Pipeline { map_aggregate(attribute=CO(GT), function=avg, window=6) };7.92120e-01;1.00000e+00;Pipeline { map_aggregate(attribute=NOx(GT), function=avg, window=4) };8.11547e-01;9.49204e-01;Pipeline { filter(PT08.S5(O3) > 0.0052) | map_aggregate(attribute=NOx(GT), function=avg, window=9) | map_aggregate(attribute=NOx(GT), function=min, window=7) };8.11547e-01;9.49204e-01;Pipeline { filter(PT08.S5(O3) > 0.0052) | map_aggregate(attribute=NOx(GT), function=avg, window=9) | map_aggregate(attribute=NOx(GT), function=min, window=7) }
datasets/airQuality_parallel.csv;nsga2;4;39;3900;3900;1.76727e+02;100;100;100;1.00000e+00;1.00000e+00;3.00000e-02;8.16501e-01;6.65588e-01;Pipeline { map_aggregate(attribute=CO(GT), function=avg, window=6) };7.92120e-01;1.00000e+00;Pipeline { map_aggregate(attribute=NOx(GT), function=avg, window=4) };8.11547e-01;9.49204e-01;Pipeline { filter(C6H6(GT) > 0.0059) | map_aggregate(attribute=NOx(GT), function=avg, window=9) | map_aggregate(attribute=NOx(GT), function=min, window=6) };8.11547e-01;9.49204e-01;Pipeline { filter(C6H6(GT) > 0.0059) | map_aggregate(attribute=NOx(GT), function=avg, window=9) | map_aggregate(attribute=NOx(GT), function=min, window=6) }
datasets/airQuality_parallel.csv;nsga2;4;40;4000;4000;1.80337e+02;100;100;100;1.00000e+00;1.00000e+00;3.00000e-02;8.16501e-01;6.65588e-01;Pipeline { map_aggregate(attribute=CO(GT), function=avg, window=6) };7.92120e-01;1.00000e+00;Pipeline { map_aggregate(attribute=NOx(GT), function=avg, window=4) };8.11547e-01;9.49204e-01;Pipeline { filter(RH > 0.0000) | map_aggregate(attribute=NOx(GT), function=avg, window=8) | map_aggregate(attribute=NOx(GT), function=min, window=4) };8.11547e-01;9.49204e-01;Pipeline { filter(RH > 0.0000) | map_aggregate(attribute=NOx(GT), function=avg, window=8) | map_aggregate(attribute=NOx(GT), function=min, window=4) }
datasets/airQuality_parallel.csv;nsga2;4;41;4100;4100;1.84352e+02;100;100;100;1.00000e+00;1.00000e+00;3.00000e-02;8.16501e-01;6.65588e-01;Pipeline { map_aggregate(attribute=CO(GT), function=avg, window=6) };7.92120e-01;1.00000e+00;Pipeline { map_aggregate(attribute=NOx(GT), function=avg, window=4) };8.11547e-01;9.49204e-01;Pipeline { filter(PT08.S1(CO) > 0.0007) | map_aggregate(attribute=NOx(GT), function=avg, window=10) | map_aggregate(attribute=NOx(GT), function=min, window=5) };8.11547e-01;9.49204e-01;Pipeline { filter(PT08.S1(CO) > 0.0007) | map_aggregate(attribute=NOx(GT), function=avg, window=10) | map_aggregate(attribute=NOx(GT), function=min, window=5) }
datasets/airQuality_parallel.csv;nsga2;4;42;4200;4200;1.88257e+02;100;100;100;1.00000e+00;1.00000e+00;3.00000e-02;8.16501e-01;6.65588e-01;Pipeline { map_aggregate(attribute=CO(GT), function=avg, window=6) };7.92120e-01;1.00000e+00;Pipeline { map_aggregate(attribute=NOx(GT), function=avg, window=4) };8.11547e-01;9.49204e-01;Pipeline { filter(RH > 0.0000) | map_aggregate(attribute=NOx(GT), function=avg, window=7) | map_aggregate(attribute=NOx(GT), function=min, window=9) };8.11547e-01;9.49204e-01;Pipeline { filter(RH > 0.0000) | map_aggregate(attribute=NOx(GT), function=avg, window=7) | map_aggregate(attribute=NOx(GT), function=min, window=9) }
datasets/airQuality_parallel.csv;nsga2;4;43;4300;4300;1.92049e+02;100;100;100;1.00000e+00;1.00000e+00;3.00000e-02;8.16501e-01;6.65588e-01;Pipeline { map_aggregate(attribute=CO(GT), function=avg, window=6) };7.92120e-01;1.00000e+00;Pipeline { map_aggregate(attribute=NOx(GT), function=avg, window=4) };8.11547e-01;9.49204e-01;Pipeline { filter(PT08.S2(NMHC) > 0.0001) | map_aggregate(attribute=NOx(GT), function=avg, window=7) | map_aggregate(attribute=NOx(GT), function=min, window=10) };8.11547e-01;9.49204e-01;Pipeline { filter(PT08.S2(NMHC) > 0.0001) | map_aggregate(attribute=NOx(GT), function=avg, window=7) | map_aggregate(attribute=NOx(GT), function=min, window=10) }
datasets/airQuality_parallel.csv;nsga2;4;44;4400;4400;1.96526e+02;100;100;100;1.00000e+00;1.00000e+00;3.00000e-02;8.16501e-01;6.65588e-01;Pipeline { map_aggregate(attribute=CO(GT), function=avg, window=6) };7.92120e-01;1.00000e+00;Pipeline { map_aggregate(attribute=NOx(GT), function=avg, window=4) };8.11547e-01;9.49204e-01;Pipeline { filter(PT08.S5(O3) > 3.7900) | map_aggregate(attribute=NOx(GT), function=avg, window=7) | map_aggregate(attribute=NOx(GT), function=min, window=4) };8.11547e-01;9.49204e-01;Pipeline { filter(PT08.S5(O3) > 3.7900) | map_aggregate(attribute=NOx(GT), function=avg, window=7) | map_aggregate(attribute=NOx(GT), function=min, window=4) }
datasets/airQuality_parallel.csv;nsga2;4;45;4500;4500;2.00289e+02;100;100;100;1.00000e+00;1.00000e+00;3.00000e-02;8.16501e-01;6.65588e-01;Pipeline { map_aggregate(attribute=CO(GT), function=avg, window=6) };7.92120e-01;1.00000e+00;Pipeline { map_aggregate(attribute=NOx(GT), function=avg, window=4) };8.11547e-01;9.49204e-01;Pipeline { filter(T < 95000000.0000) | map_aggregate(attribute=NOx(GT), function=avg, window=7) | map_aggregate(attribute=NOx(GT), function=min, window=10) };8.11547e-01;9.49204e-01;Pipeline { filter(T < 95000000.0000) | map_aggregate(attribute=NOx(GT), function=avg, window=7) | map_aggregate(attribute=NOx(GT), function=min, window=10) }
datasets/airQuality_parallel.csv;nsga2;4;46;4600;4600;2.04046e+02;100;100;100;1.00000e+00;1.00000e+00;3.00000e-02;8.16501e-01;6.65588e-01;Pipeline { map_aggregate(attribute=CO(GT), function=avg, window=6) };7.92120e-01;1.00000e+00;Pipeline { map_aggregate(attribute=NOx(GT), function=avg, window=4) };8.11547e-01;9.49204e-01;Pipeline { filter(PT08.S2(NMHC) > 0.0009) | map_aggregate(attribute=NOx(GT), function=avg, window=8) | map_aggregate(attribute=NOx(GT), function=min, window=4) };8.11547e-01;9.49204e-01;Pipeline { filter(PT08.S2(NMHC) > 0.0009) | map_aggregate(attribute=NOx(GT), function=avg, window=8) | map_aggregate(attribute=NOx(GT), function=min, window=4) }
datasets/airQuality_parallel.csv;nsga2;4;47;4700;4700;2.07968e+02;100;100;100;1.00000e+00;1.00000e+00;3.00000e-02;8.16501e-01;6.65588e-01;Pipeline { map_aggregate(attribute=CO(GT), function=avg, window=6) };7.92120e-01;1.00000e+00;Pipeline { map_aggregate(attribute=NOx(GT), function=avg, window=4) };8.11547e-01;9.49204e-01;Pipeline { filter(C6H6(GT) > 0.0000) | map_aggregate(attribute=NOx(GT), function=avg, window=9) | map_aggregate(attribute=NOx(GT), function=min, window=4) };8.11547e-01;9.49204e-01;Pipeline { filter(C6H6(GT) > 0.0000) | map_aggregate(attribute=NOx(GT), function=avg, window=9) | map_aggregate(attribute=NOx(GT), function=min, window=4) }
datasets/airQuality_parallel.csv;nsga2;4;48;4800;4800;2.12207e+02;100;100;100;1.00000e+00;1.00000e+00;3.00000e-02;8.16501e-01;6.65588e-01;Pipeline { map_aggregate(attribute=CO(GT), function=avg, window=6) };7.92120e-01;1.00000e+00;Pipeline { map_aggregate(attribute=NOx(GT), function=avg, window=4) };8.11547e-01;9.49204e-01;Pipeline { filter(PT08.S1(CO) > 0.0008) | map_aggregate(attribute=NOx(GT), function=avg, window=8) | map_aggregate(attribute=NOx(GT), function=min, window=6) };8.11547e-01;9.49204e-01;Pipeline { filter(PT08.S1(CO) > 0.0008) | map_aggregate(attribute=NOx(GT), function=avg, window=8) | map_aggregate(attribute=NOx(GT), function=min, window=6) }
datasets/airQuality_parallel.csv;nsga2;4;49;4900;4900;2.15764e+02;100;100;100;1.00000e+00;1.00000e+00;3.00000e-02;8.16501e-01;6.65588e-01;Pipeline { map_aggregate(attribute=CO(GT), function=avg, window=6) };7.92120e-01;1.00000e+00;Pipeline { map_aggregate(attribute=NOx(GT), function=avg, window=4) };8.11547e-01;9.49204e-01;Pipeline { filter(PT08.S1(CO) > 39.8000) | map_aggregate(attribute=NOx(GT), function=avg, window=10) | map_aggregate(attribute=NOx(GT), function=min, window=8) };8.11547e-01;9.49204e-01;Pipeline { filter(PT08.S1(CO) > 39.8000) | map_aggregate(attribute=NOx(GT), function=avg, window=10) | map_aggregate(attribute=NOx(GT), function=min, window=8) }
datasets/airQuality_parallel.csv;nsga2;4;50;5000;5000;2.19122e+02;100;100;100;1.00000e+00;1.00000e+00;3.00000e-02;8.16501e-01;6.65588e-01;Pipeline { map_aggregate(attribute=CO(GT), function=avg, window=6) };7.92120e-01;1.00000e+00;Pipeline { map_aggregate(attribute=NOx(GT), function=avg, window=4) };8.11547e-01;9.49204e-01;Pipeline { filter(PT08.S3(NOx) < 7170000000.0000) | map_aggregate(attribute=NOx(GT), function=avg, window=8) | map_aggregate(attribute=NOx(GT), function=min, window=6) };8.11547e-01;9.49204e-01;Pipeline { filter(PT08.S3(NOx) < 7170000000.0000) | map_aggregate(attribute=NOx(GT), function=avg, window=8) | map_aggregate(attribute=NOx(GT), function=min, window=6) }
datasets/airQuality_parallel.csv;nsga2;5;1;100;100;8.88100e+00;100;1;58;9.80000e-01;9.80000e-01;3.40000e-01;7.52785e-01;1.00000e+00;Pipeline { map_noise(attribute=NOx(GT), percentage=0.25) };7.41322e-01;1.00000e+00;Pipeline { map_noise(attribute=PT08.S4(NO2), percentage=0.05) };5.49669e-01;8.46703e-01;Pipeline { map_noise(attribute=CO(GT), percentage=0.05) | map_duplicate(probability=0.30) | map_noise(attribute=AH, percentage=0.01) | map_noise(attribute=C6H6(GT), percentage=0.10) };4.45636e-01;7.58401e-01;Pipeline { map_duplicate(probability=0.80) | filter(PT08.S5(O3) > 0.0000) | map_noise(attribute=NOx(GT), percentage=0.10) }
datasets/airQuality_parallel.csv;nsga2;5;2;200;200;1.31390e+01;100;3;1;9.80000e-01;9.80000e-01;6.90000e-01;7.95433e-01;0.00000e+00;Pipeline { map_aggregate(attribute=NO2(GT), function=min, window=6) | map_aggregate(attribute=CO(GT), function=max, window=9) };7.33059e-01;1.00000e+00;Pipeline { map_aggregate(attribute=NOx(GT), function=max, window=6) };7.41322e-01;1.00000e+00;Pipeline { map_noise(attribute=AH, percentage=0.05) };7.41322e-01;1.00000e+00;Pipeline { map_noise(attribute=RH, percentage=0.05) }
datasets/airQuality_parallel.csv;nsga2;5;3;300;300;2.03080e+01;100;4;1;1.00000e+00;1.00000e+00;3.10000e-01;7.95433e-01;0.00000e+00;Pipeline { map_aggregate(attribute=NO2(GT), function=min, window=6) | map_aggregate(attribute=CO(GT), function=max, window=9) };7.27315e-01;1.00000e+00;Pipeline { map_aggregate(attribute=NOx(GT), function=min, window=7) };7.41322e-01;1.00000e+00;Pipeline { map_aggregate(attribute=T, function=min, window=9) };7.41322e-01;1.00000e+00;Pipeline { map_noise(attribute=RH, percentage=0.05) }
datasets/airQuality_parallel.csv;nsga2;5;4;400;400;2.38810e+01;100;3;80;1.00000e+00;1.00000e+00;2.20000e-01;8.05555e-01;8.19658e-01;Pipeline { map_aggregate(attribute=NO2(GT), function=min, window=6) | map_aggregate(attribute=PT08.S1(CO), function=avg, window=3) };7.41322e-01;1.00000e+00;Pipeline { map_aggregate(attribute=T, function=min, window=6) };7.45192e-01;9.75424e-01;Pipeline { map_aggregate(attribute=NO2(GT), function=max, window=4) };7.41322e-01;1.00000e+00;Pipeline { map_aggregate(attribute=PT08.S2(NMHC), function=min, window=10) | map_noise(attribute=PT08.S5(O3), percentage=0.05) }
datasets/airQuality_parallel.csv;nsga2;5;5;500;500;2.81450e+01;100;4;56;1.00000e+00;1.00000e+00;3.90000e-01;8.16501e-01;6.65588e-01;Pipeline { map_aggregate(attribute=CO(GT), function=avg, window=6) };7.41322e-01;1.00000e+00;Pipeline { map_aggregate(attribute=PT08.S2(NMHC), function=max, window=10) | map_noise(attribute=PT08.S5(O3), percentage=0.01) };7.74603e-01;7.03269e-01;Pipeline { map_aggregate(attribute=CO(GT), function=avg, window=3) };7.41322e-01;1.00000e+00;Pipeline { map_noise(attribute=PT08.S1(CO), percentage=0.05) | map_aggregate(attribute=T, function=avg, window=5) }
datasets/airQuality_parallel.csv;nsga2;5;6;600;600;3.22010e+01;100;5;43;1.00000e+00;1.00000e+00;4.90000e-01;8.16501e-01;6.65588e-01;Pipeline { map_aggregate(attribute=CO(GT), function=avg, window=6) };7.41322e-01;1.00000e+00;Pipeline { map_aggregate(attribute=PT08.S4(NO2), function=avg, window=7) | map_noise(attribute=RH, percentage=0.01) };7.80379e-01;9.49204e-01;Pipeline { map_aggregate(attribute=PT08.S4(NO2), function=avg, window=3) | filter(PT08.S4(NO2) < 7530.0000) };7.41322e-01;1.00000e+00;Pipeline { map_aggregate(attribute=AH, function=min, window=9) | map_aggregate(attribute=AH, function=avg, window=6) }
datasets/airQuality_parallel.csv;nsga2;5;7;700;700;3.73880e+01;100;5;6;1.00000e+00;1.00000e+00;7.10000e-01;8.16501e-01;6.65588e-01;Pipeline { map_aggregate(attribute=CO(GT), function=avg, window=6) };7.41322e-01;1.00000e+00;Pipeline { map_noise(attribute=RH, percentage=0.10) };7.95361e-01;8.19658e-01;Pipeline { map_aggregate(attribute=NO2(GT), function=min, window=6) | map_noise(attribute=PT08.S3(NOx), percentage=0.05) };7.45192e-01;9.75424e-01;Pipeline { map_aggregate(attribute=NO2(GT), function=max, window=4) }
datasets/airQuality_parallel.csv;nsga2;5;8;800;800;4.21780e+01;100;5;4;1.00000e+00;1.00000e+00;6.50000e-01;8.16501e-01;6.65588e-01;Pipeline { map_aggregate(attribute=CO(GT), function=avg, window=6) };7.46865e-01;1.00000e+00;Pipeline { map_aggregate(attribute=PT08.S2(NMHC), function=max, window=5) | map_noise(attribute=NOx(GT), percentage=0.05) };7.95433e-01;8.19658e-01;Pipeline { map_aggregate(attribute=NO2(GT), function=min, window=6) | map_aggregate(attribute=PT08.S4(NO2), function=max, window=9) };7.74303e-01;9.49204e-01;Pipeline { map_aggregate(attribute=PT08.S4(NO2), function=avg, window=5) | filter(PT08.S2(NMHC) < 75800.0000) }
datasets/airQuality_parallel.csv;nsga2;5;9;900;900;4.63660e+01;100;4;8;1.00000e+00;1.00000e+00;6.60000e-01;8.16501e-01;6.65588e-01;Pipeline { map_aggregate(attribute=CO(GT), function=avg, window=6) };7.49220e-01;1.00000e+00;Pipeline { map_noise(attribute=NOx(GT), percentage=0.10) };7.95433e-01;8.45608e-01;Pipeline { map_aggregate(attribute=NO2(GT), function=min, window=5) | map_aggregate(attribute=AH, function=max, window=3) };7.74865e-01;9.49204e-01;Pipeline { map_aggregate(attribute=PT08.S4(NO2), function=avg, window=8) | filter(PT08.S2(NMHC) < 7580.0000) }
datasets/airQuality_parallel.csv;nsga2;5;10;1000;1000;5.05480e+01;100;4;9;1.00000e+00;1.00000e+00;6.70000e-01;8.16501e-01;6.65588e-01;Pipeline { map_aggregate(attribute=CO(GT), function=avg, window=6) };7.52785e-01;1.00000e+00;Pipeline { map_noise(attribute=NOx(GT), percentage=0.25) };7.97172e-01;8.45608e-01;Pipeline { map_aggregate(attribute=NO2(GT), function=min, window=5) | map_noise(attribute=PT08.S4(NO2), percentage=0.05) };7.76497e-01;9.49204e-01;Pipeline { map_aggregate(attribute=PT08.S4(NO2), function=avg, window=4) | filter(PT08.S5(O3) < 7500.0000) }
datasets/airQuality_parallel.csv;nsga2;5;11;1100;1100;5.42030e+01;100;5;8;1.00000e+00;1.00000e+00;6.20000e-01;8.16501e-01;6.65588e-01;Pipeline { map_aggregate(attribute=CO(GT), function=avg, window=6) };7.56448e-01;1.00000e+00;Pipeline { map_aggregate(attribute=NOx(GT), function=avg, window=5) | map_aggregate(attribute=PT08.S1(CO), function=avg, window=5) };7.97770e-01;8.45608e-01;Pipeline { map_aggregate(attribute=NO2(GT), function=min, window=5) | map_aggregate(attribute=AH, function=avg, window=9) };7.76952e-01;9.49204e-01;Pipeline { map_aggregate(attribute=PT08.S4(NO2), function=avg, window=10) | filter(PT08.S2(NMHC) < 7500.0000) }
datasets/airQuality_parallel.csv;nsga2;5;12;1200;1200;5.91310e+01;100;4;1;1.00000e+00;1.00000e+00;5.20000e-01;8.16501e-01;6.65588e-01;Pipeline { map_aggregate(attribute=CO(GT), function=avg, window=6) };7.65399e-01;1.00000e+00;Pipeline { map_aggregate(attribute=NOx(GT), function=avg, window=7) | map_aggregate(attribute=PT08.S1(CO), function=avg, window=6) };7.96176e-01;8.80037e-01;Pipeline { map_aggregate(attribute=NO2(GT), function=min, window=4) | map_noise(attribute=NO2(GT), percentage=0.01) };7.80379e-01;9.49204e-01;Pipeline { map_aggregate(attribute=PT08.S4(NO2), function=avg, window=3) | filter(T < 9130000.0000) }
datasets/airQuality_parallel.csv;nsga2;5;13;1300;1300;6.31880e+01;100;5;2;1.00000e+00;1.00000e+00;4.20000e-01;8.16501e-01;6.65588e-01;Pipeline { map_aggregate(attribute=CO(GT), function=avg, window=6) };7.79352e-01;1.00000e+00;Pipeline { map_aggregate(attribute=NOx(GT), function=avg, window=8) | map_aggregate(attribute=C6H6(GT), function=min, window=5) };7.99493e-01;8.80488e-01;Pipeline { map_aggregate(attribute=NO2(GT), function=min, window=4) | map_noise(attribute=RH, percentage=0.25) };7.88510e-01;1.00000e+00;Pipeline { map_aggregate(attribute=NOx(GT), function=avg, window=5) }
datasets/airQuality_parallel.csv;nsga2;5;14;1400;1400;6.73420e+01;100;7;22;1.00000e+00;1.00000e+00;3.40000e-01;8.18804e-01;6.61158e-01;Pipeline { map_aggregate(attribute=CO(GT), function=avg, window=7) | map_noise(attribute=NOx(GT), percentage=0.05) };7.80475e-01;1.00000e+00;Pipeline { map_aggregate(attribute=RH, function=avg, window=6) | map_aggregate(attribute=NOx(GT), function=avg, window=7) };7.97698e-01;9.18060e-01;Pipeline { map_aggregate(attribute=NO2(GT), function=avg, window=9) | map_aggregate(attribute=C6H6(GT), function=avg, window=5) };7.88510e-01;1.00000e+00;Pipeline { map_aggregate(attribute=NOx(GT), function=avg, window=5) | map_aggregate(attribute=NMHC(GT), function=min, window=8) }
datasets/airQuality_parallel.csv;nsga2;5;15;1500;1500;7.20040e+01;100;9;12;1.00000e+00;1.00000e+00;2.80000e-01;8.18804e-01;6.61158e-01;Pipeline { map_aggregate(attribute=CO(GT), function=avg, window=7) | map_noise(attribute=NOx(GT), percentage=0.05) };7.81075e-01;1.00000e+00;Pipeline { map_aggregate(attribute=NOx(GT), function=avg, window=10) };8.01421e-01;9.54126e-01;Pipeline { map_aggregate(attribute=NO2(GT), function=avg, window=5) | map_aggregate(attribute=NOx(GT), function=avg, window=7) };7.88510e-01;1.00000e+00;Pipeline { map_aggregate(attribute=NOx(GT), function=avg, window=5) | map_aggregate(attribute=NMHC(GT), function=avg, window=10) }
datasets/airQuality_parallel.csv;nsga2;5;16;1600;1600;7.65380e+01;100;11;21;1.00000e+00;1.00000e+00;2.80000e-01;8.18804e-01;6.61158e-01;Pipeline { map_aggregate(attribute=CO(GT), function=avg, window=7) | map_noise(attribute=NOx(GT), percentage=0.05) };7.81075e-01;1.00000e+00;Pipeline { map_aggregate(attribute=NOx(GT), function=avg, window=10) };8.02030e-01;9.32372e-01;Pipeline { map_aggregate(attribute=NO2(GT), function=avg, window=6) | map_aggregate(attribute=NOx(GT), function=avg, window=6) };7.88510e-01;1.00000e+00;Pipeline { map_aggregate(attribute=NOx(GT), function=avg, window=5) | map_aggregate(attribute=NMHC(GT), function=min, window=4) }
datasets/airQuality_parallel.csv;nsga2;5;17;1700;1700;8.07790e+01;100;13;10;1.00000e+00;1.00000e+00;2.80000e-01;8.18804e-01;6.61158e-01;Pipeline { map_aggregate(attribute=CO(GT), function=avg, window=7) | map_noise(attribute=NOx(GT), percentage=0.05) };7.84876e-01;1.00000e+00;Pipeline { map_aggregate(attribute=NOx(GT), function=avg, window=6) | map_aggregate(attribute=PT08.S3(NOx), function=min, window=10) };8.03854e-01;9.32372e-01;Pipeline { map_aggregate(attribute=NO2(GT), function=avg, window=6) | map_aggregate(attribute=NOx(GT), function=avg, window=9) };7.88510e-01;1.00000e+00;Pipeline { map_aggregate(attribute=NOx(GT), function=avg, window=5) | map_aggregate(attribute=T, function=min, window=3) }
datasets/airQuality_parallel.csv;nsga2;5;18;1800;1800;8.47820e+01;100;17;14;1.00000e+00;1.00000e+00;1.60000e-01;8.18804e-01;6.61158e-01;Pipeline { map_aggregate(attribute=CO(GT), function=avg, window=7) | map_noise(attribute=NOx(GT), percentage=0.05) };7.86672e-01;1.00000e+00;Pipeline { map_aggregate(attribute=NOx(GT), function=avg, window=5) | map_noise(attribute=NOx(GT), percentage=0.10) };7.92546e-01;9.49204e-01;Pipeline { map_aggregate(attribute=C6H6(GT), function=avg, window=5) | filter(PT08.S5(O3) < 733000000.0000) };7.88510e-01;1.00000e+00;Pipeline { map_aggregate(attribute=NOx(GT), function=avg, window=5) | map_aggregate(attribute=AH, function=avg, window=10) }
datasets/airQuality_parallel.csv;nsga2;5;19;1900;1900;8.89720e+01;100;4;57;1.00000e+00;1.00000e+00;1.70000e-01;8.18804e-01;6.61158e-01;Pipeline { map_aggregate(attribute=CO(GT), function=avg, window=7) | map_noise(attribute=NOx(GT), percentage=0.05) };7.88510e-01;1.00000e+00;Pipeline { map_aggregate(attribute=NOx(GT), function=avg, window=5) | map_aggregate(attribute=T, function=min, window=6) };7.92546e-01;9.49204e-01;Pipeline { map_aggregate(attribute=C6H6(GT), function=avg, window=5) | filter(PT08.S4(NO2) < 33000000.0000) };7.88510e-01;1.00000e+00;Pipeline { map_aggregate(attribute=NOx(GT), function=avg, window=5) | map_aggregate(attribute=T, function=min, window=7) }
datasets/airQuality_parallel.csv;nsga2;5;20;2000;2000;9.30230e+01;100;4;36;1.00000e+00;1.00000e+00;1.90000e-01;8.18804e-01;6.61158e-01;Pipeline { map_aggregate(attribute=CO(GT), function=avg, window=7) | map_noise(attribute=NOx(GT), percentage=0.05) };7.88510e-01;1.00000e+00;Pipeline { map_aggregate(attribute=NOx(GT), function=avg, window=5) | map_aggregate(attribute=RH, function=max, window=5) };7.92546e-01;9.49204e-01;Pipeline { map_aggregate(attribute=C6H6(GT), function=avg, window=5) | filter(PT08.S4(NO2) < 733000000.0000) };7.88510e-01;1.00000e+00;Pipeline { map_aggregate(attribute=NOx(GT), function=avg, window=5) | map_aggregate(attribute=RH, function=max, window=3) }
datasets/airQuality_parallel.csv;nsga2;5;21;2100;2100;9.67240e+01;100;4;16;1.00000e+00;1.00000e+00;2.30000e-01;8.18804e-01;6.61158e-01;Pipeline { map_aggregate(attribute=CO(GT), function=avg, window=7) | map_noise(attribute=NOx(GT), percentage=0.05) };7.88510e-01;1.00000e+00;Pipeline { map_aggregate(attribute=NOx(GT), function=avg, window=5) | map_noise(attribute=PT08.S2(NMHC), percentage=0.05) };7.92546e-01;9.49204e-01;Pipeline { map_aggregate(attribute=C6H6(GT), function=avg, window=5) | filter(AH < 42.6000) };7.92120e-01;1.00000e+00;Pipeline { map_aggregate(attribute=NOx(GT), function=avg, window=4) | map_noise(attribute=PT08.S2(NMHC), percentage=0.10) }
datasets/airQuality_parallel.csv;nsga2;5;22;2200;2200;1.00661e+02;100;4;3;1.00000e+00;1.00000e+00;1.90000e-01;8.18804e-01;6.61158e-01;Pipeline { map_aggregate(attribute=CO(GT), function=avg, window=7) | map_noise(attribute=NOx(GT), percentage=0.05) };7.91399e-01;1.00000e+00;Pipeline { map_aggregate(attribute=NOx(GT), function=avg, window=4) | map_noise(attribute=NOx(GT), percentage=0.01) };7.92546e-01;9.49204e-01;Pipeline { map_aggregate(attribute=C6H6(GT), function=avg, window=5) | filter(PT08.S3(NOx) < 61900000.0000) };7.92120e-01;1.00000e+00;Pipeline { map_aggregate(attribute=NOx(GT), function=avg, window=4) | map_noise(attribute=PT08.S1(CO), percentage=0.01) }
datasets/airQuality_parallel.csv;nsga2;5;23;2300;2300;1.05999e+02;100;4;88;1.00000e+00;1.00000e+00;1.70000e-01;8.18804e-01;6.61158e-01;Pipeline { map_aggregate(attribute=CO(GT), function=avg, window=7) | map_noise(attribute=NOx(GT), percentage=0.05) };7.92120e-01;1.00000e+00;Pipeline { map_aggregate(attribute=NOx(GT), function=avg, window=4) | map_noise(attribute=NMHC(GT), percentage=0.05) };7.92546e-01;9.49204e-01;Pipeline { map_aggregate(attribute=C6H6(GT), function=avg, window=5) | filter(AH < 426.0000) };7.92120e-01;1.00000e+00;Pipeline { map_aggregate(attribute=NOx(GT), function=avg, window=4) | map_noise(attribute=PT08.S5(O3), percentage=0.10) }
datasets/airQuality_parallel.csv;nsga2;5;24;2400;2400;1.09779e+02;100;4;88;1.00000e+00;1.00000e+00;1.70000e-01;8.18804e-01;6.61158e-01;Pipeline { map_aggregate(attribute=CO(GT), function=avg, window=7) | map_noise(attribute=NOx(GT), percentage=0.05) };7.92120e-01;1.00000e+00;Pipeline { map_aggregate(attribute=NOx(GT), function=avg, window=4) | map_noise(attribute=NMHC(GT), percentage=0.01) };7.92546e-01;9.49204e-01;Pipeline { map_aggregate(attribute=C6H6(GT), function=avg, window=5) | filter(RH < 733000000.0000) };7.92120e-01;1.00000e+00;Pipeline { map_aggregate(attribute=NOx(GT), function=avg, window=4) | map_aggregate(attribute=T, function=max, window=7) }
datasets/airQuality_parallel.csv;nsga2;5;25;2500;2500;1.13595e+02;100;5;86;1.00000e+00;1.00000e+00;1.80000e-01;8.18804e-01;6.61158e-01;Pipeline { map_aggregate(attribute=CO(GT), function=avg, window=7) | map_noise(attribute=NOx(GT), percentage=0.05) };7.92120e-01;1.00000e+00;Pipeline { map_aggregate(attribute=NOx(GT), function=avg, window=4) | map_noise(attribute=RH, percentage=0.01) };7.92546e-01;9.49204e-01;Pipeline { map_aggregate(attribute=C6H6(GT), function=avg, window=5) | filter(RH < 733000000.0000) };7.92120e-01;1.00000e+00;Pipeline { map_aggregate(attribute=NOx(GT), function=avg, window=4) | map_aggregate(attribute=AH, function=min, window=5) }
datasets/airQuality_parallel.csv;nsga2;5;26;2600;2600;1.17493e+02;100;5;79;1.00000e+00;1.00000e+00;2.10000e-01;8.18804e-01;6.61158e-01;Pipeline { map_aggregate(attribute=CO(GT), function=avg, window=7) | map_noise(attribute=NOx(GT), percentage=0.05) };7.92120e-01;1.00000e+00;Pipeline { map_aggregate(attribute=NOx(GT), function=avg, window=4) | map_noise(attribute=AH, percentage=0.10) };7.92557e-01;9.49204e-01;Pipeline { map_aggregate(attribute=C6H6(GT), function=avg, window=4) | filter(PT08.S4(NO2) < 77300.0000) };7.92120e-01;1.00000e+00;Pipeline { map_aggregate(attribute=NOx(GT), function=avg, window=4) | map_noise(attribute=C6H6(GT), percentage=0.01) }
datasets/airQuality_parallel.csv;nsga2;5;27;2700;2700;1.21332e+02;100;5;73;1.00000e+00;1.00000e+00;2.20000e-01;8.18804e-01;6.61158e-01;Pipeline { map_aggregate(attribute=CO(GT), function=avg, window=7) | map_noise(attribute=NOx(GT), percentage=0.05) };7.92120e-01;1.00000e+00;Pipeline { map_aggregate(attribute=NOx(GT), function=avg, window=4) | map_noise(attribute=PT08.S4(NO2), percentage=0.05) };7.96137e-01;1.00000e+00;Pipeline { map_aggregate(attribute=NOx(GT), function=avg, window=4) | map_noise(attribute=NO2(GT), percentage=0.01) };7.92120e-01;1.00000e+00;Pipeline { map_aggregate(attribute=NOx(GT), function=avg, window=4) | map_aggregate(attribute=RH, function=max, window=7) }
datasets/airQuality_parallel.csv;nsga2;5;28;2800;2800;1.25466e+02;100;5;64;1.00000e+00;1.00000e+00;2.40000e-01;8.18804e-01;6.61158e-01;Pipeline { map_aggregate(attribute=CO(GT), function=avg, window=7) | map_noise(attribute=NOx(GT), percentage=0.05) };7.92120e-01;1.00000e+00;Pipeline { map_aggregate(attribute=NOx(GT), function=avg, window=4) | map_noise(attribute=AH, percentage=0.10) };8.03854e-01;9.32372e-01;Pipeline { map_aggregate(attribute=NO2(GT), function=avg, window=6) | map_aggregate(attribute=NOx(GT), function=avg, window=9) };7.92546e-01;9.49204e-01;Pipeline { map_aggregate(attribute=C6H6(GT), function=avg, window=5) | filter(PT08.S4(NO2) < 6090000.0000) }
datasets/airQuality_parallel.csv;nsga2;5;29;2900;2900;1.28965e+02;100;5;59;1.00000e+00;1.00000e+00;2.40000e-01;8.18804e-01;6.61158e-01;Pipeline { map_aggregate(attribute=CO(GT), function=avg, window=7) | map_noise(attribute=NOx(GT), percentage=0.05) };7.92120e-01;1.00000e+00;Pipeline { map_aggregate(attribute=NOx(GT), function=avg, window=4) | map_noise(attribute=AH, percentage=0.10) };8.09556e-01;8.80488e-01;Pipeline { map_aggregate(attribute=NO2(GT), function=min, window=4) | map_aggregate(attribute=PT08.S4(NO2), function=avg, window=6) };7.92546e-01;9.49204e-01;Pipeline { map_aggregate(attribute=C6H6(GT), function=avg, window=5) | filter(AH < 826.0000) }
datasets/airQuality_parallel.csv;nsga2;5;30;3000;3000;1.32604e+02;100;5;46;1.00000e+00;1.00000e+00;2.50000e-01;8.18804e-01;6.61158e-01;Pipeline { map_aggregate(attribute=CO(GT), function=avg, window=7) | map_noise(attribute=NOx(GT), percentage=0.05) };7.92120e-01;1.00000e+00;Pipeline { map_aggregate(attribute=NOx(GT), function=avg, window=4) | map_noise(attribute=AH, percentage=0.10) };8.12377e-01;6.57975e-01;Pipeline { map_aggregate(attribute=CO(GT), function=avg, window=8) | map_noise(attribute=PT08.S4(NO2), percentage=0.10) };7.92546e-01;9.49204e-01;Pipeline { map_aggregate(attribute=C6H6(GT), function=avg, window=5) | filter(PT08.S4(NO2) < 61300.0000) }
datasets/airQuality_parallel.csv;nsga2;5;31;3100;3100;1.36046e+02;100;5;52;1.00000e+00;1.00000e+00;2.60000e-01;8.18804e-01;6.61158e-01;Pipeline { map_aggregate(attribute=CO(GT), function=avg, window=7) | map_noise(attribute=NOx(GT), percentage=0.05) };7.92120e-01;1.00000e+00;Pipeline { map_aggregate(attribute=NOx(GT), function=avg, window=4) | map_noise(attribute=AH, percentage=0.10) };8.04812e-01;9.54126e-01;Pipeline { map_aggregate(attribute=NO2(GT), function=avg, window=5) | map_aggregate(attribute=NOx(GT), function=avg, window=9) };7.92546e-01;9.49204e-01;Pipeline { map_aggregate(attribute=C6H6(GT), function=avg, window=5) | filter(PT08.S4(NO2) < 61300.0000) }
datasets/airQuality_parallel.csv;nsga2;5;32;3200;3200;1.40026e+02;100;7;25;1.00000e+00;1.00000e+00;3.20000e-01;8.18804e-01;6.61158e-01;Pipeline { map_aggregate(attribute=CO(GT), function=avg, window=7) | map_noise(attribute=NOx(GT), percentage=0.05) };7.81075e-01;1.00000e+00;Pipeline { map_aggregate(attribute=AH, function=min, window=4) | map_aggregate(attribute=NOx(GT), function=avg, window=10) };8.10497e-01;8.80488e-01;Pipeline { map_aggregate(attribute=NO2(GT), function=min, window=4) | map_aggregate(attribute=PT08.S1(CO), function=avg, window=4) };7.92546e-01;9.49204e-01;Pipeline { map_aggregate(attribute=C6H6(GT), function=avg, window=5) | filter(PT08.S2(NMHC) > 34.0000) }
datasets/airQuality_parallel.csv;nsga2;5;33;3300;3300;1.44067e+02;100;7;38;1.00000e+00;1.00000e+00;4.00000e-01;8.18804e-01;6.61158e-01;Pipeline { map_aggregate(attribute=CO(GT), function=avg, window=7) | map_noise(attribute=NOx(GT), percentage=0.05) };7.80055e-01;1.00000e+00;Pipeline { map_noise(attribute=PT08.S2(NMHC), percentage=0.05) | map_aggregate(attribute=NOx(GT), function=avg, window=9) };8.16446e-01;6.61158e-01;Pipeline { map_aggregate(attribute=CO(GT), function=avg, window=7) | map_noise(attribute=PT08.S5(O3), percentage=0.05) };7.92557e-01;9.49204e-01;Pipeline { map_aggregate(attribute=C6H6(GT), function=avg, window=4) | filter(PT08.S4(NO2) < 99900.0000) }
datasets/airQuality_parallel.csv;nsga2;5;34;3400;3400;1.48201e+02;100;7;23;1.00000e+00;1.00000e+00;4.10000e-01;8.18804e-01;6.61158e-01;Pipeline { map_aggregate(attribute=CO(GT), function=avg, window=7) | map_noise(attribute=NOx(GT), percentage=0.05) };7.80475e-01;1.00000e+00;Pipeline { map_noise(attribute=T, percentage=0.05) | map_aggregate(attribute=NOx(GT), function=avg, window=7) };8.16446e-01;6.61158e-01;Pipeline { map_aggregate(attribute=CO(GT), function=avg, window=7) | map_aggregate(attribute=AH, function=avg, window=7) };8.02616e-01;9.54126e-01;Pipeline { map_aggregate(attribute=NO2(GT), function=avg, window=5) | map_aggregate(attribute=NOx(GT), function=avg, window=5) }
datasets/airQuality_parallel.csv;nsga2;5;35;3500;3500;1.52073e+02;100;7;5;1.00000e+00;1.00000e+00;4.10000e-01;8.18804e-01;6.61158e-01;Pipeline { map_aggregate(attribute=CO(GT), function=avg, window=7) | map_noise(attribute=NOx(GT), percentage=0.05) };7.84876e-01;1.00000e+00;Pipeline { map_aggregate(attribute=AH, function=max, window=6) | map_aggregate(attribute=NOx(GT), function=avg, window=6) };8.16446e-01;6.61158e-01;Pipeline { map_aggregate(attribute=CO(GT), function=avg, window=7) | map_aggregate(attribute=AH, function=avg, window=8) };8.02616e-01;9.54126e-01;Pipeline { map_aggregate(attribute=NO2(GT), function=avg, window=5) | map_aggregate(attribute=NOx(GT), function=avg, window=5) }
datasets/airQuality_parallel.csv;nsga2;5;36;3600;3600;1.56151e+02;100;8;48;1.00000e+00;1.00000e+00;3.00000e-01;8.18804e-01;6.61158e-01;Pipeline { map_aggregate(attribute=CO(GT), function=avg, window=7) | map_noise(attribute=NOx(GT), percentage=0.05) };7.92120e-01;1.00000e+00;Pipeline { map_aggregate(attribute=NOx(GT), function=avg, window=4) | map_noise(attribute=T, percentage=0.05) };8.16501e-01;6.65588e-01;Pipeline { map_aggregate(attribute=CO(GT), function=avg, window=6) | map_noise(attribute=PT08.S4(NO2), percentage=0.10) };8.18335e-01;9.32372e-01;Pipeline { map_aggregate(attribute=NO2(GT), function=avg, window=6) | map_aggregate(attribute=NOx(GT), function=min, window=9) }
datasets/airQuality_parallel.csv;nsga2;5;37;3700;3700;1.60414e+02;100;8;33;1.00000e+00;1.00000e+00;3.10000e-01;8.18804e-01;6.61158e-01;Pipeline { map_aggregate(attribute=CO(GT), function=avg, window=7) | map_noise(attribute=NOx(GT), percentage=0.05) };7.92120e-01;1.00000e+00;Pipeline { map_aggregate(attribute=NOx(GT), function=avg, window=4) | map_noise(attribute=T, percentage=0.05) };8.16501e-01;6.65588e-01;Pipeline { map_aggregate(attribute=CO(GT), function=avg, window=6) | map_noise(attribute=PT08.S2(NMHC), percentage=0.01) };8.10497e-01;8.80488e-01;Pipeline { map_aggregate(attribute=NO2(GT), function=min, window=4) | map_aggregate(attribute=PT08.S1(CO), function=avg, window=6) }
datasets/airQuality_parallel.csv;nsga2;5;38;3800;3800;1.64131e+02;100;9;15;1.00000e+00;1.00000e+00;3.40000e-01;8.18804e-01;6.61158e-01;Pipeline { map_aggregate(attribute=CO(GT), function=avg, window=7) | map_noise(attribute=NOx(GT), percentage=0.05) };7.92120e-01;1.00000e+00;Pipeline { map_aggregate(attribute=NOx(GT), function=avg, window=4) | map_noise(attribute=T, percentage=0.05) };8.16501e-01;6.65588e-01;Pipeline { map_aggregate(attribute=CO(GT), function=avg, window=6) | map_noise(attribute=PT08.S2(NMHC), percentage=0.01) };8.10497e-01;8.80488e-01;Pipeline { map_aggregate(attribute=NO2(GT), function=min, window=4) | map_aggregate(attribute=PT08.S1(CO), function=avg, window=6) }
datasets/airQuality_parallel.csv;nsga2;5;39;3900;3900;1.68240e+02;100;9;5;1.00000e+00;1.00000e+00;2.70000e-01;8.18804e-01;6.61158e-01;Pipeline { map_aggregate(attribute=CO(GT), function=avg, window=7) | map_noise(attribute=NOx(GT), percentage=0.05) };7.92120e-01;1.00000e+00;Pipeline { map_aggregate(attribute=NOx(GT), function=avg, window=4) | map_noise(attribute=T, percentage=0.05) };8.16501e-01;6.65588e-01;Pipeline { map_aggregate(attribute=CO(GT), function=avg, window=6) | map_aggregate(attribute=PT08.S3(NOx), function=avg, window=7) };8.16501e-01;6.65588e-01;Pipeline { map_aggregate(attribute=CO(GT), function=avg, window=6) | map_noise(attribute=PT08.S3(NOx), percentage=0.10) }
datasets/airQuality_parallel.csv;nsga2;5;40;4000;4000;1.72787e+02;100;9;7;1.00000e+00;1.00000e+00;2.10000e-01;8.18804e-01;6.61158e-01;Pipeline { map_aggregate(attribute=CO(GT), function=avg, window=7) | map_noise(attribute=NOx(GT), percentage=0.05) };7.92481e-01;1.00000e+00;Pipeline { map_aggregate(attribute=NOx(GT), function=avg, window=4) | map_noise(attribute=NOx(GT), percentage=0.05) };8.16501e-01;6.65588e-01;Pipeline { map_aggregate(attribute=CO(GT), function=avg, window=6) | map_aggregate(attribute=AH, function=max, window=3) };8.16501e-01;6.65588e-01;Pipeline { map_aggregate(attribute=CO(GT), function=avg, window=6) | map_aggregate(attribute=PT08.S3(NOx), function=avg, window=3) }
datasets/airQuality_parallel.csv;nsga2;5;41;4100;4100;1.77137e+02;100;9;91;1.00000e+00;1.00000e+00;1.40000e-01;8.18804e-01;6.61158e-01;Pipeline { map_aggregate(attribute=CO(GT), function=avg, window=7) | map_noise(attribute=NOx(GT), percentage=0.05) };7.93133e-01;1.00000e+00;Pipeline { map_aggregate(attribute=NOx(GT), function=avg, window=4) | map_noise(attribute=NOx(GT), percentage=0.25) };8.16501e-01;6.65588e-01;Pipeline { map_aggregate(attribute=CO(GT), function=avg, window=6) | map_noise(attribute=PT08.S5(O3), percentage=0.05) };8.16501e-01;6.65588e-01;Pipeline { map_aggregate(attribute=CO(GT), function=avg, window=6) | map_noise(attribute=PT08.S2(NMHC), percentage=0.01) }
datasets/airQuality_parallel.csv;nsga2;5;42;4200;4200;1.81106e+02;100;6;82;1.00000e+00;1.00000e+00;2.20000e-01;8.23944e-01;9.23203e-01;Pipeline { map_aggregate(attribute=NO2(GT), function=avg, window=10) | map_aggregate(attribute=NOx(GT), function=min, window=4) };7.68240e-01;1.00000e+00;Pipeline { map_aggregate(attribute=NOx(GT), function=avg, window=9) | map_noise(attribute=NOx(GT), percentage=0.25) };8.16501e-01;6.65588e-01;Pipeline { map_aggregate(attribute=CO(GT), function=avg, window=6) | map_aggregate(attribute=NMHC(GT), function=avg, window=6) };8.16501e-01;6.65588e-01;Pipeline { map_aggregate(attribute=CO(GT), function=avg, window=6) | map_aggregate(attribute=T, function=avg, window=3) }
datasets/airQuality_parallel.csv;nsga2;5;43;4300;4300;1.85456e+02;100;6;80;1.00000e+00;1.00000e+00;2.40000e-01;8.23944e-01;9.23203e-01;Pipeline { map_aggregate(attribute=NO2(GT), function=avg, window=10) | map_aggregate(attribute=NOx(GT), function=min, window=4) };7.84876e-01;1.00000e+00;Pipeline { map_aggregate(attribute=NOx(GT), function=avg, window=6) | map_aggregate(attribute=AH, function=max, window=5) };8.16501e-01;6.65588e-01;Pipeline { map_aggregate(attribute=CO(GT), function=avg, window=6) | map_noise(attribute=PT08.S4(NO2), percentage=0.01) };8.16501e-01;6.65588e-01;Pipeline { map_aggregate(attribute=CO(GT), function=avg, window=6) | map_noise(attribute=RH, percentage=0.05) }
datasets/airQuality_parallel.csv;nsga2;5;44;4400;4400;1.90152e+02;100;6;80;1.00000e+00;1.00000e+00;2.30000e-01;8.23944e-01;9.23203e-01;Pipeline { map_aggregate(attribute=NO2(GT), function=avg, window=10) | map_aggregate(attribute=NOx(GT), function=min, window=4) };7.92120e-01;1.00000e+00;Pipeline { map_aggregate(attribute=NOx(GT), function=avg, window=4) | map_noise(attribute=PT08.S3(NOx), percentage=0.05) };8.16501e-01;6.65588e-01;Pipeline { map_aggregate(attribute=CO(GT), function=avg, window=6) | map_noise(attribute=AH, percentage=0.05) };8.16501e-01;6.65588e-01;Pipeline { map_aggregate(attribute=CO(GT), function=avg, window=6) | map_noise(attribute=NMHC(GT), percentage=0.05) }
datasets/airQuality_parallel.csv;nsga2;5;45;4500;4500;1.94028e+02;100;6;80;1.00000e+00;1.00000e+00;2.30000e-01;8.23944e-01;9.23203e-01;Pipeline { map_aggregate(attribute=NO2(GT), function=avg, window=10) | map_aggregate(attribute=NOx(GT), function=min, window=4) };7.92120e-01;1.00000e+00;Pipeline { map_aggregate(attribute=NOx(GT), function=avg, window=4) | map_noise(attribute=C6H6(GT), percentage=0.01) };8.16501e-01;6.65588e-01;Pipeline { map_aggregate(attribute=CO(GT), function=avg, window=6) | map_aggregate(attribute=T, function=max, window=7) };8.16501e-01;6.65588e-01;Pipeline { map_aggregate(attribute=CO(GT), function=avg, window=6) | map_noise(attribute=T, percentage=0.25) }
datasets/airQuality_parallel.csv;nsga2;5;46;4600;4600;1.98206e+02;100;6;76;1.00000e+00;1.00000e+00;2.70000e-01;8.23944e-01;9.23203e-01;Pipeline { map_aggregate(attribute=NO2(GT), function=avg, window=10) | map_aggregate(attribute=NOx(GT), function=min, window=4) };7.92120e-01;1.00000e+00;Pipeline { map_aggregate(attribute=NOx(GT), function=avg, window=4) | map_aggregate(attribute=T, function=min, window=4) };8.16501e-01;6.65588e-01;Pipeline { map_aggregate(attribute=CO(GT), function=avg, window=6) | map_aggregate(attribute=PT08.S3(NOx), function=min, window=8) };8.18335e-01;9.32372e-01;Pipeline { map_aggregate(attribute=NO2(GT), function=avg, window=6) | map_aggregate(attribute=NOx(GT), function=min, window=7) }
datasets/airQuality_parallel.csv;nsga2;5;47;4700;4700;2.02260e+02;100;6;52;1.00000e+00;1.00000e+00;3.80000e-01;8.23944e-01;9.23203e-01;Pipeline { map_aggregate(attribute=NO2(GT), function=avg, window=10) | map_aggregate(attribute=NOx(GT), function=min, window=4) };7.81075e-01;1.00000e+00;Pipeline { map_aggregate(attribute=PT08.S5(O3), function=avg, window=10) | map_aggregate(attribute=NOx(GT), function=avg, window=10) };8.16501e-01;6.65588e-01;Pipeline { map_aggregate(attribute=CO(GT), function=avg, window=6) | map_noise(attribute=RH, percentage=0.10) };7.82962e-01;9.54126e-01;Pipeline { map_aggregate(attribute=NO2(GT), function=avg, window=5) | map_aggregate(attribute=NOx(GT), function=min, window=8) }
datasets/airQuality_parallel.csv;nsga2;5;48;4800;4800;2.06269e+02;100;6;29;1.00000e+00;1.00000e+00;4.20000e-01;8.23944e-01;9.23203e-01;Pipeline { map_aggregate(attribute=NO2(GT), function=avg, window=10) | map_aggregate(attribute=NOx(GT), function=min, window=4) };7.81075e-01;1.00000e+00;Pipeline { map_aggregate(attribute=PT08.S5(O3), function=avg, window=10) | map_aggregate(attribute=NOx(GT), function=avg, window=10) };8.16501e-01;6.65588e-01;Pipeline { map_aggregate(attribute=CO(GT), function=avg, window=6) | map_aggregate(attribute=RH, function=min, window=5) };7.92120e-01;1.00000e+00;Pipeline { map_aggregate(attribute=NOx(GT), function=avg, window=4) | map_aggregate(attribute=NMHC(GT), function=avg, window=9) }
datasets/airQuality_parallel.csv;nsga2;5;49;4900;4900;2.10115e+02;100;6;17;1.00000e+00;1.00000e+00;4.30000e-01;8.23944e-01;9.23203e-01;Pipeline { map_aggregate(attribute=NO2(GT), function=avg, window=10) | map_aggregate(attribute=NOx(GT), function=min, window=4) };7.84876e-01;1.00000e+00;Pipeline { map_aggregate(attribute=NOx(GT), function=avg, window=6) | map_aggregate(attribute=T, function=min, window=4) };8.15373e-01;9.32372e-01;Pipeline { map_aggregate(attribute=NO2(GT), function=avg, window=6) | map_aggregate(attribute=NOx(GT), function=min, window=4) };7.92120e-01;1.00000e+00;Pipeline { map_aggregate(attribute=NOx(GT), function=avg, window=4) | map_noise(attribute=NMHC(GT), percentage=0.25) }
datasets/airQuality_parallel.csv;nsga2;5;50;5000;5000;2.14183e+02;100;6;6;1.00000e+00;1.00000e+00;4.20000e-01;8.23944e-01;9.23203e-01;Pipeline { map_aggregate(attribute=NO2(GT), function=avg, window=10) | map_aggregate(attribute=NOx(GT), function=min, window=4) };7.88837e-01;1.00000e+00;Pipeline { map_aggregate(attribute=NOx(GT), function=avg, window=4) | map_aggregate(attribute=PT08.S4(NO2), function=avg, window=3) };8.06619e-01;8.97267e-01;Pipeline { map_aggregate(attribute=NOx(GT), function=avg, window=4) | map_aggregate(attribute=NO2(GT), function=min, window=3) };7.92120e-01;1.00000e+00;Pipeline { map_aggregate(attribute=NOx(GT), function=avg, window=4) | map_noise(attribute=T, percentage=0.01) }
