problem.name;solver.name;randomGenerator.seed;n.iterations;n.evals;n.births;elapsed.secs;all→size;firsts→size;lasts→size;all→each[genotype]→uniqueness;all→each[solution]→uniqueness;all→each[quality]→uniqueness;"all→percentile[quality→privacy;100]→quality→privacy";"all→percentile[quality→privacy;100]→quality→results-similarity";"all→percentile[quality→privacy;100]→quality→performance-similarity";"all→percentile[quality→privacy;100]→solution";"all→percentile[quality→results-similarity;100]→quality→privacy";"all→percentile[quality→results-similarity;100]→quality→results-similarity";"all→percentile[quality→results-similarity;100]→quality→performance-similarity";"all→percentile[quality→results-similarity;100]→solution";"all→percentile[quality→performance-similarity;100]→quality→privacy";"all→percentile[quality→performance-similarity;100]→quality→results-similarity";"all→percentile[quality→performance-similarity;100]→quality→performance-similarity";"all→percentile[quality→performance-similarity;100]→solution";"all→percentile[quality→privacy;75]→quality→privacy";"all→percentile[quality→privacy;75]→quality→results-similarity";"all→percentile[quality→privacy;75]→quality→performance-similarity";"all→percentile[quality→privacy;75]→solution";"all→percentile[quality→results-similarity;75]→quality→privacy";"all→percentile[quality→results-similarity;75]→quality→results-similarity";"all→percentile[quality→results-similarity;75]→quality→performance-similarity";"all→percentile[quality→results-similarity;75]→solution";"all→percentile[quality→performance-similarity;75]→quality→privacy";"all→percentile[quality→performance-similarity;75]→quality→results-similarity";"all→percentile[quality→performance-similarity;75]→quality→performance-similarity";"all→percentile[quality→performance-similarity;75]→solution"
datasets/airQuality_parallel.csv;nsga2;1;1;100;100;1.21010e+01;100;2;60;9.80000e-01;9.80000e-01;4.10000e-01;8.79455e-01;4.50355e-01;9.23203e-01;Pipeline { map_aggregate(attribute=NO2(GT), function=avg, window=10) };8.46251e-01;1.00000e+00;1.00000e+00;Pipeline { map_aggregate(attribute=PT08.S1(CO), function=min, window=7) };8.46251e-01;1.00000e+00;1.00000e+00;Pipeline { map_aggregate(attribute=PT08.S1(CO), function=min, window=7) };5.41298e-01;9.32642e-01;7.97871e-01;Pipeline { map_duplicate(probability=0.60) };5.81999e-01;9.15541e-01;8.16029e-01;Pipeline { map_noise(attribute=PT08.S4(NO2), percentage=0.10) | map_noise(attribute=RH, percentage=0.01) | map_duplicate(probability=0.50) };8.32092e-01;4.83221e-01;7.48121e-01;Pipeline { map_aggregate(attribute=PT08.S3(NOx), function=avg, window=7) | map_aggregate(attribute=RH, function=max, window=5) | map_noise(attribute=PT08.S3(NOx), percentage=0.01) | map_noise(attribute=CO(GT), percentage=0.25) | map_aggregate(attribute=PT08.S5(O3), function=max, window=6) | filter(PT08.S1(CO) > 0.0000) | map_noise(attribute=C6H6(GT), percentage=0.10) }
datasets/airQuality_parallel.csv;nsga2;1;2;200;200;1.66960e+01;100;1;1;9.80000e-01;9.80000e-01;9.90000e-01;8.79699e-01;1.00000e+00;1.00000e+00;Pipeline { map_aggregate(attribute=PT08.S5(O3), function=avg, window=3) };8.45876e-01;1.00000e+00;1.00000e+00;Pipeline { map_aggregate(attribute=PT08.S2(NMHC), function=min, window=6) };8.45876e-01;1.00000e+00;1.00000e+00;Pipeline { map_aggregate(attribute=PT08.S2(NMHC), function=min, window=6) };8.65819e-01;1.00000e+00;1.00000e+00;Pipeline { map_noise(attribute=PT08.S5(O3), percentage=0.25) };8.75298e-01;1.00000e+00;1.00000e+00;Pipeline { map_noise(attribute=C6H6(GT), percentage=0.25) };8.75298e-01;1.00000e+00;1.00000e+00;Pipeline { map_noise(attribute=C6H6(GT), percentage=0.25) }
datasets/airQuality_parallel.csv;nsga2;1;3;300;300;2.16690e+01;100;1;4;9.90000e-01;9.90000e-01;9.90000e-01;8.82217e-01;1.00000e+00;1.00000e+00;Pipeline { map_aggregate(attribute=PT08.S4(NO2), function=avg, window=9) };8.45876e-01;1.00000e+00;1.00000e+00;Pipeline { map_aggregate(attribute=PT08.S2(NMHC), function=min, window=6) };8.45876e-01;1.00000e+00;1.00000e+00;Pipeline { map_aggregate(attribute=PT08.S2(NMHC), function=min, window=6) };8.72119e-01;1.00000e+00;1.00000e+00;Pipeline { map_aggregate(attribute=PT08.S4(NO2), function=min, window=3) | map_noise(attribute=PT08.S5(O3), percentage=0.01) };8.67928e-01;1.00000e+00;1.00000e+00;Pipeline { map_aggregate(attribute=PT08.S3(NOx), function=min, window=10) };8.67928e-01;1.00000e+00;1.00000e+00;Pipeline { map_aggregate(attribute=PT08.S3(NOx), function=min, window=10) }
datasets/airQuality_parallel.csv;nsga2;1;4;400;400;2.56600e+01;100;1;1;1.00000e+00;1.00000e+00;9.10000e-01;8.84307e-01;1.00000e+00;1.00000e+00;Pipeline { map_aggregate(attribute=NOx(GT), function=min, window=3) | map_noise(attribute=NMHC(GT), percentage=0.25) };8.69061e-01;1.00000e+00;1.00000e+00;Pipeline { map_noise(attribute=RH, percentage=0.05) };8.69061e-01;1.00000e+00;1.00000e+00;Pipeline { map_noise(attribute=RH, percentage=0.05) };8.78678e-01;1.00000e+00;1.00000e+00;Pipeline { map_aggregate(attribute=PT08.S2(NMHC), function=avg, window=3) | map_noise(attribute=NMHC(GT), percentage=0.25) };8.71466e-01;1.00000e+00;1.00000e+00;Pipeline { map_noise(attribute=C6H6(GT), percentage=0.10) };8.71466e-01;1.00000e+00;1.00000e+00;Pipeline { map_noise(attribute=C6H6(GT), percentage=0.10) }
datasets/airQuality_parallel.csv;nsga2;1;5;500;500;2.95330e+01;100;1;1;1.00000e+00;1.00000e+00;9.10000e-01;8.85839e-01;1.00000e+00;1.00000e+00;Pipeline { map_aggregate(attribute=NOx(GT), function=min, window=3) | map_noise(attribute=C6H6(GT), percentage=0.10) };8.71605e-01;1.00000e+00;1.00000e+00;Pipeline { map_aggregate(attribute=PT08.S4(NO2), function=min, window=3) | map_aggregate(attribute=NMHC(GT), function=max, window=10) };8.71605e-01;1.00000e+00;1.00000e+00;Pipeline { map_aggregate(attribute=PT08.S4(NO2), function=min, window=3) | map_aggregate(attribute=NMHC(GT), function=max, window=10) };8.79472e-01;4.82270e-01;9.23203e-01;Pipeline { map_aggregate(attribute=NO2(GT), function=avg, window=8) };8.73557e-01;1.00000e+00;1.00000e+00;Pipeline { map_noise(attribute=RH, percentage=0.25) };8.73557e-01;1.00000e+00;1.00000e+00;Pipeline { map_noise(attribute=RH, percentage=0.25) }
datasets/airQuality_parallel.csv;nsga2;1;6;600;600;3.38670e+01;100;1;4;1.00000e+00;1.00000e+00;9.70000e-01;8.85839e-01;1.00000e+00;1.00000e+00;Pipeline { map_aggregate(attribute=NOx(GT), function=min, window=3) | map_noise(attribute=C6H6(GT), percentage=0.10) };8.73928e-01;1.00000e+00;1.00000e+00;Pipeline { map_aggregate(attribute=RH, function=min, window=5) };8.73928e-01;1.00000e+00;1.00000e+00;Pipeline { map_aggregate(attribute=RH, function=min, window=5) };8.80691e-01;1.00000e+00;1.00000e+00;Pipeline { map_aggregate(attribute=PT08.S5(O3), function=avg, window=8) };8.78477e-01;1.00000e+00;1.00000e+00;Pipeline { map_aggregate(attribute=PT08.S2(NMHC), function=avg, window=4) };8.78477e-01;1.00000e+00;1.00000e+00;Pipeline { map_aggregate(attribute=PT08.S2(NMHC), function=avg, window=4) }
datasets/airQuality_parallel.csv;nsga2;1;7;700;700;3.82880e+01;100;1;1;1.00000e+00;1.00000e+00;9.40000e-01;8.86609e-01;1.00000e+00;1.00000e+00;Pipeline { map_aggregate(attribute=NOx(GT), function=min, window=3) | map_noise(attribute=PT08.S2(NMHC), percentage=0.10) };8.76784e-01;1.00000e+00;1.00000e+00;Pipeline { map_aggregate(attribute=PT08.S2(NMHC), function=avg, window=6) | map_noise(attribute=PT08.S1(CO), percentage=0.05) };8.76784e-01;1.00000e+00;1.00000e+00;Pipeline { map_aggregate(attribute=PT08.S2(NMHC), function=avg, window=6) | map_noise(attribute=PT08.S1(CO), percentage=0.05) };8.81364e-01;1.00000e+00;1.00000e+00;Pipeline { map_aggregate(attribute=C6H6(GT), function=avg, window=5) };8.79161e-01;1.00000e+00;1.00000e+00;Pipeline { map_aggregate(attribute=PT08.S1(CO), function=avg, window=10) };8.79161e-01;1.00000e+00;1.00000e+00;Pipeline { map_aggregate(attribute=PT08.S1(CO), function=avg, window=10) }
datasets/airQuality_parallel.csv;nsga2;1;8;800;800;4.31800e+01;100;2;1;1.00000e+00;1.00000e+00;9.50000e-01;8.88139e-01;4.83126e-01;9.18060e-01;Pipeline { map_aggregate(attribute=NOx(GT), function=min, window=3) | map_aggregate(attribute=NO2(GT), function=avg, window=9) };8.78678e-01;1.00000e+00;1.00000e+00;Pipeline { map_aggregate(attribute=PT08.S2(NMHC), function=avg, window=3) | map_noise(attribute=NMHC(GT), percentage=0.25) };8.78678e-01;1.00000e+00;1.00000e+00;Pipeline { map_aggregate(attribute=PT08.S2(NMHC), function=avg, window=3) | map_noise(attribute=NMHC(GT), percentage=0.25) };8.81955e-01;1.00000e+00;1.00000e+00;Pipeline { map_aggregate(attribute=PT08.S4(NO2), function=avg, window=7) };8.79705e-01;1.00000e+00;1.00000e+00;Pipeline { map_aggregate(attribute=NOx(GT), function=min, window=8) };8.79705e-01;1.00000e+00;1.00000e+00;Pipeline { map_aggregate(attribute=NOx(GT), function=min, window=8) }
datasets/airQuality_parallel.csv;nsga2;1;9;900;900;4.73460e+01;100;2;1;1.00000e+00;1.00000e+00;9.50000e-01;8.88139e-01;4.83126e-01;9.18060e-01;Pipeline { map_aggregate(attribute=NOx(GT), function=min, window=3) | map_aggregate(attribute=NO2(GT), function=avg, window=9) };8.79482e-01;1.00000e+00;1.00000e+00;Pipeline { map_noise(attribute=AH, percentage=0.01) | map_aggregate(attribute=PT08.S1(CO), function=avg, window=6) };8.79482e-01;1.00000e+00;1.00000e+00;Pipeline { map_noise(attribute=AH, percentage=0.01) | map_aggregate(attribute=PT08.S1(CO), function=avg, window=6) };8.82492e-01;1.00000e+00;1.00000e+00;Pipeline { map_aggregate(attribute=NMHC(GT), function=avg, window=6) | map_aggregate(attribute=NOx(GT), function=min, window=5) };8.80414e-01;1.00000e+00;1.00000e+00;Pipeline { map_aggregate(attribute=AH, function=avg, window=7) | map_aggregate(attribute=NOx(GT), function=avg, window=5) };8.80414e-01;1.00000e+00;1.00000e+00;Pipeline { map_aggregate(attribute=AH, function=avg, window=7) | map_aggregate(attribute=NOx(GT), function=avg, window=5) }
datasets/airQuality_parallel.csv;nsga2;1;10;1000;1000;5.15880e+01;100;2;1;1.00000e+00;1.00000e+00;9.60000e-01;8.88139e-01;4.83126e-01;9.18060e-01;Pipeline { map_aggregate(attribute=NOx(GT), function=min, window=3) | map_aggregate(attribute=NO2(GT), function=avg, window=9) };8.80206e-01;1.00000e+00;1.00000e+00;Pipeline { map_aggregate(attribute=NOx(GT), function=min, window=6) | map_noise(attribute=C6H6(GT), percentage=0.01) };8.80206e-01;1.00000e+00;1.00000e+00;Pipeline { map_aggregate(attribute=NOx(GT), function=min, window=6) | map_noise(attribute=C6H6(GT), percentage=0.01) };8.82986e-01;1.00000e+00;1.00000e+00;Pipeline { map_aggregate(attribute=NOx(GT), function=min, window=5) | map_noise(attribute=PT08.S2(NMHC), percentage=0.10) };8.81377e-01;1.00000e+00;1.00000e+00;Pipeline { map_aggregate(attribute=NOx(GT), function=min, window=9) | map_aggregate(attribute=AH, function=avg, window=8) };8.81377e-01;1.00000e+00;1.00000e+00;Pipeline { map_aggregate(attribute=NOx(GT), function=min, window=9) | map_aggregate(attribute=AH, function=avg, window=8) }
datasets/airQuality_parallel.csv;nsga2;1;11;1100;1100;5.55780e+01;100;2;2;1.00000e+00;1.00000e+00;9.40000e-01;8.88139e-01;4.83126e-01;9.18060e-01;Pipeline { map_aggregate(attribute=NOx(GT), function=min, window=3) | map_aggregate(attribute=NO2(GT), function=avg, window=9) };8.80851e-01;1.00000e+00;1.00000e+00;Pipeline { map_aggregate(attribute=C6H6(GT), function=avg, window=10) };8.80851e-01;1.00000e+00;1.00000e+00;Pipeline { map_aggregate(attribute=C6H6(GT), function=avg, window=10) };8.84183e-01;1.00000e+00;1.00000e+00;Pipeline { map_aggregate(attribute=NOx(GT), function=min, window=4) };8.81960e-01;1.00000e+00;1.00000e+00;Pipeline { map_aggregate(attribute=PT08.S4(NO2), function=avg, window=10) | map_noise(attribute=AH, percentage=0.10) };8.81960e-01;1.00000e+00;1.00000e+00;Pipeline { map_aggregate(attribute=PT08.S4(NO2), function=avg, window=10) | map_noise(attribute=AH, percentage=0.10) }
datasets/airQuality_parallel.csv;nsga2;1;12;1200;1200;5.97960e+01;100;2;2;1.00000e+00;1.00000e+00;9.10000e-01;8.88328e-01;4.83126e-01;9.18060e-01;Pipeline { map_aggregate(attribute=NOx(GT), function=min, window=10) | map_aggregate(attribute=NO2(GT), function=avg, window=9) };8.81955e-01;1.00000e+00;1.00000e+00;Pipeline { map_aggregate(attribute=PT08.S4(NO2), function=avg, window=7) };8.81955e-01;1.00000e+00;1.00000e+00;Pipeline { map_aggregate(attribute=PT08.S4(NO2), function=avg, window=7) };8.84564e-01;1.00000e+00;1.00000e+00;Pipeline { map_aggregate(attribute=NOx(GT), function=min, window=3) | map_noise(attribute=AH, percentage=0.10) };8.82798e-01;1.00000e+00;1.00000e+00;Pipeline { map_aggregate(attribute=NOx(GT), function=min, window=5) | map_aggregate(attribute=AH, function=avg, window=8) };8.82798e-01;1.00000e+00;1.00000e+00;Pipeline { map_aggregate(attribute=NOx(GT), function=min, window=5) | map_aggregate(attribute=AH, function=avg, window=8) }
datasets/airQuality_parallel.csv;nsga2;1;13;1300;1300;6.39290e+01;100;2;1;1.00000e+00;1.00000e+00;9.30000e-01;8.88328e-01;4.83126e-01;9.18060e-01;Pipeline { map_aggregate(attribute=NOx(GT), function=min, window=10) | map_aggregate(attribute=NO2(GT), function=avg, window=9) };8.82511e-01;1.00000e+00;1.00000e+00;Pipeline { map_aggregate(attribute=PT08.S4(NO2), function=avg, window=10) | map_noise(attribute=PT08.S1(CO), percentage=0.05) };8.82511e-01;1.00000e+00;1.00000e+00;Pipeline { map_aggregate(attribute=PT08.S4(NO2), function=avg, window=10) | map_noise(attribute=PT08.S1(CO), percentage=0.05) };8.85115e-01;1.00000e+00;1.00000e+00;Pipeline { map_aggregate(attribute=NMHC(GT), function=avg, window=6) | map_aggregate(attribute=NOx(GT), function=min, window=4) };8.84085e-01;1.00000e+00;1.00000e+00;Pipeline { map_aggregate(attribute=NOx(GT), function=min, window=3) | map_noise(attribute=T, percentage=0.01) };8.84085e-01;1.00000e+00;1.00000e+00;Pipeline { map_aggregate(attribute=NOx(GT), function=min, window=3) | map_noise(attribute=T, percentage=0.01) }
datasets/airQuality_parallel.csv;nsga2;1;14;1400;1400;6.81330e+01;100;1;3;1.00000e+00;1.00000e+00;9.40000e-01;8.90211e-01;1.00000e+00;1.00000e+00;Pipeline { map_aggregate(attribute=NOx(GT), function=min, window=3) | map_aggregate(attribute=PT08.S5(O3), function=avg, window=9) };8.83157e-01;1.00000e+00;1.00000e+00;Pipeline { map_aggregate(attribute=NOx(GT), function=min, window=7) | map_aggregate(attribute=RH, function=avg, window=5) };8.83157e-01;1.00000e+00;1.00000e+00;Pipeline { map_aggregate(attribute=NOx(GT), function=min, window=7) | map_aggregate(attribute=RH, function=avg, window=5) };8.85821e-01;1.45125e-01;7.01234e-01;Pipeline { map_aggregate(attribute=CO(GT), function=avg, window=3) | map_aggregate(attribute=NO2(GT), function=avg, window=8) };8.84219e-01;1.00000e+00;1.00000e+00;Pipeline { map_aggregate(attribute=NOx(GT), function=min, window=4) | map_noise(attribute=RH, percentage=0.01) };8.84219e-01;1.00000e+00;1.00000e+00;Pipeline { map_aggregate(attribute=NOx(GT), function=min, window=4) | map_noise(attribute=RH, percentage=0.01) }
datasets/airQuality_parallel.csv;nsga2;1;15;1500;1500;7.23020e+01;100;1;3;1.00000e+00;1.00000e+00;9.20000e-01;8.90211e-01;1.00000e+00;1.00000e+00;Pipeline { map_aggregate(attribute=NOx(GT), function=min, window=3) | map_aggregate(attribute=PT08.S5(O3), function=avg, window=9) };8.84085e-01;1.00000e+00;1.00000e+00;Pipeline { map_aggregate(attribute=NOx(GT), function=min, window=3) | map_noise(attribute=T, percentage=0.01) };8.84085e-01;1.00000e+00;1.00000e+00;Pipeline { map_aggregate(attribute=NOx(GT), function=min, window=3) | map_noise(attribute=T, percentage=0.01) };8.86942e-01;1.00000e+00;1.00000e+00;Pipeline { map_aggregate(attribute=NOx(GT), function=min, window=3) | map_aggregate(attribute=RH, function=avg, window=3) };8.84496e-01;1.00000e+00;1.00000e+00;Pipeline { map_aggregate(attribute=NOx(GT), function=min, window=4) | map_aggregate(attribute=T, function=min, window=6) };8.84496e-01;1.00000e+00;1.00000e+00;Pipeline { map_aggregate(attribute=NOx(GT), function=min, window=4) | map_aggregate(attribute=T, function=min, window=6) }
datasets/airQuality_parallel.csv;nsga2;1;16;1600;1600;7.66970e+01;100;1;1;1.00000e+00;1.00000e+00;9.20000e-01;8.90563e-01;1.00000e+00;1.00000e+00;Pipeline { map_aggregate(attribute=NOx(GT), function=min, window=3) | map_aggregate(attribute=PT08.S5(O3), function=avg, window=10) };8.84307e-01;1.00000e+00;1.00000e+00;Pipeline { map_aggregate(attribute=NOx(GT), function=min, window=3) | map_noise(attribute=NMHC(GT), percentage=0.25) };8.84307e-01;1.00000e+00;1.00000e+00;Pipeline { map_aggregate(attribute=NOx(GT), function=min, window=3) | map_noise(attribute=NMHC(GT), percentage=0.25) };8.87688e-01;1.00000e+00;1.00000e+00;Pipeline { map_aggregate(attribute=NOx(GT), function=min, window=3) | map_aggregate(attribute=PT08.S2(NMHC), function=avg, window=8) };8.84927e-01;1.00000e+00;1.00000e+00;Pipeline { map_aggregate(attribute=NOx(GT), function=min, window=3) | map_noise(attribute=RH, percentage=0.05) };8.84927e-01;1.00000e+00;1.00000e+00;Pipeline { map_aggregate(attribute=NOx(GT), function=min, window=3) | map_noise(attribute=RH, percentage=0.05) }
datasets/airQuality_parallel.csv;nsga2;1;17;1700;1700;8.08830e+01;100;1;1;1.00000e+00;1.00000e+00;9.20000e-01;8.90563e-01;1.00000e+00;1.00000e+00;Pipeline { map_aggregate(attribute=NOx(GT), function=min, window=3) | map_aggregate(attribute=PT08.S5(O3), function=avg, window=10) };8.84708e-01;1.00000e+00;1.00000e+00;Pipeline { map_aggregate(attribute=NOx(GT), function=min, window=3) | map_noise(attribute=PT08.S3(NOx), percentage=0.10) };8.84708e-01;1.00000e+00;1.00000e+00;Pipeline { map_aggregate(attribute=NOx(GT), function=min, window=3) | map_noise(attribute=PT08.S3(NOx), percentage=0.10) };8.87798e-01;1.00000e+00;1.00000e+00;Pipeline { map_aggregate(attribute=NOx(GT), function=min, window=3) | map_aggregate(attribute=PT08.S5(O3), function=avg, window=5) };8.85231e-01;1.00000e+00;1.00000e+00;Pipeline { map_aggregate(attribute=NOx(GT), function=min, window=3) | map_noise(attribute=PT08.S4(NO2), percentage=0.05) };8.85231e-01;1.00000e+00;1.00000e+00;Pipeline { map_aggregate(attribute=NOx(GT), function=min, window=3) | map_noise(attribute=PT08.S4(NO2), percentage=0.05) }
datasets/airQuality_parallel.csv;nsga2;1;18;1800;1800;8.53380e+01;100;1;1;1.00000e+00;1.00000e+00;9.50000e-01;8.90563e-01;1.00000e+00;1.00000e+00;Pipeline { map_aggregate(attribute=NOx(GT), function=min, window=3) | map_aggregate(attribute=PT08.S5(O3), function=avg, window=10) };8.84967e-01;1.00000e+00;1.00000e+00;Pipeline { map_aggregate(attribute=NOx(GT), function=min, window=3) | map_noise(attribute=NOx(GT), percentage=0.10) };8.84967e-01;1.00000e+00;1.00000e+00;Pipeline { map_aggregate(attribute=NOx(GT), function=min, window=3) | map_noise(attribute=NOx(GT), percentage=0.10) };8.88175e-01;1.00000e+00;1.00000e+00;Pipeline { map_aggregate(attribute=NOx(GT), function=min, window=4) | map_aggregate(attribute=PT08.S2(NMHC), function=avg, window=8) };8.85839e-01;1.00000e+00;1.00000e+00;Pipeline { map_aggregate(attribute=NOx(GT), function=min, window=3) | map_noise(attribute=C6H6(GT), percentage=0.10) };8.85839e-01;1.00000e+00;1.00000e+00;Pipeline { map_aggregate(attribute=NOx(GT), function=min, window=3) | map_noise(attribute=C6H6(GT), percentage=0.10) }
datasets/airQuality_parallel.csv;nsga2;1;19;1900;1900;8.96250e+01;100;1;1;1.00000e+00;1.00000e+00;9.50000e-01;8.90563e-01;1.00000e+00;1.00000e+00;Pipeline { map_aggregate(attribute=NOx(GT), function=min, window=3) | map_aggregate(attribute=PT08.S5(O3), function=avg, window=10) };8.85339e-01;1.00000e+00;1.00000e+00;Pipeline { map_aggregate(attribute=NOx(GT), function=min, window=3) | map_aggregate(attribute=RH, function=max, window=5) };8.85339e-01;1.00000e+00;1.00000e+00;Pipeline { map_aggregate(attribute=NOx(GT), function=min, window=3) | map_aggregate(attribute=RH, function=max, window=5) };8.88256e-01;5.75972e-01;9.33242e-01;Pipeline { map_aggregate(attribute=NOx(GT), function=min, window=4) | map_aggregate(attribute=NO2(GT), function=avg, window=4) };8.86405e-01;1.00000e+00;1.00000e+00;Pipeline { map_aggregate(attribute=NOx(GT), function=min, window=3) | map_aggregate(attribute=PT08.S1(CO), function=avg, window=7) };8.86405e-01;1.00000e+00;1.00000e+00;Pipeline { map_aggregate(attribute=NOx(GT), function=min, window=3) | map_aggregate(attribute=PT08.S1(CO), function=avg, window=7) }
datasets/airQuality_parallel.csv;nsga2;1;20;2000;2000;9.44260e+01;100;1;1;1.00000e+00;1.00000e+00;9.50000e-01;8.90563e-01;1.00000e+00;1.00000e+00;Pipeline { map_aggregate(attribute=NOx(GT), function=min, window=3) | map_aggregate(attribute=PT08.S5(O3), function=avg, window=10) };8.85877e-01;1.00000e+00;1.00000e+00;Pipeline { map_aggregate(attribute=NOx(GT), function=min, window=3) | map_aggregate(attribute=PT08.S2(NMHC), function=avg, window=6) };8.85877e-01;1.00000e+00;1.00000e+00;Pipeline { map_aggregate(attribute=NOx(GT), function=min, window=3) | map_aggregate(attribute=PT08.S2(NMHC), function=avg, window=6) };8.88256e-01;5.75972e-01;9.33242e-01;Pipeline { map_aggregate(attribute=NOx(GT), function=min, window=4) | map_aggregate(attribute=NO2(GT), function=avg, window=4) };8.86932e-01;1.00000e+00;1.00000e+00;Pipeline { map_aggregate(attribute=NOx(GT), function=min, window=3) | map_aggregate(attribute=PT08.S1(CO), function=avg, window=3) };8.86932e-01;1.00000e+00;1.00000e+00;Pipeline { map_aggregate(attribute=NOx(GT), function=min, window=3) | map_aggregate(attribute=PT08.S1(CO), function=avg, window=3) }
datasets/airQuality_parallel.csv;nsga2;1;21;2100;2100;9.87410e+01;100;1;1;1.00000e+00;1.00000e+00;9.20000e-01;8.90563e-01;1.00000e+00;1.00000e+00;Pipeline { map_aggregate(attribute=NOx(GT), function=min, window=3) | map_aggregate(attribute=PT08.S5(O3), function=avg, window=10) };8.86196e-01;1.00000e+00;1.00000e+00;Pipeline { map_aggregate(attribute=NOx(GT), function=min, window=6) | map_aggregate(attribute=PT08.S2(NMHC), function=avg, window=8) };8.86196e-01;1.00000e+00;1.00000e+00;Pipeline { map_aggregate(attribute=NOx(GT), function=min, window=6) | map_aggregate(attribute=PT08.S2(NMHC), function=avg, window=8) };8.88293e-01;1.00000e+00;1.00000e+00;Pipeline { map_aggregate(attribute=NOx(GT), function=min, window=3) | map_aggregate(attribute=PT08.S5(O3), function=avg, window=3) };8.87050e-01;1.00000e+00;1.00000e+00;Pipeline { map_aggregate(attribute=NOx(GT), function=min, window=3) | map_aggregate(attribute=RH, function=avg, window=7) };8.87050e-01;1.00000e+00;1.00000e+00;Pipeline { map_aggregate(attribute=NOx(GT), function=min, window=3) | map_aggregate(attribute=RH, function=avg, window=7) }
datasets/airQuality_parallel.csv;nsga2;1;22;2200;2200;1.02940e+02;100;1;1;1.00000e+00;1.00000e+00;9.00000e-01;8.90563e-01;1.00000e+00;1.00000e+00;Pipeline { map_aggregate(attribute=NOx(GT), function=min, window=3) | map_aggregate(attribute=PT08.S5(O3), function=avg, window=10) };8.86524e-01;1.00000e+00;1.00000e+00;Pipeline { map_aggregate(attribute=NOx(GT), function=min, window=4) | map_aggregate(attribute=PT08.S1(CO), function=avg, window=3) };8.86524e-01;1.00000e+00;1.00000e+00;Pipeline { map_aggregate(attribute=NOx(GT), function=min, window=4) | map_aggregate(attribute=PT08.S1(CO), function=avg, window=3) };8.88554e-01;5.20354e-01;9.54126e-01;Pipeline { map_aggregate(attribute=NOx(GT), function=min, window=3) | map_aggregate(attribute=NO2(GT), function=avg, window=5) };8.87248e-01;1.00000e+00;1.00000e+00;Pipeline { map_aggregate(attribute=NOx(GT), function=min, window=3) | map_aggregate(attribute=PT08.S3(NOx), function=avg, window=3) };8.87248e-01;1.00000e+00;1.00000e+00;Pipeline { map_aggregate(attribute=NOx(GT), function=min, window=3) | map_aggregate(attribute=PT08.S3(NOx), function=avg, window=3) }
datasets/airQuality_parallel.csv;nsga2;1;23;2300;2300;1.07644e+02;100;1;1;1.00000e+00;1.00000e+00;9.00000e-01;8.90563e-01;1.00000e+00;1.00000e+00;Pipeline { map_aggregate(attribute=NOx(GT), function=min, window=3) | map_aggregate(attribute=PT08.S5(O3), function=avg, window=10) };8.86639e-01;1.00000e+00;1.00000e+00;Pipeline { map_aggregate(attribute=NOx(GT), function=min, window=3) | map_aggregate(attribute=PT08.S1(CO), function=avg, window=5) };8.86639e-01;1.00000e+00;1.00000e+00;Pipeline { map_aggregate(attribute=NOx(GT), function=min, window=3) | map_aggregate(attribute=PT08.S1(CO), function=avg, window=5) };8.88589e-01;1.00000e+00;1.00000e+00;Pipeline { map_aggregate(attribute=NOx(GT), function=min, window=4) | map_aggregate(attribute=PT08.S5(O3), function=avg, window=8) };8.87488e-01;1.00000e+00;1.00000e+00;Pipeline { map_aggregate(attribute=NOx(GT), function=min, window=3) | map_aggregate(attribute=PT08.S1(CO), function=avg, window=9) };8.87488e-01;1.00000e+00;1.00000e+00;Pipeline { map_aggregate(attribute=NOx(GT), function=min, window=3) | map_aggregate(attribute=PT08.S1(CO), function=avg, window=9) }
datasets/airQuality_parallel.csv;nsga2;1;24;2400;2400;1.11612e+02;100;1;1;1.00000e+00;1.00000e+00;8.90000e-01;8.90563e-01;1.00000e+00;1.00000e+00;Pipeline { map_aggregate(attribute=NOx(GT), function=min, window=3) | map_aggregate(attribute=PT08.S5(O3), function=avg, window=10) };8.86789e-01;1.00000e+00;1.00000e+00;Pipeline { map_aggregate(attribute=PT08.S2(NMHC), function=avg, window=5) | map_aggregate(attribute=NOx(GT), function=min, window=5) };8.86789e-01;1.00000e+00;1.00000e+00;Pipeline { map_aggregate(attribute=PT08.S2(NMHC), function=avg, window=5) | map_aggregate(attribute=NOx(GT), function=min, window=5) };8.88631e-01;6.38298e-01;9.52227e-01;Pipeline { map_aggregate(attribute=NOx(GT), function=min, window=3) | map_aggregate(attribute=NO2(GT), function=avg, window=3) };8.87498e-01;1.00000e+00;1.00000e+00;Pipeline { map_aggregate(attribute=NOx(GT), function=min, window=4) | map_aggregate(attribute=PT08.S2(NMHC), function=avg, window=7) };8.87498e-01;1.00000e+00;1.00000e+00;Pipeline { map_aggregate(attribute=NOx(GT), function=min, window=4) | map_aggregate(attribute=PT08.S2(NMHC), function=avg, window=7) }
datasets/airQuality_parallel.csv;nsga2;1;25;2500;2500;1.15702e+02;100;1;1;1.00000e+00;1.00000e+00;8.90000e-01;8.90563e-01;1.00000e+00;1.00000e+00;Pipeline { map_aggregate(attribute=NOx(GT), function=min, window=3) | map_aggregate(attribute=PT08.S5(O3), function=avg, window=10) };8.86889e-01;1.00000e+00;1.00000e+00;Pipeline { map_aggregate(attribute=NOx(GT), function=min, window=8) | map_aggregate(attribute=C6H6(GT), function=avg, window=9) };8.86889e-01;1.00000e+00;1.00000e+00;Pipeline { map_aggregate(attribute=NOx(GT), function=min, window=8) | map_aggregate(attribute=C6H6(GT), function=avg, window=9) };8.88631e-01;4.82270e-01;9.23203e-01;Pipeline { map_aggregate(attribute=NOx(GT), function=min, window=4) | map_aggregate(attribute=NO2(GT), function=avg, window=8) };8.87535e-01;1.00000e+00;1.00000e+00;Pipeline { map_aggregate(attribute=NOx(GT), function=min, window=4) | map_aggregate(attribute=PT08.S4(NO2), function=avg, window=8) };8.87535e-01;1.00000e+00;1.00000e+00;Pipeline { map_aggregate(attribute=NOx(GT), function=min, window=4) | map_aggregate(attribute=PT08.S4(NO2), function=avg, window=8) }
datasets/airQuality_parallel.csv;nsga2;1;26;2600;2600;1.19938e+02;100;1;1;1.00000e+00;1.00000e+00;8.80000e-01;8.90563e-01;1.00000e+00;1.00000e+00;Pipeline { map_aggregate(attribute=NOx(GT), function=min, window=3) | map_aggregate(attribute=PT08.S5(O3), function=avg, window=10) };8.87088e-01;1.00000e+00;1.00000e+00;Pipeline { map_aggregate(attribute=NOx(GT), function=min, window=8) | map_aggregate(attribute=C6H6(GT), function=avg, window=10) };8.87088e-01;1.00000e+00;1.00000e+00;Pipeline { map_aggregate(attribute=NOx(GT), function=min, window=8) | map_aggregate(attribute=C6H6(GT), function=avg, window=10) };8.88749e-01;4.71631e-01;9.32372e-01;Pipeline { map_aggregate(attribute=NOx(GT), function=min, window=3) | map_aggregate(attribute=NO2(GT), function=avg, window=6) };8.87617e-01;1.00000e+00;1.00000e+00;Pipeline { map_aggregate(attribute=NOx(GT), function=min, window=3) | map_aggregate(attribute=PT08.S3(NOx), function=avg, window=9) };8.87617e-01;1.00000e+00;1.00000e+00;Pipeline { map_aggregate(attribute=NOx(GT), function=min, window=3) | map_aggregate(attribute=PT08.S3(NOx), function=avg, window=9) }
datasets/airQuality_parallel.csv;nsga2;1;27;2700;2700;1.24282e+02;100;1;1;1.00000e+00;1.00000e+00;8.80000e-01;8.90563e-01;1.00000e+00;1.00000e+00;Pipeline { map_aggregate(attribute=NOx(GT), function=min, window=3) | map_aggregate(attribute=PT08.S5(O3), function=avg, window=10) };8.87100e-01;1.00000e+00;1.00000e+00;Pipeline { map_aggregate(attribute=NOx(GT), function=min, window=3) | map_aggregate(attribute=AH, function=avg, window=10) };8.87100e-01;1.00000e+00;1.00000e+00;Pipeline { map_aggregate(attribute=NOx(GT), function=min, window=3) | map_aggregate(attribute=AH, function=avg, window=10) };8.88749e-01;4.71631e-01;9.32372e-01;Pipeline { map_aggregate(attribute=NOx(GT), function=min, window=3) | map_aggregate(attribute=NO2(GT), function=avg, window=6) };8.87636e-01;1.00000e+00;1.00000e+00;Pipeline { map_aggregate(attribute=NOx(GT), function=min, window=3) | map_aggregate(attribute=PT08.S2(NMHC), function=avg, window=10) };8.87636e-01;1.00000e+00;1.00000e+00;Pipeline { map_aggregate(attribute=NOx(GT), function=min, window=3) | map_aggregate(attribute=PT08.S2(NMHC), function=avg, window=10) }
datasets/airQuality_parallel.csv;nsga2;1;28;2800;2800;1.28948e+02;100;1;1;1.00000e+00;1.00000e+00;8.70000e-01;8.90563e-01;1.00000e+00;1.00000e+00;Pipeline { map_aggregate(attribute=NOx(GT), function=min, window=3) | map_aggregate(attribute=PT08.S5(O3), function=avg, window=10) };8.87153e-01;1.00000e+00;1.00000e+00;Pipeline { map_aggregate(attribute=NOx(GT), function=min, window=5) | map_aggregate(attribute=PT08.S5(O3), function=avg, window=9) };8.87153e-01;1.00000e+00;1.00000e+00;Pipeline { map_aggregate(attribute=NOx(GT), function=min, window=5) | map_aggregate(attribute=PT08.S5(O3), function=avg, window=9) };8.88767e-01;5.20354e-01;9.54126e-01;Pipeline { map_aggregate(attribute=NOx(GT), function=min, window=4) | map_aggregate(attribute=NO2(GT), function=avg, window=5) };8.87724e-01;1.00000e+00;1.00000e+00;Pipeline { map_aggregate(attribute=NOx(GT), function=min, window=3) | map_aggregate(attribute=PT08.S3(NOx), function=avg, window=10) };8.87724e-01;1.00000e+00;1.00000e+00;Pipeline { map_aggregate(attribute=NOx(GT), function=min, window=3) | map_aggregate(attribute=PT08.S3(NOx), function=avg, window=10) }
datasets/airQuality_parallel.csv;nsga2;1;29;2900;2900;1.33528e+02;100;1;1;1.00000e+00;1.00000e+00;8.50000e-01;8.90563e-01;1.00000e+00;1.00000e+00;Pipeline { map_aggregate(attribute=NOx(GT), function=min, window=3) | map_aggregate(attribute=PT08.S5(O3), function=avg, window=10) };8.87238e-01;1.00000e+00;1.00000e+00;Pipeline { map_aggregate(attribute=NOx(GT), function=min, window=4) | map_aggregate(attribute=PT08.S4(NO2), function=avg, window=5) };8.87238e-01;1.00000e+00;1.00000e+00;Pipeline { map_aggregate(attribute=NOx(GT), function=min, window=4) | map_aggregate(attribute=PT08.S4(NO2), function=avg, window=5) };8.88864e-01;4.71631e-01;9.32372e-01;Pipeline { map_aggregate(attribute=NOx(GT), function=min, window=4) | map_aggregate(attribute=NO2(GT), function=avg, window=6) };8.87755e-01;1.00000e+00;1.00000e+00;Pipeline { map_aggregate(attribute=NOx(GT), function=min, window=3) | map_aggregate(attribute=PT08.S3(NOx), function=avg, window=7) };8.87755e-01;1.00000e+00;1.00000e+00;Pipeline { map_aggregate(attribute=NOx(GT), function=min, window=3) | map_aggregate(attribute=PT08.S3(NOx), function=avg, window=7) }
datasets/airQuality_parallel.csv;nsga2;1;30;3000;3000;1.37925e+02;100;1;1;1.00000e+00;1.00000e+00;8.20000e-01;8.90563e-01;1.00000e+00;1.00000e+00;Pipeline { map_aggregate(attribute=NOx(GT), function=min, window=3) | map_aggregate(attribute=PT08.S5(O3), function=avg, window=10) };8.87336e-01;1.00000e+00;1.00000e+00;Pipeline { map_aggregate(attribute=NOx(GT), function=min, window=3) | map_aggregate(attribute=PT08.S2(NMHC), function=avg, window=9) };8.87336e-01;1.00000e+00;1.00000e+00;Pipeline { map_aggregate(attribute=NOx(GT), function=min, window=3) | map_aggregate(attribute=PT08.S2(NMHC), function=avg, window=9) };8.88864e-01;4.71631e-01;9.32372e-01;Pipeline { map_aggregate(attribute=NOx(GT), function=min, window=4) | map_aggregate(attribute=NO2(GT), function=avg, window=6) };8.87794e-01;1.00000e+00;1.00000e+00;Pipeline { map_aggregate(attribute=NOx(GT), function=min, window=5) | map_aggregate(attribute=PT08.S2(NMHC), function=avg, window=8) };8.87794e-01;1.00000e+00;1.00000e+00;Pipeline { map_aggregate(attribute=NOx(GT), function=min, window=5) | map_aggregate(attribute=PT08.S2(NMHC), function=avg, window=8) }
datasets/airQuality_parallel.csv;nsga2;1;31;3100;3100;1.42418e+02;100;1;1;1.00000e+00;1.00000e+00;8.20000e-01;8.90563e-01;1.00000e+00;1.00000e+00;Pipeline { map_aggregate(attribute=NOx(GT), function=min, window=3) | map_aggregate(attribute=PT08.S5(O3), function=avg, window=10) };8.87336e-01;1.00000e+00;1.00000e+00;Pipeline { map_aggregate(attribute=NOx(GT), function=min, window=3) | map_aggregate(attribute=PT08.S2(NMHC), function=avg, window=9) };8.87336e-01;1.00000e+00;1.00000e+00;Pipeline { map_aggregate(attribute=NOx(GT), function=min, window=3) | map_aggregate(attribute=PT08.S2(NMHC), function=avg, window=9) };8.88864e-01;4.71631e-01;9.32372e-01;Pipeline { map_aggregate(attribute=NOx(GT), function=min, window=4) | map_aggregate(attribute=NO2(GT), function=avg, window=6) };8.87794e-01;1.00000e+00;1.00000e+00;Pipeline { map_aggregate(attribute=NOx(GT), function=min, window=5) | map_aggregate(attribute=PT08.S2(NMHC), function=avg, window=8) };8.87794e-01;1.00000e+00;1.00000e+00;Pipeline { map_aggregate(attribute=NOx(GT), function=min, window=5) | map_aggregate(attribute=PT08.S2(NMHC), function=avg, window=8) }
datasets/airQuality_parallel.csv;nsga2;1;32;3200;3200;1.46950e+02;100;1;1;1.00000e+00;1.00000e+00;8.10000e-01;8.90563e-01;1.00000e+00;1.00000e+00;Pipeline { map_aggregate(attribute=NOx(GT), function=min, window=3) | map_aggregate(attribute=PT08.S5(O3), function=avg, window=10) };8.87450e-01;1.00000e+00;1.00000e+00;Pipeline { map_aggregate(attribute=NOx(GT), function=min, window=4) | map_aggregate(attribute=PT08.S5(O3), function=avg, window=5) };8.87450e-01;1.00000e+00;1.00000e+00;Pipeline { map_aggregate(attribute=NOx(GT), function=min, window=4) | map_aggregate(attribute=PT08.S5(O3), function=avg, window=5) };8.88887e-01;1.00000e+00;1.00000e+00;Pipeline { map_aggregate(attribute=NOx(GT), function=min, window=4) | map_aggregate(attribute=C6H6(GT), function=avg, window=8) };8.87823e-01;1.00000e+00;1.00000e+00;Pipeline { map_aggregate(attribute=NOx(GT), function=min, window=3) | map_aggregate(attribute=PT08.S2(NMHC), function=avg, window=3) };8.87823e-01;1.00000e+00;1.00000e+00;Pipeline { map_aggregate(attribute=NOx(GT), function=min, window=3) | map_aggregate(attribute=PT08.S2(NMHC), function=avg, window=3) }
datasets/airQuality_parallel.csv;nsga2;1;33;3300;3300;1.51352e+02;100;1;1;1.00000e+00;1.00000e+00;8.00000e-01;8.90563e-01;1.00000e+00;1.00000e+00;Pipeline { map_aggregate(attribute=NOx(GT), function=min, window=3) | map_aggregate(attribute=PT08.S5(O3), function=avg, window=10) };8.87521e-01;1.00000e+00;1.00000e+00;Pipeline { map_aggregate(attribute=NOx(GT), function=min, window=6) | map_aggregate(attribute=C6H6(GT), function=avg, window=9) };8.87521e-01;1.00000e+00;1.00000e+00;Pipeline { map_aggregate(attribute=NOx(GT), function=min, window=6) | map_aggregate(attribute=C6H6(GT), function=avg, window=9) };8.88916e-01;1.00000e+00;1.00000e+00;Pipeline { map_aggregate(attribute=NOx(GT), function=min, window=4) | map_aggregate(attribute=PT08.S5(O3), function=avg, window=10) };8.87832e-01;1.00000e+00;1.00000e+00;Pipeline { map_aggregate(attribute=NOx(GT), function=min, window=3) | map_aggregate(attribute=PT08.S4(NO2), function=avg, window=5) };8.87832e-01;1.00000e+00;1.00000e+00;Pipeline { map_aggregate(attribute=NOx(GT), function=min, window=3) | map_aggregate(attribute=PT08.S4(NO2), function=avg, window=5) }
datasets/airQuality_parallel.csv;nsga2;1;34;3400;3400;1.56059e+02;100;1;1;1.00000e+00;1.00000e+00;7.90000e-01;8.90563e-01;1.00000e+00;1.00000e+00;Pipeline { map_aggregate(attribute=NOx(GT), function=min, window=3) | map_aggregate(attribute=PT08.S5(O3), function=avg, window=10) };8.87555e-01;1.00000e+00;1.00000e+00;Pipeline { map_aggregate(attribute=PT08.S3(NOx), function=avg, window=6) | map_aggregate(attribute=NOx(GT), function=min, window=4) };8.87555e-01;1.00000e+00;1.00000e+00;Pipeline { map_aggregate(attribute=PT08.S3(NOx), function=avg, window=6) | map_aggregate(attribute=NOx(GT), function=min, window=4) };8.88916e-01;1.00000e+00;1.00000e+00;Pipeline { map_aggregate(attribute=NOx(GT), function=min, window=4) | map_aggregate(attribute=PT08.S5(O3), function=avg, window=10) };8.87932e-01;1.00000e+00;1.00000e+00;Pipeline { map_aggregate(attribute=NOx(GT), function=min, window=4) | map_aggregate(attribute=PT08.S5(O3), function=avg, window=3) };8.87932e-01;1.00000e+00;1.00000e+00;Pipeline { map_aggregate(attribute=NOx(GT), function=min, window=4) | map_aggregate(attribute=PT08.S5(O3), function=avg, window=3) }
datasets/airQuality_parallel.csv;nsga2;1;35;3500;3500;1.60668e+02;100;1;1;1.00000e+00;1.00000e+00;7.90000e-01;8.90563e-01;1.00000e+00;1.00000e+00;Pipeline { map_aggregate(attribute=NOx(GT), function=min, window=3) | map_aggregate(attribute=PT08.S5(O3), function=avg, window=10) };8.87570e-01;1.00000e+00;1.00000e+00;Pipeline { map_aggregate(attribute=RH, function=avg, window=4) | map_aggregate(attribute=NOx(GT), function=min, window=4) };8.87570e-01;1.00000e+00;1.00000e+00;Pipeline { map_aggregate(attribute=RH, function=avg, window=4) | map_aggregate(attribute=NOx(GT), function=min, window=4) };8.88916e-01;1.00000e+00;1.00000e+00;Pipeline { map_aggregate(attribute=NOx(GT), function=min, window=3) | map_aggregate(attribute=PT08.S5(O3), function=avg, window=8) };8.87999e-01;1.00000e+00;1.00000e+00;Pipeline { map_aggregate(attribute=NOx(GT), function=min, window=4) | map_aggregate(attribute=PT08.S3(NOx), function=avg, window=8) };8.87999e-01;1.00000e+00;1.00000e+00;Pipeline { map_aggregate(attribute=NOx(GT), function=min, window=4) | map_aggregate(attribute=PT08.S3(NOx), function=avg, window=8) }
datasets/airQuality_parallel.csv;nsga2;1;36;3600;3600;1.64968e+02;100;1;1;1.00000e+00;1.00000e+00;7.90000e-01;8.90563e-01;1.00000e+00;1.00000e+00;Pipeline { map_aggregate(attribute=NOx(GT), function=min, window=3) | map_aggregate(attribute=PT08.S5(O3), function=avg, window=10) };8.87617e-01;1.00000e+00;1.00000e+00;Pipeline { map_aggregate(attribute=NOx(GT), function=min, window=3) | map_aggregate(attribute=PT08.S3(NOx), function=avg, window=9) };8.87617e-01;1.00000e+00;1.00000e+00;Pipeline { map_aggregate(attribute=NOx(GT), function=min, window=3) | map_aggregate(attribute=PT08.S3(NOx), function=avg, window=9) };8.88916e-01;1.00000e+00;1.00000e+00;Pipeline { map_aggregate(attribute=NOx(GT), function=min, window=3) | map_aggregate(attribute=PT08.S4(NO2), function=avg, window=9) };8.88008e-01;1.00000e+00;1.00000e+00;Pipeline { map_aggregate(attribute=NOx(GT), function=min, window=4) | map_aggregate(attribute=PT08.S2(NMHC), function=avg, window=5) };8.88008e-01;1.00000e+00;1.00000e+00;Pipeline { map_aggregate(attribute=NOx(GT), function=min, window=4) | map_aggregate(attribute=PT08.S2(NMHC), function=avg, window=5) }
datasets/airQuality_parallel.csv;nsga2;1;37;3700;3700;1.69293e+02;100;1;1;1.00000e+00;1.00000e+00;7.90000e-01;8.90563e-01;1.00000e+00;1.00000e+00;Pipeline { map_aggregate(attribute=NOx(GT), function=min, window=3) | map_aggregate(attribute=PT08.S5(O3), function=avg, window=10) };8.87617e-01;1.00000e+00;1.00000e+00;Pipeline { map_aggregate(attribute=NOx(GT), function=min, window=3) | map_aggregate(attribute=PT08.S3(NOx), function=avg, window=9) };8.87617e-01;1.00000e+00;1.00000e+00;Pipeline { map_aggregate(attribute=NOx(GT), function=min, window=3) | map_aggregate(attribute=PT08.S3(NOx), function=avg, window=9) };8.88916e-01;1.00000e+00;1.00000e+00;Pipeline { map_aggregate(attribute=NOx(GT), function=min, window=3) | map_aggregate(attribute=PT08.S4(NO2), function=avg, window=10) };8.88008e-01;1.00000e+00;1.00000e+00;Pipeline { map_aggregate(attribute=NOx(GT), function=min, window=3) | map_aggregate(attribute=PT08.S2(NMHC), function=avg, window=5) };8.88008e-01;1.00000e+00;1.00000e+00;Pipeline { map_aggregate(attribute=NOx(GT), function=min, window=3) | map_aggregate(attribute=PT08.S2(NMHC), function=avg, window=5) }
datasets/airQuality_parallel.csv;nsga2;1;38;3800;3800;1.73590e+02;100;1;1;1.00000e+00;1.00000e+00;7.90000e-01;8.90563e-01;1.00000e+00;1.00000e+00;Pipeline { map_aggregate(attribute=NOx(GT), function=min, window=3) | map_aggregate(attribute=PT08.S5(O3), function=avg, window=10) };8.87636e-01;1.00000e+00;1.00000e+00;Pipeline { map_aggregate(attribute=NOx(GT), function=min, window=3) | map_aggregate(attribute=PT08.S2(NMHC), function=avg, window=10) };8.87636e-01;1.00000e+00;1.00000e+00;Pipeline { map_aggregate(attribute=NOx(GT), function=min, window=3) | map_aggregate(attribute=PT08.S2(NMHC), function=avg, window=10) };8.88916e-01;1.00000e+00;1.00000e+00;Pipeline { map_aggregate(attribute=NOx(GT), function=min, window=3) | map_aggregate(attribute=PT08.S5(O3), function=avg, window=8) };8.88008e-01;1.00000e+00;1.00000e+00;Pipeline { map_aggregate(attribute=PT08.S2(NMHC), function=avg, window=5) | map_aggregate(attribute=NOx(GT), function=min, window=4) };8.88008e-01;1.00000e+00;1.00000e+00;Pipeline { map_aggregate(attribute=PT08.S2(NMHC), function=avg, window=5) | map_aggregate(attribute=NOx(GT), function=min, window=4) }
datasets/airQuality_parallel.csv;nsga2;1;39;3900;3900;1.77802e+02;100;1;1;1.00000e+00;1.00000e+00;7.80000e-01;8.90563e-01;1.00000e+00;1.00000e+00;Pipeline { map_aggregate(attribute=NOx(GT), function=min, window=3) | map_aggregate(attribute=PT08.S5(O3), function=avg, window=10) };8.87688e-01;1.00000e+00;1.00000e+00;Pipeline { map_aggregate(attribute=NOx(GT), function=min, window=3) | map_aggregate(attribute=PT08.S2(NMHC), function=avg, window=8) };8.87688e-01;1.00000e+00;1.00000e+00;Pipeline { map_aggregate(attribute=NOx(GT), function=min, window=3) | map_aggregate(attribute=PT08.S2(NMHC), function=avg, window=8) };8.88916e-01;1.00000e+00;1.00000e+00;Pipeline { map_aggregate(attribute=NOx(GT), function=min, window=3) | map_aggregate(attribute=PT08.S5(O3), function=avg, window=8) };8.88013e-01;1.00000e+00;1.00000e+00;Pipeline { map_aggregate(attribute=NOx(GT), function=min, window=3) | map_aggregate(attribute=RH, function=avg, window=5) };8.88013e-01;1.00000e+00;1.00000e+00;Pipeline { map_aggregate(attribute=NOx(GT), function=min, window=3) | map_aggregate(attribute=RH, function=avg, window=5) }
datasets/airQuality_parallel.csv;nsga2;1;40;4000;4000;1.82239e+02;100;1;1;1.00000e+00;1.00000e+00;7.80000e-01;8.90563e-01;1.00000e+00;1.00000e+00;Pipeline { map_aggregate(attribute=NOx(GT), function=min, window=3) | map_aggregate(attribute=PT08.S5(O3), function=avg, window=10) };8.87693e-01;1.00000e+00;1.00000e+00;Pipeline { map_aggregate(attribute=NOx(GT), function=min, window=4) | map_aggregate(attribute=RH, function=avg, window=5) };8.87693e-01;1.00000e+00;1.00000e+00;Pipeline { map_aggregate(attribute=NOx(GT), function=min, window=4) | map_aggregate(attribute=RH, function=avg, window=5) };8.88916e-01;1.00000e+00;1.00000e+00;Pipeline { map_aggregate(attribute=NOx(GT), function=min, window=3) | map_aggregate(attribute=PT08.S4(NO2), function=avg, window=9) };8.88123e-01;1.00000e+00;1.00000e+00;Pipeline { map_aggregate(attribute=NOx(GT), function=min, window=3) | map_aggregate(attribute=PT08.S4(NO2), function=avg, window=3) };8.88123e-01;1.00000e+00;1.00000e+00;Pipeline { map_aggregate(attribute=NOx(GT), function=min, window=3) | map_aggregate(attribute=PT08.S4(NO2), function=avg, window=3) }
datasets/airQuality_parallel.csv;nsga2;1;41;4100;4100;1.86602e+02;100;1;1;1.00000e+00;1.00000e+00;7.80000e-01;8.90563e-01;1.00000e+00;1.00000e+00;Pipeline { map_aggregate(attribute=NOx(GT), function=min, window=3) | map_aggregate(attribute=PT08.S5(O3), function=avg, window=10) };8.87693e-01;1.00000e+00;1.00000e+00;Pipeline { map_aggregate(attribute=NOx(GT), function=min, window=4) | map_aggregate(attribute=RH, function=avg, window=5) };8.87693e-01;1.00000e+00;1.00000e+00;Pipeline { map_aggregate(attribute=NOx(GT), function=min, window=4) | map_aggregate(attribute=RH, function=avg, window=5) };8.88916e-01;1.00000e+00;1.00000e+00;Pipeline { map_aggregate(attribute=NOx(GT), function=min, window=3) | map_aggregate(attribute=PT08.S4(NO2), function=avg, window=10) };8.88123e-01;1.00000e+00;1.00000e+00;Pipeline { map_aggregate(attribute=NOx(GT), function=min, window=3) | map_aggregate(attribute=PT08.S4(NO2), function=avg, window=3) };8.88123e-01;1.00000e+00;1.00000e+00;Pipeline { map_aggregate(attribute=NOx(GT), function=min, window=3) | map_aggregate(attribute=PT08.S4(NO2), function=avg, window=3) }
datasets/airQuality_parallel.csv;nsga2;1;42;4200;4200;1.91403e+02;100;1;1;1.00000e+00;1.00000e+00;7.80000e-01;8.90563e-01;1.00000e+00;1.00000e+00;Pipeline { map_aggregate(attribute=NOx(GT), function=min, window=3) | map_aggregate(attribute=PT08.S5(O3), function=avg, window=10) };8.87693e-01;1.00000e+00;1.00000e+00;Pipeline { map_aggregate(attribute=RH, function=avg, window=5) | map_aggregate(attribute=NOx(GT), function=min, window=4) };8.87693e-01;1.00000e+00;1.00000e+00;Pipeline { map_aggregate(attribute=RH, function=avg, window=5) | map_aggregate(attribute=NOx(GT), function=min, window=4) };8.88916e-01;1.00000e+00;1.00000e+00;Pipeline { map_aggregate(attribute=NOx(GT), function=min, window=3) | map_aggregate(attribute=PT08.S5(O3), function=avg, window=8) };8.88123e-01;1.00000e+00;1.00000e+00;Pipeline { map_aggregate(attribute=NOx(GT), function=min, window=3) | map_aggregate(attribute=PT08.S4(NO2), function=avg, window=3) };8.88123e-01;1.00000e+00;1.00000e+00;Pipeline { map_aggregate(attribute=NOx(GT), function=min, window=3) | map_aggregate(attribute=PT08.S4(NO2), function=avg, window=3) }
datasets/airQuality_parallel.csv;nsga2;1;43;4300;4300;1.95430e+02;100;1;1;1.00000e+00;1.00000e+00;7.80000e-01;8.90563e-01;1.00000e+00;1.00000e+00;Pipeline { map_aggregate(attribute=NOx(GT), function=min, window=3) | map_aggregate(attribute=PT08.S5(O3), function=avg, window=10) };8.87693e-01;1.00000e+00;1.00000e+00;Pipeline { map_aggregate(attribute=RH, function=avg, window=5) | map_aggregate(attribute=NOx(GT), function=min, window=4) };8.87693e-01;1.00000e+00;1.00000e+00;Pipeline { map_aggregate(attribute=RH, function=avg, window=5) | map_aggregate(attribute=NOx(GT), function=min, window=4) };8.88916e-01;1.00000e+00;1.00000e+00;Pipeline { map_aggregate(attribute=NOx(GT), function=min, window=3) | map_aggregate(attribute=PT08.S4(NO2), function=avg, window=9) };8.88123e-01;1.00000e+00;1.00000e+00;Pipeline { map_aggregate(attribute=NOx(GT), function=min, window=3) | map_aggregate(attribute=PT08.S4(NO2), function=avg, window=3) };8.88123e-01;1.00000e+00;1.00000e+00;Pipeline { map_aggregate(attribute=NOx(GT), function=min, window=3) | map_aggregate(attribute=PT08.S4(NO2), function=avg, window=3) }
datasets/airQuality_parallel.csv;nsga2;1;44;4400;4400;1.99786e+02;100;1;1;1.00000e+00;1.00000e+00;7.80000e-01;8.90563e-01;1.00000e+00;1.00000e+00;Pipeline { map_aggregate(attribute=NOx(GT), function=min, window=3) | map_aggregate(attribute=PT08.S5(O3), function=avg, window=10) };8.87693e-01;1.00000e+00;1.00000e+00;Pipeline { map_aggregate(attribute=RH, function=avg, window=5) | map_aggregate(attribute=NOx(GT), function=min, window=4) };8.87693e-01;1.00000e+00;1.00000e+00;Pipeline { map_aggregate(attribute=RH, function=avg, window=5) | map_aggregate(attribute=NOx(GT), function=min, window=4) };8.88916e-01;1.00000e+00;1.00000e+00;Pipeline { map_aggregate(attribute=NOx(GT), function=min, window=3) | map_aggregate(attribute=PT08.S4(NO2), function=avg, window=10) };8.88123e-01;1.00000e+00;1.00000e+00;Pipeline { map_aggregate(attribute=NOx(GT), function=min, window=3) | map_aggregate(attribute=PT08.S4(NO2), function=avg, window=3) };8.88123e-01;1.00000e+00;1.00000e+00;Pipeline { map_aggregate(attribute=NOx(GT), function=min, window=3) | map_aggregate(attribute=PT08.S4(NO2), function=avg, window=3) }
datasets/airQuality_parallel.csv;nsga2;1;45;4500;4500;2.03994e+02;100;1;1;1.00000e+00;1.00000e+00;7.80000e-01;8.90563e-01;1.00000e+00;1.00000e+00;Pipeline { map_aggregate(attribute=NOx(GT), function=min, window=3) | map_aggregate(attribute=PT08.S5(O3), function=avg, window=10) };8.87742e-01;1.00000e+00;1.00000e+00;Pipeline { map_aggregate(attribute=NOx(GT), function=min, window=5) | map_aggregate(attribute=PT08.S2(NMHC), function=avg, window=4) };8.87742e-01;1.00000e+00;1.00000e+00;Pipeline { map_aggregate(attribute=NOx(GT), function=min, window=5) | map_aggregate(attribute=PT08.S2(NMHC), function=avg, window=4) };8.88916e-01;1.00000e+00;1.00000e+00;Pipeline { map_aggregate(attribute=NOx(GT), function=min, window=3) | map_aggregate(attribute=PT08.S5(O3), function=avg, window=8) };8.88123e-01;1.00000e+00;1.00000e+00;Pipeline { map_aggregate(attribute=NOx(GT), function=min, window=3) | map_aggregate(attribute=PT08.S4(NO2), function=avg, window=3) };8.88123e-01;1.00000e+00;1.00000e+00;Pipeline { map_aggregate(attribute=NOx(GT), function=min, window=3) | map_aggregate(attribute=PT08.S4(NO2), function=avg, window=3) }
datasets/airQuality_parallel.csv;nsga2;1;46;4600;4600;2.08489e+02;100;1;1;1.00000e+00;1.00000e+00;7.70000e-01;8.90563e-01;1.00000e+00;1.00000e+00;Pipeline { map_aggregate(attribute=NOx(GT), function=min, window=3) | map_aggregate(attribute=PT08.S5(O3), function=avg, window=10) };8.87748e-01;1.00000e+00;1.00000e+00;Pipeline { map_aggregate(attribute=NOx(GT), function=min, window=4) | map_aggregate(attribute=PT08.S5(O3), function=avg, window=4) };8.87748e-01;1.00000e+00;1.00000e+00;Pipeline { map_aggregate(attribute=NOx(GT), function=min, window=4) | map_aggregate(attribute=PT08.S5(O3), function=avg, window=4) };8.88925e-01;1.00000e+00;1.00000e+00;Pipeline { map_aggregate(attribute=NOx(GT), function=min, window=3) | map_aggregate(attribute=PT08.S4(NO2), function=avg, window=8) };8.88128e-01;1.00000e+00;1.00000e+00;Pipeline { map_aggregate(attribute=NOx(GT), function=min, window=3) | map_aggregate(attribute=PT08.S5(O3), function=avg, window=4) };8.88128e-01;1.00000e+00;1.00000e+00;Pipeline { map_aggregate(attribute=NOx(GT), function=min, window=3) | map_aggregate(attribute=PT08.S5(O3), function=avg, window=4) }
datasets/airQuality_parallel.csv;nsga2;1;47;4700;4700;2.12858e+02;100;1;3;1.00000e+00;1.00000e+00;7.70000e-01;8.90563e-01;1.00000e+00;1.00000e+00;Pipeline { map_aggregate(attribute=NOx(GT), function=min, window=3) | map_aggregate(attribute=PT08.S5(O3), function=avg, window=10) };8.87755e-01;1.00000e+00;1.00000e+00;Pipeline { map_aggregate(attribute=NOx(GT), function=min, window=3) | map_aggregate(attribute=PT08.S3(NOx), function=avg, window=7) };8.87755e-01;1.00000e+00;1.00000e+00;Pipeline { map_aggregate(attribute=NOx(GT), function=min, window=3) | map_aggregate(attribute=PT08.S3(NOx), function=avg, window=7) };8.88925e-01;1.00000e+00;1.00000e+00;Pipeline { map_aggregate(attribute=NOx(GT), function=min, window=3) | map_aggregate(attribute=PT08.S4(NO2), function=avg, window=8) };8.88175e-01;1.00000e+00;1.00000e+00;Pipeline { map_aggregate(attribute=NOx(GT), function=min, window=4) | map_aggregate(attribute=PT08.S2(NMHC), function=avg, window=8) };8.88175e-01;1.00000e+00;1.00000e+00;Pipeline { map_aggregate(attribute=NOx(GT), function=min, window=4) | map_aggregate(attribute=PT08.S2(NMHC), function=avg, window=8) }
datasets/airQuality_parallel.csv;nsga2;1;48;4800;4800;2.16974e+02;100;1;2;1.00000e+00;1.00000e+00;7.60000e-01;8.90563e-01;1.00000e+00;1.00000e+00;Pipeline { map_aggregate(attribute=NOx(GT), function=min, window=3) | map_aggregate(attribute=PT08.S5(O3), function=avg, window=10) };8.87755e-01;1.00000e+00;1.00000e+00;Pipeline { map_aggregate(attribute=NOx(GT), function=min, window=3) | map_aggregate(attribute=PT08.S3(NOx), function=avg, window=7) };8.87755e-01;1.00000e+00;1.00000e+00;Pipeline { map_aggregate(attribute=NOx(GT), function=min, window=3) | map_aggregate(attribute=PT08.S3(NOx), function=avg, window=7) };8.88925e-01;1.00000e+00;1.00000e+00;Pipeline { map_aggregate(attribute=NOx(GT), function=min, window=3) | map_aggregate(attribute=PT08.S4(NO2), function=avg, window=8) };8.88175e-01;1.00000e+00;1.00000e+00;Pipeline { map_aggregate(attribute=NOx(GT), function=min, window=4) | map_aggregate(attribute=PT08.S2(NMHC), function=avg, window=8) };8.88175e-01;1.00000e+00;1.00000e+00;Pipeline { map_aggregate(attribute=NOx(GT), function=min, window=4) | map_aggregate(attribute=PT08.S2(NMHC), function=avg, window=8) }
datasets/airQuality_parallel.csv;nsga2;1;49;4900;4900;2.21468e+02;100;1;1;1.00000e+00;1.00000e+00;7.40000e-01;8.90563e-01;1.00000e+00;1.00000e+00;Pipeline { map_aggregate(attribute=NOx(GT), function=min, window=3) | map_aggregate(attribute=PT08.S5(O3), function=avg, window=10) };8.87786e-01;1.00000e+00;1.00000e+00;Pipeline { map_aggregate(attribute=NOx(GT), function=min, window=3) | map_aggregate(attribute=PT08.S3(NOx), function=avg, window=8) };8.87786e-01;1.00000e+00;1.00000e+00;Pipeline { map_aggregate(attribute=NOx(GT), function=min, window=3) | map_aggregate(attribute=PT08.S3(NOx), function=avg, window=8) };8.89045e-01;4.50355e-01;9.23203e-01;Pipeline { map_aggregate(attribute=NOx(GT), function=min, window=9) | map_aggregate(attribute=NO2(GT), function=avg, window=10) };8.88233e-01;1.00000e+00;1.00000e+00;Pipeline { map_aggregate(attribute=NOx(GT), function=min, window=4) | map_aggregate(attribute=PT08.S2(NMHC), function=avg, window=4) };8.88233e-01;1.00000e+00;1.00000e+00;Pipeline { map_aggregate(attribute=NOx(GT), function=min, window=4) | map_aggregate(attribute=PT08.S2(NMHC), function=avg, window=4) }
datasets/airQuality_parallel.csv;nsga2;1;50;5000;5000;2.25595e+02;100;1;1;1.00000e+00;1.00000e+00;7.30000e-01;8.90563e-01;1.00000e+00;1.00000e+00;Pipeline { map_aggregate(attribute=NOx(GT), function=min, window=3) | map_aggregate(attribute=PT08.S5(O3), function=avg, window=10) };8.87794e-01;1.00000e+00;1.00000e+00;Pipeline { map_aggregate(attribute=NOx(GT), function=min, window=5) | map_aggregate(attribute=PT08.S2(NMHC), function=avg, window=8) };8.87794e-01;1.00000e+00;1.00000e+00;Pipeline { map_aggregate(attribute=NOx(GT), function=min, window=5) | map_aggregate(attribute=PT08.S2(NMHC), function=avg, window=8) };8.89045e-01;4.50355e-01;9.23203e-01;Pipeline { map_aggregate(attribute=NOx(GT), function=min, window=9) | map_aggregate(attribute=NO2(GT), function=avg, window=10) };8.88233e-01;1.00000e+00;1.00000e+00;Pipeline { map_aggregate(attribute=NOx(GT), function=min, window=4) | map_aggregate(attribute=PT08.S2(NMHC), function=avg, window=4) };8.88233e-01;1.00000e+00;1.00000e+00;Pipeline { map_aggregate(attribute=NOx(GT), function=min, window=4) | map_aggregate(attribute=PT08.S2(NMHC), function=avg, window=4) }
datasets/airQuality_parallel.csv;nsga2;2;1;100;100;8.15200e+00;100;1;57;9.90000e-01;9.90000e-01;4.10000e-01;8.73381e-01;1.00000e+00;1.00000e+00;Pipeline { map_noise(attribute=PT08.S1(CO), percentage=0.10) };8.46908e-01;1.00000e+00;1.00000e+00;Pipeline { map_aggregate(attribute=PT08.S2(NMHC), function=min, window=5) | map_noise(attribute=AH, percentage=0.25) };8.46908e-01;1.00000e+00;1.00000e+00;Pipeline { map_aggregate(attribute=PT08.S2(NMHC), function=min, window=5) | map_noise(attribute=AH, percentage=0.25) };7.21464e-01;9.52880e-01;9.30937e-01;Pipeline { map_duplicate(probability=0.20) };3.28359e-01;9.33333e-01;3.54215e-01;Pipeline { map_noise(attribute=T, percentage=0.05) | map_duplicate(probability=0.60) | filter(CO(GT) < 8980000.0000) | map_duplicate(probability=1.00) };5.86497e-01;8.56089e-01;7.97364e-01;Pipeline { map_duplicate(probability=0.10) | map_duplicate(probability=0.30) | map_aggregate(attribute=NOx(GT), function=avg, window=10) | map_duplicate(probability=0.10) | filter(PT08.S3(NOx) < 9320000000.0000) }
datasets/airQuality_parallel.csv;nsga2;2;2;200;200;1.51720e+01;100;1;4;9.90000e-01;9.90000e-01;8.80000e-01;8.81677e-01;1.00000e+00;1.00000e+00;Pipeline { map_aggregate(attribute=PT08.S4(NO2), function=avg, window=6) };7.10823e-01;1.00000e+00;9.22751e-01;Pipeline { filter(NO2(GT) > 7.3000) };8.44969e-01;1.00000e+00;1.00000e+00;Pipeline { map_aggregate(attribute=PT08.S5(O3), function=min, window=7) };8.68260e-01;1.00000e+00;1.00000e+00;Pipeline { map_noise(attribute=RH, percentage=0.01) };8.70800e-01;1.00000e+00;1.00000e+00;Pipeline { map_noise(attribute=PT08.S5(O3), percentage=0.05) };8.71484e-01;1.00000e+00;1.00000e+00;Pipeline { map_aggregate(attribute=AH, function=min, window=7) }
datasets/airQuality_parallel.csv;nsga2;2;3;300;300;1.95300e+01;100;1;1;9.90000e-01;9.90000e-01;9.10000e-01;8.84183e-01;1.00000e+00;1.00000e+00;Pipeline { map_aggregate(attribute=NOx(GT), function=min, window=3) };8.48183e-01;1.00000e+00;1.00000e+00;Pipeline { map_aggregate(attribute=PT08.S1(CO), function=min, window=6) };8.48183e-01;1.00000e+00;1.00000e+00;Pipeline { map_aggregate(attribute=PT08.S1(CO), function=min, window=6) };8.71877e-01;1.00000e+00;1.00000e+00;Pipeline { map_noise(attribute=NOx(GT), percentage=0.25) };8.67876e-01;1.00000e+00;1.00000e+00;Pipeline { map_noise(attribute=PT08.S3(NOx), percentage=0.01) };8.67876e-01;1.00000e+00;1.00000e+00;Pipeline { map_noise(attribute=PT08.S3(NOx), percentage=0.01) }
datasets/airQuality_parallel.csv;nsga2;2;4;400;400;2.36820e+01;100;1;2;9.90000e-01;9.90000e-01;8.90000e-01;8.84183e-01;1.00000e+00;1.00000e+00;Pipeline { map_aggregate(attribute=NOx(GT), function=min, window=3) };8.69494e-01;1.00000e+00;1.00000e+00;Pipeline { map_noise(attribute=AH, percentage=0.05) };8.69494e-01;1.00000e+00;1.00000e+00;Pipeline { map_noise(attribute=AH, percentage=0.05) };8.78755e-01;1.00000e+00;1.00000e+00;Pipeline { map_aggregate(attribute=NOx(GT), function=avg, window=10) };8.70800e-01;1.00000e+00;1.00000e+00;Pipeline { map_noise(attribute=PT08.S2(NMHC), percentage=0.05) };8.70800e-01;1.00000e+00;1.00000e+00;Pipeline { map_aggregate(attribute=T, function=avg, window=4) }
datasets/airQuality_parallel.csv;nsga2;2;5;500;500;2.77580e+01;100;1;4;9.90000e-01;9.90000e-01;9.50000e-01;8.84183e-01;1.00000e+00;1.00000e+00;Pipeline { map_aggregate(attribute=NOx(GT), function=min, window=3) };8.70806e-01;1.00000e+00;9.96036e-01;Pipeline { map_noise(attribute=NO2(GT), percentage=0.10) };8.70800e-01;1.00000e+00;1.00000e+00;Pipeline { map_aggregate(attribute=T, function=avg, window=9) };8.79989e-01;1.00000e+00;1.00000e+00;Pipeline { map_aggregate(attribute=PT08.S1(CO), function=avg, window=7) };8.73482e-01;1.00000e+00;1.00000e+00;Pipeline { map_aggregate(attribute=AH, function=avg, window=9) };8.73557e-01;1.00000e+00;1.00000e+00;Pipeline { map_aggregate(attribute=AH, function=avg, window=10) }
datasets/airQuality_parallel.csv;nsga2;2;6;600;600;3.22390e+01;100;1;1;9.90000e-01;9.90000e-01;9.60000e-01;8.84183e-01;1.00000e+00;1.00000e+00;Pipeline { map_aggregate(attribute=NOx(GT), function=min, window=3) };8.72108e-01;1.00000e+00;1.00000e+00;Pipeline { map_noise(attribute=PT08.S1(CO), percentage=0.10) };8.72108e-01;1.00000e+00;1.00000e+00;Pipeline { map_noise(attribute=PT08.S1(CO), percentage=0.10) };8.80038e-01;1.00000e+00;1.00000e+00;Pipeline { map_aggregate(attribute=NOx(GT), function=min, window=7) };8.75561e-01;1.00000e+00;1.00000e+00;Pipeline { map_aggregate(attribute=RH, function=avg, window=8) };8.75561e-01;1.00000e+00;1.00000e+00;Pipeline { map_aggregate(attribute=RH, function=avg, window=8) }
datasets/airQuality_parallel.csv;nsga2;2;7;700;700;3.66460e+01;100;1;1;1.00000e+00;1.00000e+00;9.40000e-01;8.84183e-01;1.00000e+00;1.00000e+00;Pipeline { map_aggregate(attribute=NOx(GT), function=min, window=3) };8.73482e-01;1.00000e+00;1.00000e+00;Pipeline { map_aggregate(attribute=AH, function=avg, window=9) };8.73482e-01;1.00000e+00;1.00000e+00;Pipeline { map_aggregate(attribute=AH, function=avg, window=9) };8.80038e-01;1.00000e+00;1.00000e+00;Pipeline { map_aggregate(attribute=NOx(GT), function=min, window=7) };8.77994e-01;1.00000e+00;1.00000e+00;Pipeline { map_aggregate(attribute=PT08.S3(NOx), function=avg, window=10) };8.77994e-01;1.00000e+00;1.00000e+00;Pipeline { map_aggregate(attribute=PT08.S3(NOx), function=avg, window=10) }
datasets/airQuality_parallel.csv;nsga2;2;8;800;800;4.14310e+01;100;2;1;1.00000e+00;1.00000e+00;9.20000e-01;8.84183e-01;1.00000e+00;1.00000e+00;Pipeline { map_aggregate(attribute=NOx(GT), function=min, window=3) };8.74473e-01;1.00000e+00;1.00000e+00;Pipeline { map_aggregate(attribute=RH, function=min, window=3) };8.74473e-01;1.00000e+00;1.00000e+00;Pipeline { map_aggregate(attribute=RH, function=min, window=3) };8.80671e-01;1.00000e+00;1.00000e+00;Pipeline { map_aggregate(attribute=PT08.S1(CO), function=avg, window=9) };8.78550e-01;1.00000e+00;1.00000e+00;Pipeline { map_aggregate(attribute=PT08.S2(NMHC), function=avg, window=3) };8.78550e-01;1.00000e+00;1.00000e+00;Pipeline { map_aggregate(attribute=PT08.S2(NMHC), function=avg, window=3) }
datasets/airQuality_parallel.csv;nsga2;2;9;900;900;4.60360e+01;100;2;2;1.00000e+00;1.00000e+00;9.20000e-01;8.84183e-01;1.00000e+00;1.00000e+00;Pipeline { map_aggregate(attribute=NOx(GT), function=min, window=3) };8.75324e-01;1.00000e+00;1.00000e+00;Pipeline { map_aggregate(attribute=RH, function=avg, window=6) };8.75324e-01;1.00000e+00;1.00000e+00;Pipeline { map_aggregate(attribute=RH, function=avg, window=6) };8.80671e-01;1.00000e+00;1.00000e+00;Pipeline { map_aggregate(attribute=PT08.S1(CO), function=avg, window=9) };8.78954e-01;1.00000e+00;1.00000e+00;Pipeline { map_aggregate(attribute=PT08.S1(CO), function=avg, window=6) };8.78954e-01;1.00000e+00;1.00000e+00;Pipeline { map_aggregate(attribute=PT08.S1(CO), function=avg, window=6) }
datasets/airQuality_parallel.csv;nsga2;2;10;1000;1000;5.02190e+01;100;2;1;1.00000e+00;1.00000e+00;9.00000e-01;8.84183e-01;1.00000e+00;1.00000e+00;Pipeline { map_aggregate(attribute=NOx(GT), function=min, window=3) };8.76750e-01;1.00000e+00;1.00000e+00;Pipeline { map_aggregate(attribute=PT08.S3(NOx), function=avg, window=7) };8.76750e-01;1.00000e+00;1.00000e+00;Pipeline { map_aggregate(attribute=PT08.S3(NOx), function=avg, window=7) };8.80744e-01;1.00000e+00;1.00000e+00;Pipeline { map_aggregate(attribute=PT08.S4(NO2), function=avg, window=4) };8.79317e-01;1.00000e+00;1.00000e+00;Pipeline { map_aggregate(attribute=NOx(GT), function=min, window=9) };8.79317e-01;1.00000e+00;1.00000e+00;Pipeline { map_aggregate(attribute=NOx(GT), function=min, window=9) }
datasets/airQuality_parallel.csv;nsga2;2;11;1100;1100;5.49010e+01;100;2;1;1.00000e+00;1.00000e+00;8.80000e-01;8.84183e-01;1.00000e+00;1.00000e+00;Pipeline { map_aggregate(attribute=NOx(GT), function=min, window=3) };8.77655e-01;1.00000e+00;1.00000e+00;Pipeline { map_noise(attribute=C6H6(GT), percentage=0.25) | map_aggregate(attribute=PT08.S1(CO), function=avg, window=8) };8.77655e-01;1.00000e+00;1.00000e+00;Pipeline { map_noise(attribute=C6H6(GT), percentage=0.25) | map_aggregate(attribute=PT08.S1(CO), function=avg, window=8) };8.80982e-01;1.00000e+00;1.00000e+00;Pipeline { map_aggregate(attribute=C6H6(GT), function=avg, window=4) };8.79331e-01;1.00000e+00;1.00000e+00;Pipeline { map_noise(attribute=C6H6(GT), percentage=0.25) | map_aggregate(attribute=RH, function=avg, window=8) };8.79331e-01;1.00000e+00;1.00000e+00;Pipeline { map_noise(attribute=C6H6(GT), percentage=0.25) | map_aggregate(attribute=RH, function=avg, window=8) }
datasets/airQuality_parallel.csv;nsga2;2;12;1200;1200;5.92350e+01;100;2;1;1.00000e+00;1.00000e+00;8.10000e-01;8.84183e-01;1.00000e+00;1.00000e+00;Pipeline { map_aggregate(attribute=NOx(GT), function=min, window=3) };8.78755e-01;1.00000e+00;1.00000e+00;Pipeline { map_aggregate(attribute=NOx(GT), function=avg, window=10) };8.78755e-01;1.00000e+00;1.00000e+00;Pipeline { map_aggregate(attribute=NOx(GT), function=avg, window=10) };8.81105e-01;1.00000e+00;1.00000e+00;Pipeline { map_aggregate(attribute=C6H6(GT), function=avg, window=3) };8.79833e-01;1.00000e+00;1.00000e+00;Pipeline { map_aggregate(attribute=PT08.S1(CO), function=avg, window=3) };8.79833e-01;1.00000e+00;1.00000e+00;Pipeline { map_aggregate(attribute=PT08.S1(CO), function=avg, window=3) }
datasets/airQuality_parallel.csv;nsga2;2;13;1300;1300;6.40010e+01;100;1;2;1.00000e+00;1.00000e+00;7.50000e-01;8.84606e-01;1.00000e+00;1.00000e+00;Pipeline { map_aggregate(attribute=PT08.S5(O3), function=avg, window=5) | map_aggregate(attribute=NOx(GT), function=min, window=7) };8.79328e-01;1.00000e+00;1.00000e+00;Pipeline { map_aggregate(attribute=NOx(GT), function=avg, window=8) };8.79328e-01;1.00000e+00;1.00000e+00;Pipeline { map_aggregate(attribute=NOx(GT), function=avg, window=8) };8.81505e-01;1.00000e+00;1.00000e+00;Pipeline { map_aggregate(attribute=PT08.S4(NO2), function=avg, window=4) | map_noise(attribute=PT08.S2(NMHC), percentage=0.05) };8.79989e-01;1.00000e+00;1.00000e+00;Pipeline { map_aggregate(attribute=PT08.S1(CO), function=avg, window=5) };8.79989e-01;1.00000e+00;1.00000e+00;Pipeline { map_aggregate(attribute=PT08.S1(CO), function=avg, window=5) }
datasets/airQuality_parallel.csv;nsga2;2;14;1400;1400;6.83990e+01;100;1;1;1.00000e+00;1.00000e+00;7.20000e-01;8.84606e-01;1.00000e+00;1.00000e+00;Pipeline { map_aggregate(attribute=PT08.S5(O3), function=avg, window=5) | map_aggregate(attribute=NOx(GT), function=min, window=7) };8.79758e-01;1.00000e+00;1.00000e+00;Pipeline { map_aggregate(attribute=AH, function=avg, window=7) | map_aggregate(attribute=PT08.S1(CO), function=avg, window=8) };8.79758e-01;1.00000e+00;1.00000e+00;Pipeline { map_aggregate(attribute=AH, function=avg, window=7) | map_aggregate(attribute=PT08.S1(CO), function=avg, window=8) };8.81955e-01;1.00000e+00;1.00000e+00;Pipeline { map_aggregate(attribute=PT08.S4(NO2), function=avg, window=7) };8.80009e-01;1.00000e+00;1.00000e+00;Pipeline { map_noise(attribute=RH, percentage=0.01) | map_aggregate(attribute=PT08.S1(CO), function=avg, window=7) };8.80009e-01;1.00000e+00;1.00000e+00;Pipeline { map_noise(attribute=RH, percentage=0.01) | map_aggregate(attribute=PT08.S1(CO), function=avg, window=7) }
datasets/airQuality_parallel.csv;nsga2;2;15;1500;1500;7.31980e+01;100;1;3;1.00000e+00;1.00000e+00;7.70000e-01;8.84606e-01;1.00000e+00;1.00000e+00;Pipeline { map_aggregate(attribute=PT08.S5(O3), function=avg, window=5) | map_aggregate(attribute=NOx(GT), function=min, window=7) };8.79989e-01;1.00000e+00;1.00000e+00;Pipeline { map_noise(attribute=T, percentage=0.10) | map_aggregate(attribute=PT08.S1(CO), function=avg, window=8) };8.79989e-01;1.00000e+00;1.00000e+00;Pipeline { map_noise(attribute=T, percentage=0.10) | map_aggregate(attribute=PT08.S1(CO), function=avg, window=8) };8.82354e-01;1.00000e+00;1.00000e+00;Pipeline { map_noise(attribute=NMHC(GT), percentage=0.10) | map_aggregate(attribute=PT08.S4(NO2), function=avg, window=10) };8.80423e-01;1.00000e+00;1.00000e+00;Pipeline { map_aggregate(attribute=PT08.S5(O3), function=avg, window=6) };8.80423e-01;1.00000e+00;1.00000e+00;Pipeline { map_aggregate(attribute=PT08.S5(O3), function=avg, window=6) }
datasets/airQuality_parallel.csv;nsga2;2;16;1600;1600;7.74770e+01;100;2;1;1.00000e+00;1.00000e+00;8.80000e-01;8.86619e-01;5.75972e-01;9.33242e-01;Pipeline { map_aggregate(attribute=NO2(GT), function=avg, window=4) | map_aggregate(attribute=NOx(GT), function=min, window=6) };8.80063e-01;1.00000e+00;1.00000e+00;Pipeline { map_noise(attribute=T, percentage=0.10) | map_aggregate(attribute=PT08.S1(CO), function=avg, window=4) };8.80063e-01;1.00000e+00;1.00000e+00;Pipeline { map_noise(attribute=T, percentage=0.10) | map_aggregate(attribute=PT08.S1(CO), function=avg, window=4) };8.82441e-01;1.00000e+00;1.00000e+00;Pipeline { map_aggregate(attribute=PT08.S5(O3), function=avg, window=4) | map_noise(attribute=PT08.S2(NMHC), percentage=0.05) };8.81185e-01;1.00000e+00;1.00000e+00;Pipeline { map_noise(attribute=PT08.S3(NOx), percentage=0.05) | map_aggregate(attribute=C6H6(GT), function=avg, window=7) };8.81185e-01;1.00000e+00;1.00000e+00;Pipeline { map_noise(attribute=PT08.S3(NOx), percentage=0.05) | map_aggregate(attribute=C6H6(GT), function=avg, window=7) }
datasets/airQuality_parallel.csv;nsga2;2;17;1700;1700;8.17060e+01;100;3;2;1.00000e+00;1.00000e+00;8.50000e-01;8.86619e-01;5.75972e-01;9.33242e-01;Pipeline { map_aggregate(attribute=NO2(GT), function=avg, window=4) | map_aggregate(attribute=NOx(GT), function=min, window=6) };8.80744e-01;1.00000e+00;1.00000e+00;Pipeline { map_aggregate(attribute=PT08.S4(NO2), function=avg, window=4) };8.80744e-01;1.00000e+00;1.00000e+00;Pipeline { map_aggregate(attribute=PT08.S4(NO2), function=avg, window=4) };8.82501e-01;1.00000e+00;1.00000e+00;Pipeline { map_aggregate(attribute=PT08.S5(O3), function=avg, window=4) | map_noise(attribute=AH, percentage=0.05) };8.81377e-01;1.00000e+00;1.00000e+00;Pipeline { map_aggregate(attribute=AH, function=avg, window=8) | map_aggregate(attribute=NOx(GT), function=min, window=8) };8.81377e-01;1.00000e+00;1.00000e+00;Pipeline { map_aggregate(attribute=AH, function=avg, window=8) | map_aggregate(attribute=NOx(GT), function=min, window=8) }
datasets/airQuality_parallel.csv;nsga2;2;18;1800;1800;8.60520e+01;100;2;1;1.00000e+00;1.00000e+00;8.50000e-01;8.88004e-01;4.71631e-01;9.32372e-01;Pipeline { map_aggregate(attribute=NO2(GT), function=avg, window=6) | map_aggregate(attribute=NOx(GT), function=min, window=6) };8.81355e-01;1.00000e+00;1.00000e+00;Pipeline { map_aggregate(attribute=PT08.S5(O3), function=avg, window=5) | map_noise(attribute=AH, percentage=0.10) };8.81355e-01;1.00000e+00;1.00000e+00;Pipeline { map_aggregate(attribute=PT08.S5(O3), function=avg, window=5) | map_noise(attribute=AH, percentage=0.10) };8.82999e-01;3.00952e-01;8.97267e-01;Pipeline { map_noise(attribute=AH, percentage=0.05) | map_aggregate(attribute=NO2(GT), function=min, window=3) };8.82075e-01;1.00000e+00;1.00000e+00;Pipeline { map_aggregate(attribute=PT08.S5(O3), function=avg, window=4) | map_noise(attribute=PT08.S3(NOx), percentage=0.10) };8.82075e-01;1.00000e+00;1.00000e+00;Pipeline { map_aggregate(attribute=PT08.S5(O3), function=avg, window=4) | map_noise(attribute=PT08.S3(NOx), percentage=0.10) }
datasets/airQuality_parallel.csv;nsga2;2;19;1900;1900;9.05490e+01;100;2;1;1.00000e+00;1.00000e+00;8.00000e-01;8.88004e-01;4.71631e-01;9.32372e-01;Pipeline { map_aggregate(attribute=NO2(GT), function=avg, window=6) | map_aggregate(attribute=NOx(GT), function=min, window=6) };8.81800e-01;1.00000e+00;1.00000e+00;Pipeline { map_aggregate(attribute=PT08.S5(O3), function=avg, window=5) | map_aggregate(attribute=NMHC(GT), function=max, window=8) };8.81800e-01;1.00000e+00;1.00000e+00;Pipeline { map_aggregate(attribute=PT08.S5(O3), function=avg, window=5) | map_aggregate(attribute=NMHC(GT), function=max, window=8) };8.83569e-01;9.82394e-01;9.05737e-01;Pipeline { map_aggregate(attribute=PT08.S5(O3), function=avg, window=4) | map_noise(attribute=CO(GT), percentage=0.01) };8.82441e-01;1.00000e+00;1.00000e+00;Pipeline { map_aggregate(attribute=PT08.S5(O3), function=avg, window=4) | map_noise(attribute=PT08.S4(NO2), percentage=0.10) };8.82441e-01;1.00000e+00;1.00000e+00;Pipeline { map_aggregate(attribute=PT08.S5(O3), function=avg, window=4) | map_noise(attribute=PT08.S4(NO2), percentage=0.10) }
datasets/airQuality_parallel.csv;nsga2;2;20;2000;2000;9.45460e+01;100;1;1;1.00000e+00;1.00000e+00;8.10000e-01;8.88361e-01;1.00000e+00;1.00000e+00;Pipeline { map_aggregate(attribute=PT08.S5(O3), function=avg, window=7) | map_aggregate(attribute=NOx(GT), function=min, window=4) };8.82170e-01;1.00000e+00;1.00000e+00;Pipeline { map_aggregate(attribute=T, function=avg, window=9) | map_aggregate(attribute=NOx(GT), function=min, window=7) };8.82170e-01;1.00000e+00;1.00000e+00;Pipeline { map_aggregate(attribute=T, function=avg, window=9) | map_aggregate(attribute=NOx(GT), function=min, window=7) };8.84190e-01;1.00000e+00;1.00000e+00;Pipeline { map_aggregate(attribute=PT08.S4(NO2), function=avg, window=7) | map_aggregate(attribute=NOx(GT), function=min, window=6) };8.82441e-01;1.00000e+00;1.00000e+00;Pipeline { map_aggregate(attribute=PT08.S5(O3), function=avg, window=4) | map_aggregate(attribute=NMHC(GT), function=avg, window=3) };8.82441e-01;1.00000e+00;1.00000e+00;Pipeline { map_aggregate(attribute=PT08.S5(O3), function=avg, window=4) | map_aggregate(attribute=NMHC(GT), function=avg, window=3) }
datasets/airQuality_parallel.csv;nsga2;2;21;2100;2100;9.88020e+01;100;1;14;1.00000e+00;1.00000e+00;8.10000e-01;8.88361e-01;1.00000e+00;1.00000e+00;Pipeline { map_aggregate(attribute=PT08.S5(O3), function=avg, window=7) | map_aggregate(attribute=NOx(GT), function=min, window=4) };8.82441e-01;1.00000e+00;1.00000e+00;Pipeline { map_noise(attribute=T, percentage=0.01) | map_aggregate(attribute=PT08.S5(O3), function=avg, window=4) };8.82441e-01;1.00000e+00;1.00000e+00;Pipeline { map_noise(attribute=T, percentage=0.01) | map_aggregate(attribute=PT08.S5(O3), function=avg, window=4) };8.84694e-01;2.25352e-01;8.80488e-01;Pipeline { map_aggregate(attribute=C6H6(GT), function=avg, window=6) | map_aggregate(attribute=NO2(GT), function=min, window=4) };8.82725e-01;1.00000e+00;1.00000e+00;Pipeline { map_noise(attribute=NOx(GT), percentage=0.05) | map_aggregate(attribute=PT08.S5(O3), function=avg, window=4) };8.82725e-01;1.00000e+00;1.00000e+00;Pipeline { map_noise(attribute=NOx(GT), percentage=0.05) | map_aggregate(attribute=PT08.S5(O3), function=avg, window=4) }
datasets/airQuality_parallel.csv;nsga2;2;22;2200;2200;1.04413e+02;100;4;1;1.00000e+00;1.00000e+00;9.40000e-01;8.89148e-01;4.50355e-01;9.23203e-01;Pipeline { map_aggregate(attribute=NO2(GT), function=avg, window=10) | map_aggregate(attribute=NOx(GT), function=min, window=5) };8.82529e-01;1.00000e+00;1.00000e+00;Pipeline { map_noise(attribute=T, percentage=0.05) | map_aggregate(attribute=PT08.S5(O3), function=avg, window=4) };8.82529e-01;1.00000e+00;1.00000e+00;Pipeline { map_noise(attribute=T, percentage=0.05) | map_aggregate(attribute=PT08.S5(O3), function=avg, window=4) };8.85499e-01;6.38298e-01;9.52227e-01;Pipeline { map_aggregate(attribute=NO2(GT), function=avg, window=3) | map_aggregate(attribute=NOx(GT), function=avg, window=6) };8.83760e-01;1.00000e+00;1.00000e+00;Pipeline { map_noise(attribute=AH, percentage=0.01) | map_aggregate(attribute=NOx(GT), function=min, window=4) };8.83760e-01;1.00000e+00;1.00000e+00;Pipeline { map_noise(attribute=AH, percentage=0.01) | map_aggregate(attribute=NOx(GT), function=min, window=4) }
datasets/airQuality_parallel.csv;nsga2;2;23;2300;2300;1.08793e+02;100;1;1;1.00000e+00;1.00000e+00;9.60000e-01;8.90563e-01;1.00000e+00;1.00000e+00;Pipeline { map_aggregate(attribute=PT08.S5(O3), function=avg, window=10) | map_aggregate(attribute=NOx(GT), function=min, window=3) };8.82796e-01;1.00000e+00;1.00000e+00;Pipeline { map_noise(attribute=AH, percentage=0.10) | map_aggregate(attribute=PT08.S4(NO2), function=avg, window=10) };8.82796e-01;1.00000e+00;1.00000e+00;Pipeline { map_noise(attribute=AH, percentage=0.10) | map_aggregate(attribute=PT08.S4(NO2), function=avg, window=10) };8.86415e-01;1.00000e+00;1.00000e+00;Pipeline { map_noise(attribute=C6H6(GT), percentage=0.10) | map_aggregate(attribute=NOx(GT), function=min, window=4) };8.84183e-01;1.00000e+00;1.00000e+00;Pipeline { map_aggregate(attribute=NOx(GT), function=min, window=3) };8.84183e-01;1.00000e+00;1.00000e+00;Pipeline { map_aggregate(attribute=NOx(GT), function=min, window=3) }
datasets/airQuality_parallel.csv;nsga2;2;24;2400;2400;1.13564e+02;100;1;1;1.00000e+00;1.00000e+00;9.50000e-01;8.90563e-01;1.00000e+00;1.00000e+00;Pipeline { map_aggregate(attribute=PT08.S5(O3), function=avg, window=10) | map_aggregate(attribute=NOx(GT), function=min, window=3) };8.83235e-01;1.00000e+00;1.00000e+00;Pipeline { map_aggregate(attribute=PT08.S5(O3), function=avg, window=5) | map_aggregate(attribute=NOx(GT), function=min, window=10) };8.83235e-01;1.00000e+00;1.00000e+00;Pipeline { map_aggregate(attribute=PT08.S5(O3), function=avg, window=5) | map_aggregate(attribute=NOx(GT), function=min, window=10) };8.87121e-01;1.00000e+00;1.00000e+00;Pipeline { map_aggregate(attribute=PT08.S3(NOx), function=avg, window=5) | map_aggregate(attribute=NOx(GT), function=min, window=3) };8.84520e-01;1.00000e+00;1.00000e+00;Pipeline { map_aggregate(attribute=NMHC(GT), function=min, window=8) | map_aggregate(attribute=NOx(GT), function=min, window=4) };8.84520e-01;1.00000e+00;1.00000e+00;Pipeline { map_aggregate(attribute=NMHC(GT), function=min, window=8) | map_aggregate(attribute=NOx(GT), function=min, window=4) }
datasets/airQuality_parallel.csv;nsga2;2;25;2500;2500;1.17939e+02;100;1;1;1.00000e+00;1.00000e+00;9.30000e-01;8.90563e-01;1.00000e+00;1.00000e+00;Pipeline { map_aggregate(attribute=PT08.S5(O3), function=avg, window=10) | map_aggregate(attribute=NOx(GT), function=min, window=3) };8.83702e-01;1.00000e+00;1.00000e+00;Pipeline { map_aggregate(attribute=PT08.S5(O3), function=avg, window=9) | map_aggregate(attribute=NOx(GT), function=min, window=9) };8.83702e-01;1.00000e+00;1.00000e+00;Pipeline { map_aggregate(attribute=PT08.S5(O3), function=avg, window=9) | map_aggregate(attribute=NOx(GT), function=min, window=9) };8.87434e-01;5.20354e-01;9.54126e-01;Pipeline { map_aggregate(attribute=NO2(GT), function=avg, window=5) | map_aggregate(attribute=NOx(GT), function=min, window=6) };8.84606e-01;1.00000e+00;1.00000e+00;Pipeline { map_aggregate(attribute=PT08.S5(O3), function=avg, window=5) | map_aggregate(attribute=NOx(GT), function=min, window=6) };8.84606e-01;1.00000e+00;1.00000e+00;Pipeline { map_aggregate(attribute=PT08.S5(O3), function=avg, window=5) | map_aggregate(attribute=NOx(GT), function=min, window=6) }
datasets/airQuality_parallel.csv;nsga2;2;26;2600;2600;1.21938e+02;100;1;1;1.00000e+00;1.00000e+00;9.30000e-01;8.90563e-01;1.00000e+00;1.00000e+00;Pipeline { map_aggregate(attribute=PT08.S5(O3), function=avg, window=10) | map_aggregate(attribute=NOx(GT), function=min, window=3) };8.84300e-01;1.00000e+00;1.00000e+00;Pipeline { map_aggregate(attribute=RH, function=max, window=8) | map_aggregate(attribute=NOx(GT), function=min, window=3) };8.84300e-01;1.00000e+00;1.00000e+00;Pipeline { map_aggregate(attribute=RH, function=max, window=8) | map_aggregate(attribute=NOx(GT), function=min, window=3) };8.87776e-01;4.71631e-01;9.32372e-01;Pipeline { map_aggregate(attribute=NO2(GT), function=avg, window=6) | map_aggregate(attribute=NOx(GT), function=min, window=7) };8.85138e-01;1.00000e+00;1.00000e+00;Pipeline { map_aggregate(attribute=RH, function=avg, window=5) | map_aggregate(attribute=NOx(GT), function=avg, window=7) };8.85138e-01;1.00000e+00;1.00000e+00;Pipeline { map_aggregate(attribute=RH, function=avg, window=5) | map_aggregate(attribute=NOx(GT), function=avg, window=7) }
datasets/airQuality_parallel.csv;nsga2;2;27;2700;2700;1.26364e+02;100;1;1;1.00000e+00;1.00000e+00;9.20000e-01;8.90563e-01;1.00000e+00;1.00000e+00;Pipeline { map_aggregate(attribute=PT08.S5(O3), function=avg, window=10) | map_aggregate(attribute=NOx(GT), function=min, window=3) };8.84649e-01;1.00000e+00;1.00000e+00;Pipeline { map_aggregate(attribute=PT08.S5(O3), function=avg, window=4) | map_aggregate(attribute=NOx(GT), function=min, window=7) };8.84649e-01;1.00000e+00;1.00000e+00;Pipeline { map_aggregate(attribute=PT08.S5(O3), function=avg, window=4) | map_aggregate(attribute=NOx(GT), function=min, window=7) };8.87932e-01;1.00000e+00;1.00000e+00;Pipeline { map_aggregate(attribute=PT08.S5(O3), function=avg, window=3) | map_aggregate(attribute=NOx(GT), function=min, window=4) };8.86415e-01;1.00000e+00;1.00000e+00;Pipeline { map_noise(attribute=C6H6(GT), percentage=0.10) | map_aggregate(attribute=NOx(GT), function=min, window=4) };8.86415e-01;1.00000e+00;1.00000e+00;Pipeline { map_noise(attribute=C6H6(GT), percentage=0.10) | map_aggregate(attribute=NOx(GT), function=min, window=4) }
datasets/airQuality_parallel.csv;nsga2;2;28;2800;2800;1.30806e+02;100;1;1;1.00000e+00;1.00000e+00;9.30000e-01;8.90563e-01;1.00000e+00;1.00000e+00;Pipeline { map_aggregate(attribute=PT08.S5(O3), function=avg, window=10) | map_aggregate(attribute=NOx(GT), function=min, window=3) };8.85060e-01;1.00000e+00;1.00000e+00;Pipeline { map_noise(attribute=C6H6(GT), percentage=0.10) | map_aggregate(attribute=NOx(GT), function=min, window=3) };8.85060e-01;1.00000e+00;1.00000e+00;Pipeline { map_noise(attribute=C6H6(GT), percentage=0.10) | map_aggregate(attribute=NOx(GT), function=min, window=3) };8.88139e-01;4.83126e-01;9.18060e-01;Pipeline { map_aggregate(attribute=NO2(GT), function=avg, window=9) | map_aggregate(attribute=NOx(GT), function=min, window=3) };8.86853e-01;1.00000e+00;1.00000e+00;Pipeline { map_noise(attribute=PT08.S1(CO), percentage=0.05) | map_aggregate(attribute=NOx(GT), function=min, window=3) };8.86853e-01;1.00000e+00;1.00000e+00;Pipeline { map_noise(attribute=PT08.S1(CO), percentage=0.05) | map_aggregate(attribute=NOx(GT), function=min, window=3) }
datasets/airQuality_parallel.csv;nsga2;2;29;2900;2900;1.35481e+02;100;1;3;1.00000e+00;1.00000e+00;9.20000e-01;8.90563e-01;1.00000e+00;1.00000e+00;Pipeline { map_aggregate(attribute=PT08.S5(O3), function=avg, window=10) | map_aggregate(attribute=NOx(GT), function=min, window=3) };8.85488e-01;1.00000e+00;1.00000e+00;Pipeline { map_aggregate(attribute=C6H6(GT), function=avg, window=6) | map_aggregate(attribute=NOx(GT), function=min, window=6) };8.85488e-01;1.00000e+00;1.00000e+00;Pipeline { map_aggregate(attribute=C6H6(GT), function=avg, window=6) | map_aggregate(attribute=NOx(GT), function=min, window=6) };8.88256e-01;5.75972e-01;9.33242e-01;Pipeline { map_aggregate(attribute=NO2(GT), function=avg, window=4) | map_aggregate(attribute=NOx(GT), function=min, window=4) };8.86962e-01;1.00000e+00;1.00000e+00;Pipeline { map_aggregate(attribute=PT08.S2(NMHC), function=avg, window=3) | map_aggregate(attribute=NOx(GT), function=min, window=5) };8.86962e-01;1.00000e+00;1.00000e+00;Pipeline { map_aggregate(attribute=PT08.S2(NMHC), function=avg, window=3) | map_aggregate(attribute=NOx(GT), function=min, window=5) }
datasets/airQuality_parallel.csv;nsga2;2;30;3000;3000;1.40140e+02;100;1;1;1.00000e+00;1.00000e+00;9.10000e-01;8.90563e-01;1.00000e+00;1.00000e+00;Pipeline { map_aggregate(attribute=PT08.S5(O3), function=avg, window=10) | map_aggregate(attribute=NOx(GT), function=min, window=3) };8.85929e-01;1.00000e+00;1.00000e+00;Pipeline { map_aggregate(attribute=PT08.S5(O3), function=avg, window=8) | map_aggregate(attribute=NOx(GT), function=min, window=5) };8.85929e-01;1.00000e+00;1.00000e+00;Pipeline { map_aggregate(attribute=PT08.S5(O3), function=avg, window=8) | map_aggregate(attribute=NOx(GT), function=min, window=5) };8.88256e-01;5.75972e-01;9.33242e-01;Pipeline { map_aggregate(attribute=NO2(GT), function=avg, window=4) | map_aggregate(attribute=NOx(GT), function=min, window=4) };8.87041e-01;1.00000e+00;1.00000e+00;Pipeline { map_aggregate(attribute=C6H6(GT), function=avg, window=4) | map_aggregate(attribute=NOx(GT), function=min, window=6) };8.87041e-01;1.00000e+00;1.00000e+00;Pipeline { map_aggregate(attribute=C6H6(GT), function=avg, window=4) | map_aggregate(attribute=NOx(GT), function=min, window=6) }
datasets/airQuality_parallel.csv;nsga2;2;31;3100;3100;1.45643e+02;100;1;1;1.00000e+00;1.00000e+00;8.90000e-01;8.90563e-01;1.00000e+00;1.00000e+00;Pipeline { map_aggregate(attribute=PT08.S5(O3), function=avg, window=10) | map_aggregate(attribute=NOx(GT), function=min, window=3) };8.86459e-01;1.00000e+00;1.00000e+00;Pipeline { map_aggregate(attribute=RH, function=avg, window=10) | map_aggregate(attribute=NOx(GT), function=min, window=3) };8.86459e-01;1.00000e+00;1.00000e+00;Pipeline { map_aggregate(attribute=RH, function=avg, window=10) | map_aggregate(attribute=NOx(GT), function=min, window=3) };8.88437e-01;4.68085e-01;9.30443e-01;Pipeline { map_aggregate(attribute=NO2(GT), function=avg, window=7) | map_aggregate(attribute=NOx(GT), function=min, window=3) };8.87336e-01;1.00000e+00;1.00000e+00;Pipeline { map_aggregate(attribute=PT08.S2(NMHC), function=avg, window=9) | map_aggregate(attribute=NOx(GT), function=min, window=3) };8.87336e-01;1.00000e+00;1.00000e+00;Pipeline { map_aggregate(attribute=PT08.S2(NMHC), function=avg, window=9) | map_aggregate(attribute=NOx(GT), function=min, window=3) }
datasets/airQuality_parallel.csv;nsga2;2;32;3200;3200;1.50226e+02;100;1;2;1.00000e+00;1.00000e+00;8.80000e-01;8.90563e-01;1.00000e+00;1.00000e+00;Pipeline { map_aggregate(attribute=PT08.S5(O3), function=avg, window=10) | map_aggregate(attribute=NOx(GT), function=min, window=3) };8.86595e-01;1.00000e+00;1.00000e+00;Pipeline { map_aggregate(attribute=RH, function=avg, window=8) | map_aggregate(attribute=NOx(GT), function=min, window=3) };8.86595e-01;1.00000e+00;1.00000e+00;Pipeline { map_aggregate(attribute=RH, function=avg, window=8) | map_aggregate(attribute=NOx(GT), function=min, window=3) };8.88608e-01;1.00000e+00;1.00000e+00;Pipeline { map_aggregate(attribute=PT08.S4(NO2), function=avg, window=6) | map_aggregate(attribute=NOx(GT), function=min, window=3) };8.87372e-01;1.00000e+00;1.00000e+00;Pipeline { map_aggregate(attribute=C6H6(GT), function=avg, window=9) | map_aggregate(attribute=NOx(GT), function=min, window=7) };8.87372e-01;1.00000e+00;1.00000e+00;Pipeline { map_aggregate(attribute=C6H6(GT), function=avg, window=9) | map_aggregate(attribute=NOx(GT), function=min, window=7) }
datasets/airQuality_parallel.csv;nsga2;2;33;3300;3300;1.54483e+02;100;1;2;1.00000e+00;1.00000e+00;8.80000e-01;8.90563e-01;1.00000e+00;1.00000e+00;Pipeline { map_aggregate(attribute=PT08.S5(O3), function=avg, window=10) | map_aggregate(attribute=NOx(GT), function=min, window=3) };8.86701e-01;1.00000e+00;1.00000e+00;Pipeline { map_aggregate(attribute=C6H6(GT), function=avg, window=5) | map_aggregate(attribute=NOx(GT), function=min, window=7) };8.86701e-01;1.00000e+00;1.00000e+00;Pipeline { map_aggregate(attribute=C6H6(GT), function=avg, window=5) | map_aggregate(attribute=NOx(GT), function=min, window=7) };8.88608e-01;1.00000e+00;1.00000e+00;Pipeline { map_aggregate(attribute=PT08.S4(NO2), function=avg, window=6) | map_aggregate(attribute=NOx(GT), function=min, window=3) };8.87565e-01;1.00000e+00;1.00000e+00;Pipeline { map_aggregate(attribute=PT08.S4(NO2), function=avg, window=9) | map_aggregate(attribute=NOx(GT), function=min, window=4) };8.87565e-01;1.00000e+00;1.00000e+00;Pipeline { map_aggregate(attribute=PT08.S4(NO2), function=avg, window=9) | map_aggregate(attribute=NOx(GT), function=min, window=4) }
datasets/airQuality_parallel.csv;nsga2;2;34;3400;3400;1.58640e+02;100;1;1;1.00000e+00;1.00000e+00;8.80000e-01;8.90563e-01;1.00000e+00;1.00000e+00;Pipeline { map_aggregate(attribute=PT08.S5(O3), function=avg, window=10) | map_aggregate(attribute=NOx(GT), function=min, window=3) };8.86859e-01;1.00000e+00;1.00000e+00;Pipeline { map_aggregate(attribute=PT08.S3(NOx), function=avg, window=4) | map_aggregate(attribute=NOx(GT), function=min, window=5) };8.86859e-01;1.00000e+00;1.00000e+00;Pipeline { map_aggregate(attribute=PT08.S3(NOx), function=avg, window=4) | map_aggregate(attribute=NOx(GT), function=min, window=5) };8.88631e-01;4.83126e-01;9.18060e-01;Pipeline { map_aggregate(attribute=NO2(GT), function=avg, window=9) | map_aggregate(attribute=NOx(GT), function=min, window=6) };8.87568e-01;1.00000e+00;1.00000e+00;Pipeline { map_aggregate(attribute=RH, function=avg, window=4) | map_aggregate(attribute=NOx(GT), function=min, window=3) };8.87568e-01;1.00000e+00;1.00000e+00;Pipeline { map_aggregate(attribute=RH, function=avg, window=4) | map_aggregate(attribute=NOx(GT), function=min, window=3) }
datasets/airQuality_parallel.csv;nsga2;2;35;3500;3500;1.63183e+02;100;1;3;1.00000e+00;1.00000e+00;8.90000e-01;8.90563e-01;1.00000e+00;1.00000e+00;Pipeline { map_aggregate(attribute=PT08.S5(O3), function=avg, window=10) | map_aggregate(attribute=NOx(GT), function=min, window=3) };8.86866e-01;1.00000e+00;1.00000e+00;Pipeline { map_aggregate(attribute=PT08.S4(NO2), function=avg, window=4) | map_aggregate(attribute=NOx(GT), function=min, window=5) };8.86866e-01;1.00000e+00;1.00000e+00;Pipeline { map_aggregate(attribute=PT08.S4(NO2), function=avg, window=4) | map_aggregate(attribute=NOx(GT), function=min, window=5) };8.88631e-01;4.83126e-01;9.18060e-01;Pipeline { map_aggregate(attribute=NO2(GT), function=avg, window=9) | map_aggregate(attribute=NOx(GT), function=min, window=6) };8.87568e-01;1.00000e+00;1.00000e+00;Pipeline { map_aggregate(attribute=RH, function=avg, window=4) | map_aggregate(attribute=NOx(GT), function=min, window=3) };8.87568e-01;1.00000e+00;1.00000e+00;Pipeline { map_aggregate(attribute=RH, function=avg, window=4) | map_aggregate(attribute=NOx(GT), function=min, window=3) }
datasets/airQuality_parallel.csv;nsga2;2;36;3600;3600;1.67492e+02;100;1;1;1.00000e+00;1.00000e+00;8.90000e-01;8.90563e-01;1.00000e+00;1.00000e+00;Pipeline { map_aggregate(attribute=PT08.S5(O3), function=avg, window=10) | map_aggregate(attribute=NOx(GT), function=min, window=3) };8.86888e-01;1.00000e+00;1.00000e+00;Pipeline { map_aggregate(attribute=PT08.S4(NO2), function=avg, window=3) | map_aggregate(attribute=NOx(GT), function=min, window=4) };8.86888e-01;1.00000e+00;1.00000e+00;Pipeline { map_aggregate(attribute=PT08.S4(NO2), function=avg, window=3) | map_aggregate(attribute=NOx(GT), function=min, window=4) };8.88631e-01;4.83126e-01;9.18060e-01;Pipeline { map_aggregate(attribute=NO2(GT), function=avg, window=9) | map_aggregate(attribute=NOx(GT), function=min, window=6) };8.87617e-01;1.00000e+00;1.00000e+00;Pipeline { map_aggregate(attribute=PT08.S3(NOx), function=avg, window=9) | map_aggregate(attribute=NOx(GT), function=min, window=3) };8.87617e-01;1.00000e+00;1.00000e+00;Pipeline { map_aggregate(attribute=PT08.S3(NOx), function=avg, window=9) | map_aggregate(attribute=NOx(GT), function=min, window=3) }
datasets/airQuality_parallel.csv;nsga2;2;37;3700;3700;1.71994e+02;100;1;2;1.00000e+00;1.00000e+00;8.90000e-01;8.90563e-01;1.00000e+00;1.00000e+00;Pipeline { map_aggregate(attribute=PT08.S5(O3), function=avg, window=10) | map_aggregate(attribute=NOx(GT), function=min, window=3) };8.86888e-01;1.00000e+00;1.00000e+00;Pipeline { map_aggregate(attribute=PT08.S4(NO2), function=avg, window=3) | map_aggregate(attribute=NOx(GT), function=min, window=4) };8.86888e-01;1.00000e+00;1.00000e+00;Pipeline { map_aggregate(attribute=PT08.S4(NO2), function=avg, window=3) | map_aggregate(attribute=NOx(GT), function=min, window=4) };8.88631e-01;4.83126e-01;9.18060e-01;Pipeline { map_aggregate(attribute=NO2(GT), function=avg, window=9) | map_aggregate(attribute=NOx(GT), function=min, window=6) };8.87617e-01;1.00000e+00;1.00000e+00;Pipeline { map_aggregate(attribute=PT08.S3(NOx), function=avg, window=9) | map_aggregate(attribute=NOx(GT), function=min, window=3) };8.87617e-01;1.00000e+00;1.00000e+00;Pipeline { map_aggregate(attribute=PT08.S3(NOx), function=avg, window=9) | map_aggregate(attribute=NOx(GT), function=min, window=3) }
datasets/airQuality_parallel.csv;nsga2;2;38;3800;3800;1.76174e+02;100;1;1;1.00000e+00;1.00000e+00;8.70000e-01;8.90563e-01;1.00000e+00;1.00000e+00;Pipeline { map_aggregate(attribute=PT08.S5(O3), function=avg, window=10) | map_aggregate(attribute=NOx(GT), function=min, window=3) };8.87100e-01;1.00000e+00;1.00000e+00;Pipeline { map_aggregate(attribute=AH, function=avg, window=10) | map_aggregate(attribute=NOx(GT), function=min, window=3) };8.87100e-01;1.00000e+00;1.00000e+00;Pipeline { map_aggregate(attribute=AH, function=avg, window=10) | map_aggregate(attribute=NOx(GT), function=min, window=3) };8.88749e-01;4.71631e-01;9.32372e-01;Pipeline { map_aggregate(attribute=NO2(GT), function=avg, window=6) | map_aggregate(attribute=NOx(GT), function=min, window=3) };8.87742e-01;1.00000e+00;1.00000e+00;Pipeline { map_aggregate(attribute=PT08.S2(NMHC), function=avg, window=4) | map_aggregate(attribute=NOx(GT), function=min, window=5) };8.87742e-01;1.00000e+00;1.00000e+00;Pipeline { map_aggregate(attribute=PT08.S2(NMHC), function=avg, window=4) | map_aggregate(attribute=NOx(GT), function=min, window=5) }
datasets/airQuality_parallel.csv;nsga2;2;39;3900;3900;1.80761e+02;100;1;1;1.00000e+00;1.00000e+00;8.70000e-01;8.90563e-01;1.00000e+00;1.00000e+00;Pipeline { map_aggregate(attribute=PT08.S5(O3), function=avg, window=10) | map_aggregate(attribute=NOx(GT), function=min, window=3) };8.87156e-01;1.00000e+00;1.00000e+00;Pipeline { map_aggregate(attribute=PT08.S4(NO2), function=avg, window=10) | map_aggregate(attribute=NOx(GT), function=min, window=4) };8.87156e-01;1.00000e+00;1.00000e+00;Pipeline { map_aggregate(attribute=PT08.S4(NO2), function=avg, window=10) | map_aggregate(attribute=NOx(GT), function=min, window=4) };8.88749e-01;4.71631e-01;9.32372e-01;Pipeline { map_aggregate(attribute=NO2(GT), function=avg, window=6) | map_aggregate(attribute=NOx(GT), function=min, window=3) };8.87790e-01;1.00000e+00;1.00000e+00;Pipeline { map_aggregate(attribute=PT08.S3(NOx), function=avg, window=9) | map_aggregate(attribute=NOx(GT), function=min, window=4) };8.87790e-01;1.00000e+00;1.00000e+00;Pipeline { map_aggregate(attribute=PT08.S3(NOx), function=avg, window=9) | map_aggregate(attribute=NOx(GT), function=min, window=4) }
datasets/airQuality_parallel.csv;nsga2;2;40;4000;4000;1.84929e+02;100;1;2;1.00000e+00;1.00000e+00;8.70000e-01;8.90563e-01;1.00000e+00;1.00000e+00;Pipeline { map_aggregate(attribute=PT08.S5(O3), function=avg, window=10) | map_aggregate(attribute=NOx(GT), function=min, window=3) };8.87238e-01;1.00000e+00;1.00000e+00;Pipeline { map_aggregate(attribute=PT08.S4(NO2), function=avg, window=5) | map_aggregate(attribute=NOx(GT), function=min, window=4) };8.87238e-01;1.00000e+00;1.00000e+00;Pipeline { map_aggregate(attribute=PT08.S4(NO2), function=avg, window=5) | map_aggregate(attribute=NOx(GT), function=min, window=4) };8.88887e-01;1.00000e+00;1.00000e+00;Pipeline { map_aggregate(attribute=C6H6(GT), function=avg, window=10) | map_aggregate(attribute=NOx(GT), function=min, window=3) };8.87811e-01;1.00000e+00;1.00000e+00;Pipeline { map_aggregate(attribute=PT08.S3(NOx), function=avg, window=7) | map_aggregate(attribute=NOx(GT), function=min, window=4) };8.87811e-01;1.00000e+00;1.00000e+00;Pipeline { map_aggregate(attribute=PT08.S3(NOx), function=avg, window=7) | map_aggregate(attribute=NOx(GT), function=min, window=4) }
datasets/airQuality_parallel.csv;nsga2;2;41;4100;4100;1.89141e+02;100;1;1;1.00000e+00;1.00000e+00;8.60000e-01;8.90563e-01;1.00000e+00;1.00000e+00;Pipeline { map_aggregate(attribute=PT08.S5(O3), function=avg, window=10) | map_aggregate(attribute=NOx(GT), function=min, window=3) };8.87367e-01;1.00000e+00;1.00000e+00;Pipeline { map_aggregate(attribute=RH, function=avg, window=6) | map_aggregate(attribute=NOx(GT), function=min, window=3) };8.87367e-01;1.00000e+00;1.00000e+00;Pipeline { map_aggregate(attribute=RH, function=avg, window=6) | map_aggregate(attribute=NOx(GT), function=min, window=3) };8.88887e-01;1.00000e+00;1.00000e+00;Pipeline { map_aggregate(attribute=C6H6(GT), function=avg, window=10) | map_aggregate(attribute=NOx(GT), function=min, window=3) };8.87824e-01;1.00000e+00;1.00000e+00;Pipeline { map_aggregate(attribute=C6H6(GT), function=avg, window=6) | map_aggregate(attribute=NOx(GT), function=min, window=4) };8.87824e-01;1.00000e+00;1.00000e+00;Pipeline { map_aggregate(attribute=C6H6(GT), function=avg, window=6) | map_aggregate(attribute=NOx(GT), function=min, window=4) }
datasets/airQuality_parallel.csv;nsga2;2;42;4200;4200;1.93316e+02;100;1;1;1.00000e+00;1.00000e+00;8.60000e-01;8.90563e-01;1.00000e+00;1.00000e+00;Pipeline { map_aggregate(attribute=PT08.S5(O3), function=avg, window=10) | map_aggregate(attribute=NOx(GT), function=min, window=3) };8.87368e-01;1.00000e+00;1.00000e+00;Pipeline { map_aggregate(attribute=PT08.S5(O3), function=avg, window=6) | map_aggregate(attribute=NOx(GT), function=min, window=3) };8.87368e-01;1.00000e+00;1.00000e+00;Pipeline { map_aggregate(attribute=PT08.S5(O3), function=avg, window=6) | map_aggregate(attribute=NOx(GT), function=min, window=3) };8.88887e-01;1.00000e+00;1.00000e+00;Pipeline { map_aggregate(attribute=C6H6(GT), function=avg, window=10) | map_aggregate(attribute=NOx(GT), function=min, window=3) };8.87932e-01;1.00000e+00;1.00000e+00;Pipeline { map_aggregate(attribute=PT08.S5(O3), function=avg, window=3) | map_aggregate(attribute=NOx(GT), function=min, window=4) };8.87932e-01;1.00000e+00;1.00000e+00;Pipeline { map_aggregate(attribute=PT08.S5(O3), function=avg, window=3) | map_aggregate(attribute=NOx(GT), function=min, window=4) }
datasets/airQuality_parallel.csv;nsga2;2;43;4300;4300;1.97933e+02;100;1;1;1.00000e+00;1.00000e+00;8.60000e-01;8.90563e-01;1.00000e+00;1.00000e+00;Pipeline { map_aggregate(attribute=PT08.S5(O3), function=avg, window=10) | map_aggregate(attribute=NOx(GT), function=min, window=3) };8.87372e-01;1.00000e+00;1.00000e+00;Pipeline { map_aggregate(attribute=C6H6(GT), function=avg, window=9) | map_aggregate(attribute=NOx(GT), function=min, window=7) };8.87372e-01;1.00000e+00;1.00000e+00;Pipeline { map_aggregate(attribute=C6H6(GT), function=avg, window=9) | map_aggregate(attribute=NOx(GT), function=min, window=7) };8.88887e-01;1.00000e+00;1.00000e+00;Pipeline { map_aggregate(attribute=C6H6(GT), function=avg, window=8) | map_aggregate(attribute=NOx(GT), function=min, window=4) };8.87999e-01;1.00000e+00;1.00000e+00;Pipeline { map_aggregate(attribute=PT08.S3(NOx), function=avg, window=8) | map_aggregate(attribute=NOx(GT), function=min, window=4) };8.87999e-01;1.00000e+00;1.00000e+00;Pipeline { map_aggregate(attribute=PT08.S3(NOx), function=avg, window=8) | map_aggregate(attribute=NOx(GT), function=min, window=4) }
datasets/airQuality_parallel.csv;nsga2;2;44;4400;4400;2.02184e+02;100;1;2;1.00000e+00;1.00000e+00;8.60000e-01;8.90563e-01;1.00000e+00;1.00000e+00;Pipeline { map_aggregate(attribute=PT08.S5(O3), function=avg, window=10) | map_aggregate(attribute=NOx(GT), function=min, window=3) };8.87405e-01;1.00000e+00;1.00000e+00;Pipeline { map_aggregate(attribute=PT08.S3(NOx), function=avg, window=4) | map_aggregate(attribute=NOx(GT), function=min, window=4) };8.87405e-01;1.00000e+00;1.00000e+00;Pipeline { map_aggregate(attribute=PT08.S3(NOx), function=avg, window=4) | map_aggregate(attribute=NOx(GT), function=min, window=4) };8.88887e-01;1.00000e+00;1.00000e+00;Pipeline { map_aggregate(attribute=C6H6(GT), function=avg, window=8) | map_aggregate(attribute=NOx(GT), function=min, window=4) };8.87999e-01;1.00000e+00;1.00000e+00;Pipeline { map_aggregate(attribute=PT08.S3(NOx), function=avg, window=8) | map_aggregate(attribute=NOx(GT), function=min, window=4) };8.87999e-01;1.00000e+00;1.00000e+00;Pipeline { map_aggregate(attribute=PT08.S3(NOx), function=avg, window=8) | map_aggregate(attribute=NOx(GT), function=min, window=4) }
datasets/airQuality_parallel.csv;nsga2;2;45;4500;4500;2.06747e+02;100;1;1;1.00000e+00;1.00000e+00;8.60000e-01;8.90563e-01;1.00000e+00;1.00000e+00;Pipeline { map_aggregate(attribute=PT08.S5(O3), function=avg, window=10) | map_aggregate(attribute=NOx(GT), function=min, window=3) };8.87450e-01;1.00000e+00;1.00000e+00;Pipeline { map_aggregate(attribute=PT08.S5(O3), function=avg, window=5) | map_aggregate(attribute=NOx(GT), function=min, window=4) };8.87450e-01;1.00000e+00;1.00000e+00;Pipeline { map_aggregate(attribute=PT08.S5(O3), function=avg, window=5) | map_aggregate(attribute=NOx(GT), function=min, window=4) };8.88887e-01;1.00000e+00;1.00000e+00;Pipeline { map_aggregate(attribute=C6H6(GT), function=avg, window=8) | map_aggregate(attribute=NOx(GT), function=min, window=4) };8.87932e-01;1.00000e+00;1.00000e+00;Pipeline { map_aggregate(attribute=PT08.S5(O3), function=avg, window=3) | map_aggregate(attribute=NOx(GT), function=min, window=4) };8.87932e-01;1.00000e+00;1.00000e+00;Pipeline { map_aggregate(attribute=PT08.S5(O3), function=avg, window=3) | map_aggregate(attribute=NOx(GT), function=min, window=4) }
datasets/airQuality_parallel.csv;nsga2;2;46;4600;4600;2.11365e+02;100;1;1;1.00000e+00;1.00000e+00;8.50000e-01;8.90563e-01;1.00000e+00;1.00000e+00;Pipeline { map_aggregate(attribute=PT08.S5(O3), function=avg, window=10) | map_aggregate(attribute=NOx(GT), function=min, window=3) };8.87498e-01;1.00000e+00;1.00000e+00;Pipeline { map_aggregate(attribute=PT08.S2(NMHC), function=avg, window=7) | map_aggregate(attribute=NOx(GT), function=min, window=4) };8.87498e-01;1.00000e+00;1.00000e+00;Pipeline { map_aggregate(attribute=PT08.S2(NMHC), function=avg, window=7) | map_aggregate(attribute=NOx(GT), function=min, window=4) };8.88887e-01;1.00000e+00;1.00000e+00;Pipeline { map_aggregate(attribute=C6H6(GT), function=avg, window=8) | map_aggregate(attribute=NOx(GT), function=min, window=4) };8.87969e-01;1.00000e+00;1.00000e+00;Pipeline { map_aggregate(attribute=PT08.S4(NO2), function=avg, window=4) | map_aggregate(attribute=NOx(GT), function=min, window=3) };8.87969e-01;1.00000e+00;1.00000e+00;Pipeline { map_aggregate(attribute=PT08.S4(NO2), function=avg, window=4) | map_aggregate(attribute=NOx(GT), function=min, window=3) }
datasets/airQuality_parallel.csv;nsga2;2;47;4700;4700;2.15621e+02;100;1;1;1.00000e+00;1.00000e+00;8.50000e-01;8.90563e-01;1.00000e+00;1.00000e+00;Pipeline { map_aggregate(attribute=PT08.S5(O3), function=avg, window=10) | map_aggregate(attribute=NOx(GT), function=min, window=3) };8.87498e-01;1.00000e+00;1.00000e+00;Pipeline { map_aggregate(attribute=PT08.S2(NMHC), function=avg, window=7) | map_aggregate(attribute=NOx(GT), function=min, window=4) };8.87498e-01;1.00000e+00;1.00000e+00;Pipeline { map_aggregate(attribute=PT08.S2(NMHC), function=avg, window=7) | map_aggregate(attribute=NOx(GT), function=min, window=4) };8.88887e-01;1.00000e+00;1.00000e+00;Pipeline { map_aggregate(attribute=C6H6(GT), function=avg, window=8) | map_aggregate(attribute=NOx(GT), function=min, window=4) };8.87969e-01;1.00000e+00;1.00000e+00;Pipeline { map_aggregate(attribute=PT08.S4(NO2), function=avg, window=4) | map_aggregate(attribute=NOx(GT), function=min, window=3) };8.87969e-01;1.00000e+00;1.00000e+00;Pipeline { map_aggregate(attribute=PT08.S4(NO2), function=avg, window=4) | map_aggregate(attribute=NOx(GT), function=min, window=3) }
datasets/airQuality_parallel.csv;nsga2;2;48;4800;4800;2.20574e+02;100;1;1;1.00000e+00;1.00000e+00;8.50000e-01;8.90563e-01;1.00000e+00;1.00000e+00;Pipeline { map_aggregate(attribute=PT08.S5(O3), function=avg, window=10) | map_aggregate(attribute=NOx(GT), function=min, window=3) };8.87535e-01;1.00000e+00;1.00000e+00;Pipeline { map_aggregate(attribute=PT08.S4(NO2), function=avg, window=8) | map_aggregate(attribute=NOx(GT), function=min, window=4) };8.87535e-01;1.00000e+00;1.00000e+00;Pipeline { map_aggregate(attribute=PT08.S4(NO2), function=avg, window=8) | map_aggregate(attribute=NOx(GT), function=min, window=4) };8.88887e-01;1.00000e+00;1.00000e+00;Pipeline { map_aggregate(attribute=C6H6(GT), function=avg, window=8) | map_aggregate(attribute=NOx(GT), function=min, window=4) };8.87969e-01;1.00000e+00;1.00000e+00;Pipeline { map_aggregate(attribute=PT08.S4(NO2), function=avg, window=4) | map_aggregate(attribute=NOx(GT), function=min, window=3) };8.87969e-01;1.00000e+00;1.00000e+00;Pipeline { map_aggregate(attribute=PT08.S4(NO2), function=avg, window=4) | map_aggregate(attribute=NOx(GT), function=min, window=3) }
datasets/airQuality_parallel.csv;nsga2;2;49;4900;4900;2.25490e+02;100;1;1;1.00000e+00;1.00000e+00;8.50000e-01;8.90563e-01;1.00000e+00;1.00000e+00;Pipeline { map_aggregate(attribute=PT08.S5(O3), function=avg, window=10) | map_aggregate(attribute=NOx(GT), function=min, window=3) };8.87565e-01;1.00000e+00;1.00000e+00;Pipeline { map_aggregate(attribute=PT08.S4(NO2), function=avg, window=9) | map_aggregate(attribute=NOx(GT), function=min, window=4) };8.87565e-01;1.00000e+00;1.00000e+00;Pipeline { map_aggregate(attribute=PT08.S4(NO2), function=avg, window=9) | map_aggregate(attribute=NOx(GT), function=min, window=4) };8.88887e-01;1.00000e+00;1.00000e+00;Pipeline { map_aggregate(attribute=C6H6(GT), function=avg, window=8) | map_aggregate(attribute=NOx(GT), function=min, window=4) };8.87969e-01;1.00000e+00;1.00000e+00;Pipeline { map_aggregate(attribute=PT08.S4(NO2), function=avg, window=4) | map_aggregate(attribute=NOx(GT), function=min, window=3) };8.87969e-01;1.00000e+00;1.00000e+00;Pipeline { map_aggregate(attribute=PT08.S4(NO2), function=avg, window=4) | map_aggregate(attribute=NOx(GT), function=min, window=3) }
datasets/airQuality_parallel.csv;nsga2;2;50;5000;5000;2.29986e+02;100;1;1;1.00000e+00;1.00000e+00;8.50000e-01;8.90563e-01;1.00000e+00;1.00000e+00;Pipeline { map_aggregate(attribute=PT08.S5(O3), function=avg, window=10) | map_aggregate(attribute=NOx(GT), function=min, window=3) };8.87570e-01;1.00000e+00;1.00000e+00;Pipeline { map_aggregate(attribute=RH, function=avg, window=4) | map_aggregate(attribute=NOx(GT), function=min, window=4) };8.87570e-01;1.00000e+00;1.00000e+00;Pipeline { map_aggregate(attribute=RH, function=avg, window=4) | map_aggregate(attribute=NOx(GT), function=min, window=4) };8.88915e-01;1.00000e+00;1.00000e+00;Pipeline { map_aggregate(attribute=C6H6(GT), function=avg, window=5) | map_aggregate(attribute=NOx(GT), function=min, window=5) };8.87999e-01;1.00000e+00;1.00000e+00;Pipeline { map_aggregate(attribute=PT08.S3(NOx), function=avg, window=8) | map_aggregate(attribute=NOx(GT), function=min, window=4) };8.87999e-01;1.00000e+00;1.00000e+00;Pipeline { map_aggregate(attribute=PT08.S3(NOx), function=avg, window=8) | map_aggregate(attribute=NOx(GT), function=min, window=4) }
datasets/airQuality_parallel.csv;nsga2;3;1;100;100;5.23200e+00;100;1;58;9.90000e-01;9.90000e-01;4.00000e-01;8.82315e-01;1.00000e+00;1.00000e+00;Pipeline { map_aggregate(attribute=NOx(GT), function=min, window=5) };7.11376e-01;1.00000e+00;9.22879e-01;Pipeline { filter(NOx(GT) > 4.0000) };8.41904e-01;1.00000e+00;1.00000e+00;Pipeline { map_aggregate(attribute=PT08.S1(CO), function=min, window=10) };6.43984e-01;9.36567e-01;8.89591e-01;Pipeline { filter(PT08.S2(NMHC) > 0.0000) | filter(CO(GT) < 608000000.0000) | filter(PT08.S5(O3) > 0.0682) | filter(NO2(GT) < 89500000.0000) };3.21602e-01;9.19105e-01;3.15380e-01;Pipeline { map_noise(attribute=PT08.S1(CO), percentage=0.25) | map_duplicate(probability=0.20) | map_aggregate(attribute=AH, function=max, window=8) | map_noise(attribute=PT08.S5(O3), percentage=0.10) | filter(NOx(GT) > 0.0049) | map_noise(attribute=PT08.S3(NOx), percentage=0.10) | map_duplicate(probability=0.90) | map_duplicate(probability=0.40) };5.81791e-01;9.43590e-01;8.30117e-01;Pipeline { map_duplicate(probability=0.50) | map_aggregate(attribute=AH, function=avg, window=9) | map_noise(attribute=PT08.S2(NMHC), percentage=0.01) }
datasets/airQuality_parallel.csv;nsga2;3;2;200;200;9.80100e+00;100;1;5;9.90000e-01;9.90000e-01;9.00000e-01;8.82315e-01;1.00000e+00;1.00000e+00;Pipeline { map_aggregate(attribute=NOx(GT), function=min, window=5) };7.11376e-01;1.00000e+00;9.22879e-01;Pipeline { filter(NOx(GT) > 4.0000) };8.37968e-01;1.00000e+00;1.00000e+00;Pipeline { map_aggregate(attribute=PT08.S2(NMHC), function=min, window=10) };8.68219e-01;1.00000e+00;1.00000e+00;Pipeline { map_aggregate(attribute=NMHC(GT), function=max, window=7) };8.69073e-01;1.00000e+00;1.00000e+00;Pipeline { map_aggregate(attribute=NMHC(GT), function=avg, window=7) };8.69634e-01;1.00000e+00;1.00000e+00;Pipeline { map_aggregate(attribute=NMHC(GT), function=min, window=6) }
datasets/airQuality_parallel.csv;nsga2;3;3;300;300;1.42680e+01;100;1;1;1.00000e+00;1.00000e+00;9.60000e-01;8.84183e-01;1.00000e+00;1.00000e+00;Pipeline { map_aggregate(attribute=NOx(GT), function=min, window=3) };8.44653e-01;1.00000e+00;1.00000e+00;Pipeline { map_aggregate(attribute=PT08.S3(NOx), function=max, window=8) };8.44653e-01;1.00000e+00;1.00000e+00;Pipeline { map_aggregate(attribute=PT08.S3(NOx), function=max, window=8) };8.73868e-01;1.00000e+00;1.00000e+00;Pipeline { map_aggregate(attribute=AH, function=min, window=9) };8.68027e-01;1.00000e+00;1.00000e+00;Pipeline { map_noise(attribute=NMHC(GT), percentage=0.05) };8.68027e-01;1.00000e+00;1.00000e+00;Pipeline { map_noise(attribute=NMHC(GT), percentage=0.05) }
datasets/airQuality_parallel.csv;nsga2;3;4;400;400;1.87790e+01;100;1;1;1.00000e+00;1.00000e+00;9.10000e-01;8.84183e-01;1.00000e+00;1.00000e+00;Pipeline { map_aggregate(attribute=NOx(GT), function=min, window=3) };8.69852e-01;1.00000e+00;1.00000e+00;Pipeline { map_noise(attribute=PT08.S3(NOx), percentage=0.25) };8.69852e-01;1.00000e+00;1.00000e+00;Pipeline { map_noise(attribute=PT08.S3(NOx), percentage=0.25) };8.79241e-01;1.00000e+00;1.00000e+00;Pipeline { map_noise(attribute=RH, percentage=0.10) | map_aggregate(attribute=NOx(GT), function=avg, window=4) };8.71253e-01;1.00000e+00;1.00000e+00;Pipeline { map_noise(attribute=RH, percentage=0.25) };8.71253e-01;1.00000e+00;1.00000e+00;Pipeline { map_noise(attribute=RH, percentage=0.25) }
datasets/airQuality_parallel.csv;nsga2;3;5;500;500;2.33900e+01;100;1;1;1.00000e+00;1.00000e+00;9.50000e-01;8.84183e-01;1.00000e+00;1.00000e+00;Pipeline { map_aggregate(attribute=NOx(GT), function=min, window=3) };8.72027e-01;1.00000e+00;1.00000e+00;Pipeline { map_aggregate(attribute=RH, function=max, window=5) | map_noise(attribute=NMHC(GT), percentage=0.05) };8.72027e-01;1.00000e+00;1.00000e+00;Pipeline { map_aggregate(attribute=RH, function=max, window=5) | map_noise(attribute=NMHC(GT), percentage=0.05) };8.79833e-01;1.00000e+00;1.00000e+00;Pipeline { map_aggregate(attribute=PT08.S1(CO), function=avg, window=3) };8.74477e-01;1.00000e+00;1.00000e+00;Pipeline { map_aggregate(attribute=RH, function=min, window=3) | map_noise(attribute=AH, percentage=0.01) };8.74477e-01;1.00000e+00;1.00000e+00;Pipeline { map_aggregate(attribute=RH, function=min, window=3) | map_noise(attribute=AH, percentage=0.01) }
datasets/airQuality_parallel.csv;nsga2;3;6;600;600;2.77900e+01;100;1;1;1.00000e+00;1.00000e+00;9.50000e-01;8.84183e-01;1.00000e+00;1.00000e+00;Pipeline { map_aggregate(attribute=NOx(GT), function=min, window=3) };8.72673e-01;1.00000e+00;1.00000e+00;Pipeline { map_aggregate(attribute=RH, function=max, window=5) | map_noise(attribute=NMHC(GT), percentage=0.25) };8.72673e-01;1.00000e+00;1.00000e+00;Pipeline { map_aggregate(attribute=RH, function=max, window=5) | map_noise(attribute=NMHC(GT), percentage=0.25) };8.80009e-01;1.00000e+00;1.00000e+00;Pipeline { map_aggregate(attribute=PT08.S1(CO), function=avg, window=8) };8.75940e-01;1.00000e+00;1.00000e+00;Pipeline { map_aggregate(attribute=RH, function=avg, window=5) };8.75940e-01;1.00000e+00;1.00000e+00;Pipeline { map_aggregate(attribute=RH, function=avg, window=5) }
datasets/airQuality_parallel.csv;nsga2;3;7;700;700;3.23660e+01;100;1;1;1.00000e+00;1.00000e+00;9.40000e-01;8.84183e-01;1.00000e+00;1.00000e+00;Pipeline { map_aggregate(attribute=NOx(GT), function=min, window=3) };8.75940e-01;1.00000e+00;1.00000e+00;Pipeline { map_aggregate(attribute=RH, function=avg, window=5) };8.75940e-01;1.00000e+00;1.00000e+00;Pipeline { map_aggregate(attribute=RH, function=avg, window=5) };8.80572e-01;2.80543e-01;7.03269e-01;Pipeline { map_aggregate(attribute=CO(GT), function=avg, window=3) };8.79161e-01;1.00000e+00;1.00000e+00;Pipeline { map_aggregate(attribute=PT08.S1(CO), function=avg, window=10) };8.79161e-01;1.00000e+00;1.00000e+00;Pipeline { map_aggregate(attribute=PT08.S1(CO), function=avg, window=10) }
datasets/airQuality_parallel.csv;nsga2;3;8;800;800;3.70720e+01;100;3;1;1.00000e+00;1.00000e+00;9.10000e-01;8.84283e-01;5.75972e-01;9.33242e-01;Pipeline { map_aggregate(attribute=NOx(GT), function=avg, window=10) | map_aggregate(attribute=NO2(GT), function=avg, window=4) };8.78422e-01;1.00000e+00;1.00000e+00;Pipeline { map_aggregate(attribute=PT08.S2(NMHC), function=avg, window=7) };8.78422e-01;1.00000e+00;1.00000e+00;Pipeline { map_aggregate(attribute=PT08.S2(NMHC), function=avg, window=7) };8.81046e-01;1.00000e+00;1.00000e+00;Pipeline { map_aggregate(attribute=NOx(GT), function=avg, window=7) };8.79472e-01;1.00000e+00;1.00000e+00;Pipeline { map_aggregate(attribute=NOx(GT), function=avg, window=5) };8.79472e-01;1.00000e+00;1.00000e+00;Pipeline { map_aggregate(attribute=NOx(GT), function=avg, window=5) }
datasets/airQuality_parallel.csv;nsga2;3;9;900;900;4.16100e+01;100;1;1;1.00000e+00;1.00000e+00;8.70000e-01;8.88013e-01;1.00000e+00;1.00000e+00;Pipeline { map_aggregate(attribute=RH, function=avg, window=5) | map_aggregate(attribute=NOx(GT), function=min, window=3) };8.79251e-01;1.00000e+00;1.00000e+00;Pipeline { map_aggregate(attribute=NOx(GT), function=avg, window=9) | map_noise(attribute=C6H6(GT), percentage=0.10) };8.79251e-01;1.00000e+00;1.00000e+00;Pipeline { map_aggregate(attribute=NOx(GT), function=avg, window=9) | map_noise(attribute=C6H6(GT), percentage=0.10) };8.81559e-01;1.00000e+00;1.00000e+00;Pipeline { map_aggregate(attribute=NOx(GT), function=avg, window=10) | map_aggregate(attribute=PT08.S3(NOx), function=avg, window=4) };8.79853e-01;1.00000e+00;1.00000e+00;Pipeline { map_aggregate(attribute=PT08.S5(O3), function=avg, window=9) };8.79853e-01;1.00000e+00;1.00000e+00;Pipeline { map_aggregate(attribute=PT08.S5(O3), function=avg, window=9) }
datasets/airQuality_parallel.csv;nsga2;3;10;1000;1000;4.60590e+01;100;1;1;1.00000e+00;1.00000e+00;8.70000e-01;8.88013e-01;1.00000e+00;1.00000e+00;Pipeline { map_aggregate(attribute=RH, function=avg, window=5) | map_aggregate(attribute=NOx(GT), function=min, window=3) };8.79662e-01;1.00000e+00;1.00000e+00;Pipeline { map_aggregate(attribute=NOx(GT), function=avg, window=4) | map_noise(attribute=PT08.S1(CO), percentage=0.05) };8.79662e-01;1.00000e+00;1.00000e+00;Pipeline { map_aggregate(attribute=NOx(GT), function=avg, window=4) | map_noise(attribute=PT08.S1(CO), percentage=0.05) };8.81999e-01;1.00000e+00;1.00000e+00;Pipeline { map_aggregate(attribute=NOx(GT), function=avg, window=7) | map_noise(attribute=PT08.S1(CO), percentage=0.10) };8.80017e-01;1.00000e+00;1.00000e+00;Pipeline { map_aggregate(attribute=NOx(GT), function=avg, window=5) | map_noise(attribute=PT08.S1(CO), percentage=0.05) };8.80017e-01;1.00000e+00;1.00000e+00;Pipeline { map_aggregate(attribute=NOx(GT), function=avg, window=5) | map_noise(attribute=PT08.S1(CO), percentage=0.05) }
datasets/airQuality_parallel.csv;nsga2;3;11;1100;1100;5.07590e+01;100;1;3;1.00000e+00;1.00000e+00;9.00000e-01;8.88013e-01;1.00000e+00;1.00000e+00;Pipeline { map_aggregate(attribute=RH, function=avg, window=5) | map_aggregate(attribute=NOx(GT), function=min, window=3) };8.79989e-01;1.00000e+00;1.00000e+00;Pipeline { map_aggregate(attribute=PT08.S1(CO), function=avg, window=5) | map_noise(attribute=PT08.S5(O3), percentage=0.01) };8.79989e-01;1.00000e+00;1.00000e+00;Pipeline { map_aggregate(attribute=PT08.S1(CO), function=avg, window=5) | map_noise(attribute=PT08.S5(O3), percentage=0.01) };8.82313e-01;1.00000e+00;1.00000e+00;Pipeline { map_aggregate(attribute=NOx(GT), function=avg, window=7) | map_noise(attribute=C6H6(GT), percentage=0.25) };8.80423e-01;1.00000e+00;1.00000e+00;Pipeline { map_aggregate(attribute=PT08.S5(O3), function=avg, window=6) };8.80423e-01;1.00000e+00;1.00000e+00;Pipeline { map_aggregate(attribute=PT08.S5(O3), function=avg, window=6) }
datasets/airQuality_parallel.csv;nsga2;3;12;1200;1200;5.50100e+01;100;1;1;1.00000e+00;1.00000e+00;9.50000e-01;8.88013e-01;1.00000e+00;1.00000e+00;Pipeline { map_aggregate(attribute=RH, function=avg, window=5) | map_aggregate(attribute=NOx(GT), function=min, window=3) };8.80534e-01;1.00000e+00;1.00000e+00;Pipeline { map_noise(attribute=AH, percentage=0.10) | map_aggregate(attribute=NOx(GT), function=min, window=9) };8.80534e-01;1.00000e+00;1.00000e+00;Pipeline { map_noise(attribute=AH, percentage=0.10) | map_aggregate(attribute=NOx(GT), function=min, window=9) };8.83670e-01;1.00000e+00;1.00000e+00;Pipeline { map_noise(attribute=NOx(GT), percentage=0.01) | map_aggregate(attribute=NOx(GT), function=min, window=3) };8.81142e-01;1.00000e+00;1.00000e+00;Pipeline { map_aggregate(attribute=RH, function=avg, window=9) | map_aggregate(attribute=NOx(GT), function=min, window=9) };8.81142e-01;1.00000e+00;1.00000e+00;Pipeline { map_aggregate(attribute=RH, function=avg, window=9) | map_aggregate(attribute=NOx(GT), function=min, window=9) }
datasets/airQuality_parallel.csv;nsga2;3;13;1300;1300;5.97280e+01;100;1;1;1.00000e+00;1.00000e+00;9.60000e-01;8.88013e-01;1.00000e+00;1.00000e+00;Pipeline { map_aggregate(attribute=RH, function=avg, window=5) | map_aggregate(attribute=NOx(GT), function=min, window=3) };8.81289e-01;1.00000e+00;1.00000e+00;Pipeline { map_aggregate(attribute=NOx(GT), function=avg, window=7) | map_noise(attribute=NOx(GT), percentage=0.25) };8.81289e-01;1.00000e+00;1.00000e+00;Pipeline { map_aggregate(attribute=NOx(GT), function=avg, window=7) | map_noise(attribute=NOx(GT), percentage=0.25) };8.84808e-01;1.00000e+00;1.00000e+00;Pipeline { map_aggregate(attribute=RH, function=avg, window=5) | map_aggregate(attribute=NOx(GT), function=avg, window=3) };8.81955e-01;1.00000e+00;1.00000e+00;Pipeline { map_aggregate(attribute=PT08.S4(NO2), function=avg, window=7) };8.81955e-01;1.00000e+00;1.00000e+00;Pipeline { map_aggregate(attribute=PT08.S4(NO2), function=avg, window=7) }
datasets/airQuality_parallel.csv;nsga2;3;14;1400;1400;6.40220e+01;100;1;1;1.00000e+00;1.00000e+00;9.30000e-01;8.89719e-01;1.00000e+00;1.00000e+00;Pipeline { map_aggregate(attribute=PT08.S4(NO2), function=avg, window=7) | map_aggregate(attribute=NOx(GT), function=min, window=3) };8.81819e-01;1.00000e+00;1.00000e+00;Pipeline { map_aggregate(attribute=NOx(GT), function=avg, window=7) | map_noise(attribute=AH, percentage=0.25) };8.81819e-01;1.00000e+00;1.00000e+00;Pipeline { map_aggregate(attribute=NOx(GT), function=avg, window=7) | map_noise(attribute=AH, percentage=0.25) };8.85134e-01;1.00000e+00;1.00000e+00;Pipeline { map_aggregate(attribute=AH, function=min, window=9) | map_aggregate(attribute=NOx(GT), function=min, window=3) };8.82477e-01;1.00000e+00;1.00000e+00;Pipeline { map_noise(attribute=NOx(GT), percentage=0.10) | map_aggregate(attribute=PT08.S4(NO2), function=avg, window=10) };8.82477e-01;1.00000e+00;1.00000e+00;Pipeline { map_noise(attribute=NOx(GT), percentage=0.10) | map_aggregate(attribute=PT08.S4(NO2), function=avg, window=10) }
datasets/airQuality_parallel.csv;nsga2;3;15;1500;1500;6.82040e+01;100;1;2;1.00000e+00;1.00000e+00;9.20000e-01;8.89719e-01;1.00000e+00;1.00000e+00;Pipeline { map_aggregate(attribute=PT08.S4(NO2), function=avg, window=7) | map_aggregate(attribute=NOx(GT), function=min, window=3) };8.82399e-01;1.00000e+00;1.00000e+00;Pipeline { map_aggregate(attribute=RH, function=avg, window=7) | map_aggregate(attribute=NOx(GT), function=min, window=8) };8.82399e-01;1.00000e+00;1.00000e+00;Pipeline { map_aggregate(attribute=RH, function=avg, window=7) | map_aggregate(attribute=NOx(GT), function=min, window=8) };8.85725e-01;5.20354e-01;9.54126e-01;Pipeline { map_aggregate(attribute=NO2(GT), function=avg, window=5) | map_aggregate(attribute=NOx(GT), function=avg, window=6) };8.84014e-01;1.00000e+00;1.00000e+00;Pipeline { map_noise(attribute=RH, percentage=0.01) | map_aggregate(attribute=NOx(GT), function=min, window=3) };8.84014e-01;1.00000e+00;1.00000e+00;Pipeline { map_noise(attribute=RH, percentage=0.01) | map_aggregate(attribute=NOx(GT), function=min, window=3) }
datasets/airQuality_parallel.csv;nsga2;3;16;1600;1600;7.23750e+01;100;1;1;1.00000e+00;1.00000e+00;9.60000e-01;8.89719e-01;1.00000e+00;1.00000e+00;Pipeline { map_aggregate(attribute=PT08.S4(NO2), function=avg, window=7) | map_aggregate(attribute=NOx(GT), function=min, window=3) };8.83266e-01;1.00000e+00;1.00000e+00;Pipeline { map_aggregate(attribute=AH, function=max, window=5) | map_aggregate(attribute=NOx(GT), function=min, window=3) };8.83266e-01;1.00000e+00;1.00000e+00;Pipeline { map_aggregate(attribute=AH, function=max, window=5) | map_aggregate(attribute=NOx(GT), function=min, window=3) };8.86427e-01;1.00000e+00;1.00000e+00;Pipeline { map_noise(attribute=PT08.S4(NO2), percentage=0.10) | map_aggregate(attribute=NOx(GT), function=min, window=3) };8.84640e-01;1.00000e+00;1.00000e+00;Pipeline { map_aggregate(attribute=C6H6(GT), function=avg, window=7) | map_aggregate(attribute=NOx(GT), function=min, window=9) };8.84640e-01;1.00000e+00;1.00000e+00;Pipeline { map_aggregate(attribute=C6H6(GT), function=avg, window=7) | map_aggregate(attribute=NOx(GT), function=min, window=9) }
datasets/airQuality_parallel.csv;nsga2;3;17;1700;1700;7.71100e+01;100;1;2;1.00000e+00;1.00000e+00;9.50000e-01;8.89719e-01;1.00000e+00;1.00000e+00;Pipeline { map_aggregate(attribute=PT08.S4(NO2), function=avg, window=7) | map_aggregate(attribute=NOx(GT), function=min, window=3) };8.84227e-01;1.00000e+00;1.00000e+00;Pipeline { map_aggregate(attribute=RH, function=max, window=6) | map_aggregate(attribute=NOx(GT), function=min, window=3) };8.84227e-01;1.00000e+00;1.00000e+00;Pipeline { map_aggregate(attribute=RH, function=max, window=6) | map_aggregate(attribute=NOx(GT), function=min, window=3) };8.86722e-01;1.00000e+00;1.00000e+00;Pipeline { map_aggregate(attribute=C6H6(GT), function=avg, window=6) | map_aggregate(attribute=NOx(GT), function=min, window=3) };8.85138e-01;1.00000e+00;1.00000e+00;Pipeline { map_aggregate(attribute=RH, function=avg, window=5) | map_aggregate(attribute=NOx(GT), function=avg, window=7) };8.85138e-01;1.00000e+00;1.00000e+00;Pipeline { map_aggregate(attribute=RH, function=avg, window=5) | map_aggregate(attribute=NOx(GT), function=avg, window=7) }
datasets/airQuality_parallel.csv;nsga2;3;18;1800;1800;8.15710e+01;100;1;1;1.00000e+00;1.00000e+00;9.30000e-01;8.89719e-01;1.00000e+00;1.00000e+00;Pipeline { map_aggregate(attribute=PT08.S4(NO2), function=avg, window=7) | map_aggregate(attribute=NOx(GT), function=min, window=3) };8.84366e-01;1.00000e+00;1.00000e+00;Pipeline { map_noise(attribute=AH, percentage=0.05) | map_aggregate(attribute=NOx(GT), function=min, window=3) };8.84366e-01;1.00000e+00;1.00000e+00;Pipeline { map_noise(attribute=AH, percentage=0.05) | map_aggregate(attribute=NOx(GT), function=min, window=3) };8.87075e-01;1.00000e+00;1.00000e+00;Pipeline { map_aggregate(attribute=C6H6(GT), function=avg, window=7) | map_aggregate(attribute=NOx(GT), function=min, window=3) };8.85193e-01;1.00000e+00;1.00000e+00;Pipeline { map_aggregate(attribute=T, function=avg, window=5) | map_aggregate(attribute=NOx(GT), function=min, window=3) };8.85193e-01;1.00000e+00;1.00000e+00;Pipeline { map_aggregate(attribute=T, function=avg, window=5) | map_aggregate(attribute=NOx(GT), function=min, window=3) }
datasets/airQuality_parallel.csv;nsga2;3;19;1900;1900;8.64260e+01;100;1;2;1.00000e+00;1.00000e+00;9.20000e-01;8.89719e-01;1.00000e+00;1.00000e+00;Pipeline { map_aggregate(attribute=PT08.S4(NO2), function=avg, window=7) | map_aggregate(attribute=NOx(GT), function=min, window=3) };8.84868e-01;1.00000e+00;1.00000e+00;Pipeline { map_aggregate(attribute=T, function=max, window=9) | map_aggregate(attribute=NOx(GT), function=min, window=3) };8.84868e-01;1.00000e+00;1.00000e+00;Pipeline { map_aggregate(attribute=T, function=max, window=9) | map_aggregate(attribute=NOx(GT), function=min, window=3) };8.87367e-01;1.00000e+00;1.00000e+00;Pipeline { map_aggregate(attribute=RH, function=avg, window=6) | map_aggregate(attribute=NOx(GT), function=min, window=3) };8.85841e-01;1.00000e+00;1.00000e+00;Pipeline { map_aggregate(attribute=C6H6(GT), function=avg, window=9) | map_aggregate(attribute=NOx(GT), function=min, window=9) };8.85841e-01;1.00000e+00;1.00000e+00;Pipeline { map_aggregate(attribute=C6H6(GT), function=avg, window=9) | map_aggregate(attribute=NOx(GT), function=min, window=9) }
datasets/airQuality_parallel.csv;nsga2;3;20;2000;2000;9.10990e+01;100;1;2;1.00000e+00;1.00000e+00;9.20000e-01;8.89719e-01;1.00000e+00;1.00000e+00;Pipeline { map_aggregate(attribute=PT08.S4(NO2), function=avg, window=7) | map_aggregate(attribute=NOx(GT), function=min, window=3) };8.85134e-01;1.00000e+00;1.00000e+00;Pipeline { map_aggregate(attribute=AH, function=min, window=9) | map_aggregate(attribute=NOx(GT), function=min, window=3) };8.85134e-01;1.00000e+00;1.00000e+00;Pipeline { map_aggregate(attribute=AH, function=min, window=9) | map_aggregate(attribute=NOx(GT), function=min, window=3) };8.87636e-01;1.00000e+00;1.00000e+00;Pipeline { map_aggregate(attribute=PT08.S2(NMHC), function=avg, window=10) | map_aggregate(attribute=NOx(GT), function=min, window=3) };8.86456e-01;1.00000e+00;1.00000e+00;Pipeline { map_aggregate(attribute=T, function=min, window=9) | map_aggregate(attribute=NOx(GT), function=min, window=3) };8.86456e-01;1.00000e+00;1.00000e+00;Pipeline { map_aggregate(attribute=T, function=min, window=9) | map_aggregate(attribute=NOx(GT), function=min, window=3) }
datasets/airQuality_parallel.csv;nsga2;3;21;2100;2100;9.53540e+01;100;1;1;1.00000e+00;1.00000e+00;9.30000e-01;8.89719e-01;1.00000e+00;1.00000e+00;Pipeline { map_aggregate(attribute=PT08.S4(NO2), function=avg, window=7) | map_aggregate(attribute=NOx(GT), function=min, window=3) };8.85232e-01;1.00000e+00;1.00000e+00;Pipeline { map_aggregate(attribute=AH, function=min, window=7) | map_aggregate(attribute=NOx(GT), function=min, window=3) };8.85232e-01;1.00000e+00;1.00000e+00;Pipeline { map_aggregate(attribute=AH, function=min, window=7) | map_aggregate(attribute=NOx(GT), function=min, window=3) };8.87786e-01;1.00000e+00;1.00000e+00;Pipeline { map_aggregate(attribute=PT08.S3(NOx), function=avg, window=8) | map_aggregate(attribute=NOx(GT), function=min, window=3) };8.86595e-01;1.00000e+00;1.00000e+00;Pipeline { map_aggregate(attribute=RH, function=avg, window=9) | map_aggregate(attribute=NOx(GT), function=min, window=3) };8.86595e-01;1.00000e+00;1.00000e+00;Pipeline { map_aggregate(attribute=RH, function=avg, window=9) | map_aggregate(attribute=NOx(GT), function=min, window=3) }
datasets/airQuality_parallel.csv;nsga2;3;22;2200;2200;1.00523e+02;100;1;2;1.00000e+00;1.00000e+00;9.30000e-01;8.89719e-01;1.00000e+00;1.00000e+00;Pipeline { map_aggregate(attribute=PT08.S4(NO2), function=avg, window=7) | map_aggregate(attribute=NOx(GT), function=min, window=3) };8.85726e-01;1.00000e+00;1.00000e+00;Pipeline { map_aggregate(attribute=C6H6(GT), function=avg, window=5) | map_aggregate(attribute=NOx(GT), function=min, window=8) };8.85726e-01;1.00000e+00;1.00000e+00;Pipeline { map_aggregate(attribute=C6H6(GT), function=avg, window=5) | map_aggregate(attribute=NOx(GT), function=min, window=8) };8.87969e-01;1.00000e+00;1.00000e+00;Pipeline { map_aggregate(attribute=PT08.S4(NO2), function=avg, window=4) | map_aggregate(attribute=NOx(GT), function=min, window=3) };8.86639e-01;1.00000e+00;1.00000e+00;Pipeline { map_aggregate(attribute=PT08.S1(CO), function=avg, window=5) | map_aggregate(attribute=NOx(GT), function=min, window=3) };8.86639e-01;1.00000e+00;1.00000e+00;Pipeline { map_aggregate(attribute=PT08.S1(CO), function=avg, window=5) | map_aggregate(attribute=NOx(GT), function=min, window=3) }
datasets/airQuality_parallel.csv;nsga2;3;23;2300;2300;1.05072e+02;100;1;1;1.00000e+00;1.00000e+00;9.10000e-01;8.89719e-01;1.00000e+00;1.00000e+00;Pipeline { map_aggregate(attribute=PT08.S4(NO2), function=avg, window=7) | map_aggregate(attribute=NOx(GT), function=min, window=3) };8.86157e-01;1.00000e+00;1.00000e+00;Pipeline { map_aggregate(attribute=PT08.S4(NO2), function=avg, window=3) | map_aggregate(attribute=NOx(GT), function=min, window=5) };8.86157e-01;1.00000e+00;1.00000e+00;Pipeline { map_aggregate(attribute=PT08.S4(NO2), function=avg, window=3) | map_aggregate(attribute=NOx(GT), function=min, window=5) };8.88168e-01;5.20354e-01;9.54126e-01;Pipeline { map_aggregate(attribute=NO2(GT), function=avg, window=5) | map_aggregate(attribute=NOx(GT), function=min, window=5) };8.86747e-01;1.00000e+00;1.00000e+00;Pipeline { map_aggregate(attribute=PT08.S1(CO), function=avg, window=9) | map_aggregate(attribute=NOx(GT), function=min, window=4) };8.86747e-01;1.00000e+00;1.00000e+00;Pipeline { map_aggregate(attribute=PT08.S1(CO), function=avg, window=9) | map_aggregate(attribute=NOx(GT), function=min, window=4) }
datasets/airQuality_parallel.csv;nsga2;3;24;2400;2400;1.10019e+02;100;1;2;1.00000e+00;1.00000e+00;9.00000e-01;8.89719e-01;1.00000e+00;1.00000e+00;Pipeline { map_aggregate(attribute=PT08.S4(NO2), function=avg, window=7) | map_aggregate(attribute=NOx(GT), function=min, window=3) };8.86456e-01;1.00000e+00;1.00000e+00;Pipeline { map_aggregate(attribute=T, function=min, window=9) | map_aggregate(attribute=NOx(GT), function=min, window=3) };8.86456e-01;1.00000e+00;1.00000e+00;Pipeline { map_aggregate(attribute=T, function=min, window=9) | map_aggregate(attribute=NOx(GT), function=min, window=3) };8.88168e-01;5.20354e-01;9.54126e-01;Pipeline { map_aggregate(attribute=NO2(GT), function=avg, window=5) | map_aggregate(attribute=NOx(GT), function=min, window=5) };8.86889e-01;1.00000e+00;1.00000e+00;Pipeline { map_aggregate(attribute=C6H6(GT), function=avg, window=9) | map_aggregate(attribute=NOx(GT), function=min, window=8) };8.86889e-01;1.00000e+00;1.00000e+00;Pipeline { map_aggregate(attribute=C6H6(GT), function=avg, window=9) | map_aggregate(attribute=NOx(GT), function=min, window=8) }
datasets/airQuality_parallel.csv;nsga2;3;25;2500;2500;1.14694e+02;100;1;1;1.00000e+00;1.00000e+00;8.70000e-01;8.89719e-01;1.00000e+00;1.00000e+00;Pipeline { map_aggregate(attribute=PT08.S4(NO2), function=avg, window=7) | map_aggregate(attribute=NOx(GT), function=min, window=3) };8.86590e-01;1.00000e+00;1.00000e+00;Pipeline { map_aggregate(attribute=PT08.S4(NO2), function=avg, window=10) | map_aggregate(attribute=NOx(GT), function=min, window=5) };8.86590e-01;1.00000e+00;1.00000e+00;Pipeline { map_aggregate(attribute=PT08.S4(NO2), function=avg, window=10) | map_aggregate(attribute=NOx(GT), function=min, window=5) };8.88328e-01;4.83126e-01;9.18060e-01;Pipeline { map_aggregate(attribute=NO2(GT), function=avg, window=9) | map_aggregate(attribute=NOx(GT), function=min, window=9) };8.87121e-01;1.00000e+00;1.00000e+00;Pipeline { map_aggregate(attribute=PT08.S3(NOx), function=avg, window=5) | map_aggregate(attribute=NOx(GT), function=min, window=3) };8.87121e-01;1.00000e+00;1.00000e+00;Pipeline { map_aggregate(attribute=PT08.S3(NOx), function=avg, window=5) | map_aggregate(attribute=NOx(GT), function=min, window=3) }
datasets/airQuality_parallel.csv;nsga2;3;26;2600;2600;1.19393e+02;100;1;2;1.00000e+00;1.00000e+00;8.80000e-01;8.89719e-01;1.00000e+00;1.00000e+00;Pipeline { map_aggregate(attribute=PT08.S4(NO2), function=avg, window=7) | map_aggregate(attribute=NOx(GT), function=min, window=3) };8.86611e-01;1.00000e+00;1.00000e+00;Pipeline { map_aggregate(attribute=PT08.S1(CO), function=avg, window=4) | map_aggregate(attribute=NOx(GT), function=min, window=4) };8.86611e-01;1.00000e+00;1.00000e+00;Pipeline { map_aggregate(attribute=PT08.S1(CO), function=avg, window=4) | map_aggregate(attribute=NOx(GT), function=min, window=4) };8.88328e-01;4.83126e-01;9.18060e-01;Pipeline { map_aggregate(attribute=NO2(GT), function=avg, window=9) | map_aggregate(attribute=NOx(GT), function=min, window=10) };8.87296e-01;1.00000e+00;1.00000e+00;Pipeline { map_aggregate(attribute=PT08.S3(NOx), function=avg, window=6) | map_aggregate(attribute=NOx(GT), function=min, window=3) };8.87296e-01;1.00000e+00;1.00000e+00;Pipeline { map_aggregate(attribute=PT08.S3(NOx), function=avg, window=6) | map_aggregate(attribute=NOx(GT), function=min, window=3) }
datasets/airQuality_parallel.csv;nsga2;3;27;2700;2700;1.23806e+02;100;1;1;1.00000e+00;1.00000e+00;8.80000e-01;8.89719e-01;1.00000e+00;1.00000e+00;Pipeline { map_aggregate(attribute=PT08.S4(NO2), function=avg, window=7) | map_aggregate(attribute=NOx(GT), function=min, window=3) };8.86777e-01;1.00000e+00;1.00000e+00;Pipeline { map_aggregate(attribute=PT08.S2(NMHC), function=avg, window=7) | map_aggregate(attribute=NOx(GT), function=min, window=5) };8.86777e-01;1.00000e+00;1.00000e+00;Pipeline { map_aggregate(attribute=PT08.S2(NMHC), function=avg, window=7) | map_aggregate(attribute=NOx(GT), function=min, window=5) };8.88437e-01;4.68085e-01;9.30443e-01;Pipeline { map_aggregate(attribute=NO2(GT), function=avg, window=7) | map_aggregate(attribute=NOx(GT), function=min, window=3) };8.87535e-01;1.00000e+00;1.00000e+00;Pipeline { map_aggregate(attribute=PT08.S4(NO2), function=avg, window=8) | map_aggregate(attribute=NOx(GT), function=min, window=4) };8.87535e-01;1.00000e+00;1.00000e+00;Pipeline { map_aggregate(attribute=PT08.S4(NO2), function=avg, window=8) | map_aggregate(attribute=NOx(GT), function=min, window=4) }
datasets/airQuality_parallel.csv;nsga2;3;28;2800;2800;1.28517e+02;100;1;1;1.00000e+00;1.00000e+00;8.80000e-01;8.89719e-01;1.00000e+00;1.00000e+00;Pipeline { map_aggregate(attribute=PT08.S4(NO2), function=avg, window=7) | map_aggregate(attribute=NOx(GT), function=min, window=3) };8.86888e-01;1.00000e+00;1.00000e+00;Pipeline { map_aggregate(attribute=PT08.S4(NO2), function=avg, window=3) | map_aggregate(attribute=NOx(GT), function=min, window=4) };8.86888e-01;1.00000e+00;1.00000e+00;Pipeline { map_aggregate(attribute=PT08.S4(NO2), function=avg, window=3) | map_aggregate(attribute=NOx(GT), function=min, window=4) };8.88554e-01;5.20354e-01;9.54126e-01;Pipeline { map_aggregate(attribute=NO2(GT), function=avg, window=5) | map_aggregate(attribute=NOx(GT), function=min, window=3) };8.87583e-01;1.00000e+00;1.00000e+00;Pipeline { map_aggregate(attribute=PT08.S3(NOx), function=avg, window=3) | map_aggregate(attribute=NOx(GT), function=min, window=4) };8.87583e-01;1.00000e+00;1.00000e+00;Pipeline { map_aggregate(attribute=PT08.S3(NOx), function=avg, window=3) | map_aggregate(attribute=NOx(GT), function=min, window=4) }
datasets/airQuality_parallel.csv;nsga2;3;29;2900;2900;1.32956e+02;100;1;1;1.00000e+00;1.00000e+00;8.70000e-01;8.89719e-01;1.00000e+00;1.00000e+00;Pipeline { map_aggregate(attribute=PT08.S4(NO2), function=avg, window=7) | map_aggregate(attribute=NOx(GT), function=min, window=3) };8.87050e-01;1.00000e+00;1.00000e+00;Pipeline { map_aggregate(attribute=RH, function=avg, window=7) | map_aggregate(attribute=NOx(GT), function=min, window=3) };8.87050e-01;1.00000e+00;1.00000e+00;Pipeline { map_aggregate(attribute=RH, function=avg, window=7) | map_aggregate(attribute=NOx(GT), function=min, window=3) };8.88631e-01;6.38298e-01;9.52227e-01;Pipeline { map_aggregate(attribute=NO2(GT), function=avg, window=3) | map_aggregate(attribute=NOx(GT), function=min, window=3) };8.87636e-01;1.00000e+00;1.00000e+00;Pipeline { map_aggregate(attribute=PT08.S2(NMHC), function=avg, window=10) | map_aggregate(attribute=NOx(GT), function=min, window=3) };8.87636e-01;1.00000e+00;1.00000e+00;Pipeline { map_aggregate(attribute=PT08.S2(NMHC), function=avg, window=10) | map_aggregate(attribute=NOx(GT), function=min, window=3) }
datasets/airQuality_parallel.csv;nsga2;3;30;3000;3000;1.37354e+02;100;1;1;1.00000e+00;1.00000e+00;8.70000e-01;8.90211e-01;1.00000e+00;1.00000e+00;Pipeline { map_aggregate(attribute=PT08.S5(O3), function=avg, window=9) | map_aggregate(attribute=NOx(GT), function=min, window=3) };8.87088e-01;1.00000e+00;1.00000e+00;Pipeline { map_aggregate(attribute=C6H6(GT), function=avg, window=10) | map_aggregate(attribute=NOx(GT), function=min, window=8) };8.87088e-01;1.00000e+00;1.00000e+00;Pipeline { map_aggregate(attribute=C6H6(GT), function=avg, window=10) | map_aggregate(attribute=NOx(GT), function=min, window=8) };8.88631e-01;4.83126e-01;9.18060e-01;Pipeline { map_aggregate(attribute=NO2(GT), function=avg, window=9) | map_aggregate(attribute=NOx(GT), function=min, window=6) };8.87693e-01;1.00000e+00;1.00000e+00;Pipeline { map_aggregate(attribute=RH, function=avg, window=5) | map_aggregate(attribute=NOx(GT), function=min, window=4) };8.87693e-01;1.00000e+00;1.00000e+00;Pipeline { map_aggregate(attribute=RH, function=avg, window=5) | map_aggregate(attribute=NOx(GT), function=min, window=4) }
datasets/airQuality_parallel.csv;nsga2;3;31;3100;3100;1.41660e+02;100;1;2;1.00000e+00;1.00000e+00;8.70000e-01;8.90211e-01;1.00000e+00;1.00000e+00;Pipeline { map_aggregate(attribute=PT08.S5(O3), function=avg, window=9) | map_aggregate(attribute=NOx(GT), function=min, window=3) };8.87121e-01;1.00000e+00;1.00000e+00;Pipeline { map_aggregate(attribute=PT08.S3(NOx), function=avg, window=5) | map_aggregate(attribute=NOx(GT), function=min, window=3) };8.87121e-01;1.00000e+00;1.00000e+00;Pipeline { map_aggregate(attribute=PT08.S3(NOx), function=avg, window=5) | map_aggregate(attribute=NOx(GT), function=min, window=3) };8.88631e-01;4.83126e-01;9.18060e-01;Pipeline { map_aggregate(attribute=NO2(GT), function=avg, window=9) | map_aggregate(attribute=NOx(GT), function=min, window=6) };8.87748e-01;1.00000e+00;1.00000e+00;Pipeline { map_aggregate(attribute=PT08.S5(O3), function=avg, window=4) | map_aggregate(attribute=NOx(GT), function=min, window=4) };8.87748e-01;1.00000e+00;1.00000e+00;Pipeline { map_aggregate(attribute=PT08.S5(O3), function=avg, window=4) | map_aggregate(attribute=NOx(GT), function=min, window=4) }
datasets/airQuality_parallel.csv;nsga2;3;32;3200;3200;1.46454e+02;100;1;1;1.00000e+00;1.00000e+00;8.60000e-01;8.90211e-01;1.00000e+00;1.00000e+00;Pipeline { map_aggregate(attribute=PT08.S5(O3), function=avg, window=9) | map_aggregate(attribute=NOx(GT), function=min, window=3) };8.87248e-01;1.00000e+00;1.00000e+00;Pipeline { map_aggregate(attribute=PT08.S3(NOx), function=avg, window=3) | map_aggregate(attribute=NOx(GT), function=min, window=3) };8.87248e-01;1.00000e+00;1.00000e+00;Pipeline { map_aggregate(attribute=PT08.S3(NOx), function=avg, window=3) | map_aggregate(attribute=NOx(GT), function=min, window=3) };8.88631e-01;4.82270e-01;9.23203e-01;Pipeline { map_aggregate(attribute=NO2(GT), function=avg, window=8) | map_aggregate(attribute=NOx(GT), function=min, window=4) };8.87748e-01;1.00000e+00;1.00000e+00;Pipeline { map_aggregate(attribute=PT08.S5(O3), function=avg, window=4) | map_aggregate(attribute=NOx(GT), function=min, window=4) };8.87748e-01;1.00000e+00;1.00000e+00;Pipeline { map_aggregate(attribute=PT08.S5(O3), function=avg, window=4) | map_aggregate(attribute=NOx(GT), function=min, window=4) }
datasets/airQuality_parallel.csv;nsga2;3;33;3300;3300;1.50911e+02;100;1;1;1.00000e+00;1.00000e+00;8.50000e-01;8.90211e-01;1.00000e+00;1.00000e+00;Pipeline { map_aggregate(attribute=PT08.S5(O3), function=avg, window=9) | map_aggregate(attribute=NOx(GT), function=min, window=3) };8.87336e-01;1.00000e+00;1.00000e+00;Pipeline { map_aggregate(attribute=PT08.S2(NMHC), function=avg, window=9) | map_aggregate(attribute=NOx(GT), function=min, window=3) };8.87336e-01;1.00000e+00;1.00000e+00;Pipeline { map_aggregate(attribute=PT08.S2(NMHC), function=avg, window=9) | map_aggregate(attribute=NOx(GT), function=min, window=3) };8.88631e-01;4.82270e-01;9.23203e-01;Pipeline { map_aggregate(attribute=NO2(GT), function=avg, window=8) | map_aggregate(attribute=NOx(GT), function=min, window=4) };8.87790e-01;1.00000e+00;1.00000e+00;Pipeline { map_aggregate(attribute=PT08.S3(NOx), function=avg, window=9) | map_aggregate(attribute=NOx(GT), function=min, window=4) };8.87790e-01;1.00000e+00;1.00000e+00;Pipeline { map_aggregate(attribute=PT08.S3(NOx), function=avg, window=9) | map_aggregate(attribute=NOx(GT), function=min, window=4) }
datasets/airQuality_parallel.csv;nsga2;3;34;3400;3400;1.55064e+02;100;2;1;1.00000e+00;1.00000e+00;8.50000e-01;8.90228e-01;4.50355e-01;9.23203e-01;Pipeline { map_aggregate(attribute=NO2(GT), function=avg, window=10) | map_aggregate(attribute=NOx(GT), function=min, window=6) };8.87377e-01;1.00000e+00;1.00000e+00;Pipeline { map_aggregate(attribute=PT08.S3(NOx), function=avg, window=10) | map_aggregate(attribute=NOx(GT), function=min, window=5) };8.87377e-01;1.00000e+00;1.00000e+00;Pipeline { map_aggregate(attribute=PT08.S3(NOx), function=avg, window=10) | map_aggregate(attribute=NOx(GT), function=min, window=5) };8.88749e-01;4.71631e-01;9.32372e-01;Pipeline { map_aggregate(attribute=NO2(GT), function=avg, window=6) | map_aggregate(attribute=NOx(GT), function=min, window=3) };8.87823e-01;1.00000e+00;1.00000e+00;Pipeline { map_aggregate(attribute=PT08.S2(NMHC), function=avg, window=3) | map_aggregate(attribute=NOx(GT), function=min, window=4) };8.87823e-01;1.00000e+00;1.00000e+00;Pipeline { map_aggregate(attribute=PT08.S2(NMHC), function=avg, window=3) | map_aggregate(attribute=NOx(GT), function=min, window=4) }
datasets/airQuality_parallel.csv;nsga2;3;35;3500;3500;1.59317e+02;100;2;1;1.00000e+00;1.00000e+00;8.40000e-01;8.90228e-01;4.50355e-01;9.23203e-01;Pipeline { map_aggregate(attribute=NO2(GT), function=avg, window=10) | map_aggregate(attribute=NOx(GT), function=min, window=6) };8.87450e-01;1.00000e+00;1.00000e+00;Pipeline { map_aggregate(attribute=PT08.S5(O3), function=avg, window=5) | map_aggregate(attribute=NOx(GT), function=min, window=4) };8.87450e-01;1.00000e+00;1.00000e+00;Pipeline { map_aggregate(attribute=PT08.S5(O3), function=avg, window=5) | map_aggregate(attribute=NOx(GT), function=min, window=4) };8.88767e-01;5.20354e-01;9.54126e-01;Pipeline { map_aggregate(attribute=NO2(GT), function=avg, window=5) | map_aggregate(attribute=NOx(GT), function=min, window=4) };8.87823e-01;1.00000e+00;1.00000e+00;Pipeline { map_aggregate(attribute=PT08.S2(NMHC), function=avg, window=3) | map_aggregate(attribute=NOx(GT), function=min, window=3) };8.87823e-01;1.00000e+00;1.00000e+00;Pipeline { map_aggregate(attribute=PT08.S2(NMHC), function=avg, window=3) | map_aggregate(attribute=NOx(GT), function=min, window=3) }
datasets/airQuality_parallel.csv;nsga2;3;36;3600;3600;1.64247e+02;100;2;1;1.00000e+00;1.00000e+00;8.40000e-01;8.90228e-01;4.50355e-01;9.23203e-01;Pipeline { map_aggregate(attribute=NO2(GT), function=avg, window=10) | map_aggregate(attribute=NOx(GT), function=min, window=6) };8.87450e-01;1.00000e+00;1.00000e+00;Pipeline { map_aggregate(attribute=PT08.S5(O3), function=avg, window=5) | map_aggregate(attribute=NOx(GT), function=min, window=4) };8.87450e-01;1.00000e+00;1.00000e+00;Pipeline { map_aggregate(attribute=PT08.S5(O3), function=avg, window=5) | map_aggregate(attribute=NOx(GT), function=min, window=4) };8.88767e-01;5.20354e-01;9.54126e-01;Pipeline { map_aggregate(attribute=NO2(GT), function=avg, window=5) | map_aggregate(attribute=NOx(GT), function=min, window=4) };8.87823e-01;1.00000e+00;1.00000e+00;Pipeline { map_aggregate(attribute=PT08.S2(NMHC), function=avg, window=3) | map_aggregate(attribute=NOx(GT), function=min, window=4) };8.87823e-01;1.00000e+00;1.00000e+00;Pipeline { map_aggregate(attribute=PT08.S2(NMHC), function=avg, window=3) | map_aggregate(attribute=NOx(GT), function=min, window=4) }
datasets/airQuality_parallel.csv;nsga2;3;37;3700;3700;1.69173e+02;100;2;1;1.00000e+00;1.00000e+00;8.40000e-01;8.90228e-01;4.50355e-01;9.23203e-01;Pipeline { map_aggregate(attribute=NO2(GT), function=avg, window=10) | map_aggregate(attribute=NOx(GT), function=min, window=6) };8.87450e-01;1.00000e+00;1.00000e+00;Pipeline { map_aggregate(attribute=PT08.S5(O3), function=avg, window=5) | map_aggregate(attribute=NOx(GT), function=min, window=4) };8.87450e-01;1.00000e+00;1.00000e+00;Pipeline { map_aggregate(attribute=PT08.S5(O3), function=avg, window=5) | map_aggregate(attribute=NOx(GT), function=min, window=4) };8.88767e-01;5.20354e-01;9.54126e-01;Pipeline { map_aggregate(attribute=NO2(GT), function=avg, window=5) | map_aggregate(attribute=NOx(GT), function=min, window=4) };8.87823e-01;1.00000e+00;1.00000e+00;Pipeline { map_aggregate(attribute=PT08.S2(NMHC), function=avg, window=3) | map_aggregate(attribute=NOx(GT), function=min, window=4) };8.87823e-01;1.00000e+00;1.00000e+00;Pipeline { map_aggregate(attribute=PT08.S2(NMHC), function=avg, window=3) | map_aggregate(attribute=NOx(GT), function=min, window=4) }
datasets/airQuality_parallel.csv;nsga2;3;38;3800;3800;1.73453e+02;100;2;1;1.00000e+00;1.00000e+00;8.40000e-01;8.90228e-01;4.50355e-01;9.23203e-01;Pipeline { map_aggregate(attribute=NO2(GT), function=avg, window=10) | map_aggregate(attribute=NOx(GT), function=min, window=6) };8.87488e-01;1.00000e+00;1.00000e+00;Pipeline { map_aggregate(attribute=PT08.S1(CO), function=avg, window=9) | map_aggregate(attribute=NOx(GT), function=min, window=3) };8.87488e-01;1.00000e+00;1.00000e+00;Pipeline { map_aggregate(attribute=PT08.S1(CO), function=avg, window=9) | map_aggregate(attribute=NOx(GT), function=min, window=3) };8.88767e-01;5.20354e-01;9.54126e-01;Pipeline { map_aggregate(attribute=NO2(GT), function=avg, window=5) | map_aggregate(attribute=NOx(GT), function=min, window=4) };8.87823e-01;1.00000e+00;1.00000e+00;Pipeline { map_aggregate(attribute=PT08.S2(NMHC), function=avg, window=3) | map_aggregate(attribute=NOx(GT), function=min, window=3) };8.87823e-01;1.00000e+00;1.00000e+00;Pipeline { map_aggregate(attribute=PT08.S2(NMHC), function=avg, window=3) | map_aggregate(attribute=NOx(GT), function=min, window=3) }
datasets/airQuality_parallel.csv;nsga2;3;39;3900;3900;1.77587e+02;100;2;1;1.00000e+00;1.00000e+00;8.30000e-01;8.90228e-01;4.50355e-01;9.23203e-01;Pipeline { map_aggregate(attribute=NO2(GT), function=avg, window=10) | map_aggregate(attribute=NOx(GT), function=min, window=6) };8.87498e-01;1.00000e+00;1.00000e+00;Pipeline { map_aggregate(attribute=PT08.S2(NMHC), function=avg, window=7) | map_aggregate(attribute=NOx(GT), function=min, window=4) };8.87498e-01;1.00000e+00;1.00000e+00;Pipeline { map_aggregate(attribute=PT08.S2(NMHC), function=avg, window=7) | map_aggregate(attribute=NOx(GT), function=min, window=4) };8.88767e-01;5.20354e-01;9.54126e-01;Pipeline { map_aggregate(attribute=NO2(GT), function=avg, window=5) | map_aggregate(attribute=NOx(GT), function=min, window=4) };8.87824e-01;1.00000e+00;1.00000e+00;Pipeline { map_aggregate(attribute=C6H6(GT), function=avg, window=6) | map_aggregate(attribute=NOx(GT), function=min, window=4) };8.87824e-01;1.00000e+00;1.00000e+00;Pipeline { map_aggregate(attribute=C6H6(GT), function=avg, window=6) | map_aggregate(attribute=NOx(GT), function=min, window=4) }
datasets/airQuality_parallel.csv;nsga2;3;40;4000;4000;1.81857e+02;100;2;1;1.00000e+00;1.00000e+00;8.30000e-01;8.90228e-01;4.50355e-01;9.23203e-01;Pipeline { map_aggregate(attribute=NO2(GT), function=avg, window=10) | map_aggregate(attribute=NOx(GT), function=min, window=6) };8.87535e-01;1.00000e+00;1.00000e+00;Pipeline { map_aggregate(attribute=PT08.S4(NO2), function=avg, window=8) | map_aggregate(attribute=NOx(GT), function=min, window=4) };8.87535e-01;1.00000e+00;1.00000e+00;Pipeline { map_aggregate(attribute=PT08.S4(NO2), function=avg, window=8) | map_aggregate(attribute=NOx(GT), function=min, window=4) };8.88767e-01;5.20354e-01;9.54126e-01;Pipeline { map_aggregate(attribute=NO2(GT), function=avg, window=5) | map_aggregate(attribute=NOx(GT), function=min, window=4) };8.87824e-01;1.00000e+00;1.00000e+00;Pipeline { map_aggregate(attribute=C6H6(GT), function=avg, window=6) | map_aggregate(attribute=NOx(GT), function=min, window=4) };8.87824e-01;1.00000e+00;1.00000e+00;Pipeline { map_aggregate(attribute=C6H6(GT), function=avg, window=6) | map_aggregate(attribute=NOx(GT), function=min, window=4) }
datasets/airQuality_parallel.csv;nsga2;3;41;4100;4100;1.85939e+02;100;2;1;1.00000e+00;1.00000e+00;8.30000e-01;8.90228e-01;4.50355e-01;9.23203e-01;Pipeline { map_aggregate(attribute=NO2(GT), function=avg, window=10) | map_aggregate(attribute=NOx(GT), function=min, window=6) };8.87555e-01;1.00000e+00;1.00000e+00;Pipeline { map_aggregate(attribute=PT08.S3(NOx), function=avg, window=6) | map_aggregate(attribute=NOx(GT), function=min, window=4) };8.87555e-01;1.00000e+00;1.00000e+00;Pipeline { map_aggregate(attribute=PT08.S3(NOx), function=avg, window=6) | map_aggregate(attribute=NOx(GT), function=min, window=4) };8.88887e-01;1.00000e+00;1.00000e+00;Pipeline { map_aggregate(attribute=C6H6(GT), function=avg, window=10) | map_aggregate(attribute=NOx(GT), function=min, window=3) };8.87832e-01;1.00000e+00;1.00000e+00;Pipeline { map_aggregate(attribute=PT08.S4(NO2), function=avg, window=5) | map_aggregate(attribute=NOx(GT), function=min, window=3) };8.87832e-01;1.00000e+00;1.00000e+00;Pipeline { map_aggregate(attribute=PT08.S4(NO2), function=avg, window=5) | map_aggregate(attribute=NOx(GT), function=min, window=3) }
datasets/airQuality_parallel.csv;nsga2;3;42;4200;4200;1.90550e+02;100;1;2;1.00000e+00;1.00000e+00;8.30000e-01;8.90563e-01;1.00000e+00;1.00000e+00;Pipeline { map_aggregate(attribute=PT08.S5(O3), function=avg, window=10) | map_aggregate(attribute=NOx(GT), function=min, window=3) };8.87583e-01;1.00000e+00;1.00000e+00;Pipeline { map_aggregate(attribute=PT08.S3(NOx), function=avg, window=3) | map_aggregate(attribute=NOx(GT), function=min, window=4) };8.87583e-01;1.00000e+00;1.00000e+00;Pipeline { map_aggregate(attribute=PT08.S3(NOx), function=avg, window=3) | map_aggregate(attribute=NOx(GT), function=min, window=4) };8.88916e-01;1.00000e+00;1.00000e+00;Pipeline { map_aggregate(attribute=PT08.S5(O3), function=avg, window=10) | map_aggregate(attribute=NOx(GT), function=min, window=4) };8.87969e-01;1.00000e+00;1.00000e+00;Pipeline { map_aggregate(attribute=PT08.S4(NO2), function=avg, window=4) | map_aggregate(attribute=NOx(GT), function=min, window=3) };8.87969e-01;1.00000e+00;1.00000e+00;Pipeline { map_aggregate(attribute=PT08.S4(NO2), function=avg, window=4) | map_aggregate(attribute=NOx(GT), function=min, window=3) }
datasets/airQuality_parallel.csv;nsga2;3;43;4300;4300;1.94575e+02;100;1;1;1.00000e+00;1.00000e+00;8.30000e-01;8.90563e-01;1.00000e+00;1.00000e+00;Pipeline { map_aggregate(attribute=PT08.S5(O3), function=avg, window=10) | map_aggregate(attribute=NOx(GT), function=min, window=3) };8.87583e-01;1.00000e+00;1.00000e+00;Pipeline { map_aggregate(attribute=PT08.S3(NOx), function=avg, window=3) | map_aggregate(attribute=NOx(GT), function=min, window=4) };8.87583e-01;1.00000e+00;1.00000e+00;Pipeline { map_aggregate(attribute=PT08.S3(NOx), function=avg, window=3) | map_aggregate(attribute=NOx(GT), function=min, window=4) };8.88916e-01;1.00000e+00;1.00000e+00;Pipeline { map_aggregate(attribute=PT08.S5(O3), function=avg, window=10) | map_aggregate(attribute=NOx(GT), function=min, window=4) };8.87969e-01;1.00000e+00;1.00000e+00;Pipeline { map_aggregate(attribute=PT08.S4(NO2), function=avg, window=4) | map_aggregate(attribute=NOx(GT), function=min, window=3) };8.87969e-01;1.00000e+00;1.00000e+00;Pipeline { map_aggregate(attribute=PT08.S4(NO2), function=avg, window=4) | map_aggregate(attribute=NOx(GT), function=min, window=3) }
datasets/airQuality_parallel.csv;nsga2;3;44;4400;4400;1.99069e+02;100;1;1;1.00000e+00;1.00000e+00;8.30000e-01;8.90563e-01;1.00000e+00;1.00000e+00;Pipeline { map_aggregate(attribute=PT08.S5(O3), function=avg, window=10) | map_aggregate(attribute=NOx(GT), function=min, window=3) };8.87617e-01;1.00000e+00;1.00000e+00;Pipeline { map_aggregate(attribute=PT08.S3(NOx), function=avg, window=9) | map_aggregate(attribute=NOx(GT), function=min, window=3) };8.87617e-01;1.00000e+00;1.00000e+00;Pipeline { map_aggregate(attribute=PT08.S3(NOx), function=avg, window=9) | map_aggregate(attribute=NOx(GT), function=min, window=3) };8.88916e-01;1.00000e+00;1.00000e+00;Pipeline { map_aggregate(attribute=PT08.S5(O3), function=avg, window=10) | map_aggregate(attribute=NOx(GT), function=min, window=4) };8.87999e-01;1.00000e+00;1.00000e+00;Pipeline { map_aggregate(attribute=PT08.S3(NOx), function=avg, window=8) | map_aggregate(attribute=NOx(GT), function=min, window=4) };8.87999e-01;1.00000e+00;1.00000e+00;Pipeline { map_aggregate(attribute=PT08.S3(NOx), function=avg, window=8) | map_aggregate(attribute=NOx(GT), function=min, window=4) }
datasets/airQuality_parallel.csv;nsga2;3;45;4500;4500;2.04037e+02;100;1;1;1.00000e+00;1.00000e+00;8.30000e-01;8.90563e-01;1.00000e+00;1.00000e+00;Pipeline { map_aggregate(attribute=PT08.S5(O3), function=avg, window=10) | map_aggregate(attribute=NOx(GT), function=min, window=3) };8.87636e-01;1.00000e+00;1.00000e+00;Pipeline { map_aggregate(attribute=PT08.S2(NMHC), function=avg, window=10) | map_aggregate(attribute=NOx(GT), function=min, window=3) };8.87636e-01;1.00000e+00;1.00000e+00;Pipeline { map_aggregate(attribute=PT08.S2(NMHC), function=avg, window=10) | map_aggregate(attribute=NOx(GT), function=min, window=3) };8.88916e-01;1.00000e+00;1.00000e+00;Pipeline { map_aggregate(attribute=PT08.S5(O3), function=avg, window=10) | map_aggregate(attribute=NOx(GT), function=min, window=4) };8.88008e-01;1.00000e+00;1.00000e+00;Pipeline { map_aggregate(attribute=PT08.S2(NMHC), function=avg, window=5) | map_aggregate(attribute=NOx(GT), function=min, window=4) };8.88008e-01;1.00000e+00;1.00000e+00;Pipeline { map_aggregate(attribute=PT08.S2(NMHC), function=avg, window=5) | map_aggregate(attribute=NOx(GT), function=min, window=4) }
datasets/airQuality_parallel.csv;nsga2;3;46;4600;4600;2.08400e+02;100;1;1;1.00000e+00;1.00000e+00;8.30000e-01;8.90563e-01;1.00000e+00;1.00000e+00;Pipeline { map_aggregate(attribute=PT08.S5(O3), function=avg, window=10) | map_aggregate(attribute=NOx(GT), function=min, window=3) };8.87636e-01;1.00000e+00;1.00000e+00;Pipeline { map_aggregate(attribute=PT08.S2(NMHC), function=avg, window=10) | map_aggregate(attribute=NOx(GT), function=min, window=3) };8.87636e-01;1.00000e+00;1.00000e+00;Pipeline { map_aggregate(attribute=PT08.S2(NMHC), function=avg, window=10) | map_aggregate(attribute=NOx(GT), function=min, window=3) };8.88916e-01;1.00000e+00;1.00000e+00;Pipeline { map_aggregate(attribute=PT08.S5(O3), function=avg, window=10) | map_aggregate(attribute=NOx(GT), function=min, window=4) };8.88008e-01;1.00000e+00;1.00000e+00;Pipeline { map_aggregate(attribute=PT08.S2(NMHC), function=avg, window=5) | map_aggregate(attribute=NOx(GT), function=min, window=4) };8.88008e-01;1.00000e+00;1.00000e+00;Pipeline { map_aggregate(attribute=PT08.S2(NMHC), function=avg, window=5) | map_aggregate(attribute=NOx(GT), function=min, window=4) }
datasets/airQuality_parallel.csv;nsga2;3;47;4700;4700;2.13034e+02;100;1;1;1.00000e+00;1.00000e+00;8.30000e-01;8.90563e-01;1.00000e+00;1.00000e+00;Pipeline { map_aggregate(attribute=PT08.S5(O3), function=avg, window=10) | map_aggregate(attribute=NOx(GT), function=min, window=3) };8.87669e-01;1.00000e+00;1.00000e+00;Pipeline { map_aggregate(attribute=PT08.S3(NOx), function=avg, window=5) | map_aggregate(attribute=NOx(GT), function=min, window=4) };8.87669e-01;1.00000e+00;1.00000e+00;Pipeline { map_aggregate(attribute=PT08.S3(NOx), function=avg, window=5) | map_aggregate(attribute=NOx(GT), function=min, window=4) };8.88916e-01;1.00000e+00;1.00000e+00;Pipeline { map_aggregate(attribute=PT08.S5(O3), function=avg, window=10) | map_aggregate(attribute=NOx(GT), function=min, window=4) };8.88013e-01;1.00000e+00;1.00000e+00;Pipeline { map_aggregate(attribute=RH, function=avg, window=5) | map_aggregate(attribute=NOx(GT), function=min, window=3) };8.88013e-01;1.00000e+00;1.00000e+00;Pipeline { map_aggregate(attribute=RH, function=avg, window=5) | map_aggregate(attribute=NOx(GT), function=min, window=3) }
datasets/airQuality_parallel.csv;nsga2;3;48;4800;4800;2.17293e+02;100;1;1;1.00000e+00;1.00000e+00;8.30000e-01;8.90563e-01;1.00000e+00;1.00000e+00;Pipeline { map_aggregate(attribute=PT08.S5(O3), function=avg, window=10) | map_aggregate(attribute=NOx(GT), function=min, window=3) };8.87669e-01;1.00000e+00;1.00000e+00;Pipeline { map_aggregate(attribute=PT08.S3(NOx), function=avg, window=5) | map_aggregate(attribute=NOx(GT), function=min, window=4) };8.87669e-01;1.00000e+00;1.00000e+00;Pipeline { map_aggregate(attribute=PT08.S3(NOx), function=avg, window=5) | map_aggregate(attribute=NOx(GT), function=min, window=4) };8.88916e-01;1.00000e+00;1.00000e+00;Pipeline { map_aggregate(attribute=PT08.S5(O3), function=avg, window=10) | map_aggregate(attribute=NOx(GT), function=min, window=4) };8.88013e-01;1.00000e+00;1.00000e+00;Pipeline { map_aggregate(attribute=RH, function=avg, window=5) | map_aggregate(attribute=NOx(GT), function=min, window=3) };8.88013e-01;1.00000e+00;1.00000e+00;Pipeline { map_aggregate(attribute=RH, function=avg, window=5) | map_aggregate(attribute=NOx(GT), function=min, window=3) }
datasets/airQuality_parallel.csv;nsga2;3;49;4900;4900;2.21885e+02;100;1;1;1.00000e+00;1.00000e+00;8.30000e-01;8.90563e-01;1.00000e+00;1.00000e+00;Pipeline { map_aggregate(attribute=PT08.S5(O3), function=avg, window=10) | map_aggregate(attribute=NOx(GT), function=min, window=3) };8.87669e-01;1.00000e+00;1.00000e+00;Pipeline { map_aggregate(attribute=PT08.S3(NOx), function=avg, window=5) | map_aggregate(attribute=NOx(GT), function=min, window=4) };8.87669e-01;1.00000e+00;1.00000e+00;Pipeline { map_aggregate(attribute=PT08.S3(NOx), function=avg, window=5) | map_aggregate(attribute=NOx(GT), function=min, window=4) };8.88916e-01;1.00000e+00;1.00000e+00;Pipeline { map_aggregate(attribute=PT08.S5(O3), function=avg, window=10) | map_aggregate(attribute=NOx(GT), function=min, window=4) };8.88013e-01;1.00000e+00;1.00000e+00;Pipeline { map_aggregate(attribute=RH, function=avg, window=5) | map_aggregate(attribute=NOx(GT), function=min, window=3) };8.88013e-01;1.00000e+00;1.00000e+00;Pipeline { map_aggregate(attribute=RH, function=avg, window=5) | map_aggregate(attribute=NOx(GT), function=min, window=3) }
datasets/airQuality_parallel.csv;nsga2;3;50;5000;5000;2.26290e+02;100;1;1;1.00000e+00;1.00000e+00;8.30000e-01;8.90563e-01;1.00000e+00;1.00000e+00;Pipeline { map_aggregate(attribute=PT08.S5(O3), function=avg, window=10) | map_aggregate(attribute=NOx(GT), function=min, window=3) };8.87669e-01;1.00000e+00;1.00000e+00;Pipeline { map_aggregate(attribute=PT08.S3(NOx), function=avg, window=5) | map_aggregate(attribute=NOx(GT), function=min, window=4) };8.87669e-01;1.00000e+00;1.00000e+00;Pipeline { map_aggregate(attribute=PT08.S3(NOx), function=avg, window=5) | map_aggregate(attribute=NOx(GT), function=min, window=4) };8.88916e-01;1.00000e+00;1.00000e+00;Pipeline { map_aggregate(attribute=PT08.S5(O3), function=avg, window=10) | map_aggregate(attribute=NOx(GT), function=min, window=4) };8.88013e-01;1.00000e+00;1.00000e+00;Pipeline { map_aggregate(attribute=RH, function=avg, window=5) | map_aggregate(attribute=NOx(GT), function=min, window=3) };8.88013e-01;1.00000e+00;1.00000e+00;Pipeline { map_aggregate(attribute=RH, function=avg, window=5) | map_aggregate(attribute=NOx(GT), function=min, window=3) }
datasets/airQuality_parallel.csv;nsga2;4;1;100;100;5.60400e+00;100;1;52;9.70000e-01;9.70000e-01;4.70000e-01;8.74036e-01;1.00000e+00;1.00000e+00;Pipeline { map_noise(attribute=C6H6(GT), percentage=0.25) };7.10638e-01;1.00000e+00;9.22706e-01;Pipeline { filter(NO2(GT) > 8.4900) };8.38969e-01;1.00000e+00;1.00000e+00;Pipeline { map_aggregate(attribute=PT08.S3(NOx), function=max, window=9) };7.10638e-01;1.00000e+00;9.22706e-01;Pipeline { filter(NO2(GT) > 8.4900) };4.82248e-01;9.33333e-01;7.38461e-01;Pipeline { map_duplicate(probability=0.80) };7.82760e-01;9.61672e-01;9.22494e-01;Pipeline { map_duplicate(probability=0.10) | filter(NO2(GT) > 0.0000) }
datasets/airQuality_parallel.csv;nsga2;4;2;200;200;1.05230e+01;100;1;2;9.70000e-01;9.70000e-01;9.30000e-01;8.82217e-01;1.00000e+00;1.00000e+00;Pipeline { map_aggregate(attribute=PT08.S4(NO2), function=avg, window=9) | map_aggregate(attribute=NMHC(GT), function=min, window=5) };7.10638e-01;1.00000e+00;9.22706e-01;Pipeline { filter(NO2(GT) > 8.4900) };8.38969e-01;1.00000e+00;1.00000e+00;Pipeline { map_aggregate(attribute=PT08.S3(NOx), function=max, window=9) };8.49023e-01;1.00000e+00;1.00000e+00;Pipeline { map_aggregate(attribute=PT08.S3(NOx), function=max, window=5) };8.70662e-01;1.00000e+00;1.00000e+00;Pipeline { map_noise(attribute=PT08.S5(O3), percentage=0.25) };8.82217e-01;1.00000e+00;1.00000e+00;Pipeline { map_aggregate(attribute=PT08.S4(NO2), function=avg, window=9) | map_aggregate(attribute=NMHC(GT), function=min, window=5) }
datasets/airQuality_parallel.csv;nsga2;4;3;300;300;1.47590e+01;100;1;2;9.70000e-01;9.70000e-01;9.20000e-01;8.82217e-01;1.00000e+00;1.00000e+00;Pipeline { map_aggregate(attribute=PT08.S4(NO2), function=avg, window=9) | map_aggregate(attribute=NMHC(GT), function=min, window=5) };7.14868e-01;1.00000e+00;9.22924e-01;Pipeline { filter(NOx(GT) > 0.0000) | map_noise(attribute=PT08.S2(NMHC), percentage=0.10) | map_noise(attribute=PT08.S2(NMHC), percentage=0.10) };8.38969e-01;1.00000e+00;1.00000e+00;Pipeline { map_aggregate(attribute=PT08.S3(NOx), function=max, window=9) };8.70047e-01;1.00000e+00;1.00000e+00;Pipeline { map_noise(attribute=PT08.S5(O3), percentage=0.05) };8.67613e-01;1.00000e+00;1.00000e+00;Pipeline { map_noise(attribute=NMHC(GT), percentage=0.01) };8.68139e-01;1.00000e+00;1.00000e+00;Pipeline { map_aggregate(attribute=PT08.S3(NOx), function=min, window=6) }
datasets/airQuality_parallel.csv;nsga2;4;4;400;400;1.91060e+01;100;1;1;9.90000e-01;9.90000e-01;8.60000e-01;8.84183e-01;1.00000e+00;1.00000e+00;Pipeline { map_aggregate(attribute=NOx(GT), function=min, window=4) };8.67716e-01;1.00000e+00;1.00000e+00;Pipeline { map_noise(attribute=T, percentage=0.01) };8.67716e-01;1.00000e+00;1.00000e+00;Pipeline { map_noise(attribute=T, percentage=0.01) };8.76884e-01;1.00000e+00;1.00000e+00;Pipeline { map_aggregate(attribute=PT08.S3(NOx), function=avg, window=6) };8.68575e-01;1.00000e+00;1.00000e+00;Pipeline { map_noise(attribute=NMHC(GT), percentage=0.25) };8.68575e-01;1.00000e+00;1.00000e+00;Pipeline { map_noise(attribute=NMHC(GT), percentage=0.25) }
datasets/airQuality_parallel.csv;nsga2;4;5;500;500;2.32910e+01;100;2;1;9.90000e-01;9.90000e-01;8.70000e-01;8.84183e-01;1.00000e+00;1.00000e+00;Pipeline { map_aggregate(attribute=NOx(GT), function=min, window=4) };8.70202e-01;1.00000e+00;1.00000e+00;Pipeline { map_noise(attribute=PT08.S3(NOx), percentage=0.25) };8.70202e-01;1.00000e+00;1.00000e+00;Pipeline { map_noise(attribute=PT08.S3(NOx), percentage=0.25) };8.79864e-01;1.00000e+00;1.00000e+00;Pipeline { map_aggregate(attribute=PT08.S2(NMHC), function=avg, window=10) };8.71949e-01;1.00000e+00;1.00000e+00;Pipeline { map_noise(attribute=AH, percentage=0.25) };8.71949e-01;1.00000e+00;1.00000e+00;Pipeline { map_noise(attribute=AH, percentage=0.25) }
datasets/airQuality_parallel.csv;nsga2;4;6;600;600;2.81530e+01;100;1;1;1.00000e+00;1.00000e+00;8.80000e-01;8.87565e-01;1.00000e+00;1.00000e+00;Pipeline { map_aggregate(attribute=PT08.S4(NO2), function=avg, window=9) | map_aggregate(attribute=NOx(GT), function=min, window=4) };8.73307e-01;1.00000e+00;1.00000e+00;Pipeline { map_aggregate(attribute=AH, function=avg, window=8) | map_noise(attribute=PT08.S5(O3), percentage=0.01) };8.73307e-01;1.00000e+00;1.00000e+00;Pipeline { map_aggregate(attribute=AH, function=avg, window=8) | map_noise(attribute=PT08.S5(O3), percentage=0.01) };8.81046e-01;1.00000e+00;1.00000e+00;Pipeline { map_aggregate(attribute=NOx(GT), function=avg, window=7) };8.78422e-01;1.00000e+00;1.00000e+00;Pipeline { map_aggregate(attribute=PT08.S2(NMHC), function=avg, window=7) };8.78422e-01;1.00000e+00;1.00000e+00;Pipeline { map_aggregate(attribute=PT08.S2(NMHC), function=avg, window=7) }
datasets/airQuality_parallel.csv;nsga2;4;7;700;700;3.28180e+01;100;1;1;1.00000e+00;1.00000e+00;8.30000e-01;8.87565e-01;1.00000e+00;1.00000e+00;Pipeline { map_aggregate(attribute=PT08.S4(NO2), function=avg, window=9) | map_aggregate(attribute=NOx(GT), function=min, window=4) };8.77560e-01;1.00000e+00;1.00000e+00;Pipeline { map_aggregate(attribute=PT08.S4(NO2), function=avg, window=9) | map_aggregate(attribute=PT08.S3(NOx), function=min, window=4) };8.77560e-01;1.00000e+00;1.00000e+00;Pipeline { map_aggregate(attribute=PT08.S4(NO2), function=avg, window=9) | map_aggregate(attribute=PT08.S3(NOx), function=min, window=4) };8.82062e-01;1.00000e+00;1.00000e+00;Pipeline { map_aggregate(attribute=PT08.S4(NO2), function=avg, window=9) | map_noise(attribute=RH, percentage=0.01) };8.79555e-01;1.00000e+00;1.00000e+00;Pipeline { map_aggregate(attribute=PT08.S5(O3), function=min, window=3) | map_aggregate(attribute=NOx(GT), function=min, window=7) };8.79555e-01;1.00000e+00;1.00000e+00;Pipeline { map_aggregate(attribute=PT08.S5(O3), function=min, window=3) | map_aggregate(attribute=NOx(GT), function=min, window=7) }
datasets/airQuality_parallel.csv;nsga2;4;8;800;800;3.68730e+01;100;1;1;1.00000e+00;1.00000e+00;7.50000e-01;8.88008e-01;1.00000e+00;1.00000e+00;Pipeline { map_aggregate(attribute=PT08.S2(NMHC), function=avg, window=5) | map_aggregate(attribute=NOx(GT), function=min, window=3) };8.79240e-01;1.00000e+00;1.00000e+00;Pipeline { map_aggregate(attribute=PT08.S2(NMHC), function=avg, window=9) | map_noise(attribute=C6H6(GT), percentage=0.05) };8.79240e-01;1.00000e+00;1.00000e+00;Pipeline { map_aggregate(attribute=PT08.S2(NMHC), function=avg, window=9) | map_noise(attribute=C6H6(GT), percentage=0.05) };8.82292e-01;6.38298e-01;9.52227e-01;Pipeline { map_aggregate(attribute=C6H6(GT), function=avg, window=6) | map_aggregate(attribute=NO2(GT), function=avg, window=3) };8.79989e-01;1.00000e+00;1.00000e+00;Pipeline { map_aggregate(attribute=PT08.S1(CO), function=avg, window=5) };8.79989e-01;1.00000e+00;1.00000e+00;Pipeline { map_aggregate(attribute=PT08.S1(CO), function=avg, window=5) }
datasets/airQuality_parallel.csv;nsga2;4;9;900;900;4.12720e+01;100;1;3;1.00000e+00;1.00000e+00;7.50000e-01;8.88008e-01;1.00000e+00;1.00000e+00;Pipeline { map_aggregate(attribute=PT08.S2(NMHC), function=avg, window=5) | map_aggregate(attribute=NOx(GT), function=min, window=3) };8.79989e-01;1.00000e+00;1.00000e+00;Pipeline { map_aggregate(attribute=PT08.S4(NO2), function=avg, window=3) | map_aggregate(attribute=NMHC(GT), function=min, window=4) };8.79989e-01;1.00000e+00;1.00000e+00;Pipeline { map_aggregate(attribute=PT08.S4(NO2), function=avg, window=3) | map_aggregate(attribute=NMHC(GT), function=min, window=4) };8.82441e-01;1.00000e+00;1.00000e+00;Pipeline { map_aggregate(attribute=PT08.S4(NO2), function=avg, window=9) | map_noise(attribute=AH, percentage=0.05) };8.81043e-01;1.00000e+00;1.00000e+00;Pipeline { map_aggregate(attribute=PT08.S1(CO), function=avg, window=9) | map_noise(attribute=PT08.S5(O3), percentage=0.01) };8.81043e-01;1.00000e+00;1.00000e+00;Pipeline { map_aggregate(attribute=PT08.S1(CO), function=avg, window=9) | map_noise(attribute=PT08.S5(O3), percentage=0.01) }
datasets/airQuality_parallel.csv;nsga2;4;10;1000;1000;4.57710e+01;100;2;1;1.00000e+00;1.00000e+00;7.30000e-01;8.88749e-01;4.71631e-01;9.32372e-01;Pipeline { map_aggregate(attribute=NO2(GT), function=avg, window=6) | map_aggregate(attribute=NOx(GT), function=min, window=3) };8.80982e-01;1.00000e+00;1.00000e+00;Pipeline { map_aggregate(attribute=C6H6(GT), function=avg, window=4) };8.80982e-01;1.00000e+00;1.00000e+00;Pipeline { map_aggregate(attribute=C6H6(GT), function=avg, window=4) };8.82512e-01;1.00000e+00;1.00000e+00;Pipeline { map_aggregate(attribute=PT08.S4(NO2), function=avg, window=9) | map_noise(attribute=PT08.S3(NOx), percentage=0.05) };8.81966e-01;1.00000e+00;1.00000e+00;Pipeline { map_aggregate(attribute=PT08.S4(NO2), function=avg, window=4) | map_aggregate(attribute=NMHC(GT), function=min, window=5) };8.81966e-01;1.00000e+00;1.00000e+00;Pipeline { map_aggregate(attribute=PT08.S4(NO2), function=avg, window=4) | map_aggregate(attribute=NMHC(GT), function=min, window=5) }
datasets/airQuality_parallel.csv;nsga2;4;11;1100;1100;4.99820e+01;100;2;2;1.00000e+00;1.00000e+00;7.00000e-01;8.88749e-01;4.71631e-01;9.32372e-01;Pipeline { map_aggregate(attribute=NO2(GT), function=avg, window=6) | map_aggregate(attribute=NOx(GT), function=min, window=3) };8.81626e-01;1.00000e+00;1.00000e+00;Pipeline { map_aggregate(attribute=PT08.S5(O3), function=avg, window=5) };8.81626e-01;1.00000e+00;1.00000e+00;Pipeline { map_aggregate(attribute=PT08.S5(O3), function=avg, window=5) };8.82859e-01;1.00000e+00;1.00000e+00;Pipeline { map_aggregate(attribute=PT08.S4(NO2), function=avg, window=9) | map_aggregate(attribute=T, function=max, window=3) };8.82204e-01;1.00000e+00;1.00000e+00;Pipeline { map_aggregate(attribute=PT08.S4(NO2), function=avg, window=9) | map_noise(attribute=PT08.S5(O3), percentage=0.01) };8.82204e-01;1.00000e+00;1.00000e+00;Pipeline { map_aggregate(attribute=PT08.S4(NO2), function=avg, window=9) | map_noise(attribute=PT08.S5(O3), percentage=0.01) }
datasets/airQuality_parallel.csv;nsga2;4;12;1200;1200;5.43650e+01;100;2;1;1.00000e+00;1.00000e+00;7.40000e-01;8.88749e-01;4.71631e-01;9.32372e-01;Pipeline { map_aggregate(attribute=NO2(GT), function=avg, window=6) | map_aggregate(attribute=NOx(GT), function=min, window=3) };8.82195e-01;1.00000e+00;1.00000e+00;Pipeline { map_aggregate(attribute=PT08.S4(NO2), function=avg, window=9) | map_noise(attribute=PT08.S1(CO), percentage=0.01) };8.82195e-01;1.00000e+00;1.00000e+00;Pipeline { map_aggregate(attribute=PT08.S4(NO2), function=avg, window=9) | map_noise(attribute=PT08.S1(CO), percentage=0.01) };8.84183e-01;1.00000e+00;1.00000e+00;Pipeline { map_aggregate(attribute=NOx(GT), function=min, window=3) };8.82354e-01;1.00000e+00;1.00000e+00;Pipeline { map_aggregate(attribute=PT08.S4(NO2), function=avg, window=10) };8.82354e-01;1.00000e+00;1.00000e+00;Pipeline { map_aggregate(attribute=PT08.S4(NO2), function=avg, window=10) }
datasets/airQuality_parallel.csv;nsga2;4;13;1300;1300;5.92700e+01;100;2;2;1.00000e+00;1.00000e+00;7.80000e-01;8.88749e-01;4.71631e-01;9.32372e-01;Pipeline { map_aggregate(attribute=NO2(GT), function=avg, window=6) | map_aggregate(attribute=NOx(GT), function=min, window=3) };8.82289e-01;1.00000e+00;1.00000e+00;Pipeline { map_aggregate(attribute=PT08.S4(NO2), function=avg, window=9) | map_noise(attribute=C6H6(GT), percentage=0.01) };8.82289e-01;1.00000e+00;1.00000e+00;Pipeline { map_aggregate(attribute=PT08.S4(NO2), function=avg, window=9) | map_noise(attribute=C6H6(GT), percentage=0.01) };8.85044e-01;1.00000e+00;1.00000e+00;Pipeline { map_aggregate(attribute=PT08.S2(NMHC), function=avg, window=7) | map_aggregate(attribute=NOx(GT), function=min, window=7) };8.82441e-01;1.00000e+00;1.00000e+00;Pipeline { map_aggregate(attribute=PT08.S4(NO2), function=avg, window=7) | map_aggregate(attribute=NMHC(GT), function=min, window=4) };8.82441e-01;1.00000e+00;1.00000e+00;Pipeline { map_aggregate(attribute=PT08.S4(NO2), function=avg, window=7) | map_aggregate(attribute=NMHC(GT), function=min, window=4) }
datasets/airQuality_parallel.csv;nsga2;4;14;1400;1400;6.38510e+01;100;2;6;1.00000e+00;1.00000e+00;9.00000e-01;8.88749e-01;4.71631e-01;9.32372e-01;Pipeline { map_aggregate(attribute=NO2(GT), function=avg, window=6) | map_aggregate(attribute=NOx(GT), function=min, window=3) };8.82441e-01;1.00000e+00;1.00000e+00;Pipeline { map_aggregate(attribute=PT08.S4(NO2), function=avg, window=10) | map_noise(attribute=RH, percentage=0.01) };8.82441e-01;1.00000e+00;1.00000e+00;Pipeline { map_aggregate(attribute=PT08.S4(NO2), function=avg, window=10) | map_noise(attribute=RH, percentage=0.01) };8.86241e-01;5.75972e-01;9.33242e-01;Pipeline { map_aggregate(attribute=NO2(GT), function=avg, window=4) | map_aggregate(attribute=NOx(GT), function=avg, window=3) };8.82970e-01;1.00000e+00;1.00000e+00;Pipeline { map_aggregate(attribute=PT08.S4(NO2), function=avg, window=9) | map_aggregate(attribute=T, function=avg, window=3) };8.82970e-01;1.00000e+00;1.00000e+00;Pipeline { map_aggregate(attribute=PT08.S4(NO2), function=avg, window=9) | map_aggregate(attribute=T, function=avg, window=3) }
datasets/airQuality_parallel.csv;nsga2;4;15;1500;1500;6.80400e+01;100;2;1;1.00000e+00;1.00000e+00;9.80000e-01;8.88749e-01;4.71631e-01;9.32372e-01;Pipeline { map_aggregate(attribute=NO2(GT), function=avg, window=6) | map_aggregate(attribute=NOx(GT), function=min, window=3) };8.82778e-01;1.00000e+00;1.00000e+00;Pipeline { map_aggregate(attribute=PT08.S4(NO2), function=avg, window=9) | map_noise(attribute=RH, percentage=0.05) };8.82778e-01;1.00000e+00;1.00000e+00;Pipeline { map_aggregate(attribute=PT08.S4(NO2), function=avg, window=9) | map_noise(attribute=RH, percentage=0.05) };8.86925e-01;5.20354e-01;9.54126e-01;Pipeline { map_aggregate(attribute=NO2(GT), function=avg, window=5) | map_aggregate(attribute=NOx(GT), function=min, window=7) };8.84117e-01;1.00000e+00;1.00000e+00;Pipeline { map_noise(attribute=PT08.S5(O3), percentage=0.05) | map_aggregate(attribute=NOx(GT), function=min, window=3) };8.84117e-01;1.00000e+00;1.00000e+00;Pipeline { map_noise(attribute=PT08.S5(O3), percentage=0.05) | map_aggregate(attribute=NOx(GT), function=min, window=3) }
datasets/airQuality_parallel.csv;nsga2;4;16;1600;1600;7.24130e+01;100;2;2;1.00000e+00;1.00000e+00;9.40000e-01;8.88749e-01;4.71631e-01;9.32372e-01;Pipeline { map_aggregate(attribute=NO2(GT), function=avg, window=6) | map_aggregate(attribute=NOx(GT), function=min, window=3) };8.83868e-01;1.00000e+00;1.00000e+00;Pipeline { map_aggregate(attribute=PT08.S2(NMHC), function=avg, window=7) | map_aggregate(attribute=NOx(GT), function=min, window=9) };8.83868e-01;1.00000e+00;1.00000e+00;Pipeline { map_aggregate(attribute=PT08.S2(NMHC), function=avg, window=7) | map_aggregate(attribute=NOx(GT), function=min, window=9) };8.87296e-01;1.00000e+00;1.00000e+00;Pipeline { map_aggregate(attribute=PT08.S3(NOx), function=avg, window=6) | map_aggregate(attribute=NOx(GT), function=min, window=3) };8.84520e-01;1.00000e+00;1.00000e+00;Pipeline { map_aggregate(attribute=NOx(GT), function=min, window=4) | map_noise(attribute=NMHC(GT), percentage=0.25) };8.84520e-01;1.00000e+00;1.00000e+00;Pipeline { map_aggregate(attribute=NOx(GT), function=min, window=4) | map_noise(attribute=NMHC(GT), percentage=0.25) }
datasets/airQuality_parallel.csv;nsga2;4;17;1700;1700;7.71000e+01;100;1;2;1.00000e+00;1.00000e+00;9.30000e-01;8.89684e-01;1.00000e+00;1.00000e+00;Pipeline { map_aggregate(attribute=C6H6(GT), function=avg, window=4) | map_aggregate(attribute=NOx(GT), function=min, window=4) };8.84300e-01;1.00000e+00;1.00000e+00;Pipeline { map_aggregate(attribute=RH, function=max, window=9) | map_aggregate(attribute=NOx(GT), function=min, window=3) };8.84300e-01;1.00000e+00;1.00000e+00;Pipeline { map_aggregate(attribute=RH, function=max, window=9) | map_aggregate(attribute=NOx(GT), function=min, window=3) };8.87636e-01;1.00000e+00;1.00000e+00;Pipeline { map_aggregate(attribute=PT08.S2(NMHC), function=avg, window=10) | map_aggregate(attribute=NOx(GT), function=min, window=3) };8.85115e-01;1.00000e+00;1.00000e+00;Pipeline { map_aggregate(attribute=NMHC(GT), function=min, window=10) | map_aggregate(attribute=NOx(GT), function=min, window=3) };8.85115e-01;1.00000e+00;1.00000e+00;Pipeline { map_aggregate(attribute=NMHC(GT), function=min, window=10) | map_aggregate(attribute=NOx(GT), function=min, window=3) }
datasets/airQuality_parallel.csv;nsga2;4;18;1800;1800;8.15390e+01;100;1;1;1.00000e+00;1.00000e+00;9.60000e-01;8.90563e-01;1.00000e+00;1.00000e+00;Pipeline { map_aggregate(attribute=PT08.S5(O3), function=avg, window=10) | map_aggregate(attribute=NOx(GT), function=min, window=3) };8.84928e-01;1.00000e+00;1.00000e+00;Pipeline { map_aggregate(attribute=NMHC(GT), function=avg, window=3) | map_aggregate(attribute=NOx(GT), function=min, window=3) };8.84928e-01;1.00000e+00;1.00000e+00;Pipeline { map_aggregate(attribute=NMHC(GT), function=avg, window=3) | map_aggregate(attribute=NOx(GT), function=min, window=3) };8.87823e-01;1.00000e+00;1.00000e+00;Pipeline { map_aggregate(attribute=PT08.S2(NMHC), function=avg, window=3) | map_aggregate(attribute=NOx(GT), function=min, window=3) };8.86484e-01;1.00000e+00;1.00000e+00;Pipeline { map_aggregate(attribute=RH, function=avg, window=9) | map_aggregate(attribute=NOx(GT), function=min, window=4) };8.86484e-01;1.00000e+00;1.00000e+00;Pipeline { map_aggregate(attribute=RH, function=avg, window=9) | map_aggregate(attribute=NOx(GT), function=min, window=4) }
datasets/airQuality_parallel.csv;nsga2;4;19;1900;1900;8.64390e+01;100;1;1;1.00000e+00;1.00000e+00;9.60000e-01;8.90563e-01;1.00000e+00;1.00000e+00;Pipeline { map_aggregate(attribute=PT08.S5(O3), function=avg, window=10) | map_aggregate(attribute=NOx(GT), function=min, window=3) };8.85339e-01;1.00000e+00;1.00000e+00;Pipeline { map_aggregate(attribute=RH, function=max, window=5) | map_aggregate(attribute=NOx(GT), function=min, window=3) };8.85339e-01;1.00000e+00;1.00000e+00;Pipeline { map_aggregate(attribute=RH, function=max, window=5) | map_aggregate(attribute=NOx(GT), function=min, window=3) };8.87918e-01;4.82270e-01;9.23203e-01;Pipeline { map_aggregate(attribute=NO2(GT), function=avg, window=8) | map_aggregate(attribute=NOx(GT), function=min, window=6) };8.86942e-01;1.00000e+00;1.00000e+00;Pipeline { map_aggregate(attribute=RH, function=avg, window=3) | map_aggregate(attribute=NOx(GT), function=min, window=3) };8.86942e-01;1.00000e+00;1.00000e+00;Pipeline { map_aggregate(attribute=RH, function=avg, window=3) | map_aggregate(attribute=NOx(GT), function=min, window=3) }
datasets/airQuality_parallel.csv;nsga2;4;20;2000;2000;9.22990e+01;100;1;2;1.00000e+00;1.00000e+00;9.60000e-01;8.90563e-01;1.00000e+00;1.00000e+00;Pipeline { map_aggregate(attribute=PT08.S5(O3), function=avg, window=10) | map_aggregate(attribute=NOx(GT), function=min, window=3) };8.85710e-01;1.00000e+00;1.00000e+00;Pipeline { map_noise(attribute=AH, percentage=0.10) | map_aggregate(attribute=NOx(GT), function=min, window=4) };8.85710e-01;1.00000e+00;1.00000e+00;Pipeline { map_noise(attribute=AH, percentage=0.10) | map_aggregate(attribute=NOx(GT), function=min, window=4) };8.88013e-01;1.00000e+00;1.00000e+00;Pipeline { map_aggregate(attribute=RH, function=avg, window=5) | map_aggregate(attribute=NOx(GT), function=min, window=3) };8.87121e-01;1.00000e+00;1.00000e+00;Pipeline { map_aggregate(attribute=PT08.S3(NOx), function=avg, window=5) | map_aggregate(attribute=NOx(GT), function=min, window=3) };8.87121e-01;1.00000e+00;1.00000e+00;Pipeline { map_aggregate(attribute=PT08.S3(NOx), function=avg, window=5) | map_aggregate(attribute=NOx(GT), function=min, window=3) }
datasets/airQuality_parallel.csv;nsga2;4;21;2100;2100;9.67280e+01;100;1;1;1.00000e+00;1.00000e+00;9.40000e-01;8.90563e-01;1.00000e+00;1.00000e+00;Pipeline { map_aggregate(attribute=PT08.S5(O3), function=avg, window=10) | map_aggregate(attribute=NOx(GT), function=min, window=3) };8.86223e-01;1.00000e+00;1.00000e+00;Pipeline { map_aggregate(attribute=PT08.S4(NO2), function=avg, window=8) | map_aggregate(attribute=NOx(GT), function=min, window=5) };8.86223e-01;1.00000e+00;1.00000e+00;Pipeline { map_aggregate(attribute=PT08.S4(NO2), function=avg, window=8) | map_aggregate(attribute=NOx(GT), function=min, window=5) };8.88233e-01;1.00000e+00;1.00000e+00;Pipeline { map_aggregate(attribute=PT08.S2(NMHC), function=avg, window=4) | map_aggregate(attribute=NOx(GT), function=min, window=4) };8.87296e-01;1.00000e+00;1.00000e+00;Pipeline { map_aggregate(attribute=PT08.S3(NOx), function=avg, window=6) | map_aggregate(attribute=NOx(GT), function=min, window=3) };8.87296e-01;1.00000e+00;1.00000e+00;Pipeline { map_aggregate(attribute=PT08.S3(NOx), function=avg, window=6) | map_aggregate(attribute=NOx(GT), function=min, window=3) }
datasets/airQuality_parallel.csv;nsga2;4;22;2200;2200;1.01195e+02;100;1;1;1.00000e+00;1.00000e+00;9.40000e-01;8.90563e-01;1.00000e+00;1.00000e+00;Pipeline { map_aggregate(attribute=PT08.S5(O3), function=avg, window=10) | map_aggregate(attribute=NOx(GT), function=min, window=3) };8.86588e-01;1.00000e+00;1.00000e+00;Pipeline { map_aggregate(attribute=PT08.S2(NMHC), function=avg, window=7) | map_aggregate(attribute=NOx(GT), function=min, window=3) };8.86588e-01;1.00000e+00;1.00000e+00;Pipeline { map_aggregate(attribute=PT08.S2(NMHC), function=avg, window=7) | map_aggregate(attribute=NOx(GT), function=min, window=3) };8.88334e-01;1.00000e+00;1.00000e+00;Pipeline { map_aggregate(attribute=C6H6(GT), function=avg, window=5) | map_aggregate(attribute=NOx(GT), function=min, window=3) };8.87565e-01;1.00000e+00;1.00000e+00;Pipeline { map_aggregate(attribute=PT08.S4(NO2), function=avg, window=9) | map_aggregate(attribute=NOx(GT), function=min, window=4) };8.87565e-01;1.00000e+00;1.00000e+00;Pipeline { map_aggregate(attribute=PT08.S4(NO2), function=avg, window=9) | map_aggregate(attribute=NOx(GT), function=min, window=4) }
datasets/airQuality_parallel.csv;nsga2;4;23;2300;2300;1.05697e+02;100;1;1;1.00000e+00;1.00000e+00;9.20000e-01;8.90563e-01;1.00000e+00;1.00000e+00;Pipeline { map_aggregate(attribute=PT08.S5(O3), function=avg, window=10) | map_aggregate(attribute=NOx(GT), function=min, window=3) };8.86701e-01;1.00000e+00;1.00000e+00;Pipeline { map_aggregate(attribute=C6H6(GT), function=avg, window=5) | map_aggregate(attribute=NOx(GT), function=min, window=7) };8.86701e-01;1.00000e+00;1.00000e+00;Pipeline { map_aggregate(attribute=C6H6(GT), function=avg, window=5) | map_aggregate(attribute=NOx(GT), function=min, window=7) };8.88511e-01;1.00000e+00;1.00000e+00;Pipeline { map_aggregate(attribute=C6H6(GT), function=avg, window=8) | map_aggregate(attribute=NOx(GT), function=min, window=5) };8.87636e-01;1.00000e+00;1.00000e+00;Pipeline { map_aggregate(attribute=PT08.S2(NMHC), function=avg, window=9) | map_aggregate(attribute=NOx(GT), function=min, window=4) };8.87636e-01;1.00000e+00;1.00000e+00;Pipeline { map_aggregate(attribute=PT08.S2(NMHC), function=avg, window=9) | map_aggregate(attribute=NOx(GT), function=min, window=4) }
datasets/airQuality_parallel.csv;nsga2;4;24;2400;2400;1.10141e+02;100;1;2;1.00000e+00;1.00000e+00;9.10000e-01;8.90563e-01;1.00000e+00;1.00000e+00;Pipeline { map_aggregate(attribute=PT08.S5(O3), function=avg, window=10) | map_aggregate(attribute=NOx(GT), function=min, window=3) };8.86831e-01;1.00000e+00;1.00000e+00;Pipeline { map_aggregate(attribute=RH, function=avg, window=6) | map_aggregate(attribute=NOx(GT), function=min, window=4) };8.86831e-01;1.00000e+00;1.00000e+00;Pipeline { map_aggregate(attribute=RH, function=avg, window=6) | map_aggregate(attribute=NOx(GT), function=min, window=4) };8.88599e-01;1.00000e+00;1.00000e+00;Pipeline { map_aggregate(attribute=C6H6(GT), function=avg, window=10) | map_aggregate(attribute=NOx(GT), function=min, window=4) };8.87688e-01;1.00000e+00;1.00000e+00;Pipeline { map_aggregate(attribute=PT08.S2(NMHC), function=avg, window=8) | map_aggregate(attribute=NOx(GT), function=min, window=3) };8.87688e-01;1.00000e+00;1.00000e+00;Pipeline { map_aggregate(attribute=PT08.S2(NMHC), function=avg, window=8) | map_aggregate(attribute=NOx(GT), function=min, window=3) }
datasets/airQuality_parallel.csv;nsga2;4;25;2500;2500;1.14259e+02;100;1;1;1.00000e+00;1.00000e+00;8.90000e-01;8.90563e-01;1.00000e+00;1.00000e+00;Pipeline { map_aggregate(attribute=PT08.S5(O3), function=avg, window=10) | map_aggregate(attribute=NOx(GT), function=min, window=3) };8.87075e-01;1.00000e+00;1.00000e+00;Pipeline { map_aggregate(attribute=C6H6(GT), function=avg, window=7) | map_aggregate(attribute=NOx(GT), function=min, window=3) };8.87075e-01;1.00000e+00;1.00000e+00;Pipeline { map_aggregate(attribute=C6H6(GT), function=avg, window=7) | map_aggregate(attribute=NOx(GT), function=min, window=3) };8.88631e-01;4.82270e-01;9.23203e-01;Pipeline { map_aggregate(attribute=NO2(GT), function=avg, window=8) | map_aggregate(attribute=NOx(GT), function=min, window=4) };8.87755e-01;1.00000e+00;1.00000e+00;Pipeline { map_aggregate(attribute=PT08.S3(NOx), function=avg, window=7) | map_aggregate(attribute=NOx(GT), function=min, window=3) };8.87755e-01;1.00000e+00;1.00000e+00;Pipeline { map_aggregate(attribute=PT08.S3(NOx), function=avg, window=7) | map_aggregate(attribute=NOx(GT), function=min, window=3) }
datasets/airQuality_parallel.csv;nsga2;4;26;2600;2600;1.19422e+02;100;1;3;1.00000e+00;1.00000e+00;8.70000e-01;8.90563e-01;1.00000e+00;1.00000e+00;Pipeline { map_aggregate(attribute=PT08.S5(O3), function=avg, window=10) | map_aggregate(attribute=NOx(GT), function=min, window=3) };8.87121e-01;1.00000e+00;1.00000e+00;Pipeline { map_aggregate(attribute=PT08.S3(NOx), function=avg, window=5) | map_aggregate(attribute=NOx(GT), function=min, window=3) };8.87121e-01;1.00000e+00;1.00000e+00;Pipeline { map_aggregate(attribute=PT08.S3(NOx), function=avg, window=5) | map_aggregate(attribute=NOx(GT), function=min, window=3) };8.88767e-01;5.20354e-01;9.54126e-01;Pipeline { map_aggregate(attribute=NO2(GT), function=avg, window=5) | map_aggregate(attribute=NOx(GT), function=min, window=4) };8.87790e-01;1.00000e+00;1.00000e+00;Pipeline { map_aggregate(attribute=PT08.S3(NOx), function=avg, window=9) | map_aggregate(attribute=NOx(GT), function=min, window=4) };8.87790e-01;1.00000e+00;1.00000e+00;Pipeline { map_aggregate(attribute=PT08.S3(NOx), function=avg, window=9) | map_aggregate(attribute=NOx(GT), function=min, window=4) }
datasets/airQuality_parallel.csv;nsga2;4;27;2700;2700;1.23833e+02;100;1;1;1.00000e+00;1.00000e+00;8.60000e-01;8.90563e-01;1.00000e+00;1.00000e+00;Pipeline { map_aggregate(attribute=PT08.S5(O3), function=avg, window=10) | map_aggregate(attribute=NOx(GT), function=min, window=3) };8.87316e-01;1.00000e+00;1.00000e+00;Pipeline { map_aggregate(attribute=PT08.S5(O3), function=avg, window=6) | map_aggregate(attribute=NOx(GT), function=min, window=4) };8.87316e-01;1.00000e+00;1.00000e+00;Pipeline { map_aggregate(attribute=PT08.S5(O3), function=avg, window=6) | map_aggregate(attribute=NOx(GT), function=min, window=4) };8.88864e-01;4.71631e-01;9.32372e-01;Pipeline { map_aggregate(attribute=NO2(GT), function=avg, window=6) | map_aggregate(attribute=NOx(GT), function=min, window=4) };8.87794e-01;1.00000e+00;1.00000e+00;Pipeline { map_aggregate(attribute=PT08.S2(NMHC), function=avg, window=8) | map_aggregate(attribute=NOx(GT), function=min, window=5) };8.87794e-01;1.00000e+00;1.00000e+00;Pipeline { map_aggregate(attribute=PT08.S2(NMHC), function=avg, window=8) | map_aggregate(attribute=NOx(GT), function=min, window=5) }
datasets/airQuality_parallel.csv;nsga2;4;28;2800;2800;1.27956e+02;100;1;1;1.00000e+00;1.00000e+00;8.50000e-01;8.90563e-01;1.00000e+00;1.00000e+00;Pipeline { map_aggregate(attribute=PT08.S5(O3), function=avg, window=10) | map_aggregate(attribute=NOx(GT), function=min, window=3) };8.87367e-01;1.00000e+00;1.00000e+00;Pipeline { map_aggregate(attribute=RH, function=avg, window=6) | map_aggregate(attribute=NOx(GT), function=min, window=3) };8.87367e-01;1.00000e+00;1.00000e+00;Pipeline { map_aggregate(attribute=RH, function=avg, window=6) | map_aggregate(attribute=NOx(GT), function=min, window=3) };8.88887e-01;1.00000e+00;1.00000e+00;Pipeline { map_aggregate(attribute=C6H6(GT), function=avg, window=10) | map_aggregate(attribute=NOx(GT), function=min, window=3) };8.87798e-01;1.00000e+00;1.00000e+00;Pipeline { map_aggregate(attribute=PT08.S5(O3), function=avg, window=5) | map_aggregate(attribute=NOx(GT), function=min, window=3) };8.87798e-01;1.00000e+00;1.00000e+00;Pipeline { map_aggregate(attribute=PT08.S5(O3), function=avg, window=5) | map_aggregate(attribute=NOx(GT), function=min, window=3) }
datasets/airQuality_parallel.csv;nsga2;4;29;2900;2900;1.32149e+02;100;1;1;1.00000e+00;1.00000e+00;8.50000e-01;8.90563e-01;1.00000e+00;1.00000e+00;Pipeline { map_aggregate(attribute=PT08.S5(O3), function=avg, window=10) | map_aggregate(attribute=NOx(GT), function=min, window=3) };8.87372e-01;1.00000e+00;1.00000e+00;Pipeline { map_aggregate(attribute=C6H6(GT), function=avg, window=9) | map_aggregate(attribute=NOx(GT), function=min, window=7) };8.87372e-01;1.00000e+00;1.00000e+00;Pipeline { map_aggregate(attribute=C6H6(GT), function=avg, window=9) | map_aggregate(attribute=NOx(GT), function=min, window=7) };8.88887e-01;1.00000e+00;1.00000e+00;Pipeline { map_aggregate(attribute=C6H6(GT), function=avg, window=10) | map_aggregate(attribute=NOx(GT), function=min, window=3) };8.87811e-01;1.00000e+00;1.00000e+00;Pipeline { map_aggregate(attribute=PT08.S3(NOx), function=avg, window=7) | map_aggregate(attribute=NOx(GT), function=min, window=4) };8.87811e-01;1.00000e+00;1.00000e+00;Pipeline { map_aggregate(attribute=PT08.S3(NOx), function=avg, window=7) | map_aggregate(attribute=NOx(GT), function=min, window=4) }
datasets/airQuality_parallel.csv;nsga2;4;30;3000;3000;1.36541e+02;100;1;1;1.00000e+00;1.00000e+00;8.50000e-01;8.90563e-01;1.00000e+00;1.00000e+00;Pipeline { map_aggregate(attribute=PT08.S5(O3), function=avg, window=10) | map_aggregate(attribute=NOx(GT), function=min, window=3) };8.87450e-01;1.00000e+00;1.00000e+00;Pipeline { map_aggregate(attribute=PT08.S5(O3), function=avg, window=5) | map_aggregate(attribute=NOx(GT), function=min, window=4) };8.87450e-01;1.00000e+00;1.00000e+00;Pipeline { map_aggregate(attribute=PT08.S5(O3), function=avg, window=5) | map_aggregate(attribute=NOx(GT), function=min, window=4) };8.88887e-01;1.00000e+00;1.00000e+00;Pipeline { map_aggregate(attribute=C6H6(GT), function=avg, window=10) | map_aggregate(attribute=NOx(GT), function=min, window=3) };8.87811e-01;1.00000e+00;1.00000e+00;Pipeline { map_aggregate(attribute=PT08.S3(NOx), function=avg, window=7) | map_aggregate(attribute=NOx(GT), function=min, window=4) };8.87811e-01;1.00000e+00;1.00000e+00;Pipeline { map_aggregate(attribute=PT08.S3(NOx), function=avg, window=7) | map_aggregate(attribute=NOx(GT), function=min, window=4) }
datasets/airQuality_parallel.csv;nsga2;4;31;3100;3100;1.40822e+02;100;1;1;1.00000e+00;1.00000e+00;8.50000e-01;8.90563e-01;1.00000e+00;1.00000e+00;Pipeline { map_aggregate(attribute=PT08.S5(O3), function=avg, window=10) | map_aggregate(attribute=NOx(GT), function=min, window=3) };8.87513e-01;1.00000e+00;1.00000e+00;Pipeline { map_aggregate(attribute=PT08.S5(O3), function=avg, window=10) | map_aggregate(attribute=NOx(GT), function=min, window=5) };8.87513e-01;1.00000e+00;1.00000e+00;Pipeline { map_aggregate(attribute=PT08.S5(O3), function=avg, window=10) | map_aggregate(attribute=NOx(GT), function=min, window=5) };8.88887e-01;1.00000e+00;1.00000e+00;Pipeline { map_aggregate(attribute=C6H6(GT), function=avg, window=10) | map_aggregate(attribute=NOx(GT), function=min, window=3) };8.87823e-01;1.00000e+00;1.00000e+00;Pipeline { map_aggregate(attribute=PT08.S2(NMHC), function=avg, window=3) | map_aggregate(attribute=NOx(GT), function=min, window=3) };8.87823e-01;1.00000e+00;1.00000e+00;Pipeline { map_aggregate(attribute=PT08.S2(NMHC), function=avg, window=3) | map_aggregate(attribute=NOx(GT), function=min, window=3) }
datasets/airQuality_parallel.csv;nsga2;4;32;3200;3200;1.45161e+02;100;1;1;1.00000e+00;1.00000e+00;8.30000e-01;8.90563e-01;1.00000e+00;1.00000e+00;Pipeline { map_aggregate(attribute=PT08.S5(O3), function=avg, window=10) | map_aggregate(attribute=NOx(GT), function=min, window=3) };8.87555e-01;1.00000e+00;1.00000e+00;Pipeline { map_aggregate(attribute=PT08.S3(NOx), function=avg, window=6) | map_aggregate(attribute=NOx(GT), function=min, window=4) };8.87555e-01;1.00000e+00;1.00000e+00;Pipeline { map_aggregate(attribute=PT08.S3(NOx), function=avg, window=6) | map_aggregate(attribute=NOx(GT), function=min, window=4) };8.88915e-01;1.00000e+00;1.00000e+00;Pipeline { map_aggregate(attribute=C6H6(GT), function=avg, window=5) | map_aggregate(attribute=NOx(GT), function=min, window=5) };8.87824e-01;1.00000e+00;1.00000e+00;Pipeline { map_aggregate(attribute=C6H6(GT), function=avg, window=6) | map_aggregate(attribute=NOx(GT), function=min, window=4) };8.87824e-01;1.00000e+00;1.00000e+00;Pipeline { map_aggregate(attribute=C6H6(GT), function=avg, window=6) | map_aggregate(attribute=NOx(GT), function=min, window=4) }
datasets/airQuality_parallel.csv;nsga2;4;33;3300;3300;1.49958e+02;100;1;1;1.00000e+00;1.00000e+00;8.30000e-01;8.90563e-01;1.00000e+00;1.00000e+00;Pipeline { map_aggregate(attribute=PT08.S5(O3), function=avg, window=10) | map_aggregate(attribute=NOx(GT), function=min, window=3) };8.87583e-01;1.00000e+00;1.00000e+00;Pipeline { map_aggregate(attribute=PT08.S3(NOx), function=avg, window=3) | map_aggregate(attribute=NOx(GT), function=min, window=4) };8.87583e-01;1.00000e+00;1.00000e+00;Pipeline { map_aggregate(attribute=PT08.S3(NOx), function=avg, window=3) | map_aggregate(attribute=NOx(GT), function=min, window=4) };8.88915e-01;1.00000e+00;1.00000e+00;Pipeline { map_aggregate(attribute=C6H6(GT), function=avg, window=5) | map_aggregate(attribute=NOx(GT), function=min, window=5) };8.87932e-01;1.00000e+00;1.00000e+00;Pipeline { map_aggregate(attribute=PT08.S5(O3), function=avg, window=3) | map_aggregate(attribute=NOx(GT), function=min, window=4) };8.87932e-01;1.00000e+00;1.00000e+00;Pipeline { map_aggregate(attribute=PT08.S5(O3), function=avg, window=3) | map_aggregate(attribute=NOx(GT), function=min, window=4) }
datasets/airQuality_parallel.csv;nsga2;4;34;3400;3400;1.54544e+02;100;1;1;1.00000e+00;1.00000e+00;8.30000e-01;8.90563e-01;1.00000e+00;1.00000e+00;Pipeline { map_aggregate(attribute=PT08.S5(O3), function=avg, window=10) | map_aggregate(attribute=NOx(GT), function=min, window=3) };8.87583e-01;1.00000e+00;1.00000e+00;Pipeline { map_aggregate(attribute=PT08.S3(NOx), function=avg, window=3) | map_aggregate(attribute=NOx(GT), function=min, window=4) };8.87583e-01;1.00000e+00;1.00000e+00;Pipeline { map_aggregate(attribute=PT08.S3(NOx), function=avg, window=3) | map_aggregate(attribute=NOx(GT), function=min, window=4) };8.88915e-01;1.00000e+00;1.00000e+00;Pipeline { map_aggregate(attribute=C6H6(GT), function=avg, window=5) | map_aggregate(attribute=NOx(GT), function=min, window=5) };8.87932e-01;1.00000e+00;1.00000e+00;Pipeline { map_aggregate(attribute=PT08.S5(O3), function=avg, window=3) | map_aggregate(attribute=NOx(GT), function=min, window=4) };8.87932e-01;1.00000e+00;1.00000e+00;Pipeline { map_aggregate(attribute=PT08.S5(O3), function=avg, window=3) | map_aggregate(attribute=NOx(GT), function=min, window=4) }
datasets/airQuality_parallel.csv;nsga2;4;35;3500;3500;1.58919e+02;100;1;2;1.00000e+00;1.00000e+00;8.30000e-01;8.90563e-01;1.00000e+00;1.00000e+00;Pipeline { map_aggregate(attribute=PT08.S5(O3), function=avg, window=10) | map_aggregate(attribute=NOx(GT), function=min, window=3) };8.87599e-01;1.00000e+00;1.00000e+00;Pipeline { map_aggregate(attribute=C6H6(GT), function=avg, window=10) | map_aggregate(attribute=NOx(GT), function=min, window=6) };8.87599e-01;1.00000e+00;1.00000e+00;Pipeline { map_aggregate(attribute=C6H6(GT), function=avg, window=10) | map_aggregate(attribute=NOx(GT), function=min, window=6) };8.88915e-01;1.00000e+00;1.00000e+00;Pipeline { map_aggregate(attribute=C6H6(GT), function=avg, window=5) | map_aggregate(attribute=NOx(GT), function=min, window=5) };8.87969e-01;1.00000e+00;1.00000e+00;Pipeline { map_aggregate(attribute=PT08.S4(NO2), function=avg, window=4) | map_aggregate(attribute=NOx(GT), function=min, window=3) };8.87969e-01;1.00000e+00;1.00000e+00;Pipeline { map_aggregate(attribute=PT08.S4(NO2), function=avg, window=4) | map_aggregate(attribute=NOx(GT), function=min, window=3) }
datasets/airQuality_parallel.csv;nsga2;4;36;3600;3600;1.62918e+02;100;1;2;1.00000e+00;1.00000e+00;8.30000e-01;8.90563e-01;1.00000e+00;1.00000e+00;Pipeline { map_aggregate(attribute=PT08.S5(O3), function=avg, window=10) | map_aggregate(attribute=NOx(GT), function=min, window=3) };8.87599e-01;1.00000e+00;1.00000e+00;Pipeline { map_aggregate(attribute=C6H6(GT), function=avg, window=10) | map_aggregate(attribute=NOx(GT), function=min, window=6) };8.87599e-01;1.00000e+00;1.00000e+00;Pipeline { map_aggregate(attribute=C6H6(GT), function=avg, window=10) | map_aggregate(attribute=NOx(GT), function=min, window=6) };8.88915e-01;1.00000e+00;1.00000e+00;Pipeline { map_aggregate(attribute=C6H6(GT), function=avg, window=5) | map_aggregate(attribute=NOx(GT), function=min, window=5) };8.87969e-01;1.00000e+00;1.00000e+00;Pipeline { map_aggregate(attribute=PT08.S4(NO2), function=avg, window=4) | map_aggregate(attribute=NOx(GT), function=min, window=3) };8.87969e-01;1.00000e+00;1.00000e+00;Pipeline { map_aggregate(attribute=PT08.S4(NO2), function=avg, window=4) | map_aggregate(attribute=NOx(GT), function=min, window=3) }
datasets/airQuality_parallel.csv;nsga2;4;37;3700;3700;1.67575e+02;100;1;2;1.00000e+00;1.00000e+00;8.30000e-01;8.90563e-01;1.00000e+00;1.00000e+00;Pipeline { map_aggregate(attribute=PT08.S5(O3), function=avg, window=10) | map_aggregate(attribute=NOx(GT), function=min, window=3) };8.87617e-01;1.00000e+00;1.00000e+00;Pipeline { map_aggregate(attribute=PT08.S3(NOx), function=avg, window=9) | map_aggregate(attribute=NOx(GT), function=min, window=3) };8.87617e-01;1.00000e+00;1.00000e+00;Pipeline { map_aggregate(attribute=PT08.S3(NOx), function=avg, window=9) | map_aggregate(attribute=NOx(GT), function=min, window=3) };8.88915e-01;1.00000e+00;1.00000e+00;Pipeline { map_aggregate(attribute=C6H6(GT), function=avg, window=5) | map_aggregate(attribute=NOx(GT), function=min, window=5) };8.88008e-01;1.00000e+00;1.00000e+00;Pipeline { map_aggregate(attribute=PT08.S2(NMHC), function=avg, window=5) | map_aggregate(attribute=NOx(GT), function=min, window=3) };8.88008e-01;1.00000e+00;1.00000e+00;Pipeline { map_aggregate(attribute=PT08.S2(NMHC), function=avg, window=5) | map_aggregate(attribute=NOx(GT), function=min, window=3) }
datasets/airQuality_parallel.csv;nsga2;4;38;3800;3800;1.72191e+02;100;1;2;1.00000e+00;1.00000e+00;8.30000e-01;8.90563e-01;1.00000e+00;1.00000e+00;Pipeline { map_aggregate(attribute=PT08.S5(O3), function=avg, window=10) | map_aggregate(attribute=NOx(GT), function=min, window=3) };8.87617e-01;1.00000e+00;1.00000e+00;Pipeline { map_aggregate(attribute=PT08.S3(NOx), function=avg, window=9) | map_aggregate(attribute=NOx(GT), function=min, window=3) };8.87617e-01;1.00000e+00;1.00000e+00;Pipeline { map_aggregate(attribute=PT08.S3(NOx), function=avg, window=9) | map_aggregate(attribute=NOx(GT), function=min, window=3) };8.88915e-01;1.00000e+00;1.00000e+00;Pipeline { map_aggregate(attribute=C6H6(GT), function=avg, window=5) | map_aggregate(attribute=NOx(GT), function=min, window=5) };8.88008e-01;1.00000e+00;1.00000e+00;Pipeline { map_aggregate(attribute=PT08.S2(NMHC), function=avg, window=5) | map_aggregate(attribute=NOx(GT), function=min, window=3) };8.88008e-01;1.00000e+00;1.00000e+00;Pipeline { map_aggregate(attribute=PT08.S2(NMHC), function=avg, window=5) | map_aggregate(attribute=NOx(GT), function=min, window=3) }
datasets/airQuality_parallel.csv;nsga2;4;39;3900;3900;1.76510e+02;100;1;2;1.00000e+00;1.00000e+00;8.30000e-01;8.90563e-01;1.00000e+00;1.00000e+00;Pipeline { map_aggregate(attribute=PT08.S5(O3), function=avg, window=10) | map_aggregate(attribute=NOx(GT), function=min, window=3) };8.87617e-01;1.00000e+00;1.00000e+00;Pipeline { map_aggregate(attribute=PT08.S3(NOx), function=avg, window=9) | map_aggregate(attribute=NOx(GT), function=min, window=3) };8.87617e-01;1.00000e+00;1.00000e+00;Pipeline { map_aggregate(attribute=PT08.S3(NOx), function=avg, window=9) | map_aggregate(attribute=NOx(GT), function=min, window=3) };8.88915e-01;1.00000e+00;1.00000e+00;Pipeline { map_aggregate(attribute=C6H6(GT), function=avg, window=5) | map_aggregate(attribute=NOx(GT), function=min, window=5) };8.88008e-01;1.00000e+00;1.00000e+00;Pipeline { map_aggregate(attribute=PT08.S2(NMHC), function=avg, window=5) | map_aggregate(attribute=NOx(GT), function=min, window=3) };8.88008e-01;1.00000e+00;1.00000e+00;Pipeline { map_aggregate(attribute=PT08.S2(NMHC), function=avg, window=5) | map_aggregate(attribute=NOx(GT), function=min, window=3) }
datasets/airQuality_parallel.csv;nsga2;4;40;4000;4000;1.81220e+02;100;1;2;1.00000e+00;1.00000e+00;8.30000e-01;8.90563e-01;1.00000e+00;1.00000e+00;Pipeline { map_aggregate(attribute=PT08.S5(O3), function=avg, window=10) | map_aggregate(attribute=NOx(GT), function=min, window=3) };8.87617e-01;1.00000e+00;1.00000e+00;Pipeline { map_aggregate(attribute=PT08.S3(NOx), function=avg, window=9) | map_aggregate(attribute=NOx(GT), function=min, window=3) };8.87617e-01;1.00000e+00;1.00000e+00;Pipeline { map_aggregate(attribute=PT08.S3(NOx), function=avg, window=9) | map_aggregate(attribute=NOx(GT), function=min, window=3) };8.88915e-01;1.00000e+00;1.00000e+00;Pipeline { map_aggregate(attribute=C6H6(GT), function=avg, window=5) | map_aggregate(attribute=NOx(GT), function=min, window=5) };8.88008e-01;1.00000e+00;1.00000e+00;Pipeline { map_aggregate(attribute=PT08.S2(NMHC), function=avg, window=5) | map_aggregate(attribute=NOx(GT), function=min, window=3) };8.88008e-01;1.00000e+00;1.00000e+00;Pipeline { map_aggregate(attribute=PT08.S2(NMHC), function=avg, window=5) | map_aggregate(attribute=NOx(GT), function=min, window=3) }
datasets/airQuality_parallel.csv;nsga2;4;41;4100;4100;1.85710e+02;100;1;2;1.00000e+00;1.00000e+00;8.30000e-01;8.90563e-01;1.00000e+00;1.00000e+00;Pipeline { map_aggregate(attribute=PT08.S5(O3), function=avg, window=10) | map_aggregate(attribute=NOx(GT), function=min, window=3) };8.87617e-01;1.00000e+00;1.00000e+00;Pipeline { map_aggregate(attribute=PT08.S3(NOx), function=avg, window=9) | map_aggregate(attribute=NOx(GT), function=min, window=3) };8.87617e-01;1.00000e+00;1.00000e+00;Pipeline { map_aggregate(attribute=PT08.S3(NOx), function=avg, window=9) | map_aggregate(attribute=NOx(GT), function=min, window=3) };8.88915e-01;1.00000e+00;1.00000e+00;Pipeline { map_aggregate(attribute=C6H6(GT), function=avg, window=5) | map_aggregate(attribute=NOx(GT), function=min, window=5) };8.88008e-01;1.00000e+00;1.00000e+00;Pipeline { map_aggregate(attribute=PT08.S2(NMHC), function=avg, window=5) | map_aggregate(attribute=NOx(GT), function=min, window=3) };8.88008e-01;1.00000e+00;1.00000e+00;Pipeline { map_aggregate(attribute=PT08.S2(NMHC), function=avg, window=5) | map_aggregate(attribute=NOx(GT), function=min, window=3) }
datasets/airQuality_parallel.csv;nsga2;4;42;4200;4200;1.89957e+02;100;1;2;1.00000e+00;1.00000e+00;8.30000e-01;8.90563e-01;1.00000e+00;1.00000e+00;Pipeline { map_aggregate(attribute=PT08.S5(O3), function=avg, window=10) | map_aggregate(attribute=NOx(GT), function=min, window=3) };8.87617e-01;1.00000e+00;1.00000e+00;Pipeline { map_aggregate(attribute=PT08.S3(NOx), function=avg, window=9) | map_aggregate(attribute=NOx(GT), function=min, window=3) };8.87617e-01;1.00000e+00;1.00000e+00;Pipeline { map_aggregate(attribute=PT08.S3(NOx), function=avg, window=9) | map_aggregate(attribute=NOx(GT), function=min, window=3) };8.88915e-01;1.00000e+00;1.00000e+00;Pipeline { map_aggregate(attribute=C6H6(GT), function=avg, window=5) | map_aggregate(attribute=NOx(GT), function=min, window=5) };8.88008e-01;1.00000e+00;1.00000e+00;Pipeline { map_aggregate(attribute=PT08.S2(NMHC), function=avg, window=5) | map_aggregate(attribute=NOx(GT), function=min, window=3) };8.88008e-01;1.00000e+00;1.00000e+00;Pipeline { map_aggregate(attribute=PT08.S2(NMHC), function=avg, window=5) | map_aggregate(attribute=NOx(GT), function=min, window=3) }
datasets/airQuality_parallel.csv;nsga2;4;43;4300;4300;1.94504e+02;100;1;1;1.00000e+00;1.00000e+00;8.10000e-01;8.90563e-01;1.00000e+00;1.00000e+00;Pipeline { map_aggregate(attribute=PT08.S5(O3), function=avg, window=10) | map_aggregate(attribute=NOx(GT), function=min, window=3) };8.87636e-01;1.00000e+00;1.00000e+00;Pipeline { map_aggregate(attribute=PT08.S2(NMHC), function=avg, window=10) | map_aggregate(attribute=NOx(GT), function=min, window=3) };8.87636e-01;1.00000e+00;1.00000e+00;Pipeline { map_aggregate(attribute=PT08.S2(NMHC), function=avg, window=10) | map_aggregate(attribute=NOx(GT), function=min, window=3) };8.88916e-01;1.00000e+00;1.00000e+00;Pipeline { map_aggregate(attribute=PT08.S4(NO2), function=avg, window=10) | map_aggregate(attribute=NOx(GT), function=min, window=3) };8.88013e-01;1.00000e+00;1.00000e+00;Pipeline { map_aggregate(attribute=RH, function=avg, window=5) | map_aggregate(attribute=NOx(GT), function=min, window=3) };8.88013e-01;1.00000e+00;1.00000e+00;Pipeline { map_aggregate(attribute=RH, function=avg, window=5) | map_aggregate(attribute=NOx(GT), function=min, window=3) }
datasets/airQuality_parallel.csv;nsga2;4;44;4400;4400;1.99016e+02;100;1;3;1.00000e+00;1.00000e+00;8.10000e-01;8.90563e-01;1.00000e+00;1.00000e+00;Pipeline { map_aggregate(attribute=PT08.S5(O3), function=avg, window=10) | map_aggregate(attribute=NOx(GT), function=min, window=3) };8.87669e-01;1.00000e+00;1.00000e+00;Pipeline { map_aggregate(attribute=PT08.S3(NOx), function=avg, window=5) | map_aggregate(attribute=NOx(GT), function=min, window=4) };8.87669e-01;1.00000e+00;1.00000e+00;Pipeline { map_aggregate(attribute=PT08.S3(NOx), function=avg, window=5) | map_aggregate(attribute=NOx(GT), function=min, window=4) };8.88916e-01;1.00000e+00;1.00000e+00;Pipeline { map_aggregate(attribute=PT08.S4(NO2), function=avg, window=9) | map_aggregate(attribute=NOx(GT), function=min, window=3) };8.88082e-01;1.00000e+00;1.00000e+00;Pipeline { map_aggregate(attribute=C6H6(GT), function=avg, window=3) | map_aggregate(attribute=NOx(GT), function=min, window=5) };8.88082e-01;1.00000e+00;1.00000e+00;Pipeline { map_aggregate(attribute=C6H6(GT), function=avg, window=3) | map_aggregate(attribute=NOx(GT), function=min, window=5) }
datasets/airQuality_parallel.csv;nsga2;4;45;4500;4500;2.03804e+02;100;1;3;1.00000e+00;1.00000e+00;8.10000e-01;8.90563e-01;1.00000e+00;1.00000e+00;Pipeline { map_aggregate(attribute=PT08.S5(O3), function=avg, window=10) | map_aggregate(attribute=NOx(GT), function=min, window=3) };8.87669e-01;1.00000e+00;1.00000e+00;Pipeline { map_aggregate(attribute=PT08.S3(NOx), function=avg, window=5) | map_aggregate(attribute=NOx(GT), function=min, window=4) };8.87669e-01;1.00000e+00;1.00000e+00;Pipeline { map_aggregate(attribute=PT08.S3(NOx), function=avg, window=5) | map_aggregate(attribute=NOx(GT), function=min, window=4) };8.88916e-01;1.00000e+00;1.00000e+00;Pipeline { map_aggregate(attribute=PT08.S5(O3), function=avg, window=8) | map_aggregate(attribute=NOx(GT), function=min, window=3) };8.88082e-01;1.00000e+00;1.00000e+00;Pipeline { map_aggregate(attribute=C6H6(GT), function=avg, window=3) | map_aggregate(attribute=NOx(GT), function=min, window=5) };8.88082e-01;1.00000e+00;1.00000e+00;Pipeline { map_aggregate(attribute=C6H6(GT), function=avg, window=3) | map_aggregate(attribute=NOx(GT), function=min, window=5) }
datasets/airQuality_parallel.csv;nsga2;4;46;4600;4600;2.08172e+02;100;1;3;1.00000e+00;1.00000e+00;8.10000e-01;8.90563e-01;1.00000e+00;1.00000e+00;Pipeline { map_aggregate(attribute=PT08.S5(O3), function=avg, window=10) | map_aggregate(attribute=NOx(GT), function=min, window=3) };8.87669e-01;1.00000e+00;1.00000e+00;Pipeline { map_aggregate(attribute=PT08.S3(NOx), function=avg, window=5) | map_aggregate(attribute=NOx(GT), function=min, window=4) };8.87669e-01;1.00000e+00;1.00000e+00;Pipeline { map_aggregate(attribute=PT08.S3(NOx), function=avg, window=5) | map_aggregate(attribute=NOx(GT), function=min, window=4) };8.88916e-01;1.00000e+00;1.00000e+00;Pipeline { map_aggregate(attribute=PT08.S5(O3), function=avg, window=10) | map_aggregate(attribute=NOx(GT), function=min, window=4) };8.88082e-01;1.00000e+00;1.00000e+00;Pipeline { map_aggregate(attribute=C6H6(GT), function=avg, window=3) | map_aggregate(attribute=NOx(GT), function=min, window=5) };8.88082e-01;1.00000e+00;1.00000e+00;Pipeline { map_aggregate(attribute=C6H6(GT), function=avg, window=3) | map_aggregate(attribute=NOx(GT), function=min, window=5) }
datasets/airQuality_parallel.csv;nsga2;4;47;4700;4700;2.12832e+02;100;1;3;1.00000e+00;1.00000e+00;8.10000e-01;8.90563e-01;1.00000e+00;1.00000e+00;Pipeline { map_aggregate(attribute=PT08.S5(O3), function=avg, window=10) | map_aggregate(attribute=NOx(GT), function=min, window=3) };8.87669e-01;1.00000e+00;1.00000e+00;Pipeline { map_aggregate(attribute=PT08.S3(NOx), function=avg, window=5) | map_aggregate(attribute=NOx(GT), function=min, window=4) };8.87669e-01;1.00000e+00;1.00000e+00;Pipeline { map_aggregate(attribute=PT08.S3(NOx), function=avg, window=5) | map_aggregate(attribute=NOx(GT), function=min, window=4) };8.88916e-01;1.00000e+00;1.00000e+00;Pipeline { map_aggregate(attribute=PT08.S4(NO2), function=avg, window=9) | map_aggregate(attribute=NOx(GT), function=min, window=3) };8.88082e-01;1.00000e+00;1.00000e+00;Pipeline { map_aggregate(attribute=C6H6(GT), function=avg, window=3) | map_aggregate(attribute=NOx(GT), function=min, window=5) };8.88082e-01;1.00000e+00;1.00000e+00;Pipeline { map_aggregate(attribute=C6H6(GT), function=avg, window=3) | map_aggregate(attribute=NOx(GT), function=min, window=5) }
datasets/airQuality_parallel.csv;nsga2;4;48;4800;4800;2.17267e+02;100;1;2;1.00000e+00;1.00000e+00;8.10000e-01;8.90563e-01;1.00000e+00;1.00000e+00;Pipeline { map_aggregate(attribute=PT08.S5(O3), function=avg, window=10) | map_aggregate(attribute=NOx(GT), function=min, window=3) };8.87688e-01;1.00000e+00;1.00000e+00;Pipeline { map_aggregate(attribute=PT08.S2(NMHC), function=avg, window=8) | map_aggregate(attribute=NOx(GT), function=min, window=3) };8.87688e-01;1.00000e+00;1.00000e+00;Pipeline { map_aggregate(attribute=PT08.S2(NMHC), function=avg, window=8) | map_aggregate(attribute=NOx(GT), function=min, window=3) };8.88916e-01;1.00000e+00;1.00000e+00;Pipeline { map_aggregate(attribute=PT08.S5(O3), function=avg, window=8) | map_aggregate(attribute=NOx(GT), function=min, window=3) };8.88123e-01;1.00000e+00;1.00000e+00;Pipeline { map_aggregate(attribute=PT08.S4(NO2), function=avg, window=3) | map_aggregate(attribute=NOx(GT), function=min, window=3) };8.88123e-01;1.00000e+00;1.00000e+00;Pipeline { map_aggregate(attribute=PT08.S4(NO2), function=avg, window=3) | map_aggregate(attribute=NOx(GT), function=min, window=3) }
datasets/airQuality_parallel.csv;nsga2;4;49;4900;4900;2.21706e+02;100;1;2;1.00000e+00;1.00000e+00;8.20000e-01;8.90563e-01;1.00000e+00;1.00000e+00;Pipeline { map_aggregate(attribute=PT08.S5(O3), function=avg, window=10) | map_aggregate(attribute=NOx(GT), function=min, window=3) };8.87368e-01;1.00000e+00;1.00000e+00;Pipeline { map_aggregate(attribute=PT08.S5(O3), function=avg, window=6) | map_aggregate(attribute=NOx(GT), function=min, window=3) };8.87368e-01;1.00000e+00;1.00000e+00;Pipeline { map_aggregate(attribute=PT08.S5(O3), function=avg, window=6) | map_aggregate(attribute=NOx(GT), function=min, window=3) };8.88916e-01;1.00000e+00;1.00000e+00;Pipeline { map_aggregate(attribute=PT08.S5(O3), function=avg, window=10) | map_aggregate(attribute=NOx(GT), function=min, window=4) };8.88082e-01;1.00000e+00;1.00000e+00;Pipeline { map_aggregate(attribute=C6H6(GT), function=avg, window=3) | map_aggregate(attribute=NOx(GT), function=min, window=5) };8.88082e-01;1.00000e+00;1.00000e+00;Pipeline { map_aggregate(attribute=C6H6(GT), function=avg, window=3) | map_aggregate(attribute=NOx(GT), function=min, window=5) }
datasets/airQuality_parallel.csv;nsga2;4;50;5000;5000;2.25966e+02;100;1;2;1.00000e+00;1.00000e+00;8.20000e-01;8.90563e-01;1.00000e+00;1.00000e+00;Pipeline { map_aggregate(attribute=PT08.S5(O3), function=avg, window=10) | map_aggregate(attribute=NOx(GT), function=min, window=3) };8.87555e-01;1.00000e+00;1.00000e+00;Pipeline { map_aggregate(attribute=PT08.S3(NOx), function=avg, window=6) | map_aggregate(attribute=NOx(GT), function=min, window=4) };8.87555e-01;1.00000e+00;1.00000e+00;Pipeline { map_aggregate(attribute=PT08.S3(NOx), function=avg, window=6) | map_aggregate(attribute=NOx(GT), function=min, window=4) };8.88916e-01;1.00000e+00;1.00000e+00;Pipeline { map_aggregate(attribute=PT08.S4(NO2), function=avg, window=9) | map_aggregate(attribute=NOx(GT), function=min, window=3) };8.88082e-01;1.00000e+00;1.00000e+00;Pipeline { map_aggregate(attribute=C6H6(GT), function=avg, window=3) | map_aggregate(attribute=NOx(GT), function=min, window=5) };8.88082e-01;1.00000e+00;1.00000e+00;Pipeline { map_aggregate(attribute=C6H6(GT), function=avg, window=3) | map_aggregate(attribute=NOx(GT), function=min, window=5) }
datasets/airQuality_parallel.csv;nsga2;5;1;100;100;6.04800e+00;100;1;58;9.80000e-01;9.80000e-01;4.20000e-01;8.77204e-01;1.00000e+00;1.00000e+00;Pipeline { map_aggregate(attribute=PT08.S3(NOx), function=avg, window=7) | map_noise(attribute=NMHC(GT), percentage=0.25) };7.11560e-01;1.00000e+00;9.22924e-01;Pipeline { filter(NOx(GT) > 0.0000) | filter(NOx(GT) < 2190000000.0000) };8.67633e-01;1.00000e+00;1.00000e+00;Pipeline { map_noise(attribute=T, percentage=0.01) };6.69461e-01;8.93543e-01;8.90894e-01;Pipeline { map_noise(attribute=CO(GT), percentage=0.05) | map_duplicate(probability=0.30) | map_noise(attribute=AH, percentage=0.01) | map_noise(attribute=C6H6(GT), percentage=0.10) };6.69461e-01;8.93543e-01;8.90894e-01;Pipeline { map_noise(attribute=CO(GT), percentage=0.05) | map_duplicate(probability=0.30) | map_noise(attribute=AH, percentage=0.01) | map_noise(attribute=C6H6(GT), percentage=0.10) };5.05980e-01;9.01670e-01;7.59052e-01;Pipeline { map_duplicate(probability=0.80) | filter(PT08.S5(O3) > 0.0000) | map_noise(attribute=NOx(GT), percentage=0.10) }
datasets/airQuality_parallel.csv;nsga2;5;2;200;200;1.28860e+01;100;2;1;9.80000e-01;9.80000e-01;8.80000e-01;8.77204e-01;1.00000e+00;1.00000e+00;Pipeline { map_aggregate(attribute=PT08.S3(NOx), function=avg, window=7) | map_noise(attribute=NMHC(GT), percentage=0.25) };6.44135e-01;1.00000e+00;8.91984e-01;Pipeline { map_aggregate(attribute=NOx(GT), function=avg, window=7) | filter(NOx(GT) > 0.0517) | filter(NO2(GT) > 56.9000) | map_noise(attribute=PT08.S3(NOx), percentage=0.10) };8.44490e-01;1.00000e+00;1.00000e+00;Pipeline { map_aggregate(attribute=PT08.S3(NOx), function=avg, window=7) | map_aggregate(attribute=PT08.S1(CO), function=min, window=6) };8.68445e-01;9.85915e-01;9.54202e-01;Pipeline { map_noise(attribute=CO(GT), percentage=0.01) };8.69636e-01;1.00000e+00;1.00000e+00;Pipeline { map_noise(attribute=C6H6(GT), percentage=0.05) };8.70636e-01;1.00000e+00;1.00000e+00;Pipeline { map_aggregate(attribute=AH, function=avg, window=5) }
datasets/airQuality_parallel.csv;nsga2;5;3;300;300;1.97660e+01;100;1;1;9.90000e-01;9.90000e-01;9.40000e-01;8.80982e-01;1.00000e+00;1.00000e+00;Pipeline { map_aggregate(attribute=C6H6(GT), function=avg, window=4) };7.11560e-01;1.00000e+00;9.22924e-01;Pipeline { filter(NOx(GT) > 0.0000) | filter(NOx(GT) < 2190000000.0000) };8.44490e-01;1.00000e+00;1.00000e+00;Pipeline { map_aggregate(attribute=PT08.S3(NOx), function=avg, window=7) | map_aggregate(attribute=PT08.S1(CO), function=min, window=6) };8.71484e-01;1.00000e+00;1.00000e+00;Pipeline { map_aggregate(attribute=AH, function=min, window=7) };8.68042e-01;1.00000e+00;1.00000e+00;Pipeline { map_noise(attribute=C6H6(GT), percentage=0.01) };8.68239e-01;1.00000e+00;1.00000e+00;Pipeline { map_noise(attribute=NOx(GT), percentage=0.01) }
datasets/airQuality_parallel.csv;nsga2;5;4;400;400;2.37410e+01;100;1;1;9.90000e-01;9.90000e-01;9.30000e-01;8.84287e-01;1.00000e+00;1.00000e+00;Pipeline { map_aggregate(attribute=NOx(GT), function=min, window=4) | map_aggregate(attribute=NOx(GT), function=avg, window=6) };8.69828e-01;1.00000e+00;1.00000e+00;Pipeline { map_noise(attribute=NOx(GT), percentage=0.05) };8.69828e-01;1.00000e+00;1.00000e+00;Pipeline { map_noise(attribute=NOx(GT), percentage=0.05) };8.79013e-01;1.00000e+00;1.00000e+00;Pipeline { map_noise(attribute=NMHC(GT), percentage=0.10) | map_aggregate(attribute=NOx(GT), function=avg, window=3) };8.71484e-01;1.00000e+00;1.00000e+00;Pipeline { map_noise(attribute=NMHC(GT), percentage=0.10) | map_noise(attribute=PT08.S4(NO2), percentage=0.05) };8.71484e-01;1.00000e+00;1.00000e+00;Pipeline { map_noise(attribute=NMHC(GT), percentage=0.10) | map_noise(attribute=PT08.S4(NO2), percentage=0.05) }
datasets/airQuality_parallel.csv;nsga2;5;5;500;500;2.78640e+01;100;1;1;9.90000e-01;9.90000e-01;9.40000e-01;8.84466e-01;1.00000e+00;1.00000e+00;Pipeline { map_aggregate(attribute=NOx(GT), function=min, window=4) | map_aggregate(attribute=PT08.S1(CO), function=avg, window=6) };8.71773e-01;1.00000e+00;1.00000e+00;Pipeline { map_aggregate(attribute=T, function=min, window=7) };8.71773e-01;1.00000e+00;1.00000e+00;Pipeline { map_aggregate(attribute=T, function=min, window=7) };8.80572e-01;2.80543e-01;7.03269e-01;Pipeline { map_aggregate(attribute=CO(GT), function=avg, window=3) };8.76137e-01;1.00000e+00;1.00000e+00;Pipeline { map_aggregate(attribute=RH, function=avg, window=6) | map_noise(attribute=NMHC(GT), percentage=0.10) };8.76137e-01;1.00000e+00;1.00000e+00;Pipeline { map_aggregate(attribute=RH, function=avg, window=6) | map_noise(attribute=NMHC(GT), percentage=0.10) }
datasets/airQuality_parallel.csv;nsga2;5;6;600;600;3.26600e+01;100;1;2;1.00000e+00;1.00000e+00;8.50000e-01;8.84466e-01;1.00000e+00;1.00000e+00;Pipeline { map_aggregate(attribute=NOx(GT), function=min, window=4) | map_aggregate(attribute=PT08.S1(CO), function=avg, window=6) };8.75339e-01;1.00000e+00;1.00000e+00;Pipeline { map_aggregate(attribute=PT08.S3(NOx), function=avg, window=7) | map_noise(attribute=PT08.S1(CO), percentage=0.10) };8.75339e-01;1.00000e+00;1.00000e+00;Pipeline { map_aggregate(attribute=PT08.S3(NOx), function=avg, window=7) | map_noise(attribute=PT08.S1(CO), percentage=0.10) };8.81105e-01;1.00000e+00;1.00000e+00;Pipeline { map_noise(attribute=NMHC(GT), percentage=0.10) | map_aggregate(attribute=C6H6(GT), function=avg, window=3) };8.78966e-01;1.00000e+00;1.00000e+00;Pipeline { map_aggregate(attribute=PT08.S3(NOx), function=avg, window=6) | map_noise(attribute=NOx(GT), percentage=0.10) };8.78966e-01;1.00000e+00;1.00000e+00;Pipeline { map_aggregate(attribute=PT08.S3(NOx), function=avg, window=6) | map_noise(attribute=NOx(GT), percentage=0.10) }
datasets/airQuality_parallel.csv;nsga2;5;7;700;700;3.70030e+01;100;2;1;1.00000e+00;1.00000e+00;8.60000e-01;8.89148e-01;4.50355e-01;9.23203e-01;Pipeline { map_aggregate(attribute=NOx(GT), function=min, window=4) | map_aggregate(attribute=NO2(GT), function=avg, window=10) };8.78954e-01;1.00000e+00;1.00000e+00;Pipeline { map_aggregate(attribute=PT08.S1(CO), function=avg, window=6) };8.78954e-01;1.00000e+00;1.00000e+00;Pipeline { map_aggregate(attribute=PT08.S1(CO), function=avg, window=6) };8.81872e-01;1.00000e+00;1.00000e+00;Pipeline { map_noise(attribute=NMHC(GT), percentage=0.25) | map_aggregate(attribute=C6H6(GT), function=avg, window=3) };8.80009e-01;1.00000e+00;1.00000e+00;Pipeline { map_noise(attribute=PT08.S3(NOx), percentage=0.05) | map_aggregate(attribute=C6H6(GT), function=avg, window=7) };8.80009e-01;1.00000e+00;1.00000e+00;Pipeline { map_noise(attribute=PT08.S3(NOx), percentage=0.05) | map_aggregate(attribute=C6H6(GT), function=avg, window=7) }
datasets/airQuality_parallel.csv;nsga2;5;8;800;800;4.13720e+01;100;2;1;1.00000e+00;1.00000e+00;8.70000e-01;8.89148e-01;4.50355e-01;9.23203e-01;Pipeline { map_aggregate(attribute=NOx(GT), function=min, window=4) | map_aggregate(attribute=NO2(GT), function=avg, window=10) };8.79833e-01;1.00000e+00;1.00000e+00;Pipeline { map_aggregate(attribute=PT08.S1(CO), function=avg, window=3) };8.79833e-01;1.00000e+00;1.00000e+00;Pipeline { map_aggregate(attribute=PT08.S1(CO), function=avg, window=3) };8.82183e-01;1.50628e-01;8.45608e-01;Pipeline { map_aggregate(attribute=NO2(GT), function=min, window=5) };8.80744e-01;1.00000e+00;1.00000e+00;Pipeline { map_aggregate(attribute=PT08.S4(NO2), function=avg, window=4) | map_noise(attribute=NMHC(GT), percentage=0.10) };8.80744e-01;1.00000e+00;1.00000e+00;Pipeline { map_aggregate(attribute=PT08.S4(NO2), function=avg, window=4) | map_noise(attribute=NMHC(GT), percentage=0.10) }
datasets/airQuality_parallel.csv;nsga2;5;9;900;900;4.61870e+01;100;2;1;1.00000e+00;1.00000e+00;8.90000e-01;8.89148e-01;4.50355e-01;9.23203e-01;Pipeline { map_aggregate(attribute=NOx(GT), function=min, window=4) | map_aggregate(attribute=NO2(GT), function=avg, window=10) };8.80631e-01;1.00000e+00;1.00000e+00;Pipeline { map_noise(attribute=C6H6(GT), percentage=0.10) | map_aggregate(attribute=C6H6(GT), function=avg, window=9) };8.80631e-01;1.00000e+00;1.00000e+00;Pipeline { map_noise(attribute=C6H6(GT), percentage=0.10) | map_aggregate(attribute=C6H6(GT), function=avg, window=9) };8.82560e-01;1.50628e-01;8.45608e-01;Pipeline { map_aggregate(attribute=NO2(GT), function=min, window=5) | map_noise(attribute=C6H6(GT), percentage=0.10) };8.81172e-01;1.00000e+00;1.00000e+00;Pipeline { map_noise(attribute=PT08.S3(NOx), percentage=0.01) | map_aggregate(attribute=C6H6(GT), function=avg, window=3) };8.81172e-01;1.00000e+00;1.00000e+00;Pipeline { map_noise(attribute=PT08.S3(NOx), percentage=0.01) | map_aggregate(attribute=C6H6(GT), function=avg, window=3) }
datasets/airQuality_parallel.csv;nsga2;5;10;1000;1000;5.04730e+01;100;2;1;1.00000e+00;1.00000e+00;9.50000e-01;8.89148e-01;4.50355e-01;9.23203e-01;Pipeline { map_aggregate(attribute=NOx(GT), function=min, window=4) | map_aggregate(attribute=NO2(GT), function=avg, window=10) };8.81191e-01;1.00000e+00;1.00000e+00;Pipeline { map_noise(attribute=NMHC(GT), percentage=0.10) | map_aggregate(attribute=C6H6(GT), function=avg, window=4) };8.81191e-01;1.00000e+00;1.00000e+00;Pipeline { map_noise(attribute=NMHC(GT), percentage=0.10) | map_aggregate(attribute=C6H6(GT), function=avg, window=4) };8.83121e-01;1.00000e+00;1.00000e+00;Pipeline { map_noise(attribute=NOx(GT), percentage=0.25) | map_aggregate(attribute=NOx(GT), function=min, window=3) };8.81843e-01;1.00000e+00;1.00000e+00;Pipeline { map_noise(attribute=C6H6(GT), percentage=0.01) | map_aggregate(attribute=PT08.S4(NO2), function=avg, window=6) };8.81843e-01;1.00000e+00;1.00000e+00;Pipeline { map_noise(attribute=C6H6(GT), percentage=0.01) | map_aggregate(attribute=PT08.S4(NO2), function=avg, window=6) }
datasets/airQuality_parallel.csv;nsga2;5;11;1100;1100;5.49350e+01;100;3;1;1.00000e+00;1.00000e+00;9.30000e-01;8.89148e-01;4.50355e-01;9.23203e-01;Pipeline { map_aggregate(attribute=NOx(GT), function=min, window=4) | map_aggregate(attribute=NO2(GT), function=avg, window=10) };8.81800e-01;1.00000e+00;1.00000e+00;Pipeline { map_noise(attribute=NMHC(GT), percentage=0.10) | map_aggregate(attribute=PT08.S5(O3), function=avg, window=5) };8.81800e-01;1.00000e+00;1.00000e+00;Pipeline { map_noise(attribute=NMHC(GT), percentage=0.10) | map_aggregate(attribute=PT08.S5(O3), function=avg, window=5) };8.84278e-01;1.00000e+00;1.00000e+00;Pipeline { map_aggregate(attribute=NOx(GT), function=min, window=4) | map_noise(attribute=PT08.S5(O3), percentage=0.01) };8.83010e-01;1.00000e+00;1.00000e+00;Pipeline { map_noise(attribute=T, percentage=0.10) | map_aggregate(attribute=NOx(GT), function=min, window=5) };8.83010e-01;1.00000e+00;1.00000e+00;Pipeline { map_noise(attribute=T, percentage=0.10) | map_aggregate(attribute=NOx(GT), function=min, window=5) }
datasets/airQuality_parallel.csv;nsga2;5;12;1200;1200;5.92300e+01;100;2;2;1.00000e+00;1.00000e+00;9.70000e-01;8.89148e-01;4.50355e-01;9.23203e-01;Pipeline { map_aggregate(attribute=NOx(GT), function=min, window=4) | map_aggregate(attribute=NO2(GT), function=avg, window=10) };8.82217e-01;1.00000e+00;1.00000e+00;Pipeline { map_aggregate(attribute=PT08.S4(NO2), function=avg, window=9) };8.82217e-01;1.00000e+00;1.00000e+00;Pipeline { map_aggregate(attribute=PT08.S4(NO2), function=avg, window=9) };8.84636e-01;1.50628e-01;8.45608e-01;Pipeline { map_aggregate(attribute=NO2(GT), function=min, window=5) | map_aggregate(attribute=PT08.S1(CO), function=avg, window=7) };8.84139e-01;1.00000e+00;1.00000e+00;Pipeline { map_noise(attribute=RH, percentage=0.01) | map_aggregate(attribute=NOx(GT), function=min, window=3) };8.84139e-01;1.00000e+00;1.00000e+00;Pipeline { map_noise(attribute=RH, percentage=0.01) | map_aggregate(attribute=NOx(GT), function=min, window=3) }
datasets/airQuality_parallel.csv;nsga2;5;13;1300;1300;6.36870e+01;100;3;2;1.00000e+00;1.00000e+00;9.50000e-01;8.89148e-01;4.50355e-01;9.23203e-01;Pipeline { map_aggregate(attribute=NOx(GT), function=min, window=4) | map_aggregate(attribute=NO2(GT), function=avg, window=10) };8.82405e-01;1.00000e+00;1.00000e+00;Pipeline { map_noise(attribute=PT08.S1(CO), percentage=0.01) | map_aggregate(attribute=C6H6(GT), function=avg, window=3) };8.82405e-01;1.00000e+00;1.00000e+00;Pipeline { map_noise(attribute=PT08.S1(CO), percentage=0.01) | map_aggregate(attribute=C6H6(GT), function=avg, window=3) };8.85149e-01;8.77133e-01;8.28117e-01;Pipeline { map_noise(attribute=CO(GT), percentage=0.10) | map_aggregate(attribute=NOx(GT), function=min, window=4) };8.84176e-01;1.00000e+00;1.00000e+00;Pipeline { map_noise(attribute=T, percentage=0.01) | map_aggregate(attribute=NOx(GT), function=min, window=4) };8.84176e-01;1.00000e+00;1.00000e+00;Pipeline { map_noise(attribute=T, percentage=0.01) | map_aggregate(attribute=NOx(GT), function=min, window=4) }
datasets/airQuality_parallel.csv;nsga2;5;14;1400;1400;6.98770e+01;100;3;4;1.00000e+00;1.00000e+00;9.40000e-01;8.89148e-01;4.50355e-01;9.23203e-01;Pipeline { map_aggregate(attribute=NOx(GT), function=min, window=4) | map_aggregate(attribute=NO2(GT), function=avg, window=10) };8.83010e-01;1.00000e+00;1.00000e+00;Pipeline { map_noise(attribute=T, percentage=0.10) | map_aggregate(attribute=NOx(GT), function=min, window=5) };8.83010e-01;1.00000e+00;1.00000e+00;Pipeline { map_noise(attribute=T, percentage=0.10) | map_aggregate(attribute=NOx(GT), function=min, window=5) };8.85792e-01;5.20354e-01;9.54126e-01;Pipeline { map_aggregate(attribute=PT08.S3(NOx), function=avg, window=10) | map_aggregate(attribute=NO2(GT), function=avg, window=5) };8.84233e-01;1.00000e+00;1.00000e+00;Pipeline { map_noise(attribute=PT08.S1(CO), percentage=0.01) | map_aggregate(attribute=NOx(GT), function=min, window=3) };8.84233e-01;1.00000e+00;1.00000e+00;Pipeline { map_noise(attribute=PT08.S1(CO), percentage=0.01) | map_aggregate(attribute=NOx(GT), function=min, window=3) }
datasets/airQuality_parallel.csv;nsga2;5;15;1500;1500;7.46820e+01;100;1;1;1.00000e+00;1.00000e+00;9.20000e-01;8.90563e-01;1.00000e+00;1.00000e+00;Pipeline { map_aggregate(attribute=NOx(GT), function=min, window=3) | map_aggregate(attribute=PT08.S5(O3), function=avg, window=10) };8.83973e-01;1.00000e+00;1.00000e+00;Pipeline { map_noise(attribute=PT08.S5(O3), percentage=0.05) | map_aggregate(attribute=NOx(GT), function=min, window=3) };8.83973e-01;1.00000e+00;1.00000e+00;Pipeline { map_noise(attribute=PT08.S5(O3), percentage=0.05) | map_aggregate(attribute=NOx(GT), function=min, window=3) };8.86670e-01;1.00000e+00;1.00000e+00;Pipeline { map_aggregate(attribute=NOx(GT), function=min, window=4) | map_noise(attribute=T, percentage=0.25) };8.84300e-01;1.00000e+00;1.00000e+00;Pipeline { map_aggregate(attribute=RH, function=max, window=9) | map_aggregate(attribute=NOx(GT), function=min, window=3) };8.84300e-01;1.00000e+00;1.00000e+00;Pipeline { map_aggregate(attribute=RH, function=max, window=9) | map_aggregate(attribute=NOx(GT), function=min, window=3) }
datasets/airQuality_parallel.csv;nsga2;5;16;1600;1600;7.91680e+01;100;1;1;1.00000e+00;1.00000e+00;9.00000e-01;8.90563e-01;1.00000e+00;1.00000e+00;Pipeline { map_aggregate(attribute=NOx(GT), function=min, window=3) | map_aggregate(attribute=PT08.S5(O3), function=avg, window=10) };8.84184e-01;1.00000e+00;1.00000e+00;Pipeline { map_aggregate(attribute=NOx(GT), function=min, window=4) | map_aggregate(attribute=RH, function=max, window=9) };8.84184e-01;1.00000e+00;1.00000e+00;Pipeline { map_aggregate(attribute=NOx(GT), function=min, window=4) | map_aggregate(attribute=RH, function=max, window=9) };8.86831e-01;1.00000e+00;1.00000e+00;Pipeline { map_aggregate(attribute=NOx(GT), function=min, window=4) | map_aggregate(attribute=RH, function=avg, window=6) };8.84488e-01;1.00000e+00;1.00000e+00;Pipeline { map_aggregate(attribute=NOx(GT), function=min, window=4) | map_noise(attribute=RH, percentage=0.05) };8.84488e-01;1.00000e+00;1.00000e+00;Pipeline { map_aggregate(attribute=NOx(GT), function=min, window=4) | map_noise(attribute=RH, percentage=0.05) }
datasets/airQuality_parallel.csv;nsga2;5;17;1700;1700;8.34640e+01;100;1;6;1.00000e+00;1.00000e+00;9.00000e-01;8.90563e-01;1.00000e+00;1.00000e+00;Pipeline { map_aggregate(attribute=NOx(GT), function=min, window=3) | map_aggregate(attribute=PT08.S5(O3), function=avg, window=10) };8.84300e-01;1.00000e+00;1.00000e+00;Pipeline { map_noise(attribute=NMHC(GT), percentage=0.10) | map_aggregate(attribute=NOx(GT), function=min, window=3) };8.84300e-01;1.00000e+00;1.00000e+00;Pipeline { map_noise(attribute=NMHC(GT), percentage=0.10) | map_aggregate(attribute=NOx(GT), function=min, window=3) };8.87367e-01;1.00000e+00;1.00000e+00;Pipeline { map_aggregate(attribute=RH, function=avg, window=6) | map_aggregate(attribute=NOx(GT), function=min, window=3) };8.84897e-01;1.00000e+00;1.00000e+00;Pipeline { map_aggregate(attribute=RH, function=max, window=4) | map_aggregate(attribute=NOx(GT), function=min, window=3) };8.84897e-01;1.00000e+00;1.00000e+00;Pipeline { map_aggregate(attribute=RH, function=max, window=4) | map_aggregate(attribute=NOx(GT), function=min, window=3) }
datasets/airQuality_parallel.csv;nsga2;5;18;1800;1800;8.77130e+01;100;2;2;1.00000e+00;1.00000e+00;9.50000e-01;8.90563e-01;1.00000e+00;1.00000e+00;Pipeline { map_aggregate(attribute=NOx(GT), function=min, window=3) | map_aggregate(attribute=PT08.S5(O3), function=avg, window=10) };8.84520e-01;1.00000e+00;1.00000e+00;Pipeline { map_aggregate(attribute=NOx(GT), function=min, window=4) | map_aggregate(attribute=NMHC(GT), function=min, window=7) };8.84520e-01;1.00000e+00;1.00000e+00;Pipeline { map_aggregate(attribute=NOx(GT), function=min, window=4) | map_aggregate(attribute=NMHC(GT), function=min, window=7) };8.87636e-01;1.00000e+00;1.00000e+00;Pipeline { map_aggregate(attribute=PT08.S2(NMHC), function=avg, window=10) | map_aggregate(attribute=NOx(GT), function=min, window=3) };8.85538e-01;1.00000e+00;1.00000e+00;Pipeline { map_aggregate(attribute=NOx(GT), function=min, window=4) | map_noise(attribute=C6H6(GT), percentage=0.05) };8.85538e-01;1.00000e+00;1.00000e+00;Pipeline { map_aggregate(attribute=NOx(GT), function=min, window=4) | map_noise(attribute=C6H6(GT), percentage=0.05) }
datasets/airQuality_parallel.csv;nsga2;5;19;1900;1900;9.22040e+01;100;2;1;1.00000e+00;1.00000e+00;9.50000e-01;8.90563e-01;1.00000e+00;1.00000e+00;Pipeline { map_aggregate(attribute=NOx(GT), function=min, window=3) | map_aggregate(attribute=PT08.S5(O3), function=avg, window=10) };8.84868e-01;1.00000e+00;1.00000e+00;Pipeline { map_aggregate(attribute=NMHC(GT), function=avg, window=6) | map_aggregate(attribute=NOx(GT), function=min, window=3) };8.84868e-01;1.00000e+00;1.00000e+00;Pipeline { map_aggregate(attribute=NMHC(GT), function=avg, window=6) | map_aggregate(attribute=NOx(GT), function=min, window=3) };8.87798e-01;1.00000e+00;1.00000e+00;Pipeline { map_aggregate(attribute=PT08.S5(O3), function=avg, window=5) | map_aggregate(attribute=NOx(GT), function=min, window=3) };8.85934e-01;1.00000e+00;1.00000e+00;Pipeline { map_aggregate(attribute=NOx(GT), function=min, window=9) | map_aggregate(attribute=C6H6(GT), function=avg, window=10) };8.85934e-01;1.00000e+00;1.00000e+00;Pipeline { map_aggregate(attribute=NOx(GT), function=min, window=9) | map_aggregate(attribute=C6H6(GT), function=avg, window=10) }
datasets/airQuality_parallel.csv;nsga2;5;20;2000;2000;9.62300e+01;100;2;1;1.00000e+00;1.00000e+00;9.20000e-01;8.90563e-01;1.00000e+00;1.00000e+00;Pipeline { map_aggregate(attribute=NOx(GT), function=min, window=3) | map_aggregate(attribute=PT08.S5(O3), function=avg, window=10) };8.85185e-01;1.00000e+00;1.00000e+00;Pipeline { map_aggregate(attribute=NOx(GT), function=min, window=4) | map_aggregate(attribute=T, function=min, window=5) };8.85185e-01;1.00000e+00;1.00000e+00;Pipeline { map_aggregate(attribute=NOx(GT), function=min, window=4) | map_aggregate(attribute=T, function=min, window=5) };8.88139e-01;4.83126e-01;9.18060e-01;Pipeline { map_aggregate(attribute=NO2(GT), function=avg, window=9) | map_aggregate(attribute=NOx(GT), function=min, window=3) };8.86433e-01;1.00000e+00;1.00000e+00;Pipeline { map_aggregate(attribute=NOx(GT), function=min, window=5) | map_aggregate(attribute=PT08.S3(NOx), function=avg, window=9) };8.86433e-01;1.00000e+00;1.00000e+00;Pipeline { map_aggregate(attribute=NOx(GT), function=min, window=5) | map_aggregate(attribute=PT08.S3(NOx), function=avg, window=9) }
datasets/airQuality_parallel.csv;nsga2;5;21;2100;2100;1.01495e+02;100;2;1;1.00000e+00;1.00000e+00;8.80000e-01;8.90563e-01;1.00000e+00;1.00000e+00;Pipeline { map_aggregate(attribute=NOx(GT), function=min, window=3) | map_aggregate(attribute=PT08.S5(O3), function=avg, window=10) };8.85612e-01;1.00000e+00;1.00000e+00;Pipeline { map_aggregate(attribute=NOx(GT), function=min, window=5) | map_aggregate(attribute=PT08.S5(O3), function=avg, window=3) };8.85612e-01;1.00000e+00;1.00000e+00;Pipeline { map_aggregate(attribute=NOx(GT), function=min, window=5) | map_aggregate(attribute=PT08.S5(O3), function=avg, window=3) };8.88727e-01;1.00000e+00;1.00000e+00;Pipeline { map_aggregate(attribute=NOx(GT), function=min, window=5) | map_aggregate(attribute=C6H6(GT), function=avg, window=9) };8.86670e-01;1.00000e+00;1.00000e+00;Pipeline { map_aggregate(attribute=NOx(GT), function=min, window=4) | map_noise(attribute=T, percentage=0.25) };8.86670e-01;1.00000e+00;1.00000e+00;Pipeline { map_aggregate(attribute=NOx(GT), function=min, window=4) | map_noise(attribute=T, percentage=0.25) }
datasets/airQuality_parallel.csv;nsga2;5;22;2200;2200;1.05439e+02;100;2;2;1.00000e+00;1.00000e+00;8.60000e-01;8.90563e-01;1.00000e+00;1.00000e+00;Pipeline { map_aggregate(attribute=NOx(GT), function=min, window=3) | map_aggregate(attribute=PT08.S5(O3), function=avg, window=10) };8.86255e-01;1.00000e+00;1.00000e+00;Pipeline { map_aggregate(attribute=NOx(GT), function=min, window=4) | map_aggregate(attribute=RH, function=avg, window=10) };8.86255e-01;1.00000e+00;1.00000e+00;Pipeline { map_aggregate(attribute=NOx(GT), function=min, window=4) | map_aggregate(attribute=RH, function=avg, window=10) };8.88767e-01;5.20354e-01;9.54126e-01;Pipeline { map_aggregate(attribute=NOx(GT), function=min, window=4) | map_aggregate(attribute=NO2(GT), function=avg, window=5) };8.86889e-01;1.00000e+00;1.00000e+00;Pipeline { map_aggregate(attribute=NOx(GT), function=min, window=8) | map_aggregate(attribute=C6H6(GT), function=avg, window=9) };8.86889e-01;1.00000e+00;1.00000e+00;Pipeline { map_aggregate(attribute=NOx(GT), function=min, window=8) | map_aggregate(attribute=C6H6(GT), function=avg, window=9) }
datasets/airQuality_parallel.csv;nsga2;5;23;2300;2300;1.09684e+02;100;2;1;1.00000e+00;1.00000e+00;8.50000e-01;8.90563e-01;1.00000e+00;1.00000e+00;Pipeline { map_aggregate(attribute=NOx(GT), function=min, window=3) | map_aggregate(attribute=PT08.S5(O3), function=avg, window=10) };8.86386e-01;1.00000e+00;1.00000e+00;Pipeline { map_aggregate(attribute=NOx(GT), function=min, window=5) | map_aggregate(attribute=PT08.S3(NOx), function=avg, window=5) };8.86386e-01;1.00000e+00;1.00000e+00;Pipeline { map_aggregate(attribute=NOx(GT), function=min, window=5) | map_aggregate(attribute=PT08.S3(NOx), function=avg, window=5) };8.88864e-01;4.71631e-01;9.32372e-01;Pipeline { map_aggregate(attribute=NO2(GT), function=avg, window=6) | map_aggregate(attribute=NOx(GT), function=min, window=4) };8.87088e-01;1.00000e+00;1.00000e+00;Pipeline { map_aggregate(attribute=NOx(GT), function=min, window=8) | map_aggregate(attribute=C6H6(GT), function=avg, window=10) };8.87088e-01;1.00000e+00;1.00000e+00;Pipeline { map_aggregate(attribute=NOx(GT), function=min, window=8) | map_aggregate(attribute=C6H6(GT), function=avg, window=10) }
datasets/airQuality_parallel.csv;nsga2;5;24;2400;2400;1.13869e+02;100;2;1;1.00000e+00;1.00000e+00;8.30000e-01;8.90563e-01;1.00000e+00;1.00000e+00;Pipeline { map_aggregate(attribute=NOx(GT), function=min, window=3) | map_aggregate(attribute=PT08.S5(O3), function=avg, window=10) };8.86595e-01;1.00000e+00;1.00000e+00;Pipeline { map_aggregate(attribute=NOx(GT), function=min, window=3) | map_aggregate(attribute=RH, function=avg, window=8) };8.86595e-01;1.00000e+00;1.00000e+00;Pipeline { map_aggregate(attribute=NOx(GT), function=min, window=3) | map_aggregate(attribute=RH, function=avg, window=8) };8.88887e-01;1.00000e+00;1.00000e+00;Pipeline { map_aggregate(attribute=NOx(GT), function=min, window=3) | map_aggregate(attribute=C6H6(GT), function=avg, window=10) };8.87513e-01;1.00000e+00;1.00000e+00;Pipeline { map_aggregate(attribute=NOx(GT), function=min, window=5) | map_aggregate(attribute=PT08.S5(O3), function=avg, window=10) };8.87513e-01;1.00000e+00;1.00000e+00;Pipeline { map_aggregate(attribute=NOx(GT), function=min, window=5) | map_aggregate(attribute=PT08.S5(O3), function=avg, window=10) }
datasets/airQuality_parallel.csv;nsga2;5;25;2500;2500;1.18130e+02;100;2;1;1.00000e+00;1.00000e+00;8.00000e-01;8.90563e-01;1.00000e+00;1.00000e+00;Pipeline { map_aggregate(attribute=NOx(GT), function=min, window=3) | map_aggregate(attribute=PT08.S5(O3), function=avg, window=10) };8.86831e-01;1.00000e+00;1.00000e+00;Pipeline { map_aggregate(attribute=NOx(GT), function=min, window=4) | map_aggregate(attribute=RH, function=avg, window=6) };8.86831e-01;1.00000e+00;1.00000e+00;Pipeline { map_aggregate(attribute=NOx(GT), function=min, window=4) | map_aggregate(attribute=RH, function=avg, window=6) };8.88887e-01;1.00000e+00;1.00000e+00;Pipeline { map_aggregate(attribute=NOx(GT), function=min, window=4) | map_aggregate(attribute=C6H6(GT), function=avg, window=8) };8.87669e-01;1.00000e+00;1.00000e+00;Pipeline { map_aggregate(attribute=NOx(GT), function=min, window=4) | map_aggregate(attribute=PT08.S3(NOx), function=avg, window=5) };8.87669e-01;1.00000e+00;1.00000e+00;Pipeline { map_aggregate(attribute=NOx(GT), function=min, window=4) | map_aggregate(attribute=PT08.S3(NOx), function=avg, window=5) }
datasets/airQuality_parallel.csv;nsga2;5;26;2600;2600;1.22533e+02;100;2;1;1.00000e+00;1.00000e+00;7.60000e-01;8.90563e-01;1.00000e+00;1.00000e+00;Pipeline { map_aggregate(attribute=NOx(GT), function=min, window=3) | map_aggregate(attribute=PT08.S5(O3), function=avg, window=10) };8.87100e-01;1.00000e+00;1.00000e+00;Pipeline { map_aggregate(attribute=AH, function=avg, window=10) | map_aggregate(attribute=NOx(GT), function=min, window=3) };8.87100e-01;1.00000e+00;1.00000e+00;Pipeline { map_aggregate(attribute=AH, function=avg, window=10) | map_aggregate(attribute=NOx(GT), function=min, window=3) };8.88916e-01;1.00000e+00;1.00000e+00;Pipeline { map_aggregate(attribute=PT08.S4(NO2), function=avg, window=10) | map_aggregate(attribute=NOx(GT), function=min, window=3) };8.87798e-01;1.00000e+00;1.00000e+00;Pipeline { map_aggregate(attribute=PT08.S5(O3), function=avg, window=5) | map_aggregate(attribute=NOx(GT), function=min, window=3) };8.87798e-01;1.00000e+00;1.00000e+00;Pipeline { map_aggregate(attribute=PT08.S5(O3), function=avg, window=5) | map_aggregate(attribute=NOx(GT), function=min, window=3) }
datasets/airQuality_parallel.csv;nsga2;5;27;2700;2700;1.26682e+02;100;2;1;1.00000e+00;1.00000e+00;7.40000e-01;8.90563e-01;1.00000e+00;1.00000e+00;Pipeline { map_aggregate(attribute=NOx(GT), function=min, window=3) | map_aggregate(attribute=PT08.S5(O3), function=avg, window=10) };8.87316e-01;1.00000e+00;1.00000e+00;Pipeline { map_aggregate(attribute=NOx(GT), function=min, window=4) | map_aggregate(attribute=PT08.S5(O3), function=avg, window=6) };8.87316e-01;1.00000e+00;1.00000e+00;Pipeline { map_aggregate(attribute=NOx(GT), function=min, window=4) | map_aggregate(attribute=PT08.S5(O3), function=avg, window=6) };8.88916e-01;1.00000e+00;1.00000e+00;Pipeline { map_aggregate(attribute=NOx(GT), function=min, window=3) | map_aggregate(attribute=PT08.S5(O3), function=avg, window=8) };8.87832e-01;1.00000e+00;1.00000e+00;Pipeline { map_aggregate(attribute=PT08.S4(NO2), function=avg, window=5) | map_aggregate(attribute=NOx(GT), function=min, window=3) };8.87832e-01;1.00000e+00;1.00000e+00;Pipeline { map_aggregate(attribute=PT08.S4(NO2), function=avg, window=5) | map_aggregate(attribute=NOx(GT), function=min, window=3) }
datasets/airQuality_parallel.csv;nsga2;5;28;2800;2800;1.31315e+02;100;2;2;1.00000e+00;1.00000e+00;7.20000e-01;8.90563e-01;1.00000e+00;1.00000e+00;Pipeline { map_aggregate(attribute=NOx(GT), function=min, window=3) | map_aggregate(attribute=PT08.S5(O3), function=avg, window=10) };8.87368e-01;1.00000e+00;1.00000e+00;Pipeline { map_aggregate(attribute=PT08.S5(O3), function=avg, window=6) | map_aggregate(attribute=NOx(GT), function=min, window=3) };8.87368e-01;1.00000e+00;1.00000e+00;Pipeline { map_aggregate(attribute=PT08.S5(O3), function=avg, window=6) | map_aggregate(attribute=NOx(GT), function=min, window=3) };8.88916e-01;1.00000e+00;1.00000e+00;Pipeline { map_aggregate(attribute=NOx(GT), function=min, window=3) | map_aggregate(attribute=PT08.S5(O3), function=avg, window=8) };8.88008e-01;1.00000e+00;1.00000e+00;Pipeline { map_aggregate(attribute=NOx(GT), function=min, window=3) | map_aggregate(attribute=PT08.S2(NMHC), function=avg, window=5) };8.88008e-01;1.00000e+00;1.00000e+00;Pipeline { map_aggregate(attribute=NOx(GT), function=min, window=3) | map_aggregate(attribute=PT08.S2(NMHC), function=avg, window=5) }
datasets/airQuality_parallel.csv;nsga2;5;29;2900;2900;1.35978e+02;100;2;1;1.00000e+00;1.00000e+00;7.00000e-01;8.90563e-01;1.00000e+00;1.00000e+00;Pipeline { map_aggregate(attribute=NOx(GT), function=min, window=3) | map_aggregate(attribute=PT08.S5(O3), function=avg, window=10) };8.87405e-01;1.00000e+00;1.00000e+00;Pipeline { map_aggregate(attribute=NOx(GT), function=min, window=4) | map_aggregate(attribute=PT08.S3(NOx), function=avg, window=4) };8.87405e-01;1.00000e+00;1.00000e+00;Pipeline { map_aggregate(attribute=NOx(GT), function=min, window=4) | map_aggregate(attribute=PT08.S3(NOx), function=avg, window=4) };8.89045e-01;4.50355e-01;9.23203e-01;Pipeline { map_aggregate(attribute=NOx(GT), function=min, window=10) | map_aggregate(attribute=NO2(GT), function=avg, window=10) };8.88013e-01;1.00000e+00;1.00000e+00;Pipeline { map_aggregate(attribute=RH, function=avg, window=5) | map_aggregate(attribute=NOx(GT), function=min, window=3) };8.88013e-01;1.00000e+00;1.00000e+00;Pipeline { map_aggregate(attribute=RH, function=avg, window=5) | map_aggregate(attribute=NOx(GT), function=min, window=3) }
datasets/airQuality_parallel.csv;nsga2;5;30;3000;3000;1.40417e+02;100;2;1;1.00000e+00;1.00000e+00;6.80000e-01;8.90563e-01;1.00000e+00;1.00000e+00;Pipeline { map_aggregate(attribute=NOx(GT), function=min, window=3) | map_aggregate(attribute=PT08.S5(O3), function=avg, window=10) };8.87568e-01;1.00000e+00;1.00000e+00;Pipeline { map_aggregate(attribute=NOx(GT), function=min, window=3) | map_aggregate(attribute=RH, function=avg, window=4) };8.87568e-01;1.00000e+00;1.00000e+00;Pipeline { map_aggregate(attribute=NOx(GT), function=min, window=3) | map_aggregate(attribute=RH, function=avg, window=4) };8.89073e-01;4.50355e-01;9.23203e-01;Pipeline { map_aggregate(attribute=NO2(GT), function=avg, window=10) | map_aggregate(attribute=NOx(GT), function=min, window=8) };8.88250e-01;1.00000e+00;1.00000e+00;Pipeline { map_aggregate(attribute=NOx(GT), function=min, window=4) | map_aggregate(attribute=C6H6(GT), function=avg, window=7) };8.88250e-01;1.00000e+00;1.00000e+00;Pipeline { map_aggregate(attribute=NOx(GT), function=min, window=4) | map_aggregate(attribute=C6H6(GT), function=avg, window=7) }
datasets/airQuality_parallel.csv;nsga2;5;31;3100;3100;1.45522e+02;100;2;1;1.00000e+00;1.00000e+00;6.70000e-01;8.90563e-01;1.00000e+00;1.00000e+00;Pipeline { map_aggregate(attribute=NOx(GT), function=min, window=3) | map_aggregate(attribute=PT08.S5(O3), function=avg, window=10) };8.87669e-01;1.00000e+00;1.00000e+00;Pipeline { map_aggregate(attribute=NOx(GT), function=min, window=4) | map_aggregate(attribute=PT08.S3(NOx), function=avg, window=5) };8.87669e-01;1.00000e+00;1.00000e+00;Pipeline { map_aggregate(attribute=NOx(GT), function=min, window=4) | map_aggregate(attribute=PT08.S3(NOx), function=avg, window=5) };8.89073e-01;4.50355e-01;9.23203e-01;Pipeline { map_aggregate(attribute=NO2(GT), function=avg, window=10) | map_aggregate(attribute=NOx(GT), function=min, window=8) };8.88334e-01;1.00000e+00;1.00000e+00;Pipeline { map_aggregate(attribute=C6H6(GT), function=avg, window=5) | map_aggregate(attribute=NOx(GT), function=min, window=3) };8.88334e-01;1.00000e+00;1.00000e+00;Pipeline { map_aggregate(attribute=C6H6(GT), function=avg, window=5) | map_aggregate(attribute=NOx(GT), function=min, window=3) }
datasets/airQuality_parallel.csv;nsga2;5;32;3200;3200;1.50574e+02;100;2;2;1.00000e+00;1.00000e+00;6.60000e-01;8.90563e-01;1.00000e+00;1.00000e+00;Pipeline { map_aggregate(attribute=NOx(GT), function=min, window=3) | map_aggregate(attribute=PT08.S5(O3), function=avg, window=10) };8.87755e-01;1.00000e+00;1.00000e+00;Pipeline { map_aggregate(attribute=NOx(GT), function=min, window=3) | map_aggregate(attribute=PT08.S3(NOx), function=avg, window=7) };8.87755e-01;1.00000e+00;1.00000e+00;Pipeline { map_aggregate(attribute=NOx(GT), function=min, window=3) | map_aggregate(attribute=PT08.S3(NOx), function=avg, window=7) };8.89074e-01;1.00000e+00;1.00000e+00;Pipeline { map_aggregate(attribute=NOx(GT), function=min, window=3) | map_aggregate(attribute=C6H6(GT), function=avg, window=3) };8.88511e-01;1.00000e+00;1.00000e+00;Pipeline { map_aggregate(attribute=NOx(GT), function=min, window=5) | map_aggregate(attribute=C6H6(GT), function=avg, window=8) };8.88511e-01;1.00000e+00;1.00000e+00;Pipeline { map_aggregate(attribute=NOx(GT), function=min, window=5) | map_aggregate(attribute=C6H6(GT), function=avg, window=8) }
datasets/airQuality_parallel.csv;nsga2;5;33;3300;3300;1.54774e+02;100;2;2;1.00000e+00;1.00000e+00;6.00000e-01;8.90563e-01;1.00000e+00;1.00000e+00;Pipeline { map_aggregate(attribute=NOx(GT), function=min, window=3) | map_aggregate(attribute=PT08.S5(O3), function=avg, window=10) };8.87824e-01;1.00000e+00;1.00000e+00;Pipeline { map_aggregate(attribute=NOx(GT), function=min, window=4) | map_aggregate(attribute=C6H6(GT), function=avg, window=6) };8.87824e-01;1.00000e+00;1.00000e+00;Pipeline { map_aggregate(attribute=NOx(GT), function=min, window=4) | map_aggregate(attribute=C6H6(GT), function=avg, window=6) };8.89074e-01;1.00000e+00;1.00000e+00;Pipeline { map_aggregate(attribute=NOx(GT), function=min, window=3) | map_aggregate(attribute=C6H6(GT), function=avg, window=3) };8.88887e-01;1.00000e+00;1.00000e+00;Pipeline { map_aggregate(attribute=NOx(GT), function=min, window=3) | map_aggregate(attribute=C6H6(GT), function=avg, window=10) };8.88887e-01;1.00000e+00;1.00000e+00;Pipeline { map_aggregate(attribute=NOx(GT), function=min, window=3) | map_aggregate(attribute=C6H6(GT), function=avg, window=10) }
datasets/airQuality_parallel.csv;nsga2;5;34;3400;3400;1.59747e+02;100;2;4;1.00000e+00;1.00000e+00;5.90000e-01;8.90563e-01;1.00000e+00;1.00000e+00;Pipeline { map_aggregate(attribute=NOx(GT), function=min, window=3) | map_aggregate(attribute=PT08.S5(O3), function=avg, window=10) };8.87832e-01;1.00000e+00;1.00000e+00;Pipeline { map_aggregate(attribute=PT08.S4(NO2), function=avg, window=5) | map_aggregate(attribute=NOx(GT), function=min, window=3) };8.87832e-01;1.00000e+00;1.00000e+00;Pipeline { map_aggregate(attribute=PT08.S4(NO2), function=avg, window=5) | map_aggregate(attribute=NOx(GT), function=min, window=3) };8.89074e-01;1.00000e+00;1.00000e+00;Pipeline { map_aggregate(attribute=NOx(GT), function=min, window=3) | map_aggregate(attribute=C6H6(GT), function=avg, window=3) };8.88887e-01;1.00000e+00;1.00000e+00;Pipeline { map_aggregate(attribute=NOx(GT), function=min, window=3) | map_aggregate(attribute=C6H6(GT), function=avg, window=10) };8.88887e-01;1.00000e+00;1.00000e+00;Pipeline { map_aggregate(attribute=NOx(GT), function=min, window=3) | map_aggregate(attribute=C6H6(GT), function=avg, window=10) }
datasets/airQuality_parallel.csv;nsga2;5;35;3500;3500;1.64108e+02;100;2;1;1.00000e+00;1.00000e+00;5.70000e-01;8.90563e-01;1.00000e+00;1.00000e+00;Pipeline { map_aggregate(attribute=NOx(GT), function=min, window=3) | map_aggregate(attribute=PT08.S5(O3), function=avg, window=10) };8.87932e-01;1.00000e+00;1.00000e+00;Pipeline { map_aggregate(attribute=NOx(GT), function=min, window=4) | map_aggregate(attribute=PT08.S5(O3), function=avg, window=3) };8.87932e-01;1.00000e+00;1.00000e+00;Pipeline { map_aggregate(attribute=NOx(GT), function=min, window=4) | map_aggregate(attribute=PT08.S5(O3), function=avg, window=3) };8.89074e-01;1.00000e+00;1.00000e+00;Pipeline { map_aggregate(attribute=NOx(GT), function=min, window=3) | map_aggregate(attribute=C6H6(GT), function=avg, window=3) };8.88887e-01;1.00000e+00;1.00000e+00;Pipeline { map_aggregate(attribute=NOx(GT), function=min, window=3) | map_aggregate(attribute=C6H6(GT), function=avg, window=10) };8.88887e-01;1.00000e+00;1.00000e+00;Pipeline { map_aggregate(attribute=NOx(GT), function=min, window=3) | map_aggregate(attribute=C6H6(GT), function=avg, window=10) }
datasets/airQuality_parallel.csv;nsga2;5;36;3600;3600;1.68293e+02;100;2;2;1.00000e+00;1.00000e+00;5.60000e-01;8.90563e-01;1.00000e+00;1.00000e+00;Pipeline { map_aggregate(attribute=NOx(GT), function=min, window=3) | map_aggregate(attribute=PT08.S5(O3), function=avg, window=10) };8.87969e-01;1.00000e+00;1.00000e+00;Pipeline { map_aggregate(attribute=PT08.S4(NO2), function=avg, window=4) | map_aggregate(attribute=NOx(GT), function=min, window=3) };8.87969e-01;1.00000e+00;1.00000e+00;Pipeline { map_aggregate(attribute=PT08.S4(NO2), function=avg, window=4) | map_aggregate(attribute=NOx(GT), function=min, window=3) };8.89074e-01;1.00000e+00;1.00000e+00;Pipeline { map_aggregate(attribute=C6H6(GT), function=avg, window=3) | map_aggregate(attribute=NOx(GT), function=min, window=3) };8.88887e-01;1.00000e+00;1.00000e+00;Pipeline { map_aggregate(attribute=C6H6(GT), function=avg, window=10) | map_aggregate(attribute=NOx(GT), function=min, window=3) };8.88887e-01;1.00000e+00;1.00000e+00;Pipeline { map_aggregate(attribute=C6H6(GT), function=avg, window=10) | map_aggregate(attribute=NOx(GT), function=min, window=3) }
datasets/airQuality_parallel.csv;nsga2;5;37;3700;3700;1.72654e+02;100;2;2;1.00000e+00;1.00000e+00;5.70000e-01;8.90563e-01;1.00000e+00;1.00000e+00;Pipeline { map_aggregate(attribute=NOx(GT), function=min, window=3) | map_aggregate(attribute=PT08.S5(O3), function=avg, window=10) };8.87932e-01;1.00000e+00;1.00000e+00;Pipeline { map_aggregate(attribute=NOx(GT), function=min, window=4) | map_aggregate(attribute=PT08.S5(O3), function=avg, window=3) };8.87932e-01;1.00000e+00;1.00000e+00;Pipeline { map_aggregate(attribute=NOx(GT), function=min, window=4) | map_aggregate(attribute=PT08.S5(O3), function=avg, window=3) };8.89074e-01;1.00000e+00;1.00000e+00;Pipeline { map_aggregate(attribute=NOx(GT), function=min, window=4) | map_aggregate(attribute=C6H6(GT), function=avg, window=3) };8.88887e-01;1.00000e+00;1.00000e+00;Pipeline { map_aggregate(attribute=NOx(GT), function=min, window=3) | map_aggregate(attribute=C6H6(GT), function=avg, window=10) };8.88887e-01;1.00000e+00;1.00000e+00;Pipeline { map_aggregate(attribute=NOx(GT), function=min, window=3) | map_aggregate(attribute=C6H6(GT), function=avg, window=10) }
datasets/airQuality_parallel.csv;nsga2;5;38;3800;3800;1.77118e+02;100;2;3;1.00000e+00;1.00000e+00;5.50000e-01;8.90563e-01;1.00000e+00;1.00000e+00;Pipeline { map_aggregate(attribute=NOx(GT), function=min, window=3) | map_aggregate(attribute=PT08.S5(O3), function=avg, window=10) };8.87969e-01;1.00000e+00;1.00000e+00;Pipeline { map_aggregate(attribute=PT08.S4(NO2), function=avg, window=4) | map_aggregate(attribute=NOx(GT), function=min, window=3) };8.87969e-01;1.00000e+00;1.00000e+00;Pipeline { map_aggregate(attribute=PT08.S4(NO2), function=avg, window=4) | map_aggregate(attribute=NOx(GT), function=min, window=3) };8.89074e-01;1.00000e+00;1.00000e+00;Pipeline { map_aggregate(attribute=NOx(GT), function=min, window=4) | map_aggregate(attribute=C6H6(GT), function=avg, window=3) };8.88887e-01;1.00000e+00;1.00000e+00;Pipeline { map_aggregate(attribute=C6H6(GT), function=avg, window=10) | map_aggregate(attribute=NOx(GT), function=min, window=3) };8.88887e-01;1.00000e+00;1.00000e+00;Pipeline { map_aggregate(attribute=C6H6(GT), function=avg, window=10) | map_aggregate(attribute=NOx(GT), function=min, window=3) }
datasets/airQuality_parallel.csv;nsga2;5;39;3900;3900;1.81873e+02;100;2;1;1.00000e+00;1.00000e+00;5.40000e-01;8.90563e-01;1.00000e+00;1.00000e+00;Pipeline { map_aggregate(attribute=NOx(GT), function=min, window=3) | map_aggregate(attribute=PT08.S5(O3), function=avg, window=10) };8.87969e-01;1.00000e+00;1.00000e+00;Pipeline { map_aggregate(attribute=PT08.S4(NO2), function=avg, window=4) | map_aggregate(attribute=NOx(GT), function=min, window=3) };8.87969e-01;1.00000e+00;1.00000e+00;Pipeline { map_aggregate(attribute=PT08.S4(NO2), function=avg, window=4) | map_aggregate(attribute=NOx(GT), function=min, window=3) };8.89134e-01;1.00000e+00;1.00000e+00;Pipeline { map_aggregate(attribute=NOx(GT), function=min, window=4) | map_aggregate(attribute=C6H6(GT), function=avg, window=5) };8.88887e-01;1.00000e+00;1.00000e+00;Pipeline { map_aggregate(attribute=C6H6(GT), function=avg, window=10) | map_aggregate(attribute=NOx(GT), function=min, window=3) };8.88887e-01;1.00000e+00;1.00000e+00;Pipeline { map_aggregate(attribute=C6H6(GT), function=avg, window=10) | map_aggregate(attribute=NOx(GT), function=min, window=3) }
datasets/airQuality_parallel.csv;nsga2;5;40;4000;4000;1.86708e+02;100;2;1;1.00000e+00;1.00000e+00;5.30000e-01;8.90563e-01;1.00000e+00;1.00000e+00;Pipeline { map_aggregate(attribute=NOx(GT), function=min, window=3) | map_aggregate(attribute=PT08.S5(O3), function=avg, window=10) };8.88082e-01;1.00000e+00;1.00000e+00;Pipeline { map_aggregate(attribute=NOx(GT), function=min, window=5) | map_aggregate(attribute=C6H6(GT), function=avg, window=3) };8.88082e-01;1.00000e+00;1.00000e+00;Pipeline { map_aggregate(attribute=NOx(GT), function=min, window=5) | map_aggregate(attribute=C6H6(GT), function=avg, window=3) };8.89148e-01;4.50355e-01;9.23203e-01;Pipeline { map_aggregate(attribute=NO2(GT), function=avg, window=10) | map_aggregate(attribute=NOx(GT), function=min, window=3) };8.88887e-01;1.00000e+00;1.00000e+00;Pipeline { map_aggregate(attribute=NOx(GT), function=min, window=4) | map_aggregate(attribute=C6H6(GT), function=avg, window=8) };8.88887e-01;1.00000e+00;1.00000e+00;Pipeline { map_aggregate(attribute=NOx(GT), function=min, window=4) | map_aggregate(attribute=C6H6(GT), function=avg, window=8) }
datasets/airQuality_parallel.csv;nsga2;5;41;4100;4100;1.90764e+02;100;2;3;1.00000e+00;1.00000e+00;5.20000e-01;8.90563e-01;1.00000e+00;1.00000e+00;Pipeline { map_aggregate(attribute=NOx(GT), function=min, window=3) | map_aggregate(attribute=PT08.S5(O3), function=avg, window=10) };8.88123e-01;1.00000e+00;1.00000e+00;Pipeline { map_aggregate(attribute=NOx(GT), function=min, window=3) | map_aggregate(attribute=PT08.S4(NO2), function=avg, window=3) };8.88123e-01;1.00000e+00;1.00000e+00;Pipeline { map_aggregate(attribute=NOx(GT), function=min, window=3) | map_aggregate(attribute=PT08.S4(NO2), function=avg, window=3) };8.89148e-01;4.50355e-01;9.23203e-01;Pipeline { map_aggregate(attribute=NO2(GT), function=avg, window=10) | map_aggregate(attribute=NOx(GT), function=min, window=3) };8.88887e-01;1.00000e+00;1.00000e+00;Pipeline { map_aggregate(attribute=NOx(GT), function=min, window=4) | map_aggregate(attribute=C6H6(GT), function=avg, window=8) };8.88887e-01;1.00000e+00;1.00000e+00;Pipeline { map_aggregate(attribute=NOx(GT), function=min, window=4) | map_aggregate(attribute=C6H6(GT), function=avg, window=8) }
datasets/airQuality_parallel.csv;nsga2;5;42;4200;4200;1.94840e+02;100;2;2;1.00000e+00;1.00000e+00;5.20000e-01;8.90563e-01;1.00000e+00;1.00000e+00;Pipeline { map_aggregate(attribute=NOx(GT), function=min, window=3) | map_aggregate(attribute=PT08.S5(O3), function=avg, window=10) };8.88123e-01;1.00000e+00;1.00000e+00;Pipeline { map_aggregate(attribute=NOx(GT), function=min, window=3) | map_aggregate(attribute=PT08.S4(NO2), function=avg, window=3) };8.88123e-01;1.00000e+00;1.00000e+00;Pipeline { map_aggregate(attribute=NOx(GT), function=min, window=3) | map_aggregate(attribute=PT08.S4(NO2), function=avg, window=3) };8.89148e-01;4.50355e-01;9.23203e-01;Pipeline { map_aggregate(attribute=NOx(GT), function=min, window=5) | map_aggregate(attribute=NO2(GT), function=avg, window=10) };8.88887e-01;1.00000e+00;1.00000e+00;Pipeline { map_aggregate(attribute=NOx(GT), function=min, window=4) | map_aggregate(attribute=C6H6(GT), function=avg, window=8) };8.88887e-01;1.00000e+00;1.00000e+00;Pipeline { map_aggregate(attribute=NOx(GT), function=min, window=4) | map_aggregate(attribute=C6H6(GT), function=avg, window=8) }
datasets/airQuality_parallel.csv;nsga2;5;43;4300;4300;1.99337e+02;100;2;2;1.00000e+00;1.00000e+00;5.20000e-01;8.90563e-01;1.00000e+00;1.00000e+00;Pipeline { map_aggregate(attribute=NOx(GT), function=min, window=3) | map_aggregate(attribute=PT08.S5(O3), function=avg, window=10) };8.88123e-01;1.00000e+00;1.00000e+00;Pipeline { map_aggregate(attribute=NOx(GT), function=min, window=3) | map_aggregate(attribute=PT08.S4(NO2), function=avg, window=3) };8.88123e-01;1.00000e+00;1.00000e+00;Pipeline { map_aggregate(attribute=NOx(GT), function=min, window=3) | map_aggregate(attribute=PT08.S4(NO2), function=avg, window=3) };8.89148e-01;4.50355e-01;9.23203e-01;Pipeline { map_aggregate(attribute=NOx(GT), function=min, window=3) | map_aggregate(attribute=NO2(GT), function=avg, window=10) };8.88887e-01;1.00000e+00;1.00000e+00;Pipeline { map_aggregate(attribute=NOx(GT), function=min, window=4) | map_aggregate(attribute=C6H6(GT), function=avg, window=8) };8.88887e-01;1.00000e+00;1.00000e+00;Pipeline { map_aggregate(attribute=NOx(GT), function=min, window=4) | map_aggregate(attribute=C6H6(GT), function=avg, window=8) }
datasets/airQuality_parallel.csv;nsga2;5;44;4400;4400;2.03586e+02;100;2;1;1.00000e+00;1.00000e+00;5.10000e-01;8.90563e-01;1.00000e+00;1.00000e+00;Pipeline { map_aggregate(attribute=NOx(GT), function=min, window=3) | map_aggregate(attribute=PT08.S5(O3), function=avg, window=10) };8.88123e-01;1.00000e+00;1.00000e+00;Pipeline { map_aggregate(attribute=NOx(GT), function=min, window=3) | map_aggregate(attribute=PT08.S4(NO2), function=avg, window=3) };8.88123e-01;1.00000e+00;1.00000e+00;Pipeline { map_aggregate(attribute=NOx(GT), function=min, window=3) | map_aggregate(attribute=PT08.S4(NO2), function=avg, window=3) };8.89148e-01;4.50355e-01;9.23203e-01;Pipeline { map_aggregate(attribute=NO2(GT), function=avg, window=10) | map_aggregate(attribute=NOx(GT), function=min, window=5) };8.88887e-01;1.00000e+00;1.00000e+00;Pipeline { map_aggregate(attribute=C6H6(GT), function=avg, window=10) | map_aggregate(attribute=NOx(GT), function=min, window=3) };8.88887e-01;1.00000e+00;1.00000e+00;Pipeline { map_aggregate(attribute=C6H6(GT), function=avg, window=10) | map_aggregate(attribute=NOx(GT), function=min, window=3) }
datasets/airQuality_parallel.csv;nsga2;5;45;4500;4500;2.08119e+02;100;2;3;1.00000e+00;1.00000e+00;5.00000e-01;8.90563e-01;1.00000e+00;1.00000e+00;Pipeline { map_aggregate(attribute=NOx(GT), function=min, window=3) | map_aggregate(attribute=PT08.S5(O3), function=avg, window=10) };8.88128e-01;1.00000e+00;1.00000e+00;Pipeline { map_aggregate(attribute=PT08.S5(O3), function=avg, window=4) | map_aggregate(attribute=NOx(GT), function=min, window=3) };8.88128e-01;1.00000e+00;1.00000e+00;Pipeline { map_aggregate(attribute=PT08.S5(O3), function=avg, window=4) | map_aggregate(attribute=NOx(GT), function=min, window=3) };8.89148e-01;4.50355e-01;9.23203e-01;Pipeline { map_aggregate(attribute=NOx(GT), function=min, window=4) | map_aggregate(attribute=NO2(GT), function=avg, window=10) };8.88887e-01;1.00000e+00;1.00000e+00;Pipeline { map_aggregate(attribute=NOx(GT), function=min, window=4) | map_aggregate(attribute=C6H6(GT), function=avg, window=8) };8.88887e-01;1.00000e+00;1.00000e+00;Pipeline { map_aggregate(attribute=NOx(GT), function=min, window=4) | map_aggregate(attribute=C6H6(GT), function=avg, window=8) }
datasets/airQuality_parallel.csv;nsga2;5;46;4600;4600;2.12350e+02;100;2;2;1.00000e+00;1.00000e+00;4.90000e-01;8.90563e-01;1.00000e+00;1.00000e+00;Pipeline { map_aggregate(attribute=NOx(GT), function=min, window=3) | map_aggregate(attribute=PT08.S5(O3), function=avg, window=10) };8.88128e-01;1.00000e+00;1.00000e+00;Pipeline { map_aggregate(attribute=PT08.S5(O3), function=avg, window=4) | map_aggregate(attribute=NOx(GT), function=min, window=3) };8.88128e-01;1.00000e+00;1.00000e+00;Pipeline { map_aggregate(attribute=PT08.S5(O3), function=avg, window=4) | map_aggregate(attribute=NOx(GT), function=min, window=3) };8.89148e-01;4.50355e-01;9.23203e-01;Pipeline { map_aggregate(attribute=NOx(GT), function=min, window=4) | map_aggregate(attribute=NO2(GT), function=avg, window=10) };8.88887e-01;1.00000e+00;1.00000e+00;Pipeline { map_aggregate(attribute=NOx(GT), function=min, window=4) | map_aggregate(attribute=C6H6(GT), function=avg, window=8) };8.88887e-01;1.00000e+00;1.00000e+00;Pipeline { map_aggregate(attribute=NOx(GT), function=min, window=4) | map_aggregate(attribute=C6H6(GT), function=avg, window=8) }
datasets/airQuality_parallel.csv;nsga2;5;47;4700;4700;2.17114e+02;100;2;2;1.00000e+00;1.00000e+00;4.70000e-01;8.90563e-01;1.00000e+00;1.00000e+00;Pipeline { map_aggregate(attribute=NOx(GT), function=min, window=3) | map_aggregate(attribute=PT08.S5(O3), function=avg, window=10) };8.88233e-01;1.00000e+00;1.00000e+00;Pipeline { map_aggregate(attribute=NOx(GT), function=min, window=4) | map_aggregate(attribute=PT08.S2(NMHC), function=avg, window=4) };8.88233e-01;1.00000e+00;1.00000e+00;Pipeline { map_aggregate(attribute=NOx(GT), function=min, window=4) | map_aggregate(attribute=PT08.S2(NMHC), function=avg, window=4) };8.89148e-01;4.50355e-01;9.23203e-01;Pipeline { map_aggregate(attribute=NO2(GT), function=avg, window=10) | map_aggregate(attribute=NOx(GT), function=min, window=3) };8.88915e-01;1.00000e+00;1.00000e+00;Pipeline { map_aggregate(attribute=NOx(GT), function=min, window=5) | map_aggregate(attribute=C6H6(GT), function=avg, window=5) };8.88915e-01;1.00000e+00;1.00000e+00;Pipeline { map_aggregate(attribute=NOx(GT), function=min, window=5) | map_aggregate(attribute=C6H6(GT), function=avg, window=5) }
datasets/airQuality_parallel.csv;nsga2;5;48;4800;4800;2.21784e+02;100;2;2;1.00000e+00;1.00000e+00;4.70000e-01;8.90563e-01;1.00000e+00;1.00000e+00;Pipeline { map_aggregate(attribute=NOx(GT), function=min, window=3) | map_aggregate(attribute=PT08.S5(O3), function=avg, window=10) };8.88233e-01;1.00000e+00;1.00000e+00;Pipeline { map_aggregate(attribute=NOx(GT), function=min, window=4) | map_aggregate(attribute=PT08.S2(NMHC), function=avg, window=4) };8.88233e-01;1.00000e+00;1.00000e+00;Pipeline { map_aggregate(attribute=NOx(GT), function=min, window=4) | map_aggregate(attribute=PT08.S2(NMHC), function=avg, window=4) };8.89148e-01;4.50355e-01;9.23203e-01;Pipeline { map_aggregate(attribute=NOx(GT), function=min, window=5) | map_aggregate(attribute=NO2(GT), function=avg, window=10) };8.88915e-01;1.00000e+00;1.00000e+00;Pipeline { map_aggregate(attribute=NOx(GT), function=min, window=5) | map_aggregate(attribute=C6H6(GT), function=avg, window=5) };8.88915e-01;1.00000e+00;1.00000e+00;Pipeline { map_aggregate(attribute=NOx(GT), function=min, window=5) | map_aggregate(attribute=C6H6(GT), function=avg, window=5) }
datasets/airQuality_parallel.csv;nsga2;5;49;4900;4900;2.26642e+02;100;2;5;1.00000e+00;1.00000e+00;4.60000e-01;8.90563e-01;1.00000e+00;1.00000e+00;Pipeline { map_aggregate(attribute=NOx(GT), function=min, window=3) | map_aggregate(attribute=PT08.S5(O3), function=avg, window=10) };8.88250e-01;1.00000e+00;1.00000e+00;Pipeline { map_aggregate(attribute=NOx(GT), function=min, window=4) | map_aggregate(attribute=C6H6(GT), function=avg, window=7) };8.88250e-01;1.00000e+00;1.00000e+00;Pipeline { map_aggregate(attribute=NOx(GT), function=min, window=4) | map_aggregate(attribute=C6H6(GT), function=avg, window=7) };8.89148e-01;4.50355e-01;9.23203e-01;Pipeline { map_aggregate(attribute=NO2(GT), function=avg, window=10) | map_aggregate(attribute=NOx(GT), function=min, window=3) };8.88916e-01;1.00000e+00;1.00000e+00;Pipeline { map_aggregate(attribute=NOx(GT), function=min, window=4) | map_aggregate(attribute=PT08.S5(O3), function=avg, window=10) };8.88916e-01;1.00000e+00;1.00000e+00;Pipeline { map_aggregate(attribute=NOx(GT), function=min, window=4) | map_aggregate(attribute=PT08.S5(O3), function=avg, window=10) }
datasets/airQuality_parallel.csv;nsga2;5;50;5000;5000;2.31166e+02;100;2;5;1.00000e+00;1.00000e+00;4.60000e-01;8.90563e-01;1.00000e+00;1.00000e+00;Pipeline { map_aggregate(attribute=NOx(GT), function=min, window=3) | map_aggregate(attribute=PT08.S5(O3), function=avg, window=10) };8.88250e-01;1.00000e+00;1.00000e+00;Pipeline { map_aggregate(attribute=NOx(GT), function=min, window=4) | map_aggregate(attribute=C6H6(GT), function=avg, window=7) };8.88250e-01;1.00000e+00;1.00000e+00;Pipeline { map_aggregate(attribute=NOx(GT), function=min, window=4) | map_aggregate(attribute=C6H6(GT), function=avg, window=7) };8.89148e-01;4.50355e-01;9.23203e-01;Pipeline { map_aggregate(attribute=NOx(GT), function=min, window=5) | map_aggregate(attribute=NO2(GT), function=avg, window=10) };8.88916e-01;1.00000e+00;1.00000e+00;Pipeline { map_aggregate(attribute=NOx(GT), function=min, window=3) | map_aggregate(attribute=PT08.S5(O3), function=avg, window=8) };8.88916e-01;1.00000e+00;1.00000e+00;Pipeline { map_aggregate(attribute=NOx(GT), function=min, window=3) | map_aggregate(attribute=PT08.S5(O3), function=avg, window=8) }
